direction,file,content_cosine,lpips
A2B,000c1e3bff.jpg,0.6284006880167358,0.4527282
A2B,011835cfbf.jpg,0.8558586168360397,0.34715992
A2B,0260d15306.jpg,0.7507755049109367,0.44021192
A2B,049e293b93.jpg,0.6434280671225575,0.5122957
A2B,05144e306f.jpg,0.7329811330648416,0.5231404
A2B,052a77c020.jpg,0.8536092029759164,0.32422456
A2B,058f878b7c.jpg,0.7800799563732866,0.46238297
A2B,05b493ff42.jpg,0.8989067659933706,0.38582188
A2B,064487d630.jpg,0.7463138717856365,0.3017151
A2B,066fe4cbaa.jpg,0.8551157046507021,0.28802317
A2B,07fcaee35f.jpg,0.6468500839387239,0.4648444
A2B,09b76b6471.jpg,0.7722130730339551,0.42698538
A2B,0a5075d42a.jpg,0.7572663034772412,0.31829464
A2B,0bd913dbc7.jpg,0.752330261198094,0.38629562
A2B,0e3b3292da.jpg,0.7222521287021744,0.43452895
A2B,106757e5d8.jpg,0.7057653555390099,0.34410563
A2B,1078363ff0.jpg,0.786640833188932,0.34608966
A2B,10c555c1b1.jpg,0.9465338307871954,0.25947285
A2B,118da0690c.jpg,0.7629475775990688,0.40050864
A2B,11ab570c5e.jpg,0.766434530409033,0.44944817
A2B,11be65b3e9.jpg,0.7850751568570294,0.3050101
A2B,133b42e498.jpg,0.7071284945968032,0.3257599
A2B,14162de938.jpg,0.8485977616333785,0.40003532
A2B,14ff6e6a99.jpg,0.7361363355820677,0.30152184
A2B,158740962c.jpg,0.7247255903907093,0.49195608
A2B,16dabe418c.jpg,0.6624804615330417,0.4557236
A2B,17557a29cb.jpg,0.8609859812528362,0.35228842
A2B,1814cc6632.jpg,0.7966759631524039,0.45167133
A2B,184d6c66cd.jpg,0.740092106661014,0.34118116
A2B,1994b8d4a2.jpg,0.6574176485615584,0.42876002
A2B,19dc36ccb2.jpg,0.7323801910006171,0.31202298
A2B,1a127acf4d.jpg,0.9040764846160269,0.26067337
A2B,1e4e4e63c5.jpg,0.7170796757994186,0.49411952
A2B,1f22663e72.jpg,0.6354283365100776,0.4340924
A2B,1f9667f2a7.jpg,0.6397585285911264,0.60345244
A2B,22b1ac6b44.jpg,0.8882155168084142,0.28654936
A2B,23832dead5.jpg,0.7947431129682936,0.35507444
A2B,23b07c3769.jpg,0.8453425582418342,0.42575943
A2B,23d6aeb485.jpg,0.62756143918923,0.6095732
A2B,23f0fbd77e.jpg,0.8369545069928179,0.23402202
A2B,24af733334.jpg,0.7759139292461533,0.38493916
A2B,252d9a4abc.jpg,0.7722517875451131,0.3803634
A2B,2581464ddc.jpg,0.827097249059232,0.2575905
A2B,25c9904782.jpg,0.7376646928219842,0.3423232
A2B,26b66eb819.jpg,0.6650281376105447,0.4071205
A2B,2759c1ed37.jpg,0.6550888620831966,0.4776357
A2B,281b73fb5e.jpg,0.6538738961824868,0.33291578
A2B,28deb43a71.jpg,0.8430167683620158,0.25339094
A2B,295eb5c521.jpg,0.7310160216902655,0.47975296
A2B,29696b4455.jpg,0.6084966261415827,0.4263206
A2B,2acfbab228.jpg,0.7928512090060055,0.34875858
A2B,2c00f5147f.jpg,0.7632177060534688,0.4345779
A2B,2cca56415e.jpg,0.7480122308395292,0.546942
A2B,2e0d0e6e19.jpg,0.7093824365396629,0.55381405
A2B,2f20944b6a.jpg,0.7496743734891724,0.33348277
A2B,2f90c99e10.jpg,0.7259016828208747,0.43675768
A2B,3283442e33.jpg,0.7164176017582979,0.41652754
A2B,32cc820303.jpg,0.8186978918923062,0.3103416
A2B,32e33792cc.jpg,0.8361296339968893,0.3086151
A2B,3417ace946.jpg,0.7314746368404771,0.50487596
A2B,344d1829bb.jpg,0.7864072626902768,0.40060604
A2B,3545597386.jpg,0.8669506159385656,0.2913279
A2B,369f6d07e8.jpg,0.6837595839777763,0.44462883
A2B,3843e221cc.jpg,0.7495461684814266,0.40998617
A2B,3b262c6726.jpg,0.7741720204114247,0.34382954
A2B,3c341ff93e.jpg,0.7240145039542955,0.4252665
A2B,3d13fe022e.jpg,0.637873878004563,0.39557996
A2B,3deea9f4a4.jpg,0.6369803919251018,0.4935261
A2B,3eaef3ee43.jpg,0.83820753179695,0.39894822
A2B,40d7d18ad3.jpg,0.8664963380929613,0.37230307
A2B,417e77e946.jpg,0.5929925810651562,0.40704858
A2B,4260d1c556.jpg,0.7060588147051139,0.37571433
A2B,429e382095.jpg,0.6290707044209977,0.37505555
A2B,463835bbc6.jpg,0.7522978026079011,0.42803943
A2B,4660310c3e.jpg,0.8074105693993728,0.38354838
A2B,47a0548067.jpg,0.555850941285313,0.62041014
A2B,488600cb75.jpg,0.7888540080025856,0.4325634
A2B,49337b68f4.jpg,0.7949672348314181,0.3258652
A2B,4995c04b1a.jpg,0.8253119033648063,0.22681445
A2B,4ab2583fe2.jpg,0.8462755079599321,0.3036826
A2B,4ad8b366c1.jpg,0.7688866699658928,0.49436778
A2B,4b0adf7c6f.jpg,0.8500360583764803,0.33950093
A2B,4bb4ca7b03.jpg,0.8459281626126174,0.32254556
A2B,4c0e35882c.jpg,0.7270281346839039,0.38056406
A2B,4c74254ad3.jpg,0.817499684593762,0.44091815
A2B,4e05523825.jpg,0.8701906143219778,0.3646871
A2B,4f045779b0.jpg,0.785458072980806,0.3883453
A2B,4f3f4ff590.jpg,0.8377037864538405,0.27970713
A2B,4f4de0bbba.jpg,0.8295032344537538,0.2527807
A2B,4f7e01f097.jpg,0.8273484537508266,0.5941974
A2B,50855dd324.jpg,0.7927002912196477,0.25648862
A2B,512cd171a9.jpg,0.7689827239015963,0.37782252
A2B,5185e8c56a.jpg,0.7643008337772065,0.34941423
A2B,51bdd25f76.jpg,0.8525075063685668,0.35312456
A2B,51db3fc011.jpg,0.8223035894593622,0.24809934
A2B,526a110636.jpg,0.7154599825025624,0.3514719
A2B,52aed0f943.jpg,0.8008636648974792,0.32472458
A2B,52d12dc627.jpg,0.7978981949137349,0.29213384
A2B,52fc351abf.jpg,0.82114157491271,0.30268833
A2B,536aa87152.jpg,0.6959465874605696,0.52182335
A2B,565f19268b.jpg,0.7880374581850602,0.37912548
A2B,586acab7c5.jpg,0.7626432184006627,0.56354177
A2B,5926f85cbf.jpg,0.6856159001220005,0.45926154
A2B,593db29cce.jpg,0.8136858636168358,0.35772774
A2B,599098859e.jpg,0.6793445261054017,0.32053736
A2B,59df696966.jpg,0.7302822333549155,0.43438983
A2B,5aa514ffac.jpg,0.7407556353119306,0.3654265
A2B,5c79cfe0b3.jpg,0.8045347755307354,0.3203127
A2B,5cb895b722.jpg,0.8476488558309724,0.36305392
A2B,5e357ad790.jpg,0.7833797428782774,0.37506485
A2B,5ffbfe68d4.jpg,0.7001668303282841,0.3238423
A2B,6043aadea0.jpg,0.8167975719170804,0.32226953
A2B,608ee0d370.jpg,0.7182618572820703,0.49396658
A2B,61e735361a.jpg,0.7062971065913385,0.45339906
A2B,632ddbc784.jpg,0.6059594291514268,0.5706403
A2B,661e374153.jpg,0.5369067463912574,0.4319295
A2B,66226e18fc.jpg,0.8280449299336552,0.3352527
A2B,66a144f547.jpg,0.8473224730713205,0.4588757
A2B,6742294320.jpg,0.7129057757888755,0.29394814
A2B,676a5a4c2e.jpg,0.8238582791403583,0.3574717
A2B,6782e7cb2a.jpg,0.7609128468881182,0.50696224
A2B,68729aac07.jpg,0.7427112969935256,0.6315012
A2B,68b60c04b7.jpg,0.7387700528729619,0.32976002
A2B,68d60af226.jpg,0.8401228437181035,0.2367579
A2B,695897bd4a.jpg,0.8131776142222088,0.35120928
A2B,69f4b75a37.jpg,0.7553817682962112,0.40717486
A2B,6a03aea8be.jpg,0.7426123210794509,0.58119917
A2B,6bbe0e63c6.jpg,0.8447182670390139,0.30022523
A2B,6bfbd1df5b.jpg,0.7457915621105042,0.32885012
A2B,6c6cc46498.jpg,0.7015354619997809,0.31354624
A2B,6d0e87f557.jpg,0.7528004868632149,0.5593111
A2B,6e0429f92e.jpg,0.6860404981406864,0.30948013
A2B,6ee7c39dbc.jpg,0.8616846282127008,0.3126266
A2B,6f0b9df5c5.jpg,0.7891084832608015,0.31626195
A2B,7017e6caa1.jpg,0.7453148380971449,0.47935712
A2B,7054793632.jpg,0.7379560334831122,0.41995713
A2B,70bc945f95.jpg,0.6919427761608626,0.59229624
A2B,718445ebe3.jpg,0.7928905441705341,0.4431603
A2B,7239ba0b55.jpg,0.6834902249374435,0.43350762
A2B,730f325b64.jpg,0.727178945164352,0.30087268
A2B,732d76a469.jpg,0.5782199342945678,0.34540558
A2B,7341d96c1d.jpg,0.7792682469804267,0.30580348
A2B,73f33a12c5.jpg,0.8427603967818282,0.27969635
A2B,74e452fb31.jpg,0.7978515022391173,0.2706157
A2B,76cc7181f8.jpg,0.8409146739505485,0.29991013
A2B,77b37629f2.jpg,0.7409938831836747,0.4518899
A2B,79224da51f.jpg,0.7665024304536803,0.27211532
A2B,79292e1434.jpg,0.8444042533527013,0.3025264
A2B,7952021d2f.jpg,0.7386462036351461,0.38227284
A2B,7960adbd50.jpg,0.7342939542317608,0.50767744
A2B,7cb36714d0.jpg,0.8403678232844759,0.36935207
A2B,7d64c3100c.jpg,0.6311832036782552,0.5651713
A2B,8044a92484.jpg,0.7565053896749769,0.23370194
A2B,8077b7e9e7.jpg,0.7271135834930061,0.3845781
A2B,8114fa2607.jpg,0.7613128630768273,0.42378247
A2B,815624563e.jpg,0.8738625006004217,0.25644767
A2B,82991e742a.jpg,0.7976364298566213,0.39809906
A2B,82b9fd68b1.jpg,0.8438304259702153,0.34582937
A2B,8314acfd35.jpg,0.7862173868138844,0.49180752
A2B,853f8d711f.jpg,0.8136913735124052,0.43643153
A2B,85580214be.jpg,0.7746639433615393,0.349172
A2B,88402296cc.jpg,0.8553924381020778,0.26791787
A2B,893db2701d.jpg,0.8984417100423051,0.32606214
A2B,89964efa86.jpg,0.7930781026798072,0.28387806
A2B,89d970411d.jpg,0.7229691735416875,0.39656755
A2B,89fcbf2f76.jpg,0.6700641214522277,0.4019036
A2B,8b54448a07.jpg,0.8394825370550217,0.3463599
A2B,8b7948248f.jpg,0.7322562985972154,0.30269805
A2B,8b841420b4.jpg,0.8643176039284993,0.21337917
A2B,8c48e112d0.jpg,0.7387812492176459,0.32197937
A2B,8c8011c291.jpg,0.8031987255852456,0.3322028
A2B,8cfd45a2e2.jpg,0.7222690528158441,0.6241435
A2B,8e5ff15568.jpg,0.7075277289581281,0.2554006
A2B,8ee2933868.jpg,0.8270504649403682,0.2346775
A2B,8f02369f42.jpg,0.8442787961476828,0.24678463
A2B,910610e827.jpg,0.7293459016757544,0.386306
A2B,910729e0ce.jpg,0.8410197145834436,0.39218584
A2B,92c0ba8c0d.jpg,0.8299577870896384,0.27318308
A2B,93132f89ee.jpg,0.5150712991614418,0.48294362
A2B,932d0dd808.jpg,0.8199470397087049,0.34454626
A2B,95a53d7b0b.jpg,0.8878872311961233,0.28616446
A2B,95b5f01a85.jpg,0.8017408245267124,0.25717837
A2B,9843bc25c5.jpg,0.9055233236494488,0.21167058
A2B,9908d1daa9.jpg,0.6921310699220613,0.31729892
A2B,990ed28f62.jpg,0.8514284547080975,0.25816798
A2B,9963d64ebf.jpg,0.651196918480972,0.39547405
A2B,99a51d3e25.jpg,0.7849212076419531,0.38418797
A2B,99d94af5dd.jpg,0.8330978420884396,0.24139786
A2B,9ae6552353.jpg,0.8316249861389208,0.36607552
A2B,9d58456cc3.jpg,0.7652173972784811,0.41802448
A2B,9d9a4fccfb.jpg,0.576415610590328,0.6695345
A2B,9db9843ed1.jpg,0.7529415012612417,0.3981259
A2B,9f409e3376.jpg,0.801413699325452,0.34104818
A2B,9fc868e864.jpg,0.7079387407374619,0.37403783
A2B,a030bc32e6.jpg,0.6586052848376326,0.37401706
A2B,a06b54dfe9.jpg,0.7407150259577576,0.38013893
A2B,a202b1b200.jpg,0.7764937294336026,0.2917223
A2B,a210ceedc7.jpg,0.8681401727715636,0.3084965
A2B,a4e4a61fb2.jpg,0.6330449229133936,0.37867883
A2B,a59f3f5b89.jpg,0.8616061946971537,0.31892234
A2B,a619072f82.jpg,0.632099378010479,0.59732896
A2B,a6291c2a1c.jpg,0.7926351081660389,0.29131722
A2B,a642e9cb6f.jpg,0.7563175548791905,0.3469826
A2B,a7977705be.jpg,0.829402551878928,0.30459076
A2B,a7d53885e8.jpg,0.7514647814092384,0.40707016
A2B,a885da7b52.jpg,0.7798486869634976,0.30230957
A2B,a8fbbe3eb1.jpg,0.8351875354072558,0.24017727
A2B,a96b79a93f.jpg,0.7526843707957183,0.42501763
A2B,aa76c7625a.jpg,0.6604412379248191,0.458694
A2B,ad0101d010.jpg,0.7993631809263135,0.41260475
A2B,ad8ce41fc0.jpg,0.8055499358029488,0.3010773
A2B,b1310da865.jpg,0.8713557741942393,0.35041553
A2B,b13c0973ee.jpg,0.7218389902634132,0.3684699
A2B,b1ea5d5a7d.jpg,0.6720092512383893,0.6197156
A2B,b256e61a5d.jpg,0.7345331086564291,0.24871412
A2B,b2ce76c750.jpg,0.7253213087358339,0.4505614
A2B,b3adc75e7d.jpg,0.8263935753481226,0.32804653
A2B,b44f24c048.jpg,0.8389406305228924,0.35003752
A2B,b5c2fe7c4c.jpg,0.6760961183819121,0.48589936
A2B,b76d52e05a.jpg,0.738634507094442,0.41732717
A2B,b99546090b.jpg,0.7099662509109232,0.4230761
A2B,ba52f976af.jpg,0.7473047039623011,0.33108616
A2B,baf6efabfe.jpg,0.7524614131175511,0.28335246
A2B,bbc5ac4564.jpg,0.7544279900178749,0.39081722
A2B,bc4b364a44.jpg,0.7839026607473872,0.44790488
A2B,bf6db09354.jpg,0.7315659043104928,0.2977364
A2B,c14505c1da.jpg,0.8530893599135693,0.24305981
A2B,c1dc1a85a4.jpg,0.9124371306337793,0.29894155
A2B,c2576267d4.jpg,0.7873397728579504,0.4124339
A2B,c4622e3fb6.jpg,0.769594044744536,0.34881964
A2B,c67ba2060c.jpg,0.7063626372578802,0.45816186
A2B,c68c52e8fc.jpg,0.7756141062936345,0.29753506
A2B,c6c360756c.jpg,0.7966107029943064,0.40927052
A2B,c6c88ce9c4.jpg,0.8302116695218661,0.35965905
A2B,c78b4fa3a9.jpg,0.824288363747298,0.19874479
A2B,c7d8142152.jpg,0.8079400925072789,0.45762116
A2B,cb50326950.jpg,0.8236146412374189,0.2678132
A2B,cb9c553ded.jpg,0.8218123313161483,0.47794122
A2B,cc2bb659f4.jpg,0.8469888498570548,0.2961326
A2B,cd6623d07d.jpg,0.7834098699475175,0.22082545
A2B,cdddf326e3.jpg,0.6858522294203073,0.6004828
A2B,ce3e0daddd.jpg,0.6866993324637273,0.4752563
A2B,ceb6cf5f31.jpg,0.8948958465485859,0.31576878
A2B,cf6488d84c.jpg,0.548773114896758,0.4538149
A2B,cfc6fce7b5.jpg,0.6807246419373018,0.3716005
A2B,d05cab011d.jpg,0.834833798380038,0.2734931
A2B,d087730b76.jpg,0.815254296280711,0.23469226
A2B,d14c1abdd4.jpg,0.8082824366857417,0.4102366
A2B,d1d9748a64.jpg,0.8011330298729415,0.37090775
A2B,d239dae42d.jpg,0.7617191622028907,0.46769342
A2B,d4116437bb.jpg,0.8111850859314964,0.40653726
A2B,d50049fbfc.jpg,0.7111834604067314,0.31953466
A2B,d5b0c260a0.jpg,0.804026304005399,0.4071867
A2B,d6d6e625bd.jpg,0.8122382504445291,0.3810674
A2B,d729785cb8.jpg,0.7245586652893896,0.36321014
A2B,d754850d01.jpg,0.8256975239872516,0.31907997
A2B,d7948c7635.jpg,0.7506310923822622,0.4937519
A2B,d88482796d.jpg,0.778635100775015,0.3451335
A2B,d9e8704878.jpg,0.7841884385791325,0.3246492
A2B,da72006ef5.jpg,0.7872119447217559,0.41985625
A2B,dc33f0edbe.jpg,0.6638647631362765,0.5166416
A2B,dcab49d080.jpg,0.6585433367459071,0.5323294
A2B,dcf5ea1040.jpg,0.7895347300707899,0.4364121
A2B,dd46691bd7.jpg,0.8294310933254435,0.38357008
A2B,de6f71b00f.jpg,0.7809066116726986,0.26480767
A2B,df64ac2dcb.jpg,0.7475503802964705,0.3483316
A2B,e2253b87a0.jpg,0.739787542932211,0.3474794
A2B,e291f8144f.jpg,0.650387370622234,0.39779735
A2B,e3112413b1.jpg,0.7641098687081563,0.50717944
A2B,e37407c747.jpg,0.7787611455891221,0.5545169
A2B,e510a74d3c.jpg,0.7199561504539195,0.447389
A2B,e568f84fad.jpg,0.6829793396580427,0.4747234
A2B,e753318d04.jpg,0.8032298407297638,0.377328
A2B,e88d9de918.jpg,0.840606916326363,0.24782193
A2B,e9580cd500.jpg,0.7585897509117602,0.33078262
A2B,e9f5563817.jpg,0.8747273551325355,0.2569451
A2B,e9f686534b.jpg,0.7510130773567738,0.2809604
A2B,eb3cc5c559.jpg,0.7747008344380815,0.39083323
A2B,ec3398cef9.jpg,0.8691455688135562,0.29105067
A2B,ec78d80dbd.jpg,0.6972080498795554,0.43190393
A2B,ed597655a0.jpg,0.7936899550822444,0.45722342
A2B,ede9769cb3.jpg,0.7076103468517901,0.5715855
A2B,ee7adac58f.jpg,0.7968615317172356,0.41837138
A2B,f04c9d8e34.jpg,0.7488893090370533,0.33010644
A2B,f0884db067.jpg,0.671653274777347,0.41172677
A2B,f0d789c4bc.jpg,0.8508104308095823,0.2832169
A2B,f4413e97bd.jpg,0.6936213923563038,0.42437613
A2B,f486c1655f.jpg,0.7966894601541549,0.4897422
A2B,f7836c88eb.jpg,0.7487401998141457,0.29103792
A2B,f821791c85.jpg,0.7042107981895637,0.4628011
A2B,f84fb4516a.jpg,0.6808685818455392,0.5391925
A2B,f96a8de9f3.jpg,0.5822636980564536,0.599915
A2B,fb3b06dcb2.jpg,0.7378262400855417,0.40344185
A2B,fb806a2a1c.jpg,0.8283259372253282,0.41814882
A2B,fb93438ff9.jpg,0.7938406833416519,0.3746767
A2B,fba982625d.jpg,0.7935882541637146,0.41168904
A2B,fc11d52502.jpg,0.7462421523842678,0.2603134
A2B,fd63a333f1.jpg,0.789980604867656,0.26109123
A2B,fdf1530d95.jpg,0.8248521119038825,0.39538082
A2B,ffd74c77ea.jpg,0.6283991606014375,0.3498398
B2A,00068bc07f.jpg,0.6648023296871798,0.4055524
B2A,000910d219.jpg,0.7370670309236579,0.42197818
B2A,000ded5c41.jpg,0.5729518496853978,0.4337077
B2A,00104fd531.jpg,0.7024057655874797,0.4602454
B2A,001158d595.jpg,0.7360644781893843,0.3232331
B2A,0033c5f971.jpg,0.655164147123835,0.5062186
B2A,0039ebb598.jpg,0.6295551871471692,0.4930525
B2A,003aab6fdd.jpg,0.742833389395766,0.49128804
B2A,003c6c30e0.jpg,0.799110597887183,0.4112285
B2A,00479e2a21.jpg,0.7077805303129394,0.47799626
B2A,005f987f56.jpg,0.6525614118556898,0.4433044
B2A,0080f94ebc.jpg,0.6866803050744491,0.46335897
B2A,00882b7e1d.jpg,0.5850997423420763,0.3750247
B2A,009d534136.jpg,0.7899928625445974,0.42420053
B2A,009ddaed1f.jpg,0.7673341665555241,0.44252494
B2A,00aeb60e25.jpg,0.7133954863226545,0.36076424
B2A,00c6a0ad1e.jpg,0.7632124576705445,0.41211462
B2A,00dcf0f1e3.jpg,0.612186617043825,0.3359139
B2A,00dff09ebe.jpg,0.7398307106538208,0.43124902
B2A,00e1798585.jpg,0.8071136864360179,0.3628485
B2A,00e64e1b2c.jpg,0.7256109547737769,0.3522446
B2A,00f78547f0.jpg,0.7790210805282094,0.42050213
B2A,00fcff630e.jpg,0.8264968217284028,0.44905984
B2A,01135e4771.jpg,0.8873571563302695,0.26730546
B2A,011f46de73.jpg,0.5487584610902387,0.434429
B2A,012df5ce29.jpg,0.9102144012268686,0.2843228
B2A,01416e7ada.jpg,0.8143648975813139,0.4544292
B2A,01480da48f.jpg,0.5216557547764965,0.5174007
B2A,0159685c51.jpg,0.6446852519324346,0.5756299
B2A,015f79b672.jpg,0.8253153452361377,0.31733236
B2A,01622039ef.jpg,0.7111190650864398,0.47515804
B2A,0162322d2d.jpg,0.6920232240467504,0.35891047
B2A,016d408833.jpg,0.824398980616044,0.40488547
B2A,016f524878.jpg,0.7970102692260531,0.30177438
B2A,017018f377.jpg,0.6384825685337877,0.58125544
B2A,01771d99c3.jpg,0.5750043335012707,0.5612529
B2A,017aacad6e.jpg,0.7497168204549491,0.48389918
B2A,018be60883.jpg,0.7282238739729193,0.51318026
B2A,018db0f253.jpg,0.6635809343914537,0.5251461
B2A,01952c7673.jpg,0.766518363875234,0.44170752
B2A,01971e48e5.jpg,0.5097378836415917,0.5161818
B2A,019cf7682d.jpg,0.7152709145888052,0.26600227
B2A,01ae8be57e.jpg,0.8427898003139448,0.31165585
B2A,01af5f8623.jpg,0.7417334042734992,0.3020818
B2A,01bce47d3f.jpg,0.7376936305930343,0.4099561
B2A,01c4f86e3e.jpg,0.4164180635030856,0.47143418
B2A,01f7a6398e.jpg,0.8609189123766393,0.39868274
B2A,02001e59af.jpg,0.8127597099481508,0.386047
B2A,0212257854.jpg,0.6966459449768814,0.4518832
B2A,021df2c226.jpg,0.5625057700126954,0.41486758
B2A,022ca16b0f.jpg,0.5974619676238885,0.4526606
B2A,023637f8fb.jpg,0.7136174972851314,0.4869389
B2A,023eed0385.jpg,0.5567695258725947,0.45046008
B2A,023f3cbb75.jpg,0.7417778085896883,0.33370307
B2A,0240a597f5.jpg,0.714368625781239,0.5247401
B2A,024d98032b.jpg,0.8592601956287894,0.39928812
B2A,0254fc91bd.jpg,0.7674446079117039,0.45838073
B2A,02620a36f7.jpg,0.7482221187473871,0.57044315
B2A,026ac33f9c.jpg,0.7719192933877282,0.40945154
B2A,029524fd91.jpg,0.8043743087891142,0.48376727
B2A,029854a790.jpg,0.6257718525455749,0.45919216
B2A,02a1366c74.jpg,0.717098193731299,0.38067636
B2A,02a4445906.jpg,0.6441172379890772,0.37345335
B2A,02b232fc78.jpg,0.7303753519766225,0.32172439
B2A,02c43186c8.jpg,0.8067489728028031,0.41841608
B2A,02c6c1f6a9.jpg,0.6724372471784195,0.38135573
B2A,02cd89f56d.jpg,0.8815895848405065,0.46947312
B2A,02d763f1c2.jpg,0.6404919834050902,0.40857026
B2A,02ded12bbd.jpg,0.3929175798294982,0.7080005
B2A,02ea18a456.jpg,0.8019745213133478,0.31438783
B2A,02ec33e094.jpg,0.7378272512043439,0.3484069
B2A,0312af1e14.jpg,0.6470291488871355,0.5560906
B2A,032389e868.jpg,0.7177878631681704,0.5098143
B2A,03242238ae.jpg,0.8216557765061069,0.4869225
B2A,0324f82fee.jpg,0.7510968440371109,0.355549
B2A,0341fa51d0.jpg,0.6177480983148671,0.5822474
B2A,0344a47135.jpg,0.7569910483349267,0.35604712
B2A,034627340c.jpg,0.7084263920315278,0.2758418
B2A,0362dd81bb.jpg,0.726336563220833,0.37750006
B2A,0378bcc7c9.jpg,0.7553119328070383,0.28495204
B2A,03950208ff.jpg,0.650853784701133,0.5313738
B2A,03a17d96e1.jpg,0.4042483630804512,0.5445548
B2A,03a21c1b9c.jpg,0.4925965457311364,0.43436712
B2A,03a2b7ce83.jpg,0.6302487484598631,0.463427
B2A,03ae080a47.jpg,0.6811249814923557,0.34585533
B2A,03ae26ed88.jpg,0.8166221844096664,0.3947147
B2A,03bac83f64.jpg,0.6686375674050261,0.45917523
B2A,03be88270f.jpg,0.8111013198302505,0.34317723
B2A,03c5d1d098.jpg,0.5490168052438696,0.5789524
B2A,03c9f2e3c2.jpg,0.7725097912505332,0.45362347
B2A,03c9f3d584.jpg,0.7836919598602657,0.24708016
B2A,03cc206144.jpg,0.7297929840947677,0.41173548
B2A,03d47c18a5.jpg,0.8053639141309213,0.3879773
B2A,03d6a4d860.jpg,0.5738835305459465,0.56988835
B2A,03dde7a28f.jpg,0.8358873116893066,0.4899378
B2A,03e48faafa.jpg,0.7775025684315616,0.3418352
B2A,03fd7067c1.jpg,0.7829217007858966,0.46384636
B2A,03fe5d2263.jpg,0.6586985914502893,0.4858995
B2A,0409e76de0.jpg,0.7871872337537792,0.5063103
B2A,0425fc7ce5.jpg,0.6434297484624987,0.38997492
B2A,042f0e804d.jpg,0.8297899919331041,0.2612707
B2A,0435dc46a4.jpg,0.7494623131670862,0.38782966
B2A,0436aaaf16.jpg,0.6504762280626449,0.46543795
B2A,04387e4338.jpg,0.5769441897106462,0.6547001
B2A,043b541b77.jpg,0.8788722553369337,0.3324151
B2A,044c1653cf.jpg,0.7356446644033071,0.35226643
B2A,0450d4f8ae.jpg,0.7240339400927314,0.3665195
B2A,0451cdb867.jpg,0.6076625767003258,0.63276196
B2A,045e937903.jpg,0.6561954518815123,0.4743211
B2A,0466d4cdf9.jpg,0.5484087064105232,0.42678273
B2A,0473a25050.jpg,0.682997742820059,0.41895986
B2A,047acab66b.jpg,0.7678209577686812,0.54446155
B2A,047da870f6.jpg,0.8208236742219723,0.32062536
B2A,04838b8b1e.jpg,0.773609369183929,0.39329356
B2A,049576d31c.jpg,0.8000899729997893,0.43754682
B2A,049b0ece59.jpg,0.8562726895115675,0.33838582
B2A,04a5fc42e1.jpg,0.7698465862381387,0.3292057
B2A,04b8bfdb1c.jpg,0.7754510916938612,0.25987196
B2A,04cb1f4705.jpg,0.7063863234662314,0.35253778
B2A,04cf8e6d5f.jpg,0.6392184553712622,0.3273385
B2A,04d7e14fbe.jpg,0.6753630001947752,0.36253744
B2A,04d91d7bda.jpg,0.6754383297909181,0.5476718
B2A,04e32c4dc1.jpg,0.778785660444946,0.50798655
B2A,04ec8c9ec2.jpg,0.7289762749024474,0.31926328
B2A,04f59976b5.jpg,0.6849158417539232,0.25602174
B2A,04f71da37b.jpg,0.4887118986743699,0.52083564
B2A,04f72d81b0.jpg,0.7749527006307679,0.38671318
B2A,04f80539d7.jpg,0.8068487682346248,0.38347265
B2A,04fa2a606d.jpg,0.7244788667619713,0.45515057
B2A,04fa456bc9.jpg,0.6826955230188241,0.46892974
B2A,05057d04f7.jpg,0.8606625132645402,0.3467107
B2A,0506726dbd.jpg,0.7592976673097985,0.46469545
B2A,050da171c0.jpg,0.7447055951507235,0.50730664
B2A,051159e33a.jpg,0.6255952010456345,0.4566933
B2A,051a7c9ae6.jpg,0.6955234081851318,0.32186836
B2A,051bde8166.jpg,0.7879063062741263,0.36397368
B2A,051c1b5ee3.jpg,0.707588774948842,0.38226044
B2A,0529dd48c8.jpg,0.616779107937019,0.3497215
B2A,053024baa2.jpg,0.5940625456008579,0.6271717
B2A,0541ce0c1a.jpg,0.681552360443308,0.3866078
B2A,0547a52b93.jpg,0.6608015658436431,0.2961133
B2A,054f264b2e.jpg,0.8000919249016096,0.36003214
B2A,054f375c69.jpg,0.8196512265894399,0.3750762
B2A,05557b0148.jpg,0.6384903476875812,0.45033014
B2A,055c3026f8.jpg,0.7906132632007072,0.38732225
B2A,055dac1e18.jpg,0.6500604792021921,0.36062276
B2A,055e5dca6e.jpg,0.7585591942242477,0.55778974
B2A,05646c5cdb.jpg,0.8392497486073052,0.36474577
B2A,0572f32305.jpg,0.563069953933957,0.57409424
B2A,057d83cdee.jpg,0.7030889630994894,0.35828918
B2A,058af422c6.jpg,0.8046284548371235,0.35395604
B2A,0597c38d69.jpg,0.5575072409988169,0.35788697
B2A,05a3801bed.jpg,0.7981914331082031,0.43195504
B2A,05a84fad61.jpg,0.7166582209561116,0.56731087
B2A,05c885c810.jpg,0.8435831707827428,0.3064037
B2A,05ca68299e.jpg,0.5376882146749972,0.3612199
B2A,05e37a8900.jpg,0.83493251343261,0.43565744
B2A,05e88ecd0a.jpg,0.6199122260389541,0.4203479
B2A,05f0db4d14.jpg,0.6714688058050235,0.5333412
B2A,05f22b97da.jpg,0.8058110487526747,0.3467489
B2A,05f4b38e6e.jpg,0.7275383196986613,0.56801426
B2A,06058e6cb0.jpg,0.5481435506654382,0.6095638
B2A,0606110c45.jpg,0.8506027159358779,0.36961478
B2A,061bb611e0.jpg,0.7776685893269272,0.37103862
B2A,061f0095f0.jpg,0.7567287624543868,0.44178846
B2A,062313a97c.jpg,0.7301135920201126,0.34086692
B2A,06371834cb.jpg,0.3886864171797888,0.5667488
B2A,063ab57d41.jpg,0.7191773412693665,0.26915655
B2A,064b9119de.jpg,0.7791716220751552,0.447293
B2A,064babb7f0.jpg,0.6433795873349886,0.384963
B2A,064f91250d.jpg,0.6431021438364988,0.55962914
B2A,065b649ac7.jpg,0.6613829347857126,0.4864815
B2A,0665264678.jpg,0.892862914055887,0.39145768
B2A,066b81e0f9.jpg,0.8064963995992137,0.3585211
B2A,068381ad63.jpg,0.7539645886979138,0.4194458
B2A,068cc6fe3f.jpg,0.6879529425427422,0.35908931
B2A,0696f8142e.jpg,0.7797000402438997,0.46667635
B2A,069e6e5b82.jpg,0.6983272942897593,0.42519864
B2A,06a5930183.jpg,0.7820845332809792,0.34812537
B2A,06a9cf2d11.jpg,0.6517077161773666,0.57712346
B2A,06b2c2dfca.jpg,0.7790409040992096,0.34635928
B2A,06b8114f82.jpg,0.726391496659437,0.4783888
B2A,06c2d19658.jpg,0.8320956601163215,0.40157217
B2A,06c549794b.jpg,0.8767082692119993,0.39286774
B2A,06c89c4c23.jpg,0.6464358943272971,0.46432132
B2A,06c9326c86.jpg,0.75576114386431,0.44175163
B2A,06e117b31e.jpg,0.7130155257210996,0.4322976
B2A,06e156d8ba.jpg,0.7625243004746909,0.386571
B2A,06f749912b.jpg,0.42831257693870345,0.34141496
B2A,07054731ab.jpg,0.48304144922496584,0.69173104
B2A,0709ff32ee.jpg,0.7366684178903044,0.3109503
B2A,0711866dcd.jpg,0.5265124012289489,0.5450917
B2A,071c375c2c.jpg,0.6130063029810926,0.4251124
B2A,0723d52098.jpg,0.8253685626167213,0.35158306
B2A,0724805941.jpg,0.6594938587656568,0.39435083
B2A,072f1336c9.jpg,0.7076184896055605,0.518075
B2A,07362b3f42.jpg,0.7285573680316522,0.47544724
B2A,073e8b3056.jpg,0.7202925789277351,0.411426
B2A,074218de82.jpg,0.7505802393589343,0.46438563
B2A,074ea8cb6e.jpg,0.6340087495064205,0.40018836
B2A,07573a95f6.jpg,0.628094661076349,0.5238867
B2A,075e8d4617.jpg,0.7943840039346346,0.35965902
B2A,0761281e3b.jpg,0.589062453141771,0.5101405
B2A,076c62582d.jpg,0.7480336259477814,0.31724587
B2A,0770ea1a07.jpg,0.6725719848450176,0.41682017
B2A,077bf7e451.jpg,0.6534898919900419,0.5250302
B2A,078cd3ce07.jpg,0.6058999284191553,0.4193549
B2A,078fd1bc42.jpg,0.6615136381243286,0.50984573
B2A,07939b1fde.jpg,0.783087907045863,0.37485892
B2A,079da3af1e.jpg,0.6080682460754517,0.39244196
B2A,07b7fdff1b.jpg,0.6541258268194918,0.66596484
B2A,07bf7d7df1.jpg,0.8386123682513316,0.38118303
B2A,07cb260548.jpg,0.7458691595443059,0.3283893
B2A,07e9bc5956.jpg,0.7232645726690897,0.34320584
B2A,07ea3a38d2.jpg,0.6217274729442659,0.58925503
B2A,07f37dfe50.jpg,0.89577649176743,0.35516357
B2A,07f730ef9a.jpg,0.7636410124934864,0.65404135
B2A,08009f0be5.jpg,0.5830007111860077,0.42680106
B2A,0811c84b0c.jpg,0.8180872416984504,0.30520636
B2A,081955febb.jpg,0.7229163946306412,0.32494664
B2A,08247a7020.jpg,0.7022271704036964,0.42569575
B2A,082786cc1f.jpg,0.5084507177995218,0.36018333
B2A,08341635fa.jpg,0.5643514683855042,0.73525774
B2A,0844c2cddf.jpg,0.6533109395373988,0.445705
B2A,0845e8dc24.jpg,0.4751215232076513,0.45429114
B2A,085c73097f.jpg,0.6088566173730897,0.4778548
B2A,0860f1e141.jpg,0.7392987414096227,0.36136556
B2A,08645ef69b.jpg,0.6573137322320732,0.35933298
B2A,087e779e73.jpg,0.8161254335142766,0.35450017
B2A,08874a6ee1.jpg,0.7123926611550511,0.47309443
B2A,088972cf3f.jpg,0.6994723203691383,0.3939464
B2A,089406822c.jpg,0.7998385559884744,0.36247316
B2A,08a203b59d.jpg,0.7961740940268222,0.4101011
B2A,08acc490a3.jpg,0.6793045135062212,0.35418883
B2A,08b790bca7.jpg,0.8299734565281027,0.4893282
B2A,08c1754f70.jpg,0.7499266969837467,0.33670336
B2A,08cbd0d6c4.jpg,0.8047548288258249,0.30486038
B2A,08cbd51033.jpg,0.7578888019900584,0.36557913
B2A,08d7603c9c.jpg,0.7920362084094739,0.40059006
B2A,08da1e5774.jpg,0.806885901756233,0.35025078
B2A,08e3354189.jpg,0.7466333079646821,0.38519847
B2A,08fa88c02c.jpg,0.7440555229619714,0.2729741
B2A,08fa8a6f26.jpg,0.6937840801946565,0.46990958
B2A,08fd7ac09b.jpg,0.8812087582797256,0.34440613
B2A,090d5b3cca.jpg,0.7576498247530028,0.3707947
B2A,091b6b9b07.jpg,0.7697283453414996,0.38193998
B2A,0922bbb3c1.jpg,0.8489008184575592,0.2821697
B2A,0932ad9605.jpg,0.8435382524498585,0.3100059
B2A,0938dc0298.jpg,0.5905658139388004,0.56124604
B2A,0939723138.jpg,0.7846538496592124,0.31846666
B2A,093be92a48.jpg,0.7444954283997239,0.25940794
B2A,093e24f728.jpg,0.7771743222112919,0.5039239
B2A,0945008455.jpg,0.8404708519637774,0.33816442
B2A,09591edd0a.jpg,0.788033488767296,0.309535
B2A,095bc5a33d.jpg,0.6389323592059384,0.38298455
B2A,096165f6f0.jpg,0.7975102834183676,0.35011008
B2A,0962094f25.jpg,0.8272701782169581,0.29116118
B2A,0963accefe.jpg,0.8252031709210845,0.3048795
B2A,096495c50c.jpg,0.7465996132755496,0.3822807
B2A,096bae8cd9.jpg,0.7369104493983932,0.3750616
B2A,096da37ff7.jpg,0.8705829118112095,0.3413145
B2A,096f009762.jpg,0.72615884127133,0.3977454
B2A,09748274a3.jpg,0.8159207252617927,0.36771756
B2A,09756af6f7.jpg,0.6459332274956521,0.43365797
B2A,097b3ce81a.jpg,0.7777951798668915,0.3498804
B2A,097d38ef3b.jpg,0.8169343213013524,0.37985778
B2A,09816286d3.jpg,0.8308658976171901,0.42788395
B2A,0984136f36.jpg,0.6334485984621717,0.56933105
B2A,098b35d919.jpg,0.7154058058358278,0.42883483
B2A,098c0ce670.jpg,0.6114175273034408,0.41467804
B2A,098fde2b22.jpg,0.7193364985988,0.3825902
B2A,099159901a.jpg,0.5974853215685146,0.5999458
B2A,099395535c.jpg,0.7138644067059714,0.34832656
B2A,09986b5a14.jpg,0.7827734452527035,0.49068254
B2A,09a43d2264.jpg,0.6920698173727238,0.384364
B2A,09bebf108f.jpg,0.7670990016004315,0.37012082
B2A,09c874df81.jpg,0.8936244806349425,0.3474176
B2A,09d34f7412.jpg,0.8014388727044064,0.45507425
B2A,09ddb5e4c9.jpg,0.701353522558865,0.58232784
B2A,09e084658a.jpg,0.744275668510746,0.30734557
B2A,09e1b696b4.jpg,0.8347578442997922,0.25040245
B2A,09e2982b82.jpg,0.6903775180490644,0.5639647
B2A,09e8393bd1.jpg,0.5872864081775867,0.55392665
B2A,09ec565e3a.jpg,0.805667630293501,0.47500277
B2A,09f57ab8c5.jpg,0.7419425054167652,0.32442155
B2A,09fc404e31.jpg,0.5447734789200888,0.72214717
B2A,09fcd10b7e.jpg,0.6702900639591739,0.40876785
B2A,0a0c3a6d07.jpg,0.69415711840367,0.50419897
B2A,0a0d3e6ea7.jpg,0.7685764114407692,0.42736807
B2A,0a1d1b9f8e.jpg,0.6356473677225821,0.59953
B2A,0a271892d0.jpg,0.7234625017517591,0.35491768
B2A,0a284dbed0.jpg,0.6304000366838906,0.35146877
B2A,0a2e5f728d.jpg,0.5207100784821892,0.62681806
B2A,0a325fc655.jpg,0.6892706984314404,0.35252076
B2A,0a44c8287d.jpg,0.7251962297349607,0.5591746
B2A,0a49020ae5.jpg,0.7267178665403644,0.29839677
B2A,0a497f768d.jpg,0.763592350608266,0.42263758
B2A,0a6091114d.jpg,0.743322432166725,0.50623584
B2A,0a6279ef66.jpg,0.7942036014095237,0.47650263
B2A,0a6e92d928.jpg,0.5464998319869628,0.35635215
B2A,0a74701f65.jpg,0.8452790970954626,0.37581867
B2A,0a7a8e30bd.jpg,0.6641654474430836,0.45896333
B2A,0a7b607c9c.jpg,0.7449031997141833,0.3318103
B2A,0a8839fac9.jpg,0.7229479436657619,0.28987616
B2A,0a996d988b.jpg,0.7636957372969843,0.26265088
B2A,0aa4202c77.jpg,0.7343506895860035,0.43130517
B2A,0aaf6960c4.jpg,0.8625893624451099,0.35746518
B2A,0abbeddf71.jpg,0.8425129102062769,0.4397486
B2A,0abbf2fd4b.jpg,0.7455022701531137,0.4867821
B2A,0ac4b6aaaa.jpg,0.8440442054857521,0.24477175
B2A,0ac84db7bc.jpg,0.5906053761215083,0.60921586
B2A,0ad13029a9.jpg,0.6772377405005495,0.49287012
B2A,0ad956708f.jpg,0.8735040941042492,0.307348
B2A,0ae5e9bfe2.jpg,0.6524809552331108,0.33911926
B2A,0aec1f9701.jpg,0.8461550608482704,0.3720782
B2A,0b0bf6fe85.jpg,0.6507297114891349,0.42564502
B2A,0b1669c3ea.jpg,0.8300268655032571,0.4364616
B2A,0b21ce3df6.jpg,0.8327807724927624,0.40023673
B2A,0b2454f0e3.jpg,0.7367446640112596,0.34973544
B2A,0b2f2a3e59.jpg,0.8643486521081455,0.37549627
B2A,0b3fd12ac9.jpg,0.798615099478114,0.37438786
B2A,0b461ab035.jpg,0.8311501671910247,0.3562736
B2A,0b48073b83.jpg,0.6344398100506179,0.41924196
B2A,0b4dbff7c8.jpg,0.7771411138277129,0.30317146
B2A,0b4f93c337.jpg,0.7654568041338403,0.42056656
B2A,0b53fd3e90.jpg,0.5609542006240451,0.39638925
B2A,0b68939003.jpg,0.8044098926455533,0.3472225
B2A,0b6b4bfc29.jpg,0.8652675975878729,0.28674027
B2A,0b91f359c5.jpg,0.7189271694536706,0.48238754
B2A,0b97d70d93.jpg,0.8483600696070421,0.34422967
B2A,0bb9d1a3cf.jpg,0.7154120047870274,0.42891976
B2A,0bcecb1330.jpg,0.6464986506422847,0.58288336
B2A,0bddd37684.jpg,0.7597863031862796,0.402759
B2A,0bde6ba99b.jpg,0.5896648513755605,0.46547607
B2A,0bdf3110dc.jpg,0.7389311474142469,0.3539034
B2A,0bede4ba4e.jpg,0.5910743567103881,0.3261346
B2A,0c18bf8536.jpg,0.7990929565848488,0.32376346
B2A,0c21bed0d8.jpg,0.5659754510191656,0.32436326
B2A,0c272fcde8.jpg,0.8231276002230955,0.37109676
B2A,0c4ebc7f6a.jpg,0.6801825198796667,0.42796558
B2A,0c64451f58.jpg,0.6235927805377087,0.42691728
B2A,0c64b00832.jpg,0.7406588680842927,0.36805385
B2A,0c696d12a2.jpg,0.8501396827213618,0.38810426
B2A,0c6b56bba9.jpg,0.7281194107793374,0.38608745
B2A,0c6b63c2c5.jpg,0.5198750237111763,0.4866572
B2A,0c6c9d8ce7.jpg,0.8049906582080169,0.3941422
B2A,0c6e6b52be.jpg,0.7586127826121982,0.30421022
B2A,0c6fcdf1f5.jpg,0.6499104231882897,0.37486345
B2A,0c781e1538.jpg,0.6828076748300742,0.36900067
B2A,0c7e07acd3.jpg,0.7902762195448352,0.2973017
B2A,0c8a94c597.jpg,0.7572741372911509,0.3575812
B2A,0ca5b3c96a.jpg,0.798937676039107,0.36671543
B2A,0cac1bcf2b.jpg,0.8138054094423077,0.47602198
B2A,0cae98323f.jpg,0.8324686631093858,0.28883362
B2A,0cb4144fbb.jpg,0.54195385992104,0.6698047
B2A,0cb6683555.jpg,0.8557325794336714,0.33083898
B2A,0ccbcfcf65.jpg,0.8087101784385591,0.3364233
B2A,0cda2627bf.jpg,0.7678350360517828,0.51175314
B2A,0cdfbb28e6.jpg,0.47046756577615795,0.50451547
B2A,0ce227ee32.jpg,0.6193394838845924,0.41328168
B2A,0cec4d02a7.jpg,0.5830611578974139,0.4398399
B2A,0cecce2e24.jpg,0.7154693704380428,0.46673834
B2A,0cf495d82e.jpg,0.6830712442316603,0.55776346
B2A,0cf4dc75d0.jpg,0.7464104775045224,0.3986103
B2A,0cfe85f73d.jpg,0.8016006768603589,0.34554607
B2A,0d11463712.jpg,0.7254284233256926,0.51527673
B2A,0d1a5b6882.jpg,0.8043916070194573,0.49319062
B2A,0d23431254.jpg,0.7721631978941642,0.38643047
B2A,0d2583e3ea.jpg,0.6220950163171126,0.34614867
B2A,0d2ed7fb8e.jpg,0.7553205188029236,0.3192771
B2A,0d2f9d322d.jpg,0.5543941768515898,0.5351219
B2A,0d3752b4ad.jpg,0.6588661818255209,0.44155347
B2A,0d423f52fd.jpg,0.8417531787094702,0.41097987
B2A,0d59054b30.jpg,0.7189787726304835,0.43302897
B2A,0d593e3752.jpg,0.7036813570138866,0.5024626
B2A,0d64ca5ecf.jpg,0.8127777996392671,0.40818438
B2A,0d6ba5d215.jpg,0.6610433176531354,0.5314758
B2A,0d6c81cbc2.jpg,0.822989473963964,0.44398242
B2A,0d6f893bc7.jpg,0.8337626783730986,0.31755617
B2A,0d7c5d97ac.jpg,0.8056778849297185,0.4598567
B2A,0d80b97eb4.jpg,0.6192114356554758,0.41513747
B2A,0d859e1630.jpg,0.6664055383972883,0.59805584
B2A,0d89393fe0.jpg,0.7784635530839868,0.2692824
B2A,0d8c66b24e.jpg,0.7750499177552606,0.29017535
B2A,0dd016afa5.jpg,0.8371708260127094,0.3249707
B2A,0dd4041294.jpg,0.8623559263067053,0.39440247
B2A,0dd5085fdf.jpg,0.936208023711016,0.4258346
B2A,0dde3f8ee7.jpg,0.7690930830277505,0.34424967
B2A,0de8320918.jpg,0.622245537702685,0.5604394
B2A,0de920c5bf.jpg,0.8483391519953457,0.3768633
B2A,0debce885b.jpg,0.6697739169154708,0.5145373
B2A,0df35db4a2.jpg,0.7031109197778874,0.5498108
B2A,0df9a45c26.jpg,0.6386402782354325,0.43668938
B2A,0e003670f7.jpg,0.5818372578278944,0.5826022
B2A,0e0577ec3a.jpg,0.5655362291086199,0.53479165
B2A,0e0a660bb8.jpg,0.8286024403030039,0.44441047
B2A,0e0bdef20a.jpg,0.7567488008578523,0.3807695
B2A,0e1230a330.jpg,0.6884682022276641,0.46973845
B2A,0e13d9c6f4.jpg,0.7439407577762605,0.365195
B2A,0e23057337.jpg,0.8736394139223811,0.38735104
B2A,0e2610ef33.jpg,0.6841833377908083,0.49013475
B2A,0e441b3c17.jpg,0.7670763842011689,0.41332334
B2A,0e4c7d5e15.jpg,0.8450918617530062,0.3975519
B2A,0e4ec46846.jpg,0.8003271529725817,0.49991715
B2A,0e5afbada4.jpg,0.8024724816106988,0.3349305
B2A,0e750aaed9.jpg,0.842609649836842,0.3994689
B2A,0e8eb4587e.jpg,0.8408562230448875,0.39804167
B2A,0e95c87f76.jpg,0.7006966160201777,0.4353821
B2A,0e983a3ef5.jpg,0.6318784323075113,0.4943099
B2A,0eaa8d71f6.jpg,0.789869749114759,0.41938412
B2A,0eb3c8892a.jpg,0.45837701839545236,0.56071293
B2A,0eb810429d.jpg,0.5868368810904573,0.63671553
B2A,0eddbbb35c.jpg,0.8020838425513336,0.35300902
B2A,0f1e6530bc.jpg,0.8013130017649532,0.32983673
B2A,0f35be9cbb.jpg,0.8389959995045435,0.39973098
B2A,0f3757e6cd.jpg,0.6813671269929098,0.6087706
B2A,0f3ed210c0.jpg,0.861448021391784,0.34659243
B2A,0f5228f2a6.jpg,0.8410227954085668,0.2695571
B2A,0f58899ce1.jpg,0.8000979444003703,0.37012923
B2A,0f819ab838.jpg,0.7052050972601597,0.46520203
B2A,0f8e316a87.jpg,0.8374804560560054,0.33093664
B2A,0fa29829f2.jpg,0.5826007662002721,0.5518563
B2A,0fa5629898.jpg,0.8418426866648071,0.29783687
B2A,0fb1ca7fe1.jpg,0.6739908442233689,0.39889178
B2A,0fbcbeddd5.jpg,0.768446285915421,0.31970963
B2A,0fca1c304e.jpg,0.8139790716545768,0.39865708
B2A,0fccbd8558.jpg,0.8156866508102599,0.32466397
B2A,0fd7cd6092.jpg,0.6987292192509741,0.3619014
B2A,0fdcf56678.jpg,0.7925626691473706,0.3883913
B2A,0fe76a9ec9.jpg,0.8399230900596061,0.46797204
B2A,0fef77210a.jpg,0.7123880793687237,0.53693295
B2A,10118ae431.jpg,0.7614941456792589,0.46428505
B2A,101a1f34db.jpg,0.6687484783253894,0.44527614
B2A,101a5ad83d.jpg,0.8567467030571314,0.36070496
B2A,101c59feab.jpg,0.8024053604253102,0.35470793
B2A,101d00677e.jpg,0.772285882063172,0.3755238
B2A,102c9065a7.jpg,0.7707990229397643,0.40627006
B2A,102da9e0bf.jpg,0.7303854611592967,0.50253755
B2A,10371b9044.jpg,0.8276084917942502,0.31343412
B2A,1037993785.jpg,0.7779481977215003,0.39882976
B2A,104204fa3f.jpg,0.7439681911664703,0.38914698
B2A,105ac2e395.jpg,0.735558765421973,0.42446148
B2A,106091e966.jpg,0.7099768126669438,0.40023577
B2A,1064e8c2fc.jpg,0.8334022519968142,0.36681688
B2A,10729e0962.jpg,0.5720571755512991,0.3744918
B2A,1076bdc405.jpg,0.6644861263705129,0.5512764
B2A,107769ed33.jpg,0.769095192995648,0.37949544
B2A,1079a7abe1.jpg,0.820540235035704,0.39850524
B2A,108d3336bd.jpg,0.7921459703271669,0.35629126
B2A,108f57c580.jpg,0.7212411917277641,0.50825274
B2A,1097dcc82e.jpg,0.7828755947512661,0.44223678
B2A,10ab9fcfcb.jpg,0.5977989400815072,0.717675
B2A,10e101cae7.jpg,0.7576915749031521,0.4087987
B2A,10e79c0f04.jpg,0.6268946915795857,0.34600842
B2A,10f3bc8893.jpg,0.6951686690646766,0.5534119
B2A,1106610965.jpg,0.8508997533556372,0.45848402
B2A,11068aa40b.jpg,0.5659335412182492,0.46501824
B2A,110d660fee.jpg,0.7690022292356317,0.35944384
B2A,112f088373.jpg,0.6397991827602713,0.44362277
B2A,113444c0c2.jpg,0.8505051269527191,0.28119478
B2A,1138db3be9.jpg,0.6660065671157945,0.33442894
B2A,114692dc5b.jpg,0.8086290015459047,0.33204263
B2A,1151c9b98d.jpg,0.6162594962040916,0.48473138
B2A,115cd21c1c.jpg,0.6242555329162556,0.46357015
B2A,115cd80f74.jpg,0.6989856008267276,0.4302542
B2A,115f221c2a.jpg,0.6028378220912288,0.40959474
B2A,115f43bae3.jpg,0.7354570840611157,0.37085515
B2A,117281b37b.jpg,0.7332852556342004,0.35069036
B2A,1172d3e228.jpg,0.7768353237547105,0.46887574
B2A,117d70bd19.jpg,0.5218955654570244,0.7191271
B2A,117e2a807d.jpg,0.684814794287036,0.45023435
B2A,1193c043d7.jpg,0.7099533330759862,0.44087225
B2A,11bcbf0f67.jpg,0.8466124085106815,0.3404093
B2A,11c1de8b75.jpg,0.7941354436085409,0.4331854
B2A,11c24d756f.jpg,0.6451327701847904,0.43951914
B2A,11cc678dbf.jpg,0.8178713745038935,0.398979
B2A,11d4cd762d.jpg,0.7216783301021317,0.5176521
B2A,11d713b4ee.jpg,0.6621343401505801,0.5067339
B2A,11e25d3dc4.jpg,0.646021351196261,0.28429434
B2A,11f13ca69e.jpg,0.747199061586316,0.376922
B2A,11f482a716.jpg,0.8090170404372484,0.34908384
B2A,11feb29e6a.jpg,0.6568478456470033,0.45069444
B2A,1216dc1ffe.jpg,0.7573740588978939,0.38203153
B2A,12193672ba.jpg,0.6823995703218867,0.5194551
B2A,122f944d40.jpg,0.7016861999775303,0.44519854
B2A,1235e32fb2.jpg,0.5936581975220839,0.4736396
B2A,123714f71c.jpg,0.8154717373340019,0.3588569
B2A,1240cc6f83.jpg,0.5702609691796656,0.6278966
B2A,124244310e.jpg,0.7546742922010827,0.33283186
B2A,124dda3622.jpg,0.7548779203455934,0.40568572
B2A,125fd9187b.jpg,0.6758752423657619,0.6520433
B2A,12672ab41c.jpg,0.7619974809103573,0.4512329
B2A,126fb64cb8.jpg,0.6707458224136303,0.29430687
B2A,1285f93747.jpg,0.8354610694598805,0.4123151
B2A,129823154f.jpg,0.7296517842279641,0.5056749
B2A,129df5c60c.jpg,0.6343432412715364,0.4381715
B2A,12ae4ffbb5.jpg,0.6433762021962337,0.42366552
B2A,12b2a8d1fc.jpg,0.7162057998646555,0.42783418
B2A,12b302b5f1.jpg,0.7745723867877258,0.3689806
B2A,12c5ce9b42.jpg,0.6288179322629777,0.37732822
B2A,12c65cd54c.jpg,0.8311086328671191,0.3506391
B2A,12cb4d2917.jpg,0.68294033005068,0.4732337
B2A,12cc0ffc15.jpg,0.7876499716536899,0.39006114
B2A,12d0476b93.jpg,0.631804026277635,0.4137773
B2A,12e9b80b70.jpg,0.8090502140303639,0.2941281
B2A,12f09c6efe.jpg,0.7395882695502938,0.45250216
B2A,12f74378d4.jpg,0.8440339348373626,0.3780381
B2A,12f9c1a7b5.jpg,0.7477166437286685,0.4117634
B2A,13048dfacf.jpg,0.6726110658544062,0.5305323
B2A,13173bc6b5.jpg,0.6190932594326951,0.42171198
B2A,13219b2462.jpg,0.7836946991157215,0.35712877
B2A,13328c1504.jpg,0.8325430588565867,0.3859537
B2A,133adbd41e.jpg,0.7690108850944272,0.3333012
B2A,134f611db2.jpg,0.8542474030567709,0.4674095
B2A,1355735108.jpg,0.8514531497296512,0.42747828
B2A,1363fc8268.jpg,0.7332886773839877,0.5416232
B2A,1365922bc1.jpg,0.8008605219104697,0.28132245
B2A,13671d11f9.jpg,0.7940159924042302,0.3533371
B2A,1379cdd516.jpg,0.6065381628811076,0.5041814
B2A,13829b20dd.jpg,0.7598390012899016,0.3294343
B2A,13888541b7.jpg,0.7693531466976652,0.50342435
B2A,13892d15e5.jpg,0.7395369327393945,0.47475493
B2A,138a069c6c.jpg,0.606537395479028,0.29532635
B2A,138c350c89.jpg,0.7993654119076375,0.3282346
B2A,13bbd45d01.jpg,0.7962791367602629,0.41678122
B2A,13c0555eab.jpg,0.6721666652000716,0.2794625
B2A,13c3b0e711.jpg,0.863064750166063,0.3221676
B2A,13e3480e01.jpg,0.8396713005036581,0.39862877
B2A,13f4f7168a.jpg,0.8293625275410605,0.2919822
B2A,13fec527bb.jpg,0.7472069970517579,0.37000507
B2A,140f195fbc.jpg,0.8133024888117373,0.367561
B2A,14135c74d7.jpg,0.729079964516653,0.60260797
B2A,141ade2afb.jpg,0.6007711202077194,0.5387918
B2A,1421d11393.jpg,0.7346077044418101,0.36860096
B2A,142cda27d9.jpg,0.7788190117118086,0.44131124
B2A,1432b7355d.jpg,0.824352236132102,0.40121323
B2A,1437a4d5f9.jpg,0.65610245323209,0.5773669
B2A,1444ac5586.jpg,0.6815503834791297,0.39913002
B2A,1451c82e2f.jpg,0.8146786609088452,0.3731318
B2A,1467b3a6ac.jpg,0.7595252732460621,0.43196365
B2A,1476b02998.jpg,0.8853520544241806,0.37649745
B2A,14804e18f9.jpg,0.6028601881693346,0.43092763
B2A,14860c3bed.jpg,0.7997628643792104,0.4588042
B2A,1491d9367b.jpg,0.8590948500577292,0.3671214
B2A,1499400929.jpg,0.703802627517979,0.3252588
B2A,149e367310.jpg,0.6757293299316504,0.5687137
B2A,14a7686f98.jpg,0.7297932876002867,0.42285028
B2A,14a95bb688.jpg,0.5804225822961513,0.68591136
B2A,14ac55e78e.jpg,0.8159497229190209,0.40323773
B2A,14b92a85f3.jpg,0.8612087016931493,0.31086853
B2A,14bcc3cdad.jpg,0.7883064675878205,0.32432652
B2A,14c0e95507.jpg,0.8170008160169322,0.4261936
B2A,14c38e1c2e.jpg,0.8079326708460111,0.43057877
B2A,14fa7a9b31.jpg,0.7086468608541084,0.45010978
B2A,14fe889824.jpg,0.8644108876299524,0.2863912
B2A,151cb3c6ff.jpg,0.7435069588264724,0.3654603
B2A,1531eae642.jpg,0.5276285952678005,0.5617549
B2A,153bb660da.jpg,0.7750051198842657,0.341281
B2A,153e1ec171.jpg,0.7762692990177021,0.40832043
B2A,153f59d4cb.jpg,0.6672450813063237,0.4360319
B2A,156540ebe1.jpg,0.7189014304945983,0.2784992
B2A,1569489edb.jpg,0.790658020456036,0.33799794
B2A,156cf5822e.jpg,0.5972529353233926,0.50407565
B2A,15769de345.jpg,0.7229545869592457,0.42643803
B2A,157ee68b71.jpg,0.7366726486603025,0.4607966
B2A,1581f3755e.jpg,0.7753905008947944,0.4532077
B2A,1582ec589d.jpg,0.8096432038405458,0.3247747
B2A,159b3f002f.jpg,0.7473748856039337,0.4341621
B2A,159baa9c2b.jpg,0.7040296657003597,0.5564995
B2A,159c19456b.jpg,0.6871887228751202,0.41517302
B2A,159e0baf13.jpg,0.5275815181541845,0.55048317
B2A,15a51e4dbe.jpg,0.6319212942675729,0.3052476
B2A,15a9b54b5f.jpg,0.6728215445026497,0.37551925
B2A,15abe5af92.jpg,0.8167571634088402,0.51518834
B2A,15b1f01b86.jpg,0.8931261548653928,0.31894404
B2A,15b9563151.jpg,0.6240555519093456,0.4517691
B2A,15cb21df1a.jpg,0.6871998937838095,0.5398687
B2A,15cca6975b.jpg,0.7536847667115478,0.31100777
B2A,15d8655b4f.jpg,0.7194525240082867,0.3474707
B2A,15f7238855.jpg,0.7363534968801569,0.41315478
B2A,15f862b305.jpg,0.8091312383140167,0.32846007
B2A,160c560e5e.jpg,0.5498326569656191,0.5799501
B2A,160d920b63.jpg,0.7743213880103722,0.3331269
B2A,1615de2bd0.jpg,0.8007403933516399,0.34780657
B2A,161b3c519e.jpg,0.6922146241710183,0.36805546
B2A,163669cbd0.jpg,0.7248394547845418,0.43926054
B2A,164492cfa7.jpg,0.7500411511381393,0.3538299
B2A,1645d08cab.jpg,0.7164947047353217,0.5479997
B2A,164ebc7900.jpg,0.8661384162715909,0.27370125
B2A,165dfb6cd0.jpg,0.6420973037619527,0.41461486
B2A,1665a48def.jpg,0.6997440176332937,0.3891003
B2A,1675879297.jpg,0.6704965888808063,0.48909795
B2A,1676f96061.jpg,0.7377871433635884,0.4008935
B2A,1688783462.jpg,0.7311710725478252,0.29209423
B2A,1694e5637b.jpg,0.8469919676502695,0.40421024
B2A,16963c4f89.jpg,0.7226652492882727,0.4509374
B2A,169c381352.jpg,0.8324660360736732,0.38176244
B2A,169f8a8503.jpg,0.6456077175575453,0.4519481
B2A,16a0c8ed23.jpg,0.7831696410861252,0.3616007
B2A,16a3dd9695.jpg,0.5393254887510395,0.4534019
B2A,16a666edff.jpg,0.57970302132502,0.6944802
B2A,16a7a9fc44.jpg,0.5783194014221492,0.45176473
B2A,16ab6bc622.jpg,0.9502689419744045,0.341393
B2A,16b3067a86.jpg,0.7133393627214824,0.49437976
B2A,16b3ea1e00.jpg,0.647465530010426,0.54439515
B2A,16b74bd37f.jpg,0.8523197034408319,0.4210776
B2A,16c119b3c7.jpg,0.6914928093484866,0.3450358
B2A,16cd6cbc68.jpg,0.8366635460154429,0.26791835
B2A,16d8cafb5b.jpg,0.5581037167629623,0.72128034
B2A,16d9624078.jpg,0.6967877559879354,0.38249862
B2A,16de17a9aa.jpg,0.732760712899168,0.32507524
B2A,16de6b603c.jpg,0.7973254153539692,0.3471555
B2A,16ded6f738.jpg,0.575734501281588,0.6225419
B2A,16dff1b77f.jpg,0.817255350074019,0.28195697
B2A,16e764f509.jpg,0.8076369427590068,0.43367678
B2A,16f0c49f22.jpg,0.8723080436248837,0.4043045
B2A,16f3703756.jpg,0.7715594038767047,0.3194785
B2A,1701c26348.jpg,0.6892031509907506,0.2840317
B2A,17028b1e92.jpg,0.6368670766450376,0.55539167
B2A,170434d3dd.jpg,0.8130435064216947,0.43459034
B2A,170dbca136.jpg,0.8251623423986064,0.33137643
B2A,17167ea036.jpg,0.807519546003117,0.292969
B2A,172a0707b2.jpg,0.4934674331913841,0.55389047
B2A,17315bdc5b.jpg,0.8333248301907467,0.34627193
B2A,1735a91a3d.jpg,0.8227948425164991,0.4338247
B2A,17398e5a2a.jpg,0.6675625625180523,0.40379477
B2A,17499b0283.jpg,0.8024505139282168,0.38702905
B2A,174ded9426.jpg,0.7615265956549208,0.3211906
B2A,174f0355a6.jpg,0.6678554300222207,0.46727484
B2A,17592a1017.jpg,0.7719895329375133,0.51990074
B2A,176050474a.jpg,0.7375850288761601,0.38400587
B2A,1764393c0e.jpg,0.7197678559894771,0.5248966
B2A,17674de2d5.jpg,0.7474689215744049,0.39863336
B2A,176bec46aa.jpg,0.7493446639678352,0.29962054
B2A,176d0e5c75.jpg,0.7356652051818955,0.4259578
B2A,1771b7c478.jpg,0.7632505065181802,0.36969072
B2A,1774482049.jpg,0.7706355917336134,0.34076345
B2A,1779a8225f.jpg,0.7068576333895457,0.44112182
B2A,1789a61138.jpg,0.6488973861777277,0.54625404
B2A,178d33e084.jpg,0.7485927726171376,0.46160302
B2A,17924dd78d.jpg,0.8710451776973326,0.35404837
B2A,179af606cb.jpg,0.8282001909951189,0.37362167
B2A,17a199a709.jpg,0.7188144928919434,0.37341246
B2A,17a8bd8ba4.jpg,0.6016635119186453,0.42212486
B2A,17b7569c29.jpg,0.7121752926685585,0.4764535
B2A,17c8c9072a.jpg,0.8774782183094304,0.28693873
B2A,17ce3a201d.jpg,0.897691526697107,0.36205846
B2A,17cf077f45.jpg,0.6026323304030554,0.5154788
B2A,17d4e23d9f.jpg,0.6389816654657451,0.80203867
B2A,17d896fd14.jpg,0.7308968719081204,0.5003008
B2A,17dbf8cf56.jpg,0.8511187403962799,0.4130743
B2A,17e149928d.jpg,0.7868722331366814,0.32788384
B2A,17eb22711b.jpg,0.7887312697578779,0.338592
B2A,17f8f4d5d9.jpg,0.7029481735028918,0.4645446
B2A,17f92dd71b.jpg,0.6823421545352591,0.42692763
B2A,180e1881bc.jpg,0.8717017626611893,0.30862975
B2A,18162a62a3.jpg,0.6824031987405382,0.44693083
B2A,181a53c38a.jpg,0.6475344891834808,0.5749176
B2A,181f424335.jpg,0.6081356318346407,0.49172527
B2A,182690bc45.jpg,0.537054864415533,0.32799175
B2A,182846af47.jpg,0.6029635051838886,0.58674765
B2A,1838bcc8fa.jpg,0.640004039521468,0.43503398
B2A,184a433ce3.jpg,0.6466870114362295,0.5049852
B2A,185f8da469.jpg,0.785364074413112,0.37442568
B2A,186035e2a8.jpg,0.8709658929882476,0.29072803
B2A,1866c56f7a.jpg,0.6205336432299164,0.50186884
B2A,186e98dcb8.jpg,0.764795947967832,0.37611884
B2A,1883fcfb3e.jpg,0.8014167265958378,0.37899753
B2A,1884a2a37d.jpg,0.5953993096069513,0.4420475
B2A,18880e913d.jpg,0.5354402143791926,0.48330462
B2A,188b7f6310.jpg,0.7962165742956575,0.32531136
B2A,1893ce79ce.jpg,0.5879448172459824,0.61534107
B2A,1894c178ea.jpg,0.4804561979239289,0.46982306
B2A,1897b7b118.jpg,0.6658692759993441,0.45098898
B2A,189ae3f5a7.jpg,0.5186585455600968,0.4332937
B2A,189ee6859e.jpg,0.8643624511925033,0.42577484
B2A,18a275b358.jpg,0.744881528164852,0.3582786
B2A,18a4ee0991.jpg,0.8020874095149793,0.31627536
B2A,18aca60c06.jpg,0.664492513064324,0.49428132
B2A,18ae840f5d.jpg,0.7388773024127046,0.40036577
B2A,18b2d7a2ef.jpg,0.6788493038868146,0.4942657
B2A,18c6b5b73b.jpg,0.8384429575835834,0.31893384
B2A,18ca544c78.jpg,0.8079126671345268,0.37663788
B2A,18e384cfff.jpg,0.7399349383404756,0.3593327
B2A,18e571a627.jpg,0.8315326105423634,0.3747699
B2A,18ea7c98b1.jpg,0.8277450221315877,0.2999696
B2A,190633c073.jpg,0.84006388320078,0.5348171
B2A,1912f08cb1.jpg,0.7766743431597709,0.3788358
B2A,19182d3849.jpg,0.744310440638048,0.3964426
B2A,1921b26eea.jpg,0.7322862126395606,0.50688297
B2A,1925109fdd.jpg,0.6797389255227405,0.5293622
B2A,192682abdf.jpg,0.7704231383768594,0.42149967
B2A,192caaa1bf.jpg,0.802553646897395,0.3809641
B2A,1936e1dcb4.jpg,0.7716672000000572,0.37334275
B2A,193b4cdb27.jpg,0.7344929203524143,0.3584023
B2A,193f3266fb.jpg,0.542474622295708,0.75707114
B2A,194bb9f6ed.jpg,0.6494065053882375,0.4863653
B2A,19525a17e2.jpg,0.7611349533429964,0.38586247
B2A,19592a5fbf.jpg,0.7017828417348881,0.46280515
B2A,1960283fd5.jpg,0.6949545209591037,0.3613066
B2A,1966101984.jpg,0.805102492339781,0.36449608
B2A,196a6875a7.jpg,0.7420946486317846,0.60749507
B2A,196e2c07aa.jpg,0.7399809439587958,0.46685266
B2A,1970faab6a.jpg,0.8214717039438248,0.39858055
B2A,1977b66f96.jpg,0.6926133704613228,0.38039726
B2A,197dc21bdb.jpg,0.7772819679708214,0.39734325
B2A,19801ae9ab.jpg,0.6958165266088026,0.40211254
B2A,1986fa52f5.jpg,0.5392292642192451,0.61067605
B2A,198cad00d4.jpg,0.610355812952654,0.32864326
B2A,19918a1d5c.jpg,0.8483760818117115,0.34660494
B2A,1998700449.jpg,0.575469275389054,0.42968518
B2A,1999225d11.jpg,0.6347960338501951,0.41639012
B2A,199a3e859f.jpg,0.666270340845943,0.3473565
B2A,199d0b8782.jpg,0.797454922616825,0.39684868
B2A,19a7361b2a.jpg,0.6189188779269614,0.6353951
B2A,19b0fbeba0.jpg,0.8313146388634215,0.56362367
B2A,19b944dbbf.jpg,0.7052497249145521,0.49732614
B2A,19b98e5663.jpg,0.6192708693902682,0.69927853
B2A,19bad1225f.jpg,0.5160829279076312,0.40492108
B2A,19bd14d30e.jpg,0.6156806606282007,0.36575207
B2A,19be535e5f.jpg,0.6920319637300892,0.4001189
B2A,19c277c363.jpg,0.6210949386111414,0.44340146
B2A,19c8301d67.jpg,0.6907433456253884,0.41302925
B2A,19e7940d94.jpg,0.6593820889806832,0.27727285
B2A,19e8b9b328.jpg,0.7860821668110762,0.35927933
B2A,1a23085db7.jpg,0.6739928838173205,0.422208
B2A,1a2542d28b.jpg,0.7880646179109184,0.3953503
B2A,1a25f82753.jpg,0.7734381740773755,0.5372598
B2A,1a27cb4cba.jpg,0.6606897535753631,0.49240494
B2A,1a2cd9ea8c.jpg,0.5560941155940554,0.414484
B2A,1a3b1a3da9.jpg,0.7480634129424321,0.46007568
B2A,1a4213d2ce.jpg,0.7201101729059673,0.31719694
B2A,1a4491cef2.jpg,0.7282358920379928,0.59686667
B2A,1a45b8c270.jpg,0.7524658842726512,0.44254768
B2A,1a5041d9ed.jpg,0.6230373407206905,0.66032964
B2A,1a5cf3b632.jpg,0.7850222629875606,0.39556664
B2A,1a6013cba4.jpg,0.7691896677582186,0.4353118
B2A,1a61870a06.jpg,0.7996730451403837,0.3717526
B2A,1a6b4e9e13.jpg,0.8144852546138552,0.4904197
B2A,1a7af9964c.jpg,0.7741357789747221,0.4405269
B2A,1a8633fbb9.jpg,0.8662075792966462,0.35773048
B2A,1a892680fb.jpg,0.7144934272782951,0.3463487
B2A,1a8c1a7995.jpg,0.6202487994970899,0.36336413
B2A,1a8c9e6c4c.jpg,0.7639399991588376,0.3769681
B2A,1aa0d1c558.jpg,0.668288981121105,0.5417441
B2A,1aa8abd685.jpg,0.615039199324752,0.50610507
B2A,1ac1673452.jpg,0.8009750779298298,0.3667847
B2A,1ac35e7dc8.jpg,0.661410382068246,0.4305381
B2A,1ac5876376.jpg,0.7171228289927077,0.34918237
B2A,1acb4c14ce.jpg,0.7301168437505595,0.53624386
B2A,1acb4d1d54.jpg,0.7732050683419354,0.47144672
B2A,1ad17703ce.jpg,0.6641411403035357,0.35679474
B2A,1ad8701262.jpg,0.6252161279102907,0.38781613
B2A,1ae03b00e7.jpg,0.6248645285625133,0.4891255
B2A,1ae342cd57.jpg,0.48246888735633436,0.30906624
B2A,1b062b66a7.jpg,0.5771340488193887,0.7462633
B2A,1b118a066b.jpg,0.7651065373743039,0.43442369
B2A,1b129b65db.jpg,0.6968775242899846,0.39548433
B2A,1b12cf626f.jpg,0.858222236195382,0.30499217
B2A,1b3e398db7.jpg,0.7871826969364351,0.3774592
B2A,1b4e94ffbd.jpg,0.7925087751127892,0.3701541
B2A,1b4f115bdd.jpg,0.6934824864312982,0.5239551
B2A,1b5e8cedda.jpg,0.7424664893347424,0.37488788
B2A,1b66416060.jpg,0.8166613171247217,0.33105752
B2A,1b6a1a7e94.jpg,0.6361604527798792,0.38391936
B2A,1b6d7b4e65.jpg,0.6600034096522388,0.44611332
B2A,1b72549327.jpg,0.6772187373869611,0.5408842
B2A,1b770229f3.jpg,0.7597128634036449,0.54730874
B2A,1b961a3a39.jpg,0.6576298622963238,0.5060409
B2A,1b98321823.jpg,0.6321924133916617,0.41998488
B2A,1b987c577e.jpg,0.649630836698862,0.37587127
B2A,1baa6a3895.jpg,0.615805586604787,0.38440225
B2A,1baf74b1a7.jpg,0.7691098647629208,0.41974756
B2A,1bb75f970a.jpg,0.6814527234804864,0.5031329
B2A,1bb8674fbf.jpg,0.7827913251785914,0.4802466
B2A,1bba0654b7.jpg,0.8124830925203036,0.33234236
B2A,1bbaea3e6b.jpg,0.5570165025874678,0.53180826
B2A,1bc105b0b9.jpg,0.6317992844282241,0.5484121
B2A,1bc290729f.jpg,0.7003744585376022,0.42416158
B2A,1bc9fc642d.jpg,0.688290894333799,0.64693624
B2A,1bccaf17e5.jpg,0.7503598163075322,0.42370814
B2A,1bd527d6a0.jpg,0.4867473621621854,0.504132
B2A,1bd7be0503.jpg,0.573119946712629,0.48856962
B2A,1bd8b4f799.jpg,0.7450614967783759,0.4606078
B2A,1be016515b.jpg,0.8586543310869474,0.39787087
B2A,1be0fa86b5.jpg,0.5716740087984721,0.45336664
B2A,1be6584349.jpg,0.8288505166406525,0.37259567
B2A,1bf60182b2.jpg,0.8120767956505303,0.4551703
B2A,1c0ea0fe1b.jpg,0.7217994508246179,0.4417277
B2A,1c1f697d7e.jpg,0.7287656003185786,0.4609056
B2A,1c3c1aca33.jpg,0.825017996439133,0.3331446
B2A,1c434baf43.jpg,0.6406240432526862,0.40133852
B2A,1c4de511e1.jpg,0.6684107983262065,0.76068187
B2A,1c5cc22c2c.jpg,0.8304661868139682,0.36699235
B2A,1c5ce714cc.jpg,0.7482417005060253,0.30666766
B2A,1c64f657f4.jpg,0.6547011916434268,0.5577566
B2A,1c69470718.jpg,0.600754707471168,0.41116345
B2A,1c6eed59f5.jpg,0.7837879937181572,0.5841952
B2A,1c707e6132.jpg,0.7660756527636206,0.35161307
B2A,1c75256206.jpg,0.6062943673770725,0.53919315
B2A,1c7b3cdedc.jpg,0.8578833755695486,0.3417889
B2A,1c807fee79.jpg,0.7064171659123333,0.36525854
B2A,1c84f1179c.jpg,0.634343593284245,0.5039859
B2A,1c863100b1.jpg,0.6015391142897947,0.35915476
B2A,1c88080a3f.jpg,0.6007938449235052,0.3781637
B2A,1c95a45486.jpg,0.7789347193881928,0.5013282
B2A,1cb96210e6.jpg,0.5965382643646242,0.52569574
B2A,1cb9d045d8.jpg,0.5800653105983061,0.5246692
B2A,1cc26c48b8.jpg,0.7438853228966243,0.3932971
B2A,1cd5acea15.jpg,0.7960807909549974,0.41815245
B2A,1cdb990c46.jpg,0.6840751312727045,0.42622888
B2A,1ce3cb350d.jpg,0.6713658824885702,0.40125522
B2A,1cea1bf43d.jpg,0.694005522567603,0.48672298
B2A,1cf711c1d1.jpg,0.6770776647923333,0.49858612
B2A,1cfe6aba33.jpg,0.8830935894454708,0.36859098
B2A,1d0aecbd16.jpg,0.7709255830334697,0.5014944
B2A,1d0f76765b.jpg,0.5358216081389146,0.707224
B2A,1d17249a0f.jpg,0.7632903190161302,0.3509233
B2A,1d19c4bc7e.jpg,0.7336196114014304,0.37720925
B2A,1d205c56c5.jpg,0.8288469468634817,0.4184353
B2A,1d3446f22b.jpg,0.8240647095248417,0.45331788
B2A,1d38a9bee0.jpg,0.654474793936432,0.53780365
B2A,1d3fb25bad.jpg,0.8370445121055924,0.38023844
B2A,1d40d5d6ca.jpg,0.7818149539665052,0.30770117
B2A,1d44f79c1c.jpg,0.8553701944353433,0.3682416
B2A,1d46709e18.jpg,0.8329157903762963,0.43708897
B2A,1d53ac5a9f.jpg,0.8336567122217189,0.42947376
B2A,1d57118b49.jpg,0.6632622556290477,0.472728
B2A,1d584ad062.jpg,0.6984331837070729,0.3541473
B2A,1d5aa09f6b.jpg,0.542187867020078,0.42214885
B2A,1d5c4b80c6.jpg,0.6543070587292085,0.53878206
B2A,1d5cf63313.jpg,0.4765433558725288,0.32762206
B2A,1d5d4a0729.jpg,0.6996151863615921,0.48904473
B2A,1d640e96a3.jpg,0.8944430352844639,0.4330817
B2A,1d67aef6c9.jpg,0.7134072617009375,0.7522394
B2A,1d726a097f.jpg,0.7802137000901463,0.35154393
B2A,1d76ab1c0c.jpg,0.8201147567696039,0.32249913
B2A,1d79ab97ec.jpg,0.7446620445264103,0.33959568
B2A,1d7d8ff0ac.jpg,0.7730216055469207,0.5392251
B2A,1d8a6d18f1.jpg,0.6809792556147203,0.4893321
B2A,1d939cb782.jpg,0.6530471712999628,0.43184802
B2A,1d971deb73.jpg,0.6710606203309658,0.43092299
B2A,1da3631b3f.jpg,0.7248098870868285,0.6641469
B2A,1da538235f.jpg,0.5463954123323086,0.5354454
B2A,1da6888f64.jpg,0.7630746228996248,0.37114102
B2A,1dafe2cf42.jpg,0.57970302132502,0.6944802
B2A,1db0b33747.jpg,0.7484024863661998,0.4839249
B2A,1dba9a48ae.jpg,0.5900429714412161,0.43771002
B2A,1dbbe43952.jpg,0.794765939381097,0.3775349
B2A,1dc32da064.jpg,0.690526506890279,0.3801109
B2A,1dc335fcac.jpg,0.532441284932762,0.45531207
B2A,1dc3833078.jpg,0.8030241725270728,0.31955937
B2A,1dc3a7de89.jpg,0.6649011354999608,0.42974788
B2A,1dcbd84c73.jpg,0.662112280830611,0.31945395
B2A,1dd0ec3618.jpg,0.6863756051499624,0.36997512
B2A,1dda02098b.jpg,0.7567838163336079,0.35017666
B2A,1de54dbad6.jpg,0.745139929328448,0.3495814
B2A,1df4ff0436.jpg,0.8129584277244,0.3502339
B2A,1dfa5b2910.jpg,0.6404895614099579,0.50749457
B2A,1dfe2f3b46.jpg,0.7369130953117551,0.28991508
B2A,1e39d0e97c.jpg,0.7898305087172687,0.42931524
B2A,1e3a931f96.jpg,0.7137055747033391,0.4239168
B2A,1e4ccca31e.jpg,0.7770864000392154,0.42120215
B2A,1e56d7de95.jpg,0.76947329427107,0.3980385
B2A,1e59228328.jpg,0.7984960278674299,0.3732084
B2A,1e66879f90.jpg,0.8164272291099202,0.32813537
B2A,1e74d0da3b.jpg,0.6726574526485005,0.5561572
B2A,1e7e4f894f.jpg,0.7405054479612658,0.39128783
B2A,1e7ed16969.jpg,0.7489221611910185,0.36493558
B2A,1e90517e22.jpg,0.7740976063207401,0.36163908
B2A,1e947e5fe9.jpg,0.6713587510626209,0.5627607
B2A,1e983237de.jpg,0.642943350212008,0.4401412
B2A,1ea86dc4d5.jpg,0.621661338842656,0.42759353
B2A,1eaa4a27c8.jpg,0.860372340002607,0.36586216
B2A,1eb579374e.jpg,0.8195099515940771,0.37897822
B2A,1ebd894c28.jpg,0.8290246808227636,0.30001378
B2A,1ece79b77f.jpg,0.6714211097423931,0.4373681
B2A,1ed7c273ba.jpg,0.6877069505794884,0.45465747
B2A,1ede9dadc3.jpg,0.7537960654752973,0.2915255
B2A,1ef162e31d.jpg,0.8577881683650036,0.35262272
B2A,1efdfce7c3.jpg,0.6530517368224994,0.38358837
B2A,1f006ed5eb.jpg,0.9130377409179693,0.45530626
B2A,1f086664d6.jpg,0.8008188027120331,0.5699103
B2A,1f1a19ad8b.jpg,0.6530041995451863,0.40207043
B2A,1f252ba827.jpg,0.47112772042829276,0.5504356
B2A,1f2d34b65b.jpg,0.7601686753033718,0.28722575
B2A,1f540d0ecb.jpg,0.6341308354288139,0.42707562
B2A,1f63ea8e1d.jpg,0.8455026360052647,0.3872713
B2A,1f67c932d8.jpg,0.7243643139238025,0.327474
B2A,1f7b63917b.jpg,0.7243201084611487,0.2896175
B2A,1f8b43823c.jpg,0.7764366530243584,0.40335035
B2A,1f8fe4a8e4.jpg,0.7577994004636694,0.31546357
B2A,1f96108197.jpg,0.8365060644896753,0.3297912
B2A,1f979d49c6.jpg,0.8384332874917466,0.43570077
B2A,1f98e7d475.jpg,0.6044578415520919,0.43647107
B2A,1fbc82db49.jpg,0.7668691545435665,0.34780514
B2A,1fd7cebd1a.jpg,0.7598215024947057,0.41983622
B2A,1fe1ac40ef.jpg,0.7126392100927635,0.39612633
B2A,1fe223e960.jpg,0.7235670619861898,0.35614875
B2A,1fedaf095f.jpg,0.8809398567012764,0.32745928
B2A,20043a8eaf.jpg,0.7089413088024047,0.58444047
B2A,2004919ebe.jpg,0.8528087170753273,0.36197922
B2A,2022ef77f2.jpg,0.6098247975574975,0.63193166
B2A,2037f91745.jpg,0.8034734304463409,0.4157201
B2A,20454954b2.jpg,0.6278373384122653,0.44438633
B2A,204615862b.jpg,0.7446268008651733,0.6253977
B2A,2046adf2b6.jpg,0.7009988419365143,0.29305428
B2A,205f999ab3.jpg,0.7753705988780267,0.34697622
B2A,2061671c2b.jpg,0.5393903349214014,0.37879688
B2A,2063a6693c.jpg,0.7345710905816936,0.33711612
B2A,2066a2e091.jpg,0.7924256199884948,0.45492736
B2A,206adc3515.jpg,0.7148667908532471,0.3367388
B2A,206d18e819.jpg,0.5446839289145602,0.38363764
B2A,206e57e6d1.jpg,0.7488361954472191,0.41154754
B2A,2078d3f123.jpg,0.7791453309713747,0.5605984
B2A,2080efd0d6.jpg,0.635382733307153,0.3666819
B2A,208c0535cf.jpg,0.8523278221345664,0.3516546
B2A,208f4b819b.jpg,0.8275237475820479,0.5253264
B2A,2096a57bfc.jpg,0.7847653212865278,0.31478304
B2A,209873c58f.jpg,0.8851746166181964,0.26719207
B2A,209bdb1587.jpg,0.7068068960499373,0.41925442
B2A,20b2d4f4bf.jpg,0.7256887705560202,0.6189916
B2A,20b3d168a6.jpg,0.4782270836839316,0.49590057
B2A,20b7eab911.jpg,0.7946036240638645,0.4747763
B2A,20c152f056.jpg,0.5155313118558621,0.6897862
B2A,20cac2191a.jpg,0.8680809809983723,0.31155896
B2A,20d2fd7d1b.jpg,0.6929643673812088,0.40759966
B2A,20d336b6c2.jpg,0.8508680698805728,0.36642802
B2A,20d927a07b.jpg,0.6940268902554524,0.39074194
B2A,20ddf9c49f.jpg,0.6151538323430943,0.6426014
B2A,20ea204105.jpg,0.7387602902870132,0.32781708
B2A,20f93c26b0.jpg,0.7991748573081748,0.36595482
B2A,20fa90d43e.jpg,0.8647295070981125,0.50020957
B2A,2103852756.jpg,0.6930461386989227,0.39293793
B2A,211ca2dfb4.jpg,0.7787290808011063,0.3655361
B2A,21243b9607.jpg,0.7918545244610927,0.5684515
B2A,2129f6f2dc.jpg,0.512607140450196,0.5096393
B2A,212cf8498d.jpg,0.6138028586937079,0.57749563
B2A,2145ce0f78.jpg,0.82009676201848,0.32625556
B2A,21630a4fa1.jpg,0.7197368881181834,0.43905792
B2A,216a8d4e5c.jpg,0.6900451110636244,0.43247926
B2A,21747ccb08.jpg,0.6513085964878621,0.48929608
B2A,21757a4c07.jpg,0.7481319156497629,0.529747
B2A,217b9b9aaf.jpg,0.6692904126749002,0.37088612
B2A,21927aa7d4.jpg,0.6446631474594392,0.45698202
B2A,219baac7b2.jpg,0.7297127943126649,0.43918815
B2A,21ac721374.jpg,0.6473842461558084,0.5127967
B2A,21b6fd99a5.jpg,0.6808074724182848,0.5049113
B2A,21b9aafc49.jpg,0.812835230295331,0.31858963
B2A,21c2589053.jpg,0.7606522016134707,0.35868013
B2A,21c2c68337.jpg,0.7676627858251084,0.50243384
B2A,21e2aea535.jpg,0.7855315203873042,0.35949516
B2A,21e5c1891c.jpg,0.761572702855087,0.3714819
B2A,21e7463544.jpg,0.6423837940086982,0.39999402
B2A,21fe71a93b.jpg,0.6991915296673896,0.5575634
B2A,2236c207aa.jpg,0.6897913605201904,0.3372978
B2A,223c77d56f.jpg,0.7190339038503828,0.2307308
B2A,2246ed23dc.jpg,0.6354971632905431,0.4466125
B2A,2257860322.jpg,0.6208387610569587,0.32367453
B2A,22661d9ec0.jpg,0.5556597823912687,0.42272663
B2A,2286c7067e.jpg,0.7425728759691118,0.46695393
B2A,228a291710.jpg,0.649391926049748,0.5662758
B2A,228c986820.jpg,0.7564913586168756,0.37579256
B2A,228d0b850f.jpg,0.833986519084889,0.36606926
B2A,2292200c80.jpg,0.8678735610555363,0.42560756
B2A,229221319f.jpg,0.6888645729895001,0.4378081
B2A,229eca589c.jpg,0.8086547567745397,0.45004156
B2A,22b213f1e5.jpg,0.7021408218666876,0.5892899
B2A,22b305f62e.jpg,0.647841096138059,0.4517666
B2A,22b389e1fd.jpg,0.6016861509341562,0.37701905
B2A,22b5b48553.jpg,0.8721907730521079,0.35141993
B2A,22bfe6445a.jpg,0.6579391444517634,0.37050658
B2A,22c2ebefea.jpg,0.7622501481007751,0.40774855
B2A,22c5bb63ac.jpg,0.5605063140454352,0.3255872
B2A,22cd40eed2.jpg,0.7277104930197085,0.3855101
B2A,22ce24836f.jpg,0.7517765260839439,0.38094878
B2A,22d49f3bb9.jpg,0.45819993314572305,0.4663457
B2A,22e1784ae5.jpg,0.8049603290356647,0.4334169
B2A,22fc4c2e5b.jpg,0.8102166845020999,0.27792773
B2A,2304539c3c.jpg,0.6785557695182975,0.5148796
B2A,23060d93b3.jpg,0.7188604853444582,0.46006307
B2A,2308cd7f79.jpg,0.7860259408479631,0.29765007
B2A,230ce6af39.jpg,0.6526568796357768,0.42089665
B2A,2318dd451a.jpg,0.7803379608747396,0.37828887
B2A,23296f234d.jpg,0.718312630097487,0.40252456
B2A,2339fbceb2.jpg,0.8480990785354575,0.51342803
B2A,2351d0e36d.jpg,0.7760563234086983,0.52575845
B2A,23568b7cf6.jpg,0.4745962887864256,0.46919194
B2A,235a2feea2.jpg,0.581370205869959,0.6361271
B2A,235f2c8d2d.jpg,0.7326098061805896,0.37772363
B2A,236e24292a.jpg,0.6769809547737006,0.35641506
B2A,2372845016.jpg,0.7481291307566009,0.39803332
B2A,2379cb1f27.jpg,0.6953434304095074,0.40254524
B2A,238bd94fcb.jpg,0.6130479857994536,0.43180898
B2A,2398192c56.jpg,0.8172099123431021,0.40222436
B2A,23a2a896cb.jpg,0.7205504701582447,0.36794913
B2A,23b1669fc4.jpg,0.8738923684851232,0.43576095
B2A,23be955aa3.jpg,0.6737738582090895,0.3603751
B2A,23d0cd1621.jpg,0.712899648736295,0.5460877
B2A,23e044ebbf.jpg,0.8459062749141832,0.2969178
B2A,23e490fde6.jpg,0.7208008735603494,0.5451952
B2A,23edb57cff.jpg,0.8107451354148393,0.3198994
B2A,23ee3c5507.jpg,0.5688198508283346,0.4325813
B2A,23f7a22314.jpg,0.7666746932789853,0.41747686
B2A,23fb1a1690.jpg,0.7449468979129296,0.31379545
B2A,23fb2c15d2.jpg,0.8365605310109812,0.33933085
B2A,2403efbfd3.jpg,0.6969965274448809,0.4040367
B2A,240a7c491a.jpg,0.7649140155014335,0.55612135
B2A,2410f7ebd1.jpg,0.5383308831808924,0.55487853
B2A,24166036c4.jpg,0.6540609788247461,0.44094172
B2A,241d87414d.jpg,0.7833307400721465,0.3853376
B2A,2421fde7b1.jpg,0.8265814255199996,0.6142217
B2A,243ef6c04e.jpg,0.8860517855845151,0.42769575
B2A,244182635e.jpg,0.8090493949359707,0.3091883
B2A,244cb6321d.jpg,0.8516864180036386,0.4082786
B2A,2469dbd507.jpg,0.5971373708960998,0.48296496
B2A,2476944f5c.jpg,0.8766864963272445,0.334232
B2A,247d71f468.jpg,0.6560391326305317,0.33172423
B2A,2489d5208e.jpg,0.7371081421263949,0.4504646
B2A,248e98e6e5.jpg,0.7209307988499738,0.57533175
B2A,24997d2394.jpg,0.5253035902141938,0.4092242
B2A,249c6f2b02.jpg,0.7340799120775432,0.4855343
B2A,24ad0a8279.jpg,0.7062465868334832,0.489047
B2A,24af325930.jpg,0.8095975826515063,0.44305336
B2A,24af541789.jpg,0.8052130714412948,0.35835984
B2A,24b21b5261.jpg,0.6074607941129518,0.63864267
B2A,24b535812d.jpg,0.7336823630207988,0.36876863
B2A,24b54b150b.jpg,0.5700026462234178,0.46507406
B2A,24c4ed86a3.jpg,0.7744490507306063,0.35626596
B2A,24c5780a0c.jpg,0.7477770158211507,0.43216792
B2A,24d819c261.jpg,0.7565354333939622,0.48553598
B2A,24e8e3b180.jpg,0.8406160301536487,0.4573052
B2A,25082e762f.jpg,0.6435148736391376,0.3971436
B2A,250bd36c8c.jpg,0.8590060101645898,0.274639
B2A,252bc3a3ab.jpg,0.791986907277606,0.38686872
B2A,252f6d69ce.jpg,0.7940069472998328,0.36324877
B2A,25315f09a6.jpg,0.5966424722480405,0.3093203
B2A,253340547f.jpg,0.6437553135523911,0.5794584
B2A,25346ff439.jpg,0.8623155394853812,0.2504816
B2A,25462592ac.jpg,0.7830144282547973,0.30753398
B2A,2552f6c0e4.jpg,0.8257425024076337,0.30653015
B2A,256f038a42.jpg,0.7487173574938214,0.3625512
B2A,258083f3e8.jpg,0.5663659398055924,0.76293766
B2A,2581451ca9.jpg,0.6283285003191788,0.54743874
B2A,259e4070d5.jpg,0.6802412256697384,0.49886096
B2A,25a9b86180.jpg,0.61352234310001,0.41806033
B2A,25b6be053f.jpg,0.6940627276685214,0.33251965
B2A,25c04fbf2f.jpg,0.859675374510581,0.33519834
B2A,25c2b346fe.jpg,0.7268373101729605,0.3843389
B2A,25c46710fc.jpg,0.74009266745353,0.42386287
B2A,25c827dc83.jpg,0.7516772524518334,0.47224897
B2A,25cb295b1f.jpg,0.6642339281322387,0.26593947
B2A,25d70dd7b1.jpg,0.7138935002280009,0.38701957
B2A,25df1df7d9.jpg,0.5388212994896714,0.48931903
B2A,25e705548a.jpg,0.7864198920033135,0.43626875
B2A,25eba9fa76.jpg,0.7217336888908045,0.55906653
B2A,25f8328a2f.jpg,0.6898645743654083,0.44028765
B2A,2602597bb0.jpg,0.6868078709234179,0.45369884
B2A,2605924561.jpg,0.8156680448494843,0.36520493
B2A,2606c25ce3.jpg,0.6623433174385008,0.43194222
B2A,260d6a5c37.jpg,0.628849449316462,0.4529648
B2A,26182c3d72.jpg,0.8484881629380395,0.31648034
B2A,2621968d1b.jpg,0.7678964095622899,0.37842858
B2A,2629524a69.jpg,0.7819849473839977,0.2867573
B2A,26296bb84f.jpg,0.7974138786502429,0.3448194
B2A,2641b8175f.jpg,0.7923206877510931,0.32974315
B2A,26494a01e1.jpg,0.8523180715272961,0.405758
B2A,26582fc5a8.jpg,0.656936133112021,0.5158193
B2A,265f7accbd.jpg,0.6662799591491796,0.4670064
B2A,26722e2880.jpg,0.7263267320636089,0.34282354
B2A,26863f0716.jpg,0.8040297211278801,0.37270352
B2A,2688ed2270.jpg,0.8342202033352226,0.38473248
B2A,26892fcc02.jpg,0.801728251017097,0.31466737
B2A,268b959d88.jpg,0.7691497375955916,0.45144492
B2A,26916da7ff.jpg,0.6016746978292742,0.43295342
B2A,2698bac269.jpg,0.8426523845772647,0.31895617
B2A,269b1b5690.jpg,0.7910421338088649,0.46086186
B2A,26aaf299c0.jpg,0.8597167215182714,0.35496685
B2A,26b9449f10.jpg,0.588617925664799,0.41356322
B2A,26bbb89fd6.jpg,0.5604123412024175,0.49674731
B2A,26c4de1515.jpg,0.5754898019453478,0.3498263
B2A,26cd0ec0e4.jpg,0.8072323486036695,0.40958768
B2A,26ce42c083.jpg,0.710685022191188,0.5032834
B2A,26d40b7147.jpg,0.7151584370565012,0.3954664
B2A,26d474464f.jpg,0.7153699274882686,0.4504966
B2A,26d4ecb9fd.jpg,0.7287537350561547,0.39575818
B2A,26d73ccce4.jpg,0.7210460718095255,0.39178663
B2A,26da6b82c6.jpg,0.8103121884398159,0.40089002
B2A,26db4dcdea.jpg,0.849005481275266,0.37954354
B2A,26fe13cbea.jpg,0.7766142306489674,0.4501133
B2A,2706749d66.jpg,0.8305354485154867,0.33473277
B2A,270687abc3.jpg,0.8341457502462218,0.3719309
B2A,270a7544e5.jpg,0.7887766080085827,0.5653914
B2A,270f62c6e8.jpg,0.7279877028389268,0.44635996
B2A,27159e6719.jpg,0.7864847900844465,0.36814785
B2A,271ec1348b.jpg,0.8179601931483788,0.3379625
B2A,2727db154e.jpg,0.8034793616396453,0.4857995
B2A,2734c9504b.jpg,0.7110635029532567,0.42799577
B2A,274ba0c4a2.jpg,0.7425390818919405,0.41673452
B2A,274cf83fa6.jpg,0.7583393072640513,0.4418291
B2A,27534f0e65.jpg,0.5836567435881896,0.39725754
B2A,27645084b6.jpg,0.7241177543292113,0.39624363
B2A,276543fbf7.jpg,0.5372960706393218,0.5727625
B2A,276c73bead.jpg,0.8258979321353732,0.36297214
B2A,276ee4b14f.jpg,0.6876724529866811,0.45350972
B2A,2775af1bba.jpg,0.7780869279332944,0.40969944
B2A,27777862fd.jpg,0.6521423223864876,0.5939143
B2A,2779835a1b.jpg,0.7378660760902221,0.515129
B2A,277c068c4e.jpg,0.7225174425248545,0.31003442
B2A,277d120bb4.jpg,0.6808030241993571,0.53821266
B2A,2782335eef.jpg,0.6739629236147728,0.5447701
B2A,2784e8f91d.jpg,0.7428156137678638,0.4110871
B2A,2791df1515.jpg,0.46310883417783266,0.53139484
B2A,279eb2037c.jpg,0.7744023516963564,0.33517423
B2A,27a36df1f6.jpg,0.8346229605973394,0.28066814
B2A,27b2a0c66f.jpg,0.8674611933763733,0.2722041
B2A,27b87e7785.jpg,0.8568662783572324,0.3262348
B2A,27bc5c6810.jpg,0.8322078809276461,0.29819936
B2A,27c273f5ac.jpg,0.771918658657534,0.37781167
B2A,27c67103f0.jpg,0.7203142660836934,0.41137844
B2A,27d994ba96.jpg,0.8379880691848889,0.32390687
B2A,27de05d60a.jpg,0.8830270387331944,0.5294329
B2A,27e341bcc2.jpg,0.8141747902809473,0.30119273
B2A,27ea6d9992.jpg,0.5740580520414167,0.7159487
B2A,27ebfe0db6.jpg,0.556518977082769,0.4809776
B2A,27f3a34b1d.jpg,0.6330960292154996,0.4685551
B2A,27f4d80142.jpg,0.6880587020152606,0.45356444
B2A,27fa99ac5c.jpg,0.5843631898424506,0.58247226
B2A,2806a9db15.jpg,0.778024353846552,0.36497363
B2A,281356f565.jpg,0.8002348461409773,0.38255626
B2A,2815c0ad33.jpg,0.7933021151096123,0.4031123
B2A,281b790739.jpg,0.673789512860349,0.33535326
B2A,283a083739.jpg,0.7700139141128168,0.484106
B2A,28430b5602.jpg,0.766762802520848,0.2790411
B2A,2843919992.jpg,0.8257093599229572,0.34236863
B2A,285449b06a.jpg,0.8338915546831973,0.34402388
B2A,2854ebb127.jpg,0.85324268418167,0.35643277
B2A,28611884d0.jpg,0.6937037833323119,0.5293176
B2A,2861f74357.jpg,0.8556492039483011,0.45613277
B2A,2867b3bef0.jpg,0.8621392371473621,0.3502054
B2A,286c5026ff.jpg,0.6782645332305327,0.5210024
B2A,2879b6b734.jpg,0.7808215776154719,0.35780376
B2A,2881c907bb.jpg,0.6676476362203864,0.6253674
B2A,2885431ef9.jpg,0.7836363540176946,0.2516667
B2A,288c92df0c.jpg,0.6283170209295882,0.4415615
B2A,288d596137.jpg,0.5654274257733094,0.49353072
B2A,289a8f7970.jpg,0.8143896581538032,0.28637785
B2A,28a626558d.jpg,0.7518163244148979,0.47366259
B2A,28a7737b48.jpg,0.8091031524686408,0.34700936
B2A,28aab35051.jpg,0.8850471866486253,0.43638533
B2A,28aacb7e4e.jpg,0.8322509125345794,0.37452474
B2A,28aec8dbd4.jpg,0.6707518031235794,0.59452504
B2A,28b05820b1.jpg,0.6902161594255132,0.39028347
B2A,28b57f757f.jpg,0.6332196919291815,0.47393572
B2A,28be9a8202.jpg,0.7645866021990209,0.48526332
B2A,28cf136409.jpg,0.7814797824400258,0.3583911
B2A,28e1c7681e.jpg,0.8064664541294055,0.27594665
B2A,28e27595dc.jpg,0.537753552588403,0.47976905
B2A,28e7b09f15.jpg,0.7459066402680032,0.42748138
B2A,28f3814945.jpg,0.7321017079916535,0.51142037
B2A,28f9f1a13f.jpg,0.6193304076645519,0.40346342
B2A,28fbbb8f15.jpg,0.7394813924772702,0.3591293
B2A,28fd6bf605.jpg,0.7709328341963583,0.45943147
B2A,28ffa0bd39.jpg,0.5563180764821734,0.34362584
B2A,290560fba4.jpg,0.7447511326446381,0.25559214
B2A,290dd4249d.jpg,0.798917353745388,0.30851936
B2A,291146558e.jpg,0.516756149830721,0.568097
B2A,292945e24e.jpg,0.789375865828522,0.31970257
B2A,293b00c315.jpg,0.7776548406846392,0.3735605
B2A,293dadb732.jpg,0.8639113735405749,0.437366
B2A,2951fe2fe1.jpg,0.8244904382863276,0.46442148
B2A,2959168184.jpg,0.5258003583550023,0.44046432
B2A,295b938a05.jpg,0.6966392108959806,0.520524
B2A,2960920920.jpg,0.6190620047180773,0.5830213
B2A,296b177cad.jpg,0.8068445420881185,0.45562991
B2A,296b8c38bf.jpg,0.8697554505795477,0.35394803
B2A,2971c7ed92.jpg,0.7547848401879661,0.40835384
B2A,297f3a075f.jpg,0.6606066377730987,0.3555113
B2A,29864d1221.jpg,0.7204870569330865,0.44572824
B2A,29906262a0.jpg,0.8631805782876774,0.42231658
B2A,299495fe20.jpg,0.6407688833872058,0.5668403
B2A,29a0754ddd.jpg,0.9302000473362754,0.29667434
B2A,29aacba212.jpg,0.6200305906778304,0.43814188
B2A,29afd0e0cb.jpg,0.5709961740409686,0.498468
B2A,29b165f427.jpg,0.60358017804598,0.5171516
B2A,29c0dfdae4.jpg,0.782525168865149,0.39858428
B2A,29c34c1abd.jpg,0.9100093100679204,0.22993842
B2A,29d0386f3e.jpg,0.846361888863773,0.27132088
B2A,29d335a6a9.jpg,0.8115962146137531,0.30698302
B2A,29d58214f1.jpg,0.6846756208680899,0.49985713
B2A,29d8295ed2.jpg,0.7179985219937516,0.45183656
B2A,29e01f8909.jpg,0.7569740357892876,0.50769836
B2A,29e7039a4d.jpg,0.7559511330846123,0.29790086
B2A,29eba6fe01.jpg,0.8316801372715477,0.35010093
B2A,29eefa93e2.jpg,0.7503311064142688,0.30897817
B2A,29f28ef872.jpg,0.6393255336485548,0.67451876
B2A,29fe34f752.jpg,0.5955034725576444,0.5401897
B2A,29ff35dc7b.jpg,0.7100917587974354,0.5298154
B2A,2a0382cf4c.jpg,0.7523309452239796,0.4497342
B2A,2a114c7c94.jpg,0.6053619209767338,0.45559683
B2A,2a13df2bc3.jpg,0.5244689235217124,0.64866245
B2A,2a14b928c4.jpg,0.5637938407591089,0.6823578
B2A,2a18193d91.jpg,0.7970972284467016,0.3502155
B2A,2a199d45e5.jpg,0.8584604348391884,0.3205878
B2A,2a26f69715.jpg,0.724025286220135,0.3675673
B2A,2a3cd42798.jpg,0.7197046200481032,0.41243616
B2A,2a4211a6e4.jpg,0.7734471311437752,0.46816713
B2A,2a4988e4a7.jpg,0.8094348989833818,0.3465777
B2A,2a4a9d54a7.jpg,0.7754639560069763,0.39984295
B2A,2a4edec63e.jpg,0.8433795757019917,0.40302444
B2A,2a503386a2.jpg,0.8948714684724091,0.35683408
B2A,2a606d05d8.jpg,0.7237417177338885,0.41950196
B2A,2a6805c1a9.jpg,0.8306100857974821,0.35846543
B2A,2a791629c4.jpg,0.7004189382934335,0.3531479
B2A,2a87a4fbee.jpg,0.5978864463737373,0.4060009
B2A,2a89dc7912.jpg,0.5689407691587975,0.44651112
B2A,2aa39bfaca.jpg,0.7243691599488208,0.28369507
B2A,2acc30abbe.jpg,0.7309924173798984,0.4072439
B2A,2ae4a137a6.jpg,0.7840672743190158,0.4443209
B2A,2af9ea0c85.jpg,0.9010592314427271,0.26757905
B2A,2b057c1cb8.jpg,0.8716530939557258,0.46601978
B2A,2b086b077f.jpg,0.5739057386724119,0.48747125
B2A,2b0beb1f37.jpg,0.5642291369825083,0.4124241
B2A,2b0c82824b.jpg,0.7738826460139577,0.2829758
B2A,2b1102f3b4.jpg,0.7270125890233079,0.4561996
B2A,2b19987d57.jpg,0.8257525147401906,0.41935715
B2A,2b19a7b5d3.jpg,0.732944297942427,0.617824
B2A,2b222ce74d.jpg,0.7797745538488328,0.43005997
B2A,2b22c8b439.jpg,0.5231604903398669,0.51380295
B2A,2b2486be40.jpg,0.7896444969198635,0.434244
B2A,2b28a6f69a.jpg,0.6639140348887131,0.36077285
B2A,2b2ae4cd5f.jpg,0.872414809751513,0.3095711
B2A,2b2b63d51c.jpg,0.8523913978941551,0.29819405
B2A,2b2efc29c6.jpg,0.8123448889411629,0.37800217
B2A,2b3a026f51.jpg,0.6190429920387023,0.48511198
B2A,2b516f78d1.jpg,0.6438529001383624,0.37330782
B2A,2b62ea6ed1.jpg,0.8179942980970808,0.3780636
B2A,2b68e09fa5.jpg,0.7881118943556892,0.3810747
B2A,2b6cd9bbf2.jpg,0.5174169714674262,0.6564826
B2A,2b7402e62d.jpg,0.7092414531876025,0.7226429
B2A,2b83d60844.jpg,0.6854594150106862,0.67046905
B2A,2b977b06b6.jpg,0.7716707477285254,0.44292694
B2A,2ba042499d.jpg,0.6881032190506832,0.6054023
B2A,2ba2325c69.jpg,0.5469262525130444,0.44241273
B2A,2bb040da92.jpg,0.7923206877510931,0.32974315
B2A,2bb16be25b.jpg,0.6577088933857014,0.51840496
B2A,2bb4efac43.jpg,0.8405318251300438,0.44368824
B2A,2bba709f10.jpg,0.837490491355181,0.3594037
B2A,2bd4e078d7.jpg,0.5215456653051102,0.4659329
B2A,2be00d7888.jpg,0.6933173102702908,0.48612645
B2A,2be5e776d7.jpg,0.7189348129693293,0.40494585
B2A,2c0394a36e.jpg,0.7454042152180125,0.5878444
B2A,2c060d43db.jpg,0.6422531118211766,0.57237816
B2A,2c0a22b1bd.jpg,0.7058223783598241,0.52545094
B2A,2c1f8326a4.jpg,0.6336573680119174,0.5656529
B2A,2c28975fee.jpg,0.6790967977566166,0.50694275
B2A,2c2e9d9c74.jpg,0.7809408346300883,0.37354478
B2A,2c525980b1.jpg,0.8049887829641217,0.26992822
B2A,2c5cd7dde6.jpg,0.7236884276104474,0.4195385
B2A,2c5deec20d.jpg,0.6134547674057322,0.50945204
B2A,2c64a2295e.jpg,0.8050908265967953,0.3615801
B2A,2c7f80aab7.jpg,0.6830040131203021,0.50044984
B2A,2c84e8d012.jpg,0.7026066309870264,0.40732878
B2A,2c8672a913.jpg,0.6352206809070443,0.33847898
B2A,2c885d1c89.jpg,0.6803443592446883,0.43515557
B2A,2c982c58a5.jpg,0.8126524058256742,0.3098355
B2A,2ca2d1287f.jpg,0.74429815812899,0.42619336
B2A,2ca79c8d4a.jpg,0.7401601298456775,0.5781515
B2A,2ca8ab24ef.jpg,0.7568639228508303,0.4052924
B2A,2cbb870493.jpg,0.8599866076893187,0.33791032
B2A,2cc7029c30.jpg,0.7570005050652897,0.42792764
B2A,2cd1818a6f.jpg,0.7189313507859865,0.40151268
B2A,2cd4ca4ff7.jpg,0.8468167435472684,0.3638557
B2A,2cdbb209dd.jpg,0.5849883679954136,0.5185244
B2A,2ce0a774cc.jpg,0.5291695481146489,0.6114806
B2A,2ce4fe7434.jpg,0.6229465956515687,0.4494946
B2A,2ce941f6ea.jpg,0.8114997883030698,0.29236487
B2A,2cf4cac9df.jpg,0.8546203485611564,0.31745413
B2A,2cf4fcd902.jpg,0.48139865768516704,0.56668746
B2A,2cf96e5d1d.jpg,0.8069952219689901,0.34984308
B2A,2cfd8877ea.jpg,0.8097552050737239,0.33107224
B2A,2d0075fb17.jpg,0.8042694990438246,0.49908972
B2A,2d16d2379d.jpg,0.7586974954138531,0.32874468
B2A,2d1fc447a1.jpg,0.6021131333550928,0.33366495
B2A,2d21050a7e.jpg,0.5898607954418524,0.6073261
B2A,2d220cb18e.jpg,0.6679701785815941,0.39876914
B2A,2d25168671.jpg,0.8501064566775997,0.4079839
B2A,2d44d8ede7.jpg,0.8651595086127986,0.42445606
B2A,2d48369700.jpg,0.6875816396601035,0.5526427
B2A,2d4e2c6a70.jpg,0.6384691343825446,0.44895166
B2A,2d4e5384ab.jpg,0.8082614163303232,0.37984973
B2A,2d5082427e.jpg,0.7334898381295216,0.42665857
B2A,2d5abca3d6.jpg,0.8231383359145552,0.34905893
B2A,2d6265411d.jpg,0.8011561606596745,0.33646804
B2A,2d637a7346.jpg,0.6006431608805446,0.3898264
B2A,2d7aba6183.jpg,0.7304801078135058,0.52831393
B2A,2d7deb9968.jpg,0.6916041913099286,0.39313784
B2A,2d903e93c5.jpg,0.6840708977503407,0.51973647
B2A,2d95ae6eb2.jpg,0.7833437601983367,0.4296351
B2A,2d9bfdb911.jpg,0.5779941320889486,0.58703023
B2A,2da40e05e0.jpg,0.6007869966199849,0.43779564
B2A,2da41f7e22.jpg,0.8779451672279871,0.31503826
B2A,2dac7d65e9.jpg,0.7877788152718543,0.43069416
B2A,2dacb0a259.jpg,0.7832630321163233,0.31827828
B2A,2daf4ce562.jpg,0.7834169602540292,0.3586365
B2A,2db034b46c.jpg,0.7542615557811029,0.4026115
B2A,2db14aa0ac.jpg,0.595872820375968,0.4557841
B2A,2db8fdcdb6.jpg,0.7818085586358703,0.36541516
B2A,2dd1d30221.jpg,0.8555305269881912,0.3283679
B2A,2dd4f95b88.jpg,0.5374527780868634,0.49871632
B2A,2dd9275de3.jpg,0.7692543524481176,0.37672904
B2A,2ddc57dd19.jpg,0.8288217248300425,0.2862587
B2A,2ddd51611c.jpg,0.6752658471829298,0.5708427
B2A,2dec4e77ed.jpg,0.7109674872392537,0.41992298
B2A,2dec9e5cf3.jpg,0.876320054325192,0.3242503
B2A,2dfec6a775.jpg,0.738671431945441,0.50772035
B2A,2e00f465c3.jpg,0.4673837742753492,0.6803765
B2A,2e09380c2a.jpg,0.7308064710910621,0.39454544
B2A,2e1753ba9b.jpg,0.8140703013786403,0.51896
B2A,2e1c6fc11b.jpg,0.7027059162289309,0.35091093
B2A,2e2e206c28.jpg,0.8214584820971661,0.48294842
B2A,2e301d7558.jpg,0.6732135590467134,0.5927897
B2A,2e517b8314.jpg,0.7594360611805138,0.29308087
B2A,2e5fbd7286.jpg,0.7101714608048274,0.34065908
B2A,2e6ec4908b.jpg,0.693231656763903,0.42853466
B2A,2e7742679f.jpg,0.7893504959780543,0.3959297
B2A,2e78e51950.jpg,0.7494133083860123,0.32926756
B2A,2e78e73bea.jpg,0.5748814882889846,0.48690322
B2A,2e7bf7b6d7.jpg,0.6482724404143169,0.3911069
B2A,2e90f3f80e.jpg,0.7266654794300265,0.47084314
B2A,2eaec67b91.jpg,0.7554491268721072,0.53924036
B2A,2ec41d4134.jpg,0.713787126149271,0.37128794
B2A,2ecf4e49d6.jpg,0.721252832765328,0.45664835
B2A,2ee3c2e52e.jpg,0.776929863860894,0.46055636
B2A,2ee77c2635.jpg,0.752053293281796,0.32786822
B2A,2ef2770a26.jpg,0.6645846628967912,0.52083975
B2A,2f109a6785.jpg,0.7591780058521458,0.38213953
B2A,2f16239804.jpg,0.6490180791267288,0.38966855
B2A,2f1aabf863.jpg,0.7628681452248449,0.46355265
B2A,2f1cadb0b7.jpg,0.6862208906388296,0.5279192
B2A,2f220b23a4.jpg,0.6120199747357413,0.6880713
B2A,2f23c7dfd2.jpg,0.8349846264967874,0.3738402
B2A,2f33daf7c6.jpg,0.6326982545219295,0.43806988
B2A,2f5081e946.jpg,0.8000836282963691,0.32632408
B2A,2f8ca8f7dd.jpg,0.8709014854429851,0.3675061
B2A,2f9d43719d.jpg,0.758219156931387,0.6509266
B2A,2f9dac2cfc.jpg,0.5418295007350064,0.55089176
B2A,2fa3a1847b.jpg,0.8095357467046598,0.43401256
B2A,2fa51ca1fa.jpg,0.6572033642372774,0.41902417
B2A,2fb1aee127.jpg,0.7069163700444827,0.43702772
B2A,2fb56b3050.jpg,0.8335449609082815,0.29672247
B2A,2fb9a62d4f.jpg,0.6469335672273955,0.37669063
B2A,2fbd381154.jpg,0.5559375836311287,0.66561705
B2A,2fcca3b171.jpg,0.807894872498151,0.36665416
B2A,2fd530981b.jpg,0.7035525628499808,0.33708116
B2A,2fde227d1f.jpg,0.5048374112493131,0.41731283
B2A,2ffdb7bb25.jpg,0.6203789259572816,0.47567967
B2A,2fffa9b80b.jpg,0.654490950964917,0.50036335
B2A,2ffff1f4b7.jpg,0.7520740550404619,0.39553562
B2A,300bfa61ee.jpg,0.7542738044996639,0.49533382
B2A,300de48204.jpg,0.7226502695686845,0.4416318
B2A,30126b0c64.jpg,0.552529771930194,0.519108
B2A,3012de7eed.jpg,0.7135008383103578,0.46431744
B2A,3016a28e9d.jpg,0.7625404866610371,0.41499704
B2A,3023c7e91c.jpg,0.7722817470217465,0.41455886
B2A,3036b97556.jpg,0.8352404188507577,0.3469373
B2A,303b61552d.jpg,0.805350185709799,0.5152622
B2A,304070d771.jpg,0.6629914664093143,0.6297262
B2A,30466cabde.jpg,0.6254638100218372,0.38056037
B2A,3047c6263a.jpg,0.7603095518123771,0.50445104
B2A,304c2f4d34.jpg,0.7631920188718313,0.52500427
B2A,304fd99da4.jpg,0.7039753702152384,0.3664162
B2A,305e8c1906.jpg,0.7236657937878501,0.36858493
B2A,305fc59b7e.jpg,0.6401025381137403,0.5876936
B2A,306397c35a.jpg,0.6354207635718238,0.34161738
B2A,30647276ab.jpg,0.6888088862168852,0.5135019
B2A,306ebd4b5c.jpg,0.7060168324918971,0.40518737
B2A,306fdd232d.jpg,0.693918085717632,0.42896512
B2A,30704449eb.jpg,0.7404786439009209,0.4460679
B2A,3070a4c8b0.jpg,0.6718958640439415,0.49475214
B2A,30718dc781.jpg,0.8298585516604544,0.49363035
B2A,307d716b38.jpg,0.8584471946683133,0.3882038
B2A,30821a129e.jpg,0.6544903051408959,0.37080708
B2A,30c43e2fe9.jpg,0.8067771803903429,0.35704553
B2A,30ca82141f.jpg,0.8529901425932563,0.56395155
B2A,30d24dd7c8.jpg,0.7381755035049525,0.6259035
B2A,30ea353d97.jpg,0.7547044270036065,0.45680588
B2A,30ea58dabb.jpg,0.5660146040834455,0.6161908
B2A,30f4a36c95.jpg,0.8532975724855687,0.29806057
B2A,30ff35c5af.jpg,0.8676028940397336,0.40565336
B2A,3116136a42.jpg,0.7101666207548825,0.38319594
B2A,312c2be90b.jpg,0.804524980031429,0.33590436
B2A,313cd1f3e0.jpg,0.6296420935095302,0.43767473
B2A,3150771433.jpg,0.49893518561282546,0.48001716
B2A,3165c39cd3.jpg,0.5588807987540582,0.45662963
B2A,3178a6117e.jpg,0.6712865037414231,0.36331683
B2A,317b731059.jpg,0.8288104152884795,0.4089609
B2A,317ecf9e9d.jpg,0.8767607374700885,0.42439875
B2A,31819e2fb6.jpg,0.7232778644632036,0.44294083
B2A,318d2dd948.jpg,0.8008996342841536,0.4105972
B2A,319031271d.jpg,0.8039018314930796,0.34560502
B2A,319b17bbb4.jpg,0.8174397442471394,0.36358416
B2A,319b8157e2.jpg,0.8297759358809704,0.49395207
B2A,319de8a4c3.jpg,0.7481428092712711,0.6466375
B2A,31af3a1906.jpg,0.5600715342530136,0.69411695
B2A,31dd6a20fc.jpg,0.8445779653058876,0.2693104
B2A,31e3562ead.jpg,0.8204848243453579,0.49132794
B2A,31ebef8c4c.jpg,0.7124106199177844,0.7181287
B2A,31ecf73a02.jpg,0.8631508484149021,0.3935726
B2A,31fbb87d97.jpg,0.7387621997900127,0.37731707
B2A,31fdcfab86.jpg,0.7249569039151712,0.33635384
B2A,32076ecaf2.jpg,0.784702588575996,0.31776884
B2A,3213f8108a.jpg,0.7466508287782482,0.39357033
B2A,3224e61375.jpg,0.7348684486970987,0.38096714
B2A,32277975c5.jpg,0.5840312119130989,0.4178294
B2A,3250368377.jpg,0.8030084940969737,0.37563503
B2A,325120c998.jpg,0.742107051710352,0.33280218
B2A,32639bab15.jpg,0.6265875462246999,0.43624622
B2A,3277390c9b.jpg,0.602378431822893,0.52830726
B2A,3278d87456.jpg,0.8669594550370072,0.3968143
B2A,327bbda45b.jpg,0.7729477095342193,0.35010415
B2A,328321b466.jpg,0.7911616683615339,0.35365266
B2A,32882d9a83.jpg,0.746656417245634,0.40812695
B2A,3291187d91.jpg,0.6363871764323483,0.48006845
B2A,32a1470651.jpg,0.8506987244027486,0.39600924
B2A,32ae69a50f.jpg,0.5337243902764539,0.6482064
B2A,32b537e6de.jpg,0.8676049366341051,0.374622
B2A,32bb26374a.jpg,0.7960340654747524,0.42311704
B2A,32bcb20dae.jpg,0.7552552545385853,0.4629809
B2A,32cb5db524.jpg,0.7465834325995062,0.37879306
B2A,32d3f34515.jpg,0.7647344005359907,0.33475196
B2A,32d98e72dd.jpg,0.5165122350880695,0.5638288
B2A,32dde12686.jpg,0.6162999567588958,0.61871827
B2A,32df0e0408.jpg,0.5561909697435898,0.31723237
B2A,32edfa9c9d.jpg,0.8744762501397335,0.30793267
B2A,32f3055dff.jpg,0.8249564381135711,0.49288595
B2A,32fae726b3.jpg,0.47694729745304826,0.7243442
B2A,32fdfa3c24.jpg,0.7823833170548602,0.37048894
B2A,33032dc5ad.jpg,0.6250466844382164,0.41936165
B2A,33084e742e.jpg,0.6567726728795401,0.50756764
B2A,330fa8a7a8.jpg,0.7468003714893527,0.59834623
B2A,3316c8daed.jpg,0.8119700303059555,0.3246389
B2A,331f082a0b.jpg,0.6609638223395903,0.34605995
B2A,33244a8ba9.jpg,0.5218733175539114,0.43664026
B2A,332da05c9c.jpg,0.7785656432349317,0.54772097
B2A,3335cea81d.jpg,0.6121978550976418,0.5544451
B2A,33392f6dea.jpg,0.5588597683502758,0.5522409
B2A,333b2e7121.jpg,0.8648437077724818,0.27930462
B2A,334259faa0.jpg,0.7026352057499697,0.4711219
B2A,33439a9a62.jpg,0.6902881989845773,0.49695194
B2A,335adb946b.jpg,0.8141703517811383,0.30555233
B2A,335bf2f75a.jpg,0.8411229353356234,0.52049893
B2A,335d7fa61b.jpg,0.7019940985132522,0.37957102
B2A,336e786f25.jpg,0.6743323809020019,0.34532046
B2A,337a9d7475.jpg,0.5625836864645019,0.47138566
B2A,338fec22de.jpg,0.5414065455999789,0.62736636
B2A,339d590103.jpg,0.8506530060370849,0.34483945
B2A,339db96fd4.jpg,0.6269070688136362,0.39154512
B2A,33a24fd568.jpg,0.7413281495452427,0.40490806
B2A,33b29070dc.jpg,0.7250241747689562,0.39402178
B2A,33b5473fb6.jpg,0.6185778106212311,0.47890976
B2A,33bae37b7a.jpg,0.6381975728964778,0.38860407
B2A,33baf9fee5.jpg,0.686515452030298,0.4187553
B2A,33bd2f6360.jpg,0.7421365950343255,0.42350757
B2A,33c737f426.jpg,0.7262505657719315,0.30610675
B2A,33ce5179c2.jpg,0.7053052856853,0.34951806
B2A,33d7e16c5c.jpg,0.7233654461818123,0.2899861
B2A,33e21e0ee8.jpg,0.8503435522910864,0.357428
B2A,33e4c897aa.jpg,0.8475412724634165,0.36569056
B2A,33f2df4cbe.jpg,0.6114385786748862,0.37901998
B2A,33ffdde2a0.jpg,0.6048510802670234,0.44869345
B2A,340c575487.jpg,0.731010928810313,0.40964216
B2A,3414d1e597.jpg,0.5413569451945108,0.6505547
B2A,341acd12b6.jpg,0.6532140776177112,0.3548115
B2A,34300a53dd.jpg,0.5949466083543902,0.51015174
B2A,343035e393.jpg,0.7040788741947843,0.3238402
B2A,3433e1373b.jpg,0.8321011118108154,0.3137179
B2A,3434712cc3.jpg,0.8392961068282112,0.40095636
B2A,34380cf889.jpg,0.7621309319095833,0.37618837
B2A,343e090a43.jpg,0.6973338944698017,0.39280358
B2A,343fa4c0eb.jpg,0.803044616935056,0.42625207
B2A,3447169f2b.jpg,0.6853289057684816,0.5243443
B2A,344cac7fe0.jpg,0.7064281109862206,0.4104371
B2A,345ee88105.jpg,0.6053101938537302,0.29107997
B2A,346579c393.jpg,0.5602712234215653,0.39981928
B2A,346a66651d.jpg,0.6788708109419519,0.37669128
B2A,347519baef.jpg,0.6420813460199228,0.43686426
B2A,347a1a864e.jpg,0.8061492246576898,0.38488165
B2A,3480de8e9c.jpg,0.617117637330105,0.42022273
B2A,3482a0b159.jpg,0.8256349371399743,0.51506865
B2A,34840c34c1.jpg,0.7607765687031959,0.28060097
B2A,348e12ab8b.jpg,0.797288414702619,0.3126769
B2A,3493315b15.jpg,0.7543033787453751,0.3988467
B2A,34961a9ee6.jpg,0.8737329330479883,0.41147774
B2A,349afdf79d.jpg,0.8552844116953517,0.37071657
B2A,349eab5771.jpg,0.7838959116237034,0.3477235
B2A,34a0d6d394.jpg,0.6865936045499567,0.3507928
B2A,34a5e6c55b.jpg,0.6481599228960472,0.5838394
B2A,34a9eba898.jpg,0.7471253497170848,0.47730607
B2A,34b514be69.jpg,0.708326537234512,0.43309456
B2A,34b51c7261.jpg,0.7038805890886816,0.5458457
B2A,34c5f04545.jpg,0.6946662740979079,0.5171669
B2A,34cbab9a5d.jpg,0.8448029901738925,0.35875717
B2A,34cf1b263e.jpg,0.767574687651545,0.43130842
B2A,34daf62663.jpg,0.7946587719369218,0.3766692
B2A,34e314407f.jpg,0.7827689975315307,0.3054994
B2A,34e66708aa.jpg,0.6435060889488056,0.44404212
B2A,34e95595ce.jpg,0.822186666199678,0.40562186
B2A,34eac9ab64.jpg,0.6851618869424388,0.4229493
B2A,34f4d5c9d4.jpg,0.7214349160625161,0.3560388
B2A,34fb6596e1.jpg,0.6292469869968681,0.5766082
B2A,34fe687882.jpg,0.7082524797346988,0.39410836
B2A,350b5ebef7.jpg,0.562399927877482,0.42402017
B2A,350d2a84d5.jpg,0.73620332378377,0.46131665
B2A,351e2041bb.jpg,0.8584311458680447,0.36289343
B2A,3528e213a3.jpg,0.5995357365329006,0.6039964
B2A,352c83ab74.jpg,0.7455051350738102,0.39267123
B2A,352e273208.jpg,0.7343338707416521,0.3724521
B2A,35395df60a.jpg,0.8042356958875136,0.3263898
B2A,353a61be7f.jpg,0.7219401965212688,0.40190452
B2A,353dedb268.jpg,0.6163507133392049,0.4347942
B2A,353e6a68f4.jpg,0.6320108808119372,0.489145
B2A,355475c717.jpg,0.615300953646769,0.40875638
B2A,355c86cd3d.jpg,0.6225235921019324,0.5192311
B2A,356a62efca.jpg,0.6651537239530534,0.4459172
B2A,356caca006.jpg,0.7117692577687128,0.33802631
B2A,358670e605.jpg,0.8511038209705523,0.40596247
B2A,358b265ed6.jpg,0.7318167237848817,0.49709055
B2A,35945cd71c.jpg,0.7854427346456695,0.37199754
B2A,359495f7a4.jpg,0.691277384510603,0.4191806
B2A,35961ab226.jpg,0.8138765598338592,0.3904245
B2A,3596426373.jpg,0.7377322492902342,0.4495667
B2A,359b6a2430.jpg,0.8486251444094218,0.37822738
B2A,35b0c24b22.jpg,0.77201246394189,0.37742686
B2A,35dd92bfb3.jpg,0.807484401044367,0.33885074
B2A,35e792eb1a.jpg,0.7807744407600781,0.3063323
B2A,35e7c9ec58.jpg,0.7862774632160082,0.3802427
B2A,35ed01ca2e.jpg,0.8261402623108419,0.44900978
B2A,35ed52c72f.jpg,0.7796603133227284,0.49504206
B2A,35fab228d4.jpg,0.8011405931878406,0.35478163
B2A,36000244a2.jpg,0.5379387658070676,0.54978204
B2A,3608d6b3ac.jpg,0.8561516961282581,0.4091019
B2A,360a1c7c80.jpg,0.8039035526702455,0.4512274
B2A,361f298a02.jpg,0.6370363950157012,0.46540853
B2A,3621a894db.jpg,0.7525452071018576,0.38672948
B2A,362204f307.jpg,0.8403418929800442,0.3207802
B2A,362511599b.jpg,0.8101030293242172,0.36992973
B2A,36261d4302.jpg,0.6907554359836852,0.40498832
B2A,3632f44a7c.jpg,0.7502416779301826,0.3985977
B2A,3648d77005.jpg,0.6106703613719953,0.5222417
B2A,3656053e31.jpg,0.6325197054876076,0.496927
B2A,3657ef6b24.jpg,0.8751549366419864,0.33426967
B2A,368b9526b7.jpg,0.6482380676102292,0.32954854
B2A,368ee43922.jpg,0.8886647221516376,0.23296888
B2A,3691380fa5.jpg,0.5560471897918552,0.4360988
B2A,3695170ba2.jpg,0.7427147117601163,0.43926835
B2A,369897af38.jpg,0.8730968486240267,0.38872343
B2A,36a77b49fe.jpg,0.7922266491436664,0.4234377
B2A,36a93aa776.jpg,0.640418323723306,0.3639947
B2A,36a9509d21.jpg,0.695226330479583,0.36736345
B2A,36ad6eb2d8.jpg,0.7543625140119172,0.37193662
B2A,36b37b892a.jpg,0.6336953338255922,0.4022671
B2A,36bafe2801.jpg,0.5277948891871321,0.60388964
B2A,36bcc9afa9.jpg,0.9204698960445309,0.39780125
B2A,36d67864d9.jpg,0.717256202099327,0.45851898
B2A,36d957036d.jpg,0.6491070568326123,0.3139166
B2A,36daf4d43d.jpg,0.8364966992957451,0.47274595
B2A,36e4004846.jpg,0.8139167468678584,0.34094012
B2A,36eb013265.jpg,0.7930699477909067,0.24953923
B2A,36eccca3ab.jpg,0.8493076015361878,0.3492111
B2A,36f18cca17.jpg,0.883907339392654,0.3213307
B2A,36f6aeb966.jpg,0.8220843842042991,0.3678477
B2A,37075ca2ee.jpg,0.7045282495460199,0.44686317
B2A,371c59835b.jpg,0.8351688161289854,0.42279828
B2A,371f2829aa.jpg,0.5056029399170349,0.63967866
B2A,372d828feb.jpg,0.5933665275707958,0.601424
B2A,372dc58821.jpg,0.5266124093217459,0.47414657
B2A,37322d9ff2.jpg,0.661929598720149,0.4883788
B2A,3744adb842.jpg,0.6639388225274274,0.3936623
B2A,374d5245d4.jpg,0.623065108765248,0.39824277
B2A,3751b9831c.jpg,0.7048447941297961,0.31764546
B2A,376073b21e.jpg,0.7591976305249243,0.35823563
B2A,376ddd69e6.jpg,0.5883652789152978,0.5898222
B2A,376f1b5edb.jpg,0.6428923881056647,0.38086677
B2A,377329db11.jpg,0.5175865434927696,0.39871556
B2A,3778fecb0c.jpg,0.7704521021013412,0.30523214
B2A,3789eceb0c.jpg,0.687742837533826,0.36940995
B2A,37911bdb2c.jpg,0.8239552087445972,0.33366916
B2A,37917ad369.jpg,0.7013338251408998,0.38240582
B2A,37928f6999.jpg,0.8508386672936457,0.46081853
B2A,379b25d4d3.jpg,0.7462697099541717,0.45102575
B2A,37a5918d6f.jpg,0.7672399173604343,0.31308
B2A,37a90c2b86.jpg,0.7070221683607577,0.43499207
B2A,37aabb8541.jpg,0.8210297218778774,0.3586061
B2A,37b12b7bc9.jpg,0.6228436519276367,0.49634933
B2A,37b740d8f8.jpg,0.6339929709757646,0.4025784
B2A,37c5732454.jpg,0.7234531468458407,0.38559246
B2A,37c6dc5971.jpg,0.6636739124715222,0.58479315
B2A,37cc9acfc2.jpg,0.8454203802934709,0.40212542
B2A,37cfa76bf2.jpg,0.7543809013236509,0.29492182
B2A,37d0b619d1.jpg,0.5485241318932175,0.4612499
B2A,37d3e79b71.jpg,0.5095279936714586,0.41415238
B2A,37df208f9f.jpg,0.697363432809052,0.6370011
B2A,37eb07f626.jpg,0.7560965129589085,0.33533788
B2A,37f738e7bc.jpg,0.7142327160635337,0.36575866
B2A,37fba790de.jpg,0.7384868611583945,0.4069537
B2A,38062f7d79.jpg,0.715009322778507,0.6094722
B2A,38070f5dbb.jpg,0.769556771095504,0.4466132
B2A,38086cf21f.jpg,0.8101288453581269,0.42326945
B2A,381267e62a.jpg,0.6978461286542302,0.41893494
B2A,381280b99b.jpg,0.8450023377167821,0.37858474
B2A,381d086c95.jpg,0.7819647213214336,0.43316472
B2A,3820d34bd5.jpg,0.7508698019429213,0.43121618
B2A,3833afaa5a.jpg,0.7995127107854835,0.35999176
B2A,383bfdbd98.jpg,0.6308792114908688,0.51773167
B2A,3842636752.jpg,0.7727042184415979,0.555104
B2A,385d53e164.jpg,0.5970987891784275,0.62985796
B2A,385f8eb28d.jpg,0.4671507438085888,0.46681824
B2A,3860dba6e7.jpg,0.6964622866503731,0.40800908
B2A,38629959ac.jpg,0.825775897989822,0.45676515
B2A,3865b242b9.jpg,0.8201555298397872,0.27885118
B2A,38662909dd.jpg,0.6042255245601408,0.5258107
B2A,38684f015e.jpg,0.8927746351682144,0.5318628
B2A,386a3c0897.jpg,0.6692101978299972,0.57944936
B2A,3876bbbae0.jpg,0.7729875530533253,0.41181013
B2A,3886187ed1.jpg,0.6625053871187973,0.5032696
B2A,3891ee053e.jpg,0.821105464449096,0.35746878
B2A,38992f60c4.jpg,0.7836380812652044,0.3401424
B2A,38993b35f9.jpg,0.7885889028442968,0.3390957
B2A,389acc824c.jpg,0.7919620249602712,0.55350834
B2A,389cbe6e1a.jpg,0.7899506751649988,0.42149645
B2A,38bb0ec345.jpg,0.7119807335695473,0.38637456
B2A,38c6532fe1.jpg,0.7879171659647187,0.40555596
B2A,38c88ad59d.jpg,0.8159271686587605,0.41509214
B2A,38cb53af79.jpg,0.7665530325690169,0.33961156
B2A,38d00950b6.jpg,0.5777863307779673,0.43348378
B2A,38d0de69d8.jpg,0.7477846258092261,0.38621885
B2A,38d5379f18.jpg,0.6888607580642294,0.4554098
B2A,38d71d4dfe.jpg,0.6107338747443317,0.58003515
B2A,38d9042083.jpg,0.7389434840208198,0.32425082
B2A,38deab6c01.jpg,0.8160049601391623,0.43430805
B2A,38dfbc95b7.jpg,0.47553711152360695,0.5846605
B2A,38ebf8fc82.jpg,0.6861312768118054,0.5039269
B2A,38f185baa6.jpg,0.5527695074383612,0.35048133
B2A,390f3f16d6.jpg,0.746212072579532,0.5080228
B2A,3915c24d8d.jpg,0.6423098941258815,0.54430366
B2A,3916d76a57.jpg,0.6254357598061945,0.46079218
B2A,392c032d0e.jpg,0.749504292150146,0.3996828
B2A,3941a52677.jpg,0.7685574728473127,0.23327503
B2A,394a38353e.jpg,0.6272943543077334,0.5665841
B2A,39545bce2e.jpg,0.8381494736271377,0.38564056
B2A,396b917aad.jpg,0.7781477954164028,0.3846214
B2A,39780192ea.jpg,0.6513992189206297,0.4021228
B2A,398849f59d.jpg,0.8261278444710464,0.3688313
B2A,39b7d694de.jpg,0.811917183218209,0.38277903
B2A,39c1270676.jpg,0.7750772090159574,0.4774689
B2A,39db6bdbbe.jpg,0.7085830195353088,0.5215126
B2A,39ff1e8568.jpg,0.6424068110573367,0.36907235
B2A,3a0046ee0d.jpg,0.6694209286121826,0.44883865
B2A,3a00c416f6.jpg,0.8359560380881162,0.41000617
B2A,3a2f29ea97.jpg,0.7801524864416992,0.37420034
B2A,3a36ff8b4b.jpg,0.8667461318493053,0.42492026
B2A,3a423d3645.jpg,0.7021149717040759,0.45449054
B2A,3a4414aa6b.jpg,0.5688395120428132,0.5270778
B2A,3a582c9914.jpg,0.6966657642824967,0.3728028
B2A,3a5b6e28e0.jpg,0.7994270428025955,0.3887089
B2A,3a5c7e707a.jpg,0.6650940310677165,0.48949254
B2A,3a747d8723.jpg,0.6556526389943936,0.4091287
B2A,3a7a0992dd.jpg,0.45997811822243245,0.49190176
B2A,3a82bd4f2a.jpg,0.6333161990693458,0.5223043
B2A,3a872d9357.jpg,0.7092453836000698,0.49638528
B2A,3a91a66bdd.jpg,0.7743613261775609,0.388637
B2A,3a9483311f.jpg,0.6795080221569542,0.5380263
B2A,3a9d528df2.jpg,0.7701520705675478,0.5275555
B2A,3ab31603e2.jpg,0.6355678309506249,0.48579237
B2A,3abca1ec15.jpg,0.7055898281746376,0.33425903
B2A,3ac5c5efeb.jpg,0.6809667189388459,0.6684938
B2A,3acafb52ae.jpg,0.7663858079462919,0.29802144
B2A,3ad0aa389f.jpg,0.7095015655787633,0.5674424
B2A,3ade5505ba.jpg,0.7446243331944993,0.43624476
B2A,3adf6a85e3.jpg,0.6985804143259458,0.32572675
B2A,3af0aaf3ee.jpg,0.6841475505331472,0.502928
B2A,3af3151f7f.jpg,0.7928477620997505,0.37341225
B2A,3afa5083c1.jpg,0.8034554305055512,0.45800513
B2A,3b047fc766.jpg,0.4967572838447266,0.6092826
B2A,3b20ee7aa5.jpg,0.7603012021859803,0.352049
B2A,3b28c6b97b.jpg,0.7769134926699918,0.37787294
B2A,3b312d0ac5.jpg,0.735420085948048,0.37923557
B2A,3b368db4be.jpg,0.7889680998871149,0.4883216
B2A,3b3f9ecd9d.jpg,0.8924733557552421,0.24498641
B2A,3b3fd02a40.jpg,0.7364355505127471,0.4866588
B2A,3b465f08bf.jpg,0.7651272991699409,0.40525126
B2A,3b4b485df5.jpg,0.7641480823179174,0.4159786
B2A,3b4e045bb7.jpg,0.6398008062167773,0.5816526
B2A,3b57973eb2.jpg,0.8230672340931634,0.32665545
B2A,3b5d843f5a.jpg,0.7811131448944431,0.43940958
B2A,3b64a40750.jpg,0.648090450431526,0.34809023
B2A,3b6a39a00d.jpg,0.588120637647457,0.56842726
B2A,3b6c01176c.jpg,0.7487615946197915,0.39760613
B2A,3b71b87d37.jpg,0.7921504254357988,0.30668473
B2A,3b76682887.jpg,0.7389950376754032,0.4592966
B2A,3b855caae4.jpg,0.699464910542416,0.41636574
B2A,3bae3d1712.jpg,0.6909503668500304,0.31400904
B2A,3bc75876be.jpg,0.7976945980756862,0.31867152
B2A,3bcafe027c.jpg,0.7678198121863635,0.32669365
B2A,3bcc67701d.jpg,0.7271839105606992,0.487661
B2A,3bd85aead5.jpg,0.5981097067201109,0.57863975
B2A,3bd8747102.jpg,0.8238048233997521,0.43245065
B2A,3bd9ddc108.jpg,0.7720899804001985,0.34685448
B2A,3be1aea5fc.jpg,0.7462506301358973,0.34288833
B2A,3bed43f9f6.jpg,0.6420169737071214,0.50927794
B2A,3bf9ac1eb3.jpg,0.6764873615472273,0.36379153
B2A,3bff224652.jpg,0.7977299204752899,0.4019985
B2A,3c048f020d.jpg,0.6319967795854391,0.4045906
B2A,3c07362391.jpg,0.6995258206949422,0.4750837
B2A,3c1963d1f8.jpg,0.781306367589599,0.39388096
B2A,3c21346fb9.jpg,0.7941558776630989,0.62450874
B2A,3c327deaca.jpg,0.8042669680190463,0.43812883
B2A,3c3c78be02.jpg,0.8436967905205693,0.30816835
B2A,3c4406fa5a.jpg,0.6883355050785018,0.54137886
B2A,3c52316f14.jpg,0.6061329768543788,0.7087426
B2A,3c53ee8af8.jpg,0.8231069551709173,0.42100775
B2A,3c5cdd7090.jpg,0.7196910757162575,0.58799845
B2A,3c5e76d1e3.jpg,0.8076625608172597,0.34190863
B2A,3c65d848ee.jpg,0.6417193282207907,0.40786284
B2A,3c6fe5de40.jpg,0.5892974586364019,0.4895357
B2A,3c72375e57.jpg,0.6767708063697145,0.45922077
B2A,3c7383e41b.jpg,0.5505834204941451,0.42628008
B2A,3c750a98db.jpg,0.6728125341645267,0.47842342
B2A,3c7a019967.jpg,0.779113725293287,0.2751845
B2A,3c840700fc.jpg,0.7111779097601142,0.32146776
B2A,3c8591595d.jpg,0.8268923882084664,0.46774656
B2A,3c8d055dde.jpg,0.7083663845250298,0.38767678
B2A,3c8de7efcc.jpg,0.7268393298005306,0.3958931
B2A,3c92f9da89.jpg,0.7786764727466059,0.49886608
B2A,3ca88b5bae.jpg,0.7471999990292515,0.32908413
B2A,3caa03fcca.jpg,0.6689098308778069,0.4208184
B2A,3cc4339658.jpg,0.7668872552730986,0.37008652
B2A,3cc6896a14.jpg,0.698910246560201,0.5504775
B2A,3cc973e9c6.jpg,0.5249239472385749,0.48629028
B2A,3cca867846.jpg,0.765467852447474,0.39466774
B2A,3ccbf381cc.jpg,0.7674176878328767,0.35926726
B2A,3cd0ce8fcd.jpg,0.6813807547526503,0.36379492
B2A,3cd43a2690.jpg,0.7146845596871141,0.32442766
B2A,3cdbcd6c29.jpg,0.733363196091885,0.4753343
B2A,3ce8fe7b80.jpg,0.7529573319878231,0.58238125
B2A,3cf977901c.jpg,0.4960226398794596,0.62144387
B2A,3cff22e3c9.jpg,0.7776621941508167,0.33763468
B2A,3d038050b2.jpg,0.5132563863083696,0.5642237
B2A,3d0982bebb.jpg,0.736273206800365,0.533335
B2A,3d0e0ead31.jpg,0.8038051848093135,0.39432383
B2A,3d14523c1f.jpg,0.768831095872859,0.6718369
B2A,3d165d2aad.jpg,0.8729579350654758,0.39347875
B2A,3d204371c7.jpg,0.739943863620341,0.34359956
B2A,3d29c7439f.jpg,0.5732884874418793,0.44216207
B2A,3d2c394405.jpg,0.5452017980776749,0.47800016
B2A,3d3b9f4ba1.jpg,0.7817927701567291,0.3878654
B2A,3d69e148e8.jpg,0.6690131530683959,0.37929294
B2A,3d6b2aa9d4.jpg,0.7710348419683133,0.36035928
B2A,3d6ef1f43d.jpg,0.5621531067051376,0.5724501
B2A,3d70ef0d7c.jpg,0.552059186393648,0.53463775
B2A,3d71b5934b.jpg,0.6532566037928154,0.39992034
B2A,3d8835b84d.jpg,0.6668168278023195,0.38960478
B2A,3d89a7a1c4.jpg,0.7689565990513201,0.35550553
B2A,3d89fa1a08.jpg,0.6414691965297833,0.39372194
B2A,3d8fd794f8.jpg,0.7272991524899488,0.30022722
B2A,3d961be033.jpg,0.6849354314195935,0.39974362
B2A,3da4c699b8.jpg,0.7424766019703021,0.43686065
B2A,3db43d9a04.jpg,0.6969651212039022,0.5241381
B2A,3db8bf2299.jpg,0.8188529484033428,0.37358236
B2A,3dc62c7550.jpg,0.7542075353548093,0.36622334
B2A,3dc69fb234.jpg,0.7164197531845218,0.42648917
B2A,3dcb9f50ff.jpg,0.659883081546847,0.27051142
B2A,3dcdf82bcd.jpg,0.6449120837428892,0.56815267
B2A,3dcf18bba9.jpg,0.885850169151646,0.3692627
B2A,3dd2d3096b.jpg,0.6853173500949853,0.46103913
B2A,3de3c8151d.jpg,0.570980271218803,0.51858735
B2A,3dfd77c751.jpg,0.8045651723330326,0.3885459
B2A,3e0479c7a4.jpg,0.6640170387721549,0.39553535
B2A,3e097a4c02.jpg,0.7565323265772127,0.38859397
B2A,3e1cd24e83.jpg,0.7545011883737318,0.37513313
B2A,3e1dfc9dc0.jpg,0.7646796418990404,0.46122813
B2A,3e2d480716.jpg,0.437572609602823,0.53954935
B2A,3e31646935.jpg,0.715087233865422,0.27436227
B2A,3e3b342a95.jpg,0.8029396888985454,0.3430225
B2A,3e4c86049d.jpg,0.7592359053908113,0.31482595
B2A,3e4e2f5b6e.jpg,0.7794797309344276,0.51883286
B2A,3e4edba19d.jpg,0.7090860015444197,0.40644938
B2A,3e60c7241a.jpg,0.746083792310681,0.36164728
B2A,3e780ed289.jpg,0.8732917574534348,0.36897942
B2A,3e806e2a4a.jpg,0.7496941918228817,0.40324047
B2A,3e9809b35e.jpg,0.8044198284218356,0.4261343
B2A,3ea3ae5954.jpg,0.5893416943111827,0.54692084
B2A,3ea96d7fbd.jpg,0.6466637921162967,0.64623964
B2A,3eaa214d3d.jpg,0.7494574842765473,0.4144813
B2A,3eab0e9d77.jpg,0.7251154749268741,0.5027858
B2A,3eb7c094c0.jpg,0.7754452806368131,0.38140455
B2A,3ebc8a4013.jpg,0.7784782629144504,0.29685432
B2A,3ec2bb5a0c.jpg,0.855680633239101,0.30220285
B2A,3ec4f57f74.jpg,0.7769487884547546,0.3046659
B2A,3ecedf69d8.jpg,0.6910709222044691,0.5088705
B2A,3ed12a78ce.jpg,0.764506519792181,0.4147775
B2A,3edae2ef79.jpg,0.7315050115901867,0.45011687
B2A,3edc9197e7.jpg,0.7831204871298582,0.36976486
B2A,3ee4497b2e.jpg,0.7034811936388953,0.34901798
B2A,3ee7eb408c.jpg,0.6357143320974762,0.40318227
B2A,3f0362f12d.jpg,0.7406575877418451,0.35524347
B2A,3f0738d8dc.jpg,0.7939136118522206,0.42670155
B2A,3f0a7330bd.jpg,0.7746908610639649,0.35706705
B2A,3f1191a447.jpg,0.736783996257404,0.36141732
B2A,3f1942ac5e.jpg,0.6080828037270222,0.29368532
B2A,3f220a6caa.jpg,0.8180492837693838,0.32994953
B2A,3f28319f81.jpg,0.5501819844556778,0.6322634
B2A,3f2a4b6406.jpg,0.6265603708875713,0.726766
B2A,3f3e610d58.jpg,0.6919728224002878,0.41693595
B2A,3f53c08114.jpg,0.7279743638629016,0.5445275
B2A,3f5bc8d85c.jpg,0.753174470002792,0.43203586
B2A,3f615bc675.jpg,0.7344986848639808,0.5565694
B2A,3f6489dfa3.jpg,0.7131596374232174,0.43668595
B2A,3f6e1ac2ae.jpg,0.8108036792585701,0.4922147
B2A,3f70cec894.jpg,0.7237865211236787,0.3146743
B2A,3f7dc6a469.jpg,0.7711168607363045,0.32668513
B2A,3f844f5b59.jpg,0.7120915894063363,0.30511096
B2A,3f8fd85f1c.jpg,0.7718649203558546,0.4317909
B2A,3f91546f37.jpg,0.7450819713448025,0.5244624
B2A,3f97bcc230.jpg,0.5992190471218911,0.42102444
B2A,3f9d9b6972.jpg,0.7547333202932931,0.3107373
B2A,3fa1aa1d56.jpg,0.7852375708998297,0.42674127
B2A,3fa61d1b59.jpg,0.7747491420519554,0.3496419
B2A,3fa89cdb0f.jpg,0.7956605840044093,0.4094558
B2A,3facf2de42.jpg,0.8062825694393289,0.53857046
B2A,3fc01a1f5a.jpg,0.8219760449021569,0.40092427
B2A,3fc29d7b01.jpg,0.6327664024342552,0.5120697
B2A,3fcabb43e0.jpg,0.8352299880603238,0.37264773
B2A,3fce3b2092.jpg,0.7938432712465483,0.4875434
B2A,3fd5f45733.jpg,0.5489797201392135,0.31655306
B2A,3fe71e2f91.jpg,0.7466238082615191,0.32726008
B2A,3ff9d14627.jpg,0.8045132246855723,0.5423827
B2A,3ffcf75444.jpg,0.8143053324912333,0.4796087
B2A,4006643077.jpg,0.533467239451321,0.46435052
B2A,400dd42483.jpg,0.8294716580424797,0.35113263
B2A,401c79161f.jpg,0.8241412640552128,0.278891
B2A,402358e99c.jpg,0.6266586924970938,0.35850674
B2A,402da39edd.jpg,0.6252474609217497,0.42754787
B2A,4033c4fd83.jpg,0.732214566651647,0.33757165
B2A,4035bcf4c5.jpg,0.7748417583129434,0.38321897
B2A,40365d3029.jpg,0.8100813218634562,0.42751557
B2A,403a9eb385.jpg,0.8148144176761198,0.32842198
B2A,4044bcfa56.jpg,0.6066280638470559,0.611741
B2A,40454944a3.jpg,0.8149946824767094,0.32085803
B2A,4051c9b480.jpg,0.7595159090152545,0.39484957
B2A,405d277475.jpg,0.7772804601308446,0.41862166
B2A,40634ec806.jpg,0.6795623111151263,0.43525538
B2A,4069034d1b.jpg,0.6529534240699343,0.60168904
B2A,4069c14970.jpg,0.6453179050163339,0.6529796
B2A,4069eee71a.jpg,0.652261156221175,0.47864947
B2A,406f7f455a.jpg,0.8025556878021072,0.42073223
B2A,40773a3569.jpg,0.7386576193315362,0.73236203
B2A,407ded2317.jpg,0.7882663165938129,0.3652255
B2A,408a7ed2d4.jpg,0.5132230850764774,0.5891839
B2A,408ae2c4d3.jpg,0.8203083291010812,0.42302674
B2A,408c4b86d7.jpg,0.7989837812441736,0.41535664
B2A,409f830e91.jpg,0.6012670439042075,0.5784671
B2A,40a2829478.jpg,0.6657870042095237,0.5973302
B2A,40abbf6272.jpg,0.7886432449197013,0.5258064
B2A,40b341cce7.jpg,0.8263743365332835,0.4959135
B2A,40b814831c.jpg,0.7704133287387748,0.3358931
B2A,40ba4c1ee0.jpg,0.695732509444091,0.3680213
B2A,40cd40f4ce.jpg,0.6857895419938715,0.38768888
B2A,40d46c10bd.jpg,0.6431334356522665,0.583264
B2A,40d6a5963b.jpg,0.6129627351283505,0.5497078
B2A,40dbef5e74.jpg,0.7439562530576852,0.3679431
B2A,40e2fb2f62.jpg,0.8978720498146757,0.25686455
B2A,410a15d160.jpg,0.6761530542250855,0.4477715
B2A,410c1279f0.jpg,0.8445667086615842,0.36482978
B2A,410f1753ab.jpg,0.7165026807149496,0.35926437
B2A,4113173d13.jpg,0.583426478884165,0.48719013
B2A,411424ff38.jpg,0.7796940348159097,0.37001455
B2A,4115b492be.jpg,0.659997958923,0.49728468
B2A,411728406b.jpg,0.6852939966259225,0.5559842
B2A,411cbac479.jpg,0.7770837483154499,0.3418194
B2A,41316be2ab.jpg,0.8074337285878378,0.3415044
B2A,4134a75abc.jpg,0.767468960187207,0.29121822
B2A,413aa936b2.jpg,0.7314352883135126,0.43667316
B2A,414a144db4.jpg,0.7336216789499294,0.36195213
B2A,4151207d56.jpg,0.5380048338940299,0.6095295
B2A,415a165321.jpg,0.8042275331648393,0.39822182
B2A,4166c63775.jpg,0.806683156154672,0.39868134
B2A,416e06ae04.jpg,0.6447379631398233,0.41303083
B2A,416e954665.jpg,0.6856250717561446,0.37651277
B2A,416fcde5d2.jpg,0.7723430794076286,0.35914454
B2A,4170ddf51d.jpg,0.7120894304903088,0.44948712
B2A,417769579b.jpg,0.791980297054702,0.42975035
B2A,417c141022.jpg,0.8527906304394777,0.50530076
B2A,417f9dbce5.jpg,0.7606394761161805,0.49328133
B2A,4185e8411e.jpg,0.7627926603579441,0.39750618
B2A,418d1c582c.jpg,0.7836417353089498,0.41879106
B2A,419385f134.jpg,0.7303896628226744,0.5801091
B2A,4197e5cf91.jpg,0.531647277911375,0.70264304
B2A,419c88186c.jpg,0.7258911179265773,0.30744258
B2A,41a0c9b77b.jpg,0.6271227635871112,0.354814
B2A,41a6a58a06.jpg,0.8843236119697615,0.4116866
B2A,41aab05613.jpg,0.8293717077778138,0.29208747
B2A,41c988e839.jpg,0.4917160661876427,0.62313545
B2A,41ca266a6d.jpg,0.6833527819534597,0.44170558
B2A,41d6d46378.jpg,0.8781217811309786,0.38881963
B2A,41da9742ed.jpg,0.630865282818866,0.6418432
B2A,41df7d5e43.jpg,0.7517773976886849,0.40490073
B2A,41ec0c9e94.jpg,0.8738700007458268,0.33420572
B2A,41ed759f87.jpg,0.8566054985646584,0.3190034
B2A,41f062b74b.jpg,0.6036270467281104,0.60379034
B2A,41f4b96cdd.jpg,0.5762292817743607,0.48779824
B2A,420386aab6.jpg,0.8000764655994781,0.37634614
B2A,421cf4d925.jpg,0.8066433399998012,0.21318516
B2A,4234c4fa4a.jpg,0.7651249693999395,0.44669753
B2A,4246be6f2b.jpg,0.7480332953816242,0.5455209
B2A,4252a6b79d.jpg,0.8354198485980597,0.4354052
B2A,4255eb0cb0.jpg,0.6934876922159593,0.4699508
B2A,4262ee33cf.jpg,0.60237774201627,0.580677
B2A,4263de0622.jpg,0.7919221374628707,0.31958327
B2A,42703f8185.jpg,0.8041053427208812,0.39232844
B2A,428066cbb6.jpg,0.7422512488058676,0.38131425
B2A,428516308c.jpg,0.8494004392278433,0.35641095
B2A,428cfa30a0.jpg,0.48044749156112976,0.6735653
B2A,42a17f2513.jpg,0.778801149897909,0.53226364
B2A,42a2c9c2a9.jpg,0.6185985966759245,0.45860437
B2A,42a90ee8fd.jpg,0.6197497296869062,0.4309519
B2A,42b38b3ecf.jpg,0.7157518756419113,0.3807401
B2A,42b7ed6caf.jpg,0.7039256972313609,0.38438836
B2A,42b9334189.jpg,0.7724516591327143,0.46151665
B2A,42d09ebeef.jpg,0.6273312332488286,0.52336097
B2A,42d7e15840.jpg,0.8478867982223205,0.4181538
B2A,42d95f5656.jpg,0.6333072303141459,0.5430209
B2A,42d9791966.jpg,0.7653275264202519,0.44926757
B2A,42db3f6bfb.jpg,0.7079316714634045,0.33577245
B2A,42e33a0f4e.jpg,0.7624936544192047,0.45320484
B2A,42e6bc6527.jpg,0.7690337300770126,0.32438692
B2A,42f2c8badb.jpg,0.8893578915590944,0.47825205
B2A,42f67a0c9b.jpg,0.8083381797841499,0.4766311
B2A,430365e84b.jpg,0.7595737495929533,0.36983147
B2A,4308c43102.jpg,0.7788230476987269,0.40732527
B2A,4325d69fe4.jpg,0.712354934240267,0.43721545
B2A,4327a26f90.jpg,0.806992542779421,0.35108313
B2A,432c4949ea.jpg,0.589727594748856,0.55153877
B2A,432c77e7ff.jpg,0.8884810683175361,0.36762884
B2A,433f72e01b.jpg,0.5754594870985307,0.4590949
B2A,43425f75c3.jpg,0.6463826193464954,0.4425847
B2A,4346c649be.jpg,0.7979107281943504,0.4845854
B2A,43519ebdda.jpg,0.7995904974056054,0.27797666
B2A,436544ba60.jpg,0.7728839271530207,0.3455188
B2A,436738950d.jpg,0.8606206385419238,0.3459091
B2A,4367fc0915.jpg,0.5583388350709024,0.6730194
B2A,437bce391c.jpg,0.708817677337449,0.43767866
B2A,437d311cfe.jpg,0.5358844057494727,0.48569554
B2A,439be152be.jpg,0.762569839640277,0.47689915
B2A,43a246cd29.jpg,0.8641744069469796,0.31352988
B2A,43a3471132.jpg,0.7013190556345329,0.3686927
B2A,43a5271014.jpg,0.8394142450139733,0.41309914
B2A,43b2557047.jpg,0.7591699153145486,0.43206358
B2A,43b5bdf41c.jpg,0.8026284407384444,0.30542174
B2A,43b6f98955.jpg,0.7181928906603285,0.5693016
B2A,43bcfa7f99.jpg,0.6677719834884067,0.4051789
B2A,43be6f2003.jpg,0.6988770607436003,0.5961003
B2A,43be7d5231.jpg,0.8401022585126441,0.47631386
B2A,43d6edb617.jpg,0.8589568712207593,0.27716163
B2A,43d7a934de.jpg,0.8108176602114598,0.30726147
B2A,43db8e440e.jpg,0.7253705552829707,0.46380895
B2A,43dbb8ae62.jpg,0.7439575883888766,0.35099417
B2A,43e7f05c27.jpg,0.4774476794869771,0.6649546
B2A,43ecb78f04.jpg,0.6397948631613105,0.5600333
B2A,43ef5533dd.jpg,0.8011693001312732,0.3750574
B2A,43f3d41042.jpg,0.830183668372388,0.34139785
B2A,441ba0764f.jpg,0.8281541040079028,0.3354547
B2A,442465d291.jpg,0.5559959419478291,0.5476685
B2A,44263e569e.jpg,0.6935689889062308,0.491912
B2A,442e55394f.jpg,0.8090164459494351,0.3293125
B2A,443367c605.jpg,0.7938300827522483,0.3187244
B2A,443cfcaf19.jpg,0.7777533625343418,0.53165686
B2A,444ea6a3df.jpg,0.7567887781665644,0.35644603
B2A,445c9de4ae.jpg,0.6350663122415902,0.58484644
B2A,44643764ef.jpg,0.593011669494865,0.36115652
B2A,4473598289.jpg,0.656563901392216,0.39811337
B2A,447a64dc90.jpg,0.8284729115554953,0.47161245
B2A,447ceb7434.jpg,0.7671002407865508,0.36388373
B2A,44811f744f.jpg,0.7672767113510425,0.3239577
B2A,44838c4894.jpg,0.5759746446923598,0.6281038
B2A,44852d6fd3.jpg,0.7304861086008841,0.47853136
B2A,4494dace12.jpg,0.8165114309240493,0.4151394
B2A,449d31ec71.jpg,0.7304206876051667,0.3900472
B2A,449ffd7d0e.jpg,0.7753853726847727,0.3192535
B2A,44b1c947c8.jpg,0.7257868371719586,0.42013937
B2A,44b7b27bdb.jpg,0.8378096829227147,0.4817584
B2A,44b948a11b.jpg,0.7578630284978829,0.31857193
B2A,44be21f482.jpg,0.6617960666429784,0.53616184
B2A,44ca9b838b.jpg,0.7397983468897831,0.5170073
B2A,44cd2a0855.jpg,0.8273258161891881,0.40191936
B2A,44d4bbf9c5.jpg,0.7874547906495727,0.33476013
B2A,44e072e7f6.jpg,0.7968864894839209,0.41427177
B2A,44f0533b7d.jpg,0.6165493418246555,0.6407626
B2A,44f9fc3d08.jpg,0.7892783947029431,0.37946758
B2A,450c48015c.jpg,0.6161300998868654,0.443151
B2A,451fa08066.jpg,0.7869932057345218,0.40721136
B2A,45281596ce.jpg,0.6583078280516197,0.4047074
B2A,452c2eae3c.jpg,0.6416254347601973,0.5069284
B2A,452c5d0bb4.jpg,0.7581334281450389,0.39589036
B2A,452cb57460.jpg,0.8313863796849068,0.36800694
B2A,45342d5c70.jpg,0.6869982302036535,0.49334586
B2A,4534cb2584.jpg,0.8206487091841259,0.48195142
B2A,453afd0c27.jpg,0.6347689289666307,0.40368775
B2A,453bd33553.jpg,0.6692712345166835,0.4061767
B2A,453f5d81cf.jpg,0.8042141447167516,0.43072164
B2A,454cf7a157.jpg,0.5867546849953006,0.44107845
B2A,4550c707f6.jpg,0.8216140161261869,0.5584898
B2A,4551f3f54b.jpg,0.7248247136793825,0.40467918
B2A,4569404b70.jpg,0.7234037880241464,0.4368775
B2A,4569953612.jpg,0.734123797364904,0.30849338
B2A,457b19a007.jpg,0.8085357063034084,0.405941
B2A,4581966154.jpg,0.6879536091286161,0.572973
B2A,4581a4faee.jpg,0.47936374145539856,0.7036386
B2A,458b9bddeb.jpg,0.7299260430001812,0.4469595
B2A,459a0e8a7b.jpg,0.684492775204118,0.3843069
B2A,45a0cf81a7.jpg,0.7181755067593993,0.4276611
B2A,45a4fc418c.jpg,0.8551333745036217,0.302414
B2A,45ae43ca11.jpg,0.7621525826845618,0.4042873
B2A,45b59ba108.jpg,0.7904943385594198,0.35825443
B2A,45bfc01241.jpg,0.7276431864666135,0.51933765
B2A,45cecf091d.jpg,0.724135393834883,0.4581601
B2A,45d284a829.jpg,0.5497382216118777,0.46648747
B2A,45db826465.jpg,0.7167369062306801,0.28798938
B2A,45e07afb6c.jpg,0.5688408159115773,0.48512965
B2A,45f3a9c5e3.jpg,0.8231805829866028,0.35309148
B2A,45f63c2653.jpg,0.5489679627603197,0.67336893
B2A,45f784213e.jpg,0.7328883533630177,0.5152745
B2A,45feda47bc.jpg,0.8650859471613519,0.29413128
B2A,46196f19d1.jpg,0.7773719575618717,0.40871957
B2A,461cc8da33.jpg,0.8201844950761512,0.30910805
B2A,463758c10d.jpg,0.6800006777433691,0.4624392
B2A,463ad92568.jpg,0.5971404095686041,0.57877815
B2A,463b8807e5.jpg,0.6790653963401632,0.43797863
B2A,463be5a1a1.jpg,0.6312594242994432,0.64478445
B2A,464d4dd705.jpg,0.6473982273540837,0.39667478
B2A,4663bb2924.jpg,0.634474850518273,0.4962007
B2A,466585f6df.jpg,0.5585509231964121,0.53211325
B2A,467657f396.jpg,0.8030080791626325,0.40650326
B2A,467873c9df.jpg,0.8295896053864971,0.37552503
B2A,468048412c.jpg,0.797787206125155,0.37101883
B2A,4682dbbee5.jpg,0.8861029666120149,0.43256813
B2A,4690fd5a96.jpg,0.8532968779029496,0.27872685
B2A,4691625ad2.jpg,0.5726718656020667,0.48020566
B2A,46950ae4ea.jpg,0.8003439698389706,0.32374525
B2A,4695ac2040.jpg,0.7498407698562423,0.5786502
B2A,4698056301.jpg,0.8330852255515361,0.28567833
B2A,469836dad8.jpg,0.5727025841128857,0.49102688
B2A,469d7ad9cc.jpg,0.7122398007507862,0.3039237
B2A,46c95eebbe.jpg,0.7330020804161796,0.40801638
B2A,46cadbe0a9.jpg,0.7405007929637186,0.41904747
B2A,46db1d7f60.jpg,0.6883018601671689,0.41822863
B2A,46e47f7efe.jpg,0.7251779785351695,0.3954842
B2A,46e71a4094.jpg,0.8098427577591064,0.2974708
B2A,46e84039a1.jpg,0.889487766069311,0.36851004
B2A,46f391abec.jpg,0.7066868116966569,0.46970224
B2A,46f5ef1042.jpg,0.7374439356491556,0.5861834
B2A,4706619607.jpg,0.9038165822358295,0.30922046
B2A,4707b03a08.jpg,0.545559071757418,0.4728714
B2A,47100a9939.jpg,0.6926660779527475,0.36963773
B2A,471f4755b9.jpg,0.7035421902215828,0.5003336
B2A,472b351bc4.jpg,0.8713037157847027,0.34678632
B2A,472d5ac100.jpg,0.6996274770332692,0.46122032
B2A,4758e5dd4c.jpg,0.627415167743149,0.4153729
B2A,4762bb79ef.jpg,0.7812656081945977,0.36902508
B2A,4778b13518.jpg,0.763110499219182,0.44402337
B2A,4787b82d37.jpg,0.8183792739415297,0.33737284
B2A,478e07feaa.jpg,0.53139817451031,0.4978016
B2A,478eb12a82.jpg,0.8538093956607751,0.3542601
B2A,479698b371.jpg,0.49459580386440183,0.4838554
B2A,4796d67f61.jpg,0.6678787016708234,0.60757315
B2A,47aad493bd.jpg,0.7468199789061482,0.35705313
B2A,47ae0edd23.jpg,0.6105813401027945,0.54278755
B2A,47b94957ff.jpg,0.7797571371659243,0.4025936
B2A,47bb43fe3e.jpg,0.637989531458088,0.4203638
B2A,47bb59d449.jpg,0.7770563278981766,0.35739332
B2A,47d391d94b.jpg,0.6288773241413349,0.5783161
B2A,47df262cc5.jpg,0.918009410879059,0.34199053
B2A,47eea5bf33.jpg,0.551625657093608,0.47131634
B2A,47f3b40cbc.jpg,0.7756181377375416,0.57733244
B2A,48122c9518.jpg,0.6731451686043824,0.36389273
B2A,481456b5a6.jpg,0.778513620405415,0.35458294
B2A,481713d59d.jpg,0.6801682510946911,0.39494523
B2A,481bd32b6c.jpg,0.5393975829635203,0.6018803
B2A,482bf5a0d2.jpg,0.7738517760211691,0.35491914
B2A,482fd44fce.jpg,0.7002441092411115,0.30378273
B2A,4831466e23.jpg,0.7533100832238949,0.371809
B2A,48502862cf.jpg,0.836795051892944,0.41564202
B2A,485517e0c7.jpg,0.7952282763502434,0.45661792
B2A,48598ead29.jpg,0.7688990288868686,0.35232234
B2A,4862d17fa4.jpg,0.8829130687635215,0.38540593
B2A,486a62a430.jpg,0.8381847216971984,0.33382055
B2A,486cafaa7f.jpg,0.5641925380344137,0.4094028
B2A,48735c69aa.jpg,0.8924348119165306,0.3316583
B2A,48793755cd.jpg,0.7646750338494567,0.434992
B2A,4879579e02.jpg,0.6705302216681138,0.6554609
B2A,488a6cef0c.jpg,0.8801998884205312,0.34834418
B2A,489c841af4.jpg,0.697071771748594,0.5288439
B2A,48a85bc072.jpg,0.5898096592019794,0.49940833
B2A,48ac1011db.jpg,0.532728675114065,0.6979371
B2A,48b6156f89.jpg,0.6481946027022741,0.43473226
B2A,48c641285b.jpg,0.8249814886325755,0.39511338
B2A,48e1a89d96.jpg,0.7502843938635788,0.38282943
B2A,48eac3916f.jpg,0.7805819009537263,0.49599004
B2A,48eb5fa7bd.jpg,0.6703548360562387,0.35130563
B2A,48f120810d.jpg,0.8598368944741007,0.5110479
B2A,49095bdeb5.jpg,0.7057630358444835,0.51521224
B2A,491b2ba38c.jpg,0.8505778104645259,0.29555264
B2A,49205c171d.jpg,0.7303853149939509,0.34340146
B2A,4943c84af0.jpg,0.8302434751152239,0.38229063
B2A,494db50238.jpg,0.49300191788945036,0.59438807
B2A,4950bcf8c1.jpg,0.8313954210590168,0.34925076
B2A,496757508b.jpg,0.7842537846274364,0.3863641
B2A,499b445583.jpg,0.7773861293872576,0.37857556
B2A,499bc1a152.jpg,0.7191318180260358,0.4110728
B2A,499c1bd3b8.jpg,0.5435346270346515,0.5464432
B2A,49a9692a0e.jpg,0.773865547811949,0.29427418
B2A,49b093a9f3.jpg,0.7272940947124936,0.6011487
B2A,49b3383147.jpg,0.6507418124622171,0.40448603
B2A,49b8c4ea37.jpg,0.569999836893665,0.37495396
B2A,49c2b1cdef.jpg,0.8600621957444237,0.28394008
B2A,49c538fce7.jpg,0.7260476118206424,0.48209146
B2A,49d2c9fc14.jpg,0.618084672055626,0.4725423
B2A,49dc3fd195.jpg,0.6095557738382482,0.50807625
B2A,49e4129024.jpg,0.6405679685906781,0.61972153
B2A,49ee914a63.jpg,0.7893530897816872,0.37702864
B2A,4a06596662.jpg,0.7360814451196169,0.44733813
B2A,4a12f1780a.jpg,0.837331218786297,0.4110955
B2A,4a16981927.jpg,0.8357922887371924,0.32238793
B2A,4a195405a0.jpg,0.5369648171708186,0.4388654
B2A,4a1bb1d46c.jpg,0.6267060045068592,0.419939
B2A,4a20622bde.jpg,0.6593490392182444,0.40015596
B2A,4a29db3c6b.jpg,0.678100667830231,0.5722397
B2A,4a2c4db283.jpg,0.7573280364526969,0.42217523
B2A,4a55695a4d.jpg,0.6226753958377585,0.6938416
B2A,4a5ab8f970.jpg,0.7993669968005864,0.36524734
B2A,4a669c897c.jpg,0.5800084859117965,0.6098466
B2A,4a7cec06e7.jpg,0.7579376103414842,0.4002083
B2A,4a8a49028d.jpg,0.5810079945858859,0.4178376
B2A,4a916ceb98.jpg,0.8364750422647551,0.3348896
B2A,4a9d34fa51.jpg,0.7429670228056988,0.40172303
B2A,4a9e982b39.jpg,0.7896760814817277,0.47633892
B2A,4aaf628a71.jpg,0.5389356925534551,0.70924026
B2A,4ab9478ef9.jpg,0.6172628906354196,0.5355863
B2A,4abaac9654.jpg,0.8552192310467265,0.33697337
B2A,4abd5654a3.jpg,0.7405221338491121,0.3837628
B2A,4abda75494.jpg,0.729126822883265,0.36288998
B2A,4ac7c7bf44.jpg,0.7728548185730088,0.46228313
B2A,4ac8581018.jpg,0.5526651544681135,0.40603802
B2A,4ad0ccff25.jpg,0.7315797647168828,0.48191205
B2A,4adc8b7be7.jpg,0.666595265759131,0.47382027
B2A,4ae0414bb9.jpg,0.8310418852377853,0.30036584
B2A,4ae09366f5.jpg,0.7809194767056564,0.63432306
B2A,4ae0b6efb2.jpg,0.8164815038264739,0.38443872
B2A,4ae5e1fb1d.jpg,0.8208498187524181,0.38588628
B2A,4b0025406f.jpg,0.5914518855789768,0.48532933
B2A,4b09444fe2.jpg,0.8220538982794284,0.39651236
B2A,4b0c0d7145.jpg,0.8359365226767366,0.25968283
B2A,4b0db938a7.jpg,0.8317050814607885,0.3266288
B2A,4b0f73833c.jpg,0.6894617371019962,0.3620993
B2A,4b14030c98.jpg,0.5457743499629848,0.4759907
B2A,4b2555ba9c.jpg,0.5640559491455018,0.44210672
B2A,4b29d9c42c.jpg,0.715495891480155,0.32980317
B2A,4b2d102def.jpg,0.711246222419105,0.46091062
B2A,4b3835e8ba.jpg,0.7718574142305309,0.5728304
B2A,4b3ccac37c.jpg,0.7240722837988761,0.5568548
B2A,4b47e76275.jpg,0.709956739593688,0.4223993
B2A,4b497dc591.jpg,0.7408528155034249,0.38193953
B2A,4b59dd4ebc.jpg,0.8032323808548806,0.38031638
B2A,4b5a46b50f.jpg,0.814022309602141,0.36785892
B2A,4b5b64dc18.jpg,0.8043765920222009,0.4008785
B2A,4b689e9b37.jpg,0.7571793443173325,0.44716483
B2A,4b7878976b.jpg,0.6764962982571406,0.4172514
B2A,4b7902dfa6.jpg,0.7527201608555886,0.3775671
B2A,4b7fc92bdc.jpg,0.8390131209852463,0.41072547
B2A,4b91cd8fce.jpg,0.7697638197704266,0.53227055
B2A,4b9eb29c59.jpg,0.8586912899405108,0.49902356
B2A,4bab53c613.jpg,0.6712937013007944,0.46763116
B2A,4bad1549a1.jpg,0.5072635845081634,0.35455763
B2A,4bbe0cbb3c.jpg,0.6931177415156508,0.5182732
B2A,4bd43d88d4.jpg,0.8681897951385059,0.5141832
B2A,4bd8ec5dd3.jpg,0.5849098435654208,0.81190646
B2A,4bdb933264.jpg,0.6852757428864145,0.5201581
B2A,4bdbdcc1e5.jpg,0.7940482699408731,0.47067523
B2A,4bdd197102.jpg,0.6811156182380197,0.57287204
B2A,4be248f682.jpg,0.7636306140045854,0.38037753
B2A,4bedb30dce.jpg,0.7576033123699055,0.5257487
B2A,4bef7510cb.jpg,0.7379985096129226,0.50623995
B2A,4bf1292d69.jpg,0.8500413450801687,0.40921104
B2A,4bfa3043e7.jpg,0.8133435723133635,0.27797282
B2A,4bfc3fbd84.jpg,0.8359216488448142,0.27253962
B2A,4bfed75eb2.jpg,0.7482057835517454,0.5196653
B2A,4c07909a8d.jpg,0.8319520327044723,0.33388865
B2A,4c1165be97.jpg,0.6757512835709046,0.36437982
B2A,4c16835970.jpg,0.7155306570291918,0.54000235
B2A,4c1907f1a0.jpg,0.8150988185928534,0.3936498
B2A,4c1b160563.jpg,0.7453795988853829,0.3747328
B2A,4c2d3216aa.jpg,0.8118368136958707,0.3532896
B2A,4c30ff85a7.jpg,0.8147424498851378,0.3312022
B2A,4c4574cfa8.jpg,0.7677898942930906,0.42432716
B2A,4c507b65b0.jpg,0.6015660612318896,0.5317433
B2A,4c6550cff5.jpg,0.7758076441846866,0.28374588
B2A,4c712561ab.jpg,0.8697391470226494,0.3672406
B2A,4c72792844.jpg,0.6750636798619145,0.42539477
B2A,4c75385f85.jpg,0.7113665697418282,0.46911177
B2A,4c7692cb0c.jpg,0.7285407995051764,0.5254887
B2A,4c7b54e38c.jpg,0.617712242921001,0.5625373
B2A,4c8a000abb.jpg,0.7504859411982019,0.33291376
B2A,4c8bf22d16.jpg,0.8234402774256275,0.40530452
B2A,4c9669b6b8.jpg,0.7547392067785048,0.43126372
B2A,4ca019a3d6.jpg,0.6678604698384586,0.6342712
B2A,4ca57d26c0.jpg,0.5705105090179355,0.38851553
B2A,4ca6e5451a.jpg,0.6489523307910251,0.44821337
B2A,4cac88b518.jpg,0.6905371098413579,0.4442209
B2A,4cb25fbf3d.jpg,0.6153443622516785,0.4896912
B2A,4cb7c5e33d.jpg,0.7160662503294962,0.5999491
B2A,4cc42ebe97.jpg,0.7639427497918833,0.42749476
B2A,4ccc4a21e3.jpg,0.8105616758382742,0.30967653
B2A,4cd07a4561.jpg,0.8445555369617955,0.4265104
B2A,4cdd74b1c7.jpg,0.8597189463326893,0.43655795
B2A,4cf9aac018.jpg,0.6966090991465123,0.467796
B2A,4cfdd2e627.jpg,0.7881773955959868,0.39669392
B2A,4d08cb65c3.jpg,0.7498229982948506,0.5392104
B2A,4d0a217b38.jpg,0.6556313542312293,0.4442774
B2A,4d0a274acb.jpg,0.7435688804577082,0.44695628
B2A,4d0eb41723.jpg,0.8338072240636145,0.37709606
B2A,4d1755ab04.jpg,0.7398953878393958,0.41449377
B2A,4d1c0b488e.jpg,0.6731969750215958,0.33634937
B2A,4d1c4d142e.jpg,0.6923182709563149,0.3895006
B2A,4d1d5efd4f.jpg,0.7164030426789579,0.37298927
B2A,4d3a7e5326.jpg,0.8162276599311851,0.61985976
B2A,4d42605a8b.jpg,0.6460770569026573,0.45870218
B2A,4d4b6bcac4.jpg,0.651216759364721,0.40683833
B2A,4d4f0faddf.jpg,0.6233491923441545,0.46543604
B2A,4d4f388e91.jpg,0.8229802026506132,0.34517968
B2A,4d4f6174f1.jpg,0.7156839012793722,0.45483753
B2A,4d62a64806.jpg,0.7071190522173263,0.33561796
B2A,4d7188ff9e.jpg,0.8930654450655241,0.31227902
B2A,4d7517df48.jpg,0.6766015355308567,0.56262016
B2A,4d77636dea.jpg,0.8856989688381839,0.27717385
B2A,4d7de87ec6.jpg,0.8039831583170732,0.2882175
B2A,4d7fefe879.jpg,0.6831334537486051,0.39683497
B2A,4d83b23265.jpg,0.6903273849836065,0.5617959
B2A,4d90220636.jpg,0.727485598460071,0.54547477
B2A,4d91831344.jpg,0.665315039284956,0.5217911
B2A,4dc37726d9.jpg,0.8785617953499485,0.32888424
B2A,4dc92c4b4a.jpg,0.8364975378539181,0.3242719
B2A,4dd30f189a.jpg,0.5650746676542331,0.5286839
B2A,4df98eeceb.jpg,0.6703522108833541,0.4309378
B2A,4e093e9511.jpg,0.7754467006872481,0.49479765
B2A,4e0951fde1.jpg,0.6886227067004795,0.6046686
B2A,4e16ff77ac.jpg,0.7286923959083682,0.5340872
B2A,4e21145eb2.jpg,0.5416206300278548,0.39176452
B2A,4e2dba148d.jpg,0.6519665437358075,0.47376895
B2A,4e3006bd6b.jpg,0.6656795125446958,0.50628704
B2A,4e341f8891.jpg,0.6159129770849896,0.49503043
B2A,4e43b597e2.jpg,0.8921209340673721,0.3536195
B2A,4e4f75c4cc.jpg,0.779791974647989,0.3647504
B2A,4e53db7c72.jpg,0.6900030441380394,0.5141456
B2A,4e5451ed74.jpg,0.4814141775738763,0.5649276
B2A,4e5b4fb2ab.jpg,0.78842834778328,0.29438415
B2A,4e6e7f30da.jpg,0.633652498437432,0.42201018
B2A,4e868f2a58.jpg,0.7593765119986714,0.4357323
B2A,4e880786c4.jpg,0.6480070851004266,0.42643142
B2A,4e8b01ac67.jpg,0.7123791549051658,0.35974476
B2A,4e8bd98343.jpg,0.8106767232334127,0.450377
B2A,4e956f2cfb.jpg,0.7069463346835324,0.38710746
B2A,4ea19d4d05.jpg,0.8413499748374617,0.5702723
B2A,4eaa045ce6.jpg,0.770274099527323,0.30095926
B2A,4eb3c1b0a7.jpg,0.5824027876730179,0.43244857
B2A,4ebb3df6e1.jpg,0.6911963136153024,0.3931909
B2A,4ec313a8cd.jpg,0.6473765345063729,0.5182917
B2A,4edd4fe6fa.jpg,0.6265770423685563,0.44252825
B2A,4ee02ffd2c.jpg,0.6733793456647292,0.4557482
B2A,4ef10f3299.jpg,0.7584669799966547,0.39851004
B2A,4f1249d8dc.jpg,0.5607517767604855,0.4136981
B2A,4f16e0bc95.jpg,0.5456564856488669,0.4373727
B2A,4f1fc68a47.jpg,0.8248927962723202,0.4253354
B2A,4f297a711e.jpg,0.5332486861774445,0.5450135
B2A,4f36d845b0.jpg,0.7316044716662824,0.47579026
B2A,4f38f2b8f5.jpg,0.7027716829863959,0.39914447
B2A,4f397d38d7.jpg,0.5919013995836602,0.52387893
B2A,4f5245105c.jpg,0.6114689921857105,0.46427107
B2A,4f5d5e7da3.jpg,0.6551188473144417,0.4336303
B2A,4f5e363609.jpg,0.6502832190067809,0.47285002
B2A,4f6353e80e.jpg,0.5291665750383618,0.5362138
B2A,4f64339fea.jpg,0.8343825721262391,0.4945271
B2A,4f697daf2d.jpg,0.66896738301345,0.33423495
B2A,4f79b373f4.jpg,0.8347254731372946,0.33585915
B2A,4f83d232c2.jpg,0.7080726925026959,0.4040755
B2A,4f86f80479.jpg,0.6323470285043316,0.559083
B2A,4f882d4400.jpg,0.6603407300944494,0.52764654
B2A,4f99708506.jpg,0.7658876644050814,0.49129024
B2A,4f9aa92ca3.jpg,0.6164299731084941,0.4640953
B2A,4fb5c1ac0a.jpg,0.7734174120735042,0.26688257
B2A,4fb6bcd5e8.jpg,0.564659055111714,0.542369
B2A,4fc41e388a.jpg,0.6194966548974719,0.57967466
B2A,4fc90f8de5.jpg,0.7019816626980754,0.38799545
B2A,4fc9c537a7.jpg,0.5525027211019438,0.5876194
B2A,4fd1d8afbf.jpg,0.6471436700018889,0.5029728
B2A,4fdaff583d.jpg,0.7574714372762443,0.36452445
B2A,4fe122209b.jpg,0.5646620104942178,0.48433006
B2A,4fe72a654e.jpg,0.8421986391461939,0.4272449
B2A,4ff4d77c99.jpg,0.7385681577362933,0.34215415
B2A,500d59cf86.jpg,0.5293595586914718,0.5680672
B2A,50115558cd.jpg,0.75361309513841,0.48925465
B2A,501719248c.jpg,0.6265029527553225,0.3905685
B2A,5019a8ffcf.jpg,0.5791877780581124,0.63014895
B2A,5019d1eac7.jpg,0.8129616605601832,0.37557462
B2A,503c9badbb.jpg,0.8281624969918588,0.4904149
B2A,5048bb66c8.jpg,0.6049789539064055,0.432398
B2A,504cec61a2.jpg,0.7951713778613778,0.29320687
B2A,504db35d13.jpg,0.5150956757491678,0.5623807
B2A,5050bd632b.jpg,0.7617398237708968,0.39813396
B2A,505850ed9f.jpg,0.4406169287443395,0.6205845
B2A,5065b423b0.jpg,0.7160363521356614,0.34439024
B2A,506fdcb3c1.jpg,0.8406533746403143,0.39884162
B2A,5074e8a51e.jpg,0.7883812595818842,0.308454
B2A,50779f1ae6.jpg,0.7599247465926146,0.4795785
B2A,508f9ce48d.jpg,0.6395694963738969,0.46582544
B2A,50a42e1240.jpg,0.7665713509346553,0.37779024
B2A,50a5168133.jpg,0.8333013631586365,0.39835706
B2A,50b6593431.jpg,0.7173749141054377,0.43018803
B2A,50b8e79da2.jpg,0.7855633978601232,0.28005928
B2A,50c3f4beec.jpg,0.8744379370087142,0.39908054
B2A,50d9c1aa47.jpg,0.7247820667518754,0.4466021
B2A,50e2f57e76.jpg,0.4874884916447265,0.6407963
B2A,50e85855f5.jpg,0.765229901019187,0.42863822
B2A,50e9fc6fdd.jpg,0.7085311527783227,0.5860923
B2A,50eb328bb2.jpg,0.8405585540539207,0.3144679
B2A,50f52bf9a4.jpg,0.8282394973861411,0.3815659
B2A,50f598c729.jpg,0.8065486922869954,0.35210562
B2A,50f7a05ee7.jpg,0.8766999583960831,0.35180935
B2A,51068cd053.jpg,0.8186998746659309,0.42318955
B2A,5116db8d92.jpg,0.8137268349676258,0.40140417
B2A,5117ec7f6b.jpg,0.6981106785936911,0.3508765
B2A,51279a61da.jpg,0.7621795296897504,0.37989274
B2A,5135f3ba21.jpg,0.8314172117063526,0.5233216
B2A,513cb0638a.jpg,0.7186163032173927,0.32501805
B2A,5140b80748.jpg,0.5827514343228527,0.31265134
B2A,514db4068a.jpg,0.8001563334478492,0.3145584
B2A,5155be81bf.jpg,0.8275994723817355,0.47812474
B2A,51563bc8ab.jpg,0.8101350973423473,0.28534937
B2A,516670d194.jpg,0.7745485640408961,0.42701647
B2A,51736e3772.jpg,0.797221834922391,0.3234145
B2A,517eba9d0a.jpg,0.8483892786403066,0.3243339
B2A,51867bc005.jpg,0.7129281148183216,0.40428722
B2A,5194f65634.jpg,0.8643254723702801,0.3672722
B2A,519d3674c2.jpg,0.7625413347489769,0.3111288
B2A,519fc7c17a.jpg,0.7728635684503254,0.373609
B2A,51aa9c9a20.jpg,0.7646171361717804,0.4021056
B2A,51dc50880b.jpg,0.9060346713615545,0.32305044
B2A,51e7037c03.jpg,0.4820968862614984,0.5302063
B2A,51ede123f3.jpg,0.6923865479833751,0.41120046
B2A,51ffb613ce.jpg,0.6417751431151237,0.516086
B2A,52087dc0d6.jpg,0.6564767711008842,0.4993932
B2A,522a6dcbec.jpg,0.8071302987730873,0.40609357
B2A,523cbdab7d.jpg,0.7878468662575348,0.40915418
B2A,524223dfd9.jpg,0.7255270360572001,0.5038807
B2A,524af04df1.jpg,0.8133273443445065,0.45801198
B2A,524d00561a.jpg,0.8421814779097478,0.31814903
B2A,524fdda784.jpg,0.7328834945849204,0.57452685
B2A,52592fe2c6.jpg,0.8574817340400634,0.3909366
B2A,525952c058.jpg,0.8403184054885379,0.37059706
B2A,525f580c06.jpg,0.6675666541689872,0.4364604
B2A,5262b01633.jpg,0.7487843728496915,0.49689624
B2A,526b153062.jpg,0.6856937543026392,0.49784726
B2A,526dc07146.jpg,0.7980352105020547,0.33324206
B2A,527dd222d6.jpg,0.6467486698645016,0.37530285
B2A,527ddb23d4.jpg,0.7038320543057257,0.36429882
B2A,528058909d.jpg,0.7238044440086397,0.33441398
B2A,5280e2e8de.jpg,0.6776933005344913,0.46981704
B2A,5286eb8945.jpg,0.6871877067811205,0.374627
B2A,529fa39eb2.jpg,0.7294230293915384,0.40100747
B2A,52a2a7132e.jpg,0.7257924672211902,0.57061523
B2A,52ae3cd25d.jpg,0.848530623701781,0.30463976
B2A,52b870f300.jpg,0.7268021203766868,0.5447776
B2A,52bb31919e.jpg,0.49968226301220847,0.52860343
B2A,52bd17daa7.jpg,0.7005529238834125,0.40309128
B2A,52bee900da.jpg,0.7692267824335844,0.6331887
B2A,52cda09a5f.jpg,0.5887983192844963,0.43677747
B2A,52d8dbe113.jpg,0.5836098909295642,0.4112703
B2A,52e91ba9cf.jpg,0.764304451791772,0.3644463
B2A,52f30bd94c.jpg,0.7063450556732677,0.35134858
B2A,52f641c328.jpg,0.6320524902363094,0.29244617
B2A,52f7801904.jpg,0.823575424393419,0.5335388
B2A,5305c4063a.jpg,0.7424979254074637,0.3105575
B2A,5319435b3f.jpg,0.7299421147741422,0.4282056
B2A,53194986bc.jpg,0.5570621349774927,0.53023314
B2A,53289e47ec.jpg,0.5918841761630453,0.44053757
B2A,532d743269.jpg,0.7815970864254638,0.34688243
B2A,532f9d0621.jpg,0.6254940968209677,0.37626204
B2A,5338413448.jpg,0.8130271443077056,0.36712614
B2A,5338bd03be.jpg,0.6174941336477554,0.50782806
B2A,533be4e6eb.jpg,0.7681863152977754,0.31220102
B2A,5342ec67da.jpg,0.7805271286677029,0.4118331
B2A,534703a792.jpg,0.8064450660897171,0.32290912
B2A,53516d9b04.jpg,0.7933256991749408,0.37517804
B2A,53679e6985.jpg,0.519729332645467,0.6430907
B2A,536c125b6f.jpg,0.649154807539182,0.53140694
B2A,536c7edb2a.jpg,0.6155155345069099,0.47381914
B2A,537b155f3d.jpg,0.7999385701934795,0.5591922
B2A,537f558973.jpg,0.8183755033789004,0.32737112
B2A,53866d4a68.jpg,0.7397148987689621,0.40041667
B2A,5389fb4007.jpg,0.5885392296587882,0.7171884
B2A,53902a4799.jpg,0.7806789691317297,0.44924796
B2A,5395902bc7.jpg,0.5857438221058381,0.34173715
B2A,53988b72f6.jpg,0.7909564502734727,0.38489184
B2A,53989c56ff.jpg,0.7542643161568,0.5070506
B2A,53998f50b2.jpg,0.7014831184564165,0.3905147
B2A,539e2ee021.jpg,0.7761723771405783,0.48444444
B2A,53b01e2132.jpg,0.7263334985470604,0.42195973
B2A,53b27f0c81.jpg,0.7299410322496157,0.5769194
B2A,53b835550d.jpg,0.7330948879911365,0.38051262
B2A,53bce35f0b.jpg,0.7415452519675002,0.47965896
B2A,53c245a6f3.jpg,0.8738064443954514,0.4334017
B2A,53d0160b46.jpg,0.5971141446087224,0.50453305
B2A,53d62fccce.jpg,0.7814294844652032,0.3767092
B2A,53e5b6b1b3.jpg,0.6830972335681785,0.32790047
B2A,53e766ae2b.jpg,0.7857455121429103,0.31704032
B2A,53ea60da05.jpg,0.8843696429126111,0.33242357
B2A,540649ac8c.jpg,0.6825599452464571,0.47003818
B2A,5407972e58.jpg,0.8132203897899319,0.3824989
B2A,5418378939.jpg,0.583331031804707,0.49708474
B2A,54199dc11f.jpg,0.7303579144837609,0.47193828
B2A,5420c594aa.jpg,0.7012695347251028,0.642439
B2A,5429ab574f.jpg,0.8512169338085691,0.2864273
B2A,5432eef613.jpg,0.6351806928773701,0.4946501
B2A,5435fdfdc4.jpg,0.7296575510963907,0.36368337
B2A,54381f3114.jpg,0.8604033227690971,0.31287462
B2A,543ea28da6.jpg,0.5429797160888358,0.53784263
B2A,5447d2bd8d.jpg,0.8238779575950209,0.4641004
B2A,54510d8755.jpg,0.7610441380820353,0.45037028
B2A,5451321dd0.jpg,0.6957745460020257,0.4685285
B2A,5452e17b68.jpg,0.7041448614708454,0.43510947
B2A,54538aea8b.jpg,0.6726805026480993,0.38648897
B2A,54557ef4cf.jpg,0.4708889377140183,0.47502315
B2A,54796e9027.jpg,0.8068941439800777,0.37846273
B2A,547ae945cb.jpg,0.7875884798251751,0.4149557
B2A,547c5615d1.jpg,0.5811345598416683,0.44876713
B2A,5484662dfb.jpg,0.7489454596939145,0.4352693
B2A,54b556920a.jpg,0.5966152404350218,0.38557088
B2A,54b6416b3a.jpg,0.6450456764047621,0.5016947
B2A,54b6bbf683.jpg,0.6965246973699744,0.36595088
B2A,54b8be5c1e.jpg,0.8161982116712654,0.3126876
B2A,54bf5ab7fd.jpg,0.7270287185354768,0.52831036
B2A,54d2feb575.jpg,0.7511593583170616,0.36323315
B2A,54e9e67501.jpg,0.7455996842261603,0.34039837
B2A,54f65afd1c.jpg,0.6508607755991314,0.64429593
B2A,55004786ef.jpg,0.7184515927301319,0.48129684
B2A,550956b456.jpg,0.8294515407004867,0.46527642
B2A,550b90e008.jpg,0.7734833914211142,0.30774
B2A,55129db8f9.jpg,0.7856733111747618,0.32508475
B2A,5515a27184.jpg,0.842512295111117,0.35360098
B2A,5519a2e240.jpg,0.6784059398432556,0.45320734
B2A,551afc0ef0.jpg,0.7078443603975291,0.4182021
B2A,55288a650b.jpg,0.7524275600227708,0.32462442
B2A,552aad92e5.jpg,0.7590264913338387,0.34518242
B2A,552b38a9bc.jpg,0.7571167328937431,0.38528562
B2A,55364f51f9.jpg,0.8418008413299891,0.36478853
B2A,5541538198.jpg,0.7075485020479514,0.3596708
B2A,5565d2e475.jpg,0.6671612916294432,0.3987468
B2A,5587066bdc.jpg,0.7574293438255363,0.4241201
B2A,558e78d813.jpg,0.8805354447138222,0.370314
B2A,559359bcca.jpg,0.776166560954834,0.3789643
B2A,55a74b7296.jpg,0.6546790340919836,0.29972747
B2A,55a8a07dde.jpg,0.8323157722142237,0.41264746
B2A,55a9c23538.jpg,0.7522316752370689,0.43754113
B2A,55ac4415ef.jpg,0.6166772945364257,0.35424772
B2A,55b015b4df.jpg,0.7846990170511677,0.32741532
B2A,55d0d2d4a1.jpg,0.6316633942436096,0.45343956
B2A,55e5a039c3.jpg,0.7350566293776984,0.45317358
B2A,5602c749d0.jpg,0.6555202840514857,0.38485077
B2A,5604c7533d.jpg,0.8399450080254489,0.60740983
B2A,5604ea3384.jpg,0.6706477565898566,0.42972872
B2A,5608b7a226.jpg,0.7637523783018568,0.31906936
B2A,5619b15af5.jpg,0.6291890535512521,0.48196808
B2A,561c1f7cde.jpg,0.7778373650288302,0.3681597
B2A,561d9722a4.jpg,0.695172924425207,0.49054956
B2A,561e61d7f1.jpg,0.7661799193484887,0.40441677
B2A,561ec9ffaf.jpg,0.7953508676795148,0.38781735
B2A,5622447728.jpg,0.7084544576771415,0.3025278
B2A,56270960dc.jpg,0.8971478574125741,0.33617404
B2A,563012ee88.jpg,0.7578057895509229,0.45287505
B2A,56539880a8.jpg,0.7478289878346149,0.34948587
B2A,5654801d96.jpg,0.5982668997155315,0.30360633
B2A,565702bc95.jpg,0.8677201741233201,0.44368795
B2A,5681f45127.jpg,0.6277712818464348,0.5757972
B2A,56849b394d.jpg,0.6892898315146864,0.5459502
B2A,56884e5824.jpg,0.6067002725453885,0.46369097
B2A,568885cc54.jpg,0.6392777130861298,0.62927777
B2A,56894c4948.jpg,0.6870099464850891,0.33780956
B2A,568d52aa05.jpg,0.6397938089932244,0.4741913
B2A,568d92c4a7.jpg,0.7941181828212858,0.3339674
B2A,5694abf7fa.jpg,0.6010480472404517,0.6607104
B2A,569ed795ec.jpg,0.6593045407246793,0.48024344
B2A,56ac108ce7.jpg,0.7026897313858625,0.40190262
B2A,56ac1f673a.jpg,0.8073332410430709,0.36533985
B2A,56ac3dda09.jpg,0.7428751803314286,0.38427445
B2A,56bfd45d42.jpg,0.6819199592539548,0.40508804
B2A,56c6444a6d.jpg,0.7455985804690254,0.4468112
B2A,56c690f4ce.jpg,0.7950824790439367,0.384898
B2A,56cb23c291.jpg,0.7249691156772163,0.4347461
B2A,56d2ce77d3.jpg,0.6942609316823526,0.3779835
B2A,56df48f901.jpg,0.6715662704818465,0.41490683
B2A,56e14fc1c7.jpg,0.6313142898792358,0.6247334
B2A,56e28bc581.jpg,0.7160672929131999,0.29242104
B2A,56e473c0df.jpg,0.7100294601128284,0.46218067
B2A,56e858f7c3.jpg,0.6801530583800248,0.33803025
B2A,5707c424dd.jpg,0.6965153605967213,0.40596706
B2A,571325ea85.jpg,0.6596878955657387,0.52123564
B2A,571a8540a2.jpg,0.6228408814970217,0.42551577
B2A,571c0614e4.jpg,0.7712844521845361,0.30513757
B2A,571da2a2b6.jpg,0.732550524583268,0.53565294
B2A,572d08dd47.jpg,0.4732634072909446,0.6186611
B2A,5734dda15c.jpg,0.7905756346962014,0.36822492
B2A,573e2bc6ac.jpg,0.8288381277657878,0.3902442
B2A,573f3616e6.jpg,0.6636543065889402,0.37353384
B2A,57509041fb.jpg,0.7848038586259689,0.3856117
B2A,575796635b.jpg,0.7543039213337148,0.4579839
B2A,5757d9bb28.jpg,0.715535440135603,0.4475036
B2A,5764c388a6.jpg,0.7873976140473262,0.4525206
B2A,5777167029.jpg,0.691684619953051,0.59055334
B2A,5784a2edfb.jpg,0.7882795307660975,0.4174565
B2A,57874888f9.jpg,0.7315063007641408,0.366825
B2A,5794fc49e9.jpg,0.747272615803845,0.5137471
B2A,57965b2143.jpg,0.5319079485064927,0.45462066
B2A,579cd00684.jpg,0.6828228371459674,0.68135256
B2A,579d0d4e7d.jpg,0.7392306376287906,0.44853306
B2A,57a2330579.jpg,0.8870817571982714,0.30174196
B2A,57ba66fb37.jpg,0.5568674568222297,0.5762042
B2A,57bd2abf4c.jpg,0.7940972031493924,0.51826465
B2A,57c47a8905.jpg,0.5842716358810118,0.6332503
B2A,57c528a4d5.jpg,0.7049603430258756,0.454755
B2A,57c906c4cf.jpg,0.8433018062418912,0.317837
B2A,57cf047094.jpg,0.7742106306060669,0.38283843
B2A,57d109e9cf.jpg,0.8154619654681083,0.45360467
B2A,57dccccee3.jpg,0.8307801408343986,0.29977167
B2A,57e0bbe931.jpg,0.7831361008651122,0.4661637
B2A,57e301422d.jpg,0.7453103025665944,0.33614597
B2A,58111663f1.jpg,0.7403775494389049,0.34982806
B2A,581d539ad6.jpg,0.5826794055105831,0.5072783
B2A,5833188a28.jpg,0.8109685354806869,0.35998717
B2A,5834c44d37.jpg,0.7880033493592118,0.5393512
B2A,5847f64d5d.jpg,0.7131891080166854,0.35387647
B2A,5852bbcf34.jpg,0.5913887417706938,0.47431323
B2A,585a5eb514.jpg,0.7500689430304643,0.39692122
B2A,585aa1f933.jpg,0.8399727094435069,0.3088697
B2A,585efde177.jpg,0.6685268447559549,0.6055728
B2A,585f9cb26d.jpg,0.8244259241717773,0.37713665
B2A,586d359437.jpg,0.709131740486936,0.5420809
B2A,5879d04028.jpg,0.7136266086612947,0.39481136
B2A,587a865f86.jpg,0.8120369098069581,0.4383479
B2A,587cc7c2fe.jpg,0.748781446518359,0.47141802
B2A,5894a8daaa.jpg,0.798518564057882,0.35541016
B2A,589b4cbb6e.jpg,0.6898894424322677,0.37509945
B2A,589fdf111c.jpg,0.7925237476536162,0.46378252
B2A,58a038ba43.jpg,0.5751085586327215,0.55463696
B2A,58a4b16894.jpg,0.6843862410140922,0.59476215
B2A,58a776400d.jpg,0.8500705476382591,0.28453696
B2A,58a9467f2f.jpg,0.6997080619117549,0.34942162
B2A,58ae62fe43.jpg,0.6387513397254896,0.62253815
B2A,58bd31f329.jpg,0.5200854767619386,0.6740711
B2A,58c1e36fda.jpg,0.8433820122689374,0.5264088
B2A,58cb8ad323.jpg,0.6524366496176764,0.47921008
B2A,58d3d98397.jpg,0.740804527534059,0.4336519
B2A,58e34a0489.jpg,0.7480206092354577,0.48669407
B2A,5901773791.jpg,0.8485782789140467,0.30151272
B2A,590530447f.jpg,0.7650054346606455,0.3760419
B2A,5913ac7eed.jpg,0.7121490268589785,0.4891969
B2A,591d527b4e.jpg,0.8011466175679784,0.45567268
B2A,591df1353a.jpg,0.7449718087053323,0.47618264
B2A,59245494b6.jpg,0.7928606820797627,0.31162167
B2A,592bf31bd5.jpg,0.744057551501231,0.47105196
B2A,592dd67bf2.jpg,0.7137152501327144,0.38803616
B2A,59344b7884.jpg,0.7729584393726491,0.3156117
B2A,593d5650ea.jpg,0.8079226912815062,0.33509344
B2A,593fa1789b.jpg,0.6225925858106847,0.55259097
B2A,594257c315.jpg,0.6955980981579146,0.5515961
B2A,5948efa988.jpg,0.6324449887331601,0.5464865
B2A,5966f03832.jpg,0.8152949795259744,0.37922436
B2A,5979ddaf40.jpg,0.5857434264617708,0.3746586
B2A,597dc8102b.jpg,0.8597120135008698,0.3436711
B2A,599d5b2041.jpg,0.7573919914434232,0.55151045
B2A,59a4aa8ae0.jpg,0.5822821706820039,0.48651332
B2A,59a5b56086.jpg,0.6981189689051601,0.44025487
B2A,59bf7066cc.jpg,0.6425495997787148,0.47070205
B2A,59c0b11f7a.jpg,0.8611030756737533,0.3528896
B2A,59c73a71e2.jpg,0.6991008063333005,0.54954666
B2A,59d87604af.jpg,0.7049292127395123,0.35285112
B2A,59f40fedcd.jpg,0.6288733175212629,0.4087662
B2A,5a086eb4d4.jpg,0.6701690120176388,0.27510384
B2A,5a0e4d57e3.jpg,0.6826386067869591,0.46438795
B2A,5a114c6f90.jpg,0.6924709827144648,0.40704733
B2A,5a1f5ac407.jpg,0.8359692675700249,0.42149132
B2A,5a234f081a.jpg,0.8373656278689773,0.43246782
B2A,5a294c5685.jpg,0.6470451496396404,0.41263628
B2A,5a29db5e43.jpg,0.8070492307920345,0.3638362
B2A,5a30d613e5.jpg,0.6604378060683447,0.4399337
B2A,5a384bf8d9.jpg,0.7493432887180912,0.41988143
B2A,5a3c04abea.jpg,0.7180584634409282,0.43482107
B2A,5a5b14d79d.jpg,0.8552146990542256,0.37103462
B2A,5a648082a7.jpg,0.7228674478034982,0.33672494
B2A,5a722db12a.jpg,0.7802714305931796,0.4855752
B2A,5a7cd923cb.jpg,0.8264021810465424,0.33905888
B2A,5a7fe873f4.jpg,0.7723431260588239,0.5641705
B2A,5a885d5128.jpg,0.7316401010131087,0.47707337
B2A,5a90fcd546.jpg,0.7750326780754866,0.39878163
B2A,5a921a3ab6.jpg,0.7717495036334621,0.43613803
B2A,5a977985f9.jpg,0.8023377675970924,0.3898481
B2A,5a9f9c1a61.jpg,0.6421487216942043,0.50501794
B2A,5aac6a791e.jpg,0.7003543516610827,0.37246764
B2A,5abbc037e1.jpg,0.8165070448892279,0.34111178
B2A,5ac7e3d633.jpg,0.7285526844151993,0.3317863
B2A,5ad9efc598.jpg,0.7371381069598176,0.37639672
B2A,5adb2c3de9.jpg,0.8113589622383998,0.37962714
B2A,5ae669f97f.jpg,0.783861824966178,0.3689547
B2A,5ae67d7741.jpg,0.757337146176593,0.34911972
B2A,5b1ac7d453.jpg,0.7524193533506551,0.25403434
B2A,5b1c17961a.jpg,0.7238592272344194,0.3688001
B2A,5b1ca92c81.jpg,0.8088491300903002,0.32579285
B2A,5b1ce21999.jpg,0.8499385914463053,0.38031214
B2A,5b25e416af.jpg,0.8152309863472876,0.4590415
B2A,5b28e861e1.jpg,0.6794577083276514,0.5229512
B2A,5b2c1cbcc1.jpg,0.5405393317768422,0.51683265
B2A,5b36970405.jpg,0.823826983218702,0.4076568
B2A,5b39ba9b27.jpg,0.8050726660107078,0.36282948
B2A,5b3c9ac58f.jpg,0.7001808796377965,0.4741298
B2A,5b430536ec.jpg,0.8666566731497676,0.40227523
B2A,5b45458ccf.jpg,0.7467316654579371,0.45670444
B2A,5b47729366.jpg,0.8497063038631875,0.42733297
B2A,5b54acd95e.jpg,0.7455033390645175,0.39092043
B2A,5b5eae4414.jpg,0.7502546132052645,0.46269938
B2A,5b644de405.jpg,0.6788474340994853,0.45007336
B2A,5b67d44eea.jpg,0.7048617108471221,0.32650334
B2A,5b8f94e9ed.jpg,0.6861802351511355,0.32721114
B2A,5b960d2105.jpg,0.829618696565654,0.27906206
B2A,5ba1f82d11.jpg,0.7860606601069968,0.39962408
B2A,5baec51613.jpg,0.6982606224239113,0.31644925
B2A,5bb0b7b0fd.jpg,0.8440624235313194,0.3883468
B2A,5bb7d3f1e2.jpg,0.7687743592930846,0.3305352
B2A,5bce397cd6.jpg,0.8115229452841881,0.28226054
B2A,5bdd158279.jpg,0.8026252612133209,0.35797876
B2A,5bddd2139f.jpg,0.7342200917003077,0.6089346
B2A,5bfc51adc2.jpg,0.6897147414128617,0.54045206
B2A,5c0287b212.jpg,0.8124310357496255,0.3571478
B2A,5c03d3796d.jpg,0.6247066499509187,0.53566873
B2A,5c04deef4e.jpg,0.6626706305660566,0.39363956
B2A,5c068c34b2.jpg,0.7398417786810731,0.32670584
B2A,5c096f6c6b.jpg,0.7152676262689522,0.4940415
B2A,5c097be130.jpg,0.8054944516828866,0.37788838
B2A,5c2de90d27.jpg,0.7371172993165239,0.42974404
B2A,5c3849313d.jpg,0.8264986247517606,0.27370375
B2A,5c399c47f2.jpg,0.7774801280852974,0.43690932
B2A,5c3afc56ce.jpg,0.8148683846689255,0.34860224
B2A,5c3d598219.jpg,0.752874689678083,0.4290706
B2A,5c50599656.jpg,0.7352648708676474,0.48642328
B2A,5c556d2c26.jpg,0.6573035601150276,0.641992
B2A,5c55bd3c02.jpg,0.8656391285614365,0.38657472
B2A,5c574cd9b7.jpg,0.7968831364355702,0.37669066
B2A,5c6144e5be.jpg,0.7209697414871415,0.39271468
B2A,5c6c72ff95.jpg,0.8190754005317952,0.4543542
B2A,5c8a36d364.jpg,0.6900476981052476,0.49753535
B2A,5c9487be68.jpg,0.6363583897860986,0.44856223
B2A,5c9979287f.jpg,0.7347876336536278,0.3473151
B2A,5c9b9f20eb.jpg,0.8165451459637603,0.37177256
B2A,5ca98fc2af.jpg,0.8026673846826566,0.3658116
B2A,5cb9dcf772.jpg,0.676266288278338,0.37432426
B2A,5cc20cb7e7.jpg,0.7371543883040107,0.34649274
B2A,5ce9aaf1e0.jpg,0.7897016317336707,0.3995981
B2A,5cf2ea15af.jpg,0.5112085759502925,0.707536
B2A,5cff9ca17c.jpg,0.8415416594299188,0.4748875
B2A,5d03870821.jpg,0.6591209389469044,0.4316558
B2A,5d10d088ee.jpg,0.6801976885282714,0.49204665
B2A,5d1671f99b.jpg,0.6713305706638354,0.36899936
B2A,5d1d521c3f.jpg,0.5735868962558196,0.38724744
B2A,5d23c3c935.jpg,0.7796291641840396,0.43605107
B2A,5d3ce96256.jpg,0.8318376418421672,0.42278004
B2A,5d4377db4a.jpg,0.644573003916124,0.36363265
B2A,5d53f82763.jpg,0.8040229885792467,0.35884735
B2A,5d5d5c6cec.jpg,0.6224489626249591,0.35894966
B2A,5d77349c0e.jpg,0.6604266811210285,0.35892665
B2A,5d7b441aa9.jpg,0.6586162412932867,0.5088009
B2A,5d875c63ab.jpg,0.8942249415099698,0.3253537
B2A,5d87fdb2c6.jpg,0.8759446052183463,0.47873694
B2A,5d8939501e.jpg,0.8248937471592677,0.31011474
B2A,5d90dbd1ca.jpg,0.595439004542741,0.53963786
B2A,5da725f8d7.jpg,0.7871246455308809,0.40088165
B2A,5da88da947.jpg,0.7561654342509612,0.5694697
B2A,5dcdf86cfb.jpg,0.818102382909485,0.32634938
B2A,5dcfd3a36f.jpg,0.5473563916559289,0.49779448
B2A,5ddb1eae61.jpg,0.7334894899086729,0.40825653
B2A,5de7aa1645.jpg,0.5455611874680344,0.46820334
B2A,5ded03d0f9.jpg,0.6732862140184421,0.39218372
B2A,5e0062d8c4.jpg,0.5297579958123109,0.4738715
B2A,5e0082e751.jpg,0.7589711246863133,0.43542266
B2A,5e05579bfb.jpg,0.8357429016127724,0.44633177
B2A,5e0b43957f.jpg,0.7922472251587369,0.4926811
B2A,5e187eb93f.jpg,0.642728235560254,0.40385705
B2A,5e23eef10f.jpg,0.6241141003755316,0.43820962
B2A,5e49c27b03.jpg,0.7326109561351511,0.5361734
B2A,5e4de25a9c.jpg,0.6725502749922255,0.31813654
B2A,5e5c74bded.jpg,0.6892026443450477,0.3884673
B2A,5e62cdccf1.jpg,0.7972581824927861,0.3194353
B2A,5e64b64de8.jpg,0.7220119239552224,0.4034385
B2A,5e80458f0d.jpg,0.7027347381993606,0.427974
B2A,5e8a5f5d3b.jpg,0.778417588487486,0.33994132
B2A,5e8afd118f.jpg,0.6916817700837334,0.40124816
B2A,5e9b6ee1a4.jpg,0.7282988977898427,0.44954404
B2A,5e9d609ee7.jpg,0.708248204701481,0.48185995
B2A,5e9f0eec0c.jpg,0.766084682309462,0.42555046
B2A,5ea13d56aa.jpg,0.787545488135032,0.32641783
B2A,5eaccc99bf.jpg,0.8492602171406974,0.3225192
B2A,5eb792b2be.jpg,0.8073542099758504,0.3326445
B2A,5ed2785909.jpg,0.7604797602984058,0.38935924
B2A,5ed86a6d0b.jpg,0.8438923582736462,0.39717394
B2A,5edefd0d0f.jpg,0.7131306765315789,0.3975882
B2A,5ee0ea499b.jpg,0.810579178954202,0.32273218
B2A,5ee88f0c5f.jpg,0.8105965900169061,0.3723038
B2A,5ee96ba98d.jpg,0.7973087840179235,0.46980697
B2A,5ef70f37ea.jpg,0.7382720393414379,0.4119809
B2A,5f02c26178.jpg,0.6372716058936639,0.41501155
B2A,5f0d21c2b1.jpg,0.635093306196395,0.42024517
B2A,5f14f7641d.jpg,0.7591389350028094,0.46423057
B2A,5f24335241.jpg,0.6209824637676374,0.63149023
B2A,5f25cbc263.jpg,0.8445343358182831,0.38262922
B2A,5f2b8fa71a.jpg,0.5385396699329829,0.5527055
B2A,5f34ec2686.jpg,0.709644445088928,0.41119483
B2A,5f4018d615.jpg,0.8219477045360093,0.24425764
B2A,5f4612d92b.jpg,0.80942205744267,0.27632973
B2A,5f477576c5.jpg,0.6904015227063071,0.58111197
B2A,5f477a5c46.jpg,0.5923784123413919,0.73046035
B2A,5f674f802b.jpg,0.7952995097157514,0.42647076
B2A,5f6acdd885.jpg,0.674146137355201,0.48604536
B2A,5f7a943ad3.jpg,0.594355215862213,0.3470512
B2A,5f824e47e4.jpg,0.890620022396871,0.31719923
B2A,5fb5327415.jpg,0.5663571802160814,0.30885714
B2A,5fcf902716.jpg,0.8190481221466536,0.37976664
B2A,5fd438d742.jpg,0.6367856808629515,0.39989612
B2A,5ff7a6bd52.jpg,0.6988229924219886,0.37317032
B2A,5fffc71069.jpg,0.7003565189823099,0.39480764
B2A,600adb121f.jpg,0.768526000663371,0.5644933
B2A,60149bcbbf.jpg,0.691725988564032,0.57550716
B2A,60268cfb2f.jpg,0.7165762771954596,0.53654176
B2A,604547096b.jpg,0.8006752644967967,0.30360538
B2A,6045dd5804.jpg,0.6720360020175241,0.43254942
B2A,604c154a10.jpg,0.7660626142757826,0.32591632
B2A,604d51ecdb.jpg,0.6998703938112364,0.4845683
B2A,604eee6de2.jpg,0.7149230624683267,0.46787012
B2A,6058fe8ba4.jpg,0.6790739295955532,0.42170668
B2A,605c399821.jpg,0.7463236148972272,0.36517513
B2A,606bc88bf5.jpg,0.7065737365399444,0.45406526
B2A,606ea8c853.jpg,0.7121009454447965,0.39309835
B2A,606edf9e69.jpg,0.8029977437493625,0.3025319
B2A,607508ca60.jpg,0.6604424848365544,0.40973365
B2A,6090cac2ca.jpg,0.747411414097873,0.41023386
B2A,609699b9f5.jpg,0.7900101620013127,0.35973927
B2A,6099732dd8.jpg,0.7823151058587741,0.40235385
B2A,60a6fdd5c0.jpg,0.8386913891867869,0.4108743
B2A,60ac278e96.jpg,0.6954875814266654,0.43400905
B2A,60adaaa8fa.jpg,0.7773812632619552,0.4282812
B2A,60ee84f0e3.jpg,0.7320297564388557,0.34988803
B2A,60f455c446.jpg,0.8482449012877127,0.37508884
B2A,60f7b3ce84.jpg,0.8529949109481052,0.40500152
B2A,60fa0dced3.jpg,0.7703799864862114,0.39878908
B2A,610b2e40b1.jpg,0.7270781243494145,0.26560584
B2A,610ff29105.jpg,0.8339673188510213,0.29347485
B2A,6113839c53.jpg,0.8545513680001381,0.2649051
B2A,611ce907ee.jpg,0.720591391323874,0.4877503
B2A,6127261426.jpg,0.6642367709833931,0.46551275
B2A,612de09c0e.jpg,0.7605222035628615,0.53238255
B2A,612eb28781.jpg,0.7247779770503907,0.48613718
B2A,613592c5ba.jpg,0.8218474195451579,0.3763525
B2A,614aebf996.jpg,0.788972324751198,0.33434975
B2A,614dcbd1b6.jpg,0.5413660003491172,0.5645304
B2A,614e5368b3.jpg,0.8253543831111085,0.32133764
B2A,6157aa63b5.jpg,0.7196971304730451,0.33908284
B2A,615f1a41e2.jpg,0.8609988681471391,0.4377736
B2A,6163883314.jpg,0.7405465670453251,0.2883367
B2A,6165bb7d20.jpg,0.6903316302720153,0.5183097
B2A,618573a4c0.jpg,0.704854547529135,0.3160953
B2A,618c3a93a6.jpg,0.6253262656082362,0.43274316
B2A,619868817c.jpg,0.7799376271796239,0.4356017
B2A,61c0bf55f3.jpg,0.8923792480087739,0.27959824
B2A,61ca26c3f0.jpg,0.619741523540934,0.68679905
B2A,61d1dacb0a.jpg,0.725904925873108,0.47527653
B2A,61e0412438.jpg,0.8077799381317524,0.38497126
B2A,61efe98c2b.jpg,0.7270055968946787,0.54944944
B2A,61f0619994.jpg,0.6561495060632637,0.47708863
B2A,61f337301f.jpg,0.6258988431352704,0.48994613
B2A,61f79ea5e3.jpg,0.7264644023220388,0.30683038
B2A,61febf655e.jpg,0.7266719402316486,0.45003128
B2A,6203a47be6.jpg,0.6299483078525964,0.6098818
B2A,6203de934f.jpg,0.7923975637241909,0.33109492
B2A,6203e44a0b.jpg,0.7550862621130804,0.49953276
B2A,6216948548.jpg,0.6906867771064014,0.3279714
B2A,623226574f.jpg,0.8635927873969417,0.32631794
B2A,6233033047.jpg,0.7335332943542812,0.35534734
B2A,6233a14e7a.jpg,0.7049257849158103,0.6139406
B2A,62428234ef.jpg,0.7980936789102799,0.34022975
B2A,62556af40e.jpg,0.8115172423506128,0.45099533
B2A,6256e7fb82.jpg,0.8083188774048019,0.30185258
B2A,62601c808e.jpg,0.9165274051320337,0.27440175
B2A,626caaa1ce.jpg,0.865669533844406,0.39026812
B2A,627532c78c.jpg,0.7035224113313158,0.47721773
B2A,6276c2f781.jpg,0.8556541079487544,0.4186016
B2A,6280ca0cf1.jpg,0.6666111671499132,0.4005783
B2A,6297c1fc75.jpg,0.7992523888873998,0.32337052
B2A,62a4327b05.jpg,0.7146707033586207,0.6383924
B2A,62a86886a4.jpg,0.8620940225063309,0.3225362
B2A,62ada6e480.jpg,0.8422567409518984,0.3911412
B2A,62ae12c529.jpg,0.6868922112525941,0.44345513
B2A,62b043985f.jpg,0.7359591280276467,0.28064477
B2A,62b1939e2e.jpg,0.7249613660369166,0.49789578
B2A,62b6c6c11d.jpg,0.6272004130417881,0.4440057
B2A,62bb8501e8.jpg,0.5991589713749985,0.5011729
B2A,62bff6d96f.jpg,0.8068556189472507,0.33737147
B2A,62c54774f6.jpg,0.6944412635634707,0.55462855
B2A,62c5a2a3c0.jpg,0.7660315490195123,0.3761624
B2A,62c8619eeb.jpg,0.5420569920438424,0.5169877
B2A,62e2c15e98.jpg,0.5812216085584154,0.6005039
B2A,62e79f1dd2.jpg,0.7931697980756894,0.4503788
B2A,630d324a16.jpg,0.8328226970991003,0.39042935
B2A,631cc9e7d1.jpg,0.6837517785075291,0.4567148
B2A,631f90f7a9.jpg,0.8705692156812329,0.292689
B2A,632020c3e8.jpg,0.7919711788431038,0.42756584
B2A,632858e7c4.jpg,0.6885624110765812,0.4282949
B2A,633128bbae.jpg,0.5856948883008214,0.69906807
B2A,6334aea3e0.jpg,0.8028916157092887,0.5444112
B2A,63372e9038.jpg,0.6252605749349655,0.32360384
B2A,633edb47c9.jpg,0.7127887895051466,0.41583943
B2A,634246cbc0.jpg,0.8935010370050132,0.58853984
B2A,634e2ff9c5.jpg,0.7337299631398082,0.3823794
B2A,634f5cf142.jpg,0.7738499236516387,0.46256503
B2A,635907bad9.jpg,0.5793806766193058,0.5862385
B2A,6360e41e69.jpg,0.6513322844144982,0.4195599
B2A,636280c73d.jpg,0.737040194758528,0.28261915
B2A,636d76c49a.jpg,0.8543422520550595,0.3133912
B2A,6376737353.jpg,0.731544347798545,0.4206695
B2A,6376c3ffa5.jpg,0.747871275467345,0.5332408
B2A,6379773e3f.jpg,0.6896426098664742,0.43136197
B2A,637a28f9cf.jpg,0.8346555575582058,0.38592857
B2A,638093f853.jpg,0.8053241533647908,0.34376732
B2A,6383f39af4.jpg,0.6746646670768046,0.4180282
B2A,63959943dd.jpg,0.5201769183078055,0.54165274
B2A,639ed4c744.jpg,0.7395109919064221,0.3386797
B2A,63a0582761.jpg,0.7952600100456795,0.35922602
B2A,63b4aeae20.jpg,0.7496951745504081,0.44680238
B2A,63b6bc086c.jpg,0.7301670267297639,0.41384688
B2A,63bf7ae1cf.jpg,0.6447653592053717,0.3400189
B2A,63d194e1df.jpg,0.8913758248859881,0.31644726
B2A,63e007e789.jpg,0.7339808317848117,0.36922243
B2A,63e73c1dc9.jpg,0.7992479921375126,0.3948557
B2A,63e885e644.jpg,0.7182940332331798,0.44106096
B2A,63f6cea734.jpg,0.8202498195285501,0.43413422
B2A,63fef59198.jpg,0.5717235706485184,0.45279387
B2A,6401c2d6c0.jpg,0.8224104233965672,0.26949954
B2A,6417787af0.jpg,0.8264520830280115,0.5251893
B2A,6421360d4f.jpg,0.5351869449926707,0.5514493
B2A,64247b3eb5.jpg,0.8401034407015977,0.29554847
B2A,6431f96d10.jpg,0.693546684114541,0.46941394
B2A,64356423f2.jpg,0.6318534115755143,0.44794247
B2A,6438b04e89.jpg,0.8659583625836895,0.33991873
B2A,643916e05b.jpg,0.7730216055469207,0.5392251
B2A,64397cbb62.jpg,0.7302160087825486,0.38091457
B2A,6440dd45f8.jpg,0.7761899200414815,0.48255396
B2A,6444bc3ca4.jpg,0.5329929258955998,0.422453
B2A,6447774e95.jpg,0.734055107286703,0.5469791
B2A,6457f79ca3.jpg,0.6673142296145589,0.6800422
B2A,646da34032.jpg,0.7523218921632264,0.43204656
B2A,64813f537a.jpg,0.730204440716556,0.49325362
B2A,6493077860.jpg,0.8007977398940976,0.29867148
B2A,649df99535.jpg,0.675298514425075,0.7010377
B2A,64a519abd0.jpg,0.820932748846357,0.4176764
B2A,64bd39e960.jpg,0.7727201170599075,0.33436006
B2A,64c68d0aa3.jpg,0.8950395275085232,0.30108893
B2A,64c6b6a511.jpg,0.7258411694369797,0.30916393
B2A,64cf019733.jpg,0.8488356790569103,0.31098157
B2A,64d0a7acf2.jpg,0.7931123493158466,0.5449332
B2A,64d362378f.jpg,0.7145489052529074,0.40201882
B2A,64e21dfda0.jpg,0.7907153466783587,0.31186163
B2A,64ee7530ff.jpg,0.8382420379211427,0.33382234
B2A,64f06b5ceb.jpg,0.6998583521426405,0.41224498
B2A,64fcd56944.jpg,0.8334471525337767,0.28732064
B2A,6533b9656e.jpg,0.696569522661869,0.5497065
B2A,65344ad883.jpg,0.5667794250713274,0.6516243
B2A,653774f59a.jpg,0.731849945708592,0.5357822
B2A,654dce0bc5.jpg,0.6385569257093803,0.47889584
B2A,6558098202.jpg,0.7018994965398809,0.6778884
B2A,6561bd46ba.jpg,0.6097535668616185,0.42344803
B2A,657337796d.jpg,0.8019775076961535,0.45495537
B2A,657a1ebe3d.jpg,0.5997040701621444,0.39474002
B2A,657bf0b295.jpg,0.8568088829025333,0.32424605
B2A,657d970481.jpg,0.7575783297806938,0.36881235
B2A,65881ff201.jpg,0.8061229271407965,0.3176511
B2A,6589904ec0.jpg,0.7734255172568875,0.4777607
B2A,65a09899f8.jpg,0.7298494145685032,0.4746102
B2A,65a6d3e7e2.jpg,0.7505051045643687,0.40698916
B2A,65ba65db68.jpg,0.6876604034340064,0.39160872
B2A,65cf11fe0e.jpg,0.8274714790650445,0.49692333
B2A,65e0307c38.jpg,0.6924092096277022,0.40862393
B2A,65e1c3f768.jpg,0.6277716101537655,0.3582546
B2A,65eb33194f.jpg,0.7445044870750233,0.37492883
B2A,65f48bdd36.jpg,0.6267575483695154,0.4568884
B2A,65ff1c4226.jpg,0.5740099840539787,0.61165327
B2A,660a638976.jpg,0.7175741561325142,0.43967277
B2A,661aadc417.jpg,0.8793539483087773,0.17719439
B2A,661d51efae.jpg,0.7311257449676397,0.40235537
B2A,662c5c4ff4.jpg,0.7794555109741916,0.34635347
B2A,6635a31ee1.jpg,0.8274090056567979,0.40794706
B2A,66361eea70.jpg,0.8216459156659444,0.4163722
B2A,6639b516d5.jpg,0.6150786621673822,0.40226185
B2A,663b9a1924.jpg,0.6804406596797109,0.2869957
B2A,66488583ab.jpg,0.7634262649627346,0.34519765
B2A,664b161ecc.jpg,0.6461132893596858,0.6062402
B2A,667c0fd61b.jpg,0.8539482941561369,0.40667132
B2A,6690a30a29.jpg,0.6086707475349074,0.5272742
B2A,66ad36a8d6.jpg,0.7352030558917255,0.34117603
B2A,66af3aa4b1.jpg,0.6239020100602027,0.36612839
B2A,66b54569e6.jpg,0.7732803712898567,0.41736007
B2A,66cb408c30.jpg,0.7534268804397003,0.34117764
B2A,66db0fe6b4.jpg,0.706823698916105,0.3580784
B2A,66dbf73abc.jpg,0.7957441631331474,0.3179571
B2A,66e71841a4.jpg,0.8346619593647461,0.31701446
B2A,66f8456cb7.jpg,0.6691141001885325,0.3860269
B2A,6700b4b7bb.jpg,0.8242513052706575,0.3817393
B2A,670d9aa07f.jpg,0.7067309984237318,0.38719884
B2A,670dbb29d1.jpg,0.7387990057040664,0.33808255
B2A,6717eca3cc.jpg,0.8014279016648306,0.6168196
B2A,6728f4bba7.jpg,0.8308382681662322,0.3653336
B2A,6731de7cdc.jpg,0.6891654050643382,0.41456953
B2A,6736ee186d.jpg,0.7749887975467464,0.5556234
B2A,674bf68b95.jpg,0.7312337663356987,0.46066946
B2A,674c25f70e.jpg,0.7490603587301132,0.37797254
B2A,6751643b4b.jpg,0.7290629576618357,0.48857492
B2A,675e6b6065.jpg,0.694418093657067,0.40782285
B2A,675eb73e32.jpg,0.7707821143105228,0.45860317
B2A,676a38fcf2.jpg,0.675753169697416,0.35953015
B2A,676d2377ea.jpg,0.7274077715610647,0.35245097
B2A,67811f844f.jpg,0.8395106955724242,0.38417447
B2A,6798a2a50d.jpg,0.7370439508741717,0.37589222
B2A,679f2b8c09.jpg,0.7925796508313198,0.31933102
B2A,67ad9f90eb.jpg,0.8500975522218807,0.33829015
B2A,67ae13d8fd.jpg,0.6625599011623222,0.5572326
B2A,67b03b9ae6.jpg,0.8657947828973159,0.3612621
B2A,67b2023cdc.jpg,0.8310762661708723,0.345818
B2A,67b303bc1f.jpg,0.7294668822011989,0.43092832
B2A,67bf2caa0d.jpg,0.789194776668402,0.38171667
B2A,67cb59fe1b.jpg,0.7576571461839077,0.46943313
B2A,67d30c5976.jpg,0.6762704745093051,0.4725864
B2A,67e82318a8.jpg,0.7614563463764147,0.41899925
B2A,67fa0b1fff.jpg,0.6321672387966247,0.54162437
B2A,67ffae436a.jpg,0.5667690587440132,0.35976768
B2A,680e403ee6.jpg,0.6362058277471793,0.45466048
B2A,68161f940a.jpg,0.7521256158431946,0.46432534
B2A,681747f03e.jpg,0.7260611397563582,0.26657367
B2A,681949c029.jpg,0.756923207662595,0.43188035
B2A,681df42505.jpg,0.6198541964533316,0.41930884
B2A,682e0844c2.jpg,0.888708090360451,0.44923142
B2A,6836334767.jpg,0.5529020621962025,0.52343965
B2A,683ff91f55.jpg,0.6034683156571118,0.48823822
B2A,684690671a.jpg,0.8154236072737145,0.37434542
B2A,684be8790c.jpg,0.7078904548222895,0.47136658
B2A,685174f022.jpg,0.7085069877927254,0.40937695
B2A,6852f4cb2d.jpg,0.6281175019926309,0.49095157
B2A,685923a424.jpg,0.7770433423424372,0.3202917
B2A,68730b2016.jpg,0.7012993691540897,0.4373471
B2A,687cd30117.jpg,0.8265692669358499,0.33381122
B2A,6884abf5fe.jpg,0.8593253629595299,0.34992123
B2A,6887ee7059.jpg,0.7002138784400584,0.3531586
B2A,688fd65571.jpg,0.8108767008655052,0.3130355
B2A,689273b092.jpg,0.6542021001341723,0.4122642
B2A,68a0fd8800.jpg,0.8244014745036167,0.31284347
B2A,68b8b35955.jpg,0.7323443557123211,0.38142446
B2A,68d3757ce1.jpg,0.8582478837544208,0.32421836
B2A,68d785f0cb.jpg,0.6155405044272507,0.4453056
B2A,68e40889bf.jpg,0.8239116997814205,0.36834568
B2A,68e93f1dd4.jpg,0.5519710456501647,0.48555517
B2A,68f7232a89.jpg,0.6961521867737567,0.3368995
B2A,6915fdb4e2.jpg,0.5906735808459864,0.38108614
B2A,692b29e496.jpg,0.845690047410871,0.3538998
B2A,692d2be632.jpg,0.6166111827914755,0.5327117
B2A,6932043ee0.jpg,0.7189343754619173,0.53189987
B2A,693415a29b.jpg,0.7648585266283519,0.3553938
B2A,69552238b4.jpg,0.8575591887097918,0.2995421
B2A,695755652f.jpg,0.6087882162435415,0.3497072
B2A,6957a4b495.jpg,0.80329358489617,0.34442604
B2A,6960ca7470.jpg,0.7565907675498328,0.43577015
B2A,6960d1ca6a.jpg,0.7300529466581817,0.4711666
B2A,696803e17c.jpg,0.626202832950341,0.4489093
B2A,696f56514d.jpg,0.6591192498552582,0.510427
B2A,6970d5e39a.jpg,0.8378903411254244,0.34458035
B2A,697a7cac68.jpg,0.5912214214409275,0.4087332
B2A,6987bc04a8.jpg,0.7704945386614546,0.38580132
B2A,69a48c1703.jpg,0.8441052246418493,0.2513899
B2A,69ae5108fc.jpg,0.6480651226376982,0.427883
B2A,69b2d90a15.jpg,0.761342588728232,0.4783855
B2A,69b411b727.jpg,0.6379328589470937,0.3799978
B2A,69b590e268.jpg,0.7856174646543558,0.53154457
B2A,69ba3dbcbe.jpg,0.9134341903499814,0.3839052
B2A,69bc2bf220.jpg,0.7405999446530347,0.4657198
B2A,69c3dba202.jpg,0.676381945031106,0.40966788
B2A,69c50db73f.jpg,0.64104236026126,0.42086935
B2A,69c5eb1184.jpg,0.6405890640816378,0.41523454
B2A,69ce40e8bd.jpg,0.7538145955717456,0.51678
B2A,69cf4ee0c1.jpg,0.766209874148693,0.5586081
B2A,69e5be6684.jpg,0.735212545505466,0.51180834
B2A,69ea18eac3.jpg,0.5556246966533278,0.56076306
B2A,69ff61709e.jpg,0.7816918249763208,0.38176462
B2A,6a0a168174.jpg,0.7274587061466063,0.52368635
B2A,6a0c1b662f.jpg,0.6819726767738349,0.41796997
B2A,6a19d6ed16.jpg,0.6598292429872217,0.34591872
B2A,6a1aea3e32.jpg,0.6690535270733763,0.42182982
B2A,6a24142aad.jpg,0.6862582382989827,0.5182984
B2A,6a3a6192c0.jpg,0.7495195100736914,0.38344705
B2A,6a4d3daafe.jpg,0.6085341788305181,0.5130823
B2A,6a4fe6590b.jpg,0.6477108030915639,0.4636954
B2A,6a55ec45aa.jpg,0.8531424868300305,0.39249727
B2A,6a5b3e97df.jpg,0.7092266942033041,0.5484693
B2A,6a62792333.jpg,0.8002671840143005,0.47626504
B2A,6a6fb64128.jpg,0.7107117968584168,0.64436024
B2A,6a75bc4fce.jpg,0.7499824301251871,0.32694733
B2A,6a95e80280.jpg,0.7385123758788608,0.4044642
B2A,6a9634ff0e.jpg,0.8154066821112748,0.34512615
B2A,6aa027975d.jpg,0.7684880303426546,0.3302265
B2A,6ab55e39e3.jpg,0.8817516180745367,0.36178425
B2A,6ab607ca91.jpg,0.5316979014688025,0.37568954
B2A,6ac584cbb4.jpg,0.6468854527109781,0.4657892
B2A,6ac922afab.jpg,0.7250822921001754,0.34729528
B2A,6ae1292f67.jpg,0.6864116265495158,0.33234936
B2A,6afc612209.jpg,0.7130711709345365,0.59833986
B2A,6b04d109cf.jpg,0.6408295504125765,0.3205983
B2A,6b240d89b8.jpg,0.7486379367299515,0.3904683
B2A,6b25e23139.jpg,0.7705319316890784,0.40043977
B2A,6b3e7692a0.jpg,0.7365101664210927,0.5123882
B2A,6b47c83dad.jpg,0.8428039782276376,0.35615107
B2A,6b53db36ed.jpg,0.8284299029504699,0.46155748
B2A,6b61c7852e.jpg,0.8362397495345605,0.35323226
B2A,6b66f3c48a.jpg,0.6373707263275589,0.4621492
B2A,6b6b85cd53.jpg,0.7161169946648382,0.56060064
B2A,6b6e1046b8.jpg,0.8365475655958818,0.3182018
B2A,6b70c93481.jpg,0.8314183919915631,0.4963913
B2A,6b7172639a.jpg,0.7808846514197629,0.34593922
B2A,6b87a7b5dc.jpg,0.8456109177734414,0.44582498
B2A,6b87dc38dc.jpg,0.5936144953402734,0.5866306
B2A,6b910e1321.jpg,0.47039621832793654,0.56379604
B2A,6ba72ca483.jpg,0.5980133790005845,0.50063556
B2A,6bb4d6273a.jpg,0.7801779445988419,0.3905117
B2A,6bc014d8ea.jpg,0.7557628570517322,0.3895058
B2A,6bc2744034.jpg,0.8522959802627535,0.35297215
B2A,6bc4af390a.jpg,0.8140587759972929,0.44527763
B2A,6bc7d64fb6.jpg,0.8363877250069207,0.3418022
B2A,6bc8104d76.jpg,0.536076666919056,0.69745505
B2A,6bcd8876a4.jpg,0.7263592348550217,0.46260026
B2A,6bcea12f74.jpg,0.8257829468173441,0.38025364
B2A,6be0fc09a5.jpg,0.5797039682814547,0.3644364
B2A,6bf0976dae.jpg,0.6725834228007893,0.41151935
B2A,6c0f6804c5.jpg,0.7649716267282101,0.39268
B2A,6c19b70453.jpg,0.8553041861975793,0.3215676
B2A,6c1d743ded.jpg,0.6772887083375845,0.28867933
B2A,6c1f308e02.jpg,0.7882119142689459,0.426107
B2A,6c28209b0b.jpg,0.7194494205016613,0.45568365
B2A,6c37caaa86.jpg,0.6673516155170693,0.40324455
B2A,6c38e65dd9.jpg,0.7946206182542197,0.27329975
B2A,6c5fb319c2.jpg,0.4521739872288464,0.6446828
B2A,6c650608d2.jpg,0.4568159468876733,0.7291314
B2A,6c66f26b82.jpg,0.8352328299403993,0.32452378
B2A,6c77b100ea.jpg,0.6472542618699962,0.6215549
B2A,6c7b92564c.jpg,0.6161488682404913,0.59198326
B2A,6c7bd28db6.jpg,0.8664617007976028,0.52700174
B2A,6c7e5b0199.jpg,0.768989813192464,0.35186875
B2A,6c8aec68c1.jpg,0.81248281922158,0.35087162
B2A,6c8c8234e4.jpg,0.636136877780895,0.6247511
B2A,6c9c20101d.jpg,0.6996470259478967,0.2874737
B2A,6cad5acca6.jpg,0.8673632325211065,0.27419895
B2A,6cada09ad0.jpg,0.7585841804160873,0.36839086
B2A,6cb683712d.jpg,0.6523935447833684,0.62638384
B2A,6cb7a4d1c0.jpg,0.7151213258082505,0.46770674
B2A,6cc9ba090d.jpg,0.7354869285873619,0.42569035
B2A,6cdb4ae67d.jpg,0.7028004124061735,0.40002823
B2A,6cf14b58ac.jpg,0.607934704911679,0.64659345
B2A,6d21dd8e8a.jpg,0.6572059918389789,0.42341253
B2A,6d2db478f1.jpg,0.783283029736735,0.3254223
B2A,6d366256a0.jpg,0.7545419286568803,0.4162038
B2A,6d43871d17.jpg,0.6675002276313424,0.34613618
B2A,6d4cd97a65.jpg,0.710215135393042,0.374305
B2A,6d4ed509c4.jpg,0.7538002667686098,0.31160247
B2A,6d59401909.jpg,0.4226162406094098,0.62124825
B2A,6d6717a60d.jpg,0.7077154489879793,0.32958713
B2A,6d6bc1579a.jpg,0.8545318244672097,0.37299225
B2A,6d75effae7.jpg,0.5577054596977026,0.5327972
B2A,6d76ac5983.jpg,0.7452760931160843,0.36997283
B2A,6d76db2739.jpg,0.7541867692831337,0.2889912
B2A,6d8ac0ab87.jpg,0.7483926819390926,0.45423636
B2A,6d8ff7415d.jpg,0.6599287447698511,0.42480344
B2A,6da5f24eb5.jpg,0.6776882177124459,0.37957853
B2A,6da926571e.jpg,0.8548401272469943,0.24849476
B2A,6db9d90f11.jpg,0.7209190200051562,0.4142049
B2A,6dc8ab590e.jpg,0.6558930841123655,0.65633017
B2A,6dce9829bb.jpg,0.7255924979066496,0.49268824
B2A,6dcf799703.jpg,0.8081216799233324,0.3785234
B2A,6ddc86d0e4.jpg,0.769030488641001,0.37715366
B2A,6dee6d02d8.jpg,0.6411681082272453,0.39219815
B2A,6df48d411c.jpg,0.559490535233542,0.48255384
B2A,6dfff386db.jpg,0.7605814725848984,0.3905871
B2A,6e09fe8d32.jpg,0.75548757786179,0.5260738
B2A,6e13b2f9b4.jpg,0.7912531136894224,0.34906545
B2A,6e17babca8.jpg,0.7089159084283536,0.45113778
B2A,6e2493f8d4.jpg,0.5047936147002509,0.48720747
B2A,6e2c4451e5.jpg,0.5358854776018244,0.59382623
B2A,6e3c226e32.jpg,0.8041729721583079,0.4581788
B2A,6e3e179ef8.jpg,0.8582935527008481,0.37971452
B2A,6e57dbfe6f.jpg,0.6504353821502727,0.55916893
B2A,6e5cd72d3c.jpg,0.7792169896801321,0.32669193
B2A,6e656030a0.jpg,0.6245076756562612,0.443049
B2A,6e68264904.jpg,0.641786986901449,0.5145423
B2A,6e72f8ad6c.jpg,0.7963518093045309,0.46755332
B2A,6e84325bee.jpg,0.6601741975178481,0.35130295
B2A,6e89ef391e.jpg,0.7048136051235151,0.33300143
B2A,6e8ec08b46.jpg,0.8063433871951984,0.36382663
B2A,6e924c87a3.jpg,0.7259667214108293,0.35670337
B2A,6e9f6935ce.jpg,0.7469554778730517,0.4566012
B2A,6ea4aef23e.jpg,0.6974751936845445,0.38531297
B2A,6ebd91c7e5.jpg,0.7488316948065185,0.47199816
B2A,6ebfe9870b.jpg,0.6212301427736073,0.3613685
B2A,6ec425bb69.jpg,0.7406743708519316,0.5062849
B2A,6ecc2d49cf.jpg,0.6343035171067453,0.4077179
B2A,6ed8cb6c73.jpg,0.7898264633241865,0.22411981
B2A,6edee61a9e.jpg,0.574272490388239,0.48528126
B2A,6ee301dfa6.jpg,0.7786797495499165,0.45287234
B2A,6ee4e3cfa0.jpg,0.6424271039589783,0.47224492
B2A,6ee582ddd3.jpg,0.8543943254016789,0.5083113
B2A,6ef0e038c4.jpg,0.7545765147654635,0.3975578
B2A,6efbef83a2.jpg,0.8005359034894333,0.41373903
B2A,6f28a81391.jpg,0.6890608006938852,0.4470632
B2A,6f2bf952a9.jpg,0.7313639465433743,0.38474917
B2A,6f40f67816.jpg,0.7933211799298776,0.35404417
B2A,6f48326e10.jpg,0.8343076418507857,0.5486212
B2A,6f48f32192.jpg,0.8634641283944052,0.49269345
B2A,6f5bf1e36c.jpg,0.7110663635946113,0.55386853
B2A,6f5ef8ad57.jpg,0.8877462977672659,0.39731207
B2A,6f68219972.jpg,0.6213663963313091,0.6806153
B2A,6f6d82abff.jpg,0.5061394314295175,0.43306786
B2A,6f7564d1a0.jpg,0.7874672080298616,0.5125498
B2A,6f77237bfc.jpg,0.4654158914355922,0.48323166
B2A,6f8cb591c0.jpg,0.8461706835309024,0.51507276
B2A,6f8d0b8187.jpg,0.5041150634286349,0.6114361
B2A,6f8e3c9a8b.jpg,0.8192671866843693,0.4185656
B2A,6f923ef327.jpg,0.5752478289553795,0.36925054
B2A,6f947d7eac.jpg,0.6528144116488278,0.46404612
B2A,6fadc7344f.jpg,0.8678036307252305,0.38372892
B2A,6fc20169b5.jpg,0.7047986469299566,0.6047552
B2A,6fc42ec979.jpg,0.8135460839879433,0.33382502
B2A,6fc6fa664f.jpg,0.8783675439514032,0.43272278
B2A,6fd27b0261.jpg,0.7901730273835191,0.3812659
B2A,6fd58bb7ed.jpg,0.6207168373733962,0.43412054
B2A,6fd674c2bc.jpg,0.701309470777116,0.5509386
B2A,6feaf858bb.jpg,0.4949257018209467,0.4670557
B2A,6ff650cc01.jpg,0.8167004025521919,0.22764562
B2A,6ff926036b.jpg,0.6825113670096143,0.40118775
B2A,7007638c04.jpg,0.8645898687445688,0.30398986
B2A,7018cf5472.jpg,0.7674371764821775,0.2841268
B2A,7023e05153.jpg,0.5107049580646023,0.58501637
B2A,7041df8f8d.jpg,0.6474609796035354,0.4564675
B2A,7048682787.jpg,0.6115743828292877,0.46972853
B2A,7056c4d0c9.jpg,0.8143542799526823,0.4739362
B2A,7058938d2d.jpg,0.6697370210085261,0.4631652
B2A,70688893ff.jpg,0.7696914843172332,0.38744628
B2A,7095de0c05.jpg,0.6408219186029954,0.54128486
B2A,709c87be1e.jpg,0.660300681216709,0.49069852
B2A,70a6584991.jpg,0.8624552094511008,0.3292154
B2A,70adc33191.jpg,0.7548535215409604,0.36948735
B2A,70b1293521.jpg,0.3513495741197493,0.7002
B2A,70bbdc328b.jpg,0.8000310413241816,0.53960526
B2A,70bfad4fb3.jpg,0.8234953149387819,0.38273662
B2A,70c35d97fa.jpg,0.647195826709922,0.7544792
B2A,70c4ba13c5.jpg,0.7450599638972998,0.4751528
B2A,70c5926990.jpg,0.5856011628427964,0.38062295
B2A,70d01a9f18.jpg,0.6937792970480149,0.44382393
B2A,70d2dd3347.jpg,0.7190257117902481,0.42944878
B2A,70e1a9d5d0.jpg,0.7512868819881511,0.39563686
B2A,70f83908f4.jpg,0.6107336123899251,0.56333476
B2A,710afec54e.jpg,0.8329034193393431,0.4225648
B2A,710dddaa53.jpg,0.7807543813732548,0.33159786
B2A,710ff8d371.jpg,0.7052957023940638,0.3944995
B2A,711bdf7e70.jpg,0.8051437700211179,0.3319769
B2A,711e41a40a.jpg,0.7572098606051665,0.4860625
B2A,7124e69590.jpg,0.7665122922364386,0.3861983
B2A,7128cb2ee3.jpg,0.5578500325665213,0.5763643
B2A,7140fb929c.jpg,0.7266716777018699,0.37176144
B2A,714de5bcda.jpg,0.630854155020291,0.63382006
B2A,716437e0a0.jpg,0.5738542261671097,0.6067939
B2A,71697466d8.jpg,0.8679061700253569,0.3771907
B2A,716981b92d.jpg,0.822801767429066,0.43872118
B2A,717bc1fc72.jpg,0.6431029447255392,0.5907773
B2A,718b15a998.jpg,0.8842989808343434,0.27788866
B2A,71990c1992.jpg,0.8695365095471415,0.35108316
B2A,71a1688eec.jpg,0.7569455844575418,0.48010042
B2A,71ab7757d1.jpg,0.7416437921076047,0.30455124
B2A,71b9dfc246.jpg,0.7649548052174394,0.37374383
B2A,71c9f21e69.jpg,0.7119468881103329,0.5041935
B2A,71cd818b43.jpg,0.7405686467258966,0.34122765
B2A,71cde4e6b9.jpg,0.8182777941917725,0.40197384
B2A,71d0f6d808.jpg,0.6402800813751663,0.37205368
B2A,71d92823a7.jpg,0.8050061894754514,0.38412994
B2A,71e2160bc2.jpg,0.7058319646508587,0.38967198
B2A,71eb79bec9.jpg,0.7418020307300283,0.3304767
B2A,71f375fd61.jpg,0.8173897046528459,0.3729865
B2A,71f38526e3.jpg,0.7394595066511839,0.445684
B2A,71f84e59d9.jpg,0.5203635211107172,0.39795023
B2A,71fbc6fd17.jpg,0.7094277566618263,0.4826688
B2A,71feaf01d5.jpg,0.6559709550461708,0.46090645
B2A,720358ea9a.jpg,0.812768297056492,0.4587847
B2A,7207f4dfb5.jpg,0.7316481788090066,0.4351282
B2A,720b03538d.jpg,0.8040283739594728,0.30956164
B2A,720b65616c.jpg,0.6261656290548203,0.4543301
B2A,720b79fcc2.jpg,0.5657609957773715,0.6077974
B2A,721f26a1d5.jpg,0.5793468529274896,0.78702354
B2A,721fb86cc5.jpg,0.5687946242544568,0.59396243
B2A,7226160b9d.jpg,0.8539715900009239,0.34138507
B2A,722cb1e56d.jpg,0.8017005287571696,0.34843796
B2A,7232765c25.jpg,0.7442182364035574,0.36811855
B2A,723451df4f.jpg,0.7014066664802717,0.39002755
B2A,7234b91e34.jpg,0.6887712293299683,0.49284166
B2A,7237fc1604.jpg,0.8261046204599739,0.3218721
B2A,723d373aa3.jpg,0.6953472535319962,0.39683643
B2A,7241d2c3d9.jpg,0.7653915034632126,0.35110414
B2A,7261ec35d2.jpg,0.7117449245805362,0.44933057
B2A,72669a9943.jpg,0.6726506690948292,0.3998015
B2A,72812baf6e.jpg,0.636135230950042,0.43986696
B2A,7283cfab05.jpg,0.7363267248365316,0.5768713
B2A,728ea2432b.jpg,0.7228759004932943,0.5077207
B2A,7293694fa1.jpg,0.7153280734094157,0.41685176
B2A,72984fac2b.jpg,0.7115137015812585,0.362793
B2A,72a4736675.jpg,0.6240957123937292,0.3907713
B2A,72a601d8f0.jpg,0.8123675040843145,0.34088314
B2A,72c7727920.jpg,0.7809117456518733,0.41901296
B2A,72d3a41349.jpg,0.8025801849275985,0.43243122
B2A,72d466fe84.jpg,0.5762406492635467,0.50479555
B2A,72e16d5fbd.jpg,0.7287884127680521,0.44189864
B2A,72e448ba0d.jpg,0.6478600365458701,0.4371652
B2A,72f617be7d.jpg,0.835859489898174,0.50332296
B2A,730f4d3c17.jpg,0.7514547713233366,0.41394877
B2A,7310d880f1.jpg,0.7136816894890026,0.45479566
B2A,731ebe59e9.jpg,0.578016178007077,0.5554358
B2A,73222f682f.jpg,0.6198793849701506,0.51312095
B2A,73256f9bc4.jpg,0.9199407771982907,0.43816087
B2A,7325a1d7d0.jpg,0.6438249824963881,0.77019244
B2A,732a9c8c6b.jpg,0.7032168474854332,0.47450095
B2A,732becb4d6.jpg,0.6271064546395436,0.51534796
B2A,7333f63f5c.jpg,0.8135619014683646,0.3024977
B2A,7336afe63d.jpg,0.747143162013249,0.38762712
B2A,73433b9176.jpg,0.7399764349590561,0.43608096
B2A,7347d4c64e.jpg,0.7939549965691887,0.27867305
B2A,734c1c2cb7.jpg,0.7971260774386116,0.3602879
B2A,734f9967b1.jpg,0.7946576454693395,0.33162764
B2A,7354bcca29.jpg,0.6086315742818728,0.5125585
B2A,736aca548d.jpg,0.8228579849365757,0.45159045
B2A,73849ee3fd.jpg,0.7331674800102264,0.36703223
B2A,7386076f73.jpg,0.8370880935111291,0.3394347
B2A,738cc4553d.jpg,0.910767739439485,0.34060344
B2A,739659d0c4.jpg,0.7263084003315605,0.43124253
B2A,739b765f02.jpg,0.5974123651934689,0.54056764
B2A,73a7bab2d5.jpg,0.7974930659476273,0.4811717
B2A,73ae5bd0e4.jpg,0.7286761064816281,0.2994132
B2A,73b60d1a3f.jpg,0.8092321433097176,0.4111935
B2A,73bc721c0c.jpg,0.6401088830808729,0.36681738
B2A,73bdd8ab24.jpg,0.7811000332956602,0.38584292
B2A,73c083aefc.jpg,0.7808726024910053,0.34760725
B2A,73d0951809.jpg,0.6474821980238914,0.548262
B2A,73d23b9664.jpg,0.8122609362634883,0.3008864
B2A,73e426eb88.jpg,0.6128066787485117,0.5703559
B2A,73eb34dde6.jpg,0.8130655295671422,0.40476164
B2A,73eed9e6c8.jpg,0.7571035088574096,0.35113603
B2A,73effc2726.jpg,0.7094931354117491,0.4443125
B2A,73f1c501ae.jpg,0.7263352258299097,0.42976606
B2A,73ffa6505c.jpg,0.651546963455286,0.30060285
B2A,740e5eeb86.jpg,0.6843468101074238,0.57390594
B2A,74342f9fbe.jpg,0.797230302387801,0.40730658
B2A,743d265ef2.jpg,0.6932624836085173,0.42377818
B2A,7444113e88.jpg,0.7768873804242332,0.35253218
B2A,7448a942f2.jpg,0.6307430997071559,0.42330754
B2A,7450949ae7.jpg,0.7874160569290364,0.37714756
B2A,745612e6f4.jpg,0.6693933678614505,0.39310643
B2A,745d4137b7.jpg,0.7588129417104124,0.3344201
B2A,746f2cd1d2.jpg,0.8261091392510331,0.31158358
B2A,74875545e6.jpg,0.6963269089602516,0.46916428
B2A,748d5a0ab8.jpg,0.7546546078495874,0.3722786
B2A,748e1a440c.jpg,0.8144038025869921,0.32616204
B2A,7491908057.jpg,0.7290832781163274,0.3502649
B2A,749222e6d6.jpg,0.613413969483434,0.369059
B2A,74a47c4bf0.jpg,0.8145215616614472,0.35992515
B2A,74a537f1c6.jpg,0.7844737135354207,0.34996614
B2A,74aea007fa.jpg,0.6326122181378229,0.43112433
B2A,74c1b398ad.jpg,0.9288679381944204,0.27593914
B2A,74cc091e10.jpg,0.6088484533495524,0.5504215
B2A,74d0ac959c.jpg,0.6541617816200295,0.37773827
B2A,74d406c90e.jpg,0.49900960591993565,0.3566307
B2A,74e1d0f495.jpg,0.825385014398006,0.40191156
B2A,74f3bf7113.jpg,0.7077116312719283,0.44699818
B2A,74f3c01037.jpg,0.7759533044684954,0.33709988
B2A,74f46669b2.jpg,0.6367058471478476,0.5957953
B2A,7500111c43.jpg,0.745393148039405,0.3421684
B2A,750111ec4f.jpg,0.804914471863739,0.40917733
B2A,7504776c00.jpg,0.8897760458429856,0.297652
B2A,750d38f7fb.jpg,0.638501871057003,0.6438344
B2A,7517680fdc.jpg,0.6855970751249901,0.5923782
B2A,7524651de3.jpg,0.6426441360137206,0.3900045
B2A,7533dedc3a.jpg,0.6472291107549936,0.46077603
B2A,7542d63fe4.jpg,0.6810782969758411,0.36279118
B2A,754324f8f4.jpg,0.6183567740133379,0.318755
B2A,7550e074f1.jpg,0.7024794991041413,0.38745177
B2A,7552fc948e.jpg,0.8129908159340853,0.45854753
B2A,7556df8481.jpg,0.5791825987465211,0.405302
B2A,755af1c3a4.jpg,0.561413025611941,0.52798027
B2A,7567cc9f18.jpg,0.8127914220836595,0.3523932
B2A,756f63c794.jpg,0.8157287664751722,0.39159617
B2A,7571b0e8bb.jpg,0.808235398906026,0.4061057
B2A,75720815fb.jpg,0.7418258429970248,0.62397474
B2A,7588e6d09e.jpg,0.7171616064403615,0.36299652
B2A,75942c4668.jpg,0.6936352130679851,0.46143723
B2A,7594f0f494.jpg,0.5539169600837178,0.30347452
B2A,75979a026b.jpg,0.8567627599751936,0.28446174
B2A,759dcb713c.jpg,0.4353882221227586,0.4965592
B2A,75aafd3f82.jpg,0.748465320160599,0.45429048
B2A,75ae690a9b.jpg,0.7334578738558967,0.48316285
B2A,75aeffdcf8.jpg,0.7931460942405505,0.38539836
B2A,75b200e2f2.jpg,0.6362904558612109,0.39577174
B2A,75c89b8f5e.jpg,0.6933476730650162,0.35692418
B2A,75c92b7fca.jpg,0.7356018269092,0.38554496
B2A,75ce72e60d.jpg,0.8905121819549854,0.29997027
B2A,761d963561.jpg,0.6726230321787264,0.39063197
B2A,7622bccb99.jpg,0.8313281420997227,0.3779361
B2A,76354e710e.jpg,0.5241695197066338,0.5758341
B2A,76461faf34.jpg,0.7407205188711259,0.40122074
B2A,7659aebdef.jpg,0.7501922166686521,0.45224425
B2A,7664753e1a.jpg,0.6403283032066639,0.41865265
B2A,76665f40b9.jpg,0.8364637214513195,0.5070013
B2A,7669df8ee6.jpg,0.7938870358173037,0.39841086
B2A,7679305237.jpg,0.8592448460630252,0.36518884
B2A,768650ced7.jpg,0.7651541762672445,0.5271498
B2A,7689871557.jpg,0.6916431130156101,0.28416336
B2A,768c95d325.jpg,0.7971472931042706,0.37348315
B2A,76916c1438.jpg,0.44862259789915576,0.5296798
B2A,76a03653aa.jpg,0.8537094632434421,0.36910117
B2A,76a510b033.jpg,0.7025575041728916,0.4975937
B2A,76a75521fa.jpg,0.6479057880452871,0.46953946
B2A,76b398536a.jpg,0.7389689340235632,0.54024404
B2A,76c2eea825.jpg,0.832893835595601,0.4528565
B2A,76ceecc865.jpg,0.6680533200992071,0.3303663
B2A,76edc30013.jpg,0.7871749597344255,0.44778332
B2A,76ef022161.jpg,0.7118675504295966,0.40212417
B2A,76f978fec2.jpg,0.7552993917068432,0.4987429
B2A,7703813883.jpg,0.7134257838452901,0.52635586
B2A,77102d5829.jpg,0.774056684304689,0.5039219
B2A,7727666e8d.jpg,0.5802796694251312,0.4263674
B2A,772787cb7c.jpg,0.7906825776267852,0.291612
B2A,7729898908.jpg,0.6123298254323423,0.5285394
B2A,774082dd9e.jpg,0.7283230138883524,0.32311276
B2A,77419070a6.jpg,0.4989313181984109,0.5108865
B2A,774f853b60.jpg,0.7432022788911167,0.39553156
B2A,7750286d66.jpg,0.8204681491153459,0.37606198
B2A,77573ba17e.jpg,0.8264050120781489,0.26954836
B2A,7759594268.jpg,0.748827557713972,0.43742815
B2A,776a168a2e.jpg,0.7560756900644496,0.35860154
B2A,776b0e0213.jpg,0.640935966874787,0.3572699
B2A,776dbabcb1.jpg,0.7220752011462457,0.45797664
B2A,776e857956.jpg,0.7181370791417835,0.32555205
B2A,77740b1ba2.jpg,0.7558860210581413,0.3892346
B2A,777e0d9afc.jpg,0.5814216314511237,0.40125382
B2A,777f896f3b.jpg,0.8233501372639976,0.42718565
B2A,778a55d424.jpg,0.721778587978589,0.4312004
B2A,77a2df3751.jpg,0.7660764103916585,0.37311968
B2A,77a6d1f419.jpg,0.7785453722568092,0.46265024
B2A,77b1ed8168.jpg,0.9044930484415622,0.37516442
B2A,77b8c928ae.jpg,0.8446503187062634,0.3302063
B2A,77c637c87c.jpg,0.7471875689526193,0.45587274
B2A,77c63d6765.jpg,0.8513410362608923,0.5264875
B2A,77cc149318.jpg,0.5162261104081494,0.62241936
B2A,77d268dafa.jpg,0.8266807641839748,0.34419957
B2A,77d27a89f3.jpg,0.736316797207237,0.4050246
B2A,77d554c049.jpg,0.817610186585333,0.38421845
B2A,77d9910a45.jpg,0.7799179750456864,0.31089106
B2A,77dcb3f91c.jpg,0.7281371580293314,0.48974553
B2A,77e77fd4d9.jpg,0.7541260534329863,0.52002513
B2A,77e82445c9.jpg,0.8239285893871908,0.44402725
B2A,7801bb9581.jpg,0.5079432480907166,0.6102989
B2A,7805d03ce4.jpg,0.6045968293132415,0.40641925
B2A,7807bdaae8.jpg,0.7131215433011148,0.5188395
B2A,781764cd26.jpg,0.653475168249281,0.47373933
B2A,78216eacbb.jpg,0.7350371235859042,0.3833573
B2A,78233f97ed.jpg,0.6999615265404979,0.34194404
B2A,7827929b12.jpg,0.5943002370435454,0.444962
B2A,7828416c2b.jpg,0.7984530677429208,0.38882923
B2A,7838b0b023.jpg,0.7603259584487859,0.31857038
B2A,7870db5306.jpg,0.7825183031101991,0.35347247
B2A,7881e712fb.jpg,0.5040515951016356,0.51222384
B2A,7885b18fe7.jpg,0.6388090109877663,0.55484396
B2A,7885f87ccd.jpg,0.7898851081698547,0.35422277
B2A,788782c439.jpg,0.5769955406528419,0.49599943
B2A,7888781c57.jpg,0.6512121397829471,0.46291283
B2A,788e9005c2.jpg,0.7425695718610457,0.47202283
B2A,78969b7789.jpg,0.7075212186444841,0.5077342
B2A,789c663ce2.jpg,0.7725998533988971,0.29905838
B2A,789d474691.jpg,0.6508670585516624,0.3759497
B2A,789fe43c3b.jpg,0.7377100640221446,0.36676008
B2A,78b260b084.jpg,0.5936477004998906,0.4329777
B2A,78b3c9e843.jpg,0.7815479750420902,0.40012014
B2A,78b7b08af3.jpg,0.7232742790086799,0.40696418
B2A,78ba4238cb.jpg,0.7436839788175946,0.30955434
B2A,78ce4c4608.jpg,0.5749978869968712,0.37198842
B2A,78d517ae49.jpg,0.7336131830452282,0.51617897
B2A,78f2b2e678.jpg,0.7839952222712775,0.3754419
B2A,78f6992d04.jpg,0.5783419958981237,0.58340466
B2A,78fcba3055.jpg,0.6821551836861127,0.5492148
B2A,79109e8c61.jpg,0.7818586816006495,0.3860156
B2A,7913d3ab4b.jpg,0.6656159547421258,0.5075961
B2A,7926b2a5bd.jpg,0.6121746116486035,0.3439906
B2A,79419a7227.jpg,0.7238035104709535,0.3664797
B2A,7965d8c651.jpg,0.6901023420357959,0.5046108
B2A,796c7e723b.jpg,0.7712261372476588,0.33840162
B2A,79733e8783.jpg,0.7409222412887669,0.383737
B2A,797adf61af.jpg,0.8535999782211107,0.34495988
B2A,797e703d91.jpg,0.6759090453694513,0.4723366
B2A,7980d5b29a.jpg,0.8426766093812452,0.321415
B2A,7981b8e217.jpg,0.8319475642665674,0.38793087
B2A,799d7e401d.jpg,0.6582559768743451,0.42741403
B2A,79a49efeb3.jpg,0.8646139149687658,0.31786844
B2A,79a5164707.jpg,0.842164932453947,0.38033295
B2A,79ab6fdc8e.jpg,0.7208128083394435,0.3179984
B2A,79b9d8bfb5.jpg,0.732027539985948,0.4838448
B2A,79c459542d.jpg,0.704777544632789,0.4342582
B2A,79dc9b3fc8.jpg,0.8683115241369979,0.36898163
B2A,79dd5cd9b8.jpg,0.7202975257793444,0.4522196
B2A,79e4e783df.jpg,0.8039219558963322,0.29436272
B2A,79f08e8403.jpg,0.7769842608842178,0.38741487
B2A,7a06011cda.jpg,0.6724410439936251,0.35645598
B2A,7a16ecde25.jpg,0.6962196160944404,0.3552845
B2A,7a21514dd6.jpg,0.5964514866960505,0.41124633
B2A,7a235d7c2e.jpg,0.766415477094826,0.3222935
B2A,7a317ade8c.jpg,0.6699617547712186,0.40688008
B2A,7a384aae43.jpg,0.8656423521293041,0.38663468
B2A,7a41220ce3.jpg,0.7285307616377854,0.36170918
B2A,7a4248c339.jpg,0.7793506169843597,0.3886975
B2A,7a4936b4d3.jpg,0.7855865578931789,0.3204458
B2A,7a50f1f877.jpg,0.7771324138540299,0.3386672
B2A,7a672fc939.jpg,0.7277070395512046,0.34854394
B2A,7a67d01ecb.jpg,0.7306913090409616,0.3410095
B2A,7a790425a3.jpg,0.7737341021503619,0.3129692
B2A,7a7c8a41da.jpg,0.7782832970106726,0.44612858
B2A,7a7c978501.jpg,0.7042407997244255,0.5690484
B2A,7a89081006.jpg,0.7831490476099279,0.39326766
B2A,7a92dc3b48.jpg,0.7929202094056381,0.40207872
B2A,7a938425d7.jpg,0.5257416963045051,0.61888075
B2A,7a9c9957a2.jpg,0.8464354034585669,0.47512168
B2A,7adce96691.jpg,0.6070963052980641,0.38612717
B2A,7ade5f17b6.jpg,0.711746617997382,0.50421286
B2A,7ae14d0df4.jpg,0.8496226826914758,0.39481732
B2A,7ae24e7c92.jpg,0.7220159518931003,0.54453844
B2A,7ae27065e4.jpg,0.5804069940766502,0.5704183
B2A,7aec020dba.jpg,0.6948132062091048,0.36168352
B2A,7aef765d7c.jpg,0.8111857515193825,0.31048882
B2A,7afb68c270.jpg,0.7867067298094466,0.41273206
B2A,7b2c14d64c.jpg,0.7386648606259042,0.46473742
B2A,7b2df8fad8.jpg,0.6857046555015378,0.46881986
B2A,7b2e948dd2.jpg,0.8732647997250093,0.4951475
B2A,7b38a10760.jpg,0.8315165953819363,0.3453685
B2A,7b3dcfc234.jpg,0.6754068929024379,0.44110996
B2A,7b42fe0738.jpg,0.7310065852014694,0.46697655
B2A,7b4f952cda.jpg,0.9347894061845667,0.28095907
B2A,7b563f3da5.jpg,0.7717590418392811,0.39613354
B2A,7b58d64ffe.jpg,0.6995703849673739,0.56697077
B2A,7b6c956002.jpg,0.7647135310764551,0.32925
B2A,7b78d025c5.jpg,0.7944255044661968,0.46387023
B2A,7b7a60c254.jpg,0.7302635331075883,0.3523968
B2A,7b7def398f.jpg,0.767219365925246,0.32042575
B2A,7b8226f09f.jpg,0.6663158427683527,0.5733418
B2A,7b8bc9e046.jpg,0.7082584390842815,0.64746356
B2A,7b8e783020.jpg,0.5940889346422343,0.4928228
B2A,7b95afc20a.jpg,0.829014546967548,0.3800782
B2A,7b9b6563a7.jpg,0.8000062795814993,0.37333333
B2A,7bb4e1593a.jpg,0.5255500302766124,0.42334548
B2A,7bb60f2e2d.jpg,0.6318468753785217,0.47309607
B2A,7bbd0f8f52.jpg,0.8603600781613583,0.4076491
B2A,7bc83c1b56.jpg,0.7329051570551566,0.26308373
B2A,7bdf9996ea.jpg,0.883725066407457,0.40886328
B2A,7be0db443f.jpg,0.7653941565659903,0.43702328
B2A,7be0dc51f4.jpg,0.6661444906608932,0.4407091
B2A,7be0f69dcb.jpg,0.7747315494518444,0.3665666
B2A,7bf5288c2b.jpg,0.6638619921152393,0.38854986
B2A,7c008f564f.jpg,0.6544925019652329,0.33267042
B2A,7c0124f967.jpg,0.8385835217757566,0.33247316
B2A,7c0461f641.jpg,0.7740202647743317,0.4672333
B2A,7c049eff70.jpg,0.8241431015133293,0.41078895
B2A,7c0c7a783b.jpg,0.6499292293217035,0.37650162
B2A,7c0d9a98f6.jpg,0.5324419316214122,0.5781008
B2A,7c10f3f57f.jpg,0.8019499756632417,0.41456604
B2A,7c1125ebeb.jpg,0.6811579158501658,0.38510922
B2A,7c1218f676.jpg,0.7120124000549004,0.5004049
B2A,7c15235fb8.jpg,0.8338904185264807,0.37796944
B2A,7c156b004d.jpg,0.7617943002004794,0.46256602
B2A,7c1d7c9aa3.jpg,0.7184395531979865,0.33456424
B2A,7c1f2ef952.jpg,0.788583411664695,0.33293217
B2A,7c1fcdc180.jpg,0.8206130819483742,0.42301553
B2A,7c25e34189.jpg,0.647801774093463,0.40225857
B2A,7c384a7ede.jpg,0.6687775342095521,0.6260244
B2A,7c3b2c256c.jpg,0.5993535027311709,0.5460684
B2A,7c3ee3e388.jpg,0.6758399164615144,0.42020002
B2A,7c3fbdac59.jpg,0.6428794353538925,0.43388125
B2A,7c4766fb03.jpg,0.8062491517902632,0.42421526
B2A,7c5d962322.jpg,0.790993090976275,0.5389072
B2A,7c63c281ef.jpg,0.7300645590673972,0.39886767
B2A,7c68ca1865.jpg,0.8212438949617249,0.4063357
B2A,7c68ccf32f.jpg,0.7207008718966369,0.43249568
B2A,7c6ab18691.jpg,0.41392037532181025,0.6085422
B2A,7c6cf5181a.jpg,0.6081443367315965,0.43733573
B2A,7c79a1e83e.jpg,0.7387341659614972,0.3769755
B2A,7c872ca222.jpg,0.6255815696002079,0.5613958
B2A,7c955126e8.jpg,0.7383453406747169,0.5064632
B2A,7c9a4f10b2.jpg,0.7495883420594216,0.3558886
B2A,7c9af80795.jpg,0.8313489366709758,0.4485435
B2A,7cb0522881.jpg,0.642948719348838,0.51132697
B2A,7cb0db442a.jpg,0.7860924120535091,0.44493857
B2A,7cb82fa990.jpg,0.7854180946136805,0.44760677
B2A,7cbf0363dd.jpg,0.7224629873677295,0.44025213
B2A,7cc41853c4.jpg,0.5960235268076796,0.38381487
B2A,7ccec75d11.jpg,0.7062014819352866,0.33067682
B2A,7cd2ad5db4.jpg,0.7271234037365739,0.41239035
B2A,7cd7629560.jpg,0.7113472021291799,0.46058145
B2A,7cda318854.jpg,0.6368187438926006,0.42532966
B2A,7cdd5a8c97.jpg,0.7220773888725486,0.49737555
B2A,7ce956f84e.jpg,0.8815287888496023,0.27760965
B2A,7cf3257fe1.jpg,0.8294231694941789,0.30642074
B2A,7cf972ca4e.jpg,0.602443971559172,0.41818032
B2A,7d0b63d4d1.jpg,0.8199594184521671,0.39866558
B2A,7d11bc4bb1.jpg,0.7882456133651636,0.35815418
B2A,7d14ae2c83.jpg,0.7845466513250706,0.52367127
B2A,7d1867e979.jpg,0.6367508884969508,0.4255075
B2A,7d33e5e3ac.jpg,0.7811225556041625,0.29966372
B2A,7d3556655c.jpg,0.6046684428028292,0.4676009
B2A,7d438b5b3e.jpg,0.7985146248140164,0.3877099
B2A,7d4e10f395.jpg,0.7408528155034249,0.3819395
B2A,7d65234f6f.jpg,0.564220454432336,0.4788529
B2A,7d696fbb2f.jpg,0.7252524040253523,0.49997196
B2A,7d6dc43485.jpg,0.8394707745978227,0.3486632
B2A,7d71d359f0.jpg,0.770243006792498,0.37354463
B2A,7d72c4ba28.jpg,0.7634175253171359,0.48160815
B2A,7d7556d1dd.jpg,0.8233652104611653,0.4025002
B2A,7d7d58cea7.jpg,0.5178256976788589,0.6296426
B2A,7d8abbfdbd.jpg,0.7295266510367274,0.49888322
B2A,7d940c442d.jpg,0.8271964430390474,0.38311344
B2A,7d95240653.jpg,0.806410036040548,0.46164623
B2A,7da4680104.jpg,0.767661101252025,0.39896238
B2A,7db236abe0.jpg,0.6094651841749119,0.6005707
B2A,7dca327fe8.jpg,0.7025442601961852,0.50452906
B2A,7dcb0d04e3.jpg,0.7267350293972834,0.53233093
B2A,7dd8b4a45b.jpg,0.47504592349311764,0.68745524
B2A,7de01293ea.jpg,0.720674851013144,0.38469398
B2A,7dfb072885.jpg,0.8070392618640793,0.40024573
B2A,7e2519dcf1.jpg,0.6639423902820158,0.54205996
B2A,7e26c9f22d.jpg,0.7610924375196211,0.34487367
B2A,7e2ad883dd.jpg,0.671278671846388,0.4218062
B2A,7e2e2533ee.jpg,0.819441319748888,0.36461896
B2A,7e304fd432.jpg,0.674223730326463,0.32526785
B2A,7e37685707.jpg,0.6569056050751106,0.37310264
B2A,7e3c9753d2.jpg,0.7048886314932502,0.4595508
B2A,7e6b458841.jpg,0.7801095045823143,0.41176695
B2A,7e77e7ff01.jpg,0.7738838630380845,0.42877313
B2A,7e83030c67.jpg,0.8324015374046476,0.3654592
B2A,7e838e4c19.jpg,0.5883526789775073,0.61241543
B2A,7e889d8813.jpg,0.5495548841643948,0.5048011
B2A,7e8e158ba5.jpg,0.6657249414500739,0.49335176
B2A,7e91553d4c.jpg,0.7354856470434133,0.5478933
B2A,7e947e8473.jpg,0.6064066395311135,0.5564344
B2A,7ea12ecf5b.jpg,0.7231192039376159,0.34331807
B2A,7ea8555873.jpg,0.517690514741066,0.63473755
B2A,7eb9a0d805.jpg,0.6609327998247647,0.50051093
B2A,7ebc0b2351.jpg,0.6888725789882006,0.42505342
B2A,7ebcd7c679.jpg,0.6919444806899181,0.5048798
B2A,7ec20e8b9a.jpg,0.5890838013028461,0.43401545
B2A,7ede634def.jpg,0.6680199838678538,0.5309256
B2A,7edf7ca60d.jpg,0.5222745551015258,0.8186505
B2A,7ef4f1446b.jpg,0.8178718462008433,0.4651097
B2A,7f019e5373.jpg,0.7445412386884191,0.37204015
B2A,7f02d9fa8f.jpg,0.6768148604872097,0.57962906
B2A,7f12c1cca1.jpg,0.8223096558438385,0.37993413
B2A,7f299427bb.jpg,0.5496706295247178,0.36199763
B2A,7f324200d3.jpg,0.734134273818056,0.5292544
B2A,7f43e66a43.jpg,0.7738521048066996,0.44189796
B2A,7f4e8f04c5.jpg,0.48543832868815867,0.54559195
B2A,7f59dbd120.jpg,0.8441692851670626,0.35807598
B2A,7f60fd12e1.jpg,0.7376035740779013,0.3371695
B2A,7f640e04dc.jpg,0.6643976977973989,0.45575693
B2A,7f78a7aa8c.jpg,0.8278987047845796,0.34763834
B2A,7f7f9dcc20.jpg,0.8051724399714747,0.30524808
B2A,7f9ac1520f.jpg,0.6811859862458214,0.38815176
B2A,7fa151a456.jpg,0.609111534828052,0.43716332
B2A,7fa2d1f946.jpg,0.6711422456849021,0.4765363
B2A,7fa318179b.jpg,0.8140185188454226,0.40066072
B2A,7fa6e56ff7.jpg,0.7615383627587459,0.39191073
B2A,7fb0f42377.jpg,0.7638829287916812,0.4583386
B2A,7fb171451a.jpg,0.6839024080645416,0.65215105
B2A,7fb1cad955.jpg,0.6642567271408384,0.3158977
B2A,7fb9eff147.jpg,0.7108490281027224,0.3805594
B2A,7fc9c15d6c.jpg,0.6813928827377624,0.3090482
B2A,7fd24aaafe.jpg,0.6322725037273982,0.50894475
B2A,7fe10b4018.jpg,0.7294474551804838,0.46248737
B2A,7fe3df6004.jpg,0.7497337915824281,0.395355
B2A,7ff003370d.jpg,0.7246482265682497,0.39876598
B2A,7ff8dfa2ee.jpg,0.7348767417715687,0.462929
B2A,7ffc13fa6c.jpg,0.5983024811475431,0.7208944
B2A,80056780a6.jpg,0.8318875997392877,0.3558439
B2A,802eeb0575.jpg,0.7276991374414453,0.34277955
B2A,803918db32.jpg,0.85144540322572,0.34621516
B2A,803cdfa30d.jpg,0.597329889144412,0.54567486
B2A,8040facbe6.jpg,0.6998858729782965,0.39611164
B2A,80504a22b9.jpg,0.757060194181883,0.510392
B2A,805cc692e2.jpg,0.5898523969803496,0.4781167
B2A,805d252a48.jpg,0.7335904224065192,0.45998508
B2A,806723cc78.jpg,0.8383870269438506,0.27394468
B2A,806806cb9a.jpg,0.7934803001207699,0.4403234
B2A,806bcffeb8.jpg,0.8386895074960714,0.3642589
B2A,807412a8c6.jpg,0.7741933140725828,0.53324497
B2A,80ae498dc4.jpg,0.6150969696805919,0.43584064
B2A,80bdb3ebb3.jpg,0.908569268327039,0.24519995
B2A,80c662984e.jpg,0.5866452284066533,0.38903812
B2A,80c7bd98c6.jpg,0.8216887460127316,0.30852118
B2A,80cb714bef.jpg,0.7977260535375326,0.7033528
B2A,80e9db68d7.jpg,0.7245744669546096,0.43564987
B2A,80f21f8d80.jpg,0.6840652350931675,0.35465506
B2A,80f94c28a2.jpg,0.6301112253542653,0.53416497
B2A,80f9a9d388.jpg,0.5056262083232526,0.5016335
B2A,8101ece7f2.jpg,0.7336312084338605,0.3412301
B2A,8102f2aa02.jpg,0.8110229254470651,0.2967678
B2A,8107391f58.jpg,0.5226808130901585,0.43534806
B2A,81167cf39f.jpg,0.7979838092906132,0.33877343
B2A,811d974e6d.jpg,0.7701991440532361,0.4979081
B2A,811f8878b8.jpg,0.7327269759491751,0.467756
B2A,81212b5fb3.jpg,0.7110881876628767,0.48058087
B2A,812c304d83.jpg,0.5288109295835947,0.6292442
B2A,81389aa2a9.jpg,0.8032109074996668,0.41678002
B2A,81598667e6.jpg,0.6994706346877758,0.3648759
B2A,8159e774de.jpg,0.7076238955605579,0.50493133
B2A,815a938f69.jpg,0.7544660096692081,0.32621837
B2A,815ab85a6e.jpg,0.7140958449002112,0.43209073
B2A,816320a79c.jpg,0.6863894472296882,0.5932442
B2A,816941fe05.jpg,0.7813755389835841,0.33494365
B2A,816cf329c2.jpg,0.8009813700484435,0.30011138
B2A,8173072883.jpg,0.60261735877801,0.5175068
B2A,817699d6f7.jpg,0.8644530558545986,0.39006156
B2A,8178110f5e.jpg,0.7779184504753974,0.37391463
B2A,8195d86c30.jpg,0.8358361201781429,0.35144347
B2A,819ced9dae.jpg,0.7608104882305123,0.36413205
B2A,81a3f846ba.jpg,0.8873941811735171,0.44580254
B2A,81a5890567.jpg,0.6154295500935931,0.37888333
B2A,81ac7dcf8c.jpg,0.7279257963402972,0.35940456
B2A,81acc80772.jpg,0.7609087328001924,0.35667416
B2A,81c035fb44.jpg,0.8170428606903947,0.41744658
B2A,81c57f7151.jpg,0.6077568086709492,0.58814824
B2A,81ce13c3df.jpg,0.8032518982287657,0.3832079
B2A,81da4f11ed.jpg,0.7856583764887729,0.36709282
B2A,81ea0e81ce.jpg,0.7442647295841273,0.41802064
B2A,81ed4d9ff3.jpg,0.6060143058397557,0.46659344
B2A,81fb53e37a.jpg,0.3769147180393757,0.46462947
B2A,81ff0aefc6.jpg,0.7142707660716714,0.38156807
B2A,82040426b5.jpg,0.675289996189102,0.7651042
B2A,8220d80950.jpg,0.574417057477312,0.58201545
B2A,822552115b.jpg,0.8282862994278296,0.34997928
B2A,822947ecb1.jpg,0.7309083911230713,0.42331785
B2A,82367ab4d2.jpg,0.6569393412377577,0.5031504
B2A,8248de6066.jpg,0.7873017513367113,0.37169868
B2A,824bed3f95.jpg,0.7978274807207557,0.41637903
B2A,82634a2ae8.jpg,0.7726975696644189,0.37504074
B2A,82693740f1.jpg,0.6351396764874324,0.724202
B2A,8277fe2e16.jpg,0.7186937636584801,0.42830777
B2A,827d49d009.jpg,0.8648067059276012,0.29445928
B2A,8296beac40.jpg,0.8107459889057457,0.3592912
B2A,829836a509.jpg,0.6062172788649284,0.538852
B2A,8298b9a8d8.jpg,0.6828872728345212,0.4267579
B2A,829903c6c6.jpg,0.6737697121390802,0.4843263
B2A,82af83a14d.jpg,0.6059217410390431,0.4344899
B2A,82b669c385.jpg,0.7198867013834709,0.39532992
B2A,82bef71a05.jpg,0.5630107191205534,0.40679055
B2A,82c327e9d4.jpg,0.6653362623208884,0.55557454
B2A,82decad964.jpg,0.5537518807553958,0.5688864
B2A,82e260b45d.jpg,0.8071917298270491,0.3902068
B2A,82e41780fb.jpg,0.5358230129859543,0.5808574
B2A,82e82a8357.jpg,0.8037750843801261,0.36806548
B2A,82eed08641.jpg,0.7460621736489242,0.4028252
B2A,82f5266958.jpg,0.7932170252329666,0.48869872
B2A,82fcbee767.jpg,0.7754675669274099,0.39411348
B2A,8304fdf299.jpg,0.6891635166401014,0.5859107
B2A,830926071b.jpg,0.6295582863309813,0.5749059
B2A,8309cebb11.jpg,0.799030845687177,0.33285367
B2A,830d6a9af8.jpg,0.7435493934963795,0.4338088
B2A,8310e4a528.jpg,0.7236191632951636,0.37590903
B2A,831831cd60.jpg,0.48834853921204563,0.5992999
B2A,833684a09f.jpg,0.7248167147890954,0.40968028
B2A,8340918985.jpg,0.8656276651622921,0.30121893
B2A,834324b28d.jpg,0.5655984993015533,0.5870957
B2A,834d25dc3a.jpg,0.5363204851699109,0.46044958
B2A,835bec911b.jpg,0.686187943894737,0.40795246
B2A,8369977ac5.jpg,0.8991567838266092,0.32730216
B2A,8371a80fc5.jpg,0.6483722398311639,0.38562152
B2A,838707bb83.jpg,0.5212963260142208,0.7003246
B2A,83871aecf1.jpg,0.8644384214035589,0.35355258
B2A,839167629f.jpg,0.815137482415419,0.39440382
B2A,8399fa40c0.jpg,0.819638545164937,0.39836943
B2A,83a22608d9.jpg,0.6211183580156414,0.41963533
B2A,83b450115e.jpg,0.7219694455138581,0.31878573
B2A,83b513a9f5.jpg,0.6951008728840541,0.39817342
B2A,83b5cb7823.jpg,0.8037680247503765,0.34830457
B2A,83ca4e5d68.jpg,0.7101844124817535,0.56649566
B2A,83cf828aa6.jpg,0.8288554637682796,0.45061255
B2A,83d2597f51.jpg,0.6898541607821851,0.34777796
B2A,83e571e3af.jpg,0.6691278011417346,0.49678418
B2A,83e9d62ff0.jpg,0.6720364038190102,0.51461726
B2A,83ed90d1d7.jpg,0.6998342776962224,0.3919158
B2A,83f5024bcd.jpg,0.7425783737575142,0.31738746
B2A,83f55b4d2e.jpg,0.7436943140887234,0.4109692
B2A,83f5a65548.jpg,0.8618104537936047,0.30299148
B2A,83f6286883.jpg,0.41067686789641855,0.62173176
B2A,8400927e5f.jpg,0.8767639095023996,0.34818462
B2A,840a22679d.jpg,0.6926694194024183,0.4850198
B2A,8410764670.jpg,0.739079262975568,0.3074417
B2A,8417b9ba5d.jpg,0.71729634530735,0.4375234
B2A,842796e8dd.jpg,0.8178395351161584,0.37260062
B2A,84356275c7.jpg,0.7520063277363245,0.45233887
B2A,843b6f2a18.jpg,0.8574111057977025,0.44647548
B2A,843d7a0966.jpg,0.6597586407543164,0.45999414
B2A,843f66f77e.jpg,0.7074627983123012,0.5021329
B2A,84484a24e0.jpg,0.7226967275564237,0.6122023
B2A,84553b740b.jpg,0.735161455377046,0.4523799
B2A,84637eb98b.jpg,0.8194855605656294,0.3008911
B2A,8474d317e3.jpg,0.727784781074014,0.4124781
B2A,847da6b705.jpg,0.618240719800464,0.53736234
B2A,8480e5bae2.jpg,0.8348753270028579,0.40396494
B2A,849b958fa3.jpg,0.8256770855218901,0.3186139
B2A,849d054ce5.jpg,0.7300867006872395,0.48305875
B2A,84acf0ee3f.jpg,0.647489674035819,0.58511347
B2A,84c2400c39.jpg,0.7413348724877962,0.37738237
B2A,84c4d10f39.jpg,0.8178617457339347,0.31227845
B2A,84cae20e39.jpg,0.7516847000423273,0.43777353
B2A,84cb45938b.jpg,0.7131115392844679,0.52382934
B2A,84cd781c32.jpg,0.7009629627647863,0.39431363
B2A,84dad4b872.jpg,0.7220328115936775,0.56245315
B2A,84df271806.jpg,0.6795848395543986,0.5153449
B2A,84ee633e7a.jpg,0.7548949583495739,0.36150998
B2A,84f1a78c0a.jpg,0.633598809623049,0.45343733
B2A,84f5b38537.jpg,0.7033887638371981,0.50306803
B2A,84fd2747e7.jpg,0.8135244788783218,0.37993515
B2A,85011baf6a.jpg,0.6620383473829453,0.4718155
B2A,850cb18db0.jpg,0.7636657527013914,0.4711412
B2A,8511eb45e8.jpg,0.7638622533422786,0.40266052
B2A,851c2742d9.jpg,0.7959477559144355,0.26151597
B2A,8526c7d445.jpg,0.6465484374867394,0.7238392
B2A,852771e943.jpg,0.719717570105954,0.590459
B2A,8527919cc8.jpg,0.7986407323590752,0.55530655
B2A,852ced6303.jpg,0.8916409562964843,0.34843314
B2A,85377f86af.jpg,0.5002534439821414,0.4721646
B2A,8562b1ef80.jpg,0.7832194063200022,0.37745982
B2A,8565668373.jpg,0.7801088407273159,0.3842231
B2A,8574055650.jpg,0.6944846309131733,0.38145423
B2A,8576320b13.jpg,0.7626484965350933,0.36433017
B2A,8584d4b75f.jpg,0.67377505635008,0.42762566
B2A,8593b23e01.jpg,0.7669992215819935,0.41439378
B2A,8597aec3c1.jpg,0.7070385508441546,0.65501314
B2A,8598af15a5.jpg,0.6996147086258606,0.465698
B2A,85b3353572.jpg,0.830463332622849,0.31915122
B2A,85d1493cb9.jpg,0.7565277346958911,0.4162386
B2A,85d4c7d44e.jpg,0.8733921126763384,0.36222225
B2A,860986c993.jpg,0.8525161958372107,0.31658614
B2A,8609912dd5.jpg,0.7646302260448926,0.32083166
B2A,8610a242cf.jpg,0.608797217608831,0.6099008
B2A,86146960bc.jpg,0.7031775943190954,0.75343895
B2A,86149e3c8a.jpg,0.8466078788872026,0.40320054
B2A,8623f11b69.jpg,0.732934786112319,0.3628118
B2A,8635c1c560.jpg,0.693837720585349,0.29560477
B2A,8656e512bc.jpg,0.5679712236268052,0.44015858
B2A,866ca5455c.jpg,0.6324050938911026,0.5874258
B2A,8676768de2.jpg,0.7694086984128587,0.38420984
B2A,86777200f8.jpg,0.6777531831682191,0.49091235
B2A,868b7d7c85.jpg,0.8451845425134286,0.3767029
B2A,868fdaaa01.jpg,0.6746637086799208,0.43677482
B2A,86913ad2d6.jpg,0.8337731633171631,0.27273363
B2A,869e7e9177.jpg,0.8166211496188391,0.42190677
B2A,869f7517fb.jpg,0.8826499011595763,0.43914706
B2A,86a8147985.jpg,0.5492857747044337,0.57777226
B2A,86b0a365e5.jpg,0.5988911357265534,0.41700646
B2A,86c26de778.jpg,0.8257836945666803,0.27643636
B2A,86c699eff0.jpg,0.8361188118189983,0.3770948
B2A,86cb9f2483.jpg,0.7449945794058617,0.3600037
B2A,86d8a1d9ba.jpg,0.7003442674515259,0.44405082
B2A,86e66ceaf1.jpg,0.712192915822863,0.50279474
B2A,86ecbea286.jpg,0.6818047519119744,0.68579984
B2A,86f8a2e90f.jpg,0.6166713717713755,0.4296377
B2A,86f9aceace.jpg,0.5722437668592971,0.4637648
B2A,87016c0800.jpg,0.6054196860265991,0.43688053
B2A,8705ef9d26.jpg,0.6990265519657761,0.5194101
B2A,87139410be.jpg,0.6327446759807581,0.37747622
B2A,8728db54dc.jpg,0.7946610947533169,0.29906034
B2A,8738881ad2.jpg,0.7957184612151226,0.4045398
B2A,873e430467.jpg,0.7659845243344975,0.39612448
B2A,87483aa57b.jpg,0.8833363113618233,0.541522
B2A,875b07f673.jpg,0.7998731395728446,0.3919353
B2A,87673f1feb.jpg,0.7482477134776936,0.49569285
B2A,877501f570.jpg,0.7908984961546042,0.41907796
B2A,8783576bd7.jpg,0.787412949481821,0.36229315
B2A,878f3c49e1.jpg,0.603551374031859,0.40029284
B2A,8795783436.jpg,0.6587993144871738,0.37251103
B2A,87991ccf48.jpg,0.6722500281260779,0.41806412
B2A,87a4e88d93.jpg,0.534131519390954,0.5130679
B2A,87a97f497a.jpg,0.7529070400956644,0.43853885
B2A,87cc143c4d.jpg,0.6867101276852499,0.45040074
B2A,87cdccc1ec.jpg,0.78270829517785,0.23120458
B2A,87dbe31f97.jpg,0.5797721398684804,0.34053385
B2A,87dec6234c.jpg,0.6623748067692269,0.40096188
B2A,87e1ce5b0e.jpg,0.7861403906079931,0.38446605
B2A,87e821d849.jpg,0.7744057907492534,0.30256933
B2A,87edc083e0.jpg,0.568867168092688,0.58035403
B2A,87f1d5e9a7.jpg,0.6316532257332105,0.43365505
B2A,8802d98b14.jpg,0.6807487710356712,0.42686024
B2A,8802f617cf.jpg,0.6378099272318015,0.56822455
B2A,8803b67dfb.jpg,0.5510892352777089,0.40024346
B2A,880c9f0f1c.jpg,0.7232021672710877,0.38571924
B2A,880e0f6c15.jpg,0.8546203485611564,0.31745413
B2A,880f24ca7d.jpg,0.7530513669146518,0.45772254
B2A,881359fdc7.jpg,0.6677771390172591,0.37893093
B2A,882ad01587.jpg,0.6436147652459793,0.3716682
B2A,882d8f1a40.jpg,0.8444347894134571,0.34871894
B2A,882fc1371a.jpg,0.703513335514357,0.51086265
B2A,8833519aba.jpg,0.5469750900369569,0.51722133
B2A,883cda372c.jpg,0.8661646109868595,0.4622724
B2A,884d210d61.jpg,0.5370005322417218,0.64205915
B2A,88536f79ce.jpg,0.7392374402026872,0.47778088
B2A,885e53b9d5.jpg,0.620887331725223,0.51115215
B2A,8868ba6b14.jpg,0.7669363487533003,0.39071774
B2A,888af43803.jpg,0.5993268916379826,0.40774578
B2A,88985ea668.jpg,0.7289459781436007,0.36751768
B2A,88a1e7af18.jpg,0.8381086920162809,0.35264665
B2A,88b06853f1.jpg,0.8069197458877954,0.33666497
B2A,88bd59eca7.jpg,0.8084362264071921,0.251987
B2A,88c8c49c36.jpg,0.7659902381803477,0.4126016
B2A,88ca143dc7.jpg,0.8033726000031428,0.5534252
B2A,88d3d38aed.jpg,0.555229257203787,0.35957515
B2A,88eced0e8e.jpg,0.7086340303037854,0.41446653
B2A,88f733fe78.jpg,0.6088037402365443,0.44202125
B2A,8914946e64.jpg,0.727785302212293,0.4222262
B2A,891913c343.jpg,0.8586390891954297,0.26884347
B2A,8936c9c89c.jpg,0.8008008985009553,0.42338863
B2A,893f5b62a6.jpg,0.5836394925250301,0.6044507
B2A,89578c6353.jpg,0.7602120121286705,0.5458329
B2A,8973eff964.jpg,0.6943624446437305,0.48984405
B2A,898a35149a.jpg,0.6885990152662305,0.33250207
B2A,899b7f7521.jpg,0.6242327471179704,0.44281033
B2A,899e306a16.jpg,0.6796088046349834,0.28625748
B2A,899f4a9c68.jpg,0.5269817718827594,0.41519427
B2A,89ab7af8ec.jpg,0.8945665537151732,0.29322645
B2A,89b5450ec4.jpg,0.7301974508238686,0.2741717
B2A,89c7dcd73a.jpg,0.7249894219547784,0.42974845
B2A,89ce60258b.jpg,0.8169183653105945,0.4659032
B2A,89deacf521.jpg,0.6229905747212933,0.58890843
B2A,8a01bb88d9.jpg,0.5900054281056818,0.5388008
B2A,8a09c3fbff.jpg,0.6056046608692266,0.432272
B2A,8a0d049fdb.jpg,0.7234096226544319,0.40412775
B2A,8a38d33eb9.jpg,0.7900301355849396,0.3178053
B2A,8a4c8c7581.jpg,0.7145306503780501,0.4719623
B2A,8a68577ae9.jpg,0.601752753757715,0.59940225
B2A,8a6a134b6e.jpg,0.7652511508119638,0.2821435
B2A,8a6a17661a.jpg,0.7954448252969551,0.35363576
B2A,8a6f40ebc6.jpg,0.6592787729151581,0.67672443
B2A,8a70493b60.jpg,0.7348713179169161,0.48581794
B2A,8a7c211597.jpg,0.7596166962047944,0.6158685
B2A,8a8801feb9.jpg,0.6715187883770143,0.55263734
B2A,8a935bef79.jpg,0.7020037186332736,0.53682
B2A,8a987f711b.jpg,0.6828932372684606,0.44593444
B2A,8a9d3ff7fa.jpg,0.5942158598543864,0.54511654
B2A,8ab1eaa5f0.jpg,0.6538620609723838,0.43950596
B2A,8ae4265cd3.jpg,0.8367427229177548,0.37060034
B2A,8ae8564344.jpg,0.6634659627836627,0.46183074
B2A,8af0546eb3.jpg,0.8248832220140111,0.55348504
B2A,8af291a241.jpg,0.7741068038470175,0.5658543
B2A,8afd46824b.jpg,0.7474054293385,0.4974804
B2A,8afd5933d9.jpg,0.8835221461238848,0.33543363
B2A,8b10c7ce5b.jpg,0.7717010351557219,0.35733145
B2A,8b34d93323.jpg,0.6415179449344167,0.54867387
B2A,8b3830949d.jpg,0.755663426207948,0.45866945
B2A,8b3fb4a823.jpg,0.8549591663354469,0.3448002
B2A,8b41c19587.jpg,0.5548019016264653,0.6769537
B2A,8b4acbb780.jpg,0.7886351108778028,0.46195146
B2A,8b554cd034.jpg,0.6320524902363094,0.29244617
B2A,8b62a7dd7a.jpg,0.6775331794563256,0.33891776
B2A,8b641a3afe.jpg,0.7152557793705852,0.4358012
B2A,8b6a8bf9f6.jpg,0.5345562770273183,0.5590313
B2A,8b6dd12ee0.jpg,0.6912176169161236,0.451083
B2A,8b6f332ed2.jpg,0.8186231901731114,0.33189252
B2A,8b85d214a5.jpg,0.7115579165203059,0.3336217
B2A,8b8987492f.jpg,0.5435559091010451,0.51014197
B2A,8b8fc600dc.jpg,0.6314038269629834,0.56157863
B2A,8b997cbee6.jpg,0.6700980631748524,0.5057557
B2A,8bb6428221.jpg,0.6383761115922373,0.34945476
B2A,8bb91472c8.jpg,0.8892311262620675,0.34085485
B2A,8be1dad77a.jpg,0.8005192913544037,0.26304293
B2A,8be3f02dae.jpg,0.7178200665534948,0.51058304
B2A,8be8d9c7fe.jpg,0.8443628598670789,0.3083939
B2A,8bf1c2db03.jpg,0.8811696289900254,0.35661748
B2A,8bfb3ef6f7.jpg,0.7457995445800191,0.3806671
B2A,8bfc8d6970.jpg,0.8580884339488728,0.30430627
B2A,8c03f9790e.jpg,0.640981157624769,0.4940791
B2A,8c1f68d7c0.jpg,0.5674363800899601,0.5958501
B2A,8c2dcd04ce.jpg,0.5272945233469146,0.3718891
B2A,8c38df7eda.jpg,0.9123749459320081,0.38253015
B2A,8c39fccc0c.jpg,0.7121080233414505,0.46106154
B2A,8c3f71bb3d.jpg,0.8273440096197598,0.51413596
B2A,8c5385298d.jpg,0.6728604870370296,0.29697403
B2A,8c56566f1b.jpg,0.7524056334765472,0.5364462
B2A,8c58319212.jpg,0.8635802657464463,0.33465648
B2A,8c587af1d9.jpg,0.7319376541584183,0.27815044
B2A,8c59a24ec4.jpg,0.7113012091472619,0.33022118
B2A,8c69c81d62.jpg,0.7549045196764878,0.70028216
B2A,8c6fe9b698.jpg,0.49262172235887886,0.58938575
B2A,8c7de9cb64.jpg,0.7379457994173713,0.34396473
B2A,8c81e05b8b.jpg,0.575778528603478,0.45588523
B2A,8c8961cabb.jpg,0.5920276824548542,0.44961447
B2A,8c967453de.jpg,0.7938371521588269,0.4204451
B2A,8c97b5d5f3.jpg,0.6628913842119111,0.4928711
B2A,8c98a42872.jpg,0.7574550032231506,0.34151673
B2A,8c9b7944d9.jpg,0.7055542450030978,0.4537992
B2A,8c9da54f5e.jpg,0.8317807232850682,0.3676154
B2A,8cbb7fead2.jpg,0.8142158737509211,0.4486325
B2A,8cc036746a.jpg,0.7933472569967661,0.3690741
B2A,8cc1fedf0f.jpg,0.5345095870380855,0.542202
B2A,8ccb1f6067.jpg,0.6976358095012092,0.29190433
B2A,8cefb5476f.jpg,0.6348233103351607,0.43503013
B2A,8cf1ff221a.jpg,0.7107703338756949,0.3433709
B2A,8cf3dc8532.jpg,0.5862562202027626,0.49928796
B2A,8d05da85a2.jpg,0.697421267270112,0.59524053
B2A,8d1d0c152a.jpg,0.7537197669937572,0.4165047
B2A,8d297a6fba.jpg,0.6164625374888865,0.5474664
B2A,8d373e4f08.jpg,0.6812513961774349,0.4215546
B2A,8d395f773d.jpg,0.7509171251270145,0.36824697
B2A,8d398d8077.jpg,0.6802260482090667,0.5229275
B2A,8d4d305053.jpg,0.6620291543624897,0.4131706
B2A,8d511d593a.jpg,0.6812546447518958,0.4594239
B2A,8d7cc55987.jpg,0.8172197727593346,0.32184416
B2A,8d8535b155.jpg,0.7367230024567497,0.31587416
B2A,8d868ee80d.jpg,0.45868223175253486,0.5700768
B2A,8d8cf10470.jpg,0.6215514403076586,0.54885775
B2A,8da436b074.jpg,0.8262351543286102,0.5715656
B2A,8dac996304.jpg,0.565381927030248,0.57428217
B2A,8db1c9c782.jpg,0.6856886233907628,0.38026989
B2A,8de4267ea0.jpg,0.7509004034924871,0.41705868
B2A,8defb17876.jpg,0.6305013992369018,0.32234353
B2A,8dfd4b4562.jpg,0.7884814935456465,0.3905275
B2A,8e042bb3e6.jpg,0.7288991233577249,0.4997943
B2A,8e1472c0ac.jpg,0.6411289993085625,0.5591397
B2A,8e19cd143b.jpg,0.7071049393690685,0.64343125
B2A,8e218bbeee.jpg,0.7126836469712554,0.27046344
B2A,8e27c58e8b.jpg,0.8374329252063171,0.4353118
B2A,8e27cd8afb.jpg,0.7512963856065874,0.36449236
B2A,8e30baf5ae.jpg,0.7393290612164111,0.30566475
B2A,8e3b41a3a0.jpg,0.7491511901461269,0.36672002
B2A,8e3fd7ff09.jpg,0.5524442378883513,0.53737193
B2A,8e51d5867f.jpg,0.7724725199757599,0.42622426
B2A,8e6e5f8078.jpg,0.7046469829864012,0.44443387
B2A,8e79534b0c.jpg,0.6806200069325469,0.45062706
B2A,8e876bd586.jpg,0.8149430101904261,0.3710941
B2A,8e95ef6636.jpg,0.7848803440454517,0.46105883
B2A,8ea3121111.jpg,0.49129750751870566,0.5257828
B2A,8ea33353d8.jpg,0.7908535973929711,0.4253133
B2A,8eabde45df.jpg,0.7386909575082815,0.49319726
B2A,8eaf38146d.jpg,0.6209887157262064,0.49152005
B2A,8ebecab630.jpg,0.6321615644772235,0.32191706
B2A,8ec934ab7a.jpg,0.5946953743248444,0.3190358
B2A,8ed9adc2f8.jpg,0.7486639637368524,0.4478573
B2A,8edfe6d708.jpg,0.7504011357670423,0.4903957
B2A,8ee24544da.jpg,0.7311530619585961,0.46110147
B2A,8ef3c11446.jpg,0.7708970749380095,0.40198296
B2A,8ef6d21430.jpg,0.7818884331546496,0.49253505
B2A,8ef84910a6.jpg,0.77052515627761,0.3820758
B2A,8f0403e2cf.jpg,0.6312935405300091,0.455042
B2A,8f0aa160cb.jpg,0.7754938389203915,0.50486714
B2A,8f250ece01.jpg,0.7673892109085675,0.47327256
B2A,8f2af16e7b.jpg,0.733630483694857,0.39815322
B2A,8f3be0fbeb.jpg,0.7982197098698297,0.5023192
B2A,8f564a0a48.jpg,0.8103682642673771,0.35643128
B2A,8f59672761.jpg,0.7288116231760604,0.40748498
B2A,8f62691292.jpg,0.8227967534163773,0.32498488
B2A,8f651ee326.jpg,0.7152075503676271,0.4624427
B2A,8f67825151.jpg,0.5236310862010787,0.47121733
B2A,8f6daedb85.jpg,0.7458537578478577,0.48294517
B2A,8f78274408.jpg,0.6436007391563452,0.39917964
B2A,8f7bb4da8c.jpg,0.8860957183490756,0.44473016
B2A,8f8bdab0d3.jpg,0.8008953018966134,0.3139465
B2A,8f9c1bf59c.jpg,0.6756983314498607,0.40611795
B2A,8f9cc89fc1.jpg,0.6651263914988228,0.5310242
B2A,8fa21cc3ae.jpg,0.8322006080654026,0.39953095
B2A,8fbd39a41f.jpg,0.753574015222698,0.29506922
B2A,8fbfe7bc3e.jpg,0.5746702987246457,0.43852234
B2A,8fc153c94e.jpg,0.8627801734772839,0.3491787
B2A,8fc1a3d804.jpg,0.8926217701282412,0.41227013
B2A,8fc60f7bef.jpg,0.6962581761299415,0.52169985
B2A,8fc6680c4a.jpg,0.6848352964762853,0.47441372
B2A,8fc9fce9f2.jpg,0.6669200075075455,0.47725418
B2A,8fd6e74ab9.jpg,0.7756582138643667,0.38850212
B2A,8fdc8f747e.jpg,0.819497692556934,0.37073272
B2A,8fe1fb621d.jpg,0.7989561594680341,0.4575928
B2A,8ff2ab81b2.jpg,0.6750223536891153,0.38509825
B2A,8ffa6382e9.jpg,0.5198012423381424,0.4004714
B2A,900c842af7.jpg,0.8537129016752116,0.43192872
B2A,9010105f3d.jpg,0.6889163540051382,0.54136026
B2A,90268e092b.jpg,0.7220520062108655,0.34698668
B2A,9028fc10c7.jpg,0.7122019882703183,0.5630156
B2A,9048e6e0d1.jpg,0.8091407360893019,0.45136172
B2A,904a21697e.jpg,0.5663482960722228,0.56721175
B2A,904f5a5276.jpg,0.818023827655658,0.40299433
B2A,9050e1c0e6.jpg,0.660159542191072,0.30583632
B2A,9071c99f67.jpg,0.8125682769167386,0.34298688
B2A,9079fe9d9c.jpg,0.782319867769116,0.39085326
B2A,907cd5e630.jpg,0.7247380746292307,0.54242766
B2A,907d9cf180.jpg,0.7898963578946966,0.32686758
B2A,909ae89f4d.jpg,0.8123244183502356,0.29075792
B2A,90a6484491.jpg,0.6805658618066396,0.44649082
B2A,90aa881d59.jpg,0.6721498774547721,0.4476679
B2A,90b3c6c885.jpg,0.7007561112117008,0.4634587
B2A,90b9257df4.jpg,0.6660572892202481,0.5493097
B2A,90bc360c57.jpg,0.6990016968628675,0.31040704
B2A,90bdbd6631.jpg,0.5243480249038001,0.6457408
B2A,90c00b0a8c.jpg,0.7258815203802272,0.35673678
B2A,90c9cd3fe8.jpg,0.6680393669152432,0.4309818
B2A,90cbc5b0a2.jpg,0.6984842372154716,0.48508292
B2A,90d00e4130.jpg,0.4783413624910823,0.45462874
B2A,90d2b880b2.jpg,0.6624521530214931,0.4757559
B2A,90e072864e.jpg,0.567345041366946,0.6260423
B2A,90e1c5d57a.jpg,0.6355498059541779,0.59071857
B2A,90e5ba5fe4.jpg,0.6532717326989003,0.4949238
B2A,90fa0a2900.jpg,0.7063156211801066,0.46014404
B2A,90fc280b72.jpg,0.86037670261137,0.3699719
B2A,9105102bc4.jpg,0.7427385008824094,0.5667336
B2A,910e1f900e.jpg,0.6049612262531117,0.43031624
B2A,911af8c237.jpg,0.7297040571188674,0.45121264
B2A,9128a67589.jpg,0.6548145502248961,0.47530454
B2A,912f47efb6.jpg,0.5554065320088074,0.5435639
B2A,912f7c8917.jpg,0.8022651839972068,0.389481
B2A,9138142611.jpg,0.46898308954813017,0.53775376
B2A,914d6701fb.jpg,0.9322057144140614,0.35546908
B2A,915666f75a.jpg,0.7350934273127643,0.51962435
B2A,915b936cdd.jpg,0.5323513231547513,0.4258041
B2A,91633d4951.jpg,0.8061863925639968,0.4338398
B2A,916ae3f734.jpg,0.5753062560089824,0.49111852
B2A,916ba9d722.jpg,0.7308525539825419,0.39057755
B2A,916caf5698.jpg,0.7975322560414179,0.51767844
B2A,917f384f27.jpg,0.8319265773947011,0.36869276
B2A,91847ec212.jpg,0.6482921354343081,0.6128848
B2A,9186f2f6bf.jpg,0.8281714288610189,0.28933644
B2A,91916e6337.jpg,0.7578130248097694,0.3543958
B2A,9194cac2c2.jpg,0.739762658465602,0.3487013
B2A,91a6a513e8.jpg,0.7077501858128915,0.4068687
B2A,91bd17ebc1.jpg,0.5448220213226835,0.63856107
B2A,91c0fb330a.jpg,0.7230706955019426,0.31648535
B2A,91c4ec2938.jpg,0.7477845538020755,0.402859
B2A,91caa42854.jpg,0.8058470865766295,0.32247764
B2A,91cdf3c9ec.jpg,0.6989116980474293,0.39528784
B2A,91cef72c5d.jpg,0.7022850636283917,0.3487324
B2A,91cf22742c.jpg,0.7871257193796498,0.47895306
B2A,91d1476220.jpg,0.6034605148933881,0.37628794
B2A,91dbb69203.jpg,0.7921623612364933,0.35367072
B2A,91e43a72c3.jpg,0.7536675736180465,0.35988975
B2A,91edaa90e8.jpg,0.6760063302841727,0.50756764
B2A,9203f9070e.jpg,0.6673529476999543,0.50243187
B2A,921e0c98a4.jpg,0.7853065603062879,0.4089349
B2A,922e075696.jpg,0.7266546419521338,0.44855964
B2A,924309267b.jpg,0.7353556250379566,0.4180245
B2A,9258ed4e17.jpg,0.5066602172379719,0.6011037
B2A,926fabe094.jpg,0.6247250136234458,0.4741112
B2A,92884da831.jpg,0.7769605703784137,0.40129238
B2A,9293bb3ab1.jpg,0.7862872782121708,0.29421687
B2A,9295c73f10.jpg,0.8573706211459762,0.37677976
B2A,92a4544fb1.jpg,0.817319715877539,0.29596797
B2A,92a77e056a.jpg,0.7136532857169663,0.40965983
B2A,92ad835b19.jpg,0.4993768516764696,0.6289638
B2A,92b15f83a3.jpg,0.6381921265490043,0.48246884
B2A,92b4f542a8.jpg,0.7047244345587117,0.33747378
B2A,92c3fd59e9.jpg,0.8591754269092954,0.24375664
B2A,92c7aa40d9.jpg,0.8533763667169875,0.3239359
B2A,92cb1b612c.jpg,0.6866614047424865,0.3705879
B2A,92d2f773ea.jpg,0.6870542747304249,0.42791858
B2A,92d9a71a35.jpg,0.5623570118454082,0.70695066
B2A,92dacc55c5.jpg,0.7517348923983006,0.55123645
B2A,93132bc39a.jpg,0.509947989028787,0.5673055
B2A,931e9f62be.jpg,0.5644214204533673,0.5355687
B2A,93228e23b7.jpg,0.8364148404802664,0.3252918
B2A,932f681182.jpg,0.7456580342600482,0.50783366
B2A,93404abb02.jpg,0.7215171530194937,0.4791522
B2A,935b664420.jpg,0.6606225065498079,0.39118177
B2A,935b850c7b.jpg,0.8658458429947177,0.26780817
B2A,936086c2fb.jpg,0.6104828251798567,0.4468496
B2A,9368bfbb0d.jpg,0.6956601938687235,0.5518157
B2A,9384f0381d.jpg,0.7342080128785936,0.41399848
B2A,938d0ba34c.jpg,0.5106900844497991,0.634323
B2A,938fb66016.jpg,0.8145415541294403,0.392847
B2A,9394218ff6.jpg,0.7396706983129878,0.33073395
B2A,9395512e4e.jpg,0.5929632278409597,0.50524
B2A,939f31a928.jpg,0.5005151791281882,0.47031274
B2A,93a901666e.jpg,0.690203861120428,0.40350395
B2A,93b37e6702.jpg,0.5102727107030169,0.5157294
B2A,93b7f31cb9.jpg,0.8976944427346686,0.30144063
B2A,93bd999d11.jpg,0.5194030037343604,0.8257431
B2A,93c641ad5b.jpg,0.6271981524391056,0.33506554
B2A,93d77f649a.jpg,0.8397765817862822,0.50198245
B2A,93fa7e2d2e.jpg,0.6475154384782418,0.560869
B2A,93fd6bcbb4.jpg,0.5979993608275527,0.480297
B2A,9404bff3b5.jpg,0.6587625242329771,0.33935487
B2A,9406f2a468.jpg,0.7612487342382055,0.43619198
B2A,940ebfcf33.jpg,0.6609470673837196,0.37652856
B2A,9412b74bf7.jpg,0.601636982671991,0.5248296
B2A,941fe1adf7.jpg,0.875783293075172,0.30233628
B2A,94224752b4.jpg,0.7115981290850876,0.38440064
B2A,94263d971f.jpg,0.8717696673923157,0.4119181
B2A,9427fc76b9.jpg,0.706699633354518,0.39516324
B2A,944398f81d.jpg,0.6903955700253362,0.3645102
B2A,944bee3f77.jpg,0.5647148891829625,0.58028984
B2A,94502f184f.jpg,0.8094511600605369,0.41831696
B2A,946dd1bb4b.jpg,0.6487791266134478,0.5257455
B2A,946e0d3cf2.jpg,0.8093355296546287,0.36085564
B2A,9470dd8aac.jpg,0.7494530046908543,0.4317126
B2A,947ecf90b9.jpg,0.8200131405741503,0.37133044
B2A,94882d1992.jpg,0.8304933540098933,0.32466975
B2A,94979ec8c0.jpg,0.542144354880192,0.31567004
B2A,949d934747.jpg,0.7941172570176758,0.41907138
B2A,94af688583.jpg,0.6036167735821992,0.63934165
B2A,94b20d92c2.jpg,0.709206922117391,0.58898157
B2A,94b3dc2840.jpg,0.7633740502211137,0.46382314
B2A,94cc7a8697.jpg,0.5769858741333168,0.45579925
B2A,94cf38462b.jpg,0.6633048155020236,0.38766533
B2A,94e066f2b3.jpg,0.852834517715347,0.33990672
B2A,94e1a09e64.jpg,0.6743866062417793,0.38290843
B2A,94ed902431.jpg,0.7793641716607668,0.46451122
B2A,94ef9bc8f4.jpg,0.764603824193865,0.4558525
B2A,94f272fbc2.jpg,0.8290754338121259,0.37429646
B2A,94f6b65afa.jpg,0.843789405559055,0.59830517
B2A,951804d699.jpg,0.5968229009165725,0.4010108
B2A,95186389f6.jpg,0.7884141608231965,0.36179098
B2A,9525ce824a.jpg,0.7650526994636612,0.34107056
B2A,952d99f5b0.jpg,0.6549002443590377,0.51195735
B2A,953b1317cb.jpg,0.6706894072485412,0.65637124
B2A,9549a2e85c.jpg,0.6571044137965639,0.5924243
B2A,954cbfbad6.jpg,0.4922400562817412,0.7080488
B2A,955d88b9a7.jpg,0.6767829441421674,0.42456385
B2A,9562727728.jpg,0.7443077154059263,0.32898054
B2A,957ae02f79.jpg,0.7048235885087092,0.5159049
B2A,957b22a3a7.jpg,0.7468981003793346,0.36830682
B2A,9588a52282.jpg,0.6762744845087114,0.57225966
B2A,95900a984f.jpg,0.47861361998152274,0.6495822
B2A,9593d730f2.jpg,0.5492870514135229,0.42282587
B2A,95a66b0d9b.jpg,0.8206996165505439,0.2936153
B2A,95a6bdb3bf.jpg,0.6987110391670565,0.33725968
B2A,95a7ed2155.jpg,0.7244773786327189,0.33729246
B2A,95a9fadd8f.jpg,0.7747665244452547,0.32499796
B2A,95aaf0fbbd.jpg,0.5935318227735793,0.44623187
B2A,95b2119fa9.jpg,0.6885132346307797,0.62361205
B2A,95b317a33d.jpg,0.6319064575968163,0.37450495
B2A,95b6abfcee.jpg,0.8214974823643769,0.38709277
B2A,95c438e906.jpg,0.8250842696554125,0.36753285
B2A,95d494f4ae.jpg,0.760557506600019,0.2996874
B2A,95d4cb8eca.jpg,0.8127156396524305,0.35153607
B2A,95deeeec90.jpg,0.7815049675253751,0.36008215
B2A,95dff55b08.jpg,0.8237805946249536,0.38066763
B2A,95e33c18db.jpg,0.7568846258704179,0.4096158
B2A,95f5aeda51.jpg,0.7537903477585046,0.49240586
B2A,95f5d9ab48.jpg,0.620859996995651,0.38269722
B2A,9606c7644b.jpg,0.6495149337236166,0.38302022
B2A,960b5fa7e8.jpg,0.5270820726770631,0.4586324
B2A,96183e38ec.jpg,0.8420172405723734,0.68803906
B2A,9622e7f973.jpg,0.7915697279070765,0.4948092
B2A,962d0ff537.jpg,0.8010266892647705,0.46318454
B2A,963134b323.jpg,0.7651278795827346,0.3642816
B2A,96324aa924.jpg,0.5956965246871813,0.542898
B2A,963770bacd.jpg,0.6986221087160588,0.47010422
B2A,963c0eb500.jpg,0.7503151453555904,0.425809
B2A,96486253fb.jpg,0.6426984120574302,0.57952785
B2A,9652937cf0.jpg,0.7170250826258328,0.46681827
B2A,965c4ddd61.jpg,0.5145900150016912,0.45321617
B2A,9670ea6664.jpg,0.8501680745669645,0.36599
B2A,9681f39ae8.jpg,0.8119823140038204,0.38227254
B2A,9693678067.jpg,0.8511407979616054,0.32749972
B2A,9698946dfb.jpg,0.6594732269981356,0.40695098
B2A,969d45bb23.jpg,0.637864081630456,0.526621
B2A,96a933541d.jpg,0.7732111047162251,0.36418375
B2A,96ae66347a.jpg,0.8204808374891805,0.36156866
B2A,96b2ac1a1b.jpg,0.7015894072473814,0.462665
B2A,96b9ee7ec4.jpg,0.7305760411306185,0.40920535
B2A,96baf57a50.jpg,0.8039887231216922,0.6066458
B2A,96c65e76e1.jpg,0.5903328176670491,0.3964804
B2A,96c686ddf6.jpg,0.667612629751757,0.42482626
B2A,96cb35f032.jpg,0.7501945498608081,0.48929355
B2A,96cda40153.jpg,0.8345668750927956,0.44260293
B2A,96d223307c.jpg,0.6690990887006208,0.38904718
B2A,96d3517f11.jpg,0.8261955813603789,0.24581422
B2A,96da1fc826.jpg,0.544894838362624,0.52235925
B2A,96e1bb4403.jpg,0.5749358535992021,0.46228945
B2A,96e42a29c9.jpg,0.6969333449494814,0.46895596
B2A,96e7b2c267.jpg,0.638106375718278,0.42363083
B2A,96e860fd62.jpg,0.7294120681753212,0.44887966
B2A,970d8c0b4c.jpg,0.7070487935618217,0.43307906
B2A,97123776ca.jpg,0.7756745103859967,0.49642092
B2A,971c33b707.jpg,0.8003532621746187,0.36356953
B2A,971fcc6bcc.jpg,0.712876907199939,0.4459411
B2A,97268dc895.jpg,0.6546323553651523,0.42323047
B2A,973372e3d0.jpg,0.9046146152218486,0.38583213
B2A,973dd4a928.jpg,0.729952012269176,0.5146237
B2A,973f82a644.jpg,0.7317126950229222,0.4299724
B2A,9743bd2705.jpg,0.7577361204265299,0.36859316
B2A,975538e5c1.jpg,0.6352896677503665,0.45043346
B2A,976f6eafdd.jpg,0.6715131189477633,0.48598233
B2A,977938602b.jpg,0.5828972112873513,0.5054458
B2A,977b1bd3a2.jpg,0.6827011742810712,0.6058596
B2A,977bff16d4.jpg,0.6974553036782698,0.40560445
B2A,978424d552.jpg,0.5401941229766286,0.33303806
B2A,979103c46c.jpg,0.7317051027523302,0.39981556
B2A,979e42841f.jpg,0.6875329664216121,0.4275766
B2A,97a87bca91.jpg,0.692166730116915,0.3635447
B2A,97b5d7b81c.jpg,0.752847094296765,0.4034939
B2A,97bf9704b5.jpg,0.7400823157148338,0.29004738
B2A,97c6fda363.jpg,0.5146049224046255,0.6654631
B2A,97c8c523df.jpg,0.6149060742994107,0.36970246
B2A,97cef7f737.jpg,0.7571177221459785,0.34630316
B2A,97d4460077.jpg,0.6447861537884275,0.42456257
B2A,97d76023a7.jpg,0.6252738642264944,0.43317097
B2A,97dddb7cbb.jpg,0.8160047956943269,0.35754162
B2A,97e4b5f75c.jpg,0.5745766360025679,0.39384538
B2A,97e948fb9d.jpg,0.7569981039784672,0.3767506
B2A,9801846b65.jpg,0.7315323277429173,0.3761269
B2A,9806c55f8e.jpg,0.75997099770497,0.41582784
B2A,9811ee90ac.jpg,0.8328778429535418,0.4096751
B2A,981f9ee7ce.jpg,0.8795781281845274,0.44955978
B2A,982068245a.jpg,0.6213995066427038,0.43100637
B2A,9820d446a4.jpg,0.7735854076981045,0.38933724
B2A,9827d36539.jpg,0.7953951807841949,0.5071782
B2A,982ca3c520.jpg,0.7253735670655752,0.39059418
B2A,9835ba0013.jpg,0.8180267246377659,0.3301245
B2A,983821c850.jpg,0.7701149199727031,0.36086935
B2A,98426ffd66.jpg,0.7209742861925753,0.43908212
B2A,984c6baa94.jpg,0.7223742904778223,0.42047322
B2A,98507e2f68.jpg,0.7748253928575679,0.35391065
B2A,9863a4aa56.jpg,0.5539504429678861,0.40538564
B2A,986d6d5bf9.jpg,0.6455552785723664,0.3275211
B2A,988ba0650a.jpg,0.7613155005890515,0.32375914
B2A,9894d1438d.jpg,0.43965018257793403,0.5400802
B2A,9895a5216b.jpg,0.6357249167212948,0.41740337
B2A,98a00fe3fc.jpg,0.559314993565538,0.5587256
B2A,98af1d51cf.jpg,0.7392990516743394,0.46815628
B2A,98b9fbb3fb.jpg,0.7794155645289761,0.3242793
B2A,98c28eedfa.jpg,0.7344773150528597,0.4879116
B2A,98cbab58d6.jpg,0.7334220151091904,0.25713253
B2A,98d335025e.jpg,0.7063545714068763,0.42492145
B2A,98d4348692.jpg,0.7743526643906086,0.44785035
B2A,98de268fe8.jpg,0.5572638688601933,0.5747516
B2A,98e7d7b48a.jpg,0.6932039583261266,0.37515306
B2A,98ef46be31.jpg,0.8294553910428459,0.38397914
B2A,98fcc9f6fc.jpg,0.8339065853418429,0.31329864
B2A,98ff290926.jpg,0.6268870136492521,0.4696225
B2A,99038bde22.jpg,0.7427800327597809,0.41123107
B2A,99045d3f04.jpg,0.7220891042587178,0.3746067
B2A,9906756ae6.jpg,0.743586888114147,0.4138047
B2A,990e8ef2f2.jpg,0.8437429496027022,0.43889147
B2A,9912bab8cf.jpg,0.7532120134269434,0.47076198
B2A,9912e8a5a3.jpg,0.5798072279715505,0.43790835
B2A,991eb1e448.jpg,0.8203536700310597,0.42675158
B2A,9921ef9e3c.jpg,0.755439597036763,0.43589363
B2A,99283f98de.jpg,0.8054018471842403,0.3545126
B2A,99294cd9e3.jpg,0.8094444821899193,0.31225652
B2A,993fb1e69b.jpg,0.8529020672678743,0.34130672
B2A,9945957ec7.jpg,0.5430735882664358,0.71668875
B2A,994a54185f.jpg,0.8608846051912431,0.37283948
B2A,994b994977.jpg,0.8039734197680409,0.33107686
B2A,99676e0f39.jpg,0.6881866222773391,0.48865944
B2A,996de8f5ec.jpg,0.9012544447251186,0.40916634
B2A,997f0ed940.jpg,0.7460904117917744,0.35029608
B2A,9991f94f1d.jpg,0.6643782803477103,0.48311716
B2A,999985c001.jpg,0.7915603627771406,0.50714344
B2A,9999c76d32.jpg,0.8314355396463462,0.31809545
B2A,999e87f7a6.jpg,0.8497203984522386,0.2676514
B2A,99a109ea2b.jpg,0.6874536203940359,0.626403
B2A,99a6c4d326.jpg,0.7666510354246593,0.55204344
B2A,99b3b1736b.jpg,0.6600596399860419,0.4224722
B2A,99baee78f2.jpg,0.7510999876505613,0.44520038
B2A,99c0ccba50.jpg,0.7823955196460395,0.3624853
B2A,99c9687c14.jpg,0.5530344663002719,0.33659264
B2A,99cbbc5052.jpg,0.677184340489975,0.601812
B2A,99d04bd95f.jpg,0.7168972817880899,0.2840696
B2A,99dacbf106.jpg,0.6084385695078821,0.52492344
B2A,99ed3dc7b2.jpg,0.8344085340946249,0.5028232
B2A,99f621bbdb.jpg,0.8452876677472185,0.32175544
B2A,99fb63fada.jpg,0.737317360774532,0.3588618
B2A,99fc1c27b2.jpg,0.5623831807914861,0.55609924
B2A,99fcebb45b.jpg,0.5933642572673294,0.591874
B2A,9a0bfe6c86.jpg,0.8937011472185598,0.3505422
B2A,9a2b9dec3a.jpg,0.5464574519959075,0.6111537
B2A,9a4b2f8bd8.jpg,0.7832429784373485,0.3193472
B2A,9a507f5ef4.jpg,0.7759443323673005,0.38173684
B2A,9a5477aaeb.jpg,0.8849997262606819,0.39763206
B2A,9a59323542.jpg,0.6075104934407483,0.45404676
B2A,9a780093c6.jpg,0.8473224891308653,0.4794805
B2A,9a9d4aeb7a.jpg,0.6974893181764978,0.38003147
B2A,9ab17ed33a.jpg,0.7022827912454171,0.33297372
B2A,9adf6d52d3.jpg,0.8291368721741659,0.37158203
B2A,9aeb8bd419.jpg,0.7202028776286084,0.42195272
B2A,9af5a24f65.jpg,0.8327789636866711,0.41074345
B2A,9afdeb8ed2.jpg,0.5258295754270392,0.47980255
B2A,9b048364b8.jpg,0.8240840068247705,0.3707557
B2A,9b186b8f81.jpg,0.904604584599884,0.33228737
B2A,9b1b974368.jpg,0.5737734712280491,0.5774518
B2A,9b1c51d91c.jpg,0.8245951743554116,0.3711474
B2A,9b3053dc34.jpg,0.7033238556280976,0.59942055
B2A,9b3abf3a98.jpg,0.7396276466200564,0.32219785
B2A,9b513c7a1c.jpg,0.7708388776829735,0.34986195
B2A,9b5be07782.jpg,0.6999661738521596,0.42094293
B2A,9b5d6d5b9b.jpg,0.512581886322603,0.5201409
B2A,9b5e41ac82.jpg,0.8299275075599112,0.40191132
B2A,9b6bec8314.jpg,0.7417216830446347,0.39234442
B2A,9b7d65decf.jpg,0.6732613343880353,0.40975082
B2A,9b85a6c570.jpg,0.8431838033381927,0.3737225
B2A,9b87bd9191.jpg,0.6617625697761196,0.4442373
B2A,9b95a6cc9b.jpg,0.8967017384878012,0.40522265
B2A,9b9cdde1ce.jpg,0.6536547361824526,0.37937
B2A,9ba4ae09af.jpg,0.8404137034436451,0.47252932
B2A,9ba9376b9d.jpg,0.7828673054682718,0.31600964
B2A,9baca6d979.jpg,0.8477096419061309,0.40741092
B2A,9bd1b8c1be.jpg,0.9086967786650864,0.30061495
B2A,9bd28a56c1.jpg,0.7884857973020478,0.44159234
B2A,9be2b6c083.jpg,0.572951251414062,0.535873
B2A,9bf556f160.jpg,0.7909026522108357,0.5901849
B2A,9bf931ead4.jpg,0.7227406876313287,0.3934144
B2A,9bfcbc6fe3.jpg,0.588975725384529,0.4538366
B2A,9c0c63914a.jpg,0.7387410872906129,0.45506823
B2A,9c0e343a29.jpg,0.8437543885501164,0.34383786
B2A,9c102e25d3.jpg,0.7322883527871565,0.4409604
B2A,9c10716ffd.jpg,0.7685058154956774,0.60489386
B2A,9c204faa1f.jpg,0.5076604563556456,0.67122656
B2A,9c25e78088.jpg,0.8170114398255187,0.44569564
B2A,9c2fed3088.jpg,0.7880327387474935,0.45056528
B2A,9c4050f532.jpg,0.7322267104864905,0.44383293
B2A,9c4dd0a48f.jpg,0.5489679627603197,0.6733689
B2A,9c564000e7.jpg,0.6151593255065024,0.6069413
B2A,9c70f10a5a.jpg,0.8971877712645359,0.37083727
B2A,9c77707e49.jpg,0.6722484878475947,0.58456147
B2A,9c92f8345f.jpg,0.7859927729227417,0.3162638
B2A,9ca436a170.jpg,0.8138856205693692,0.29336488
B2A,9caa11517e.jpg,0.7737064869391539,0.42349812
B2A,9cac2116d7.jpg,0.8689063722989796,0.37108886
B2A,9cb836306d.jpg,0.7338562561172323,0.454422
B2A,9cbcbdcbb3.jpg,0.5537726764553552,0.43416733
B2A,9cc0e6163f.jpg,0.8347774783355488,0.35572383
B2A,9cc35ff83e.jpg,0.7415246880248145,0.41740182
B2A,9cc789cfef.jpg,0.7919324927162902,0.36254218
B2A,9ccca8eac7.jpg,0.8205529242125295,0.36381906
B2A,9ce382c263.jpg,0.7110443672781994,0.4394189
B2A,9cef1e6708.jpg,0.7702630113139175,0.29266644
B2A,9cf972ea28.jpg,0.734585839745709,0.5351926
B2A,9cfb0b75ab.jpg,0.6078577173059027,0.3630078
B2A,9d09a34740.jpg,0.7730993934002081,0.5174473
B2A,9d3885ad89.jpg,0.6166601354245207,0.67731404
B2A,9d3c6b28c4.jpg,0.7285484647107564,0.32935584
B2A,9d438a0bb2.jpg,0.7562158819337773,0.375472
B2A,9d4711f6ef.jpg,0.7270233343146622,0.4248464
B2A,9d59515745.jpg,0.6798984462034108,0.38846385
B2A,9d6df08287.jpg,0.6380412837775689,0.441105
B2A,9d74f4e539.jpg,0.5775607828283961,0.39749062
B2A,9d766ffc5c.jpg,0.6315567652596564,0.36392188
B2A,9d7b548d1f.jpg,0.8729784606922482,0.3327698
B2A,9d7c3c3eea.jpg,0.8017180928230503,0.2951975
B2A,9d82fd9e98.jpg,0.686915726036741,0.49453378
B2A,9d92ef2ffc.jpg,0.6592555703478256,0.36987576
B2A,9da065344d.jpg,0.7794411338137034,0.4843508
B2A,9dad30bdf5.jpg,0.7020333058240991,0.46953624
B2A,9dbc604a03.jpg,0.7784107935297191,0.40003127
B2A,9dc4a07f48.jpg,0.6420317264368343,0.3390102
B2A,9dc4a40f1a.jpg,0.6610456804948517,0.5609292
B2A,9dcebd8348.jpg,0.683807740290456,0.46252286
B2A,9dd9044174.jpg,0.8105615480519892,0.5273878
B2A,9dfd1f8a09.jpg,0.6346502638557532,0.49793822
B2A,9e0a0d54b5.jpg,0.7891972312201335,0.41315487
B2A,9e13541480.jpg,0.8818964126131357,0.27786112
B2A,9e176db9cd.jpg,0.7617557475993754,0.32187754
B2A,9e1842231b.jpg,0.673286533527761,0.49785474
B2A,9e2f4c39d2.jpg,0.5831465116380196,0.5251556
B2A,9e3b34bb13.jpg,0.6915658849091673,0.40769243
B2A,9e456ef2a7.jpg,0.8673253825036602,0.31683475
B2A,9e4b9f428b.jpg,0.5408920028209165,0.54647005
B2A,9e5dabe2b2.jpg,0.5931948494828764,0.3321154
B2A,9e65828ee9.jpg,0.8493066699382928,0.3761685
B2A,9e664ae2ef.jpg,0.5543419985945385,0.3946733
B2A,9e72cedb73.jpg,0.8525142701281077,0.56396973
B2A,9e7fcf4aaf.jpg,0.6128443637630908,0.58584327
B2A,9e81e8d2fe.jpg,0.6054864136113249,0.42442727
B2A,9e8554fade.jpg,0.7581126138015513,0.38021505
B2A,9e85d95d05.jpg,0.8065861522227444,0.34765115
B2A,9ea148fcc4.jpg,0.5642555649841556,0.49984136
B2A,9ea60e0936.jpg,0.6373864500350689,0.33879104
B2A,9eacea8aca.jpg,0.8149976711280036,0.43383253
B2A,9ebccc0a7d.jpg,0.7892650931518617,0.4030529
B2A,9ebcfa05af.jpg,0.7052701550092223,0.48403314
B2A,9ecf061dad.jpg,0.873376738186466,0.33591893
B2A,9edf01ed43.jpg,0.6486394613212458,0.48211288
B2A,9ef7c05e0f.jpg,0.8577790477452736,0.23350263
B2A,9f0c9920f5.jpg,0.6839033472075732,0.55487466
B2A,9f15606758.jpg,0.6877495011903395,0.4189339
B2A,9f19e8f425.jpg,0.6257011095480677,0.5001291
B2A,9f24f894f6.jpg,0.8269097480144534,0.34116614
B2A,9f27c688cf.jpg,0.7989667877458221,0.36854646
B2A,9f29c11732.jpg,0.777963550554526,0.42039216
B2A,9f335bade6.jpg,0.7039510222293464,0.42658827
B2A,9f34fc3c60.jpg,0.5555553112398027,0.3923493
B2A,9f37f0dae8.jpg,0.8364463078383071,0.3860455
B2A,9f41d8a922.jpg,0.7165409832097843,0.51027334
B2A,9f52b55c2b.jpg,0.7694203473590103,0.4050715
B2A,9f52dd1c0b.jpg,0.7270877784205946,0.30034655
B2A,9f56a6400d.jpg,0.5765105634451212,0.44480467
B2A,9f740de87d.jpg,0.8032934285353462,0.33789265
B2A,9f777a3144.jpg,0.8251666392000006,0.4742037
B2A,9f80b1bc48.jpg,0.6816183699499262,0.5430161
B2A,9f8ae5b166.jpg,0.5841893360815037,0.40401477
B2A,9f9796d6b3.jpg,0.7629855671369186,0.30486473
B2A,9f98b589a1.jpg,0.9068351221309073,0.3806724
B2A,9f9c46fa6b.jpg,0.930903064520989,0.37689757
B2A,9fb63bf849.jpg,0.6603091178637689,0.5071772
B2A,9fbbbf4aec.jpg,0.5778038856630133,0.5703625
B2A,9fe12f7bca.jpg,0.7159810190932735,0.52056146
B2A,9ff0e57941.jpg,0.689345319044962,0.46568692
B2A,9ff990e66c.jpg,0.7468700118618045,0.49727014
B2A,a0077f9248.jpg,0.7883212825467568,0.3200643
B2A,a01c871721.jpg,0.6656982696657098,0.5366688
B2A,a01ee31b6c.jpg,0.7722399551767435,0.29932022
B2A,a0227b5ace.jpg,0.608496735228756,0.4170931
B2A,a0235aa7f0.jpg,0.8016529770273125,0.37118086
B2A,a03dd34359.jpg,0.6400746596377962,0.5765109
B2A,a0465f0aa6.jpg,0.7758226872827411,0.35405278
B2A,a04e9f4231.jpg,0.6695496572062457,0.56269884
B2A,a0522f278a.jpg,0.7587111409579351,0.41104662
B2A,a059321061.jpg,0.5201857707926554,0.47165817
B2A,a05aa88f6d.jpg,0.6342826057202086,0.6707483
B2A,a05e1485c1.jpg,0.6683378474417854,0.34727076
B2A,a0875579e8.jpg,0.8605140710862059,0.43318307
B2A,a095ec94a6.jpg,0.8006696241519895,0.38526553
B2A,a0cfc9ae82.jpg,0.8474355503619129,0.33923736
B2A,a0d15eb976.jpg,0.5747813588852472,0.47098482
B2A,a0d3357912.jpg,0.7665799603007678,0.5340226
B2A,a0d4bc2b72.jpg,0.751572704500388,0.4807916
B2A,a0db0509a4.jpg,0.5433977769725938,0.3976707
B2A,a0e2fcf6d8.jpg,0.6074508189155299,0.61285174
B2A,a0ecda5d45.jpg,0.7861483837439553,0.38596314
B2A,a0f0dee611.jpg,0.7739282384384155,0.28843147
B2A,a0f2fad96f.jpg,0.7101423399155864,0.4622346
B2A,a1076aac63.jpg,0.6531614178826912,0.45898077
B2A,a1126aa060.jpg,0.767376239571372,0.3774622
B2A,a114ee8b43.jpg,0.7226048378612241,0.35511634
B2A,a12235c7d1.jpg,0.6588423749121951,0.4914712
B2A,a13915ca96.jpg,0.6724476422218826,0.39910334
B2A,a13aca724a.jpg,0.6965609022215518,0.38170725
B2A,a146cdb74b.jpg,0.586175318443073,0.379664
B2A,a157f8c6e2.jpg,0.8029337760722466,0.2825272
B2A,a15ecd5efe.jpg,0.7487671710942246,0.3164591
B2A,a16537d464.jpg,0.7137955727435938,0.3713415
B2A,a177641de7.jpg,0.8343909075606428,0.4159198
B2A,a179e79a0c.jpg,0.8257246590430668,0.29323754
B2A,a17e7e49b0.jpg,0.6550180185057687,0.48171097
B2A,a181b6250e.jpg,0.663116890135391,0.36266923
B2A,a1885fbac2.jpg,0.6288330669654988,0.43358555
B2A,a18cb10e08.jpg,0.6389816565560552,0.46779406
B2A,a18e92742a.jpg,0.6915424048607325,0.68672657
B2A,a197fed5c3.jpg,0.6717241288009503,0.43839663
B2A,a19962fefc.jpg,0.833695807757896,0.33787444
B2A,a19cf2cdbb.jpg,0.5901888900787068,0.46040717
B2A,a1a84d3eda.jpg,0.7615449681057818,0.48357537
B2A,a1c54d6c61.jpg,0.587002150181345,0.46262568
B2A,a1c88d3e35.jpg,0.7623963261193875,0.36790228
B2A,a1cc606af8.jpg,0.8184814565532306,0.35537118
B2A,a1e45dc986.jpg,0.6821536391137732,0.42456236
B2A,a1faf9de15.jpg,0.7385896945157311,0.36711293
B2A,a1fc123777.jpg,0.6906141137826796,0.4085416
B2A,a20a19b515.jpg,0.7454918292703094,0.41066185
B2A,a229109704.jpg,0.8228766054434324,0.304345
B2A,a2307719e1.jpg,0.7410411499364982,0.4998989
B2A,a23e7dfef5.jpg,0.6933236089282132,0.48095673
B2A,a25b63eadf.jpg,0.7090670237024378,0.5267456
B2A,a25eb81721.jpg,0.6596487032699602,0.45293862
B2A,a263521820.jpg,0.8756414798769988,0.3439668
B2A,a2635ee772.jpg,0.7477639059171428,0.3390182
B2A,a26b0f2735.jpg,0.8372273822102633,0.30565774
B2A,a2711f0830.jpg,0.770326811284894,0.29142466
B2A,a2820db109.jpg,0.5497547348465031,0.6150326
B2A,a283654df3.jpg,0.7391923111056612,0.36961508
B2A,a290773de7.jpg,0.7932740460059404,0.40429974
B2A,a2bc2b83eb.jpg,0.6399960338476673,0.43540502
B2A,a2c884fda1.jpg,0.8006949587019868,0.38260633
B2A,a2ccf1f748.jpg,0.5862101434854029,0.65794754
B2A,a2cfeba0e4.jpg,0.547330204604237,0.33829105
B2A,a301643a27.jpg,0.7895876334782689,0.36435038
B2A,a31e04cec3.jpg,0.598343586721575,0.5411144
B2A,a32b552866.jpg,0.8337619553303892,0.36917818
B2A,a32d4ea5ac.jpg,0.7602232872268573,0.5215674
B2A,a32e116556.jpg,0.6571437215061539,0.46633232
B2A,a32f6b942f.jpg,0.7879834139853826,0.38628787
B2A,a359bc69a6.jpg,0.7850667008139859,0.49182585
B2A,a362f89cd1.jpg,0.8575218576040561,0.35854185
B2A,a366accb3c.jpg,0.8851642367533074,0.36733657
B2A,a37515911a.jpg,0.6187668055592503,0.4475539
B2A,a37b1c52f2.jpg,0.7082404984773535,0.48185617
B2A,a38abc41c8.jpg,0.7944651209931641,0.3909245
B2A,a3a4e42632.jpg,0.7101416092774817,0.6132589
B2A,a3ac3b8f7e.jpg,0.7275572052102658,0.46246773
B2A,a3b40d246d.jpg,0.7735072624005839,0.5622876
B2A,a3bc08b40b.jpg,0.7761615757951695,0.3133425
B2A,a3d3b5d93a.jpg,0.5710362513747537,0.47793114
B2A,a3d574e6e3.jpg,0.6851726342079615,0.5744645
B2A,a3df896182.jpg,0.771856405782617,0.28513533
B2A,a3e41f7a46.jpg,0.7248457401568367,0.4801455
B2A,a3e4a4c73b.jpg,0.8156938833518322,0.39391786
B2A,a3f8364c10.jpg,0.5849466458759619,0.65747166
B2A,a3fba584f9.jpg,0.7776930020385341,0.41330984
B2A,a40511031a.jpg,0.7807743580927091,0.35035148
B2A,a40db75ec2.jpg,0.810464064713357,0.44894016
B2A,a40ec56a84.jpg,0.7601590326915953,0.54108894
B2A,a412f13a5b.jpg,0.6694450580869021,0.3986758
B2A,a42d5a72ff.jpg,0.6647599408165245,0.3473809
B2A,a4314f85dd.jpg,0.79715032123238,0.3720922
B2A,a43c11f6e4.jpg,0.7517890937953061,0.48893273
B2A,a43e096ce5.jpg,0.7615283257810721,0.32392192
B2A,a4418037c4.jpg,0.6880025672088914,0.5061294
B2A,a448539aa0.jpg,0.7202804625437396,0.61187345
B2A,a4490bd462.jpg,0.8254506647218958,0.29353255
B2A,a456fc158f.jpg,0.8148816923137997,0.3698227
B2A,a45c5b6869.jpg,0.8067581774497671,0.3431358
B2A,a467ebbd05.jpg,0.8306597387000366,0.30239126
B2A,a485cebc5d.jpg,0.7508642975739391,0.38824144
B2A,a48886307d.jpg,0.6422797074417591,0.5405632
B2A,a4963511f4.jpg,0.8652274989055792,0.3501566
B2A,a49bfc7f31.jpg,0.6163938979641226,0.58182263
B2A,a49df48149.jpg,0.8940512054661052,0.5421797
B2A,a4a867e38f.jpg,0.8027829170492132,0.56332284
B2A,a4b3c66449.jpg,0.7226029305142316,0.37403294
B2A,a4ba621177.jpg,0.7495922918391273,0.3979494
B2A,a4ba843961.jpg,0.707486907406591,0.42057818
B2A,a4cd276f26.jpg,0.7097965991902914,0.40789792
B2A,a4e346e887.jpg,0.6830422009070786,0.48709226
B2A,a4e3e280d9.jpg,0.7040241500662128,0.4468536
B2A,a4f4d25e61.jpg,0.7568708971939193,0.39090914
B2A,a4f8537cd9.jpg,0.7203321007342603,0.3159406
B2A,a50aba1d24.jpg,0.8749878437040738,0.33619002
B2A,a5181cd01f.jpg,0.8355434429806574,0.35779217
B2A,a519ab666c.jpg,0.5104548566077222,0.796862
B2A,a51b62995b.jpg,0.6856757326898784,0.370855
B2A,a51c7b2303.jpg,0.7579208577647708,0.4253897
B2A,a53008cac1.jpg,0.799264465966448,0.2858702
B2A,a53383dc25.jpg,0.58936734899122,0.46003026
B2A,a53affbb0b.jpg,0.6960484461074836,0.58795786
B2A,a542e05538.jpg,0.8007140233770591,0.38116652
B2A,a54454c5ea.jpg,0.6993132563950754,0.39023706
B2A,a546e53fbe.jpg,0.6990702152319139,0.8558537
B2A,a552d6a455.jpg,0.6678123247423129,0.36101577
B2A,a55a1a091c.jpg,0.6353077164217513,0.4729565
B2A,a562192a23.jpg,0.7818671136581892,0.35209066
B2A,a577c91fc1.jpg,0.7249687821652118,0.47651586
B2A,a57c43fffc.jpg,0.8077935396236825,0.47315833
B2A,a588de330c.jpg,0.7620575764999665,0.5174783
B2A,a590f768fe.jpg,0.7673433938454727,0.44658038
B2A,a595719ef9.jpg,0.7739576532735268,0.3948668
B2A,a598e08f68.jpg,0.6964874834150268,0.5288212
B2A,a598e5aef5.jpg,0.440698202863242,0.6030102
B2A,a59c317767.jpg,0.6637410898582673,0.5519803
B2A,a5a55a6605.jpg,0.7741255508824394,0.44298285
B2A,a5af8b893b.jpg,0.7808742726480947,0.36947864
B2A,a5b1cfbcfd.jpg,0.6097136539588375,0.41917384
B2A,a5bc67adcd.jpg,0.8559094595253648,0.31293643
B2A,a5d272747e.jpg,0.7388258070406793,0.42224687
B2A,a5da7f96c4.jpg,0.7954263653983652,0.36657697
B2A,a604002e2a.jpg,0.8649083873672435,0.3102172
B2A,a617bbf356.jpg,0.7383606679329323,0.51658773
B2A,a61beb8d14.jpg,0.591932949733849,0.4017468
B2A,a61d366d2d.jpg,0.6374388193985525,0.61309576
B2A,a62e7a5101.jpg,0.7407088537461614,0.41056877
B2A,a62ea8db0f.jpg,0.8212797012871819,0.340492
B2A,a6323ca7f3.jpg,0.6203725275874296,0.45792708
B2A,a632e5523e.jpg,0.6906918215291818,0.44327092
B2A,a638326b1d.jpg,0.7399294782531697,0.48174244
B2A,a63a202a57.jpg,0.8120792635193324,0.30634582
B2A,a63a32e180.jpg,0.7510357035784508,0.33103576
B2A,a63d70c4a3.jpg,0.6998004318716219,0.43963656
B2A,a64fb4de85.jpg,0.8166625473732234,0.38710904
B2A,a6561cf2e0.jpg,0.739550201881534,0.5382712
B2A,a658eef56c.jpg,0.6751094679794183,0.39022064
B2A,a65bfd0e43.jpg,0.46028706901524885,0.6916692
B2A,a65e118960.jpg,0.6714478553244192,0.47166872
B2A,a67feba233.jpg,0.8212483345491695,0.33432496
B2A,a682ce11f5.jpg,0.7268829683188868,0.3253637
B2A,a6838bdf94.jpg,0.7975142867207072,0.45692974
B2A,a68efb6c07.jpg,0.7820895002940029,0.3907729
B2A,a694999074.jpg,0.590137235351581,0.6860869
B2A,a6959d7c87.jpg,0.7546992334909729,0.4068035
B2A,a6a316bffd.jpg,0.6861998976295481,0.29151002
B2A,a6c9c35a31.jpg,0.6955682453415436,0.45032915
B2A,a6cc5973c2.jpg,0.8346192497820183,0.25562423
B2A,a6d026b823.jpg,0.6257755869558502,0.514851
B2A,a6df272807.jpg,0.707300388159221,0.44052637
B2A,a6e2dd35f8.jpg,0.8070716839681433,0.40783387
B2A,a6e519d471.jpg,0.6354814862546514,0.43941557
B2A,a708982f02.jpg,0.6346029583321412,0.5836756
B2A,a70ea207cc.jpg,0.6687162651357076,0.49133968
B2A,a71799de73.jpg,0.8037218604453199,0.4327547
B2A,a71f15712f.jpg,0.5634745915749502,0.57798785
B2A,a739ea92ae.jpg,0.8486399106947772,0.37291247
B2A,a74f4e06aa.jpg,0.7105787320897516,0.3932881
B2A,a75469e52f.jpg,0.8152083791388038,0.33288962
B2A,a7594e87fd.jpg,0.7315550426627576,0.3744169
B2A,a76093c3dd.jpg,0.7000952175443631,0.47901112
B2A,a760bc4309.jpg,0.7750439259068964,0.37469664
B2A,a777303bee.jpg,0.888255031143831,0.43218827
B2A,a786ecfabb.jpg,0.8223784376743757,0.43823335
B2A,a7883bc50e.jpg,0.6488705696956367,0.74098396
B2A,a7976448c0.jpg,0.730963478727374,0.4775173
B2A,a798e840cc.jpg,0.537330940098299,0.5843822
B2A,a79f8d5a7d.jpg,0.8004813717239936,0.40768975
B2A,a7a21f3ccd.jpg,0.754364774285484,0.5113108
B2A,a7a2534308.jpg,0.7255750169067933,0.58211505
B2A,a7ae4aab24.jpg,0.7761647473478758,0.3413331
B2A,a7b11a83ba.jpg,0.8210636252423964,0.24759787
B2A,a7b5f480d3.jpg,0.853690389834209,0.39081207
B2A,a7ba1fdb8d.jpg,0.726678215041913,0.25186828
B2A,a7c3243254.jpg,0.7672670163235337,0.38852564
B2A,a7c5642b9b.jpg,0.831164861675988,0.3020885
B2A,a7c972a651.jpg,0.5683401665139206,0.66933167
B2A,a7e09af64a.jpg,0.7870151308807329,0.33503878
B2A,a7e86fbe21.jpg,0.7425724090477499,0.4505294
B2A,a7fb6b9ffa.jpg,0.623027723639515,0.50993264
B2A,a7ffac0edb.jpg,0.8133489497025441,0.2747029
B2A,a80594f85b.jpg,0.7047278392206954,0.38512096
B2A,a8089a9f66.jpg,0.8445687892210292,0.35091174
B2A,a8095aa2f5.jpg,0.8394523051904178,0.2705523
B2A,a80c7ee69a.jpg,0.573511985576604,0.54281086
B2A,a828255ebc.jpg,0.64654029781657,0.38609838
B2A,a82a9c378a.jpg,0.6892629055451377,0.40724415
B2A,a82c3afbbd.jpg,0.678953440891378,0.39542326
B2A,a84921e7be.jpg,0.8695146964498156,0.26420742
B2A,a84f3fbf3f.jpg,0.6446600440462538,0.4471597
B2A,a85633910c.jpg,0.6518530147526337,0.27535468
B2A,a85a8cee92.jpg,0.7296466305404304,0.4857465
B2A,a8686f237c.jpg,0.5755415445956309,0.3503659
B2A,a86f13ae99.jpg,0.7689632188552444,0.33434635
B2A,a876481147.jpg,0.7491755932586623,0.39104953
B2A,a88e5ab869.jpg,0.7146570609691416,0.5008209
B2A,a8911b1283.jpg,0.6872802811067382,0.45597768
B2A,a89631a70e.jpg,0.7357785104453459,0.48337814
B2A,a89c8773ae.jpg,0.834596526832385,0.22142588
B2A,a8a27b4e1a.jpg,0.6551268105491188,0.6975336
B2A,a8a4ee4f79.jpg,0.8093793645447779,0.40953135
B2A,a8b7358e0e.jpg,0.7084914909819071,0.43208146
B2A,a8c04e4f33.jpg,0.727440381840327,0.54087436
B2A,a8d022d99c.jpg,0.7460587183452918,0.5042986
B2A,a8d3c5c2d3.jpg,0.6682403904457073,0.59053236
B2A,a8d61b91a4.jpg,0.6811913333902971,0.5366819
B2A,a8e351db00.jpg,0.6331045510043518,0.6007657
B2A,a8e62405d3.jpg,0.8088791953212932,0.3606876
B2A,a908f29569.jpg,0.8698776736804735,0.50116104
B2A,a90b8ea6ed.jpg,0.5609502815762788,0.5391688
B2A,a91402ed9b.jpg,0.6795216162405987,0.3796705
B2A,a917afed2a.jpg,0.7544006270991173,0.4508552
B2A,a92d0cde38.jpg,0.7320372953951334,0.3234741
B2A,a92eed65ce.jpg,0.6178308380837721,0.48436064
B2A,a93e11ed37.jpg,0.7771238094191687,0.35310847
B2A,a945149eb0.jpg,0.8729878671830853,0.337357
B2A,a9460f4e16.jpg,0.7335092261162631,0.39644474
B2A,a946a049f9.jpg,0.7292516512392292,0.40256965
B2A,a9542998ad.jpg,0.8097360245966709,0.49509275
B2A,a95a086609.jpg,0.7501743066615018,0.42542058
B2A,a962271585.jpg,0.7776026766694553,0.49374217
B2A,a963d0573b.jpg,0.6525755392401097,0.47948423
B2A,a965ac5835.jpg,0.7030828024384134,0.50336707
B2A,a97237c4b1.jpg,0.8368038823807431,0.3815246
B2A,a97e50a8d4.jpg,0.7186701728199769,0.47338426
B2A,a98179e505.jpg,0.7048923457959353,0.33327627
B2A,a99dbf6b17.jpg,0.804103316976544,0.3447491
B2A,a99f495968.jpg,0.6225788094865593,0.47933617
B2A,a9a61131fc.jpg,0.8069651586753362,0.5110742
B2A,a9a7cc1b1c.jpg,0.8422241867330232,0.63894403
B2A,a9a881577b.jpg,0.5569797285485877,0.6077317
B2A,a9d597ca20.jpg,0.7025629794501622,0.49876082
B2A,a9d902fc38.jpg,0.6637906798966017,0.47521177
B2A,a9de4c4d69.jpg,0.7449850646275727,0.38539535
B2A,a9ef8c2bcd.jpg,0.6572133699085748,0.4289158
B2A,a9efa619e0.jpg,0.7439748708083819,0.4599095
B2A,a9faa93d67.jpg,0.6737491323318889,0.42717397
B2A,a9fe1f88ab.jpg,0.5919497676160062,0.6946687
B2A,a9ff892ea7.jpg,0.7410258580365396,0.31694847
B2A,aa0485a59f.jpg,0.7968120500842508,0.3493645
B2A,aa09a96ed1.jpg,0.5500019712624522,0.65482247
B2A,aa102a3ea1.jpg,0.8447014938223163,0.2942437
B2A,aa108bb6da.jpg,0.8567534646167411,0.3221625
B2A,aa238a7170.jpg,0.7019863070639353,0.36617312
B2A,aa26ff7c15.jpg,0.7433041498273402,0.51218647
B2A,aa2afa7cfe.jpg,0.6515627120086767,0.4786238
B2A,aa2b315b55.jpg,0.6983193281501195,0.49947217
B2A,aa387dcb3e.jpg,0.6527006996050858,0.40857238
B2A,aa3f9768ff.jpg,0.5393838388877861,0.4200032
B2A,aa44603744.jpg,0.5845043194107878,0.42691606
B2A,aa4c6e40e5.jpg,0.6941755095924876,0.5050976
B2A,aa64f54007.jpg,0.8185573141679093,0.36496237
B2A,aa72b9cc61.jpg,0.7377579852319356,0.39881337
B2A,aa778409e9.jpg,0.7230364073433971,0.3664352
B2A,aa8e5f3af4.jpg,0.7511378083680907,0.49554846
B2A,aa99d68834.jpg,0.7548487263649926,0.39576012
B2A,aa9acfe3e7.jpg,0.78011780872673,0.43655694
B2A,aaaffcb550.jpg,0.6148126657650791,0.57969016
B2A,aab0eaf7cd.jpg,0.8688312565439362,0.3889096
B2A,aab746580f.jpg,0.48377190825465083,0.5815648
B2A,aabffc2182.jpg,0.7961955787883821,0.29629758
B2A,aac1f31a2d.jpg,0.5740700936467884,0.6202145
B2A,aaca9f8d52.jpg,0.7479383721508842,0.3664176
B2A,aacc4a4e82.jpg,0.8085459890802944,0.3027877
B2A,aadee76463.jpg,0.656243445259599,0.3648834
B2A,aaeb9e1228.jpg,0.685751758463207,0.47476366
B2A,ab001a0dce.jpg,0.7850831884066388,0.4570724
B2A,ab04be8f33.jpg,0.6346910877275774,0.4245456
B2A,ab0917a3f9.jpg,0.6958771481357731,0.5196083
B2A,ab0d0dfe08.jpg,0.7071547264708454,0.4765189
B2A,ab1141671d.jpg,0.554984211597588,0.39381364
B2A,ab3576b164.jpg,0.7284510776542191,0.3380151
B2A,ab36e4f5d7.jpg,0.8040443914252475,0.35172
B2A,ab4450580b.jpg,0.6639333850056633,0.65493083
B2A,ab45414f0a.jpg,0.7114745174411662,0.39006087
B2A,ab808be34d.jpg,0.5913747563667071,0.5963814
B2A,ab8999b3d4.jpg,0.5694857006704905,0.3424804
B2A,abaa2d0caf.jpg,0.4964685772006445,0.5229247
B2A,abaf585ce0.jpg,0.7445096234028821,0.40209585
B2A,abb7c92cd2.jpg,0.76886178991896,0.39649668
B2A,abc2244ad0.jpg,0.7479234733454494,0.46654254
B2A,abc26dd865.jpg,0.7176730098479404,0.39884338
B2A,abc76b33c5.jpg,0.6497469639470327,0.5319669
B2A,abd58494e7.jpg,0.7724346272933157,0.32082626
B2A,abe159882d.jpg,0.665798863732355,0.34709418
B2A,abe813f1cb.jpg,0.6853288955361291,0.31586984
B2A,abeca4498a.jpg,0.5527417944932115,0.57370734
B2A,abee44db3e.jpg,0.7489756292459228,0.5301149
B2A,abfbbbd0ca.jpg,0.7440823272001204,0.38128537
B2A,ac049a3c0d.jpg,0.7250481712281779,0.4415782
B2A,ac22f8134b.jpg,0.47194936094144824,0.73798245
B2A,ac36bd24bb.jpg,0.7860324134828253,0.42070878
B2A,ac50e0ca26.jpg,0.8261643179278113,0.40632898
B2A,ac5181086c.jpg,0.7831191904989002,0.4318491
B2A,ac5b1ab8f0.jpg,0.7660513251529605,0.4281615
B2A,ac5d1dd7a1.jpg,0.5372342936425282,0.74599314
B2A,ac91124a63.jpg,0.7243072462937641,0.4754026
B2A,ac91ac81c3.jpg,0.7119501130361202,0.4074707
B2A,ac932a461b.jpg,0.7736317392949043,0.31897327
B2A,ac9afdb0a8.jpg,0.791082254482936,0.37728333
B2A,ac9c8211cb.jpg,0.7905555760254589,0.5167275
B2A,aca32eb466.jpg,0.7802078955716177,0.33163947
B2A,aca45f78be.jpg,0.7766888480147095,0.4292665
B2A,acab996be8.jpg,0.772254917164089,0.34762266
B2A,acae006873.jpg,0.7022674645621262,0.44363427
B2A,acaf4ef81e.jpg,0.7847570806025627,0.37350053
B2A,acbede97b1.jpg,0.7462697099541717,0.45102578
B2A,acc787b868.jpg,0.7396194372792637,0.48942918
B2A,acc8b354fc.jpg,0.8283221368232947,0.35040838
B2A,acccbeb5a3.jpg,0.8248451424532436,0.36079875
B2A,accfade258.jpg,0.7050406446276135,0.55966353
B2A,acda36155d.jpg,0.6167181766097237,0.39610726
B2A,ace63e2d37.jpg,0.6929363077714921,0.28948256
B2A,acf0aeda10.jpg,0.8208256338659017,0.34551
B2A,acf43bbda9.jpg,0.6395787012012286,0.3736167
B2A,ad08c8c439.jpg,0.7166237879084112,0.42111385
B2A,ad122b9a0c.jpg,0.7729049000219614,0.36757582
B2A,ad1819b0e6.jpg,0.775848186296682,0.4160177
B2A,ad1a8669c9.jpg,0.684243036131879,0.49032748
B2A,ad24506f8b.jpg,0.7393526235311701,0.49279168
B2A,ad31237f7b.jpg,0.8179481483863877,0.2780509
B2A,ad3d8eb941.jpg,0.5410061298871818,0.6468671
B2A,ad4208f91f.jpg,0.7736931043778699,0.37972474
B2A,ad5065585a.jpg,0.8383494492114506,0.28789252
B2A,ad5385ebb1.jpg,0.5950310453876986,0.5733689
B2A,ad5c6dd37f.jpg,0.7564839571193089,0.43029854
B2A,ad673d759f.jpg,0.674102430621158,0.53681386
B2A,ad67e71b94.jpg,0.6045374840635166,0.364478
B2A,ad7d5b8945.jpg,0.844089208446115,0.3040262
B2A,ad8139d30e.jpg,0.6632370829928126,0.50453264
B2A,ad8f6db4da.jpg,0.9147913839706479,0.3074027
B2A,ad8fca5a81.jpg,0.7209117094342583,0.3744864
B2A,ad95d06611.jpg,0.899909350294866,0.40252075
B2A,ada37edd54.jpg,0.6893070067672156,0.63896215
B2A,ada576bcf5.jpg,0.7698233646852692,0.4016492
B2A,ada64f6f98.jpg,0.5843279594403727,0.4591096
B2A,adb5589a4a.jpg,0.7411450739950384,0.43345493
B2A,adbb6706f4.jpg,0.6847605930477761,0.4070896
B2A,adc015d394.jpg,0.7884661356320316,0.3620595
B2A,adc7df4c09.jpg,0.7453255987286013,0.32181042
B2A,adc8bca42b.jpg,0.7978095227229377,0.34109977
B2A,add673f629.jpg,0.834329802132866,0.35096985
B2A,addb9e11be.jpg,0.8458758989338963,0.3339844
B2A,addf00ca3f.jpg,0.8603003741976132,0.32563525
B2A,ade0f46a3f.jpg,0.6109729718730682,0.35199192
B2A,adee0e7444.jpg,0.8216710256789461,0.40135092
B2A,adf0ac7938.jpg,0.8450890674900912,0.38004154
B2A,adf316819b.jpg,0.7893399018324078,0.4844516
B2A,adf3ad1301.jpg,0.8687346156588415,0.27483356
B2A,ae073bf16d.jpg,0.7001063226516572,0.49955475
B2A,ae15831d3a.jpg,0.8104536567366956,0.45583415
B2A,ae16d6d012.jpg,0.7496072518872405,0.43103543
B2A,ae1951459d.jpg,0.7684132127939822,0.40508956
B2A,ae1ee21b01.jpg,0.7512604552677319,0.43762946
B2A,ae2923b68c.jpg,0.7624835995845355,0.39409214
B2A,ae2c1ea2d6.jpg,0.6202526913280921,0.42048362
B2A,ae32973f1b.jpg,0.5726853276150276,0.54191476
B2A,ae33f34419.jpg,0.7213750312271022,0.4003422
B2A,ae3bb4751d.jpg,0.6216307254000838,0.38426512
B2A,ae48a41403.jpg,0.7048769363663047,0.38238686
B2A,ae56d20cb9.jpg,0.711511768568797,0.40945512
B2A,ae5ac0bf8a.jpg,0.535180270851257,0.5557704
B2A,ae667757b8.jpg,0.7221505498668345,0.38174832
B2A,ae7f0cf2c7.jpg,0.7796185512321817,0.35485768
B2A,ae91238c7d.jpg,0.8412386135892752,0.3761987
B2A,ae97673634.jpg,0.5681229983148897,0.6449041
B2A,aea3c83ebe.jpg,0.7831123285871973,0.29992914
B2A,aea4a60c4e.jpg,0.7188846460074593,0.38164264
B2A,aea6b06ea6.jpg,0.6128146722808474,0.24280784
B2A,aed2032c56.jpg,0.6958527873588831,0.54648983
B2A,aedf554224.jpg,0.7520564705195093,0.39090574
B2A,aee36ebffb.jpg,0.7394588013752768,0.44794708
B2A,aeff6a1ad9.jpg,0.8181569281440382,0.42128685
B2A,af2075bcf5.jpg,0.7845644446833332,0.29824364
B2A,af24d79cda.jpg,0.6768282826257024,0.35565364
B2A,af2acf5f58.jpg,0.565238257736238,0.5812402
B2A,af4232e4ad.jpg,0.782984881271645,0.38895163
B2A,af4456d9ce.jpg,0.6116120707002043,0.3574747
B2A,af51aca135.jpg,0.45047273090438733,0.5414621
B2A,af5f718ec0.jpg,0.7012311269078532,0.38254586
B2A,af672cd7de.jpg,0.8655257425510653,0.31410888
B2A,af6af0e073.jpg,0.8210033173312564,0.38272914
B2A,af87640174.jpg,0.7889489486780271,0.3385555
B2A,af890fdb8b.jpg,0.6227195245841224,0.52901185
B2A,af899de250.jpg,0.6275882594862081,0.5713756
B2A,af8b38d918.jpg,0.7527788882190145,0.3483095
B2A,af97db63a5.jpg,0.787415996093351,0.5063865
B2A,af98779f2f.jpg,0.8670918517212068,0.34055388
B2A,af9f206c68.jpg,0.69191906409548,0.48848507
B2A,afa167a1a5.jpg,0.7643825186922566,0.3448754
B2A,afa1a71c3d.jpg,0.6896066141711525,0.5235439
B2A,afa576e383.jpg,0.8036411037964865,0.56199
B2A,afabae968b.jpg,0.728105531704462,0.4759944
B2A,afaf808be0.jpg,0.6489411285943189,0.4874401
B2A,afb21c0a01.jpg,0.8435766133185543,0.4602119
B2A,afb5f05573.jpg,0.7197622224298263,0.35008925
B2A,afb5fd0067.jpg,0.6746492229983224,0.5660989
B2A,afd6a4c506.jpg,0.517417933190438,0.45512995
B2A,afe09342a4.jpg,0.8013337940387428,0.5272246
B2A,afec9d2ce5.jpg,0.5693101594042046,0.61832136
B2A,afee15fa99.jpg,0.7354298086924753,0.43979928
B2A,aff47b8492.jpg,0.6433044961870213,0.47817793
B2A,aff8f6d136.jpg,0.859775412115392,0.29729268
B2A,b003895ce9.jpg,0.71004471322992,0.42259258
B2A,b01acadfd9.jpg,0.6244857873798235,0.34747905
B2A,b0238fb4d6.jpg,0.7830950881382223,0.4068817
B2A,b023dae26b.jpg,0.7737892797174367,0.47234544
B2A,b02697eec9.jpg,0.6973148323235773,0.42015046
B2A,b027a80904.jpg,0.6793411782102537,0.50410783
B2A,b028f604ed.jpg,0.8882273417193073,0.33151847
B2A,b03262df8a.jpg,0.7427319730814648,0.34029
B2A,b03646ab9d.jpg,0.7504701984733101,0.319916
B2A,b036b0bd6e.jpg,0.7714826308114409,0.48599967
B2A,b043e97f3c.jpg,0.8265292074662342,0.3072785
B2A,b048d6b4a6.jpg,0.7828990884919672,0.39936668
B2A,b04af1a7a5.jpg,0.84106406838913,0.30647278
B2A,b04b5604c4.jpg,0.6568092448380777,0.35410747
B2A,b05f08496f.jpg,0.884393131666666,0.38672614
B2A,b069343f1c.jpg,0.7231865760231224,0.5234299
B2A,b06a3053e1.jpg,0.6773368693943207,0.46090174
B2A,b07115bda9.jpg,0.8593030292267678,0.3524454
B2A,b0771d4c61.jpg,0.6735109845991256,0.46466863
B2A,b07a462689.jpg,0.5404393788084858,0.41525978
B2A,b08e49c7b8.jpg,0.813672721650046,0.3645811
B2A,b09cf0dffc.jpg,0.8370100587051258,0.27277634
B2A,b0a4fcb39d.jpg,0.9052714924273899,0.4112374
B2A,b0b01c67cb.jpg,0.8155555518180773,0.41864848
B2A,b0bc5786a5.jpg,0.5374949417170376,0.31929776
B2A,b0c59def26.jpg,0.7103506601415243,0.63457876
B2A,b0c99529c9.jpg,0.5565151998986286,0.6520493
B2A,b0ccf80417.jpg,0.6485554017858158,0.38829252
B2A,b0dc34e8e6.jpg,0.711065452643575,0.518169
B2A,b0e936e41b.jpg,0.8047456178654262,0.42687592
B2A,b0f66caebb.jpg,0.6486868328372576,0.5603694
B2A,b10839181d.jpg,0.7174754621363434,0.403989
B2A,b10dabf94e.jpg,0.7408880735971153,0.38703823
B2A,b112237bbf.jpg,0.8036736331245319,0.35877913
B2A,b11afb309d.jpg,0.5288946675911085,0.5552658
B2A,b128c9759f.jpg,0.6806789679020638,0.32053602
B2A,b12bf44d38.jpg,0.6683958245128722,0.30817086
B2A,b12d6de1d9.jpg,0.5421428985948826,0.4076691
B2A,b13aecdf79.jpg,0.6560954857919347,0.39335746
B2A,b140da8120.jpg,0.5211441788289904,0.5098786
B2A,b150248c5b.jpg,0.7592251356419503,0.40599298
B2A,b1512c76c7.jpg,0.7094489843459475,0.5588056
B2A,b15cbb80b4.jpg,0.7889718870230562,0.24934146
B2A,b161a5d3cb.jpg,0.8847951882349013,0.40364632
B2A,b164b7525c.jpg,0.7836679004549023,0.5000705
B2A,b1654bdb7e.jpg,0.760941637888193,0.4799819
B2A,b16bafe652.jpg,0.7683084215612903,0.3396808
B2A,b16dcdc688.jpg,0.7644628795762864,0.46598345
B2A,b16e9f4263.jpg,0.7460414083087472,0.39766878
B2A,b17c40b1ea.jpg,0.6852324800644982,0.54276156
B2A,b181897b98.jpg,0.8333219406751918,0.3653958
B2A,b18beb6d72.jpg,0.7117950382037678,0.46331188
B2A,b1e3ea9ca5.jpg,0.7872064274185026,0.44630128
B2A,b1eb87490e.jpg,0.6044396169234234,0.53513145
B2A,b20d1d38d7.jpg,0.895374470097007,0.38790905
B2A,b21a369bbd.jpg,0.603286509859879,0.6789197
B2A,b21c4fc9bd.jpg,0.8718517853257878,0.2858235
B2A,b220f59b09.jpg,0.4738548596464058,0.69771403
B2A,b23933adf6.jpg,0.6648903779390822,0.61168337
B2A,b23ae1573f.jpg,0.6325611348823827,0.6873412
B2A,b2400fe0a5.jpg,0.5854451545804396,0.5193552
B2A,b242ae6db1.jpg,0.7992167891544496,0.43318582
B2A,b2442c013f.jpg,0.8078113883239314,0.4800709
B2A,b244d049e3.jpg,0.7529966662214433,0.47974086
B2A,b245d8b8ff.jpg,0.6573586667004001,0.44256818
B2A,b2633e0b11.jpg,0.8392688017750609,0.3746408
B2A,b263b335f4.jpg,0.6380215290308272,0.5403584
B2A,b265520a3d.jpg,0.7336172554999272,0.37599683
B2A,b275f883d7.jpg,0.8284622793529964,0.2621676
B2A,b27811638c.jpg,0.8244779057595276,0.4521166
B2A,b2883a87cb.jpg,0.7734728829312968,0.42496014
B2A,b288896b0a.jpg,0.642443907554687,0.5037376
B2A,b29034b730.jpg,0.6717613990917991,0.34888536
B2A,b29d413ab1.jpg,0.7803992472814998,0.36057553
B2A,b2a7070656.jpg,0.5292766388151966,0.4714915
B2A,b2a9652a6f.jpg,0.6616858321160904,0.59750473
B2A,b2abb2ae39.jpg,0.8096969169583337,0.46632612
B2A,b2bb2119a9.jpg,0.8514246275940899,0.37002453
B2A,b2cb0fe346.jpg,0.8724681673497493,0.2927747
B2A,b2cbeec8f9.jpg,0.8511980140203186,0.3770653
B2A,b2cbf1cf7a.jpg,0.6470698462213754,0.4284023
B2A,b2de093e02.jpg,0.812821237745566,0.38698405
B2A,b2e2ffcd0a.jpg,0.5225538391860272,0.46246248
B2A,b2ee6d8bc5.jpg,0.8328900056802142,0.34157962
B2A,b2f7fa511e.jpg,0.7706744363916735,0.5623589
B2A,b2fd16828f.jpg,0.8118513074602111,0.45758417
B2A,b2fe82b23e.jpg,0.6562345654617515,0.38553554
B2A,b30876c470.jpg,0.6435255567447684,0.53476626
B2A,b31c7ff3e0.jpg,0.7392485781842655,0.36030287
B2A,b326ea0088.jpg,0.7859779794845263,0.3171013
B2A,b34c11aa77.jpg,0.6782944410991377,0.45895454
B2A,b3544a41dd.jpg,0.7188515123700214,0.44320375
B2A,b398a41374.jpg,0.865874097307855,0.38476378
B2A,b39ad63238.jpg,0.7701950043604674,0.4039128
B2A,b3a246218c.jpg,0.744851947946952,0.39746156
B2A,b3ad362dc3.jpg,0.8107997891769696,0.51917624
B2A,b3bfca1f8b.jpg,0.876280845525684,0.3065282
B2A,b3c28798bd.jpg,0.7334641634857215,0.36399108
B2A,b3c422ffa6.jpg,0.6028864632368328,0.470985
B2A,b3cc0df141.jpg,0.8237316885472051,0.36478427
B2A,b3d3d9921d.jpg,0.7542997950531748,0.3278374
B2A,b3d83e557e.jpg,0.6429680633120894,0.44859
B2A,b3daba3e38.jpg,0.6780253140540903,0.46983662
B2A,b3db7e6aae.jpg,0.7605825283519381,0.3631453
B2A,b3e5c31249.jpg,0.8057922285630637,0.3582048
B2A,b3e9f5d03a.jpg,0.6793982914898457,0.547215
B2A,b3efa6f13f.jpg,0.8323175147350442,0.33393726
B2A,b404fb513f.jpg,0.7115788923166311,0.4097696
B2A,b4166bd020.jpg,0.7167856862183217,0.50920355
B2A,b41d24db10.jpg,0.647588228174947,0.5840216
B2A,b4217286ca.jpg,0.7127254103828228,0.4042823
B2A,b43d7dcae4.jpg,0.7480775082648022,0.41621825
B2A,b44289846b.jpg,0.83487579832572,0.46955746
B2A,b443916aa7.jpg,0.8989987640953616,0.36951151
B2A,b46106fd89.jpg,0.6551802802885773,0.3423199
B2A,b461cd6b95.jpg,0.7169589269353035,0.45541605
B2A,b463392033.jpg,0.6993526451369777,0.5166543
B2A,b469541ab9.jpg,0.8785118272651059,0.41799518
B2A,b475f64439.jpg,0.775815117791107,0.43028855
B2A,b47834dd52.jpg,0.8158119486525564,0.39264554
B2A,b47b2f88c3.jpg,0.7617137831994396,0.41060933
B2A,b482bd55c5.jpg,0.7496181971219209,0.33454165
B2A,b489bdec64.jpg,0.7135141144332182,0.4380504
B2A,b492a7d919.jpg,0.559541796238721,0.33729148
B2A,b4a1b33eae.jpg,0.8022113645430468,0.3420676
B2A,b4ba4bd4b0.jpg,0.5303624335505864,0.39217794
B2A,b4c752721a.jpg,0.7574887835904904,0.38515618
B2A,b4c7f33b35.jpg,0.6449269184893645,0.4372989
B2A,b4c8e36705.jpg,0.8603401156087098,0.4080444
B2A,b4cc9f5870.jpg,0.7279394255019073,0.42188278
B2A,b4d64206dd.jpg,0.7851704846908034,0.35794663
B2A,b4ef669e4d.jpg,0.8806104270470643,0.29319608
B2A,b4f2211991.jpg,0.5416573013336305,0.60043055
B2A,b4f9b0e86b.jpg,0.8191242968375891,0.4402078
B2A,b5237c39a7.jpg,0.8387560676565252,0.37771422
B2A,b5268447c0.jpg,0.5955396097778678,0.4856416
B2A,b544e584f6.jpg,0.8713930049032587,0.36748388
B2A,b54c9ff9f0.jpg,0.40186021079417883,0.47676438
B2A,b54ecfe1d1.jpg,0.7770725782828989,0.3942576
B2A,b55174c53d.jpg,0.6169746211507771,0.46175078
B2A,b553a553a4.jpg,0.7270523844746594,0.35790873
B2A,b56100a754.jpg,0.7997311353069892,0.4572115
B2A,b56f780872.jpg,0.7199337044412275,0.34697646
B2A,b571fc78d5.jpg,0.7921958787801183,0.49203512
B2A,b58bdc0c7f.jpg,0.6720525339174528,0.40083724
B2A,b597d0c58b.jpg,0.7109465181202231,0.35260427
B2A,b5a144143b.jpg,0.6172508225447779,0.38308883
B2A,b5ae36d4c7.jpg,0.8322759912414225,0.34608534
B2A,b5b93e7f12.jpg,0.5490303333937004,0.61777914
B2A,b5bd2caebc.jpg,0.7793998726753613,0.5260287
B2A,b5bdb76769.jpg,0.6143729938147011,0.49725622
B2A,b5d3195dc8.jpg,0.7103097170832924,0.322241
B2A,b5d87c828d.jpg,0.8438906858714357,0.3432818
B2A,b5d90eb11d.jpg,0.5115809264159379,0.33275822
B2A,b5d995b5d8.jpg,0.7774304972047991,0.36215734
B2A,b5f2c61061.jpg,0.8037110329170305,0.3064062
B2A,b60488d40f.jpg,0.7351186004049125,0.34739393
B2A,b60f74cca9.jpg,0.8710100424860492,0.31078005
B2A,b60fa62c00.jpg,0.7903206633107487,0.35511398
B2A,b612a7c29e.jpg,0.7916958932668752,0.39266413
B2A,b612ea84b8.jpg,0.682423513965781,0.40399897
B2A,b61461c172.jpg,0.6089628852357362,0.6267775
B2A,b61731a239.jpg,0.8478549322816508,0.29071805
B2A,b61b89590d.jpg,0.662488255104009,0.38933176
B2A,b61e2b3b0d.jpg,0.7598998186416699,0.37459773
B2A,b62b0c6d0c.jpg,0.7120380273470887,0.5578223
B2A,b62f2cfc5d.jpg,0.7515329517657588,0.37130445
B2A,b631fa3f71.jpg,0.8078780303700133,0.35135677
B2A,b635c95844.jpg,0.5929082151583565,0.8057254
B2A,b6398ab782.jpg,0.5920822975128376,0.61366796
B2A,b6429002b9.jpg,0.6718064189418232,0.64872456
B2A,b64bb5b36d.jpg,0.5931870564785425,0.55493873
B2A,b660902f57.jpg,0.6524491034609703,0.45560753
B2A,b664354223.jpg,0.7970195869837865,0.37799436
B2A,b665863dfb.jpg,0.8173407532597917,0.35437027
B2A,b66913e00b.jpg,0.8041580497252053,0.5512737
B2A,b66c734954.jpg,0.5669815665804623,0.5347433
B2A,b66c82cf2a.jpg,0.7551742355676296,0.435852
B2A,b66f508c68.jpg,0.5954713977546071,0.41672528
B2A,b678b74dae.jpg,0.8236154946287868,0.4285195
B2A,b679bcea19.jpg,0.734995421292601,0.35831365
B2A,b67c9613c8.jpg,0.6397443508060592,0.37917578
B2A,b697267bfb.jpg,0.6343802549555948,0.38280785
B2A,b69f383965.jpg,0.8039631854768211,0.304514
B2A,b69fe86234.jpg,0.7388042854746001,0.37786114
B2A,b6c8f98eaf.jpg,0.7748080234183038,0.47626972
B2A,b6ccadba44.jpg,0.6747117081597933,0.30531132
B2A,b6d52caca3.jpg,0.8199576987965675,0.28496662
B2A,b6d84ce05d.jpg,0.6712152405818281,0.40080142
B2A,b6dd6a5484.jpg,0.6385612384711533,0.43185335
B2A,b6e02f524c.jpg,0.8582354094295835,0.43322954
B2A,b6ebb5febd.jpg,0.7181160135782185,0.4239588
B2A,b6f00064cc.jpg,0.6445659458787216,0.37052405
B2A,b70c20c5bb.jpg,0.698571524244621,0.48810133
B2A,b70ec20b75.jpg,0.731402019899292,0.56642497
B2A,b7126e52cb.jpg,0.6543870471742168,0.6948593
B2A,b7139c915b.jpg,0.7424300852343286,0.47455543
B2A,b734350f7a.jpg,0.8464781247684248,0.45758903
B2A,b743015621.jpg,0.6651850288898081,0.4484699
B2A,b74ada0d43.jpg,0.8209459078421469,0.3449618
B2A,b74cab8840.jpg,0.6278877316065451,0.47109264
B2A,b76253bc63.jpg,0.9062147794270446,0.2897674
B2A,b7634902cd.jpg,0.7744457139582251,0.4292087
B2A,b763d10895.jpg,0.8969992092374833,0.3564422
B2A,b76490cea4.jpg,0.57970302132502,0.6944802
B2A,b76838eaa3.jpg,0.6425814855506761,0.56841713
B2A,b76eca8315.jpg,0.8088607132235537,0.41681513
B2A,b7771cc3a7.jpg,0.7819039361124088,0.40791726
B2A,b78443d274.jpg,0.6807441664101045,0.73305124
B2A,b7907e76c4.jpg,0.7892022186144813,0.30801177
B2A,b79198e3b3.jpg,0.724188819477657,0.28977188
B2A,b79628b2db.jpg,0.8024286811502981,0.37764215
B2A,b79649047f.jpg,0.5311955772666072,0.6111632
B2A,b79a2b6c99.jpg,0.8684333497173616,0.34910616
B2A,b7a7a7cc17.jpg,0.7855035200161226,0.32470563
B2A,b7cb7f4110.jpg,0.6814743428645348,0.4024327
B2A,b7d05fd7dc.jpg,0.6739895429105096,0.37618867
B2A,b7f7aaeb71.jpg,0.7360235353623904,0.38715988
B2A,b8009cb56d.jpg,0.8175283422413431,0.39957994
B2A,b804d8ffff.jpg,0.743193670697032,0.40753892
B2A,b81a0b8027.jpg,0.9046999924352956,0.38650763
B2A,b81b0d4833.jpg,0.8756992695615626,0.34921578
B2A,b82c2d7664.jpg,0.7041431069473083,0.35157657
B2A,b8513f2cc6.jpg,0.5311179325674081,0.7254251
B2A,b85242ba7b.jpg,0.6245157350259475,0.37768745
B2A,b85d1ea25e.jpg,0.7322509705212819,0.36449882
B2A,b87678f817.jpg,0.6541285834340831,0.42393613
B2A,b877c006b7.jpg,0.7680644850437806,0.3723358
B2A,b879c75442.jpg,0.7709119390205961,0.42442283
B2A,b87f267ffd.jpg,0.713170774349682,0.40866256
B2A,b8800075ea.jpg,0.846034463047876,0.33435673
B2A,b8846a57ce.jpg,0.5057586627476406,0.55660564
B2A,b885222b39.jpg,0.6606633878512758,0.40841278
B2A,b88710452e.jpg,0.8126794208168814,0.27631065
B2A,b88fa19b4b.jpg,0.5336185314552694,0.4121711
B2A,b88fd25d37.jpg,0.6988725045647326,0.45851156
B2A,b892e182db.jpg,0.7594566325935321,0.35251275
B2A,b893e3aa24.jpg,0.7118957922293101,0.45847422
B2A,b89aa727f4.jpg,0.694482581039748,0.37247112
B2A,b89d1cc4f1.jpg,0.6770255275801402,0.5486812
B2A,b8b21378ef.jpg,0.7593296898041753,0.3855066
B2A,b8b5848caa.jpg,0.7873471209027485,0.41744536
B2A,b8c23eb503.jpg,0.571860513620826,0.59426296
B2A,b8c6874f96.jpg,0.7011120301656938,0.58305013
B2A,b8d30c2ede.jpg,0.7386983457939889,0.289093
B2A,b8dda4b0ed.jpg,0.7309269613144496,0.4079252
B2A,b8e1eafdef.jpg,0.7201974452925706,0.40853825
B2A,b8e7658517.jpg,0.872663184218969,0.37415254
B2A,b8eb81d31d.jpg,0.6829156324708172,0.45144838
B2A,b8f7816f6b.jpg,0.7683592564968273,0.5088379
B2A,b90dc41d5d.jpg,0.8357654388498136,0.3703449
B2A,b91926eb90.jpg,0.6438466490285002,0.31458986
B2A,b924b090f7.jpg,0.7909361487417227,0.37769327
B2A,b938642e78.jpg,0.7694820893460196,0.53646487
B2A,b939486166.jpg,0.7925517596376208,0.39960772
B2A,b952bd214e.jpg,0.7497031222310184,0.3978001
B2A,b955e39acf.jpg,0.7407598704184409,0.37176386
B2A,b9768c7e52.jpg,0.7561911414104308,0.36303824
B2A,b983599509.jpg,0.5145572730134784,0.36765686
B2A,b985c8d0f9.jpg,0.753857179481792,0.5027587
B2A,b989430548.jpg,0.5309880002733992,0.563923
B2A,b9902d5a97.jpg,0.7842696191412915,0.3803771
B2A,b99379d9e0.jpg,0.5467038203625393,0.4610204
B2A,b9973b92ba.jpg,0.6959364926198164,0.42410013
B2A,b99824d883.jpg,0.6586907974529954,0.4104972
B2A,b9a991202d.jpg,0.8138138349134799,0.41081473
B2A,b9bc2a225e.jpg,0.7135418204437904,0.45966896
B2A,b9cad6e8c0.jpg,0.6335126579686783,0.5741427
B2A,b9cd30a1eb.jpg,0.6311387624862164,0.4361569
B2A,b9d2ba2502.jpg,0.7600486512160451,0.31184253
B2A,b9d441588e.jpg,0.804234820470893,0.34341788
B2A,b9d6b906b5.jpg,0.7860145984641428,0.46235362
B2A,b9de8e1e60.jpg,0.6834429405828899,0.44723946
B2A,b9ea51b317.jpg,0.6682025609428752,0.475073
B2A,b9eb4c4e23.jpg,0.7675910491331425,0.39387894
B2A,b9f955e5da.jpg,0.6553899640206955,0.5245923
B2A,ba3fc5aaf6.jpg,0.7867854469040915,0.31107426
B2A,ba4f07f939.jpg,0.8949826097078452,0.39748624
B2A,ba57ad5d60.jpg,0.670299975403074,0.40849704
B2A,ba6cdd170e.jpg,0.6707252311412784,0.5376391
B2A,ba7c346ee6.jpg,0.6997785167092696,0.3394229
B2A,ba7d2f82f3.jpg,0.7628796450464531,0.43526524
B2A,ba8511d50b.jpg,0.7591094440705805,0.5025497
B2A,ba861fc7fc.jpg,0.6339977320317022,0.4726506
B2A,ba900f7b05.jpg,0.6722407833932723,0.55638236
B2A,ba93309fda.jpg,0.6813357951372223,0.37592262
B2A,baa1ec6741.jpg,0.8787432507068467,0.32227576
B2A,baa5eaf58a.jpg,0.7627851702300046,0.36481464
B2A,baa60c9bed.jpg,0.7629842169126883,0.30402073
B2A,baac2fc0d9.jpg,0.7073279922383768,0.33955956
B2A,bab560daee.jpg,0.7136803905501474,0.37212822
B2A,bac7bbda07.jpg,0.7702342315018774,0.3193515
B2A,baca7c1baf.jpg,0.8209840547118857,0.39446396
B2A,bad95e0688.jpg,0.7206573571526973,0.49695528
B2A,bae17c2143.jpg,0.8835170075220574,0.35985333
B2A,bae6056ca8.jpg,0.574524105209018,0.3898244
B2A,baef9a3993.jpg,0.8587076730422456,0.33222836
B2A,bafb1adc1f.jpg,0.7666234260061698,0.36557347
B2A,bb017d43a9.jpg,0.7250224918352358,0.40889764
B2A,bb15fcc4ff.jpg,0.8108224134968555,0.48261875
B2A,bb313a5e16.jpg,0.63566630839661,0.55142313
B2A,bb3377f200.jpg,0.8439649193910146,0.30068806
B2A,bb38cedde5.jpg,0.7195255302365785,0.4830371
B2A,bb3ef64acd.jpg,0.8814308878710857,0.3098188
B2A,bb40b8dd7f.jpg,0.7736392125090095,0.35680506
B2A,bb5faf30e9.jpg,0.80524611354428,0.34764925
B2A,bb64125bc2.jpg,0.7466740000478984,0.44901627
B2A,bb77850a04.jpg,0.7555213660492872,0.48300707
B2A,bb8552f1b5.jpg,0.7438270366072741,0.31176096
B2A,bb9d316b1a.jpg,0.7705649039326471,0.45149997
B2A,bba5052be8.jpg,0.8868697582738524,0.3642519
B2A,bbac847eec.jpg,0.7257042961741963,0.3687118
B2A,bbaff218f3.jpg,0.7369558102957044,0.52967846
B2A,bbbfda6b8f.jpg,0.8671108586774365,0.41917065
B2A,bbc433fec1.jpg,0.8841573405919233,0.29117638
B2A,bbc5447377.jpg,0.7941441124205084,0.38345724
B2A,bbc6c20473.jpg,0.5293399543879667,0.55526865
B2A,bbca95e065.jpg,0.7426374291936151,0.45418766
B2A,bbd1178911.jpg,0.7876555308169946,0.30868778
B2A,bbe716a5ba.jpg,0.5410159407447716,0.66110504
B2A,bbf7c36959.jpg,0.7537323742804237,0.29752594
B2A,bbfe762240.jpg,0.7128778946996265,0.49567702
B2A,bc00b49aa2.jpg,0.9181191252960845,0.49492598
B2A,bc05774cb8.jpg,0.7765705927205716,0.35932356
B2A,bc1296f186.jpg,0.7161720369106183,0.43449354
B2A,bc1fa09301.jpg,0.674737678193373,0.4355343
B2A,bc320f44ee.jpg,0.6807372147014638,0.4284817
B2A,bc34a98e62.jpg,0.6235223066668174,0.4328704
B2A,bc3f932980.jpg,0.5312794856895369,0.5977991
B2A,bc47393bbe.jpg,0.5965081682651707,0.5671847
B2A,bc4cc5e31c.jpg,0.6514947770138133,0.54760444
B2A,bc57ed5fda.jpg,0.7676331609494982,0.3590963
B2A,bc59db0454.jpg,0.7226837303835213,0.42017686
B2A,bc76a34f9d.jpg,0.7541498966291261,0.3170067
B2A,bc8579edc4.jpg,0.6711177090685233,0.45632106
B2A,bc89a879fd.jpg,0.8084231709003865,0.49645045
B2A,bc8e187f4f.jpg,0.8588900389000145,0.34037286
B2A,bc97e28ac0.jpg,0.7585957373926094,0.3886234
B2A,bc9defc927.jpg,0.5336817381831683,0.63716185
B2A,bca6fd9039.jpg,0.726250201727911,0.49611866
B2A,bcad190025.jpg,0.824986977551179,0.51876426
B2A,bcade75bec.jpg,0.6500772849733298,0.392746
B2A,bcae56fbed.jpg,0.6579678943124436,0.4060557
B2A,bcc1a87147.jpg,0.7214028823927708,0.45035613
B2A,bcc29192c1.jpg,0.7018533507293773,0.27642852
B2A,bcde913d1d.jpg,0.8050563631099605,0.38246837
B2A,bce46c265e.jpg,0.8053131244253978,0.41332135
B2A,bceb077f5d.jpg,0.7403247546349279,0.5352926
B2A,bcef4b66e6.jpg,0.7533239080459229,0.47880232
B2A,bcf39bcec2.jpg,0.692505769317476,0.38369495
B2A,bcf3ab621b.jpg,0.7262636915068521,0.51687795
B2A,bcf3af118c.jpg,0.5449279672940177,0.418626
B2A,bd2893da68.jpg,0.7806588850665263,0.40391695
B2A,bd2be5968a.jpg,0.8254986501563542,0.37898228
B2A,bd4ff109f0.jpg,0.891662824539945,0.40548533
B2A,bd5056d32e.jpg,0.6643957674793021,0.58841336
B2A,bd58f14f67.jpg,0.6511172056351094,0.44431862
B2A,bd6006597f.jpg,0.7804888218630887,0.37562045
B2A,bd6261963a.jpg,0.6631801125128355,0.4233415
B2A,bd6550715b.jpg,0.8224708331167518,0.5077913
B2A,bd6902ee43.jpg,0.7673881154777347,0.42007565
B2A,bd6a7ec51e.jpg,0.4272762588506859,0.5664488
B2A,bd7003b6b6.jpg,0.6658020380545691,0.31635016
B2A,bd76d694d4.jpg,0.6943363215692294,0.4805132
B2A,bd7e521e90.jpg,0.7667273078863851,0.34856188
B2A,bd7e852fb1.jpg,0.7252931621143631,0.38487017
B2A,bd81e32444.jpg,0.7040934790644753,0.49377853
B2A,bd856bd7d2.jpg,0.8061516835011668,0.31926042
B2A,bd9dbd110c.jpg,0.697619612083326,0.369598
B2A,bda011a946.jpg,0.8376619708937444,0.2523204
B2A,bda7612626.jpg,0.6573468678364809,0.62916493
B2A,bda7b5b92a.jpg,0.8423090184882039,0.3597647
B2A,bda920ef3a.jpg,0.7017812754525906,0.5653186
B2A,bdb71b5252.jpg,0.8384178024650243,0.33896583
B2A,bdb764be42.jpg,0.4951601925328109,0.6663032
B2A,bdb80159b3.jpg,0.768596511635318,0.4713452
B2A,bdcfea4c8d.jpg,0.6346418459166313,0.3438361
B2A,bdd2bc2e77.jpg,0.8078945234337821,0.32379347
B2A,bdd6cb73e5.jpg,0.6198078468270373,0.41822037
B2A,bde2a9e1fa.jpg,0.8116128713240767,0.38127124
B2A,bdf3d3a8e5.jpg,0.7793769807550454,0.36938882
B2A,bdf8b0c5ad.jpg,0.8036385218021271,0.40341896
B2A,be0140dde6.jpg,0.8093246552157843,0.47981787
B2A,be17aa711c.jpg,0.5657188896757197,0.49067488
B2A,be19b2eac9.jpg,0.7593447453544344,0.4141667
B2A,be307d9b2d.jpg,0.8065824079561801,0.3338245
B2A,be30ee9635.jpg,0.7872102758758746,0.392808
B2A,be58cca5c2.jpg,0.7301793093417273,0.4787143
B2A,be5a727d8a.jpg,0.7035180350983677,0.39151788
B2A,be5e1ffaf7.jpg,0.8583425398413203,0.2918027
B2A,be66a96894.jpg,0.843321566618135,0.30330837
B2A,be6d9981a3.jpg,0.8211058713836779,0.3214826
B2A,be74caa0c9.jpg,0.684789042031423,0.67676175
B2A,be76e135d1.jpg,0.5867128090784257,0.6486247
B2A,be7c00594f.jpg,0.7958236280673923,0.35066333
B2A,be8015beea.jpg,0.7737603220611414,0.47944197
B2A,be87bba931.jpg,0.5804578173774574,0.63908917
B2A,be9710f956.jpg,0.7068121918923499,0.7425651
B2A,beb00f6bd4.jpg,0.7110711519394984,0.35488945
B2A,beb8830662.jpg,0.7691882503225494,0.2827281
B2A,bebbb8b76e.jpg,0.7228804660421746,0.39771134
B2A,bec2bc2d65.jpg,0.769433244209434,0.36362725
B2A,bec49b01dd.jpg,0.6948545536786159,0.44973174
B2A,bec4efcf0e.jpg,0.6809142674508594,0.42807275
B2A,becea1ec0d.jpg,0.8117218247840832,0.41899115
B2A,bed5847c27.jpg,0.5454336135078675,0.6860319
B2A,bed803c046.jpg,0.7518337531549178,0.592265
B2A,bedb0b8e17.jpg,0.7492576989638483,0.27839476
B2A,bee0d00197.jpg,0.5191966662666079,0.4431172
B2A,bee8605fcd.jpg,0.8191883864979299,0.3725057
B2A,bee867c967.jpg,0.4801443232087349,0.5883981
B2A,beebd3d7ff.jpg,0.807765497878091,0.36485142
B2A,beec4e482c.jpg,0.7901413831674965,0.297958
B2A,bf07ab5c4a.jpg,0.7374864335299566,0.5392839
B2A,bf0e0a58a4.jpg,0.5468107052255825,0.6002674
B2A,bf2216d133.jpg,0.6035965493874652,0.42068785
B2A,bf28de635c.jpg,0.8324843186143609,0.3808924
B2A,bf36a527ab.jpg,0.574677526186899,0.44681063
B2A,bf3ece26c1.jpg,0.5975422187429404,0.6266404
B2A,bf6062190e.jpg,0.6299035445689373,0.65114075
B2A,bf61f9adb1.jpg,0.7770482431628268,0.3783304
B2A,bf6ed52f2c.jpg,0.7353019692892669,0.30601004
B2A,bf72b298bc.jpg,0.5765696273443477,0.67262936
B2A,bf7b0e4b1f.jpg,0.7075427897779462,0.40762487
B2A,bf8f3d28ae.jpg,0.6596786495054505,0.52205175
B2A,bf918a456c.jpg,0.6463829795875183,0.44283956
B2A,bf94cca435.jpg,0.7132722108821138,0.4389302
B2A,bf964262b6.jpg,0.6608910307637406,0.6417272
B2A,bfc6144838.jpg,0.8537593658976749,0.38367403
B2A,bfc622bb44.jpg,0.8443100874770135,0.36030942
B2A,c006c643f8.jpg,0.6810036139410724,0.26481867
B2A,c009f9904a.jpg,0.749911520861609,0.54006815
B2A,c013680118.jpg,0.7701328890198061,0.38721526
B2A,c015570ab7.jpg,0.5656376926939789,0.6159793
B2A,c017fac753.jpg,0.7258367182647563,0.49185914
B2A,c018d5dbf7.jpg,0.7170143972177452,0.40329814
B2A,c0287a48f4.jpg,0.7882722793379049,0.35720742
B2A,c02e89c4d3.jpg,0.6737029066425935,0.38277704
B2A,c0301eeaaf.jpg,0.5727335083976612,0.52964705
B2A,c031d1622c.jpg,0.7608276273358735,0.39675438
B2A,c03cf43784.jpg,0.720475174156007,0.36069655
B2A,c0511e5414.jpg,0.6418588677202886,0.43813062
B2A,c06ff30cd5.jpg,0.7554477141359373,0.4031477
B2A,c0757c90f9.jpg,0.751826698107198,0.39428526
B2A,c081f34667.jpg,0.6506347856543185,0.35332438
B2A,c0876f3b2b.jpg,0.832988807397061,0.37171206
B2A,c08ee1f5aa.jpg,0.7321801664088999,0.4517307
B2A,c09421b98c.jpg,0.7252844464859465,0.40963405
B2A,c09cd67282.jpg,0.6050430947509735,0.25451142
B2A,c0a3fb3571.jpg,0.8864005059364822,0.24963954
B2A,c0a72ce31e.jpg,0.7965210556528859,0.3624347
B2A,c0b55c941e.jpg,0.7349434561798984,0.36674526
B2A,c0b977acfb.jpg,0.7821480942230705,0.3331708
B2A,c0be01b9c9.jpg,0.7496378993979886,0.52277815
B2A,c0c0e3575b.jpg,0.6890173476467489,0.3444277
B2A,c0e7dfa5ed.jpg,0.6769732372959765,0.39403862
B2A,c0f19d6031.jpg,0.7128573568039179,0.4199391
B2A,c0fe7fd0a7.jpg,0.5913808616202909,0.53740865
B2A,c10183721e.jpg,0.8524131478684656,0.31460822
B2A,c1114abb60.jpg,0.5698523306240205,0.4787485
B2A,c123f051ca.jpg,0.6740736076113252,0.54204947
B2A,c125e1a1f6.jpg,0.7157235837576928,0.43076703
B2A,c1294c7cd9.jpg,0.7773855254790728,0.33923575
B2A,c12c1c978e.jpg,0.730284051865381,0.524482
B2A,c12e14b962.jpg,0.6549748758145982,0.42141232
B2A,c1339587e8.jpg,0.7702445302394652,0.43852922
B2A,c137e13300.jpg,0.7586348534971774,0.5025329
B2A,c14426ebfc.jpg,0.6038361653901626,0.38953364
B2A,c15a72a99a.jpg,0.7484336574527679,0.34086746
B2A,c16ed7863f.jpg,0.6899694196578539,0.488627
B2A,c190aa34f8.jpg,0.9344191748911531,0.5157368
B2A,c19312ad74.jpg,0.673309931099464,0.5099774
B2A,c1972547d1.jpg,0.8268103221159512,0.34497702
B2A,c1a8c428f6.jpg,0.7671396879538467,0.5629593
B2A,c1b1ad3d68.jpg,0.7753290663067052,0.43862253
B2A,c1b2b47959.jpg,0.5915080405444071,0.38326383
B2A,c1b7f78159.jpg,0.5696725574297403,0.60114217
B2A,c1c634b4eb.jpg,0.7086909739477126,0.3835517
B2A,c1d0fe9abe.jpg,0.6092027615213904,0.4732114
B2A,c1d5a31a74.jpg,0.5643258330601728,0.4608921
B2A,c1e5b119c4.jpg,0.6657760188678276,0.3747229
B2A,c1f932fee3.jpg,0.8440269902770612,0.43414629
B2A,c1f9da41e1.jpg,0.8357573699134403,0.427924
B2A,c1fb81bcfa.jpg,0.6650392029305285,0.4459162
B2A,c2266bed41.jpg,0.7664371927818359,0.5778458
B2A,c2307e363e.jpg,0.7593137993496534,0.43450078
B2A,c236cbe5eb.jpg,0.7013855698320683,0.5127282
B2A,c236d99e18.jpg,0.8202452990565613,0.32037026
B2A,c23e040ff8.jpg,0.803407829839358,0.47796658
B2A,c2607646ad.jpg,0.8685109271551199,0.30065596
B2A,c262fe08f9.jpg,0.7424507322383385,0.35546556
B2A,c2656884dd.jpg,0.8497665783423668,0.32715905
B2A,c26e1a3dea.jpg,0.8448963239454793,0.37459686
B2A,c2708f8a47.jpg,0.7182400732283276,0.32443243
B2A,c27ca11d75.jpg,0.6423258795289668,0.44164237
B2A,c280ccdd9b.jpg,0.8439540134438972,0.34522122
B2A,c284ce5f6f.jpg,0.6189567334648093,0.46721
B2A,c2869dc39f.jpg,0.7458409390597014,0.40883702
B2A,c287068c8b.jpg,0.6295232716366072,0.33515725
B2A,c29a81a99d.jpg,0.6975474195997642,0.56284845
B2A,c2acbc2675.jpg,0.8193247417028086,0.39833486
B2A,c2b79f204d.jpg,0.6425749375899048,0.469307
B2A,c2c2cd230b.jpg,0.706254606823322,0.46775672
B2A,c2d01b1977.jpg,0.7278858432853279,0.403684
B2A,c2d909e551.jpg,0.8275032767644076,0.32042712
B2A,c2dfec8e9a.jpg,0.8149091501352281,0.42472315
B2A,c2e0f637ed.jpg,0.7343778166805094,0.42773926
B2A,c2f49209fa.jpg,0.6203233619558992,0.567845
B2A,c2fe4fa436.jpg,0.7842015746791998,0.3253268
B2A,c303744625.jpg,0.8036193510053214,0.31539857
B2A,c315adb658.jpg,0.7263796124544434,0.5877076
B2A,c31cad8dc1.jpg,0.7309103021079316,0.367783
B2A,c329a43ef8.jpg,0.6166147315108133,0.3897476
B2A,c362a50b71.jpg,0.7415167985503581,0.4072007
B2A,c36ee485ab.jpg,0.7433010789042026,0.44596025
B2A,c373467807.jpg,0.8059123323790547,0.35887393
B2A,c37e6749d1.jpg,0.7641265339460354,0.39946237
B2A,c38cd66489.jpg,0.8419621574690682,0.33583474
B2A,c398543807.jpg,0.7864182671352049,0.46670994
B2A,c39ac686c7.jpg,0.680400630573564,0.33964485
B2A,c3ae8d9885.jpg,0.661812239626898,0.42954504
B2A,c3b0c7adb5.jpg,0.7336415941315447,0.6521306
B2A,c3b262e6c5.jpg,0.6206904529842296,0.5792296
B2A,c3b45ccdf0.jpg,0.6647200255134177,0.49182957
B2A,c3c8443027.jpg,0.7951057126435671,0.36206445
B2A,c3d7a24d73.jpg,0.8601917076096215,0.37549698
B2A,c3e565166e.jpg,0.8305085521278067,0.39589882
B2A,c3e6b45f00.jpg,0.788955592124175,0.36614668
B2A,c3f82846fa.jpg,0.808768112006127,0.40964156
B2A,c40157edb5.jpg,0.6192877530647414,0.4779132
B2A,c419f70dc7.jpg,0.8300299244295121,0.32814077
B2A,c41d11bc49.jpg,0.7076022299841108,0.35268807
B2A,c428c52f81.jpg,0.6865404486363811,0.47152966
B2A,c456016d2d.jpg,0.7978836407758545,0.38925713
B2A,c458ed7411.jpg,0.7187755067272332,0.42442712
B2A,c45ddef2b3.jpg,0.8105994093296659,0.42429698
B2A,c46fcd1a80.jpg,0.775876933683938,0.4325657
B2A,c470eb30ef.jpg,0.801693537590476,0.33421358
B2A,c47e602b0b.jpg,0.7968933493882866,0.45594215
B2A,c47e788e86.jpg,0.7980190514403903,0.40315512
B2A,c4808eb22d.jpg,0.7378960701934671,0.45068818
B2A,c48dd873be.jpg,0.9192026758683751,0.40261176
B2A,c4bdcb6dd9.jpg,0.7641522311968322,0.3550135
B2A,c4c39ac3f9.jpg,0.7366369659377989,0.41982543
B2A,c4ced9cad1.jpg,0.8440133567480582,0.33100346
B2A,c4d6a7c8a9.jpg,0.745895180357584,0.4007554
B2A,c4d73047e1.jpg,0.824405634646064,0.41334504
B2A,c4d8884b3c.jpg,0.7822139647429427,0.40518606
B2A,c4d8c03cf8.jpg,0.7469165368076581,0.3544321
B2A,c4d9fbfb1f.jpg,0.7090647817359148,0.5172652
B2A,c4db21f52d.jpg,0.6924783864472758,0.3793609
B2A,c4e15cdce1.jpg,0.7925865523987679,0.42708415
B2A,c4e6130960.jpg,0.7472294584616818,0.6866294
B2A,c4f7170246.jpg,0.7457245189897979,0.508554
B2A,c4fd20f2ce.jpg,0.7160439499323545,0.38490906
B2A,c50547f5fc.jpg,0.5861278280168786,0.58141387
B2A,c50837aa54.jpg,0.6824791472947391,0.43276054
B2A,c52044fdd2.jpg,0.8369576825123172,0.45552987
B2A,c524c49931.jpg,0.7392409406733216,0.3388891
B2A,c525d82983.jpg,0.623758495772558,0.466458
B2A,c525dc1668.jpg,0.7385652141069385,0.5904889
B2A,c526e4cab7.jpg,0.8188507238938095,0.2766415
B2A,c52cb8c926.jpg,0.768710131914346,0.402088
B2A,c531391a54.jpg,0.5284508738550948,0.39628428
B2A,c5440d3858.jpg,0.6148889580115341,0.36521804
B2A,c5496898d9.jpg,0.6163011828657853,0.5634749
B2A,c54c5368af.jpg,0.7418918296513615,0.40962046
B2A,c5656a3bc2.jpg,0.7841016441911791,0.37706688
B2A,c570a774e2.jpg,0.7201089888308533,0.37331033
B2A,c57cb4cc7d.jpg,0.7644172919144863,0.5760584
B2A,c57ecc2387.jpg,0.8186417691069143,0.31251663
B2A,c58fea646b.jpg,0.764911310286228,0.34986055
B2A,c5921d07d4.jpg,0.6839695876663386,0.4583346
B2A,c595a52c39.jpg,0.6351345988394509,0.5086035
B2A,c598a0b020.jpg,0.6131060630801394,0.57029426
B2A,c59d7d374c.jpg,0.8110891939937084,0.41855443
B2A,c5a2b9c91c.jpg,0.7143453240801508,0.36841264
B2A,c5acb37086.jpg,0.6852502651644916,0.46864727
B2A,c5b7abcf1a.jpg,0.6181503429684327,0.512751
B2A,c5c1ce91be.jpg,0.8105812023432128,0.5171851
B2A,c5c637557c.jpg,0.8476059740810817,0.41784486
B2A,c5df072a87.jpg,0.7911771680599234,0.3705973
B2A,c5e14d505f.jpg,0.7982812334929748,0.36044782
B2A,c5e6a04538.jpg,0.780312641293433,0.39784187
B2A,c5ec21dc91.jpg,0.7949698379545216,0.37846285
B2A,c5edeee0c7.jpg,0.6795881180757869,0.41339234
B2A,c5f84dbc49.jpg,0.741878700364143,0.24359718
B2A,c6023eafa9.jpg,0.6871793631183485,0.4536466
B2A,c602fe2139.jpg,0.59882553660794,0.5562684
B2A,c60ce9a7c7.jpg,0.8762705980246547,0.42790088
B2A,c6145ae196.jpg,0.5596814018131987,0.51229703
B2A,c61687bbf7.jpg,0.8211163432528609,0.46512806
B2A,c61c78d0ca.jpg,0.7042935993790462,0.373043
B2A,c62219be8a.jpg,0.4485416335667394,0.42136884
B2A,c63612e996.jpg,0.7639242112839492,0.62384415
B2A,c6500baba8.jpg,0.5450191472157969,0.47943816
B2A,c65d66d192.jpg,0.7621393482797642,0.31435162
B2A,c6677c412d.jpg,0.684549237467421,0.35344172
B2A,c673cb8573.jpg,0.7381322365533097,0.47226855
B2A,c67451f208.jpg,0.6965573477764991,0.3546036
B2A,c68341c3b7.jpg,0.69527638829185,0.387984
B2A,c686b36f96.jpg,0.6358413592643735,0.32762238
B2A,c6881f63ec.jpg,0.618953756384978,0.4779406
B2A,c6a2fbabf7.jpg,0.7391595962939915,0.3612127
B2A,c6a4a9aeb2.jpg,0.7836142922926752,0.43343446
B2A,c6a58d81ef.jpg,0.8470059840834083,0.36672807
B2A,c6ad8bd40d.jpg,0.6879698014720611,0.53385
B2A,c6aea7cf4f.jpg,0.6954952482094836,0.39713097
B2A,c6af326883.jpg,0.6966349167478101,0.4195748
B2A,c6b10318be.jpg,0.6296898808438266,0.51885307
B2A,c6c4b33994.jpg,0.8199616849451437,0.55906636
B2A,c6d9ef38ee.jpg,0.7182378271064729,0.3415862
B2A,c6e35b7a8e.jpg,0.8034367291750519,0.5217737
B2A,c6f400cade.jpg,0.7719005788853098,0.3432304
B2A,c6f871bb47.jpg,0.7214315345265337,0.5311968
B2A,c7043864d2.jpg,0.5939472604655909,0.5999736
B2A,c72720ffb0.jpg,0.583636958739174,0.46185455
B2A,c736950d4e.jpg,0.6521555063230414,0.51215416
B2A,c7380a0fa2.jpg,0.8135500676436802,0.40259212
B2A,c73d060b7f.jpg,0.8987380703646335,0.29498205
B2A,c7427a066e.jpg,0.7595512013413922,0.42431796
B2A,c74314fb5c.jpg,0.6485378902717099,0.3605286
B2A,c748dcc2c7.jpg,0.9217687241595757,0.32302085
B2A,c74ae24a89.jpg,0.6887231970757619,0.5240393
B2A,c7608e5539.jpg,0.6026582612011797,0.3538819
B2A,c7622b657d.jpg,0.6261712202285165,0.7544886
B2A,c76acdaaa5.jpg,0.9242555011126796,0.31592837
B2A,c7736d8864.jpg,0.7466513649214304,0.38651174
B2A,c7736e2c50.jpg,0.7952779289619136,0.35778496
B2A,c77ecc882a.jpg,0.7983128443578893,0.38324636
B2A,c78308fb1e.jpg,0.5942694315298329,0.38354492
B2A,c7880ba0c2.jpg,0.7075685655803992,0.42987537
B2A,c788baf225.jpg,0.5743267681420121,0.42768303
B2A,c78a6e867e.jpg,0.599907452137275,0.24972
B2A,c78bc2db57.jpg,0.8020156722471707,0.35757527
B2A,c793220e43.jpg,0.7985192141076245,0.29035118
B2A,c7bf31ca58.jpg,0.7141391422203855,0.45847556
B2A,c7cc509a06.jpg,0.7675847804486755,0.5072821
B2A,c7d0dc1d10.jpg,0.5873865203623464,0.53098464
B2A,c7eaf9c07a.jpg,0.8133166088406765,0.392043
B2A,c7f524e16e.jpg,0.6837273305469731,0.48809707
B2A,c7f9e63db6.jpg,0.7808152622665583,0.3827129
B2A,c80007786e.jpg,0.529395328756311,0.6734506
B2A,c81299eae0.jpg,0.8392046033894767,0.38549784
B2A,c8185b191d.jpg,0.7662188268355252,0.26133406
B2A,c81b6373f2.jpg,0.6271863516137279,0.46449262
B2A,c81c856677.jpg,0.7656176814422228,0.44135398
B2A,c82080c8de.jpg,0.6215533097767209,0.5097327
B2A,c82b51e41e.jpg,0.5648658780173657,0.5728918
B2A,c840700a72.jpg,0.6852357655128511,0.27705997
B2A,c84627330d.jpg,0.850283973266398,0.30098486
B2A,c84660744f.jpg,0.7786600515610336,0.38320494
B2A,c851e6f6e0.jpg,0.6737018905259561,0.4048599
B2A,c8549dd38b.jpg,0.6440752971968933,0.46282688
B2A,c86587b1e8.jpg,0.5772792812201762,0.5721972
B2A,c8694cefc7.jpg,0.7596618385011829,0.3635984
B2A,c86a62e6d2.jpg,0.7609181488876662,0.40301827
B2A,c86f9ec4f7.jpg,0.6701076472903816,0.39797488
B2A,c87264d97f.jpg,0.6435265137161711,0.5313269
B2A,c88254adbe.jpg,0.725548866127005,0.40784138
B2A,c882d8abac.jpg,0.7146970910952936,0.4147899
B2A,c8840a2e27.jpg,0.5870306428320458,0.5639511
B2A,c889794bf7.jpg,0.6758640043086265,0.3697865
B2A,c891a570bb.jpg,0.7566877241790523,0.33336267
B2A,c893f6e167.jpg,0.6917163807299394,0.44725272
B2A,c898f3300d.jpg,0.7147513157982265,0.38320994
B2A,c89c107b5b.jpg,0.6912868436098706,0.28876135
B2A,c8a8274cb3.jpg,0.791077668854632,0.34955052
B2A,c8a9cfa14c.jpg,0.672114202400716,0.6530586
B2A,c8baedacff.jpg,0.6712555868811347,0.3521134
B2A,c8bd9caef0.jpg,0.7261923721650377,0.45883507
B2A,c8c45ad5f1.jpg,0.7917801816595399,0.45697862
B2A,c8cb8e85e7.jpg,0.7349425951529072,0.44595575
B2A,c8d05086f2.jpg,0.6138216489391637,0.43680382
B2A,c8d6f98b20.jpg,0.6304574605653764,0.41904616
B2A,c8da3631bf.jpg,0.7405612580283232,0.39565557
B2A,c8ea1e9ef3.jpg,0.8164216742621699,0.34698835
B2A,c8ed12953b.jpg,0.7117837336098479,0.396124
B2A,c8f1b865ca.jpg,0.8043925092869633,0.44208777
B2A,c8f7e3f9ee.jpg,0.6695556447335198,0.4526065
B2A,c9020a4441.jpg,0.6877432770559593,0.57792306
B2A,c90b0c1ad5.jpg,0.7914382292000214,0.38466066
B2A,c91473f497.jpg,0.6673849678951773,0.3938524
B2A,c91c752661.jpg,0.5987957928508755,0.33036605
B2A,c925172e83.jpg,0.799981797959195,0.41100717
B2A,c9347e1e7b.jpg,0.8476432532863144,0.4141394
B2A,c936589fe5.jpg,0.7520418811239223,0.37082618
B2A,c9377ac739.jpg,0.824244816600564,0.36228198
B2A,c943d77639.jpg,0.6812365063889345,0.38942844
B2A,c950a3f6af.jpg,0.5202063903575376,0.4902987
B2A,c9596992ba.jpg,0.8160657484850615,0.3786853
B2A,c963de7b44.jpg,0.6561711039189111,0.48517713
B2A,c965459a49.jpg,0.707979006112558,0.48289782
B2A,c9677c2983.jpg,0.5981518643765311,0.53938055
B2A,c96ca42d91.jpg,0.5990899428451202,0.5814713
B2A,c974562e36.jpg,0.8005016747335303,0.46283183
B2A,c97cfcba7e.jpg,0.5590195380293584,0.43015254
B2A,c9823e7ce1.jpg,0.7128952765208467,0.33382022
B2A,c983c41dd9.jpg,0.7562786144734002,0.32811108
B2A,c986b6924c.jpg,0.7756726613729751,0.42262796
B2A,c98a568b5d.jpg,0.6403134994501545,0.57818055
B2A,c9aea3d9d6.jpg,0.6479428309224796,0.3610007
B2A,c9afde6424.jpg,0.8752702739492509,0.30023915
B2A,c9bca1b8ea.jpg,0.7662421331133481,0.38136253
B2A,c9bdf7e5df.jpg,0.7997689004756263,0.49549213
B2A,c9c007ddc3.jpg,0.8113192214043499,0.4835149
B2A,c9c6d6eb3a.jpg,0.6088167101484381,0.44096082
B2A,c9cba4bd0e.jpg,0.7345237436428286,0.44573975
B2A,c9d20d84df.jpg,0.5886664710022544,0.41209483
B2A,c9d61587a2.jpg,0.8224293200473851,0.33889127
B2A,c9e242367f.jpg,0.8180352630078968,0.31918693
B2A,c9e589eb2d.jpg,0.7962958224379927,0.3675615
B2A,c9ff68f5a2.jpg,0.612970560083596,0.5426006
B2A,ca048034a1.jpg,0.5365345852048717,0.563261
B2A,ca1c1e0ab4.jpg,0.6680159266283909,0.5003995
B2A,ca2d56ade5.jpg,0.7672819252365771,0.38687947
B2A,ca350be337.jpg,0.6620775781564225,0.47977895
B2A,ca386d38d2.jpg,0.6888697998514509,0.62637657
B2A,ca4170de40.jpg,0.6946837153222458,0.44069022
B2A,ca4a5b1d15.jpg,0.8248024378580033,0.44078547
B2A,ca6254d8af.jpg,0.8697426294381504,0.3259753
B2A,ca62c55ebe.jpg,0.7551161499364575,0.40232468
B2A,ca66e77e70.jpg,0.5203484849756694,0.32521707
B2A,ca6833900f.jpg,0.5681960932689757,0.35352522
B2A,ca772b116e.jpg,0.8059300091609756,0.3549419
B2A,ca7b9ae1dd.jpg,0.8005554962032988,0.41164023
B2A,ca7ef68a39.jpg,0.7142928723989717,0.34287435
B2A,ca989796e8.jpg,0.5480886606188978,0.4984041
B2A,caa1dcc886.jpg,0.8202591624516532,0.39156663
B2A,caa6d72fa5.jpg,0.7096254567416012,0.4005272
B2A,cac056399a.jpg,0.7758847507880361,0.46116564
B2A,cac112db80.jpg,0.717149393751313,0.35325217
B2A,cacfe238bb.jpg,0.8007884289734045,0.31918192
B2A,cae6f0d5e8.jpg,0.8296001016085496,0.46676022
B2A,caf18820a4.jpg,0.8011500386299313,0.19529654
B2A,cafbfecee1.jpg,0.7603853163093865,0.38878244
B2A,cafe98985e.jpg,0.8229295296362501,0.27297986
B2A,caff162d50.jpg,0.8567659018481628,0.32431138
B2A,cb07b1bb83.jpg,0.6793518592049104,0.44187468
B2A,cb09a699d1.jpg,0.8537493326201936,0.35229185
B2A,cb0fc9a127.jpg,0.5667227325675225,0.7098544
B2A,cb15285d36.jpg,0.5542227200938985,0.41075987
B2A,cb165748bf.jpg,0.7271843326452283,0.50718135
B2A,cb324a9122.jpg,0.6401074949256823,0.48218742
B2A,cb4aa83692.jpg,0.7498217226564465,0.38667774
B2A,cb706347dd.jpg,0.6483528100942817,0.4320299
B2A,cb767cd641.jpg,0.47981202594728367,0.70719695
B2A,cb845e6db5.jpg,0.7752504966195495,0.41438854
B2A,cb88754eed.jpg,0.8320379431955373,0.3047191
B2A,cb91ecbdda.jpg,0.5997792518870451,0.57555455
B2A,cb9d6af792.jpg,0.7793677115060017,0.37629896
B2A,cb9dbaeffd.jpg,0.8161740501331394,0.44308978
B2A,cba38c093b.jpg,0.789699450633722,0.37154225
B2A,cbafaf9b74.jpg,0.7539561184115423,0.37394118
B2A,cbb6e14382.jpg,0.8089671356659182,0.3588425
B2A,cbc4a88c49.jpg,0.7549463020772613,0.28730538
B2A,cbca2560a2.jpg,0.556544380441482,0.3463844
B2A,cbca377969.jpg,0.7523704237065951,0.42713833
B2A,cbcc092607.jpg,0.6292655908255578,0.44572175
B2A,cbd686ea00.jpg,0.6974650995736836,0.43546948
B2A,cbdd08a030.jpg,0.7811307568075481,0.3740912
B2A,cbddae001d.jpg,0.7944474041022621,0.3247364
B2A,cbf582621e.jpg,0.6613576968331712,0.41910413
B2A,cbf635d566.jpg,0.7730428892852964,0.4084806
B2A,cbfb794656.jpg,0.76446459938075,0.3385831
B2A,cc03a70f14.jpg,0.7137959381222431,0.33843836
B2A,cc0a0dab48.jpg,0.730497717858402,0.52860916
B2A,cc27c5fa12.jpg,0.4988586128546789,0.4929787
B2A,cc37cc11a3.jpg,0.6255605500379213,0.4286463
B2A,cc397c87b0.jpg,0.8337747293429285,0.4251728
B2A,cc3d775c49.jpg,0.7894498763771142,0.30498737
B2A,cc46b14bbf.jpg,0.7325042216963334,0.30607507
B2A,cc47cfe509.jpg,0.6383950644851368,0.5153131
B2A,cc48975f1d.jpg,0.788240237984953,0.47784966
B2A,cc4e40864c.jpg,0.8397763848762773,0.39000994
B2A,cc5078a63b.jpg,0.6810406167033769,0.6177693
B2A,cc57246e94.jpg,0.733206509147345,0.5111987
B2A,cc5ba51fab.jpg,0.7978005753647724,0.3896794
B2A,cc5fa7dcc6.jpg,0.6429594099375943,0.6218672
B2A,cc700e2ff5.jpg,0.6438853155903749,0.6571227
B2A,cc701e6899.jpg,0.7272748665128892,0.46737128
B2A,cc74028fc2.jpg,0.5811976740136704,0.47524038
B2A,cc79011331.jpg,0.7397159680237514,0.29217184
B2A,cc85351248.jpg,0.8776275208377398,0.3448255
B2A,cc8ce9bce8.jpg,0.7515122270965181,0.41045475
B2A,cc8ea5c3ef.jpg,0.8368848672479998,0.4028054
B2A,cc9c7d2ee1.jpg,0.7845757537977893,0.50881743
B2A,cca944dbaa.jpg,0.7791226934448281,0.32374442
B2A,ccac22a865.jpg,0.6380612379019542,0.49283054
B2A,ccb1c281ea.jpg,0.7183336507365589,0.43790472
B2A,ccdae48f44.jpg,0.702939382709476,0.36693135
B2A,ccdb51d513.jpg,0.5591128275315588,0.3835904
B2A,cce7dc8ab2.jpg,0.7552412088973857,0.29769075
B2A,cceb177f89.jpg,0.7252342959820497,0.307435
B2A,ccf03e66bc.jpg,0.6806875863834109,0.56119347
B2A,ccf1814c56.jpg,0.715887584455103,0.41104013
B2A,cd002af052.jpg,0.6615092325590181,0.6012882
B2A,cd002f704d.jpg,0.6912395529322121,0.34866607
B2A,cd06750eef.jpg,0.8292395781008747,0.2815729
B2A,cd06b978fe.jpg,0.8359050173649473,0.36371526
B2A,cd093d4318.jpg,0.6947354997167875,0.58884734
B2A,cd0952c111.jpg,0.9024503160946918,0.31416595
B2A,cd1cb040fe.jpg,0.8152540988996707,0.4132546
B2A,cd303186fb.jpg,0.4172903411208556,0.64977
B2A,cd34097029.jpg,0.5807311089515209,0.50794864
B2A,cd396d99a3.jpg,0.7799337013216848,0.41437128
B2A,cd3feb1181.jpg,0.6481942791728436,0.5677412
B2A,cd5d08f5be.jpg,0.7557212687127564,0.38518745
B2A,cd5e26b488.jpg,0.8915047306398107,0.3854808
B2A,cd697d2806.jpg,0.6348720572577725,0.36614305
B2A,cd6ebe93ba.jpg,0.7043600504573807,0.43750843
B2A,cd7c6b3be6.jpg,0.8157048289332719,0.3499974
B2A,cd805dd2c1.jpg,0.7888860805358985,0.44725153
B2A,cd813194f8.jpg,0.6684689947808206,0.55940086
B2A,cd8869c459.jpg,0.7039848699058918,0.33908272
B2A,cd8f124bd5.jpg,0.7894254531152888,0.32719022
B2A,cd909a57e7.jpg,0.7611085580156159,0.48578793
B2A,cd91b78ba2.jpg,0.7554790828989704,0.44049793
B2A,cd9d87bc3d.jpg,0.7500132084029119,0.3838038
B2A,cdb10fd47a.jpg,0.738109698139673,0.52126
B2A,cdb621d29d.jpg,0.6110057879280444,0.38354445
B2A,cdd0aedc77.jpg,0.672392359432149,0.49887192
B2A,cddb43b9e7.jpg,0.7075616284025383,0.51191914
B2A,cddc890db6.jpg,0.7097878830278911,0.4914839
B2A,cde8917c39.jpg,0.7029379486025732,0.39797598
B2A,ce09815c9c.jpg,0.5808247401468372,0.47323483
B2A,ce107a12eb.jpg,0.7548773130826839,0.38508612
B2A,ce15456147.jpg,0.6671599627290614,0.54990596
B2A,ce1740b144.jpg,0.6933105743736326,0.365496
B2A,ce18e0a0f5.jpg,0.8049124244335526,0.45749655
B2A,ce2918591f.jpg,0.7928564925326466,0.34232345
B2A,ce2a521382.jpg,0.5793994675429032,0.37851658
B2A,ce4521380b.jpg,0.6585094142698807,0.63354677
B2A,ce4868171a.jpg,0.5383838398978451,0.56141835
B2A,ce4c59ff3a.jpg,0.772341084284376,0.37351874
B2A,ce55094dff.jpg,0.6383773114094906,0.53280026
B2A,ce56788f42.jpg,0.769922822421312,0.40393963
B2A,ce5ac8d0da.jpg,0.6798029504803769,0.4178206
B2A,ce5b830de2.jpg,0.8355336890581722,0.27057797
B2A,ce5d913383.jpg,0.7538941589075547,0.49205709
B2A,ce6578f48a.jpg,0.9033242882723649,0.31334525
B2A,ce7a05feca.jpg,0.6557989198518278,0.5278758
B2A,ce83fda480.jpg,0.7120610561864383,0.4420637
B2A,ce9872420a.jpg,0.4839094766775495,0.6180363
B2A,ce9998c68f.jpg,0.5861581148407661,0.44393528
B2A,cec03efc5b.jpg,0.8147160825165647,0.41489246
B2A,cec134e6c0.jpg,0.8143589838629934,0.3573835
B2A,ceca1f8fa9.jpg,0.5865947153555604,0.4360416
B2A,ced29e1b27.jpg,0.7383497734414043,0.30593
B2A,ceed1c7fc6.jpg,0.8040037260496767,0.3268994
B2A,cefe679fa9.jpg,0.7637436904256909,0.29842868
B2A,cf019642a5.jpg,0.8330342834754545,0.42330384
B2A,cf02f9afe4.jpg,0.826663310448914,0.44040614
B2A,cf137a4d6f.jpg,0.7504185701482319,0.35792357
B2A,cf1d695996.jpg,0.7703803771790287,0.3589019
B2A,cf32b9f4e9.jpg,0.6370036750726473,0.4453252
B2A,cf36c56c38.jpg,0.6995455592104285,0.48048055
B2A,cf38193966.jpg,0.8321055108979902,0.30340374
B2A,cf46e070e9.jpg,0.9308235752171196,0.45313323
B2A,cf476a1333.jpg,0.7020186942241828,0.49028406
B2A,cf510d8083.jpg,0.6180618782319667,0.5993236
B2A,cf5d68fd72.jpg,0.7331376625291941,0.36388975
B2A,cf6530e446.jpg,0.7157474644496276,0.4527569
B2A,cf6742d301.jpg,0.7239893108122253,0.54037493
B2A,cf8e66be82.jpg,0.8262523172810847,0.30278873
B2A,cfb3b9881d.jpg,0.6694101482009546,0.5812166
B2A,cfbca208c3.jpg,0.8309396653437282,0.46470657
B2A,cfbcd9372b.jpg,0.7937996945351053,0.3743316
B2A,cfc2bf0c47.jpg,0.6505480351353375,0.5639485
B2A,cfc6d4340f.jpg,0.4798371974739226,0.6492717
B2A,cfd44c64b5.jpg,0.7472887005425567,0.40101573
B2A,cfdaa19397.jpg,0.8086215795901394,0.31983054
B2A,cfe8899a0a.jpg,0.8327492674380323,0.3475917
B2A,cff53a63a5.jpg,0.6420253303232017,0.5875087
B2A,d003814d0e.jpg,0.8081621707153952,0.39574555
B2A,d00da2c9a6.jpg,0.6672106422503287,0.38720176
B2A,d01c505d6c.jpg,0.7422144458490664,0.48462737
B2A,d01ee012a8.jpg,0.7296983439818572,0.38419217
B2A,d03cc29634.jpg,0.8503596739025421,0.39237022
B2A,d03eda30db.jpg,0.7214973299817031,0.40494362
B2A,d053572af4.jpg,0.7667169506001017,0.46478844
B2A,d05f7b46c4.jpg,0.6129726202388446,0.6696415
B2A,d0765946b2.jpg,0.7494304415964037,0.39776197
B2A,d08cb8e751.jpg,0.7507612016028006,0.5087888
B2A,d09ad65e9a.jpg,0.617093097588136,0.6326203
B2A,d0a1eed9dd.jpg,0.7857781094378605,0.4418026
B2A,d0b792d050.jpg,0.6934949822346983,0.4482429
B2A,d0be1cb49b.jpg,0.6555601885765275,0.4501806
B2A,d0bf5f6a79.jpg,0.7543645520920418,0.39997792
B2A,d0c2bf5ee4.jpg,0.7095347929342838,0.31658924
B2A,d0c5001014.jpg,0.8836157049153756,0.36310506
B2A,d0cb3e02c5.jpg,0.7394877114468963,0.37203488
B2A,d0de1d07ab.jpg,0.7599439314711831,0.428052
B2A,d0e02b3cca.jpg,0.6596317010091052,0.59612334
B2A,d0e5067af3.jpg,0.8229674075987214,0.47492886
B2A,d0eda9c6a2.jpg,0.8224570323798767,0.3821147
B2A,d0f878cc17.jpg,0.5280080971377032,0.5948856
B2A,d0ff4dbd71.jpg,0.7116592199345071,0.61887646
B2A,d1015b409e.jpg,0.6166213570226723,0.57779
B2A,d104600dfb.jpg,0.7899812259894196,0.39866513
B2A,d12a49b5f4.jpg,0.7764621541109136,0.2798591
B2A,d1340eb9e0.jpg,0.7963373662933187,0.44360158
B2A,d14363b745.jpg,0.7530731206001225,0.5481111
B2A,d146966f14.jpg,0.8124805435054027,0.32316694
B2A,d161e72471.jpg,0.7295774421465534,0.36286187
B2A,d169a63b7f.jpg,0.750622352571504,0.39203793
B2A,d17d89d337.jpg,0.7066303999492682,0.44845372
B2A,d1879069e7.jpg,0.5926459609251723,0.5934516
B2A,d188b93438.jpg,0.7783855350115552,0.44027188
B2A,d188df6a22.jpg,0.5557172658340597,0.576781
B2A,d1893ab238.jpg,0.7510421622004537,0.35644323
B2A,d1a661c8da.jpg,0.7859468348839849,0.3203938
B2A,d1a6cb893d.jpg,0.5754309650245472,0.6882998
B2A,d1ad00d90c.jpg,0.653900866633954,0.51993865
B2A,d1e043b730.jpg,0.7211017439393831,0.3729965
B2A,d1e060bfb6.jpg,0.7939321460497479,0.3765843
B2A,d1e18d7e5b.jpg,0.5223259119775392,0.4887059
B2A,d1e6fbffd7.jpg,0.7505619633083125,0.45135242
B2A,d1f62310c3.jpg,0.6819934905163019,0.2945072
B2A,d225c560e6.jpg,0.7463853838878336,0.3625245
B2A,d246393b8c.jpg,0.6943429312889172,0.4706244
B2A,d279169f0b.jpg,0.7631113903877355,0.4176203
B2A,d27b1e3c9b.jpg,0.7875934397778072,0.43657228
B2A,d2b5bc2fec.jpg,0.7345075722851917,0.46879253
B2A,d2c6728caf.jpg,0.8120155402321741,0.5013936
B2A,d2d4d23be2.jpg,0.7140366227098004,0.49245828
B2A,d2db5c1d58.jpg,0.6871377889708006,0.57078856
B2A,d2e17623a7.jpg,0.4759964636346081,0.5392852
B2A,d2e6f685fd.jpg,0.6057577180956413,0.53554934
B2A,d2e84b4d1e.jpg,0.6564832792580645,0.49009487
B2A,d2fc2edddc.jpg,0.8742439498032643,0.38662404
B2A,d314454c0e.jpg,0.8426376022166103,0.32895792
B2A,d314628676.jpg,0.7932247361941368,0.4700721
B2A,d3154830df.jpg,0.7351086109193139,0.42451176
B2A,d31a8ff3a5.jpg,0.6716552200660586,0.4541709
B2A,d32205861f.jpg,0.7276974593601504,0.48026672
B2A,d3269848d4.jpg,0.7796477418923727,0.38455975
B2A,d3284f750d.jpg,0.6710193228107652,0.36773872
B2A,d32eb0c36c.jpg,0.7628681069424232,0.41884968
B2A,d32ed2129f.jpg,0.8093588770823765,0.31810415
B2A,d33072a436.jpg,0.7183431489704175,0.42158526
B2A,d336c14238.jpg,0.8484075488282864,0.2678932
B2A,d3394edae8.jpg,0.8037872673296638,0.36813405
B2A,d33f9a1542.jpg,0.7089455504822051,0.33304518
B2A,d35ae2cbae.jpg,0.6751794858613757,0.6099927
B2A,d35bc5d14a.jpg,0.8364395481521297,0.5081459
B2A,d3650f6c75.jpg,0.7882494814985143,0.37514085
B2A,d3703e6c9e.jpg,0.8509528329157722,0.31042004
B2A,d37045ad87.jpg,0.6542512400224895,0.45944172
B2A,d37e5269d1.jpg,0.8983615197407222,0.29116648
B2A,d38aea73cd.jpg,0.7754331189436289,0.41838214
B2A,d38b20fe5c.jpg,0.6211204742266073,0.57900935
B2A,d3930d44de.jpg,0.5804377759212719,0.5791089
B2A,d3957c616c.jpg,0.6606667462342546,0.460658
B2A,d39869db76.jpg,0.8090668592330866,0.35436788
B2A,d3a25f9804.jpg,0.6021290898529724,0.45310616
B2A,d3aab5add0.jpg,0.7593811634727874,0.39910182
B2A,d3b6567912.jpg,0.6766397490392326,0.57657886
B2A,d3c463dd3b.jpg,0.7930200730863082,0.41318586
B2A,d3c57387ec.jpg,0.5081865090263784,0.49183652
B2A,d3f0e309e0.jpg,0.8490607437566284,0.3110076
B2A,d3f0f026a8.jpg,0.6077380607506169,0.51245666
B2A,d3f2a0bb2c.jpg,0.6502720353951755,0.41478154
B2A,d3f454681f.jpg,0.7515550600651667,0.3807407
B2A,d3f696828f.jpg,0.8065720738188054,0.38766286
B2A,d3ff9bca9e.jpg,0.5757477484903408,0.38423336
B2A,d415017bc2.jpg,0.7268306200508443,0.4439061
B2A,d418ba98f8.jpg,0.7673941020886983,0.50747377
B2A,d41cc915ff.jpg,0.8853591213246353,0.33435518
B2A,d42372229a.jpg,0.652289977399759,0.50311023
B2A,d42f03cd81.jpg,0.8026782701146304,0.3652171
B2A,d42f6d7652.jpg,0.8113538897172313,0.37856886
B2A,d4471a4a4e.jpg,0.6840050559473169,0.5517395
B2A,d44857998f.jpg,0.7733664989799144,0.48396957
B2A,d4689bd3d9.jpg,0.8671744674173941,0.30004042
B2A,d47b4da779.jpg,0.8418872280707302,0.3497258
B2A,d4844e2dad.jpg,0.6409142648275976,0.5041376
B2A,d48a2d6bfd.jpg,0.7244093645025399,0.37073728
B2A,d48b8bf03a.jpg,0.7196744027438089,0.54655427
B2A,d492ae08d5.jpg,0.6872270660024178,0.68466055
B2A,d498591082.jpg,0.6598585967001446,0.47197366
B2A,d4a71919e4.jpg,0.7373476222924096,0.6407993
B2A,d4bb813fdc.jpg,0.6738801185164727,0.4415897
B2A,d4c215c09e.jpg,0.8230170381981875,0.34575868
B2A,d4c2eb38da.jpg,0.5788298164648855,0.5853277
B2A,d4cbd9c9b0.jpg,0.8182446193636683,0.61005646
B2A,d4cdb47bdf.jpg,0.7104525628014197,0.36754972
B2A,d4ce5e251f.jpg,0.8117689320742674,0.2893768
B2A,d4d578acf5.jpg,0.44662860896336065,0.41816145
B2A,d4dbddb77b.jpg,0.6791390384585047,0.4196816
B2A,d4de7602c5.jpg,0.8775355263616449,0.31342128
B2A,d4dee83e40.jpg,0.6962668193553745,0.4436135
B2A,d4e9f0b0ce.jpg,0.6835706742008859,0.3111118
B2A,d4f60f4701.jpg,0.6875103293107289,0.5698212
B2A,d4f9dfa248.jpg,0.7642431879366697,0.34693244
B2A,d509c85ae9.jpg,0.7787489963085475,0.33699274
B2A,d5111e3439.jpg,0.7832498039685366,0.35045904
B2A,d52dea5485.jpg,0.7294646088824606,0.36346105
B2A,d532d31ce9.jpg,0.7556357537080696,0.3684902
B2A,d53b1a61cc.jpg,0.7838550715627488,0.37733087
B2A,d53c1a6896.jpg,0.8174814821133871,0.5061676
B2A,d53c658d5d.jpg,0.7921698493117267,0.3135639
B2A,d549b4831b.jpg,0.7669840940148475,0.4310006
B2A,d5568c935b.jpg,0.7282841446506989,0.31403258
B2A,d565375662.jpg,0.6232439655199802,0.37474293
B2A,d5672156cb.jpg,0.7116920172758076,0.3788705
B2A,d5687d4334.jpg,0.4807935186595145,0.7077448
B2A,d573bdf312.jpg,0.843199651596417,0.36657092
B2A,d587e73d3c.jpg,0.4698863165786809,0.38464826
B2A,d58ae30774.jpg,0.7506229973113678,0.34199277
B2A,d59e1972e6.jpg,0.6307483966055034,0.40673387
B2A,d5a509f069.jpg,0.5111880289524249,0.56687206
B2A,d5a787ca7f.jpg,0.8907362832336198,0.28552467
B2A,d5bdd46e8e.jpg,0.6733078114485165,0.35292965
B2A,d5c5f591ab.jpg,0.713907938553048,0.5541707
B2A,d5c7781f64.jpg,0.7827352025852855,0.33045053
B2A,d5d2fad470.jpg,0.7814231180644081,0.37582767
B2A,d5d5790444.jpg,0.6875345788275178,0.3684128
B2A,d5d6b091be.jpg,0.8285654534685802,0.51088107
B2A,d5df90dea4.jpg,0.8214177250368984,0.37281644
B2A,d5f266c340.jpg,0.6351061044992904,0.6599031
B2A,d5f3633c07.jpg,0.8314963038635166,0.43908316
B2A,d5fa8c4e07.jpg,0.7436888050007148,0.44559026
B2A,d5fd16b1ae.jpg,0.7748568349838161,0.49576834
B2A,d604fa140f.jpg,0.6706628315586668,0.6098566
B2A,d6086a2b97.jpg,0.8473506174191983,0.33868346
B2A,d615a2ad47.jpg,0.7500094220002322,0.35622135
B2A,d62a9671f5.jpg,0.7179332554145736,0.2967899
B2A,d62e9d07dd.jpg,0.7819479546035984,0.54910254
B2A,d62eeaccb0.jpg,0.8400904118491878,0.43767366
B2A,d63d194a4d.jpg,0.5333404338473922,0.6948407
B2A,d64608c4e4.jpg,0.5678767440571943,0.49391395
B2A,d6485b0368.jpg,0.6942813196851354,0.35417715
B2A,d665568cdf.jpg,0.7740204611963508,0.52019465
B2A,d6711262bf.jpg,0.7790146835963367,0.32468295
B2A,d696cf4eaf.jpg,0.7373820379021061,0.46696132
B2A,d6970035e5.jpg,0.6220838441377917,0.2949576
B2A,d6a2175011.jpg,0.6688716604063737,0.458542
B2A,d6a72784ba.jpg,0.7377134666903383,0.51271665
B2A,d6ae4d6c30.jpg,0.6533817590207477,0.55972594
B2A,d6b0733797.jpg,0.8282549804944965,0.41947687
B2A,d6c5343b4f.jpg,0.8785723167039399,0.4149081
B2A,d6d5bf2fc2.jpg,0.7259714666442486,0.45650885
B2A,d6d97e039e.jpg,0.5950909221547215,0.5608112
B2A,d6da10b7f5.jpg,0.7823620691933224,0.39162934
B2A,d6dcf25188.jpg,0.7645323915331464,0.31916645
B2A,d6e30ab5d6.jpg,0.7831354559712271,0.33730662
B2A,d6ec137527.jpg,0.6890324454263554,0.3625682
B2A,d6ffd07557.jpg,0.5742173028078259,0.46628666
B2A,d710d55142.jpg,0.7380059467926648,0.35686252
B2A,d711d39160.jpg,0.6725340520202658,0.4339922
B2A,d725fc1f6c.jpg,0.7584486742706597,0.40277386
B2A,d735b2e3ba.jpg,0.6278692179650844,0.48411933
B2A,d73677d70a.jpg,0.6949381125281091,0.5270457
B2A,d74102274f.jpg,0.6570792101281149,0.521157
B2A,d744753df3.jpg,0.7244199119464649,0.39710638
B2A,d750bc223e.jpg,0.8126546387621075,0.36631465
B2A,d768b070fb.jpg,0.6158598732863596,0.5256296
B2A,d76a286580.jpg,0.8845558428940439,0.31607312
B2A,d77588d82a.jpg,0.6585647579413404,0.38088393
B2A,d780fc984e.jpg,0.7240320081986015,0.5141705
B2A,d782a6d8c3.jpg,0.8368075259778699,0.2835927
B2A,d782a9909e.jpg,0.5125458889790603,0.6238643
B2A,d7931ef243.jpg,0.7844035167635098,0.38824475
B2A,d796721fb5.jpg,0.687840626077079,0.3999022
B2A,d7a476f83c.jpg,0.7484832291571037,0.49016732
B2A,d7a5cd28b6.jpg,0.7501021163914154,0.45686197
B2A,d7a7a0f511.jpg,0.7411324640129147,0.46530935
B2A,d7a88b2a80.jpg,0.7988140711334646,0.37648576
B2A,d7aba83758.jpg,0.7443669134145194,0.318722
B2A,d7b0822c4d.jpg,0.6382599483298742,0.37020332
B2A,d7ba967556.jpg,0.8019144985116274,0.4039905
B2A,d7c80f2f1c.jpg,0.6555081889121254,0.44688508
B2A,d7d2dcd8cb.jpg,0.7152358206284388,0.31599927
B2A,d7db542422.jpg,0.7653248779466182,0.48204556
B2A,d7e12eb311.jpg,0.5277415735097359,0.47320926
B2A,d7e1b8775d.jpg,0.8209451978664436,0.4033095
B2A,d7e64f3b75.jpg,0.7095453450971023,0.5074388
B2A,d7e948b103.jpg,0.8891841152314748,0.3682904
B2A,d7f0767146.jpg,0.7059397901146532,0.33570254
B2A,d7f614f501.jpg,0.8295064534520923,0.34691298
B2A,d7f98bd210.jpg,0.5877927104729189,0.43788826
B2A,d7fa7571fb.jpg,0.9032111084511751,0.31622928
B2A,d7faed0983.jpg,0.72282598079111,0.3509644
B2A,d7fe5c1813.jpg,0.7534087710406512,0.46793684
B2A,d8071daab5.jpg,0.7236814726709289,0.3349731
B2A,d80d4c93de.jpg,0.633477482342566,0.51051664
B2A,d8203958e4.jpg,0.7550996424922243,0.35248643
B2A,d828712765.jpg,0.5670310861899657,0.41987717
B2A,d829b461da.jpg,0.7716264891082724,0.2991163
B2A,d8352d8b46.jpg,0.6565761839379414,0.4261156
B2A,d83783faee.jpg,0.8254022445637385,0.37681141
B2A,d83b284745.jpg,0.8120028641872356,0.38689873
B2A,d84246da4d.jpg,0.8500636151836062,0.28692332
B2A,d842c67749.jpg,0.6055150827011754,0.60730666
B2A,d84eb83137.jpg,0.8137931984136204,0.3557025
B2A,d8520bbf71.jpg,0.7628146773445096,0.61044616
B2A,d860d82c66.jpg,0.5922116078857563,0.4033025
B2A,d86bcf2cb1.jpg,0.5884650444057067,0.64864385
B2A,d871a0f7d6.jpg,0.7352706698104878,0.37230796
B2A,d8733f7b37.jpg,0.6582892480517966,0.55511403
B2A,d88df3e4db.jpg,0.6176826196156366,0.42450646
B2A,d896bafc3a.jpg,0.6458189797204427,0.48296207
B2A,d8a5d84b9c.jpg,0.7122822813059128,0.42459574
B2A,d8a82e544c.jpg,0.8294747505321618,0.5053414
B2A,d8b5422831.jpg,0.622556240698124,0.55213773
B2A,d8b89867b7.jpg,0.5734714369120268,0.57204694
B2A,d8e591ee2c.jpg,0.6942559709518612,0.3346047
B2A,d8f841bc79.jpg,0.7304119416928003,0.53781533
B2A,d8fbe8e68c.jpg,0.8362119452739604,0.32211444
B2A,d9081260de.jpg,0.7607615365713097,0.43500364
B2A,d90bdfc690.jpg,0.5654810411682424,0.5766393
B2A,d910783d61.jpg,0.5425713923894052,0.49212286
B2A,d91c1034e5.jpg,0.7553468937190458,0.4637017
B2A,d91c9eba83.jpg,0.8486090308451549,0.5777538
B2A,d9213433cf.jpg,0.78541185476347,0.39804405
B2A,d925ef5aff.jpg,0.5483488859713308,0.58372545
B2A,d926f81b43.jpg,0.6486377470742063,0.39324427
B2A,d939c19419.jpg,0.760751226413067,0.3752704
B2A,d93e5f8eb7.jpg,0.7070601672750942,0.55222034
B2A,d93e6be372.jpg,0.8697169781614547,0.37778968
B2A,d94541fa5b.jpg,0.8468087885103454,0.3480703
B2A,d94766bf33.jpg,0.619490310849687,0.5609416
B2A,d9543c27a3.jpg,0.5666883701388995,0.3549323
B2A,d9553c2962.jpg,0.8108476419135899,0.35778478
B2A,d95ef93115.jpg,0.8334493360733097,0.3567991
B2A,d961320e9a.jpg,0.7529031080302239,0.4181704
B2A,d9625e6971.jpg,0.7170083048224093,0.39000168
B2A,d9673840a1.jpg,0.5653884200283882,0.60787696
B2A,d96e82c6f6.jpg,0.6606082404466324,0.42161757
B2A,d971072ac0.jpg,0.6012039530617245,0.37586626
B2A,d97bbd8692.jpg,0.63728056951624,0.4670502
B2A,d97f10bdd5.jpg,0.6920473453388456,0.41382673
B2A,d993fbb271.jpg,0.6758515706182554,0.36068755
B2A,d997322544.jpg,0.7637349485127413,0.3468537
B2A,d99ae9a1ca.jpg,0.6700747757590373,0.5366869
B2A,d9a87c0d5d.jpg,0.7348872322134208,0.44935322
B2A,d9bbbafa03.jpg,0.7955430419388774,0.40889508
B2A,d9c29a7cbf.jpg,0.6445848678503109,0.38341847
B2A,d9c5c047d2.jpg,0.7902953732360511,0.28814322
B2A,d9c9f0392c.jpg,0.8066623195454925,0.43183744
B2A,d9cbda5356.jpg,0.705432436531564,0.32211366
B2A,d9da605ace.jpg,0.6563222616043685,0.50870705
B2A,d9e227f734.jpg,0.8114992719447254,0.4097569
B2A,d9e879879a.jpg,0.6387337490465715,0.49101034
B2A,da02be50b3.jpg,0.645761042334093,0.33372128
B2A,da0471dd85.jpg,0.6544959154605889,0.7163235
B2A,da10c654ce.jpg,0.8300707721263996,0.3519364
B2A,da2691d719.jpg,0.8488489404630235,0.4309541
B2A,da28b99645.jpg,0.7239391590392239,0.3187053
B2A,da342ea116.jpg,0.857219048407654,0.31688723
B2A,da392927b1.jpg,0.8203122889612342,0.3410493
B2A,da3b4dd28e.jpg,0.5928642900261506,0.5920216
B2A,da3bac3250.jpg,0.6433855108150994,0.39175215
B2A,da53718103.jpg,0.7346779379710373,0.5189104
B2A,da6c915502.jpg,0.863618551113518,0.30066168
B2A,da6d4d9ea2.jpg,0.6850787518004519,0.37676996
B2A,da86565952.jpg,0.49006044369704693,0.5847328
B2A,da920bf4bc.jpg,0.6599551304984894,0.42482334
B2A,daa4352f54.jpg,0.6394012536778823,0.59638727
B2A,daa8fa4579.jpg,0.7578356789000403,0.37541676
B2A,dabaad16e8.jpg,0.458777879583007,0.5883821
B2A,dabaf0f8aa.jpg,0.7602134569111859,0.37517035
B2A,dabcf502f4.jpg,0.5769894631619737,0.63896406
B2A,dac8b251fd.jpg,0.7858544874904789,0.34429398
B2A,dae46a168b.jpg,0.8423943012857267,0.2871479
B2A,dae9ee7a11.jpg,0.5772686456945267,0.53249454
B2A,daee416ffe.jpg,0.842389000450476,0.41724402
B2A,daf0f4bdc1.jpg,0.7820735306012466,0.4015115
B2A,dafda5c17a.jpg,0.5616216107351379,0.5384458
B2A,db00979196.jpg,0.7242940617117701,0.3252419
B2A,db052e5241.jpg,0.847583185803019,0.40879926
B2A,db0d9fdaec.jpg,0.5774269361948136,0.38879907
B2A,db0ecb48c4.jpg,0.7868456304419816,0.42966506
B2A,db14eba4e1.jpg,0.647788788309625,0.4548471
B2A,db18f28537.jpg,0.7246521547118467,0.37897468
B2A,db1f18b059.jpg,0.7827908855115215,0.3350127
B2A,db2b40dd94.jpg,0.7207346735980459,0.44133398
B2A,db2e0f3cdf.jpg,0.7517886926276862,0.4571905
B2A,db4fd99e56.jpg,0.7762412555947862,0.4704975
B2A,db58221d78.jpg,0.8129983850283559,0.38880432
B2A,db59f96bfc.jpg,0.8054364311524218,0.3974164
B2A,db70823e2b.jpg,0.7494972528090651,0.4487961
B2A,db7fd38aa5.jpg,0.573977264397702,0.38013613
B2A,db86c73152.jpg,0.8038512624628229,0.3791323
B2A,db9cfcd293.jpg,0.7376599928823745,0.42030102
B2A,dba404b1bd.jpg,0.3778248414825501,0.45565695
B2A,dbba4e41d0.jpg,0.7343773080549995,0.44455677
B2A,dbbe9bbb8e.jpg,0.7914449546722566,0.28750113
B2A,dbbed3a8c7.jpg,0.7565328549203046,0.49282163
B2A,dbbfe0e846.jpg,0.735196723947603,0.4116869
B2A,dbc0d26415.jpg,0.7419181820715207,0.39338708
B2A,dbc5daad12.jpg,0.7230042318402815,0.5497964
B2A,dbd3bf1236.jpg,0.831071936950999,0.4111869
B2A,dbef8e6c0a.jpg,0.767911237309855,0.398853
B2A,dbf9e7be99.jpg,0.8097437135511272,0.49277842
B2A,dc0f97a1aa.jpg,0.6735506620540955,0.37949625
B2A,dc121d7f9b.jpg,0.7632418264123747,0.538213
B2A,dc258c8a0b.jpg,0.7395174308270935,0.33205077
B2A,dc26513fe8.jpg,0.7069330221375552,0.3770104
B2A,dc2abc2e66.jpg,0.8578088096042301,0.40356025
B2A,dc307002d2.jpg,0.6106039983332788,0.53751314
B2A,dc549bebc4.jpg,0.7294861052973505,0.39692724
B2A,dc5829408f.jpg,0.7917427467219241,0.5415316
B2A,dc5f1c23a0.jpg,0.8205456123722454,0.29812115
B2A,dc629cae14.jpg,0.6783748930852799,0.40558597
B2A,dc631c9b2a.jpg,0.8710441701025956,0.31719357
B2A,dc74902b39.jpg,0.682468617440208,0.5088197
B2A,dc8a5d64eb.jpg,0.657690924352926,0.39101753
B2A,dc8b552cc5.jpg,0.8391184978467743,0.3850878
B2A,dc938fd3f7.jpg,0.7151731165671399,0.43306592
B2A,dc98f07caf.jpg,0.7694458400972725,0.35688204
B2A,dc9943d9eb.jpg,0.5630003520576686,0.6013037
B2A,dc9d581332.jpg,0.6339329746944701,0.4645278
B2A,dca4c17096.jpg,0.7008038954732559,0.3281315
B2A,dcbdd75640.jpg,0.7672366896253123,0.33513913
B2A,dcca4f8bb6.jpg,0.8271831187312678,0.2513159
B2A,dccb6e42ee.jpg,0.7186075421190834,0.4770032
B2A,dce963b80b.jpg,0.7107053746218311,0.6204194
B2A,dcf4c2cbb1.jpg,0.6022176108722403,0.42182052
B2A,dcfa634264.jpg,0.716063452762095,0.34731606
B2A,dd036adfe5.jpg,0.7724051736271375,0.4541774
B2A,dd232bb32f.jpg,0.5971629052578076,0.38189042
B2A,dd26e604b1.jpg,0.5972604390399702,0.48047772
B2A,dd2a4f5af6.jpg,0.7776781904681276,0.2863992
B2A,dd59da4b8e.jpg,0.7750897495997682,0.4125635
B2A,dd6a426ccb.jpg,0.7815026930224734,0.34996277
B2A,dd80a0ae1c.jpg,0.8865488041463477,0.36442035
B2A,dd8cf7b53e.jpg,0.6867911348921437,0.39814144
B2A,dd98d8bda5.jpg,0.7828622203196509,0.30568847
B2A,dda084c63b.jpg,0.6651054883845279,0.5567214
B2A,ddb1124c29.jpg,0.8591265025800702,0.32408422
B2A,ddb17e566c.jpg,0.7158452036994459,0.45932543
B2A,ddb386ce3e.jpg,0.766084267308164,0.45038784
B2A,ddb8baf94a.jpg,0.7363948007899892,0.48626202
B2A,ddc08a0803.jpg,0.8657049136377696,0.3447172
B2A,ddc5ea8270.jpg,0.7644280637466656,0.4209273
B2A,ddd674f433.jpg,0.6408503887301096,0.39958513
B2A,dde4567678.jpg,0.7926072588186801,0.34751326
B2A,de010cbbc2.jpg,0.7689863823665177,0.49779716
B2A,de059c7bbf.jpg,0.8167780124206804,0.3051295
B2A,de05b6bb2f.jpg,0.7481917348442216,0.35428166
B2A,de10876989.jpg,0.7157461228420678,0.38877684
B2A,de241d55fc.jpg,0.9385391269439536,0.32411277
B2A,de2f9d1599.jpg,0.7384092051290018,0.3330591
B2A,de31a67502.jpg,0.7061378119788455,0.48520905
B2A,de34c78357.jpg,0.6509554873914,0.46156716
B2A,de37e2ad60.jpg,0.8205917106739666,0.3902992
B2A,de457df144.jpg,0.8688649952827139,0.39498046
B2A,de4f73e2e6.jpg,0.5832093486698001,0.5177725
B2A,de59f8afb3.jpg,0.6937532971921866,0.5071746
B2A,de6510a7ab.jpg,0.8368325105914616,0.30127788
B2A,de6bf0cb04.jpg,0.7835844176947464,0.47196677
B2A,de7ed78f5a.jpg,0.6343970576731275,0.52114344
B2A,de86577a5b.jpg,0.6237845632377677,0.25244004
B2A,de86feb03d.jpg,0.5764595960941837,0.35720542
B2A,dea009ab5b.jpg,0.8298038945528191,0.3637815
B2A,dea330a02f.jpg,0.8133926648038401,0.41139436
B2A,deafff753c.jpg,0.7239915985506054,0.50328743
B2A,deb67f6b0e.jpg,0.7446315799424031,0.42742217
B2A,debf11d04c.jpg,0.8287201250992186,0.3977698
B2A,dec3ab2321.jpg,0.779228083477288,0.3978932
B2A,ded7482c2c.jpg,0.7820230263722343,0.33557162
B2A,ded8ffa3ca.jpg,0.6815755578953192,0.3199545
B2A,def0cd31b2.jpg,0.648162967860772,0.63394034
B2A,def8bd92f4.jpg,0.6413033508598603,0.616309
B2A,df017c0778.jpg,0.7585542708163161,0.42039585
B2A,df04d84ca9.jpg,0.7136266387134247,0.4192164
B2A,df1b2ded30.jpg,0.7252572286134015,0.45997742
B2A,df21dd363b.jpg,0.8710051407170041,0.38141072
B2A,df26cc01aa.jpg,0.7405105863512313,0.3727947
B2A,df2c0d53a4.jpg,0.6190620047180773,0.5830213
B2A,df2eddf8b4.jpg,0.7667155814611062,0.3079403
B2A,df34b6c0e8.jpg,0.7070064302212353,0.40633142
B2A,df3688f698.jpg,0.726738209964989,0.4856183
B2A,df36a9efd4.jpg,0.5535378770571774,0.5914764
B2A,df4975e8bf.jpg,0.8007855973843125,0.32753938
B2A,df571c611d.jpg,0.6638577106807423,0.43041256
B2A,df65517316.jpg,0.5202277192673037,0.5067603
B2A,df717b23e2.jpg,0.6053901582103789,0.4174453
B2A,df71b50ac1.jpg,0.7192908846637623,0.35682082
B2A,df7438a2d8.jpg,0.6812917941111798,0.43734747
B2A,df75caef2e.jpg,0.8085143306129926,0.30079257
B2A,df7ada692b.jpg,0.737038256485253,0.4391523
B2A,df895d4f4f.jpg,0.8324178341617412,0.39775229
B2A,dfa6cb635d.jpg,0.6731088055799958,0.42083815
B2A,dfb9e202de.jpg,0.7391464336456662,0.54674315
B2A,dfbd52ecf5.jpg,0.7336326158229992,0.45528668
B2A,dfcd9af740.jpg,0.8532316589610784,0.41867638
B2A,dfd3b1a8bf.jpg,0.762232832109534,0.6443569
B2A,dfdb05692f.jpg,0.8144887071118673,0.34701747
B2A,dfdf679899.jpg,0.8233657935431037,0.3886302
B2A,dfe59079af.jpg,0.7049224484763524,0.35931045
B2A,dfedfba018.jpg,0.712280229744978,0.34800023
B2A,dfee298b96.jpg,0.6034707786081387,0.6614727
B2A,dff450dda1.jpg,0.8667984943895987,0.3905454
B2A,dff66a7d64.jpg,0.6683525235315753,0.6517102
B2A,dff763c552.jpg,0.6913496744272987,0.55634236
B2A,e00bba74a2.jpg,0.6717880749479418,0.44114143
B2A,e01fe394d8.jpg,0.8437248976373294,0.43378657
B2A,e0216cf2a8.jpg,0.6547100663431578,0.59603435
B2A,e0316f1950.jpg,0.6420248237854302,0.5748247
B2A,e0328c7d7c.jpg,0.7195782247253669,0.42811444
B2A,e038af63fe.jpg,0.7806394946224022,0.39719358
B2A,e039712ade.jpg,0.7716697024750212,0.35990074
B2A,e03b2a6164.jpg,0.5888450841019363,0.31105834
B2A,e04291a057.jpg,0.7827149644235545,0.4092058
B2A,e048cbd49e.jpg,0.8231671127387733,0.35606575
B2A,e050f1a2a9.jpg,0.7354360191697568,0.47461098
B2A,e05899ed06.jpg,0.6030769027405799,0.42105967
B2A,e05c7f85ef.jpg,0.8254221841341369,0.34182888
B2A,e068415db1.jpg,0.6339150340587766,0.44119313
B2A,e068928755.jpg,0.8096009112781112,0.3605427
B2A,e071db584c.jpg,0.8248165412977394,0.32082918
B2A,e0839b3c2e.jpg,0.6389397227841653,0.39818782
B2A,e08fc2d70e.jpg,0.8040896499733939,0.518471
B2A,e091476985.jpg,0.7973038865974659,0.27700603
B2A,e09576695b.jpg,0.8611691435160714,0.46720892
B2A,e0a9fecd26.jpg,0.6544203980194628,0.40531743
B2A,e0b1a4f104.jpg,0.6729171770373692,0.42720866
B2A,e0b6abfd6d.jpg,0.7054526723985796,0.38551885
B2A,e0c949a987.jpg,0.809970003425758,0.3831917
B2A,e0cfa9d464.jpg,0.647527579729521,0.37624887
B2A,e0d48fc860.jpg,0.8116503080523038,0.41269076
B2A,e0d7f40a24.jpg,0.6380697927959672,0.556232
B2A,e0d9fadae6.jpg,0.7244780019614331,0.29612422
B2A,e0db07d90e.jpg,0.6583220363084693,0.5398566
B2A,e0e0bd66eb.jpg,0.5626119582938752,0.34358984
B2A,e0edc2d1ff.jpg,0.7773995326778701,0.42405564
B2A,e0f0dc2983.jpg,0.6169828113720385,0.49106038
B2A,e0f7f0bb22.jpg,0.5986729360857536,0.34479612
B2A,e0fce775af.jpg,0.6571754767090354,0.41630596
B2A,e0ffb419d8.jpg,0.53375560048414,0.47837165
B2A,e103e37ef6.jpg,0.6079786502086065,0.45846367
B2A,e10f4e0249.jpg,0.9339008920108385,0.24744962
B2A,e1107c721b.jpg,0.6768079316376628,0.66823286
B2A,e12532498c.jpg,0.7149432970008385,0.46768498
B2A,e13f5e00b9.jpg,0.834447460674333,0.34931734
B2A,e1421bcb6d.jpg,0.6774049654943407,0.637608
B2A,e14520fb9c.jpg,0.6977685504126773,0.54618776
B2A,e154b39c0c.jpg,0.6556116643666224,0.43005037
B2A,e158554d68.jpg,0.6000313935768302,0.7553412
B2A,e15ebb6b26.jpg,0.5543331751727365,0.5275494
B2A,e180ce65fe.jpg,0.7921210548400999,0.5027166
B2A,e18c605daf.jpg,0.8189683285771127,0.34763956
B2A,e191e362cc.jpg,0.8272168231200011,0.32363454
B2A,e195754758.jpg,0.657005173769711,0.41245311
B2A,e1b8768630.jpg,0.4323904187597171,0.41478306
B2A,e1e42d1e1d.jpg,0.8005120995091637,0.39472526
B2A,e1e7add957.jpg,0.828407020862255,0.2523014
B2A,e1f01aed34.jpg,0.7585425788577911,0.29514733
B2A,e1f044dff1.jpg,0.5300371340925787,0.5864676
B2A,e2050f818f.jpg,0.7516080899752052,0.43333843
B2A,e20e016680.jpg,0.6508696874616399,0.53925747
B2A,e20f79f596.jpg,0.7355599097387489,0.5252738
B2A,e218d1a1ea.jpg,0.6688243232099149,0.39942858
B2A,e219f69873.jpg,0.8366685072851924,0.31634855
B2A,e22fbe22ff.jpg,0.6387429334508644,0.46275032
B2A,e239290d7a.jpg,0.8126028385133409,0.43578002
B2A,e23da13385.jpg,0.69661897542734,0.53761363
B2A,e23dd4b66b.jpg,0.820099774768874,0.35114887
B2A,e24d11659e.jpg,0.8044401484809156,0.32028773
B2A,e25a309e7f.jpg,0.7399585905134151,0.50732684
B2A,e262ebdb71.jpg,0.7585416061402667,0.3473222
B2A,e26f08910a.jpg,0.8196243794882698,0.31325394
B2A,e276cfea71.jpg,0.7405659916901142,0.35488454
B2A,e278a31c95.jpg,0.7899331030815393,0.39099348
B2A,e2816c6358.jpg,0.6934851037699713,0.43063208
B2A,e2921fb3bc.jpg,0.7697756669872315,0.40012112
B2A,e29891901c.jpg,0.8203385121766961,0.3611182
B2A,e29923569e.jpg,0.7989357564026324,0.32516336
B2A,e2be127e28.jpg,0.5585093796418655,0.44060147
B2A,e2cc5d0740.jpg,0.7266827832066879,0.3960135
B2A,e2dd4bdeef.jpg,0.7839649938535892,0.4781968
B2A,e2e1192489.jpg,0.5612179764236648,0.54279566
B2A,e2e85f68e0.jpg,0.8405324725689509,0.4119691
B2A,e2ebe675f8.jpg,0.8980756003744599,0.35994947
B2A,e2ec96f0b4.jpg,0.7856571251195075,0.4088651
B2A,e2f37052c1.jpg,0.6198502181410971,0.48637766
B2A,e3148aa017.jpg,0.8656669022076223,0.3277603
B2A,e31668e912.jpg,0.763106886445147,0.46004373
B2A,e33556dc35.jpg,0.6109881527249358,0.7086386
B2A,e33bb81f2b.jpg,0.6798242485109212,0.36701578
B2A,e34010decc.jpg,0.6837810978234652,0.40031576
B2A,e340c22dc4.jpg,0.7752861325100341,0.3921045
B2A,e344e433cc.jpg,0.8356368619586646,0.4489944
B2A,e347492218.jpg,0.7516160750690208,0.55518985
B2A,e3477e1ec7.jpg,0.834921723305254,0.40026397
B2A,e34ae8c169.jpg,0.812355305571611,0.4394149
B2A,e3557bd3e7.jpg,0.7657246554559654,0.431764
B2A,e3618e9a11.jpg,0.779804531362566,0.39269736
B2A,e365dae98b.jpg,0.44555995240748025,0.6046619
B2A,e37b3a49d9.jpg,0.5343018991614157,0.49484047
B2A,e37e071314.jpg,0.728777819041747,0.4438544
B2A,e38186a614.jpg,0.6498154669552598,0.3193743
B2A,e388432c26.jpg,0.597205597054241,0.5821792
B2A,e39562f090.jpg,0.747915757232579,0.47111082
B2A,e3997e52e9.jpg,0.7452594129389366,0.44811603
B2A,e3cb3ad674.jpg,0.794047802902343,0.36806744
B2A,e3cea056cc.jpg,0.6774084584566177,0.4266411
B2A,e3ceb5d67a.jpg,0.6972080207341049,0.5691015
B2A,e3e6ca612f.jpg,0.8292861419150832,0.301313
B2A,e3e87b3f1e.jpg,0.8165102229254775,0.34462345
B2A,e3f1be931a.jpg,0.7026296708257975,0.3476896
B2A,e3f34cdbfc.jpg,0.8187512985799481,0.44338965
B2A,e3fae55083.jpg,0.6776974745309082,0.46854323
B2A,e3fe190c35.jpg,0.8625515254674336,0.38493744
B2A,e4005ebfe6.jpg,0.7192020163278984,0.5317277
B2A,e40a02297a.jpg,0.8069370294786242,0.32024014
B2A,e40ba425ad.jpg,0.8339739606594553,0.34481737
B2A,e40ea38065.jpg,0.7755803879021286,0.41536927
B2A,e41de69603.jpg,0.7648108367387588,0.40569136
B2A,e428d47850.jpg,0.7140452533884473,0.4841937
B2A,e43625382b.jpg,0.8046182329648496,0.3210556
B2A,e43cfeffd7.jpg,0.7983980781926396,0.5058725
B2A,e452266e47.jpg,0.6493054273038764,0.33499262
B2A,e46722db3b.jpg,0.8923404590163049,0.39484227
B2A,e474730931.jpg,0.8146161064810972,0.3089322
B2A,e484852720.jpg,0.7381590321289877,0.41004312
B2A,e4a7646e26.jpg,0.6081365860952914,0.42508158
B2A,e4b6e49888.jpg,0.7687032527778234,0.26582432
B2A,e4baa84c9e.jpg,0.8079762148160888,0.48709354
B2A,e4c2f8062a.jpg,0.5859397947435324,0.62872756
B2A,e4c47323cb.jpg,0.7322489710750192,0.41495508
B2A,e4db596478.jpg,0.7829398567656398,0.29491854
B2A,e4df61af49.jpg,0.702068589007726,0.40076765
B2A,e4e7fd51dd.jpg,0.6096997742009668,0.3796721
B2A,e4ec14322d.jpg,0.5786155962004709,0.44858015
B2A,e4edaddcef.jpg,0.5095380120727883,0.62573314
B2A,e4f21cb9f8.jpg,0.7756044208388659,0.36103606
B2A,e4f5f401e0.jpg,0.8074126464840348,0.4061063
B2A,e50dc96e2b.jpg,0.7319676416679417,0.32261235
B2A,e517b6f313.jpg,0.7418497893461723,0.38695762
B2A,e5247c9272.jpg,0.732392007445881,0.39644206
B2A,e52816eec3.jpg,0.6299712795736514,0.7300733
B2A,e52b0badda.jpg,0.6925254091939247,0.38276002
B2A,e53184b315.jpg,0.78214873204694,0.45041043
B2A,e536a8e4d0.jpg,0.590714315935239,0.48512173
B2A,e53aaa0782.jpg,0.8436539120183548,0.36766797
B2A,e53aaac02c.jpg,0.5790549894236587,0.65297556
B2A,e53b41415d.jpg,0.7120521101135989,0.35228798
B2A,e545b38111.jpg,0.7721275458700841,0.4534634
B2A,e54604f159.jpg,0.7690610540598024,0.34800604
B2A,e552c9356b.jpg,0.6624689575062159,0.4389019
B2A,e55aa6a075.jpg,0.6222929775975595,0.4016772
B2A,e569d449aa.jpg,0.7922293664776823,0.36480176
B2A,e56a3b131d.jpg,0.7944934597539492,0.29544407
B2A,e56e3bcfee.jpg,0.7293059796591665,0.37804773
B2A,e576d76af6.jpg,0.8420795358032439,0.3617477
B2A,e58dcaf848.jpg,0.6881136652417116,0.5560356
B2A,e58e1d7d58.jpg,0.8739403620878309,0.37579736
B2A,e58ef68e3f.jpg,0.7260367172980627,0.311421
B2A,e59a45567d.jpg,0.6918247444093236,0.40463102
B2A,e5ae2eab59.jpg,0.8824317648136496,0.34337056
B2A,e5b0f574bf.jpg,0.6865427720287812,0.31342885
B2A,e5c7397b2d.jpg,0.70055061838894,0.432135
B2A,e5c842ca6e.jpg,0.8453995644416608,0.3315925
B2A,e5cb078996.jpg,0.7652438181530772,0.4941744
B2A,e5cb608eae.jpg,0.6020365869083328,0.41249534
B2A,e5cbe055f9.jpg,0.6630015327844533,0.40115088
B2A,e5cd922fa9.jpg,0.7679252693844075,0.46369243
B2A,e5d38a2047.jpg,0.7594809765684574,0.36817962
B2A,e5e1d837f1.jpg,0.864581307369544,0.3883364
B2A,e5ffaac462.jpg,0.8008492319665346,0.3536891
B2A,e614135f7d.jpg,0.6925374809581515,0.36293593
B2A,e629d7f736.jpg,0.6315232194321372,0.678771
B2A,e63a00fc4f.jpg,0.808467648614638,0.49187416
B2A,e643c9bdbe.jpg,0.619339744209335,0.42346862
B2A,e6636be041.jpg,0.6315560848422315,0.6233412
B2A,e67341c640.jpg,0.7765596463033432,0.36370623
B2A,e67601a231.jpg,0.7322239999757524,0.44856554
B2A,e6779d7ed5.jpg,0.57933909855313,0.6997489
B2A,e67cc523e0.jpg,0.8358061683693574,0.37034822
B2A,e67e86bdb9.jpg,0.7318997382127871,0.27608925
B2A,e6836aa6da.jpg,0.7716983124120926,0.40093437
B2A,e686121a13.jpg,0.7931643501360846,0.42230082
B2A,e693f37abc.jpg,0.7660661955927209,0.5838366
B2A,e69c2d5a6d.jpg,0.7769999412138556,0.30921754
B2A,e69eb967c0.jpg,0.7358621998271988,0.4386018
B2A,e6a325d8fb.jpg,0.7377498790423723,0.4590622
B2A,e6a609cf76.jpg,0.8517534170531362,0.47186923
B2A,e6ad3eec60.jpg,0.6925178669318567,0.5345008
B2A,e6ba8f2334.jpg,0.7270811600251682,0.4108069
B2A,e6c25786d7.jpg,0.7323440184534766,0.45861202
B2A,e6cc103915.jpg,0.6499258944693553,0.36511725
B2A,e6d2f68fcf.jpg,0.7211084982564783,0.4159878
B2A,e6dc2ff40c.jpg,0.7381168183219208,0.3506371
B2A,e6e3f15b73.jpg,0.7421364015566115,0.3868851
B2A,e6e6959173.jpg,0.6138255472734668,0.62603945
B2A,e6ea2d4d47.jpg,0.7295932148085157,0.34699792
B2A,e6f8a63c9c.jpg,0.7426455551016256,0.46333915
B2A,e707bf37b1.jpg,0.5708493526231295,0.50915855
B2A,e710d6eaa6.jpg,0.8170072782003841,0.4803015
B2A,e714c3661f.jpg,0.7574775239555251,0.3860954
B2A,e715464acb.jpg,0.6335075042016316,0.3722824
B2A,e738568be6.jpg,0.8207653908078404,0.317872
B2A,e73a598e28.jpg,0.6942627748732428,0.38603598
B2A,e73db0029b.jpg,0.707285503706005,0.4829808
B2A,e744db3cd3.jpg,0.733878673507411,0.54442024
B2A,e74a97ae14.jpg,0.7454260198127306,0.3753674
B2A,e764b3f35a.jpg,0.8275271243820542,0.4266474
B2A,e790229789.jpg,0.6984074085567994,0.46358055
B2A,e79618c3c9.jpg,0.6659699728757662,0.62265366
B2A,e7a2c2dfd5.jpg,0.653280163557439,0.37957877
B2A,e7b73c75cb.jpg,0.5621055243241013,0.41246694
B2A,e7c3ac222b.jpg,0.6417601384659978,0.37850735
B2A,e7c99420a8.jpg,0.8254953690882335,0.41220888
B2A,e7cd8551d8.jpg,0.8811730822274997,0.34353977
B2A,e7cdd8fd59.jpg,0.6724713329021222,0.34358335
B2A,e7d445c059.jpg,0.5316715298089857,0.45900396
B2A,e7ddcd88d3.jpg,0.6438563635475317,0.4266182
B2A,e7e77d48b0.jpg,0.7288930195136116,0.4080001
B2A,e7fd336c2e.jpg,0.5696153276348581,0.5576974
B2A,e80855ec86.jpg,0.6198827102069019,0.7039284
B2A,e80a7530ea.jpg,0.4813069615153192,0.5267306
B2A,e80cebe6dd.jpg,0.7479658482750541,0.5690691
B2A,e80f526332.jpg,0.7471316865768821,0.32371274
B2A,e810cbaf55.jpg,0.7800668824545927,0.41075453
B2A,e8234e1e2e.jpg,0.8692291339430479,0.31431374
B2A,e8338afa09.jpg,0.41532967171158885,0.39502797
B2A,e85bba618a.jpg,0.7997658963044716,0.3258059
B2A,e85ed2bc38.jpg,0.7088845124513119,0.44884825
B2A,e8605bf89a.jpg,0.687851383099578,0.582292
B2A,e862b2a488.jpg,0.6632863016456482,0.41038063
B2A,e86d465a2d.jpg,0.8791858590520822,0.29204836
B2A,e8718dba1c.jpg,0.8513590684628886,0.37100527
B2A,e876733707.jpg,0.636266312132806,0.37331086
B2A,e87676e6e2.jpg,0.7418665883357585,0.49671423
B2A,e8789baa19.jpg,0.7571015038940518,0.48859122
B2A,e8882a7f33.jpg,0.7168805801070257,0.3931782
B2A,e89accad47.jpg,0.5686300487438578,0.4061113
B2A,e89b1f65b6.jpg,0.6411210115686292,0.362497
B2A,e89e3ef99f.jpg,0.8057539319101529,0.44316724
B2A,e89f26b785.jpg,0.7870433207169358,0.4149898
B2A,e8a6213a64.jpg,0.5604285344115175,0.53368604
B2A,e8ca770df9.jpg,0.7389758117140569,0.52113926
B2A,e8cede65a7.jpg,0.7801911606851171,0.39280185
B2A,e8dc20c86e.jpg,0.880793738574256,0.41241857
B2A,e8e02ca944.jpg,0.5836356059234401,0.504823
B2A,e8f2542a00.jpg,0.5320082719224399,0.6043296
B2A,e8f8ff2e11.jpg,0.557312050913757,0.4751097
B2A,e91a6a79ca.jpg,0.7698941052759308,0.5118359
B2A,e941a6971b.jpg,0.7592254046453119,0.34309697
B2A,e9425b919e.jpg,0.7061967453212212,0.7320129
B2A,e94ce61928.jpg,0.6575867318336198,0.3331037
B2A,e94fe9ef94.jpg,0.779191136872386,0.35142636
B2A,e9652384d0.jpg,0.7526838209277814,0.32164606
B2A,e96e9bdf9f.jpg,0.8146057235429749,0.4324652
B2A,e975867ee1.jpg,0.7020163604027341,0.39102638
B2A,e97aab1e3a.jpg,0.44986401906827017,0.5730066
B2A,e97f72f75e.jpg,0.8024606639846119,0.307144
B2A,e9896641d2.jpg,0.5823102839018068,0.4779348
B2A,e98c174738.jpg,0.8287546467587964,0.29042512
B2A,e98cd4e13f.jpg,0.8571142845171856,0.3270312
B2A,e98d5c8d85.jpg,0.8187994319560508,0.474933
B2A,e98e9b1620.jpg,0.621618435294313,0.68755
B2A,e991139f4b.jpg,0.6895058946284421,0.46304736
B2A,e9ba0bafc4.jpg,0.6900311294151257,0.4295999
B2A,e9c3e52cf1.jpg,0.7450877462419278,0.38254112
B2A,e9ca026ba3.jpg,0.7000808337373285,0.51549757
B2A,e9cbdee9bd.jpg,0.6885359322308711,0.43347782
B2A,e9d65fa272.jpg,0.5690197985509168,0.5041234
B2A,e9da2fab10.jpg,0.8065068929315649,0.38714015
B2A,e9da44faa6.jpg,0.612609688248758,0.45597342
B2A,e9e303af60.jpg,0.6872368954482954,0.406901
B2A,e9ebdfe8ec.jpg,0.593126071065231,0.45780763
B2A,e9ec0b07bd.jpg,0.7536894787600671,0.36766458
B2A,e9ef067120.jpg,0.5270827697455588,0.6021763
B2A,ea0086b300.jpg,0.803189379714277,0.33908743
B2A,ea2128c1b2.jpg,0.7025171435406259,0.40087438
B2A,ea29af7178.jpg,0.6109742771328074,0.7179546
B2A,ea38729951.jpg,0.6482599581709119,0.46934974
B2A,ea437a682c.jpg,0.6179929698959489,0.4138448
B2A,ea4dc1e88e.jpg,0.7784988512349884,0.502252
B2A,ea4f37e7e5.jpg,0.7694635427310836,0.35018998
B2A,ea58d700d2.jpg,0.7601693976423535,0.3234352
B2A,ea60c54c69.jpg,0.46845636403227303,0.62813455
B2A,ea626ba3a9.jpg,0.731137958840942,0.4119423
B2A,ea656cf2b6.jpg,0.5875516321557989,0.36068428
B2A,ea6917e2db.jpg,0.8017166290749116,0.32726362
B2A,ea867fecaa.jpg,0.6287827692486286,0.5027925
B2A,ea90ff6da4.jpg,0.8286806391834777,0.42927903
B2A,ea942e0882.jpg,0.6209257499152198,0.4148798
B2A,ea965a1eba.jpg,0.6505273665783421,0.4010525
B2A,eaa17f1091.jpg,0.7227906829987318,0.563625
B2A,eaac3f27b0.jpg,0.7830001852111518,0.2982044
B2A,eab48ed00d.jpg,0.8533116769246707,0.41499794
B2A,eab57199fa.jpg,0.7284967182745926,0.31563282
B2A,eabe91cae5.jpg,0.8342377940736067,0.3593154
B2A,eac7bd7368.jpg,0.7499723867337691,0.42089024
B2A,eacb6ead4a.jpg,0.7023549477435583,0.61247176
B2A,eacdc1d18f.jpg,0.7527702368490203,0.41409683
B2A,ead2fdbadc.jpg,0.660445350390466,0.3003087
B2A,ead622126f.jpg,0.6618028645269457,0.45976603
B2A,eadb799684.jpg,0.7196497887800785,0.42370236
B2A,eadea8cf4c.jpg,0.5105792250099773,0.6356565
B2A,eae1d7b4a7.jpg,0.8640499418996418,0.4255679
B2A,eae8ac05b6.jpg,0.7308204156185651,0.46222037
B2A,eafc9d8929.jpg,0.5967549383713209,0.39380473
B2A,eb09186652.jpg,0.7323874656560105,0.32434145
B2A,eb143cd557.jpg,0.7729086295548582,0.5114271
B2A,eb1ae4752c.jpg,0.47252198993261235,0.37694263
B2A,eb1ce8f38f.jpg,0.7981735940367812,0.33727413
B2A,eb1f220d40.jpg,0.7388517225114023,0.52125174
B2A,eb267343a7.jpg,0.7183811595702134,0.3464899
B2A,eb33d8e41b.jpg,0.8074328125795334,0.47495744
B2A,eb34f329c1.jpg,0.8281569823558216,0.38870355
B2A,eb396944a9.jpg,0.6862815263258075,0.48210895
B2A,eb48b08b2c.jpg,0.8270399211146545,0.36065963
B2A,eb4c747b35.jpg,0.745959880042017,0.3832188
B2A,eb5a006cd8.jpg,0.8190795417372517,0.4832417
B2A,eb7323bae7.jpg,0.8617589514807495,0.58663744
B2A,eb74e149ff.jpg,0.7454128072827599,0.41030926
B2A,eb74ee9751.jpg,0.7172424899602526,0.29206827
B2A,eb927ffcce.jpg,0.8678926953502516,0.32849225
B2A,eb9630147d.jpg,0.8198684142099881,0.27699572
B2A,ebb0aa2f01.jpg,0.7585792711652802,0.53212184
B2A,ebb3a60020.jpg,0.8500823654553706,0.3762618
B2A,ebb7fcea92.jpg,0.8449932423079085,0.34020564
B2A,ebb973284b.jpg,0.5724333096143177,0.48563626
B2A,ebc6398a40.jpg,0.5449724956401314,0.4948256
B2A,ebcc42e110.jpg,0.8376365962330037,0.37636486
B2A,ebcce1a075.jpg,0.682076695695594,0.3849284
B2A,ebd677e4df.jpg,0.8190321280086198,0.33436278
B2A,ebfb842dbb.jpg,0.7451031503833366,0.45169502
B2A,ec22ac410a.jpg,0.5995357189311163,0.5231219
B2A,ec26ffe6d9.jpg,0.7526729881238684,0.44747087
B2A,ec2819dd4a.jpg,0.518616288240029,0.35068113
B2A,ec361682b9.jpg,0.7311671029970135,0.41068152
B2A,ec3cedbafe.jpg,0.8027582393666628,0.47412694
B2A,ec4acecf3f.jpg,0.7659757750844043,0.3834741
B2A,ec4fccd390.jpg,0.7697515752004763,0.33380756
B2A,ec509fe942.jpg,0.6887412069312003,0.4854545
B2A,ec5d51aaf0.jpg,0.5312794046339061,0.71716523
B2A,ec61770865.jpg,0.7357821799601545,0.39307138
B2A,ec673dd8d4.jpg,0.7511318807956741,0.43237346
B2A,ec6c041436.jpg,0.7077512941003895,0.62790346
B2A,ec7228a986.jpg,0.5834668942506596,0.46375388
B2A,ec74224ef5.jpg,0.6951881970945768,0.46838617
B2A,ec99be1db6.jpg,0.8068268829337303,0.3879586
B2A,ecad06947b.jpg,0.556696748274705,0.37204418
B2A,ecaf3bdf12.jpg,0.7432842890727227,0.33448708
B2A,ecb38a1051.jpg,0.7558613838163368,0.36877334
B2A,ecb3ccc9f4.jpg,0.8128594934543324,0.40604994
B2A,ecc3cd6e1b.jpg,0.8199501982344212,0.3047892
B2A,ece948ce97.jpg,0.8002109842958911,0.34299004
B2A,ecee77ae5a.jpg,0.6921871309750155,0.3414354
B2A,ed04dbb114.jpg,0.7347748079163263,0.44958895
B2A,ed0ddbf26a.jpg,0.7474350105312769,0.34420407
B2A,ed22cf856f.jpg,0.6650525030582678,0.42848504
B2A,ed27eb5c68.jpg,0.7603765387607491,0.2500682
B2A,ed31f8c196.jpg,0.7192150722272425,0.6046193
B2A,ed34d8d7f3.jpg,0.5763415257258766,0.4693818
B2A,ed3b265e09.jpg,0.586222939213478,0.2766022
B2A,ed458bffb6.jpg,0.6220730974556095,0.5564021
B2A,ed473bcf9b.jpg,0.7115293371930284,0.45843536
B2A,ed59cdccf1.jpg,0.821016438104215,0.34703642
B2A,ed60c6410b.jpg,0.7321935884412784,0.3264571
B2A,ed65db5f88.jpg,0.7485168101808841,0.44923764
B2A,ed7b96a9c5.jpg,0.5615808696500961,0.38293844
B2A,ed848812da.jpg,0.8653169983655635,0.25482404
B2A,ed8dab0f96.jpg,0.5388008274696336,0.7018869
B2A,ed915c89a2.jpg,0.8111503365970949,0.36541894
B2A,ed94946d16.jpg,0.5409497176836172,0.42238277
B2A,ed9f0b8b5d.jpg,0.7328344737100156,0.5051538
B2A,eda8697979.jpg,0.8428356710422227,0.71885693
B2A,edb7d50936.jpg,0.8541045115573452,0.40556967
B2A,edba7f0a70.jpg,0.783585519641099,0.38058433
B2A,edc66bfb66.jpg,0.7389714871749612,0.43282032
B2A,edd52342db.jpg,0.6448061987148918,0.40516657
B2A,ede0add355.jpg,0.8643203810868055,0.42546418
B2A,edef4ef18d.jpg,0.4936561651029231,0.7629649
B2A,edef9cbabe.jpg,0.6294761593703045,0.46771267
B2A,edf15f0940.jpg,0.6967209136099922,0.3408299
B2A,edf42b9d0d.jpg,0.6842513654105361,0.38635215
B2A,ee0e1d6569.jpg,0.6067796890211472,0.4470782
B2A,ee24903251.jpg,0.7225448150573373,0.2928304
B2A,ee28cc4d68.jpg,0.6741054385852596,0.37964123
B2A,ee29105aba.jpg,0.6458610561626289,0.4804639
B2A,ee2bf8c5fd.jpg,0.5720077383047328,0.5026754
B2A,ee2e0ec65d.jpg,0.5786350468792956,0.6631614
B2A,ee6c260d4f.jpg,0.7090460334109042,0.2829594
B2A,ee861e6fae.jpg,0.715318777227145,0.3022396
B2A,ee8bdcd99f.jpg,0.7741102614763398,0.35465127
B2A,ee8c2e9e3c.jpg,0.8298960971361109,0.31721282
B2A,ee97a20e7c.jpg,0.8055921475828799,0.59716105
B2A,ee982ce7e3.jpg,0.8561014273421974,0.25651234
B2A,ee9b29e1b8.jpg,0.5036463924738153,0.41847745
B2A,eea8eff240.jpg,0.6769243840644876,0.51182246
B2A,eeb1e5f575.jpg,0.8267258482314203,0.44175428
B2A,eeb4ccb21f.jpg,0.8007515119422194,0.4560385
B2A,eec21ae61c.jpg,0.8197004965284114,0.35076427
B2A,eed4191e08.jpg,0.7288340777943801,0.3362533
B2A,eed8644829.jpg,0.6756062452748814,0.50517654
B2A,eedab28822.jpg,0.5552034327738852,0.81992096
B2A,eee8098608.jpg,0.6611717733621537,0.3932615
B2A,eeee68b7d8.jpg,0.6610134973106114,0.6310711
B2A,eef39ac09b.jpg,0.8821366616422733,0.3589435
B2A,eef4bdae39.jpg,0.7190884990784044,0.4576491
B2A,ef129d082c.jpg,0.7609756293835819,0.3623491
B2A,ef15317c67.jpg,0.703061343218918,0.51738036
B2A,ef1f3e84f9.jpg,0.7214923561046458,0.4460675
B2A,ef488233e3.jpg,0.7549384286304636,0.36660933
B2A,ef4a60107c.jpg,0.8221588321912624,0.5072841
B2A,ef59ec0110.jpg,0.7779598840193341,0.5232205
B2A,ef6190ff9b.jpg,0.6838851082695749,0.510063
B2A,ef674070d3.jpg,0.4806805041702621,0.36418703
B2A,ef77fe0cfc.jpg,0.6485904158823613,0.41488114
B2A,ef833e60b4.jpg,0.6840465877674462,0.35168186
B2A,ef893e33a9.jpg,0.7887080747428413,0.34769693
B2A,ef8a6e2a7a.jpg,0.7247790188838256,0.53258675
B2A,ef9ca94c15.jpg,0.8234103776253474,0.3845278
B2A,ef9e5bc080.jpg,0.8226516776191459,0.31911266
B2A,efa2ba7d02.jpg,0.8106574588805517,0.3799261
B2A,efa6c21576.jpg,0.6314207144707809,0.46374565
B2A,efa79c9c41.jpg,0.8208887459727209,0.42661184
B2A,efbb57a439.jpg,0.736229091748479,0.3911252
B2A,efbfcfe793.jpg,0.720761251436547,0.43593848
B2A,efc51bdcdf.jpg,0.7019530784289518,0.36218682
B2A,efcabd7b97.jpg,0.841015049742861,0.34783208
B2A,efd9e949f5.jpg,0.6287486786475457,0.5815986
B2A,efeb94db8b.jpg,0.7455880763971909,0.37830162
B2A,effaa53ad8.jpg,0.49756861590837487,0.51194674
B2A,f005004e0c.jpg,0.5795044712057924,0.40525192
B2A,f01164b232.jpg,0.7728584061548373,0.5641271
B2A,f01207f706.jpg,0.791223996906972,0.3777564
B2A,f01a04bd03.jpg,0.6143001300310795,0.60625726
B2A,f020a207a8.jpg,0.6082852901680764,0.5223964
B2A,f0220aa3f5.jpg,0.7317966275540669,0.6060649
B2A,f024838b95.jpg,0.8621261390027337,0.39689592
B2A,f0367de132.jpg,0.8190297792244525,0.3348336
B2A,f04f12da30.jpg,0.8650864353892774,0.50145936
B2A,f06b8cfef0.jpg,0.714944851577218,0.56785905
B2A,f074cffca1.jpg,0.6925196226398759,0.42551923
B2A,f07cb0b75e.jpg,0.7077141197882182,0.4728043
B2A,f07e66c2d2.jpg,0.7770522135074377,0.40682316
B2A,f088a906d0.jpg,0.7741937325256772,0.3349328
B2A,f088b513bf.jpg,0.8103338522117114,0.35146627
B2A,f08926d339.jpg,0.6517942883581804,0.39075893
B2A,f08c39d24f.jpg,0.6804457939532591,0.5573903
B2A,f08e936c6b.jpg,0.7617945874325095,0.3970767
B2A,f0962b6de5.jpg,0.831246280696596,0.4623823
B2A,f09c772bcc.jpg,0.619422038990056,0.6554693
B2A,f09d0b81ba.jpg,0.8733188186114417,0.3667296
B2A,f0a1187473.jpg,0.7813994435028992,0.45405018
B2A,f0a55ad775.jpg,0.7091421334190189,0.41924664
B2A,f0a679e095.jpg,0.7943206043188626,0.39279354
B2A,f0aa76ff07.jpg,0.7296529665461731,0.49368852
B2A,f0b8c1d365.jpg,0.7157870672036765,0.45153475
B2A,f0e139a901.jpg,0.768643913992756,0.4434414
B2A,f1032a4bd8.jpg,0.5770385836025326,0.5174921
B2A,f105adbfb1.jpg,0.6751742319104187,0.42072886
B2A,f10d2923bd.jpg,0.5706420468311169,0.5091876
B2A,f10f748b4d.jpg,0.6964418841497395,0.47567874
B2A,f11454665a.jpg,0.8203204389217517,0.4201646
B2A,f11ee27f26.jpg,0.7381667399611692,0.44292992
B2A,f13184bb48.jpg,0.4666656499157315,0.6447793
B2A,f148707bb0.jpg,0.710887994946738,0.34289658
B2A,f1591e50e1.jpg,0.8205231181622613,0.26041633
B2A,f15b7224fd.jpg,0.7359019078081297,0.39811033
B2A,f163b5185e.jpg,0.6263529158699386,0.39446986
B2A,f1670c265f.jpg,0.605936996154464,0.60633487
B2A,f176a55e27.jpg,0.6863249088381537,0.46000195
B2A,f177cf7991.jpg,0.6043946646144394,0.50029004
B2A,f17a8c4aee.jpg,0.7858137236212717,0.36823368
B2A,f17e985728.jpg,0.8047519447941615,0.25733674
B2A,f180c8d8b9.jpg,0.7838397322433218,0.40046474
B2A,f188425ea5.jpg,0.6808006166886351,0.29822123
B2A,f18989ff8d.jpg,0.7481628067799521,0.58674365
B2A,f18d2c0a81.jpg,0.783426449070303,0.34239593
B2A,f1ac127445.jpg,0.6083547848887622,0.6593216
B2A,f1b8dee326.jpg,0.6300398786917066,0.41370544
B2A,f1c198d735.jpg,0.7635203630632893,0.4333145
B2A,f1d4e7cd69.jpg,0.5392962127497218,0.4082904
B2A,f1d7343af8.jpg,0.7075858357373458,0.40569514
B2A,f1dbada7a5.jpg,0.6826972752194892,0.3715388
B2A,f1fe522e6d.jpg,0.7800489034815933,0.3948767
B2A,f1ff4a822a.jpg,0.7994518340012566,0.2648813
B2A,f203101270.jpg,0.6951578039289102,0.45075053
B2A,f21ca704e5.jpg,0.6904592867852355,0.37557793
B2A,f21dd18a49.jpg,0.6444651576902751,0.554693
B2A,f222ee8acc.jpg,0.8100349253603416,0.40095556
B2A,f22dac0d03.jpg,0.6755333044698544,0.4194931
B2A,f230845d9a.jpg,0.7877080910697609,0.39012045
B2A,f23e5d0e29.jpg,0.8155410247855894,0.3058849
B2A,f247ca8a34.jpg,0.5628539985232982,0.60955137
B2A,f24a8f4c6c.jpg,0.6530970702856287,0.38432014
B2A,f24acd17d0.jpg,0.7610379366993097,0.45633093
B2A,f25716f164.jpg,0.7334591601825747,0.45842484
B2A,f265b9c6d2.jpg,0.5458126778540057,0.7788002
B2A,f26d369fbd.jpg,0.8632357099918307,0.35399988
B2A,f270b20be4.jpg,0.812870490976016,0.541855
B2A,f27ac3fc28.jpg,0.5405864131291711,0.4359468
B2A,f27e7b74de.jpg,0.7360279416567387,0.3510371
B2A,f27f6894a1.jpg,0.7311535159364229,0.2771797
B2A,f28231f3f9.jpg,0.8255160035116221,0.3771841
B2A,f2876e0b28.jpg,0.8364483206171464,0.45349565
B2A,f298108b32.jpg,0.6670198888882292,0.57113886
B2A,f2a3dc33fe.jpg,0.7400183584674676,0.36539167
B2A,f2b162e74b.jpg,0.8344333193663497,0.40230897
B2A,f2b7c12b9c.jpg,0.6300257567301983,0.51654786
B2A,f2d042180c.jpg,0.6814555817713419,0.47961515
B2A,f2d2d4efbc.jpg,0.8343704725489737,0.36918765
B2A,f2d986db88.jpg,0.7630253793650205,0.39487618
B2A,f2f09c8f41.jpg,0.736215242658723,0.37975013
B2A,f2f56add24.jpg,0.7558099229581787,0.3821722
B2A,f30e44407b.jpg,0.5587832323219627,0.4986557
B2A,f31217f986.jpg,0.7138204979195091,0.36129814
B2A,f3141801d8.jpg,0.7392994870995641,0.40861905
B2A,f3230db890.jpg,0.8242927596060027,0.41709742
B2A,f32a18c7c6.jpg,0.7350660408921387,0.39723533
B2A,f3356114c7.jpg,0.7671975045823507,0.25563976
B2A,f351ce3bc5.jpg,0.8815305870211121,0.26524496
B2A,f352a7a312.jpg,0.6995848810652947,0.37317827
B2A,f354013389.jpg,0.8195721859801778,0.39558417
B2A,f357fe1f0d.jpg,0.6836862784630446,0.7329638
B2A,f36fc36903.jpg,0.7738189223188094,0.5009782
B2A,f376a8789c.jpg,0.6632524562835242,0.5008788
B2A,f37a93cd01.jpg,0.689564299110437,0.5022839
B2A,f384c39cd3.jpg,0.6097320471117874,0.40575433
B2A,f3b5806412.jpg,0.7347113701145969,0.3887295
B2A,f3bf66740a.jpg,0.6232891730060747,0.53821117
B2A,f3c61a9a05.jpg,0.5735573330711137,0.5856868
B2A,f3c8ec10ae.jpg,0.453362706842829,0.51609397
B2A,f3d15e5226.jpg,0.7656628988508069,0.32455152
B2A,f3d86d0bdc.jpg,0.793267804779311,0.42719987
B2A,f3e4ae010d.jpg,0.5647187651214268,0.44561678
B2A,f3e54bc081.jpg,0.881395994300098,0.5458142
B2A,f3e9866cb8.jpg,0.8112704619581775,0.3474565
B2A,f3ec3e874d.jpg,0.6238921961546028,0.4122075
B2A,f3ecb32509.jpg,0.8495735540519668,0.33368486
B2A,f3ee6c1af3.jpg,0.7660576404318716,0.40129992
B2A,f3fa90a191.jpg,0.7221288511688729,0.47696042
B2A,f405d9a44e.jpg,0.8164679088876233,0.325654
B2A,f40af60ddc.jpg,0.6620721965375435,0.48024893
B2A,f40b429650.jpg,0.7271623467409262,0.4162296
B2A,f40b719930.jpg,0.5705734393221247,0.41976535
B2A,f40d9b8368.jpg,0.611039851149534,0.4106279
B2A,f417a4cc39.jpg,0.8001636121612034,0.33552065
B2A,f41b5dec17.jpg,0.7991574561564438,0.46023658
B2A,f41d5c2163.jpg,0.633566472218812,0.4298083
B2A,f4219a5e81.jpg,0.7148685336616428,0.46583176
B2A,f42f6f0197.jpg,0.7369753576094659,0.2700039
B2A,f43113c91b.jpg,0.7014948268638992,0.44727534
B2A,f43c6fb1de.jpg,0.8464386591463441,0.30022234
B2A,f44a3275c9.jpg,0.7295890972938249,0.3648649
B2A,f46478e139.jpg,0.6574689881738552,0.6350044
B2A,f46cfb67bd.jpg,0.7533746563203738,0.49661383
B2A,f482274abc.jpg,0.6048805215358051,0.77103996
B2A,f4831ea6fb.jpg,0.6757227936880965,0.388375
B2A,f4919d3664.jpg,0.7743744332711168,0.48445803
B2A,f494688de8.jpg,0.7053491564452111,0.38430625
B2A,f49ca09b7a.jpg,0.7796609280785094,0.5090028
B2A,f4a6936ec9.jpg,0.7580799390524999,0.3917372
B2A,f4a9c6100f.jpg,0.6235592794432047,0.3813043
B2A,f4c509ad69.jpg,0.717820004339601,0.37018883
B2A,f4cdc8fdbc.jpg,0.7775530128632913,0.51500344
B2A,f4dd7ea66e.jpg,0.7791588751799448,0.41033775
B2A,f4eb1866c7.jpg,0.5745663483543172,0.3987876
B2A,f4eb47f0dd.jpg,0.7125099270664378,0.48945665
B2A,f501fc4455.jpg,0.806461451947974,0.33037958
B2A,f51503f974.jpg,0.6927707714193453,0.6234486
B2A,f51f06df8f.jpg,0.609119328828132,0.47642475
B2A,f53328c040.jpg,0.7658217576028536,0.35843253
B2A,f54cf76011.jpg,0.7262359322888544,0.35610837
B2A,f54dd83443.jpg,0.8506292280183766,0.42413163
B2A,f54f45c2ea.jpg,0.7256235572622649,0.41159093
B2A,f55b066db1.jpg,0.6102912016811574,0.4868034
B2A,f56ae75fdd.jpg,0.6014275277646901,0.41300926
B2A,f56b12cf0b.jpg,0.7932053578424823,0.5404669
B2A,f575a81ad6.jpg,0.6541658233136846,0.5135435
B2A,f58ec475cf.jpg,0.6229441773721018,0.59356433
B2A,f5b336d512.jpg,0.6575228161371286,0.3190654
B2A,f5b3c7c78c.jpg,0.8052478069914151,0.45444396
B2A,f5c1d6af2a.jpg,0.6471356261072388,0.22101349
B2A,f5c3514cca.jpg,0.6763541411746379,0.5970386
B2A,f5c7a8068c.jpg,0.613761218991655,0.525284
B2A,f5d163add7.jpg,0.7887257949373915,0.36446038
B2A,f5d1922ba9.jpg,0.769566307942797,0.23112565
B2A,f5d652e997.jpg,0.7344513410841786,0.5447836
B2A,f5ddf6d767.jpg,0.7498213420220675,0.3292486
B2A,f5efcc2979.jpg,0.8015901555629076,0.41283998
B2A,f5f34241cc.jpg,0.760151113938448,0.54807913
B2A,f5ffe2e92d.jpg,0.7812428037800594,0.31990254
B2A,f604e3e7e5.jpg,0.7053036701545008,0.3278474
B2A,f607a14dd9.jpg,0.46549955748433,0.5860647
B2A,f6084689ed.jpg,0.7877881062576609,0.61349183
B2A,f60910ed40.jpg,0.6460629512626573,0.30462366
B2A,f60b4c4d98.jpg,0.7511310714967137,0.37012157
B2A,f60b67ae6e.jpg,0.7170246577040214,0.2978402
B2A,f62bb41c9c.jpg,0.7199780910554874,0.4265989
B2A,f633c4ebed.jpg,0.6505912157652296,0.32302618
B2A,f639ee968c.jpg,0.7064130059139274,0.34192237
B2A,f63a1042f4.jpg,0.6984208417223208,0.39094457
B2A,f63a2b4fb9.jpg,0.837208689622066,0.4759086
B2A,f64019e49d.jpg,0.7911133847571404,0.4556818
B2A,f647ce5fd1.jpg,0.7792316069198404,0.32483512
B2A,f651e57596.jpg,0.6393262157740724,0.52381027
B2A,f6574b10b7.jpg,0.625802065158492,0.6351227
B2A,f6626c86e1.jpg,0.7515711201921008,0.39477226
B2A,f6798eb074.jpg,0.48419795434554175,0.70073897
B2A,f67f1708b6.jpg,0.7753472611693721,0.31506047
B2A,f68dae168d.jpg,0.6484912933936829,0.6835096
B2A,f68dcc7a8a.jpg,0.49921975393820994,0.61017007
B2A,f68e29bd81.jpg,0.8596207469766903,0.35791984
B2A,f690980765.jpg,0.43173561157430707,0.51275754
B2A,f69731b55b.jpg,0.6695887320849161,0.38215148
B2A,f69ff9b62b.jpg,0.7170335666929967,0.37736556
B2A,f6aa1d5154.jpg,0.8161405168632189,0.37924463
B2A,f6ab953224.jpg,0.7999660097321551,0.32898432
B2A,f6b61559e0.jpg,0.8341643757495528,0.373595
B2A,f6ca69a495.jpg,0.8020460534866284,0.34947944
B2A,f6cb2948da.jpg,0.683974248377517,0.45376897
B2A,f6d01357b6.jpg,0.7744929789741087,0.3352933
B2A,f6e17b1a2a.jpg,0.7320409219864161,0.3138874
B2A,f6e422b697.jpg,0.8586651904420017,0.3474549
B2A,f6e5895253.jpg,0.7428526116746891,0.55794924
B2A,f6e822d131.jpg,0.6877657937438343,0.4858206
B2A,f6e8f07d9d.jpg,0.7907996625956242,0.5835268
B2A,f6efddda9c.jpg,0.7728138950073519,0.47864932
B2A,f706c0860d.jpg,0.6676468648033768,0.44308317
B2A,f70871846a.jpg,0.601905381590093,0.47190988
B2A,f71cc4d572.jpg,0.8066095873996408,0.4536897
B2A,f721bb7f6d.jpg,0.6501044640697528,0.43020386
B2A,f743f3bf62.jpg,0.8136573870970185,0.4172507
B2A,f74cdcd632.jpg,0.8293639872948275,0.32208008
B2A,f7531c3b99.jpg,0.8045386318102417,0.35846445
B2A,f75a997bb8.jpg,0.7532424893116584,0.34118998
B2A,f76e1ec9a3.jpg,0.6439589325283493,0.55182266
B2A,f771e1e1b0.jpg,0.6759939060843179,0.49313945
B2A,f77377bd03.jpg,0.734019600527065,0.3227934
B2A,f77505c83f.jpg,0.6431172174723179,0.33193642
B2A,f77c59acb3.jpg,0.7663736122286726,0.40957707
B2A,f77e3cb703.jpg,0.6524128694834446,0.6201408
B2A,f77f395731.jpg,0.6663391233443668,0.4278312
B2A,f790a14012.jpg,0.7786682090247059,0.36979598
B2A,f79d9de05d.jpg,0.7700772255279532,0.39337018
B2A,f7a011547d.jpg,0.8624307186029959,0.3477163
B2A,f7a821c3c8.jpg,0.7399144501839752,0.30971175
B2A,f7ae6e1d31.jpg,0.7884611724714352,0.41464487
B2A,f7c4d8033d.jpg,0.6923180898180628,0.5929684
B2A,f7c78a4eef.jpg,0.7861381170016812,0.47833106
B2A,f7d0dba843.jpg,0.6387960354653346,0.51534784
B2A,f7d0f59566.jpg,0.6591663723828592,0.37238714
B2A,f7d17e77d6.jpg,0.5874312819540229,0.40526968
B2A,f7dbdb551f.jpg,0.7394116499644668,0.56160086
B2A,f7dc666b50.jpg,0.7087519412913412,0.425194
B2A,f7eb84fdb7.jpg,0.7722458874907567,0.35070542
B2A,f7ee2469f6.jpg,0.8061295623994963,0.38125506
B2A,f7f1d58022.jpg,0.7800663736344544,0.4107488
B2A,f807c72b5d.jpg,0.5331140231632131,0.44959742
B2A,f819274637.jpg,0.785658563988396,0.41430864
B2A,f81b1cc834.jpg,0.8056055783104453,0.39240226
B2A,f82e8c30ac.jpg,0.7117377937057263,0.5494193
B2A,f82fc48ba4.jpg,0.7625657334346237,0.61648655
B2A,f8350e28db.jpg,0.7655865437964273,0.3304932
B2A,f8363ba521.jpg,0.5722157144671535,0.4337505
B2A,f83b161ca3.jpg,0.6268332134746668,0.49219164
B2A,f83e5b4295.jpg,0.6745331074392813,0.5116898
B2A,f843be17f5.jpg,0.5495385858748055,0.5504495
B2A,f84566ed02.jpg,0.5536949245955581,0.5273582
B2A,f84d77a2a6.jpg,0.7018511647599845,0.5750688
B2A,f85694dfe6.jpg,0.7476027914588159,0.32109952
B2A,f86b847b43.jpg,0.7808931877230212,0.42699614
B2A,f876ba92ea.jpg,0.8063207376730498,0.42016643
B2A,f87a1ab16d.jpg,0.8251710521756186,0.46525455
B2A,f87deecaa2.jpg,0.6933340331942427,0.47358394
B2A,f888dde817.jpg,0.659705370095891,0.36573958
B2A,f8905451b4.jpg,0.7436587464505161,0.52586746
B2A,f895871068.jpg,0.7105886152479776,0.46066073
B2A,f89bc86075.jpg,0.6655236562279848,0.49058306
B2A,f8b6a915a9.jpg,0.8815455373015684,0.37423247
B2A,f8b73f1a33.jpg,0.5803142340285234,0.42431712
B2A,f8c19eaee6.jpg,0.630101796342722,0.54585314
B2A,f8c63eea5a.jpg,0.6918442219982316,0.3782781
B2A,f8c8e456d7.jpg,0.8258392555734058,0.4012448
B2A,f8ca80aebb.jpg,0.8032264452070235,0.40333283
B2A,f8e10ef432.jpg,0.7947091150958228,0.33649048
B2A,f8e488ce75.jpg,0.6458362764988977,0.52942973
B2A,f8e6d9f481.jpg,0.6635557935919582,0.7622331
B2A,f8f04744fd.jpg,0.516687918510668,0.45406672
B2A,f8f98ae176.jpg,0.7144037390427104,0.35749233
B2A,f8fac4e7ff.jpg,0.5819407433133205,0.44966733
B2A,f8ffd3ed06.jpg,0.796239477551336,0.33043426
B2A,f901dfad23.jpg,0.7211445185885818,0.50354064
B2A,f904d3484c.jpg,0.7123013387810275,0.34371626
B2A,f9080ec43b.jpg,0.6625267309035396,0.36914596
B2A,f90edb8380.jpg,0.8311044304688001,0.3869927
B2A,f90ee2b0db.jpg,0.847309933704485,0.29397106
B2A,f9151bda3c.jpg,0.6056945113049146,0.6670332
B2A,f917b1c32a.jpg,0.6241298339352034,0.5554453
B2A,f91c3d1f53.jpg,0.6254742665077353,0.497581
B2A,f91eb42b36.jpg,0.7879381205081746,0.37122148
B2A,f930392388.jpg,0.6587975749872305,0.45755294
B2A,f942443b5d.jpg,0.6789660812346574,0.497863
B2A,f954a8be77.jpg,0.8045871227483833,0.45043257
B2A,f969505f84.jpg,0.5396661964161068,0.41297013
B2A,f96a50841d.jpg,0.7219956327775716,0.51353693
B2A,f97072faf8.jpg,0.7896019876501026,0.4109006
B2A,f975a1e01e.jpg,0.5950972056721917,0.4660217
B2A,f982a98853.jpg,0.7148487054469793,0.26834878
B2A,f9843ad01b.jpg,0.6321112548205918,0.46190852
B2A,f98627c542.jpg,0.8533805965632086,0.38446003
B2A,f9867ce748.jpg,0.6766026246820925,0.7543248
B2A,f9989c2bd5.jpg,0.8084299906610852,0.4305211
B2A,f99a7a3267.jpg,0.6514943394331514,0.47677845
B2A,f99f52c7f5.jpg,0.8266788795568906,0.42572778
B2A,f99fe506ed.jpg,0.7825527390175891,0.35698864
B2A,f9a20c7988.jpg,0.6690951238301095,0.59376746
B2A,f9b4495f70.jpg,0.709981885194428,0.35852095
B2A,f9b4d017a3.jpg,0.7572275889271548,0.46363166
B2A,f9ba7b025e.jpg,0.6915931324995791,0.49905315
B2A,f9c9afcd78.jpg,0.8322745003217468,0.32735798
B2A,f9cd461b5e.jpg,0.8225387326810043,0.36621717
B2A,f9cf6e7e27.jpg,0.8003151793929991,0.35434145
B2A,f9e8571801.jpg,0.5714171878214215,0.61740077
B2A,f9f59d905c.jpg,0.6776815039541838,0.35588473
B2A,f9f6bc6871.jpg,0.8311485177679432,0.3683235
B2A,fa0fde7844.jpg,0.7256689068416424,0.492846
B2A,fa24240abc.jpg,0.7143503683982424,0.3162979
B2A,fa307775e7.jpg,0.6499024049465263,0.574662
B2A,fa3aba5483.jpg,0.8750157899733778,0.41944113
B2A,fa423fe5a3.jpg,0.8725849466917702,0.39297807
B2A,fa428459e2.jpg,0.6513116082472271,0.4848063
B2A,fa4326ff01.jpg,0.6476298692832557,0.6026016
B2A,fa47656f02.jpg,0.8567145151533934,0.32010725
B2A,fa48b1ceb5.jpg,0.703063301733997,0.29168966
B2A,fa60f9a0c9.jpg,0.8491976843109666,0.25747585
B2A,fa63566e6e.jpg,0.5696629938345965,0.63509226
B2A,fa728d214f.jpg,0.6774030459047907,0.3967216
B2A,fa751def39.jpg,0.7224994735324978,0.599146
B2A,fa9a74e9a4.jpg,0.5823413943046312,0.49157202
B2A,fa9a768c9b.jpg,0.7556412441730882,0.47316653
B2A,faa4f82b52.jpg,0.8270416636527234,0.33996388
B2A,faaab4fb19.jpg,0.7315513385470119,0.37775058
B2A,fac89a2440.jpg,0.8146288014303997,0.40419817
B2A,facc9d2df2.jpg,0.7512288344806096,0.3622321
B2A,fad67f0f19.jpg,0.7832362226499975,0.3792103
B2A,fb1779d922.jpg,0.7378163852037023,0.3329215
B2A,fb24316c57.jpg,0.6870835035166581,0.37182957
B2A,fb2a6a49d7.jpg,0.7060343119384487,0.67615366
B2A,fb362a6660.jpg,0.7680228537728644,0.34825718
B2A,fb3676a875.jpg,0.777728683811763,0.52615917
B2A,fb546829cb.jpg,0.6999464368863252,0.48938477
B2A,fb562cd56b.jpg,0.6524965963474753,0.47374737
B2A,fb73e20575.jpg,0.7760642661613999,0.42300242
B2A,fb755692ce.jpg,0.7206111454873708,0.54106176
B2A,fb85264917.jpg,0.8406404357704187,0.27871367
B2A,fb8fb9b7c8.jpg,0.8436063845490889,0.34071898
B2A,fb97febc5f.jpg,0.827304552587447,0.44637695
B2A,fb9c5403b8.jpg,0.8631100993838133,0.33943945
B2A,fbaa1647e7.jpg,0.7806828358022013,0.36867753
B2A,fbb5f72776.jpg,0.8096831717606983,0.33139285
B2A,fbb8e36b1c.jpg,0.8334105780604997,0.4129952
B2A,fbb8e5f081.jpg,0.793259105539916,0.41030768
B2A,fbc1c4e45b.jpg,0.620857671482267,0.5218479
B2A,fbc34e93dc.jpg,0.6842144763888626,0.34879553
B2A,fbc3754be3.jpg,0.8203102791659908,0.34343004
B2A,fbc70f973a.jpg,0.7971493560657283,0.3382199
B2A,fbdaf94ace.jpg,0.4829282258799464,0.5704266
B2A,fbf3ab42e9.jpg,0.7796959451513258,0.35899946
B2A,fc02616c06.jpg,0.734507811903136,0.37247613
B2A,fc043d38eb.jpg,0.7818747548736622,0.43073165
B2A,fc04ed2d42.jpg,0.7744984939050389,0.29685777
B2A,fc075619e7.jpg,0.6826947828786529,0.44594833
B2A,fc16c59788.jpg,0.7961895153302161,0.3462532
B2A,fc30e458d6.jpg,0.88249685493237,0.32350093
B2A,fc458d4ee1.jpg,0.7396355033316229,0.31116837
B2A,fc49fb17f3.jpg,0.8808633020443412,0.28575328
B2A,fc51c26e2d.jpg,0.8406711864727082,0.3585269
B2A,fc59b308a8.jpg,0.7538641962800222,0.35060355
B2A,fc5feebdc8.jpg,0.6875623851432149,0.37393424
B2A,fc622b5577.jpg,0.869306684630992,0.29178905
B2A,fc64e9fe13.jpg,0.6355868871769297,0.32143578
B2A,fc6d47c7b0.jpg,0.7303710015709654,0.6006109
B2A,fc9d809645.jpg,0.7080596926837217,0.41987586
B2A,fcaeb2fb17.jpg,0.7707788942962683,0.37892488
B2A,fcc0dc41b3.jpg,0.6394671982963378,0.5760573
B2A,fcc59cb31d.jpg,0.83811044952375,0.47921365
B2A,fcd35ead6e.jpg,0.7048557824896757,0.4206919
B2A,fcd5eaceb7.jpg,0.7950185588153894,0.4619992
B2A,fcdd5b1e31.jpg,0.4916146891580181,0.63280135
B2A,fce074b92c.jpg,0.5906681562537969,0.43524587
B2A,fd0071794a.jpg,0.684617591908868,0.45992154
B2A,fd06d4e7e3.jpg,0.7460290830416395,0.43564945
B2A,fd0a02921a.jpg,0.6186105128724848,0.49545524
B2A,fd15f29d57.jpg,0.8934070864972867,0.30064404
B2A,fd1f9293ca.jpg,0.7496699092297319,0.44190112
B2A,fd20b4c41a.jpg,0.8446764518863193,0.37308928
B2A,fd457c68d9.jpg,0.6117846970629038,0.5010666
B2A,fd48eb1f90.jpg,0.8676803107567358,0.39477727
B2A,fd49936788.jpg,0.666159147417628,0.42637235
B2A,fd4debe229.jpg,0.7954803254860229,0.2973224
B2A,fd541f5f93.jpg,0.6725066012844635,0.5480907
B2A,fd5ce86649.jpg,0.8403986634139262,0.3764947
B2A,fd619e77af.jpg,0.6270735169579549,0.39696428
B2A,fd6b68436e.jpg,0.7403237886465432,0.43714613
B2A,fd6c9bcbfa.jpg,0.5883221623102353,0.49970794
B2A,fd7d170a69.jpg,0.7134684599011882,0.8027038
B2A,fd85d15361.jpg,0.7110204692370743,0.4480585
B2A,fd8c99d93b.jpg,0.7261651350463556,0.37585634
B2A,fd9767f897.jpg,0.7922946918596994,0.3704066
B2A,fda550148e.jpg,0.6085243695885105,0.5761243
B2A,fdad36c1e0.jpg,0.7938112749296713,0.3975707
B2A,fdb01f9aba.jpg,0.5978845442913324,0.34839734
B2A,fdb031e406.jpg,0.6446953432526736,0.40927947
B2A,fdc2b3b936.jpg,0.84012419085498,0.38436496
B2A,fdc6c88003.jpg,0.819656242626904,0.34861016
B2A,fdce0c0d6d.jpg,0.6268080235980601,0.49340808
B2A,fdd33c1145.jpg,0.8046423375264821,0.2715996
B2A,fddc60bb99.jpg,0.702055041773175,0.39428788
B2A,fddcadfd3a.jpg,0.7547787018679124,0.40310606
B2A,fde289be21.jpg,0.6930105479184414,0.41583133
B2A,fde28fae2a.jpg,0.7136225814629324,0.31781515
B2A,fde46f2be4.jpg,0.663498205507463,0.40414795
B2A,fdf013342c.jpg,0.8483569989194081,0.623106
B2A,fdf57fbe60.jpg,0.7096750276052544,0.40111676
B2A,fdf84c4887.jpg,0.8532461068699582,0.2514796
B2A,fdfc86a000.jpg,0.6113189528005493,0.42188877
B2A,fe00c3d087.jpg,0.6908593837328602,0.31644648
B2A,fe0a4f0e5a.jpg,0.7326151141989131,0.38500175
B2A,fe1561993e.jpg,0.8722643207385211,0.31364897
B2A,fe1c9d9e5a.jpg,0.864814473478609,0.36558777
B2A,fe283d4ae3.jpg,0.6668669770894146,0.43275374
B2A,fe381a7c17.jpg,0.7636803734521319,0.53759134
B2A,fe3c9d0016.jpg,0.7736470804696868,0.37518102
B2A,fe3de96780.jpg,0.6758562195826315,0.68183726
B2A,fe3feb7d1b.jpg,0.67477428913791,0.5203611
B2A,fe40ac1d8b.jpg,0.5933636199626467,0.27747205
B2A,fe4c4e4b6b.jpg,0.7880763892318206,0.37003723
B2A,fe5dc7ef05.jpg,0.6861878390285674,0.4070719
B2A,fe6152a619.jpg,0.6701931286441458,0.72498405
B2A,fe65abaafd.jpg,0.7385436831725692,0.37945664
B2A,fe702a794e.jpg,0.38197905737074306,0.69012666
B2A,fe714c846e.jpg,0.7135957929644955,0.41287467
B2A,fe7af9c427.jpg,0.7242529022459253,0.47197658
B2A,fe9cc12ae1.jpg,0.6532381790672919,0.41381967
B2A,fea227771f.jpg,0.6592040638571455,0.48277402
B2A,fea42e4505.jpg,0.6720157501869319,0.5461463
B2A,fea4d4f76c.jpg,0.6859510837159529,0.43073955
B2A,fea5afe679.jpg,0.7614721176417004,0.41222626
B2A,feb132e4c1.jpg,0.7738233556368177,0.36611736
B2A,fee0c39907.jpg,0.7298452819506533,0.3617699
B2A,fefb86c469.jpg,0.6080408255569024,0.5539994
B2A,fefcd07a5e.jpg,0.7322500940812453,0.33206773
B2A,ff03c98f0e.jpg,0.7494549604266242,0.39640993
B2A,ff2152ac2a.jpg,0.559282663495755,0.62281275
B2A,ff258e79ce.jpg,0.5449072639982242,0.43960702
B2A,ff2cb6658c.jpg,0.7760354294655935,0.35723877
B2A,ff2f57429f.jpg,0.6233742278701444,0.4545862
B2A,ff3867d938.jpg,0.8577787147994446,0.3329595
B2A,ff46474c6d.jpg,0.8106099139787865,0.38818753
B2A,ff48e8580b.jpg,0.8307642700635951,0.32927397
B2A,ff58af0f3b.jpg,0.6664208795353279,0.40022558
B2A,ff5c15ab50.jpg,0.6682089310357294,0.40779585
B2A,ff6ed45562.jpg,0.6733208395822966,0.49508002
B2A,ff757d7db3.jpg,0.8090563494877662,0.36659867
B2A,ff769c35c9.jpg,0.8523780222874675,0.30741176
B2A,ff7d83bc1d.jpg,0.834084002752683,0.3272145
B2A,ff853f993b.jpg,0.820292839525193,0.36599588
B2A,ff9ca0e1bb.jpg,0.7969437000817658,0.32342258
B2A,ff9e94857b.jpg,0.786813920228971,0.3418309
B2A,ffa1ee4875.jpg,0.4914390809287653,0.6459453
B2A,ffa5d376be.jpg,0.7753919568907836,0.35945317
B2A,ffbbb24b43.jpg,0.6651490829583265,0.4283559
B2A,ffbdd43bfb.jpg,0.7573394658627367,0.47198713
B2A,ffc5b52a77.jpg,0.6286668801782921,0.44668543
B2A,ffcc20463a.jpg,0.7507808013875651,0.41930887
B2A,ffcdd249dd.jpg,0.8325585904075615,0.5073837
B2A,ffcf64f150.jpg,0.5125386307623112,0.4863478
B2A,ffd71fce61.jpg,0.8157848107454376,0.38791206
B2A,ffe1af8ca0.jpg,0.5959678167660193,0.39295328
B2A,fff5c33050.jpg,0.8172340243556269,0.34871987
B2A,fffaaaae65.jpg,0.6558226650480411,0.4147629
B2A,fffc0836d7.jpg,0.7812969170564664,0.40180486
