direction,file,content_cosine,lpips
A2B,000c1e3bff.jpg,0.7314421094796363,0.42228913
A2B,011835cfbf.jpg,0.8805682576424619,0.29963827
A2B,0260d15306.jpg,0.7497752697456599,0.5209774
A2B,049e293b93.jpg,0.7322968445142286,0.45476446
A2B,05144e306f.jpg,0.758676945091356,0.49545816
A2B,052a77c020.jpg,0.8408879197566222,0.27128613
A2B,058f878b7c.jpg,0.8211742239200233,0.34558573
A2B,05b493ff42.jpg,0.9056951911666985,0.35106316
A2B,064487d630.jpg,0.7401443554615027,0.3393577
A2B,066fe4cbaa.jpg,0.8770811468828271,0.251325
A2B,07fcaee35f.jpg,0.6504429736232864,0.4277148
A2B,09b76b6471.jpg,0.7951787955100188,0.43204802
A2B,0a5075d42a.jpg,0.8350245804220704,0.2782164
A2B,0bd913dbc7.jpg,0.756349650167646,0.3467693
A2B,0e3b3292da.jpg,0.7445918364562785,0.4102065
A2B,106757e5d8.jpg,0.738192290524181,0.3141153
A2B,1078363ff0.jpg,0.8264276271676203,0.27285355
A2B,10c555c1b1.jpg,0.925116408757443,0.18488097
A2B,118da0690c.jpg,0.7815420169874764,0.35017425
A2B,11ab570c5e.jpg,0.8282860594846072,0.40279543
A2B,11be65b3e9.jpg,0.8547851274521412,0.27918094
A2B,133b42e498.jpg,0.765720457382203,0.26878116
A2B,14162de938.jpg,0.8154304069170184,0.36155057
A2B,14ff6e6a99.jpg,0.7880075762123894,0.25716987
A2B,158740962c.jpg,0.7942309681739467,0.43607855
A2B,16dabe418c.jpg,0.8131798039426991,0.36332613
A2B,17557a29cb.jpg,0.7987669783523684,0.30279976
A2B,1814cc6632.jpg,0.8521958447481458,0.40541038
A2B,184d6c66cd.jpg,0.8117764254301816,0.29833904
A2B,1994b8d4a2.jpg,0.7014245843589009,0.31330717
A2B,19dc36ccb2.jpg,0.7062144651588963,0.31385365
A2B,1a127acf4d.jpg,0.8537774248206232,0.24406087
A2B,1e4e4e63c5.jpg,0.8294399402140309,0.4184987
A2B,1f22663e72.jpg,0.703904298198892,0.38655314
A2B,1f9667f2a7.jpg,0.7303201494123216,0.55275005
A2B,22b1ac6b44.jpg,0.9167353432284762,0.2516542
A2B,23832dead5.jpg,0.8069723146907056,0.35752767
A2B,23b07c3769.jpg,0.8781087965746731,0.34916264
A2B,23d6aeb485.jpg,0.6992230271311989,0.58680165
A2B,23f0fbd77e.jpg,0.8712333149139782,0.19754235
A2B,24af733334.jpg,0.7664600277202058,0.2926658
A2B,252d9a4abc.jpg,0.8413571154598468,0.32707903
A2B,2581464ddc.jpg,0.8839460570733724,0.20516527
A2B,25c9904782.jpg,0.7699886130650867,0.2885934
A2B,26b66eb819.jpg,0.7867705385514351,0.38159302
A2B,2759c1ed37.jpg,0.6835064145665776,0.44217068
A2B,281b73fb5e.jpg,0.7211138823116121,0.27244434
A2B,28deb43a71.jpg,0.8244759312899331,0.23439293
A2B,295eb5c521.jpg,0.8419046120650352,0.36960733
A2B,29696b4455.jpg,0.6159349397005428,0.45293444
A2B,2acfbab228.jpg,0.7944396205236721,0.30354065
A2B,2c00f5147f.jpg,0.8087635943237554,0.37221494
A2B,2cca56415e.jpg,0.769451684455779,0.5001687
A2B,2e0d0e6e19.jpg,0.6943634219182597,0.55655664
A2B,2f20944b6a.jpg,0.747352188608919,0.30569088
A2B,2f90c99e10.jpg,0.7089647364378096,0.36766106
A2B,3283442e33.jpg,0.7536819610966902,0.39864674
A2B,32cc820303.jpg,0.8284263161284963,0.22602339
A2B,32e33792cc.jpg,0.8723938384546605,0.28007984
A2B,3417ace946.jpg,0.7451763761271408,0.4440247
A2B,344d1829bb.jpg,0.8082768955514235,0.3549671
A2B,3545597386.jpg,0.8947399649508094,0.25217393
A2B,369f6d07e8.jpg,0.7481790503042202,0.3982577
A2B,3843e221cc.jpg,0.8033915398610165,0.33603406
A2B,3b262c6726.jpg,0.8430194907940604,0.32548234
A2B,3c341ff93e.jpg,0.7975209076893469,0.36956584
A2B,3d13fe022e.jpg,0.6860131090583584,0.3553273
A2B,3deea9f4a4.jpg,0.7453717140055863,0.50287044
A2B,3eaef3ee43.jpg,0.8612475718776325,0.34464794
A2B,40d7d18ad3.jpg,0.8774632416701775,0.3538709
A2B,417e77e946.jpg,0.6978682776142998,0.39617732
A2B,4260d1c556.jpg,0.6728880103824416,0.3334619
A2B,429e382095.jpg,0.6879876382653669,0.30551353
A2B,463835bbc6.jpg,0.7967784142413847,0.37844306
A2B,4660310c3e.jpg,0.8195625736401917,0.29589555
A2B,47a0548067.jpg,0.5055133566967099,0.6987975
A2B,488600cb75.jpg,0.8137588631819437,0.3506275
A2B,49337b68f4.jpg,0.8859490750372537,0.30183032
A2B,4995c04b1a.jpg,0.816666444791368,0.18283466
A2B,4ab2583fe2.jpg,0.8599734771082549,0.262309
A2B,4ad8b366c1.jpg,0.761977491961054,0.44544694
A2B,4b0adf7c6f.jpg,0.8486529276581651,0.29195443
A2B,4bb4ca7b03.jpg,0.8936250097244879,0.28871608
A2B,4c0e35882c.jpg,0.7507011821826753,0.3477384
A2B,4c74254ad3.jpg,0.7997325713767838,0.38364887
A2B,4e05523825.jpg,0.8723803380110883,0.33772022
A2B,4f045779b0.jpg,0.7849738076079489,0.37400115
A2B,4f3f4ff590.jpg,0.7977318845699699,0.2962983
A2B,4f4de0bbba.jpg,0.8619565812196661,0.23193176
A2B,4f7e01f097.jpg,0.7848199247051567,0.5210841
A2B,50855dd324.jpg,0.8226078528733254,0.22763796
A2B,512cd171a9.jpg,0.7376029490017233,0.33521703
A2B,5185e8c56a.jpg,0.7911427421904833,0.38929147
A2B,51bdd25f76.jpg,0.8587426568764999,0.30200064
A2B,51db3fc011.jpg,0.8811230983379381,0.2192001
A2B,526a110636.jpg,0.7649856782015911,0.31701797
A2B,52aed0f943.jpg,0.7385964687850812,0.27175
A2B,52d12dc627.jpg,0.8282154943078432,0.2654885
A2B,52fc351abf.jpg,0.8398989511683805,0.24256712
A2B,536aa87152.jpg,0.7366688739805323,0.44868472
A2B,565f19268b.jpg,0.810723888730105,0.35169214
A2B,586acab7c5.jpg,0.7859734552109672,0.56167245
A2B,5926f85cbf.jpg,0.698540142820322,0.423765
A2B,593db29cce.jpg,0.8335850902884319,0.32053447
A2B,599098859e.jpg,0.7129071511254506,0.26907814
A2B,59df696966.jpg,0.7992812168151112,0.34526938
A2B,5aa514ffac.jpg,0.7620690050478528,0.34605265
A2B,5c79cfe0b3.jpg,0.8054577087518624,0.3198818
A2B,5cb895b722.jpg,0.8539214810345476,0.3480315
A2B,5e357ad790.jpg,0.8626885878675432,0.3358498
A2B,5ffbfe68d4.jpg,0.8353057640272444,0.28404826
A2B,6043aadea0.jpg,0.852553665395476,0.24673021
A2B,608ee0d370.jpg,0.6835607552449404,0.5053949
A2B,61e735361a.jpg,0.7623565714012883,0.380123
A2B,632ddbc784.jpg,0.6077755281927661,0.53782886
A2B,661e374153.jpg,0.642966458069594,0.43231332
A2B,66226e18fc.jpg,0.8564812049764263,0.31193078
A2B,66a144f547.jpg,0.8269285598823889,0.45477086
A2B,6742294320.jpg,0.7238082250642051,0.26578754
A2B,676a5a4c2e.jpg,0.8349027642402121,0.30588162
A2B,6782e7cb2a.jpg,0.7197655219285202,0.43910778
A2B,68729aac07.jpg,0.7159409831936285,0.72060066
A2B,68b60c04b7.jpg,0.7621971002162884,0.2604556
A2B,68d60af226.jpg,0.9152979320923627,0.19935152
A2B,695897bd4a.jpg,0.889505788548018,0.3036465
A2B,69f4b75a37.jpg,0.745245392485318,0.3409567
A2B,6a03aea8be.jpg,0.7290259975982446,0.557775
A2B,6bbe0e63c6.jpg,0.8501762337770964,0.25355366
A2B,6bfbd1df5b.jpg,0.8113349636953135,0.26676098
A2B,6c6cc46498.jpg,0.7458709261572696,0.26233536
A2B,6d0e87f557.jpg,0.7936334480599053,0.49655527
A2B,6e0429f92e.jpg,0.8121002421142312,0.23962237
A2B,6ee7c39dbc.jpg,0.8874088527570726,0.25629857
A2B,6f0b9df5c5.jpg,0.7465512182756061,0.32180393
A2B,7017e6caa1.jpg,0.826680623500807,0.38661683
A2B,7054793632.jpg,0.7257368794185933,0.4337234
A2B,70bc945f95.jpg,0.7025749810569822,0.55030864
A2B,718445ebe3.jpg,0.7953748459814715,0.3981048
A2B,7239ba0b55.jpg,0.7133751061765738,0.37066925
A2B,730f325b64.jpg,0.8099627294976379,0.2689371
A2B,732d76a469.jpg,0.6095692918302268,0.32260853
A2B,7341d96c1d.jpg,0.7932392524440377,0.27303454
A2B,73f33a12c5.jpg,0.8827615034510565,0.271814
A2B,74e452fb31.jpg,0.7741152056428631,0.22294196
A2B,76cc7181f8.jpg,0.9219207136118519,0.2710314
A2B,77b37629f2.jpg,0.7297576222728999,0.36544025
A2B,79224da51f.jpg,0.7755044154279149,0.23730937
A2B,79292e1434.jpg,0.8576663547182312,0.24561027
A2B,7952021d2f.jpg,0.7736935097144603,0.32246634
A2B,7960adbd50.jpg,0.7932684548809714,0.49892026
A2B,7cb36714d0.jpg,0.8426569612896065,0.2725865
A2B,7d64c3100c.jpg,0.6639064916917908,0.52177215
A2B,8044a92484.jpg,0.7340125404470493,0.20507982
A2B,8077b7e9e7.jpg,0.8193285943569131,0.3333975
A2B,8114fa2607.jpg,0.7551884025208492,0.41584566
A2B,815624563e.jpg,0.915127213834483,0.24655814
A2B,82991e742a.jpg,0.8299715527014783,0.38327444
A2B,82b9fd68b1.jpg,0.8583436283222149,0.35359213
A2B,8314acfd35.jpg,0.7517036017591853,0.4476517
A2B,853f8d711f.jpg,0.8424376036831567,0.39377818
A2B,85580214be.jpg,0.7726724720519283,0.318087
A2B,88402296cc.jpg,0.8531011694227998,0.2472385
A2B,893db2701d.jpg,0.9135571160753784,0.3056877
A2B,89964efa86.jpg,0.8578329733170991,0.23368262
A2B,89d970411d.jpg,0.7299165782362269,0.423725
A2B,89fcbf2f76.jpg,0.7316868591273192,0.3747358
A2B,8b54448a07.jpg,0.8368444390457179,0.30522352
A2B,8b7948248f.jpg,0.7547209797295019,0.2585347
A2B,8b841420b4.jpg,0.8814235997739192,0.18086186
A2B,8c48e112d0.jpg,0.805276214371777,0.28513455
A2B,8c8011c291.jpg,0.8418135334203243,0.2888945
A2B,8cfd45a2e2.jpg,0.7788348689103356,0.5084613
A2B,8e5ff15568.jpg,0.8264129434314629,0.21751608
A2B,8ee2933868.jpg,0.8610459965077616,0.14645459
A2B,8f02369f42.jpg,0.8689904949114263,0.20431682
A2B,910610e827.jpg,0.6523401403617631,0.29061824
A2B,910729e0ce.jpg,0.8823487007950503,0.32075587
A2B,92c0ba8c0d.jpg,0.9140540728236912,0.21331823
A2B,93132f89ee.jpg,0.5588163941459503,0.42107576
A2B,932d0dd808.jpg,0.7912649514137897,0.32293203
A2B,95a53d7b0b.jpg,0.9597772276733897,0.2201076
A2B,95b5f01a85.jpg,0.7769748960251431,0.23005939
A2B,9843bc25c5.jpg,0.8936060298073242,0.16762935
A2B,9908d1daa9.jpg,0.7858969709908641,0.29630348
A2B,990ed28f62.jpg,0.7324652491218977,0.23044503
A2B,9963d64ebf.jpg,0.610265419013205,0.4177186
A2B,99a51d3e25.jpg,0.8274594553922845,0.33978826
A2B,99d94af5dd.jpg,0.8370936886622458,0.22141737
A2B,9ae6552353.jpg,0.7910073272577236,0.32750183
A2B,9d58456cc3.jpg,0.7739444872648479,0.36090106
A2B,9d9a4fccfb.jpg,0.6203717428909519,0.62546307
A2B,9db9843ed1.jpg,0.7815066288352186,0.37310904
A2B,9f409e3376.jpg,0.8142095551629593,0.3001384
A2B,9fc868e864.jpg,0.7883879464016691,0.3506956
A2B,a030bc32e6.jpg,0.7534272134688845,0.31762615
A2B,a06b54dfe9.jpg,0.7114383934819871,0.3751092
A2B,a202b1b200.jpg,0.8983876674608923,0.23187776
A2B,a210ceedc7.jpg,0.8778519894993912,0.26295966
A2B,a4e4a61fb2.jpg,0.7154728459462129,0.2988946
A2B,a59f3f5b89.jpg,0.8514202028509283,0.27199095
A2B,a619072f82.jpg,0.7048899641054157,0.47584292
A2B,a6291c2a1c.jpg,0.8087176471727501,0.2281749
A2B,a642e9cb6f.jpg,0.7555094788174489,0.31448877
A2B,a7977705be.jpg,0.8388178320592224,0.29467097
A2B,a7d53885e8.jpg,0.7674181851576899,0.34343946
A2B,a885da7b52.jpg,0.8315806102320896,0.25227025
A2B,a8fbbe3eb1.jpg,0.7906231135180511,0.20646977
A2B,a96b79a93f.jpg,0.7103064195460783,0.36292487
A2B,aa76c7625a.jpg,0.6551131350290662,0.40816724
A2B,ad0101d010.jpg,0.8472251815292605,0.38915423
A2B,ad8ce41fc0.jpg,0.8251949002596688,0.23902869
A2B,b1310da865.jpg,0.8729614518307327,0.31987378
A2B,b13c0973ee.jpg,0.7533316826015309,0.32960773
A2B,b1ea5d5a7d.jpg,0.7068811809610706,0.4676854
A2B,b256e61a5d.jpg,0.8218753667087287,0.22983488
A2B,b2ce76c750.jpg,0.7265452289768372,0.4122203
A2B,b3adc75e7d.jpg,0.8404275784988781,0.316294
A2B,b44f24c048.jpg,0.7697781207470618,0.30218008
A2B,b5c2fe7c4c.jpg,0.7393013487709416,0.4790743
A2B,b76d52e05a.jpg,0.7657365233800035,0.38963497
A2B,b99546090b.jpg,0.7702754262790052,0.36357287
A2B,ba52f976af.jpg,0.7422499814570861,0.31378248
A2B,baf6efabfe.jpg,0.8073025738093651,0.22425425
A2B,bbc5ac4564.jpg,0.7961996484267707,0.3464846
A2B,bc4b364a44.jpg,0.7957574428874847,0.3789597
A2B,bf6db09354.jpg,0.8033388997900213,0.24768938
A2B,c14505c1da.jpg,0.8680230188519501,0.22235316
A2B,c1dc1a85a4.jpg,0.9090746372838887,0.2451111
A2B,c2576267d4.jpg,0.7952528302803441,0.34277612
A2B,c4622e3fb6.jpg,0.7659190007589725,0.32181033
A2B,c67ba2060c.jpg,0.718015161856855,0.41073558
A2B,c68c52e8fc.jpg,0.8325045860681403,0.24576175
A2B,c6c360756c.jpg,0.7933389045437051,0.34102038
A2B,c6c88ce9c4.jpg,0.8179374921473795,0.30364338
A2B,c78b4fa3a9.jpg,0.8541036945422638,0.16628233
A2B,c7d8142152.jpg,0.8562528570751963,0.34963217
A2B,cb50326950.jpg,0.8482693021008846,0.22827175
A2B,cb9c553ded.jpg,0.7858869548002587,0.42918256
A2B,cc2bb659f4.jpg,0.8886436476431862,0.23938216
A2B,cd6623d07d.jpg,0.7930438502625342,0.21519224
A2B,cdddf326e3.jpg,0.7311737200536584,0.5244142
A2B,ce3e0daddd.jpg,0.7165673739678111,0.5022811
A2B,ceb6cf5f31.jpg,0.9102874937983634,0.25349066
A2B,cf6488d84c.jpg,0.621372248545055,0.4291423
A2B,cfc6fce7b5.jpg,0.7745879956585079,0.32273194
A2B,d05cab011d.jpg,0.8975558398288387,0.23628132
A2B,d087730b76.jpg,0.789943538791114,0.19414158
A2B,d14c1abdd4.jpg,0.8555872495272587,0.37358308
A2B,d1d9748a64.jpg,0.7946799425386365,0.37835062
A2B,d239dae42d.jpg,0.8174138105520524,0.42582065
A2B,d4116437bb.jpg,0.8142626280148061,0.3686316
A2B,d50049fbfc.jpg,0.818036561053391,0.24032429
A2B,d5b0c260a0.jpg,0.8533345834505208,0.36975643
A2B,d6d6e625bd.jpg,0.8198673786766313,0.37912098
A2B,d729785cb8.jpg,0.7837035597053812,0.31904802
A2B,d754850d01.jpg,0.8089090790327587,0.2470268
A2B,d7948c7635.jpg,0.7925477191785766,0.40540504
A2B,d88482796d.jpg,0.8354339699505602,0.33207297
A2B,d9e8704878.jpg,0.8383454027264613,0.28584066
A2B,da72006ef5.jpg,0.8265287237031739,0.3310404
A2B,dc33f0edbe.jpg,0.6948915303490981,0.4118662
A2B,dcab49d080.jpg,0.6467244114498181,0.52532476
A2B,dcf5ea1040.jpg,0.7577456457340755,0.40672147
A2B,dd46691bd7.jpg,0.8670133030787557,0.30629227
A2B,de6f71b00f.jpg,0.7810667574895793,0.25541657
A2B,df64ac2dcb.jpg,0.8482877099587175,0.2923437
A2B,e2253b87a0.jpg,0.7243024198754682,0.30098167
A2B,e291f8144f.jpg,0.6810577419595393,0.34245348
A2B,e3112413b1.jpg,0.8605441524967347,0.3872183
A2B,e37407c747.jpg,0.7900452709413232,0.50636184
A2B,e510a74d3c.jpg,0.7654761172604764,0.42073506
A2B,e568f84fad.jpg,0.7707888038200009,0.39594656
A2B,e753318d04.jpg,0.8424269823046857,0.30930337
A2B,e88d9de918.jpg,0.8804197334501206,0.19518173
A2B,e9580cd500.jpg,0.7499763387791072,0.3295124
A2B,e9f5563817.jpg,0.8666079428072935,0.23771659
A2B,e9f686534b.jpg,0.7769807041653446,0.24938901
A2B,eb3cc5c559.jpg,0.8210056539122472,0.3228314
A2B,ec3398cef9.jpg,0.8387345983538774,0.23567781
A2B,ec78d80dbd.jpg,0.7348141667046574,0.3941812
A2B,ed597655a0.jpg,0.8274323559656059,0.4342457
A2B,ede9769cb3.jpg,0.7224225415241134,0.57366014
A2B,ee7adac58f.jpg,0.8404771936377626,0.34849617
A2B,f04c9d8e34.jpg,0.7207610985510142,0.34555918
A2B,f0884db067.jpg,0.6960930804176906,0.35653573
A2B,f0d789c4bc.jpg,0.7584207424059403,0.23961085
A2B,f4413e97bd.jpg,0.7484765600910432,0.349022
A2B,f486c1655f.jpg,0.8322316895420222,0.4621597
A2B,f7836c88eb.jpg,0.8192720266636445,0.2737883
A2B,f821791c85.jpg,0.7283398481498183,0.38754994
A2B,f84fb4516a.jpg,0.7002008776208546,0.5216062
A2B,f96a8de9f3.jpg,0.5728104746280234,0.6182686
A2B,fb3b06dcb2.jpg,0.7821585228128503,0.38348877
A2B,fb806a2a1c.jpg,0.8617748325784927,0.31278965
A2B,fb93438ff9.jpg,0.7847772430441646,0.4066304
A2B,fba982625d.jpg,0.8161955332602725,0.3638991
A2B,fc11d52502.jpg,0.8380259394836171,0.22410908
A2B,fd63a333f1.jpg,0.8596532784417796,0.23110807
A2B,fdf1530d95.jpg,0.8525456737926276,0.36509705
A2B,ffd74c77ea.jpg,0.6279661717699009,0.3115021
B2A,00068bc07f.jpg,0.6940262211286117,0.38997698
B2A,000910d219.jpg,0.7511639793806271,0.39616445
B2A,000ded5c41.jpg,0.6300371631584928,0.4336632
B2A,00104fd531.jpg,0.7151646378995591,0.3997955
B2A,001158d595.jpg,0.734049936067513,0.34878775
B2A,0033c5f971.jpg,0.7253020981097911,0.45615458
B2A,0039ebb598.jpg,0.6173214225653465,0.51173466
B2A,003aab6fdd.jpg,0.797866871564133,0.44148892
B2A,003c6c30e0.jpg,0.8212492065979992,0.34052575
B2A,00479e2a21.jpg,0.7348138515440248,0.45233974
B2A,005f987f56.jpg,0.7436959862072405,0.42068297
B2A,0080f94ebc.jpg,0.7006456860029724,0.45442048
B2A,00882b7e1d.jpg,0.5875951551681875,0.35311204
B2A,009d534136.jpg,0.792655988970545,0.3959113
B2A,009ddaed1f.jpg,0.7704035262618403,0.43019772
B2A,00aeb60e25.jpg,0.6911677778459226,0.33020118
B2A,00c6a0ad1e.jpg,0.7629939791182303,0.36157328
B2A,00dcf0f1e3.jpg,0.6414111090590288,0.32618213
B2A,00dff09ebe.jpg,0.8138098032428305,0.4135437
B2A,00e1798585.jpg,0.7904414497845559,0.33747828
B2A,00e64e1b2c.jpg,0.6931089917454643,0.33467028
B2A,00f78547f0.jpg,0.7889078536652662,0.4109654
B2A,00fcff630e.jpg,0.8450838993940869,0.45491493
B2A,01135e4771.jpg,0.8871036464051563,0.2621102
B2A,011f46de73.jpg,0.6539007230350448,0.38388368
B2A,012df5ce29.jpg,0.9016511070988792,0.23457466
B2A,01416e7ada.jpg,0.7335554331116072,0.4000785
B2A,01480da48f.jpg,0.5198598001165244,0.5118596
B2A,0159685c51.jpg,0.6525048715897059,0.5313536
B2A,015f79b672.jpg,0.7733746710267798,0.29152006
B2A,01622039ef.jpg,0.7050406154976689,0.47954646
B2A,0162322d2d.jpg,0.6367285806361941,0.37258416
B2A,016d408833.jpg,0.8159244195396493,0.34794813
B2A,016f524878.jpg,0.7927961292571875,0.26406512
B2A,017018f377.jpg,0.6005921971128534,0.5552254
B2A,01771d99c3.jpg,0.6239212337870045,0.54541296
B2A,017aacad6e.jpg,0.8076339499565042,0.4499804
B2A,018be60883.jpg,0.7553870322198138,0.4603459
B2A,018db0f253.jpg,0.6584860290720432,0.4726795
B2A,01952c7673.jpg,0.7950533658524607,0.35020846
B2A,01971e48e5.jpg,0.542196960695792,0.4868459
B2A,019cf7682d.jpg,0.8618206859030587,0.23527399
B2A,01ae8be57e.jpg,0.8104855668397604,0.26216948
B2A,01af5f8623.jpg,0.7515277110119435,0.2736566
B2A,01bce47d3f.jpg,0.7032610132579262,0.39188698
B2A,01c4f86e3e.jpg,0.5035990356431415,0.4132146
B2A,01f7a6398e.jpg,0.8702758052810015,0.32016513
B2A,02001e59af.jpg,0.8240458739851945,0.30878484
B2A,0212257854.jpg,0.812991815401288,0.39449918
B2A,021df2c226.jpg,0.5774637879557839,0.4006729
B2A,022ca16b0f.jpg,0.5380671168653101,0.4246431
B2A,023637f8fb.jpg,0.7502715896300945,0.48919713
B2A,023eed0385.jpg,0.5944720934829432,0.4075841
B2A,023f3cbb75.jpg,0.7737774261265089,0.2690034
B2A,0240a597f5.jpg,0.7227408733275185,0.51317954
B2A,024d98032b.jpg,0.8906503584777781,0.3626876
B2A,0254fc91bd.jpg,0.8044211872782917,0.37944603
B2A,02620a36f7.jpg,0.7777907606132914,0.5461707
B2A,026ac33f9c.jpg,0.7845249445032885,0.35193115
B2A,029524fd91.jpg,0.7377312332587634,0.5049663
B2A,029854a790.jpg,0.6557355065176487,0.43643397
B2A,02a1366c74.jpg,0.7435633423952943,0.32364374
B2A,02a4445906.jpg,0.5843735997037683,0.38163602
B2A,02b232fc78.jpg,0.6609513000201673,0.30826637
B2A,02c43186c8.jpg,0.7892270027181251,0.3718173
B2A,02c6c1f6a9.jpg,0.6785053849562814,0.35215533
B2A,02cd89f56d.jpg,0.869628254758815,0.4526266
B2A,02d763f1c2.jpg,0.6428230937574166,0.39020705
B2A,02ded12bbd.jpg,0.4241046859949922,0.6863323
B2A,02ea18a456.jpg,0.831713541957499,0.33071083
B2A,02ec33e094.jpg,0.6941071368834287,0.36589578
B2A,0312af1e14.jpg,0.6383703841674014,0.49932665
B2A,032389e868.jpg,0.8052871188734702,0.47394615
B2A,03242238ae.jpg,0.8531991212238765,0.42782715
B2A,0324f82fee.jpg,0.8617209419527602,0.33940804
B2A,0341fa51d0.jpg,0.677497703806273,0.60095304
B2A,0344a47135.jpg,0.7806707577890809,0.2620953
B2A,034627340c.jpg,0.8061094650479447,0.20260677
B2A,0362dd81bb.jpg,0.7031003427822506,0.28452766
B2A,0378bcc7c9.jpg,0.7294438436633698,0.2653942
B2A,03950208ff.jpg,0.7774204050956147,0.4312949
B2A,03a17d96e1.jpg,0.48339886370436946,0.52894604
B2A,03a21c1b9c.jpg,0.5351042990907589,0.3959582
B2A,03a2b7ce83.jpg,0.5855009678630215,0.45023882
B2A,03ae080a47.jpg,0.6858338971243204,0.354838
B2A,03ae26ed88.jpg,0.8449543940926891,0.33924496
B2A,03bac83f64.jpg,0.7541136950692545,0.41063824
B2A,03be88270f.jpg,0.8236538235613285,0.29267892
B2A,03c5d1d098.jpg,0.5928135789016069,0.58751786
B2A,03c9f2e3c2.jpg,0.8333665167132266,0.3744627
B2A,03c9f3d584.jpg,0.7834731366618087,0.23401211
B2A,03cc206144.jpg,0.7217868822209261,0.40270162
B2A,03d47c18a5.jpg,0.8156225284398148,0.37664455
B2A,03d6a4d860.jpg,0.6617104935708165,0.5310866
B2A,03dde7a28f.jpg,0.8459509255807475,0.416457
B2A,03e48faafa.jpg,0.8264273265166362,0.30550656
B2A,03fd7067c1.jpg,0.7699934288471894,0.41653112
B2A,03fe5d2263.jpg,0.67335473077046,0.46708608
B2A,0409e76de0.jpg,0.8304009377604364,0.46649504
B2A,0425fc7ce5.jpg,0.7269336178828776,0.3485653
B2A,042f0e804d.jpg,0.8374076002461888,0.25355458
B2A,0435dc46a4.jpg,0.7439881444840524,0.3696893
B2A,0436aaaf16.jpg,0.6781689643978982,0.44588995
B2A,04387e4338.jpg,0.5948512770053433,0.62327296
B2A,043b541b77.jpg,0.8587886903170293,0.31889528
B2A,044c1653cf.jpg,0.6730690531881628,0.3608983
B2A,0450d4f8ae.jpg,0.7504084652166825,0.35870177
B2A,0451cdb867.jpg,0.6215674100038758,0.60353506
B2A,045e937903.jpg,0.6369977413917154,0.46965858
B2A,0466d4cdf9.jpg,0.55388161482642,0.39758027
B2A,0473a25050.jpg,0.769375722473563,0.3734677
B2A,047acab66b.jpg,0.8148268077088519,0.5504217
B2A,047da870f6.jpg,0.8113384462842246,0.27963853
B2A,04838b8b1e.jpg,0.7818718098236649,0.35243523
B2A,049576d31c.jpg,0.8187483252661999,0.43562996
B2A,049b0ece59.jpg,0.8898819262829574,0.28074998
B2A,04a5fc42e1.jpg,0.8177664336616721,0.2811948
B2A,04b8bfdb1c.jpg,0.7994527488130478,0.25123614
B2A,04cb1f4705.jpg,0.7408882845852262,0.31206277
B2A,04cf8e6d5f.jpg,0.7507402907063051,0.2815454
B2A,04d7e14fbe.jpg,0.7601727172995779,0.32114542
B2A,04d91d7bda.jpg,0.6948128777402166,0.5845521
B2A,04e32c4dc1.jpg,0.7364725031501356,0.4926504
B2A,04ec8c9ec2.jpg,0.6622448859551866,0.33073792
B2A,04f59976b5.jpg,0.6778949233367652,0.27092594
B2A,04f71da37b.jpg,0.5349096795726551,0.4816728
B2A,04f72d81b0.jpg,0.8633781900614155,0.29875532
B2A,04f80539d7.jpg,0.8046229225491746,0.32433605
B2A,04fa2a606d.jpg,0.7582506991608529,0.38342857
B2A,04fa456bc9.jpg,0.7465821243579879,0.48079768
B2A,05057d04f7.jpg,0.860823068409467,0.30909425
B2A,0506726dbd.jpg,0.7442583480026014,0.43011776
B2A,050da171c0.jpg,0.6439085905132117,0.5298482
B2A,051159e33a.jpg,0.6837424857998304,0.45549035
B2A,051a7c9ae6.jpg,0.6888054010861009,0.35180455
B2A,051bde8166.jpg,0.7572101558644593,0.31826448
B2A,051c1b5ee3.jpg,0.7077287813189026,0.36007327
B2A,0529dd48c8.jpg,0.6461569983633586,0.36923194
B2A,053024baa2.jpg,0.6492937304847036,0.60061693
B2A,0541ce0c1a.jpg,0.7240040652053499,0.3393954
B2A,0547a52b93.jpg,0.6963510219995143,0.36280945
B2A,054f264b2e.jpg,0.7908153487631658,0.32001972
B2A,054f375c69.jpg,0.8475214401169336,0.331028
B2A,05557b0148.jpg,0.5771158830647433,0.41841033
B2A,055c3026f8.jpg,0.7621548454655147,0.36797825
B2A,055dac1e18.jpg,0.7815661841315236,0.31911832
B2A,055e5dca6e.jpg,0.7454014079317665,0.5523938
B2A,05646c5cdb.jpg,0.7012516244387544,0.33420482
B2A,0572f32305.jpg,0.6233135189442924,0.5471722
B2A,057d83cdee.jpg,0.7381960737453636,0.34787476
B2A,058af422c6.jpg,0.8287661597704146,0.32866716
B2A,0597c38d69.jpg,0.6627832067086801,0.359785
B2A,05a3801bed.jpg,0.7555463984453316,0.42838722
B2A,05a84fad61.jpg,0.8055914190036473,0.51876545
B2A,05c885c810.jpg,0.8068424195701696,0.30119246
B2A,05ca68299e.jpg,0.5589287716844824,0.3440653
B2A,05e37a8900.jpg,0.8761887956171783,0.3607089
B2A,05e88ecd0a.jpg,0.6450670497017654,0.38783646
B2A,05f0db4d14.jpg,0.6761477719157118,0.5347699
B2A,05f22b97da.jpg,0.8453510708979807,0.26404998
B2A,05f4b38e6e.jpg,0.7349079894983037,0.5842415
B2A,06058e6cb0.jpg,0.6454000697131691,0.5900611
B2A,0606110c45.jpg,0.8372643326863082,0.3715264
B2A,061bb611e0.jpg,0.7246754067192068,0.3580871
B2A,061f0095f0.jpg,0.7745178050372394,0.3906873
B2A,062313a97c.jpg,0.821598617545535,0.32116294
B2A,06371834cb.jpg,0.43763843166658944,0.58926094
B2A,063ab57d41.jpg,0.7946836195455048,0.25176656
B2A,064b9119de.jpg,0.7421925716497093,0.42385048
B2A,064babb7f0.jpg,0.6805105862091544,0.3681896
B2A,064f91250d.jpg,0.7269721978720882,0.550802
B2A,065b649ac7.jpg,0.6796397915503791,0.47451532
B2A,0665264678.jpg,0.8617212788993946,0.31500933
B2A,066b81e0f9.jpg,0.8223777620266375,0.324491
B2A,068381ad63.jpg,0.7836671587377237,0.4158996
B2A,068cc6fe3f.jpg,0.7181122725312808,0.30465323
B2A,0696f8142e.jpg,0.7269682265410982,0.42782006
B2A,069e6e5b82.jpg,0.6973069060794833,0.39148694
B2A,06a5930183.jpg,0.8200540921738192,0.35128686
B2A,06a9cf2d11.jpg,0.6153082107755993,0.5901722
B2A,06b2c2dfca.jpg,0.7495852055404477,0.36894643
B2A,06b8114f82.jpg,0.7351838045430883,0.45334977
B2A,06c2d19658.jpg,0.7443205922615135,0.36372286
B2A,06c549794b.jpg,0.8905291685302924,0.39402452
B2A,06c89c4c23.jpg,0.6035860046577252,0.4540418
B2A,06c9326c86.jpg,0.7454246518544739,0.42301622
B2A,06e117b31e.jpg,0.7607315470191572,0.3327667
B2A,06e156d8ba.jpg,0.7800437543430537,0.30826998
B2A,06f749912b.jpg,0.49925918858458307,0.3280217
B2A,07054731ab.jpg,0.5401196760825202,0.66053796
B2A,0709ff32ee.jpg,0.774257071575163,0.2896758
B2A,0711866dcd.jpg,0.5236044140493337,0.5697334
B2A,071c375c2c.jpg,0.7609288859224588,0.4060231
B2A,0723d52098.jpg,0.8137877823774583,0.33758438
B2A,0724805941.jpg,0.7025998844017467,0.35666984
B2A,072f1336c9.jpg,0.7039775446489214,0.42668226
B2A,07362b3f42.jpg,0.7792670183796546,0.37443116
B2A,073e8b3056.jpg,0.7252386033863211,0.43024188
B2A,074218de82.jpg,0.7288966971023462,0.43386337
B2A,074ea8cb6e.jpg,0.6716472822076687,0.37568164
B2A,07573a95f6.jpg,0.6699591529329894,0.4786455
B2A,075e8d4617.jpg,0.8228692443114407,0.27180865
B2A,0761281e3b.jpg,0.6679099166368073,0.48591927
B2A,076c62582d.jpg,0.7945234513261269,0.2835538
B2A,0770ea1a07.jpg,0.7093160218166636,0.35666433
B2A,077bf7e451.jpg,0.656277829366807,0.50386095
B2A,078cd3ce07.jpg,0.6150212593948053,0.36624134
B2A,078fd1bc42.jpg,0.6846925729696081,0.4764619
B2A,07939b1fde.jpg,0.7917554281148542,0.33943313
B2A,079da3af1e.jpg,0.7168420305692618,0.3445663
B2A,07b7fdff1b.jpg,0.6635383277779417,0.6242558
B2A,07bf7d7df1.jpg,0.8502988572455138,0.35942364
B2A,07cb260548.jpg,0.8090800125918,0.2900241
B2A,07e9bc5956.jpg,0.7215553792422743,0.3312301
B2A,07ea3a38d2.jpg,0.6449460170531571,0.5515532
B2A,07f37dfe50.jpg,0.8782035764941852,0.33961388
B2A,07f730ef9a.jpg,0.7081046267487183,0.652662
B2A,08009f0be5.jpg,0.6687540839895716,0.39269042
B2A,0811c84b0c.jpg,0.8397998502492885,0.2770528
B2A,081955febb.jpg,0.752245345239428,0.30759528
B2A,08247a7020.jpg,0.6631925883010271,0.41877222
B2A,082786cc1f.jpg,0.5333150870449436,0.32377753
B2A,08341635fa.jpg,0.6537820665419892,0.6579255
B2A,0844c2cddf.jpg,0.6567810766602072,0.42100248
B2A,0845e8dc24.jpg,0.4595902022479286,0.39602894
B2A,085c73097f.jpg,0.7059014077646824,0.4915177
B2A,0860f1e141.jpg,0.8368224995136019,0.25892004
B2A,08645ef69b.jpg,0.6398100034701407,0.3518265
B2A,087e779e73.jpg,0.7460220473576794,0.36417365
B2A,08874a6ee1.jpg,0.7260988876228972,0.45185733
B2A,088972cf3f.jpg,0.6561671802939606,0.33830452
B2A,089406822c.jpg,0.783077606780597,0.3150827
B2A,08a203b59d.jpg,0.8140616498572112,0.38018858
B2A,08acc490a3.jpg,0.6440264780715138,0.28913936
B2A,08b790bca7.jpg,0.8961835549586763,0.46253967
B2A,08c1754f70.jpg,0.7375251280832501,0.32016098
B2A,08cbd0d6c4.jpg,0.8610833192845253,0.26021466
B2A,08cbd51033.jpg,0.8174309073311113,0.3558886
B2A,08d7603c9c.jpg,0.8589270340582723,0.37808067
B2A,08da1e5774.jpg,0.8623381425256833,0.2790554
B2A,08e3354189.jpg,0.7641669378756716,0.334839
B2A,08fa88c02c.jpg,0.7357496341454448,0.24742125
B2A,08fa8a6f26.jpg,0.8085651512682039,0.429572
B2A,08fd7ac09b.jpg,0.8591754088184724,0.31230447
B2A,090d5b3cca.jpg,0.711199174728066,0.3660293
B2A,091b6b9b07.jpg,0.7835138329494933,0.36209723
B2A,0922bbb3c1.jpg,0.7919057825090555,0.2864467
B2A,0932ad9605.jpg,0.8668819027424817,0.30160552
B2A,0938dc0298.jpg,0.6139576464109316,0.59914654
B2A,0939723138.jpg,0.8007337943971927,0.31019017
B2A,093be92a48.jpg,0.8137142372938871,0.23958743
B2A,093e24f728.jpg,0.808244520596568,0.5000753
B2A,0945008455.jpg,0.8265550078663196,0.33605278
B2A,09591edd0a.jpg,0.8226818624396444,0.29618523
B2A,095bc5a33d.jpg,0.7561885140204934,0.344827
B2A,096165f6f0.jpg,0.8783148063704014,0.2935614
B2A,0962094f25.jpg,0.8216685028359901,0.2331778
B2A,0963accefe.jpg,0.871524230420974,0.30080107
B2A,096495c50c.jpg,0.746841441477249,0.38199118
B2A,096bae8cd9.jpg,0.6940670812367432,0.4095639
B2A,096da37ff7.jpg,0.9077969437846752,0.31223074
B2A,096f009762.jpg,0.7949308004019227,0.37648332
B2A,09748274a3.jpg,0.8492899144293411,0.35456464
B2A,09756af6f7.jpg,0.6856845443723345,0.4119295
B2A,097b3ce81a.jpg,0.8172256842565538,0.33212388
B2A,097d38ef3b.jpg,0.8215926501308547,0.36162156
B2A,09816286d3.jpg,0.8177604952745315,0.38334838
B2A,0984136f36.jpg,0.5540993838487565,0.58698696
B2A,098b35d919.jpg,0.7346853659045712,0.4423337
B2A,098c0ce670.jpg,0.6794382220826218,0.39315593
B2A,098fde2b22.jpg,0.7642928871716331,0.3470841
B2A,099159901a.jpg,0.6963778602743618,0.58280843
B2A,099395535c.jpg,0.6481799373994577,0.37417296
B2A,09986b5a14.jpg,0.7665600103269238,0.5136034
B2A,09a43d2264.jpg,0.801322242298841,0.33462918
B2A,09bebf108f.jpg,0.7483769634814406,0.37005198
B2A,09c874df81.jpg,0.9019066065659147,0.33010203
B2A,09d34f7412.jpg,0.8182699667002247,0.43559667
B2A,09ddb5e4c9.jpg,0.6470853766126096,0.55117387
B2A,09e084658a.jpg,0.7725929951528155,0.36947352
B2A,09e1b696b4.jpg,0.8542516300365849,0.24557221
B2A,09e2982b82.jpg,0.6157755706982855,0.582055
B2A,09e8393bd1.jpg,0.5468595570203878,0.58383346
B2A,09ec565e3a.jpg,0.7996094062390046,0.40065515
B2A,09f57ab8c5.jpg,0.7590981057132944,0.26076978
B2A,09fc404e31.jpg,0.633387642263021,0.76463425
B2A,09fcd10b7e.jpg,0.7439818238770226,0.33058283
B2A,0a0c3a6d07.jpg,0.7177319414176233,0.48958775
B2A,0a0d3e6ea7.jpg,0.77570889855961,0.38116735
B2A,0a1d1b9f8e.jpg,0.6424152155950376,0.6556138
B2A,0a271892d0.jpg,0.7053539657771818,0.3548898
B2A,0a284dbed0.jpg,0.6460757529997927,0.32302263
B2A,0a2e5f728d.jpg,0.6153708447545732,0.5998642
B2A,0a325fc655.jpg,0.6168474188816151,0.39422756
B2A,0a44c8287d.jpg,0.7425189156461965,0.5455775
B2A,0a49020ae5.jpg,0.7052180429615448,0.28922787
B2A,0a497f768d.jpg,0.7224277470578465,0.37130702
B2A,0a6091114d.jpg,0.7799926090795093,0.500328
B2A,0a6279ef66.jpg,0.8218822947851361,0.44106907
B2A,0a6e92d928.jpg,0.6092092789395805,0.31038594
B2A,0a74701f65.jpg,0.8626417222516067,0.35769188
B2A,0a7a8e30bd.jpg,0.7042163430181155,0.44694236
B2A,0a7b607c9c.jpg,0.8340994137257386,0.27402648
B2A,0a8839fac9.jpg,0.7187312761760968,0.27539167
B2A,0a996d988b.jpg,0.7667474906580456,0.22398867
B2A,0aa4202c77.jpg,0.7861473493205842,0.38191274
B2A,0aaf6960c4.jpg,0.8508229025336101,0.26818135
B2A,0abbeddf71.jpg,0.7775633449746508,0.4400809
B2A,0abbf2fd4b.jpg,0.7303364398061568,0.44829965
B2A,0ac4b6aaaa.jpg,0.8617372296201703,0.24726057
B2A,0ac84db7bc.jpg,0.5388777246699146,0.6655735
B2A,0ad13029a9.jpg,0.6227163311069005,0.43141907
B2A,0ad956708f.jpg,0.877842096143722,0.30632466
B2A,0ae5e9bfe2.jpg,0.688796900962068,0.2953329
B2A,0aec1f9701.jpg,0.8556002656067627,0.3634918
B2A,0b0bf6fe85.jpg,0.7498000893669755,0.39720345
B2A,0b1669c3ea.jpg,0.7948125078784722,0.44301468
B2A,0b21ce3df6.jpg,0.796695091249168,0.36220828
B2A,0b2454f0e3.jpg,0.7534339312822367,0.28872675
B2A,0b2f2a3e59.jpg,0.8557125651566626,0.34168103
B2A,0b3fd12ac9.jpg,0.803921987638023,0.3316176
B2A,0b461ab035.jpg,0.907886919584104,0.29519078
B2A,0b48073b83.jpg,0.736559851445146,0.38063675
B2A,0b4dbff7c8.jpg,0.8540176064263911,0.24360855
B2A,0b4f93c337.jpg,0.7871288401880087,0.40698227
B2A,0b53fd3e90.jpg,0.6943986066498353,0.38361007
B2A,0b68939003.jpg,0.8172835080076553,0.33493426
B2A,0b6b4bfc29.jpg,0.8671979109607917,0.21459426
B2A,0b91f359c5.jpg,0.6272788844306476,0.45333755
B2A,0b97d70d93.jpg,0.7443247894260898,0.32337916
B2A,0bb9d1a3cf.jpg,0.7817419358982961,0.33757728
B2A,0bcecb1330.jpg,0.6411843232778881,0.5171292
B2A,0bddd37684.jpg,0.7586510039761889,0.37760326
B2A,0bde6ba99b.jpg,0.687445088193666,0.42996472
B2A,0bdf3110dc.jpg,0.7754666684832717,0.3034753
B2A,0bede4ba4e.jpg,0.5228978811571731,0.29191542
B2A,0c18bf8536.jpg,0.8630015792748369,0.3096534
B2A,0c21bed0d8.jpg,0.5299515096360572,0.2594082
B2A,0c272fcde8.jpg,0.8197214019186989,0.31439596
B2A,0c4ebc7f6a.jpg,0.7259996694322042,0.42861816
B2A,0c64451f58.jpg,0.6506589421645839,0.51502067
B2A,0c64b00832.jpg,0.8154791178194588,0.3266067
B2A,0c696d12a2.jpg,0.8347603295673061,0.37097692
B2A,0c6b56bba9.jpg,0.786004707788062,0.35792458
B2A,0c6b63c2c5.jpg,0.6332607745940426,0.46512753
B2A,0c6c9d8ce7.jpg,0.8244555763694879,0.37545735
B2A,0c6e6b52be.jpg,0.7336165870796634,0.3415406
B2A,0c6fcdf1f5.jpg,0.5886889253327116,0.3446806
B2A,0c781e1538.jpg,0.7875234914180675,0.305698
B2A,0c7e07acd3.jpg,0.767270474359863,0.25679338
B2A,0c8a94c597.jpg,0.7542844671647013,0.34761456
B2A,0ca5b3c96a.jpg,0.8407857564402919,0.35843468
B2A,0cac1bcf2b.jpg,0.8120917474617917,0.41668513
B2A,0cae98323f.jpg,0.8190591227637527,0.2502158
B2A,0cb4144fbb.jpg,0.5182363465473754,0.67671597
B2A,0cb6683555.jpg,0.85095434370209,0.28703865
B2A,0ccbcfcf65.jpg,0.7905644277286314,0.33802706
B2A,0cda2627bf.jpg,0.7890513818493441,0.4539603
B2A,0cdfbb28e6.jpg,0.49775442574717416,0.46240732
B2A,0ce227ee32.jpg,0.6200142089343753,0.3947253
B2A,0cec4d02a7.jpg,0.5861532714780677,0.40235898
B2A,0cecce2e24.jpg,0.8029215382714465,0.44968688
B2A,0cf495d82e.jpg,0.6995585511343451,0.5237495
B2A,0cf4dc75d0.jpg,0.7433866704003584,0.36126634
B2A,0cfe85f73d.jpg,0.828051914303533,0.3738386
B2A,0d11463712.jpg,0.7323426921406828,0.45762867
B2A,0d1a5b6882.jpg,0.7957184643872915,0.5200594
B2A,0d23431254.jpg,0.6805058770116685,0.34660217
B2A,0d2583e3ea.jpg,0.6766135933601608,0.34861162
B2A,0d2ed7fb8e.jpg,0.7505082801571491,0.3187362
B2A,0d2f9d322d.jpg,0.5935904280290658,0.5154098
B2A,0d3752b4ad.jpg,0.7030101086772713,0.39954644
B2A,0d423f52fd.jpg,0.834156143999724,0.35559565
B2A,0d59054b30.jpg,0.7476663297409125,0.35570177
B2A,0d593e3752.jpg,0.7249085158638259,0.4271172
B2A,0d64ca5ecf.jpg,0.8540198569612484,0.3733205
B2A,0d6ba5d215.jpg,0.6908933570600319,0.5055897
B2A,0d6c81cbc2.jpg,0.8388495509897412,0.40072602
B2A,0d6f893bc7.jpg,0.7924529593043997,0.31671882
B2A,0d7c5d97ac.jpg,0.8317403493474913,0.44556367
B2A,0d80b97eb4.jpg,0.7619563283821023,0.39688364
B2A,0d859e1630.jpg,0.6668681994107813,0.58576375
B2A,0d89393fe0.jpg,0.8262236641370866,0.25811586
B2A,0d8c66b24e.jpg,0.7995263834323625,0.29312938
B2A,0dd016afa5.jpg,0.8528025951925998,0.28922352
B2A,0dd4041294.jpg,0.8780302106468464,0.3559742
B2A,0dd5085fdf.jpg,0.93807678223271,0.41592467
B2A,0dde3f8ee7.jpg,0.8009676030871307,0.32719684
B2A,0de8320918.jpg,0.6379228023669679,0.41219422
B2A,0de920c5bf.jpg,0.9049534174172281,0.32196376
B2A,0debce885b.jpg,0.613615489496366,0.5105781
B2A,0df35db4a2.jpg,0.7575484427754275,0.5533183
B2A,0df9a45c26.jpg,0.5986919572643312,0.4287682
B2A,0e003670f7.jpg,0.5896836053138637,0.5636245
B2A,0e0577ec3a.jpg,0.5772461000705335,0.47005463
B2A,0e0a660bb8.jpg,0.8330484704662203,0.42267984
B2A,0e0bdef20a.jpg,0.7141634904446855,0.34153247
B2A,0e1230a330.jpg,0.7206234103838577,0.50227684
B2A,0e13d9c6f4.jpg,0.7930299260729036,0.35803312
B2A,0e23057337.jpg,0.8745409029544473,0.3759404
B2A,0e2610ef33.jpg,0.6801186082289362,0.5174168
B2A,0e441b3c17.jpg,0.8232721058432202,0.37965113
B2A,0e4c7d5e15.jpg,0.8713967363274441,0.3308457
B2A,0e4ec46846.jpg,0.7643165841128329,0.4462903
B2A,0e5afbada4.jpg,0.7867555215457878,0.36660594
B2A,0e750aaed9.jpg,0.8492991247952368,0.33124596
B2A,0e8eb4587e.jpg,0.8475502750978827,0.33486068
B2A,0e95c87f76.jpg,0.7079640723360994,0.3564933
B2A,0e983a3ef5.jpg,0.750374366104867,0.51159453
B2A,0eaa8d71f6.jpg,0.8013437557266322,0.4020936
B2A,0eb3c8892a.jpg,0.4537461081820787,0.5991301
B2A,0eb810429d.jpg,0.6115097348279158,0.7005895
B2A,0eddbbb35c.jpg,0.8277486122107737,0.32563066
B2A,0f1e6530bc.jpg,0.754501508321576,0.3084443
B2A,0f35be9cbb.jpg,0.8291320600142008,0.36878365
B2A,0f3757e6cd.jpg,0.7331665734936408,0.5736857
B2A,0f3ed210c0.jpg,0.9071028964333512,0.3169019
B2A,0f5228f2a6.jpg,0.8479640538557858,0.2470582
B2A,0f58899ce1.jpg,0.8014540555147025,0.33225995
B2A,0f819ab838.jpg,0.7750123472056841,0.44568473
B2A,0f8e316a87.jpg,0.8703450212742182,0.3434412
B2A,0fa29829f2.jpg,0.5282162974110212,0.55395854
B2A,0fa5629898.jpg,0.8542666531082733,0.26070207
B2A,0fb1ca7fe1.jpg,0.7264328959171275,0.39689416
B2A,0fbcbeddd5.jpg,0.738080712017681,0.31586742
B2A,0fca1c304e.jpg,0.7635734511089051,0.35843706
B2A,0fccbd8558.jpg,0.8276337133556428,0.29640588
B2A,0fd7cd6092.jpg,0.7418363326383206,0.30139184
B2A,0fdcf56678.jpg,0.81856995558009,0.35086
B2A,0fe76a9ec9.jpg,0.7764635711272636,0.39610028
B2A,0fef77210a.jpg,0.7140682844879277,0.5410315
B2A,10118ae431.jpg,0.7045897243971787,0.50396734
B2A,101a1f34db.jpg,0.7170577961516594,0.5091117
B2A,101a5ad83d.jpg,0.8482881739548762,0.31655982
B2A,101c59feab.jpg,0.8251627851361114,0.32628804
B2A,101d00677e.jpg,0.8473670918247274,0.33127797
B2A,102c9065a7.jpg,0.7399318883488785,0.37185127
B2A,102da9e0bf.jpg,0.7876784472972059,0.45752382
B2A,10371b9044.jpg,0.7924832219388194,0.30667228
B2A,1037993785.jpg,0.8024746956023454,0.3448888
B2A,104204fa3f.jpg,0.7750973466232485,0.3328545
B2A,105ac2e395.jpg,0.8066348574107596,0.400385
B2A,106091e966.jpg,0.7957271768513594,0.38959372
B2A,1064e8c2fc.jpg,0.8710972285226445,0.30424187
B2A,10729e0962.jpg,0.603398637884801,0.33315682
B2A,1076bdc405.jpg,0.6202391893504694,0.5454836
B2A,107769ed33.jpg,0.7867965172103515,0.38544494
B2A,1079a7abe1.jpg,0.7792482043734267,0.42351487
B2A,108d3336bd.jpg,0.823574066003308,0.28862423
B2A,108f57c580.jpg,0.7695593691404853,0.48804855
B2A,1097dcc82e.jpg,0.7634379322579438,0.463699
B2A,10ab9fcfcb.jpg,0.5590986047667456,0.7170792
B2A,10e101cae7.jpg,0.7945898060172448,0.35985652
B2A,10e79c0f04.jpg,0.6036505074066019,0.30909365
B2A,10f3bc8893.jpg,0.7480085018969117,0.5768623
B2A,1106610965.jpg,0.8961646925542307,0.37258562
B2A,11068aa40b.jpg,0.5882748386534032,0.43691704
B2A,110d660fee.jpg,0.8546085514177898,0.33732703
B2A,112f088373.jpg,0.6462545220763667,0.44842476
B2A,113444c0c2.jpg,0.8583332754294561,0.27104416
B2A,1138db3be9.jpg,0.729462172611424,0.29152313
B2A,114692dc5b.jpg,0.87194632265974,0.288719
B2A,1151c9b98d.jpg,0.6666511866187966,0.441032
B2A,115cd21c1c.jpg,0.6521646954770227,0.4500965
B2A,115cd80f74.jpg,0.7295359319202047,0.4384984
B2A,115f221c2a.jpg,0.6012234762205381,0.44425657
B2A,115f43bae3.jpg,0.784374230421574,0.35294265
B2A,117281b37b.jpg,0.8083731193865659,0.3277082
B2A,1172d3e228.jpg,0.7577499419972301,0.45484868
B2A,117d70bd19.jpg,0.6092486110329602,0.74323606
B2A,117e2a807d.jpg,0.6319337046338328,0.4068991
B2A,1193c043d7.jpg,0.7195034342024352,0.40499258
B2A,11bcbf0f67.jpg,0.8775817413490491,0.29430604
B2A,11c1de8b75.jpg,0.7824563878461837,0.3661576
B2A,11c24d756f.jpg,0.6479957495776542,0.44005388
B2A,11cc678dbf.jpg,0.8645345943056401,0.38123906
B2A,11d4cd762d.jpg,0.7530989200134734,0.48203203
B2A,11d713b4ee.jpg,0.6193539319167561,0.5253521
B2A,11e25d3dc4.jpg,0.6863007942623855,0.2639995
B2A,11f13ca69e.jpg,0.7674529630283051,0.343401
B2A,11f482a716.jpg,0.7452082287288799,0.3503797
B2A,11feb29e6a.jpg,0.6627899344999609,0.33479834
B2A,1216dc1ffe.jpg,0.6523006124332681,0.3401554
B2A,12193672ba.jpg,0.7490276469288906,0.46870568
B2A,122f944d40.jpg,0.6476466510611897,0.42439485
B2A,1235e32fb2.jpg,0.6420293029081571,0.40435
B2A,123714f71c.jpg,0.7982607718679877,0.29548275
B2A,1240cc6f83.jpg,0.5565441678543404,0.6255137
B2A,124244310e.jpg,0.7832960360658345,0.2858284
B2A,124dda3622.jpg,0.7780984193930233,0.36494827
B2A,125fd9187b.jpg,0.7041978517900557,0.6171801
B2A,12672ab41c.jpg,0.8197959004037082,0.38195533
B2A,126fb64cb8.jpg,0.7385763190063525,0.3317488
B2A,1285f93747.jpg,0.8047764951560858,0.4382275
B2A,129823154f.jpg,0.7867516067960384,0.4930744
B2A,129df5c60c.jpg,0.6618373250084734,0.42578644
B2A,12ae4ffbb5.jpg,0.6095734771530606,0.38036844
B2A,12b2a8d1fc.jpg,0.7403555490655178,0.43912178
B2A,12b302b5f1.jpg,0.7863636955597202,0.32025698
B2A,12c5ce9b42.jpg,0.762420935409826,0.3298297
B2A,12c65cd54c.jpg,0.8869587449718056,0.29601234
B2A,12cb4d2917.jpg,0.6912162197002125,0.46772626
B2A,12cc0ffc15.jpg,0.8040732073032193,0.40045154
B2A,12d0476b93.jpg,0.6201356058977934,0.39487666
B2A,12e9b80b70.jpg,0.794737719779412,0.25393224
B2A,12f09c6efe.jpg,0.8212088174100844,0.3879874
B2A,12f74378d4.jpg,0.8607352413995191,0.31467217
B2A,12f9c1a7b5.jpg,0.7019418027443518,0.36938515
B2A,13048dfacf.jpg,0.6565718673399661,0.5266118
B2A,13173bc6b5.jpg,0.683538108132821,0.40595382
B2A,13219b2462.jpg,0.7978546949780015,0.3182456
B2A,13328c1504.jpg,0.8940740387554695,0.32154238
B2A,133adbd41e.jpg,0.8085385743097493,0.3218353
B2A,134f611db2.jpg,0.8145981316641026,0.45262796
B2A,1355735108.jpg,0.8874523976416819,0.37971354
B2A,1363fc8268.jpg,0.7473869444624329,0.5402609
B2A,1365922bc1.jpg,0.7732826924249708,0.23404005
B2A,13671d11f9.jpg,0.8378146921968769,0.3130076
B2A,1379cdd516.jpg,0.6559620053632049,0.4905353
B2A,13829b20dd.jpg,0.7950962132611714,0.32999182
B2A,13888541b7.jpg,0.8191729037849536,0.4950818
B2A,13892d15e5.jpg,0.7553224663388028,0.47595298
B2A,138a069c6c.jpg,0.657932993370082,0.26944292
B2A,138c350c89.jpg,0.8099235541781596,0.2724387
B2A,13bbd45d01.jpg,0.8654215235778826,0.40508407
B2A,13c0555eab.jpg,0.7429892447905485,0.33807212
B2A,13c3b0e711.jpg,0.8628559127811675,0.2741156
B2A,13e3480e01.jpg,0.847426378354476,0.3303118
B2A,13f4f7168a.jpg,0.8738412005271696,0.25116813
B2A,13fec527bb.jpg,0.7849504549364771,0.33826268
B2A,140f195fbc.jpg,0.8070530335213856,0.3384398
B2A,14135c74d7.jpg,0.7764845787272319,0.5682801
B2A,141ade2afb.jpg,0.5407861891238396,0.5194882
B2A,1421d11393.jpg,0.7337024298185921,0.3506847
B2A,142cda27d9.jpg,0.7984122970088969,0.42081237
B2A,1432b7355d.jpg,0.821967730877915,0.34626082
B2A,1437a4d5f9.jpg,0.6366019485915252,0.6172671
B2A,1444ac5586.jpg,0.6254072680044038,0.39145428
B2A,1451c82e2f.jpg,0.8634738992515938,0.30924568
B2A,1467b3a6ac.jpg,0.731870479083226,0.4315186
B2A,1476b02998.jpg,0.8302037756670879,0.33354202
B2A,14804e18f9.jpg,0.6826958644300564,0.37637234
B2A,14860c3bed.jpg,0.7791797967700096,0.4390456
B2A,1491d9367b.jpg,0.8824019886386804,0.30574617
B2A,1499400929.jpg,0.7033889266253749,0.30193362
B2A,149e367310.jpg,0.6707188463482132,0.4881577
B2A,14a7686f98.jpg,0.7248828507160638,0.35947442
B2A,14a95bb688.jpg,0.5653606244940206,0.61346376
B2A,14ac55e78e.jpg,0.8706918202033901,0.36751255
B2A,14b92a85f3.jpg,0.8101309982138187,0.29050475
B2A,14bcc3cdad.jpg,0.733908797489864,0.3130494
B2A,14c0e95507.jpg,0.846655653080067,0.39142597
B2A,14c38e1c2e.jpg,0.8177541259673347,0.4275401
B2A,14fa7a9b31.jpg,0.7741332213585463,0.41649175
B2A,14fe889824.jpg,0.8556478743238322,0.26643756
B2A,151cb3c6ff.jpg,0.7256767976649356,0.34532934
B2A,1531eae642.jpg,0.5565268455144649,0.5520977
B2A,153bb660da.jpg,0.7833024298003118,0.31662858
B2A,153e1ec171.jpg,0.7661779595467644,0.38415432
B2A,153f59d4cb.jpg,0.700136447477516,0.41312304
B2A,156540ebe1.jpg,0.7223637144099934,0.29897404
B2A,1569489edb.jpg,0.8078616658215555,0.32562506
B2A,156cf5822e.jpg,0.7355319809539697,0.43811995
B2A,15769de345.jpg,0.7866131508097426,0.36873716
B2A,157ee68b71.jpg,0.7418205372868452,0.42281225
B2A,1581f3755e.jpg,0.802662059499207,0.38211563
B2A,1582ec589d.jpg,0.8249943705508966,0.28459036
B2A,159b3f002f.jpg,0.7914254175167681,0.38703197
B2A,159baa9c2b.jpg,0.6737302732106044,0.5421017
B2A,159c19456b.jpg,0.8047324775872349,0.39691514
B2A,159e0baf13.jpg,0.608078037845188,0.5150446
B2A,15a51e4dbe.jpg,0.7134973516924985,0.32706136
B2A,15a9b54b5f.jpg,0.6821586949347205,0.36071345
B2A,15abe5af92.jpg,0.8504337993783286,0.5283722
B2A,15b1f01b86.jpg,0.8631987519772529,0.31137002
B2A,15b9563151.jpg,0.6631102442979402,0.40402374
B2A,15cb21df1a.jpg,0.7726172153873192,0.5855414
B2A,15cca6975b.jpg,0.7542576911528783,0.27143106
B2A,15d8655b4f.jpg,0.6480859113956154,0.34805024
B2A,15f7238855.jpg,0.7276050958754917,0.39900374
B2A,15f862b305.jpg,0.837455947816874,0.28732812
B2A,160c560e5e.jpg,0.5392262609500448,0.55115044
B2A,160d920b63.jpg,0.7885820855456507,0.3121081
B2A,1615de2bd0.jpg,0.7999825755855655,0.3350273
B2A,161b3c519e.jpg,0.7625163230957124,0.3306736
B2A,163669cbd0.jpg,0.6736608287983145,0.45126075
B2A,164492cfa7.jpg,0.7887953413060992,0.32845935
B2A,1645d08cab.jpg,0.7205682679104032,0.5852089
B2A,164ebc7900.jpg,0.9238794327536866,0.21570116
B2A,165dfb6cd0.jpg,0.6418258464540955,0.4129249
B2A,1665a48def.jpg,0.7142887562145139,0.37034535
B2A,1675879297.jpg,0.7596613538292333,0.46167448
B2A,1676f96061.jpg,0.7504622424181664,0.34853294
B2A,1688783462.jpg,0.7803812283098406,0.2776035
B2A,1694e5637b.jpg,0.8909067272108849,0.34290606
B2A,16963c4f89.jpg,0.7876169535767757,0.38299012
B2A,169c381352.jpg,0.8496997167571394,0.34188795
B2A,169f8a8503.jpg,0.6830215287493062,0.4598148
B2A,16a0c8ed23.jpg,0.8411611124757469,0.33257377
B2A,16a3dd9695.jpg,0.47695048858587236,0.45082617
B2A,16a666edff.jpg,0.5445176001781957,0.6917685
B2A,16a7a9fc44.jpg,0.5878802359813342,0.40879697
B2A,16ab6bc622.jpg,0.9657726391373616,0.28059012
B2A,16b3067a86.jpg,0.6847976248917861,0.50754875
B2A,16b3ea1e00.jpg,0.646487700661119,0.5373662
B2A,16b74bd37f.jpg,0.8417730143353375,0.36597705
B2A,16c119b3c7.jpg,0.723555025606626,0.31278628
B2A,16cd6cbc68.jpg,0.8549939631138002,0.24040721
B2A,16d8cafb5b.jpg,0.6195366179504667,0.779519
B2A,16d9624078.jpg,0.6081577001954728,0.37879425
B2A,16de17a9aa.jpg,0.7664291738577785,0.2906282
B2A,16de6b603c.jpg,0.833237611196863,0.28424445
B2A,16ded6f738.jpg,0.6228550276568818,0.52795565
B2A,16dff1b77f.jpg,0.8553879631478224,0.24943557
B2A,16e764f509.jpg,0.7754678344945481,0.42025882
B2A,16f0c49f22.jpg,0.8363100268252821,0.34482875
B2A,16f3703756.jpg,0.814667349486661,0.28128362
B2A,1701c26348.jpg,0.7535537875148276,0.31351984
B2A,17028b1e92.jpg,0.579745973509012,0.45145607
B2A,170434d3dd.jpg,0.8602524159024441,0.41153973
B2A,170dbca136.jpg,0.8250229233969343,0.32839626
B2A,17167ea036.jpg,0.851946991330956,0.23341589
B2A,172a0707b2.jpg,0.5306347845427853,0.55132174
B2A,17315bdc5b.jpg,0.862948678602153,0.28786558
B2A,1735a91a3d.jpg,0.8707020258979322,0.39813524
B2A,17398e5a2a.jpg,0.6853744941466785,0.3621798
B2A,17499b0283.jpg,0.8217922121332412,0.3346346
B2A,174ded9426.jpg,0.8575005763564552,0.29302257
B2A,174f0355a6.jpg,0.8096845310882823,0.38979107
B2A,17592a1017.jpg,0.7842404629866756,0.5141428
B2A,176050474a.jpg,0.6670937329785428,0.37770292
B2A,1764393c0e.jpg,0.6985200684753445,0.5521523
B2A,17674de2d5.jpg,0.7371054381489939,0.41301924
B2A,176bec46aa.jpg,0.816151737153201,0.2651698
B2A,176d0e5c75.jpg,0.7601244775808158,0.40684146
B2A,1771b7c478.jpg,0.7661655609416019,0.38315934
B2A,1774482049.jpg,0.8178750855365134,0.30800432
B2A,1779a8225f.jpg,0.7533307535684695,0.40093735
B2A,1789a61138.jpg,0.6194659374789433,0.52270025
B2A,178d33e084.jpg,0.7744308610172598,0.3898333
B2A,17924dd78d.jpg,0.8688397994351781,0.3638917
B2A,179af606cb.jpg,0.8643357705495706,0.33302215
B2A,17a199a709.jpg,0.7082244315292774,0.32729095
B2A,17a8bd8ba4.jpg,0.684228891844416,0.39159447
B2A,17b7569c29.jpg,0.7741569964862149,0.47743702
B2A,17c8c9072a.jpg,0.9037283831311286,0.24898864
B2A,17ce3a201d.jpg,0.8776862601720046,0.3072348
B2A,17cf077f45.jpg,0.6130429970259886,0.4909085
B2A,17d4e23d9f.jpg,0.6585830536712453,0.8562565
B2A,17d896fd14.jpg,0.6765324870369044,0.48424816
B2A,17dbf8cf56.jpg,0.8733854631546579,0.38880536
B2A,17e149928d.jpg,0.8491082350978489,0.26561347
B2A,17eb22711b.jpg,0.8222281131585553,0.298598
B2A,17f8f4d5d9.jpg,0.7589714832102863,0.42305592
B2A,17f92dd71b.jpg,0.7731228647155745,0.40395346
B2A,180e1881bc.jpg,0.8839040463781942,0.26555747
B2A,18162a62a3.jpg,0.7848099844753602,0.42986438
B2A,181a53c38a.jpg,0.6492978497463032,0.5617111
B2A,181f424335.jpg,0.6189379532038459,0.42027846
B2A,182690bc45.jpg,0.5716992854202437,0.3193217
B2A,182846af47.jpg,0.633719132889389,0.565117
B2A,1838bcc8fa.jpg,0.6476632213778168,0.39743555
B2A,184a433ce3.jpg,0.7119794202165508,0.45623153
B2A,185f8da469.jpg,0.7928117592032979,0.37041876
B2A,186035e2a8.jpg,0.8740104980821995,0.2706028
B2A,1866c56f7a.jpg,0.6295547282990532,0.46830142
B2A,186e98dcb8.jpg,0.8366068338179857,0.36726972
B2A,1883fcfb3e.jpg,0.8319617630124062,0.37505972
B2A,1884a2a37d.jpg,0.5339347931987004,0.4516377
B2A,18880e913d.jpg,0.49395867432422563,0.56757575
B2A,188b7f6310.jpg,0.8460005222920604,0.30553213
B2A,1893ce79ce.jpg,0.572507880251395,0.62838876
B2A,1894c178ea.jpg,0.5356787999955899,0.47635186
B2A,1897b7b118.jpg,0.6409628430178741,0.47550368
B2A,189ae3f5a7.jpg,0.6405121200411485,0.42142925
B2A,189ee6859e.jpg,0.7828969182833633,0.3662861
B2A,18a275b358.jpg,0.8285745487684297,0.3238251
B2A,18a4ee0991.jpg,0.8164158065654006,0.27690458
B2A,18aca60c06.jpg,0.6385894037951348,0.4822972
B2A,18ae840f5d.jpg,0.7275030357217325,0.38704762
B2A,18b2d7a2ef.jpg,0.7383768804626736,0.5157918
B2A,18c6b5b73b.jpg,0.8657245681845133,0.26471025
B2A,18ca544c78.jpg,0.7946028969034914,0.36254987
B2A,18e384cfff.jpg,0.7873194915031969,0.2873775
B2A,18e571a627.jpg,0.7770814757676243,0.3425383
B2A,18ea7c98b1.jpg,0.8720787062034933,0.23773883
B2A,190633c073.jpg,0.8715249842906353,0.4914484
B2A,1912f08cb1.jpg,0.8652313447745219,0.34945205
B2A,19182d3849.jpg,0.740168644318786,0.2983256
B2A,1921b26eea.jpg,0.7274697158951262,0.49939677
B2A,1925109fdd.jpg,0.63979324789034,0.56275594
B2A,192682abdf.jpg,0.7869716822560082,0.4134532
B2A,192caaa1bf.jpg,0.8239615789651362,0.3505269
B2A,1936e1dcb4.jpg,0.832769890668558,0.3345847
B2A,193b4cdb27.jpg,0.8306894553829649,0.35339254
B2A,193f3266fb.jpg,0.5496571335021758,0.7274015
B2A,194bb9f6ed.jpg,0.6868057050268642,0.46562025
B2A,19525a17e2.jpg,0.7312991761190168,0.35201323
B2A,19592a5fbf.jpg,0.7431959845452726,0.45113176
B2A,1960283fd5.jpg,0.6974111034365859,0.34890163
B2A,1966101984.jpg,0.8456834379183547,0.3294062
B2A,196a6875a7.jpg,0.7113565429684652,0.52808815
B2A,196e2c07aa.jpg,0.7966240207533853,0.4455482
B2A,1970faab6a.jpg,0.8642500140261806,0.4006238
B2A,1977b66f96.jpg,0.6450266026391718,0.44294247
B2A,197dc21bdb.jpg,0.748258011677543,0.38521788
B2A,19801ae9ab.jpg,0.7415116737804291,0.3724609
B2A,1986fa52f5.jpg,0.6248766247298756,0.5896165
B2A,198cad00d4.jpg,0.7247403156511373,0.29100937
B2A,19918a1d5c.jpg,0.9031207292396233,0.28503653
B2A,1998700449.jpg,0.6108018832842281,0.411299
B2A,1999225d11.jpg,0.7263317271964608,0.45819676
B2A,199a3e859f.jpg,0.7179039291298329,0.36299968
B2A,199d0b8782.jpg,0.7784785646403072,0.36889926
B2A,19a7361b2a.jpg,0.6562492998811782,0.60384285
B2A,19b0fbeba0.jpg,0.8576187977545038,0.48597574
B2A,19b944dbbf.jpg,0.709850034813213,0.5016988
B2A,19b98e5663.jpg,0.7045279544096088,0.6409647
B2A,19bad1225f.jpg,0.4833215917937619,0.39935505
B2A,19bd14d30e.jpg,0.6678225543500736,0.36421108
B2A,19be535e5f.jpg,0.7348079609503447,0.39831227
B2A,19c277c363.jpg,0.6696957635888966,0.41961607
B2A,19c8301d67.jpg,0.7866318120142404,0.36518756
B2A,19e7940d94.jpg,0.7126551599702766,0.2094348
B2A,19e8b9b328.jpg,0.7698296665337973,0.32879803
B2A,1a23085db7.jpg,0.6654083539486347,0.36463135
B2A,1a2542d28b.jpg,0.792079213712951,0.33801544
B2A,1a25f82753.jpg,0.8295867940941631,0.4757947
B2A,1a27cb4cba.jpg,0.8051283451334554,0.43120167
B2A,1a2cd9ea8c.jpg,0.5350092427021101,0.40031156
B2A,1a3b1a3da9.jpg,0.7480637013014474,0.50163937
B2A,1a4213d2ce.jpg,0.7564338703714456,0.3128086
B2A,1a4491cef2.jpg,0.7098215852629085,0.60343766
B2A,1a45b8c270.jpg,0.7649212741578946,0.4318794
B2A,1a5041d9ed.jpg,0.641982649142072,0.6117096
B2A,1a5cf3b632.jpg,0.8443249987762194,0.32590485
B2A,1a6013cba4.jpg,0.8034505063404755,0.35303545
B2A,1a61870a06.jpg,0.7319865263480355,0.31984502
B2A,1a6b4e9e13.jpg,0.7891795577499678,0.46719533
B2A,1a7af9964c.jpg,0.8069541788103243,0.42438188
B2A,1a8633fbb9.jpg,0.8448931935751849,0.33318135
B2A,1a892680fb.jpg,0.7121927854258782,0.3162269
B2A,1a8c1a7995.jpg,0.6194091112611249,0.3525616
B2A,1a8c9e6c4c.jpg,0.7527493942730552,0.38566226
B2A,1aa0d1c558.jpg,0.6145099894013509,0.54162306
B2A,1aa8abd685.jpg,0.682594877353675,0.5001527
B2A,1ac1673452.jpg,0.893828321896714,0.34534603
B2A,1ac35e7dc8.jpg,0.7025847939322756,0.41480017
B2A,1ac5876376.jpg,0.7478216343233435,0.3255937
B2A,1acb4c14ce.jpg,0.6817095973655573,0.51594573
B2A,1acb4d1d54.jpg,0.8154773622888122,0.4252717
B2A,1ad17703ce.jpg,0.7079514184037835,0.31942528
B2A,1ad8701262.jpg,0.7028802688877165,0.3755886
B2A,1ae03b00e7.jpg,0.6806775906672711,0.45534018
B2A,1ae342cd57.jpg,0.6941880889568675,0.26055405
B2A,1b062b66a7.jpg,0.6146079023456927,0.6718424
B2A,1b118a066b.jpg,0.7591636399384352,0.43405926
B2A,1b129b65db.jpg,0.6662027101346242,0.39926192
B2A,1b12cf626f.jpg,0.8852104092803917,0.28528494
B2A,1b3e398db7.jpg,0.8035743765120177,0.34923583
B2A,1b4e94ffbd.jpg,0.7725100398936983,0.35022667
B2A,1b4f115bdd.jpg,0.6626833495480098,0.507162
B2A,1b5e8cedda.jpg,0.6567224776768587,0.40976572
B2A,1b66416060.jpg,0.818700641807651,0.32038796
B2A,1b6a1a7e94.jpg,0.6667811980975259,0.33641708
B2A,1b6d7b4e65.jpg,0.6177595214277363,0.45731223
B2A,1b72549327.jpg,0.6507170492300326,0.50294566
B2A,1b770229f3.jpg,0.77191911349648,0.41616136
B2A,1b961a3a39.jpg,0.6136685467827915,0.501545
B2A,1b98321823.jpg,0.667146914607224,0.41818428
B2A,1b987c577e.jpg,0.7844887171933768,0.3153252
B2A,1baa6a3895.jpg,0.6725019154135131,0.32071403
B2A,1baf74b1a7.jpg,0.8067887886036554,0.39950076
B2A,1bb75f970a.jpg,0.7311899279033135,0.49245527
B2A,1bb8674fbf.jpg,0.6666505987198051,0.46436393
B2A,1bba0654b7.jpg,0.866468299491813,0.28565028
B2A,1bbaea3e6b.jpg,0.6001096930308716,0.5289773
B2A,1bc105b0b9.jpg,0.6163639983524518,0.5541302
B2A,1bc290729f.jpg,0.7171877054858946,0.3796565
B2A,1bc9fc642d.jpg,0.5922314502676278,0.63479626
B2A,1bccaf17e5.jpg,0.677598977934333,0.41762343
B2A,1bd527d6a0.jpg,0.5842201846570625,0.4624581
B2A,1bd7be0503.jpg,0.668806408448262,0.45703626
B2A,1bd8b4f799.jpg,0.8217022168393943,0.3694985
B2A,1be016515b.jpg,0.8956060784920624,0.33142057
B2A,1be0fa86b5.jpg,0.5608009978246982,0.44808605
B2A,1be6584349.jpg,0.8259316089618992,0.3648193
B2A,1bf60182b2.jpg,0.8182139027375337,0.38163748
B2A,1c0ea0fe1b.jpg,0.6912633814735483,0.39094138
B2A,1c1f697d7e.jpg,0.7401815518111718,0.4799346
B2A,1c3c1aca33.jpg,0.8508002480900188,0.30489367
B2A,1c434baf43.jpg,0.7539988453345667,0.3882235
B2A,1c4de511e1.jpg,0.7075616745997866,0.7890815
B2A,1c5cc22c2c.jpg,0.8574000963028716,0.27291352
B2A,1c5ce714cc.jpg,0.7277148203874819,0.25799048
B2A,1c64f657f4.jpg,0.5924778076814892,0.54771173
B2A,1c69470718.jpg,0.6272266463805953,0.3997187
B2A,1c6eed59f5.jpg,0.720340337226762,0.5842763
B2A,1c707e6132.jpg,0.7698926715550556,0.3307905
B2A,1c75256206.jpg,0.7494408083978861,0.52443004
B2A,1c7b3cdedc.jpg,0.7471012075073458,0.2921694
B2A,1c807fee79.jpg,0.6991292520134379,0.3247729
B2A,1c84f1179c.jpg,0.6430895450529392,0.4946416
B2A,1c863100b1.jpg,0.5537738538703617,0.3185059
B2A,1c88080a3f.jpg,0.5844579612957139,0.3552032
B2A,1c95a45486.jpg,0.7187579599254763,0.4426626
B2A,1cb96210e6.jpg,0.5969076745972016,0.4974911
B2A,1cb9d045d8.jpg,0.6508937607553966,0.53857005
B2A,1cc26c48b8.jpg,0.7751246475183332,0.3532322
B2A,1cd5acea15.jpg,0.8286050453870994,0.4086369
B2A,1cdb990c46.jpg,0.684126262610481,0.37454683
B2A,1ce3cb350d.jpg,0.7030943448151006,0.34315425
B2A,1cea1bf43d.jpg,0.7112540951438124,0.43159103
B2A,1cf711c1d1.jpg,0.6783447923294657,0.49770936
B2A,1cfe6aba33.jpg,0.8916929701185442,0.35102278
B2A,1d0aecbd16.jpg,0.7984755891248942,0.44759592
B2A,1d0f76765b.jpg,0.590732464613418,0.6266235
B2A,1d17249a0f.jpg,0.7070664403885771,0.36388275
B2A,1d19c4bc7e.jpg,0.7287772608085333,0.35125017
B2A,1d205c56c5.jpg,0.8230204352652974,0.41319793
B2A,1d3446f22b.jpg,0.8147802306162568,0.38268417
B2A,1d38a9bee0.jpg,0.6783867490089659,0.5335263
B2A,1d3fb25bad.jpg,0.8283641443808111,0.31705418
B2A,1d40d5d6ca.jpg,0.7721362454503238,0.29138127
B2A,1d44f79c1c.jpg,0.8849182652960905,0.31659722
B2A,1d46709e18.jpg,0.8098617707256359,0.44691974
B2A,1d53ac5a9f.jpg,0.8542555754788248,0.40815988
B2A,1d57118b49.jpg,0.6943724799897175,0.45608312
B2A,1d584ad062.jpg,0.8640387069481423,0.25462672
B2A,1d5aa09f6b.jpg,0.5846300655322715,0.33817667
B2A,1d5c4b80c6.jpg,0.613554764334691,0.5399808
B2A,1d5cf63313.jpg,0.6027981388001455,0.28843668
B2A,1d5d4a0729.jpg,0.7447165424633688,0.42355555
B2A,1d640e96a3.jpg,0.9011057062876111,0.40126097
B2A,1d67aef6c9.jpg,0.6825783814098187,0.73607653
B2A,1d726a097f.jpg,0.7369289306649934,0.34205619
B2A,1d76ab1c0c.jpg,0.8023262195763219,0.29005617
B2A,1d79ab97ec.jpg,0.7553692458459866,0.35325956
B2A,1d7d8ff0ac.jpg,0.7744021354517153,0.4972626
B2A,1d8a6d18f1.jpg,0.6960320256485303,0.504937
B2A,1d939cb782.jpg,0.631602910889057,0.43197468
B2A,1d971deb73.jpg,0.7028122383694168,0.50479925
B2A,1da3631b3f.jpg,0.7395967055641726,0.6182685
B2A,1da538235f.jpg,0.5443128709275539,0.5392854
B2A,1da6888f64.jpg,0.7575377744799663,0.3500136
B2A,1dafe2cf42.jpg,0.5445176001781957,0.6917685
B2A,1db0b33747.jpg,0.7582874811151998,0.4775793
B2A,1dba9a48ae.jpg,0.6853023404875204,0.41076958
B2A,1dbbe43952.jpg,0.8320076243643255,0.34483403
B2A,1dc32da064.jpg,0.7795614007111537,0.31863633
B2A,1dc335fcac.jpg,0.60427475121368,0.42714256
B2A,1dc3833078.jpg,0.8666494355520019,0.26241678
B2A,1dc3a7de89.jpg,0.7496544000671627,0.38853624
B2A,1dcbd84c73.jpg,0.6936215397704605,0.31663534
B2A,1dd0ec3618.jpg,0.6457867915389323,0.37685192
B2A,1dda02098b.jpg,0.7356378589504671,0.3343086
B2A,1de54dbad6.jpg,0.7599325083076599,0.35161966
B2A,1df4ff0436.jpg,0.7633246148153991,0.3282626
B2A,1dfa5b2910.jpg,0.6082062896681869,0.52027386
B2A,1dfe2f3b46.jpg,0.7293045832559489,0.30247176
B2A,1e39d0e97c.jpg,0.70393772301675,0.40326962
B2A,1e3a931f96.jpg,0.677675041731849,0.38361967
B2A,1e4ccca31e.jpg,0.8328946588706306,0.35664764
B2A,1e56d7de95.jpg,0.7569476363063264,0.33735293
B2A,1e59228328.jpg,0.828457809419313,0.31408474
B2A,1e66879f90.jpg,0.8130791858325773,0.29632112
B2A,1e74d0da3b.jpg,0.6781172572374861,0.4872834
B2A,1e7e4f894f.jpg,0.8044199875731731,0.33619487
B2A,1e7ed16969.jpg,0.7578542053727104,0.3799099
B2A,1e90517e22.jpg,0.7976256059412131,0.31242847
B2A,1e947e5fe9.jpg,0.6945010453542263,0.5878578
B2A,1e983237de.jpg,0.7051721478979001,0.40349624
B2A,1ea86dc4d5.jpg,0.6892833171249397,0.4214032
B2A,1eaa4a27c8.jpg,0.8319386139962748,0.28888184
B2A,1eb579374e.jpg,0.8602139739249983,0.3263877
B2A,1ebd894c28.jpg,0.8675802292017045,0.25437427
B2A,1ece79b77f.jpg,0.6706246357053439,0.39289942
B2A,1ed7c273ba.jpg,0.8023814318428784,0.41026992
B2A,1ede9dadc3.jpg,0.7443172335404112,0.28011608
B2A,1ef162e31d.jpg,0.8285355060091364,0.32822555
B2A,1efdfce7c3.jpg,0.6556085716631352,0.35559613
B2A,1f006ed5eb.jpg,0.9245686003906646,0.38870525
B2A,1f086664d6.jpg,0.7680755782825202,0.54101485
B2A,1f1a19ad8b.jpg,0.7093879272757799,0.40339002
B2A,1f252ba827.jpg,0.5581523006077965,0.47218066
B2A,1f2d34b65b.jpg,0.822536209467754,0.2341311
B2A,1f540d0ecb.jpg,0.7749079886868446,0.33126482
B2A,1f63ea8e1d.jpg,0.8380557858489048,0.36684975
B2A,1f67c932d8.jpg,0.7754057854777439,0.29109612
B2A,1f7b63917b.jpg,0.7808823971558351,0.24858722
B2A,1f8b43823c.jpg,0.7722667816774,0.40628272
B2A,1f8fe4a8e4.jpg,0.7750250754652092,0.2806086
B2A,1f96108197.jpg,0.8779368586984975,0.30183208
B2A,1f979d49c6.jpg,0.8633163666820927,0.35066855
B2A,1f98e7d475.jpg,0.6101837323245828,0.37028974
B2A,1fbc82db49.jpg,0.805073015061229,0.28248686
B2A,1fd7cebd1a.jpg,0.7654303958926308,0.4149699
B2A,1fe1ac40ef.jpg,0.7310670930995258,0.40611476
B2A,1fe223e960.jpg,0.7673683095204453,0.32279354
B2A,1fedaf095f.jpg,0.8896270254310862,0.2871997
B2A,20043a8eaf.jpg,0.7409445357577881,0.5654931
B2A,2004919ebe.jpg,0.8347159149375111,0.31819752
B2A,2022ef77f2.jpg,0.6496335757316692,0.6396292
B2A,2037f91745.jpg,0.812505081788463,0.39971885
B2A,20454954b2.jpg,0.6432653513484538,0.4049214
B2A,204615862b.jpg,0.7593920450052223,0.5400852
B2A,2046adf2b6.jpg,0.6071108313020772,0.3033445
B2A,205f999ab3.jpg,0.8027266836891971,0.28911057
B2A,2061671c2b.jpg,0.6155207566706641,0.38489598
B2A,2063a6693c.jpg,0.7979030521170271,0.33565035
B2A,2066a2e091.jpg,0.7812645647239795,0.38307768
B2A,206adc3515.jpg,0.8015969133932774,0.30195275
B2A,206d18e819.jpg,0.5737745168314434,0.30415532
B2A,206e57e6d1.jpg,0.782107883674289,0.3666113
B2A,2078d3f123.jpg,0.7763770656970814,0.5027038
B2A,2080efd0d6.jpg,0.6553800965904388,0.2684998
B2A,208c0535cf.jpg,0.789396733388494,0.34519768
B2A,208f4b819b.jpg,0.8517621618156566,0.51839375
B2A,2096a57bfc.jpg,0.7746181756349819,0.289024
B2A,209873c58f.jpg,0.8726102329696034,0.23646814
B2A,209bdb1587.jpg,0.6119617920947994,0.4223956
B2A,20b2d4f4bf.jpg,0.7219399077509766,0.58798647
B2A,20b3d168a6.jpg,0.562968909444116,0.5041092
B2A,20b7eab911.jpg,0.8149741660375097,0.39412054
B2A,20c152f056.jpg,0.5584585750330001,0.7073657
B2A,20cac2191a.jpg,0.8967481095001658,0.28553757
B2A,20d2fd7d1b.jpg,0.7838194250851612,0.35126776
B2A,20d336b6c2.jpg,0.812232986720287,0.33387128
B2A,20d927a07b.jpg,0.7200845210393972,0.4041108
B2A,20ddf9c49f.jpg,0.7092721520194996,0.57262707
B2A,20ea204105.jpg,0.7672929614896553,0.32496068
B2A,20f93c26b0.jpg,0.7549372818279583,0.3111917
B2A,20fa90d43e.jpg,0.8524928666981268,0.4642314
B2A,2103852756.jpg,0.6884637211076875,0.3853439
B2A,211ca2dfb4.jpg,0.7583285184465437,0.3549116
B2A,21243b9607.jpg,0.71509937890513,0.51990104
B2A,2129f6f2dc.jpg,0.524614126000508,0.44738385
B2A,212cf8498d.jpg,0.6671134739093083,0.48416513
B2A,2145ce0f78.jpg,0.8274782586179806,0.29780293
B2A,21630a4fa1.jpg,0.7665228408180187,0.4132338
B2A,216a8d4e5c.jpg,0.7773234593155012,0.41234362
B2A,21747ccb08.jpg,0.7143272351207952,0.43397823
B2A,21757a4c07.jpg,0.7232785559125798,0.49311796
B2A,217b9b9aaf.jpg,0.7123189043282634,0.3268053
B2A,21927aa7d4.jpg,0.6716452673619238,0.4580444
B2A,219baac7b2.jpg,0.7105630583991592,0.42563802
B2A,21ac721374.jpg,0.5734279014907225,0.49957725
B2A,21b6fd99a5.jpg,0.6551711635040589,0.4116582
B2A,21b9aafc49.jpg,0.7382420962388314,0.32759488
B2A,21c2589053.jpg,0.6856308183418893,0.33562565
B2A,21c2c68337.jpg,0.7953845975900636,0.42167884
B2A,21e2aea535.jpg,0.7377204805703236,0.37423986
B2A,21e5c1891c.jpg,0.8016965772693389,0.26965556
B2A,21e7463544.jpg,0.7327817263038569,0.31142783
B2A,21fe71a93b.jpg,0.7268075139662752,0.5534064
B2A,2236c207aa.jpg,0.7122774193083464,0.31814352
B2A,223c77d56f.jpg,0.7390109729608533,0.21954894
B2A,2246ed23dc.jpg,0.6069678963145538,0.4114431
B2A,2257860322.jpg,0.6796685441660038,0.3128966
B2A,22661d9ec0.jpg,0.6114214901297418,0.4147166
B2A,2286c7067e.jpg,0.7822092633513554,0.50124115
B2A,228a291710.jpg,0.778821308474564,0.47019252
B2A,228c986820.jpg,0.8024827416744499,0.3499909
B2A,228d0b850f.jpg,0.8719820405198434,0.2822159
B2A,2292200c80.jpg,0.8391743423084543,0.4069146
B2A,229221319f.jpg,0.6713041620018826,0.4499928
B2A,229eca589c.jpg,0.8290052895407851,0.36963058
B2A,22b213f1e5.jpg,0.7401231149390324,0.5876777
B2A,22b305f62e.jpg,0.5755751372557087,0.41979906
B2A,22b389e1fd.jpg,0.870427900164788,0.26640373
B2A,22b5b48553.jpg,0.8541452860640606,0.32895523
B2A,22bfe6445a.jpg,0.6641657348916633,0.3893188
B2A,22c2ebefea.jpg,0.7210720667308654,0.37233406
B2A,22c5bb63ac.jpg,0.5386782602910081,0.34315404
B2A,22cd40eed2.jpg,0.6942120882666684,0.36497328
B2A,22ce24836f.jpg,0.7404922893414155,0.33402044
B2A,22d49f3bb9.jpg,0.553510013535233,0.41477507
B2A,22e1784ae5.jpg,0.8326203414388123,0.38110816
B2A,22fc4c2e5b.jpg,0.8295045507043348,0.26903385
B2A,2304539c3c.jpg,0.6944440921077516,0.4572358
B2A,23060d93b3.jpg,0.7151299961292304,0.4246517
B2A,2308cd7f79.jpg,0.8305285441114827,0.2400033
B2A,230ce6af39.jpg,0.73807053202842,0.37193415
B2A,2318dd451a.jpg,0.7540098906392237,0.37973833
B2A,23296f234d.jpg,0.7085556101377042,0.36295995
B2A,2339fbceb2.jpg,0.8272157146727358,0.4798967
B2A,2351d0e36d.jpg,0.7933432208075568,0.47369683
B2A,23568b7cf6.jpg,0.5520252878275513,0.49249285
B2A,235a2feea2.jpg,0.6631577602978793,0.65371764
B2A,235f2c8d2d.jpg,0.7458276438327696,0.28128123
B2A,236e24292a.jpg,0.7107396240582157,0.36432925
B2A,2372845016.jpg,0.7706246210350864,0.3761091
B2A,2379cb1f27.jpg,0.7186846633499042,0.39161542
B2A,238bd94fcb.jpg,0.6787733321714107,0.37832835
B2A,2398192c56.jpg,0.7929808981675782,0.39834777
B2A,23a2a896cb.jpg,0.7138699915589072,0.4215451
B2A,23b1669fc4.jpg,0.8884610435386092,0.38545674
B2A,23be955aa3.jpg,0.6951948847101828,0.4073828
B2A,23d0cd1621.jpg,0.7702819922593126,0.5276704
B2A,23e044ebbf.jpg,0.8177777595726429,0.28760982
B2A,23e490fde6.jpg,0.7578198368546509,0.5115675
B2A,23edb57cff.jpg,0.7891286904932158,0.30671716
B2A,23ee3c5507.jpg,0.6477634180603232,0.4682732
B2A,23f7a22314.jpg,0.7409862556879876,0.35600808
B2A,23fb1a1690.jpg,0.7688345526208493,0.2973314
B2A,23fb2c15d2.jpg,0.8305301762515417,0.3239036
B2A,2403efbfd3.jpg,0.7606005250451774,0.3741658
B2A,240a7c491a.jpg,0.7428856421409012,0.4929545
B2A,2410f7ebd1.jpg,0.5879756137781204,0.5725374
B2A,24166036c4.jpg,0.6755914243390876,0.42941263
B2A,241d87414d.jpg,0.7827515697367726,0.32066047
B2A,2421fde7b1.jpg,0.8438865813451011,0.54240304
B2A,243ef6c04e.jpg,0.8638930378488177,0.3734396
B2A,244182635e.jpg,0.8156473011823056,0.26779476
B2A,244cb6321d.jpg,0.8189585873947745,0.4260097
B2A,2469dbd507.jpg,0.6139865955831133,0.49394968
B2A,2476944f5c.jpg,0.9010609796218895,0.30816656
B2A,247d71f468.jpg,0.6008795736988478,0.37011796
B2A,2489d5208e.jpg,0.7737612680550248,0.39146492
B2A,248e98e6e5.jpg,0.745136867986504,0.57701457
B2A,24997d2394.jpg,0.5673241038617056,0.34993014
B2A,249c6f2b02.jpg,0.6936045174945539,0.46344018
B2A,24ad0a8279.jpg,0.7623680862403248,0.4453549
B2A,24af325930.jpg,0.7973822695570784,0.43017235
B2A,24af541789.jpg,0.7853437720041295,0.33939117
B2A,24b21b5261.jpg,0.6418841019927574,0.63170105
B2A,24b535812d.jpg,0.7930976449918148,0.35353854
B2A,24b54b150b.jpg,0.5926118019908231,0.45764363
B2A,24c4ed86a3.jpg,0.7763034510785553,0.27676544
B2A,24c5780a0c.jpg,0.6981178951175417,0.45469105
B2A,24d819c261.jpg,0.770341355178639,0.44167182
B2A,24e8e3b180.jpg,0.8000919095913969,0.44902498
B2A,25082e762f.jpg,0.6591217100629384,0.4058723
B2A,250bd36c8c.jpg,0.856432492690213,0.2211344
B2A,252bc3a3ab.jpg,0.8876330311954223,0.31064343
B2A,252f6d69ce.jpg,0.7909259202467234,0.37829483
B2A,25315f09a6.jpg,0.6055056097473966,0.3461519
B2A,253340547f.jpg,0.7292170982554188,0.5094699
B2A,25346ff439.jpg,0.7412042580872703,0.26091135
B2A,25462592ac.jpg,0.8252937853638671,0.24874637
B2A,2552f6c0e4.jpg,0.8496714293809201,0.2758562
B2A,256f038a42.jpg,0.7269914913491713,0.3884799
B2A,258083f3e8.jpg,0.6685527179367078,0.7073741
B2A,2581451ca9.jpg,0.6695922728522918,0.531411
B2A,259e4070d5.jpg,0.6672706143129845,0.5021828
B2A,25a9b86180.jpg,0.7062823854896612,0.39010006
B2A,25b6be053f.jpg,0.7893743473820719,0.31476468
B2A,25c04fbf2f.jpg,0.8050899727146136,0.30227017
B2A,25c2b346fe.jpg,0.7493524888357379,0.36083418
B2A,25c46710fc.jpg,0.783003826878416,0.4044891
B2A,25c827dc83.jpg,0.7174668444886755,0.46177882
B2A,25cb295b1f.jpg,0.7018856371600416,0.27922928
B2A,25d70dd7b1.jpg,0.782515051233463,0.35341042
B2A,25df1df7d9.jpg,0.5862152714446459,0.4684505
B2A,25e705548a.jpg,0.78609559488442,0.4009334
B2A,25eba9fa76.jpg,0.7324685030740902,0.5158245
B2A,25f8328a2f.jpg,0.6716378584190816,0.41320702
B2A,2602597bb0.jpg,0.6574388340623607,0.41063344
B2A,2605924561.jpg,0.7692900152488754,0.36582866
B2A,2606c25ce3.jpg,0.6859309579906011,0.34866762
B2A,260d6a5c37.jpg,0.6620740654489615,0.445276
B2A,26182c3d72.jpg,0.8760408522817319,0.26548165
B2A,2621968d1b.jpg,0.8102853428899162,0.3888492
B2A,2629524a69.jpg,0.841108739689079,0.2668392
B2A,26296bb84f.jpg,0.8021908294656898,0.30091733
B2A,2641b8175f.jpg,0.7425358590192724,0.29933676
B2A,26494a01e1.jpg,0.8898396355180165,0.34822547
B2A,26582fc5a8.jpg,0.7260554334811614,0.4367519
B2A,265f7accbd.jpg,0.5892345900956192,0.52941674
B2A,26722e2880.jpg,0.6954397282961475,0.32039642
B2A,26863f0716.jpg,0.7849447215409199,0.3370596
B2A,2688ed2270.jpg,0.8431545504937217,0.33536512
B2A,26892fcc02.jpg,0.813819135914521,0.28829145
B2A,268b959d88.jpg,0.8039724857479282,0.36931032
B2A,26916da7ff.jpg,0.6805781997285486,0.35745358
B2A,2698bac269.jpg,0.7941524535038605,0.29082128
B2A,269b1b5690.jpg,0.7643789433690845,0.4086044
B2A,26aaf299c0.jpg,0.8791945381546826,0.33841947
B2A,26b9449f10.jpg,0.5523682960383854,0.4574932
B2A,26bbb89fd6.jpg,0.571226238077241,0.46857023
B2A,26c4de1515.jpg,0.6427872702211302,0.34039232
B2A,26cd0ec0e4.jpg,0.8594615226254467,0.38795662
B2A,26ce42c083.jpg,0.6166372043726033,0.5469848
B2A,26d40b7147.jpg,0.7544236911090996,0.30752215
B2A,26d474464f.jpg,0.7938305718219636,0.37331918
B2A,26d4ecb9fd.jpg,0.7911116942496875,0.35451242
B2A,26d73ccce4.jpg,0.7792664108596853,0.33001995
B2A,26da6b82c6.jpg,0.6901192376172137,0.3846599
B2A,26db4dcdea.jpg,0.8703011269948219,0.30212763
B2A,26fe13cbea.jpg,0.8369870210344763,0.41725284
B2A,2706749d66.jpg,0.8361934520478459,0.3022414
B2A,270687abc3.jpg,0.8516937298790981,0.31463757
B2A,270a7544e5.jpg,0.7959554884165142,0.5247387
B2A,270f62c6e8.jpg,0.6157351555872614,0.46747136
B2A,27159e6719.jpg,0.7466498622617652,0.32840562
B2A,271ec1348b.jpg,0.835323918774994,0.29105887
B2A,2727db154e.jpg,0.7708179135105754,0.52012086
B2A,2734c9504b.jpg,0.7779183237412555,0.360909
B2A,274ba0c4a2.jpg,0.6793374089711421,0.38472137
B2A,274cf83fa6.jpg,0.7253473277826716,0.46829164
B2A,27534f0e65.jpg,0.6546589335418141,0.38770854
B2A,27645084b6.jpg,0.7055364749292573,0.33263528
B2A,276543fbf7.jpg,0.5379755674790258,0.5556057
B2A,276c73bead.jpg,0.8550026962357725,0.3273908
B2A,276ee4b14f.jpg,0.6299623937255348,0.37538376
B2A,2775af1bba.jpg,0.7723275922835796,0.40358102
B2A,27777862fd.jpg,0.6410761434790716,0.55208814
B2A,2779835a1b.jpg,0.7571600509769592,0.4658518
B2A,277c068c4e.jpg,0.7821580908973558,0.252794
B2A,277d120bb4.jpg,0.6408044490587619,0.51988864
B2A,2782335eef.jpg,0.7342072328402827,0.5310732
B2A,2784e8f91d.jpg,0.700216671660644,0.3741594
B2A,2791df1515.jpg,0.4953470189514224,0.5344338
B2A,279eb2037c.jpg,0.8728769720830208,0.28310478
B2A,27a36df1f6.jpg,0.8089060616996887,0.2751389
B2A,27b2a0c66f.jpg,0.8862526933495142,0.24742815
B2A,27b87e7785.jpg,0.8219308454390806,0.30210796
B2A,27bc5c6810.jpg,0.8248030105578884,0.284148
B2A,27c273f5ac.jpg,0.7720697766177903,0.3280418
B2A,27c67103f0.jpg,0.7976167079670898,0.32848132
B2A,27d994ba96.jpg,0.7783484691465425,0.28812432
B2A,27de05d60a.jpg,0.9051491246248672,0.47001475
B2A,27e341bcc2.jpg,0.8392991340362473,0.26105326
B2A,27ea6d9992.jpg,0.6661715186607032,0.69537395
B2A,27ebfe0db6.jpg,0.6102315597252048,0.45487314
B2A,27f3a34b1d.jpg,0.5595182355493687,0.4397856
B2A,27f4d80142.jpg,0.5892960426484569,0.5591999
B2A,27fa99ac5c.jpg,0.6656465658740404,0.51115245
B2A,2806a9db15.jpg,0.7673613611685006,0.3357965
B2A,281356f565.jpg,0.8229286490937711,0.32175285
B2A,2815c0ad33.jpg,0.825551015536121,0.39305243
B2A,281b790739.jpg,0.6757801430255563,0.32302478
B2A,283a083739.jpg,0.7503457833474569,0.42876035
B2A,28430b5602.jpg,0.7331808150416962,0.24050584
B2A,2843919992.jpg,0.8796450956817877,0.35346752
B2A,285449b06a.jpg,0.8394939944915473,0.2899628
B2A,2854ebb127.jpg,0.8876725270077616,0.31768787
B2A,28611884d0.jpg,0.6776500692421378,0.51456857
B2A,2861f74357.jpg,0.8864558365154042,0.38507423
B2A,2867b3bef0.jpg,0.878855563915942,0.32497084
B2A,286c5026ff.jpg,0.7735033252779003,0.49774057
B2A,2879b6b734.jpg,0.7337532615474626,0.3015195
B2A,2881c907bb.jpg,0.7958119115559945,0.58120024
B2A,2885431ef9.jpg,0.7382382551034347,0.23909281
B2A,288c92df0c.jpg,0.6541825076216738,0.38420883
B2A,288d596137.jpg,0.568874142524724,0.48539498
B2A,289a8f7970.jpg,0.7479857237431473,0.26755846
B2A,28a626558d.jpg,0.7960160365829633,0.40440974
B2A,28a7737b48.jpg,0.7578975273214199,0.36804593
B2A,28aab35051.jpg,0.9039198547544871,0.44212377
B2A,28aacb7e4e.jpg,0.857469107851334,0.30618754
B2A,28aec8dbd4.jpg,0.71992370541274,0.56049067
B2A,28b05820b1.jpg,0.738768089119939,0.4073025
B2A,28b57f757f.jpg,0.6382513579837079,0.47145528
B2A,28be9a8202.jpg,0.7748779425775125,0.45981538
B2A,28cf136409.jpg,0.7800998545163043,0.34016925
B2A,28e1c7681e.jpg,0.7967128211145942,0.28001538
B2A,28e27595dc.jpg,0.5220296797004402,0.48233527
B2A,28e7b09f15.jpg,0.7534682818309095,0.34875357
B2A,28f3814945.jpg,0.6952273092302174,0.5021704
B2A,28f9f1a13f.jpg,0.637841157944116,0.348974
B2A,28fbbb8f15.jpg,0.7334072133597486,0.3154084
B2A,28fd6bf605.jpg,0.8143748852301023,0.38849345
B2A,28ffa0bd39.jpg,0.5762053772905481,0.34393868
B2A,290560fba4.jpg,0.7364430373130564,0.25038743
B2A,290dd4249d.jpg,0.7887386207679833,0.30933088
B2A,291146558e.jpg,0.5066300831178098,0.56300133
B2A,292945e24e.jpg,0.883183660284772,0.27118394
B2A,293b00c315.jpg,0.7763495381869961,0.35454005
B2A,293dadb732.jpg,0.8480486711363926,0.4136573
B2A,2951fe2fe1.jpg,0.8438200080291106,0.3843361
B2A,2959168184.jpg,0.5541973695386412,0.41199234
B2A,295b938a05.jpg,0.7172477883236137,0.5076348
B2A,2960920920.jpg,0.645779264609466,0.55170494
B2A,296b177cad.jpg,0.7786384982634931,0.38553777
B2A,296b8c38bf.jpg,0.8672488046557538,0.32805187
B2A,2971c7ed92.jpg,0.7561982027011651,0.37282678
B2A,297f3a075f.jpg,0.7308903757858055,0.32416362
B2A,29864d1221.jpg,0.7542628199727613,0.42491615
B2A,29906262a0.jpg,0.8269345371656922,0.42336684
B2A,299495fe20.jpg,0.6600595757677177,0.52020127
B2A,29a0754ddd.jpg,0.90717500904368,0.26625806
B2A,29aacba212.jpg,0.6435482940921562,0.3289451
B2A,29afd0e0cb.jpg,0.5843658860630181,0.4842298
B2A,29b165f427.jpg,0.6492917306356554,0.50687045
B2A,29c0dfdae4.jpg,0.7855743312985751,0.3857772
B2A,29c34c1abd.jpg,0.8869457794952643,0.18341121
B2A,29d0386f3e.jpg,0.8510644713048323,0.24130085
B2A,29d335a6a9.jpg,0.7806419927013812,0.29535264
B2A,29d58214f1.jpg,0.6947040618699807,0.5044198
B2A,29d8295ed2.jpg,0.7235661583704165,0.4036934
B2A,29e01f8909.jpg,0.7931386185849859,0.5019399
B2A,29e7039a4d.jpg,0.7950072479448119,0.29444262
B2A,29eba6fe01.jpg,0.8181002258527885,0.3350372
B2A,29eefa93e2.jpg,0.7167476408322303,0.28109044
B2A,29f28ef872.jpg,0.6749709537250264,0.678686
B2A,29fe34f752.jpg,0.5851038949793732,0.48472416
B2A,29ff35dc7b.jpg,0.6960425955238926,0.50398517
B2A,2a0382cf4c.jpg,0.7535870759165196,0.43495753
B2A,2a114c7c94.jpg,0.5768393541529478,0.4053254
B2A,2a13df2bc3.jpg,0.5393962893661572,0.675871
B2A,2a14b928c4.jpg,0.5657830577703137,0.7602672
B2A,2a18193d91.jpg,0.7953600076244687,0.3030504
B2A,2a199d45e5.jpg,0.8854193952092801,0.2735753
B2A,2a26f69715.jpg,0.767456879781722,0.3397209
B2A,2a3cd42798.jpg,0.761962643566621,0.3526396
B2A,2a4211a6e4.jpg,0.7238230269671977,0.4682921
B2A,2a4988e4a7.jpg,0.7911298363272481,0.31415057
B2A,2a4a9d54a7.jpg,0.8239516766917636,0.27667266
B2A,2a4edec63e.jpg,0.8957764477027289,0.30530453
B2A,2a503386a2.jpg,0.8748242661364696,0.342493
B2A,2a606d05d8.jpg,0.7193233280922586,0.33170176
B2A,2a6805c1a9.jpg,0.867598852358465,0.29349
B2A,2a791629c4.jpg,0.6646282785551755,0.33210438
B2A,2a87a4fbee.jpg,0.6056327470990492,0.4412027
B2A,2a89dc7912.jpg,0.6477240506257861,0.3991565
B2A,2aa39bfaca.jpg,0.7075100844224436,0.23133352
B2A,2acc30abbe.jpg,0.7272533693497112,0.37418383
B2A,2ae4a137a6.jpg,0.7708258356230497,0.39069125
B2A,2af9ea0c85.jpg,0.847128130819232,0.24677576
B2A,2b057c1cb8.jpg,0.8781332897880416,0.44953945
B2A,2b086b077f.jpg,0.5698808374751813,0.49126166
B2A,2b0beb1f37.jpg,0.5623691887688634,0.37734616
B2A,2b0c82824b.jpg,0.7030149656363639,0.31820202
B2A,2b1102f3b4.jpg,0.7107891021337378,0.38983783
B2A,2b19987d57.jpg,0.834075969657292,0.4198182
B2A,2b19a7b5d3.jpg,0.7340564145480549,0.5520624
B2A,2b222ce74d.jpg,0.8117772324150759,0.43168402
B2A,2b22c8b439.jpg,0.561806211060144,0.4706237
B2A,2b2486be40.jpg,0.7636231718948073,0.42980397
B2A,2b28a6f69a.jpg,0.6651029402400261,0.32118356
B2A,2b2ae4cd5f.jpg,0.8145041795240333,0.3099747
B2A,2b2b63d51c.jpg,0.8771088900486966,0.262132
B2A,2b2efc29c6.jpg,0.7853542959982123,0.3813019
B2A,2b3a026f51.jpg,0.6174123242466465,0.49865773
B2A,2b516f78d1.jpg,0.63944311102954,0.35472474
B2A,2b62ea6ed1.jpg,0.8275407577940463,0.40788236
B2A,2b68e09fa5.jpg,0.7686548984653871,0.31315356
B2A,2b6cd9bbf2.jpg,0.5995462513170079,0.6277398
B2A,2b7402e62d.jpg,0.7271858407780413,0.638181
B2A,2b83d60844.jpg,0.6341312084628975,0.6371599
B2A,2b977b06b6.jpg,0.7531926448863477,0.39833832
B2A,2ba042499d.jpg,0.735568776985591,0.5303328
B2A,2ba2325c69.jpg,0.665094454327615,0.49638796
B2A,2bb040da92.jpg,0.7425358590192724,0.29933676
B2A,2bb16be25b.jpg,0.6564996850677037,0.5009235
B2A,2bb4efac43.jpg,0.8927416994314221,0.35762322
B2A,2bba709f10.jpg,0.8466320418776203,0.35770646
B2A,2bd4e078d7.jpg,0.6359564882083517,0.41296113
B2A,2be00d7888.jpg,0.7628059716863932,0.40738928
B2A,2be5e776d7.jpg,0.7195227196458146,0.35226196
B2A,2c0394a36e.jpg,0.6987599430297923,0.58756745
B2A,2c060d43db.jpg,0.5695875652983782,0.5243127
B2A,2c0a22b1bd.jpg,0.7479232364398775,0.5256404
B2A,2c1f8326a4.jpg,0.6364972368596716,0.57063204
B2A,2c28975fee.jpg,0.7298250829661722,0.43415585
B2A,2c2e9d9c74.jpg,0.8218495731477389,0.2909637
B2A,2c525980b1.jpg,0.8553612854201806,0.21823289
B2A,2c5cd7dde6.jpg,0.8011217173465537,0.4297831
B2A,2c5deec20d.jpg,0.5937605711080554,0.58647853
B2A,2c64a2295e.jpg,0.8292785286384181,0.3486135
B2A,2c7f80aab7.jpg,0.692281914353995,0.51235795
B2A,2c84e8d012.jpg,0.775105558859068,0.3725538
B2A,2c8672a913.jpg,0.676746208520935,0.38035184
B2A,2c885d1c89.jpg,0.7063479265154474,0.38884082
B2A,2c982c58a5.jpg,0.8356977622322217,0.3465439
B2A,2ca2d1287f.jpg,0.8020849809836984,0.37855884
B2A,2ca79c8d4a.jpg,0.7601224904859963,0.44414157
B2A,2ca8ab24ef.jpg,0.7828615961225468,0.3698587
B2A,2cbb870493.jpg,0.8652169251289726,0.34948885
B2A,2cc7029c30.jpg,0.7514258136566915,0.44874036
B2A,2cd1818a6f.jpg,0.788693572666211,0.36320615
B2A,2cd4ca4ff7.jpg,0.826221262410767,0.38609406
B2A,2cdbb209dd.jpg,0.6163367915887885,0.5456313
B2A,2ce0a774cc.jpg,0.5858275076635259,0.54166377
B2A,2ce4fe7434.jpg,0.6798640858334992,0.41413656
B2A,2ce941f6ea.jpg,0.8123967079119274,0.26405323
B2A,2cf4cac9df.jpg,0.8913814661585439,0.28759748
B2A,2cf4fcd902.jpg,0.5072930360470987,0.5622137
B2A,2cf96e5d1d.jpg,0.8522094796469344,0.29471043
B2A,2cfd8877ea.jpg,0.8015815071399258,0.28545767
B2A,2d0075fb17.jpg,0.7786865105959007,0.48663688
B2A,2d16d2379d.jpg,0.8974206001035183,0.32504493
B2A,2d1fc447a1.jpg,0.6446586840893684,0.31028485
B2A,2d21050a7e.jpg,0.6679005347181094,0.5593567
B2A,2d220cb18e.jpg,0.7002722894547673,0.35016805
B2A,2d25168671.jpg,0.8154467124574243,0.38245735
B2A,2d44d8ede7.jpg,0.8519667438710404,0.34305042
B2A,2d48369700.jpg,0.6587201405995362,0.5326641
B2A,2d4e2c6a70.jpg,0.6807471059785115,0.40105993
B2A,2d4e5384ab.jpg,0.7562857498207094,0.37169102
B2A,2d5082427e.jpg,0.6685247778685182,0.43710446
B2A,2d5abca3d6.jpg,0.8561798606508214,0.28944921
B2A,2d6265411d.jpg,0.7505618298579574,0.3769893
B2A,2d637a7346.jpg,0.6192620063398966,0.33944702
B2A,2d7aba6183.jpg,0.780221600894112,0.5235789
B2A,2d7deb9968.jpg,0.8342760571667487,0.29935083
B2A,2d903e93c5.jpg,0.6910721166876639,0.5173599
B2A,2d95ae6eb2.jpg,0.8218565432924495,0.44487423
B2A,2d9bfdb911.jpg,0.6523171148494047,0.5666976
B2A,2da40e05e0.jpg,0.5845361114152244,0.41873968
B2A,2da41f7e22.jpg,0.8974886308203989,0.28599226
B2A,2dac7d65e9.jpg,0.8404558404155645,0.388766
B2A,2dacb0a259.jpg,0.8629248482111923,0.28715336
B2A,2daf4ce562.jpg,0.7132844758452,0.32363507
B2A,2db034b46c.jpg,0.7849799788810644,0.41226912
B2A,2db14aa0ac.jpg,0.6510194679639401,0.4753933
B2A,2db8fdcdb6.jpg,0.8338691167101857,0.3417547
B2A,2dd1d30221.jpg,0.8991598437628211,0.24496937
B2A,2dd4f95b88.jpg,0.5755883500773898,0.53548783
B2A,2dd9275de3.jpg,0.8138239499936898,0.3352264
B2A,2ddc57dd19.jpg,0.8244858866086978,0.3093657
B2A,2ddd51611c.jpg,0.6222337872792718,0.58729964
B2A,2dec4e77ed.jpg,0.8154308550977251,0.39069742
B2A,2dec9e5cf3.jpg,0.871844730553515,0.2957412
B2A,2dfec6a775.jpg,0.7308648370645581,0.4849726
B2A,2e00f465c3.jpg,0.5092180405922236,0.6781898
B2A,2e09380c2a.jpg,0.7200230073482782,0.36458597
B2A,2e1753ba9b.jpg,0.7861088489254126,0.4688104
B2A,2e1c6fc11b.jpg,0.7158256891409482,0.3462199
B2A,2e2e206c28.jpg,0.7963740042876702,0.5319349
B2A,2e301d7558.jpg,0.6292088974352188,0.6561012
B2A,2e517b8314.jpg,0.7979034396304683,0.25314736
B2A,2e5fbd7286.jpg,0.703932138140824,0.2959009
B2A,2e6ec4908b.jpg,0.6474244060279265,0.40053448
B2A,2e7742679f.jpg,0.7813413642117023,0.39563054
B2A,2e78e51950.jpg,0.728263030246752,0.31377867
B2A,2e78e73bea.jpg,0.5626947455000478,0.4717824
B2A,2e7bf7b6d7.jpg,0.6414512106877159,0.40456
B2A,2e90f3f80e.jpg,0.7497357357541727,0.37400207
B2A,2eaec67b91.jpg,0.70743412972117,0.48151565
B2A,2ec41d4134.jpg,0.8166688966341351,0.31447345
B2A,2ecf4e49d6.jpg,0.7171712707100829,0.4641592
B2A,2ee3c2e52e.jpg,0.7283001725743775,0.44895846
B2A,2ee77c2635.jpg,0.718433783031123,0.3425813
B2A,2ef2770a26.jpg,0.6451170920080147,0.52244693
B2A,2f109a6785.jpg,0.7444487775884028,0.3736975
B2A,2f16239804.jpg,0.6993942444906547,0.37168783
B2A,2f1aabf863.jpg,0.834896137555567,0.37147385
B2A,2f1cadb0b7.jpg,0.704294654465407,0.4972059
B2A,2f220b23a4.jpg,0.6304161912987606,0.62986016
B2A,2f23c7dfd2.jpg,0.8240245392246149,0.36135003
B2A,2f33daf7c6.jpg,0.6224165822432758,0.39454424
B2A,2f5081e946.jpg,0.8200529282675674,0.27500793
B2A,2f8ca8f7dd.jpg,0.8826349002898457,0.31665826
B2A,2f9d43719d.jpg,0.8223420291366361,0.6840196
B2A,2f9dac2cfc.jpg,0.46061232737737084,0.51830715
B2A,2fa3a1847b.jpg,0.8524280338100452,0.41972595
B2A,2fa51ca1fa.jpg,0.6193766093574455,0.3725503
B2A,2fb1aee127.jpg,0.6700416316227029,0.39891732
B2A,2fb56b3050.jpg,0.8736757565979937,0.22848599
B2A,2fb9a62d4f.jpg,0.6925885001506389,0.3191363
B2A,2fbd381154.jpg,0.6522819316850761,0.6518927
B2A,2fcca3b171.jpg,0.8294245510479255,0.28570294
B2A,2fd530981b.jpg,0.7265164475568232,0.3419667
B2A,2fde227d1f.jpg,0.5955885620941984,0.4339303
B2A,2ffdb7bb25.jpg,0.6739511584913368,0.4575816
B2A,2fffa9b80b.jpg,0.6425997505744929,0.45565227
B2A,2ffff1f4b7.jpg,0.8007762887015423,0.37169698
B2A,300bfa61ee.jpg,0.7409292520379096,0.4837405
B2A,300de48204.jpg,0.7337057376191055,0.4114018
B2A,30126b0c64.jpg,0.6534444096269215,0.51815206
B2A,3012de7eed.jpg,0.7220762420357084,0.45306095
B2A,3016a28e9d.jpg,0.7922962851846135,0.42143148
B2A,3023c7e91c.jpg,0.706752771169979,0.44661254
B2A,3036b97556.jpg,0.8329297862748178,0.34516236
B2A,303b61552d.jpg,0.7931830556706351,0.44597167
B2A,304070d771.jpg,0.7724716139826933,0.6143693
B2A,30466cabde.jpg,0.6602853915527748,0.34117305
B2A,3047c6263a.jpg,0.8005607268898762,0.44766358
B2A,304c2f4d34.jpg,0.6722075486832068,0.5038921
B2A,304fd99da4.jpg,0.5614864337388714,0.36330724
B2A,305e8c1906.jpg,0.755331621929326,0.3652439
B2A,305fc59b7e.jpg,0.6270054877274392,0.61798716
B2A,306397c35a.jpg,0.6253204668568766,0.329678
B2A,30647276ab.jpg,0.7378030408873004,0.50747436
B2A,306ebd4b5c.jpg,0.8226036065434416,0.38157627
B2A,306fdd232d.jpg,0.6915133043999538,0.3778981
B2A,30704449eb.jpg,0.7397304784296711,0.38695183
B2A,3070a4c8b0.jpg,0.7267430591943707,0.45810592
B2A,30718dc781.jpg,0.8309368195978647,0.42150086
B2A,307d716b38.jpg,0.8631684627858203,0.31631762
B2A,30821a129e.jpg,0.6243255268695127,0.34687388
B2A,30c43e2fe9.jpg,0.8500991491472353,0.31567866
B2A,30ca82141f.jpg,0.8522303877527039,0.546936
B2A,30d24dd7c8.jpg,0.8171404979282021,0.61499196
B2A,30ea353d97.jpg,0.7602600180482366,0.42664587
B2A,30ea58dabb.jpg,0.6451422790469522,0.5002627
B2A,30f4a36c95.jpg,0.8467413130488926,0.26658648
B2A,30ff35c5af.jpg,0.8610208555189462,0.36095846
B2A,3116136a42.jpg,0.7354838861482522,0.33623832
B2A,312c2be90b.jpg,0.8514858090456163,0.26345694
B2A,313cd1f3e0.jpg,0.6228254914276051,0.43796006
B2A,3150771433.jpg,0.4781852700990244,0.46999678
B2A,3165c39cd3.jpg,0.696727792119052,0.4452627
B2A,3178a6117e.jpg,0.6862462037663078,0.38133273
B2A,317b731059.jpg,0.8062542149318271,0.3865089
B2A,317ecf9e9d.jpg,0.8944397318825208,0.43244475
B2A,31819e2fb6.jpg,0.7420792754982453,0.4242948
B2A,318d2dd948.jpg,0.78136467737667,0.4191998
B2A,319031271d.jpg,0.7471108946683137,0.3395431
B2A,319b17bbb4.jpg,0.8133584078363293,0.3407644
B2A,319b8157e2.jpg,0.8117241665415258,0.45382607
B2A,319de8a4c3.jpg,0.7102405121354544,0.6298059
B2A,31af3a1906.jpg,0.5541686226739345,0.68542486
B2A,31dd6a20fc.jpg,0.8575584402094545,0.23416935
B2A,31e3562ead.jpg,0.8444706099419634,0.42055786
B2A,31ebef8c4c.jpg,0.6588048280233892,0.740821
B2A,31ecf73a02.jpg,0.9229244049808619,0.3292921
B2A,31fbb87d97.jpg,0.6985311842770477,0.3556791
B2A,31fdcfab86.jpg,0.7580907151799573,0.28005487
B2A,32076ecaf2.jpg,0.806217833232367,0.2890563
B2A,3213f8108a.jpg,0.7847894013708229,0.36614513
B2A,3224e61375.jpg,0.8733413134951087,0.29051852
B2A,32277975c5.jpg,0.5626246362927351,0.40815145
B2A,3250368377.jpg,0.7659766382290534,0.33466563
B2A,325120c998.jpg,0.8023322054968358,0.30172607
B2A,32639bab15.jpg,0.5968236725400687,0.41906017
B2A,3277390c9b.jpg,0.590195141092845,0.50149614
B2A,3278d87456.jpg,0.8892768751165036,0.37498158
B2A,327bbda45b.jpg,0.769683419415648,0.36526424
B2A,328321b466.jpg,0.7931099805482694,0.32612765
B2A,32882d9a83.jpg,0.7456554961437132,0.40272683
B2A,3291187d91.jpg,0.5809177988693,0.46705467
B2A,32a1470651.jpg,0.8837124474141699,0.35436845
B2A,32ae69a50f.jpg,0.5207133273607953,0.59616154
B2A,32b537e6de.jpg,0.8829943018168321,0.32298175
B2A,32bb26374a.jpg,0.7817253342736297,0.4074852
B2A,32bcb20dae.jpg,0.8040260703285652,0.39600235
B2A,32cb5db524.jpg,0.7370702346464238,0.35660726
B2A,32d3f34515.jpg,0.7798412943338587,0.3011692
B2A,32d98e72dd.jpg,0.60097081501235,0.5315371
B2A,32dde12686.jpg,0.6766499936287329,0.6122689
B2A,32df0e0408.jpg,0.6216407297360685,0.2554453
B2A,32edfa9c9d.jpg,0.8740750800292811,0.26509362
B2A,32f3055dff.jpg,0.8439416219913972,0.34904322
B2A,32fae726b3.jpg,0.5789408433571583,0.6404937
B2A,32fdfa3c24.jpg,0.7921821982832685,0.38103813
B2A,33032dc5ad.jpg,0.6318407842717947,0.42714477
B2A,33084e742e.jpg,0.6162868779672076,0.4490895
B2A,330fa8a7a8.jpg,0.7024461605663403,0.6073848
B2A,3316c8daed.jpg,0.7933150704879228,0.34996158
B2A,331f082a0b.jpg,0.6159417054473159,0.33659935
B2A,33244a8ba9.jpg,0.5823124847928546,0.3863438
B2A,332da05c9c.jpg,0.7745489578557482,0.5052806
B2A,3335cea81d.jpg,0.7156500473696978,0.53515685
B2A,33392f6dea.jpg,0.6308941503255266,0.5433621
B2A,333b2e7121.jpg,0.8550461562470183,0.23024651
B2A,334259faa0.jpg,0.7426018481238399,0.42896628
B2A,33439a9a62.jpg,0.7480684947922911,0.6036338
B2A,335adb946b.jpg,0.7964384327918477,0.25828743
B2A,335bf2f75a.jpg,0.8545274911917864,0.48114127
B2A,335d7fa61b.jpg,0.6638431510137524,0.38727498
B2A,336e786f25.jpg,0.6255288407123135,0.33681148
B2A,337a9d7475.jpg,0.5698482527428611,0.486922
B2A,338fec22de.jpg,0.4907474398103916,0.62028956
B2A,339d590103.jpg,0.8877009704315113,0.28347588
B2A,339db96fd4.jpg,0.6855143147746048,0.3733583
B2A,33a24fd568.jpg,0.7694665470357931,0.39371365
B2A,33b29070dc.jpg,0.7916779126842957,0.35566533
B2A,33b5473fb6.jpg,0.5985308978847216,0.5020789
B2A,33bae37b7a.jpg,0.6858473374743316,0.37894422
B2A,33baf9fee5.jpg,0.7383003921942874,0.4191536
B2A,33bd2f6360.jpg,0.7641094143446504,0.3139091
B2A,33c737f426.jpg,0.8187836607534492,0.23377408
B2A,33ce5179c2.jpg,0.6365922908202711,0.3134198
B2A,33d7e16c5c.jpg,0.7630140898740176,0.2793034
B2A,33e21e0ee8.jpg,0.8988718677081877,0.31441832
B2A,33e4c897aa.jpg,0.8772408375066157,0.32620174
B2A,33f2df4cbe.jpg,0.6389327299185453,0.37454003
B2A,33ffdde2a0.jpg,0.7396258118243165,0.4392931
B2A,340c575487.jpg,0.7190088834571381,0.40666994
B2A,3414d1e597.jpg,0.5684988865925611,0.57069784
B2A,341acd12b6.jpg,0.8125504390780213,0.30896926
B2A,34300a53dd.jpg,0.618667332067572,0.5324516
B2A,343035e393.jpg,0.7343260585165928,0.34552053
B2A,3433e1373b.jpg,0.818588727002181,0.28430888
B2A,3434712cc3.jpg,0.8615106410029041,0.35254088
B2A,34380cf889.jpg,0.7722767842836314,0.40767318
B2A,343e090a43.jpg,0.7655578001287128,0.40294224
B2A,343fa4c0eb.jpg,0.8306377649878698,0.4031972
B2A,3447169f2b.jpg,0.5764331668805142,0.5388399
B2A,344cac7fe0.jpg,0.7706903347368242,0.3604917
B2A,345ee88105.jpg,0.6528748644944633,0.25668043
B2A,346579c393.jpg,0.5877962556964815,0.35545626
B2A,346a66651d.jpg,0.6514885353533384,0.3792108
B2A,347519baef.jpg,0.6634725223781139,0.44984668
B2A,347a1a864e.jpg,0.8995470330557936,0.2778153
B2A,3480de8e9c.jpg,0.6872583626549302,0.37824774
B2A,3482a0b159.jpg,0.8417138243341686,0.4817228
B2A,34840c34c1.jpg,0.7476797902322673,0.25791007
B2A,348e12ab8b.jpg,0.8311826443771253,0.29250088
B2A,3493315b15.jpg,0.6988812303659265,0.3571518
B2A,34961a9ee6.jpg,0.8353717524245173,0.3440756
B2A,349afdf79d.jpg,0.898539194284224,0.32819763
B2A,349eab5771.jpg,0.7775163558589925,0.33323234
B2A,34a0d6d394.jpg,0.7192181774110578,0.3584455
B2A,34a5e6c55b.jpg,0.6675815494528181,0.59378994
B2A,34a9eba898.jpg,0.7381524995033418,0.49368268
B2A,34b514be69.jpg,0.7799590668022328,0.41674933
B2A,34b51c7261.jpg,0.7724081046337086,0.5616241
B2A,34c5f04545.jpg,0.7263359379795691,0.5161282
B2A,34cbab9a5d.jpg,0.832650437853833,0.3517347
B2A,34cf1b263e.jpg,0.7920654661438584,0.38521454
B2A,34daf62663.jpg,0.7909116679740709,0.407861
B2A,34e314407f.jpg,0.8446118341023954,0.2687953
B2A,34e66708aa.jpg,0.6674390166534278,0.4697941
B2A,34e95595ce.jpg,0.8019061449556867,0.36487207
B2A,34eac9ab64.jpg,0.7525920543282909,0.40565827
B2A,34f4d5c9d4.jpg,0.7313558272375955,0.3816797
B2A,34fb6596e1.jpg,0.6734736294409992,0.5558094
B2A,34fe687882.jpg,0.7998046327401519,0.34524807
B2A,350b5ebef7.jpg,0.6599384880730748,0.33138388
B2A,350d2a84d5.jpg,0.7223670848210064,0.4248966
B2A,351e2041bb.jpg,0.8237383403384124,0.31454515
B2A,3528e213a3.jpg,0.6546379774020882,0.6245113
B2A,352c83ab74.jpg,0.7610049021798135,0.3084342
B2A,352e273208.jpg,0.7846919519733111,0.30705157
B2A,35395df60a.jpg,0.8550090628793457,0.2643767
B2A,353a61be7f.jpg,0.7690942485268728,0.32806617
B2A,353dedb268.jpg,0.7654365325859955,0.3765607
B2A,353e6a68f4.jpg,0.7400258241066408,0.42447832
B2A,355475c717.jpg,0.6762100284621833,0.36236542
B2A,355c86cd3d.jpg,0.6549208379211702,0.50244206
B2A,356a62efca.jpg,0.695740223873512,0.43566176
B2A,356caca006.jpg,0.6718516868923083,0.35561088
B2A,358670e605.jpg,0.8773816478470282,0.40962654
B2A,358b265ed6.jpg,0.7577282237354183,0.4729941
B2A,35945cd71c.jpg,0.7933283565625943,0.32650405
B2A,359495f7a4.jpg,0.6351061741277951,0.39720878
B2A,35961ab226.jpg,0.7628378142421761,0.37988418
B2A,3596426373.jpg,0.6292554893513315,0.45255002
B2A,359b6a2430.jpg,0.9093157125188269,0.36261687
B2A,35b0c24b22.jpg,0.8104280934559133,0.31001478
B2A,35dd92bfb3.jpg,0.836645880524864,0.3339109
B2A,35e792eb1a.jpg,0.7350462034631293,0.29095736
B2A,35e7c9ec58.jpg,0.8077658910575624,0.34942284
B2A,35ed01ca2e.jpg,0.8930701413140819,0.28896883
B2A,35ed52c72f.jpg,0.7428106664262949,0.44977647
B2A,35fab228d4.jpg,0.8099011646296197,0.331479
B2A,36000244a2.jpg,0.5507247451587725,0.506152
B2A,3608d6b3ac.jpg,0.8695148937779998,0.38982543
B2A,360a1c7c80.jpg,0.8155493188365787,0.423426
B2A,361f298a02.jpg,0.598241254162672,0.4277905
B2A,3621a894db.jpg,0.7721690824579258,0.3680121
B2A,362204f307.jpg,0.8062028937683093,0.3364353
B2A,362511599b.jpg,0.7626507260130512,0.36001658
B2A,36261d4302.jpg,0.730120532691337,0.4031109
B2A,3632f44a7c.jpg,0.7068222240866515,0.4182214
B2A,3648d77005.jpg,0.5636240147384365,0.48629642
B2A,3656053e31.jpg,0.6203482035916497,0.51120156
B2A,3657ef6b24.jpg,0.8855202024617449,0.30665067
B2A,368b9526b7.jpg,0.6604319422590179,0.32364666
B2A,368ee43922.jpg,0.9094403080153689,0.22047497
B2A,3691380fa5.jpg,0.6657129567747971,0.29950643
B2A,3695170ba2.jpg,0.7703997215481119,0.45606726
B2A,369897af38.jpg,0.879358779655886,0.39121535
B2A,36a77b49fe.jpg,0.7277144561654763,0.44331676
B2A,36a93aa776.jpg,0.6162056537210873,0.3428388
B2A,36a9509d21.jpg,0.6985623612307335,0.3448273
B2A,36ad6eb2d8.jpg,0.7452007947438196,0.30521664
B2A,36b37b892a.jpg,0.728833076539211,0.44302127
B2A,36bafe2801.jpg,0.5437393091784473,0.55238634
B2A,36bcc9afa9.jpg,0.9208358923805722,0.34911638
B2A,36d67864d9.jpg,0.7827131652003453,0.42247444
B2A,36d957036d.jpg,0.6530192540084716,0.30793434
B2A,36daf4d43d.jpg,0.8703518809950954,0.4735194
B2A,36e4004846.jpg,0.8496851675442451,0.32309505
B2A,36eb013265.jpg,0.8220398341972434,0.24771573
B2A,36eccca3ab.jpg,0.7787062352468197,0.33053717
B2A,36f18cca17.jpg,0.8908294241646514,0.28265324
B2A,36f6aeb966.jpg,0.8098588496327435,0.33389002
B2A,37075ca2ee.jpg,0.7117058008790551,0.41504955
B2A,371c59835b.jpg,0.8036751528679678,0.37434375
B2A,371f2829aa.jpg,0.5590803185943697,0.6461164
B2A,372d828feb.jpg,0.6811189186538611,0.5861734
B2A,372dc58821.jpg,0.5620259176847557,0.4602971
B2A,37322d9ff2.jpg,0.7765001621853728,0.3727966
B2A,3744adb842.jpg,0.7508747907217734,0.3467701
B2A,374d5245d4.jpg,0.6390667342569698,0.3740421
B2A,3751b9831c.jpg,0.7107257952872418,0.28871182
B2A,376073b21e.jpg,0.7505445959868348,0.34963673
B2A,376ddd69e6.jpg,0.6277014988278032,0.57976663
B2A,376f1b5edb.jpg,0.6526124957213313,0.34254783
B2A,377329db11.jpg,0.6502190004070498,0.40005782
B2A,3778fecb0c.jpg,0.8228146434659737,0.26366854
B2A,3789eceb0c.jpg,0.7067572250254142,0.2898364
B2A,37911bdb2c.jpg,0.8692026996326443,0.30244654
B2A,37917ad369.jpg,0.7116334615121536,0.38556668
B2A,37928f6999.jpg,0.8394776560527035,0.40350264
B2A,379b25d4d3.jpg,0.7533836579931055,0.42792553
B2A,37a5918d6f.jpg,0.779099013472131,0.27911204
B2A,37a90c2b86.jpg,0.710393875875886,0.4564659
B2A,37aabb8541.jpg,0.8340366588788635,0.34763652
B2A,37b12b7bc9.jpg,0.6781139013293198,0.47698444
B2A,37b740d8f8.jpg,0.7078061254038919,0.37310502
B2A,37c5732454.jpg,0.7348459153658033,0.38637102
B2A,37c6dc5971.jpg,0.6174108217796395,0.5618538
B2A,37cc9acfc2.jpg,0.8450515667359852,0.3673892
B2A,37cfa76bf2.jpg,0.7639773740439375,0.34921607
B2A,37d0b619d1.jpg,0.5637460084167207,0.43625483
B2A,37d3e79b71.jpg,0.6332968052603316,0.43220815
B2A,37df208f9f.jpg,0.7261853881158068,0.59133875
B2A,37eb07f626.jpg,0.8177958419710735,0.26828313
B2A,37f738e7bc.jpg,0.7475040815059456,0.3114011
B2A,37fba790de.jpg,0.8529826550564393,0.30220222
B2A,38062f7d79.jpg,0.6783630946536724,0.6011857
B2A,38070f5dbb.jpg,0.7455877347421082,0.44189513
B2A,38086cf21f.jpg,0.8395089056289349,0.41873923
B2A,381267e62a.jpg,0.6861101930633893,0.37635607
B2A,381280b99b.jpg,0.8190666532892971,0.40325803
B2A,381d086c95.jpg,0.7870822096033602,0.3819422
B2A,3820d34bd5.jpg,0.7216296480747189,0.38393438
B2A,3833afaa5a.jpg,0.7190032988941136,0.32045966
B2A,383bfdbd98.jpg,0.6749342143381345,0.46753144
B2A,3842636752.jpg,0.826089291495422,0.50488776
B2A,385d53e164.jpg,0.6352311675003258,0.6638745
B2A,385f8eb28d.jpg,0.5143111785767136,0.44273338
B2A,3860dba6e7.jpg,0.7383625633937752,0.32512423
B2A,38629959ac.jpg,0.7856765626000786,0.4622151
B2A,3865b242b9.jpg,0.8381721004315775,0.24228972
B2A,38662909dd.jpg,0.43087074959581684,0.53784436
B2A,38684f015e.jpg,0.8371396868929585,0.5111884
B2A,386a3c0897.jpg,0.5985096286943853,0.585195
B2A,3876bbbae0.jpg,0.79778191270904,0.383358
B2A,3886187ed1.jpg,0.7214833174321227,0.46518743
B2A,3891ee053e.jpg,0.8639912243257083,0.33763257
B2A,38992f60c4.jpg,0.7898839232646616,0.35605907
B2A,38993b35f9.jpg,0.7815415127512451,0.28177297
B2A,389acc824c.jpg,0.7159521429415399,0.53861153
B2A,389cbe6e1a.jpg,0.795554544415865,0.35846847
B2A,38bb0ec345.jpg,0.6569920500344872,0.39945188
B2A,38c6532fe1.jpg,0.7605189193033385,0.3745382
B2A,38c88ad59d.jpg,0.8213345649440452,0.34787348
B2A,38cb53af79.jpg,0.7806267911311059,0.30202356
B2A,38d00950b6.jpg,0.5494832044306256,0.40917733
B2A,38d0de69d8.jpg,0.7633210057219607,0.39480862
B2A,38d5379f18.jpg,0.7865266288216347,0.46947646
B2A,38d71d4dfe.jpg,0.5506006123526045,0.55197024
B2A,38d9042083.jpg,0.7641329243209586,0.27520075
B2A,38deab6c01.jpg,0.7324598578139054,0.43331346
B2A,38dfbc95b7.jpg,0.5443131600649708,0.48930046
B2A,38ebf8fc82.jpg,0.6846590200518029,0.47779357
B2A,38f185baa6.jpg,0.7303277371112721,0.2862027
B2A,390f3f16d6.jpg,0.774721359544675,0.499886
B2A,3915c24d8d.jpg,0.5883161575482998,0.54279816
B2A,3916d76a57.jpg,0.6600652938262227,0.45016432
B2A,392c032d0e.jpg,0.8177723842674186,0.3405477
B2A,3941a52677.jpg,0.7647504718235049,0.20216441
B2A,394a38353e.jpg,0.6837899389757205,0.506462
B2A,39545bce2e.jpg,0.8395889361001331,0.3987548
B2A,396b917aad.jpg,0.767435785483229,0.38372254
B2A,39780192ea.jpg,0.6753497814330707,0.38824072
B2A,398849f59d.jpg,0.8078080743171716,0.35388544
B2A,39b7d694de.jpg,0.749496414387766,0.39018142
B2A,39c1270676.jpg,0.7381684555008946,0.42924368
B2A,39db6bdbbe.jpg,0.6559106575882455,0.5247872
B2A,39ff1e8568.jpg,0.6571741381005187,0.33180904
B2A,3a0046ee0d.jpg,0.657682154326546,0.44149956
B2A,3a00c416f6.jpg,0.8384443537329613,0.376894
B2A,3a2f29ea97.jpg,0.7694206161174956,0.37501192
B2A,3a36ff8b4b.jpg,0.8522564255151116,0.43308687
B2A,3a423d3645.jpg,0.828834398008776,0.46312734
B2A,3a4414aa6b.jpg,0.6404851712086086,0.553727
B2A,3a582c9914.jpg,0.6882747348348685,0.34694207
B2A,3a5b6e28e0.jpg,0.7873637217016505,0.37742454
B2A,3a5c7e707a.jpg,0.6653621113320488,0.48505893
B2A,3a747d8723.jpg,0.6842459119332156,0.37182206
B2A,3a7a0992dd.jpg,0.6116411615905453,0.45907128
B2A,3a82bd4f2a.jpg,0.5995444699930741,0.5036763
B2A,3a872d9357.jpg,0.8035460082944441,0.461235
B2A,3a91a66bdd.jpg,0.8178782286548062,0.34482968
B2A,3a9483311f.jpg,0.6613588830169734,0.48003042
B2A,3a9d528df2.jpg,0.6947503905504225,0.55409026
B2A,3ab31603e2.jpg,0.6447252165531744,0.44110164
B2A,3abca1ec15.jpg,0.7809119827899247,0.28091738
B2A,3ac5c5efeb.jpg,0.773676201156012,0.6143143
B2A,3acafb52ae.jpg,0.7962813145948118,0.2727288
B2A,3ad0aa389f.jpg,0.760969229365203,0.53317034
B2A,3ade5505ba.jpg,0.6827583788886157,0.39118788
B2A,3adf6a85e3.jpg,0.7276398733704724,0.2837132
B2A,3af0aaf3ee.jpg,0.6850453674617769,0.48878646
B2A,3af3151f7f.jpg,0.8421435670948629,0.36949235
B2A,3afa5083c1.jpg,0.7423582763006525,0.4172538
B2A,3b047fc766.jpg,0.49034587560059395,0.61945885
B2A,3b20ee7aa5.jpg,0.8241676862522781,0.3263755
B2A,3b28c6b97b.jpg,0.781853672030408,0.33090883
B2A,3b312d0ac5.jpg,0.7782772177197944,0.37716627
B2A,3b368db4be.jpg,0.8251543178675678,0.37048817
B2A,3b3f9ecd9d.jpg,0.8904442516689188,0.21596882
B2A,3b3fd02a40.jpg,0.7899735245960802,0.42958003
B2A,3b465f08bf.jpg,0.7753351849906583,0.38275075
B2A,3b4b485df5.jpg,0.7625568753177083,0.39848673
B2A,3b4e045bb7.jpg,0.5942411992149212,0.5225587
B2A,3b57973eb2.jpg,0.7983815467723984,0.3386181
B2A,3b5d843f5a.jpg,0.7568395353653679,0.44937527
B2A,3b64a40750.jpg,0.5949386561912171,0.32117414
B2A,3b6a39a00d.jpg,0.5616265643119266,0.5188456
B2A,3b6c01176c.jpg,0.6744121833196984,0.3886152
B2A,3b71b87d37.jpg,0.7968137727232509,0.28339255
B2A,3b76682887.jpg,0.7376595406185733,0.4488244
B2A,3b855caae4.jpg,0.6781137882547748,0.35770875
B2A,3bae3d1712.jpg,0.647531624100482,0.26329798
B2A,3bc75876be.jpg,0.6831632993697916,0.3030683
B2A,3bcafe027c.jpg,0.8557404236051613,0.29866484
B2A,3bcc67701d.jpg,0.7524708150110686,0.44525754
B2A,3bd85aead5.jpg,0.6355938361736468,0.4941917
B2A,3bd8747102.jpg,0.8560512258267662,0.43953916
B2A,3bd9ddc108.jpg,0.7685177588660883,0.27734336
B2A,3be1aea5fc.jpg,0.7881782071937115,0.2924731
B2A,3bed43f9f6.jpg,0.7300206828097466,0.49294412
B2A,3bf9ac1eb3.jpg,0.7040099987883347,0.35076636
B2A,3bff224652.jpg,0.8194856087952108,0.37203592
B2A,3c048f020d.jpg,0.6791144593526415,0.42347416
B2A,3c07362391.jpg,0.6653383613699785,0.40295845
B2A,3c1963d1f8.jpg,0.7251525933814833,0.3259306
B2A,3c21346fb9.jpg,0.7710523230471578,0.56806576
B2A,3c327deaca.jpg,0.7298619417774095,0.41145703
B2A,3c3c78be02.jpg,0.8594807413552077,0.30278727
B2A,3c4406fa5a.jpg,0.7131099241496437,0.5480429
B2A,3c52316f14.jpg,0.4947984285816456,0.70070815
B2A,3c53ee8af8.jpg,0.8720283990093816,0.3440116
B2A,3c5cdd7090.jpg,0.7398821673941703,0.614314
B2A,3c5e76d1e3.jpg,0.8835918280716492,0.3033823
B2A,3c65d848ee.jpg,0.7516850485100437,0.33180332
B2A,3c6fe5de40.jpg,0.6123462828416046,0.50987244
B2A,3c72375e57.jpg,0.7188937595331981,0.46273288
B2A,3c7383e41b.jpg,0.5173511907367722,0.42933226
B2A,3c750a98db.jpg,0.662925269888065,0.421641
B2A,3c7a019967.jpg,0.752522883080787,0.2753849
B2A,3c840700fc.jpg,0.8091801097213042,0.28344855
B2A,3c8591595d.jpg,0.8564684652151692,0.42632917
B2A,3c8d055dde.jpg,0.7249017010375711,0.3726669
B2A,3c8de7efcc.jpg,0.6994357599406987,0.41744307
B2A,3c92f9da89.jpg,0.8200045866300688,0.48873496
B2A,3ca88b5bae.jpg,0.7636492329499294,0.30533653
B2A,3caa03fcca.jpg,0.6409562596638129,0.38130772
B2A,3cc4339658.jpg,0.7684663695382427,0.3478395
B2A,3cc6896a14.jpg,0.7782970073211494,0.51476055
B2A,3cc973e9c6.jpg,0.5930014905175062,0.4829368
B2A,3cca867846.jpg,0.7747899038417498,0.36772767
B2A,3ccbf381cc.jpg,0.7218393277258556,0.34307674
B2A,3cd0ce8fcd.jpg,0.6959416717499036,0.3976245
B2A,3cd43a2690.jpg,0.7683903325802337,0.29742444
B2A,3cdbcd6c29.jpg,0.7258223050342508,0.4426098
B2A,3ce8fe7b80.jpg,0.8112007580162168,0.5318087
B2A,3cf977901c.jpg,0.44950230180467526,0.65350515
B2A,3cff22e3c9.jpg,0.7827518923208987,0.29800606
B2A,3d038050b2.jpg,0.4359660655599219,0.5225341
B2A,3d0982bebb.jpg,0.7850177085956177,0.48000482
B2A,3d0e0ead31.jpg,0.7804314593054792,0.41258818
B2A,3d14523c1f.jpg,0.7659988499336347,0.65999365
B2A,3d165d2aad.jpg,0.9016560727315984,0.36983228
B2A,3d204371c7.jpg,0.8214265794655681,0.3088082
B2A,3d29c7439f.jpg,0.5628940816634833,0.48429862
B2A,3d2c394405.jpg,0.5201637771569518,0.4768284
B2A,3d3b9f4ba1.jpg,0.8222280298705278,0.3702972
B2A,3d69e148e8.jpg,0.6500157814062805,0.36614072
B2A,3d6b2aa9d4.jpg,0.8105507229773204,0.29224408
B2A,3d6ef1f43d.jpg,0.5493740754103973,0.58788866
B2A,3d70ef0d7c.jpg,0.5753235926015994,0.54751545
B2A,3d71b5934b.jpg,0.7319730625660408,0.3738874
B2A,3d8835b84d.jpg,0.6355474681654382,0.32500234
B2A,3d89a7a1c4.jpg,0.7456443739357005,0.34255743
B2A,3d89fa1a08.jpg,0.7180610944784162,0.34653613
B2A,3d8fd794f8.jpg,0.722711542534249,0.31562102
B2A,3d961be033.jpg,0.6987633528329289,0.34356898
B2A,3da4c699b8.jpg,0.7358221950407418,0.45519602
B2A,3db43d9a04.jpg,0.6627518843086337,0.51426613
B2A,3db8bf2299.jpg,0.8405128473265563,0.3143399
B2A,3dc62c7550.jpg,0.7804112660672475,0.36463234
B2A,3dc69fb234.jpg,0.7561267737843419,0.38275358
B2A,3dcb9f50ff.jpg,0.6099507503226484,0.27776426
B2A,3dcdf82bcd.jpg,0.6090680642514336,0.502243
B2A,3dcf18bba9.jpg,0.8899859236962913,0.34372526
B2A,3dd2d3096b.jpg,0.7107384695502967,0.42653948
B2A,3de3c8151d.jpg,0.633175439307634,0.4904217
B2A,3dfd77c751.jpg,0.8839170855515242,0.32988384
B2A,3e0479c7a4.jpg,0.6097549548397122,0.41641232
B2A,3e097a4c02.jpg,0.7764043562853875,0.31761885
B2A,3e1cd24e83.jpg,0.701398532818473,0.42288983
B2A,3e1dfc9dc0.jpg,0.7398504054674703,0.41522157
B2A,3e2d480716.jpg,0.5375062143316525,0.5167364
B2A,3e31646935.jpg,0.7534599047438953,0.22064564
B2A,3e3b342a95.jpg,0.8166482710803552,0.38150728
B2A,3e4c86049d.jpg,0.7962836948556876,0.30779967
B2A,3e4e2f5b6e.jpg,0.775881469273577,0.5323896
B2A,3e4edba19d.jpg,0.7331815324121049,0.39698064
B2A,3e60c7241a.jpg,0.8125935003029879,0.3237463
B2A,3e780ed289.jpg,0.8727224506761216,0.33546975
B2A,3e806e2a4a.jpg,0.8352186152916748,0.3447885
B2A,3e9809b35e.jpg,0.7391624461342948,0.40502626
B2A,3ea3ae5954.jpg,0.6081306785620182,0.56124264
B2A,3ea96d7fbd.jpg,0.7177641386528347,0.6412576
B2A,3eaa214d3d.jpg,0.7235185798464946,0.3736124
B2A,3eab0e9d77.jpg,0.5835191217263442,0.44943017
B2A,3eb7c094c0.jpg,0.8009802762920488,0.3923895
B2A,3ebc8a4013.jpg,0.7697866006428437,0.30234903
B2A,3ec2bb5a0c.jpg,0.8798281609284188,0.27173102
B2A,3ec4f57f74.jpg,0.8888079618786912,0.24813767
B2A,3ecedf69d8.jpg,0.6707172181281695,0.46832263
B2A,3ed12a78ce.jpg,0.816074507616792,0.41540885
B2A,3edae2ef79.jpg,0.6956893682810561,0.4600469
B2A,3edc9197e7.jpg,0.7568506635135458,0.32497108
B2A,3ee4497b2e.jpg,0.6766137427000052,0.35536116
B2A,3ee7eb408c.jpg,0.6422222613737246,0.36692324
B2A,3f0362f12d.jpg,0.7648782103601407,0.3430517
B2A,3f0738d8dc.jpg,0.783738629504911,0.41928542
B2A,3f0a7330bd.jpg,0.7517681216598365,0.35621133
B2A,3f1191a447.jpg,0.7370597615183139,0.30430055
B2A,3f1942ac5e.jpg,0.6792919379613205,0.30320412
B2A,3f220a6caa.jpg,0.8413237052750885,0.3083347
B2A,3f28319f81.jpg,0.6710595955296154,0.5944586
B2A,3f2a4b6406.jpg,0.6527863583045258,0.6412515
B2A,3f3e610d58.jpg,0.7537172853771301,0.37100258
B2A,3f53c08114.jpg,0.7497231192690497,0.5212015
B2A,3f5bc8d85c.jpg,0.8079484017068826,0.32496202
B2A,3f615bc675.jpg,0.7600132764165671,0.50354075
B2A,3f6489dfa3.jpg,0.7372084317451275,0.41939753
B2A,3f6e1ac2ae.jpg,0.8245681055593284,0.41483173
B2A,3f70cec894.jpg,0.7718842363918218,0.29076678
B2A,3f7dc6a469.jpg,0.7397007450490308,0.32577193
B2A,3f844f5b59.jpg,0.7449372527038596,0.23827262
B2A,3f8fd85f1c.jpg,0.8146242312767531,0.381379
B2A,3f91546f37.jpg,0.7825811893083716,0.49383608
B2A,3f97bcc230.jpg,0.7074652756968248,0.3386695
B2A,3f9d9b6972.jpg,0.8539464019744406,0.2435874
B2A,3fa1aa1d56.jpg,0.7375744942996968,0.40189064
B2A,3fa61d1b59.jpg,0.7242975100796154,0.335284
B2A,3fa89cdb0f.jpg,0.8507173541699872,0.36858398
B2A,3facf2de42.jpg,0.8074941964793386,0.43539727
B2A,3fc01a1f5a.jpg,0.8442450641706352,0.33921793
B2A,3fc29d7b01.jpg,0.6965583467446647,0.45760095
B2A,3fcabb43e0.jpg,0.8333108429549757,0.30731606
B2A,3fce3b2092.jpg,0.7960967219697104,0.42840034
B2A,3fd5f45733.jpg,0.5651201990082516,0.2787181
B2A,3fe71e2f91.jpg,0.7553950256646303,0.35532874
B2A,3ff9d14627.jpg,0.7448189455222607,0.5502217
B2A,3ffcf75444.jpg,0.8211811850067128,0.49331558
B2A,4006643077.jpg,0.5692363701273913,0.43751156
B2A,400dd42483.jpg,0.8225885322856151,0.34357423
B2A,401c79161f.jpg,0.8651234832810627,0.26385635
B2A,402358e99c.jpg,0.6749880901631459,0.38500738
B2A,402da39edd.jpg,0.6341192048517472,0.42091942
B2A,4033c4fd83.jpg,0.7137399591625652,0.2896686
B2A,4035bcf4c5.jpg,0.7566821413906663,0.29892135
B2A,40365d3029.jpg,0.772691767459835,0.4145878
B2A,403a9eb385.jpg,0.8097503633150386,0.2743635
B2A,4044bcfa56.jpg,0.5993356283121795,0.61059356
B2A,40454944a3.jpg,0.860305144006555,0.26765072
B2A,4051c9b480.jpg,0.70940541553756,0.3618229
B2A,405d277475.jpg,0.8100323027661943,0.36856103
B2A,40634ec806.jpg,0.7678027328198707,0.4680407
B2A,4069034d1b.jpg,0.7124984164452243,0.49490324
B2A,4069c14970.jpg,0.6865370035448171,0.5934069
B2A,4069eee71a.jpg,0.6255292660629833,0.48937848
B2A,406f7f455a.jpg,0.7814131645046303,0.3663147
B2A,40773a3569.jpg,0.7281892615686539,0.6819446
B2A,407ded2317.jpg,0.8339389606597392,0.38251415
B2A,408a7ed2d4.jpg,0.5404306706067527,0.6012467
B2A,408ae2c4d3.jpg,0.8604967709685742,0.35167676
B2A,408c4b86d7.jpg,0.809318001252917,0.37633765
B2A,409f830e91.jpg,0.6584225807631496,0.5386147
B2A,40a2829478.jpg,0.6840977207580454,0.56707716
B2A,40abbf6272.jpg,0.7340988237801793,0.5222636
B2A,40b341cce7.jpg,0.8550265093543185,0.44403923
B2A,40b814831c.jpg,0.7921053730050369,0.27202708
B2A,40ba4c1ee0.jpg,0.674089117893924,0.32167873
B2A,40cd40f4ce.jpg,0.6528207847784842,0.41547042
B2A,40d46c10bd.jpg,0.7510497603553296,0.55770034
B2A,40d6a5963b.jpg,0.6483745491436905,0.46332076
B2A,40dbef5e74.jpg,0.7842527548914756,0.34409994
B2A,40e2fb2f62.jpg,0.8853744399683388,0.21763024
B2A,410a15d160.jpg,0.7077495698053368,0.46007973
B2A,410c1279f0.jpg,0.814705958771405,0.3239535
B2A,410f1753ab.jpg,0.7210268791094173,0.32454664
B2A,4113173d13.jpg,0.5465492754500021,0.45968395
B2A,411424ff38.jpg,0.8075050650571224,0.32626265
B2A,4115b492be.jpg,0.6667116284243879,0.48971778
B2A,411728406b.jpg,0.5608657053189331,0.5339665
B2A,411cbac479.jpg,0.8221542919895545,0.3244092
B2A,41316be2ab.jpg,0.805711988260746,0.2684534
B2A,4134a75abc.jpg,0.8027993627096961,0.2510126
B2A,413aa936b2.jpg,0.5208396839459635,0.49171072
B2A,414a144db4.jpg,0.76489886655895,0.35195166
B2A,4151207d56.jpg,0.5152300343525213,0.60909516
B2A,415a165321.jpg,0.7904766103099131,0.34562075
B2A,4166c63775.jpg,0.7756480226566745,0.396416
B2A,416e06ae04.jpg,0.7045075291771821,0.38943142
B2A,416e954665.jpg,0.7386217643429709,0.359547
B2A,416fcde5d2.jpg,0.7941119748824577,0.27937722
B2A,4170ddf51d.jpg,0.7954125334408837,0.42759323
B2A,417769579b.jpg,0.8491727046407092,0.3869815
B2A,417c141022.jpg,0.7688245921547725,0.44501916
B2A,417f9dbce5.jpg,0.7827716081065941,0.40553942
B2A,4185e8411e.jpg,0.8376871460846328,0.41454384
B2A,418d1c582c.jpg,0.7867020543326546,0.44645482
B2A,419385f134.jpg,0.7335132073426833,0.54785323
B2A,4197e5cf91.jpg,0.656901959695615,0.73751223
B2A,419c88186c.jpg,0.8047166474874148,0.27875286
B2A,41a0c9b77b.jpg,0.6322598262985628,0.3258634
B2A,41a6a58a06.jpg,0.9013722951790242,0.30910042
B2A,41aab05613.jpg,0.8658717309174857,0.25783977
B2A,41c988e839.jpg,0.5198745815091284,0.64326394
B2A,41ca266a6d.jpg,0.7810293785081678,0.3951248
B2A,41d6d46378.jpg,0.8577769053180465,0.3630086
B2A,41da9742ed.jpg,0.6492178618484735,0.56712496
B2A,41df7d5e43.jpg,0.7993766877605032,0.3650818
B2A,41ec0c9e94.jpg,0.8843252305370263,0.28533316
B2A,41ed759f87.jpg,0.9039047171354662,0.2685826
B2A,41f062b74b.jpg,0.6110012436499641,0.59878486
B2A,41f4b96cdd.jpg,0.5552866969942154,0.5033865
B2A,420386aab6.jpg,0.7327012171739868,0.35388
B2A,421cf4d925.jpg,0.8070609375197159,0.19254923
B2A,4234c4fa4a.jpg,0.7791468729505934,0.44510114
B2A,4246be6f2b.jpg,0.6925546762153466,0.53492093
B2A,4252a6b79d.jpg,0.8583350177430017,0.37597746
B2A,4255eb0cb0.jpg,0.7479378842224779,0.44991168
B2A,4262ee33cf.jpg,0.6688115800570136,0.51773655
B2A,4263de0622.jpg,0.831234714797073,0.30556947
B2A,42703f8185.jpg,0.7655138674098487,0.37862524
B2A,428066cbb6.jpg,0.7767984174783403,0.37497264
B2A,428516308c.jpg,0.8191138057234166,0.35230464
B2A,428cfa30a0.jpg,0.5266803732884837,0.6469895
B2A,42a17f2513.jpg,0.8074064844684943,0.46140593
B2A,42a2c9c2a9.jpg,0.6202199499701176,0.4467445
B2A,42a90ee8fd.jpg,0.6659803584045815,0.3769312
B2A,42b38b3ecf.jpg,0.6900486560288399,0.35696602
B2A,42b7ed6caf.jpg,0.7487403391781231,0.38629523
B2A,42b9334189.jpg,0.7733597907994615,0.38404948
B2A,42d09ebeef.jpg,0.6214241903369008,0.50187516
B2A,42d7e15840.jpg,0.8556394575980701,0.40326795
B2A,42d95f5656.jpg,0.5936398509715138,0.5789655
B2A,42d9791966.jpg,0.6997891049817621,0.42857417
B2A,42db3f6bfb.jpg,0.7008683836558801,0.33651042
B2A,42e33a0f4e.jpg,0.8262685540095984,0.39669982
B2A,42e6bc6527.jpg,0.7718011718455798,0.28782907
B2A,42f2c8badb.jpg,0.8931630083583116,0.40552384
B2A,42f67a0c9b.jpg,0.7916872545079148,0.4219263
B2A,430365e84b.jpg,0.7588199633347552,0.36459562
B2A,4308c43102.jpg,0.8375063060699687,0.36253306
B2A,4325d69fe4.jpg,0.6648477905055327,0.36420196
B2A,4327a26f90.jpg,0.7919503311913171,0.34487867
B2A,432c4949ea.jpg,0.6842652887719956,0.46589053
B2A,432c77e7ff.jpg,0.9041466368877181,0.38098678
B2A,433f72e01b.jpg,0.5601577187795431,0.45913798
B2A,43425f75c3.jpg,0.727843033295294,0.41463584
B2A,4346c649be.jpg,0.7970141874197435,0.43122917
B2A,43519ebdda.jpg,0.837580439888844,0.27033693
B2A,436544ba60.jpg,0.7597186532941217,0.34797
B2A,436738950d.jpg,0.8275499562489631,0.31051907
B2A,4367fc0915.jpg,0.5685455341623711,0.6563562
B2A,437bce391c.jpg,0.6702200482637198,0.449475
B2A,437d311cfe.jpg,0.5293864228919339,0.44175833
B2A,439be152be.jpg,0.638851385745923,0.43892217
B2A,43a246cd29.jpg,0.8414602021806827,0.28097546
B2A,43a3471132.jpg,0.6983477295191864,0.3189591
B2A,43a5271014.jpg,0.7585034483914065,0.3443261
B2A,43b2557047.jpg,0.7685552184894319,0.4517526
B2A,43b5bdf41c.jpg,0.7651546354693165,0.28687656
B2A,43b6f98955.jpg,0.7696910561235648,0.5528612
B2A,43bcfa7f99.jpg,0.7114168663079358,0.42124343
B2A,43be6f2003.jpg,0.6519986198590408,0.56034005
B2A,43be7d5231.jpg,0.8190635240867092,0.49528834
B2A,43d6edb617.jpg,0.8246878322234463,0.2772941
B2A,43d7a934de.jpg,0.7758754130743005,0.31789896
B2A,43db8e440e.jpg,0.7257432710751874,0.43217993
B2A,43dbb8ae62.jpg,0.7963241441949906,0.28263062
B2A,43e7f05c27.jpg,0.45206174184846465,0.6910986
B2A,43ecb78f04.jpg,0.6446276220257545,0.5423511
B2A,43ef5533dd.jpg,0.7875140875824791,0.35675833
B2A,43f3d41042.jpg,0.8107515405175223,0.3051737
B2A,441ba0764f.jpg,0.8543961391592123,0.2959374
B2A,442465d291.jpg,0.5464934867372867,0.5403758
B2A,44263e569e.jpg,0.7641232567057017,0.46949294
B2A,442e55394f.jpg,0.8422374117272461,0.29425287
B2A,443367c605.jpg,0.822538534484565,0.25553775
B2A,443cfcaf19.jpg,0.7740242581146548,0.5399703
B2A,444ea6a3df.jpg,0.8679910279208286,0.28934026
B2A,445c9de4ae.jpg,0.6765021127984029,0.5440916
B2A,44643764ef.jpg,0.5736606729282931,0.37808204
B2A,4473598289.jpg,0.7274833971869509,0.3617392
B2A,447a64dc90.jpg,0.8239168532501704,0.43734106
B2A,447ceb7434.jpg,0.7878091961240102,0.33823276
B2A,44811f744f.jpg,0.7785405415191367,0.33947748
B2A,44838c4894.jpg,0.5772885419996697,0.6402236
B2A,44852d6fd3.jpg,0.7684923321890083,0.4302527
B2A,4494dace12.jpg,0.8040793225387542,0.41286623
B2A,449d31ec71.jpg,0.8044829646386403,0.32508558
B2A,449ffd7d0e.jpg,0.8131436908391646,0.2907969
B2A,44b1c947c8.jpg,0.7020025381393664,0.4173229
B2A,44b7b27bdb.jpg,0.8386253934231178,0.4543001
B2A,44b948a11b.jpg,0.7769311507330829,0.27211705
B2A,44be21f482.jpg,0.7279899693297872,0.50121427
B2A,44ca9b838b.jpg,0.7721994328979822,0.49211165
B2A,44cd2a0855.jpg,0.8107996322490854,0.3890998
B2A,44d4bbf9c5.jpg,0.748631556615959,0.36558533
B2A,44e072e7f6.jpg,0.7846858923421832,0.3811215
B2A,44f0533b7d.jpg,0.49068697811825485,0.5912246
B2A,44f9fc3d08.jpg,0.8648221509070547,0.32619497
B2A,450c48015c.jpg,0.6438909231532322,0.4141382
B2A,451fa08066.jpg,0.749806806813628,0.3306191
B2A,45281596ce.jpg,0.6777938413369881,0.3828012
B2A,452c2eae3c.jpg,0.6959588972823516,0.49396905
B2A,452c5d0bb4.jpg,0.7523765102342963,0.34941503
B2A,452cb57460.jpg,0.8349262153357782,0.34933865
B2A,45342d5c70.jpg,0.6782501386448633,0.4588189
B2A,4534cb2584.jpg,0.8088212114587275,0.4639786
B2A,453afd0c27.jpg,0.6263789765760855,0.37662756
B2A,453bd33553.jpg,0.6502623090138959,0.38684317
B2A,453f5d81cf.jpg,0.8013536534050296,0.3833089
B2A,454cf7a157.jpg,0.5842955171915813,0.39151466
B2A,4550c707f6.jpg,0.8279875101810023,0.5025496
B2A,4551f3f54b.jpg,0.7266568493139371,0.38805342
B2A,4569404b70.jpg,0.78714897379113,0.420725
B2A,4569953612.jpg,0.6498835609080633,0.24356611
B2A,457b19a007.jpg,0.8420475938508891,0.35449186
B2A,4581966154.jpg,0.7053348900697012,0.5933786
B2A,4581a4faee.jpg,0.5405619173767692,0.7550361
B2A,458b9bddeb.jpg,0.7609523290373188,0.38691032
B2A,459a0e8a7b.jpg,0.6569010546572628,0.38822266
B2A,45a0cf81a7.jpg,0.8296503992806309,0.4748472
B2A,45a4fc418c.jpg,0.8833239936828803,0.2577903
B2A,45ae43ca11.jpg,0.5988787657623684,0.39730918
B2A,45b59ba108.jpg,0.8147984999989819,0.30896735
B2A,45bfc01241.jpg,0.5665718838435833,0.5603984
B2A,45cecf091d.jpg,0.763925748755673,0.3721621
B2A,45d284a829.jpg,0.5528827076145546,0.43150955
B2A,45db826465.jpg,0.7714889535037148,0.28172514
B2A,45e07afb6c.jpg,0.64474554663623,0.39628726
B2A,45f3a9c5e3.jpg,0.8369936902895969,0.34541363
B2A,45f63c2653.jpg,0.5280255635336218,0.6557949
B2A,45f784213e.jpg,0.7044944324056688,0.53180707
B2A,45feda47bc.jpg,0.8956542041264407,0.25098747
B2A,46196f19d1.jpg,0.7910284869911696,0.4077227
B2A,461cc8da33.jpg,0.7993440980736051,0.34031725
B2A,463758c10d.jpg,0.6933318462451664,0.4234498
B2A,463ad92568.jpg,0.6719851348058515,0.5792875
B2A,463b8807e5.jpg,0.709662204127352,0.46589243
B2A,463be5a1a1.jpg,0.697274839291751,0.63557416
B2A,464d4dd705.jpg,0.6592029865417196,0.34160113
B2A,4663bb2924.jpg,0.6320949500764448,0.43878007
B2A,466585f6df.jpg,0.6080788696803389,0.511236
B2A,467657f396.jpg,0.8203554461023105,0.3652666
B2A,467873c9df.jpg,0.8162183808355331,0.31818345
B2A,468048412c.jpg,0.8182791808112416,0.36255026
B2A,4682dbbee5.jpg,0.8518174370730247,0.3740967
B2A,4690fd5a96.jpg,0.8802956076284075,0.22876522
B2A,4691625ad2.jpg,0.5558929528913447,0.4914547
B2A,46950ae4ea.jpg,0.8147173008258508,0.32664686
B2A,4695ac2040.jpg,0.7133166779379764,0.5680277
B2A,4698056301.jpg,0.8826914771162561,0.25734985
B2A,469836dad8.jpg,0.5711118986225568,0.4818118
B2A,469d7ad9cc.jpg,0.7041330361088043,0.2910971
B2A,46c95eebbe.jpg,0.7882760236373629,0.41003513
B2A,46cadbe0a9.jpg,0.7241959542293842,0.41802514
B2A,46db1d7f60.jpg,0.6825983958019466,0.4041881
B2A,46e47f7efe.jpg,0.7627824611618036,0.37932128
B2A,46e71a4094.jpg,0.8484714188490086,0.25340343
B2A,46e84039a1.jpg,0.8635402790819066,0.34370682
B2A,46f391abec.jpg,0.7375646233220009,0.45522052
B2A,46f5ef1042.jpg,0.5775919099827428,0.58218956
B2A,4706619607.jpg,0.8715979639136386,0.32064027
B2A,4707b03a08.jpg,0.5654938719776912,0.47127724
B2A,47100a9939.jpg,0.7043871480594549,0.37774426
B2A,471f4755b9.jpg,0.7369697710187572,0.46400616
B2A,472b351bc4.jpg,0.8530945699607827,0.34937406
B2A,472d5ac100.jpg,0.6619883362790762,0.42750156
B2A,4758e5dd4c.jpg,0.6349471010298482,0.42567155
B2A,4762bb79ef.jpg,0.7844621975241693,0.31731147
B2A,4778b13518.jpg,0.865416095512434,0.36869046
B2A,4787b82d37.jpg,0.7796081670831833,0.31039482
B2A,478e07feaa.jpg,0.5640064686160647,0.43250248
B2A,478eb12a82.jpg,0.9241248961741115,0.32519528
B2A,479698b371.jpg,0.5871252167848365,0.42020315
B2A,4796d67f61.jpg,0.5789520886706189,0.59057784
B2A,47aad493bd.jpg,0.7955087916298141,0.317286
B2A,47ae0edd23.jpg,0.6455942710587356,0.50738007
B2A,47b94957ff.jpg,0.7139368859113718,0.36329338
B2A,47bb43fe3e.jpg,0.6830935795203618,0.40406135
B2A,47bb59d449.jpg,0.8182027577493894,0.3437928
B2A,47d391d94b.jpg,0.6727220154969363,0.56757987
B2A,47df262cc5.jpg,0.8587831546274318,0.34422788
B2A,47eea5bf33.jpg,0.5012169539940737,0.48109922
B2A,47f3b40cbc.jpg,0.8073816357495155,0.54120934
B2A,48122c9518.jpg,0.7505589240723874,0.33111084
B2A,481456b5a6.jpg,0.7974760254287404,0.35074377
B2A,481713d59d.jpg,0.8041423643500488,0.4038679
B2A,481bd32b6c.jpg,0.6209440009698296,0.58703256
B2A,482bf5a0d2.jpg,0.8455039757845324,0.3274834
B2A,482fd44fce.jpg,0.705899017607422,0.37943822
B2A,4831466e23.jpg,0.7856723243062815,0.25547758
B2A,48502862cf.jpg,0.7400891533674844,0.42519373
B2A,485517e0c7.jpg,0.8028199405277192,0.3923632
B2A,48598ead29.jpg,0.856668281011385,0.3695897
B2A,4862d17fa4.jpg,0.8520397923496492,0.3220197
B2A,486a62a430.jpg,0.8225717081900997,0.29408574
B2A,486cafaa7f.jpg,0.6521793183138567,0.3476836
B2A,48735c69aa.jpg,0.8771775126969632,0.27320126
B2A,48793755cd.jpg,0.7711543612467544,0.3869991
B2A,4879579e02.jpg,0.5748147530619899,0.56742746
B2A,488a6cef0c.jpg,0.9107910447916698,0.30714598
B2A,489c841af4.jpg,0.5830815397334634,0.55569
B2A,48a85bc072.jpg,0.7007626938563769,0.4155986
B2A,48ac1011db.jpg,0.5742503547426204,0.7216517
B2A,48b6156f89.jpg,0.6581062909741429,0.4174795
B2A,48c641285b.jpg,0.8335822257845268,0.41343865
B2A,48e1a89d96.jpg,0.7742751070978571,0.38122043
B2A,48eac3916f.jpg,0.7204491231898528,0.4836551
B2A,48eb5fa7bd.jpg,0.6359328092753032,0.3214069
B2A,48f120810d.jpg,0.8568342422986938,0.46990612
B2A,49095bdeb5.jpg,0.679779258250892,0.54342884
B2A,491b2ba38c.jpg,0.8556143936606381,0.24381459
B2A,49205c171d.jpg,0.7770256110191135,0.2927041
B2A,4943c84af0.jpg,0.8585701571385778,0.3273102
B2A,494db50238.jpg,0.5450630527061385,0.60616684
B2A,4950bcf8c1.jpg,0.8487252509307528,0.2879963
B2A,496757508b.jpg,0.7908652934347142,0.33957225
B2A,499b445583.jpg,0.8336538228970649,0.32937086
B2A,499bc1a152.jpg,0.8183409594004188,0.3698132
B2A,499c1bd3b8.jpg,0.5598087087607555,0.50453997
B2A,49a9692a0e.jpg,0.8236603421284442,0.26425686
B2A,49b093a9f3.jpg,0.7205460297519289,0.59085107
B2A,49b3383147.jpg,0.7456599037736059,0.3473334
B2A,49b8c4ea37.jpg,0.542607058206682,0.34076974
B2A,49c2b1cdef.jpg,0.8735493353571901,0.26793995
B2A,49c538fce7.jpg,0.7704428719073532,0.43739334
B2A,49d2c9fc14.jpg,0.6612787188497746,0.5205798
B2A,49dc3fd195.jpg,0.6318731589107262,0.500536
B2A,49e4129024.jpg,0.6438684790883286,0.5302437
B2A,49ee914a63.jpg,0.756318673942642,0.35872218
B2A,4a06596662.jpg,0.7021711158784997,0.42752635
B2A,4a12f1780a.jpg,0.846758306206717,0.4013936
B2A,4a16981927.jpg,0.8460005407758007,0.26408634
B2A,4a195405a0.jpg,0.5984307342786395,0.4285316
B2A,4a1bb1d46c.jpg,0.6474347335802119,0.46042714
B2A,4a20622bde.jpg,0.6778632808475815,0.3339095
B2A,4a29db3c6b.jpg,0.7752917768754448,0.5623292
B2A,4a2c4db283.jpg,0.7940215208158963,0.4198845
B2A,4a55695a4d.jpg,0.6012463272398307,0.6793333
B2A,4a5ab8f970.jpg,0.8142138180567405,0.34323046
B2A,4a669c897c.jpg,0.5832596730567952,0.6119208
B2A,4a7cec06e7.jpg,0.7586567309625747,0.34664625
B2A,4a8a49028d.jpg,0.7100908968219568,0.37483144
B2A,4a916ceb98.jpg,0.7464256461779655,0.29835433
B2A,4a9d34fa51.jpg,0.701387777838622,0.38811395
B2A,4a9e982b39.jpg,0.8035333629650194,0.5431526
B2A,4aaf628a71.jpg,0.6422113278756277,0.63660604
B2A,4ab9478ef9.jpg,0.6238612384697841,0.53998995
B2A,4abaac9654.jpg,0.8721825882622476,0.29017627
B2A,4abd5654a3.jpg,0.8018713042332085,0.33683115
B2A,4abda75494.jpg,0.7692864796854297,0.32894135
B2A,4ac7c7bf44.jpg,0.8007434089764863,0.3904232
B2A,4ac8581018.jpg,0.5944143527109306,0.40493453
B2A,4ad0ccff25.jpg,0.7179324361012437,0.45780855
B2A,4adc8b7be7.jpg,0.6039169082432974,0.4725689
B2A,4ae0414bb9.jpg,0.8409767268414344,0.2335089
B2A,4ae09366f5.jpg,0.7529910087277296,0.66334456
B2A,4ae0b6efb2.jpg,0.765531535129197,0.35045567
B2A,4ae5e1fb1d.jpg,0.8302650279578857,0.34322548
B2A,4b0025406f.jpg,0.6278087036823088,0.51945555
B2A,4b09444fe2.jpg,0.8557665516037081,0.3505401
B2A,4b0c0d7145.jpg,0.8132627320469068,0.25012395
B2A,4b0db938a7.jpg,0.8656026033911709,0.35016784
B2A,4b0f73833c.jpg,0.7680777100944061,0.31104672
B2A,4b14030c98.jpg,0.6576888746329252,0.4901979
B2A,4b2555ba9c.jpg,0.6277693412398747,0.41645068
B2A,4b29d9c42c.jpg,0.8292875361290889,0.29658264
B2A,4b2d102def.jpg,0.7343844330489793,0.39059943
B2A,4b3835e8ba.jpg,0.7543483620700306,0.4333934
B2A,4b3ccac37c.jpg,0.7665525081727121,0.44972554
B2A,4b47e76275.jpg,0.7397253962077615,0.44398218
B2A,4b497dc591.jpg,0.7984183950265777,0.32932177
B2A,4b59dd4ebc.jpg,0.7999108488401029,0.36165792
B2A,4b5a46b50f.jpg,0.8364256276795481,0.2967909
B2A,4b5b64dc18.jpg,0.8340240279718585,0.34225532
B2A,4b689e9b37.jpg,0.7168625247176064,0.4414136
B2A,4b7878976b.jpg,0.7529059186575034,0.38425517
B2A,4b7902dfa6.jpg,0.82065500705697,0.3474146
B2A,4b7fc92bdc.jpg,0.8469368676680885,0.38092202
B2A,4b91cd8fce.jpg,0.7344095841624729,0.518672
B2A,4b9eb29c59.jpg,0.826879894208394,0.45825824
B2A,4bab53c613.jpg,0.6710286879080273,0.48209172
B2A,4bad1549a1.jpg,0.5795418177613154,0.40561956
B2A,4bbe0cbb3c.jpg,0.652984092161887,0.5111483
B2A,4bd43d88d4.jpg,0.8712337994560536,0.4447571
B2A,4bd8ec5dd3.jpg,0.6944415662151807,0.841295
B2A,4bdb933264.jpg,0.7370937869292673,0.43739507
B2A,4bdbdcc1e5.jpg,0.8063951184773249,0.41037035
B2A,4bdd197102.jpg,0.7350358707099498,0.55886066
B2A,4be248f682.jpg,0.8223482285835368,0.33784053
B2A,4bedb30dce.jpg,0.793954966747763,0.508229
B2A,4bef7510cb.jpg,0.7796633475925676,0.45328233
B2A,4bf1292d69.jpg,0.8679313081238256,0.3367826
B2A,4bfa3043e7.jpg,0.8205296079399776,0.21862194
B2A,4bfc3fbd84.jpg,0.8571681846443837,0.24031681
B2A,4bfed75eb2.jpg,0.7990195132460407,0.461164
B2A,4c07909a8d.jpg,0.8106266590285867,0.3102929
B2A,4c1165be97.jpg,0.6495052959845069,0.35757604
B2A,4c16835970.jpg,0.76649813800578,0.46962193
B2A,4c1907f1a0.jpg,0.8038220040903642,0.3584153
B2A,4c1b160563.jpg,0.833747023536519,0.3103314
B2A,4c2d3216aa.jpg,0.8202260282697735,0.28477925
B2A,4c30ff85a7.jpg,0.769809226458988,0.28340203
B2A,4c4574cfa8.jpg,0.7500881847405911,0.37495184
B2A,4c507b65b0.jpg,0.6268903665089715,0.51571685
B2A,4c6550cff5.jpg,0.766844004820902,0.24312387
B2A,4c712561ab.jpg,0.86380335233666,0.33040664
B2A,4c72792844.jpg,0.6575500956710123,0.40517938
B2A,4c75385f85.jpg,0.739418490835535,0.44392353
B2A,4c7692cb0c.jpg,0.734646876190275,0.5912958
B2A,4c7b54e38c.jpg,0.5991837366942538,0.49193916
B2A,4c8a000abb.jpg,0.7626946033575802,0.30897206
B2A,4c8bf22d16.jpg,0.8207642696032771,0.40482026
B2A,4c9669b6b8.jpg,0.7741820105055921,0.38120958
B2A,4ca019a3d6.jpg,0.6551802612866172,0.5627705
B2A,4ca57d26c0.jpg,0.6320216088459406,0.4083117
B2A,4ca6e5451a.jpg,0.7120719266463518,0.42064038
B2A,4cac88b518.jpg,0.695715132577482,0.41376245
B2A,4cb25fbf3d.jpg,0.6658688962623076,0.43937394
B2A,4cb7c5e33d.jpg,0.7174514590923764,0.58909607
B2A,4cc42ebe97.jpg,0.782373017407523,0.3962072
B2A,4ccc4a21e3.jpg,0.8294733705608888,0.2930654
B2A,4cd07a4561.jpg,0.8521801050907193,0.3777945
B2A,4cdd74b1c7.jpg,0.8912704941327358,0.36214325
B2A,4cf9aac018.jpg,0.7356892265932562,0.4273361
B2A,4cfdd2e627.jpg,0.8250959153807093,0.37452877
B2A,4d08cb65c3.jpg,0.7333699701416034,0.5093129
B2A,4d0a217b38.jpg,0.5411049458420899,0.3887046
B2A,4d0a274acb.jpg,0.7320008941069054,0.36294717
B2A,4d0eb41723.jpg,0.8211064928776577,0.35260868
B2A,4d1755ab04.jpg,0.7097795442304794,0.381758
B2A,4d1c0b488e.jpg,0.8003939695810374,0.28569305
B2A,4d1c4d142e.jpg,0.7329902693185841,0.3487522
B2A,4d1d5efd4f.jpg,0.6715524457118024,0.4301746
B2A,4d3a7e5326.jpg,0.9014543037199821,0.61284125
B2A,4d42605a8b.jpg,0.6900758525779866,0.41750425
B2A,4d4b6bcac4.jpg,0.6895357138420238,0.36641198
B2A,4d4f0faddf.jpg,0.6979450436331787,0.49397287
B2A,4d4f388e91.jpg,0.869648278377166,0.3148747
B2A,4d4f6174f1.jpg,0.8262410440038441,0.42329314
B2A,4d62a64806.jpg,0.7954510761681487,0.29172724
B2A,4d7188ff9e.jpg,0.9056904674742385,0.273811
B2A,4d7517df48.jpg,0.72986181416568,0.4928275
B2A,4d77636dea.jpg,0.8258109550284939,0.28463688
B2A,4d7de87ec6.jpg,0.8105212972063607,0.28058884
B2A,4d7fefe879.jpg,0.7042498704965824,0.3338692
B2A,4d83b23265.jpg,0.7326849232225134,0.5449144
B2A,4d90220636.jpg,0.7995787840671476,0.489365
B2A,4d91831344.jpg,0.6760004215365296,0.47546825
B2A,4dc37726d9.jpg,0.9173299052090476,0.2488222
B2A,4dc92c4b4a.jpg,0.8906707110289377,0.27831802
B2A,4dd30f189a.jpg,0.5482370331712559,0.5153794
B2A,4df98eeceb.jpg,0.7465358356157658,0.40215895
B2A,4e093e9511.jpg,0.8394937496503961,0.39605606
B2A,4e0951fde1.jpg,0.7205429494246662,0.5632045
B2A,4e16ff77ac.jpg,0.7625090088706409,0.50646526
B2A,4e21145eb2.jpg,0.5430578740787486,0.40841174
B2A,4e2dba148d.jpg,0.7011478794747338,0.4432801
B2A,4e3006bd6b.jpg,0.7278774693428048,0.48868635
B2A,4e341f8891.jpg,0.7005990723184318,0.47711724
B2A,4e43b597e2.jpg,0.8214001315241605,0.38871455
B2A,4e4f75c4cc.jpg,0.8302287837872794,0.30345088
B2A,4e53db7c72.jpg,0.7640706015244213,0.50353575
B2A,4e5451ed74.jpg,0.5507274295250902,0.53687805
B2A,4e5b4fb2ab.jpg,0.8305598651705115,0.28813574
B2A,4e6e7f30da.jpg,0.7136571897652535,0.35400924
B2A,4e868f2a58.jpg,0.7465355957070241,0.3505385
B2A,4e880786c4.jpg,0.7017739129638942,0.4099202
B2A,4e8b01ac67.jpg,0.6587110256882452,0.3564907
B2A,4e8bd98343.jpg,0.8284882180220328,0.38011503
B2A,4e956f2cfb.jpg,0.7536384056931845,0.36173594
B2A,4ea19d4d05.jpg,0.8138660635461017,0.5151949
B2A,4eaa045ce6.jpg,0.8136266127659204,0.2981426
B2A,4eb3c1b0a7.jpg,0.630843222682963,0.42052647
B2A,4ebb3df6e1.jpg,0.7130997654687163,0.39960012
B2A,4ec313a8cd.jpg,0.6152579165643964,0.53289956
B2A,4edd4fe6fa.jpg,0.6540357373255289,0.43710423
B2A,4ee02ffd2c.jpg,0.6927661815287369,0.38708937
B2A,4ef10f3299.jpg,0.8315904647085263,0.34435815
B2A,4f1249d8dc.jpg,0.6518944143922768,0.38790637
B2A,4f16e0bc95.jpg,0.5922919314993419,0.41470075
B2A,4f1fc68a47.jpg,0.7509688444247378,0.41136533
B2A,4f297a711e.jpg,0.5291000037079101,0.5279914
B2A,4f36d845b0.jpg,0.7209438551460357,0.443586
B2A,4f38f2b8f5.jpg,0.7687292332026507,0.4201985
B2A,4f397d38d7.jpg,0.6152683791258576,0.50812113
B2A,4f5245105c.jpg,0.6535429898024645,0.49952453
B2A,4f5d5e7da3.jpg,0.6816063780045849,0.43204364
B2A,4f5e363609.jpg,0.6504219968070217,0.46082866
B2A,4f6353e80e.jpg,0.5239765558024388,0.52434224
B2A,4f64339fea.jpg,0.8414027160791776,0.4185954
B2A,4f697daf2d.jpg,0.7254178711844611,0.28861362
B2A,4f79b373f4.jpg,0.7890832395017339,0.30007768
B2A,4f83d232c2.jpg,0.7825553562726922,0.3677345
B2A,4f86f80479.jpg,0.6496577367083204,0.5598529
B2A,4f882d4400.jpg,0.7012700902522399,0.47592667
B2A,4f99708506.jpg,0.7890030543322047,0.43883383
B2A,4f9aa92ca3.jpg,0.6180683823561152,0.45144555
B2A,4fb5c1ac0a.jpg,0.8416901774446535,0.25251836
B2A,4fb6bcd5e8.jpg,0.6384480117333151,0.43892035
B2A,4fc41e388a.jpg,0.7141367099161605,0.5264645
B2A,4fc90f8de5.jpg,0.7770157842410454,0.36401674
B2A,4fc9c537a7.jpg,0.664233470739331,0.58827996
B2A,4fd1d8afbf.jpg,0.6798398005598362,0.49381077
B2A,4fdaff583d.jpg,0.7768140323357587,0.34148192
B2A,4fe122209b.jpg,0.6391323753696501,0.4924091
B2A,4fe72a654e.jpg,0.8263780597130757,0.3424915
B2A,4ff4d77c99.jpg,0.779256368555913,0.3101396
B2A,500d59cf86.jpg,0.5241675702660875,0.5994035
B2A,50115558cd.jpg,0.7904793738283199,0.4432665
B2A,501719248c.jpg,0.6451963446232134,0.36589825
B2A,5019a8ffcf.jpg,0.6261577741234037,0.52498937
B2A,5019d1eac7.jpg,0.7908035138932307,0.3806149
B2A,503c9badbb.jpg,0.8326154385871687,0.415493
B2A,5048bb66c8.jpg,0.7079667817900634,0.3928986
B2A,504cec61a2.jpg,0.7612845289563724,0.2968185
B2A,504db35d13.jpg,0.6671014669628116,0.48475063
B2A,5050bd632b.jpg,0.7975386168531485,0.37441915
B2A,505850ed9f.jpg,0.49470219262538556,0.5344405
B2A,5065b423b0.jpg,0.6681517524968035,0.28454068
B2A,506fdcb3c1.jpg,0.8183508784655681,0.35865557
B2A,5074e8a51e.jpg,0.7309176239658313,0.31888118
B2A,50779f1ae6.jpg,0.802812410340179,0.399512
B2A,508f9ce48d.jpg,0.7284079997301398,0.40930423
B2A,50a42e1240.jpg,0.721836566153814,0.36956057
B2A,50a5168133.jpg,0.8250441391936433,0.34195262
B2A,50b6593431.jpg,0.7643297308515873,0.38282493
B2A,50b8e79da2.jpg,0.8461187184393204,0.25393432
B2A,50c3f4beec.jpg,0.8602970059322854,0.39654028
B2A,50d9c1aa47.jpg,0.7004992474447818,0.3582694
B2A,50e2f57e76.jpg,0.4948538691861259,0.6138808
B2A,50e85855f5.jpg,0.7228031841915065,0.38618678
B2A,50e9fc6fdd.jpg,0.7053490543543558,0.55506283
B2A,50eb328bb2.jpg,0.845667699211635,0.304415
B2A,50f52bf9a4.jpg,0.7646027413867826,0.3367653
B2A,50f598c729.jpg,0.8219174580335729,0.30100393
B2A,50f7a05ee7.jpg,0.8787851272864468,0.3386492
B2A,51068cd053.jpg,0.8429952905593359,0.3641906
B2A,5116db8d92.jpg,0.8106402104342993,0.34347183
B2A,5117ec7f6b.jpg,0.6286152556669301,0.31456783
B2A,51279a61da.jpg,0.7753459688945591,0.30239132
B2A,5135f3ba21.jpg,0.8211160974493944,0.4323848
B2A,513cb0638a.jpg,0.8044486264608125,0.2996744
B2A,5140b80748.jpg,0.5839700597902816,0.28484803
B2A,514db4068a.jpg,0.8591828926901988,0.2652672
B2A,5155be81bf.jpg,0.7900667635812797,0.3996415
B2A,51563bc8ab.jpg,0.7958685208013578,0.3010521
B2A,516670d194.jpg,0.7627455275649155,0.41421452
B2A,51736e3772.jpg,0.7811223358170094,0.2852104
B2A,517eba9d0a.jpg,0.8080445001968012,0.32438508
B2A,51867bc005.jpg,0.708189247465987,0.38510415
B2A,5194f65634.jpg,0.783696187977834,0.3813563
B2A,519d3674c2.jpg,0.774015374941815,0.30423263
B2A,519fc7c17a.jpg,0.7310568727124266,0.41005886
B2A,51aa9c9a20.jpg,0.7602823160441613,0.38078296
B2A,51dc50880b.jpg,0.8946718288867177,0.27343082
B2A,51e7037c03.jpg,0.49995245887099865,0.5112831
B2A,51ede123f3.jpg,0.6601831460909313,0.34457693
B2A,51ffb613ce.jpg,0.710624541220474,0.44025704
B2A,52087dc0d6.jpg,0.7013053892445253,0.43375024
B2A,522a6dcbec.jpg,0.8568122765549707,0.3875262
B2A,523cbdab7d.jpg,0.869607114270514,0.37858528
B2A,524223dfd9.jpg,0.6617070359077937,0.4745162
B2A,524af04df1.jpg,0.7654815053146964,0.5003265
B2A,524d00561a.jpg,0.8692283065567755,0.30333903
B2A,524fdda784.jpg,0.7841368378026506,0.5365747
B2A,52592fe2c6.jpg,0.8600501376499269,0.4025314
B2A,525952c058.jpg,0.8602111249998263,0.3719824
B2A,525f580c06.jpg,0.8698367986245977,0.39301908
B2A,5262b01633.jpg,0.79238048347913,0.43482307
B2A,526b153062.jpg,0.7020081639770567,0.48721135
B2A,526dc07146.jpg,0.8094422278367379,0.32880318
B2A,527dd222d6.jpg,0.703198816945829,0.34412688
B2A,527ddb23d4.jpg,0.612500822422457,0.38666767
B2A,528058909d.jpg,0.7387954990491462,0.33857176
B2A,5280e2e8de.jpg,0.7131717640758524,0.49255818
B2A,5286eb8945.jpg,0.6926098068193917,0.36258024
B2A,529fa39eb2.jpg,0.704788571253736,0.41749442
B2A,52a2a7132e.jpg,0.6692320321171348,0.56579745
B2A,52ae3cd25d.jpg,0.7669038145264753,0.27224988
B2A,52b870f300.jpg,0.7796729192079269,0.50829244
B2A,52bb31919e.jpg,0.5492395603165726,0.49111083
B2A,52bd17daa7.jpg,0.7599510503670365,0.38974705
B2A,52bee900da.jpg,0.7561377598729626,0.6219795
B2A,52cda09a5f.jpg,0.6881071551503177,0.4297309
B2A,52d8dbe113.jpg,0.5125460307850245,0.41253477
B2A,52e91ba9cf.jpg,0.6240447531060163,0.33594057
B2A,52f30bd94c.jpg,0.7765995082344525,0.30097225
B2A,52f641c328.jpg,0.6394746315684713,0.3006436
B2A,52f7801904.jpg,0.821052446789144,0.49265456
B2A,5305c4063a.jpg,0.7890441064000093,0.2782963
B2A,5319435b3f.jpg,0.793128005612259,0.374699
B2A,53194986bc.jpg,0.5445205883369056,0.5426558
B2A,53289e47ec.jpg,0.5520376653408622,0.46835557
B2A,532d743269.jpg,0.7251237632879541,0.3451087
B2A,532f9d0621.jpg,0.6801846856541548,0.30627128
B2A,5338413448.jpg,0.8471360029832401,0.36464953
B2A,5338bd03be.jpg,0.6794225342959586,0.5150446
B2A,533be4e6eb.jpg,0.8029520858159713,0.29699972
B2A,5342ec67da.jpg,0.7455489827878169,0.39294297
B2A,534703a792.jpg,0.8681028161262836,0.25224382
B2A,53516d9b04.jpg,0.810677208535431,0.31383076
B2A,53679e6985.jpg,0.5334343487750686,0.6116327
B2A,536c125b6f.jpg,0.6103512851672688,0.5692927
B2A,536c7edb2a.jpg,0.7658903895710941,0.41311026
B2A,537b155f3d.jpg,0.7618093529745938,0.567234
B2A,537f558973.jpg,0.8643931671846734,0.28542322
B2A,53866d4a68.jpg,0.8145924114919446,0.32312387
B2A,5389fb4007.jpg,0.6437489291140278,0.7161744
B2A,53902a4799.jpg,0.8101613093005025,0.32056206
B2A,5395902bc7.jpg,0.5896255859272456,0.3584586
B2A,53988b72f6.jpg,0.7774924982874754,0.37353286
B2A,53989c56ff.jpg,0.6227448488340711,0.5052375
B2A,53998f50b2.jpg,0.7270680035024707,0.38554266
B2A,539e2ee021.jpg,0.8107318052417433,0.46020132
B2A,53b01e2132.jpg,0.62582894071427,0.4221228
B2A,53b27f0c81.jpg,0.682586210865575,0.5948395
B2A,53b835550d.jpg,0.7555874327542786,0.40002495
B2A,53bce35f0b.jpg,0.7638497754097286,0.45413724
B2A,53c245a6f3.jpg,0.8308681051677981,0.41088402
B2A,53d0160b46.jpg,0.5933809197110859,0.50594515
B2A,53d62fccce.jpg,0.837107509299204,0.30987382
B2A,53e5b6b1b3.jpg,0.782723882074884,0.2866664
B2A,53e766ae2b.jpg,0.7634850518329878,0.3217919
B2A,53ea60da05.jpg,0.8781261433040761,0.2907688
B2A,540649ac8c.jpg,0.7089974874305812,0.39168182
B2A,5407972e58.jpg,0.8259177869794453,0.3252593
B2A,5418378939.jpg,0.5810302912499506,0.47260773
B2A,54199dc11f.jpg,0.7602443435732192,0.43650392
B2A,5420c594aa.jpg,0.7264678101912796,0.58118516
B2A,5429ab574f.jpg,0.8259137153067719,0.2832744
B2A,5432eef613.jpg,0.6547942920435961,0.4634701
B2A,5435fdfdc4.jpg,0.7703980571072927,0.30293617
B2A,54381f3114.jpg,0.8820434513140475,0.29317272
B2A,543ea28da6.jpg,0.5572153998828456,0.562673
B2A,5447d2bd8d.jpg,0.8490092107908397,0.39087263
B2A,54510d8755.jpg,0.7628012574868854,0.44628143
B2A,5451321dd0.jpg,0.7795901303235054,0.41088647
B2A,5452e17b68.jpg,0.6657400149931865,0.4369116
B2A,54538aea8b.jpg,0.6658226782106933,0.33295923
B2A,54557ef4cf.jpg,0.4980651877032538,0.48105204
B2A,54796e9027.jpg,0.8295670721107831,0.3328502
B2A,547ae945cb.jpg,0.6946499165490605,0.36773136
B2A,547c5615d1.jpg,0.5692196169548325,0.46092966
B2A,5484662dfb.jpg,0.807088340442065,0.3985562
B2A,54b556920a.jpg,0.6070759358666284,0.42024612
B2A,54b6416b3a.jpg,0.6536402170823767,0.4762228
B2A,54b6bbf683.jpg,0.7942790161663287,0.34537286
B2A,54b8be5c1e.jpg,0.854193681744009,0.2665414
B2A,54bf5ab7fd.jpg,0.7131307797510856,0.588824
B2A,54d2feb575.jpg,0.8215924544604217,0.30632976
B2A,54e9e67501.jpg,0.7916041240602528,0.2869967
B2A,54f65afd1c.jpg,0.6535165646961252,0.5971093
B2A,55004786ef.jpg,0.713864454840731,0.4451027
B2A,550956b456.jpg,0.8149439860077793,0.42711395
B2A,550b90e008.jpg,0.7651900248952628,0.2784439
B2A,55129db8f9.jpg,0.8226070709131655,0.2906558
B2A,5515a27184.jpg,0.8972503817762733,0.32350045
B2A,5519a2e240.jpg,0.7238831361200936,0.45269972
B2A,551afc0ef0.jpg,0.6822734745446315,0.33234665
B2A,55288a650b.jpg,0.7514969923126802,0.321534
B2A,552aad92e5.jpg,0.79765812556918,0.29546857
B2A,552b38a9bc.jpg,0.7895565217239433,0.3242129
B2A,55364f51f9.jpg,0.893664669349724,0.30671886
B2A,5541538198.jpg,0.6797882359307071,0.3728656
B2A,5565d2e475.jpg,0.6289492827419285,0.3999395
B2A,5587066bdc.jpg,0.8046486012345022,0.36024794
B2A,558e78d813.jpg,0.8697722085001514,0.34648144
B2A,559359bcca.jpg,0.8484450065381457,0.31215966
B2A,55a74b7296.jpg,0.7761491752107786,0.28564626
B2A,55a8a07dde.jpg,0.8477923969386262,0.33882707
B2A,55a9c23538.jpg,0.70665478554707,0.44873402
B2A,55ac4415ef.jpg,0.5983629479089657,0.33727166
B2A,55b015b4df.jpg,0.8236712909660163,0.28985164
B2A,55d0d2d4a1.jpg,0.6387374833709993,0.45927814
B2A,55e5a039c3.jpg,0.7508012071699052,0.3891315
B2A,5602c749d0.jpg,0.6822708422565806,0.3685444
B2A,5604c7533d.jpg,0.8610629384623378,0.5592615
B2A,5604ea3384.jpg,0.7566830215388526,0.40801418
B2A,5608b7a226.jpg,0.6379489637671282,0.30671313
B2A,5619b15af5.jpg,0.651161175490429,0.44100985
B2A,561c1f7cde.jpg,0.7090150193128391,0.34960097
B2A,561d9722a4.jpg,0.7378539894338533,0.44329
B2A,561e61d7f1.jpg,0.8030938749388727,0.3532316
B2A,561ec9ffaf.jpg,0.8529390664409454,0.34632748
B2A,5622447728.jpg,0.7528014706784528,0.32514536
B2A,56270960dc.jpg,0.9041560932207878,0.32990128
B2A,563012ee88.jpg,0.7989599150313293,0.40210468
B2A,56539880a8.jpg,0.8293314387767232,0.328597
B2A,5654801d96.jpg,0.6154699142906744,0.22668846
B2A,565702bc95.jpg,0.8647791594818455,0.34550086
B2A,5681f45127.jpg,0.6576711858930709,0.473057
B2A,56849b394d.jpg,0.6941852499543476,0.50427806
B2A,56884e5824.jpg,0.6851815745594543,0.44468194
B2A,568885cc54.jpg,0.6332003275458851,0.5677075
B2A,56894c4948.jpg,0.7140751933968605,0.3231186
B2A,568d52aa05.jpg,0.7069006453781134,0.39757615
B2A,568d92c4a7.jpg,0.8133164332074063,0.31086653
B2A,5694abf7fa.jpg,0.6305379594394944,0.6747132
B2A,569ed795ec.jpg,0.7540182390708764,0.4236099
B2A,56ac108ce7.jpg,0.6680792249067203,0.39097655
B2A,56ac1f673a.jpg,0.8901083282453984,0.31234044
B2A,56ac3dda09.jpg,0.7455887256444538,0.38148227
B2A,56bfd45d42.jpg,0.6882933438712749,0.3964904
B2A,56c6444a6d.jpg,0.754497435154748,0.35658178
B2A,56c690f4ce.jpg,0.7596822972374327,0.34813726
B2A,56cb23c291.jpg,0.7136376304991157,0.39980808
B2A,56d2ce77d3.jpg,0.749154269248507,0.40048584
B2A,56df48f901.jpg,0.6617920548143782,0.4222601
B2A,56e14fc1c7.jpg,0.607340977351664,0.5766727
B2A,56e28bc581.jpg,0.7578381194830209,0.25464982
B2A,56e473c0df.jpg,0.6485272769470481,0.46663195
B2A,56e858f7c3.jpg,0.6350174070580096,0.3490923
B2A,5707c424dd.jpg,0.7094884202272591,0.4060288
B2A,571325ea85.jpg,0.7684543840932816,0.42470482
B2A,571a8540a2.jpg,0.6416686777572442,0.3795363
B2A,571c0614e4.jpg,0.8686720767848916,0.25591037
B2A,571da2a2b6.jpg,0.798374740861444,0.45236588
B2A,572d08dd47.jpg,0.5030112397411246,0.5809419
B2A,5734dda15c.jpg,0.8393655190686559,0.33725977
B2A,573e2bc6ac.jpg,0.8429841126157748,0.38052377
B2A,573f3616e6.jpg,0.7787344763922798,0.34141606
B2A,57509041fb.jpg,0.7970031670290691,0.35443586
B2A,575796635b.jpg,0.7373138972907044,0.42120776
B2A,5757d9bb28.jpg,0.7065391788606733,0.4267683
B2A,5764c388a6.jpg,0.8605684157996325,0.3759337
B2A,5777167029.jpg,0.6903026427863074,0.60324156
B2A,5784a2edfb.jpg,0.8610779945961167,0.40874526
B2A,57874888f9.jpg,0.7939024078791184,0.3077573
B2A,5794fc49e9.jpg,0.7848901825394154,0.47637615
B2A,57965b2143.jpg,0.5702457023664037,0.4327703
B2A,579cd00684.jpg,0.6981616913303468,0.67801994
B2A,579d0d4e7d.jpg,0.7795185083300495,0.39665017
B2A,57a2330579.jpg,0.8795906905459432,0.29111755
B2A,57ba66fb37.jpg,0.6639228721621147,0.53554225
B2A,57bd2abf4c.jpg,0.8465714410012034,0.42922613
B2A,57c47a8905.jpg,0.5529966758371418,0.61303926
B2A,57c528a4d5.jpg,0.7320289612595698,0.43374687
B2A,57c906c4cf.jpg,0.7872406298820237,0.28003427
B2A,57cf047094.jpg,0.7459374377647612,0.3836794
B2A,57d109e9cf.jpg,0.8455061974754445,0.37667862
B2A,57dccccee3.jpg,0.8386001530783964,0.26935714
B2A,57e0bbe931.jpg,0.7777285501373905,0.4617565
B2A,57e301422d.jpg,0.7156749253219553,0.36163917
B2A,58111663f1.jpg,0.7787710101476384,0.315559
B2A,581d539ad6.jpg,0.6516881397759299,0.43358558
B2A,5833188a28.jpg,0.8161760701665262,0.28508326
B2A,5834c44d37.jpg,0.7720630886397172,0.507542
B2A,5847f64d5d.jpg,0.7231927937920154,0.30137438
B2A,5852bbcf34.jpg,0.6431070295629565,0.4782452
B2A,585a5eb514.jpg,0.8418599807752686,0.32368413
B2A,585aa1f933.jpg,0.736314009715182,0.31163642
B2A,585efde177.jpg,0.6943383250987077,0.6104951
B2A,585f9cb26d.jpg,0.7423283245416309,0.34686437
B2A,586d359437.jpg,0.7243151606925115,0.5336572
B2A,5879d04028.jpg,0.6311256559922339,0.38865575
B2A,587a865f86.jpg,0.8158928385859318,0.41974783
B2A,587cc7c2fe.jpg,0.7121702674914958,0.43919095
B2A,5894a8daaa.jpg,0.8158777936099632,0.3622982
B2A,589b4cbb6e.jpg,0.7160263563329777,0.29571283
B2A,589fdf111c.jpg,0.7278528842977412,0.43561172
B2A,58a038ba43.jpg,0.5919012449951022,0.53410935
B2A,58a4b16894.jpg,0.7281616293868268,0.56388146
B2A,58a776400d.jpg,0.8727660327586898,0.24724892
B2A,58a9467f2f.jpg,0.6990821542607261,0.3506559
B2A,58ae62fe43.jpg,0.6268693517818298,0.6121303
B2A,58bd31f329.jpg,0.6098289250362742,0.6602368
B2A,58c1e36fda.jpg,0.8667156936497649,0.48378313
B2A,58cb8ad323.jpg,0.7023075157118284,0.4692862
B2A,58d3d98397.jpg,0.7574647978136437,0.41276127
B2A,58e34a0489.jpg,0.7495483315634871,0.41710922
B2A,5901773791.jpg,0.850608838664366,0.27703303
B2A,590530447f.jpg,0.8037798835260909,0.34581256
B2A,5913ac7eed.jpg,0.736217422247123,0.4485119
B2A,591d527b4e.jpg,0.8602582592747536,0.4054208
B2A,591df1353a.jpg,0.8396753553198046,0.41796058
B2A,59245494b6.jpg,0.7659719191270229,0.28405562
B2A,592bf31bd5.jpg,0.7167519225376446,0.46530738
B2A,592dd67bf2.jpg,0.6440140975543267,0.33931082
B2A,59344b7884.jpg,0.8083229193856688,0.30031824
B2A,593d5650ea.jpg,0.8016484382427314,0.28316635
B2A,593fa1789b.jpg,0.6568306624910792,0.50861037
B2A,594257c315.jpg,0.7722297642075219,0.5203273
B2A,5948efa988.jpg,0.6225851728018813,0.5498004
B2A,5966f03832.jpg,0.8385669249095644,0.33578598
B2A,5979ddaf40.jpg,0.5850454764955297,0.37508574
B2A,597dc8102b.jpg,0.866734375481689,0.31347165
B2A,599d5b2041.jpg,0.7301603364478464,0.52058834
B2A,59a4aa8ae0.jpg,0.6251400214138549,0.45213062
B2A,59a5b56086.jpg,0.6993088826497846,0.4397524
B2A,59bf7066cc.jpg,0.538477717941638,0.46986878
B2A,59c0b11f7a.jpg,0.7769091061370131,0.34341216
B2A,59c73a71e2.jpg,0.7436246026005688,0.47615805
B2A,59d87604af.jpg,0.7417518907075402,0.2909023
B2A,59f40fedcd.jpg,0.5949162495943142,0.3848756
B2A,5a086eb4d4.jpg,0.6839231754630434,0.2460239
B2A,5a0e4d57e3.jpg,0.7046596944942864,0.37151036
B2A,5a114c6f90.jpg,0.6873054754333595,0.37419522
B2A,5a1f5ac407.jpg,0.845468143194383,0.3922434
B2A,5a234f081a.jpg,0.8780192862386603,0.39147744
B2A,5a294c5685.jpg,0.607826803718123,0.3292464
B2A,5a29db5e43.jpg,0.8984373133368012,0.32068044
B2A,5a30d613e5.jpg,0.7314013933892209,0.4055115
B2A,5a384bf8d9.jpg,0.7380069872557958,0.3982239
B2A,5a3c04abea.jpg,0.7437681940317857,0.37939322
B2A,5a5b14d79d.jpg,0.8437183534527944,0.30386597
B2A,5a648082a7.jpg,0.7998727305275618,0.2942138
B2A,5a722db12a.jpg,0.8020741672290878,0.47579488
B2A,5a7cd923cb.jpg,0.8105871649430915,0.32002705
B2A,5a7fe873f4.jpg,0.8787368748631618,0.5241139
B2A,5a885d5128.jpg,0.8176191317466459,0.46799263
B2A,5a90fcd546.jpg,0.6825100115803139,0.36535028
B2A,5a921a3ab6.jpg,0.7542426157614444,0.3932111
B2A,5a977985f9.jpg,0.7938374141456009,0.37529868
B2A,5a9f9c1a61.jpg,0.6368232188362254,0.5165989
B2A,5aac6a791e.jpg,0.7915259495972011,0.3516536
B2A,5abbc037e1.jpg,0.8465912528128662,0.33783942
B2A,5ac7e3d633.jpg,0.7260670500844397,0.28039426
B2A,5ad9efc598.jpg,0.8195135140830483,0.3327973
B2A,5adb2c3de9.jpg,0.8012097212956603,0.358505
B2A,5ae669f97f.jpg,0.7027894660590362,0.3500307
B2A,5ae67d7741.jpg,0.7801885300322986,0.30402392
B2A,5b1ac7d453.jpg,0.7895949357969219,0.20906171
B2A,5b1c17961a.jpg,0.7343402477936374,0.34016836
B2A,5b1ca92c81.jpg,0.7801728010567552,0.31450358
B2A,5b1ce21999.jpg,0.8789932808903497,0.35438022
B2A,5b25e416af.jpg,0.8105908304769962,0.4298188
B2A,5b28e861e1.jpg,0.6401112261147724,0.4769746
B2A,5b2c1cbcc1.jpg,0.6169599981983589,0.386795
B2A,5b36970405.jpg,0.880110646957777,0.33468035
B2A,5b39ba9b27.jpg,0.7238486803799227,0.3244661
B2A,5b3c9ac58f.jpg,0.7853157808936168,0.37829936
B2A,5b430536ec.jpg,0.8355678486215176,0.36266452
B2A,5b45458ccf.jpg,0.7303850597726466,0.39996305
B2A,5b47729366.jpg,0.8815696395555936,0.41813213
B2A,5b54acd95e.jpg,0.7557678506032991,0.37203887
B2A,5b5eae4414.jpg,0.7882652578597623,0.42455867
B2A,5b644de405.jpg,0.6642686330769619,0.4384776
B2A,5b67d44eea.jpg,0.8026114442307939,0.26834095
B2A,5b8f94e9ed.jpg,0.6953665738959914,0.26850423
B2A,5b960d2105.jpg,0.875587754757429,0.32777828
B2A,5ba1f82d11.jpg,0.7625365172151009,0.36254498
B2A,5baec51613.jpg,0.8052993010452429,0.29240787
B2A,5bb0b7b0fd.jpg,0.8780125415617522,0.3053078
B2A,5bb7d3f1e2.jpg,0.8584569703508312,0.29581064
B2A,5bce397cd6.jpg,0.8383059234523776,0.29537168
B2A,5bdd158279.jpg,0.802354921231279,0.3007641
B2A,5bddd2139f.jpg,0.6946086001196451,0.5673731
B2A,5bfc51adc2.jpg,0.7027444057508019,0.49099118
B2A,5c0287b212.jpg,0.904434819904597,0.30875403
B2A,5c03d3796d.jpg,0.6198749206585956,0.48725858
B2A,5c04deef4e.jpg,0.6685785257419137,0.35321647
B2A,5c068c34b2.jpg,0.7540901715654633,0.33132857
B2A,5c096f6c6b.jpg,0.7895075398657182,0.503122
B2A,5c097be130.jpg,0.8427791123061996,0.36994776
B2A,5c2de90d27.jpg,0.7258933697723374,0.4360633
B2A,5c3849313d.jpg,0.8433326978216343,0.24749973
B2A,5c399c47f2.jpg,0.8006787910408019,0.3843536
B2A,5c3afc56ce.jpg,0.8340337452928668,0.3101434
B2A,5c3d598219.jpg,0.772685491886744,0.39816457
B2A,5c50599656.jpg,0.7800989985196383,0.47695777
B2A,5c556d2c26.jpg,0.7531687701625355,0.5761421
B2A,5c55bd3c02.jpg,0.8944070280765084,0.32910818
B2A,5c574cd9b7.jpg,0.8325907997284112,0.367325
B2A,5c6144e5be.jpg,0.7469435265598857,0.39667952
B2A,5c6c72ff95.jpg,0.8485211551961779,0.44553858
B2A,5c8a36d364.jpg,0.7502443842193042,0.48824367
B2A,5c9487be68.jpg,0.6463752866730319,0.3862687
B2A,5c9979287f.jpg,0.7753886275036723,0.2936444
B2A,5c9b9f20eb.jpg,0.8176921966313307,0.31657386
B2A,5ca98fc2af.jpg,0.8047243284219878,0.30798832
B2A,5cb9dcf772.jpg,0.6552404953511123,0.3907382
B2A,5cc20cb7e7.jpg,0.7693243228149254,0.34337464
B2A,5ce9aaf1e0.jpg,0.7708490959014315,0.392801
B2A,5cf2ea15af.jpg,0.5684464552153093,0.687418
B2A,5cff9ca17c.jpg,0.8015493017935634,0.48455527
B2A,5d03870821.jpg,0.6696060030018866,0.40283042
B2A,5d10d088ee.jpg,0.6941336716531799,0.45309237
B2A,5d1671f99b.jpg,0.6184518309656614,0.3385258
B2A,5d1d521c3f.jpg,0.5941265079041195,0.3238688
B2A,5d23c3c935.jpg,0.8345055563454093,0.39074576
B2A,5d3ce96256.jpg,0.855604501805856,0.3293949
B2A,5d4377db4a.jpg,0.6477494525302753,0.30841324
B2A,5d53f82763.jpg,0.8602620652786378,0.31977028
B2A,5d5d5c6cec.jpg,0.6395731416189484,0.37911934
B2A,5d77349c0e.jpg,0.6552731905152108,0.3192415
B2A,5d7b441aa9.jpg,0.6108064901523943,0.47111848
B2A,5d875c63ab.jpg,0.9099166408250463,0.26437324
B2A,5d87fdb2c6.jpg,0.8836477581650005,0.4266416
B2A,5d8939501e.jpg,0.7774516398254078,0.3097041
B2A,5d90dbd1ca.jpg,0.7381095891800725,0.4495016
B2A,5da725f8d7.jpg,0.8156107658096602,0.3853065
B2A,5da88da947.jpg,0.7245295986004466,0.5508525
B2A,5dcdf86cfb.jpg,0.8608351039109419,0.29384965
B2A,5dcfd3a36f.jpg,0.5676598445863211,0.44384462
B2A,5ddb1eae61.jpg,0.8383119947714207,0.38175792
B2A,5de7aa1645.jpg,0.5973805276194648,0.44844592
B2A,5ded03d0f9.jpg,0.6518628806768527,0.35707462
B2A,5e0062d8c4.jpg,0.5804602961847637,0.45261526
B2A,5e0082e751.jpg,0.77498093292123,0.43560043
B2A,5e05579bfb.jpg,0.8163762797169959,0.46013397
B2A,5e0b43957f.jpg,0.7797901747391834,0.5326761
B2A,5e187eb93f.jpg,0.7613244522509606,0.32579222
B2A,5e23eef10f.jpg,0.6559912114886733,0.4395231
B2A,5e49c27b03.jpg,0.7837679929101748,0.45579767
B2A,5e4de25a9c.jpg,0.736701916793469,0.27866092
B2A,5e5c74bded.jpg,0.7506558133035421,0.33844182
B2A,5e62cdccf1.jpg,0.8257250471534998,0.29616404
B2A,5e64b64de8.jpg,0.740611113687923,0.3497013
B2A,5e80458f0d.jpg,0.6676655706910987,0.3384072
B2A,5e8a5f5d3b.jpg,0.7054707095434471,0.36712682
B2A,5e8afd118f.jpg,0.7325308469574923,0.4321953
B2A,5e9b6ee1a4.jpg,0.7821734793916495,0.48834166
B2A,5e9d609ee7.jpg,0.7497866233914207,0.4535637
B2A,5e9f0eec0c.jpg,0.7422873093844206,0.44051832
B2A,5ea13d56aa.jpg,0.7444360073627134,0.3240353
B2A,5eaccc99bf.jpg,0.8558881763533155,0.24770075
B2A,5eb792b2be.jpg,0.8259427807268055,0.30737454
B2A,5ed2785909.jpg,0.8111342013182965,0.37643167
B2A,5ed86a6d0b.jpg,0.893352534361576,0.3693005
B2A,5edefd0d0f.jpg,0.7615586760397824,0.3789934
B2A,5ee0ea499b.jpg,0.8182773302230045,0.29795283
B2A,5ee88f0c5f.jpg,0.8479613547498024,0.33833843
B2A,5ee96ba98d.jpg,0.7421458762164302,0.47146225
B2A,5ef70f37ea.jpg,0.8194078758926702,0.41597316
B2A,5f02c26178.jpg,0.6633390156172351,0.4106403
B2A,5f0d21c2b1.jpg,0.6224018283903566,0.3497937
B2A,5f14f7641d.jpg,0.73557696589597,0.38870776
B2A,5f24335241.jpg,0.660651440575557,0.63392067
B2A,5f25cbc263.jpg,0.8884360669146161,0.3278467
B2A,5f2b8fa71a.jpg,0.536264003179926,0.61000264
B2A,5f34ec2686.jpg,0.8012312946467728,0.42479098
B2A,5f4018d615.jpg,0.8146580457404242,0.21388847
B2A,5f4612d92b.jpg,0.8095395162433723,0.2778312
B2A,5f477576c5.jpg,0.7725576936414195,0.5220552
B2A,5f477a5c46.jpg,0.5687426373146904,0.72979105
B2A,5f674f802b.jpg,0.7828762084909507,0.39225757
B2A,5f6acdd885.jpg,0.6767659365460044,0.48880932
B2A,5f7a943ad3.jpg,0.5200704431444101,0.31674895
B2A,5f824e47e4.jpg,0.8849527656562032,0.3030374
B2A,5fb5327415.jpg,0.6370147004793151,0.27089354
B2A,5fcf902716.jpg,0.7891059662582447,0.3291212
B2A,5fd438d742.jpg,0.6001409159845381,0.39692032
B2A,5ff7a6bd52.jpg,0.7194955318715244,0.35622776
B2A,5fffc71069.jpg,0.7046282227720156,0.35045394
B2A,600adb121f.jpg,0.7658133615972856,0.5439653
B2A,60149bcbbf.jpg,0.7517921599814551,0.58156645
B2A,60268cfb2f.jpg,0.5753741143552925,0.59182
B2A,604547096b.jpg,0.7771711213087857,0.23553966
B2A,6045dd5804.jpg,0.6920656300574672,0.37194473
B2A,604c154a10.jpg,0.7862385624171362,0.31133994
B2A,604d51ecdb.jpg,0.6908701476999093,0.4486959
B2A,604eee6de2.jpg,0.8015737707224009,0.45698658
B2A,6058fe8ba4.jpg,0.6456994790601084,0.42897588
B2A,605c399821.jpg,0.7552724435185786,0.34380162
B2A,606bc88bf5.jpg,0.671607041177784,0.45127487
B2A,606ea8c853.jpg,0.645207588282016,0.4126242
B2A,606edf9e69.jpg,0.7799687309001386,0.27342775
B2A,607508ca60.jpg,0.6458177808915638,0.33355716
B2A,6090cac2ca.jpg,0.8053411410269639,0.37696946
B2A,609699b9f5.jpg,0.8206150052795982,0.27890456
B2A,6099732dd8.jpg,0.8128709080939593,0.32000342
B2A,60a6fdd5c0.jpg,0.8257127549478968,0.36994252
B2A,60ac278e96.jpg,0.7516874315293879,0.44493732
B2A,60adaaa8fa.jpg,0.857832856317801,0.38796505
B2A,60ee84f0e3.jpg,0.6618634433655649,0.30780613
B2A,60f455c446.jpg,0.8735351562127754,0.35375124
B2A,60f7b3ce84.jpg,0.8406293732554012,0.41529742
B2A,60fa0dced3.jpg,0.7909040610356763,0.37665054
B2A,610b2e40b1.jpg,0.7751394716558546,0.23507264
B2A,610ff29105.jpg,0.8904165303894525,0.25829694
B2A,6113839c53.jpg,0.8385221206980218,0.2673888
B2A,611ce907ee.jpg,0.7057021799469648,0.45187765
B2A,6127261426.jpg,0.7010722959297567,0.4622675
B2A,612de09c0e.jpg,0.7743609789526348,0.5031156
B2A,612eb28781.jpg,0.6738716509432346,0.46613565
B2A,613592c5ba.jpg,0.8399608573760934,0.3303941
B2A,614aebf996.jpg,0.8424684999219076,0.29333624
B2A,614dcbd1b6.jpg,0.5992005656605407,0.5783809
B2A,614e5368b3.jpg,0.800681963220153,0.3147882
B2A,6157aa63b5.jpg,0.7407170820322074,0.29115498
B2A,615f1a41e2.jpg,0.8617297068267091,0.4041885
B2A,6163883314.jpg,0.7326606483209768,0.26281166
B2A,6165bb7d20.jpg,0.7410226858553489,0.5051573
B2A,618573a4c0.jpg,0.6690607355067986,0.33955956
B2A,618c3a93a6.jpg,0.6276432986091769,0.4394588
B2A,619868817c.jpg,0.7720545633986122,0.38159236
B2A,61c0bf55f3.jpg,0.8868278478672251,0.25319463
B2A,61ca26c3f0.jpg,0.5919665930843447,0.5833124
B2A,61d1dacb0a.jpg,0.6711237659471219,0.4550932
B2A,61e0412438.jpg,0.8237902510108026,0.3360685
B2A,61efe98c2b.jpg,0.8146700071906128,0.5044191
B2A,61f0619994.jpg,0.7046378154229027,0.46906433
B2A,61f337301f.jpg,0.6475339875489551,0.44880873
B2A,61f79ea5e3.jpg,0.7656292518684166,0.2939774
B2A,61febf655e.jpg,0.7058418061030256,0.4457667
B2A,6203a47be6.jpg,0.727416296453161,0.5408326
B2A,6203de934f.jpg,0.7196788763593388,0.3199385
B2A,6203e44a0b.jpg,0.7587408006328149,0.48933318
B2A,6216948548.jpg,0.7218361322980427,0.27909672
B2A,623226574f.jpg,0.7506893363306273,0.27338272
B2A,6233033047.jpg,0.7005758167285745,0.3530634
B2A,6233a14e7a.jpg,0.7827980089928551,0.62534016
B2A,62428234ef.jpg,0.733245671626107,0.32030866
B2A,62556af40e.jpg,0.849765697475755,0.4023547
B2A,6256e7fb82.jpg,0.7485706591376154,0.34536937
B2A,62601c808e.jpg,0.9257295885825697,0.23200114
B2A,626caaa1ce.jpg,0.8548321693858086,0.38794607
B2A,627532c78c.jpg,0.6995263743061984,0.38121027
B2A,6276c2f781.jpg,0.8756077215924806,0.3838403
B2A,6280ca0cf1.jpg,0.670333981658396,0.42617828
B2A,6297c1fc75.jpg,0.7766725012045946,0.33443207
B2A,62a4327b05.jpg,0.6763865701984882,0.5752433
B2A,62a86886a4.jpg,0.8421591698240593,0.27610087
B2A,62ada6e480.jpg,0.8207914431937935,0.3751409
B2A,62ae12c529.jpg,0.6853634435841072,0.37393332
B2A,62b043985f.jpg,0.7718776009733113,0.28739828
B2A,62b1939e2e.jpg,0.7328328298982133,0.4691118
B2A,62b6c6c11d.jpg,0.6633268967285322,0.42568138
B2A,62bb8501e8.jpg,0.6421909775228254,0.4285865
B2A,62bff6d96f.jpg,0.8189435005660889,0.33805346
B2A,62c54774f6.jpg,0.7140353285710311,0.5364148
B2A,62c5a2a3c0.jpg,0.7455274270864036,0.3777422
B2A,62c8619eeb.jpg,0.6468611581466092,0.5564178
B2A,62e2c15e98.jpg,0.5931460805157509,0.59601897
B2A,62e79f1dd2.jpg,0.8292780919460166,0.41618675
B2A,630d324a16.jpg,0.8615199424225177,0.36799064
B2A,631cc9e7d1.jpg,0.8020880174339144,0.32483009
B2A,631f90f7a9.jpg,0.9005863556530787,0.25103813
B2A,632020c3e8.jpg,0.7580711609034231,0.4134207
B2A,632858e7c4.jpg,0.7379545445818572,0.37133092
B2A,633128bbae.jpg,0.588132607644011,0.61831087
B2A,6334aea3e0.jpg,0.8383033504820973,0.47949806
B2A,63372e9038.jpg,0.5944325300288882,0.32647347
B2A,633edb47c9.jpg,0.7448857692000526,0.40821502
B2A,634246cbc0.jpg,0.8738197739443516,0.56849146
B2A,634e2ff9c5.jpg,0.7523292730208566,0.34476972
B2A,634f5cf142.jpg,0.7388756852731498,0.39633954
B2A,635907bad9.jpg,0.5618527353184057,0.61674535
B2A,6360e41e69.jpg,0.6413492136951442,0.4559674
B2A,636280c73d.jpg,0.7422691201669017,0.2605757
B2A,636d76c49a.jpg,0.8369750673934102,0.28032318
B2A,6376737353.jpg,0.8098642407628593,0.37623405
B2A,6376c3ffa5.jpg,0.7426607400780781,0.5187646
B2A,6379773e3f.jpg,0.7151832149923092,0.40378934
B2A,637a28f9cf.jpg,0.7852686042606385,0.3488766
B2A,638093f853.jpg,0.8427581565352391,0.32926762
B2A,6383f39af4.jpg,0.639940014529788,0.40635505
B2A,63959943dd.jpg,0.5819348631648111,0.5202617
B2A,639ed4c744.jpg,0.7114861939321385,0.31528506
B2A,63a0582761.jpg,0.7944600121858693,0.34758556
B2A,63b4aeae20.jpg,0.6988299747443865,0.42742747
B2A,63b6bc086c.jpg,0.6992387024779639,0.44423217
B2A,63bf7ae1cf.jpg,0.7168282754490977,0.3019989
B2A,63d194e1df.jpg,0.9030985949503325,0.26800802
B2A,63e007e789.jpg,0.7689877165776701,0.37562007
B2A,63e73c1dc9.jpg,0.8023062122202104,0.3619373
B2A,63e885e644.jpg,0.7225215245891298,0.35824236
B2A,63f6cea734.jpg,0.7256314252933255,0.49533728
B2A,63fef59198.jpg,0.6095769478207643,0.41737616
B2A,6401c2d6c0.jpg,0.7218385149571167,0.26368347
B2A,6417787af0.jpg,0.7683543226446072,0.47360533
B2A,6421360d4f.jpg,0.6486658109729597,0.52532196
B2A,64247b3eb5.jpg,0.8445032102067619,0.2741162
B2A,6431f96d10.jpg,0.7285572310716254,0.42772043
B2A,64356423f2.jpg,0.6344089414178339,0.41597047
B2A,6438b04e89.jpg,0.9270935155994678,0.27610105
B2A,643916e05b.jpg,0.7744021354517153,0.4972626
B2A,64397cbb62.jpg,0.8305361710518138,0.37186944
B2A,6440dd45f8.jpg,0.7362638986689709,0.44874385
B2A,6444bc3ca4.jpg,0.6847743315521821,0.37529835
B2A,6447774e95.jpg,0.6320948498620251,0.5837759
B2A,6457f79ca3.jpg,0.6875132140787874,0.64945805
B2A,646da34032.jpg,0.8153187996353601,0.40777063
B2A,64813f537a.jpg,0.8058703526143219,0.40658087
B2A,6493077860.jpg,0.7931927615386185,0.28443
B2A,649df99535.jpg,0.6886675745629225,0.692289
B2A,64a519abd0.jpg,0.8102576531172485,0.38663578
B2A,64bd39e960.jpg,0.8402224952861694,0.28068247
B2A,64c68d0aa3.jpg,0.8722659223426499,0.27237603
B2A,64c6b6a511.jpg,0.7979896319681898,0.28045017
B2A,64cf019733.jpg,0.8693960724801365,0.2878559
B2A,64d0a7acf2.jpg,0.8235445118025895,0.5070543
B2A,64d362378f.jpg,0.714515166132215,0.39523682
B2A,64e21dfda0.jpg,0.7947186020817802,0.30468473
B2A,64ee7530ff.jpg,0.8324154083810167,0.30720398
B2A,64f06b5ceb.jpg,0.8331356180676045,0.4088356
B2A,64fcd56944.jpg,0.856423267577726,0.25774112
B2A,6533b9656e.jpg,0.7690895228212552,0.52001655
B2A,65344ad883.jpg,0.667283753920697,0.5545744
B2A,653774f59a.jpg,0.7657541239590882,0.4986963
B2A,654dce0bc5.jpg,0.687960575172947,0.40643486
B2A,6558098202.jpg,0.7702346559408978,0.6216507
B2A,6561bd46ba.jpg,0.7673285657394441,0.42127362
B2A,657337796d.jpg,0.8500993190581478,0.45997688
B2A,657a1ebe3d.jpg,0.6032830483946693,0.37194142
B2A,657bf0b295.jpg,0.8600265089624299,0.26138902
B2A,657d970481.jpg,0.7859818707719551,0.3155677
B2A,65881ff201.jpg,0.8019695938810575,0.27478018
B2A,6589904ec0.jpg,0.7754806732369307,0.40533188
B2A,65a09899f8.jpg,0.7274996545235456,0.45252144
B2A,65a6d3e7e2.jpg,0.8167922300897532,0.3925417
B2A,65ba65db68.jpg,0.6691951709336916,0.3669814
B2A,65cf11fe0e.jpg,0.8510600403138009,0.4180386
B2A,65e0307c38.jpg,0.7156736050967674,0.3788682
B2A,65e1c3f768.jpg,0.6454268213944481,0.35611928
B2A,65eb33194f.jpg,0.8139556807147406,0.40121627
B2A,65f48bdd36.jpg,0.6358710385726244,0.4239441
B2A,65ff1c4226.jpg,0.6173257489673671,0.6460867
B2A,660a638976.jpg,0.6971180585329915,0.38766977
B2A,661aadc417.jpg,0.8996657933647343,0.15665518
B2A,661d51efae.jpg,0.6982798018299626,0.44991994
B2A,662c5c4ff4.jpg,0.7752276108418028,0.29359162
B2A,6635a31ee1.jpg,0.7795630150523148,0.4420874
B2A,66361eea70.jpg,0.8040066937348266,0.33549732
B2A,6639b516d5.jpg,0.6395274712272259,0.41507182
B2A,663b9a1924.jpg,0.7694055407158182,0.2700594
B2A,66488583ab.jpg,0.7753461769273913,0.3060121
B2A,664b161ecc.jpg,0.6298951224269593,0.5264348
B2A,667c0fd61b.jpg,0.8569232667779353,0.3513897
B2A,6690a30a29.jpg,0.6344365689243494,0.48275676
B2A,66ad36a8d6.jpg,0.7205745661818731,0.35228544
B2A,66af3aa4b1.jpg,0.6306470230440819,0.35347807
B2A,66b54569e6.jpg,0.8085279112026249,0.44352588
B2A,66cb408c30.jpg,0.791471902625801,0.27457175
B2A,66db0fe6b4.jpg,0.678597973895797,0.3541236
B2A,66dbf73abc.jpg,0.8077135818224565,0.28562042
B2A,66e71841a4.jpg,0.8800938639101524,0.30318314
B2A,66f8456cb7.jpg,0.7470893409903024,0.35612443
B2A,6700b4b7bb.jpg,0.884574879566828,0.33651543
B2A,670d9aa07f.jpg,0.7606217148106956,0.35926637
B2A,670dbb29d1.jpg,0.7738790914459829,0.29831466
B2A,6717eca3cc.jpg,0.708418974700305,0.6418218
B2A,6728f4bba7.jpg,0.8942541510234958,0.28093457
B2A,6731de7cdc.jpg,0.7118599898406912,0.33664742
B2A,6736ee186d.jpg,0.7651635379698171,0.5093279
B2A,674bf68b95.jpg,0.7790060043201854,0.43574286
B2A,674c25f70e.jpg,0.6934035077066687,0.33189774
B2A,6751643b4b.jpg,0.6880663704513731,0.49013734
B2A,675e6b6065.jpg,0.7581227305479024,0.36539483
B2A,675eb73e32.jpg,0.8031854731105944,0.4511394
B2A,676a38fcf2.jpg,0.6252199486460939,0.3817222
B2A,676d2377ea.jpg,0.813816428904534,0.3140155
B2A,67811f844f.jpg,0.8474013165221783,0.38571274
B2A,6798a2a50d.jpg,0.7473760332059761,0.3971383
B2A,679f2b8c09.jpg,0.8320491093531114,0.29231423
B2A,67ad9f90eb.jpg,0.8308925368462712,0.27223825
B2A,67ae13d8fd.jpg,0.6605299164452061,0.60455793
B2A,67b03b9ae6.jpg,0.8831128966804696,0.32227844
B2A,67b2023cdc.jpg,0.85793343651,0.29489475
B2A,67b303bc1f.jpg,0.5980684189950136,0.41248766
B2A,67bf2caa0d.jpg,0.8086181471743502,0.34448624
B2A,67cb59fe1b.jpg,0.7468280538814092,0.4698419
B2A,67d30c5976.jpg,0.655902956642464,0.42405576
B2A,67e82318a8.jpg,0.6947417722512497,0.38221627
B2A,67fa0b1fff.jpg,0.6276313106130269,0.5389251
B2A,67ffae436a.jpg,0.6516698076953918,0.35590208
B2A,680e403ee6.jpg,0.7150004122481043,0.4339273
B2A,68161f940a.jpg,0.8104631751006754,0.396407
B2A,681747f03e.jpg,0.8004514431487829,0.23643756
B2A,681949c029.jpg,0.7580257473825166,0.35236335
B2A,681df42505.jpg,0.6727761772309526,0.43362483
B2A,682e0844c2.jpg,0.8680757504874886,0.39972174
B2A,6836334767.jpg,0.5959979197002296,0.500021
B2A,683ff91f55.jpg,0.6012406982119036,0.45639277
B2A,684690671a.jpg,0.8456644839041506,0.37507826
B2A,684be8790c.jpg,0.7443447918758437,0.46177208
B2A,685174f022.jpg,0.7679669777578005,0.4173736
B2A,6852f4cb2d.jpg,0.7537651336688772,0.40978214
B2A,685923a424.jpg,0.863128720915561,0.2777157
B2A,68730b2016.jpg,0.7595485976509567,0.38895556
B2A,687cd30117.jpg,0.8465715752498069,0.3194639
B2A,6884abf5fe.jpg,0.8736463623111663,0.33499226
B2A,6887ee7059.jpg,0.7413232206735874,0.37748945
B2A,688fd65571.jpg,0.8071692201338949,0.2936653
B2A,689273b092.jpg,0.651267243769577,0.38764858
B2A,68a0fd8800.jpg,0.8669580766932597,0.29790568
B2A,68b8b35955.jpg,0.7904861517592345,0.37273952
B2A,68d3757ce1.jpg,0.9155330585652158,0.34797126
B2A,68d785f0cb.jpg,0.6806571618031836,0.4255715
B2A,68e40889bf.jpg,0.8743863401833987,0.311245
B2A,68e93f1dd4.jpg,0.6087931439119857,0.46061242
B2A,68f7232a89.jpg,0.6519038786226379,0.35551003
B2A,6915fdb4e2.jpg,0.5892375023457339,0.3912416
B2A,692b29e496.jpg,0.8796354976246273,0.3081399
B2A,692d2be632.jpg,0.7090294861363969,0.5460664
B2A,6932043ee0.jpg,0.7434954147068182,0.5001195
B2A,693415a29b.jpg,0.8276219948503503,0.32268602
B2A,69552238b4.jpg,0.8426025905589106,0.27312112
B2A,695755652f.jpg,0.6522890175739061,0.32642674
B2A,6957a4b495.jpg,0.725645226650354,0.29854178
B2A,6960ca7470.jpg,0.7312583244900723,0.4000209
B2A,6960d1ca6a.jpg,0.7451477882952192,0.44210324
B2A,696803e17c.jpg,0.6886191793377741,0.39435804
B2A,696f56514d.jpg,0.6551028337220897,0.47717574
B2A,6970d5e39a.jpg,0.8272186153388055,0.33660823
B2A,697a7cac68.jpg,0.5807809634909497,0.3978382
B2A,6987bc04a8.jpg,0.8235729272500982,0.3601367
B2A,69a48c1703.jpg,0.8679029974134914,0.23616499
B2A,69ae5108fc.jpg,0.6695824951905024,0.4363636
B2A,69b2d90a15.jpg,0.7479284232484057,0.51047146
B2A,69b411b727.jpg,0.6007455967104146,0.3996274
B2A,69b590e268.jpg,0.7776724901725335,0.49667686
B2A,69ba3dbcbe.jpg,0.9058591235864926,0.30900735
B2A,69bc2bf220.jpg,0.7639046569069554,0.44320193
B2A,69c3dba202.jpg,0.6849497264117947,0.38338462
B2A,69c50db73f.jpg,0.6310151341844122,0.4525885
B2A,69c5eb1184.jpg,0.7015497763277698,0.40587604
B2A,69ce40e8bd.jpg,0.7948722073966985,0.41302383
B2A,69cf4ee0c1.jpg,0.7604261237014982,0.48778957
B2A,69e5be6684.jpg,0.7060314056740485,0.4716248
B2A,69ea18eac3.jpg,0.5405782044342118,0.55835646
B2A,69ff61709e.jpg,0.8712456168251254,0.3436103
B2A,6a0a168174.jpg,0.70695352531604,0.498121
B2A,6a0c1b662f.jpg,0.7825433574871951,0.33709154
B2A,6a19d6ed16.jpg,0.642443502138825,0.33117503
B2A,6a1aea3e32.jpg,0.7117004530709058,0.37455398
B2A,6a24142aad.jpg,0.7422724140676508,0.47190177
B2A,6a3a6192c0.jpg,0.7461430449478351,0.36316594
B2A,6a4d3daafe.jpg,0.6617250357939615,0.5068822
B2A,6a4fe6590b.jpg,0.6304417816063583,0.46840647
B2A,6a55ec45aa.jpg,0.8903033753695628,0.33105093
B2A,6a5b3e97df.jpg,0.7054540446032941,0.51014936
B2A,6a62792333.jpg,0.8007166058064389,0.44997105
B2A,6a6fb64128.jpg,0.7330496426443168,0.6216906
B2A,6a75bc4fce.jpg,0.8079029856140073,0.31840432
B2A,6a95e80280.jpg,0.8037294848990841,0.35735926
B2A,6a9634ff0e.jpg,0.8050982489111326,0.30634806
B2A,6aa027975d.jpg,0.7877636602915742,0.2853223
B2A,6ab55e39e3.jpg,0.9028303019301384,0.28819364
B2A,6ab607ca91.jpg,0.5563950693199317,0.3646392
B2A,6ac584cbb4.jpg,0.6754409650358392,0.45655516
B2A,6ac922afab.jpg,0.763655868126513,0.3209394
B2A,6ae1292f67.jpg,0.719095571797105,0.27876288
B2A,6afc612209.jpg,0.6794919124515406,0.56168103
B2A,6b04d109cf.jpg,0.590167945262706,0.35213876
B2A,6b240d89b8.jpg,0.775808487836892,0.37098354
B2A,6b25e23139.jpg,0.7909729384832356,0.31086874
B2A,6b3e7692a0.jpg,0.7089082328250831,0.5164411
B2A,6b47c83dad.jpg,0.8995265783028271,0.29896608
B2A,6b53db36ed.jpg,0.8368623269213178,0.42041346
B2A,6b61c7852e.jpg,0.7837500959193217,0.31492573
B2A,6b66f3c48a.jpg,0.6487636410268844,0.45710248
B2A,6b6b85cd53.jpg,0.7529389263993655,0.56973255
B2A,6b6e1046b8.jpg,0.8832925641504812,0.28568852
B2A,6b70c93481.jpg,0.8372764793659494,0.396471
B2A,6b7172639a.jpg,0.7720663466711265,0.31752825
B2A,6b87a7b5dc.jpg,0.821012116815835,0.3798746
B2A,6b87dc38dc.jpg,0.6341122369736344,0.53173804
B2A,6b910e1321.jpg,0.5284676807591301,0.51456285
B2A,6ba72ca483.jpg,0.6652968153944394,0.46316928
B2A,6bb4d6273a.jpg,0.7753172116540492,0.3308298
B2A,6bc014d8ea.jpg,0.8300665959385648,0.34236282
B2A,6bc2744034.jpg,0.8664721973009893,0.33275777
B2A,6bc4af390a.jpg,0.8547259723980739,0.32116258
B2A,6bc7d64fb6.jpg,0.7861020525127339,0.34523284
B2A,6bc8104d76.jpg,0.5282578010246219,0.70059025
B2A,6bcd8876a4.jpg,0.7447672370444356,0.4610594
B2A,6bcea12f74.jpg,0.8246735767750992,0.33324954
B2A,6be0fc09a5.jpg,0.6236051233818065,0.37110382
B2A,6bf0976dae.jpg,0.7488215588851073,0.3792478
B2A,6c0f6804c5.jpg,0.7335848782514991,0.36999196
B2A,6c19b70453.jpg,0.8805073072755831,0.2592598
B2A,6c1d743ded.jpg,0.7442595323735893,0.23609418
B2A,6c1f308e02.jpg,0.7521840967888266,0.40103218
B2A,6c28209b0b.jpg,0.7406123425891595,0.46204224
B2A,6c37caaa86.jpg,0.714994857418737,0.3448788
B2A,6c38e65dd9.jpg,0.8382587129287717,0.23397526
B2A,6c5fb319c2.jpg,0.5285779213892142,0.6234853
B2A,6c650608d2.jpg,0.4515400321918741,0.7277144
B2A,6c66f26b82.jpg,0.7687929536087066,0.28442767
B2A,6c77b100ea.jpg,0.7046171237586609,0.5903548
B2A,6c7b92564c.jpg,0.6902480379855537,0.58847755
B2A,6c7bd28db6.jpg,0.7975600339009136,0.5506507
B2A,6c7e5b0199.jpg,0.7447249598969499,0.37007546
B2A,6c8aec68c1.jpg,0.8651808187904075,0.3086921
B2A,6c8c8234e4.jpg,0.6695604232809699,0.63798344
B2A,6c9c20101d.jpg,0.6768546817813008,0.26614422
B2A,6cad5acca6.jpg,0.8699379557747535,0.23307265
B2A,6cada09ad0.jpg,0.7974166329241197,0.316102
B2A,6cb683712d.jpg,0.6146649028519994,0.6358157
B2A,6cb7a4d1c0.jpg,0.7219555851961982,0.3895974
B2A,6cc9ba090d.jpg,0.7402399748499464,0.3895506
B2A,6cdb4ae67d.jpg,0.7458130460896006,0.3801815
B2A,6cf14b58ac.jpg,0.6535899847431427,0.6147779
B2A,6d21dd8e8a.jpg,0.7034407606545999,0.4317311
B2A,6d2db478f1.jpg,0.8027564068839214,0.29045245
B2A,6d366256a0.jpg,0.7575753554514143,0.39362574
B2A,6d43871d17.jpg,0.6696427511712976,0.34349597
B2A,6d4cd97a65.jpg,0.7193632167707688,0.32444093
B2A,6d4ed509c4.jpg,0.6976751935090603,0.32556206
B2A,6d59401909.jpg,0.45932654118519184,0.61774236
B2A,6d6717a60d.jpg,0.7201386724253027,0.3435027
B2A,6d6bc1579a.jpg,0.8120504651775312,0.36698717
B2A,6d75effae7.jpg,0.5090662831064506,0.4787934
B2A,6d76ac5983.jpg,0.7642291922473964,0.33897468
B2A,6d76db2739.jpg,0.8028100296852289,0.26255703
B2A,6d8ac0ab87.jpg,0.7666529797323175,0.36423784
B2A,6d8ff7415d.jpg,0.6071089890171156,0.44862524
B2A,6da5f24eb5.jpg,0.746512579925553,0.35761258
B2A,6da926571e.jpg,0.860864959776321,0.21035731
B2A,6db9d90f11.jpg,0.6728420485182247,0.3801784
B2A,6dc8ab590e.jpg,0.7157729274704938,0.7080826
B2A,6dce9829bb.jpg,0.7410297540699295,0.43721917
B2A,6dcf799703.jpg,0.8249598303549547,0.32809016
B2A,6ddc86d0e4.jpg,0.8331178822343004,0.36753678
B2A,6dee6d02d8.jpg,0.6816730068543686,0.39052138
B2A,6df48d411c.jpg,0.5544103266649716,0.46011323
B2A,6dfff386db.jpg,0.786583276605551,0.33408967
B2A,6e09fe8d32.jpg,0.8353519326883981,0.5193119
B2A,6e13b2f9b4.jpg,0.8572280355835276,0.33281702
B2A,6e17babca8.jpg,0.7727269597525193,0.4115047
B2A,6e2493f8d4.jpg,0.5342164178791227,0.44932768
B2A,6e2c4451e5.jpg,0.5682985300857996,0.5534183
B2A,6e3c226e32.jpg,0.7435212725188604,0.42298234
B2A,6e3e179ef8.jpg,0.8911187099754115,0.34856313
B2A,6e57dbfe6f.jpg,0.5549953383167409,0.5221674
B2A,6e5cd72d3c.jpg,0.8125187055804235,0.26646894
B2A,6e656030a0.jpg,0.665755180167954,0.42116034
B2A,6e68264904.jpg,0.6861538842597331,0.4887205
B2A,6e72f8ad6c.jpg,0.850841749728038,0.42391178
B2A,6e84325bee.jpg,0.6772278289652378,0.30584502
B2A,6e89ef391e.jpg,0.6871396697897281,0.32366788
B2A,6e8ec08b46.jpg,0.8262798826351089,0.33894667
B2A,6e924c87a3.jpg,0.7190275984520591,0.33510903
B2A,6e9f6935ce.jpg,0.7560608398999988,0.3869321
B2A,6ea4aef23e.jpg,0.7217764713004905,0.38387933
B2A,6ebd91c7e5.jpg,0.7387868633832454,0.4817398
B2A,6ebfe9870b.jpg,0.6202630288382756,0.34757924
B2A,6ec425bb69.jpg,0.6513195120770373,0.5226685
B2A,6ecc2d49cf.jpg,0.6958854713898283,0.33954087
B2A,6ed8cb6c73.jpg,0.8427625873817812,0.20033005
B2A,6edee61a9e.jpg,0.5326871339322106,0.44776735
B2A,6ee301dfa6.jpg,0.7796412475788457,0.3870385
B2A,6ee4e3cfa0.jpg,0.5722626016762339,0.468099
B2A,6ee582ddd3.jpg,0.8282008489093082,0.46705866
B2A,6ef0e038c4.jpg,0.6857997238726854,0.4054089
B2A,6efbef83a2.jpg,0.764188102329414,0.38767776
B2A,6f28a81391.jpg,0.679738894624716,0.41189837
B2A,6f2bf952a9.jpg,0.7096857050476135,0.3471399
B2A,6f40f67816.jpg,0.7688984329477677,0.2985759
B2A,6f48326e10.jpg,0.8052674766803285,0.5041704
B2A,6f48f32192.jpg,0.8536249695594604,0.43936273
B2A,6f5bf1e36c.jpg,0.7087043556582108,0.52716243
B2A,6f5ef8ad57.jpg,0.8318366718196619,0.39055502
B2A,6f68219972.jpg,0.6915493838576744,0.61140627
B2A,6f6d82abff.jpg,0.5192264343815289,0.41941315
B2A,6f7564d1a0.jpg,0.7551093357160565,0.49627766
B2A,6f77237bfc.jpg,0.48498808982843294,0.4970557
B2A,6f8cb591c0.jpg,0.8612792491497466,0.4644472
B2A,6f8d0b8187.jpg,0.5585891455381069,0.62987274
B2A,6f8e3c9a8b.jpg,0.813410881198705,0.34503388
B2A,6f923ef327.jpg,0.7581423101735645,0.39297068
B2A,6f947d7eac.jpg,0.6929477881199869,0.46363494
B2A,6fadc7344f.jpg,0.8769604582740559,0.3113255
B2A,6fc20169b5.jpg,0.7100252414334037,0.57589275
B2A,6fc42ec979.jpg,0.7794685296300791,0.30135766
B2A,6fc6fa664f.jpg,0.8631777479200478,0.44314098
B2A,6fd27b0261.jpg,0.9099454102517689,0.3349051
B2A,6fd58bb7ed.jpg,0.5845553857722747,0.35598183
B2A,6fd674c2bc.jpg,0.766756340534679,0.5288009
B2A,6feaf858bb.jpg,0.5265607714987969,0.4741975
B2A,6ff650cc01.jpg,0.8987985192446784,0.1800486
B2A,6ff926036b.jpg,0.6739788852357869,0.4101936
B2A,7007638c04.jpg,0.8787355932541798,0.2520236
B2A,7018cf5472.jpg,0.800334899326173,0.22288762
B2A,7023e05153.jpg,0.5226529616339707,0.5803885
B2A,7041df8f8d.jpg,0.6394986853383009,0.44576973
B2A,7048682787.jpg,0.7426827087861733,0.39071858
B2A,7056c4d0c9.jpg,0.847695198216263,0.3973972
B2A,7058938d2d.jpg,0.6903052660219419,0.441384
B2A,70688893ff.jpg,0.768891511543689,0.3865547
B2A,7095de0c05.jpg,0.6259036520278728,0.5203797
B2A,709c87be1e.jpg,0.6373317406507656,0.47512534
B2A,70a6584991.jpg,0.8785013719996394,0.32738453
B2A,70adc33191.jpg,0.8561932468685879,0.38730058
B2A,70b1293521.jpg,0.3506601383589694,0.6715849
B2A,70bbdc328b.jpg,0.8147085077810431,0.5352117
B2A,70bfad4fb3.jpg,0.8595393010384437,0.30752426
B2A,70c35d97fa.jpg,0.6830086879733851,0.7182486
B2A,70c4ba13c5.jpg,0.7134147279201498,0.4583556
B2A,70c5926990.jpg,0.7347163305642673,0.3643545
B2A,70d01a9f18.jpg,0.7127044224759138,0.39937568
B2A,70d2dd3347.jpg,0.7925867360805219,0.4597807
B2A,70e1a9d5d0.jpg,0.7464336163562076,0.36320233
B2A,70f83908f4.jpg,0.56956928908788,0.55900836
B2A,710afec54e.jpg,0.8510903591362515,0.37748966
B2A,710dddaa53.jpg,0.8410278167950054,0.28594786
B2A,710ff8d371.jpg,0.719249586252311,0.43237638
B2A,711bdf7e70.jpg,0.7737098208603265,0.28464
B2A,711e41a40a.jpg,0.7591032613421371,0.5283975
B2A,7124e69590.jpg,0.850818044745823,0.31370592
B2A,7128cb2ee3.jpg,0.5829329364870464,0.5464957
B2A,7140fb929c.jpg,0.8149165526505426,0.35504922
B2A,714de5bcda.jpg,0.716354547184255,0.5780863
B2A,716437e0a0.jpg,0.5833242311461596,0.5464085
B2A,71697466d8.jpg,0.8772141364944943,0.3197228
B2A,716981b92d.jpg,0.8782448808875212,0.3687244
B2A,717bc1fc72.jpg,0.6286977310137014,0.5803658
B2A,718b15a998.jpg,0.8971172027550881,0.24312487
B2A,71990c1992.jpg,0.8483866327912735,0.32149738
B2A,71a1688eec.jpg,0.7548620873304832,0.48110372
B2A,71ab7757d1.jpg,0.7339956922013627,0.27464643
B2A,71b9dfc246.jpg,0.7234704615630002,0.36628383
B2A,71c9f21e69.jpg,0.7600107960343246,0.41137463
B2A,71cd818b43.jpg,0.712220135967228,0.28418905
B2A,71cde4e6b9.jpg,0.7914372631083377,0.40164748
B2A,71d0f6d808.jpg,0.6283929395500517,0.37699047
B2A,71d92823a7.jpg,0.8320545237791999,0.38303313
B2A,71e2160bc2.jpg,0.7910233685943462,0.3543035
B2A,71eb79bec9.jpg,0.7853966977086466,0.29703242
B2A,71f375fd61.jpg,0.8476958271263132,0.35755688
B2A,71f38526e3.jpg,0.7174161745884919,0.387977
B2A,71f84e59d9.jpg,0.551873152350363,0.43124986
B2A,71fbc6fd17.jpg,0.6686442162848144,0.472389
B2A,71feaf01d5.jpg,0.7128939025888594,0.48156777
B2A,720358ea9a.jpg,0.7689844214901753,0.4591833
B2A,7207f4dfb5.jpg,0.6831868909449618,0.43173254
B2A,720b03538d.jpg,0.812692125945541,0.2964636
B2A,720b65616c.jpg,0.7322837510752023,0.41168398
B2A,720b79fcc2.jpg,0.5083781429183363,0.6143501
B2A,721f26a1d5.jpg,0.554995884355322,0.74284995
B2A,721fb86cc5.jpg,0.5241887583273934,0.58236486
B2A,7226160b9d.jpg,0.8288041033081218,0.30668613
B2A,722cb1e56d.jpg,0.828711660347311,0.27253756
B2A,7232765c25.jpg,0.7606985797216813,0.38999444
B2A,723451df4f.jpg,0.7038553562636816,0.42200267
B2A,7234b91e34.jpg,0.7428378393822036,0.48661625
B2A,7237fc1604.jpg,0.8512419218675144,0.33385706
B2A,723d373aa3.jpg,0.7125397742601617,0.3907436
B2A,7241d2c3d9.jpg,0.7530993403060023,0.32419458
B2A,7261ec35d2.jpg,0.7898845803954383,0.42403316
B2A,72669a9943.jpg,0.7464543657399308,0.33234733
B2A,72812baf6e.jpg,0.6524033321838847,0.4034131
B2A,7283cfab05.jpg,0.7684882274790087,0.5889294
B2A,728ea2432b.jpg,0.7413442050598007,0.50477123
B2A,7293694fa1.jpg,0.7482567767142175,0.38698924
B2A,72984fac2b.jpg,0.7825735514516292,0.32677045
B2A,72a4736675.jpg,0.708964823841349,0.3563499
B2A,72a601d8f0.jpg,0.7500827989860095,0.33288863
B2A,72c7727920.jpg,0.7410520925414035,0.37477085
B2A,72d3a41349.jpg,0.7637823430824711,0.4251218
B2A,72d466fe84.jpg,0.6870275791484777,0.45781904
B2A,72e16d5fbd.jpg,0.7303190236327338,0.3645495
B2A,72e448ba0d.jpg,0.6778596026809695,0.4481784
B2A,72f617be7d.jpg,0.8460405287107001,0.5437022
B2A,730f4d3c17.jpg,0.7495715810362327,0.4256882
B2A,7310d880f1.jpg,0.7096207474000358,0.45018858
B2A,731ebe59e9.jpg,0.5987181345578003,0.5760245
B2A,73222f682f.jpg,0.8113845583010729,0.4142221
B2A,73256f9bc4.jpg,0.9104045996653735,0.40256518
B2A,7325a1d7d0.jpg,0.6453654620893324,0.7787732
B2A,732a9c8c6b.jpg,0.6622033228684365,0.45983833
B2A,732becb4d6.jpg,0.6548928593505144,0.5450406
B2A,7333f63f5c.jpg,0.8768063183487281,0.22341034
B2A,7336afe63d.jpg,0.7800067081995427,0.35757768
B2A,73433b9176.jpg,0.7630569662755177,0.37740487
B2A,7347d4c64e.jpg,0.7679905069930277,0.2375132
B2A,734c1c2cb7.jpg,0.8012520017062466,0.2975894
B2A,734f9967b1.jpg,0.7860848357947563,0.30309185
B2A,7354bcca29.jpg,0.760273271769503,0.3776437
B2A,736aca548d.jpg,0.7726044925645879,0.4268647
B2A,73849ee3fd.jpg,0.771128695259379,0.28993446
B2A,7386076f73.jpg,0.8384661013700221,0.33482748
B2A,738cc4553d.jpg,0.9318934904449513,0.27523234
B2A,739659d0c4.jpg,0.8054044952419822,0.387453
B2A,739b765f02.jpg,0.6852853844031047,0.45753628
B2A,73a7bab2d5.jpg,0.7332599211933177,0.49096444
B2A,73ae5bd0e4.jpg,0.7741228954281112,0.30205026
B2A,73b60d1a3f.jpg,0.8298182234929032,0.39723188
B2A,73bc721c0c.jpg,0.6517286396637766,0.38238594
B2A,73bdd8ab24.jpg,0.797732630881305,0.35982472
B2A,73c083aefc.jpg,0.7937792210318689,0.31418774
B2A,73d0951809.jpg,0.6841202587073071,0.46127176
B2A,73d23b9664.jpg,0.8011537586582582,0.28499138
B2A,73e426eb88.jpg,0.6165078268875921,0.53053486
B2A,73eb34dde6.jpg,0.8002515593463906,0.36764622
B2A,73eed9e6c8.jpg,0.7675326915668008,0.3336838
B2A,73effc2726.jpg,0.755109251607184,0.3888814
B2A,73f1c501ae.jpg,0.7934873339680988,0.4251654
B2A,73ffa6505c.jpg,0.8006505257978638,0.24462563
B2A,740e5eeb86.jpg,0.7433831037983629,0.57213145
B2A,74342f9fbe.jpg,0.8103863072210484,0.36306536
B2A,743d265ef2.jpg,0.7378040210615718,0.39839375
B2A,7444113e88.jpg,0.7940310589245075,0.30939266
B2A,7448a942f2.jpg,0.7482806463135464,0.43105444
B2A,7450949ae7.jpg,0.7852853824184763,0.36353958
B2A,745612e6f4.jpg,0.711543766538171,0.38221407
B2A,745d4137b7.jpg,0.8546420316786539,0.30546364
B2A,746f2cd1d2.jpg,0.8768018937557035,0.26865867
B2A,74875545e6.jpg,0.7413792758803487,0.4230321
B2A,748d5a0ab8.jpg,0.8040310055494886,0.33699888
B2A,748e1a440c.jpg,0.8277557078630626,0.29570907
B2A,7491908057.jpg,0.7287563090012011,0.34477842
B2A,749222e6d6.jpg,0.7171897272288702,0.2840836
B2A,74a47c4bf0.jpg,0.8303746926649958,0.32619768
B2A,74a537f1c6.jpg,0.7384389867229534,0.362352
B2A,74aea007fa.jpg,0.6521839290158696,0.36479816
B2A,74c1b398ad.jpg,0.9497130085962008,0.22361784
B2A,74cc091e10.jpg,0.6674872458134343,0.5116334
B2A,74d0ac959c.jpg,0.6603150888817253,0.394578
B2A,74d406c90e.jpg,0.5254454432761511,0.357008
B2A,74e1d0f495.jpg,0.8493652797109127,0.32777846
B2A,74f3bf7113.jpg,0.6495862879139092,0.35980403
B2A,74f3c01037.jpg,0.7984518071819255,0.3234704
B2A,74f46669b2.jpg,0.5881195504140528,0.5658212
B2A,7500111c43.jpg,0.742510867391411,0.32873923
B2A,750111ec4f.jpg,0.7555839248059207,0.38947213
B2A,7504776c00.jpg,0.9101491845215629,0.2429246
B2A,750d38f7fb.jpg,0.6842641650481435,0.5614942
B2A,7517680fdc.jpg,0.6282545104770199,0.59361875
B2A,7524651de3.jpg,0.6502464105760781,0.36962685
B2A,7533dedc3a.jpg,0.6279996337678149,0.47268564
B2A,7542d63fe4.jpg,0.7867030277857386,0.33004948
B2A,754324f8f4.jpg,0.6597555770340233,0.26678535
B2A,7550e074f1.jpg,0.7373525215003954,0.38411492
B2A,7552fc948e.jpg,0.8559028596417201,0.42795467
B2A,7556df8481.jpg,0.5406990675065242,0.40621448
B2A,755af1c3a4.jpg,0.7006224397676075,0.45602548
B2A,7567cc9f18.jpg,0.7691155011079802,0.33192492
B2A,756f63c794.jpg,0.8449651122334151,0.33572933
B2A,7571b0e8bb.jpg,0.8328307117671065,0.3331458
B2A,75720815fb.jpg,0.7717263562493178,0.60587245
B2A,7588e6d09e.jpg,0.779356324504266,0.32780182
B2A,75942c4668.jpg,0.679543487449247,0.42921227
B2A,7594f0f494.jpg,0.5541020955216619,0.2913632
B2A,75979a026b.jpg,0.7923269677409802,0.2810505
B2A,759dcb713c.jpg,0.45788074915764515,0.4697749
B2A,75aafd3f82.jpg,0.7679028763012112,0.4261433
B2A,75ae690a9b.jpg,0.7377620698726505,0.4549455
B2A,75aeffdcf8.jpg,0.6460848956038048,0.3893354
B2A,75b200e2f2.jpg,0.6698991638289256,0.3831813
B2A,75c89b8f5e.jpg,0.6433691054615938,0.3413405
B2A,75c92b7fca.jpg,0.7559311554967401,0.34724152
B2A,75ce72e60d.jpg,0.8491986440966709,0.275764
B2A,761d963561.jpg,0.6423312139925504,0.3508654
B2A,7622bccb99.jpg,0.870924626864662,0.30989233
B2A,76354e710e.jpg,0.4526422196945659,0.48082203
B2A,76461faf34.jpg,0.804801877985422,0.33694068
B2A,7659aebdef.jpg,0.7387946982310298,0.4595473
B2A,7664753e1a.jpg,0.6742965201422642,0.40024963
B2A,76665f40b9.jpg,0.8462253379591324,0.4296711
B2A,7669df8ee6.jpg,0.8019227621478654,0.32597226
B2A,7679305237.jpg,0.8582315300831636,0.30883434
B2A,768650ced7.jpg,0.753901509392579,0.49513316
B2A,7689871557.jpg,0.7222909039352114,0.2600671
B2A,768c95d325.jpg,0.860036711230136,0.34673125
B2A,76916c1438.jpg,0.4809552045140477,0.52578527
B2A,76a03653aa.jpg,0.8105547883712805,0.32312912
B2A,76a510b033.jpg,0.669678719884544,0.527247
B2A,76a75521fa.jpg,0.5699317467276724,0.48626986
B2A,76b398536a.jpg,0.7690499718648387,0.53393614
B2A,76c2eea825.jpg,0.7534368164852253,0.42460954
B2A,76ceecc865.jpg,0.7087718549875487,0.3811789
B2A,76edc30013.jpg,0.7474140550949216,0.42332307
B2A,76ef022161.jpg,0.7750805209450855,0.36917207
B2A,76f978fec2.jpg,0.6675822820979982,0.48036268
B2A,7703813883.jpg,0.7030354825975984,0.5165109
B2A,77102d5829.jpg,0.7989673918563032,0.5649339
B2A,7727666e8d.jpg,0.7099858141059464,0.3694367
B2A,772787cb7c.jpg,0.8427714008207191,0.26862
B2A,7729898908.jpg,0.6387405281155165,0.49922597
B2A,774082dd9e.jpg,0.7639137108073597,0.25864884
B2A,77419070a6.jpg,0.5498624146698606,0.49646538
B2A,774f853b60.jpg,0.7502906855204174,0.36112848
B2A,7750286d66.jpg,0.8194214338102868,0.35927996
B2A,77573ba17e.jpg,0.8588836041835064,0.25437206
B2A,7759594268.jpg,0.792449528497671,0.3921587
B2A,776a168a2e.jpg,0.7471499022052703,0.33854002
B2A,776b0e0213.jpg,0.6828329258746302,0.3233953
B2A,776dbabcb1.jpg,0.7954760703475969,0.44201928
B2A,776e857956.jpg,0.7890150761502265,0.28964287
B2A,77740b1ba2.jpg,0.7196393818468083,0.33872086
B2A,777e0d9afc.jpg,0.6507311487298213,0.40830758
B2A,777f896f3b.jpg,0.8201992296791439,0.37385634
B2A,778a55d424.jpg,0.802638127425305,0.4765108
B2A,77a2df3751.jpg,0.7714707418830729,0.3316186
B2A,77a6d1f419.jpg,0.777736656911528,0.42149395
B2A,77b1ed8168.jpg,0.9232855703727416,0.34490836
B2A,77b8c928ae.jpg,0.8233694235198914,0.29781216
B2A,77c637c87c.jpg,0.7727968263637406,0.38539815
B2A,77c63d6765.jpg,0.9126547310588853,0.42523366
B2A,77cc149318.jpg,0.5455113211247802,0.62124884
B2A,77d268dafa.jpg,0.7898657300983116,0.2980668
B2A,77d27a89f3.jpg,0.8086323926482529,0.3659107
B2A,77d554c049.jpg,0.8332872616735424,0.32001767
B2A,77d9910a45.jpg,0.8218517509206441,0.30258727
B2A,77dcb3f91c.jpg,0.7547952160963756,0.51532644
B2A,77e77fd4d9.jpg,0.7669322737735147,0.50346684
B2A,77e82445c9.jpg,0.8591160251750415,0.381957
B2A,7801bb9581.jpg,0.5092101065524032,0.58697534
B2A,7805d03ce4.jpg,0.7265056046131521,0.37566313
B2A,7807bdaae8.jpg,0.7493204108200946,0.5324027
B2A,781764cd26.jpg,0.5773261517302654,0.45162782
B2A,78216eacbb.jpg,0.7675093221524344,0.38040632
B2A,78233f97ed.jpg,0.7316040053563923,0.34556985
B2A,7827929b12.jpg,0.599491677764893,0.45225412
B2A,7828416c2b.jpg,0.8372225968491355,0.32116142
B2A,7838b0b023.jpg,0.7867331889531013,0.2923239
B2A,7870db5306.jpg,0.8253876936819046,0.25556213
B2A,7881e712fb.jpg,0.4881422578529589,0.5099966
B2A,7885b18fe7.jpg,0.6967293911699668,0.5024027
B2A,7885f87ccd.jpg,0.7834835470247097,0.34772265
B2A,788782c439.jpg,0.6503697412316758,0.43017793
B2A,7888781c57.jpg,0.6478865861830443,0.46050143
B2A,788e9005c2.jpg,0.699823759711564,0.42848235
B2A,78969b7789.jpg,0.6792817000262505,0.42794335
B2A,789c663ce2.jpg,0.8032198511727914,0.25306
B2A,789d474691.jpg,0.764316051231396,0.2735991
B2A,789fe43c3b.jpg,0.7396489106544732,0.34692597
B2A,78b260b084.jpg,0.594559065214884,0.43176317
B2A,78b3c9e843.jpg,0.7790775430768808,0.39882737
B2A,78b7b08af3.jpg,0.7121290439735978,0.4055174
B2A,78ba4238cb.jpg,0.8131917997921829,0.25849265
B2A,78ce4c4608.jpg,0.5963789985841982,0.22962447
B2A,78d517ae49.jpg,0.7223056786325119,0.48130003
B2A,78f2b2e678.jpg,0.7756076555788124,0.37610343
B2A,78f6992d04.jpg,0.7227423189074796,0.5305573
B2A,78fcba3055.jpg,0.7759377424646248,0.5242456
B2A,79109e8c61.jpg,0.7384456381197413,0.38923445
B2A,7913d3ab4b.jpg,0.6434455942722396,0.46250713
B2A,7926b2a5bd.jpg,0.6502532868436299,0.3346737
B2A,79419a7227.jpg,0.7777007327257089,0.2939521
B2A,7965d8c651.jpg,0.683091032432196,0.464076
B2A,796c7e723b.jpg,0.771943999850392,0.2709708
B2A,79733e8783.jpg,0.7610170945038399,0.35875976
B2A,797adf61af.jpg,0.8900654006566108,0.32947585
B2A,797e703d91.jpg,0.6495438147501389,0.4403707
B2A,7980d5b29a.jpg,0.8618698093566886,0.30040196
B2A,7981b8e217.jpg,0.8268548627283768,0.3623422
B2A,799d7e401d.jpg,0.5735216032865457,0.5323722
B2A,79a49efeb3.jpg,0.8453522356063489,0.31678692
B2A,79a5164707.jpg,0.7603518839385086,0.36290744
B2A,79ab6fdc8e.jpg,0.8018958596326407,0.28962708
B2A,79b9d8bfb5.jpg,0.7252328108195724,0.46692777
B2A,79c459542d.jpg,0.7091976127575611,0.3682742
B2A,79dc9b3fc8.jpg,0.8726290917722297,0.3514394
B2A,79dd5cd9b8.jpg,0.8166539019077038,0.44148588
B2A,79e4e783df.jpg,0.8701553482335138,0.26685923
B2A,79f08e8403.jpg,0.8128762738302925,0.40011212
B2A,7a06011cda.jpg,0.7872907978844514,0.31330723
B2A,7a16ecde25.jpg,0.717514457981159,0.34904653
B2A,7a21514dd6.jpg,0.5292729541619207,0.40850365
B2A,7a235d7c2e.jpg,0.7802410883869089,0.28339696
B2A,7a317ade8c.jpg,0.592816922293125,0.42365363
B2A,7a384aae43.jpg,0.8538932631759568,0.34144336
B2A,7a41220ce3.jpg,0.7333443322225144,0.3919001
B2A,7a4248c339.jpg,0.7941047203644895,0.39379108
B2A,7a4936b4d3.jpg,0.8268079114430372,0.26736003
B2A,7a50f1f877.jpg,0.8131687320499043,0.3153595
B2A,7a672fc939.jpg,0.7810785111988179,0.2907748
B2A,7a67d01ecb.jpg,0.6805874196138595,0.32657042
B2A,7a790425a3.jpg,0.766176180847912,0.2971807
B2A,7a7c8a41da.jpg,0.7924500868229069,0.38392425
B2A,7a7c978501.jpg,0.669398009558078,0.6095474
B2A,7a89081006.jpg,0.8411450798446317,0.30641413
B2A,7a92dc3b48.jpg,0.8093976696971024,0.37801644
B2A,7a938425d7.jpg,0.5647834097825589,0.61162937
B2A,7a9c9957a2.jpg,0.8471558852552312,0.4662848
B2A,7adce96691.jpg,0.666272996754109,0.37282127
B2A,7ade5f17b6.jpg,0.8509053975108891,0.42885646
B2A,7ae14d0df4.jpg,0.8167908461318902,0.35094833
B2A,7ae24e7c92.jpg,0.7443311329812311,0.5035294
B2A,7ae27065e4.jpg,0.5782898237399848,0.59023553
B2A,7aec020dba.jpg,0.7068013898369354,0.33643067
B2A,7aef765d7c.jpg,0.8293115905442874,0.25325152
B2A,7afb68c270.jpg,0.8148745771674154,0.38278043
B2A,7b2c14d64c.jpg,0.8065716719128091,0.45590246
B2A,7b2df8fad8.jpg,0.6973378652474209,0.46134204
B2A,7b2e948dd2.jpg,0.8762611704801249,0.4325372
B2A,7b38a10760.jpg,0.88480634256445,0.28636175
B2A,7b3dcfc234.jpg,0.6284590770405325,0.4199222
B2A,7b42fe0738.jpg,0.7245660917156361,0.47365794
B2A,7b4f952cda.jpg,0.9094366521574815,0.2914893
B2A,7b563f3da5.jpg,0.7724085002709168,0.35039258
B2A,7b58d64ffe.jpg,0.7346866046431686,0.5780967
B2A,7b6c956002.jpg,0.7716148136719809,0.29957905
B2A,7b78d025c5.jpg,0.7979062080244407,0.49218962
B2A,7b7a60c254.jpg,0.7621841776423266,0.32173985
B2A,7b7def398f.jpg,0.7994837072524458,0.3664453
B2A,7b8226f09f.jpg,0.7777414183480527,0.5133078
B2A,7b8bc9e046.jpg,0.6267139370962403,0.6989293
B2A,7b8e783020.jpg,0.6024053701135603,0.4780633
B2A,7b95afc20a.jpg,0.8588119529752438,0.33714607
B2A,7b9b6563a7.jpg,0.8017104513009812,0.41322315
B2A,7bb4e1593a.jpg,0.6001071846148474,0.38653636
B2A,7bb60f2e2d.jpg,0.5972547547352435,0.49351895
B2A,7bbd0f8f52.jpg,0.9047469080919718,0.35022616
B2A,7bc83c1b56.jpg,0.8145028745553936,0.21805723
B2A,7bdf9996ea.jpg,0.8573331078372083,0.37798378
B2A,7be0db443f.jpg,0.7738929321497061,0.37891412
B2A,7be0dc51f4.jpg,0.7053633086328851,0.36570084
B2A,7be0f69dcb.jpg,0.7542058827564773,0.32875443
B2A,7bf5288c2b.jpg,0.6791051519020885,0.39051828
B2A,7c008f564f.jpg,0.6450481651005427,0.30347508
B2A,7c0124f967.jpg,0.8929789067692437,0.28485215
B2A,7c0461f641.jpg,0.7876538597268157,0.43020642
B2A,7c049eff70.jpg,0.7830718595874763,0.35984844
B2A,7c0c7a783b.jpg,0.6334691326936638,0.35782832
B2A,7c0d9a98f6.jpg,0.6194053625512645,0.52188313
B2A,7c10f3f57f.jpg,0.786578293453326,0.41316414
B2A,7c1125ebeb.jpg,0.6396678557685853,0.35359633
B2A,7c1218f676.jpg,0.6398845963110397,0.4769867
B2A,7c15235fb8.jpg,0.8192212537241312,0.41004774
B2A,7c156b004d.jpg,0.7447880836643673,0.42214668
B2A,7c1d7c9aa3.jpg,0.7582115159960073,0.322788
B2A,7c1f2ef952.jpg,0.8138190635759527,0.31189042
B2A,7c1fcdc180.jpg,0.8041084695447382,0.4207037
B2A,7c25e34189.jpg,0.6614169298592886,0.42497885
B2A,7c384a7ede.jpg,0.683974133936626,0.6024495
B2A,7c3b2c256c.jpg,0.5557807973952864,0.55585617
B2A,7c3ee3e388.jpg,0.7469101908714395,0.28389788
B2A,7c3fbdac59.jpg,0.6979662033778149,0.3933639
B2A,7c4766fb03.jpg,0.8233362940165202,0.39216512
B2A,7c5d962322.jpg,0.7962400778362302,0.5223065
B2A,7c63c281ef.jpg,0.7428091051198793,0.38591784
B2A,7c68ca1865.jpg,0.8172490557944558,0.3270279
B2A,7c68ccf32f.jpg,0.7074435744547779,0.47296685
B2A,7c6ab18691.jpg,0.43979572648603943,0.63508254
B2A,7c6cf5181a.jpg,0.6996912324741476,0.3999442
B2A,7c79a1e83e.jpg,0.732095514464574,0.35467592
B2A,7c872ca222.jpg,0.5565864219721678,0.5691479
B2A,7c955126e8.jpg,0.7494671627182399,0.5206415
B2A,7c9a4f10b2.jpg,0.8139100283581336,0.32846957
B2A,7c9af80795.jpg,0.7283284971073104,0.460891
B2A,7cb0522881.jpg,0.6687068485441748,0.5185685
B2A,7cb0db442a.jpg,0.7966339925048108,0.37011105
B2A,7cb82fa990.jpg,0.8123737510077014,0.43103352
B2A,7cbf0363dd.jpg,0.7432666737748559,0.4320349
B2A,7cc41853c4.jpg,0.7031205925641666,0.2987966
B2A,7ccec75d11.jpg,0.6934966575189714,0.29025355
B2A,7cd2ad5db4.jpg,0.7335041262941033,0.34774068
B2A,7cd7629560.jpg,0.7600054895081647,0.44610387
B2A,7cda318854.jpg,0.7525512422581794,0.35260823
B2A,7cdd5a8c97.jpg,0.7300438851353266,0.47274208
B2A,7ce956f84e.jpg,0.8837419705283824,0.23871145
B2A,7cf3257fe1.jpg,0.8105682745458546,0.32866788
B2A,7cf972ca4e.jpg,0.64288366233537,0.40447664
B2A,7d0b63d4d1.jpg,0.7720040141815104,0.418341
B2A,7d11bc4bb1.jpg,0.8266934126711961,0.29403868
B2A,7d14ae2c83.jpg,0.8112686254042333,0.47515848
B2A,7d1867e979.jpg,0.7400798308782577,0.31141824
B2A,7d33e5e3ac.jpg,0.8287700321236869,0.30584526
B2A,7d3556655c.jpg,0.6702005038170881,0.4435269
B2A,7d438b5b3e.jpg,0.7802198497114936,0.38190967
B2A,7d4e10f395.jpg,0.7984183950265777,0.32932177
B2A,7d65234f6f.jpg,0.540456076629239,0.506474
B2A,7d696fbb2f.jpg,0.6715726817461619,0.44855878
B2A,7d6dc43485.jpg,0.8307741131942076,0.3266363
B2A,7d71d359f0.jpg,0.6994041026230672,0.31768453
B2A,7d72c4ba28.jpg,0.793680726131926,0.4276403
B2A,7d7556d1dd.jpg,0.7911112218640167,0.3934961
B2A,7d7d58cea7.jpg,0.5718789632732031,0.54902077
B2A,7d8abbfdbd.jpg,0.7909398899924049,0.43282282
B2A,7d940c442d.jpg,0.8270792341010144,0.38093826
B2A,7d95240653.jpg,0.8004603366354456,0.46915007
B2A,7da4680104.jpg,0.7167730338256214,0.38608557
B2A,7db236abe0.jpg,0.6222082851075954,0.62448853
B2A,7dca327fe8.jpg,0.7184088662195469,0.533605
B2A,7dcb0d04e3.jpg,0.7831970224138414,0.44796863
B2A,7dd8b4a45b.jpg,0.490814576219145,0.6628043
B2A,7de01293ea.jpg,0.7702753899649922,0.40392977
B2A,7dfb072885.jpg,0.8386281396767388,0.3980989
B2A,7e2519dcf1.jpg,0.6206395498974077,0.4999616
B2A,7e26c9f22d.jpg,0.7445904104910943,0.33596858
B2A,7e2ad883dd.jpg,0.7503135619173117,0.41839325
B2A,7e2e2533ee.jpg,0.8437806007701147,0.30623594
B2A,7e304fd432.jpg,0.7095099764187937,0.26762795
B2A,7e37685707.jpg,0.6637876235023149,0.3215391
B2A,7e3c9753d2.jpg,0.7706821117578792,0.43356025
B2A,7e6b458841.jpg,0.7924508789747589,0.39046267
B2A,7e77e7ff01.jpg,0.7864984161534246,0.38580716
B2A,7e83030c67.jpg,0.8228232673408631,0.3526079
B2A,7e838e4c19.jpg,0.6364967941526358,0.6501906
B2A,7e889d8813.jpg,0.5709425349851694,0.48134506
B2A,7e8e158ba5.jpg,0.7393170332457599,0.46462503
B2A,7e91553d4c.jpg,0.5937204171386746,0.5379257
B2A,7e947e8473.jpg,0.5835543777946254,0.49734235
B2A,7ea12ecf5b.jpg,0.7749706272725722,0.28367803
B2A,7ea8555873.jpg,0.5366881200774816,0.58316076
B2A,7eb9a0d805.jpg,0.6723725807534745,0.46821883
B2A,7ebc0b2351.jpg,0.7713952748757148,0.3643326
B2A,7ebcd7c679.jpg,0.6427761379823425,0.46243262
B2A,7ec20e8b9a.jpg,0.6284691693091053,0.38535744
B2A,7ede634def.jpg,0.6436326907608896,0.56354445
B2A,7edf7ca60d.jpg,0.5302666580281015,0.7860135
B2A,7ef4f1446b.jpg,0.7891710826273823,0.3969341
B2A,7f019e5373.jpg,0.7368600146409084,0.32899517
B2A,7f02d9fa8f.jpg,0.6616806533981155,0.5933667
B2A,7f12c1cca1.jpg,0.8104963268191326,0.3656667
B2A,7f299427bb.jpg,0.7011308351202326,0.35028076
B2A,7f324200d3.jpg,0.7268739608226623,0.5204899
B2A,7f43e66a43.jpg,0.7976259935713292,0.44455567
B2A,7f4e8f04c5.jpg,0.5907812920324277,0.53152823
B2A,7f59dbd120.jpg,0.8915468316153693,0.3321635
B2A,7f60fd12e1.jpg,0.7610374744024995,0.25425562
B2A,7f640e04dc.jpg,0.6820809442331421,0.40504593
B2A,7f78a7aa8c.jpg,0.8525212139435231,0.33137807
B2A,7f7f9dcc20.jpg,0.8631188049628242,0.23798531
B2A,7f9ac1520f.jpg,0.6599440860905482,0.33074728
B2A,7fa151a456.jpg,0.5557011215930896,0.42995942
B2A,7fa2d1f946.jpg,0.7580475459042112,0.39375317
B2A,7fa318179b.jpg,0.6907519958018408,0.39001003
B2A,7fa6e56ff7.jpg,0.8296711626685465,0.3585639
B2A,7fb0f42377.jpg,0.7743045311964976,0.4396249
B2A,7fb171451a.jpg,0.676749713060053,0.5857152
B2A,7fb1cad955.jpg,0.6677310971362393,0.27659014
B2A,7fb9eff147.jpg,0.7918064424799088,0.35170504
B2A,7fc9c15d6c.jpg,0.6915150952775254,0.29865006
B2A,7fd24aaafe.jpg,0.5781295239032451,0.48579967
B2A,7fe10b4018.jpg,0.7516072082642755,0.46402234
B2A,7fe3df6004.jpg,0.7542414936170578,0.33383676
B2A,7ff003370d.jpg,0.7052482669633547,0.38429284
B2A,7ff8dfa2ee.jpg,0.7154918242870955,0.42373154
B2A,7ffc13fa6c.jpg,0.6281805952009629,0.66181403
B2A,80056780a6.jpg,0.8967159489252592,0.3270496
B2A,802eeb0575.jpg,0.7820517912373643,0.3421985
B2A,803918db32.jpg,0.8921247846688731,0.32559636
B2A,803cdfa30d.jpg,0.6103311692222073,0.5580571
B2A,8040facbe6.jpg,0.7232949151172995,0.34708077
B2A,80504a22b9.jpg,0.7946563580045569,0.48380086
B2A,805cc692e2.jpg,0.7378571138597135,0.45255804
B2A,805d252a48.jpg,0.7478168980129409,0.4099797
B2A,806723cc78.jpg,0.8461768792996461,0.2549653
B2A,806806cb9a.jpg,0.8187244649048071,0.42362022
B2A,806bcffeb8.jpg,0.863851596349133,0.31071675
B2A,807412a8c6.jpg,0.7614489315511095,0.52758676
B2A,80ae498dc4.jpg,0.6591640448171976,0.41673848
B2A,80bdb3ebb3.jpg,0.8686349545365705,0.2192998
B2A,80c662984e.jpg,0.6001333158454119,0.35220486
B2A,80c7bd98c6.jpg,0.8322593336301789,0.25077438
B2A,80cb714bef.jpg,0.8227005736071771,0.6022274
B2A,80e9db68d7.jpg,0.7014635089850111,0.4016736
B2A,80f21f8d80.jpg,0.7609130867845417,0.36498004
B2A,80f94c28a2.jpg,0.5699011767440499,0.5232237
B2A,80f9a9d388.jpg,0.5503049868631951,0.43497184
B2A,8101ece7f2.jpg,0.7081096814205418,0.34568277
B2A,8102f2aa02.jpg,0.8838397057355347,0.23105231
B2A,8107391f58.jpg,0.5526331434091503,0.40216452
B2A,81167cf39f.jpg,0.8098083179426273,0.3449652
B2A,811d974e6d.jpg,0.7785606419630331,0.48513117
B2A,811f8878b8.jpg,0.7820692055727296,0.47082347
B2A,81212b5fb3.jpg,0.6892623291944266,0.45628196
B2A,812c304d83.jpg,0.6398187242346642,0.65593845
B2A,81389aa2a9.jpg,0.8643904575970744,0.35436836
B2A,81598667e6.jpg,0.7230695519821713,0.38667348
B2A,8159e774de.jpg,0.7044375582131954,0.49181315
B2A,815a938f69.jpg,0.835642965402886,0.2762291
B2A,815ab85a6e.jpg,0.7642140546371009,0.37900844
B2A,816320a79c.jpg,0.727772350860684,0.54308075
B2A,816941fe05.jpg,0.8008154088826254,0.32466462
B2A,816cf329c2.jpg,0.7912789776832289,0.26094133
B2A,8173072883.jpg,0.7040917036320116,0.40998712
B2A,817699d6f7.jpg,0.823328259900255,0.4094417
B2A,8178110f5e.jpg,0.7817652783955491,0.3338489
B2A,8195d86c30.jpg,0.8805923922315609,0.35340983
B2A,819ced9dae.jpg,0.7725261723444765,0.289016
B2A,81a3f846ba.jpg,0.9062946393880101,0.3786248
B2A,81a5890567.jpg,0.5978029774061717,0.33661425
B2A,81ac7dcf8c.jpg,0.7662035058009801,0.351048
B2A,81acc80772.jpg,0.6658362996355476,0.32389265
B2A,81c035fb44.jpg,0.7525560232258187,0.40117094
B2A,81c57f7151.jpg,0.6961192376654597,0.5487815
B2A,81ce13c3df.jpg,0.8062315807768128,0.35678214
B2A,81da4f11ed.jpg,0.7236695709065986,0.28370678
B2A,81ea0e81ce.jpg,0.7041074851910624,0.34127486
B2A,81ed4d9ff3.jpg,0.6386121456824355,0.48626375
B2A,81fb53e37a.jpg,0.3881094707814751,0.53394085
B2A,81ff0aefc6.jpg,0.7723750586600936,0.346571
B2A,82040426b5.jpg,0.702428161073923,0.76250786
B2A,8220d80950.jpg,0.6325544851836107,0.5511246
B2A,822552115b.jpg,0.8012770406299307,0.36006916
B2A,822947ecb1.jpg,0.7300249784650802,0.38137224
B2A,82367ab4d2.jpg,0.6595751124510608,0.51442635
B2A,8248de6066.jpg,0.6778293809931577,0.3686881
B2A,824bed3f95.jpg,0.7858797320683756,0.37849602
B2A,82634a2ae8.jpg,0.824729520762141,0.34898406
B2A,82693740f1.jpg,0.5258741435061666,0.7301761
B2A,8277fe2e16.jpg,0.7285249867166752,0.38968784
B2A,827d49d009.jpg,0.8695315158543927,0.24608165
B2A,8296beac40.jpg,0.7751869659029507,0.30807644
B2A,829836a509.jpg,0.6604680028560441,0.49863628
B2A,8298b9a8d8.jpg,0.7595989238197267,0.41930655
B2A,829903c6c6.jpg,0.7039493600582722,0.46902937
B2A,82af83a14d.jpg,0.7262555026473065,0.37899262
B2A,82b669c385.jpg,0.6681087517423172,0.38046634
B2A,82bef71a05.jpg,0.5862681250572668,0.37562698
B2A,82c327e9d4.jpg,0.6860517889765108,0.5526585
B2A,82decad964.jpg,0.6349443887218233,0.4978881
B2A,82e260b45d.jpg,0.8601110954764487,0.37036887
B2A,82e41780fb.jpg,0.5856926704554314,0.53038293
B2A,82e82a8357.jpg,0.8389617956539622,0.34397206
B2A,82eed08641.jpg,0.7987932707989105,0.39179093
B2A,82f5266958.jpg,0.775546088614469,0.4802991
B2A,82fcbee767.jpg,0.8533835724316662,0.35463172
B2A,8304fdf299.jpg,0.6836522685157522,0.5589445
B2A,830926071b.jpg,0.5923129629404922,0.5728432
B2A,8309cebb11.jpg,0.831413498637271,0.297607
B2A,830d6a9af8.jpg,0.7328500440792983,0.42148462
B2A,8310e4a528.jpg,0.7759205165863259,0.33068836
B2A,831831cd60.jpg,0.5217208286229683,0.54021245
B2A,833684a09f.jpg,0.7466327220351445,0.3750729
B2A,8340918985.jpg,0.8802378151991529,0.26904756
B2A,834324b28d.jpg,0.6778206297105771,0.58104265
B2A,834d25dc3a.jpg,0.6233914284796199,0.4371596
B2A,835bec911b.jpg,0.7659325580950782,0.3585248
B2A,8369977ac5.jpg,0.9109271103706497,0.28952938
B2A,8371a80fc5.jpg,0.7213015815695021,0.3614032
B2A,838707bb83.jpg,0.5708022651618248,0.6936622
B2A,83871aecf1.jpg,0.8451947709704588,0.3297003
B2A,839167629f.jpg,0.7772583074295217,0.3545068
B2A,8399fa40c0.jpg,0.7818856664882664,0.4286998
B2A,83a22608d9.jpg,0.5989667821301258,0.42889827
B2A,83b450115e.jpg,0.8129496783081231,0.29085606
B2A,83b513a9f5.jpg,0.808871262815192,0.3609428
B2A,83b5cb7823.jpg,0.8178789054000095,0.28804302
B2A,83ca4e5d68.jpg,0.7513637714488027,0.54290104
B2A,83cf828aa6.jpg,0.807949202800533,0.43797383
B2A,83d2597f51.jpg,0.694960146098408,0.33250245
B2A,83e571e3af.jpg,0.634741751660476,0.53435296
B2A,83e9d62ff0.jpg,0.7301333932618594,0.50261426
B2A,83ed90d1d7.jpg,0.747216783398292,0.34584644
B2A,83f5024bcd.jpg,0.7884216261072152,0.2775908
B2A,83f55b4d2e.jpg,0.7859821525779006,0.37525877
B2A,83f5a65548.jpg,0.8737114840015182,0.2547402
B2A,83f6286883.jpg,0.3846706512870849,0.55309623
B2A,8400927e5f.jpg,0.8830216776096673,0.32081568
B2A,840a22679d.jpg,0.704035207798647,0.4770112
B2A,8410764670.jpg,0.7370919468526368,0.31468934
B2A,8417b9ba5d.jpg,0.7942535626733446,0.41707864
B2A,842796e8dd.jpg,0.7909382483345785,0.34439883
B2A,84356275c7.jpg,0.792116190021739,0.35821155
B2A,843b6f2a18.jpg,0.8441397244731852,0.4220468
B2A,843d7a0966.jpg,0.6884540507927686,0.46987993
B2A,843f66f77e.jpg,0.7400733281025675,0.44988722
B2A,84484a24e0.jpg,0.8133338163753211,0.51686233
B2A,84553b740b.jpg,0.7933188921124386,0.41442195
B2A,84637eb98b.jpg,0.8215180863587971,0.26709995
B2A,8474d317e3.jpg,0.7479770753678946,0.41325134
B2A,847da6b705.jpg,0.5685811911899074,0.529291
B2A,8480e5bae2.jpg,0.8083127186227098,0.3334608
B2A,849b958fa3.jpg,0.7808859170132639,0.27282256
B2A,849d054ce5.jpg,0.7904881266370092,0.50805134
B2A,84acf0ee3f.jpg,0.5970105327864946,0.5872285
B2A,84c2400c39.jpg,0.7481457311440798,0.3134244
B2A,84c4d10f39.jpg,0.8476206224936749,0.23201454
B2A,84cae20e39.jpg,0.7173567888118547,0.39293283
B2A,84cb45938b.jpg,0.6879193685968028,0.53165096
B2A,84cd781c32.jpg,0.6459958925446159,0.40959013
B2A,84dad4b872.jpg,0.7937013153839875,0.5096793
B2A,84df271806.jpg,0.7153117980229544,0.5089846
B2A,84ee633e7a.jpg,0.819472376949243,0.29529977
B2A,84f1a78c0a.jpg,0.6864808692733004,0.46178588
B2A,84f5b38537.jpg,0.7378993492636045,0.45987698
B2A,84fd2747e7.jpg,0.813283529748626,0.33729377
B2A,85011baf6a.jpg,0.5913588449447651,0.4909704
B2A,850cb18db0.jpg,0.8123731789153827,0.47385728
B2A,8511eb45e8.jpg,0.7947766625280126,0.41899675
B2A,851c2742d9.jpg,0.7960463061328269,0.21878776
B2A,8526c7d445.jpg,0.6713953015441474,0.64227927
B2A,852771e943.jpg,0.7397159091937632,0.55799073
B2A,8527919cc8.jpg,0.6886932568930257,0.6022669
B2A,852ced6303.jpg,0.8616628272513839,0.31337216
B2A,85377f86af.jpg,0.5431520143266886,0.45628703
B2A,8562b1ef80.jpg,0.7931521918774646,0.3469047
B2A,8565668373.jpg,0.7931500433856957,0.4158766
B2A,8574055650.jpg,0.7091508319359159,0.37447202
B2A,8576320b13.jpg,0.7947528194524933,0.35352468
B2A,8584d4b75f.jpg,0.6348486690319681,0.34343544
B2A,8593b23e01.jpg,0.769545026329735,0.3910302
B2A,8597aec3c1.jpg,0.7227488863744342,0.6136415
B2A,8598af15a5.jpg,0.6682157889613018,0.47308666
B2A,85b3353572.jpg,0.8807182602225445,0.2482035
B2A,85d1493cb9.jpg,0.7985375779029953,0.3512469
B2A,85d4c7d44e.jpg,0.8661106560202604,0.31266922
B2A,860986c993.jpg,0.7410552212368624,0.31655234
B2A,8609912dd5.jpg,0.7669398836389604,0.33480096
B2A,8610a242cf.jpg,0.5787916892451899,0.56272274
B2A,86146960bc.jpg,0.6876374709462213,0.7600158
B2A,86149e3c8a.jpg,0.8141024937293228,0.39061266
B2A,8623f11b69.jpg,0.787517819146897,0.36519325
B2A,8635c1c560.jpg,0.7736953435887078,0.27275464
B2A,8656e512bc.jpg,0.5156374716488429,0.37867117
B2A,866ca5455c.jpg,0.6489049869939519,0.5752244
B2A,8676768de2.jpg,0.7852329993798872,0.41647357
B2A,86777200f8.jpg,0.7505442426835469,0.50289214
B2A,868b7d7c85.jpg,0.8306288181304701,0.38456142
B2A,868fdaaa01.jpg,0.6956833649197387,0.42014283
B2A,86913ad2d6.jpg,0.8348444492753774,0.25093135
B2A,869e7e9177.jpg,0.8328586226211322,0.3910399
B2A,869f7517fb.jpg,0.885011236264546,0.38522708
B2A,86a8147985.jpg,0.5935335959645961,0.5690485
B2A,86b0a365e5.jpg,0.6447580198202288,0.44266543
B2A,86c26de778.jpg,0.8345268907185528,0.25287086
B2A,86c699eff0.jpg,0.8716579624824231,0.3573919
B2A,86cb9f2483.jpg,0.7992386707952007,0.30732584
B2A,86d8a1d9ba.jpg,0.7314501057354782,0.45321605
B2A,86e66ceaf1.jpg,0.7173519910122035,0.4996847
B2A,86ecbea286.jpg,0.6734320706986195,0.59259444
B2A,86f8a2e90f.jpg,0.6878796510645543,0.3732736
B2A,86f9aceace.jpg,0.5896255904625267,0.40943602
B2A,87016c0800.jpg,0.5778127864185637,0.42248285
B2A,8705ef9d26.jpg,0.7303072515933762,0.49436674
B2A,87139410be.jpg,0.6223251790004282,0.35477114
B2A,8728db54dc.jpg,0.7881696767150359,0.24841613
B2A,8738881ad2.jpg,0.8033942539403252,0.37741843
B2A,873e430467.jpg,0.7523178342365171,0.38432628
B2A,87483aa57b.jpg,0.9214529908582508,0.4507628
B2A,875b07f673.jpg,0.748109666768,0.35397068
B2A,87673f1feb.jpg,0.78443776262716,0.48642644
B2A,877501f570.jpg,0.7375388650180392,0.3965454
B2A,8783576bd7.jpg,0.761716024982348,0.33375275
B2A,878f3c49e1.jpg,0.6051205234544231,0.4172106
B2A,8795783436.jpg,0.7265226963070314,0.319436
B2A,87991ccf48.jpg,0.7411703282715155,0.3840106
B2A,87a4e88d93.jpg,0.5389942186526029,0.5518192
B2A,87a97f497a.jpg,0.7589220483985921,0.4016806
B2A,87cc143c4d.jpg,0.6748277024906838,0.40935493
B2A,87cdccc1ec.jpg,0.773128486814733,0.25350788
B2A,87dbe31f97.jpg,0.6065541108581189,0.33241075
B2A,87dec6234c.jpg,0.5358667961414036,0.38710427
B2A,87e1ce5b0e.jpg,0.8038802983955646,0.34849155
B2A,87e821d849.jpg,0.866158924077034,0.27193105
B2A,87edc083e0.jpg,0.6458105738205104,0.6283181
B2A,87f1d5e9a7.jpg,0.7679746815697556,0.40475047
B2A,8802d98b14.jpg,0.7113812752635431,0.3624321
B2A,8802f617cf.jpg,0.6285041767322896,0.5708142
B2A,8803b67dfb.jpg,0.5928424410814581,0.44061732
B2A,880c9f0f1c.jpg,0.8054714473368175,0.3143738
B2A,880e0f6c15.jpg,0.8913814661585439,0.28759748
B2A,880f24ca7d.jpg,0.6604094963792551,0.4763377
B2A,881359fdc7.jpg,0.6934029682623433,0.3896402
B2A,882ad01587.jpg,0.6247059507316665,0.35831866
B2A,882d8f1a40.jpg,0.868012779844048,0.28432348
B2A,882fc1371a.jpg,0.668822840122968,0.49345827
B2A,8833519aba.jpg,0.5818562564728478,0.5336109
B2A,883cda372c.jpg,0.9170992825898657,0.42019647
B2A,884d210d61.jpg,0.5746599721085733,0.547417
B2A,88536f79ce.jpg,0.7759043218484618,0.39544505
B2A,885e53b9d5.jpg,0.7089234517964649,0.4821772
B2A,8868ba6b14.jpg,0.8207086231966877,0.3011002
B2A,888af43803.jpg,0.6583539852771738,0.43628865
B2A,88985ea668.jpg,0.7235257669548399,0.35915065
B2A,88a1e7af18.jpg,0.8781850413097515,0.34031653
B2A,88b06853f1.jpg,0.8138988895721805,0.29754466
B2A,88bd59eca7.jpg,0.8337091141333052,0.21796043
B2A,88c8c49c36.jpg,0.7844306419750486,0.3745507
B2A,88ca143dc7.jpg,0.8188078170069848,0.48655993
B2A,88d3d38aed.jpg,0.5971449308473592,0.27738225
B2A,88eced0e8e.jpg,0.7316207224277586,0.3518333
B2A,88f733fe78.jpg,0.6467526088295188,0.4215885
B2A,8914946e64.jpg,0.7692593075581674,0.390386
B2A,891913c343.jpg,0.8989148059703939,0.22528476
B2A,8936c9c89c.jpg,0.7856063854023968,0.39957315
B2A,893f5b62a6.jpg,0.5633848142724943,0.5780977
B2A,89578c6353.jpg,0.7878282852667944,0.54592836
B2A,8973eff964.jpg,0.7138449208754913,0.5035268
B2A,898a35149a.jpg,0.807181155124823,0.38252127
B2A,899b7f7521.jpg,0.6580960640256079,0.44102803
B2A,899e306a16.jpg,0.7469474610881823,0.28318346
B2A,899f4a9c68.jpg,0.5249254593449568,0.41305578
B2A,89ab7af8ec.jpg,0.9078727329378949,0.2639862
B2A,89b5450ec4.jpg,0.7869342206105108,0.26676372
B2A,89c7dcd73a.jpg,0.73415126667662,0.4534575
B2A,89ce60258b.jpg,0.827774188158076,0.46173555
B2A,89deacf521.jpg,0.6725383981887356,0.5197831
B2A,8a01bb88d9.jpg,0.6423769697683921,0.5304266
B2A,8a09c3fbff.jpg,0.6723917928436004,0.4568969
B2A,8a0d049fdb.jpg,0.807013892012568,0.38569278
B2A,8a38d33eb9.jpg,0.7671471341720983,0.28157455
B2A,8a4c8c7581.jpg,0.6637213440409112,0.41393322
B2A,8a68577ae9.jpg,0.6897784071510217,0.57077986
B2A,8a6a134b6e.jpg,0.7695489257621114,0.30439407
B2A,8a6a17661a.jpg,0.8416816844932697,0.29107863
B2A,8a6f40ebc6.jpg,0.6874181128315723,0.647872
B2A,8a70493b60.jpg,0.7179690836477698,0.44424614
B2A,8a7c211597.jpg,0.7558265426417012,0.5697574
B2A,8a8801feb9.jpg,0.7006094906703761,0.50774974
B2A,8a935bef79.jpg,0.7728513498525003,0.48787943
B2A,8a987f711b.jpg,0.7392575891167074,0.34811607
B2A,8a9d3ff7fa.jpg,0.6256036622170271,0.59625536
B2A,8ab1eaa5f0.jpg,0.6672171116703581,0.4304546
B2A,8ae4265cd3.jpg,0.8676024968953437,0.2796201
B2A,8ae8564344.jpg,0.7119101916195372,0.41275838
B2A,8af0546eb3.jpg,0.7835086476147168,0.53315645
B2A,8af291a241.jpg,0.7124094314561965,0.5025458
B2A,8afd46824b.jpg,0.7918924426006986,0.4927886
B2A,8afd5933d9.jpg,0.9195860590725847,0.26876915
B2A,8b10c7ce5b.jpg,0.8118536055616546,0.3115197
B2A,8b34d93323.jpg,0.7005365155276151,0.52689344
B2A,8b3830949d.jpg,0.7589235003007649,0.40511787
B2A,8b3fb4a823.jpg,0.8848820139365969,0.3078714
B2A,8b41c19587.jpg,0.5612696702434665,0.6262366
B2A,8b4acbb780.jpg,0.8251500223906323,0.35660332
B2A,8b554cd034.jpg,0.6394746315684713,0.30064362
B2A,8b62a7dd7a.jpg,0.7927282392034343,0.31357107
B2A,8b641a3afe.jpg,0.6837717900070543,0.40300652
B2A,8b6a8bf9f6.jpg,0.546245551444308,0.51912314
B2A,8b6dd12ee0.jpg,0.6117398132677181,0.48269233
B2A,8b6f332ed2.jpg,0.8631676397093587,0.2985069
B2A,8b85d214a5.jpg,0.7377935022089795,0.3614618
B2A,8b8987492f.jpg,0.5846390488323727,0.4858265
B2A,8b8fc600dc.jpg,0.726986531509046,0.5367062
B2A,8b997cbee6.jpg,0.6196861755477806,0.52230716
B2A,8bb6428221.jpg,0.6364293198945885,0.33305484
B2A,8bb91472c8.jpg,0.8783685720686594,0.2981433
B2A,8be1dad77a.jpg,0.8069634604384898,0.24297442
B2A,8be3f02dae.jpg,0.7479074332186898,0.44900456
B2A,8be8d9c7fe.jpg,0.8539288631029823,0.26440766
B2A,8bf1c2db03.jpg,0.8976416493944256,0.29519063
B2A,8bfb3ef6f7.jpg,0.7503807584524159,0.39097047
B2A,8bfc8d6970.jpg,0.8162137088670194,0.29653648
B2A,8c03f9790e.jpg,0.6681624539933743,0.46944985
B2A,8c1f68d7c0.jpg,0.5865551873343904,0.58391124
B2A,8c2dcd04ce.jpg,0.5964721836180813,0.33087456
B2A,8c38df7eda.jpg,0.939315001574376,0.33803925
B2A,8c39fccc0c.jpg,0.7627685411349615,0.4144869
B2A,8c3f71bb3d.jpg,0.8479143381107672,0.4966186
B2A,8c5385298d.jpg,0.7250965397520013,0.23453817
B2A,8c56566f1b.jpg,0.7839756869014086,0.43348312
B2A,8c58319212.jpg,0.895540935213446,0.2830056
B2A,8c587af1d9.jpg,0.7879807243196868,0.23934478
B2A,8c59a24ec4.jpg,0.717216521536318,0.29401872
B2A,8c69c81d62.jpg,0.7821458175774403,0.61112565
B2A,8c6fe9b698.jpg,0.5222961142497313,0.58059657
B2A,8c7de9cb64.jpg,0.8301168106560307,0.3213065
B2A,8c81e05b8b.jpg,0.6125607517011894,0.43636292
B2A,8c8961cabb.jpg,0.7043849963077463,0.38768673
B2A,8c967453de.jpg,0.8093569005085743,0.331601
B2A,8c97b5d5f3.jpg,0.7400438893228243,0.46144146
B2A,8c98a42872.jpg,0.7698723352469578,0.3137598
B2A,8c9b7944d9.jpg,0.6760430567064246,0.41418993
B2A,8c9da54f5e.jpg,0.828147099360424,0.33744067
B2A,8cbb7fead2.jpg,0.7632682533080168,0.3944615
B2A,8cc036746a.jpg,0.9011083057105351,0.26596686
B2A,8cc1fedf0f.jpg,0.6842456994468948,0.57256573
B2A,8ccb1f6067.jpg,0.6774306015586472,0.26563418
B2A,8cefb5476f.jpg,0.6790669054143236,0.38609922
B2A,8cf1ff221a.jpg,0.7710559225998547,0.2794026
B2A,8cf3dc8532.jpg,0.5848386939672305,0.4655297
B2A,8d05da85a2.jpg,0.7524360121054441,0.5317443
B2A,8d1d0c152a.jpg,0.7361805557744605,0.42852244
B2A,8d297a6fba.jpg,0.6120122183820865,0.60395074
B2A,8d373e4f08.jpg,0.6377586160483859,0.34012872
B2A,8d395f773d.jpg,0.7727760720769896,0.33947012
B2A,8d398d8077.jpg,0.718351409139744,0.47357035
B2A,8d4d305053.jpg,0.7372724270651538,0.3934004
B2A,8d511d593a.jpg,0.7011132182073282,0.5008603
B2A,8d7cc55987.jpg,0.7686484457052706,0.2977751
B2A,8d8535b155.jpg,0.8109805339623525,0.2807501
B2A,8d868ee80d.jpg,0.5194680708593805,0.53967714
B2A,8d8cf10470.jpg,0.6714238452990945,0.55924
B2A,8da436b074.jpg,0.8283027623497612,0.64686286
B2A,8dac996304.jpg,0.5357474629172563,0.58852357
B2A,8db1c9c782.jpg,0.7015858270354111,0.33238256
B2A,8de4267ea0.jpg,0.7705657767271495,0.41859815
B2A,8defb17876.jpg,0.7106850769447817,0.3145015
B2A,8dfd4b4562.jpg,0.8142808633187394,0.33815205
B2A,8e042bb3e6.jpg,0.7010019318048643,0.4549291
B2A,8e1472c0ac.jpg,0.7255708553993018,0.5986035
B2A,8e19cd143b.jpg,0.6828278190596606,0.6659486
B2A,8e218bbeee.jpg,0.7802203930707967,0.23867363
B2A,8e27c58e8b.jpg,0.8722558291795907,0.39256638
B2A,8e27cd8afb.jpg,0.7474010406817222,0.34629464
B2A,8e30baf5ae.jpg,0.7827513900146373,0.26825377
B2A,8e3b41a3a0.jpg,0.8251394109422676,0.29202443
B2A,8e3fd7ff09.jpg,0.5686788555731597,0.50944936
B2A,8e51d5867f.jpg,0.7931597503398653,0.37240425
B2A,8e6e5f8078.jpg,0.6643399503745906,0.40676722
B2A,8e79534b0c.jpg,0.6601915298267834,0.4167759
B2A,8e876bd586.jpg,0.8294674584335142,0.332593
B2A,8e95ef6636.jpg,0.7493671436360686,0.40170348
B2A,8ea3121111.jpg,0.5212309024349651,0.5219134
B2A,8ea33353d8.jpg,0.8618102624763864,0.42882589
B2A,8eabde45df.jpg,0.7686935265123042,0.45860344
B2A,8eaf38146d.jpg,0.6588294665287838,0.4320504
B2A,8ebecab630.jpg,0.6478189556614463,0.3042769
B2A,8ec934ab7a.jpg,0.6342329953906238,0.24454923
B2A,8ed9adc2f8.jpg,0.7423980487379448,0.4633528
B2A,8edfe6d708.jpg,0.7425777218152539,0.46301663
B2A,8ee24544da.jpg,0.7423199627477957,0.4104674
B2A,8ef3c11446.jpg,0.7427839522034911,0.347829
B2A,8ef6d21430.jpg,0.7873167233117881,0.43508264
B2A,8ef84910a6.jpg,0.7743197409934955,0.34680617
B2A,8f0403e2cf.jpg,0.7289295389810285,0.44508758
B2A,8f0aa160cb.jpg,0.7162177768556071,0.4581004
B2A,8f250ece01.jpg,0.844585981511796,0.4222656
B2A,8f2af16e7b.jpg,0.8711104586570991,0.27891958
B2A,8f3be0fbeb.jpg,0.8399679653508423,0.48201185
B2A,8f564a0a48.jpg,0.7870318988882138,0.35520643
B2A,8f59672761.jpg,0.7017253586278348,0.35773605
B2A,8f62691292.jpg,0.8898315805673049,0.31455323
B2A,8f651ee326.jpg,0.7247428491327262,0.45342374
B2A,8f67825151.jpg,0.5295094595182936,0.45498487
B2A,8f6daedb85.jpg,0.7567029279209855,0.45132738
B2A,8f78274408.jpg,0.6248868749240508,0.3545681
B2A,8f7bb4da8c.jpg,0.8822207276085847,0.3767835
B2A,8f8bdab0d3.jpg,0.7436995131747428,0.24117962
B2A,8f9c1bf59c.jpg,0.7433135658568751,0.3400867
B2A,8f9cc89fc1.jpg,0.6710846184660318,0.5188904
B2A,8fa21cc3ae.jpg,0.8484370207027746,0.36093375
B2A,8fbd39a41f.jpg,0.7666128279765462,0.26758516
B2A,8fbfe7bc3e.jpg,0.5949103348438973,0.45056286
B2A,8fc153c94e.jpg,0.8647691508973123,0.33376032
B2A,8fc1a3d804.jpg,0.9010599172840497,0.4022553
B2A,8fc60f7bef.jpg,0.648074710236322,0.54122436
B2A,8fc6680c4a.jpg,0.747995788332748,0.50844985
B2A,8fc9fce9f2.jpg,0.640334792180338,0.43551478
B2A,8fd6e74ab9.jpg,0.769081133366379,0.39727947
B2A,8fdc8f747e.jpg,0.8316044209598413,0.34452093
B2A,8fe1fb621d.jpg,0.8282781461139658,0.4301772
B2A,8ff2ab81b2.jpg,0.7034735653679409,0.3447854
B2A,8ffa6382e9.jpg,0.5211319595794673,0.383796
B2A,900c842af7.jpg,0.8674712216997073,0.37398723
B2A,9010105f3d.jpg,0.7343045550729612,0.49211484
B2A,90268e092b.jpg,0.7203995114534693,0.29513717
B2A,9028fc10c7.jpg,0.7578901305117828,0.5793437
B2A,9048e6e0d1.jpg,0.8281591581472159,0.42756817
B2A,904a21697e.jpg,0.6474102352288487,0.61183065
B2A,904f5a5276.jpg,0.8098590038795044,0.3735451
B2A,9050e1c0e6.jpg,0.7812246787946311,0.25635472
B2A,9071c99f67.jpg,0.8557993905109488,0.2871982
B2A,9079fe9d9c.jpg,0.7459498298502406,0.35569757
B2A,907cd5e630.jpg,0.6831114823068313,0.5167321
B2A,907d9cf180.jpg,0.8243538858400843,0.34287822
B2A,909ae89f4d.jpg,0.890870574050901,0.22969228
B2A,90a6484491.jpg,0.7566129785345462,0.424258
B2A,90aa881d59.jpg,0.7178145555352503,0.41122174
B2A,90b3c6c885.jpg,0.60259499579934,0.42859933
B2A,90b9257df4.jpg,0.6523688147224257,0.53325796
B2A,90bc360c57.jpg,0.7123838337102697,0.2990356
B2A,90bdbd6631.jpg,0.5712713886598738,0.6699875
B2A,90c00b0a8c.jpg,0.7835925581850264,0.34346077
B2A,90c9cd3fe8.jpg,0.7272960794780964,0.4131272
B2A,90cbc5b0a2.jpg,0.719340507851562,0.48344645
B2A,90d00e4130.jpg,0.544946764183277,0.42682925
B2A,90d2b880b2.jpg,0.6930529649234921,0.46077842
B2A,90e072864e.jpg,0.6907050022348503,0.56645954
B2A,90e1c5d57a.jpg,0.6683335063471246,0.6067099
B2A,90e5ba5fe4.jpg,0.6298617597411156,0.4747747
B2A,90fa0a2900.jpg,0.719979479267117,0.41997108
B2A,90fc280b72.jpg,0.8400378626971936,0.34162515
B2A,9105102bc4.jpg,0.7271955986082228,0.5188643
B2A,910e1f900e.jpg,0.5994266465976386,0.44033897
B2A,911af8c237.jpg,0.7413436635401863,0.40231875
B2A,9128a67589.jpg,0.7099471506606183,0.48281747
B2A,912f47efb6.jpg,0.5986942292178227,0.5121535
B2A,912f7c8917.jpg,0.7681733998684537,0.32118315
B2A,9138142611.jpg,0.5370382334886824,0.5042657
B2A,914d6701fb.jpg,0.9449755380880295,0.29780227
B2A,915666f75a.jpg,0.7193463551513322,0.45203364
B2A,915b936cdd.jpg,0.5834347504481482,0.4369399
B2A,91633d4951.jpg,0.8053972779780731,0.39386097
B2A,916ae3f734.jpg,0.6255112193414482,0.4441731
B2A,916ba9d722.jpg,0.7480180905526042,0.3909495
B2A,916caf5698.jpg,0.7485445021496071,0.55353093
B2A,917f384f27.jpg,0.8133336697820459,0.34832644
B2A,91847ec212.jpg,0.6676155301413349,0.5644173
B2A,9186f2f6bf.jpg,0.8474132430074769,0.219648
B2A,91916e6337.jpg,0.7657203740706806,0.3795765
B2A,9194cac2c2.jpg,0.7202017347053825,0.3443391
B2A,91a6a513e8.jpg,0.8363615880031375,0.33814988
B2A,91bd17ebc1.jpg,0.5471463889129904,0.61468893
B2A,91c0fb330a.jpg,0.7775444164986628,0.2866534
B2A,91c4ec2938.jpg,0.7329737593302377,0.34100473
B2A,91caa42854.jpg,0.8090490268227027,0.3016743
B2A,91cdf3c9ec.jpg,0.7172950652468065,0.29725754
B2A,91cef72c5d.jpg,0.7903202384661878,0.35711646
B2A,91cf22742c.jpg,0.6743352521429291,0.46208912
B2A,91d1476220.jpg,0.5968390548527155,0.3507377
B2A,91dbb69203.jpg,0.7978461700728807,0.35001975
B2A,91e43a72c3.jpg,0.7803225831677402,0.39914128
B2A,91edaa90e8.jpg,0.6911267398751461,0.4817776
B2A,9203f9070e.jpg,0.6610294660903361,0.4802146
B2A,921e0c98a4.jpg,0.8010567525838312,0.3901685
B2A,922e075696.jpg,0.7531074021749742,0.45442027
B2A,924309267b.jpg,0.804049705136333,0.36737603
B2A,9258ed4e17.jpg,0.6266772879930138,0.61948323
B2A,926fabe094.jpg,0.5120559234879584,0.47400713
B2A,92884da831.jpg,0.8391466583703018,0.38180855
B2A,9293bb3ab1.jpg,0.7484494172073063,0.24690603
B2A,9295c73f10.jpg,0.8712323449965886,0.34017837
B2A,92a4544fb1.jpg,0.8418882913480158,0.28629005
B2A,92a77e056a.jpg,0.7972898592650989,0.33611822
B2A,92ad835b19.jpg,0.5483619956562307,0.5805551
B2A,92b15f83a3.jpg,0.6464764772949706,0.47979146
B2A,92b4f542a8.jpg,0.6466530548654852,0.3289402
B2A,92c3fd59e9.jpg,0.9102496451322192,0.19823092
B2A,92c7aa40d9.jpg,0.8552637012283767,0.31472787
B2A,92cb1b612c.jpg,0.7691457916689438,0.29745775
B2A,92d2f773ea.jpg,0.6940686982642842,0.40950137
B2A,92d9a71a35.jpg,0.7219301590570761,0.6500317
B2A,92dacc55c5.jpg,0.810019901097062,0.5251244
B2A,93132bc39a.jpg,0.5125819090446447,0.5043739
B2A,931e9f62be.jpg,0.5043733685634012,0.46602032
B2A,93228e23b7.jpg,0.8490877484183786,0.2749925
B2A,932f681182.jpg,0.7674733452520065,0.48783737
B2A,93404abb02.jpg,0.7163557175930597,0.37111112
B2A,935b664420.jpg,0.6087113756520108,0.35391837
B2A,935b850c7b.jpg,0.8654959155585127,0.26314783
B2A,936086c2fb.jpg,0.7072707623871705,0.39407972
B2A,9368bfbb0d.jpg,0.7419338564198419,0.5543024
B2A,9384f0381d.jpg,0.7158962120518084,0.38682932
B2A,938d0ba34c.jpg,0.5822960117075521,0.621807
B2A,938fb66016.jpg,0.8353841855140315,0.31300405
B2A,9394218ff6.jpg,0.7272972910019586,0.35284474
B2A,9395512e4e.jpg,0.6830714726754635,0.45407042
B2A,939f31a928.jpg,0.6973272473578547,0.40922347
B2A,93a901666e.jpg,0.7259141150702578,0.37288818
B2A,93b37e6702.jpg,0.5099610254814375,0.49341628
B2A,93b7f31cb9.jpg,0.9293577078401334,0.2705713
B2A,93bd999d11.jpg,0.555824663611078,0.8416077
B2A,93c641ad5b.jpg,0.6446967072314661,0.30851275
B2A,93d77f649a.jpg,0.8434782063206637,0.47701886
B2A,93fa7e2d2e.jpg,0.6370508464062997,0.61445534
B2A,93fd6bcbb4.jpg,0.629133184496256,0.40489972
B2A,9404bff3b5.jpg,0.6675055273216738,0.34439337
B2A,9406f2a468.jpg,0.6611220457569389,0.40735012
B2A,940ebfcf33.jpg,0.6798004623525395,0.30501494
B2A,9412b74bf7.jpg,0.6253845576453456,0.45273125
B2A,941fe1adf7.jpg,0.8185897527947822,0.257892
B2A,94224752b4.jpg,0.7679987554847152,0.31075117
B2A,94263d971f.jpg,0.8967271475419402,0.36006433
B2A,9427fc76b9.jpg,0.7831262438123272,0.33111143
B2A,944398f81d.jpg,0.716637036858209,0.27658692
B2A,944bee3f77.jpg,0.5583052353205236,0.60391027
B2A,94502f184f.jpg,0.8065701078252384,0.40691546
B2A,946dd1bb4b.jpg,0.7846672705277533,0.4857466
B2A,946e0d3cf2.jpg,0.8751580374863729,0.28790328
B2A,9470dd8aac.jpg,0.7273330907673925,0.40845537
B2A,947ecf90b9.jpg,0.8650028601490956,0.33104584
B2A,94882d1992.jpg,0.8147301404523276,0.30607298
B2A,94979ec8c0.jpg,0.6250001703005678,0.24948624
B2A,949d934747.jpg,0.8350869814495558,0.34082848
B2A,94af688583.jpg,0.7008563989327848,0.6037407
B2A,94b20d92c2.jpg,0.6577032288321252,0.6179096
B2A,94b3dc2840.jpg,0.6300209882660534,0.49990565
B2A,94cc7a8697.jpg,0.5020075519511631,0.46013552
B2A,94cf38462b.jpg,0.76635870135522,0.36755508
B2A,94e066f2b3.jpg,0.8820139543315016,0.32205296
B2A,94e1a09e64.jpg,0.6186022331697285,0.37098622
B2A,94ed902431.jpg,0.7924585642529953,0.384967
B2A,94ef9bc8f4.jpg,0.7838786442910334,0.42508245
B2A,94f272fbc2.jpg,0.8204831760817406,0.3512215
B2A,94f6b65afa.jpg,0.8427114799831019,0.54060256
B2A,951804d699.jpg,0.6370929124406385,0.36951587
B2A,95186389f6.jpg,0.781581018802398,0.3614705
B2A,9525ce824a.jpg,0.8263900493452032,0.3097693
B2A,952d99f5b0.jpg,0.6519352999208179,0.5003231
B2A,953b1317cb.jpg,0.7385055184297828,0.6690318
B2A,9549a2e85c.jpg,0.6431903647130891,0.5777285
B2A,954cbfbad6.jpg,0.5914614486296805,0.6688208
B2A,955d88b9a7.jpg,0.7259333669021588,0.43869153
B2A,9562727728.jpg,0.7833009147892187,0.2722662
B2A,957ae02f79.jpg,0.672564512313498,0.48060215
B2A,957b22a3a7.jpg,0.788276558963566,0.33297646
B2A,9588a52282.jpg,0.6108489075932736,0.62253803
B2A,95900a984f.jpg,0.5590771637272126,0.5727226
B2A,9593d730f2.jpg,0.6351638372567102,0.4163923
B2A,95a66b0d9b.jpg,0.8781883063270788,0.2965248
B2A,95a6bdb3bf.jpg,0.8360782535680721,0.3568906
B2A,95a7ed2155.jpg,0.7202059536592982,0.32855195
B2A,95a9fadd8f.jpg,0.830481420127185,0.2883479
B2A,95aaf0fbbd.jpg,0.6072652518758929,0.48018456
B2A,95b2119fa9.jpg,0.6715762276855398,0.5862528
B2A,95b317a33d.jpg,0.6797795268345582,0.38774717
B2A,95b6abfcee.jpg,0.8430588834603788,0.36271116
B2A,95c438e906.jpg,0.8234035137719431,0.33614528
B2A,95d494f4ae.jpg,0.769493992778918,0.24720553
B2A,95d4cb8eca.jpg,0.836784905298354,0.30962855
B2A,95deeeec90.jpg,0.8414472425518854,0.32437786
B2A,95dff55b08.jpg,0.8775893663811327,0.30096504
B2A,95e33c18db.jpg,0.7947095144426213,0.35085607
B2A,95f5aeda51.jpg,0.7704830851800925,0.48238492
B2A,95f5d9ab48.jpg,0.6882905708738568,0.3245871
B2A,9606c7644b.jpg,0.7128293710899146,0.31846455
B2A,960b5fa7e8.jpg,0.5639866827474812,0.4438433
B2A,96183e38ec.jpg,0.8382937678869921,0.63558865
B2A,9622e7f973.jpg,0.7729872967607084,0.48734576
B2A,962d0ff537.jpg,0.7741453041423529,0.432623
B2A,963134b323.jpg,0.8043615312090682,0.33318287
B2A,96324aa924.jpg,0.6949116735473817,0.5001201
B2A,963770bacd.jpg,0.6764115317196704,0.45678428
B2A,963c0eb500.jpg,0.7328517500753994,0.34799293
B2A,96486253fb.jpg,0.7166030756886251,0.5055814
B2A,9652937cf0.jpg,0.7335439306815008,0.41611406
B2A,965c4ddd61.jpg,0.5550961593765659,0.39796728
B2A,9670ea6664.jpg,0.9025618886540854,0.30605233
B2A,9681f39ae8.jpg,0.81093618473067,0.36600506
B2A,9693678067.jpg,0.8551186887375911,0.2944695
B2A,9698946dfb.jpg,0.7655631367069675,0.31926483
B2A,969d45bb23.jpg,0.6124989498658873,0.48573297
B2A,96a933541d.jpg,0.8297650008408847,0.2938857
B2A,96ae66347a.jpg,0.8536106963749863,0.3314761
B2A,96b2ac1a1b.jpg,0.8094150038665086,0.38458186
B2A,96b9ee7ec4.jpg,0.7362632340174725,0.33073515
B2A,96baf57a50.jpg,0.787132685506009,0.5518693
B2A,96c65e76e1.jpg,0.5820196705008321,0.38988492
B2A,96c686ddf6.jpg,0.7127049834727923,0.3939817
B2A,96cb35f032.jpg,0.6769130265250828,0.4704792
B2A,96cda40153.jpg,0.8579922218933935,0.43823114
B2A,96d223307c.jpg,0.6994153987047772,0.38684976
B2A,96d3517f11.jpg,0.8519425234637433,0.22884451
B2A,96da1fc826.jpg,0.5481733837320648,0.5722863
B2A,96e1bb4403.jpg,0.5181668062133356,0.45587313
B2A,96e42a29c9.jpg,0.651363111304056,0.46176976
B2A,96e7b2c267.jpg,0.688769006318544,0.40716648
B2A,96e860fd62.jpg,0.7657888872163728,0.45119616
B2A,970d8c0b4c.jpg,0.6627937423932242,0.43349266
B2A,97123776ca.jpg,0.7552846560265442,0.37694675
B2A,971c33b707.jpg,0.8416321428056357,0.304009
B2A,971fcc6bcc.jpg,0.7596735180674795,0.43218446
B2A,97268dc895.jpg,0.6152297464270469,0.38986364
B2A,973372e3d0.jpg,0.901323871031995,0.34231228
B2A,973dd4a928.jpg,0.778734180069925,0.49880862
B2A,973f82a644.jpg,0.7694772181124918,0.35829782
B2A,9743bd2705.jpg,0.6993077825972065,0.3659193
B2A,975538e5c1.jpg,0.7404332493161097,0.39102674
B2A,976f6eafdd.jpg,0.687829954575741,0.47276813
B2A,977938602b.jpg,0.5851305741568509,0.4943556
B2A,977b1bd3a2.jpg,0.6992709790125398,0.5768037
B2A,977bff16d4.jpg,0.6483572104395016,0.39958903
B2A,978424d552.jpg,0.6886436925743631,0.24676077
B2A,979103c46c.jpg,0.69400553748386,0.4147517
B2A,979e42841f.jpg,0.6149260601060682,0.43269148
B2A,97a87bca91.jpg,0.6699835483415094,0.35426953
B2A,97b5d7b81c.jpg,0.780021964182419,0.3656537
B2A,97bf9704b5.jpg,0.6807414796160117,0.26960948
B2A,97c6fda363.jpg,0.5674636166867907,0.66595095
B2A,97c8c523df.jpg,0.6795969191308459,0.33934972
B2A,97cef7f737.jpg,0.8184122097461994,0.27025765
B2A,97d4460077.jpg,0.7656151172171628,0.43278483
B2A,97d76023a7.jpg,0.6205844462445125,0.38584304
B2A,97dddb7cbb.jpg,0.8440569454241528,0.31203794
B2A,97e4b5f75c.jpg,0.6686751642870106,0.3759202
B2A,97e948fb9d.jpg,0.8525830171160637,0.3277297
B2A,9801846b65.jpg,0.6450639492470618,0.37390712
B2A,9806c55f8e.jpg,0.7259255522624484,0.40420383
B2A,9811ee90ac.jpg,0.8956293347602649,0.4240118
B2A,981f9ee7ce.jpg,0.9196988602776373,0.3897615
B2A,982068245a.jpg,0.6921028895510329,0.37711215
B2A,9820d446a4.jpg,0.8233726708415562,0.34737659
B2A,9827d36539.jpg,0.8105239325653216,0.4618662
B2A,982ca3c520.jpg,0.6895455600257411,0.37557077
B2A,9835ba0013.jpg,0.8135541690974607,0.3182715
B2A,983821c850.jpg,0.7813939755998828,0.3706682
B2A,98426ffd66.jpg,0.7298463388550683,0.43980634
B2A,984c6baa94.jpg,0.7307727016180315,0.4374371
B2A,98507e2f68.jpg,0.7748713339262371,0.37061724
B2A,9863a4aa56.jpg,0.5367035089970698,0.3833325
B2A,986d6d5bf9.jpg,0.7814873134543602,0.2305265
B2A,988ba0650a.jpg,0.8040617001338638,0.26399574
B2A,9894d1438d.jpg,0.47223531426357557,0.4982317
B2A,9895a5216b.jpg,0.6280566303265789,0.42147216
B2A,98a00fe3fc.jpg,0.5894822385489461,0.43983093
B2A,98af1d51cf.jpg,0.7298013238018517,0.4483827
B2A,98b9fbb3fb.jpg,0.8096338359208117,0.2916673
B2A,98c28eedfa.jpg,0.801471482178204,0.44628122
B2A,98cbab58d6.jpg,0.7398640142777736,0.22635168
B2A,98d335025e.jpg,0.6994617561649673,0.3923115
B2A,98d4348692.jpg,0.8078619679093583,0.38919634
B2A,98de268fe8.jpg,0.5951809594291051,0.5871288
B2A,98e7d7b48a.jpg,0.7127352261384517,0.34722522
B2A,98ef46be31.jpg,0.8293026836409318,0.36076233
B2A,98fcc9f6fc.jpg,0.8440525801195256,0.2983488
B2A,98ff290926.jpg,0.6631804420064531,0.49240863
B2A,99038bde22.jpg,0.8264092542390373,0.36119696
B2A,99045d3f04.jpg,0.7557903858506566,0.32031584
B2A,9906756ae6.jpg,0.7786984746630004,0.33562952
B2A,990e8ef2f2.jpg,0.8279673700812296,0.37907004
B2A,9912bab8cf.jpg,0.7857026571335721,0.4470505
B2A,9912e8a5a3.jpg,0.5531074589113525,0.40939334
B2A,991eb1e448.jpg,0.8123316407381491,0.36034828
B2A,9921ef9e3c.jpg,0.7278519491580926,0.4903311
B2A,99283f98de.jpg,0.7597793008744673,0.3430578
B2A,99294cd9e3.jpg,0.8503269763184098,0.3144037
B2A,993fb1e69b.jpg,0.8271597941016441,0.31206706
B2A,9945957ec7.jpg,0.5575854732209762,0.6344242
B2A,994a54185f.jpg,0.8016328064421174,0.32614732
B2A,994b994977.jpg,0.8249863880724244,0.30141482
B2A,99676e0f39.jpg,0.7049867246898067,0.5085301
B2A,996de8f5ec.jpg,0.8932382991476803,0.38261706
B2A,997f0ed940.jpg,0.8135817612012921,0.32219827
B2A,9991f94f1d.jpg,0.6710659434543061,0.4463529
B2A,999985c001.jpg,0.7734750986013056,0.529158
B2A,9999c76d32.jpg,0.858599950099752,0.27135324
B2A,999e87f7a6.jpg,0.8187795977550488,0.23415439
B2A,99a109ea2b.jpg,0.6159299569346547,0.5980912
B2A,99a6c4d326.jpg,0.754805191299887,0.50037026
B2A,99b3b1736b.jpg,0.6253924133130708,0.38143405
B2A,99baee78f2.jpg,0.8071499300472799,0.3679118
B2A,99c0ccba50.jpg,0.7164045195708586,0.35751304
B2A,99c9687c14.jpg,0.6490838102652177,0.30909544
B2A,99cbbc5052.jpg,0.6590576237903629,0.60371596
B2A,99d04bd95f.jpg,0.6953361442405651,0.23801297
B2A,99dacbf106.jpg,0.6406457276551722,0.48144376
B2A,99ed3dc7b2.jpg,0.8577610495923541,0.5033228
B2A,99f621bbdb.jpg,0.8716143117217116,0.26973897
B2A,99fb63fada.jpg,0.8035584767790585,0.3253865
B2A,99fc1c27b2.jpg,0.5215693149404316,0.5021252
B2A,99fcebb45b.jpg,0.6857874959101529,0.5238558
B2A,9a0bfe6c86.jpg,0.8557550462248202,0.2919863
B2A,9a2b9dec3a.jpg,0.6105810253275848,0.5525594
B2A,9a4b2f8bd8.jpg,0.7320650815745557,0.32690102
B2A,9a507f5ef4.jpg,0.7839569046169751,0.34671295
B2A,9a5477aaeb.jpg,0.8973267360603254,0.30758268
B2A,9a59323542.jpg,0.7045179665847934,0.3991569
B2A,9a780093c6.jpg,0.8341960971676318,0.39544535
B2A,9a9d4aeb7a.jpg,0.7769197045312497,0.32848075
B2A,9ab17ed33a.jpg,0.7124298558310131,0.31456926
B2A,9adf6d52d3.jpg,0.8672723139300584,0.34384763
B2A,9aeb8bd419.jpg,0.7209504405050826,0.41002432
B2A,9af5a24f65.jpg,0.7514911474841628,0.3737486
B2A,9afdeb8ed2.jpg,0.5802704244003117,0.4968765
B2A,9b048364b8.jpg,0.8522138269537336,0.3081742
B2A,9b186b8f81.jpg,0.8670439218205542,0.2830921
B2A,9b1b974368.jpg,0.6174224360160796,0.554485
B2A,9b1c51d91c.jpg,0.7860002623908137,0.3251062
B2A,9b3053dc34.jpg,0.6614249426968193,0.57484543
B2A,9b3abf3a98.jpg,0.7158277216173049,0.31913203
B2A,9b513c7a1c.jpg,0.7041802409122749,0.3054728
B2A,9b5be07782.jpg,0.700721096849849,0.42853987
B2A,9b5d6d5b9b.jpg,0.5098901096130207,0.5209503
B2A,9b5e41ac82.jpg,0.8629496017282895,0.35574925
B2A,9b6bec8314.jpg,0.791332768980019,0.24218619
B2A,9b7d65decf.jpg,0.7015214748470446,0.34495246
B2A,9b85a6c570.jpg,0.7087605052604818,0.42863354
B2A,9b87bd9191.jpg,0.6723545622537178,0.3904698
B2A,9b95a6cc9b.jpg,0.8918378997224521,0.3644501
B2A,9b9cdde1ce.jpg,0.683361895375968,0.32892448
B2A,9ba4ae09af.jpg,0.7766701209342073,0.49949485
B2A,9ba9376b9d.jpg,0.8752217994962079,0.24957371
B2A,9baca6d979.jpg,0.8456528763425297,0.33126688
B2A,9bd1b8c1be.jpg,0.898368488787768,0.23604223
B2A,9bd28a56c1.jpg,0.7640009503177921,0.36760846
B2A,9be2b6c083.jpg,0.6686705753801298,0.5306766
B2A,9bf556f160.jpg,0.7704645934126131,0.5315209
B2A,9bf931ead4.jpg,0.776036832567198,0.35944903
B2A,9bfcbc6fe3.jpg,0.6572025195340678,0.40975535
B2A,9c0c63914a.jpg,0.7733701054226015,0.46780804
B2A,9c0e343a29.jpg,0.8609362943776668,0.33601567
B2A,9c102e25d3.jpg,0.7687717477299753,0.3808589
B2A,9c10716ffd.jpg,0.7787970587524999,0.6011606
B2A,9c204faa1f.jpg,0.5896809180417547,0.5298265
B2A,9c25e78088.jpg,0.7965143841512312,0.40846202
B2A,9c2fed3088.jpg,0.85045923184211,0.3763444
B2A,9c4050f532.jpg,0.7087844612572779,0.41323364
B2A,9c4dd0a48f.jpg,0.5280255635336218,0.6557949
B2A,9c564000e7.jpg,0.6383091075424263,0.524521
B2A,9c70f10a5a.jpg,0.8999497314441369,0.34164464
B2A,9c77707e49.jpg,0.7270043270958289,0.54523826
B2A,9c92f8345f.jpg,0.801415118868218,0.28036806
B2A,9ca436a170.jpg,0.7915642584065897,0.26610684
B2A,9caa11517e.jpg,0.8316944185737604,0.35436398
B2A,9cac2116d7.jpg,0.8886536527278719,0.37393993
B2A,9cb836306d.jpg,0.7865879920792652,0.4187683
B2A,9cbcbdcbb3.jpg,0.5887213367681235,0.41676867
B2A,9cc0e6163f.jpg,0.8439515536831564,0.25205374
B2A,9cc35ff83e.jpg,0.7261156789927714,0.37099555
B2A,9cc789cfef.jpg,0.7793766456393363,0.35135514
B2A,9ccca8eac7.jpg,0.8299607158205524,0.3193813
B2A,9ce382c263.jpg,0.7438173872367485,0.43378013
B2A,9cef1e6708.jpg,0.7652904886772364,0.2934365
B2A,9cf972ea28.jpg,0.6901754903017092,0.5715696
B2A,9cfb0b75ab.jpg,0.7444682736267554,0.35034472
B2A,9d09a34740.jpg,0.7455332968079008,0.3604884
B2A,9d3885ad89.jpg,0.6581153920215226,0.6295266
B2A,9d3c6b28c4.jpg,0.815178511551779,0.27459216
B2A,9d438a0bb2.jpg,0.8047128949347471,0.3700345
B2A,9d4711f6ef.jpg,0.7746413270333059,0.42609984
B2A,9d59515745.jpg,0.7436619631975149,0.35738856
B2A,9d6df08287.jpg,0.7660883602937464,0.41732866
B2A,9d74f4e539.jpg,0.6490434149678369,0.37795472
B2A,9d766ffc5c.jpg,0.6111262346327565,0.38295305
B2A,9d7b548d1f.jpg,0.8286799842128286,0.29992875
B2A,9d7c3c3eea.jpg,0.8184731216617437,0.26033702
B2A,9d82fd9e98.jpg,0.7302613004539515,0.46267986
B2A,9d92ef2ffc.jpg,0.701135926836193,0.38990542
B2A,9da065344d.jpg,0.7825463345360284,0.4679585
B2A,9dad30bdf5.jpg,0.6961272517561087,0.44133323
B2A,9dbc604a03.jpg,0.8161150757398712,0.34615722
B2A,9dc4a07f48.jpg,0.6200140525717712,0.23410316
B2A,9dc4a40f1a.jpg,0.6651942859951631,0.5148834
B2A,9dcebd8348.jpg,0.7524614685278197,0.44806808
B2A,9dd9044174.jpg,0.8159902269461776,0.47556186
B2A,9dfd1f8a09.jpg,0.6456358907367324,0.5074966
B2A,9e0a0d54b5.jpg,0.74363515259766,0.4124645
B2A,9e13541480.jpg,0.8569914546058854,0.20885721
B2A,9e176db9cd.jpg,0.8555128809230897,0.25854242
B2A,9e1842231b.jpg,0.6097009255292363,0.44872344
B2A,9e2f4c39d2.jpg,0.7322917730542859,0.48760462
B2A,9e3b34bb13.jpg,0.7331956099368718,0.43789315
B2A,9e456ef2a7.jpg,0.8640292990711649,0.33203873
B2A,9e4b9f428b.jpg,0.5273950745629691,0.5875479
B2A,9e5dabe2b2.jpg,0.7784334016380711,0.32196102
B2A,9e65828ee9.jpg,0.8605369052871812,0.3469577
B2A,9e664ae2ef.jpg,0.605603823548626,0.39078203
B2A,9e72cedb73.jpg,0.8359433425372571,0.51605296
B2A,9e7fcf4aaf.jpg,0.5835037118757647,0.6157072
B2A,9e81e8d2fe.jpg,0.6302227574689296,0.38206667
B2A,9e8554fade.jpg,0.765958485427688,0.34099743
B2A,9e85d95d05.jpg,0.8299748307459645,0.28867617
B2A,9ea148fcc4.jpg,0.612988452008349,0.4946058
B2A,9ea60e0936.jpg,0.807897737099828,0.26407757
B2A,9eacea8aca.jpg,0.8419123962847042,0.39572704
B2A,9ebccc0a7d.jpg,0.7229585604744699,0.39529675
B2A,9ebcfa05af.jpg,0.6530566177106225,0.41692394
B2A,9ecf061dad.jpg,0.8559028488392729,0.32006088
B2A,9edf01ed43.jpg,0.7085809161380165,0.44690055
B2A,9ef7c05e0f.jpg,0.8862185254306354,0.22263005
B2A,9f0c9920f5.jpg,0.6994064458595621,0.557684
B2A,9f15606758.jpg,0.7978858116090194,0.36871725
B2A,9f19e8f425.jpg,0.6223332997656019,0.47294337
B2A,9f24f894f6.jpg,0.8332595742061323,0.30541205
B2A,9f27c688cf.jpg,0.7563047014023319,0.3703907
B2A,9f29c11732.jpg,0.7628407631160808,0.4186629
B2A,9f335bade6.jpg,0.7585974589084267,0.394956
B2A,9f34fc3c60.jpg,0.5566027897615227,0.37144542
B2A,9f37f0dae8.jpg,0.8483695710509358,0.34303844
B2A,9f41d8a922.jpg,0.7040530216962639,0.47229552
B2A,9f52b55c2b.jpg,0.831130299784057,0.32375264
B2A,9f52dd1c0b.jpg,0.7534881847908036,0.24999693
B2A,9f56a6400d.jpg,0.5979606377116068,0.4124524
B2A,9f740de87d.jpg,0.8368429355228182,0.2982503
B2A,9f777a3144.jpg,0.7705899186492572,0.47827938
B2A,9f80b1bc48.jpg,0.7223276200888678,0.5572687
B2A,9f8ae5b166.jpg,0.5939545071765059,0.37827295
B2A,9f9796d6b3.jpg,0.8234762688131696,0.3092088
B2A,9f98b589a1.jpg,0.8264404780764162,0.37468827
B2A,9f9c46fa6b.jpg,0.9071325428440615,0.33084336
B2A,9fb63bf849.jpg,0.6631340959603272,0.5218643
B2A,9fbbbf4aec.jpg,0.6593010795792489,0.5749443
B2A,9fe12f7bca.jpg,0.6937391700475,0.57204586
B2A,9ff0e57941.jpg,0.6968998775451192,0.44558138
B2A,9ff990e66c.jpg,0.6665279046965982,0.4930085
B2A,a0077f9248.jpg,0.8105604533552621,0.3172459
B2A,a01c871721.jpg,0.6873448991852062,0.53945506
B2A,a01ee31b6c.jpg,0.7773197412597852,0.27298272
B2A,a0227b5ace.jpg,0.6678947556256346,0.35700184
B2A,a0235aa7f0.jpg,0.8722983868549089,0.34316662
B2A,a03dd34359.jpg,0.6396424970149238,0.5854731
B2A,a0465f0aa6.jpg,0.7820970326600243,0.37155187
B2A,a04e9f4231.jpg,0.6349393927173235,0.49766383
B2A,a0522f278a.jpg,0.7228564816407793,0.37852168
B2A,a059321061.jpg,0.5203517802895665,0.49172002
B2A,a05aa88f6d.jpg,0.6457305724920608,0.7360371
B2A,a05e1485c1.jpg,0.6515627217504253,0.3170163
B2A,a0875579e8.jpg,0.8891921917622059,0.3951345
B2A,a095ec94a6.jpg,0.7661305084574147,0.3446884
B2A,a0cfc9ae82.jpg,0.7728748460324569,0.35307133
B2A,a0d15eb976.jpg,0.6214637186481939,0.501848
B2A,a0d3357912.jpg,0.839033439430301,0.5324302
B2A,a0d4bc2b72.jpg,0.7837033567397241,0.40770763
B2A,a0db0509a4.jpg,0.574996889512626,0.38884056
B2A,a0e2fcf6d8.jpg,0.6084001503355785,0.63482404
B2A,a0ecda5d45.jpg,0.7631649120169296,0.30690888
B2A,a0f0dee611.jpg,0.7900340895547775,0.27325433
B2A,a0f2fad96f.jpg,0.744820779282455,0.4828451
B2A,a1076aac63.jpg,0.7262822788202277,0.418162
B2A,a1126aa060.jpg,0.8224771735570083,0.36181787
B2A,a114ee8b43.jpg,0.8039600278774202,0.29900998
B2A,a12235c7d1.jpg,0.7697171564868162,0.4065649
B2A,a13915ca96.jpg,0.7157783288356158,0.39776295
B2A,a13aca724a.jpg,0.6510448359839955,0.33471423
B2A,a146cdb74b.jpg,0.6179738839006953,0.40766662
B2A,a157f8c6e2.jpg,0.8116007406826518,0.23357183
B2A,a15ecd5efe.jpg,0.6564317040154083,0.3372144
B2A,a16537d464.jpg,0.6654698497452957,0.3657845
B2A,a177641de7.jpg,0.838146925176255,0.37043136
B2A,a179e79a0c.jpg,0.7979110901950605,0.29078332
B2A,a17e7e49b0.jpg,0.6923212466413017,0.45183587
B2A,a181b6250e.jpg,0.7536680691527035,0.32416385
B2A,a1885fbac2.jpg,0.6831567391551487,0.42908248
B2A,a18cb10e08.jpg,0.6322962133930687,0.42853445
B2A,a18e92742a.jpg,0.612807402644671,0.67659104
B2A,a197fed5c3.jpg,0.7047719555542391,0.4136666
B2A,a19962fefc.jpg,0.8398317993680323,0.29466027
B2A,a19cf2cdbb.jpg,0.5972984328115838,0.48728114
B2A,a1a84d3eda.jpg,0.7053029501580491,0.4399563
B2A,a1c54d6c61.jpg,0.5893057980021891,0.41702652
B2A,a1c88d3e35.jpg,0.746661736689504,0.35937017
B2A,a1cc606af8.jpg,0.8220325619932692,0.32611176
B2A,a1e45dc986.jpg,0.7555807658690449,0.37869945
B2A,a1faf9de15.jpg,0.8426034073529018,0.25649846
B2A,a1fc123777.jpg,0.7588978794311046,0.33063614
B2A,a20a19b515.jpg,0.8446503144638586,0.32216778
B2A,a229109704.jpg,0.8733528796756821,0.25935158
B2A,a2307719e1.jpg,0.6825919059467169,0.5081849
B2A,a23e7dfef5.jpg,0.7433531213901615,0.4001823
B2A,a25b63eadf.jpg,0.681548254163788,0.50610995
B2A,a25eb81721.jpg,0.6634105300169617,0.4290176
B2A,a263521820.jpg,0.8261426636260749,0.30661184
B2A,a2635ee772.jpg,0.7833189315693846,0.2828902
B2A,a26b0f2735.jpg,0.8934673251729789,0.2746819
B2A,a2711f0830.jpg,0.8596066369785064,0.2825896
B2A,a2820db109.jpg,0.6167857099194611,0.5089224
B2A,a283654df3.jpg,0.7322378366676592,0.3793664
B2A,a290773de7.jpg,0.797658494843148,0.42004907
B2A,a2bc2b83eb.jpg,0.6608461488742935,0.3727496
B2A,a2c884fda1.jpg,0.8433288473415846,0.36350054
B2A,a2ccf1f748.jpg,0.6031728987847671,0.6749208
B2A,a2cfeba0e4.jpg,0.6160298213290033,0.33151054
B2A,a301643a27.jpg,0.7468272208064198,0.31608218
B2A,a31e04cec3.jpg,0.6132981940762693,0.5252502
B2A,a32b552866.jpg,0.8201152926581973,0.33178216
B2A,a32d4ea5ac.jpg,0.772568428217383,0.5168673
B2A,a32e116556.jpg,0.6566913511297021,0.4427493
B2A,a32f6b942f.jpg,0.8566031563203373,0.29644012
B2A,a359bc69a6.jpg,0.8108102333740559,0.4051634
B2A,a362f89cd1.jpg,0.8297586377036548,0.30124348
B2A,a366accb3c.jpg,0.819060883539051,0.28534126
B2A,a37515911a.jpg,0.6424102061709602,0.41324848
B2A,a37b1c52f2.jpg,0.726075548633543,0.4640332
B2A,a38abc41c8.jpg,0.9096237874272428,0.290318
B2A,a3a4e42632.jpg,0.712806054670558,0.6264984
B2A,a3ac3b8f7e.jpg,0.7331447779710119,0.40731815
B2A,a3b40d246d.jpg,0.750861874150438,0.5591253
B2A,a3bc08b40b.jpg,0.8366895715917386,0.2741334
B2A,a3d3b5d93a.jpg,0.6538587889120923,0.47348526
B2A,a3d574e6e3.jpg,0.7452834780955853,0.5063467
B2A,a3df896182.jpg,0.811775222081485,0.27406353
B2A,a3e41f7a46.jpg,0.6990554852136905,0.46314305
B2A,a3e4a4c73b.jpg,0.7493179554351052,0.37636122
B2A,a3f8364c10.jpg,0.5974757582609049,0.70119655
B2A,a3fba584f9.jpg,0.8663975267954298,0.35780498
B2A,a40511031a.jpg,0.8007297710446729,0.33783633
B2A,a40db75ec2.jpg,0.8884377940200252,0.4053123
B2A,a40ec56a84.jpg,0.753637255743161,0.55113447
B2A,a412f13a5b.jpg,0.7269466471858345,0.3948304
B2A,a42d5a72ff.jpg,0.6968954288812419,0.30401558
B2A,a4314f85dd.jpg,0.8788126752478604,0.31757843
B2A,a43c11f6e4.jpg,0.8184990631974253,0.47015828
B2A,a43e096ce5.jpg,0.7411271499182294,0.35057527
B2A,a4418037c4.jpg,0.6768821434170521,0.46560422
B2A,a448539aa0.jpg,0.7244281841966403,0.54729337
B2A,a4490bd462.jpg,0.8700349029758603,0.25294417
B2A,a456fc158f.jpg,0.8299959199327934,0.3071108
B2A,a45c5b6869.jpg,0.7886901676676336,0.33510733
B2A,a467ebbd05.jpg,0.8255060152423929,0.23716
B2A,a485cebc5d.jpg,0.8269833399683969,0.34015942
B2A,a48886307d.jpg,0.7871154097186205,0.5025847
B2A,a4963511f4.jpg,0.8730936780544147,0.28890514
B2A,a49bfc7f31.jpg,0.5897328247404894,0.61280173
B2A,a49df48149.jpg,0.8924589158640096,0.50498205
B2A,a4a867e38f.jpg,0.7850119919252009,0.5380099
B2A,a4b3c66449.jpg,0.8179683341091989,0.3249944
B2A,a4ba621177.jpg,0.7416374006788001,0.41460758
B2A,a4ba843961.jpg,0.6909626951255258,0.4046923
B2A,a4cd276f26.jpg,0.6964117626471678,0.37189835
B2A,a4e346e887.jpg,0.6564037883172739,0.51696044
B2A,a4e3e280d9.jpg,0.7549988597233902,0.39127803
B2A,a4f4d25e61.jpg,0.716715671418486,0.31330475
B2A,a4f8537cd9.jpg,0.7507558936337206,0.2799517
B2A,a50aba1d24.jpg,0.9144330279179491,0.2926506
B2A,a5181cd01f.jpg,0.8626081108067755,0.31035537
B2A,a519ab666c.jpg,0.4900507230302001,0.7680549
B2A,a51b62995b.jpg,0.6774159244027658,0.33006656
B2A,a51c7b2303.jpg,0.7503946995509666,0.37058628
B2A,a53008cac1.jpg,0.8328273711824071,0.265254
B2A,a53383dc25.jpg,0.6172946619124782,0.4021792
B2A,a53affbb0b.jpg,0.7263911882008388,0.56793493
B2A,a542e05538.jpg,0.7789618479550137,0.35974225
B2A,a54454c5ea.jpg,0.7306486539487621,0.37065133
B2A,a546e53fbe.jpg,0.7471523613851154,0.83211577
B2A,a552d6a455.jpg,0.6780583123942041,0.34945294
B2A,a55a1a091c.jpg,0.6124186501798836,0.42501298
B2A,a562192a23.jpg,0.8303095261554172,0.31124392
B2A,a577c91fc1.jpg,0.8184304825229003,0.435678
B2A,a57c43fffc.jpg,0.7664910784145359,0.41235203
B2A,a588de330c.jpg,0.6924869015552266,0.53526807
B2A,a590f768fe.jpg,0.8070763827474109,0.43747365
B2A,a595719ef9.jpg,0.8257139042509177,0.34951884
B2A,a598e08f68.jpg,0.7069171940903761,0.53315854
B2A,a598e5aef5.jpg,0.412368237111134,0.6093856
B2A,a59c317767.jpg,0.650653686496781,0.6006516
B2A,a5a55a6605.jpg,0.8697592293712789,0.397068
B2A,a5af8b893b.jpg,0.8462333731326411,0.34990266
B2A,a5b1cfbcfd.jpg,0.6119359762800541,0.38592216
B2A,a5bc67adcd.jpg,0.7914851876429837,0.30369866
B2A,a5d272747e.jpg,0.7704343709311231,0.4064948
B2A,a5da7f96c4.jpg,0.8580533808108189,0.32267687
B2A,a604002e2a.jpg,0.8291723772723091,0.2565999
B2A,a617bbf356.jpg,0.8098269213084239,0.5111288
B2A,a61beb8d14.jpg,0.5959145157079654,0.3784994
B2A,a61d366d2d.jpg,0.6425517450976782,0.6330352
B2A,a62e7a5101.jpg,0.8440245853982722,0.3630478
B2A,a62ea8db0f.jpg,0.8166712427041055,0.34157676
B2A,a6323ca7f3.jpg,0.6369847236992434,0.4201591
B2A,a632e5523e.jpg,0.6778044944720141,0.4312805
B2A,a638326b1d.jpg,0.7546589540888198,0.44434947
B2A,a63a202a57.jpg,0.7774570149741362,0.26126486
B2A,a63a32e180.jpg,0.78758122191793,0.2790666
B2A,a63d70c4a3.jpg,0.7524326923343758,0.44792232
B2A,a64fb4de85.jpg,0.7732485458478678,0.34133333
B2A,a6561cf2e0.jpg,0.6225193915359348,0.47715324
B2A,a658eef56c.jpg,0.7930399569990302,0.37999138
B2A,a65bfd0e43.jpg,0.5071701879596555,0.67941016
B2A,a65e118960.jpg,0.6885068018677207,0.4530419
B2A,a67feba233.jpg,0.8690485312250456,0.27132088
B2A,a682ce11f5.jpg,0.6951642324911343,0.25360864
B2A,a6838bdf94.jpg,0.7903427665063282,0.38452595
B2A,a68efb6c07.jpg,0.7094159880161949,0.35926247
B2A,a694999074.jpg,0.6550619105750451,0.68813497
B2A,a6959d7c87.jpg,0.7064392366566452,0.3470796
B2A,a6a316bffd.jpg,0.7280444167149985,0.24957702
B2A,a6c9c35a31.jpg,0.7014043409797853,0.4075048
B2A,a6cc5973c2.jpg,0.840417863094298,0.23287971
B2A,a6d026b823.jpg,0.6444758576707196,0.42017823
B2A,a6df272807.jpg,0.7485023296898536,0.39953822
B2A,a6e2dd35f8.jpg,0.8074820882048301,0.32085148
B2A,a6e519d471.jpg,0.6739141600019424,0.38925928
B2A,a708982f02.jpg,0.7352706834626213,0.5814797
B2A,a70ea207cc.jpg,0.6781134845569159,0.5111246
B2A,a71799de73.jpg,0.8441395063495675,0.42368734
B2A,a71f15712f.jpg,0.6576533281088505,0.56942654
B2A,a739ea92ae.jpg,0.8552808412278263,0.36830196
B2A,a74f4e06aa.jpg,0.723906781410539,0.36411363
B2A,a75469e52f.jpg,0.8386682380443897,0.28973386
B2A,a7594e87fd.jpg,0.7199659149482848,0.3400423
B2A,a76093c3dd.jpg,0.726082342708911,0.39509028
B2A,a760bc4309.jpg,0.7952522158813744,0.33510822
B2A,a777303bee.jpg,0.9396979007526969,0.39000994
B2A,a786ecfabb.jpg,0.8072387211744488,0.40203315
B2A,a7883bc50e.jpg,0.6572714866728165,0.7849659
B2A,a7976448c0.jpg,0.7051251781931527,0.4455433
B2A,a798e840cc.jpg,0.6964089395374548,0.5707282
B2A,a79f8d5a7d.jpg,0.8314170393380671,0.40204647
B2A,a7a21f3ccd.jpg,0.7304326363489906,0.46915945
B2A,a7a2534308.jpg,0.6638674409581652,0.49810416
B2A,a7ae4aab24.jpg,0.7943741600879622,0.28726894
B2A,a7b11a83ba.jpg,0.8569157669505683,0.22639816
B2A,a7b5f480d3.jpg,0.8353528645786189,0.3682757
B2A,a7ba1fdb8d.jpg,0.6697736848662291,0.24647869
B2A,a7c3243254.jpg,0.7846525561577926,0.35104007
B2A,a7c5642b9b.jpg,0.8515916558630042,0.278431
B2A,a7c972a651.jpg,0.5869384005476019,0.61034584
B2A,a7e09af64a.jpg,0.8288267899270474,0.29617023
B2A,a7e86fbe21.jpg,0.7388765600211566,0.3670029
B2A,a7fb6b9ffa.jpg,0.608005079960897,0.5185315
B2A,a7ffac0edb.jpg,0.8337837041043262,0.2632445
B2A,a80594f85b.jpg,0.7269545704248814,0.34004658
B2A,a8089a9f66.jpg,0.9226074907334558,0.29053202
B2A,a8095aa2f5.jpg,0.7082570430223372,0.2529844
B2A,a80c7ee69a.jpg,0.6398778187588613,0.5209605
B2A,a828255ebc.jpg,0.6616445351141911,0.35330933
B2A,a82a9c378a.jpg,0.7242990322599401,0.38123935
B2A,a82c3afbbd.jpg,0.7368015981791936,0.4163234
B2A,a84921e7be.jpg,0.8656950614452774,0.20882547
B2A,a84f3fbf3f.jpg,0.682922005635321,0.42665848
B2A,a85633910c.jpg,0.6163103196340852,0.26004642
B2A,a85a8cee92.jpg,0.664249971904531,0.49561208
B2A,a8686f237c.jpg,0.5852775829301624,0.3267013
B2A,a86f13ae99.jpg,0.7487542956601452,0.38477492
B2A,a876481147.jpg,0.8110188507353464,0.36310622
B2A,a88e5ab869.jpg,0.6929189220576121,0.4753679
B2A,a8911b1283.jpg,0.6949302379425589,0.42845297
B2A,a89631a70e.jpg,0.7147078470587058,0.5414571
B2A,a89c8773ae.jpg,0.8206646169541985,0.21809615
B2A,a8a27b4e1a.jpg,0.704508584541584,0.7003456
B2A,a8a4ee4f79.jpg,0.8165938471645643,0.38046348
B2A,a8b7358e0e.jpg,0.6717288182768519,0.4079744
B2A,a8c04e4f33.jpg,0.6982530807601068,0.5488102
B2A,a8d022d99c.jpg,0.7652751835572457,0.50043374
B2A,a8d3c5c2d3.jpg,0.6506405915588866,0.53670615
B2A,a8d61b91a4.jpg,0.6520186822826384,0.5577463
B2A,a8e351db00.jpg,0.5632985085590404,0.6267767
B2A,a8e62405d3.jpg,0.8320656906388889,0.30450955
B2A,a908f29569.jpg,0.8479126237445256,0.49520904
B2A,a90b8ea6ed.jpg,0.6213088094753565,0.57919884
B2A,a91402ed9b.jpg,0.6624052207605795,0.38188827
B2A,a917afed2a.jpg,0.7911956802202841,0.44053394
B2A,a92d0cde38.jpg,0.7583238831844981,0.3015775
B2A,a92eed65ce.jpg,0.6586635916531192,0.38081837
B2A,a93e11ed37.jpg,0.8331905931937988,0.31908444
B2A,a945149eb0.jpg,0.8725593525216965,0.2620214
B2A,a9460f4e16.jpg,0.7560525027248914,0.37409675
B2A,a946a049f9.jpg,0.6273243188394345,0.42894003
B2A,a9542998ad.jpg,0.7832056874332686,0.45904723
B2A,a95a086609.jpg,0.7370192206597665,0.39198223
B2A,a962271585.jpg,0.7392207206918745,0.49081576
B2A,a963d0573b.jpg,0.6892520289718321,0.47791275
B2A,a965ac5835.jpg,0.694743989199383,0.50454414
B2A,a97237c4b1.jpg,0.8056132521224505,0.3568045
B2A,a97e50a8d4.jpg,0.7588412766020607,0.4572518
B2A,a98179e505.jpg,0.6898185196484338,0.294928
B2A,a99dbf6b17.jpg,0.7647451942744202,0.35664085
B2A,a99f495968.jpg,0.6666373649512342,0.44859123
B2A,a9a61131fc.jpg,0.7542980901054658,0.4644861
B2A,a9a7cc1b1c.jpg,0.8391711449157653,0.58019644
B2A,a9a881577b.jpg,0.5541831707099379,0.6125961
B2A,a9d597ca20.jpg,0.6497808453774431,0.4683696
B2A,a9d902fc38.jpg,0.643077820041124,0.44930074
B2A,a9de4c4d69.jpg,0.7341871578260292,0.36931452
B2A,a9ef8c2bcd.jpg,0.6745897022786178,0.3896023
B2A,a9efa619e0.jpg,0.7295330432915657,0.42804408
B2A,a9faa93d67.jpg,0.7213475518127904,0.39940104
B2A,a9fe1f88ab.jpg,0.6955534206863958,0.6795343
B2A,a9ff892ea7.jpg,0.7529442023044235,0.3054845
B2A,aa0485a59f.jpg,0.7254868167997066,0.34346575
B2A,aa09a96ed1.jpg,0.6870456295328158,0.66058725
B2A,aa102a3ea1.jpg,0.8440503276876838,0.2881115
B2A,aa108bb6da.jpg,0.8513607557086631,0.27455598
B2A,aa238a7170.jpg,0.7383979329349026,0.34275848
B2A,aa26ff7c15.jpg,0.8148387652128671,0.4872632
B2A,aa2afa7cfe.jpg,0.6639236824868101,0.5079792
B2A,aa2b315b55.jpg,0.7900808207336706,0.5674533
B2A,aa387dcb3e.jpg,0.6820006867430591,0.36438832
B2A,aa3f9768ff.jpg,0.6480580445147157,0.33133215
B2A,aa44603744.jpg,0.6173109121986046,0.38576382
B2A,aa4c6e40e5.jpg,0.7298756799410627,0.46963114
B2A,aa64f54007.jpg,0.7773245504390991,0.34532756
B2A,aa72b9cc61.jpg,0.7806407376916082,0.39963984
B2A,aa778409e9.jpg,0.7207768730967193,0.32951295
B2A,aa8e5f3af4.jpg,0.7045515195669102,0.49747726
B2A,aa99d68834.jpg,0.8238526845472908,0.40026268
B2A,aa9acfe3e7.jpg,0.8044528108948275,0.3853777
B2A,aaaffcb550.jpg,0.5918547394694039,0.5673581
B2A,aab0eaf7cd.jpg,0.8903043912188235,0.3316955
B2A,aab746580f.jpg,0.5362271903071052,0.57677203
B2A,aabffc2182.jpg,0.789476707281573,0.2886426
B2A,aac1f31a2d.jpg,0.6254449823637418,0.6209954
B2A,aaca9f8d52.jpg,0.8140140982216477,0.31224734
B2A,aacc4a4e82.jpg,0.7705959670802504,0.2923016
B2A,aadee76463.jpg,0.697709551381055,0.352982
B2A,aaeb9e1228.jpg,0.7782631063805976,0.46782744
B2A,ab001a0dce.jpg,0.7772959195128268,0.46007538
B2A,ab04be8f33.jpg,0.5928282586323079,0.4197896
B2A,ab0917a3f9.jpg,0.7619654601906403,0.46552306
B2A,ab0d0dfe08.jpg,0.6992015767197678,0.4741281
B2A,ab1141671d.jpg,0.5317117893468272,0.36270422
B2A,ab3576b164.jpg,0.7305109920448402,0.34231302
B2A,ab36e4f5d7.jpg,0.8645832143592058,0.2972852
B2A,ab4450580b.jpg,0.6649175068238901,0.6518383
B2A,ab45414f0a.jpg,0.8129041159503261,0.36713237
B2A,ab808be34d.jpg,0.6316364742599659,0.6103169
B2A,ab8999b3d4.jpg,0.6212003738627011,0.35204205
B2A,abaa2d0caf.jpg,0.49396879959873274,0.51871413
B2A,abaf585ce0.jpg,0.7918414193596434,0.30742276
B2A,abb7c92cd2.jpg,0.7451111838761911,0.39957508
B2A,abc2244ad0.jpg,0.7527830045283755,0.4470937
B2A,abc26dd865.jpg,0.7855498708155529,0.33613637
B2A,abc76b33c5.jpg,0.6656145183026342,0.50714314
B2A,abd58494e7.jpg,0.7477920998302673,0.29291824
B2A,abe159882d.jpg,0.6469439670943163,0.33789572
B2A,abe813f1cb.jpg,0.8114082308185602,0.2615314
B2A,abeca4498a.jpg,0.5834337531258905,0.5597161
B2A,abee44db3e.jpg,0.7355666751083149,0.50851446
B2A,abfbbbd0ca.jpg,0.738997325419426,0.36257714
B2A,ac049a3c0d.jpg,0.7262939779071754,0.4373248
B2A,ac22f8134b.jpg,0.4821732314806448,0.7578972
B2A,ac36bd24bb.jpg,0.8185331718298413,0.3819166
B2A,ac50e0ca26.jpg,0.8750411661598215,0.38762215
B2A,ac5181086c.jpg,0.772321082429558,0.4047521
B2A,ac5b1ab8f0.jpg,0.7470498806502174,0.36951226
B2A,ac5d1dd7a1.jpg,0.5504268958063151,0.77782017
B2A,ac91124a63.jpg,0.7420880526724619,0.45823205
B2A,ac91ac81c3.jpg,0.8373248485843825,0.3246975
B2A,ac932a461b.jpg,0.7584928664907832,0.305707
B2A,ac9afdb0a8.jpg,0.8427112207675671,0.31435132
B2A,ac9c8211cb.jpg,0.7176144243234244,0.552025
B2A,aca32eb466.jpg,0.807151407060179,0.29600328
B2A,aca45f78be.jpg,0.8481528399992355,0.30473164
B2A,acab996be8.jpg,0.8745305677464802,0.31020653
B2A,acae006873.jpg,0.6493496329009711,0.4325087
B2A,acaf4ef81e.jpg,0.7897805846660938,0.366456
B2A,acbede97b1.jpg,0.7533836579931055,0.42792553
B2A,acc787b868.jpg,0.6666045249910042,0.50143945
B2A,acc8b354fc.jpg,0.8599760378015169,0.34295526
B2A,acccbeb5a3.jpg,0.8081483978182987,0.3755788
B2A,accfade258.jpg,0.6581553264271075,0.5576643
B2A,acda36155d.jpg,0.6975076425710722,0.43818414
B2A,ace63e2d37.jpg,0.7325014867568301,0.28709897
B2A,acf0aeda10.jpg,0.852333289000914,0.33460048
B2A,acf43bbda9.jpg,0.7534484369692149,0.3389019
B2A,ad08c8c439.jpg,0.8076380326065505,0.41364494
B2A,ad122b9a0c.jpg,0.6667611380102985,0.41726536
B2A,ad1819b0e6.jpg,0.8098199684944232,0.35323608
B2A,ad1a8669c9.jpg,0.729969069563494,0.443381
B2A,ad24506f8b.jpg,0.7041586406530732,0.46057355
B2A,ad31237f7b.jpg,0.8203983529397523,0.24088967
B2A,ad3d8eb941.jpg,0.5605668585153328,0.6404533
B2A,ad4208f91f.jpg,0.7967236937700632,0.357
B2A,ad5065585a.jpg,0.7606213963568373,0.28798914
B2A,ad5385ebb1.jpg,0.6570415638723068,0.5142497
B2A,ad5c6dd37f.jpg,0.8107363847187642,0.39662734
B2A,ad673d759f.jpg,0.6976890438408387,0.49425784
B2A,ad67e71b94.jpg,0.6849152338502507,0.32908618
B2A,ad7d5b8945.jpg,0.8303091455694936,0.2580894
B2A,ad8139d30e.jpg,0.7400142996987521,0.43952584
B2A,ad8f6db4da.jpg,0.9373487253471321,0.24964182
B2A,ad8fca5a81.jpg,0.7035191475089125,0.39506605
B2A,ad95d06611.jpg,0.8660923155064407,0.3720968
B2A,ada37edd54.jpg,0.7385771634844571,0.60908383
B2A,ada576bcf5.jpg,0.8165103858437782,0.33850747
B2A,ada64f6f98.jpg,0.6500933373901098,0.44940126
B2A,adb5589a4a.jpg,0.6987696298988589,0.4300199
B2A,adbb6706f4.jpg,0.7224439253489674,0.39434025
B2A,adc015d394.jpg,0.822831503686377,0.31342348
B2A,adc7df4c09.jpg,0.7821819634170392,0.28139403
B2A,adc8bca42b.jpg,0.6798864076709692,0.31060845
B2A,add673f629.jpg,0.8439035435501332,0.30788618
B2A,addb9e11be.jpg,0.8746692055403278,0.27042815
B2A,addf00ca3f.jpg,0.8401976360275845,0.30875823
B2A,ade0f46a3f.jpg,0.5867457442256733,0.31563896
B2A,adee0e7444.jpg,0.856461577572928,0.3586818
B2A,adf0ac7938.jpg,0.8469062715874144,0.32676646
B2A,adf316819b.jpg,0.7902599730326989,0.42506772
B2A,adf3ad1301.jpg,0.8619113917794553,0.26388517
B2A,ae073bf16d.jpg,0.7693982225030062,0.53307086
B2A,ae15831d3a.jpg,0.8539644775073486,0.42401648
B2A,ae16d6d012.jpg,0.7327110525888049,0.40289652
B2A,ae1951459d.jpg,0.8329504187209164,0.35631192
B2A,ae1ee21b01.jpg,0.7966744614300425,0.43824148
B2A,ae2923b68c.jpg,0.7683778624396536,0.36065283
B2A,ae2c1ea2d6.jpg,0.7730601697430202,0.4343028
B2A,ae32973f1b.jpg,0.6431755781710882,0.5081458
B2A,ae33f34419.jpg,0.7499238799743485,0.33725142
B2A,ae3bb4751d.jpg,0.6550346095043279,0.36015067
B2A,ae48a41403.jpg,0.6654548950213082,0.33542576
B2A,ae56d20cb9.jpg,0.7855337870362635,0.36143783
B2A,ae5ac0bf8a.jpg,0.538063830665581,0.5252812
B2A,ae667757b8.jpg,0.6741251329276562,0.40965545
B2A,ae7f0cf2c7.jpg,0.7599838830211304,0.31409198
B2A,ae91238c7d.jpg,0.8556524976828004,0.31228936
B2A,ae97673634.jpg,0.6702618084812103,0.6384689
B2A,aea3c83ebe.jpg,0.7298940667073671,0.240165
B2A,aea4a60c4e.jpg,0.7087387609024923,0.3716318
B2A,aea6b06ea6.jpg,0.6698479784065887,0.21402913
B2A,aed2032c56.jpg,0.6298578365739199,0.5298075
B2A,aedf554224.jpg,0.8076644108509342,0.36584067
B2A,aee36ebffb.jpg,0.6903060884198636,0.41815633
B2A,aeff6a1ad9.jpg,0.8290634984785517,0.37764245
B2A,af2075bcf5.jpg,0.8456526070458042,0.2698332
B2A,af24d79cda.jpg,0.6212515087789906,0.31297773
B2A,af2acf5f58.jpg,0.5862432717238789,0.5047542
B2A,af4232e4ad.jpg,0.7767121187003694,0.38003272
B2A,af4456d9ce.jpg,0.6594490394489625,0.33823445
B2A,af51aca135.jpg,0.46965359617242713,0.5197617
B2A,af5f718ec0.jpg,0.7185484617829623,0.32397217
B2A,af672cd7de.jpg,0.8708210685637008,0.28321818
B2A,af6af0e073.jpg,0.8150064759817427,0.3575374
B2A,af87640174.jpg,0.8021032158028214,0.26375777
B2A,af890fdb8b.jpg,0.6083446234117976,0.49622482
B2A,af899de250.jpg,0.6613376572413493,0.5226574
B2A,af8b38d918.jpg,0.7846252199823652,0.27653715
B2A,af97db63a5.jpg,0.7706272681038809,0.34740645
B2A,af98779f2f.jpg,0.8825932088509054,0.2750189
B2A,af9f206c68.jpg,0.7395988921351022,0.5025506
B2A,afa167a1a5.jpg,0.8150606112373359,0.32800657
B2A,afa1a71c3d.jpg,0.6959483817807569,0.5353307
B2A,afa576e383.jpg,0.7781710944751377,0.4962781
B2A,afabae968b.jpg,0.7141057280421547,0.4143255
B2A,afaf808be0.jpg,0.6977547168765046,0.500674
B2A,afb21c0a01.jpg,0.8716378521659341,0.40194285
B2A,afb5f05573.jpg,0.7342370516993444,0.3213746
B2A,afb5fd0067.jpg,0.697066174552811,0.52529293
B2A,afd6a4c506.jpg,0.6209233190649717,0.39139396
B2A,afe09342a4.jpg,0.8144088684171003,0.50386894
B2A,afec9d2ce5.jpg,0.549159588290691,0.55966896
B2A,afee15fa99.jpg,0.7336865817237894,0.44922742
B2A,aff47b8492.jpg,0.6828303710391865,0.45736134
B2A,aff8f6d136.jpg,0.8742288366159227,0.27869996
B2A,b003895ce9.jpg,0.8324390553277092,0.3526842
B2A,b01acadfd9.jpg,0.6234077358424064,0.34348392
B2A,b0238fb4d6.jpg,0.748942273082583,0.4266599
B2A,b023dae26b.jpg,0.7824376811260337,0.46735722
B2A,b02697eec9.jpg,0.7829457773388327,0.3853829
B2A,b027a80904.jpg,0.6631837756966,0.4721852
B2A,b028f604ed.jpg,0.8976995029852267,0.28837556
B2A,b03262df8a.jpg,0.7483586316183168,0.36118186
B2A,b03646ab9d.jpg,0.7785198910189336,0.26106974
B2A,b036b0bd6e.jpg,0.8202429152285471,0.43473044
B2A,b043e97f3c.jpg,0.8606322672777104,0.26884982
B2A,b048d6b4a6.jpg,0.7796977382779375,0.3559211
B2A,b04af1a7a5.jpg,0.8630012354485368,0.269322
B2A,b04b5604c4.jpg,0.7834841760687791,0.31859103
B2A,b05f08496f.jpg,0.9011397677619801,0.4001668
B2A,b069343f1c.jpg,0.7634395979189484,0.48391056
B2A,b06a3053e1.jpg,0.7438358412835447,0.4085778
B2A,b07115bda9.jpg,0.8920615929717927,0.26388782
B2A,b0771d4c61.jpg,0.6777766840724136,0.39667165
B2A,b07a462689.jpg,0.5248370950539838,0.41564965
B2A,b08e49c7b8.jpg,0.813640127900215,0.34431136
B2A,b09cf0dffc.jpg,0.8709012363869766,0.22820792
B2A,b0a4fcb39d.jpg,0.899510728707484,0.33460122
B2A,b0b01c67cb.jpg,0.7283590264471277,0.47591856
B2A,b0bc5786a5.jpg,0.49484886393436184,0.3408978
B2A,b0c59def26.jpg,0.7361179816325271,0.5835149
B2A,b0c99529c9.jpg,0.5643479609093967,0.64823294
B2A,b0ccf80417.jpg,0.6630371240007834,0.32832018
B2A,b0dc34e8e6.jpg,0.6915367897442091,0.5070133
B2A,b0e936e41b.jpg,0.8090227721610901,0.3933143
B2A,b0f66caebb.jpg,0.7404316770339101,0.55432963
B2A,b10839181d.jpg,0.7507722637316768,0.3724842
B2A,b10dabf94e.jpg,0.8107470537682824,0.37677884
B2A,b112237bbf.jpg,0.7819480089256852,0.3042915
B2A,b11afb309d.jpg,0.521121880897898,0.5234575
B2A,b128c9759f.jpg,0.7014317331906343,0.29324353
B2A,b12bf44d38.jpg,0.6486618306866262,0.26724267
B2A,b12d6de1d9.jpg,0.563612337108266,0.37102568
B2A,b13aecdf79.jpg,0.66205169246499,0.3554773
B2A,b140da8120.jpg,0.6390368674390862,0.48951024
B2A,b150248c5b.jpg,0.7341770067208141,0.3662517
B2A,b1512c76c7.jpg,0.7395226859708961,0.53620243
B2A,b15cbb80b4.jpg,0.818498304109729,0.23136048
B2A,b161a5d3cb.jpg,0.8579110196306058,0.3653761
B2A,b164b7525c.jpg,0.6891411972668623,0.49806255
B2A,b1654bdb7e.jpg,0.8371362693595777,0.3974041
B2A,b16bafe652.jpg,0.8012096684997118,0.3204565
B2A,b16dcdc688.jpg,0.7323679572728693,0.39090836
B2A,b16e9f4263.jpg,0.8415665671458026,0.37391555
B2A,b17c40b1ea.jpg,0.7232787610504988,0.4436719
B2A,b181897b98.jpg,0.7977964814039235,0.34104759
B2A,b18beb6d72.jpg,0.7515080691391881,0.41871664
B2A,b1e3ea9ca5.jpg,0.7850127504305415,0.36900002
B2A,b1eb87490e.jpg,0.643513598841124,0.48493758
B2A,b20d1d38d7.jpg,0.8949380705989343,0.32583737
B2A,b21a369bbd.jpg,0.6428450035798652,0.68330413
B2A,b21c4fc9bd.jpg,0.9094021287694478,0.2625839
B2A,b220f59b09.jpg,0.46488257923197335,0.8185327
B2A,b23933adf6.jpg,0.6659991116191419,0.5662577
B2A,b23ae1573f.jpg,0.6481238448174137,0.6638528
B2A,b2400fe0a5.jpg,0.5165152285244027,0.51433045
B2A,b242ae6db1.jpg,0.819074958721582,0.38825196
B2A,b2442c013f.jpg,0.8003408193930487,0.44595346
B2A,b244d049e3.jpg,0.776558315212078,0.43557987
B2A,b245d8b8ff.jpg,0.6716228964246008,0.4537945
B2A,b2633e0b11.jpg,0.8420336886627516,0.3572285
B2A,b263b335f4.jpg,0.6662991664030906,0.54109967
B2A,b265520a3d.jpg,0.7435740143691603,0.36976314
B2A,b275f883d7.jpg,0.8223781940335056,0.22262761
B2A,b27811638c.jpg,0.8072853914661211,0.45093673
B2A,b2883a87cb.jpg,0.803790077966698,0.41177627
B2A,b288896b0a.jpg,0.5969262739538123,0.4713596
B2A,b29034b730.jpg,0.7521678542372432,0.37721097
B2A,b29d413ab1.jpg,0.7696757898185781,0.3688229
B2A,b2a7070656.jpg,0.5591704353783458,0.456196
B2A,b2a9652a6f.jpg,0.6706431956433639,0.55560184
B2A,b2abb2ae39.jpg,0.7446558979628598,0.43942952
B2A,b2bb2119a9.jpg,0.8683655625074549,0.33648315
B2A,b2cb0fe346.jpg,0.8422610987985275,0.24978152
B2A,b2cbeec8f9.jpg,0.8662155236600829,0.32152516
B2A,b2cbf1cf7a.jpg,0.6358371043288134,0.4079912
B2A,b2de093e02.jpg,0.8455878814060723,0.37565666
B2A,b2e2ffcd0a.jpg,0.6818323767363884,0.46482718
B2A,b2ee6d8bc5.jpg,0.856849215853914,0.30550954
B2A,b2f7fa511e.jpg,0.8066765661124273,0.5380975
B2A,b2fd16828f.jpg,0.7934114574125749,0.4100302
B2A,b2fe82b23e.jpg,0.7967613650100858,0.40980083
B2A,b30876c470.jpg,0.6472353431675545,0.5520313
B2A,b31c7ff3e0.jpg,0.8193572687625619,0.27055216
B2A,b326ea0088.jpg,0.8101371059033525,0.2902294
B2A,b34c11aa77.jpg,0.689621864263985,0.4463101
B2A,b3544a41dd.jpg,0.7167929351975884,0.50352585
B2A,b398a41374.jpg,0.8873237477876623,0.3282004
B2A,b39ad63238.jpg,0.8247234158095829,0.38079572
B2A,b3a246218c.jpg,0.815486408479681,0.34374535
B2A,b3ad362dc3.jpg,0.8051009522352633,0.5255258
B2A,b3bfca1f8b.jpg,0.8837402408952043,0.28366038
B2A,b3c28798bd.jpg,0.7476607701997757,0.31769508
B2A,b3c422ffa6.jpg,0.6056675940711872,0.46443048
B2A,b3cc0df141.jpg,0.8050411560512399,0.31256467
B2A,b3d3d9921d.jpg,0.7154735739547523,0.32107255
B2A,b3d83e557e.jpg,0.6791555020356762,0.37089458
B2A,b3daba3e38.jpg,0.724136109132314,0.45678034
B2A,b3db7e6aae.jpg,0.688142658135892,0.3753866
B2A,b3e5c31249.jpg,0.8269871721187227,0.31648362
B2A,b3e9f5d03a.jpg,0.7488088786469314,0.5770955
B2A,b3efa6f13f.jpg,0.8251985346688095,0.29520464
B2A,b404fb513f.jpg,0.7360969786470326,0.43739694
B2A,b4166bd020.jpg,0.7633454908079974,0.46129814
B2A,b41d24db10.jpg,0.7393674418564492,0.5375906
B2A,b4217286ca.jpg,0.7560827726972772,0.34714055
B2A,b43d7dcae4.jpg,0.8084858078721932,0.40614372
B2A,b44289846b.jpg,0.8546928179818511,0.39822626
B2A,b443916aa7.jpg,0.860534799031066,0.39340034
B2A,b46106fd89.jpg,0.7113914116954212,0.36102706
B2A,b461cd6b95.jpg,0.6621676926746927,0.48703524
B2A,b463392033.jpg,0.6391997517155172,0.5159765
B2A,b469541ab9.jpg,0.9101227547456017,0.39337042
B2A,b475f64439.jpg,0.8058294825992142,0.36605376
B2A,b47834dd52.jpg,0.8014322805209386,0.37995785
B2A,b47b2f88c3.jpg,0.7833642905160749,0.3667229
B2A,b482bd55c5.jpg,0.7164831293259327,0.3074158
B2A,b489bdec64.jpg,0.7718016638404298,0.4043204
B2A,b492a7d919.jpg,0.5470154906321483,0.2992888
B2A,b4a1b33eae.jpg,0.8136844020305636,0.33869597
B2A,b4ba4bd4b0.jpg,0.4906848033878882,0.44879225
B2A,b4c752721a.jpg,0.7946039391688213,0.3318814
B2A,b4c7f33b35.jpg,0.5150607319258056,0.44273603
B2A,b4c8e36705.jpg,0.8822755986245293,0.33346608
B2A,b4cc9f5870.jpg,0.7192846360623485,0.39278856
B2A,b4d64206dd.jpg,0.8321370816326631,0.35339046
B2A,b4ef669e4d.jpg,0.9222751100539951,0.2335376
B2A,b4f2211991.jpg,0.5080418475897253,0.5543931
B2A,b4f9b0e86b.jpg,0.8023349952409647,0.44020313
B2A,b5237c39a7.jpg,0.8647838824876316,0.30690435
B2A,b5268447c0.jpg,0.6318660291199025,0.46464628
B2A,b544e584f6.jpg,0.8977358174880985,0.32515064
B2A,b54c9ff9f0.jpg,0.41091991679592466,0.4157425
B2A,b54ecfe1d1.jpg,0.7569585481046147,0.3664738
B2A,b55174c53d.jpg,0.6765490752580814,0.4187531
B2A,b553a553a4.jpg,0.7488713334206331,0.30258384
B2A,b56100a754.jpg,0.8352191095156604,0.42358217
B2A,b56f780872.jpg,0.8405965551824839,0.29487967
B2A,b571fc78d5.jpg,0.8737102953089142,0.4578513
B2A,b58bdc0c7f.jpg,0.7255696066523305,0.3668362
B2A,b597d0c58b.jpg,0.7232735010816329,0.3093222
B2A,b5a144143b.jpg,0.5595974076151439,0.38416547
B2A,b5ae36d4c7.jpg,0.8786997405363535,0.30010945
B2A,b5b93e7f12.jpg,0.5581892455415624,0.5637196
B2A,b5bd2caebc.jpg,0.7247164921031879,0.5160482
B2A,b5bdb76769.jpg,0.7169376518773695,0.50153315
B2A,b5d3195dc8.jpg,0.7237274788107672,0.3081651
B2A,b5d87c828d.jpg,0.8911830624403966,0.30267695
B2A,b5d90eb11d.jpg,0.5091890411081199,0.30679023
B2A,b5d995b5d8.jpg,0.7254231309894064,0.31730703
B2A,b5f2c61061.jpg,0.8166602294165277,0.29007736
B2A,b60488d40f.jpg,0.7962767288926283,0.32409
B2A,b60f74cca9.jpg,0.8807141084927181,0.26532152
B2A,b60fa62c00.jpg,0.7997018530287602,0.299838
B2A,b612a7c29e.jpg,0.8678582126717093,0.33196208
B2A,b612ea84b8.jpg,0.6701895392176643,0.39904907
B2A,b61461c172.jpg,0.708346564514041,0.5181724
B2A,b61731a239.jpg,0.9210788426888226,0.26843703
B2A,b61b89590d.jpg,0.6716135615737879,0.3595102
B2A,b61e2b3b0d.jpg,0.7615329228824462,0.36818764
B2A,b62b0c6d0c.jpg,0.7372984673399701,0.49897945
B2A,b62f2cfc5d.jpg,0.7319441609520966,0.3353728
B2A,b631fa3f71.jpg,0.8326059294169517,0.29756963
B2A,b635c95844.jpg,0.5941547797309236,0.76724553
B2A,b6398ab782.jpg,0.5231168540726575,0.6732443
B2A,b6429002b9.jpg,0.6708264188334423,0.63307416
B2A,b64bb5b36d.jpg,0.5847112256185741,0.5150624
B2A,b660902f57.jpg,0.7277028035814311,0.44220784
B2A,b664354223.jpg,0.70320014414549,0.3129912
B2A,b665863dfb.jpg,0.8140331301109472,0.31291676
B2A,b66913e00b.jpg,0.8511425121683154,0.47439992
B2A,b66c734954.jpg,0.5484692061830562,0.5064299
B2A,b66c82cf2a.jpg,0.7211575196115626,0.41825032
B2A,b66f508c68.jpg,0.570336129897345,0.3914227
B2A,b678b74dae.jpg,0.8212244267125641,0.40905154
B2A,b679bcea19.jpg,0.757402045458245,0.3146424
B2A,b67c9613c8.jpg,0.7261333021462175,0.3050282
B2A,b697267bfb.jpg,0.757818155509569,0.36005878
B2A,b69f383965.jpg,0.802918494990612,0.2667241
B2A,b69fe86234.jpg,0.8173050588257421,0.36027393
B2A,b6c8f98eaf.jpg,0.7951569775222774,0.46565616
B2A,b6ccadba44.jpg,0.832404971604943,0.28879797
B2A,b6d52caca3.jpg,0.8584134691939945,0.2394008
B2A,b6d84ce05d.jpg,0.7052338306517683,0.41611382
B2A,b6dd6a5484.jpg,0.6414937731546065,0.4135029
B2A,b6e02f524c.jpg,0.8607691546892182,0.3919335
B2A,b6ebb5febd.jpg,0.7142585792743698,0.346722
B2A,b6f00064cc.jpg,0.5998376176092258,0.3975253
B2A,b70c20c5bb.jpg,0.7453238530004194,0.4599589
B2A,b70ec20b75.jpg,0.8155752431090885,0.53678656
B2A,b7126e52cb.jpg,0.670086338264122,0.6892925
B2A,b7139c915b.jpg,0.7039380072126046,0.462642
B2A,b734350f7a.jpg,0.8435064965088036,0.44167185
B2A,b743015621.jpg,0.6629190104805988,0.4828961
B2A,b74ada0d43.jpg,0.8229576007652751,0.36192015
B2A,b74cab8840.jpg,0.6859471337349786,0.42191693
B2A,b76253bc63.jpg,0.9200044599998519,0.26309323
B2A,b7634902cd.jpg,0.7852348126530581,0.47379562
B2A,b763d10895.jpg,0.8829743886208401,0.31839192
B2A,b76490cea4.jpg,0.5445176001781957,0.6917685
B2A,b76838eaa3.jpg,0.6268748052481405,0.55328715
B2A,b76eca8315.jpg,0.823959264693123,0.35424328
B2A,b7771cc3a7.jpg,0.7280281985354036,0.44205737
B2A,b78443d274.jpg,0.7016047376881241,0.64584017
B2A,b7907e76c4.jpg,0.7877103739690426,0.30376518
B2A,b79198e3b3.jpg,0.7873715728495375,0.30587593
B2A,b79628b2db.jpg,0.8553874627752577,0.36340025
B2A,b79649047f.jpg,0.5288944426556399,0.6067462
B2A,b79a2b6c99.jpg,0.8789924282971943,0.3332531
B2A,b7a7a7cc17.jpg,0.8375094830191501,0.26786742
B2A,b7cb7f4110.jpg,0.6514244557803172,0.42675442
B2A,b7d05fd7dc.jpg,0.7280646151447595,0.34228384
B2A,b7f7aaeb71.jpg,0.7518665423424588,0.36639088
B2A,b8009cb56d.jpg,0.8290113995218616,0.3862099
B2A,b804d8ffff.jpg,0.6906208391183666,0.3711794
B2A,b81a0b8027.jpg,0.909637832731168,0.3134006
B2A,b81b0d4833.jpg,0.8942639471703165,0.2868687
B2A,b82c2d7664.jpg,0.7308729217257124,0.297727
B2A,b8513f2cc6.jpg,0.6122723466561797,0.6882546
B2A,b85242ba7b.jpg,0.7666158416943859,0.36240932
B2A,b85d1ea25e.jpg,0.7315783538735872,0.35021892
B2A,b87678f817.jpg,0.6914481156181083,0.3726676
B2A,b877c006b7.jpg,0.7721472207422926,0.3741362
B2A,b879c75442.jpg,0.7596513566286478,0.35667965
B2A,b87f267ffd.jpg,0.7492264439357991,0.3557338
B2A,b8800075ea.jpg,0.8069250031114077,0.33368108
B2A,b8846a57ce.jpg,0.5409458738540683,0.51083875
B2A,b885222b39.jpg,0.7361519752862522,0.33936912
B2A,b88710452e.jpg,0.7799300322349733,0.24515598
B2A,b88fa19b4b.jpg,0.6575833919202874,0.3805785
B2A,b88fd25d37.jpg,0.7591094065853028,0.42318916
B2A,b892e182db.jpg,0.7741718306768531,0.3079676
B2A,b893e3aa24.jpg,0.6680671294228145,0.44876093
B2A,b89aa727f4.jpg,0.6140731962193362,0.34758922
B2A,b89d1cc4f1.jpg,0.7036778028643883,0.51172024
B2A,b8b21378ef.jpg,0.8012158120336804,0.3235337
B2A,b8b5848caa.jpg,0.81085373072045,0.41002005
B2A,b8c23eb503.jpg,0.7198482639735595,0.58624864
B2A,b8c6874f96.jpg,0.7185464789853625,0.58194965
B2A,b8d30c2ede.jpg,0.8370757692497917,0.19780278
B2A,b8dda4b0ed.jpg,0.804252956870767,0.3916242
B2A,b8e1eafdef.jpg,0.8063088624086531,0.327659
B2A,b8e7658517.jpg,0.8991553924140223,0.33887327
B2A,b8eb81d31d.jpg,0.7115220163973472,0.43084934
B2A,b8f7816f6b.jpg,0.8077875424157085,0.47474703
B2A,b90dc41d5d.jpg,0.738207783304713,0.36345413
B2A,b91926eb90.jpg,0.6956822872007065,0.28281397
B2A,b924b090f7.jpg,0.7535305738964938,0.3278664
B2A,b938642e78.jpg,0.7834078414474143,0.52181923
B2A,b939486166.jpg,0.8482175969871122,0.34169585
B2A,b952bd214e.jpg,0.7521726477526386,0.34863943
B2A,b955e39acf.jpg,0.7434060884718969,0.3325513
B2A,b9768c7e52.jpg,0.8081779177911396,0.32088614
B2A,b983599509.jpg,0.752610358597846,0.32070276
B2A,b985c8d0f9.jpg,0.7894191962925955,0.48177207
B2A,b989430548.jpg,0.5823614828832471,0.51271677
B2A,b9902d5a97.jpg,0.8072021672550735,0.3700769
B2A,b99379d9e0.jpg,0.5098296803863346,0.5148294
B2A,b9973b92ba.jpg,0.7058718156263972,0.38401544
B2A,b99824d883.jpg,0.7358875438535326,0.34042057
B2A,b9a991202d.jpg,0.8563254089195855,0.34859917
B2A,b9bc2a225e.jpg,0.7089114242890481,0.46848947
B2A,b9cad6e8c0.jpg,0.7142438047325563,0.52601063
B2A,b9cd30a1eb.jpg,0.6854628666196836,0.41632757
B2A,b9d2ba2502.jpg,0.7713793206094329,0.26077875
B2A,b9d441588e.jpg,0.7763591064778055,0.3449726
B2A,b9d6b906b5.jpg,0.7739205416390058,0.4241406
B2A,b9de8e1e60.jpg,0.735422580027165,0.43252996
B2A,b9ea51b317.jpg,0.6517087364277042,0.47089887
B2A,b9eb4c4e23.jpg,0.827677776443155,0.30049324
B2A,b9f955e5da.jpg,0.7367232661741107,0.52092046
B2A,ba3fc5aaf6.jpg,0.8146444958409057,0.31415063
B2A,ba4f07f939.jpg,0.894479621663865,0.36731577
B2A,ba57ad5d60.jpg,0.7481380792135762,0.40197435
B2A,ba6cdd170e.jpg,0.7322931261228812,0.53870547
B2A,ba7c346ee6.jpg,0.7497883952880281,0.30718637
B2A,ba7d2f82f3.jpg,0.7696964999453499,0.43041456
B2A,ba8511d50b.jpg,0.8322798262765306,0.46826905
B2A,ba861fc7fc.jpg,0.6711660058589541,0.47609317
B2A,ba900f7b05.jpg,0.633384357343822,0.54497397
B2A,ba93309fda.jpg,0.6859663281479006,0.3877357
B2A,baa1ec6741.jpg,0.8839114045418097,0.31347626
B2A,baa5eaf58a.jpg,0.7667252624923978,0.34149355
B2A,baa60c9bed.jpg,0.8380116604261659,0.25616637
B2A,baac2fc0d9.jpg,0.7635825608311115,0.3334677
B2A,bab560daee.jpg,0.7434063370795305,0.36819398
B2A,bac7bbda07.jpg,0.7714791368772858,0.2927923
B2A,baca7c1baf.jpg,0.8626474953829344,0.33987424
B2A,bad95e0688.jpg,0.7788959964183675,0.45452097
B2A,bae17c2143.jpg,0.8969966127346951,0.30625337
B2A,bae6056ca8.jpg,0.574443127373337,0.37851465
B2A,baef9a3993.jpg,0.8492552299369382,0.2908442
B2A,bafb1adc1f.jpg,0.7859762239498764,0.39431128
B2A,bb017d43a9.jpg,0.7454712963640165,0.43000197
B2A,bb15fcc4ff.jpg,0.7812327402115677,0.38890934
B2A,bb313a5e16.jpg,0.5590530313324577,0.54727906
B2A,bb3377f200.jpg,0.8603197287841089,0.23676202
B2A,bb38cedde5.jpg,0.700812507809359,0.47824872
B2A,bb3ef64acd.jpg,0.9038572490423057,0.2866208
B2A,bb40b8dd7f.jpg,0.763602170908904,0.2954012
B2A,bb5faf30e9.jpg,0.7603195015860443,0.35504848
B2A,bb64125bc2.jpg,0.8367321323418413,0.42486742
B2A,bb77850a04.jpg,0.7396106513672183,0.48002487
B2A,bb8552f1b5.jpg,0.7581199424898359,0.29010937
B2A,bb9d316b1a.jpg,0.7552966803094064,0.38878214
B2A,bba5052be8.jpg,0.9027048109676057,0.2890386
B2A,bbac847eec.jpg,0.7216913214865792,0.35048357
B2A,bbaff218f3.jpg,0.7319624839696829,0.5511039
B2A,bbbfda6b8f.jpg,0.8890499095327467,0.36347336
B2A,bbc433fec1.jpg,0.8921281453534287,0.3009177
B2A,bbc5447377.jpg,0.7945166467519922,0.3356889
B2A,bbc6c20473.jpg,0.5418502160667021,0.5708022
B2A,bbca95e065.jpg,0.7206864838032403,0.49101412
B2A,bbd1178911.jpg,0.8129363221122597,0.27193916
B2A,bbe716a5ba.jpg,0.6114858862001514,0.68838346
B2A,bbf7c36959.jpg,0.7476023196546806,0.29206923
B2A,bbfe762240.jpg,0.8029680177460587,0.44685566
B2A,bc00b49aa2.jpg,0.9404732345981718,0.4646576
B2A,bc05774cb8.jpg,0.7874376906045284,0.3207597
B2A,bc1296f186.jpg,0.6328578761663154,0.402199
B2A,bc1fa09301.jpg,0.6624275801564661,0.44913363
B2A,bc320f44ee.jpg,0.6918618161590891,0.43496707
B2A,bc34a98e62.jpg,0.6242950998645899,0.43082628
B2A,bc3f932980.jpg,0.5609518454407603,0.6107346
B2A,bc47393bbe.jpg,0.6931247018454686,0.543084
B2A,bc4cc5e31c.jpg,0.6931834154982743,0.5128761
B2A,bc57ed5fda.jpg,0.7773320079018544,0.32114136
B2A,bc59db0454.jpg,0.7192668829900852,0.36304855
B2A,bc76a34f9d.jpg,0.8563354496373173,0.26783332
B2A,bc8579edc4.jpg,0.7284791043092006,0.39485255
B2A,bc89a879fd.jpg,0.8278708952074437,0.4727295
B2A,bc8e187f4f.jpg,0.8791349341880668,0.27916402
B2A,bc97e28ac0.jpg,0.7178105690165812,0.36486533
B2A,bc9defc927.jpg,0.602302834350702,0.59991026
B2A,bca6fd9039.jpg,0.778728658614159,0.45925108
B2A,bcad190025.jpg,0.8062292207017271,0.45997065
B2A,bcade75bec.jpg,0.7158607157688324,0.4103278
B2A,bcae56fbed.jpg,0.6306365420000651,0.41975302
B2A,bcc1a87147.jpg,0.7574983947927207,0.41681844
B2A,bcc29192c1.jpg,0.7439238372400299,0.26333115
B2A,bcde913d1d.jpg,0.8687151741763902,0.34504107
B2A,bce46c265e.jpg,0.7497692396236367,0.405587
B2A,bceb077f5d.jpg,0.6770539182884232,0.4687334
B2A,bcef4b66e6.jpg,0.7920511332542196,0.4208953
B2A,bcf39bcec2.jpg,0.7473431566246777,0.3299324
B2A,bcf3ab621b.jpg,0.7387753296715495,0.49942237
B2A,bcf3af118c.jpg,0.5986575239586004,0.4231807
B2A,bd2893da68.jpg,0.8492493256186934,0.3456284
B2A,bd2be5968a.jpg,0.8291213916392348,0.3523662
B2A,bd4ff109f0.jpg,0.8936143591626305,0.3789113
B2A,bd5056d32e.jpg,0.686059648546743,0.53094745
B2A,bd58f14f67.jpg,0.6768816016838061,0.4624893
B2A,bd6006597f.jpg,0.8228552825010267,0.3362622
B2A,bd6261963a.jpg,0.6948379849373568,0.38122305
B2A,bd6550715b.jpg,0.797030215623483,0.48425257
B2A,bd6902ee43.jpg,0.7490134886276796,0.3872653
B2A,bd6a7ec51e.jpg,0.5018810673655283,0.489548
B2A,bd7003b6b6.jpg,0.7886536298201913,0.27424124
B2A,bd76d694d4.jpg,0.6785014681447489,0.47870654
B2A,bd7e521e90.jpg,0.8852863313724342,0.30036902
B2A,bd7e852fb1.jpg,0.7084574723491525,0.42197722
B2A,bd81e32444.jpg,0.7890946663979321,0.51235235
B2A,bd856bd7d2.jpg,0.822563577815285,0.2891219
B2A,bd9dbd110c.jpg,0.6823059391729522,0.3352889
B2A,bda011a946.jpg,0.799120756583457,0.2592506
B2A,bda7612626.jpg,0.644847248913456,0.6322618
B2A,bda7b5b92a.jpg,0.8642430059016593,0.35033873
B2A,bda920ef3a.jpg,0.7610998011378501,0.58437985
B2A,bdb71b5252.jpg,0.7879418699775314,0.35280734
B2A,bdb764be42.jpg,0.5142956655370369,0.693541
B2A,bdb80159b3.jpg,0.7456405497239897,0.46765092
B2A,bdcfea4c8d.jpg,0.6116143294020633,0.32462722
B2A,bdd2bc2e77.jpg,0.8200204227535866,0.31502658
B2A,bdd6cb73e5.jpg,0.6589042156689031,0.34352186
B2A,bde2a9e1fa.jpg,0.8748474720612169,0.32417127
B2A,bdf3d3a8e5.jpg,0.8338381763396716,0.3075483
B2A,bdf8b0c5ad.jpg,0.8002434490967698,0.36480018
B2A,be0140dde6.jpg,0.8155161971821405,0.47143057
B2A,be17aa711c.jpg,0.5797304143428947,0.46656156
B2A,be19b2eac9.jpg,0.7723789475691311,0.4039474
B2A,be307d9b2d.jpg,0.8007533255505614,0.29657388
B2A,be30ee9635.jpg,0.8273182691770606,0.34170437
B2A,be58cca5c2.jpg,0.739343395181139,0.4342414
B2A,be5a727d8a.jpg,0.689669949762757,0.38886327
B2A,be5e1ffaf7.jpg,0.8456243328797916,0.2701041
B2A,be66a96894.jpg,0.8702953616255708,0.23273495
B2A,be6d9981a3.jpg,0.8200916201451777,0.25612158
B2A,be74caa0c9.jpg,0.5826681408546562,0.7360528
B2A,be76e135d1.jpg,0.6115733727892646,0.62017214
B2A,be7c00594f.jpg,0.8077628103245856,0.3251594
B2A,be8015beea.jpg,0.7504975808301506,0.41406843
B2A,be87bba931.jpg,0.5836550426899458,0.6117774
B2A,be9710f956.jpg,0.7494452992762319,0.74302953
B2A,beb00f6bd4.jpg,0.7278146413588548,0.35509145
B2A,beb8830662.jpg,0.7550742823636082,0.26099887
B2A,bebbb8b76e.jpg,0.8049376466199549,0.3191402
B2A,bec2bc2d65.jpg,0.7834305533075754,0.34066147
B2A,bec49b01dd.jpg,0.6732201575652825,0.40329295
B2A,bec4efcf0e.jpg,0.6992230604162869,0.40048224
B2A,becea1ec0d.jpg,0.796637908540788,0.39119968
B2A,bed5847c27.jpg,0.6003615745627887,0.67644
B2A,bed803c046.jpg,0.7425492622782768,0.5676171
B2A,bedb0b8e17.jpg,0.6867774559963842,0.29803365
B2A,bee0d00197.jpg,0.572749229494773,0.43837965
B2A,bee8605fcd.jpg,0.8495326274534634,0.2997846
B2A,bee867c967.jpg,0.5650333645316319,0.5592516
B2A,beebd3d7ff.jpg,0.8537361710667589,0.27788904
B2A,beec4e482c.jpg,0.7700836226341787,0.27546656
B2A,bf07ab5c4a.jpg,0.7846014799282128,0.5216648
B2A,bf0e0a58a4.jpg,0.5312244113686836,0.61617327
B2A,bf2216d133.jpg,0.6269405228620943,0.4316144
B2A,bf28de635c.jpg,0.8234070618966178,0.38205296
B2A,bf36a527ab.jpg,0.6209642990198095,0.4206991
B2A,bf3ece26c1.jpg,0.6941098057823829,0.6012563
B2A,bf6062190e.jpg,0.7216669637272729,0.6557887
B2A,bf61f9adb1.jpg,0.7995224456747066,0.37459937
B2A,bf6ed52f2c.jpg,0.8015763916793913,0.26984936
B2A,bf72b298bc.jpg,0.6766579377362392,0.6516091
B2A,bf7b0e4b1f.jpg,0.7523257475531194,0.35559258
B2A,bf8f3d28ae.jpg,0.6671187793292352,0.51081413
B2A,bf918a456c.jpg,0.6793803024674202,0.45824158
B2A,bf94cca435.jpg,0.7590182576072442,0.3816236
B2A,bf964262b6.jpg,0.6562031074960917,0.62354004
B2A,bfc6144838.jpg,0.826509229011733,0.3637112
B2A,bfc622bb44.jpg,0.8710196161087977,0.28269243
B2A,c006c643f8.jpg,0.7300023974524462,0.28591746
B2A,c009f9904a.jpg,0.7749181748935883,0.5245775
B2A,c013680118.jpg,0.7352964434868792,0.38049275
B2A,c015570ab7.jpg,0.5403349420823517,0.5886319
B2A,c017fac753.jpg,0.7328058297072433,0.45848674
B2A,c018d5dbf7.jpg,0.6730518514891433,0.33891773
B2A,c0287a48f4.jpg,0.7450669581679212,0.37007332
B2A,c02e89c4d3.jpg,0.7235941152892789,0.33786553
B2A,c0301eeaaf.jpg,0.7246348190107029,0.40399912
B2A,c031d1622c.jpg,0.7285574407067394,0.33960065
B2A,c03cf43784.jpg,0.8009491226245274,0.33358693
B2A,c0511e5414.jpg,0.5647560406269208,0.43344405
B2A,c06ff30cd5.jpg,0.8025243646019135,0.36616445
B2A,c0757c90f9.jpg,0.7939595465140186,0.3516027
B2A,c081f34667.jpg,0.6228328219922108,0.31210217
B2A,c0876f3b2b.jpg,0.6897266675603289,0.33327135
B2A,c08ee1f5aa.jpg,0.7735509529838082,0.44491005
B2A,c09421b98c.jpg,0.7785151970489311,0.4181541
B2A,c09cd67282.jpg,0.6299504724600101,0.25313023
B2A,c0a3fb3571.jpg,0.8917672787725401,0.22752073
B2A,c0a72ce31e.jpg,0.8587115075807096,0.36819053
B2A,c0b55c941e.jpg,0.762328623825983,0.36561936
B2A,c0b977acfb.jpg,0.737849806697248,0.31430689
B2A,c0be01b9c9.jpg,0.7937676396877826,0.5060935
B2A,c0c0e3575b.jpg,0.7503744231425571,0.2865088
B2A,c0e7dfa5ed.jpg,0.6623307768501423,0.407787
B2A,c0f19d6031.jpg,0.6954605671024687,0.43585607
B2A,c0fe7fd0a7.jpg,0.5777054100559776,0.5295901
B2A,c10183721e.jpg,0.7853768498645213,0.3034503
B2A,c1114abb60.jpg,0.6586811383337589,0.44115213
B2A,c123f051ca.jpg,0.6704261674804027,0.52864766
B2A,c125e1a1f6.jpg,0.6655929566728648,0.42591292
B2A,c1294c7cd9.jpg,0.776075446300661,0.30010718
B2A,c12c1c978e.jpg,0.7765375117656407,0.5468597
B2A,c12e14b962.jpg,0.7008186817753416,0.40516433
B2A,c1339587e8.jpg,0.7579368774777923,0.40138346
B2A,c137e13300.jpg,0.80380647334222,0.42835322
B2A,c14426ebfc.jpg,0.6994844031719125,0.34252208
B2A,c15a72a99a.jpg,0.7793061906905158,0.28285176
B2A,c16ed7863f.jpg,0.7041202111607423,0.39685813
B2A,c190aa34f8.jpg,0.9260153521199752,0.4665712
B2A,c19312ad74.jpg,0.7551821593172644,0.49640268
B2A,c1972547d1.jpg,0.798187791440078,0.28832728
B2A,c1a8c428f6.jpg,0.7673209461884251,0.53607064
B2A,c1b1ad3d68.jpg,0.7705980787712954,0.4263468
B2A,c1b2b47959.jpg,0.6062840100490434,0.3004251
B2A,c1b7f78159.jpg,0.6381756915811344,0.48644134
B2A,c1c634b4eb.jpg,0.7864022269482651,0.3174868
B2A,c1d0fe9abe.jpg,0.6612053775655619,0.46094364
B2A,c1d5a31a74.jpg,0.5548261550033993,0.4512952
B2A,c1e5b119c4.jpg,0.7381468099347768,0.39369586
B2A,c1f932fee3.jpg,0.8574201779168129,0.3468971
B2A,c1f9da41e1.jpg,0.8429082078354826,0.39174995
B2A,c1fb81bcfa.jpg,0.6677245323136848,0.4463823
B2A,c2266bed41.jpg,0.813950838271042,0.49730346
B2A,c2307e363e.jpg,0.7830538293155531,0.33859998
B2A,c236cbe5eb.jpg,0.7423192175690032,0.5006703
B2A,c236d99e18.jpg,0.8350322366544718,0.28205264
B2A,c23e040ff8.jpg,0.7833431476301677,0.46007028
B2A,c2607646ad.jpg,0.8939840245213377,0.24352352
B2A,c262fe08f9.jpg,0.8024052225222361,0.30819207
B2A,c2656884dd.jpg,0.8679318120549272,0.31899744
B2A,c26e1a3dea.jpg,0.8495866117256161,0.3740979
B2A,c2708f8a47.jpg,0.8086530199298664,0.31219113
B2A,c27ca11d75.jpg,0.6777032732985313,0.4601214
B2A,c280ccdd9b.jpg,0.8695916602565508,0.2862102
B2A,c284ce5f6f.jpg,0.6593521585018663,0.4329584
B2A,c2869dc39f.jpg,0.7452277058153234,0.39017105
B2A,c287068c8b.jpg,0.746313638502626,0.27935278
B2A,c29a81a99d.jpg,0.7257601561691437,0.49522978
B2A,c2acbc2675.jpg,0.8091837046416536,0.37545776
B2A,c2b79f204d.jpg,0.6965323723082514,0.48601204
B2A,c2c2cd230b.jpg,0.7155277142889418,0.45431578
B2A,c2d01b1977.jpg,0.7839708442377732,0.4322489
B2A,c2d909e551.jpg,0.8221355383000252,0.31710202
B2A,c2dfec8e9a.jpg,0.8478449853818208,0.37447983
B2A,c2e0f637ed.jpg,0.7352814735154277,0.33218014
B2A,c2f49209fa.jpg,0.6522336363061184,0.59697795
B2A,c2fe4fa436.jpg,0.8512097937558273,0.27447164
B2A,c303744625.jpg,0.8343296970239052,0.2671712
B2A,c315adb658.jpg,0.8321013825198517,0.5039563
B2A,c31cad8dc1.jpg,0.6995342738134023,0.29361752
B2A,c329a43ef8.jpg,0.6597895863035965,0.41413954
B2A,c362a50b71.jpg,0.8074279908845255,0.35062987
B2A,c36ee485ab.jpg,0.7740410335885095,0.41825753
B2A,c373467807.jpg,0.8271012980580257,0.31891257
B2A,c37e6749d1.jpg,0.7784823388008789,0.3784414
B2A,c38cd66489.jpg,0.8489168350416552,0.2708106
B2A,c398543807.jpg,0.7917752062753162,0.40955698
B2A,c39ac686c7.jpg,0.6751200457068901,0.33864883
B2A,c3ae8d9885.jpg,0.6477834065202953,0.40590298
B2A,c3b0c7adb5.jpg,0.7366568553790047,0.67030585
B2A,c3b262e6c5.jpg,0.5389622045299929,0.56369627
B2A,c3b45ccdf0.jpg,0.6990228127423678,0.46726716
B2A,c3c8443027.jpg,0.8228171047858032,0.3037052
B2A,c3d7a24d73.jpg,0.8797889096301156,0.28507105
B2A,c3e565166e.jpg,0.8189773982445067,0.37506372
B2A,c3e6b45f00.jpg,0.8447175423166555,0.32643428
B2A,c3f82846fa.jpg,0.7774379424427759,0.39935905
B2A,c40157edb5.jpg,0.8385499286082346,0.4560383
B2A,c419f70dc7.jpg,0.8588445389440309,0.25244936
B2A,c41d11bc49.jpg,0.6406630306803079,0.332154
B2A,c428c52f81.jpg,0.6598352362419078,0.46393666
B2A,c456016d2d.jpg,0.8127036540942015,0.3386594
B2A,c458ed7411.jpg,0.7640440387495999,0.37219715
B2A,c45ddef2b3.jpg,0.9100453184383274,0.36656815
B2A,c46fcd1a80.jpg,0.8007552068890497,0.46143693
B2A,c470eb30ef.jpg,0.8283874322618351,0.30092716
B2A,c47e602b0b.jpg,0.842818558794171,0.40716487
B2A,c47e788e86.jpg,0.8020450914332186,0.3594671
B2A,c4808eb22d.jpg,0.7657607768778878,0.4592884
B2A,c48dd873be.jpg,0.896024568114457,0.35794657
B2A,c4bdcb6dd9.jpg,0.8081180451149909,0.3527696
B2A,c4c39ac3f9.jpg,0.7636327770405833,0.40187654
B2A,c4ced9cad1.jpg,0.8273057243153922,0.28436747
B2A,c4d6a7c8a9.jpg,0.7712559992095586,0.37128043
B2A,c4d73047e1.jpg,0.8254373192270056,0.36549205
B2A,c4d8884b3c.jpg,0.7540604893678782,0.353697
B2A,c4d8c03cf8.jpg,0.7254390615958403,0.31022358
B2A,c4d9fbfb1f.jpg,0.7335451913422664,0.5030072
B2A,c4db21f52d.jpg,0.7531435664061271,0.3027157
B2A,c4e15cdce1.jpg,0.8507252124918503,0.38106248
B2A,c4e6130960.jpg,0.7261762295768607,0.6392272
B2A,c4f7170246.jpg,0.7005463508172383,0.49853805
B2A,c4fd20f2ce.jpg,0.7771660580131357,0.4184759
B2A,c50547f5fc.jpg,0.5186041425703615,0.57269084
B2A,c50837aa54.jpg,0.7046620818985422,0.43298304
B2A,c52044fdd2.jpg,0.8594888837400471,0.46812475
B2A,c524c49931.jpg,0.7728442001213701,0.33829644
B2A,c525d82983.jpg,0.6260786915781101,0.404058
B2A,c525dc1668.jpg,0.8094759649175686,0.599785
B2A,c526e4cab7.jpg,0.8673970164406548,0.22572368
B2A,c52cb8c926.jpg,0.7717172069242965,0.34523952
B2A,c531391a54.jpg,0.5235376566428608,0.3849538
B2A,c5440d3858.jpg,0.8287436400967443,0.3405139
B2A,c5496898d9.jpg,0.5572470524352955,0.49709168
B2A,c54c5368af.jpg,0.7612049411387786,0.36667326
B2A,c5656a3bc2.jpg,0.7203836255783327,0.36690646
B2A,c570a774e2.jpg,0.6804092407103722,0.3611024
B2A,c57cb4cc7d.jpg,0.7382204144561995,0.5357281
B2A,c57ecc2387.jpg,0.8475082274578916,0.27830422
B2A,c58fea646b.jpg,0.7271829961987416,0.36170065
B2A,c5921d07d4.jpg,0.7325527773241495,0.46293557
B2A,c595a52c39.jpg,0.626375881026167,0.46364784
B2A,c598a0b020.jpg,0.6523362665052609,0.62584674
B2A,c59d7d374c.jpg,0.7926228821519742,0.42855775
B2A,c5a2b9c91c.jpg,0.6391879094133656,0.3089829
B2A,c5acb37086.jpg,0.6972139588641798,0.36550242
B2A,c5b7abcf1a.jpg,0.6572951700367661,0.5353889
B2A,c5c1ce91be.jpg,0.8799355741441612,0.4924007
B2A,c5c637557c.jpg,0.8258304045648767,0.39242423
B2A,c5df072a87.jpg,0.8203420153645307,0.33086565
B2A,c5e14d505f.jpg,0.8317803566113458,0.3489293
B2A,c5e6a04538.jpg,0.7955294237825232,0.359991
B2A,c5ec21dc91.jpg,0.754401349277138,0.357118
B2A,c5edeee0c7.jpg,0.834241401811001,0.36344117
B2A,c5f84dbc49.jpg,0.7296376690855582,0.20982948
B2A,c6023eafa9.jpg,0.7687037266724429,0.45529485
B2A,c602fe2139.jpg,0.7535212705491,0.50733757
B2A,c60ce9a7c7.jpg,0.8016701158452606,0.39493275
B2A,c6145ae196.jpg,0.6020431309850618,0.50686306
B2A,c61687bbf7.jpg,0.8207235869238904,0.43022013
B2A,c61c78d0ca.jpg,0.7111229807790288,0.3628217
B2A,c62219be8a.jpg,0.4604346772820947,0.41907027
B2A,c63612e996.jpg,0.7328325648028929,0.5351566
B2A,c6500baba8.jpg,0.6472637717255685,0.48073122
B2A,c65d66d192.jpg,0.7556836059936395,0.2622769
B2A,c6677c412d.jpg,0.7981716427790065,0.30015993
B2A,c673cb8573.jpg,0.7850635467448018,0.44694012
B2A,c67451f208.jpg,0.7281728008010003,0.35484558
B2A,c68341c3b7.jpg,0.7738119263910359,0.36571258
B2A,c686b36f96.jpg,0.7480095759918405,0.2586509
B2A,c6881f63ec.jpg,0.6833578435993771,0.46032143
B2A,c6a2fbabf7.jpg,0.719209543252744,0.3280566
B2A,c6a4a9aeb2.jpg,0.8049097774726808,0.41158366
B2A,c6a58d81ef.jpg,0.8853499100206198,0.36800006
B2A,c6ad8bd40d.jpg,0.6710214834402307,0.49247986
B2A,c6aea7cf4f.jpg,0.7580541759299386,0.40727797
B2A,c6af326883.jpg,0.7105465486806367,0.3957204
B2A,c6b10318be.jpg,0.7649523904746781,0.4972114
B2A,c6c4b33994.jpg,0.7370003590278741,0.48438352
B2A,c6d9ef38ee.jpg,0.7509562964589523,0.2907835
B2A,c6e35b7a8e.jpg,0.7702893565127875,0.519469
B2A,c6f400cade.jpg,0.8094794503522088,0.32806903
B2A,c6f871bb47.jpg,0.7263739845186373,0.503064
B2A,c7043864d2.jpg,0.55622520794437,0.6135488
B2A,c72720ffb0.jpg,0.5660549611904889,0.46586522
B2A,c736950d4e.jpg,0.7258902301295251,0.42638773
B2A,c7380a0fa2.jpg,0.8063841304286473,0.38245517
B2A,c73d060b7f.jpg,0.8936728487568524,0.2818717
B2A,c7427a066e.jpg,0.8679481235845755,0.27662635
B2A,c74314fb5c.jpg,0.6340280966469286,0.32571846
B2A,c748dcc2c7.jpg,0.9378866482154925,0.31674123
B2A,c74ae24a89.jpg,0.6987185933567912,0.45513347
B2A,c7608e5539.jpg,0.6140223838407086,0.33816242
B2A,c7622b657d.jpg,0.6427000144241346,0.742252
B2A,c76acdaaa5.jpg,0.9244906335498504,0.2747624
B2A,c7736d8864.jpg,0.7524214590600955,0.36410952
B2A,c7736e2c50.jpg,0.7963694414720834,0.3143731
B2A,c77ecc882a.jpg,0.7559825373433862,0.34681386
B2A,c78308fb1e.jpg,0.5870706104003725,0.33933997
B2A,c7880ba0c2.jpg,0.7701659278063308,0.40571856
B2A,c788baf225.jpg,0.5910617933343183,0.44003546
B2A,c78a6e867e.jpg,0.6769622143838863,0.21302363
B2A,c78bc2db57.jpg,0.8488419387530874,0.3788011
B2A,c793220e43.jpg,0.7815465671776259,0.26338708
B2A,c7bf31ca58.jpg,0.6943755562883035,0.4381066
B2A,c7cc509a06.jpg,0.7472078896209621,0.51559216
B2A,c7d0dc1d10.jpg,0.5664029794272285,0.5392447
B2A,c7eaf9c07a.jpg,0.8418647645067739,0.39950675
B2A,c7f524e16e.jpg,0.627770396216723,0.48159635
B2A,c7f9e63db6.jpg,0.7658782378546337,0.41821355
B2A,c80007786e.jpg,0.6059843779511949,0.67741203
B2A,c81299eae0.jpg,0.8352635934519943,0.3647759
B2A,c8185b191d.jpg,0.7615101019736922,0.2576189
B2A,c81b6373f2.jpg,0.6643049481861697,0.4605755
B2A,c81c856677.jpg,0.795718176798964,0.38661876
B2A,c82080c8de.jpg,0.7020076316555182,0.4979418
B2A,c82b51e41e.jpg,0.5988858799984014,0.5742585
B2A,c840700a72.jpg,0.6555519093090771,0.26294893
B2A,c84627330d.jpg,0.820572868556636,0.2791086
B2A,c84660744f.jpg,0.7537571043729834,0.41411686
B2A,c851e6f6e0.jpg,0.6441231629395949,0.37477708
B2A,c8549dd38b.jpg,0.6938263149592884,0.46334895
B2A,c86587b1e8.jpg,0.5623681345565282,0.5729794
B2A,c8694cefc7.jpg,0.78777939690892,0.32940292
B2A,c86a62e6d2.jpg,0.8417998865285897,0.3740404
B2A,c86f9ec4f7.jpg,0.7986558028873666,0.4144064
B2A,c87264d97f.jpg,0.6614086884359313,0.5569131
B2A,c88254adbe.jpg,0.7729152893947675,0.3811757
B2A,c882d8abac.jpg,0.6736760859377836,0.39979634
B2A,c8840a2e27.jpg,0.6028461772620033,0.5797154
B2A,c889794bf7.jpg,0.6783066877918142,0.36042097
B2A,c891a570bb.jpg,0.7883285017275244,0.28407338
B2A,c893f6e167.jpg,0.7073878462682439,0.4068813
B2A,c898f3300d.jpg,0.6936003537677313,0.32655075
B2A,c89c107b5b.jpg,0.7555772106533621,0.2608146
B2A,c8a8274cb3.jpg,0.7852968739506342,0.3413017
B2A,c8a9cfa14c.jpg,0.7123719430337421,0.6033647
B2A,c8baedacff.jpg,0.7353510197047389,0.32751137
B2A,c8bd9caef0.jpg,0.7244397943135884,0.40527073
B2A,c8c45ad5f1.jpg,0.7969431169913193,0.46263143
B2A,c8cb8e85e7.jpg,0.7945453814733517,0.40625966
B2A,c8d05086f2.jpg,0.6345705591524732,0.3610153
B2A,c8d6f98b20.jpg,0.789537419863639,0.396432
B2A,c8da3631bf.jpg,0.8001857021652118,0.3213692
B2A,c8ea1e9ef3.jpg,0.8135658651904935,0.37602097
B2A,c8ed12953b.jpg,0.7392046410245189,0.37059933
B2A,c8f1b865ca.jpg,0.822164918136364,0.40973574
B2A,c8f7e3f9ee.jpg,0.6519281649521216,0.4570368
B2A,c9020a4441.jpg,0.7358448538632306,0.5582074
B2A,c90b0c1ad5.jpg,0.8004913252170788,0.354123
B2A,c91473f497.jpg,0.6853849159682109,0.33047765
B2A,c91c752661.jpg,0.6438577948319407,0.3011398
B2A,c925172e83.jpg,0.8607507857897579,0.30184025
B2A,c9347e1e7b.jpg,0.8725461072668732,0.34066898
B2A,c936589fe5.jpg,0.7458553502499452,0.36079633
B2A,c9377ac739.jpg,0.8216332918020799,0.37691045
B2A,c943d77639.jpg,0.7363559134657077,0.3834411
B2A,c950a3f6af.jpg,0.5498105102835634,0.47116393
B2A,c9596992ba.jpg,0.8605088670795321,0.32263595
B2A,c963de7b44.jpg,0.6366201041136258,0.4513474
B2A,c965459a49.jpg,0.7721111418537121,0.44321164
B2A,c9677c2983.jpg,0.6388851265770663,0.5594634
B2A,c96ca42d91.jpg,0.641671132420452,0.60101366
B2A,c974562e36.jpg,0.821409362395431,0.3818339
B2A,c97cfcba7e.jpg,0.6028666776527357,0.4255779
B2A,c9823e7ce1.jpg,0.692985627902249,0.3795328
B2A,c983c41dd9.jpg,0.7937389010655712,0.2805205
B2A,c986b6924c.jpg,0.8536776196277212,0.34952816
B2A,c98a568b5d.jpg,0.6479553134613287,0.56943864
B2A,c9aea3d9d6.jpg,0.7229126143262901,0.31590682
B2A,c9afde6424.jpg,0.9022719473968445,0.30382445
B2A,c9bca1b8ea.jpg,0.8073903175644573,0.33115345
B2A,c9bdf7e5df.jpg,0.753000375881612,0.5242729
B2A,c9c007ddc3.jpg,0.8095549645380484,0.4591926
B2A,c9c6d6eb3a.jpg,0.5876277700353338,0.40951416
B2A,c9cba4bd0e.jpg,0.7376694022600038,0.4091707
B2A,c9d20d84df.jpg,0.60448189713045,0.38048196
B2A,c9d61587a2.jpg,0.8368046610650685,0.28252614
B2A,c9e242367f.jpg,0.8602467290073834,0.23382887
B2A,c9e589eb2d.jpg,0.7761228709436501,0.36081114
B2A,c9ff68f5a2.jpg,0.679755409090792,0.4388826
B2A,ca048034a1.jpg,0.5246300251767041,0.5282874
B2A,ca1c1e0ab4.jpg,0.71246395352118,0.4559032
B2A,ca2d56ade5.jpg,0.7350590397548025,0.35123038
B2A,ca350be337.jpg,0.699548466293198,0.48487324
B2A,ca386d38d2.jpg,0.7842296565707741,0.4788596
B2A,ca4170de40.jpg,0.811211124995744,0.40691364
B2A,ca4a5b1d15.jpg,0.8151897308185291,0.42218298
B2A,ca6254d8af.jpg,0.9000293909148396,0.25037426
B2A,ca62c55ebe.jpg,0.7963989033437127,0.40386212
B2A,ca66e77e70.jpg,0.5421389376309877,0.309119
B2A,ca6833900f.jpg,0.687915192655102,0.3423264
B2A,ca772b116e.jpg,0.7932076292119913,0.32702145
B2A,ca7b9ae1dd.jpg,0.8675651550936382,0.37032947
B2A,ca7ef68a39.jpg,0.8029466228886054,0.30585325
B2A,ca989796e8.jpg,0.617046475561683,0.41338333
B2A,caa1dcc886.jpg,0.8131305569167744,0.40238613
B2A,caa6d72fa5.jpg,0.694644735713489,0.38915828
B2A,cac056399a.jpg,0.7886041008089545,0.43558127
B2A,cac112db80.jpg,0.7800220118735111,0.31043828
B2A,cacfe238bb.jpg,0.8172076696391087,0.26005155
B2A,cae6f0d5e8.jpg,0.854662469370819,0.4529909
B2A,caf18820a4.jpg,0.8683599181111065,0.15515456
B2A,cafbfecee1.jpg,0.741343521087104,0.3731879
B2A,cafe98985e.jpg,0.842716643398355,0.23650551
B2A,caff162d50.jpg,0.8629609524721635,0.28217453
B2A,cb07b1bb83.jpg,0.6711681140066831,0.4204813
B2A,cb09a699d1.jpg,0.8084205689516993,0.34442782
B2A,cb0fc9a127.jpg,0.6582524908134083,0.66519445
B2A,cb15285d36.jpg,0.5642999758688939,0.37635398
B2A,cb165748bf.jpg,0.7640660205212934,0.4851751
B2A,cb324a9122.jpg,0.6530386728054831,0.42586634
B2A,cb4aa83692.jpg,0.7802181687502242,0.33270136
B2A,cb706347dd.jpg,0.6099589966833092,0.4378388
B2A,cb767cd641.jpg,0.5206376587264546,0.7333765
B2A,cb845e6db5.jpg,0.8367523577832612,0.36519036
B2A,cb88754eed.jpg,0.8490585674708817,0.2781255
B2A,cb91ecbdda.jpg,0.6845995904606004,0.52637315
B2A,cb9d6af792.jpg,0.7840841628210871,0.32517672
B2A,cb9dbaeffd.jpg,0.7663049200382491,0.3918609
B2A,cba38c093b.jpg,0.8363082303840632,0.34567195
B2A,cbafaf9b74.jpg,0.8334041184374444,0.34566584
B2A,cbb6e14382.jpg,0.7932660608381826,0.3173373
B2A,cbc4a88c49.jpg,0.80797367546333,0.3100814
B2A,cbca2560a2.jpg,0.563776042769723,0.3163249
B2A,cbca377969.jpg,0.7382198673103076,0.3707685
B2A,cbcc092607.jpg,0.7593818672397127,0.43679452
B2A,cbd686ea00.jpg,0.665842028427862,0.42345244
B2A,cbdd08a030.jpg,0.8394152063728164,0.332981
B2A,cbddae001d.jpg,0.7824914295480919,0.2992035
B2A,cbf582621e.jpg,0.7173556354531371,0.4421495
B2A,cbf635d566.jpg,0.7726739162303501,0.42207515
B2A,cbfb794656.jpg,0.7164585209493415,0.33508605
B2A,cc03a70f14.jpg,0.758956766572918,0.29300982
B2A,cc0a0dab48.jpg,0.6284090837428253,0.48680702
B2A,cc27c5fa12.jpg,0.5166225612028912,0.4483304
B2A,cc37cc11a3.jpg,0.6600197807376496,0.39358887
B2A,cc397c87b0.jpg,0.8052979720640865,0.41144043
B2A,cc3d775c49.jpg,0.8212315456271991,0.25567704
B2A,cc46b14bbf.jpg,0.7394101330140108,0.28705177
B2A,cc47cfe509.jpg,0.6809003468522565,0.48160037
B2A,cc48975f1d.jpg,0.8630494891618753,0.39855966
B2A,cc4e40864c.jpg,0.8538396585617037,0.31332433
B2A,cc5078a63b.jpg,0.7181523498534237,0.5865191
B2A,cc57246e94.jpg,0.7178156280420255,0.50214005
B2A,cc5ba51fab.jpg,0.8516317570842769,0.3700708
B2A,cc5fa7dcc6.jpg,0.7018930003280044,0.5581274
B2A,cc700e2ff5.jpg,0.7311268810692717,0.6250305
B2A,cc701e6899.jpg,0.734710104650226,0.4372338
B2A,cc74028fc2.jpg,0.5885791305152372,0.45496202
B2A,cc79011331.jpg,0.7689642346977085,0.27746052
B2A,cc85351248.jpg,0.8418729190367346,0.31327027
B2A,cc8ce9bce8.jpg,0.7297939099513645,0.40387222
B2A,cc8ea5c3ef.jpg,0.8661832906031381,0.32330352
B2A,cc9c7d2ee1.jpg,0.8252396842787294,0.4724302
B2A,cca944dbaa.jpg,0.7097554851436738,0.32836568
B2A,ccac22a865.jpg,0.6221586670001612,0.47576484
B2A,ccb1c281ea.jpg,0.7050587815773371,0.43787095
B2A,ccdae48f44.jpg,0.6073393526591229,0.35813308
B2A,ccdb51d513.jpg,0.5488720466117212,0.3345266
B2A,cce7dc8ab2.jpg,0.8116405482906365,0.2695143
B2A,cceb177f89.jpg,0.8286940169973203,0.24114206
B2A,ccf03e66bc.jpg,0.7229559350338555,0.5220596
B2A,ccf1814c56.jpg,0.7466490957741218,0.367053
B2A,cd002af052.jpg,0.6245674085848835,0.5770527
B2A,cd002f704d.jpg,0.7502874748202815,0.40458238
B2A,cd06750eef.jpg,0.8565986449255741,0.27197298
B2A,cd06b978fe.jpg,0.8525124071582235,0.29707956
B2A,cd093d4318.jpg,0.6745958487658297,0.5645642
B2A,cd0952c111.jpg,0.8554702223521694,0.27887598
B2A,cd1cb040fe.jpg,0.8655029493950721,0.44192615
B2A,cd303186fb.jpg,0.48889112417050823,0.66833526
B2A,cd34097029.jpg,0.7253029448312294,0.49145743
B2A,cd396d99a3.jpg,0.8513062650033169,0.36410123
B2A,cd3feb1181.jpg,0.6483405410659188,0.57171273
B2A,cd5d08f5be.jpg,0.7869230066666373,0.38774812
B2A,cd5e26b488.jpg,0.833860729874091,0.34382653
B2A,cd697d2806.jpg,0.68792882458925,0.38586876
B2A,cd6ebe93ba.jpg,0.7161465321692932,0.42525327
B2A,cd7c6b3be6.jpg,0.8184492372336362,0.3189913
B2A,cd805dd2c1.jpg,0.8375187207710305,0.4002561
B2A,cd813194f8.jpg,0.6316176102117994,0.55473715
B2A,cd8869c459.jpg,0.7247277101402603,0.32876623
B2A,cd8f124bd5.jpg,0.8133697099003617,0.27726877
B2A,cd909a57e7.jpg,0.7945455759836205,0.47911662
B2A,cd91b78ba2.jpg,0.7725865413780444,0.4141643
B2A,cd9d87bc3d.jpg,0.6024124765291092,0.35013688
B2A,cdb10fd47a.jpg,0.7663271776076981,0.5099985
B2A,cdb621d29d.jpg,0.5978607351484453,0.32620677
B2A,cdd0aedc77.jpg,0.7023633649612694,0.5432169
B2A,cddb43b9e7.jpg,0.7530192790798581,0.48914212
B2A,cddc890db6.jpg,0.6988732560268563,0.497145
B2A,cde8917c39.jpg,0.7112668226240902,0.37940073
B2A,ce09815c9c.jpg,0.5883930124514469,0.5069304
B2A,ce107a12eb.jpg,0.7990612836808615,0.3153025
B2A,ce15456147.jpg,0.6847527071360549,0.52941024
B2A,ce1740b144.jpg,0.7029326114192228,0.31844765
B2A,ce18e0a0f5.jpg,0.7986165068530502,0.49148482
B2A,ce2918591f.jpg,0.8035110078386566,0.32233804
B2A,ce2a521382.jpg,0.6478133257370472,0.405214
B2A,ce4521380b.jpg,0.6660603474387227,0.67666626
B2A,ce4868171a.jpg,0.49730008672037834,0.59650207
B2A,ce4c59ff3a.jpg,0.8609194864042197,0.3659531
B2A,ce55094dff.jpg,0.719852813305841,0.5017986
B2A,ce56788f42.jpg,0.8054438853343199,0.3363576
B2A,ce5ac8d0da.jpg,0.7858618739348516,0.36302096
B2A,ce5b830de2.jpg,0.8446959316908781,0.26027685
B2A,ce5d913383.jpg,0.687850603967087,0.47247493
B2A,ce6578f48a.jpg,0.8924488770462504,0.27828678
B2A,ce7a05feca.jpg,0.7519585354063634,0.44549876
B2A,ce83fda480.jpg,0.7392999447010787,0.4723149
B2A,ce9872420a.jpg,0.5562529236219288,0.59869826
B2A,ce9998c68f.jpg,0.5756399225744637,0.41238087
B2A,cec03efc5b.jpg,0.7131626965923711,0.43414658
B2A,cec134e6c0.jpg,0.8487474876085709,0.3060642
B2A,ceca1f8fa9.jpg,0.5618792712240304,0.47115767
B2A,ced29e1b27.jpg,0.719684359626564,0.30000788
B2A,ceed1c7fc6.jpg,0.8910232220587029,0.25755352
B2A,cefe679fa9.jpg,0.7632745607962146,0.2849474
B2A,cf019642a5.jpg,0.8116121499776789,0.36667266
B2A,cf02f9afe4.jpg,0.776916254309565,0.40012965
B2A,cf137a4d6f.jpg,0.7717738102064754,0.32111612
B2A,cf1d695996.jpg,0.7790976591094967,0.33123052
B2A,cf32b9f4e9.jpg,0.7252432288896901,0.45306575
B2A,cf36c56c38.jpg,0.7731904806022722,0.46861687
B2A,cf38193966.jpg,0.8477940848541187,0.24668232
B2A,cf46e070e9.jpg,0.9398855214464711,0.43582425
B2A,cf476a1333.jpg,0.6921089857652697,0.4839993
B2A,cf510d8083.jpg,0.6708082147323347,0.549921
B2A,cf5d68fd72.jpg,0.6661398158464032,0.3606539
B2A,cf6530e446.jpg,0.6761643452573501,0.50289416
B2A,cf6742d301.jpg,0.6162144408104416,0.5101903
B2A,cf8e66be82.jpg,0.7287302183032461,0.29568616
B2A,cfb3b9881d.jpg,0.7651606427251505,0.4857647
B2A,cfbca208c3.jpg,0.7983802796413279,0.41894954
B2A,cfbcd9372b.jpg,0.8220085155422446,0.32659185
B2A,cfc2bf0c47.jpg,0.6712609158603655,0.5664765
B2A,cfc6d4340f.jpg,0.4355782933497762,0.76526034
B2A,cfd44c64b5.jpg,0.6899830126559836,0.31079245
B2A,cfdaa19397.jpg,0.8388618477411293,0.2936387
B2A,cfe8899a0a.jpg,0.8190142566528293,0.30952612
B2A,cff53a63a5.jpg,0.6987417757740687,0.6311666
B2A,d003814d0e.jpg,0.7770265855528163,0.4004116
B2A,d00da2c9a6.jpg,0.7022752538788197,0.31289625
B2A,d01c505d6c.jpg,0.7563435797911121,0.49342144
B2A,d01ee012a8.jpg,0.6788941593596883,0.36743146
B2A,d03cc29634.jpg,0.8383672984766387,0.38208503
B2A,d03eda30db.jpg,0.7785385610305284,0.3725347
B2A,d053572af4.jpg,0.7817299292190678,0.3778093
B2A,d05f7b46c4.jpg,0.6641357699450707,0.5782587
B2A,d0765946b2.jpg,0.7376158132041126,0.34642103
B2A,d08cb8e751.jpg,0.7604971414172654,0.49791992
B2A,d09ad65e9a.jpg,0.6024896982971204,0.5742616
B2A,d0a1eed9dd.jpg,0.7175131360880496,0.3947194
B2A,d0b792d050.jpg,0.792077513070002,0.39141977
B2A,d0be1cb49b.jpg,0.6725410213801022,0.4225725
B2A,d0bf5f6a79.jpg,0.8164708262625602,0.33367652
B2A,d0c2bf5ee4.jpg,0.6818792873158456,0.32586613
B2A,d0c5001014.jpg,0.9232686146047717,0.31121027
B2A,d0cb3e02c5.jpg,0.8303993986979099,0.32650995
B2A,d0de1d07ab.jpg,0.8670853222236808,0.37749985
B2A,d0e02b3cca.jpg,0.6919147684280641,0.55053854
B2A,d0e5067af3.jpg,0.7990412928474969,0.41800588
B2A,d0eda9c6a2.jpg,0.8409286301675594,0.3884443
B2A,d0f878cc17.jpg,0.564971133363379,0.5555265
B2A,d0ff4dbd71.jpg,0.7266964362467715,0.648509
B2A,d1015b409e.jpg,0.6247894007311068,0.5955185
B2A,d104600dfb.jpg,0.8108675718224476,0.38788494
B2A,d12a49b5f4.jpg,0.8118864690482226,0.2673517
B2A,d1340eb9e0.jpg,0.7799875931266456,0.43532357
B2A,d14363b745.jpg,0.7487493910324787,0.4879718
B2A,d146966f14.jpg,0.846346485096633,0.3063772
B2A,d161e72471.jpg,0.7227622702391808,0.35842955
B2A,d169a63b7f.jpg,0.741060983365268,0.36088705
B2A,d17d89d337.jpg,0.6869197642812602,0.43114248
B2A,d1879069e7.jpg,0.5968922915544678,0.5522144
B2A,d188b93438.jpg,0.7124471804159933,0.41154143
B2A,d188df6a22.jpg,0.6856402720718344,0.57617843
B2A,d1893ab238.jpg,0.8378346634105128,0.32127908
B2A,d1a661c8da.jpg,0.7607790024492953,0.28530118
B2A,d1a6cb893d.jpg,0.6109141131971875,0.73482263
B2A,d1ad00d90c.jpg,0.6194862543793423,0.56195796
B2A,d1e043b730.jpg,0.7778316036121569,0.33326456
B2A,d1e060bfb6.jpg,0.8443728794454362,0.29602924
B2A,d1e18d7e5b.jpg,0.5471257041173765,0.49681956
B2A,d1e6fbffd7.jpg,0.7431329847076927,0.4335959
B2A,d1f62310c3.jpg,0.7542896688544464,0.29407084
B2A,d225c560e6.jpg,0.7793869005887079,0.34801206
B2A,d246393b8c.jpg,0.6723300418592008,0.45219496
B2A,d279169f0b.jpg,0.7528588791722941,0.411674
B2A,d27b1e3c9b.jpg,0.7913019905850481,0.38910532
B2A,d2b5bc2fec.jpg,0.7474807156487301,0.42557395
B2A,d2c6728caf.jpg,0.7803323756889479,0.5015424
B2A,d2d4d23be2.jpg,0.8120203527170902,0.42082307
B2A,d2db5c1d58.jpg,0.6998430615245831,0.57909214
B2A,d2e17623a7.jpg,0.45792663422713004,0.5123737
B2A,d2e6f685fd.jpg,0.6256773723265522,0.4852
B2A,d2e84b4d1e.jpg,0.7085412377293354,0.47803968
B2A,d2fc2edddc.jpg,0.8625961854337137,0.33682367
B2A,d314454c0e.jpg,0.814203178404991,0.3025373
B2A,d314628676.jpg,0.8393664079608035,0.4513714
B2A,d3154830df.jpg,0.7295172229818845,0.40694362
B2A,d31a8ff3a5.jpg,0.6984277442109906,0.42334285
B2A,d32205861f.jpg,0.7711783556947652,0.4319827
B2A,d3269848d4.jpg,0.7975002575430638,0.3135561
B2A,d3284f750d.jpg,0.6881496859119081,0.37642795
B2A,d32eb0c36c.jpg,0.8080570886088921,0.36044112
B2A,d32ed2129f.jpg,0.8270254353186676,0.27866024
B2A,d33072a436.jpg,0.7065888211722948,0.38243434
B2A,d336c14238.jpg,0.848147386668263,0.23244303
B2A,d3394edae8.jpg,0.7861090104896516,0.34774584
B2A,d33f9a1542.jpg,0.770554727431986,0.32225186
B2A,d35ae2cbae.jpg,0.714835907270275,0.58280855
B2A,d35bc5d14a.jpg,0.8178888669627047,0.5047575
B2A,d3650f6c75.jpg,0.7951007825921211,0.33284613
B2A,d3703e6c9e.jpg,0.8828064612485553,0.24031174
B2A,d37045ad87.jpg,0.6508261307525925,0.41928667
B2A,d37e5269d1.jpg,0.9248769902177839,0.23171066
B2A,d38aea73cd.jpg,0.7800165953410994,0.39918634
B2A,d38b20fe5c.jpg,0.6696069241729719,0.56097525
B2A,d3930d44de.jpg,0.5402648801215322,0.66792566
B2A,d3957c616c.jpg,0.5922775761478702,0.45423102
B2A,d39869db76.jpg,0.8349887496750676,0.32978344
B2A,d3a25f9804.jpg,0.5713057168717213,0.47320914
B2A,d3aab5add0.jpg,0.8119253585905134,0.3746509
B2A,d3b6567912.jpg,0.7160210382872386,0.5818685
B2A,d3c463dd3b.jpg,0.7717306370649926,0.42244613
B2A,d3c57387ec.jpg,0.5554165470344512,0.47203603
B2A,d3f0e309e0.jpg,0.8669897725026265,0.26168826
B2A,d3f0f026a8.jpg,0.5714608829099872,0.50682425
B2A,d3f2a0bb2c.jpg,0.69671047554932,0.40780276
B2A,d3f454681f.jpg,0.7481470961202334,0.38006723
B2A,d3f696828f.jpg,0.7027793264102793,0.36253488
B2A,d3ff9bca9e.jpg,0.6138242311788439,0.36972514
B2A,d415017bc2.jpg,0.767866812844701,0.41249964
B2A,d418ba98f8.jpg,0.752003730951847,0.56387633
B2A,d41cc915ff.jpg,0.8653782584858338,0.36735854
B2A,d42372229a.jpg,0.6169899007040494,0.46318302
B2A,d42f03cd81.jpg,0.8213139456293762,0.35011655
B2A,d42f6d7652.jpg,0.8534466254529895,0.37982255
B2A,d4471a4a4e.jpg,0.6533480646290645,0.5614723
B2A,d44857998f.jpg,0.8169039375768156,0.4755453
B2A,d4689bd3d9.jpg,0.8488470270676202,0.28328267
B2A,d47b4da779.jpg,0.8042306031890438,0.36675465
B2A,d4844e2dad.jpg,0.6489169113278017,0.47067255
B2A,d48a2d6bfd.jpg,0.7790147394523573,0.28657633
B2A,d48b8bf03a.jpg,0.7872857821616823,0.5498911
B2A,d492ae08d5.jpg,0.8114044087841195,0.522771
B2A,d498591082.jpg,0.7257574415886253,0.41255292
B2A,d4a71919e4.jpg,0.7187159362139238,0.63881946
B2A,d4bb813fdc.jpg,0.7501814041622604,0.371306
B2A,d4c215c09e.jpg,0.7751976558721501,0.3332849
B2A,d4c2eb38da.jpg,0.5222792869896136,0.5999719
B2A,d4cbd9c9b0.jpg,0.8489280348956807,0.5825595
B2A,d4cdb47bdf.jpg,0.7156395777941895,0.36971468
B2A,d4ce5e251f.jpg,0.7863105274569477,0.26619273
B2A,d4d578acf5.jpg,0.5005381845171301,0.40466967
B2A,d4dbddb77b.jpg,0.6904188474250049,0.3935377
B2A,d4de7602c5.jpg,0.8226826638730952,0.27557397
B2A,d4dee83e40.jpg,0.7892841501122491,0.3886748
B2A,d4e9f0b0ce.jpg,0.8165426685191047,0.2884214
B2A,d4f60f4701.jpg,0.6306986296840311,0.55567425
B2A,d4f9dfa248.jpg,0.7897907633191479,0.29294392
B2A,d509c85ae9.jpg,0.8264428770678991,0.26902848
B2A,d5111e3439.jpg,0.8505043431152417,0.32066774
B2A,d52dea5485.jpg,0.7915434579012932,0.3020958
B2A,d532d31ce9.jpg,0.7271844517238861,0.35804567
B2A,d53b1a61cc.jpg,0.7945636489095256,0.32138646
B2A,d53c1a6896.jpg,0.8264061902981015,0.46903202
B2A,d53c658d5d.jpg,0.8025413748142868,0.24860714
B2A,d549b4831b.jpg,0.8043912573623656,0.34885144
B2A,d5568c935b.jpg,0.7560306346954921,0.3122701
B2A,d565375662.jpg,0.5685483670935652,0.35738692
B2A,d5672156cb.jpg,0.7202553057013189,0.3730587
B2A,d5687d4334.jpg,0.4887537136311608,0.63340104
B2A,d573bdf312.jpg,0.8429624185809638,0.37141433
B2A,d587e73d3c.jpg,0.4712918318265687,0.39706838
B2A,d58ae30774.jpg,0.5573033483065623,0.34475267
B2A,d59e1972e6.jpg,0.6840519958047515,0.3633138
B2A,d5a509f069.jpg,0.541935961926775,0.54825115
B2A,d5a787ca7f.jpg,0.9050781217491267,0.30268353
B2A,d5bdd46e8e.jpg,0.6861243379484083,0.36988586
B2A,d5c5f591ab.jpg,0.6621628651223856,0.518558
B2A,d5c7781f64.jpg,0.8023500616793771,0.31207913
B2A,d5d2fad470.jpg,0.7735269484462872,0.291453
B2A,d5d5790444.jpg,0.7358358372202789,0.32544672
B2A,d5d6b091be.jpg,0.812942061225591,0.41812518
B2A,d5df90dea4.jpg,0.85121031729937,0.29232812
B2A,d5f266c340.jpg,0.5803919345879065,0.6785648
B2A,d5f3633c07.jpg,0.832430943589706,0.38766703
B2A,d5fa8c4e07.jpg,0.780348803369724,0.4403862
B2A,d5fd16b1ae.jpg,0.8164975186191746,0.4199185
B2A,d604fa140f.jpg,0.7486891543733294,0.6455811
B2A,d6086a2b97.jpg,0.8633635863505775,0.30901346
B2A,d615a2ad47.jpg,0.7718846353162971,0.262608
B2A,d62a9671f5.jpg,0.7150369191540605,0.2577193
B2A,d62e9d07dd.jpg,0.715335033572367,0.5187892
B2A,d62eeaccb0.jpg,0.8796669671081522,0.3319843
B2A,d63d194a4d.jpg,0.6777432967945987,0.668095
B2A,d64608c4e4.jpg,0.5931367080707086,0.45392087
B2A,d6485b0368.jpg,0.8036138198890111,0.30460933
B2A,d665568cdf.jpg,0.7914609678984771,0.45581368
B2A,d6711262bf.jpg,0.8186850827964125,0.2828076
B2A,d696cf4eaf.jpg,0.7518814672016372,0.42318106
B2A,d6970035e5.jpg,0.5960301032424022,0.25784796
B2A,d6a2175011.jpg,0.7533716027236955,0.40299016
B2A,d6a72784ba.jpg,0.7277108029486301,0.52933526
B2A,d6ae4d6c30.jpg,0.7117205034028092,0.54688674
B2A,d6b0733797.jpg,0.8126443752247389,0.39353374
B2A,d6c5343b4f.jpg,0.9137397587138112,0.38652146
B2A,d6d5bf2fc2.jpg,0.6996712121487063,0.40054175
B2A,d6d97e039e.jpg,0.5860884570977996,0.5217263
B2A,d6da10b7f5.jpg,0.771934084271461,0.37017196
B2A,d6dcf25188.jpg,0.8021195957501627,0.26424146
B2A,d6e30ab5d6.jpg,0.7791295248011995,0.31388292
B2A,d6ec137527.jpg,0.7985926343569242,0.33375913
B2A,d6ffd07557.jpg,0.5348819216604707,0.42072898
B2A,d710d55142.jpg,0.7286134030906893,0.34918675
B2A,d711d39160.jpg,0.7032919184113925,0.4197001
B2A,d725fc1f6c.jpg,0.7352029659941273,0.37276667
B2A,d735b2e3ba.jpg,0.6418145585254368,0.45476872
B2A,d73677d70a.jpg,0.8464110684969361,0.45573807
B2A,d74102274f.jpg,0.6361426658613001,0.5267733
B2A,d744753df3.jpg,0.7903386499621211,0.35973275
B2A,d750bc223e.jpg,0.8005397623963033,0.39953625
B2A,d768b070fb.jpg,0.6464848493017262,0.53666514
B2A,d76a286580.jpg,0.8722887450374699,0.29054904
B2A,d77588d82a.jpg,0.6694050536519339,0.34998465
B2A,d780fc984e.jpg,0.7995574146228496,0.4824548
B2A,d782a6d8c3.jpg,0.8346053642021841,0.25218722
B2A,d782a9909e.jpg,0.4888772152802169,0.6191176
B2A,d7931ef243.jpg,0.8182568538447897,0.33085057
B2A,d796721fb5.jpg,0.6792686442506547,0.36350855
B2A,d7a476f83c.jpg,0.7493944123238484,0.45651284
B2A,d7a5cd28b6.jpg,0.7114065808767319,0.4091999
B2A,d7a7a0f511.jpg,0.772622708767402,0.4733144
B2A,d7a88b2a80.jpg,0.7102385134750016,0.3666147
B2A,d7aba83758.jpg,0.7555602544927779,0.2755999
B2A,d7b0822c4d.jpg,0.6165115235368755,0.35580915
B2A,d7ba967556.jpg,0.8461750383438409,0.3681844
B2A,d7c80f2f1c.jpg,0.6130737352402232,0.39670986
B2A,d7d2dcd8cb.jpg,0.7846939638120026,0.24316049
B2A,d7db542422.jpg,0.7169494816645716,0.4469474
B2A,d7e12eb311.jpg,0.5327181428728543,0.46912488
B2A,d7e1b8775d.jpg,0.7795582209390562,0.37255082
B2A,d7e64f3b75.jpg,0.7137478510432524,0.5199979
B2A,d7e948b103.jpg,0.8416850747818271,0.32285348
B2A,d7f0767146.jpg,0.7136258918778093,0.27540708
B2A,d7f614f501.jpg,0.7427743113219104,0.3374512
B2A,d7f98bd210.jpg,0.5808635059558286,0.42491418
B2A,d7fa7571fb.jpg,0.8481522145178042,0.28137562
B2A,d7faed0983.jpg,0.8086451267852789,0.31091422
B2A,d7fe5c1813.jpg,0.75470149380073,0.45354703
B2A,d8071daab5.jpg,0.8319195418072327,0.30485103
B2A,d80d4c93de.jpg,0.6296540510108447,0.5196637
B2A,d8203958e4.jpg,0.861055408515311,0.29014495
B2A,d828712765.jpg,0.6595638797253268,0.3785521
B2A,d829b461da.jpg,0.7716733639637016,0.25685567
B2A,d8352d8b46.jpg,0.6369470184600072,0.39528078
B2A,d83783faee.jpg,0.8090597973253113,0.33141518
B2A,d83b284745.jpg,0.8536141403250809,0.3703111
B2A,d84246da4d.jpg,0.8106035675659662,0.2609962
B2A,d842c67749.jpg,0.7139386078250217,0.57880515
B2A,d84eb83137.jpg,0.8463008205430805,0.30793366
B2A,d8520bbf71.jpg,0.7227762927411736,0.63358897
B2A,d860d82c66.jpg,0.6281443597426375,0.38520998
B2A,d86bcf2cb1.jpg,0.6179146521282165,0.60505044
B2A,d871a0f7d6.jpg,0.6540346172870976,0.369439
B2A,d8733f7b37.jpg,0.691823094195728,0.45650208
B2A,d88df3e4db.jpg,0.6650777151492577,0.40387207
B2A,d896bafc3a.jpg,0.6566623658655749,0.45570296
B2A,d8a5d84b9c.jpg,0.7697703246450855,0.40332448
B2A,d8a82e544c.jpg,0.87186887503959,0.4654678
B2A,d8b5422831.jpg,0.6698253695638442,0.54553556
B2A,d8b89867b7.jpg,0.6098911841891861,0.5835844
B2A,d8e591ee2c.jpg,0.7207413229316063,0.32894492
B2A,d8f841bc79.jpg,0.7449403349994533,0.52142835
B2A,d8fbe8e68c.jpg,0.851229885956627,0.36638138
B2A,d9081260de.jpg,0.7976140351530484,0.41738984
B2A,d90bdfc690.jpg,0.5890966138847654,0.54215467
B2A,d910783d61.jpg,0.6347811673726046,0.52714086
B2A,d91c1034e5.jpg,0.8075946553834018,0.40713784
B2A,d91c9eba83.jpg,0.8517905949999306,0.5191425
B2A,d9213433cf.jpg,0.7961413390297919,0.38331616
B2A,d925ef5aff.jpg,0.558819485743756,0.5851194
B2A,d926f81b43.jpg,0.6965654219253594,0.3893808
B2A,d939c19419.jpg,0.8015148587535206,0.27095747
B2A,d93e5f8eb7.jpg,0.7299063066129536,0.5558267
B2A,d93e6be372.jpg,0.8945867928063505,0.30143636
B2A,d94541fa5b.jpg,0.8934247236545177,0.31375295
B2A,d94766bf33.jpg,0.54769076594455,0.51342875
B2A,d9543c27a3.jpg,0.6560500235610709,0.32548022
B2A,d9553c2962.jpg,0.859258846491979,0.31749934
B2A,d95ef93115.jpg,0.823867979340741,0.3185117
B2A,d961320e9a.jpg,0.6971797480420585,0.4272035
B2A,d9625e6971.jpg,0.7343783213483827,0.39782164
B2A,d9673840a1.jpg,0.5804111622353736,0.5713361
B2A,d96e82c6f6.jpg,0.7367308372913125,0.3928685
B2A,d971072ac0.jpg,0.5953771004582942,0.34496737
B2A,d97bbd8692.jpg,0.6781095785785033,0.42149022
B2A,d97f10bdd5.jpg,0.7434168134074436,0.35881847
B2A,d993fbb271.jpg,0.7317102986032724,0.31694332
B2A,d997322544.jpg,0.8164018002940858,0.309302
B2A,d99ae9a1ca.jpg,0.6827422447658984,0.4882649
B2A,d9a87c0d5d.jpg,0.7336910551341683,0.466042
B2A,d9bbbafa03.jpg,0.7864362129740285,0.40361533
B2A,d9c29a7cbf.jpg,0.7592812028153894,0.32356888
B2A,d9c5c047d2.jpg,0.8318548848272659,0.242938
B2A,d9c9f0392c.jpg,0.8201805548849559,0.4128022
B2A,d9cbda5356.jpg,0.7440491775053096,0.29767376
B2A,d9da605ace.jpg,0.6285009632234211,0.48537257
B2A,d9e227f734.jpg,0.7957329609869993,0.42313182
B2A,d9e879879a.jpg,0.6586061054946338,0.512251
B2A,da02be50b3.jpg,0.676991204129728,0.33802968
B2A,da0471dd85.jpg,0.5399500891477678,0.7092307
B2A,da10c654ce.jpg,0.8784339211575495,0.34978598
B2A,da2691d719.jpg,0.8407889584649996,0.4101752
B2A,da28b99645.jpg,0.7463732524756452,0.3016556
B2A,da342ea116.jpg,0.8294726764626362,0.34823078
B2A,da392927b1.jpg,0.8197672664635697,0.31344944
B2A,da3b4dd28e.jpg,0.6086516952579127,0.5957149
B2A,da3bac3250.jpg,0.6966756634897443,0.35873216
B2A,da53718103.jpg,0.6607975615973982,0.50436985
B2A,da6c915502.jpg,0.8239151585232235,0.3050778
B2A,da6d4d9ea2.jpg,0.6969851104464145,0.36521804
B2A,da86565952.jpg,0.5272479143094797,0.58544666
B2A,da920bf4bc.jpg,0.716483275459804,0.41471523
B2A,daa4352f54.jpg,0.6602638260864298,0.5935442
B2A,daa8fa4579.jpg,0.7712383672511254,0.35161537
B2A,dabaad16e8.jpg,0.509183054007585,0.5483851
B2A,dabaf0f8aa.jpg,0.8120192393146555,0.33496115
B2A,dabcf502f4.jpg,0.5486662391641468,0.61924726
B2A,dac8b251fd.jpg,0.7783446344816075,0.33367753
B2A,dae46a168b.jpg,0.9024989613579463,0.25707775
B2A,dae9ee7a11.jpg,0.5867423065528402,0.5019284
B2A,daee416ffe.jpg,0.8363517867699988,0.37836817
B2A,daf0f4bdc1.jpg,0.8365648955483914,0.33570823
B2A,dafda5c17a.jpg,0.5674407157521552,0.54076767
B2A,db00979196.jpg,0.6811995049161937,0.28867736
B2A,db052e5241.jpg,0.8820934871584207,0.35517585
B2A,db0d9fdaec.jpg,0.5664401915530215,0.39481878
B2A,db0ecb48c4.jpg,0.8532500611778429,0.40462732
B2A,db14eba4e1.jpg,0.7255031857328342,0.44351736
B2A,db18f28537.jpg,0.7669869201873424,0.37703624
B2A,db1f18b059.jpg,0.8200412733989428,0.33797893
B2A,db2b40dd94.jpg,0.7786066363846094,0.4037212
B2A,db2e0f3cdf.jpg,0.818927454325783,0.45801115
B2A,db4fd99e56.jpg,0.7437735903076296,0.41378802
B2A,db58221d78.jpg,0.841258911513275,0.36146563
B2A,db59f96bfc.jpg,0.8393194901318488,0.3637186
B2A,db70823e2b.jpg,0.8170705916514489,0.395654
B2A,db7fd38aa5.jpg,0.5597288664624016,0.34321994
B2A,db86c73152.jpg,0.8101629034845376,0.3136265
B2A,db9cfcd293.jpg,0.7421770572694899,0.37907782
B2A,dba404b1bd.jpg,0.4523071985746213,0.41097814
B2A,dbba4e41d0.jpg,0.7978427823941558,0.44027776
B2A,dbbe9bbb8e.jpg,0.8305644857697525,0.27911237
B2A,dbbed3a8c7.jpg,0.7066568180401571,0.45663935
B2A,dbbfe0e846.jpg,0.755538376679058,0.4486463
B2A,dbc0d26415.jpg,0.8240526795799938,0.3604349
B2A,dbc5daad12.jpg,0.7048072472026828,0.56050515
B2A,dbd3bf1236.jpg,0.8668519491703023,0.34187976
B2A,dbef8e6c0a.jpg,0.7992878245267958,0.34111184
B2A,dbf9e7be99.jpg,0.8126634964112164,0.42627066
B2A,dc0f97a1aa.jpg,0.7205232312015035,0.38069323
B2A,dc121d7f9b.jpg,0.7448895424183818,0.56667984
B2A,dc258c8a0b.jpg,0.6814015338859438,0.30148572
B2A,dc26513fe8.jpg,0.7143554834125729,0.39369962
B2A,dc2abc2e66.jpg,0.8083243014998529,0.37962812
B2A,dc307002d2.jpg,0.5707172068506842,0.50514364
B2A,dc549bebc4.jpg,0.6353919000454635,0.41785213
B2A,dc5829408f.jpg,0.7653440724990006,0.5214524
B2A,dc5f1c23a0.jpg,0.8644093192311783,0.2501625
B2A,dc629cae14.jpg,0.772812282408293,0.35058582
B2A,dc631c9b2a.jpg,0.8411245577322074,0.30283487
B2A,dc74902b39.jpg,0.6906844257323168,0.4315273
B2A,dc8a5d64eb.jpg,0.6802600955805256,0.40932286
B2A,dc8b552cc5.jpg,0.8411120555179573,0.32999593
B2A,dc938fd3f7.jpg,0.7639914226125548,0.40188828
B2A,dc98f07caf.jpg,0.8487664394463634,0.29173008
B2A,dc9943d9eb.jpg,0.5962761773617024,0.5919191
B2A,dc9d581332.jpg,0.6652465298590984,0.4486611
B2A,dca4c17096.jpg,0.7069941015683046,0.35440862
B2A,dcbdd75640.jpg,0.8429781272730497,0.31121263
B2A,dcca4f8bb6.jpg,0.8494238015327215,0.24421075
B2A,dccb6e42ee.jpg,0.557433224224075,0.5537464
B2A,dce963b80b.jpg,0.6803704925989404,0.5298717
B2A,dcf4c2cbb1.jpg,0.647393639178872,0.41952989
B2A,dcfa634264.jpg,0.7891994398916286,0.29183105
B2A,dd036adfe5.jpg,0.7571660993444664,0.39170992
B2A,dd232bb32f.jpg,0.6585832266853674,0.3365007
B2A,dd26e604b1.jpg,0.6348243369268199,0.454836
B2A,dd2a4f5af6.jpg,0.7954291453749814,0.25875872
B2A,dd59da4b8e.jpg,0.8053788745828636,0.38410437
B2A,dd6a426ccb.jpg,0.7962287416680888,0.259467
B2A,dd80a0ae1c.jpg,0.8668344742089872,0.34767514
B2A,dd8cf7b53e.jpg,0.7446606182441287,0.41324747
B2A,dd98d8bda5.jpg,0.822141589917196,0.25367978
B2A,dda084c63b.jpg,0.7268759553369696,0.4955323
B2A,ddb1124c29.jpg,0.8759929523973728,0.2868765
B2A,ddb17e566c.jpg,0.7639595714494244,0.45746395
B2A,ddb386ce3e.jpg,0.7806383830515297,0.39687788
B2A,ddb8baf94a.jpg,0.772991213298705,0.41955662
B2A,ddc08a0803.jpg,0.8870170309697298,0.35234362
B2A,ddc5ea8270.jpg,0.7142975986681934,0.41707382
B2A,ddd674f433.jpg,0.7608814212189368,0.3824335
B2A,dde4567678.jpg,0.8372281985143115,0.27117047
B2A,de010cbbc2.jpg,0.7388152222879854,0.44498637
B2A,de059c7bbf.jpg,0.8346846572522444,0.2704479
B2A,de05b6bb2f.jpg,0.769716728937583,0.2991469
B2A,de10876989.jpg,0.6811597709033249,0.39038026
B2A,de241d55fc.jpg,0.9704861527230159,0.23934376
B2A,de2f9d1599.jpg,0.7511109740886088,0.32948273
B2A,de31a67502.jpg,0.7290002102760283,0.466755
B2A,de34c78357.jpg,0.6640598517997638,0.44345212
B2A,de37e2ad60.jpg,0.8472629731744991,0.31150138
B2A,de457df144.jpg,0.8293500202857684,0.32953417
B2A,de4f73e2e6.jpg,0.6129622958744999,0.52755654
B2A,de59f8afb3.jpg,0.8075961740777614,0.37111634
B2A,de6510a7ab.jpg,0.8881121581163517,0.24562813
B2A,de6bf0cb04.jpg,0.7564427254858903,0.45785424
B2A,de7ed78f5a.jpg,0.7005178304368974,0.4716873
B2A,de86577a5b.jpg,0.6535774369645627,0.23499852
B2A,de86feb03d.jpg,0.5963493969865086,0.3224023
B2A,dea009ab5b.jpg,0.846072042860389,0.4027195
B2A,dea330a02f.jpg,0.8652702412367891,0.37583286
B2A,deafff753c.jpg,0.6965571296155211,0.5774202
B2A,deb67f6b0e.jpg,0.7740079345185255,0.39013782
B2A,debf11d04c.jpg,0.8684733249772469,0.32920918
B2A,dec3ab2321.jpg,0.8345795338477676,0.37049073
B2A,ded7482c2c.jpg,0.850487346781585,0.3025513
B2A,ded8ffa3ca.jpg,0.8576926784141604,0.27305317
B2A,def0cd31b2.jpg,0.6996061730381946,0.62149316
B2A,def8bd92f4.jpg,0.6671093073516308,0.61572146
B2A,df017c0778.jpg,0.7714687535307799,0.3992176
B2A,df04d84ca9.jpg,0.7848260698997144,0.39583343
B2A,df1b2ded30.jpg,0.8086891937022418,0.44320497
B2A,df21dd363b.jpg,0.8779871152793902,0.3518536
B2A,df26cc01aa.jpg,0.798346640711046,0.3103037
B2A,df2c0d53a4.jpg,0.645779264609466,0.55170494
B2A,df2eddf8b4.jpg,0.8189210608607135,0.25890535
B2A,df34b6c0e8.jpg,0.7984584419142734,0.33347607
B2A,df3688f698.jpg,0.6629763427662649,0.49819508
B2A,df36a9efd4.jpg,0.6318850321148103,0.5440339
B2A,df4975e8bf.jpg,0.8975034725647605,0.26853272
B2A,df571c611d.jpg,0.7221929417188668,0.39729056
B2A,df65517316.jpg,0.5413864961724241,0.49605262
B2A,df717b23e2.jpg,0.7618094065163538,0.36685258
B2A,df71b50ac1.jpg,0.7078431582283138,0.32289547
B2A,df7438a2d8.jpg,0.6617901120768052,0.43755633
B2A,df75caef2e.jpg,0.8203719123173661,0.25406837
B2A,df7ada692b.jpg,0.7487938317166097,0.41000593
B2A,df895d4f4f.jpg,0.8393051652457132,0.32977635
B2A,dfa6cb635d.jpg,0.6393262288729337,0.38974
B2A,dfb9e202de.jpg,0.6975215253347253,0.5412032
B2A,dfbd52ecf5.jpg,0.7598107180812153,0.38692716
B2A,dfcd9af740.jpg,0.864938718450674,0.3731284
B2A,dfd3b1a8bf.jpg,0.7633371525110428,0.6404197
B2A,dfdb05692f.jpg,0.851223516759962,0.30591777
B2A,dfdf679899.jpg,0.6631254282654535,0.43092394
B2A,dfe59079af.jpg,0.716752671797038,0.36220527
B2A,dfedfba018.jpg,0.7777558612438239,0.28038627
B2A,dfee298b96.jpg,0.6166635664036227,0.673371
B2A,dff450dda1.jpg,0.8726292011725586,0.33947402
B2A,dff66a7d64.jpg,0.6992744489025715,0.62878776
B2A,dff763c552.jpg,0.752342316949549,0.4475846
B2A,e00bba74a2.jpg,0.8237700936514847,0.4059971
B2A,e01fe394d8.jpg,0.8455097294168574,0.35219127
B2A,e0216cf2a8.jpg,0.6949174472689282,0.5880479
B2A,e0316f1950.jpg,0.644486498483931,0.5566208
B2A,e0328c7d7c.jpg,0.7509199751596146,0.45913726
B2A,e038af63fe.jpg,0.8121459652611532,0.3547103
B2A,e039712ade.jpg,0.7501871101641353,0.3284573
B2A,e03b2a6164.jpg,0.624943558159173,0.2624256
B2A,e04291a057.jpg,0.8484500195249343,0.30976543
B2A,e048cbd49e.jpg,0.8269158153789737,0.3274497
B2A,e050f1a2a9.jpg,0.7929794577255267,0.4506318
B2A,e05899ed06.jpg,0.5733854440452317,0.4464922
B2A,e05c7f85ef.jpg,0.8504163459436985,0.28422394
B2A,e068415db1.jpg,0.6279845233069377,0.41447297
B2A,e068928755.jpg,0.8086222348559404,0.35554272
B2A,e071db584c.jpg,0.8269093800539361,0.29355162
B2A,e0839b3c2e.jpg,0.7940049174780817,0.30131313
B2A,e08fc2d70e.jpg,0.8286575497584876,0.4815933
B2A,e091476985.jpg,0.8460966226499015,0.26816005
B2A,e09576695b.jpg,0.7982791848088773,0.41643077
B2A,e0a9fecd26.jpg,0.7135864915460479,0.38729838
B2A,e0b1a4f104.jpg,0.7455078293183789,0.37761295
B2A,e0b6abfd6d.jpg,0.7477400391986613,0.31489384
B2A,e0c949a987.jpg,0.8392608582711577,0.41186792
B2A,e0cfa9d464.jpg,0.7698511498309937,0.36525464
B2A,e0d48fc860.jpg,0.8509218973775455,0.37790537
B2A,e0d7f40a24.jpg,0.7245412715278476,0.49992123
B2A,e0d9fadae6.jpg,0.6704308744624872,0.23198563
B2A,e0db07d90e.jpg,0.647460903512893,0.5484181
B2A,e0e0bd66eb.jpg,0.5227138173238357,0.31437278
B2A,e0edc2d1ff.jpg,0.8208303088984175,0.36899787
B2A,e0f0dc2983.jpg,0.6147877979795493,0.47299987
B2A,e0f7f0bb22.jpg,0.5493400314257324,0.29791838
B2A,e0fce775af.jpg,0.7030838107247388,0.39759195
B2A,e0ffb419d8.jpg,0.6379469141485204,0.48459142
B2A,e103e37ef6.jpg,0.682740550723014,0.4563303
B2A,e10f4e0249.jpg,0.9222876960423839,0.2536885
B2A,e1107c721b.jpg,0.6466942175155791,0.61904746
B2A,e12532498c.jpg,0.7021010380598927,0.4494518
B2A,e13f5e00b9.jpg,0.9007421039875991,0.28869796
B2A,e1421bcb6d.jpg,0.6329804009962011,0.61032003
B2A,e14520fb9c.jpg,0.7104712648613546,0.5808907
B2A,e154b39c0c.jpg,0.6863995944803286,0.4091566
B2A,e158554d68.jpg,0.6293669198627152,0.7295512
B2A,e15ebb6b26.jpg,0.574267715775286,0.5183974
B2A,e180ce65fe.jpg,0.8481328051019327,0.4584566
B2A,e18c605daf.jpg,0.8414333933333213,0.36730847
B2A,e191e362cc.jpg,0.8593089477070753,0.28454676
B2A,e195754758.jpg,0.6583988166338125,0.4241129
B2A,e1b8768630.jpg,0.6159237704436978,0.40392148
B2A,e1e42d1e1d.jpg,0.73589566422447,0.42358053
B2A,e1e7add957.jpg,0.7854962416997873,0.25945172
B2A,e1f01aed34.jpg,0.7595782321947717,0.2816183
B2A,e1f044dff1.jpg,0.6075157532966501,0.5543084
B2A,e2050f818f.jpg,0.7822668484722982,0.40677786
B2A,e20e016680.jpg,0.5789415539409819,0.5760699
B2A,e20f79f596.jpg,0.7158576380631109,0.46676573
B2A,e218d1a1ea.jpg,0.7074436056545915,0.3805267
B2A,e219f69873.jpg,0.8932551633804923,0.28657353
B2A,e22fbe22ff.jpg,0.6531906918550585,0.4363774
B2A,e239290d7a.jpg,0.8352967322659914,0.37722793
B2A,e23da13385.jpg,0.6984781004376794,0.44357064
B2A,e23dd4b66b.jpg,0.8027931483370017,0.35135093
B2A,e24d11659e.jpg,0.7582643492129032,0.32249895
B2A,e25a309e7f.jpg,0.6632253854742761,0.4993712
B2A,e262ebdb71.jpg,0.7569894298629034,0.37915388
B2A,e26f08910a.jpg,0.8399827481884844,0.28171462
B2A,e276cfea71.jpg,0.7269311284296164,0.34411475
B2A,e278a31c95.jpg,0.6955346737706178,0.3696694
B2A,e2816c6358.jpg,0.7069644159559212,0.3994497
B2A,e2921fb3bc.jpg,0.7913132100255774,0.34305596
B2A,e29891901c.jpg,0.8266120288506182,0.3603669
B2A,e29923569e.jpg,0.876619455225255,0.26097602
B2A,e2be127e28.jpg,0.5437417085629634,0.46049365
B2A,e2cc5d0740.jpg,0.7659553179475452,0.32802254
B2A,e2dd4bdeef.jpg,0.7916545562530132,0.4489
B2A,e2e1192489.jpg,0.5890723709552692,0.46882486
B2A,e2e85f68e0.jpg,0.8874251266489422,0.306754
B2A,e2ebe675f8.jpg,0.8559417523370507,0.3455857
B2A,e2ec96f0b4.jpg,0.7191924293486318,0.41983032
B2A,e2f37052c1.jpg,0.5775909681904277,0.5486556
B2A,e3148aa017.jpg,0.8955255068014178,0.25065878
B2A,e31668e912.jpg,0.7865433331095485,0.36858135
B2A,e33556dc35.jpg,0.587420549056741,0.74453664
B2A,e33bb81f2b.jpg,0.7240309536355943,0.34898862
B2A,e34010decc.jpg,0.8041602859128971,0.33355397
B2A,e340c22dc4.jpg,0.7528908524823255,0.36654174
B2A,e344e433cc.jpg,0.9043387456459544,0.40640187
B2A,e347492218.jpg,0.7675260900085942,0.49009508
B2A,e3477e1ec7.jpg,0.82625327323493,0.34069955
B2A,e34ae8c169.jpg,0.8045143800683561,0.3854106
B2A,e3557bd3e7.jpg,0.7764698498004913,0.40968472
B2A,e3618e9a11.jpg,0.7744891074197165,0.40951794
B2A,e365dae98b.jpg,0.4670141401020178,0.5715586
B2A,e37b3a49d9.jpg,0.6091185062397995,0.4708812
B2A,e37e071314.jpg,0.7863675686150563,0.38576767
B2A,e38186a614.jpg,0.7059246608555063,0.29762805
B2A,e388432c26.jpg,0.7790021201778182,0.546193
B2A,e39562f090.jpg,0.7827446052079412,0.44173872
B2A,e3997e52e9.jpg,0.8074160517098112,0.42722094
B2A,e3cb3ad674.jpg,0.8594494464325086,0.31447062
B2A,e3cea056cc.jpg,0.6198197240846013,0.39286292
B2A,e3ceb5d67a.jpg,0.743729191547188,0.5729744
B2A,e3e6ca612f.jpg,0.864277080963878,0.26120508
B2A,e3e87b3f1e.jpg,0.8391075884438678,0.30917495
B2A,e3f1be931a.jpg,0.6129057497455661,0.33475327
B2A,e3f34cdbfc.jpg,0.8509805198160092,0.37503576
B2A,e3fae55083.jpg,0.6853664058137097,0.41809762
B2A,e3fe190c35.jpg,0.8328787773418976,0.3016979
B2A,e4005ebfe6.jpg,0.7218984037081677,0.53379124
B2A,e40a02297a.jpg,0.8122671844104565,0.30695516
B2A,e40ba425ad.jpg,0.8476639288206346,0.32949167
B2A,e40ea38065.jpg,0.7609481315064007,0.35701814
B2A,e41de69603.jpg,0.7506939023203785,0.38895074
B2A,e428d47850.jpg,0.783173532131551,0.45944494
B2A,e43625382b.jpg,0.8672892171371969,0.27089402
B2A,e43cfeffd7.jpg,0.7865114786877719,0.46681193
B2A,e452266e47.jpg,0.692207846449419,0.28419536
B2A,e46722db3b.jpg,0.9148884125298877,0.3689032
B2A,e474730931.jpg,0.8190039111269359,0.26972288
B2A,e484852720.jpg,0.7816567498069799,0.33039293
B2A,e4a7646e26.jpg,0.6684649668359093,0.466334
B2A,e4b6e49888.jpg,0.835600461922016,0.23805891
B2A,e4baa84c9e.jpg,0.7280230297761506,0.4780242
B2A,e4c2f8062a.jpg,0.6708460617387163,0.5422338
B2A,e4c47323cb.jpg,0.7134800188205096,0.373367
B2A,e4db596478.jpg,0.8218613630393071,0.26702613
B2A,e4df61af49.jpg,0.7390200076732599,0.3417996
B2A,e4e7fd51dd.jpg,0.7128622763215947,0.38158113
B2A,e4ec14322d.jpg,0.5898559012926529,0.41769856
B2A,e4edaddcef.jpg,0.5729165057245413,0.5880719
B2A,e4f21cb9f8.jpg,0.7636593201862353,0.29639068
B2A,e4f5f401e0.jpg,0.8282916529925449,0.3008154
B2A,e50dc96e2b.jpg,0.7673052909605615,0.26743877
B2A,e517b6f313.jpg,0.721514796189856,0.40302223
B2A,e5247c9272.jpg,0.6395109763819993,0.31346294
B2A,e52816eec3.jpg,0.6080683186480432,0.7436641
B2A,e52b0badda.jpg,0.7649611768157616,0.35956758
B2A,e53184b315.jpg,0.8223122217168534,0.40613872
B2A,e536a8e4d0.jpg,0.6275863885996064,0.45803666
B2A,e53aaa0782.jpg,0.8493281956693383,0.37665868
B2A,e53aaac02c.jpg,0.5453419229581286,0.5382948
B2A,e53b41415d.jpg,0.700181718695414,0.33899254
B2A,e545b38111.jpg,0.756662360564947,0.41026512
B2A,e54604f159.jpg,0.8428687056683126,0.30433443
B2A,e552c9356b.jpg,0.7211715054614126,0.3613608
B2A,e55aa6a075.jpg,0.6835777409497817,0.31786662
B2A,e569d449aa.jpg,0.816303501290936,0.32539564
B2A,e56a3b131d.jpg,0.8594741573462357,0.27187088
B2A,e56e3bcfee.jpg,0.8188713202463133,0.32216632
B2A,e576d76af6.jpg,0.8621317836743011,0.27793238
B2A,e58dcaf848.jpg,0.651208160296759,0.53277904
B2A,e58e1d7d58.jpg,0.8672762417232716,0.36243188
B2A,e58ef68e3f.jpg,0.8401316496276167,0.24270478
B2A,e59a45567d.jpg,0.7172923821416598,0.41421303
B2A,e5ae2eab59.jpg,0.8572899030330065,0.31980646
B2A,e5b0f574bf.jpg,0.7066705697797128,0.29813796
B2A,e5c7397b2d.jpg,0.7263757126541098,0.42711237
B2A,e5c842ca6e.jpg,0.8292332215093543,0.30214676
B2A,e5cb078996.jpg,0.8121871599128446,0.47149402
B2A,e5cb608eae.jpg,0.580613626433643,0.38740557
B2A,e5cbe055f9.jpg,0.7551228833545038,0.31363368
B2A,e5cd922fa9.jpg,0.8131276813184235,0.4361208
B2A,e5d38a2047.jpg,0.7937591854556066,0.28643903
B2A,e5e1d837f1.jpg,0.8794954870296282,0.30382848
B2A,e5ffaac462.jpg,0.8425670305946993,0.30634415
B2A,e614135f7d.jpg,0.7714508673879185,0.3444525
B2A,e629d7f736.jpg,0.6042522852228228,0.64774156
B2A,e63a00fc4f.jpg,0.779858747739155,0.43075353
B2A,e643c9bdbe.jpg,0.5996389154629973,0.43248016
B2A,e6636be041.jpg,0.6891061217786526,0.5028974
B2A,e67341c640.jpg,0.7329451708842277,0.29455268
B2A,e67601a231.jpg,0.7525703286564136,0.42271173
B2A,e6779d7ed5.jpg,0.6055563223399937,0.68069804
B2A,e67cc523e0.jpg,0.8127518757532229,0.34625596
B2A,e67e86bdb9.jpg,0.8417301215247596,0.24631184
B2A,e6836aa6da.jpg,0.7905130757614183,0.39145926
B2A,e686121a13.jpg,0.7534311558029321,0.47582382
B2A,e693f37abc.jpg,0.7755167317693914,0.57329184
B2A,e69c2d5a6d.jpg,0.802344557770354,0.2616203
B2A,e69eb967c0.jpg,0.747421994092512,0.4422415
B2A,e6a325d8fb.jpg,0.7999556581819756,0.4444091
B2A,e6a609cf76.jpg,0.8503985873940159,0.4341557
B2A,e6ad3eec60.jpg,0.6735419904567456,0.45182723
B2A,e6ba8f2334.jpg,0.6427322391876098,0.4053248
B2A,e6c25786d7.jpg,0.6471028994467231,0.4231398
B2A,e6cc103915.jpg,0.6410415406607199,0.3442979
B2A,e6d2f68fcf.jpg,0.8263453747388312,0.37542424
B2A,e6dc2ff40c.jpg,0.7419814685574078,0.3328366
B2A,e6e3f15b73.jpg,0.8331436936438118,0.31648105
B2A,e6e6959173.jpg,0.5909845340054469,0.6017637
B2A,e6ea2d4d47.jpg,0.7592787851921009,0.29875928
B2A,e6f8a63c9c.jpg,0.7715226534636216,0.42001426
B2A,e707bf37b1.jpg,0.563999411086179,0.4981404
B2A,e710d6eaa6.jpg,0.7985439327667562,0.44453177
B2A,e714c3661f.jpg,0.7872434585261027,0.28615475
B2A,e715464acb.jpg,0.7269249911495471,0.33140516
B2A,e738568be6.jpg,0.8351009298328527,0.28220323
B2A,e73a598e28.jpg,0.814043452005692,0.4241383
B2A,e73db0029b.jpg,0.6611151203684843,0.48263946
B2A,e744db3cd3.jpg,0.7638672559536802,0.50496876
B2A,e74a97ae14.jpg,0.7391084015624063,0.36028957
B2A,e764b3f35a.jpg,0.8907894492726718,0.32510087
B2A,e790229789.jpg,0.6673406237599316,0.4049862
B2A,e79618c3c9.jpg,0.7075296294446801,0.5918437
B2A,e7a2c2dfd5.jpg,0.5977308065923586,0.36516607
B2A,e7b73c75cb.jpg,0.5483665711247468,0.41346434
B2A,e7c3ac222b.jpg,0.6948267904964116,0.32555425
B2A,e7c99420a8.jpg,0.8449984073282579,0.3521791
B2A,e7cd8551d8.jpg,0.9104295954703885,0.3411001
B2A,e7cdd8fd59.jpg,0.5698751286590437,0.36998105
B2A,e7d445c059.jpg,0.5894389299770749,0.46307433
B2A,e7ddcd88d3.jpg,0.7292907613429105,0.38986424
B2A,e7e77d48b0.jpg,0.8101041828567792,0.37196168
B2A,e7fd336c2e.jpg,0.6290865317043186,0.57029015
B2A,e80855ec86.jpg,0.665825088761008,0.7399545
B2A,e80a7530ea.jpg,0.4759967638495599,0.5250825
B2A,e80cebe6dd.jpg,0.8109168832286672,0.5763594
B2A,e80f526332.jpg,0.7611697915472044,0.32957152
B2A,e810cbaf55.jpg,0.852311271639889,0.38417706
B2A,e8234e1e2e.jpg,0.8557530798724114,0.27880186
B2A,e8338afa09.jpg,0.44409184949790376,0.36312896
B2A,e85bba618a.jpg,0.8239972074932339,0.26241842
B2A,e85ed2bc38.jpg,0.74336331157554,0.45032078
B2A,e8605bf89a.jpg,0.679798787784534,0.5752081
B2A,e862b2a488.jpg,0.7253124000017157,0.3300665
B2A,e86d465a2d.jpg,0.885902144800834,0.25660267
B2A,e8718dba1c.jpg,0.8124513623806724,0.32557085
B2A,e876733707.jpg,0.6595135386143925,0.3263325
B2A,e87676e6e2.jpg,0.6928005360386592,0.48084813
B2A,e8789baa19.jpg,0.770120273476084,0.48342952
B2A,e8882a7f33.jpg,0.7212482373937931,0.34947926
B2A,e89accad47.jpg,0.5499503470419198,0.3987204
B2A,e89b1f65b6.jpg,0.7016779298624977,0.3194722
B2A,e89e3ef99f.jpg,0.7423527130759892,0.41255784
B2A,e89f26b785.jpg,0.7964508680496437,0.41405165
B2A,e8a6213a64.jpg,0.5521174564297825,0.4972444
B2A,e8ca770df9.jpg,0.7522838546900055,0.47041297
B2A,e8cede65a7.jpg,0.776943295418733,0.34136197
B2A,e8dc20c86e.jpg,0.9121714177016111,0.34235233
B2A,e8e02ca944.jpg,0.5981264206358511,0.4655025
B2A,e8f2542a00.jpg,0.5871412738813361,0.60034513
B2A,e8f8ff2e11.jpg,0.512530125340752,0.5369396
B2A,e91a6a79ca.jpg,0.8289479604323693,0.470032
B2A,e941a6971b.jpg,0.7421105972024904,0.29548395
B2A,e9425b919e.jpg,0.7629022359930518,0.73962796
B2A,e94ce61928.jpg,0.6812098466586152,0.27582893
B2A,e94fe9ef94.jpg,0.8086756114023431,0.32477483
B2A,e9652384d0.jpg,0.7188298318704573,0.3058294
B2A,e96e9bdf9f.jpg,0.7759925091635781,0.3861268
B2A,e975867ee1.jpg,0.8022364090301413,0.3112164
B2A,e97aab1e3a.jpg,0.5137034652709772,0.6061144
B2A,e97f72f75e.jpg,0.8738958917786002,0.2876601
B2A,e9896641d2.jpg,0.7573651203369292,0.46265337
B2A,e98c174738.jpg,0.8230443519095232,0.28099886
B2A,e98cd4e13f.jpg,0.7866625524770055,0.3484303
B2A,e98d5c8d85.jpg,0.8246871935426465,0.39049843
B2A,e98e9b1620.jpg,0.6621015265236525,0.6581455
B2A,e991139f4b.jpg,0.7039494908220925,0.4352786
B2A,e9ba0bafc4.jpg,0.7066885034320078,0.43834415
B2A,e9c3e52cf1.jpg,0.7940959879503126,0.29945597
B2A,e9ca026ba3.jpg,0.7468249683750027,0.45425215
B2A,e9cbdee9bd.jpg,0.613481218681208,0.4322369
B2A,e9d65fa272.jpg,0.5449365542548863,0.5220929
B2A,e9da2fab10.jpg,0.7686177010577125,0.3321475
B2A,e9da44faa6.jpg,0.5457088076591439,0.46414098
B2A,e9e303af60.jpg,0.7094647186298442,0.38613522
B2A,e9ebdfe8ec.jpg,0.5857058086554837,0.4344434
B2A,e9ec0b07bd.jpg,0.807351162993671,0.322072
B2A,e9ef067120.jpg,0.5267945863731142,0.6060493
B2A,ea0086b300.jpg,0.8549814158430535,0.27841538
B2A,ea2128c1b2.jpg,0.6438826508898751,0.40601376
B2A,ea29af7178.jpg,0.6850715891384414,0.72370565
B2A,ea38729951.jpg,0.7019740775969231,0.40944877
B2A,ea437a682c.jpg,0.5837892114170701,0.4052946
B2A,ea4dc1e88e.jpg,0.7305287779751883,0.448211
B2A,ea4f37e7e5.jpg,0.7296686243568794,0.34938252
B2A,ea58d700d2.jpg,0.7080131647439586,0.29780924
B2A,ea60c54c69.jpg,0.6087240906173055,0.5654051
B2A,ea626ba3a9.jpg,0.737303054565358,0.36752105
B2A,ea656cf2b6.jpg,0.6361307764118043,0.3440535
B2A,ea6917e2db.jpg,0.8289789983772239,0.3259972
B2A,ea867fecaa.jpg,0.614676731340701,0.49176255
B2A,ea90ff6da4.jpg,0.8228098189888345,0.41250777
B2A,ea942e0882.jpg,0.6902594587175778,0.37023407
B2A,ea965a1eba.jpg,0.6725895736710998,0.4033671
B2A,eaa17f1091.jpg,0.7183887871615404,0.5781882
B2A,eaac3f27b0.jpg,0.7710118939602169,0.2805245
B2A,eab48ed00d.jpg,0.8487290001562409,0.35734478
B2A,eab57199fa.jpg,0.7036717589560476,0.26854762
B2A,eabe91cae5.jpg,0.7816689215780075,0.3214879
B2A,eac7bd7368.jpg,0.7804823479218327,0.36716446
B2A,eacb6ead4a.jpg,0.7255459224378195,0.6371104
B2A,eacdc1d18f.jpg,0.7592552081217412,0.42122298
B2A,ead2fdbadc.jpg,0.678032751700113,0.27247062
B2A,ead622126f.jpg,0.6269207154381488,0.43688864
B2A,eadb799684.jpg,0.7298938828729916,0.37041178
B2A,eadea8cf4c.jpg,0.5928880628407968,0.61278844
B2A,eae1d7b4a7.jpg,0.8475031915478644,0.37615293
B2A,eae8ac05b6.jpg,0.7591447959290618,0.44622257
B2A,eafc9d8929.jpg,0.5762048517121129,0.3772781
B2A,eb09186652.jpg,0.7609908637268302,0.27320847
B2A,eb143cd557.jpg,0.7417720285615811,0.5583837
B2A,eb1ae4752c.jpg,0.47926042975670313,0.4207785
B2A,eb1ce8f38f.jpg,0.7985038537436173,0.29393852
B2A,eb1f220d40.jpg,0.7795120899346495,0.42849407
B2A,eb267343a7.jpg,0.7194332483390714,0.29714596
B2A,eb33d8e41b.jpg,0.773468116508602,0.4415812
B2A,eb34f329c1.jpg,0.8159200141814721,0.38881898
B2A,eb396944a9.jpg,0.7335121935146081,0.41008055
B2A,eb48b08b2c.jpg,0.8644872537954671,0.3358186
B2A,eb4c747b35.jpg,0.7742025446701727,0.3478512
B2A,eb5a006cd8.jpg,0.8321301234755819,0.3930639
B2A,eb7323bae7.jpg,0.8962286271825648,0.49061447
B2A,eb74e149ff.jpg,0.808908486993929,0.39572573
B2A,eb74ee9751.jpg,0.7815472537038325,0.23348364
B2A,eb927ffcce.jpg,0.8586744455429798,0.29733723
B2A,eb9630147d.jpg,0.8275769841597141,0.24986044
B2A,ebb0aa2f01.jpg,0.7550208666120918,0.51321316
B2A,ebb3a60020.jpg,0.8460996210963369,0.31201327
B2A,ebb7fcea92.jpg,0.8487613415145783,0.3124068
B2A,ebb973284b.jpg,0.5877790851040173,0.4037446
B2A,ebc6398a40.jpg,0.5790252150561482,0.5107288
B2A,ebcc42e110.jpg,0.8479555952776459,0.3665921
B2A,ebcce1a075.jpg,0.750018104067648,0.33853936
B2A,ebd677e4df.jpg,0.8468760556882309,0.24532996
B2A,ebfb842dbb.jpg,0.8148362839324707,0.3762643
B2A,ec22ac410a.jpg,0.7224100363903219,0.5175882
B2A,ec26ffe6d9.jpg,0.7275025679361482,0.39145947
B2A,ec2819dd4a.jpg,0.5995248275026668,0.29744548
B2A,ec361682b9.jpg,0.695180020828872,0.42149833
B2A,ec3cedbafe.jpg,0.7529422241524124,0.46795487
B2A,ec4acecf3f.jpg,0.8436722779360772,0.34312832
B2A,ec4fccd390.jpg,0.847770422848021,0.31171772
B2A,ec509fe942.jpg,0.6772510236434056,0.4869739
B2A,ec5d51aaf0.jpg,0.5641115946436585,0.71753204
B2A,ec61770865.jpg,0.7344263120804907,0.3691578
B2A,ec673dd8d4.jpg,0.8346137710018631,0.34634578
B2A,ec6c041436.jpg,0.7184138888758762,0.54162705
B2A,ec7228a986.jpg,0.5711755125914946,0.432949
B2A,ec74224ef5.jpg,0.7156077734602467,0.46226683
B2A,ec99be1db6.jpg,0.8250574991127141,0.3320251
B2A,ecad06947b.jpg,0.4845579978016434,0.33070904
B2A,ecaf3bdf12.jpg,0.7274088111954318,0.27408698
B2A,ecb38a1051.jpg,0.6435451756296496,0.34848666
B2A,ecb3ccc9f4.jpg,0.8236894411540941,0.30981925
B2A,ecc3cd6e1b.jpg,0.8119703758092177,0.28922915
B2A,ece948ce97.jpg,0.8109459870841764,0.3047109
B2A,ecee77ae5a.jpg,0.739860362542702,0.31976774
B2A,ed04dbb114.jpg,0.6712152003002018,0.36750463
B2A,ed0ddbf26a.jpg,0.7592485733366833,0.31304857
B2A,ed22cf856f.jpg,0.6399845914579955,0.43091643
B2A,ed27eb5c68.jpg,0.8130145209449692,0.21650608
B2A,ed31f8c196.jpg,0.7811540180222615,0.51875514
B2A,ed34d8d7f3.jpg,0.6330383811871557,0.44067544
B2A,ed3b265e09.jpg,0.6152638522413388,0.27187842
B2A,ed458bffb6.jpg,0.7188203248866042,0.51094294
B2A,ed473bcf9b.jpg,0.7508342837081085,0.5217084
B2A,ed59cdccf1.jpg,0.8221444924145067,0.2734762
B2A,ed60c6410b.jpg,0.7806305707957726,0.28130153
B2A,ed65db5f88.jpg,0.812600332222475,0.42891088
B2A,ed7b96a9c5.jpg,0.5709835344994035,0.40183228
B2A,ed848812da.jpg,0.8385869320263193,0.24250534
B2A,ed8dab0f96.jpg,0.6435471198196657,0.6091708
B2A,ed915c89a2.jpg,0.7862894970097739,0.30886617
B2A,ed94946d16.jpg,0.5355758965555008,0.39318788
B2A,ed9f0b8b5d.jpg,0.6994480054532705,0.53061634
B2A,eda8697979.jpg,0.827221999437797,0.6363251
B2A,edb7d50936.jpg,0.7787978754129634,0.38482395
B2A,edba7f0a70.jpg,0.8122394179754817,0.3680773
B2A,edc66bfb66.jpg,0.7179941053088145,0.4060501
B2A,edd52342db.jpg,0.7199152390049904,0.386896
B2A,ede0add355.jpg,0.8557568331274561,0.4123242
B2A,edef4ef18d.jpg,0.49852727574612693,0.7798175
B2A,edef9cbabe.jpg,0.6285233957548464,0.42864737
B2A,edf15f0940.jpg,0.7347284558372483,0.3073147
B2A,edf42b9d0d.jpg,0.8332986970682783,0.3702675
B2A,ee0e1d6569.jpg,0.6744673238420719,0.40883482
B2A,ee24903251.jpg,0.7357426549079823,0.2517953
B2A,ee28cc4d68.jpg,0.673006587806571,0.31656644
B2A,ee29105aba.jpg,0.6659906084717209,0.46090162
B2A,ee2bf8c5fd.jpg,0.5454456795596648,0.50147134
B2A,ee2e0ec65d.jpg,0.5631068082096391,0.6684072
B2A,ee6c260d4f.jpg,0.6884030858589156,0.26193178
B2A,ee861e6fae.jpg,0.7779459823483662,0.32026702
B2A,ee8bdcd99f.jpg,0.7971156468765962,0.32372528
B2A,ee8c2e9e3c.jpg,0.8150349975435877,0.32987723
B2A,ee97a20e7c.jpg,0.8152595231771816,0.5325218
B2A,ee982ce7e3.jpg,0.8634378407481458,0.1937187
B2A,ee9b29e1b8.jpg,0.4928149883282895,0.41661766
B2A,eea8eff240.jpg,0.6994606720885622,0.47909868
B2A,eeb1e5f575.jpg,0.8036257840101348,0.4013349
B2A,eeb4ccb21f.jpg,0.7729212138859052,0.50457
B2A,eec21ae61c.jpg,0.7776123444966244,0.36910465
B2A,eed4191e08.jpg,0.8000192995639621,0.3102016
B2A,eed8644829.jpg,0.7465787851632681,0.4724459
B2A,eedab28822.jpg,0.5319397426958672,0.8413626
B2A,eee8098608.jpg,0.6368501224535762,0.39173037
B2A,eeee68b7d8.jpg,0.6094739146228474,0.61601126
B2A,eef39ac09b.jpg,0.8722655834573518,0.3282681
B2A,eef4bdae39.jpg,0.7287193133776275,0.41363692
B2A,ef129d082c.jpg,0.7413520888196559,0.32622254
B2A,ef15317c67.jpg,0.6753301926139792,0.49474207
B2A,ef1f3e84f9.jpg,0.7291294278476019,0.3837002
B2A,ef488233e3.jpg,0.8012372654215449,0.3262138
B2A,ef4a60107c.jpg,0.8313275502535473,0.3869948
B2A,ef59ec0110.jpg,0.7893635511320796,0.50897294
B2A,ef6190ff9b.jpg,0.6515269239463591,0.49579245
B2A,ef674070d3.jpg,0.6018106893085964,0.3261725
B2A,ef77fe0cfc.jpg,0.6963198383614798,0.44704345
B2A,ef833e60b4.jpg,0.7288328096665696,0.3526042
B2A,ef893e33a9.jpg,0.783294457030465,0.30471873
B2A,ef8a6e2a7a.jpg,0.7669076016499233,0.48836204
B2A,ef9ca94c15.jpg,0.8161023656114499,0.35023454
B2A,ef9e5bc080.jpg,0.876435371218283,0.28926456
B2A,efa2ba7d02.jpg,0.8468131470444707,0.33374572
B2A,efa6c21576.jpg,0.643107571093837,0.45585066
B2A,efa79c9c41.jpg,0.8398591000343534,0.36962622
B2A,efbb57a439.jpg,0.7336351822768999,0.33393836
B2A,efbfcfe793.jpg,0.7369542430652835,0.44486573
B2A,efc51bdcdf.jpg,0.6929492972433378,0.34800577
B2A,efcabd7b97.jpg,0.8582954080092552,0.30871397
B2A,efd9e949f5.jpg,0.6402545978693348,0.60659534
B2A,efeb94db8b.jpg,0.7862143561407202,0.33240148
B2A,effaa53ad8.jpg,0.5148659914354705,0.46229216
B2A,f005004e0c.jpg,0.5574737485375368,0.3945301
B2A,f01164b232.jpg,0.7922287114704218,0.50067216
B2A,f01207f706.jpg,0.8324488233846462,0.38503587
B2A,f01a04bd03.jpg,0.6389174511641605,0.631424
B2A,f020a207a8.jpg,0.7201268664040821,0.4543335
B2A,f0220aa3f5.jpg,0.7298119821218629,0.5697298
B2A,f024838b95.jpg,0.8476392405742045,0.31784925
B2A,f0367de132.jpg,0.818510929990319,0.2978254
B2A,f04f12da30.jpg,0.7592365157384593,0.44431338
B2A,f06b8cfef0.jpg,0.7417269099417324,0.5161753
B2A,f074cffca1.jpg,0.7930033135453339,0.3547883
B2A,f07cb0b75e.jpg,0.7708401866450042,0.4855879
B2A,f07e66c2d2.jpg,0.786816409454535,0.37984926
B2A,f088a906d0.jpg,0.7797843003165734,0.2807135
B2A,f088b513bf.jpg,0.8564161585239332,0.27347952
B2A,f08926d339.jpg,0.6482533998903334,0.3552331
B2A,f08c39d24f.jpg,0.6647973242953119,0.5904037
B2A,f08e936c6b.jpg,0.8285002390657716,0.32037267
B2A,f0962b6de5.jpg,0.8114381262465766,0.42768404
B2A,f09c772bcc.jpg,0.7225447951099303,0.65124166
B2A,f09d0b81ba.jpg,0.8771351876305418,0.33051342
B2A,f0a1187473.jpg,0.7441025166659866,0.42088753
B2A,f0a55ad775.jpg,0.8090613125278318,0.37744725
B2A,f0a679e095.jpg,0.7910672023335876,0.36977702
B2A,f0aa76ff07.jpg,0.7100521644973705,0.4181169
B2A,f0b8c1d365.jpg,0.6870826380735924,0.4373949
B2A,f0e139a901.jpg,0.814624862314863,0.40744725
B2A,f1032a4bd8.jpg,0.6094650611788297,0.51886684
B2A,f105adbfb1.jpg,0.6869641404250119,0.42030618
B2A,f10d2923bd.jpg,0.5583195467868608,0.49929726
B2A,f10f748b4d.jpg,0.6791622498979578,0.48284507
B2A,f11454665a.jpg,0.8115466598913538,0.39047793
B2A,f11ee27f26.jpg,0.7586298102889679,0.43394026
B2A,f13184bb48.jpg,0.5029266454359811,0.60763466
B2A,f148707bb0.jpg,0.7681626755190007,0.3062822
B2A,f1591e50e1.jpg,0.8665469703218415,0.24329066
B2A,f15b7224fd.jpg,0.7307219442870149,0.45741448
B2A,f163b5185e.jpg,0.7474112766095838,0.38878927
B2A,f1670c265f.jpg,0.6823962024936115,0.5230428
B2A,f176a55e27.jpg,0.7589530430479093,0.4257915
B2A,f177cf7991.jpg,0.708670303350443,0.49708304
B2A,f17a8c4aee.jpg,0.8083730302942465,0.36069003
B2A,f17e985728.jpg,0.8398258981951623,0.2233293
B2A,f180c8d8b9.jpg,0.8041534283715143,0.38855904
B2A,f188425ea5.jpg,0.7123681693158783,0.2587992
B2A,f18989ff8d.jpg,0.8239623477785323,0.47604117
B2A,f18d2c0a81.jpg,0.7886774885194542,0.3552142
B2A,f1ac127445.jpg,0.6556077785267861,0.6254258
B2A,f1b8dee326.jpg,0.7383009051761722,0.34979403
B2A,f1c198d735.jpg,0.8602902240952502,0.3961943
B2A,f1d4e7cd69.jpg,0.5792350439068601,0.40412235
B2A,f1d7343af8.jpg,0.7257210337131216,0.37471405
B2A,f1dbada7a5.jpg,0.7094909124725199,0.41429478
B2A,f1fe522e6d.jpg,0.747658406719097,0.34819
B2A,f1ff4a822a.jpg,0.8089427416376377,0.24910115
B2A,f203101270.jpg,0.7483110038384735,0.39804977
B2A,f21ca704e5.jpg,0.7254929158905463,0.36037436
B2A,f21dd18a49.jpg,0.6467659787572422,0.5728175
B2A,f222ee8acc.jpg,0.828059209243584,0.36326575
B2A,f22dac0d03.jpg,0.747532467662569,0.3546093
B2A,f230845d9a.jpg,0.8393481843318419,0.3509982
B2A,f23e5d0e29.jpg,0.8218989901967835,0.29339448
B2A,f247ca8a34.jpg,0.6097313390525139,0.58738494
B2A,f24a8f4c6c.jpg,0.6628894617655068,0.3283342
B2A,f24acd17d0.jpg,0.787248858888349,0.49074632
B2A,f25716f164.jpg,0.7350667120707982,0.39205587
B2A,f265b9c6d2.jpg,0.5046316010056956,0.7907213
B2A,f26d369fbd.jpg,0.8620084974505938,0.32733977
B2A,f270b20be4.jpg,0.7838694185787621,0.5266217
B2A,f27ac3fc28.jpg,0.5605504228538706,0.47521973
B2A,f27e7b74de.jpg,0.7431858585307046,0.32441574
B2A,f27f6894a1.jpg,0.7347971182246843,0.2776522
B2A,f28231f3f9.jpg,0.8312739532933262,0.3619156
B2A,f2876e0b28.jpg,0.7973504739816849,0.3916154
B2A,f298108b32.jpg,0.7034922990503452,0.5640133
B2A,f2a3dc33fe.jpg,0.7920685704380555,0.30235702
B2A,f2b162e74b.jpg,0.8327279206663939,0.38447237
B2A,f2b7c12b9c.jpg,0.645257375707665,0.4825981
B2A,f2d042180c.jpg,0.6553139562118321,0.49299473
B2A,f2d2d4efbc.jpg,0.6765806525311983,0.3307665
B2A,f2d986db88.jpg,0.7373122607555096,0.37425467
B2A,f2f09c8f41.jpg,0.7025712369826238,0.38696772
B2A,f2f56add24.jpg,0.7509566969421603,0.3506056
B2A,f30e44407b.jpg,0.5338714701026244,0.5119962
B2A,f31217f986.jpg,0.7845373525521677,0.28483364
B2A,f3141801d8.jpg,0.7451084043672727,0.36402294
B2A,f3230db890.jpg,0.8061226765766449,0.43800965
B2A,f32a18c7c6.jpg,0.7490429986750894,0.40465036
B2A,f3356114c7.jpg,0.7956782904307498,0.21115972
B2A,f351ce3bc5.jpg,0.8218452620986888,0.31285706
B2A,f352a7a312.jpg,0.7422281406226352,0.28812778
B2A,f354013389.jpg,0.8247026408426505,0.36883754
B2A,f357fe1f0d.jpg,0.7430002112753943,0.67737967
B2A,f36fc36903.jpg,0.7482238298202372,0.50706583
B2A,f376a8789c.jpg,0.7855696935483507,0.35561574
B2A,f37a93cd01.jpg,0.7536748952000579,0.4453649
B2A,f384c39cd3.jpg,0.6412594653856982,0.4121446
B2A,f3b5806412.jpg,0.678876947216387,0.31668597
B2A,f3bf66740a.jpg,0.7373425592982599,0.4809836
B2A,f3c61a9a05.jpg,0.608468643880957,0.58910984
B2A,f3c8ec10ae.jpg,0.5139300874582149,0.4506817
B2A,f3d15e5226.jpg,0.808868352016005,0.27190626
B2A,f3d86d0bdc.jpg,0.7830124289042365,0.38738263
B2A,f3e4ae010d.jpg,0.6857283031184377,0.36709422
B2A,f3e54bc081.jpg,0.8165250225225663,0.46154574
B2A,f3e9866cb8.jpg,0.8576686041024091,0.32308996
B2A,f3ec3e874d.jpg,0.7336938859462588,0.39241347
B2A,f3ecb32509.jpg,0.8491017012261363,0.28428775
B2A,f3ee6c1af3.jpg,0.7918299894662274,0.33240658
B2A,f3fa90a191.jpg,0.747808032943401,0.44509596
B2A,f405d9a44e.jpg,0.8308403085247886,0.28011978
B2A,f40af60ddc.jpg,0.6637977713036992,0.4487266
B2A,f40b429650.jpg,0.6825076209102654,0.34273082
B2A,f40b719930.jpg,0.6119751487410928,0.40133214
B2A,f40d9b8368.jpg,0.561239536985697,0.36933604
B2A,f417a4cc39.jpg,0.8336015270317574,0.34569228
B2A,f41b5dec17.jpg,0.7195492225659041,0.4011414
B2A,f41d5c2163.jpg,0.6553276918764012,0.4380042
B2A,f4219a5e81.jpg,0.7134726701873458,0.45952842
B2A,f42f6f0197.jpg,0.7939949828314685,0.23181783
B2A,f43113c91b.jpg,0.727735110595709,0.4262415
B2A,f43c6fb1de.jpg,0.8928061576087563,0.2509741
B2A,f44a3275c9.jpg,0.776495514828927,0.34987673
B2A,f46478e139.jpg,0.583029813859598,0.6966364
B2A,f46cfb67bd.jpg,0.7893126605623934,0.48857293
B2A,f482274abc.jpg,0.646395819605458,0.6803834
B2A,f4831ea6fb.jpg,0.6518097514770517,0.34653163
B2A,f4919d3664.jpg,0.7362346857017762,0.47938934
B2A,f494688de8.jpg,0.6880536899045463,0.36064124
B2A,f49ca09b7a.jpg,0.8131686480636756,0.5293155
B2A,f4a6936ec9.jpg,0.7627777796771119,0.3211376
B2A,f4a9c6100f.jpg,0.6646956730006865,0.34901333
B2A,f4c509ad69.jpg,0.7727158868641543,0.32124385
B2A,f4cdc8fdbc.jpg,0.8361195723571394,0.4603044
B2A,f4dd7ea66e.jpg,0.7946994762375901,0.4007956
B2A,f4eb1866c7.jpg,0.6317891753012203,0.34267133
B2A,f4eb47f0dd.jpg,0.7551162475679708,0.4973923
B2A,f501fc4455.jpg,0.8509520261804668,0.3145592
B2A,f51503f974.jpg,0.7171650676692178,0.61293703
B2A,f51f06df8f.jpg,0.5803299907726318,0.51738024
B2A,f53328c040.jpg,0.7711626138571427,0.3170176
B2A,f54cf76011.jpg,0.7407906890837666,0.3088918
B2A,f54dd83443.jpg,0.8171672261963967,0.3918485
B2A,f54f45c2ea.jpg,0.7645084453627085,0.40401456
B2A,f55b066db1.jpg,0.6240419409264439,0.4497189
B2A,f56ae75fdd.jpg,0.6864900643082659,0.36448544
B2A,f56b12cf0b.jpg,0.7404435248180807,0.5491315
B2A,f575a81ad6.jpg,0.6809246568202482,0.48075035
B2A,f58ec475cf.jpg,0.6269783238005052,0.5643752
B2A,f5b336d512.jpg,0.6266074493359316,0.33187363
B2A,f5b3c7c78c.jpg,0.834768233827239,0.40489268
B2A,f5c1d6af2a.jpg,0.7273853547173321,0.21082227
B2A,f5c3514cca.jpg,0.67502823883093,0.5878352
B2A,f5c7a8068c.jpg,0.6888737546603196,0.5364046
B2A,f5d163add7.jpg,0.8758181655652251,0.32723397
B2A,f5d1922ba9.jpg,0.8318172891067717,0.22951677
B2A,f5d652e997.jpg,0.6794448141133648,0.5584638
B2A,f5ddf6d767.jpg,0.798106200571949,0.270084
B2A,f5efcc2979.jpg,0.8315562534151518,0.37485415
B2A,f5f34241cc.jpg,0.7771631736166085,0.47180775
B2A,f5ffe2e92d.jpg,0.8296679519572664,0.2945154
B2A,f604e3e7e5.jpg,0.8631190226430727,0.30018833
B2A,f607a14dd9.jpg,0.5037087138103004,0.54417586
B2A,f6084689ed.jpg,0.795007107274694,0.539294
B2A,f60910ed40.jpg,0.6871289722108417,0.30189303
B2A,f60b4c4d98.jpg,0.7859996877552495,0.38411114
B2A,f60b67ae6e.jpg,0.62677785421887,0.3235609
B2A,f62bb41c9c.jpg,0.6403610175367367,0.4374499
B2A,f633c4ebed.jpg,0.6773314142464725,0.26617151
B2A,f639ee968c.jpg,0.7646494309466167,0.32261217
B2A,f63a1042f4.jpg,0.7151893845204573,0.373927
B2A,f63a2b4fb9.jpg,0.7493939972620083,0.4713026
B2A,f64019e49d.jpg,0.8125599663464452,0.4392767
B2A,f647ce5fd1.jpg,0.7310969992476011,0.35815766
B2A,f651e57596.jpg,0.5990914526893818,0.47794086
B2A,f6574b10b7.jpg,0.7264698938977743,0.6327292
B2A,f6626c86e1.jpg,0.6261245830500286,0.38558322
B2A,f6798eb074.jpg,0.5471025500941357,0.68838876
B2A,f67f1708b6.jpg,0.7595253531490236,0.28689092
B2A,f68dae168d.jpg,0.6516325057000069,0.66721463
B2A,f68dcc7a8a.jpg,0.48679535162577126,0.6340655
B2A,f68e29bd81.jpg,0.8676871386775131,0.35040286
B2A,f690980765.jpg,0.4933285342108577,0.50498474
B2A,f69731b55b.jpg,0.6417094994622,0.3310901
B2A,f69ff9b62b.jpg,0.7226553897706401,0.30090111
B2A,f6aa1d5154.jpg,0.8150585174096767,0.31391007
B2A,f6ab953224.jpg,0.8512687294892564,0.30352974
B2A,f6b61559e0.jpg,0.8594147518125446,0.3480395
B2A,f6ca69a495.jpg,0.8660186972261242,0.33017123
B2A,f6cb2948da.jpg,0.8100709532962133,0.44207746
B2A,f6d01357b6.jpg,0.8126457489746264,0.3401472
B2A,f6e17b1a2a.jpg,0.6922318892717958,0.32567924
B2A,f6e422b697.jpg,0.8745171498366102,0.28677833
B2A,f6e5895253.jpg,0.7186805106454925,0.52743196
B2A,f6e822d131.jpg,0.6817555852056122,0.48268402
B2A,f6e8f07d9d.jpg,0.823115275653361,0.56414866
B2A,f6efddda9c.jpg,0.712421574558896,0.4652359
B2A,f706c0860d.jpg,0.8020030219150517,0.44387358
B2A,f70871846a.jpg,0.6469775676995085,0.45953894
B2A,f71cc4d572.jpg,0.8442579604748511,0.39442694
B2A,f721bb7f6d.jpg,0.7113690163292339,0.4190262
B2A,f743f3bf62.jpg,0.8480629263221806,0.37897983
B2A,f74cdcd632.jpg,0.8412589324874613,0.32618332
B2A,f7531c3b99.jpg,0.8281114246449613,0.29689628
B2A,f75a997bb8.jpg,0.8155800074587568,0.28462598
B2A,f76e1ec9a3.jpg,0.7196056446735581,0.50716895
B2A,f771e1e1b0.jpg,0.6712305949484861,0.48704535
B2A,f77377bd03.jpg,0.7857633456993408,0.30697113
B2A,f77505c83f.jpg,0.6569486973646713,0.33374706
B2A,f77c59acb3.jpg,0.7897837798598167,0.39693055
B2A,f77e3cb703.jpg,0.6223377005441512,0.6065788
B2A,f77f395731.jpg,0.6803330479451947,0.47061673
B2A,f790a14012.jpg,0.739432755903819,0.356475
B2A,f79d9de05d.jpg,0.80627260173805,0.34934717
B2A,f7a011547d.jpg,0.8605139146626627,0.26618433
B2A,f7a821c3c8.jpg,0.7103584857334893,0.2722513
B2A,f7ae6e1d31.jpg,0.7879049022760647,0.43550593
B2A,f7c4d8033d.jpg,0.5612712605595713,0.6016112
B2A,f7c78a4eef.jpg,0.772763923659538,0.42300647
B2A,f7d0dba843.jpg,0.6484388756096153,0.5216091
B2A,f7d0f59566.jpg,0.6976023126638442,0.32901907
B2A,f7d17e77d6.jpg,0.6840027037491376,0.4195286
B2A,f7dbdb551f.jpg,0.7390189296584162,0.5458965
B2A,f7dc666b50.jpg,0.761873409590866,0.42463666
B2A,f7eb84fdb7.jpg,0.783662186679926,0.2939434
B2A,f7ee2469f6.jpg,0.8670070586787185,0.35243687
B2A,f7f1d58022.jpg,0.7292524754669425,0.3660554
B2A,f807c72b5d.jpg,0.5469567298718125,0.47070086
B2A,f819274637.jpg,0.8188479233376629,0.40862554
B2A,f81b1cc834.jpg,0.7868293167148152,0.3958823
B2A,f82e8c30ac.jpg,0.7355992281437888,0.52129126
B2A,f82fc48ba4.jpg,0.7987659007131123,0.6262287
B2A,f8350e28db.jpg,0.7711618527982748,0.29941496
B2A,f8363ba521.jpg,0.713682110752585,0.38670963
B2A,f83b161ca3.jpg,0.5912383150526878,0.5260964
B2A,f83e5b4295.jpg,0.6959646203925898,0.52692956
B2A,f843be17f5.jpg,0.5527755028871604,0.5154521
B2A,f84566ed02.jpg,0.6078384663656046,0.5385431
B2A,f84d77a2a6.jpg,0.803155766606424,0.53754276
B2A,f85694dfe6.jpg,0.8418382018170856,0.25151822
B2A,f86b847b43.jpg,0.8221724875813035,0.34692562
B2A,f876ba92ea.jpg,0.8245023194889229,0.39512107
B2A,f87a1ab16d.jpg,0.8552328493543959,0.43414104
B2A,f87deecaa2.jpg,0.7830788257731226,0.4384766
B2A,f888dde817.jpg,0.6531771374975468,0.30061072
B2A,f8905451b4.jpg,0.6723645663836134,0.5100317
B2A,f895871068.jpg,0.609610513704966,0.43891576
B2A,f89bc86075.jpg,0.7951506988549412,0.4403336
B2A,f8b6a915a9.jpg,0.8817804495018009,0.33803666
B2A,f8b73f1a33.jpg,0.5441970158965387,0.3981923
B2A,f8c19eaee6.jpg,0.6546383972349992,0.50973886
B2A,f8c63eea5a.jpg,0.6321980279362582,0.3569242
B2A,f8c8e456d7.jpg,0.7911743307063301,0.34437782
B2A,f8ca80aebb.jpg,0.8381841846991568,0.38452607
B2A,f8e10ef432.jpg,0.8353657102532337,0.31862092
B2A,f8e488ce75.jpg,0.6955921013104098,0.52393454
B2A,f8e6d9f481.jpg,0.6560562787600219,0.71383476
B2A,f8f04744fd.jpg,0.5487822632439128,0.5094395
B2A,f8f98ae176.jpg,0.7408752995302633,0.30660176
B2A,f8fac4e7ff.jpg,0.6128485832949233,0.44814068
B2A,f8ffd3ed06.jpg,0.7489477782899209,0.31544256
B2A,f901dfad23.jpg,0.716271486179165,0.507201
B2A,f904d3484c.jpg,0.7714822215058645,0.30486867
B2A,f9080ec43b.jpg,0.6115078798226486,0.35351473
B2A,f90edb8380.jpg,0.8526157463179416,0.3720572
B2A,f90ee2b0db.jpg,0.8568338370230719,0.24719739
B2A,f9151bda3c.jpg,0.56894894572844,0.6829722
B2A,f917b1c32a.jpg,0.6314818714725694,0.5066333
B2A,f91c3d1f53.jpg,0.6721554299560412,0.37167457
B2A,f91eb42b36.jpg,0.8014430086172601,0.37128752
B2A,f930392388.jpg,0.686208506285738,0.4228679
B2A,f942443b5d.jpg,0.67808222061808,0.46601343
B2A,f954a8be77.jpg,0.8600023944158641,0.3773243
B2A,f969505f84.jpg,0.5935442396748492,0.3740178
B2A,f96a50841d.jpg,0.7581824407309177,0.48305887
B2A,f97072faf8.jpg,0.8440589573164748,0.3489985
B2A,f975a1e01e.jpg,0.6299406721849373,0.45643726
B2A,f982a98853.jpg,0.8167578861425407,0.24761328
B2A,f9843ad01b.jpg,0.650439306685078,0.4152277
B2A,f98627c542.jpg,0.873090790401498,0.3259799
B2A,f9867ce748.jpg,0.745799828669492,0.725209
B2A,f9989c2bd5.jpg,0.8439995267724996,0.37110773
B2A,f99a7a3267.jpg,0.6268340353695389,0.46823454
B2A,f99f52c7f5.jpg,0.7641799417182787,0.39207762
B2A,f99fe506ed.jpg,0.8282125557016574,0.32168502
B2A,f9a20c7988.jpg,0.6835202832030033,0.5862416
B2A,f9b4495f70.jpg,0.7312900738698873,0.34272286
B2A,f9b4d017a3.jpg,0.7647557693835214,0.44462508
B2A,f9ba7b025e.jpg,0.8044476587339103,0.42839968
B2A,f9c9afcd78.jpg,0.8591891601016017,0.28044903
B2A,f9cd461b5e.jpg,0.8319208611115975,0.31123912
B2A,f9cf6e7e27.jpg,0.8465664597552468,0.32071957
B2A,f9e8571801.jpg,0.6753494910751321,0.59262586
B2A,f9f59d905c.jpg,0.647530069268136,0.361097
B2A,f9f6bc6871.jpg,0.8376244176709728,0.31893605
B2A,fa0fde7844.jpg,0.7222246230712495,0.46599627
B2A,fa24240abc.jpg,0.7763917183546218,0.2849434
B2A,fa307775e7.jpg,0.802603902722839,0.56678504
B2A,fa3aba5483.jpg,0.8354551918263671,0.37730664
B2A,fa423fe5a3.jpg,0.8558575982068677,0.36757365
B2A,fa428459e2.jpg,0.7111564298004439,0.49520773
B2A,fa4326ff01.jpg,0.6593436159579443,0.5468316
B2A,fa47656f02.jpg,0.8503193990001363,0.32686198
B2A,fa48b1ceb5.jpg,0.7761658081622136,0.25837126
B2A,fa60f9a0c9.jpg,0.8580798729610826,0.2471017
B2A,fa63566e6e.jpg,0.6587893014148288,0.5607442
B2A,fa728d214f.jpg,0.7311528546655444,0.3733763
B2A,fa751def39.jpg,0.7598111557585943,0.58641684
B2A,fa9a74e9a4.jpg,0.5842938413435186,0.51713204
B2A,fa9a768c9b.jpg,0.6428986535965708,0.40064973
B2A,faa4f82b52.jpg,0.8300734215445612,0.29112217
B2A,faaab4fb19.jpg,0.7974399537263621,0.3448948
B2A,fac89a2440.jpg,0.8206853258901611,0.38672978
B2A,facc9d2df2.jpg,0.8129157731276877,0.35167718
B2A,fad67f0f19.jpg,0.721574070151396,0.35015774
B2A,fb1779d922.jpg,0.7885027645666774,0.29757762
B2A,fb24316c57.jpg,0.7058920301154717,0.31845668
B2A,fb2a6a49d7.jpg,0.6798242047663895,0.65862787
B2A,fb362a6660.jpg,0.7932350544756122,0.28896415
B2A,fb3676a875.jpg,0.8349351669313749,0.45914298
B2A,fb546829cb.jpg,0.6628807478713301,0.5068577
B2A,fb562cd56b.jpg,0.7405621179926165,0.4892375
B2A,fb73e20575.jpg,0.8428302475637611,0.37404656
B2A,fb755692ce.jpg,0.7616197967412456,0.4725259
B2A,fb85264917.jpg,0.7998731225758211,0.25041333
B2A,fb8fb9b7c8.jpg,0.7959322060177175,0.3152331
B2A,fb97febc5f.jpg,0.8688129514864692,0.38418794
B2A,fb9c5403b8.jpg,0.8981367163819352,0.28085923
B2A,fbaa1647e7.jpg,0.8915914776647387,0.31311423
B2A,fbb5f72776.jpg,0.8269675876528673,0.30498403
B2A,fbb8e36b1c.jpg,0.830869603241297,0.37075335
B2A,fbb8e5f081.jpg,0.7829500764443225,0.33862853
B2A,fbc1c4e45b.jpg,0.662607206661709,0.5151114
B2A,fbc34e93dc.jpg,0.7081440063370203,0.41309112
B2A,fbc3754be3.jpg,0.8062086110018089,0.31565583
B2A,fbc70f973a.jpg,0.8072201214700355,0.32292414
B2A,fbdaf94ace.jpg,0.5398925113940074,0.45525375
B2A,fbf3ab42e9.jpg,0.8413196051227976,0.33103713
B2A,fc02616c06.jpg,0.7701037075855778,0.38286164
B2A,fc043d38eb.jpg,0.7501849075450582,0.3945712
B2A,fc04ed2d42.jpg,0.8085055968786091,0.26462787
B2A,fc075619e7.jpg,0.6589060337905811,0.39476562
B2A,fc16c59788.jpg,0.7948184138800483,0.31430689
B2A,fc30e458d6.jpg,0.8812603488915046,0.2847625
B2A,fc458d4ee1.jpg,0.7568779112712778,0.30210018
B2A,fc49fb17f3.jpg,0.8736820551090883,0.2750989
B2A,fc51c26e2d.jpg,0.8965159658164217,0.31524593
B2A,fc59b308a8.jpg,0.8127713072673397,0.28667015
B2A,fc5feebdc8.jpg,0.7167406696135169,0.31405222
B2A,fc622b5577.jpg,0.8491384014314991,0.2524418
B2A,fc64e9fe13.jpg,0.7186658456962951,0.33024868
B2A,fc6d47c7b0.jpg,0.7831314961353323,0.49584487
B2A,fc9d809645.jpg,0.7481707033455126,0.38419542
B2A,fcaeb2fb17.jpg,0.7775758485346499,0.33508253
B2A,fcc0dc41b3.jpg,0.707098940623959,0.4927885
B2A,fcc59cb31d.jpg,0.8025886948472732,0.43390572
B2A,fcd35ead6e.jpg,0.6621985794239491,0.3625561
B2A,fcd5eaceb7.jpg,0.8701370180197027,0.42994577
B2A,fcdd5b1e31.jpg,0.6028134300380532,0.6127101
B2A,fce074b92c.jpg,0.5505344871775769,0.41709155
B2A,fd0071794a.jpg,0.6905971732521748,0.44013473
B2A,fd06d4e7e3.jpg,0.838106400708795,0.41759136
B2A,fd0a02921a.jpg,0.653388262462759,0.51684606
B2A,fd15f29d57.jpg,0.7689290071354727,0.25912035
B2A,fd1f9293ca.jpg,0.7367410511451443,0.4569719
B2A,fd20b4c41a.jpg,0.8383822876992744,0.32255176
B2A,fd457c68d9.jpg,0.5516262674474243,0.63011163
B2A,fd48eb1f90.jpg,0.8687066935263481,0.35311854
B2A,fd49936788.jpg,0.6693619979188365,0.3909247
B2A,fd4debe229.jpg,0.8055849529437656,0.26859248
B2A,fd541f5f93.jpg,0.6831071983222626,0.53202295
B2A,fd5ce86649.jpg,0.7824284999269828,0.3167167
B2A,fd619e77af.jpg,0.6614471871424059,0.34438235
B2A,fd6b68436e.jpg,0.7238140896013486,0.40424627
B2A,fd6c9bcbfa.jpg,0.5692970788810431,0.43213516
B2A,fd7d170a69.jpg,0.7386026895194384,0.7759583
B2A,fd85d15361.jpg,0.6942564191908988,0.4822081
B2A,fd8c99d93b.jpg,0.7689972036240105,0.33222076
B2A,fd9767f897.jpg,0.7598492971498589,0.3774597
B2A,fda550148e.jpg,0.6467033694423523,0.6022779
B2A,fdad36c1e0.jpg,0.7770016943045738,0.37231147
B2A,fdb01f9aba.jpg,0.663949532478986,0.31992513
B2A,fdb031e406.jpg,0.6126790823764391,0.43562225
B2A,fdc2b3b936.jpg,0.7845768696700576,0.33610272
B2A,fdc6c88003.jpg,0.8431961357002659,0.30074894
B2A,fdce0c0d6d.jpg,0.65326119721996,0.4656872
B2A,fdd33c1145.jpg,0.8198528049941185,0.22201733
B2A,fddc60bb99.jpg,0.7546424491398317,0.3799424
B2A,fddcadfd3a.jpg,0.7324942078866371,0.3713867
B2A,fde289be21.jpg,0.8071254226176277,0.39728838
B2A,fde28fae2a.jpg,0.7061959953579018,0.34321684
B2A,fde46f2be4.jpg,0.6788577345408207,0.43524235
B2A,fdf013342c.jpg,0.8427807680809352,0.61099166
B2A,fdf57fbe60.jpg,0.7854237315100838,0.33178037
B2A,fdf84c4887.jpg,0.8039176972709959,0.2325457
B2A,fdfc86a000.jpg,0.6639360398554071,0.3583358
B2A,fe00c3d087.jpg,0.8010154217674025,0.28201205
B2A,fe0a4f0e5a.jpg,0.8044163954675116,0.33803117
B2A,fe1561993e.jpg,0.9119420664618224,0.24691448
B2A,fe1c9d9e5a.jpg,0.8522549128486021,0.3265854
B2A,fe283d4ae3.jpg,0.5834595467731992,0.4203495
B2A,fe381a7c17.jpg,0.8027040317160401,0.47011858
B2A,fe3c9d0016.jpg,0.8056825147056793,0.32396924
B2A,fe3de96780.jpg,0.6938691668147103,0.6665964
B2A,fe3feb7d1b.jpg,0.7063015747302861,0.48382545
B2A,fe40ac1d8b.jpg,0.6311517941372321,0.25669265
B2A,fe4c4e4b6b.jpg,0.7868838879056134,0.3799947
B2A,fe5dc7ef05.jpg,0.6624011508954484,0.3694688
B2A,fe6152a619.jpg,0.6979274517181714,0.58012646
B2A,fe65abaafd.jpg,0.7935413533167767,0.355942
B2A,fe702a794e.jpg,0.4911266893335067,0.7187956
B2A,fe714c846e.jpg,0.6803422155748394,0.35572308
B2A,fe7af9c427.jpg,0.7609811931881894,0.42643106
B2A,fe9cc12ae1.jpg,0.6117440859612837,0.41384155
B2A,fea227771f.jpg,0.6563793507592033,0.44348457
B2A,fea42e4505.jpg,0.687507795516382,0.56226814
B2A,fea4d4f76c.jpg,0.673935360386045,0.4358529
B2A,fea5afe679.jpg,0.7556650866845703,0.35234064
B2A,feb132e4c1.jpg,0.7663063368363161,0.34941912
B2A,fee0c39907.jpg,0.6699733026009419,0.32519072
B2A,fefb86c469.jpg,0.6406974740277851,0.49835724
B2A,fefcd07a5e.jpg,0.7838800698335605,0.33033612
B2A,ff03c98f0e.jpg,0.7129596414648592,0.39239606
B2A,ff2152ac2a.jpg,0.5815354249950223,0.62887084
B2A,ff258e79ce.jpg,0.49429975201779247,0.4043367
B2A,ff2cb6658c.jpg,0.8423767828556408,0.29600823
B2A,ff2f57429f.jpg,0.6723533717254736,0.43113098
B2A,ff3867d938.jpg,0.8306949163496404,0.31310105
B2A,ff46474c6d.jpg,0.8400524909272847,0.33740562
B2A,ff48e8580b.jpg,0.8322134029832186,0.3180687
B2A,ff58af0f3b.jpg,0.6354558839784457,0.38218546
B2A,ff5c15ab50.jpg,0.7062934668170361,0.36195087
B2A,ff6ed45562.jpg,0.7661141047663855,0.4315619
B2A,ff757d7db3.jpg,0.8729744816761108,0.2867977
B2A,ff769c35c9.jpg,0.813765711007495,0.30192167
B2A,ff7d83bc1d.jpg,0.8754207390717781,0.31659812
B2A,ff853f993b.jpg,0.8162534582588244,0.3228231
B2A,ff9ca0e1bb.jpg,0.8538590312547996,0.26639166
B2A,ff9e94857b.jpg,0.8164142280883897,0.31918174
B2A,ffa1ee4875.jpg,0.5746932692750978,0.5666034
B2A,ffa5d376be.jpg,0.8196408812059387,0.4031344
B2A,ffbbb24b43.jpg,0.6790660285618666,0.41682142
B2A,ffbdd43bfb.jpg,0.7406573486725652,0.4949993
B2A,ffc5b52a77.jpg,0.6540238363524569,0.3983969
B2A,ffcc20463a.jpg,0.7484948390943089,0.40264094
B2A,ffcdd249dd.jpg,0.8553201825558474,0.47527975
B2A,ffcf64f150.jpg,0.5171629191067009,0.49943954
B2A,ffd71fce61.jpg,0.7614409301717115,0.38651603
B2A,ffe1af8ca0.jpg,0.55871328187926,0.41444647
B2A,fff5c33050.jpg,0.8174574640519751,0.3579542
B2A,fffaaaae65.jpg,0.6355777103716354,0.39959872
B2A,fffc0836d7.jpg,0.8580587120534553,0.39038816
