direction,file,content_cosine,lpips
A2B,000c1e3bff.jpg,0.6282560383117468,0.44790584
A2B,011835cfbf.jpg,0.8889981199378738,0.34887612
A2B,0260d15306.jpg,0.7562431689374679,0.43104562
A2B,049e293b93.jpg,0.6495364187772362,0.4968332
A2B,05144e306f.jpg,0.7627928768768737,0.50277966
A2B,052a77c020.jpg,0.8223322446288783,0.32990932
A2B,058f878b7c.jpg,0.7899043832026624,0.4436062
A2B,05b493ff42.jpg,0.9104217972252133,0.36973694
A2B,064487d630.jpg,0.7592597227587532,0.29614165
A2B,066fe4cbaa.jpg,0.8451317139376141,0.2744993
A2B,07fcaee35f.jpg,0.6514321001494454,0.43766257
A2B,09b76b6471.jpg,0.7635704887364402,0.44274634
A2B,0a5075d42a.jpg,0.7897059575505858,0.3187482
A2B,0bd913dbc7.jpg,0.7595232878350625,0.3865087
A2B,0e3b3292da.jpg,0.7464553798794381,0.41569743
A2B,106757e5d8.jpg,0.709502858809871,0.35073942
A2B,1078363ff0.jpg,0.7997663552325589,0.34296733
A2B,10c555c1b1.jpg,0.9422262625686896,0.2397722
A2B,118da0690c.jpg,0.7801651625634087,0.40039456
A2B,11ab570c5e.jpg,0.7905070803637034,0.46709725
A2B,11be65b3e9.jpg,0.7866218810950971,0.2959816
A2B,133b42e498.jpg,0.7502898265609373,0.32136258
A2B,14162de938.jpg,0.8540458256068186,0.3923811
A2B,14ff6e6a99.jpg,0.7632599204265261,0.30097318
A2B,158740962c.jpg,0.7147516808701908,0.48933256
A2B,16dabe418c.jpg,0.6652749112917474,0.46295103
A2B,17557a29cb.jpg,0.8511886269580962,0.36392927
A2B,1814cc6632.jpg,0.8259405663565382,0.44106394
A2B,184d6c66cd.jpg,0.7618345368168696,0.335167
A2B,1994b8d4a2.jpg,0.6749786870903897,0.41952235
A2B,19dc36ccb2.jpg,0.7121378495805565,0.30272827
A2B,1a127acf4d.jpg,0.8934728273717151,0.2512269
A2B,1e4e4e63c5.jpg,0.7099687777821537,0.49922726
A2B,1f22663e72.jpg,0.6626514008899267,0.46470177
A2B,1f9667f2a7.jpg,0.6456045717293001,0.58448166
A2B,22b1ac6b44.jpg,0.9119673695732867,0.27932185
A2B,23832dead5.jpg,0.8135066161981666,0.35728455
A2B,23b07c3769.jpg,0.8475902757867724,0.4494586
A2B,23d6aeb485.jpg,0.6479829801094215,0.6144342
A2B,23f0fbd77e.jpg,0.8674152829330042,0.23456958
A2B,24af733334.jpg,0.7827388028228259,0.37538418
A2B,252d9a4abc.jpg,0.7553361320143656,0.35676408
A2B,2581464ddc.jpg,0.78579942964208,0.26165494
A2B,25c9904782.jpg,0.737004040641199,0.34554484
A2B,26b66eb819.jpg,0.6808058614238137,0.39551976
A2B,2759c1ed37.jpg,0.656843011234129,0.44787
A2B,281b73fb5e.jpg,0.6600855387979369,0.32061142
A2B,28deb43a71.jpg,0.8449789479214904,0.2498256
A2B,295eb5c521.jpg,0.7411387530821014,0.4516982
A2B,29696b4455.jpg,0.6474636935611892,0.4205143
A2B,2acfbab228.jpg,0.8038129755162189,0.34757257
A2B,2c00f5147f.jpg,0.7807757314538314,0.42450947
A2B,2cca56415e.jpg,0.7380740702831933,0.5506299
A2B,2e0d0e6e19.jpg,0.701475473724075,0.5526204
A2B,2f20944b6a.jpg,0.7188246850570535,0.33072966
A2B,2f90c99e10.jpg,0.7265540060650467,0.44886515
A2B,3283442e33.jpg,0.7167077913628107,0.4010734
A2B,32cc820303.jpg,0.8130698998946234,0.31980827
A2B,32e33792cc.jpg,0.8487816574514498,0.3153942
A2B,3417ace946.jpg,0.7373032837276133,0.50325435
A2B,344d1829bb.jpg,0.7920801894777612,0.3933023
A2B,3545597386.jpg,0.8730398515989847,0.29034996
A2B,369f6d07e8.jpg,0.6897017797218314,0.44323713
A2B,3843e221cc.jpg,0.7662839247797348,0.4009812
A2B,3b262c6726.jpg,0.8208256718841302,0.33909026
A2B,3c341ff93e.jpg,0.7262410787057102,0.40215632
A2B,3d13fe022e.jpg,0.6365365628439589,0.3983299
A2B,3deea9f4a4.jpg,0.643615261271811,0.4854593
A2B,3eaef3ee43.jpg,0.8448034623792244,0.3723208
A2B,40d7d18ad3.jpg,0.8503799183096546,0.37556183
A2B,417e77e946.jpg,0.6219625823951102,0.3814429
A2B,4260d1c556.jpg,0.7891672252383113,0.3716209
A2B,429e382095.jpg,0.6254311672101628,0.35824472
A2B,463835bbc6.jpg,0.7717570748149213,0.42853832
A2B,4660310c3e.jpg,0.8153366180318113,0.38416773
A2B,47a0548067.jpg,0.559094949821544,0.6119779
A2B,488600cb75.jpg,0.7900514661846139,0.41980422
A2B,49337b68f4.jpg,0.8078537287449146,0.32828355
A2B,4995c04b1a.jpg,0.7956154701754464,0.23885894
A2B,4ab2583fe2.jpg,0.8183754560527033,0.30579132
A2B,4ad8b366c1.jpg,0.7722610256040956,0.47123098
A2B,4b0adf7c6f.jpg,0.8454379264651882,0.3397534
A2B,4bb4ca7b03.jpg,0.8509831831649071,0.31553373
A2B,4c0e35882c.jpg,0.7407251923583623,0.37054718
A2B,4c74254ad3.jpg,0.7990303097973034,0.43512797
A2B,4e05523825.jpg,0.8437361968968269,0.34924346
A2B,4f045779b0.jpg,0.7723438610140475,0.35779896
A2B,4f3f4ff590.jpg,0.8417113518831956,0.28749958
A2B,4f4de0bbba.jpg,0.829189434742187,0.25328994
A2B,4f7e01f097.jpg,0.7807526104080431,0.58630145
A2B,50855dd324.jpg,0.795953403038467,0.26936433
A2B,512cd171a9.jpg,0.7878863899938257,0.3775953
A2B,5185e8c56a.jpg,0.7243816630004517,0.35421574
A2B,51bdd25f76.jpg,0.8535032803418674,0.34396827
A2B,51db3fc011.jpg,0.8565204161824121,0.2493885
A2B,526a110636.jpg,0.7293888731143571,0.33956602
A2B,52aed0f943.jpg,0.8066198820475208,0.30902788
A2B,52d12dc627.jpg,0.8109181196614922,0.28518662
A2B,52fc351abf.jpg,0.8426461828477582,0.28828275
A2B,536aa87152.jpg,0.7233027931398601,0.46514148
A2B,565f19268b.jpg,0.7956020906728579,0.38840514
A2B,586acab7c5.jpg,0.7652037827078714,0.5671138
A2B,5926f85cbf.jpg,0.6835363142930883,0.44344646
A2B,593db29cce.jpg,0.8130291852493852,0.36097395
A2B,599098859e.jpg,0.6842516988335025,0.3261206
A2B,59df696966.jpg,0.7218925622598454,0.42817968
A2B,5aa514ffac.jpg,0.7780407911203471,0.3631992
A2B,5c79cfe0b3.jpg,0.8042966880265237,0.3093178
A2B,5cb895b722.jpg,0.8316282437083272,0.37444955
A2B,5e357ad790.jpg,0.7926095145313,0.35269216
A2B,5ffbfe68d4.jpg,0.7233889066515152,0.30946997
A2B,6043aadea0.jpg,0.8321707939918023,0.32905716
A2B,608ee0d370.jpg,0.7605998289971745,0.4679567
A2B,61e735361a.jpg,0.73960210662405,0.43748048
A2B,632ddbc784.jpg,0.6152334966100894,0.5717052
A2B,661e374153.jpg,0.5537469586083392,0.43123809
A2B,66226e18fc.jpg,0.8216480267258517,0.31901726
A2B,66a144f547.jpg,0.8509780145212361,0.47122747
A2B,6742294320.jpg,0.6986056290159182,0.29041514
A2B,676a5a4c2e.jpg,0.8231433066092375,0.35330543
A2B,6782e7cb2a.jpg,0.7842244178662396,0.49996012
A2B,68729aac07.jpg,0.7625892251987942,0.6111559
A2B,68b60c04b7.jpg,0.75989674050379,0.31018087
A2B,68d60af226.jpg,0.8593037845293949,0.24122
A2B,695897bd4a.jpg,0.8061517116274485,0.34725392
A2B,69f4b75a37.jpg,0.7396126282107491,0.40262973
A2B,6a03aea8be.jpg,0.7380114112214768,0.5541485
A2B,6bbe0e63c6.jpg,0.8419834668782235,0.3018451
A2B,6bfbd1df5b.jpg,0.7787810680208908,0.32593694
A2B,6c6cc46498.jpg,0.7053784368775812,0.31114006
A2B,6d0e87f557.jpg,0.7749642897522898,0.5696819
A2B,6e0429f92e.jpg,0.7071394149071775,0.30011916
A2B,6ee7c39dbc.jpg,0.8685360851246974,0.30349064
A2B,6f0b9df5c5.jpg,0.8058711188015543,0.3234013
A2B,7017e6caa1.jpg,0.7698479467644929,0.47112024
A2B,7054793632.jpg,0.7364640777073451,0.41964707
A2B,70bc945f95.jpg,0.6994274402985725,0.58053243
A2B,718445ebe3.jpg,0.8023528758276272,0.4254396
A2B,7239ba0b55.jpg,0.7033259072658155,0.4300806
A2B,730f325b64.jpg,0.7129526060997977,0.31186986
A2B,732d76a469.jpg,0.5565686948329105,0.34330946
A2B,7341d96c1d.jpg,0.7737909723882018,0.30368367
A2B,73f33a12c5.jpg,0.8538721396936233,0.27943045
A2B,74e452fb31.jpg,0.8031066617524624,0.28260463
A2B,76cc7181f8.jpg,0.859344851168694,0.29186067
A2B,77b37629f2.jpg,0.738132557445212,0.43898275
A2B,79224da51f.jpg,0.7820688115327512,0.260985
A2B,79292e1434.jpg,0.8361881094120206,0.33047056
A2B,7952021d2f.jpg,0.7778580780474317,0.3743277
A2B,7960adbd50.jpg,0.7616175796043413,0.49605918
A2B,7cb36714d0.jpg,0.8353246426820848,0.36380994
A2B,7d64c3100c.jpg,0.6565262639004505,0.5779135
A2B,8044a92484.jpg,0.7741935959521313,0.21838465
A2B,8077b7e9e7.jpg,0.7493629147586605,0.36978403
A2B,8114fa2607.jpg,0.7299192952134629,0.42346674
A2B,815624563e.jpg,0.8730774612848939,0.24680372
A2B,82991e742a.jpg,0.805567018678737,0.3939564
A2B,82b9fd68b1.jpg,0.8343980791062403,0.34842718
A2B,8314acfd35.jpg,0.801293070295691,0.49172622
A2B,853f8d711f.jpg,0.8291761278079308,0.41756982
A2B,85580214be.jpg,0.7815080630931559,0.3182448
A2B,88402296cc.jpg,0.8585612337556594,0.26783344
A2B,893db2701d.jpg,0.9006830099579963,0.32180962
A2B,89964efa86.jpg,0.7883173552414324,0.27661118
A2B,89d970411d.jpg,0.7834196493397447,0.38445228
A2B,89fcbf2f76.jpg,0.6784925357946612,0.38805792
A2B,8b54448a07.jpg,0.8384147096640746,0.35509816
A2B,8b7948248f.jpg,0.7223300902712554,0.30417904
A2B,8b841420b4.jpg,0.8738553427783502,0.21804573
A2B,8c48e112d0.jpg,0.7552785127369359,0.31839436
A2B,8c8011c291.jpg,0.80377178201786,0.33801958
A2B,8cfd45a2e2.jpg,0.7314471316441292,0.62400955
A2B,8e5ff15568.jpg,0.7378953898602616,0.2574332
A2B,8ee2933868.jpg,0.8208198815408575,0.2264818
A2B,8f02369f42.jpg,0.8471303161549532,0.23686239
A2B,910610e827.jpg,0.7301074827092895,0.38918674
A2B,910729e0ce.jpg,0.8553312157828821,0.38459942
A2B,92c0ba8c0d.jpg,0.8477690992643623,0.26801366
A2B,93132f89ee.jpg,0.5177827762492573,0.47666156
A2B,932d0dd808.jpg,0.807127862359667,0.36087167
A2B,95a53d7b0b.jpg,0.8257350972469288,0.29310507
A2B,95b5f01a85.jpg,0.8059564184629396,0.26216322
A2B,9843bc25c5.jpg,0.9188376283662282,0.2162251
A2B,9908d1daa9.jpg,0.6967444162147401,0.33178836
A2B,990ed28f62.jpg,0.851025104507828,0.2517122
A2B,9963d64ebf.jpg,0.6605811161469116,0.39527982
A2B,99a51d3e25.jpg,0.7784784466614835,0.3817851
A2B,99d94af5dd.jpg,0.836360433336448,0.23533416
A2B,9ae6552353.jpg,0.7771874810393393,0.37970293
A2B,9d58456cc3.jpg,0.7766720044415654,0.4139874
A2B,9d9a4fccfb.jpg,0.5734518120175808,0.68883175
A2B,9db9843ed1.jpg,0.7661573838331802,0.37000272
A2B,9f409e3376.jpg,0.7933294822419436,0.33942378
A2B,9fc868e864.jpg,0.6988039246946889,0.36518908
A2B,a030bc32e6.jpg,0.6690199053741319,0.37724388
A2B,a06b54dfe9.jpg,0.7556652686488219,0.36848938
A2B,a202b1b200.jpg,0.7966123488017832,0.303563
A2B,a210ceedc7.jpg,0.8723195096168055,0.3064872
A2B,a4e4a61fb2.jpg,0.6688320999783838,0.363797
A2B,a59f3f5b89.jpg,0.8808611916780158,0.32154012
A2B,a619072f82.jpg,0.6579474626697336,0.58703816
A2B,a6291c2a1c.jpg,0.8020935877694069,0.28892314
A2B,a642e9cb6f.jpg,0.7690357556400295,0.34705293
A2B,a7977705be.jpg,0.8393748829968768,0.2922394
A2B,a7d53885e8.jpg,0.7755303816704607,0.41022816
A2B,a885da7b52.jpg,0.8138775015738352,0.30390167
A2B,a8fbbe3eb1.jpg,0.8262887577543843,0.2403981
A2B,a96b79a93f.jpg,0.7136745530597677,0.4215653
A2B,aa76c7625a.jpg,0.6710684458682983,0.44786957
A2B,ad0101d010.jpg,0.7611961228999033,0.42169785
A2B,ad8ce41fc0.jpg,0.8191276064374479,0.29881245
A2B,b1310da865.jpg,0.8442096597047712,0.3400392
A2B,b13c0973ee.jpg,0.7242875476363833,0.37858057
A2B,b1ea5d5a7d.jpg,0.6712090861655473,0.6034344
A2B,b256e61a5d.jpg,0.7790759877900731,0.2500187
A2B,b2ce76c750.jpg,0.7317758834938815,0.45913988
A2B,b3adc75e7d.jpg,0.8186733675314561,0.32172504
A2B,b44f24c048.jpg,0.8163521492204665,0.34238014
A2B,b5c2fe7c4c.jpg,0.7278851434651502,0.4678819
A2B,b76d52e05a.jpg,0.7623246277260495,0.417558
A2B,b99546090b.jpg,0.7180574537727465,0.4299512
A2B,ba52f976af.jpg,0.8088308325370704,0.3142748
A2B,baf6efabfe.jpg,0.7666025744971618,0.28242967
A2B,bbc5ac4564.jpg,0.747333226796812,0.39461234
A2B,bc4b364a44.jpg,0.787841299481867,0.44409198
A2B,bf6db09354.jpg,0.7356466233004543,0.29387787
A2B,c14505c1da.jpg,0.8518911082227258,0.23390433
A2B,c1dc1a85a4.jpg,0.912316563706081,0.30735996
A2B,c2576267d4.jpg,0.7777560484073618,0.4106225
A2B,c4622e3fb6.jpg,0.7811847327415931,0.35568744
A2B,c67ba2060c.jpg,0.6976064417540039,0.43066055
A2B,c68c52e8fc.jpg,0.7782271206874978,0.28473505
A2B,c6c360756c.jpg,0.7766776670636667,0.4138778
A2B,c6c88ce9c4.jpg,0.8160518593008959,0.36025107
A2B,c78b4fa3a9.jpg,0.8393865537068942,0.18779087
A2B,c7d8142152.jpg,0.8061392250273366,0.45457828
A2B,cb50326950.jpg,0.8211871111475318,0.26553807
A2B,cb9c553ded.jpg,0.8175624209844912,0.47742447
A2B,cc2bb659f4.jpg,0.8406918259414625,0.29910126
A2B,cd6623d07d.jpg,0.8261675637750895,0.21710545
A2B,cdddf326e3.jpg,0.6950351584303046,0.589968
A2B,ce3e0daddd.jpg,0.6568382006484054,0.47422644
A2B,ceb6cf5f31.jpg,0.9061622915437563,0.30286947
A2B,cf6488d84c.jpg,0.5525459120058295,0.44462362
A2B,cfc6fce7b5.jpg,0.729152160687579,0.34149128
A2B,d05cab011d.jpg,0.8460923627872736,0.26733488
A2B,d087730b76.jpg,0.8093084015767673,0.2315577
A2B,d14c1abdd4.jpg,0.8320179843610563,0.4159956
A2B,d1d9748a64.jpg,0.8030078111496888,0.3763753
A2B,d239dae42d.jpg,0.7858258759519159,0.45951402
A2B,d4116437bb.jpg,0.8172738818810561,0.4130582
A2B,d50049fbfc.jpg,0.7210272329802799,0.3226866
A2B,d5b0c260a0.jpg,0.8192897149430848,0.39510775
A2B,d6d6e625bd.jpg,0.8176633034897319,0.37919113
A2B,d729785cb8.jpg,0.7222890449632587,0.3546027
A2B,d754850d01.jpg,0.8184074814764486,0.31964546
A2B,d7948c7635.jpg,0.7743785433165166,0.49085045
A2B,d88482796d.jpg,0.769563079080778,0.33652997
A2B,d9e8704878.jpg,0.7845047087547046,0.32911855
A2B,da72006ef5.jpg,0.792149720447879,0.4136487
A2B,dc33f0edbe.jpg,0.668776602742002,0.52355784
A2B,dcab49d080.jpg,0.660849244706411,0.5231229
A2B,dcf5ea1040.jpg,0.7991946618610378,0.43645215
A2B,dd46691bd7.jpg,0.8447448249926103,0.36116585
A2B,de6f71b00f.jpg,0.7779065641089793,0.27026308
A2B,df64ac2dcb.jpg,0.749817093459449,0.34714106
A2B,e2253b87a0.jpg,0.739575337395669,0.33022296
A2B,e291f8144f.jpg,0.6570840800557337,0.3856308
A2B,e3112413b1.jpg,0.7890626468578739,0.5030446
A2B,e37407c747.jpg,0.7981537834904474,0.5275532
A2B,e510a74d3c.jpg,0.7210429309097074,0.44993487
A2B,e568f84fad.jpg,0.70273049144321,0.46837515
A2B,e753318d04.jpg,0.7988953031359315,0.36332497
A2B,e88d9de918.jpg,0.8767847509090945,0.24182144
A2B,e9580cd500.jpg,0.7413805331577953,0.3275382
A2B,e9f5563817.jpg,0.8744696614635313,0.25137976
A2B,e9f686534b.jpg,0.7668810410834139,0.2837921
A2B,eb3cc5c559.jpg,0.7707705143083416,0.3811949
A2B,ec3398cef9.jpg,0.8458603587684017,0.29533952
A2B,ec78d80dbd.jpg,0.7177066705960686,0.41675764
A2B,ed597655a0.jpg,0.8240095962693847,0.4602475
A2B,ede9769cb3.jpg,0.7219738909928853,0.5695709
A2B,ee7adac58f.jpg,0.7994267622256548,0.4228459
A2B,f04c9d8e34.jpg,0.728503859074182,0.35062376
A2B,f0884db067.jpg,0.6539263822992673,0.41958308
A2B,f0d789c4bc.jpg,0.8403850938114167,0.29406548
A2B,f4413e97bd.jpg,0.7168098658562583,0.4275527
A2B,f486c1655f.jpg,0.809223618836662,0.47781143
A2B,f7836c88eb.jpg,0.7695031883945384,0.295193
A2B,f821791c85.jpg,0.7182301155312489,0.4720065
A2B,f84fb4516a.jpg,0.680197225310733,0.5432846
A2B,f96a8de9f3.jpg,0.6095379170585454,0.5968266
A2B,fb3b06dcb2.jpg,0.749315768056025,0.39920902
A2B,fb806a2a1c.jpg,0.8340739960841231,0.41512996
A2B,fb93438ff9.jpg,0.8059160013495351,0.3795513
A2B,fba982625d.jpg,0.7881622668751939,0.4131814
A2B,fc11d52502.jpg,0.7694582917131922,0.28179404
A2B,fd63a333f1.jpg,0.8088731299631663,0.25390688
A2B,fdf1530d95.jpg,0.8121488199030881,0.40326545
A2B,ffd74c77ea.jpg,0.6247861159539827,0.3396162
B2A,00068bc07f.jpg,0.6495736871222798,0.3884609
B2A,000910d219.jpg,0.7574354461935419,0.42063853
B2A,000ded5c41.jpg,0.5819136332868208,0.44164008
B2A,00104fd531.jpg,0.7103190038659447,0.4561031
B2A,001158d595.jpg,0.7379595053578523,0.32627657
B2A,0033c5f971.jpg,0.6784399902351309,0.48850113
B2A,0039ebb598.jpg,0.6180343956103782,0.49347648
B2A,003aab6fdd.jpg,0.7722686776144493,0.4801578
B2A,003c6c30e0.jpg,0.7750080111469514,0.39894962
B2A,00479e2a21.jpg,0.7017150507580759,0.4909886
B2A,005f987f56.jpg,0.6694115618104028,0.4483336
B2A,0080f94ebc.jpg,0.6629141781801318,0.4528851
B2A,00882b7e1d.jpg,0.5795109923897238,0.36637658
B2A,009d534136.jpg,0.7792249897191696,0.43553078
B2A,009ddaed1f.jpg,0.7950136963182056,0.43755856
B2A,00aeb60e25.jpg,0.7141365751181704,0.36461818
B2A,00c6a0ad1e.jpg,0.7640869343557567,0.42927653
B2A,00dcf0f1e3.jpg,0.6435556010685766,0.3394878
B2A,00dff09ebe.jpg,0.7304602395208344,0.43167928
B2A,00e1798585.jpg,0.8261002326219512,0.3589158
B2A,00e64e1b2c.jpg,0.7122896127664947,0.3517347
B2A,00f78547f0.jpg,0.8283304590246583,0.41550213
B2A,00fcff630e.jpg,0.8247932937683918,0.43581447
B2A,01135e4771.jpg,0.875408727381972,0.2632051
B2A,011f46de73.jpg,0.5682985351167846,0.42165083
B2A,012df5ce29.jpg,0.8927481291714814,0.27668005
B2A,01416e7ada.jpg,0.8103650291445272,0.47182825
B2A,01480da48f.jpg,0.5376777078523234,0.50155956
B2A,0159685c51.jpg,0.6319608338733813,0.56670564
B2A,015f79b672.jpg,0.8092389836995412,0.3244745
B2A,01622039ef.jpg,0.6169876635979131,0.46098706
B2A,0162322d2d.jpg,0.6765859693956094,0.35440028
B2A,016d408833.jpg,0.8794317153096881,0.4034953
B2A,016f524878.jpg,0.8045678662386594,0.31035405
B2A,017018f377.jpg,0.6068612040728256,0.5720367
B2A,01771d99c3.jpg,0.5854634135947812,0.5321297
B2A,017aacad6e.jpg,0.7834863366595057,0.469354
B2A,018be60883.jpg,0.7000681092389265,0.5114933
B2A,018db0f253.jpg,0.6783829570380039,0.5109297
B2A,01952c7673.jpg,0.7684677255568798,0.45553863
B2A,01971e48e5.jpg,0.47934958222589996,0.51790184
B2A,019cf7682d.jpg,0.71653371172341,0.27388576
B2A,01ae8be57e.jpg,0.8562992594080802,0.32367378
B2A,01af5f8623.jpg,0.7322816921788748,0.30899793
B2A,01bce47d3f.jpg,0.7474070945763607,0.40899107
B2A,01c4f86e3e.jpg,0.4408866734021177,0.45785832
B2A,01f7a6398e.jpg,0.8672715624452697,0.39916387
B2A,02001e59af.jpg,0.8239208374412488,0.3962757
B2A,0212257854.jpg,0.6884377665647545,0.45227566
B2A,021df2c226.jpg,0.5571898330112581,0.4048167
B2A,022ca16b0f.jpg,0.5888872312094044,0.46989363
B2A,023637f8fb.jpg,0.7086876612356034,0.47434998
B2A,023eed0385.jpg,0.5939065384126212,0.45136264
B2A,023f3cbb75.jpg,0.7544308330730729,0.32323736
B2A,0240a597f5.jpg,0.7399098947830925,0.5228858
B2A,024d98032b.jpg,0.8546857271520754,0.39314932
B2A,0254fc91bd.jpg,0.779635173021811,0.45000046
B2A,02620a36f7.jpg,0.7592764752029318,0.55082345
B2A,026ac33f9c.jpg,0.7787025769741204,0.40558
B2A,029524fd91.jpg,0.7875742898785384,0.47792062
B2A,029854a790.jpg,0.5742710950491798,0.47369283
B2A,02a1366c74.jpg,0.7105316705922717,0.38426778
B2A,02a4445906.jpg,0.6923837226719268,0.3672593
B2A,02b232fc78.jpg,0.7352241185398334,0.31721342
B2A,02c43186c8.jpg,0.7932183755623996,0.40915644
B2A,02c6c1f6a9.jpg,0.6964800602756338,0.39486703
B2A,02cd89f56d.jpg,0.8564784466614378,0.4706477
B2A,02d763f1c2.jpg,0.6415244675577986,0.40220326
B2A,02ded12bbd.jpg,0.4166027273241138,0.7116723
B2A,02ea18a456.jpg,0.833292269972314,0.31566998
B2A,02ec33e094.jpg,0.7339333270404216,0.37141916
B2A,0312af1e14.jpg,0.6518707212798588,0.55728626
B2A,032389e868.jpg,0.7127545783774676,0.5355032
B2A,03242238ae.jpg,0.797417684854574,0.4907834
B2A,0324f82fee.jpg,0.7678441522987869,0.3463965
B2A,0341fa51d0.jpg,0.6402435875872694,0.5701962
B2A,0344a47135.jpg,0.7697765419212793,0.36008504
B2A,034627340c.jpg,0.7216117951077579,0.28106037
B2A,0362dd81bb.jpg,0.7251958854578984,0.38648528
B2A,0378bcc7c9.jpg,0.7479398184883245,0.2846798
B2A,03950208ff.jpg,0.666972116757743,0.5334028
B2A,03a17d96e1.jpg,0.3864206715889471,0.5448108
B2A,03a21c1b9c.jpg,0.48466303687807216,0.45416093
B2A,03a2b7ce83.jpg,0.6124462853294513,0.46743768
B2A,03ae080a47.jpg,0.6763023124390877,0.35620242
B2A,03ae26ed88.jpg,0.8163457247504495,0.39074284
B2A,03bac83f64.jpg,0.6798209292320341,0.4806751
B2A,03be88270f.jpg,0.8113691457215989,0.33797053
B2A,03c5d1d098.jpg,0.5589315230650966,0.5507313
B2A,03c9f2e3c2.jpg,0.7670139484289661,0.4561513
B2A,03c9f3d584.jpg,0.8042511800329992,0.23910964
B2A,03cc206144.jpg,0.7330755398385004,0.41963267
B2A,03d47c18a5.jpg,0.7825756231539291,0.3913399
B2A,03d6a4d860.jpg,0.5846643603472749,0.5950427
B2A,03dde7a28f.jpg,0.8446829944610155,0.50143546
B2A,03e48faafa.jpg,0.7634091468017438,0.34449106
B2A,03fd7067c1.jpg,0.7981518526866785,0.44668305
B2A,03fe5d2263.jpg,0.6610808174519562,0.48582327
B2A,0409e76de0.jpg,0.8263567224604808,0.51510197
B2A,0425fc7ce5.jpg,0.6517484676995017,0.41184032
B2A,042f0e804d.jpg,0.8017932627823582,0.26865542
B2A,0435dc46a4.jpg,0.7856149779276064,0.38236985
B2A,0436aaaf16.jpg,0.6377563932889841,0.45538914
B2A,04387e4338.jpg,0.5681084223364437,0.6536105
B2A,043b541b77.jpg,0.8907498830224292,0.3339681
B2A,044c1653cf.jpg,0.7373883433509069,0.35283262
B2A,0450d4f8ae.jpg,0.739563513112926,0.36468464
B2A,0451cdb867.jpg,0.605981667189805,0.626903
B2A,045e937903.jpg,0.6754462282447322,0.4723539
B2A,0466d4cdf9.jpg,0.5736119441418641,0.41162542
B2A,0473a25050.jpg,0.7058971693813221,0.4199454
B2A,047acab66b.jpg,0.7608568236210788,0.54854655
B2A,047da870f6.jpg,0.8090319996989619,0.3201432
B2A,04838b8b1e.jpg,0.7722164051898741,0.39427415
B2A,049576d31c.jpg,0.7949508244328453,0.4349438
B2A,049b0ece59.jpg,0.8346659437781605,0.34049296
B2A,04a5fc42e1.jpg,0.7916762400348091,0.33750227
B2A,04b8bfdb1c.jpg,0.7878487880566388,0.26919067
B2A,04cb1f4705.jpg,0.7215999963072146,0.35370514
B2A,04cf8e6d5f.jpg,0.6640879710548032,0.32910082
B2A,04d7e14fbe.jpg,0.6596968092528118,0.35364056
B2A,04d91d7bda.jpg,0.6679691582469107,0.5438934
B2A,04e32c4dc1.jpg,0.7862076755644309,0.496297
B2A,04ec8c9ec2.jpg,0.7426389152806887,0.3212064
B2A,04f59976b5.jpg,0.6891860596891899,0.26658127
B2A,04f71da37b.jpg,0.5238526109485241,0.52209437
B2A,04f72d81b0.jpg,0.7764733831432591,0.39340758
B2A,04f80539d7.jpg,0.8078210347105068,0.38437065
B2A,04fa2a606d.jpg,0.6810663419960866,0.4559331
B2A,04fa456bc9.jpg,0.6873458955129704,0.4535725
B2A,05057d04f7.jpg,0.8644976952028204,0.33617133
B2A,0506726dbd.jpg,0.7953601460768784,0.46398774
B2A,050da171c0.jpg,0.7366100777350205,0.51294005
B2A,051159e33a.jpg,0.642416345566491,0.44703257
B2A,051a7c9ae6.jpg,0.6989744947445471,0.3210834
B2A,051bde8166.jpg,0.7440775451722345,0.35754067
B2A,051c1b5ee3.jpg,0.7129752595290764,0.3693134
B2A,0529dd48c8.jpg,0.610684805531272,0.34891552
B2A,053024baa2.jpg,0.6921001222142089,0.6242359
B2A,0541ce0c1a.jpg,0.6963855463188573,0.38303465
B2A,0547a52b93.jpg,0.6934467956047086,0.30318832
B2A,054f264b2e.jpg,0.7404275433172167,0.358788
B2A,054f375c69.jpg,0.8090225763930782,0.38767722
B2A,05557b0148.jpg,0.6601835807757033,0.45521182
B2A,055c3026f8.jpg,0.7995793236351959,0.3763384
B2A,055dac1e18.jpg,0.6738537285584274,0.37341666
B2A,055e5dca6e.jpg,0.7546109145867932,0.544731
B2A,05646c5cdb.jpg,0.832700421411916,0.35966796
B2A,0572f32305.jpg,0.598022425411322,0.5710654
B2A,057d83cdee.jpg,0.7076904744528435,0.3635254
B2A,058af422c6.jpg,0.8168254165643695,0.3562064
B2A,0597c38d69.jpg,0.62204645585676,0.3525079
B2A,05a3801bed.jpg,0.8105814034268444,0.44728702
B2A,05a84fad61.jpg,0.7246116386426149,0.56571144
B2A,05c885c810.jpg,0.8305389226260629,0.30972654
B2A,05ca68299e.jpg,0.5601981340973048,0.34825844
B2A,05e37a8900.jpg,0.8385429214436384,0.41262382
B2A,05e88ecd0a.jpg,0.5977780849359994,0.41164324
B2A,05f0db4d14.jpg,0.7000570069334333,0.51673883
B2A,05f22b97da.jpg,0.7969815560113237,0.34187716
B2A,05f4b38e6e.jpg,0.7206156533828998,0.5429254
B2A,06058e6cb0.jpg,0.5737642654227925,0.60652345
B2A,0606110c45.jpg,0.8432264779320849,0.38797462
B2A,061bb611e0.jpg,0.7908397425701412,0.36577958
B2A,061f0095f0.jpg,0.7880893926509399,0.42811787
B2A,062313a97c.jpg,0.7488594407780018,0.33846718
B2A,06371834cb.jpg,0.41913589963992903,0.5544566
B2A,063ab57d41.jpg,0.7378847391344345,0.27060685
B2A,064b9119de.jpg,0.7796523346616528,0.43593255
B2A,064babb7f0.jpg,0.6841777496616589,0.37851948
B2A,064f91250d.jpg,0.6914948193348502,0.53779125
B2A,065b649ac7.jpg,0.6643219706941014,0.48429465
B2A,0665264678.jpg,0.8985049167254824,0.3987085
B2A,066b81e0f9.jpg,0.7966795710437363,0.345002
B2A,068381ad63.jpg,0.7629520133425253,0.417092
B2A,068cc6fe3f.jpg,0.6793969228262394,0.35521856
B2A,0696f8142e.jpg,0.7506389286096745,0.46129167
B2A,069e6e5b82.jpg,0.6683862156000483,0.4198023
B2A,06a5930183.jpg,0.7963323449269442,0.34450763
B2A,06a9cf2d11.jpg,0.6546582827557775,0.5772178
B2A,06b2c2dfca.jpg,0.7905256274654899,0.34894553
B2A,06b8114f82.jpg,0.7149241550654679,0.4562126
B2A,06c2d19658.jpg,0.8162356972653233,0.41637677
B2A,06c549794b.jpg,0.8832842058064353,0.4109745
B2A,06c89c4c23.jpg,0.7014079308872266,0.4656126
B2A,06c9326c86.jpg,0.7886099531609109,0.43053252
B2A,06e117b31e.jpg,0.7382446155456495,0.43285906
B2A,06e156d8ba.jpg,0.7609208442291088,0.38793725
B2A,06f749912b.jpg,0.41194775373869136,0.33695388
B2A,07054731ab.jpg,0.5125323704483568,0.68144745
B2A,0709ff32ee.jpg,0.7614711112437028,0.31135884
B2A,0711866dcd.jpg,0.5201511920939393,0.5562379
B2A,071c375c2c.jpg,0.6521681807469291,0.41801953
B2A,0723d52098.jpg,0.8601240253893827,0.35998923
B2A,0724805941.jpg,0.6577939447247773,0.4008301
B2A,072f1336c9.jpg,0.6981481276133492,0.52062166
B2A,07362b3f42.jpg,0.733701073753435,0.47685367
B2A,073e8b3056.jpg,0.6865315645197401,0.41279197
B2A,074218de82.jpg,0.7677346036858649,0.45741302
B2A,074ea8cb6e.jpg,0.6297608867823205,0.39634058
B2A,07573a95f6.jpg,0.6259138251353522,0.52162826
B2A,075e8d4617.jpg,0.7691469007615488,0.36069268
B2A,0761281e3b.jpg,0.5716671430123876,0.5045779
B2A,076c62582d.jpg,0.7663148125805773,0.31274545
B2A,0770ea1a07.jpg,0.6485706722202623,0.41085514
B2A,077bf7e451.jpg,0.6549541361976643,0.5123361
B2A,078cd3ce07.jpg,0.6254589939891264,0.4288724
B2A,078fd1bc42.jpg,0.6848471957966124,0.5197358
B2A,07939b1fde.jpg,0.7293117245477926,0.37593573
B2A,079da3af1e.jpg,0.6619272565262113,0.3875215
B2A,07b7fdff1b.jpg,0.641998796279463,0.66088885
B2A,07bf7d7df1.jpg,0.8415316158790296,0.3793948
B2A,07cb260548.jpg,0.7468466392735253,0.31573012
B2A,07e9bc5956.jpg,0.7088502889452009,0.3606406
B2A,07ea3a38d2.jpg,0.5961320216812295,0.5790818
B2A,07f37dfe50.jpg,0.894806588762698,0.34500217
B2A,07f730ef9a.jpg,0.7624928842401656,0.6455451
B2A,08009f0be5.jpg,0.5607189901978674,0.41543585
B2A,0811c84b0c.jpg,0.8076894720678954,0.3143378
B2A,081955febb.jpg,0.7332586269471119,0.33049744
B2A,08247a7020.jpg,0.7052421538526381,0.4313469
B2A,082786cc1f.jpg,0.5127304555494192,0.36736697
B2A,08341635fa.jpg,0.6029602731539844,0.7288599
B2A,0844c2cddf.jpg,0.6510947640126646,0.44510862
B2A,0845e8dc24.jpg,0.4656502583506184,0.46198502
B2A,085c73097f.jpg,0.5952095824503933,0.46933717
B2A,0860f1e141.jpg,0.7435026150720884,0.34586802
B2A,08645ef69b.jpg,0.6704283606153979,0.35972267
B2A,087e779e73.jpg,0.8369667221613459,0.38136593
B2A,08874a6ee1.jpg,0.73690638522394,0.47045177
B2A,088972cf3f.jpg,0.7111411197111226,0.38264087
B2A,089406822c.jpg,0.7607085324660324,0.35356712
B2A,08a203b59d.jpg,0.7964254886782959,0.41327578
B2A,08acc490a3.jpg,0.6614476511284553,0.35797885
B2A,08b790bca7.jpg,0.801707390824614,0.47728157
B2A,08c1754f70.jpg,0.738047213809363,0.3358617
B2A,08cbd0d6c4.jpg,0.8505241985961519,0.30336875
B2A,08cbd51033.jpg,0.7713988200012092,0.36972082
B2A,08d7603c9c.jpg,0.8018961916393689,0.4050675
B2A,08da1e5774.jpg,0.8223832813115951,0.34428468
B2A,08e3354189.jpg,0.7576211329705038,0.38855115
B2A,08fa88c02c.jpg,0.7426288909035245,0.26463214
B2A,08fa8a6f26.jpg,0.6820370983906737,0.46774384
B2A,08fd7ac09b.jpg,0.8549385530378337,0.36120647
B2A,090d5b3cca.jpg,0.8036663471421176,0.36820856
B2A,091b6b9b07.jpg,0.7978462842315206,0.3769641
B2A,0922bbb3c1.jpg,0.8588575239915093,0.2697603
B2A,0932ad9605.jpg,0.8333755884362224,0.3163678
B2A,0938dc0298.jpg,0.5752094563691442,0.5754202
B2A,0939723138.jpg,0.8032808271287227,0.31816855
B2A,093be92a48.jpg,0.7443858557478745,0.27388537
B2A,093e24f728.jpg,0.783678304705745,0.47589052
B2A,0945008455.jpg,0.8268958866117013,0.33799788
B2A,09591edd0a.jpg,0.7979738029701292,0.31512034
B2A,095bc5a33d.jpg,0.6588624564316653,0.39174142
B2A,096165f6f0.jpg,0.8056706969969906,0.36473426
B2A,0962094f25.jpg,0.8367153236531565,0.30238292
B2A,0963accefe.jpg,0.8194107213783453,0.3007741
B2A,096495c50c.jpg,0.7421759511204954,0.3932203
B2A,096bae8cd9.jpg,0.7401871607006212,0.37157887
B2A,096da37ff7.jpg,0.8655881763458101,0.36502045
B2A,096f009762.jpg,0.6875336236731839,0.3709765
B2A,09748274a3.jpg,0.8467850833189697,0.3593151
B2A,09756af6f7.jpg,0.6613863981868597,0.44519347
B2A,097b3ce81a.jpg,0.8108080895327267,0.3456626
B2A,097d38ef3b.jpg,0.8094642516633521,0.38630372
B2A,09816286d3.jpg,0.8361991357011055,0.42917997
B2A,0984136f36.jpg,0.6135860638276819,0.54139704
B2A,098b35d919.jpg,0.6904921213718571,0.43914437
B2A,098c0ce670.jpg,0.6376485435501602,0.4132136
B2A,098fde2b22.jpg,0.7007895612650273,0.38508484
B2A,099159901a.jpg,0.6130637014964058,0.59975123
B2A,099395535c.jpg,0.7303683096680466,0.3430059
B2A,09986b5a14.jpg,0.802506320157908,0.48518288
B2A,09a43d2264.jpg,0.7078119585710867,0.3831476
B2A,09bebf108f.jpg,0.7761215972041952,0.36548626
B2A,09c874df81.jpg,0.8804414095600779,0.3488503
B2A,09d34f7412.jpg,0.7927846815089538,0.46990287
B2A,09ddb5e4c9.jpg,0.7066553281926697,0.5857984
B2A,09e084658a.jpg,0.7200138022464689,0.30236116
B2A,09e1b696b4.jpg,0.8205618430133442,0.25268978
B2A,09e2982b82.jpg,0.6669164789588516,0.5666314
B2A,09e8393bd1.jpg,0.5728383578128714,0.53842217
B2A,09ec565e3a.jpg,0.802910960130974,0.46928546
B2A,09f57ab8c5.jpg,0.7580501007227862,0.32191515
B2A,09fc404e31.jpg,0.5572095519671375,0.7276181
B2A,09fcd10b7e.jpg,0.6467773957118268,0.40414953
B2A,0a0c3a6d07.jpg,0.6749284688677405,0.5088875
B2A,0a0d3e6ea7.jpg,0.7882936808645177,0.42685503
B2A,0a1d1b9f8e.jpg,0.6511164645067486,0.5882791
B2A,0a271892d0.jpg,0.7309422642626636,0.3673314
B2A,0a284dbed0.jpg,0.6519205541792589,0.35022825
B2A,0a2e5f728d.jpg,0.5358742047366021,0.61988455
B2A,0a325fc655.jpg,0.643238374008124,0.3681231
B2A,0a44c8287d.jpg,0.7056074530327906,0.56238645
B2A,0a49020ae5.jpg,0.701165542728104,0.3049423
B2A,0a497f768d.jpg,0.7781306716067898,0.42489046
B2A,0a6091114d.jpg,0.7564553274539914,0.5024236
B2A,0a6279ef66.jpg,0.7860649226351769,0.4937023
B2A,0a6e92d928.jpg,0.5772523273342796,0.3624659
B2A,0a74701f65.jpg,0.840534542495721,0.37353662
B2A,0a7a8e30bd.jpg,0.6709950546100167,0.47025245
B2A,0a7b607c9c.jpg,0.781792349848138,0.32675725
B2A,0a8839fac9.jpg,0.7163402646211441,0.29583448
B2A,0a996d988b.jpg,0.7351112121823163,0.26167992
B2A,0aa4202c77.jpg,0.7207194070716715,0.43843725
B2A,0aaf6960c4.jpg,0.8439106975933146,0.3420533
B2A,0abbeddf71.jpg,0.8501588769612944,0.42596504
B2A,0abbf2fd4b.jpg,0.7484751212391462,0.48260817
B2A,0ac4b6aaaa.jpg,0.8276579115459682,0.256221
B2A,0ac84db7bc.jpg,0.5659337210935156,0.60264224
B2A,0ad13029a9.jpg,0.6410231694758431,0.49780786
B2A,0ad956708f.jpg,0.8763363796838362,0.30486077
B2A,0ae5e9bfe2.jpg,0.6485633961889194,0.3374366
B2A,0aec1f9701.jpg,0.8344371339607695,0.35995013
B2A,0b0bf6fe85.jpg,0.6783623959217648,0.40468404
B2A,0b1669c3ea.jpg,0.8473061885061226,0.42003727
B2A,0b21ce3df6.jpg,0.8380051265154311,0.4025613
B2A,0b2454f0e3.jpg,0.7529238712403202,0.34308237
B2A,0b2f2a3e59.jpg,0.8563223698159351,0.37334216
B2A,0b3fd12ac9.jpg,0.7921331875104497,0.36378586
B2A,0b461ab035.jpg,0.8377180485067677,0.35596937
B2A,0b48073b83.jpg,0.6344572807309493,0.42352077
B2A,0b4dbff7c8.jpg,0.7701821495556028,0.30455095
B2A,0b4f93c337.jpg,0.7775171956254562,0.42210793
B2A,0b53fd3e90.jpg,0.5227098794520285,0.40875828
B2A,0b68939003.jpg,0.8039176223622739,0.35106516
B2A,0b6b4bfc29.jpg,0.871314021563897,0.2852413
B2A,0b91f359c5.jpg,0.7229375737335243,0.48814374
B2A,0b97d70d93.jpg,0.8466228138037836,0.33653808
B2A,0bb9d1a3cf.jpg,0.765992946308558,0.43635106
B2A,0bcecb1330.jpg,0.657415558477799,0.5776911
B2A,0bddd37684.jpg,0.7598337876766489,0.40635204
B2A,0bde6ba99b.jpg,0.6473864681334283,0.47112936
B2A,0bdf3110dc.jpg,0.7194413578915114,0.35536775
B2A,0bede4ba4e.jpg,0.5932371284262249,0.31189787
B2A,0c18bf8536.jpg,0.7806700773224192,0.3292184
B2A,0c21bed0d8.jpg,0.565902200320457,0.31097004
B2A,0c272fcde8.jpg,0.8142635473774347,0.35314247
B2A,0c4ebc7f6a.jpg,0.6863835248304145,0.44404632
B2A,0c64451f58.jpg,0.6394176610920363,0.42630422
B2A,0c64b00832.jpg,0.7350321505456086,0.38020253
B2A,0c696d12a2.jpg,0.8465398229475554,0.38670966
B2A,0c6b56bba9.jpg,0.7349891511987625,0.39969662
B2A,0c6b63c2c5.jpg,0.5363293492686663,0.48489806
B2A,0c6c9d8ce7.jpg,0.8077132770389664,0.40313804
B2A,0c6e6b52be.jpg,0.7342768717367766,0.3032937
B2A,0c6fcdf1f5.jpg,0.6340328726076463,0.38305286
B2A,0c781e1538.jpg,0.7022194461301111,0.3534283
B2A,0c7e07acd3.jpg,0.7859279045621311,0.3006718
B2A,0c8a94c597.jpg,0.7204257281043206,0.36464432
B2A,0ca5b3c96a.jpg,0.7914411106539209,0.36116198
B2A,0cac1bcf2b.jpg,0.8074291398719958,0.46944344
B2A,0cae98323f.jpg,0.8219684289492568,0.2902962
B2A,0cb4144fbb.jpg,0.5049393910801095,0.68248934
B2A,0cb6683555.jpg,0.8460835039873323,0.32087
B2A,0ccbcfcf65.jpg,0.7953924294687961,0.33652776
B2A,0cda2627bf.jpg,0.7707363867313035,0.5177233
B2A,0cdfbb28e6.jpg,0.5050204961611617,0.5112901
B2A,0ce227ee32.jpg,0.6288803061268583,0.4087832
B2A,0cec4d02a7.jpg,0.6005652507098357,0.42680055
B2A,0cecce2e24.jpg,0.7096120713544068,0.46977645
B2A,0cf495d82e.jpg,0.6714943077504735,0.56750065
B2A,0cf4dc75d0.jpg,0.7524144256354266,0.40073818
B2A,0cfe85f73d.jpg,0.8198453173065464,0.3436105
B2A,0d11463712.jpg,0.7042158405841477,0.5244939
B2A,0d1a5b6882.jpg,0.8031111654067544,0.52198267
B2A,0d23431254.jpg,0.7982117942079547,0.39353886
B2A,0d2583e3ea.jpg,0.6413621298058049,0.34360278
B2A,0d2ed7fb8e.jpg,0.723074126649947,0.32679155
B2A,0d2f9d322d.jpg,0.5510537509672437,0.5175153
B2A,0d3752b4ad.jpg,0.689920100022982,0.43259224
B2A,0d423f52fd.jpg,0.852067261942443,0.4065925
B2A,0d59054b30.jpg,0.7259090038061833,0.42889544
B2A,0d593e3752.jpg,0.6840608249752571,0.50348413
B2A,0d64ca5ecf.jpg,0.8351592507321631,0.42102352
B2A,0d6ba5d215.jpg,0.6281203529741703,0.5122146
B2A,0d6c81cbc2.jpg,0.8025512021863054,0.45461872
B2A,0d6f893bc7.jpg,0.8255423356716808,0.3207996
B2A,0d7c5d97ac.jpg,0.7910840903149137,0.4724036
B2A,0d80b97eb4.jpg,0.6643313941304445,0.39425647
B2A,0d859e1630.jpg,0.6563674800618606,0.57551503
B2A,0d89393fe0.jpg,0.7225838122119351,0.27054834
B2A,0d8c66b24e.jpg,0.794106739996643,0.2953525
B2A,0dd016afa5.jpg,0.8494705513137387,0.3236535
B2A,0dd4041294.jpg,0.8649705658338831,0.3914075
B2A,0dd5085fdf.jpg,0.9322283840217689,0.42567748
B2A,0dde3f8ee7.jpg,0.7178985269103014,0.35348257
B2A,0de8320918.jpg,0.6364819785033776,0.53322375
B2A,0de920c5bf.jpg,0.8545276499723873,0.36683106
B2A,0debce885b.jpg,0.6578840808507952,0.5182202
B2A,0df35db4a2.jpg,0.6815503253748175,0.53520226
B2A,0df9a45c26.jpg,0.633312625320149,0.442498
B2A,0e003670f7.jpg,0.6041881541971769,0.5791868
B2A,0e0577ec3a.jpg,0.558848219511289,0.5225836
B2A,0e0a660bb8.jpg,0.8379887056497839,0.4555931
B2A,0e0bdef20a.jpg,0.7974010956632824,0.38743573
B2A,0e1230a330.jpg,0.6773191346115112,0.43437824
B2A,0e13d9c6f4.jpg,0.7800595580976829,0.36166766
B2A,0e23057337.jpg,0.857800479992117,0.39787102
B2A,0e2610ef33.jpg,0.6833448360641786,0.47491932
B2A,0e441b3c17.jpg,0.7710121703353215,0.40863496
B2A,0e4c7d5e15.jpg,0.8537521668564473,0.40534163
B2A,0e4ec46846.jpg,0.8037580909878836,0.5054906
B2A,0e5afbada4.jpg,0.8215565201313756,0.33535784
B2A,0e750aaed9.jpg,0.8275624273487546,0.38433504
B2A,0e8eb4587e.jpg,0.8310777853641996,0.40547863
B2A,0e95c87f76.jpg,0.676952778794923,0.41930485
B2A,0e983a3ef5.jpg,0.6509272389056725,0.5146251
B2A,0eaa8d71f6.jpg,0.8020962670123266,0.43023363
B2A,0eb3c8892a.jpg,0.43255046707734857,0.54902685
B2A,0eb810429d.jpg,0.6444019829657018,0.62179613
B2A,0eddbbb35c.jpg,0.7347021684605516,0.35158795
B2A,0f1e6530bc.jpg,0.8061722533241786,0.3378469
B2A,0f35be9cbb.jpg,0.8240399945895088,0.40019023
B2A,0f3757e6cd.jpg,0.6987709124622041,0.61112773
B2A,0f3ed210c0.jpg,0.8585160441367072,0.33938447
B2A,0f5228f2a6.jpg,0.8422780159805957,0.28229523
B2A,0f58899ce1.jpg,0.7702090381615965,0.36415797
B2A,0f819ab838.jpg,0.7577666062159008,0.46367943
B2A,0f8e316a87.jpg,0.8379463012631098,0.33726618
B2A,0fa29829f2.jpg,0.551483448447991,0.54605746
B2A,0fa5629898.jpg,0.8623428796771012,0.2931563
B2A,0fb1ca7fe1.jpg,0.6856726614308528,0.4003279
B2A,0fbcbeddd5.jpg,0.7090885697612711,0.3248713
B2A,0fca1c304e.jpg,0.7969140359603278,0.4021064
B2A,0fccbd8558.jpg,0.8125956431520062,0.32309008
B2A,0fd7cd6092.jpg,0.6950087159194047,0.36412728
B2A,0fdcf56678.jpg,0.7984666230084477,0.3835156
B2A,0fe76a9ec9.jpg,0.8579532197564127,0.46454442
B2A,0fef77210a.jpg,0.7473234147461026,0.5516458
B2A,10118ae431.jpg,0.7136229022447359,0.46322513
B2A,101a1f34db.jpg,0.7342536393757036,0.44888145
B2A,101a5ad83d.jpg,0.8761128192690902,0.35564128
B2A,101c59feab.jpg,0.8066284248630504,0.35668197
B2A,101d00677e.jpg,0.7549140551530765,0.3601467
B2A,102c9065a7.jpg,0.7837799176759446,0.40069926
B2A,102da9e0bf.jpg,0.7116152516571758,0.49421176
B2A,10371b9044.jpg,0.822151433728143,0.32175505
B2A,1037993785.jpg,0.7786633789178518,0.3880504
B2A,104204fa3f.jpg,0.7519238411811866,0.3859819
B2A,105ac2e395.jpg,0.7329376100676741,0.42699763
B2A,106091e966.jpg,0.6245146403829939,0.40965432
B2A,1064e8c2fc.jpg,0.8366570744107513,0.35788614
B2A,10729e0962.jpg,0.566967970600692,0.35909477
B2A,1076bdc405.jpg,0.6904438341302593,0.5544379
B2A,107769ed33.jpg,0.7805692216342767,0.3794032
B2A,1079a7abe1.jpg,0.797098389058271,0.4006263
B2A,108d3336bd.jpg,0.8102465717497482,0.340132
B2A,108f57c580.jpg,0.7216713367989515,0.51494205
B2A,1097dcc82e.jpg,0.786871157343985,0.45302564
B2A,10ab9fcfcb.jpg,0.6046515119036042,0.7199942
B2A,10e101cae7.jpg,0.7630454805945303,0.41649407
B2A,10e79c0f04.jpg,0.6269851976582388,0.3401041
B2A,10f3bc8893.jpg,0.707515346430263,0.53914213
B2A,1106610965.jpg,0.8325460728405323,0.45720476
B2A,11068aa40b.jpg,0.5598309296629517,0.4742054
B2A,110d660fee.jpg,0.7479834352735265,0.3527724
B2A,112f088373.jpg,0.5914820466221127,0.46108645
B2A,113444c0c2.jpg,0.8693215548019869,0.28042534
B2A,1138db3be9.jpg,0.687442488721046,0.32546932
B2A,114692dc5b.jpg,0.8002840053547357,0.33291703
B2A,1151c9b98d.jpg,0.6059736960401519,0.4960948
B2A,115cd21c1c.jpg,0.6242770416285941,0.44558161
B2A,115cd80f74.jpg,0.7172859480788224,0.42674717
B2A,115f221c2a.jpg,0.5988022514666218,0.39251673
B2A,115f43bae3.jpg,0.7222214618653386,0.374152
B2A,117281b37b.jpg,0.7296094523993425,0.35788774
B2A,1172d3e228.jpg,0.7891586506825718,0.47062185
B2A,117d70bd19.jpg,0.5576218640512927,0.6979044
B2A,117e2a807d.jpg,0.65876886428417,0.44460398
B2A,1193c043d7.jpg,0.701236850357313,0.4330643
B2A,11bcbf0f67.jpg,0.8629006812098405,0.34074146
B2A,11c1de8b75.jpg,0.7954430742595308,0.42842
B2A,11c24d756f.jpg,0.635598472214194,0.44116187
B2A,11cc678dbf.jpg,0.8425206484082762,0.39419335
B2A,11d4cd762d.jpg,0.7294026069057181,0.49984086
B2A,11d713b4ee.jpg,0.679192230130727,0.51413405
B2A,11e25d3dc4.jpg,0.6296525154028846,0.28701594
B2A,11f13ca69e.jpg,0.7573830993809926,0.36344776
B2A,11f482a716.jpg,0.8179962954758123,0.3524745
B2A,11feb29e6a.jpg,0.6175348086812039,0.44732726
B2A,1216dc1ffe.jpg,0.6621537270168353,0.37814334
B2A,12193672ba.jpg,0.6754655659146397,0.5142446
B2A,122f944d40.jpg,0.7400591352493858,0.4480024
B2A,1235e32fb2.jpg,0.5979465137434977,0.45423418
B2A,123714f71c.jpg,0.7913512006040777,0.36024323
B2A,1240cc6f83.jpg,0.6142521007800329,0.59732765
B2A,124244310e.jpg,0.7938112543866431,0.32922226
B2A,124dda3622.jpg,0.7402255069097063,0.41306013
B2A,125fd9187b.jpg,0.7077146827002874,0.66500485
B2A,12672ab41c.jpg,0.7602292734532049,0.4580796
B2A,126fb64cb8.jpg,0.6300580094277181,0.31119472
B2A,1285f93747.jpg,0.8273924136820902,0.41263384
B2A,129823154f.jpg,0.7094571388152343,0.5150572
B2A,129df5c60c.jpg,0.6387836864837583,0.42699525
B2A,12ae4ffbb5.jpg,0.7295406368417766,0.41511917
B2A,12b2a8d1fc.jpg,0.7130696177908301,0.4218461
B2A,12b302b5f1.jpg,0.7674434571969008,0.36513102
B2A,12c5ce9b42.jpg,0.6536945472291383,0.37052798
B2A,12c65cd54c.jpg,0.8449149069253031,0.36598712
B2A,12cb4d2917.jpg,0.6496837184948905,0.46278715
B2A,12cc0ffc15.jpg,0.7868221655886707,0.39754418
B2A,12d0476b93.jpg,0.6707317894893982,0.40995872
B2A,12e9b80b70.jpg,0.8172242946457376,0.30367425
B2A,12f09c6efe.jpg,0.7782157347710719,0.4441815
B2A,12f74378d4.jpg,0.8722386344002895,0.37157172
B2A,12f9c1a7b5.jpg,0.719362122830104,0.39563513
B2A,13048dfacf.jpg,0.6749886892958888,0.5214415
B2A,13173bc6b5.jpg,0.624633622963034,0.4208824
B2A,13219b2462.jpg,0.7833599847348599,0.35402203
B2A,13328c1504.jpg,0.835930902198755,0.36942393
B2A,133adbd41e.jpg,0.7894965193736599,0.31722036
B2A,134f611db2.jpg,0.8409641416688711,0.47794938
B2A,1355735108.jpg,0.850322610383163,0.42633763
B2A,1363fc8268.jpg,0.7473601710961516,0.5361774
B2A,1365922bc1.jpg,0.7746056966713273,0.27937227
B2A,13671d11f9.jpg,0.7756685654546462,0.3509599
B2A,1379cdd516.jpg,0.6408930514743468,0.47607917
B2A,13829b20dd.jpg,0.7818467515114661,0.3354016
B2A,13888541b7.jpg,0.7848188004093705,0.5128402
B2A,13892d15e5.jpg,0.7377456667500207,0.4724663
B2A,138a069c6c.jpg,0.6207759850724602,0.30490372
B2A,138c350c89.jpg,0.7929045852266204,0.33986622
B2A,13bbd45d01.jpg,0.7996402878195269,0.43001083
B2A,13c0555eab.jpg,0.7003900234777218,0.2596148
B2A,13c3b0e711.jpg,0.8445064945644722,0.32408598
B2A,13e3480e01.jpg,0.8493380635426391,0.40832368
B2A,13f4f7168a.jpg,0.8175822107414632,0.289845
B2A,13fec527bb.jpg,0.7225612020165989,0.3686912
B2A,140f195fbc.jpg,0.7984452048051022,0.37960505
B2A,14135c74d7.jpg,0.7510662467220992,0.60754853
B2A,141ade2afb.jpg,0.5838949572644734,0.5246987
B2A,1421d11393.jpg,0.7750914298182537,0.36608574
B2A,142cda27d9.jpg,0.7983776477356963,0.42945388
B2A,1432b7355d.jpg,0.800767982434337,0.37438035
B2A,1437a4d5f9.jpg,0.6560780436211817,0.5747278
B2A,1444ac5586.jpg,0.6279687417443629,0.39488867
B2A,1451c82e2f.jpg,0.7895948251268292,0.37898397
B2A,1467b3a6ac.jpg,0.724008504245651,0.4402674
B2A,1476b02998.jpg,0.8674846497353302,0.3749277
B2A,14804e18f9.jpg,0.591601887026217,0.43879303
B2A,14860c3bed.jpg,0.7991540863042685,0.4578414
B2A,1491d9367b.jpg,0.8850092519019678,0.35617432
B2A,1499400929.jpg,0.7144726066710426,0.31638676
B2A,149e367310.jpg,0.671754640611615,0.5843189
B2A,14a7686f98.jpg,0.7205047938098985,0.42378175
B2A,14a95bb688.jpg,0.6426292587408334,0.6434815
B2A,14ac55e78e.jpg,0.8261264135408601,0.42093492
B2A,14b92a85f3.jpg,0.8138646090250506,0.33463782
B2A,14bcc3cdad.jpg,0.7805756303796093,0.3484385
B2A,14c0e95507.jpg,0.8304824256820121,0.42816126
B2A,14c38e1c2e.jpg,0.7863287387755178,0.4346476
B2A,14fa7a9b31.jpg,0.7146021475090129,0.4605576
B2A,14fe889824.jpg,0.8413357401275278,0.27920786
B2A,151cb3c6ff.jpg,0.7597859630759798,0.35053965
B2A,1531eae642.jpg,0.5386473426500459,0.56514287
B2A,153bb660da.jpg,0.761849071960652,0.3341212
B2A,153e1ec171.jpg,0.7973630564577465,0.40797853
B2A,153f59d4cb.jpg,0.6751304392001616,0.447209
B2A,156540ebe1.jpg,0.7561247744408961,0.2825459
B2A,1569489edb.jpg,0.8023195897988548,0.33176434
B2A,156cf5822e.jpg,0.6537110625461078,0.4809708
B2A,15769de345.jpg,0.7143307432356116,0.4295246
B2A,157ee68b71.jpg,0.7268404240588255,0.45974547
B2A,1581f3755e.jpg,0.7821653929479425,0.43783027
B2A,1582ec589d.jpg,0.8173651386094513,0.30984136
B2A,159b3f002f.jpg,0.7374742394546865,0.4394907
B2A,159baa9c2b.jpg,0.6984503108144013,0.54912645
B2A,159c19456b.jpg,0.6875732418610808,0.40009373
B2A,159e0baf13.jpg,0.5518422024078612,0.5328323
B2A,15a51e4dbe.jpg,0.627380722185311,0.31227902
B2A,15a9b54b5f.jpg,0.6845457362808798,0.37328655
B2A,15abe5af92.jpg,0.8163023988991216,0.52549005
B2A,15b1f01b86.jpg,0.8848551308634034,0.31279966
B2A,15b9563151.jpg,0.6036523172493319,0.44236672
B2A,15cb21df1a.jpg,0.7513033670401429,0.51932096
B2A,15cca6975b.jpg,0.7550377950901173,0.3218965
B2A,15d8655b4f.jpg,0.7267207544865307,0.33633688
B2A,15f7238855.jpg,0.7179887133739964,0.3901441
B2A,15f862b305.jpg,0.8217921879500933,0.32704532
B2A,160c560e5e.jpg,0.5191926533563407,0.56713057
B2A,160d920b63.jpg,0.7601989623750268,0.33085594
B2A,1615de2bd0.jpg,0.7973432441093526,0.36779356
B2A,161b3c519e.jpg,0.690539273891885,0.3648576
B2A,163669cbd0.jpg,0.6836674532197484,0.43461856
B2A,164492cfa7.jpg,0.7381835038865316,0.3564713
B2A,1645d08cab.jpg,0.7231764394052311,0.52751935
B2A,164ebc7900.jpg,0.8877357917395902,0.27027395
B2A,165dfb6cd0.jpg,0.6355978815307948,0.41144013
B2A,1665a48def.jpg,0.6902625379661964,0.3959988
B2A,1675879297.jpg,0.6682752697410134,0.47515452
B2A,1676f96061.jpg,0.7370687653751322,0.39034757
B2A,1688783462.jpg,0.7182544630475077,0.30205563
B2A,1694e5637b.jpg,0.8343105082144923,0.4088351
B2A,16963c4f89.jpg,0.7364532829978011,0.43207234
B2A,169c381352.jpg,0.8628327336327066,0.38373637
B2A,169f8a8503.jpg,0.6627209147670978,0.45810497
B2A,16a0c8ed23.jpg,0.7560816791906075,0.37253046
B2A,16a3dd9695.jpg,0.5230572461252478,0.46176207
B2A,16a666edff.jpg,0.5820854185688352,0.67287034
B2A,16a7a9fc44.jpg,0.5808959791526955,0.43650773
B2A,16ab6bc622.jpg,0.9569008145813508,0.34405184
B2A,16b3067a86.jpg,0.7254973148754119,0.4843661
B2A,16b3ea1e00.jpg,0.6554212459791995,0.5205452
B2A,16b74bd37f.jpg,0.8446744396089154,0.41568533
B2A,16c119b3c7.jpg,0.6888578580945118,0.34915727
B2A,16cd6cbc68.jpg,0.8283927840212273,0.2701483
B2A,16d8cafb5b.jpg,0.5912952491413177,0.72520864
B2A,16d9624078.jpg,0.7052388223901963,0.3829668
B2A,16de17a9aa.jpg,0.7863299430452966,0.3215506
B2A,16de6b603c.jpg,0.8236507284654315,0.341492
B2A,16ded6f738.jpg,0.5911535282842959,0.5852529
B2A,16dff1b77f.jpg,0.840257922325916,0.2848423
B2A,16e764f509.jpg,0.8380222076318117,0.4209053
B2A,16f0c49f22.jpg,0.8634233750909344,0.41722077
B2A,16f3703756.jpg,0.6951207297001782,0.31009796
B2A,1701c26348.jpg,0.7097451340801864,0.288595
B2A,17028b1e92.jpg,0.622544356005698,0.55222124
B2A,170434d3dd.jpg,0.8231331156071277,0.4316741
B2A,170dbca136.jpg,0.8528579812308175,0.3333779
B2A,17167ea036.jpg,0.8184364009776128,0.29210407
B2A,172a0707b2.jpg,0.48249436765112724,0.53758323
B2A,17315bdc5b.jpg,0.8302758374541164,0.34595817
B2A,1735a91a3d.jpg,0.8186876154414489,0.43961155
B2A,17398e5a2a.jpg,0.6944439677869177,0.39549708
B2A,17499b0283.jpg,0.8026838126402863,0.3932882
B2A,174ded9426.jpg,0.7727482123873941,0.3158665
B2A,174f0355a6.jpg,0.6442499196340813,0.45693463
B2A,17592a1017.jpg,0.7403487024331771,0.5053513
B2A,176050474a.jpg,0.7323670193357992,0.38613337
B2A,1764393c0e.jpg,0.737764966123421,0.53408587
B2A,17674de2d5.jpg,0.7755395107649449,0.37752506
B2A,176bec46aa.jpg,0.7484065068873572,0.30486864
B2A,176d0e5c75.jpg,0.7296984589497738,0.43710274
B2A,1771b7c478.jpg,0.7802748273352896,0.3748228
B2A,1774482049.jpg,0.7917379765530614,0.33365297
B2A,1779a8225f.jpg,0.6728684972332772,0.43673825
B2A,1789a61138.jpg,0.6706148950545795,0.54786944
B2A,178d33e084.jpg,0.7496279160647925,0.4482032
B2A,17924dd78d.jpg,0.8830376521084385,0.3649096
B2A,179af606cb.jpg,0.8092535523863373,0.37960142
B2A,17a199a709.jpg,0.7082375175948794,0.3680026
B2A,17a8bd8ba4.jpg,0.5908834893924975,0.41200554
B2A,17b7569c29.jpg,0.7098403091634186,0.45528036
B2A,17c8c9072a.jpg,0.8863672828526296,0.30023414
B2A,17ce3a201d.jpg,0.8904525720898109,0.3615051
B2A,17cf077f45.jpg,0.5929634400634829,0.5044957
B2A,17d4e23d9f.jpg,0.6626000071798607,0.79934365
B2A,17d896fd14.jpg,0.7395964236816254,0.48992214
B2A,17dbf8cf56.jpg,0.8537093538201516,0.4105594
B2A,17e149928d.jpg,0.7778200161440938,0.34450042
B2A,17eb22711b.jpg,0.7626200554811741,0.3212581
B2A,17f8f4d5d9.jpg,0.6590658419929313,0.4748475
B2A,17f92dd71b.jpg,0.6579521849271922,0.44166377
B2A,180e1881bc.jpg,0.8809827565705066,0.31080586
B2A,18162a62a3.jpg,0.6872181940555115,0.43235624
B2A,181a53c38a.jpg,0.6560034442772622,0.5595505
B2A,181f424335.jpg,0.6054432280964437,0.48167506
B2A,182690bc45.jpg,0.5463542823049959,0.31941223
B2A,182846af47.jpg,0.6158435244936535,0.5919319
B2A,1838bcc8fa.jpg,0.6655625217092462,0.42262053
B2A,184a433ce3.jpg,0.6595796854856676,0.5015516
B2A,185f8da469.jpg,0.7892722707205951,0.3724692
B2A,186035e2a8.jpg,0.8647463305673134,0.29683363
B2A,1866c56f7a.jpg,0.6043472242572768,0.5082557
B2A,186e98dcb8.jpg,0.7773730751038541,0.37364572
B2A,1883fcfb3e.jpg,0.8075151710385815,0.3836859
B2A,1884a2a37d.jpg,0.6114800715168777,0.44632214
B2A,18880e913d.jpg,0.5528005527152932,0.46861407
B2A,188b7f6310.jpg,0.802488988186942,0.32495323
B2A,1893ce79ce.jpg,0.5909063028663839,0.6001849
B2A,1894c178ea.jpg,0.5128858088442247,0.4621181
B2A,1897b7b118.jpg,0.6643000895865367,0.4530494
B2A,189ae3f5a7.jpg,0.5432324681229439,0.43157125
B2A,189ee6859e.jpg,0.854555601544971,0.43459868
B2A,18a275b358.jpg,0.7716457509046246,0.3581294
B2A,18a4ee0991.jpg,0.8119411130200876,0.32489303
B2A,18aca60c06.jpg,0.6370575926526135,0.4929849
B2A,18ae840f5d.jpg,0.6913843884751918,0.41131252
B2A,18b2d7a2ef.jpg,0.7174410294086115,0.47443056
B2A,18c6b5b73b.jpg,0.8459277825390876,0.323418
B2A,18ca544c78.jpg,0.8015515862349313,0.38658705
B2A,18e384cfff.jpg,0.7143422493741752,0.34367508
B2A,18e571a627.jpg,0.8289732345445435,0.3852198
B2A,18ea7c98b1.jpg,0.8217275686777582,0.30303976
B2A,190633c073.jpg,0.8248340478908467,0.5236335
B2A,1912f08cb1.jpg,0.8078626226889796,0.37720117
B2A,19182d3849.jpg,0.7281628529223663,0.39660263
B2A,1921b26eea.jpg,0.7623249723220479,0.5057677
B2A,1925109fdd.jpg,0.6526568814542872,0.53884774
B2A,192682abdf.jpg,0.7946726415007658,0.40668118
B2A,192caaa1bf.jpg,0.7840122506738125,0.38055092
B2A,1936e1dcb4.jpg,0.7796689980573032,0.36563727
B2A,193b4cdb27.jpg,0.7499259053973767,0.35828272
B2A,193f3266fb.jpg,0.5558831206603658,0.7167108
B2A,194bb9f6ed.jpg,0.6234821687850596,0.4863806
B2A,19525a17e2.jpg,0.7338877946907351,0.375812
B2A,19592a5fbf.jpg,0.7173444586010896,0.4650563
B2A,1960283fd5.jpg,0.6970595628432128,0.36499345
B2A,1966101984.jpg,0.7222838253530257,0.3557033
B2A,196a6875a7.jpg,0.7983060259035551,0.5990565
B2A,196e2c07aa.jpg,0.721763467960057,0.45866984
B2A,1970faab6a.jpg,0.7877345149188643,0.39912686
B2A,1977b66f96.jpg,0.7364218292941526,0.3773756
B2A,197dc21bdb.jpg,0.7384889593478685,0.40395427
B2A,19801ae9ab.jpg,0.679901212113019,0.39722896
B2A,1986fa52f5.jpg,0.5649166658964221,0.60350984
B2A,198cad00d4.jpg,0.6210047949995627,0.32072976
B2A,19918a1d5c.jpg,0.85710945590183,0.34719944
B2A,1998700449.jpg,0.634566612551262,0.39999774
B2A,1999225d11.jpg,0.6814175615222997,0.42354754
B2A,199a3e859f.jpg,0.654101891273346,0.33350563
B2A,199d0b8782.jpg,0.7981588360309223,0.39627343
B2A,19a7361b2a.jpg,0.625738691048905,0.6338404
B2A,19b0fbeba0.jpg,0.8438580073994646,0.5719317
B2A,19b944dbbf.jpg,0.670225474371856,0.50438714
B2A,19b98e5663.jpg,0.6640480732431887,0.69606656
B2A,19bad1225f.jpg,0.5109235515213498,0.39529684
B2A,19bd14d30e.jpg,0.6227709302830821,0.36810377
B2A,19be535e5f.jpg,0.6916952171208756,0.40162256
B2A,19c277c363.jpg,0.6208021760514356,0.450685
B2A,19c8301d67.jpg,0.6947902490257938,0.41261587
B2A,19e7940d94.jpg,0.6510114479292096,0.29041815
B2A,19e8b9b328.jpg,0.7852551201813387,0.3758757
B2A,1a23085db7.jpg,0.6602807076845663,0.4219314
B2A,1a2542d28b.jpg,0.7953168815969949,0.38890484
B2A,1a25f82753.jpg,0.776968734989286,0.54006875
B2A,1a27cb4cba.jpg,0.681597782697988,0.5006868
B2A,1a2cd9ea8c.jpg,0.5513404571776509,0.4268715
B2A,1a3b1a3da9.jpg,0.7455812662182023,0.45152754
B2A,1a4213d2ce.jpg,0.7265552738879811,0.303331
B2A,1a4491cef2.jpg,0.7283648712273971,0.5937034
B2A,1a45b8c270.jpg,0.7625695465960015,0.42147586
B2A,1a5041d9ed.jpg,0.6381122492117942,0.6696542
B2A,1a5cf3b632.jpg,0.7523297520299173,0.40283495
B2A,1a6013cba4.jpg,0.771175310580451,0.4202847
B2A,1a61870a06.jpg,0.8364080261695792,0.37798554
B2A,1a6b4e9e13.jpg,0.8160555089677167,0.4876496
B2A,1a7af9964c.jpg,0.7986489075514747,0.43377885
B2A,1a8633fbb9.jpg,0.8549949416488826,0.36644545
B2A,1a892680fb.jpg,0.7477855835356537,0.33760685
B2A,1a8c1a7995.jpg,0.6450200864534633,0.36194217
B2A,1a8c9e6c4c.jpg,0.7832177158091126,0.38702062
B2A,1aa0d1c558.jpg,0.6468548813312119,0.52715385
B2A,1aa8abd685.jpg,0.6581609476829973,0.49209347
B2A,1ac1673452.jpg,0.8230206499284908,0.38207734
B2A,1ac35e7dc8.jpg,0.6783179643080548,0.43882608
B2A,1ac5876376.jpg,0.73269012416946,0.35581577
B2A,1acb4c14ce.jpg,0.7320507548353283,0.52024853
B2A,1acb4d1d54.jpg,0.7822611229922481,0.46480754
B2A,1ad17703ce.jpg,0.6590567800785573,0.33585668
B2A,1ad8701262.jpg,0.6409736827646928,0.38165072
B2A,1ae03b00e7.jpg,0.6121597930266569,0.47545093
B2A,1ae342cd57.jpg,0.5023069700053352,0.3036492
B2A,1b062b66a7.jpg,0.5466410798151209,0.74890614
B2A,1b118a066b.jpg,0.7355241115548916,0.43231446
B2A,1b129b65db.jpg,0.7001133064772204,0.39316922
B2A,1b12cf626f.jpg,0.8428366072834216,0.31943914
B2A,1b3e398db7.jpg,0.769694907155432,0.37021974
B2A,1b4e94ffbd.jpg,0.7964651826976251,0.3684571
B2A,1b4f115bdd.jpg,0.6746906383673684,0.5161416
B2A,1b5e8cedda.jpg,0.7512852415116702,0.3704097
B2A,1b66416060.jpg,0.829589495673143,0.34043586
B2A,1b6a1a7e94.jpg,0.7110966147925152,0.37486795
B2A,1b6d7b4e65.jpg,0.6529321979863418,0.45086032
B2A,1b72549327.jpg,0.6701015746875432,0.5364873
B2A,1b770229f3.jpg,0.7571687228219305,0.51708317
B2A,1b961a3a39.jpg,0.6589911301106357,0.5112367
B2A,1b98321823.jpg,0.6386460375541965,0.42668828
B2A,1b987c577e.jpg,0.7017466896657218,0.37171984
B2A,1baa6a3895.jpg,0.6578207379163401,0.38059473
B2A,1baf74b1a7.jpg,0.8160712736950697,0.42346177
B2A,1bb75f970a.jpg,0.6654767324924467,0.5289915
B2A,1bb8674fbf.jpg,0.7772730060061179,0.47091758
B2A,1bba0654b7.jpg,0.8126716991806989,0.3357188
B2A,1bbaea3e6b.jpg,0.5718452543137,0.562436
B2A,1bc105b0b9.jpg,0.6160243806407161,0.5574937
B2A,1bc290729f.jpg,0.6709672707223304,0.44318622
B2A,1bc9fc642d.jpg,0.6670666493197046,0.6315665
B2A,1bccaf17e5.jpg,0.7702816283680198,0.41645688
B2A,1bd527d6a0.jpg,0.47562420489714924,0.5036608
B2A,1bd7be0503.jpg,0.6030659382392981,0.47963446
B2A,1bd8b4f799.jpg,0.7617175511357347,0.4449929
B2A,1be016515b.jpg,0.842851580786241,0.39667144
B2A,1be0fa86b5.jpg,0.5949379171941301,0.46336186
B2A,1be6584349.jpg,0.8376720496358063,0.3756074
B2A,1bf60182b2.jpg,0.8107409953231102,0.45682994
B2A,1c0ea0fe1b.jpg,0.7060443441373097,0.445954
B2A,1c1f697d7e.jpg,0.7264821856230086,0.45459273
B2A,1c3c1aca33.jpg,0.8089334493041178,0.32969925
B2A,1c434baf43.jpg,0.665705794289413,0.41582882
B2A,1c4de511e1.jpg,0.6977147220790142,0.74485016
B2A,1c5cc22c2c.jpg,0.8376068102092069,0.3601104
B2A,1c5ce714cc.jpg,0.7543266295362344,0.30852884
B2A,1c64f657f4.jpg,0.6485285412955701,0.5661335
B2A,1c69470718.jpg,0.5955615201970227,0.4065095
B2A,1c6eed59f5.jpg,0.7677808279208393,0.56322354
B2A,1c707e6132.jpg,0.7818233975983905,0.365041
B2A,1c75256206.jpg,0.5877307205862344,0.5291998
B2A,1c7b3cdedc.jpg,0.8478824981780829,0.33452436
B2A,1c807fee79.jpg,0.6885928821272289,0.37064362
B2A,1c84f1179c.jpg,0.6911501444882878,0.49938303
B2A,1c863100b1.jpg,0.6434556763069336,0.36933687
B2A,1c88080a3f.jpg,0.6041418753957463,0.37902585
B2A,1c95a45486.jpg,0.7520859900505943,0.4957024
B2A,1cb96210e6.jpg,0.5803723739028399,0.5177298
B2A,1cb9d045d8.jpg,0.5696998550215094,0.51768506
B2A,1cc26c48b8.jpg,0.7524160509516669,0.398654
B2A,1cd5acea15.jpg,0.798505434702046,0.42002928
B2A,1cdb990c46.jpg,0.6945822725330666,0.4283098
B2A,1ce3cb350d.jpg,0.6475633097476506,0.40482843
B2A,1cea1bf43d.jpg,0.6995525010081118,0.48788485
B2A,1cf711c1d1.jpg,0.6698038037874169,0.49430022
B2A,1cfe6aba33.jpg,0.865519891965909,0.3719928
B2A,1d0aecbd16.jpg,0.7592483168205787,0.50038016
B2A,1d0f76765b.jpg,0.5361947269843158,0.6748986
B2A,1d17249a0f.jpg,0.7959039208076351,0.34064466
B2A,1d19c4bc7e.jpg,0.778148468233239,0.36325404
B2A,1d205c56c5.jpg,0.7930906119658445,0.4304815
B2A,1d3446f22b.jpg,0.7876754505691531,0.45594245
B2A,1d38a9bee0.jpg,0.6610414030454453,0.5241468
B2A,1d3fb25bad.jpg,0.8476306934078256,0.38956833
B2A,1d40d5d6ca.jpg,0.7591076015964372,0.3167463
B2A,1d44f79c1c.jpg,0.8400374107063131,0.36407882
B2A,1d46709e18.jpg,0.8373460787678969,0.44416696
B2A,1d53ac5a9f.jpg,0.8392970808809832,0.43338078
B2A,1d57118b49.jpg,0.6488073259455057,0.4439664
B2A,1d584ad062.jpg,0.6883600821654571,0.35766527
B2A,1d5aa09f6b.jpg,0.51517557791946,0.451694
B2A,1d5c4b80c6.jpg,0.6759345603777189,0.5214449
B2A,1d5cf63313.jpg,0.5029242507759893,0.3383865
B2A,1d5d4a0729.jpg,0.679543994909765,0.48900127
B2A,1d640e96a3.jpg,0.8929807996995177,0.4354514
B2A,1d67aef6c9.jpg,0.7166618968205068,0.76897955
B2A,1d726a097f.jpg,0.7962660337383383,0.35598853
B2A,1d76ab1c0c.jpg,0.821410773459855,0.32308358
B2A,1d79ab97ec.jpg,0.7657257955372652,0.34081823
B2A,1d7d8ff0ac.jpg,0.784275254976769,0.5069148
B2A,1d8a6d18f1.jpg,0.6662044547314921,0.51984197
B2A,1d939cb782.jpg,0.6856604935404628,0.4405833
B2A,1d971deb73.jpg,0.6651984900324857,0.4577783
B2A,1da3631b3f.jpg,0.7095210406855146,0.661307
B2A,1da538235f.jpg,0.5361326938001905,0.5299342
B2A,1da6888f64.jpg,0.7655912463672898,0.37115115
B2A,1dafe2cf42.jpg,0.5820854185688352,0.67287034
B2A,1db0b33747.jpg,0.7248077051249847,0.48584643
B2A,1dba9a48ae.jpg,0.679322896977267,0.4345587
B2A,1dbbe43952.jpg,0.8069904074124471,0.38995287
B2A,1dc32da064.jpg,0.7296720156070705,0.38381606
B2A,1dc335fcac.jpg,0.5714159050181906,0.45438945
B2A,1dc3833078.jpg,0.7802209907517773,0.305458
B2A,1dc3a7de89.jpg,0.6765015301907412,0.41688827
B2A,1dcbd84c73.jpg,0.6832784027131075,0.31234127
B2A,1dd0ec3618.jpg,0.6990119509477718,0.3703285
B2A,1dda02098b.jpg,0.7513856505208714,0.35941193
B2A,1de54dbad6.jpg,0.7664752975458397,0.34445164
B2A,1df4ff0436.jpg,0.7993610315763202,0.34333336
B2A,1dfa5b2910.jpg,0.6441571098265149,0.5031219
B2A,1dfe2f3b46.jpg,0.745061125158675,0.29188737
B2A,1e39d0e97c.jpg,0.7423835538073945,0.44114244
B2A,1e3a931f96.jpg,0.6789590453533378,0.42651325
B2A,1e4ccca31e.jpg,0.7981689247160909,0.39651194
B2A,1e56d7de95.jpg,0.7656818086493599,0.40338007
B2A,1e59228328.jpg,0.790969301060807,0.3773571
B2A,1e66879f90.jpg,0.8228052530255262,0.32054532
B2A,1e74d0da3b.jpg,0.7056380151902079,0.53404164
B2A,1e7e4f894f.jpg,0.7535256014194687,0.38768384
B2A,1e7ed16969.jpg,0.7291780806242739,0.35686487
B2A,1e90517e22.jpg,0.7726441623885714,0.36356616
B2A,1e947e5fe9.jpg,0.6607683733565302,0.56967014
B2A,1e983237de.jpg,0.6258953552042597,0.44863415
B2A,1ea86dc4d5.jpg,0.6468291897123448,0.4183254
B2A,1eaa4a27c8.jpg,0.8739169432387882,0.37994653
B2A,1eb579374e.jpg,0.8203604417449679,0.38713512
B2A,1ebd894c28.jpg,0.8139002211243502,0.2851012
B2A,1ece79b77f.jpg,0.6827311331465062,0.41978914
B2A,1ed7c273ba.jpg,0.6954605750883512,0.4551683
B2A,1ede9dadc3.jpg,0.7787970050895653,0.2914763
B2A,1ef162e31d.jpg,0.8445974838940796,0.3548678
B2A,1efdfce7c3.jpg,0.6838785165859015,0.37642965
B2A,1f006ed5eb.jpg,0.9076869798167511,0.4537512
B2A,1f086664d6.jpg,0.7999968196816978,0.5711999
B2A,1f1a19ad8b.jpg,0.6950536895037678,0.40681693
B2A,1f252ba827.jpg,0.47970532138275795,0.5283773
B2A,1f2d34b65b.jpg,0.7708304560558361,0.2722287
B2A,1f540d0ecb.jpg,0.7262514621173867,0.40574825
B2A,1f63ea8e1d.jpg,0.8121555213157092,0.4079792
B2A,1f67c932d8.jpg,0.7168707496987061,0.33677742
B2A,1f7b63917b.jpg,0.7486097149509962,0.30105183
B2A,1f8b43823c.jpg,0.7914887466890492,0.39373702
B2A,1f8fe4a8e4.jpg,0.7258699975173788,0.31400147
B2A,1f96108197.jpg,0.8428711789783948,0.3081167
B2A,1f979d49c6.jpg,0.8228733135771987,0.4340845
B2A,1f98e7d475.jpg,0.5713635911662545,0.42414063
B2A,1fbc82db49.jpg,0.7701378592183151,0.33737832
B2A,1fd7cebd1a.jpg,0.7444057358046553,0.42539057
B2A,1fe1ac40ef.jpg,0.7046776325417166,0.39599514
B2A,1fe223e960.jpg,0.7101152112074848,0.3456916
B2A,1fedaf095f.jpg,0.870945616996807,0.32623547
B2A,20043a8eaf.jpg,0.7046777647830728,0.59473187
B2A,2004919ebe.jpg,0.8389002021389392,0.36325192
B2A,2022ef77f2.jpg,0.6329477866712703,0.617258
B2A,2037f91745.jpg,0.8019272540110578,0.42157513
B2A,20454954b2.jpg,0.6452613071233188,0.42934853
B2A,204615862b.jpg,0.7180109644586278,0.60540473
B2A,2046adf2b6.jpg,0.6910335729799525,0.29807225
B2A,205f999ab3.jpg,0.7885482120120905,0.3560297
B2A,2061671c2b.jpg,0.5726478042299993,0.36874908
B2A,2063a6693c.jpg,0.6974665561379686,0.34314376
B2A,2066a2e091.jpg,0.7943824473974743,0.45972332
B2A,206adc3515.jpg,0.7308705451428154,0.33055604
B2A,206d18e819.jpg,0.5399992787155701,0.39497983
B2A,206e57e6d1.jpg,0.7536005351756209,0.38332078
B2A,2078d3f123.jpg,0.7918140681489184,0.5524343
B2A,2080efd0d6.jpg,0.6424766070173502,0.3650263
B2A,208c0535cf.jpg,0.8511294402880755,0.34946337
B2A,208f4b819b.jpg,0.820112878053906,0.5193238
B2A,2096a57bfc.jpg,0.7673023946426066,0.3211622
B2A,209873c58f.jpg,0.8622648626351811,0.28332978
B2A,209bdb1587.jpg,0.7240594254883224,0.42117858
B2A,20b2d4f4bf.jpg,0.747352698134021,0.6144267
B2A,20b3d168a6.jpg,0.5098016431780944,0.4928183
B2A,20b7eab911.jpg,0.787069070296631,0.46044233
B2A,20c152f056.jpg,0.5188009110238085,0.70177245
B2A,20cac2191a.jpg,0.8435014938505149,0.31095752
B2A,20d2fd7d1b.jpg,0.7067067317593132,0.39579183
B2A,20d336b6c2.jpg,0.8555691355798285,0.3516258
B2A,20d927a07b.jpg,0.680082132737581,0.38953578
B2A,20ddf9c49f.jpg,0.593906474828303,0.6145094
B2A,20ea204105.jpg,0.7802967433351056,0.33596984
B2A,20f93c26b0.jpg,0.7956242450621686,0.3617461
B2A,20fa90d43e.jpg,0.8680130919942128,0.47983164
B2A,2103852756.jpg,0.7090362847859858,0.40413487
B2A,211ca2dfb4.jpg,0.794469304465529,0.35356724
B2A,21243b9607.jpg,0.7691111440127513,0.5633446
B2A,2129f6f2dc.jpg,0.5404685230240671,0.46531534
B2A,212cf8498d.jpg,0.640304733893602,0.54733765
B2A,2145ce0f78.jpg,0.8298367126018134,0.3319898
B2A,21630a4fa1.jpg,0.7471283019320175,0.42928967
B2A,216a8d4e5c.jpg,0.6796994047874182,0.4299131
B2A,21747ccb08.jpg,0.6854000405191693,0.46404767
B2A,21757a4c07.jpg,0.7457500588380874,0.52009106
B2A,217b9b9aaf.jpg,0.6732066860950869,0.36260536
B2A,21927aa7d4.jpg,0.6970694340674949,0.4515017
B2A,219baac7b2.jpg,0.694870400865033,0.44602486
B2A,21ac721374.jpg,0.6513136838016188,0.519915
B2A,21b6fd99a5.jpg,0.7175805172652157,0.47661763
B2A,21b9aafc49.jpg,0.8607589162634017,0.31229866
B2A,21c2589053.jpg,0.7926350850319519,0.36970308
B2A,21c2c68337.jpg,0.7352692514220691,0.49810648
B2A,21e2aea535.jpg,0.8198024649259308,0.34648165
B2A,21e5c1891c.jpg,0.7414211261688988,0.38009754
B2A,21e7463544.jpg,0.6424942035064609,0.3996023
B2A,21fe71a93b.jpg,0.6943423453889871,0.5513916
B2A,2236c207aa.jpg,0.7191144273272516,0.34648126
B2A,223c77d56f.jpg,0.77122274097158,0.22464696
B2A,2246ed23dc.jpg,0.5943095292153303,0.43776762
B2A,2257860322.jpg,0.5968783814732588,0.33350486
B2A,22661d9ec0.jpg,0.5503804711608661,0.42472482
B2A,2286c7067e.jpg,0.78424437051574,0.47858903
B2A,228a291710.jpg,0.6100625455370893,0.6031482
B2A,228c986820.jpg,0.7713884628128124,0.37473696
B2A,228d0b850f.jpg,0.836900104688217,0.34031266
B2A,2292200c80.jpg,0.8541276332738078,0.42689306
B2A,229221319f.jpg,0.6772662262559617,0.4353643
B2A,229eca589c.jpg,0.8439822511826247,0.42637753
B2A,22b213f1e5.jpg,0.7203142093962758,0.5642071
B2A,22b305f62e.jpg,0.6629255368943432,0.44374937
B2A,22b389e1fd.jpg,0.5769975454446606,0.37847936
B2A,22b5b48553.jpg,0.8902789673372684,0.35660982
B2A,22bfe6445a.jpg,0.6305579406451705,0.36813384
B2A,22c2ebefea.jpg,0.7700397989190046,0.41315943
B2A,22c5bb63ac.jpg,0.549826891776264,0.3683679
B2A,22cd40eed2.jpg,0.7383926375593547,0.37467778
B2A,22ce24836f.jpg,0.7364089269824945,0.39828104
B2A,22d49f3bb9.jpg,0.44258126125248715,0.46554738
B2A,22e1784ae5.jpg,0.8036880364230021,0.43501627
B2A,22fc4c2e5b.jpg,0.8150698056931431,0.27625316
B2A,2304539c3c.jpg,0.650955227342232,0.5167747
B2A,23060d93b3.jpg,0.7292822998342721,0.45750037
B2A,2308cd7f79.jpg,0.8204363912144615,0.28547335
B2A,230ce6af39.jpg,0.6726210001933894,0.41597256
B2A,2318dd451a.jpg,0.7778314255905091,0.38272265
B2A,23296f234d.jpg,0.7356293111443941,0.38791752
B2A,2339fbceb2.jpg,0.8488313182314113,0.51478493
B2A,2351d0e36d.jpg,0.7978882802251622,0.5330888
B2A,23568b7cf6.jpg,0.4943034073745836,0.45471203
B2A,235a2feea2.jpg,0.5747104646977892,0.6483056
B2A,235f2c8d2d.jpg,0.7060735717566013,0.37285015
B2A,236e24292a.jpg,0.6657668090685748,0.34851053
B2A,2372845016.jpg,0.7408210888295098,0.4059574
B2A,2379cb1f27.jpg,0.6755989328715363,0.4145646
B2A,238bd94fcb.jpg,0.663182261909729,0.42480028
B2A,2398192c56.jpg,0.8067833168510465,0.392586
B2A,23a2a896cb.jpg,0.7063496659739517,0.37539417
B2A,23b1669fc4.jpg,0.8846583880462565,0.42797738
B2A,23be955aa3.jpg,0.6744830093220288,0.37372887
B2A,23d0cd1621.jpg,0.7477587588316935,0.5316946
B2A,23e044ebbf.jpg,0.8166148927399832,0.3073003
B2A,23e490fde6.jpg,0.7176635780072876,0.5294714
B2A,23edb57cff.jpg,0.7681832602641853,0.33583593
B2A,23ee3c5507.jpg,0.590194254136527,0.41590282
B2A,23f7a22314.jpg,0.7626536689534242,0.41458488
B2A,23fb1a1690.jpg,0.7740093594663804,0.32342517
B2A,23fb2c15d2.jpg,0.8303418795387685,0.34556052
B2A,2403efbfd3.jpg,0.761496892716054,0.4092059
B2A,240a7c491a.jpg,0.7503342216320449,0.5555818
B2A,2410f7ebd1.jpg,0.5488926704549806,0.5481371
B2A,24166036c4.jpg,0.6603648081309207,0.44546622
B2A,241d87414d.jpg,0.7856259442340608,0.3919123
B2A,2421fde7b1.jpg,0.8044129380699421,0.6088412
B2A,243ef6c04e.jpg,0.8812132440135418,0.42850336
B2A,244182635e.jpg,0.8119090720893426,0.3125963
B2A,244cb6321d.jpg,0.8428624864185056,0.3953693
B2A,2469dbd507.jpg,0.5893172560328975,0.4854357
B2A,2476944f5c.jpg,0.846653056070509,0.3350772
B2A,247d71f468.jpg,0.6696622138832071,0.3258524
B2A,2489d5208e.jpg,0.7371786271144544,0.4632941
B2A,248e98e6e5.jpg,0.7490721677132955,0.5726198
B2A,24997d2394.jpg,0.5285713677001044,0.41454554
B2A,249c6f2b02.jpg,0.7476077588715799,0.47926793
B2A,24ad0a8279.jpg,0.7191463826966102,0.47718593
B2A,24af325930.jpg,0.823029666852438,0.454388
B2A,24af541789.jpg,0.8168913351325404,0.34761572
B2A,24b21b5261.jpg,0.5941128638622936,0.63871765
B2A,24b535812d.jpg,0.7503818759042411,0.378887
B2A,24b54b150b.jpg,0.5765063581126457,0.47583595
B2A,24c4ed86a3.jpg,0.7829564149874989,0.3513562
B2A,24c5780a0c.jpg,0.7386842459444368,0.42887288
B2A,24d819c261.jpg,0.8045883615214676,0.47283655
B2A,24e8e3b180.jpg,0.8379107316971303,0.46193117
B2A,25082e762f.jpg,0.657241998960798,0.40717137
B2A,250bd36c8c.jpg,0.8886590778626188,0.2692471
B2A,252bc3a3ab.jpg,0.8041337569311647,0.37426767
B2A,252f6d69ce.jpg,0.7995487665864557,0.36339808
B2A,25315f09a6.jpg,0.6417275660291762,0.3095646
B2A,253340547f.jpg,0.6934833412561507,0.56588244
B2A,25346ff439.jpg,0.8742811161813987,0.2441664
B2A,25462592ac.jpg,0.7664180474947917,0.30479723
B2A,2552f6c0e4.jpg,0.8096717463051981,0.33051217
B2A,256f038a42.jpg,0.751256751076825,0.3742121
B2A,258083f3e8.jpg,0.6265267409488686,0.7630563
B2A,2581451ca9.jpg,0.6252944454843965,0.53351414
B2A,259e4070d5.jpg,0.6816653389999471,0.4830433
B2A,25a9b86180.jpg,0.6501981498283327,0.40495187
B2A,25b6be053f.jpg,0.738623575497451,0.32935932
B2A,25c04fbf2f.jpg,0.8647707327802048,0.3305643
B2A,25c2b346fe.jpg,0.7719212040651015,0.3599472
B2A,25c46710fc.jpg,0.7436616960398224,0.42829937
B2A,25c827dc83.jpg,0.7519019276444373,0.47052926
B2A,25cb295b1f.jpg,0.6142657853876442,0.28190845
B2A,25d70dd7b1.jpg,0.7426562028873626,0.37896258
B2A,25df1df7d9.jpg,0.5866712503905297,0.50014764
B2A,25e705548a.jpg,0.8155545424186876,0.43790308
B2A,25eba9fa76.jpg,0.7305037213903728,0.5745643
B2A,25f8328a2f.jpg,0.6976764060530065,0.44057083
B2A,2602597bb0.jpg,0.676777289827988,0.44265595
B2A,2605924561.jpg,0.7974143936511926,0.36583978
B2A,2606c25ce3.jpg,0.6540309521773519,0.4263
B2A,260d6a5c37.jpg,0.6947729334162089,0.4445039
B2A,26182c3d72.jpg,0.8401793690007195,0.33116066
B2A,2621968d1b.jpg,0.7897026204691351,0.37117314
B2A,2629524a69.jpg,0.8034471490824374,0.29493272
B2A,26296bb84f.jpg,0.7959185357575144,0.34989578
B2A,2641b8175f.jpg,0.7851637581065554,0.33654118
B2A,26494a01e1.jpg,0.8562514559762742,0.40459484
B2A,26582fc5a8.jpg,0.6793439745692895,0.5239927
B2A,265f7accbd.jpg,0.6883279686803673,0.45645016
B2A,26722e2880.jpg,0.7095132188161872,0.34819
B2A,26863f0716.jpg,0.7114131506529817,0.40499598
B2A,2688ed2270.jpg,0.8496834300546122,0.3711234
B2A,26892fcc02.jpg,0.8241490080499608,0.32834965
B2A,268b959d88.jpg,0.7925395439613915,0.42358953
B2A,26916da7ff.jpg,0.6292057483619289,0.42258066
B2A,2698bac269.jpg,0.846636150448726,0.3150267
B2A,269b1b5690.jpg,0.7962185080462041,0.4589169
B2A,26aaf299c0.jpg,0.8738976104411642,0.3508448
B2A,26b9449f10.jpg,0.5951350337179572,0.41555533
B2A,26bbb89fd6.jpg,0.5271618798056025,0.49564624
B2A,26c4de1515.jpg,0.576405253091411,0.3433028
B2A,26cd0ec0e4.jpg,0.7948270915044269,0.43325853
B2A,26ce42c083.jpg,0.7068177177995889,0.50363684
B2A,26d40b7147.jpg,0.7441625420290874,0.39616013
B2A,26d474464f.jpg,0.7028230752569841,0.46063137
B2A,26d4ecb9fd.jpg,0.7297875692897258,0.38764083
B2A,26d73ccce4.jpg,0.7269570620030235,0.38278514
B2A,26da6b82c6.jpg,0.7891907035798726,0.40227288
B2A,26db4dcdea.jpg,0.8570452980954506,0.37336195
B2A,26fe13cbea.jpg,0.7650917087457698,0.4517036
B2A,2706749d66.jpg,0.8442048791224144,0.33199847
B2A,270687abc3.jpg,0.7925147058606697,0.3686111
B2A,270a7544e5.jpg,0.8040575443988709,0.5732282
B2A,270f62c6e8.jpg,0.7201149167846297,0.4546333
B2A,27159e6719.jpg,0.7886972745319754,0.34987146
B2A,271ec1348b.jpg,0.8283593444299018,0.334619
B2A,2727db154e.jpg,0.7906401699747417,0.49004453
B2A,2734c9504b.jpg,0.7194602083255963,0.42605647
B2A,274ba0c4a2.jpg,0.728261015035654,0.41935524
B2A,274cf83fa6.jpg,0.766348298322695,0.45360446
B2A,27534f0e65.jpg,0.5760176349137867,0.4028256
B2A,27645084b6.jpg,0.7204645092681408,0.38832992
B2A,276543fbf7.jpg,0.5071988008836079,0.5685356
B2A,276c73bead.jpg,0.8288673535131491,0.35691
B2A,276ee4b14f.jpg,0.6478254736272084,0.44855356
B2A,2775af1bba.jpg,0.7919326171118773,0.40446568
B2A,27777862fd.jpg,0.6626638839148851,0.59857273
B2A,2779835a1b.jpg,0.7374067214640456,0.50715274
B2A,277c068c4e.jpg,0.7498508519386781,0.31866062
B2A,277d120bb4.jpg,0.6747838291512112,0.5609339
B2A,2782335eef.jpg,0.6558523815763746,0.54310495
B2A,2784e8f91d.jpg,0.7546284049264872,0.390948
B2A,2791df1515.jpg,0.47958952458639775,0.5262938
B2A,279eb2037c.jpg,0.7633372834456758,0.33847898
B2A,27a36df1f6.jpg,0.8308810228970597,0.2719038
B2A,27b2a0c66f.jpg,0.8579728130596961,0.27957636
B2A,27b87e7785.jpg,0.8707376105514516,0.3163835
B2A,27bc5c6810.jpg,0.8154605261442567,0.30770126
B2A,27c273f5ac.jpg,0.7746285812201917,0.39068455
B2A,27c67103f0.jpg,0.7112208084380632,0.38943833
B2A,27d994ba96.jpg,0.8491283868531816,0.32452804
B2A,27de05d60a.jpg,0.8569106995741926,0.52461326
B2A,27e341bcc2.jpg,0.7800645339195029,0.31381723
B2A,27ea6d9992.jpg,0.5904685159464154,0.7135713
B2A,27ebfe0db6.jpg,0.5684568967267203,0.4863761
B2A,27f3a34b1d.jpg,0.6264374142877223,0.47445512
B2A,27f4d80142.jpg,0.7073650872865793,0.42598882
B2A,27fa99ac5c.jpg,0.5765795618293126,0.56165373
B2A,2806a9db15.jpg,0.7887242128015228,0.3655033
B2A,281356f565.jpg,0.7846587221638176,0.38844514
B2A,2815c0ad33.jpg,0.8328020901294035,0.39116606
B2A,281b790739.jpg,0.6812500549000106,0.33140337
B2A,283a083739.jpg,0.7702059806369194,0.4764151
B2A,28430b5602.jpg,0.7781398028896636,0.28517795
B2A,2843919992.jpg,0.8402175493796266,0.3439468
B2A,285449b06a.jpg,0.8403883559906129,0.34697777
B2A,2854ebb127.jpg,0.8542571682685672,0.35870546
B2A,28611884d0.jpg,0.7107565539561745,0.52076113
B2A,2861f74357.jpg,0.85495486259967,0.45007455
B2A,2867b3bef0.jpg,0.8617604024537829,0.352
B2A,286c5026ff.jpg,0.7241639269266072,0.5196672
B2A,2879b6b734.jpg,0.7507832946753548,0.3519457
B2A,2881c907bb.jpg,0.6299317246055868,0.61203504
B2A,2885431ef9.jpg,0.8162175532510293,0.25494477
B2A,288c92df0c.jpg,0.6270556946578535,0.4323322
B2A,288d596137.jpg,0.6117850845004081,0.47191942
B2A,289a8f7970.jpg,0.7861994392711767,0.30020493
B2A,28a626558d.jpg,0.7554513799447854,0.4751156
B2A,28a7737b48.jpg,0.7729777226634216,0.35377777
B2A,28aab35051.jpg,0.8948261015183253,0.4526141
B2A,28aacb7e4e.jpg,0.8451227719516964,0.37603676
B2A,28aec8dbd4.jpg,0.6757279518244644,0.60803056
B2A,28b05820b1.jpg,0.722260583095224,0.40187603
B2A,28b57f757f.jpg,0.6308056569913564,0.48107752
B2A,28be9a8202.jpg,0.7707118992418008,0.44794554
B2A,28cf136409.jpg,0.7711227003218856,0.3488429
B2A,28e1c7681e.jpg,0.8133392927325516,0.2736036
B2A,28e27595dc.jpg,0.5167206826729842,0.47532484
B2A,28e7b09f15.jpg,0.7151436881607983,0.4070899
B2A,28f3814945.jpg,0.7429281869188441,0.535776
B2A,28f9f1a13f.jpg,0.6178006629026387,0.4119222
B2A,28fbbb8f15.jpg,0.7562960750680345,0.35264003
B2A,28fd6bf605.jpg,0.7618071872675793,0.47266203
B2A,28ffa0bd39.jpg,0.5592571465032669,0.3448005
B2A,290560fba4.jpg,0.7233651263825263,0.2566959
B2A,290dd4249d.jpg,0.8033354262964528,0.30870572
B2A,291146558e.jpg,0.5705676395321522,0.552873
B2A,292945e24e.jpg,0.7819275495105128,0.31747982
B2A,293b00c315.jpg,0.7775640449318548,0.36250415
B2A,293dadb732.jpg,0.8534517495386134,0.4363667
B2A,2951fe2fe1.jpg,0.8239415492303188,0.46191984
B2A,2959168184.jpg,0.5471391448210896,0.42336255
B2A,295b938a05.jpg,0.7164790361670903,0.5121407
B2A,2960920920.jpg,0.6257817227560788,0.58704054
B2A,296b177cad.jpg,0.7960155662814691,0.45480305
B2A,296b8c38bf.jpg,0.8741727047052563,0.3557342
B2A,2971c7ed92.jpg,0.7721972027453922,0.41101447
B2A,297f3a075f.jpg,0.6536995703027045,0.34342682
B2A,29864d1221.jpg,0.7532228422867475,0.44269502
B2A,29906262a0.jpg,0.856156477732518,0.43572426
B2A,299495fe20.jpg,0.6533183363734812,0.5575873
B2A,29a0754ddd.jpg,0.9229347791925016,0.2853359
B2A,29aacba212.jpg,0.6274895769841724,0.41598094
B2A,29afd0e0cb.jpg,0.5873928673076165,0.4831189
B2A,29b165f427.jpg,0.6084797116366355,0.52083147
B2A,29c0dfdae4.jpg,0.794667827346731,0.40234968
B2A,29c34c1abd.jpg,0.9115449185342501,0.23289612
B2A,29d0386f3e.jpg,0.8387673245920646,0.25777015
B2A,29d335a6a9.jpg,0.8025148070572696,0.30299246
B2A,29d58214f1.jpg,0.6755622087055276,0.49929714
B2A,29d8295ed2.jpg,0.7231858928495926,0.45582607
B2A,29e01f8909.jpg,0.7690487429527088,0.51032853
B2A,29e7039a4d.jpg,0.7412789639803543,0.29435265
B2A,29eba6fe01.jpg,0.8163351927421736,0.36140564
B2A,29eefa93e2.jpg,0.7444379097377701,0.29894117
B2A,29f28ef872.jpg,0.6492974612105372,0.65461713
B2A,29fe34f752.jpg,0.6098576194604439,0.56000566
B2A,29ff35dc7b.jpg,0.7307485914445135,0.5401955
B2A,2a0382cf4c.jpg,0.7436123906557821,0.44295824
B2A,2a114c7c94.jpg,0.5626109188363196,0.45941386
B2A,2a13df2bc3.jpg,0.5513961667445587,0.65251434
B2A,2a14b928c4.jpg,0.5813638842503531,0.67114675
B2A,2a18193d91.jpg,0.8158200949192399,0.3623696
B2A,2a199d45e5.jpg,0.8825687887978968,0.32301047
B2A,2a26f69715.jpg,0.7490647151134998,0.36195868
B2A,2a3cd42798.jpg,0.7106149941865432,0.4133232
B2A,2a4211a6e4.jpg,0.7657927260376965,0.45539108
B2A,2a4988e4a7.jpg,0.813127796094567,0.3508954
B2A,2a4a9d54a7.jpg,0.7650705140599912,0.40336356
B2A,2a4edec63e.jpg,0.865417317568744,0.38251916
B2A,2a503386a2.jpg,0.8929578594396552,0.35092568
B2A,2a606d05d8.jpg,0.7052913260105688,0.41674826
B2A,2a6805c1a9.jpg,0.852815427228409,0.35704386
B2A,2a791629c4.jpg,0.7104255748715343,0.36057162
B2A,2a87a4fbee.jpg,0.5896035121104961,0.3938181
B2A,2a89dc7912.jpg,0.5950852598877786,0.44802257
B2A,2aa39bfaca.jpg,0.7690297505339871,0.29579297
B2A,2acc30abbe.jpg,0.7572927245197291,0.3928636
B2A,2ae4a137a6.jpg,0.773139302643466,0.4375434
B2A,2af9ea0c85.jpg,0.8965349249429813,0.28052133
B2A,2b057c1cb8.jpg,0.8618963032388859,0.45266315
B2A,2b086b077f.jpg,0.5821252027934166,0.49834704
B2A,2b0beb1f37.jpg,0.5948529783543103,0.42427206
B2A,2b0c82824b.jpg,0.7305496299819684,0.28325936
B2A,2b1102f3b4.jpg,0.7716784738704638,0.4380532
B2A,2b19987d57.jpg,0.838866613402595,0.4105878
B2A,2b19a7b5d3.jpg,0.7516706720997507,0.62062377
B2A,2b222ce74d.jpg,0.7713194051625851,0.42368284
B2A,2b22c8b439.jpg,0.531745043569523,0.49386123
B2A,2b2486be40.jpg,0.7888307947668278,0.41682628
B2A,2b28a6f69a.jpg,0.6843533203273221,0.35057318
B2A,2b2ae4cd5f.jpg,0.8663264230517994,0.3209831
B2A,2b2b63d51c.jpg,0.8455118942945229,0.283823
B2A,2b2efc29c6.jpg,0.793878424929721,0.3615188
B2A,2b3a026f51.jpg,0.6090953699200413,0.4820117
B2A,2b516f78d1.jpg,0.628811472202503,0.36944807
B2A,2b62ea6ed1.jpg,0.8147685657547018,0.37889522
B2A,2b68e09fa5.jpg,0.7584265844975114,0.37777466
B2A,2b6cd9bbf2.jpg,0.5283341994793803,0.6504031
B2A,2b7402e62d.jpg,0.7373907470919789,0.7190284
B2A,2b83d60844.jpg,0.7062402152926298,0.6432794
B2A,2b977b06b6.jpg,0.783577288143282,0.4512952
B2A,2ba042499d.jpg,0.7080985504493341,0.6070477
B2A,2ba2325c69.jpg,0.6378179667459924,0.42075098
B2A,2bb040da92.jpg,0.7851637581065554,0.33654118
B2A,2bb16be25b.jpg,0.6816298163812714,0.5315691
B2A,2bb4efac43.jpg,0.8288959542974476,0.4404608
B2A,2bba709f10.jpg,0.8420383557200416,0.35551432
B2A,2bd4e078d7.jpg,0.5455538692412754,0.4787882
B2A,2be00d7888.jpg,0.6476602385617191,0.48018092
B2A,2be5e776d7.jpg,0.7026806061474334,0.40936282
B2A,2c0394a36e.jpg,0.7614457265773226,0.5743658
B2A,2c060d43db.jpg,0.6858424449579017,0.5651165
B2A,2c0a22b1bd.jpg,0.7165549261121135,0.5161172
B2A,2c1f8326a4.jpg,0.6590993336819254,0.55337995
B2A,2c28975fee.jpg,0.7125521728197648,0.4939662
B2A,2c2e9d9c74.jpg,0.7644075563217484,0.38956404
B2A,2c525980b1.jpg,0.8184205206732121,0.2689376
B2A,2c5cd7dde6.jpg,0.7613280570124878,0.41827965
B2A,2c5deec20d.jpg,0.6292652057460287,0.5043353
B2A,2c64a2295e.jpg,0.7754941289762532,0.3640091
B2A,2c7f80aab7.jpg,0.6897859332369397,0.49491006
B2A,2c84e8d012.jpg,0.7372431254916265,0.40073052
B2A,2c8672a913.jpg,0.6248376236042162,0.34495655
B2A,2c885d1c89.jpg,0.6661929057999251,0.43026084
B2A,2c982c58a5.jpg,0.8225447052726729,0.2925267
B2A,2ca2d1287f.jpg,0.7649078259824861,0.42752913
B2A,2ca79c8d4a.jpg,0.7316008947949207,0.56005365
B2A,2ca8ab24ef.jpg,0.7376355755432207,0.40867642
B2A,2cbb870493.jpg,0.8560202841866252,0.32774568
B2A,2cc7029c30.jpg,0.7293685740539512,0.42334843
B2A,2cd1818a6f.jpg,0.718764297173809,0.40472054
B2A,2cd4ca4ff7.jpg,0.8293797983286506,0.3726205
B2A,2cdbb209dd.jpg,0.6083976177588849,0.51465887
B2A,2ce0a774cc.jpg,0.5262816050713842,0.60222095
B2A,2ce4fe7434.jpg,0.6302201782093017,0.4594158
B2A,2ce941f6ea.jpg,0.8114014572323981,0.28994521
B2A,2cf4cac9df.jpg,0.8588663874113112,0.31345576
B2A,2cf4fcd902.jpg,0.4933655007529316,0.5544779
B2A,2cf96e5d1d.jpg,0.8155713009158093,0.35601667
B2A,2cfd8877ea.jpg,0.8164628687175369,0.32845744
B2A,2d0075fb17.jpg,0.8006411102232178,0.4897058
B2A,2d16d2379d.jpg,0.7969567271571939,0.3397362
B2A,2d1fc447a1.jpg,0.634781727809305,0.333639
B2A,2d21050a7e.jpg,0.6302745459576367,0.59593815
B2A,2d220cb18e.jpg,0.6878113695151644,0.39277202
B2A,2d25168671.jpg,0.8397419961637052,0.404862
B2A,2d44d8ede7.jpg,0.8538180365165668,0.41996452
B2A,2d48369700.jpg,0.6540164279555919,0.5352795
B2A,2d4e2c6a70.jpg,0.6805238153779952,0.44730467
B2A,2d4e5384ab.jpg,0.8252240273523826,0.36076167
B2A,2d5082427e.jpg,0.7241658692269636,0.41799524
B2A,2d5abca3d6.jpg,0.8369563992950748,0.3482349
B2A,2d6265411d.jpg,0.8001150104757404,0.3275552
B2A,2d637a7346.jpg,0.624959202951589,0.399555
B2A,2d7aba6183.jpg,0.7028595176087016,0.5348533
B2A,2d7deb9968.jpg,0.6869580020507622,0.4076225
B2A,2d903e93c5.jpg,0.69417314783752,0.5293032
B2A,2d95ae6eb2.jpg,0.7755401866876649,0.4297382
B2A,2d9bfdb911.jpg,0.6154154969083322,0.57366353
B2A,2da40e05e0.jpg,0.6140746783601374,0.4306241
B2A,2da41f7e22.jpg,0.8737304241644044,0.31337187
B2A,2dac7d65e9.jpg,0.7518247162343504,0.4319587
B2A,2dacb0a259.jpg,0.8065994648338118,0.3089667
B2A,2daf4ce562.jpg,0.8160993858543844,0.3561255
B2A,2db034b46c.jpg,0.765877613166694,0.40670106
B2A,2db14aa0ac.jpg,0.6021580219641626,0.46352518
B2A,2db8fdcdb6.jpg,0.7926297122217763,0.36840135
B2A,2dd1d30221.jpg,0.8741773425385033,0.3114611
B2A,2dd4f95b88.jpg,0.4938023017465413,0.49422142
B2A,2dd9275de3.jpg,0.7505022888083311,0.37350917
B2A,2ddc57dd19.jpg,0.7998463764266076,0.28173828
B2A,2ddd51611c.jpg,0.6530501613170419,0.5568279
B2A,2dec4e77ed.jpg,0.7197542044409251,0.42341015
B2A,2dec9e5cf3.jpg,0.8801532360656523,0.3163681
B2A,2dfec6a775.jpg,0.7532548957168284,0.48555452
B2A,2e00f465c3.jpg,0.5019974532845642,0.65650463
B2A,2e09380c2a.jpg,0.7522849938920279,0.392476
B2A,2e1753ba9b.jpg,0.8025511960719345,0.52645177
B2A,2e1c6fc11b.jpg,0.7056339084061795,0.35084438
B2A,2e2e206c28.jpg,0.8405921112676117,0.46383417
B2A,2e301d7558.jpg,0.6745298455667563,0.60262907
B2A,2e517b8314.jpg,0.8059135696367885,0.31756133
B2A,2e5fbd7286.jpg,0.7289640399283346,0.33860162
B2A,2e6ec4908b.jpg,0.7087518248619042,0.42559817
B2A,2e7742679f.jpg,0.7679563300432694,0.38346148
B2A,2e78e51950.jpg,0.7436993069124775,0.33051527
B2A,2e78e73bea.jpg,0.5650102525384014,0.4800968
B2A,2e7bf7b6d7.jpg,0.6207885171562951,0.40153703
B2A,2e90f3f80e.jpg,0.7238620763665035,0.46819538
B2A,2eaec67b91.jpg,0.721744468458754,0.5430437
B2A,2ec41d4134.jpg,0.6563383362520199,0.3795963
B2A,2ecf4e49d6.jpg,0.6480567374450353,0.4622088
B2A,2ee3c2e52e.jpg,0.7486195039679068,0.45010376
B2A,2ee77c2635.jpg,0.7420362819872838,0.31938997
B2A,2ef2770a26.jpg,0.7121144113688057,0.5316752
B2A,2f109a6785.jpg,0.7955222822003145,0.38076907
B2A,2f16239804.jpg,0.6034830809748666,0.385311
B2A,2f1aabf863.jpg,0.789950616597341,0.45158207
B2A,2f1cadb0b7.jpg,0.6871128983060178,0.5281893
B2A,2f220b23a4.jpg,0.6464213628700831,0.68357044
B2A,2f23c7dfd2.jpg,0.8353174227541014,0.37839103
B2A,2f33daf7c6.jpg,0.6318694359674059,0.42278054
B2A,2f5081e946.jpg,0.8134786609281986,0.3304699
B2A,2f8ca8f7dd.jpg,0.8760988372152432,0.3664342
B2A,2f9d43719d.jpg,0.7787331414922298,0.6114738
B2A,2f9dac2cfc.jpg,0.5248686972602987,0.5752517
B2A,2fa3a1847b.jpg,0.7951360900596599,0.45241997
B2A,2fa51ca1fa.jpg,0.6908802172859353,0.42186496
B2A,2fb1aee127.jpg,0.688533086942601,0.4429514
B2A,2fb56b3050.jpg,0.8131086017943505,0.2961932
B2A,2fb9a62d4f.jpg,0.6332092922548611,0.37044206
B2A,2fbd381154.jpg,0.5317240659379997,0.64233834
B2A,2fcca3b171.jpg,0.8004456179659485,0.34987688
B2A,2fd530981b.jpg,0.7454144112570751,0.32892558
B2A,2fde227d1f.jpg,0.5061213088865393,0.3963967
B2A,2ffdb7bb25.jpg,0.6633569538658846,0.46295196
B2A,2fffa9b80b.jpg,0.6465485331970945,0.49263525
B2A,2ffff1f4b7.jpg,0.7616108761068751,0.40240276
B2A,300bfa61ee.jpg,0.7375031839632784,0.52384174
B2A,300de48204.jpg,0.7648821963173038,0.44962093
B2A,30126b0c64.jpg,0.585285275859458,0.5094076
B2A,3012de7eed.jpg,0.6961591037216386,0.47015995
B2A,3016a28e9d.jpg,0.7824761931532658,0.40774357
B2A,3023c7e91c.jpg,0.7774262508112977,0.42531818
B2A,3036b97556.jpg,0.8293698771486522,0.3583129
B2A,303b61552d.jpg,0.7834320942275753,0.5210223
B2A,304070d771.jpg,0.666617076021377,0.62089866
B2A,30466cabde.jpg,0.6424128422008425,0.36519444
B2A,3047c6263a.jpg,0.755638393856825,0.50084734
B2A,304c2f4d34.jpg,0.7744514949525715,0.509129
B2A,304fd99da4.jpg,0.6546281996013594,0.36667642
B2A,305e8c1906.jpg,0.7047943622579236,0.36472827
B2A,305fc59b7e.jpg,0.7066214371559743,0.5801821
B2A,306397c35a.jpg,0.6452760692375683,0.36113414
B2A,30647276ab.jpg,0.6722037842777531,0.51321065
B2A,306ebd4b5c.jpg,0.7302919557118558,0.40214425
B2A,306fdd232d.jpg,0.6864873144445629,0.42121753
B2A,30704449eb.jpg,0.7361136423609986,0.4382833
B2A,3070a4c8b0.jpg,0.6684220996542144,0.48560232
B2A,30718dc781.jpg,0.8427670542834339,0.48918465
B2A,307d716b38.jpg,0.8721946376746245,0.3949005
B2A,30821a129e.jpg,0.6528753042579477,0.3589923
B2A,30c43e2fe9.jpg,0.8201158975274433,0.35786575
B2A,30ca82141f.jpg,0.8327567511506795,0.58219784
B2A,30d24dd7c8.jpg,0.6958097320295055,0.6375442
B2A,30ea353d97.jpg,0.7488459341531103,0.44587782
B2A,30ea58dabb.jpg,0.5439599173998225,0.59691983
B2A,30f4a36c95.jpg,0.835517873068291,0.29132566
B2A,30ff35c5af.jpg,0.8556438455314875,0.4181561
B2A,3116136a42.jpg,0.6882035855697856,0.39154547
B2A,312c2be90b.jpg,0.8491876452694936,0.31875706
B2A,313cd1f3e0.jpg,0.6519346897293269,0.43432227
B2A,3150771433.jpg,0.4901570950946822,0.48214093
B2A,3165c39cd3.jpg,0.5687183889302944,0.45917735
B2A,3178a6117e.jpg,0.6645152919556458,0.362851
B2A,317b731059.jpg,0.8266290859990395,0.40194488
B2A,317ecf9e9d.jpg,0.8724312323714369,0.4506795
B2A,31819e2fb6.jpg,0.7722284251503727,0.42432222
B2A,318d2dd948.jpg,0.8075779141293723,0.41158056
B2A,319031271d.jpg,0.812971347310098,0.35148737
B2A,319b17bbb4.jpg,0.8360545038149948,0.3649081
B2A,319b8157e2.jpg,0.8295890271986235,0.49238908
B2A,319de8a4c3.jpg,0.753378470214179,0.61533976
B2A,31af3a1906.jpg,0.5535789975884511,0.6936633
B2A,31dd6a20fc.jpg,0.7958160108162828,0.2740389
B2A,31e3562ead.jpg,0.8109318916324492,0.4923761
B2A,31ebef8c4c.jpg,0.6901354372116552,0.7225421
B2A,31ecf73a02.jpg,0.8988525481569267,0.38959378
B2A,31fbb87d97.jpg,0.7360381854251987,0.37921533
B2A,31fdcfab86.jpg,0.7350351600997321,0.33456507
B2A,32076ecaf2.jpg,0.7893491685155095,0.31615227
B2A,3213f8108a.jpg,0.7293386130201741,0.40971804
B2A,3224e61375.jpg,0.7175364008696866,0.38072664
B2A,32277975c5.jpg,0.5665056994897854,0.42156416
B2A,3250368377.jpg,0.8113326089254316,0.3637699
B2A,325120c998.jpg,0.767527081015463,0.32989925
B2A,32639bab15.jpg,0.6168096833431177,0.43160075
B2A,3277390c9b.jpg,0.578144896948574,0.5168026
B2A,3278d87456.jpg,0.8615053556147406,0.40703723
B2A,327bbda45b.jpg,0.7598372091583757,0.3725494
B2A,328321b466.jpg,0.796793015780182,0.3653191
B2A,32882d9a83.jpg,0.7219185614992962,0.4056424
B2A,3291187d91.jpg,0.6483739895234498,0.478371
B2A,32a1470651.jpg,0.8589328486678167,0.38977194
B2A,32ae69a50f.jpg,0.5528974193958437,0.6036799
B2A,32b537e6de.jpg,0.8632246319112283,0.3718459
B2A,32bb26374a.jpg,0.7993447803587098,0.41809705
B2A,32bcb20dae.jpg,0.7784377518192918,0.45399913
B2A,32cb5db524.jpg,0.7569959782466444,0.3663457
B2A,32d3f34515.jpg,0.7503887762982446,0.34169567
B2A,32d98e72dd.jpg,0.5452718787228218,0.56031454
B2A,32dde12686.jpg,0.659383202916832,0.6139325
B2A,32df0e0408.jpg,0.5577502575762789,0.31584933
B2A,32edfa9c9d.jpg,0.8631341611565434,0.31771472
B2A,32f3055dff.jpg,0.8249538800701631,0.4953123
B2A,32fae726b3.jpg,0.4729874356023883,0.7323728
B2A,32fdfa3c24.jpg,0.7297553962418233,0.36650765
B2A,33032dc5ad.jpg,0.6333912182848924,0.42996892
B2A,33084e742e.jpg,0.6490993503307567,0.50391024
B2A,330fa8a7a8.jpg,0.7474328403741916,0.59592134
B2A,3316c8daed.jpg,0.808956264029028,0.32793152
B2A,331f082a0b.jpg,0.6275691348405792,0.345873
B2A,33244a8ba9.jpg,0.47874223862496385,0.42105448
B2A,332da05c9c.jpg,0.8005085350104574,0.5401927
B2A,3335cea81d.jpg,0.6490996301168593,0.5556955
B2A,33392f6dea.jpg,0.6016438130679655,0.5286031
B2A,333b2e7121.jpg,0.8453257213625786,0.2695915
B2A,334259faa0.jpg,0.6991898942398743,0.45513126
B2A,33439a9a62.jpg,0.6964375182187685,0.49004304
B2A,335adb946b.jpg,0.7858145858975817,0.28891885
B2A,335bf2f75a.jpg,0.8427865887145453,0.53126836
B2A,335d7fa61b.jpg,0.7514794552577547,0.3778885
B2A,336e786f25.jpg,0.6931137096218211,0.34440452
B2A,337a9d7475.jpg,0.5725848011849552,0.46447232
B2A,338fec22de.jpg,0.5408859923672911,0.62428
B2A,339d590103.jpg,0.8507909340120945,0.34748292
B2A,339db96fd4.jpg,0.6090823956688017,0.38587987
B2A,33a24fd568.jpg,0.7809423072125642,0.38312808
B2A,33b29070dc.jpg,0.7234905027028482,0.40135568
B2A,33b5473fb6.jpg,0.6306296830824631,0.47460485
B2A,33bae37b7a.jpg,0.6067392527743355,0.3999927
B2A,33baf9fee5.jpg,0.6653714442245181,0.40355963
B2A,33bd2f6360.jpg,0.7804340069382378,0.4137599
B2A,33c737f426.jpg,0.7281485306067681,0.29994386
B2A,33ce5179c2.jpg,0.7490149611602914,0.3655728
B2A,33d7e16c5c.jpg,0.7372559475574356,0.283323
B2A,33e21e0ee8.jpg,0.8262856817975711,0.33799565
B2A,33e4c897aa.jpg,0.8743293774586637,0.37100384
B2A,33f2df4cbe.jpg,0.6250555104929361,0.3948071
B2A,33ffdde2a0.jpg,0.5984525829413603,0.45795327
B2A,340c575487.jpg,0.7257809677987465,0.43397492
B2A,3414d1e597.jpg,0.5472345293679259,0.6430459
B2A,341acd12b6.jpg,0.6773919049286481,0.3338858
B2A,34300a53dd.jpg,0.6216293537272454,0.4958822
B2A,343035e393.jpg,0.7039700866829577,0.33343607
B2A,3433e1373b.jpg,0.8351206342881831,0.30271026
B2A,3434712cc3.jpg,0.8339362675652767,0.39545006
B2A,34380cf889.jpg,0.7869081629886452,0.3574015
B2A,343e090a43.jpg,0.7190654181575369,0.38865557
B2A,343fa4c0eb.jpg,0.7966961082177666,0.42310727
B2A,3447169f2b.jpg,0.6356185414441196,0.5084777
B2A,344cac7fe0.jpg,0.7047562676353349,0.39035803
B2A,345ee88105.jpg,0.6240599441947485,0.27726826
B2A,346579c393.jpg,0.5695795824794422,0.41143543
B2A,346a66651d.jpg,0.6795973148327032,0.36739936
B2A,347519baef.jpg,0.7215517612572957,0.42197195
B2A,347a1a864e.jpg,0.800923943601582,0.39138484
B2A,3480de8e9c.jpg,0.6233491050353115,0.41910392
B2A,3482a0b159.jpg,0.8254060024147181,0.5251715
B2A,34840c34c1.jpg,0.7676517607391511,0.27913657
B2A,348e12ab8b.jpg,0.8148726301138042,0.3039115
B2A,3493315b15.jpg,0.7598361201420014,0.3957097
B2A,34961a9ee6.jpg,0.8806126005946524,0.39877394
B2A,349afdf79d.jpg,0.8344507815304785,0.38428196
B2A,349eab5771.jpg,0.7973112364815599,0.35493213
B2A,34a0d6d394.jpg,0.7112081723324204,0.36039048
B2A,34a5e6c55b.jpg,0.6996605514821634,0.58997893
B2A,34a9eba898.jpg,0.7114278005653903,0.48170426
B2A,34b514be69.jpg,0.7234004933454146,0.43797976
B2A,34b51c7261.jpg,0.7231870156990188,0.5316033
B2A,34c5f04545.jpg,0.7007407473256505,0.51286733
B2A,34cbab9a5d.jpg,0.8274938360473246,0.37128386
B2A,34cf1b263e.jpg,0.766434532036055,0.441696
B2A,34daf62663.jpg,0.7977967021449289,0.3701749
B2A,34e314407f.jpg,0.7348485429462145,0.3126546
B2A,34e66708aa.jpg,0.604646169527156,0.4567734
B2A,34e95595ce.jpg,0.8328200351581055,0.3996113
B2A,34eac9ab64.jpg,0.6908145057785039,0.43115124
B2A,34f4d5c9d4.jpg,0.6611104335169031,0.37245446
B2A,34fb6596e1.jpg,0.6487695643101606,0.5729907
B2A,34fe687882.jpg,0.7263258683856445,0.40525192
B2A,350b5ebef7.jpg,0.5745978816840027,0.448478
B2A,350d2a84d5.jpg,0.7426770125895289,0.467179
B2A,351e2041bb.jpg,0.853606420819249,0.36416546
B2A,3528e213a3.jpg,0.613349796398623,0.59291434
B2A,352c83ab74.jpg,0.6928316417836509,0.39184391
B2A,352e273208.jpg,0.7364101513789697,0.37382025
B2A,35395df60a.jpg,0.7845190386399556,0.3307197
B2A,353a61be7f.jpg,0.7466644920739217,0.39397353
B2A,353dedb268.jpg,0.615392501927726,0.43401217
B2A,353e6a68f4.jpg,0.67518954439196,0.46671075
B2A,355475c717.jpg,0.627468037398766,0.39773634
B2A,355c86cd3d.jpg,0.5971307950408351,0.49494517
B2A,356a62efca.jpg,0.6627436297558756,0.42035368
B2A,356caca006.jpg,0.6960881986499102,0.34359032
B2A,358670e605.jpg,0.862382510042294,0.39203215
B2A,358b265ed6.jpg,0.7558596640994153,0.4971589
B2A,35945cd71c.jpg,0.7893312307739732,0.36166498
B2A,359495f7a4.jpg,0.7129707392004097,0.42703113
B2A,35961ab226.jpg,0.8311796359347507,0.38841286
B2A,3596426373.jpg,0.7494743304238961,0.44700664
B2A,359b6a2430.jpg,0.8534016904356301,0.38552985
B2A,35b0c24b22.jpg,0.7857660185170968,0.3752643
B2A,35dd92bfb3.jpg,0.8030957495759766,0.3339777
B2A,35e792eb1a.jpg,0.756340011562479,0.30961412
B2A,35e7c9ec58.jpg,0.7419140554850657,0.3894783
B2A,35ed01ca2e.jpg,0.8321126528105015,0.42094672
B2A,35ed52c72f.jpg,0.7888535229616808,0.47690764
B2A,35fab228d4.jpg,0.8127019920877935,0.34218037
B2A,36000244a2.jpg,0.49498028742915334,0.55603004
B2A,3608d6b3ac.jpg,0.84378938543609,0.40597537
B2A,360a1c7c80.jpg,0.826786432993698,0.4393392
B2A,361f298a02.jpg,0.6204283927511859,0.45886147
B2A,3621a894db.jpg,0.7758144058215701,0.39135164
B2A,362204f307.jpg,0.8533265134397736,0.32032886
B2A,362511599b.jpg,0.8105766292138091,0.38053155
B2A,36261d4302.jpg,0.6942422143228966,0.39227724
B2A,3632f44a7c.jpg,0.7342313352551769,0.40491262
B2A,3648d77005.jpg,0.5920411318230424,0.52726
B2A,3656053e31.jpg,0.6249190776498458,0.48880345
B2A,3657ef6b24.jpg,0.8667986995692133,0.33400553
B2A,368b9526b7.jpg,0.6553054288786117,0.32620037
B2A,368ee43922.jpg,0.8847355236751399,0.23348244
B2A,3691380fa5.jpg,0.51441826417101,0.44651118
B2A,3695170ba2.jpg,0.7650263612764977,0.4339789
B2A,369897af38.jpg,0.8625017972851124,0.39036235
B2A,36a77b49fe.jpg,0.802354325724949,0.41767353
B2A,36a93aa776.jpg,0.6618749488999321,0.36834338
B2A,36a9509d21.jpg,0.702346852585509,0.34789944
B2A,36ad6eb2d8.jpg,0.7799483543886553,0.36370853
B2A,36b37b892a.jpg,0.6698398617140876,0.39291164
B2A,36bafe2801.jpg,0.5162019062339346,0.59900975
B2A,36bcc9afa9.jpg,0.915962546908656,0.39740297
B2A,36d67864d9.jpg,0.7288998876243041,0.44870707
B2A,36d957036d.jpg,0.6456601784932062,0.30472532
B2A,36daf4d43d.jpg,0.8098461126478683,0.45702904
B2A,36e4004846.jpg,0.8149244599015145,0.35436326
B2A,36eb013265.jpg,0.8130194087894491,0.254856
B2A,36eccca3ab.jpg,0.8500277704654159,0.34441248
B2A,36f18cca17.jpg,0.8663689264193848,0.32124004
B2A,36f6aeb966.jpg,0.8034869461806909,0.3626528
B2A,37075ca2ee.jpg,0.7378880979784056,0.4461965
B2A,371c59835b.jpg,0.8158833672583808,0.42176607
B2A,371f2829aa.jpg,0.4903790277379959,0.62975585
B2A,372d828feb.jpg,0.6155445115535075,0.59168875
B2A,372dc58821.jpg,0.590063413857449,0.4535607
B2A,37322d9ff2.jpg,0.6723488440052726,0.46331406
B2A,3744adb842.jpg,0.6745897696271536,0.39148343
B2A,374d5245d4.jpg,0.6149661774860898,0.38889462
B2A,3751b9831c.jpg,0.7276031430874421,0.30471843
B2A,376073b21e.jpg,0.7684575327344364,0.3581521
B2A,376ddd69e6.jpg,0.5935294933304792,0.5719977
B2A,376f1b5edb.jpg,0.6531333479599163,0.38145676
B2A,377329db11.jpg,0.5161199873692958,0.4018429
B2A,3778fecb0c.jpg,0.8017186346415469,0.3052928
B2A,3789eceb0c.jpg,0.6885556631107557,0.36769393
B2A,37911bdb2c.jpg,0.8185669724576782,0.33120033
B2A,37917ad369.jpg,0.6843218300502295,0.38006276
B2A,37928f6999.jpg,0.8467309247544001,0.4620627
B2A,379b25d4d3.jpg,0.7180017612983258,0.4518096
B2A,37a5918d6f.jpg,0.7233955472989062,0.32943374
B2A,37a90c2b86.jpg,0.7431459856190128,0.46470532
B2A,37aabb8541.jpg,0.8116037781128193,0.35407412
B2A,37b12b7bc9.jpg,0.6661106378588774,0.50397766
B2A,37b740d8f8.jpg,0.6723350167135999,0.40615642
B2A,37c5732454.jpg,0.7382443390973398,0.38532585
B2A,37c6dc5971.jpg,0.6780418142479818,0.5568267
B2A,37cc9acfc2.jpg,0.8284817768556635,0.4055041
B2A,37cfa76bf2.jpg,0.7511791825568634,0.30012396
B2A,37d0b619d1.jpg,0.548239643758308,0.45911115
B2A,37d3e79b71.jpg,0.4861167327258982,0.4206754
B2A,37df208f9f.jpg,0.640298632080331,0.6232493
B2A,37eb07f626.jpg,0.7527167852559093,0.33542636
B2A,37f738e7bc.jpg,0.7425548359819687,0.3543412
B2A,37fba790de.jpg,0.7355977680324813,0.4270738
B2A,38062f7d79.jpg,0.7138759579293392,0.58574075
B2A,38070f5dbb.jpg,0.7685707496853182,0.4392199
B2A,38086cf21f.jpg,0.8166392617972928,0.42272967
B2A,381267e62a.jpg,0.6974064668531436,0.42325658
B2A,381280b99b.jpg,0.8474799825959516,0.3755411
B2A,381d086c95.jpg,0.7558051243265508,0.42237255
B2A,3820d34bd5.jpg,0.792497796583833,0.43476513
B2A,3833afaa5a.jpg,0.796721781528899,0.35881084
B2A,383bfdbd98.jpg,0.6494661673669522,0.521653
B2A,3842636752.jpg,0.7822752292164918,0.55658185
B2A,385d53e164.jpg,0.6377902241141794,0.61476946
B2A,385f8eb28d.jpg,0.4597621444198205,0.45252106
B2A,3860dba6e7.jpg,0.6921532746043585,0.43055627
B2A,38629959ac.jpg,0.8031193156312898,0.46247023
B2A,3865b242b9.jpg,0.8328137996541192,0.28303245
B2A,38662909dd.jpg,0.6560861163360541,0.5166496
B2A,38684f015e.jpg,0.8838779789730818,0.5373595
B2A,386a3c0897.jpg,0.6656703806281324,0.565658
B2A,3876bbbae0.jpg,0.7394085623742064,0.4091879
B2A,3886187ed1.jpg,0.66759323609855,0.5245335
B2A,3891ee053e.jpg,0.8016280847328068,0.3650118
B2A,38992f60c4.jpg,0.8034108800594224,0.33576185
B2A,38993b35f9.jpg,0.7722080899081318,0.35020152
B2A,389acc824c.jpg,0.7941308800052619,0.54520524
B2A,389cbe6e1a.jpg,0.7911623165775056,0.427567
B2A,38bb0ec345.jpg,0.7110903139856621,0.39502394
B2A,38c6532fe1.jpg,0.7713740688746397,0.4076151
B2A,38c88ad59d.jpg,0.8042033444577781,0.40975058
B2A,38cb53af79.jpg,0.7783128689717487,0.33622995
B2A,38d00950b6.jpg,0.6280540452606612,0.43352652
B2A,38d0de69d8.jpg,0.8114239934592649,0.39596656
B2A,38d5379f18.jpg,0.7059653776023045,0.46729785
B2A,38d71d4dfe.jpg,0.6252819164727941,0.5466213
B2A,38d9042083.jpg,0.7326247928130535,0.3406561
B2A,38deab6c01.jpg,0.8176038988541883,0.43318787
B2A,38dfbc95b7.jpg,0.5054353467452631,0.54787844
B2A,38ebf8fc82.jpg,0.6737712214461916,0.5057573
B2A,38f185baa6.jpg,0.5769343933105385,0.3538982
B2A,390f3f16d6.jpg,0.7431077289670863,0.5149135
B2A,3915c24d8d.jpg,0.6263640501253392,0.55588806
B2A,3916d76a57.jpg,0.6371905662945389,0.47148257
B2A,392c032d0e.jpg,0.751402996506364,0.41114092
B2A,3941a52677.jpg,0.7498036179459427,0.23852634
B2A,394a38353e.jpg,0.6378521598970065,0.54313684
B2A,39545bce2e.jpg,0.8202897858640559,0.39634854
B2A,396b917aad.jpg,0.8117657207932152,0.38213813
B2A,39780192ea.jpg,0.6670329711608837,0.38596332
B2A,398849f59d.jpg,0.8162941507903768,0.3835307
B2A,39b7d694de.jpg,0.7717204659117163,0.37737232
B2A,39c1270676.jpg,0.7971103419506578,0.47806963
B2A,39db6bdbbe.jpg,0.6957927465834229,0.5031074
B2A,39ff1e8568.jpg,0.6685418578435095,0.36529776
B2A,3a0046ee0d.jpg,0.6756243965007996,0.4499754
B2A,3a00c416f6.jpg,0.805153614691214,0.4172611
B2A,3a2f29ea97.jpg,0.8295710831418546,0.3661772
B2A,3a36ff8b4b.jpg,0.8570761316425869,0.43173563
B2A,3a423d3645.jpg,0.6796404184355901,0.44878465
B2A,3a4414aa6b.jpg,0.5809288454065547,0.5050639
B2A,3a582c9914.jpg,0.7125233911151536,0.36677983
B2A,3a5b6e28e0.jpg,0.7973239974775994,0.3914117
B2A,3a5c7e707a.jpg,0.6410726654327987,0.48451963
B2A,3a747d8723.jpg,0.6526455443131823,0.41716915
B2A,3a7a0992dd.jpg,0.463150493942771,0.48409206
B2A,3a82bd4f2a.jpg,0.6535439839221093,0.5390725
B2A,3a872d9357.jpg,0.7310809228443139,0.4714055
B2A,3a91a66bdd.jpg,0.7675642379447565,0.38523084
B2A,3a9483311f.jpg,0.6005403836763834,0.5329577
B2A,3a9d528df2.jpg,0.747016148431316,0.53855085
B2A,3ab31603e2.jpg,0.6103933148404022,0.46445283
B2A,3abca1ec15.jpg,0.7302297364817076,0.3234784
B2A,3ac5c5efeb.jpg,0.7003892071186552,0.6805037
B2A,3acafb52ae.jpg,0.7128634870688065,0.31034607
B2A,3ad0aa389f.jpg,0.6752637902185832,0.5801356
B2A,3ade5505ba.jpg,0.7387183305504671,0.44328475
B2A,3adf6a85e3.jpg,0.7073711117786101,0.3202532
B2A,3af0aaf3ee.jpg,0.6644045561350035,0.49678388
B2A,3af3151f7f.jpg,0.8442096065042345,0.36514783
B2A,3afa5083c1.jpg,0.7592832925915943,0.45489413
B2A,3b047fc766.jpg,0.470197197018666,0.5830643
B2A,3b20ee7aa5.jpg,0.7621752817945279,0.37214386
B2A,3b28c6b97b.jpg,0.768089144135889,0.38322175
B2A,3b312d0ac5.jpg,0.7544217922104837,0.37403613
B2A,3b368db4be.jpg,0.7901472007937131,0.47486892
B2A,3b3f9ecd9d.jpg,0.8913366418838223,0.2482155
B2A,3b3fd02a40.jpg,0.7476142941004039,0.4904076
B2A,3b465f08bf.jpg,0.7579684323707446,0.41653493
B2A,3b4b485df5.jpg,0.7599911729740284,0.417569
B2A,3b4e045bb7.jpg,0.6292844059078219,0.5890644
B2A,3b57973eb2.jpg,0.832348421112626,0.32314354
B2A,3b5d843f5a.jpg,0.7950050018346048,0.43368244
B2A,3b64a40750.jpg,0.6202634473834049,0.34384906
B2A,3b6a39a00d.jpg,0.6168997681948858,0.56371427
B2A,3b6c01176c.jpg,0.7010362093788012,0.4074324
B2A,3b71b87d37.jpg,0.7851666876380783,0.30555665
B2A,3b76682887.jpg,0.7485686347021223,0.45679444
B2A,3b855caae4.jpg,0.6748792694571645,0.4117543
B2A,3bae3d1712.jpg,0.6528402022027541,0.31206736
B2A,3bc75876be.jpg,0.8081406275568755,0.30472302
B2A,3bcafe027c.jpg,0.7906696939559287,0.3441316
B2A,3bcc67701d.jpg,0.7191347930654938,0.4858957
B2A,3bd85aead5.jpg,0.6029045766599096,0.5536239
B2A,3bd8747102.jpg,0.8250571682400969,0.4343953
B2A,3bd9ddc108.jpg,0.7645173660152702,0.34859794
B2A,3be1aea5fc.jpg,0.7730627893286744,0.35655195
B2A,3bed43f9f6.jpg,0.6517104733227306,0.49630198
B2A,3bf9ac1eb3.jpg,0.7046115100632576,0.3559397
B2A,3bff224652.jpg,0.8295337387409929,0.40088752
B2A,3c048f020d.jpg,0.6568876152483114,0.3894528
B2A,3c07362391.jpg,0.695798133744766,0.4641464
B2A,3c1963d1f8.jpg,0.7529223628603497,0.40472925
B2A,3c21346fb9.jpg,0.7848449768521174,0.613329
B2A,3c327deaca.jpg,0.8159059983348695,0.44599822
B2A,3c3c78be02.jpg,0.8173434160051987,0.30889243
B2A,3c4406fa5a.jpg,0.6865970318548829,0.5382257
B2A,3c52316f14.jpg,0.5750158542779648,0.7150388
B2A,3c53ee8af8.jpg,0.8129339335124732,0.419996
B2A,3c5cdd7090.jpg,0.6850005979277604,0.56473273
B2A,3c5e76d1e3.jpg,0.7800294255504585,0.31808993
B2A,3c65d848ee.jpg,0.6353577178343373,0.40680194
B2A,3c6fe5de40.jpg,0.5890053582289987,0.51063114
B2A,3c72375e57.jpg,0.7193780011348666,0.4817506
B2A,3c7383e41b.jpg,0.5558243946516831,0.4359092
B2A,3c750a98db.jpg,0.6930817460957894,0.4834431
B2A,3c7a019967.jpg,0.7332617387118262,0.29109824
B2A,3c840700fc.jpg,0.7103958057593751,0.30964035
B2A,3c8591595d.jpg,0.8340689427337253,0.4677613
B2A,3c8d055dde.jpg,0.7437637736313272,0.3894633
B2A,3c8de7efcc.jpg,0.7266004377557296,0.39855784
B2A,3c92f9da89.jpg,0.7666906820070577,0.50606775
B2A,3ca88b5bae.jpg,0.727803148012184,0.3285244
B2A,3caa03fcca.jpg,0.6822502787714151,0.42347687
B2A,3cc4339658.jpg,0.7708496976567003,0.36821836
B2A,3cc6896a14.jpg,0.6592677516768306,0.55250835
B2A,3cc973e9c6.jpg,0.531081128440082,0.47787392
B2A,3cca867846.jpg,0.7819053793761679,0.39940023
B2A,3ccbf381cc.jpg,0.7523769747076038,0.36033934
B2A,3cd0ce8fcd.jpg,0.6732451646398867,0.424474
B2A,3cd43a2690.jpg,0.6928049853707752,0.33092302
B2A,3cdbcd6c29.jpg,0.7502297202213624,0.47745228
B2A,3ce8fe7b80.jpg,0.7444374554465605,0.5745473
B2A,3cf977901c.jpg,0.5120953887190985,0.6159068
B2A,3cff22e3c9.jpg,0.7895487781961985,0.3239722
B2A,3d038050b2.jpg,0.502780764985492,0.5537542
B2A,3d0982bebb.jpg,0.6824797397762881,0.53944457
B2A,3d0e0ead31.jpg,0.8217281165392557,0.40235668
B2A,3d14523c1f.jpg,0.7520490855642434,0.6561135
B2A,3d165d2aad.jpg,0.8661797819820866,0.3914247
B2A,3d204371c7.jpg,0.7510967596708337,0.3494014
B2A,3d29c7439f.jpg,0.5639500475910957,0.4221979
B2A,3d2c394405.jpg,0.5525584400287009,0.48530713
B2A,3d3b9f4ba1.jpg,0.7897097541862232,0.376978
B2A,3d69e148e8.jpg,0.6980072942451924,0.37412116
B2A,3d6b2aa9d4.jpg,0.7947564789689521,0.3412239
B2A,3d6ef1f43d.jpg,0.549514647576988,0.5669887
B2A,3d70ef0d7c.jpg,0.5599996166318938,0.54448533
B2A,3d71b5934b.jpg,0.6052208532338131,0.3979569
B2A,3d8835b84d.jpg,0.6550598601322878,0.375959
B2A,3d89a7a1c4.jpg,0.7385202706642947,0.3533295
B2A,3d89fa1a08.jpg,0.6171735271032178,0.40344128
B2A,3d8fd794f8.jpg,0.7220857959922773,0.31148648
B2A,3d961be033.jpg,0.715373944977613,0.3928965
B2A,3da4c699b8.jpg,0.7494024590206289,0.41955137
B2A,3db43d9a04.jpg,0.6596734222462586,0.5405095
B2A,3db8bf2299.jpg,0.8466959511318134,0.36557344
B2A,3dc62c7550.jpg,0.7391310126602719,0.3568904
B2A,3dc69fb234.jpg,0.7213072571385161,0.421136
B2A,3dcb9f50ff.jpg,0.6824499728767336,0.27868152
B2A,3dcdf82bcd.jpg,0.64166834006027,0.58830225
B2A,3dcf18bba9.jpg,0.8884983971001559,0.38330883
B2A,3dd2d3096b.jpg,0.6847664836826535,0.46907526
B2A,3de3c8151d.jpg,0.6009235393895767,0.509412
B2A,3dfd77c751.jpg,0.8193502974416946,0.38813418
B2A,3e0479c7a4.jpg,0.691536377281459,0.37736174
B2A,3e097a4c02.jpg,0.7521563012614256,0.39316505
B2A,3e1cd24e83.jpg,0.749811050123219,0.38234347
B2A,3e1dfc9dc0.jpg,0.7718099895073114,0.44057554
B2A,3e2d480716.jpg,0.43487192978874967,0.53705966
B2A,3e31646935.jpg,0.7250110836030983,0.27093804
B2A,3e3b342a95.jpg,0.8066539362846277,0.35294658
B2A,3e4c86049d.jpg,0.7895035848907676,0.32471633
B2A,3e4e2f5b6e.jpg,0.7438624041934506,0.5314142
B2A,3e4edba19d.jpg,0.7016117436877819,0.42439997
B2A,3e60c7241a.jpg,0.8128583958908167,0.3776855
B2A,3e780ed289.jpg,0.8843594359029912,0.34909797
B2A,3e806e2a4a.jpg,0.7637578233153568,0.38870847
B2A,3e9809b35e.jpg,0.7894903048553739,0.42809168
B2A,3ea3ae5954.jpg,0.58829348091058,0.54263085
B2A,3ea96d7fbd.jpg,0.6927763736720413,0.61937493
B2A,3eaa214d3d.jpg,0.7775613754313324,0.41767925
B2A,3eab0e9d77.jpg,0.7065540539820888,0.48894012
B2A,3eb7c094c0.jpg,0.8070699131074428,0.38773218
B2A,3ebc8a4013.jpg,0.7979943815287054,0.28623575
B2A,3ec2bb5a0c.jpg,0.8707937330840942,0.30788958
B2A,3ec4f57f74.jpg,0.8165914518924345,0.2993941
B2A,3ecedf69d8.jpg,0.7032837441554721,0.52405417
B2A,3ed12a78ce.jpg,0.7609963631680716,0.4116056
B2A,3edae2ef79.jpg,0.7469394842850137,0.4564435
B2A,3edc9197e7.jpg,0.8192441623534328,0.37458932
B2A,3ee4497b2e.jpg,0.7181872542999167,0.36131507
B2A,3ee7eb408c.jpg,0.6032933525007834,0.4794955
B2A,3f0362f12d.jpg,0.756111297122543,0.34126598
B2A,3f0738d8dc.jpg,0.7649370964432379,0.4373532
B2A,3f0a7330bd.jpg,0.7859555064803525,0.3433688
B2A,3f1191a447.jpg,0.7044584585573075,0.36717504
B2A,3f1942ac5e.jpg,0.6533478787113812,0.2773496
B2A,3f220a6caa.jpg,0.8164605947238517,0.32778433
B2A,3f28319f81.jpg,0.5931446974206669,0.6387379
B2A,3f2a4b6406.jpg,0.6546403389457852,0.71463096
B2A,3f3e610d58.jpg,0.7003095201243487,0.41671658
B2A,3f53c08114.jpg,0.7393783244319312,0.5457367
B2A,3f5bc8d85c.jpg,0.760794156196344,0.43761948
B2A,3f615bc675.jpg,0.7487287118338083,0.5378933
B2A,3f6489dfa3.jpg,0.7235274412233784,0.44007462
B2A,3f6e1ac2ae.jpg,0.8083131177236239,0.49681762
B2A,3f70cec894.jpg,0.733423765470124,0.3126177
B2A,3f7dc6a469.jpg,0.7665065950053187,0.32586622
B2A,3f844f5b59.jpg,0.7074528258346492,0.3010891
B2A,3f8fd85f1c.jpg,0.7516989232533703,0.4332732
B2A,3f91546f37.jpg,0.7333950229230429,0.531597
B2A,3f97bcc230.jpg,0.6416629953979214,0.41762802
B2A,3f9d9b6972.jpg,0.7841031257057066,0.3023463
B2A,3fa1aa1d56.jpg,0.7589663768727516,0.428287
B2A,3fa61d1b59.jpg,0.7792914710603975,0.34803635
B2A,3fa89cdb0f.jpg,0.8124850559562672,0.4106264
B2A,3facf2de42.jpg,0.794465419650343,0.5375105
B2A,3fc01a1f5a.jpg,0.8138354767838889,0.40429443
B2A,3fc29d7b01.jpg,0.6257644642795392,0.53374803
B2A,3fcabb43e0.jpg,0.8378869907691566,0.37498966
B2A,3fce3b2092.jpg,0.769077667315448,0.48800936
B2A,3fd5f45733.jpg,0.5411033697745451,0.3217253
B2A,3fe71e2f91.jpg,0.7185648663445806,0.3609453
B2A,3ff9d14627.jpg,0.7839538878964988,0.54366815
B2A,3ffcf75444.jpg,0.7844095027133806,0.4752596
B2A,4006643077.jpg,0.5065740160214351,0.46317804
B2A,400dd42483.jpg,0.8166823798257453,0.34071487
B2A,401c79161f.jpg,0.8437541674411658,0.2763667
B2A,402358e99c.jpg,0.6557689733368347,0.35533133
B2A,402da39edd.jpg,0.673463859291092,0.44260338
B2A,4033c4fd83.jpg,0.6880365647452391,0.3545906
B2A,4035bcf4c5.jpg,0.7905341381661422,0.3780642
B2A,40365d3029.jpg,0.810094111402572,0.4260551
B2A,403a9eb385.jpg,0.8180593598325168,0.3352566
B2A,4044bcfa56.jpg,0.6601065686189775,0.5851492
B2A,40454944a3.jpg,0.812252359089638,0.31784326
B2A,4051c9b480.jpg,0.7412616689377268,0.39672124
B2A,405d277475.jpg,0.7486156799514541,0.41408682
B2A,40634ec806.jpg,0.6623349715973733,0.45629874
B2A,4069034d1b.jpg,0.6392197505799689,0.58296317
B2A,4069c14970.jpg,0.6523730652851178,0.64743835
B2A,4069eee71a.jpg,0.6536099736253627,0.48933247
B2A,406f7f455a.jpg,0.7860692037069587,0.43668708
B2A,40773a3569.jpg,0.7156947641733911,0.73801464
B2A,407ded2317.jpg,0.785572000182417,0.38676566
B2A,408a7ed2d4.jpg,0.528383166832239,0.56054103
B2A,408ae2c4d3.jpg,0.8254446642614552,0.41692567
B2A,408c4b86d7.jpg,0.8260788074622231,0.41213036
B2A,409f830e91.jpg,0.5848840778735117,0.5838517
B2A,40a2829478.jpg,0.6816090675239009,0.58347106
B2A,40abbf6272.jpg,0.8043802210201848,0.5130738
B2A,40b341cce7.jpg,0.8221022674254161,0.49528316
B2A,40b814831c.jpg,0.7832099115299685,0.34449416
B2A,40ba4c1ee0.jpg,0.7111212687429587,0.37036404
B2A,40cd40f4ce.jpg,0.6693681291626937,0.3697996
B2A,40d46c10bd.jpg,0.651703604025218,0.5704103
B2A,40d6a5963b.jpg,0.6414670729597958,0.52945334
B2A,40dbef5e74.jpg,0.7763915494876145,0.37254712
B2A,40e2fb2f62.jpg,0.870559758301139,0.2578559
B2A,410a15d160.jpg,0.6733944770190025,0.4462731
B2A,410c1279f0.jpg,0.8854884488271645,0.3831265
B2A,410f1753ab.jpg,0.7168192491019841,0.353562
B2A,4113173d13.jpg,0.6012616169145545,0.4724116
B2A,411424ff38.jpg,0.7697612925850058,0.36850488
B2A,4115b492be.jpg,0.6605054660951774,0.483101
B2A,411728406b.jpg,0.65106353234218,0.566549
B2A,411cbac479.jpg,0.775636782850498,0.34552127
B2A,41316be2ab.jpg,0.8137896244464149,0.328495
B2A,4134a75abc.jpg,0.7571328396335709,0.28401536
B2A,413aa936b2.jpg,0.7411603042557365,0.41531858
B2A,414a144db4.jpg,0.7098392092707284,0.35659358
B2A,4151207d56.jpg,0.5506161725162961,0.5966808
B2A,415a165321.jpg,0.8088080700727003,0.3946968
B2A,4166c63775.jpg,0.8202515973835771,0.38553157
B2A,416e06ae04.jpg,0.6591194472518479,0.4293579
B2A,416e954665.jpg,0.7271923869396298,0.3709892
B2A,416fcde5d2.jpg,0.7434617935984095,0.36247486
B2A,4170ddf51d.jpg,0.6947012828819148,0.44107318
B2A,417769579b.jpg,0.7908765482498966,0.44828436
B2A,417c141022.jpg,0.8484250313129981,0.49242806
B2A,417f9dbce5.jpg,0.7999085754530362,0.4678584
B2A,4185e8411e.jpg,0.7634750541179829,0.39264095
B2A,418d1c582c.jpg,0.8007697752150282,0.41508445
B2A,419385f134.jpg,0.7755006188236698,0.5744849
B2A,4197e5cf91.jpg,0.5725231769809936,0.69663703
B2A,419c88186c.jpg,0.7081135786647071,0.30410728
B2A,41a0c9b77b.jpg,0.6264486841088419,0.35947213
B2A,41a6a58a06.jpg,0.8828486456712088,0.41731828
B2A,41aab05613.jpg,0.8202094155721307,0.30377942
B2A,41c988e839.jpg,0.5349494725875886,0.6067816
B2A,41ca266a6d.jpg,0.7247565110302363,0.45038787
B2A,41d6d46378.jpg,0.877160315241161,0.39635742
B2A,41da9742ed.jpg,0.6317086965545695,0.6380821
B2A,41df7d5e43.jpg,0.7568411404605407,0.40122718
B2A,41ec0c9e94.jpg,0.8765880124599786,0.3309625
B2A,41ed759f87.jpg,0.8964946507542546,0.3187069
B2A,41f062b74b.jpg,0.6269252124664785,0.5899536
B2A,41f4b96cdd.jpg,0.5695756992575741,0.49102262
B2A,420386aab6.jpg,0.8194100770737716,0.38188243
B2A,421cf4d925.jpg,0.8078485940311005,0.22807054
B2A,4234c4fa4a.jpg,0.7602187375400068,0.45910028
B2A,4246be6f2b.jpg,0.7497769205459938,0.5440474
B2A,4252a6b79d.jpg,0.7878141753356888,0.4255014
B2A,4255eb0cb0.jpg,0.7011391291354745,0.46898663
B2A,4262ee33cf.jpg,0.6047370038229639,0.56306714
B2A,4263de0622.jpg,0.8004255809162553,0.3294463
B2A,42703f8185.jpg,0.7978271141932083,0.3813778
B2A,428066cbb6.jpg,0.7699833984644946,0.38426277
B2A,428516308c.jpg,0.8242837824463934,0.3601684
B2A,428cfa30a0.jpg,0.49864091833024105,0.6522174
B2A,42a17f2513.jpg,0.7868814418415871,0.51912344
B2A,42a2c9c2a9.jpg,0.6447843379920376,0.44068232
B2A,42a90ee8fd.jpg,0.6199234784030823,0.43599075
B2A,42b38b3ecf.jpg,0.7434902373067714,0.4058625
B2A,42b7ed6caf.jpg,0.7634619323735442,0.38292176
B2A,42b9334189.jpg,0.7570113280831572,0.45128918
B2A,42d09ebeef.jpg,0.6368064301666088,0.49263078
B2A,42d7e15840.jpg,0.8443834085322875,0.41819692
B2A,42d95f5656.jpg,0.6401007035417179,0.51897806
B2A,42d9791966.jpg,0.7569423312468061,0.44956744
B2A,42db3f6bfb.jpg,0.7385558837615521,0.33882356
B2A,42e33a0f4e.jpg,0.7531200452211128,0.45151561
B2A,42e6bc6527.jpg,0.7526911938077385,0.3280937
B2A,42f2c8badb.jpg,0.8884084919364788,0.46717095
B2A,42f67a0c9b.jpg,0.8005503159355486,0.4696823
B2A,430365e84b.jpg,0.7993723963162531,0.38709754
B2A,4308c43102.jpg,0.7831678523376701,0.416052
B2A,4325d69fe4.jpg,0.7083888193499495,0.436678
B2A,4327a26f90.jpg,0.7698345963716726,0.353415
B2A,432c4949ea.jpg,0.6222818175791125,0.52975255
B2A,432c77e7ff.jpg,0.895426806714354,0.37733388
B2A,433f72e01b.jpg,0.5917102817193725,0.45482874
B2A,43425f75c3.jpg,0.6217576132163429,0.4379441
B2A,4346c649be.jpg,0.7964226599213187,0.49206185
B2A,43519ebdda.jpg,0.7935097143841079,0.2801945
B2A,436544ba60.jpg,0.7562931111616363,0.34123844
B2A,436738950d.jpg,0.8630469410984815,0.34465188
B2A,4367fc0915.jpg,0.5527810585142857,0.67374694
B2A,437bce391c.jpg,0.7083501970632009,0.44917393
B2A,437d311cfe.jpg,0.5427138750462496,0.47761866
B2A,439be152be.jpg,0.772695358543385,0.46835363
B2A,43a246cd29.jpg,0.8275768542217037,0.3073623
B2A,43a3471132.jpg,0.6925374109840085,0.37055632
B2A,43a5271014.jpg,0.8703473844641377,0.39828616
B2A,43b2557047.jpg,0.6887964547734172,0.5035212
B2A,43b5bdf41c.jpg,0.8290675360489442,0.30760717
B2A,43b6f98955.jpg,0.7395889029660281,0.55372334
B2A,43bcfa7f99.jpg,0.7058334961462589,0.40483448
B2A,43be6f2003.jpg,0.7292560054200392,0.60074735
B2A,43be7d5231.jpg,0.8141544441653977,0.49662963
B2A,43d6edb617.jpg,0.8424783775744396,0.26606604
B2A,43d7a934de.jpg,0.7982013212671643,0.31433028
B2A,43db8e440e.jpg,0.7610082438403547,0.453291
B2A,43dbb8ae62.jpg,0.731273488394851,0.36239803
B2A,43e7f05c27.jpg,0.4622604742801038,0.66062146
B2A,43ecb78f04.jpg,0.634768596817605,0.5589693
B2A,43ef5533dd.jpg,0.7875306576924254,0.39014918
B2A,43f3d41042.jpg,0.8084519479095413,0.3477433
B2A,441ba0764f.jpg,0.8224504461772438,0.33244038
B2A,442465d291.jpg,0.5947374110054346,0.5395854
B2A,44263e569e.jpg,0.6775788622754109,0.5009483
B2A,442e55394f.jpg,0.7843207876549144,0.3295595
B2A,443367c605.jpg,0.8037925388478242,0.312279
B2A,443cfcaf19.jpg,0.7840054860362872,0.54355854
B2A,444ea6a3df.jpg,0.7863019932317018,0.34379432
B2A,445c9de4ae.jpg,0.6388159104252734,0.55964595
B2A,44643764ef.jpg,0.6033205354688468,0.35970065
B2A,4473598289.jpg,0.6271159066445092,0.40712678
B2A,447a64dc90.jpg,0.8141204091149558,0.4609023
B2A,447ceb7434.jpg,0.8001560414161834,0.37386245
B2A,44811f744f.jpg,0.7770449244817007,0.3366174
B2A,44838c4894.jpg,0.5292405831746472,0.6158373
B2A,44852d6fd3.jpg,0.7362863237120539,0.48157093
B2A,4494dace12.jpg,0.7624199427817084,0.431913
B2A,449d31ec71.jpg,0.784992623228554,0.36798495
B2A,449ffd7d0e.jpg,0.7569946247698671,0.32231623
B2A,44b1c947c8.jpg,0.7065931803083879,0.41025326
B2A,44b7b27bdb.jpg,0.8467603636751239,0.47344863
B2A,44b948a11b.jpg,0.7705529729891523,0.31808242
B2A,44be21f482.jpg,0.667967526145356,0.5160397
B2A,44ca9b838b.jpg,0.7371871074758566,0.51102936
B2A,44cd2a0855.jpg,0.807438250156264,0.41533685
B2A,44d4bbf9c5.jpg,0.7812817123185624,0.32381314
B2A,44e072e7f6.jpg,0.8244407220477015,0.40446073
B2A,44f0533b7d.jpg,0.5919477252007406,0.6260854
B2A,44f9fc3d08.jpg,0.763770715611664,0.38528523
B2A,450c48015c.jpg,0.5988425933938201,0.4439779
B2A,451fa08066.jpg,0.8064845181284708,0.40820572
B2A,45281596ce.jpg,0.6593814860027241,0.38558638
B2A,452c2eae3c.jpg,0.6930776280987848,0.5024674
B2A,452c5d0bb4.jpg,0.7585889901010844,0.3936127
B2A,452cb57460.jpg,0.8578470290330227,0.36509976
B2A,45342d5c70.jpg,0.6511246889368932,0.51329345
B2A,4534cb2584.jpg,0.7953428231463946,0.49109027
B2A,453afd0c27.jpg,0.6624787206207695,0.40094998
B2A,453bd33553.jpg,0.7069569494020286,0.38703728
B2A,453f5d81cf.jpg,0.8049313363513118,0.4353767
B2A,454cf7a157.jpg,0.6019771814862976,0.4401186
B2A,4550c707f6.jpg,0.8161812973419598,0.5568588
B2A,4551f3f54b.jpg,0.7408210115185169,0.39475277
B2A,4569404b70.jpg,0.7190467332753727,0.44428146
B2A,4569953612.jpg,0.7464272811887027,0.31783712
B2A,457b19a007.jpg,0.8038176220709458,0.41502368
B2A,4581966154.jpg,0.6327952226955336,0.5531558
B2A,4581a4faee.jpg,0.5083634269403706,0.6834988
B2A,458b9bddeb.jpg,0.7775035264228106,0.44625437
B2A,459a0e8a7b.jpg,0.7204985196691229,0.38983524
B2A,45a0cf81a7.jpg,0.6435855376720624,0.44075066
B2A,45a4fc418c.jpg,0.8692235491961748,0.2913331
B2A,45ae43ca11.jpg,0.7948692367807109,0.3747329
B2A,45b59ba108.jpg,0.7971945930915926,0.3648125
B2A,45bfc01241.jpg,0.7182370171068891,0.5158596
B2A,45cecf091d.jpg,0.7538263414260553,0.4610056
B2A,45d284a829.jpg,0.5624165094189039,0.46755904
B2A,45db826465.jpg,0.6981496756343236,0.30878264
B2A,45e07afb6c.jpg,0.5867096743615012,0.47128272
B2A,45f3a9c5e3.jpg,0.8267561170999029,0.34784776
B2A,45f63c2653.jpg,0.5705761459240647,0.63090754
B2A,45f784213e.jpg,0.7042936396823128,0.5219133
B2A,45feda47bc.jpg,0.8578847873789063,0.30429187
B2A,46196f19d1.jpg,0.7805052199759566,0.37895226
B2A,461cc8da33.jpg,0.816560226283556,0.30924493
B2A,463758c10d.jpg,0.6738585559725037,0.44773108
B2A,463ad92568.jpg,0.5811151545913514,0.5830366
B2A,463b8807e5.jpg,0.7130582683189727,0.43053773
B2A,463be5a1a1.jpg,0.6321592109334305,0.62101734
B2A,464d4dd705.jpg,0.6096696698519259,0.41107145
B2A,4663bb2924.jpg,0.653755778498469,0.48073345
B2A,466585f6df.jpg,0.5624584076241613,0.5267932
B2A,467657f396.jpg,0.7912671497829893,0.4077455
B2A,467873c9df.jpg,0.8155992504880055,0.3781609
B2A,468048412c.jpg,0.8107498277159868,0.3675365
B2A,4682dbbee5.jpg,0.8864168505827764,0.44265518
B2A,4690fd5a96.jpg,0.8551826880881886,0.27830717
B2A,4691625ad2.jpg,0.5606620467202386,0.49103168
B2A,46950ae4ea.jpg,0.8067037083774595,0.31107628
B2A,4695ac2040.jpg,0.7263433291517869,0.55343187
B2A,4698056301.jpg,0.8203813380631605,0.28471446
B2A,469836dad8.jpg,0.572770143047393,0.4906242
B2A,469d7ad9cc.jpg,0.6487769778167588,0.3101173
B2A,46c95eebbe.jpg,0.7398002265718059,0.40287903
B2A,46cadbe0a9.jpg,0.7171735283961505,0.43099523
B2A,46db1d7f60.jpg,0.7037740640469361,0.40993863
B2A,46e47f7efe.jpg,0.7404395318811562,0.39388877
B2A,46e71a4094.jpg,0.8117612077684262,0.3050713
B2A,46e84039a1.jpg,0.88049949174535,0.3643074
B2A,46f391abec.jpg,0.6791197434635269,0.4724329
B2A,46f5ef1042.jpg,0.682256756854568,0.5874839
B2A,4706619607.jpg,0.9052737193209718,0.30597857
B2A,4707b03a08.jpg,0.5610627459194609,0.44463578
B2A,47100a9939.jpg,0.6965144946001915,0.36486495
B2A,471f4755b9.jpg,0.7523162620959973,0.49496132
B2A,472b351bc4.jpg,0.8775346261455412,0.32877326
B2A,472d5ac100.jpg,0.7186959846061781,0.4659866
B2A,4758e5dd4c.jpg,0.6827499523155185,0.4286782
B2A,4762bb79ef.jpg,0.7514295099601627,0.37264544
B2A,4778b13518.jpg,0.811133204251743,0.43311793
B2A,4787b82d37.jpg,0.8292772714280687,0.34649187
B2A,478e07feaa.jpg,0.5483495175714321,0.50203264
B2A,478eb12a82.jpg,0.8349195176285099,0.35582638
B2A,479698b371.jpg,0.5321158737784518,0.48015797
B2A,4796d67f61.jpg,0.714715723582556,0.60493135
B2A,47aad493bd.jpg,0.7453532145825781,0.35067004
B2A,47ae0edd23.jpg,0.5995296556270044,0.53809816
B2A,47b94957ff.jpg,0.748390173296906,0.41556993
B2A,47bb43fe3e.jpg,0.6879498149531982,0.412158
B2A,47bb59d449.jpg,0.7955975542039235,0.35738868
B2A,47d391d94b.jpg,0.6357488212641431,0.5566608
B2A,47df262cc5.jpg,0.8990220530447562,0.3534854
B2A,47eea5bf33.jpg,0.5561871528470332,0.46806362
B2A,47f3b40cbc.jpg,0.7720122618666506,0.5742249
B2A,48122c9518.jpg,0.6466887324798677,0.37103862
B2A,481456b5a6.jpg,0.7467723250755876,0.3575617
B2A,481713d59d.jpg,0.6541656348078193,0.40932143
B2A,481bd32b6c.jpg,0.5373592069523366,0.56909084
B2A,482bf5a0d2.jpg,0.8057097670002724,0.35570383
B2A,482fd44fce.jpg,0.6902252506025656,0.32149518
B2A,4831466e23.jpg,0.7636747174521492,0.3707955
B2A,48502862cf.jpg,0.8694274163789462,0.43509316
B2A,485517e0c7.jpg,0.8206118229698881,0.44128627
B2A,48598ead29.jpg,0.8337857318315979,0.3655443
B2A,4862d17fa4.jpg,0.8869465691895803,0.40376014
B2A,486a62a430.jpg,0.8161899087164686,0.33153003
B2A,486cafaa7f.jpg,0.6043431595900647,0.39743924
B2A,48735c69aa.jpg,0.8975157034405992,0.3379557
B2A,48793755cd.jpg,0.7550081644677674,0.43263942
B2A,4879579e02.jpg,0.6433088986379502,0.6550859
B2A,488a6cef0c.jpg,0.8995459126966899,0.34282053
B2A,489c841af4.jpg,0.7373566586648981,0.5270098
B2A,48a85bc072.jpg,0.5637927320115936,0.51748884
B2A,48ac1011db.jpg,0.53071233227013,0.7044309
B2A,48b6156f89.jpg,0.6830776686244213,0.4417802
B2A,48c641285b.jpg,0.8171064906904608,0.39456117
B2A,48e1a89d96.jpg,0.7799635589470558,0.3695458
B2A,48eac3916f.jpg,0.7550421526926961,0.508503
B2A,48eb5fa7bd.jpg,0.643854639138638,0.35347572
B2A,48f120810d.jpg,0.8563650275422099,0.51411545
B2A,49095bdeb5.jpg,0.7218300177435559,0.5372527
B2A,491b2ba38c.jpg,0.8437074018215903,0.30431777
B2A,49205c171d.jpg,0.7585907335984118,0.34310585
B2A,4943c84af0.jpg,0.8286184305166465,0.38341752
B2A,494db50238.jpg,0.4730998109354221,0.6145879
B2A,4950bcf8c1.jpg,0.8527178631373704,0.33648932
B2A,496757508b.jpg,0.7943234034338853,0.3827358
B2A,499b445583.jpg,0.7916431008864481,0.38479048
B2A,499bc1a152.jpg,0.7458442477084233,0.4015785
B2A,499c1bd3b8.jpg,0.5667394566405443,0.55725986
B2A,49a9692a0e.jpg,0.7934793884599255,0.29892778
B2A,49b093a9f3.jpg,0.733240493173003,0.5909561
B2A,49b3383147.jpg,0.6874504132902173,0.41473854
B2A,49b8c4ea37.jpg,0.5814864875121925,0.38813883
B2A,49c2b1cdef.jpg,0.8791067813776954,0.2805627
B2A,49c538fce7.jpg,0.7129002876880871,0.48478
B2A,49d2c9fc14.jpg,0.6348802336855445,0.48837572
B2A,49dc3fd195.jpg,0.5931889939268824,0.5006742
B2A,49e4129024.jpg,0.6606640712710581,0.5911013
B2A,49ee914a63.jpg,0.7856200572545069,0.37021235
B2A,4a06596662.jpg,0.734778666456607,0.4640532
B2A,4a12f1780a.jpg,0.8392532112323968,0.38563472
B2A,4a16981927.jpg,0.8454718860116804,0.30607155
B2A,4a195405a0.jpg,0.5663601166017708,0.42256397
B2A,4a1bb1d46c.jpg,0.5935741355523781,0.43177378
B2A,4a20622bde.jpg,0.6360509355961423,0.41363204
B2A,4a29db3c6b.jpg,0.6622671913915962,0.5611379
B2A,4a2c4db283.jpg,0.7679407123552212,0.4139025
B2A,4a55695a4d.jpg,0.619816595020113,0.68860805
B2A,4a5ab8f970.jpg,0.7948266787504734,0.36252117
B2A,4a669c897c.jpg,0.5887757530372203,0.6050129
B2A,4a7cec06e7.jpg,0.751963451078082,0.4018266
B2A,4a8a49028d.jpg,0.5838030913438924,0.43886873
B2A,4a916ceb98.jpg,0.8255463581090856,0.3241399
B2A,4a9d34fa51.jpg,0.7680380806324937,0.4026917
B2A,4a9e982b39.jpg,0.8389764505004433,0.4784658
B2A,4aaf628a71.jpg,0.521871565921473,0.6791098
B2A,4ab9478ef9.jpg,0.613197862707774,0.54987013
B2A,4abaac9654.jpg,0.8592487211833109,0.3394909
B2A,4abd5654a3.jpg,0.7687675342463179,0.38494968
B2A,4abda75494.jpg,0.771528856037835,0.37357903
B2A,4ac7c7bf44.jpg,0.7397692862097314,0.46029946
B2A,4ac8581018.jpg,0.5511848381609475,0.39816302
B2A,4ad0ccff25.jpg,0.7285537487720743,0.4660234
B2A,4adc8b7be7.jpg,0.6243839063040019,0.4654793
B2A,4ae0414bb9.jpg,0.8353552186203512,0.30406198
B2A,4ae09366f5.jpg,0.7957358616644059,0.6135332
B2A,4ae0b6efb2.jpg,0.7966204931603157,0.37986633
B2A,4ae5e1fb1d.jpg,0.8147580627511324,0.38660657
B2A,4b0025406f.jpg,0.6588587362582797,0.4723776
B2A,4b09444fe2.jpg,0.8336710090005235,0.38546556
B2A,4b0c0d7145.jpg,0.824394692485904,0.2603879
B2A,4b0db938a7.jpg,0.7846737095871953,0.32502905
B2A,4b0f73833c.jpg,0.7122588920303079,0.38052332
B2A,4b14030c98.jpg,0.551464634922339,0.4639195
B2A,4b2555ba9c.jpg,0.5710354980684309,0.42998362
B2A,4b29d9c42c.jpg,0.7098990689510136,0.3108269
B2A,4b2d102def.jpg,0.7511384382598901,0.44943428
B2A,4b3835e8ba.jpg,0.7793158457262547,0.5722597
B2A,4b3ccac37c.jpg,0.7221633577466358,0.5416686
B2A,4b47e76275.jpg,0.7262820137533347,0.41456595
B2A,4b497dc591.jpg,0.7827088716466567,0.36218256
B2A,4b59dd4ebc.jpg,0.8143549387865912,0.3815819
B2A,4b5a46b50f.jpg,0.8267943198651241,0.3705589
B2A,4b5b64dc18.jpg,0.7773513648808078,0.39365846
B2A,4b689e9b37.jpg,0.7385287731143999,0.45859447
B2A,4b7878976b.jpg,0.7140317245854881,0.41391295
B2A,4b7902dfa6.jpg,0.7552747604140398,0.3705948
B2A,4b7fc92bdc.jpg,0.826502750209345,0.4241197
B2A,4b91cd8fce.jpg,0.7618818261298244,0.518576
B2A,4b9eb29c59.jpg,0.8670857871547158,0.49911255
B2A,4bab53c613.jpg,0.6641334031313181,0.44376385
B2A,4bad1549a1.jpg,0.5181874335341692,0.3408441
B2A,4bbe0cbb3c.jpg,0.6599068267233762,0.5179698
B2A,4bd43d88d4.jpg,0.8625370440719078,0.50776935
B2A,4bd8ec5dd3.jpg,0.6107919107115213,0.78643566
B2A,4bdb933264.jpg,0.6869976794776843,0.5285525
B2A,4bdbdcc1e5.jpg,0.7834210741312658,0.4752133
B2A,4bdd197102.jpg,0.6802062017720908,0.56444085
B2A,4be248f682.jpg,0.797199592628099,0.36975992
B2A,4bedb30dce.jpg,0.760953558401084,0.5048719
B2A,4bef7510cb.jpg,0.7746340168747248,0.5066787
B2A,4bf1292d69.jpg,0.8469116585041304,0.4270362
B2A,4bfa3043e7.jpg,0.8042848084288697,0.27651873
B2A,4bfc3fbd84.jpg,0.8309113208407952,0.28487724
B2A,4bfed75eb2.jpg,0.7622608249067685,0.5295174
B2A,4c07909a8d.jpg,0.8292149977540059,0.34335825
B2A,4c1165be97.jpg,0.7150852520275947,0.3666482
B2A,4c16835970.jpg,0.7954354944341343,0.52651805
B2A,4c1907f1a0.jpg,0.8038305712196546,0.39381155
B2A,4c1b160563.jpg,0.7530574155596033,0.3782056
B2A,4c2d3216aa.jpg,0.8030618798472235,0.36587957
B2A,4c30ff85a7.jpg,0.8341782739054525,0.3121283
B2A,4c4574cfa8.jpg,0.7814602269295313,0.4247377
B2A,4c507b65b0.jpg,0.575445295018991,0.5245751
B2A,4c6550cff5.jpg,0.7844102380242969,0.27979213
B2A,4c712561ab.jpg,0.8707022509335007,0.3779178
B2A,4c72792844.jpg,0.6378971123634776,0.42399055
B2A,4c75385f85.jpg,0.6902051939443734,0.47762284
B2A,4c7692cb0c.jpg,0.7532411458072387,0.50197345
B2A,4c7b54e38c.jpg,0.6254166106035106,0.5330256
B2A,4c8a000abb.jpg,0.7746316254225245,0.31907916
B2A,4c8bf22d16.jpg,0.8228101633588882,0.41909617
B2A,4c9669b6b8.jpg,0.6904122565371299,0.43500885
B2A,4ca019a3d6.jpg,0.6123913600450585,0.62076145
B2A,4ca57d26c0.jpg,0.5697237024903989,0.40199822
B2A,4ca6e5451a.jpg,0.6502841324826176,0.43799794
B2A,4cac88b518.jpg,0.6830187803105462,0.44165802
B2A,4cb25fbf3d.jpg,0.6273452832694629,0.49154648
B2A,4cb7c5e33d.jpg,0.7345546779100096,0.6083266
B2A,4cc42ebe97.jpg,0.7541465009316891,0.42741492
B2A,4ccc4a21e3.jpg,0.7983472823443473,0.31889918
B2A,4cd07a4561.jpg,0.8225309151759658,0.41040468
B2A,4cdd74b1c7.jpg,0.8546280735170314,0.43682313
B2A,4cf9aac018.jpg,0.7198658537663496,0.44318223
B2A,4cfdd2e627.jpg,0.7920264140981518,0.3930813
B2A,4d08cb65c3.jpg,0.7429052708300401,0.53646135
B2A,4d0a217b38.jpg,0.6461312058862038,0.44146764
B2A,4d0a274acb.jpg,0.7338624705730918,0.43154076
B2A,4d0eb41723.jpg,0.8650749052027852,0.3754778
B2A,4d1755ab04.jpg,0.7523500659722351,0.39958036
B2A,4d1c0b488e.jpg,0.6577749919048969,0.33744788
B2A,4d1c4d142e.jpg,0.688299123977383,0.39314714
B2A,4d1d5efd4f.jpg,0.726517240132192,0.4130148
B2A,4d3a7e5326.jpg,0.8341497703020072,0.62123674
B2A,4d42605a8b.jpg,0.6550521901156349,0.45174593
B2A,4d4b6bcac4.jpg,0.6165027594302106,0.3866058
B2A,4d4f0faddf.jpg,0.6636112406553226,0.4737864
B2A,4d4f388e91.jpg,0.8311775155403511,0.34556794
B2A,4d4f6174f1.jpg,0.691044082294741,0.45577043
B2A,4d62a64806.jpg,0.7246867389640039,0.32553628
B2A,4d7188ff9e.jpg,0.8907503045105348,0.3163793
B2A,4d7517df48.jpg,0.6632227323685371,0.5658348
B2A,4d77636dea.jpg,0.8873779500821335,0.27971005
B2A,4d7de87ec6.jpg,0.7890930833451142,0.2860375
B2A,4d7fefe879.jpg,0.7169659490824174,0.39726308
B2A,4d83b23265.jpg,0.6567398151244758,0.557756
B2A,4d90220636.jpg,0.7391743917049582,0.5268128
B2A,4d91831344.jpg,0.635047431559391,0.50912535
B2A,4dc37726d9.jpg,0.9001981157032258,0.3429931
B2A,4dc92c4b4a.jpg,0.8199884402702553,0.31831568
B2A,4dd30f189a.jpg,0.561255617954478,0.49960744
B2A,4df98eeceb.jpg,0.7232054513211313,0.44260004
B2A,4e093e9511.jpg,0.7918313324228593,0.4872516
B2A,4e0951fde1.jpg,0.7063748628593466,0.5968735
B2A,4e16ff77ac.jpg,0.7275578957526031,0.5226368
B2A,4e21145eb2.jpg,0.5336588297346627,0.4142816
B2A,4e2dba148d.jpg,0.6698121470321231,0.46124998
B2A,4e3006bd6b.jpg,0.6361353792649586,0.49977824
B2A,4e341f8891.jpg,0.6205031249146887,0.486257
B2A,4e43b597e2.jpg,0.8866701385610674,0.35633817
B2A,4e4f75c4cc.jpg,0.7878498908796135,0.36702344
B2A,4e53db7c72.jpg,0.7012963609475489,0.50444907
B2A,4e5451ed74.jpg,0.4804297016958715,0.54765344
B2A,4e5b4fb2ab.jpg,0.7827402870686647,0.2959707
B2A,4e6e7f30da.jpg,0.5982155587415354,0.4131373
B2A,4e868f2a58.jpg,0.7790494924631851,0.42288807
B2A,4e880786c4.jpg,0.650023837407833,0.4256732
B2A,4e8b01ac67.jpg,0.7260068014724641,0.35268646
B2A,4e8bd98343.jpg,0.809253506782348,0.4300386
B2A,4e956f2cfb.jpg,0.6923136595567106,0.3841022
B2A,4ea19d4d05.jpg,0.8315036440705191,0.55315006
B2A,4eaa045ce6.jpg,0.7884834346550105,0.2915632
B2A,4eb3c1b0a7.jpg,0.5890010036399965,0.4358353
B2A,4ebb3df6e1.jpg,0.7079519772556293,0.40197355
B2A,4ec313a8cd.jpg,0.6502480413670741,0.49480096
B2A,4edd4fe6fa.jpg,0.611464405348487,0.44125777
B2A,4ee02ffd2c.jpg,0.6629622124811431,0.444147
B2A,4ef10f3299.jpg,0.7648152052210682,0.40231934
B2A,4f1249d8dc.jpg,0.5806148242986436,0.4021943
B2A,4f16e0bc95.jpg,0.5604325181609527,0.4347964
B2A,4f1fc68a47.jpg,0.8376638397455735,0.41391575
B2A,4f297a711e.jpg,0.5737515798287615,0.53042376
B2A,4f36d845b0.jpg,0.7207573821823147,0.4685522
B2A,4f38f2b8f5.jpg,0.7478411625567428,0.40647376
B2A,4f397d38d7.jpg,0.6046956006890745,0.5085195
B2A,4f5245105c.jpg,0.5534336899727799,0.4578992
B2A,4f5d5e7da3.jpg,0.6823006999864092,0.42830902
B2A,4f5e363609.jpg,0.6384773514964802,0.4716265
B2A,4f6353e80e.jpg,0.5597344772876593,0.5323769
B2A,4f64339fea.jpg,0.8232254814689773,0.48102963
B2A,4f697daf2d.jpg,0.7237095958510225,0.33853403
B2A,4f79b373f4.jpg,0.836582986256064,0.34281814
B2A,4f83d232c2.jpg,0.7322979307279621,0.3974705
B2A,4f86f80479.jpg,0.6082262197477047,0.5653649
B2A,4f882d4400.jpg,0.6479268297541204,0.512534
B2A,4f99708506.jpg,0.7876144482373739,0.4846106
B2A,4f9aa92ca3.jpg,0.5998999049967391,0.47776216
B2A,4fb5c1ac0a.jpg,0.772319520887019,0.27710932
B2A,4fb6bcd5e8.jpg,0.5758804536369904,0.523199
B2A,4fc41e388a.jpg,0.5670852795402586,0.5782586
B2A,4fc90f8de5.jpg,0.7117161113727873,0.37230045
B2A,4fc9c537a7.jpg,0.5724334536457426,0.58144444
B2A,4fd1d8afbf.jpg,0.6355952940033,0.48008895
B2A,4fdaff583d.jpg,0.7416446293247343,0.36256155
B2A,4fe122209b.jpg,0.5455939357418952,0.45490095
B2A,4fe72a654e.jpg,0.8406605998777921,0.46521732
B2A,4ff4d77c99.jpg,0.754744500073306,0.342287
B2A,500d59cf86.jpg,0.48724284199168993,0.58678424
B2A,50115558cd.jpg,0.7761889592233628,0.5072457
B2A,501719248c.jpg,0.6387913544476074,0.39441347
B2A,5019a8ffcf.jpg,0.5995418294236062,0.61098623
B2A,5019d1eac7.jpg,0.7764982943825164,0.37114322
B2A,503c9badbb.jpg,0.8182810170474689,0.47671905
B2A,5048bb66c8.jpg,0.6146058915649363,0.43234727
B2A,504cec61a2.jpg,0.7678940640504607,0.31074554
B2A,504db35d13.jpg,0.5325396652535301,0.5653647
B2A,5050bd632b.jpg,0.7565062149913614,0.39515674
B2A,505850ed9f.jpg,0.4300834069462067,0.6134131
B2A,5065b423b0.jpg,0.7118746858599053,0.34159464
B2A,506fdcb3c1.jpg,0.8362394998298405,0.41925794
B2A,5074e8a51e.jpg,0.7798819543868367,0.3072949
B2A,50779f1ae6.jpg,0.7564484673005476,0.48405266
B2A,508f9ce48d.jpg,0.6399521688335227,0.47401345
B2A,50a42e1240.jpg,0.7824204963220058,0.36285305
B2A,50a5168133.jpg,0.8596127574119502,0.38330498
B2A,50b6593431.jpg,0.7242828849392293,0.4254525
B2A,50b8e79da2.jpg,0.780880410245875,0.28858095
B2A,50c3f4beec.jpg,0.8743994339499372,0.39872667
B2A,50d9c1aa47.jpg,0.714733545698434,0.44199124
B2A,50e2f57e76.jpg,0.5046963863333646,0.61721426
B2A,50e85855f5.jpg,0.7887201538767765,0.43191427
B2A,50e9fc6fdd.jpg,0.7129921670614849,0.5595582
B2A,50eb328bb2.jpg,0.8658337362258409,0.32065022
B2A,50f52bf9a4.jpg,0.8306209511981488,0.36806154
B2A,50f598c729.jpg,0.8144051315761236,0.36030498
B2A,50f7a05ee7.jpg,0.8834853584208857,0.35091063
B2A,51068cd053.jpg,0.831611830812583,0.42937338
B2A,5116db8d92.jpg,0.78035946494359,0.39960095
B2A,5117ec7f6b.jpg,0.7385621842485818,0.3397668
B2A,51279a61da.jpg,0.7518047174650342,0.40028608
B2A,5135f3ba21.jpg,0.8062581636911236,0.5339289
B2A,513cb0638a.jpg,0.7225896452995906,0.317631
B2A,5140b80748.jpg,0.60344007616535,0.312799
B2A,514db4068a.jpg,0.7714728613736381,0.31856507
B2A,5155be81bf.jpg,0.8138578905777131,0.48149803
B2A,51563bc8ab.jpg,0.8017895188335495,0.30542925
B2A,516670d194.jpg,0.7640743709299053,0.4247097
B2A,51736e3772.jpg,0.8058882413185696,0.3222227
B2A,517eba9d0a.jpg,0.8452227187772203,0.3307476
B2A,51867bc005.jpg,0.7237766536430172,0.39812088
B2A,5194f65634.jpg,0.862238478603545,0.36703327
B2A,519d3674c2.jpg,0.6976891870940978,0.32552746
B2A,519fc7c17a.jpg,0.8385130869538742,0.37402213
B2A,51aa9c9a20.jpg,0.7724437347418877,0.39241332
B2A,51dc50880b.jpg,0.895969469908794,0.32407475
B2A,51e7037c03.jpg,0.424213302745771,0.52798635
B2A,51ede123f3.jpg,0.7685322237134686,0.3960436
B2A,51ffb613ce.jpg,0.6475921794129985,0.49691743
B2A,52087dc0d6.jpg,0.683705006550531,0.4827914
B2A,522a6dcbec.jpg,0.8124026785402816,0.39891905
B2A,523cbdab7d.jpg,0.8227336055735059,0.40113103
B2A,524223dfd9.jpg,0.6922381688257349,0.5072276
B2A,524af04df1.jpg,0.7955728458268909,0.47009605
B2A,524d00561a.jpg,0.8172749655322855,0.31370983
B2A,524fdda784.jpg,0.7359595029325042,0.56240153
B2A,52592fe2c6.jpg,0.8657377778040726,0.39686236
B2A,525952c058.jpg,0.863678847279457,0.37419704
B2A,525f580c06.jpg,0.7373007508035794,0.42324877
B2A,5262b01633.jpg,0.746753721087402,0.5060904
B2A,526b153062.jpg,0.6966202835978192,0.50917596
B2A,526dc07146.jpg,0.8360460224818057,0.33439675
B2A,527dd222d6.jpg,0.6706455168455729,0.3592266
B2A,527ddb23d4.jpg,0.7321534315609446,0.3600472
B2A,528058909d.jpg,0.7039609085810076,0.32928824
B2A,5280e2e8de.jpg,0.70616922614589,0.43529814
B2A,5286eb8945.jpg,0.7134991909268866,0.3583285
B2A,529fa39eb2.jpg,0.702585255185959,0.42601967
B2A,52a2a7132e.jpg,0.7408069373278852,0.5535322
B2A,52ae3cd25d.jpg,0.8284592024349461,0.31224728
B2A,52b870f300.jpg,0.7475054535012213,0.53963315
B2A,52bb31919e.jpg,0.5178416541914991,0.5315752
B2A,52bd17daa7.jpg,0.741171314365226,0.39537215
B2A,52bee900da.jpg,0.7431292173119317,0.6411169
B2A,52cda09a5f.jpg,0.5783349014780164,0.432605
B2A,52d8dbe113.jpg,0.5167243207069068,0.46964487
B2A,52e91ba9cf.jpg,0.759098892202072,0.371529
B2A,52f30bd94c.jpg,0.7397069505432804,0.34719443
B2A,52f641c328.jpg,0.584163342542797,0.30356935
B2A,52f7801904.jpg,0.8306411275805653,0.51637083
B2A,5305c4063a.jpg,0.7626853725612285,0.30630797
B2A,5319435b3f.jpg,0.7002153418776691,0.41362816
B2A,53194986bc.jpg,0.569530607000382,0.5307132
B2A,53289e47ec.jpg,0.5711791185033561,0.43241665
B2A,532d743269.jpg,0.7881763360784042,0.34885538
B2A,532f9d0621.jpg,0.6452173611872241,0.36427847
B2A,5338413448.jpg,0.8095981030562897,0.37045068
B2A,5338bd03be.jpg,0.6491190095052645,0.5018678
B2A,533be4e6eb.jpg,0.7708631458058827,0.3203485
B2A,5342ec67da.jpg,0.8057542127584766,0.39780828
B2A,534703a792.jpg,0.830524799698246,0.3293432
B2A,53516d9b04.jpg,0.7849300212097681,0.37628454
B2A,53679e6985.jpg,0.5626712490204183,0.63256013
B2A,536c125b6f.jpg,0.6698337119194441,0.50844944
B2A,536c7edb2a.jpg,0.6461711351159809,0.5023575
B2A,537b155f3d.jpg,0.781363184580268,0.5489547
B2A,537f558973.jpg,0.8226390847579004,0.34147573
B2A,53866d4a68.jpg,0.8026031700753818,0.3821412
B2A,5389fb4007.jpg,0.6057915282358847,0.7148727
B2A,53902a4799.jpg,0.785957947088199,0.43656814
B2A,5395902bc7.jpg,0.5959471848414964,0.33426186
B2A,53988b72f6.jpg,0.7847857566920801,0.4017195
B2A,53989c56ff.jpg,0.7400941283552843,0.4905067
B2A,53998f50b2.jpg,0.6775585407608247,0.40414578
B2A,539e2ee021.jpg,0.736692131569891,0.4817701
B2A,53b01e2132.jpg,0.7379532078158332,0.40935397
B2A,53b27f0c81.jpg,0.7336804654719951,0.57419753
B2A,53b835550d.jpg,0.742757373844656,0.3831507
B2A,53bce35f0b.jpg,0.7322377051841695,0.4813734
B2A,53c245a6f3.jpg,0.8697214424696509,0.431119
B2A,53d0160b46.jpg,0.5746502027699094,0.4846413
B2A,53d62fccce.jpg,0.8317157300227959,0.37331155
B2A,53e5b6b1b3.jpg,0.6915368485955313,0.33021167
B2A,53e766ae2b.jpg,0.7955234435815328,0.31627214
B2A,53ea60da05.jpg,0.8914913110360716,0.33550656
B2A,540649ac8c.jpg,0.6623461547843275,0.46790937
B2A,5407972e58.jpg,0.821215084344786,0.39126372
B2A,5418378939.jpg,0.580856556375381,0.48894602
B2A,54199dc11f.jpg,0.7514185259370993,0.49827814
B2A,5420c594aa.jpg,0.6970072101223156,0.6313569
B2A,5429ab574f.jpg,0.8293919288643201,0.29151154
B2A,5432eef613.jpg,0.6545265105304257,0.48908722
B2A,5435fdfdc4.jpg,0.7439467829215256,0.368472
B2A,54381f3114.jpg,0.8843183021001083,0.30970296
B2A,543ea28da6.jpg,0.5575284970023164,0.5342631
B2A,5447d2bd8d.jpg,0.85175954542844,0.45215574
B2A,54510d8755.jpg,0.7726209108903438,0.46016577
B2A,5451321dd0.jpg,0.7125309635974382,0.477466
B2A,5452e17b68.jpg,0.6701895642584584,0.42228252
B2A,54538aea8b.jpg,0.6799343284722855,0.3815251
B2A,54557ef4cf.jpg,0.48464375922006103,0.46220216
B2A,54796e9027.jpg,0.8053954613355516,0.38689354
B2A,547ae945cb.jpg,0.7964000314489381,0.4148674
B2A,547c5615d1.jpg,0.609504501779245,0.43897402
B2A,5484662dfb.jpg,0.7550616203225594,0.44178712
B2A,54b556920a.jpg,0.5915822086211245,0.40811616
B2A,54b6416b3a.jpg,0.6721969661800901,0.48262137
B2A,54b6bbf683.jpg,0.699167486381396,0.3719372
B2A,54b8be5c1e.jpg,0.8291619691429446,0.3157885
B2A,54bf5ab7fd.jpg,0.7265072087404638,0.5188759
B2A,54d2feb575.jpg,0.7390153266764249,0.35770836
B2A,54e9e67501.jpg,0.761024497381481,0.343356
B2A,54f65afd1c.jpg,0.6542891165032996,0.6547934
B2A,55004786ef.jpg,0.7156728453293214,0.4692898
B2A,550956b456.jpg,0.8153265278923842,0.4914025
B2A,550b90e008.jpg,0.7707317838879495,0.30269825
B2A,55129db8f9.jpg,0.7847117866223992,0.31195015
B2A,5515a27184.jpg,0.8696498566383316,0.34423032
B2A,5519a2e240.jpg,0.6993252377696133,0.45141935
B2A,551afc0ef0.jpg,0.6986476453421364,0.42023358
B2A,55288a650b.jpg,0.7644842503162298,0.3304863
B2A,552aad92e5.jpg,0.8010682561787881,0.34428003
B2A,552b38a9bc.jpg,0.7870533877044021,0.39174157
B2A,55364f51f9.jpg,0.8677349454013447,0.36009854
B2A,5541538198.jpg,0.716795743105223,0.35681596
B2A,5565d2e475.jpg,0.6330196998461638,0.405447
B2A,5587066bdc.jpg,0.7588768226794945,0.41493762
B2A,558e78d813.jpg,0.9022145641294793,0.37859148
B2A,559359bcca.jpg,0.8000418224755405,0.36620554
B2A,55a74b7296.jpg,0.6580789022495547,0.30315095
B2A,55a8a07dde.jpg,0.8335576452536253,0.4236438
B2A,55a9c23538.jpg,0.7549717285099143,0.42647284
B2A,55ac4415ef.jpg,0.6367632759720013,0.3395058
B2A,55b015b4df.jpg,0.8025075810618606,0.32283688
B2A,55d0d2d4a1.jpg,0.6496463635245177,0.44177252
B2A,55e5a039c3.jpg,0.7734315174489443,0.44587976
B2A,5602c749d0.jpg,0.6333890821223761,0.3758508
B2A,5604c7533d.jpg,0.838502171274409,0.611382
B2A,5604ea3384.jpg,0.690997658924071,0.44793436
B2A,5608b7a226.jpg,0.774700968216797,0.30685785
B2A,5619b15af5.jpg,0.6317863633824308,0.47436562
B2A,561c1f7cde.jpg,0.7887794711960504,0.37250865
B2A,561d9722a4.jpg,0.6979193635711589,0.4910416
B2A,561e61d7f1.jpg,0.7689802539435602,0.40797603
B2A,561ec9ffaf.jpg,0.7941045559041375,0.37588906
B2A,5622447728.jpg,0.7134417300934419,0.30972016
B2A,56270960dc.jpg,0.9027982525549533,0.32878795
B2A,563012ee88.jpg,0.7639144227604723,0.46226165
B2A,56539880a8.jpg,0.7340603509235819,0.36141688
B2A,5654801d96.jpg,0.587173982272765,0.2968552
B2A,565702bc95.jpg,0.8832432200696041,0.4298487
B2A,5681f45127.jpg,0.6581704951962908,0.5602324
B2A,56849b394d.jpg,0.6633667878055347,0.5485444
B2A,56884e5824.jpg,0.6110858011012368,0.46158475
B2A,568885cc54.jpg,0.6171731015526796,0.6341611
B2A,56894c4948.jpg,0.6797695718417733,0.3322867
B2A,568d52aa05.jpg,0.6904478314051807,0.46867472
B2A,568d92c4a7.jpg,0.7857901021100259,0.3339622
B2A,5694abf7fa.jpg,0.6260378809499128,0.6317816
B2A,569ed795ec.jpg,0.6811559281379813,0.47978476
B2A,56ac108ce7.jpg,0.7252711955647448,0.39791065
B2A,56ac1f673a.jpg,0.8573707639140697,0.37056413
B2A,56ac3dda09.jpg,0.7299641674026909,0.38131857
B2A,56bfd45d42.jpg,0.6953548369973606,0.41033387
B2A,56c6444a6d.jpg,0.765123474396445,0.4459303
B2A,56c690f4ce.jpg,0.8130457897806004,0.38676623
B2A,56cb23c291.jpg,0.6940632464976891,0.4263767
B2A,56d2ce77d3.jpg,0.6803311755685206,0.37409878
B2A,56df48f901.jpg,0.6753163754795846,0.42558572
B2A,56e14fc1c7.jpg,0.6526842438079336,0.6174341
B2A,56e28bc581.jpg,0.6964636069447213,0.29508284
B2A,56e473c0df.jpg,0.6962450202481569,0.46093294
B2A,56e858f7c3.jpg,0.616242321702624,0.33430862
B2A,5707c424dd.jpg,0.7066852397276634,0.38502756
B2A,571325ea85.jpg,0.6681089418122872,0.49857438
B2A,571a8540a2.jpg,0.6320838648058011,0.42774215
B2A,571c0614e4.jpg,0.8084192310081662,0.31518307
B2A,571da2a2b6.jpg,0.752860903981849,0.5275434
B2A,572d08dd47.jpg,0.4662955853079687,0.6067811
B2A,5734dda15c.jpg,0.8012488138878415,0.35981086
B2A,573e2bc6ac.jpg,0.8408782977613521,0.4004542
B2A,573f3616e6.jpg,0.6740728915834312,0.38663548
B2A,57509041fb.jpg,0.8058807127471197,0.36701104
B2A,575796635b.jpg,0.70584804293222,0.46081755
B2A,5757d9bb28.jpg,0.6911265192391515,0.43718475
B2A,5764c388a6.jpg,0.7921991196959614,0.46662173
B2A,5777167029.jpg,0.7128100236905061,0.57248616
B2A,5784a2edfb.jpg,0.7943012016726004,0.41315335
B2A,57874888f9.jpg,0.7276581919940619,0.3701519
B2A,5794fc49e9.jpg,0.7344719383798126,0.53354836
B2A,57965b2143.jpg,0.5296910838917475,0.44246155
B2A,579cd00684.jpg,0.6659528990410236,0.67474115
B2A,579d0d4e7d.jpg,0.7321636308691686,0.43965432
B2A,57a2330579.jpg,0.8786115254279894,0.3070201
B2A,57ba66fb37.jpg,0.5900102794247382,0.5593209
B2A,57bd2abf4c.jpg,0.8074873705529635,0.5121277
B2A,57c47a8905.jpg,0.5990641825864661,0.61101174
B2A,57c528a4d5.jpg,0.7314396634893869,0.44304553
B2A,57c906c4cf.jpg,0.8472736946923871,0.31541246
B2A,57cf047094.jpg,0.7524380814913368,0.3851099
B2A,57d109e9cf.jpg,0.850310412879791,0.43552303
B2A,57dccccee3.jpg,0.8361709857108176,0.29411626
B2A,57e0bbe931.jpg,0.7914663357898452,0.46922505
B2A,57e301422d.jpg,0.7645319238879057,0.34307614
B2A,58111663f1.jpg,0.7477430741425692,0.34715325
B2A,581d539ad6.jpg,0.5625431740459721,0.49871048
B2A,5833188a28.jpg,0.8148751717223598,0.36332798
B2A,5834c44d37.jpg,0.7976835921688935,0.5181831
B2A,5847f64d5d.jpg,0.7391506472566349,0.35700944
B2A,5852bbcf34.jpg,0.6180636561925367,0.47853363
B2A,585a5eb514.jpg,0.736149879590071,0.40756553
B2A,585aa1f933.jpg,0.8395454989582894,0.31175372
B2A,585efde177.jpg,0.6568911986139472,0.5765837
B2A,585f9cb26d.jpg,0.8452613097037988,0.36050016
B2A,586d359437.jpg,0.7476902040210313,0.54920554
B2A,5879d04028.jpg,0.72617363803228,0.40674523
B2A,587a865f86.jpg,0.8046549472318977,0.44249487
B2A,587cc7c2fe.jpg,0.741643027261421,0.46289772
B2A,5894a8daaa.jpg,0.7994704616320987,0.3596393
B2A,589b4cbb6e.jpg,0.6888309458852163,0.3934488
B2A,589fdf111c.jpg,0.7801970261696118,0.45303258
B2A,58a038ba43.jpg,0.5623403727152473,0.54183435
B2A,58a4b16894.jpg,0.7015149644495176,0.589841
B2A,58a776400d.jpg,0.8180958558805452,0.29562595
B2A,58a9467f2f.jpg,0.6771534368463163,0.34975433
B2A,58ae62fe43.jpg,0.6217493641400581,0.61101353
B2A,58bd31f329.jpg,0.5168033615695972,0.7082382
B2A,58c1e36fda.jpg,0.8402567410912011,0.5325001
B2A,58cb8ad323.jpg,0.6307166657068637,0.4798861
B2A,58d3d98397.jpg,0.7650650854298555,0.42402378
B2A,58e34a0489.jpg,0.7759596753959057,0.4672479
B2A,5901773791.jpg,0.8604605864424633,0.28037047
B2A,590530447f.jpg,0.7819410950318505,0.3769028
B2A,5913ac7eed.jpg,0.7287462732862573,0.46453938
B2A,591d527b4e.jpg,0.8390625549488314,0.47079223
B2A,591df1353a.jpg,0.6822866273254599,0.50537115
B2A,59245494b6.jpg,0.8138930190996014,0.29805446
B2A,592bf31bd5.jpg,0.7229036956064846,0.47024938
B2A,592dd67bf2.jpg,0.667155247937126,0.39633757
B2A,59344b7884.jpg,0.8314786284611398,0.31175318
B2A,593d5650ea.jpg,0.781721682429052,0.33915693
B2A,593fa1789b.jpg,0.6088572718887573,0.55312777
B2A,594257c315.jpg,0.7414372594139788,0.5428664
B2A,5948efa988.jpg,0.5932000433534385,0.54365003
B2A,5966f03832.jpg,0.8177778672948383,0.38117978
B2A,5979ddaf40.jpg,0.5891338306704778,0.37863585
B2A,597dc8102b.jpg,0.8533530853271909,0.35081065
B2A,599d5b2041.jpg,0.7461056627994326,0.54971933
B2A,59a4aa8ae0.jpg,0.5711347234988525,0.48912013
B2A,59a5b56086.jpg,0.6552539171724743,0.46213788
B2A,59bf7066cc.jpg,0.6635837707853203,0.45481694
B2A,59c0b11f7a.jpg,0.8688403056473225,0.34816056
B2A,59c73a71e2.jpg,0.7164618117306926,0.5423871
B2A,59d87604af.jpg,0.7180072260560557,0.34401557
B2A,59f40fedcd.jpg,0.6318359817941213,0.38894624
B2A,5a086eb4d4.jpg,0.6469574798211737,0.28869617
B2A,5a0e4d57e3.jpg,0.699832746485071,0.44233972
B2A,5a114c6f90.jpg,0.6738162242830368,0.41349864
B2A,5a1f5ac407.jpg,0.8453115602091887,0.42020026
B2A,5a234f081a.jpg,0.8313598480214465,0.41781837
B2A,5a294c5685.jpg,0.641750006847552,0.40395436
B2A,5a29db5e43.jpg,0.810862387123283,0.3553478
B2A,5a30d613e5.jpg,0.6320892312199503,0.44164717
B2A,5a384bf8d9.jpg,0.7516826691340143,0.41962066
B2A,5a3c04abea.jpg,0.7263036899544526,0.42421323
B2A,5a5b14d79d.jpg,0.8519758107115794,0.3744408
B2A,5a648082a7.jpg,0.7756596978832988,0.32091588
B2A,5a722db12a.jpg,0.8001674451213642,0.47398236
B2A,5a7cd923cb.jpg,0.8227088245957286,0.33914894
B2A,5a7fe873f4.jpg,0.7989862015698381,0.54135907
B2A,5a885d5128.jpg,0.7381095321002321,0.4960129
B2A,5a90fcd546.jpg,0.7376135383658878,0.41114312
B2A,5a921a3ab6.jpg,0.7719643817804331,0.4173903
B2A,5a977985f9.jpg,0.7946907986314962,0.37982166
B2A,5a9f9c1a61.jpg,0.6132872100018095,0.49807906
B2A,5aac6a791e.jpg,0.7189560951032732,0.36350936
B2A,5abbc037e1.jpg,0.7942962296820248,0.34210092
B2A,5ac7e3d633.jpg,0.7122334719910789,0.34741592
B2A,5ad9efc598.jpg,0.7848167506625,0.37709197
B2A,5adb2c3de9.jpg,0.808369574882798,0.39235204
B2A,5ae669f97f.jpg,0.7827512793504978,0.37683374
B2A,5ae67d7741.jpg,0.7967677080101989,0.34788433
B2A,5b1ac7d453.jpg,0.7609723364687232,0.2516793
B2A,5b1c17961a.jpg,0.7355216768077568,0.37582526
B2A,5b1ca92c81.jpg,0.7999761860673212,0.32669556
B2A,5b1ce21999.jpg,0.8436320098157629,0.39184412
B2A,5b25e416af.jpg,0.8010377614373266,0.45766842
B2A,5b28e861e1.jpg,0.6927025135237481,0.50288045
B2A,5b2c1cbcc1.jpg,0.5251758629544656,0.5291282
B2A,5b36970405.jpg,0.8322044670604056,0.42100745
B2A,5b39ba9b27.jpg,0.7364578945496163,0.38480735
B2A,5b3c9ac58f.jpg,0.6942594858589487,0.46898994
B2A,5b430536ec.jpg,0.862761032108516,0.40212512
B2A,5b45458ccf.jpg,0.7890484585339951,0.445775
B2A,5b47729366.jpg,0.8659704311648797,0.42779487
B2A,5b54acd95e.jpg,0.7279146491003463,0.39242515
B2A,5b5eae4414.jpg,0.7283189691422601,0.47286302
B2A,5b644de405.jpg,0.6701237387817758,0.4370542
B2A,5b67d44eea.jpg,0.6999954894247382,0.32579425
B2A,5b8f94e9ed.jpg,0.705170364143965,0.32878652
B2A,5b960d2105.jpg,0.8303919084786621,0.28074795
B2A,5ba1f82d11.jpg,0.7830851429544998,0.40688744
B2A,5baec51613.jpg,0.7225474814426772,0.31243116
B2A,5bb0b7b0fd.jpg,0.8595208016011655,0.37711775
B2A,5bb7d3f1e2.jpg,0.7840535143989027,0.33750546
B2A,5bce397cd6.jpg,0.806350116625933,0.27894896
B2A,5bdd158279.jpg,0.8255901104416397,0.36140126
B2A,5bddd2139f.jpg,0.7678394597818119,0.5877068
B2A,5bfc51adc2.jpg,0.6644643295565706,0.5495538
B2A,5c0287b212.jpg,0.7940492346470505,0.34424138
B2A,5c03d3796d.jpg,0.5988894305577935,0.5443311
B2A,5c04deef4e.jpg,0.6568344904884754,0.41066846
B2A,5c068c34b2.jpg,0.698683234084465,0.32125401
B2A,5c096f6c6b.jpg,0.7475795207371226,0.48799607
B2A,5c097be130.jpg,0.8142501356909277,0.3807261
B2A,5c2de90d27.jpg,0.7427290934226276,0.41430956
B2A,5c3849313d.jpg,0.8067091144968228,0.27088454
B2A,5c399c47f2.jpg,0.7831540605395547,0.4317537
B2A,5c3afc56ce.jpg,0.8212384164976599,0.35135913
B2A,5c3d598219.jpg,0.7825016829684288,0.4467105
B2A,5c50599656.jpg,0.7384310622124943,0.4972319
B2A,5c556d2c26.jpg,0.6821535046528281,0.62902313
B2A,5c55bd3c02.jpg,0.8576899942066922,0.3797009
B2A,5c574cd9b7.jpg,0.8010794828835636,0.3678845
B2A,5c6144e5be.jpg,0.6849787756813005,0.38656825
B2A,5c6c72ff95.jpg,0.8478168300268402,0.44769233
B2A,5c8a36d364.jpg,0.6950552350883882,0.50800925
B2A,5c9487be68.jpg,0.6325770962537488,0.46745145
B2A,5c9979287f.jpg,0.7553344154073034,0.34377855
B2A,5c9b9f20eb.jpg,0.8000762146439946,0.36978057
B2A,5ca98fc2af.jpg,0.7833738167787797,0.37683675
B2A,5cb9dcf772.jpg,0.7097933902551373,0.36539695
B2A,5cc20cb7e7.jpg,0.7522613252518728,0.33982933
B2A,5ce9aaf1e0.jpg,0.7996458838530744,0.39749926
B2A,5cf2ea15af.jpg,0.5335339833415631,0.69620717
B2A,5cff9ca17c.jpg,0.8411462420806013,0.4759562
B2A,5d03870821.jpg,0.6719573724918855,0.44714427
B2A,5d10d088ee.jpg,0.6846518345897676,0.483631
B2A,5d1671f99b.jpg,0.6887041268109154,0.36509714
B2A,5d1d521c3f.jpg,0.6239563309878416,0.3694609
B2A,5d23c3c935.jpg,0.8268491386310037,0.44116735
B2A,5d3ce96256.jpg,0.8396573039456573,0.4242352
B2A,5d4377db4a.jpg,0.66273033720344,0.38210666
B2A,5d53f82763.jpg,0.7984647268180997,0.36100444
B2A,5d5d5c6cec.jpg,0.6520659499127134,0.35345685
B2A,5d77349c0e.jpg,0.713512703244499,0.36382982
B2A,5d7b441aa9.jpg,0.656261345241119,0.5132049
B2A,5d875c63ab.jpg,0.9033186888018472,0.3309912
B2A,5d87fdb2c6.jpg,0.8630462942868474,0.4726872
B2A,5d8939501e.jpg,0.7854105838606192,0.31286708
B2A,5d90dbd1ca.jpg,0.6084664373871375,0.53958493
B2A,5da725f8d7.jpg,0.8046823343160585,0.39924908
B2A,5da88da947.jpg,0.7477908842390806,0.5695849
B2A,5dcdf86cfb.jpg,0.7909003799440707,0.320812
B2A,5dcfd3a36f.jpg,0.5141210852992796,0.5058154
B2A,5ddb1eae61.jpg,0.7646517678984772,0.4165709
B2A,5de7aa1645.jpg,0.5605458129883316,0.4655385
B2A,5ded03d0f9.jpg,0.6843252808172143,0.38947257
B2A,5e0062d8c4.jpg,0.533902461006083,0.47194844
B2A,5e0082e751.jpg,0.760257237655002,0.42741525
B2A,5e05579bfb.jpg,0.8576039359963562,0.46513447
B2A,5e0b43957f.jpg,0.7853226469106318,0.52139294
B2A,5e187eb93f.jpg,0.6561691731655822,0.40314215
B2A,5e23eef10f.jpg,0.6248399675198145,0.42262164
B2A,5e49c27b03.jpg,0.7503906700602654,0.53188175
B2A,5e4de25a9c.jpg,0.6959629499515905,0.3144234
B2A,5e5c74bded.jpg,0.7072139071596653,0.39198792
B2A,5e62cdccf1.jpg,0.8104897584511348,0.32137644
B2A,5e64b64de8.jpg,0.7344278594481307,0.40367502
B2A,5e80458f0d.jpg,0.6775645548754722,0.4300207
B2A,5e8a5f5d3b.jpg,0.8171895062522049,0.35370788
B2A,5e8afd118f.jpg,0.6906221606948946,0.3977829
B2A,5e9b6ee1a4.jpg,0.7503014747240674,0.4470027
B2A,5e9d609ee7.jpg,0.704544146565504,0.47366732
B2A,5e9f0eec0c.jpg,0.7794562375819982,0.42990378
B2A,5ea13d56aa.jpg,0.796839152563614,0.31757522
B2A,5eaccc99bf.jpg,0.8439709527899503,0.31517738
B2A,5eb792b2be.jpg,0.8089783907161453,0.32677308
B2A,5ed2785909.jpg,0.7999076951984495,0.38669437
B2A,5ed86a6d0b.jpg,0.8768220808167908,0.36839265
B2A,5edefd0d0f.jpg,0.7098624232775848,0.39304054
B2A,5ee0ea499b.jpg,0.8006704865066405,0.31596988
B2A,5ee88f0c5f.jpg,0.8168882693742163,0.36923864
B2A,5ee96ba98d.jpg,0.8286430287321015,0.4631
B2A,5ef70f37ea.jpg,0.7564312724732764,0.4197269
B2A,5f02c26178.jpg,0.6542715731989924,0.39679325
B2A,5f0d21c2b1.jpg,0.6381341866832381,0.41955292
B2A,5f14f7641d.jpg,0.692403754887699,0.46459645
B2A,5f24335241.jpg,0.6283968714340035,0.6495517
B2A,5f25cbc263.jpg,0.8390706103828143,0.38344884
B2A,5f2b8fa71a.jpg,0.5130174963930364,0.57014096
B2A,5f34ec2686.jpg,0.7312430597195039,0.39636737
B2A,5f4018d615.jpg,0.8363691273478778,0.24900469
B2A,5f4612d92b.jpg,0.81299997754072,0.27343714
B2A,5f477576c5.jpg,0.7204421648929693,0.5782379
B2A,5f477a5c46.jpg,0.6025281127264829,0.72935325
B2A,5f674f802b.jpg,0.7732114877384484,0.4264619
B2A,5f6acdd885.jpg,0.676324476560344,0.4810592
B2A,5f7a943ad3.jpg,0.5651487733929711,0.3449524
B2A,5f824e47e4.jpg,0.8732542163501533,0.32139462
B2A,5fb5327415.jpg,0.5889161961425257,0.30670083
B2A,5fcf902716.jpg,0.8395793511718798,0.39901954
B2A,5fd438d742.jpg,0.631276707426667,0.40210605
B2A,5ff7a6bd52.jpg,0.7018843770841987,0.3749272
B2A,5fffc71069.jpg,0.7371432198787428,0.38830644
B2A,600adb121f.jpg,0.7613155664854157,0.5505031
B2A,60149bcbbf.jpg,0.705810096778611,0.58883345
B2A,60268cfb2f.jpg,0.6619630764561957,0.5325063
B2A,604547096b.jpg,0.8305992534991236,0.28958535
B2A,6045dd5804.jpg,0.6665602531310438,0.41948563
B2A,604c154a10.jpg,0.7671040828460625,0.3206457
B2A,604d51ecdb.jpg,0.709301827785434,0.49761266
B2A,604eee6de2.jpg,0.7166086135472731,0.48082507
B2A,6058fe8ba4.jpg,0.690649378936946,0.4214583
B2A,605c399821.jpg,0.7208081794456386,0.36289123
B2A,606bc88bf5.jpg,0.7152609943884548,0.46119776
B2A,606ea8c853.jpg,0.7213160260998658,0.37711787
B2A,606edf9e69.jpg,0.8150907063040231,0.29630196
B2A,607508ca60.jpg,0.6056890704363059,0.42384052
B2A,6090cac2ca.jpg,0.7689527090750627,0.40719408
B2A,609699b9f5.jpg,0.8070634050002544,0.35574484
B2A,6099732dd8.jpg,0.7714812430920629,0.4024863
B2A,60a6fdd5c0.jpg,0.8438658538422211,0.38838175
B2A,60ac278e96.jpg,0.693659119251297,0.43591088
B2A,60adaaa8fa.jpg,0.8109133634207856,0.4226818
B2A,60ee84f0e3.jpg,0.7199031141560999,0.35223395
B2A,60f455c446.jpg,0.8635025596068029,0.37690097
B2A,60f7b3ce84.jpg,0.8279716444315639,0.39885804
B2A,60fa0dced3.jpg,0.7898284518032954,0.40406263
B2A,610b2e40b1.jpg,0.6920036493757092,0.28273347
B2A,610ff29105.jpg,0.833204617188691,0.2910884
B2A,6113839c53.jpg,0.858153319019806,0.26798397
B2A,611ce907ee.jpg,0.6928692857914145,0.4902436
B2A,6127261426.jpg,0.6607382127545103,0.45630157
B2A,612de09c0e.jpg,0.7522952754280515,0.52951485
B2A,612eb28781.jpg,0.7565718548380014,0.481241
B2A,613592c5ba.jpg,0.8244387441696022,0.37977654
B2A,614aebf996.jpg,0.7819972850460479,0.32593784
B2A,614dcbd1b6.jpg,0.5549750714175709,0.5712091
B2A,614e5368b3.jpg,0.8013796831482037,0.31864142
B2A,6157aa63b5.jpg,0.70931055687873,0.3519209
B2A,615f1a41e2.jpg,0.8375311469581432,0.43525958
B2A,6163883314.jpg,0.7098543280873949,0.2950554
B2A,6165bb7d20.jpg,0.683940465660947,0.5175209
B2A,618573a4c0.jpg,0.687747206411971,0.3298505
B2A,618c3a93a6.jpg,0.6194631389646708,0.43946376
B2A,619868817c.jpg,0.7653092168239842,0.44216198
B2A,61c0bf55f3.jpg,0.875047589042266,0.28262386
B2A,61ca26c3f0.jpg,0.6586099507454033,0.68094426
B2A,61d1dacb0a.jpg,0.7301399475046514,0.46171913
B2A,61e0412438.jpg,0.8083346942660192,0.37859312
B2A,61efe98c2b.jpg,0.7764660709784125,0.54425675
B2A,61f0619994.jpg,0.6283283380729014,0.47552124
B2A,61f337301f.jpg,0.6011877987646399,0.48097208
B2A,61f79ea5e3.jpg,0.7223936456583901,0.29505724
B2A,61febf655e.jpg,0.719619857684542,0.43338233
B2A,6203a47be6.jpg,0.6934543714223201,0.5739981
B2A,6203de934f.jpg,0.7848997948520772,0.3245632
B2A,6203e44a0b.jpg,0.7727019796415714,0.49674222
B2A,6216948548.jpg,0.6988818737291208,0.33704773
B2A,623226574f.jpg,0.8563511499822296,0.33619156
B2A,6233033047.jpg,0.7240187003176585,0.35350496
B2A,6233a14e7a.jpg,0.679648243913003,0.61560637
B2A,62428234ef.jpg,0.7772705475532204,0.34276927
B2A,62556af40e.jpg,0.817871699747367,0.44845712
B2A,6256e7fb82.jpg,0.8154722585819036,0.31637847
B2A,62601c808e.jpg,0.9176341457785624,0.28261197
B2A,626caaa1ce.jpg,0.8318086867016719,0.39334106
B2A,627532c78c.jpg,0.6785156205523367,0.43940875
B2A,6276c2f781.jpg,0.8464028408523895,0.4248516
B2A,6280ca0cf1.jpg,0.6602771775032988,0.3949656
B2A,6297c1fc75.jpg,0.7830577930109659,0.33000314
B2A,62a4327b05.jpg,0.7069737862778763,0.6560956
B2A,62a86886a4.jpg,0.8133158551536597,0.31673422
B2A,62ada6e480.jpg,0.8326401832001243,0.38794923
B2A,62ae12c529.jpg,0.6815415904752962,0.44110394
B2A,62b043985f.jpg,0.7491984402763222,0.28232023
B2A,62b1939e2e.jpg,0.7768525965317038,0.4893955
B2A,62b6c6c11d.jpg,0.649965931066072,0.455702
B2A,62bb8501e8.jpg,0.6061678498207163,0.47745007
B2A,62bff6d96f.jpg,0.8093047076530289,0.33039808
B2A,62c54774f6.jpg,0.7395409546965761,0.5158067
B2A,62c5a2a3c0.jpg,0.7610950949080028,0.38377598
B2A,62c8619eeb.jpg,0.5525863532018925,0.5168105
B2A,62e2c15e98.jpg,0.555651328511023,0.57400066
B2A,62e79f1dd2.jpg,0.8015283806286733,0.44462705
B2A,630d324a16.jpg,0.8397951193284066,0.39690882
B2A,631cc9e7d1.jpg,0.6679444378401004,0.44263917
B2A,631f90f7a9.jpg,0.840987327908908,0.29788905
B2A,632020c3e8.jpg,0.8101185354823062,0.4322125
B2A,632858e7c4.jpg,0.7154822097389715,0.43363866
B2A,633128bbae.jpg,0.5568921552822227,0.67719054
B2A,6334aea3e0.jpg,0.7761423006061156,0.51039666
B2A,63372e9038.jpg,0.5864090391986367,0.34169644
B2A,633edb47c9.jpg,0.7057201481503468,0.41274858
B2A,634246cbc0.jpg,0.8984518766031572,0.59605557
B2A,634e2ff9c5.jpg,0.734548581002905,0.38849398
B2A,634f5cf142.jpg,0.7974950715963998,0.44959575
B2A,635907bad9.jpg,0.586559575695184,0.5583346
B2A,6360e41e69.jpg,0.6643973454455423,0.40418184
B2A,636280c73d.jpg,0.7270540671281114,0.2860644
B2A,636d76c49a.jpg,0.8570031126867217,0.3198313
B2A,6376737353.jpg,0.7310247829808253,0.43624416
B2A,6376c3ffa5.jpg,0.7385304492961015,0.51583487
B2A,6379773e3f.jpg,0.7098994082900701,0.4364578
B2A,637a28f9cf.jpg,0.8094306437231801,0.40061593
B2A,638093f853.jpg,0.8139128470427608,0.3444153
B2A,6383f39af4.jpg,0.7000149258643393,0.42657503
B2A,63959943dd.jpg,0.5318226535435046,0.553019
B2A,639ed4c744.jpg,0.745291899337036,0.35446608
B2A,63a0582761.jpg,0.8030688724969207,0.3466599
B2A,63b4aeae20.jpg,0.7729414679974709,0.4473834
B2A,63b6bc086c.jpg,0.7058941389884437,0.44012943
B2A,63bf7ae1cf.jpg,0.6712809546781949,0.33260334
B2A,63d194e1df.jpg,0.89409890432347,0.31546405
B2A,63e007e789.jpg,0.7452171571669752,0.38640535
B2A,63e73c1dc9.jpg,0.7930689234973347,0.39135644
B2A,63e885e644.jpg,0.6971560975065542,0.445549
B2A,63f6cea734.jpg,0.8327113547601562,0.45183897
B2A,63fef59198.jpg,0.5523084200525781,0.48630297
B2A,6401c2d6c0.jpg,0.8227542411936085,0.26877716
B2A,6417787af0.jpg,0.8033546112154657,0.54326046
B2A,6421360d4f.jpg,0.4506579963446132,0.5823469
B2A,64247b3eb5.jpg,0.8476932401204799,0.30006853
B2A,6431f96d10.jpg,0.7230124552263433,0.4784396
B2A,64356423f2.jpg,0.6447986597165015,0.4345869
B2A,6438b04e89.jpg,0.8801122556234346,0.3279799
B2A,643916e05b.jpg,0.784275254976769,0.5069148
B2A,64397cbb62.jpg,0.7208171455290849,0.38304704
B2A,6440dd45f8.jpg,0.7885898121805245,0.4737221
B2A,6444bc3ca4.jpg,0.5188802832633493,0.4401238
B2A,6447774e95.jpg,0.7429826564123388,0.54579496
B2A,6457f79ca3.jpg,0.6471801213114605,0.6358072
B2A,646da34032.jpg,0.798611709931836,0.41746575
B2A,64813f537a.jpg,0.7357108183306074,0.47158557
B2A,6493077860.jpg,0.803764213922673,0.29563525
B2A,649df99535.jpg,0.6381980153264367,0.6869074
B2A,64a519abd0.jpg,0.8173578594720938,0.43115643
B2A,64bd39e960.jpg,0.78396414977254,0.32599115
B2A,64c68d0aa3.jpg,0.8826270617102664,0.30071157
B2A,64c6b6a511.jpg,0.7121896650878112,0.31012
B2A,64cf019733.jpg,0.8478666560358246,0.3079416
B2A,64d0a7acf2.jpg,0.8028264563221974,0.54876935
B2A,64d362378f.jpg,0.72651971599372,0.40537596
B2A,64e21dfda0.jpg,0.7898480707975296,0.31306714
B2A,64ee7530ff.jpg,0.8228689743041664,0.33587027
B2A,64f06b5ceb.jpg,0.7106050325990427,0.43496925
B2A,64fcd56944.jpg,0.8195947982122297,0.2877923
B2A,6533b9656e.jpg,0.7158488785354123,0.52652735
B2A,65344ad883.jpg,0.5754529455055437,0.6666436
B2A,653774f59a.jpg,0.7647002873954521,0.5576831
B2A,654dce0bc5.jpg,0.6306708182576841,0.45944518
B2A,6558098202.jpg,0.6946826934591834,0.65339
B2A,6561bd46ba.jpg,0.5917452929527366,0.431882
B2A,657337796d.jpg,0.8386584635991828,0.44161466
B2A,657a1ebe3d.jpg,0.5877320481753906,0.40573454
B2A,657bf0b295.jpg,0.848857555245622,0.32685196
B2A,657d970481.jpg,0.8012918194582851,0.375035
B2A,65881ff201.jpg,0.8207587152128027,0.3240289
B2A,6589904ec0.jpg,0.7346146707817329,0.48648518
B2A,65a09899f8.jpg,0.7420064312724884,0.46786368
B2A,65a6d3e7e2.jpg,0.7606440562797905,0.39983281
B2A,65ba65db68.jpg,0.6928797285120084,0.39061958
B2A,65cf11fe0e.jpg,0.8149042332606453,0.50032383
B2A,65e0307c38.jpg,0.6733629609661175,0.4096138
B2A,65e1c3f768.jpg,0.6056036208380958,0.37168843
B2A,65eb33194f.jpg,0.792421932343939,0.3549413
B2A,65f48bdd36.jpg,0.6311778778426602,0.4661066
B2A,65ff1c4226.jpg,0.5648017031073319,0.5919828
B2A,660a638976.jpg,0.6902508555094203,0.43106845
B2A,661aadc417.jpg,0.8828203322684213,0.18112418
B2A,661d51efae.jpg,0.6832915987210738,0.41615474
B2A,662c5c4ff4.jpg,0.7793237448452474,0.35108447
B2A,6635a31ee1.jpg,0.8122283280696475,0.3982035
B2A,66361eea70.jpg,0.8026715597003033,0.40591115
B2A,6639b516d5.jpg,0.6118278690204719,0.39954543
B2A,663b9a1924.jpg,0.6057598984993586,0.3067859
B2A,66488583ab.jpg,0.7491541930062161,0.34177887
B2A,664b161ecc.jpg,0.6484697393458327,0.6266251
B2A,667c0fd61b.jpg,0.8489569689851881,0.4038727
B2A,6690a30a29.jpg,0.6172525177911764,0.5291388
B2A,66ad36a8d6.jpg,0.724457981248428,0.32615605
B2A,66af3aa4b1.jpg,0.6083197933023672,0.37689853
B2A,66b54569e6.jpg,0.7606845830068621,0.41471332
B2A,66cb408c30.jpg,0.7617078001700283,0.33876956
B2A,66db0fe6b4.jpg,0.7115900396151359,0.34817404
B2A,66dbf73abc.jpg,0.768750492861332,0.32500726
B2A,66e71841a4.jpg,0.8525161151300082,0.33888957
B2A,66f8456cb7.jpg,0.7030923076136819,0.3829281
B2A,6700b4b7bb.jpg,0.8443763267002561,0.3868826
B2A,670d9aa07f.jpg,0.7418475797477978,0.38892627
B2A,670dbb29d1.jpg,0.7409291306596363,0.35438597
B2A,6717eca3cc.jpg,0.7930887649184073,0.6170962
B2A,6728f4bba7.jpg,0.8156467795634135,0.3644197
B2A,6731de7cdc.jpg,0.703433126367073,0.40696973
B2A,6736ee186d.jpg,0.7750877178687343,0.54750323
B2A,674bf68b95.jpg,0.7560413831789194,0.48037905
B2A,674c25f70e.jpg,0.7552768509588565,0.36972874
B2A,6751643b4b.jpg,0.7548439972140143,0.49098995
B2A,675e6b6065.jpg,0.6870085258817501,0.39788648
B2A,675eb73e32.jpg,0.7754334599464215,0.4632954
B2A,676a38fcf2.jpg,0.6951140062369197,0.35344154
B2A,676d2377ea.jpg,0.7248063641758744,0.3528859
B2A,67811f844f.jpg,0.813932582790645,0.3889131
B2A,6798a2a50d.jpg,0.756286758878463,0.37544027
B2A,679f2b8c09.jpg,0.8226201840285636,0.30879202
B2A,67ad9f90eb.jpg,0.8461561638462164,0.34693408
B2A,67ae13d8fd.jpg,0.6579619721462054,0.5477905
B2A,67b03b9ae6.jpg,0.848807076076625,0.36587113
B2A,67b2023cdc.jpg,0.833463081369132,0.35142693
B2A,67b303bc1f.jpg,0.7284546030207203,0.43655646
B2A,67bf2caa0d.jpg,0.8051584664444862,0.3702916
B2A,67cb59fe1b.jpg,0.7580836820422582,0.4790983
B2A,67d30c5976.jpg,0.7006326280822424,0.4593379
B2A,67e82318a8.jpg,0.7753301323455903,0.41619414
B2A,67fa0b1fff.jpg,0.644682257827166,0.5312245
B2A,67ffae436a.jpg,0.5680344545377972,0.36484894
B2A,680e403ee6.jpg,0.6755912876725116,0.46432
B2A,68161f940a.jpg,0.7327642691141913,0.46101886
B2A,681747f03e.jpg,0.7070159295034817,0.28563848
B2A,681949c029.jpg,0.7389270448672045,0.44701904
B2A,681df42505.jpg,0.6336777565000207,0.41819903
B2A,682e0844c2.jpg,0.8818186085160451,0.43662286
B2A,6836334767.jpg,0.5293900212219997,0.50607806
B2A,683ff91f55.jpg,0.61954508832947,0.48806342
B2A,684690671a.jpg,0.8212264538042775,0.37948298
B2A,684be8790c.jpg,0.7130722951676259,0.47009853
B2A,685174f022.jpg,0.7160208514498325,0.41742408
B2A,6852f4cb2d.jpg,0.6609750675881075,0.47095883
B2A,685923a424.jpg,0.7636565378154019,0.32048202
B2A,68730b2016.jpg,0.7251522300299383,0.44798094
B2A,687cd30117.jpg,0.8190255729703915,0.33335948
B2A,6884abf5fe.jpg,0.8739739625321866,0.3460325
B2A,6887ee7059.jpg,0.7230677384026163,0.33073634
B2A,688fd65571.jpg,0.8292178441401411,0.30973372
B2A,689273b092.jpg,0.6526353305290606,0.41369203
B2A,68a0fd8800.jpg,0.8327007769505809,0.3130242
B2A,68b8b35955.jpg,0.7401904423185447,0.37233773
B2A,68d3757ce1.jpg,0.8709481725375514,0.3110668
B2A,68d785f0cb.jpg,0.6697587425207384,0.43203115
B2A,68e40889bf.jpg,0.8314063411697146,0.36309204
B2A,68e93f1dd4.jpg,0.6090783061036419,0.4655563
B2A,68f7232a89.jpg,0.6916547861967204,0.32996738
B2A,6915fdb4e2.jpg,0.6108840799729279,0.380798
B2A,692b29e496.jpg,0.8503099735914017,0.34877592
B2A,692d2be632.jpg,0.6548040281296741,0.5438908
B2A,6932043ee0.jpg,0.7126725869590799,0.5135833
B2A,693415a29b.jpg,0.7778376761281336,0.35588962
B2A,69552238b4.jpg,0.8468535011083625,0.3073665
B2A,695755652f.jpg,0.6087861065868478,0.34270182
B2A,6957a4b495.jpg,0.7505984171108819,0.35732362
B2A,6960ca7470.jpg,0.78481069377646,0.43906832
B2A,6960d1ca6a.jpg,0.7206878425570764,0.49907517
B2A,696803e17c.jpg,0.6238501796026308,0.44501048
B2A,696f56514d.jpg,0.6583376315840371,0.5027623
B2A,6970d5e39a.jpg,0.827380314422309,0.35073063
B2A,697a7cac68.jpg,0.5615367812381541,0.42725822
B2A,6987bc04a8.jpg,0.7887083418126768,0.37174502
B2A,69a48c1703.jpg,0.8508757965882858,0.24989139
B2A,69ae5108fc.jpg,0.6507285995491807,0.42532185
B2A,69b2d90a15.jpg,0.7529154351051988,0.50894207
B2A,69b411b727.jpg,0.6393579378805525,0.37847492
B2A,69b590e268.jpg,0.7701030524022348,0.52871853
B2A,69ba3dbcbe.jpg,0.9196173620910821,0.3892785
B2A,69bc2bf220.jpg,0.7648883337402143,0.45685932
B2A,69c3dba202.jpg,0.6780442646665175,0.41292667
B2A,69c50db73f.jpg,0.624351596463176,0.43401223
B2A,69c5eb1184.jpg,0.6380374377037513,0.418457
B2A,69ce40e8bd.jpg,0.7615679490640999,0.52242124
B2A,69cf4ee0c1.jpg,0.7083190764650679,0.5567553
B2A,69e5be6684.jpg,0.7188308912319945,0.4912978
B2A,69ea18eac3.jpg,0.5624974783166389,0.55999076
B2A,69ff61709e.jpg,0.7850350967719455,0.3855291
B2A,6a0a168174.jpg,0.670368102579984,0.5384092
B2A,6a0c1b662f.jpg,0.7160146414017778,0.41550022
B2A,6a19d6ed16.jpg,0.6536246139794282,0.34621578
B2A,6a1aea3e32.jpg,0.6640731377960989,0.39549088
B2A,6a24142aad.jpg,0.6903574617029522,0.52708715
B2A,6a3a6192c0.jpg,0.7320601655157624,0.3940772
B2A,6a4d3daafe.jpg,0.5785632227230391,0.5099232
B2A,6a4fe6590b.jpg,0.696232788006166,0.4718492
B2A,6a55ec45aa.jpg,0.8045238737833524,0.4007734
B2A,6a5b3e97df.jpg,0.7172220023005272,0.5288877
B2A,6a62792333.jpg,0.805518046594605,0.46416986
B2A,6a6fb64128.jpg,0.7266319577123235,0.6489416
B2A,6a75bc4fce.jpg,0.7706190791836011,0.33049896
B2A,6a95e80280.jpg,0.7516008716485338,0.39291108
B2A,6a9634ff0e.jpg,0.814193204637642,0.3473155
B2A,6aa027975d.jpg,0.7493008891268806,0.34358767
B2A,6ab55e39e3.jpg,0.8557887653117897,0.3608027
B2A,6ab607ca91.jpg,0.5692754004486177,0.3746494
B2A,6ac584cbb4.jpg,0.6500156476423385,0.46481815
B2A,6ac922afab.jpg,0.7486595508590611,0.3478671
B2A,6ae1292f67.jpg,0.6950716288778075,0.3456299
B2A,6afc612209.jpg,0.7509366645030097,0.5446305
B2A,6b04d109cf.jpg,0.6242071636199947,0.32468116
B2A,6b240d89b8.jpg,0.7066281278634196,0.414316
B2A,6b25e23139.jpg,0.7446068324502919,0.41077748
B2A,6b3e7692a0.jpg,0.6920727798518348,0.5180623
B2A,6b47c83dad.jpg,0.8267410878652053,0.3609902
B2A,6b53db36ed.jpg,0.8400952834730672,0.46302152
B2A,6b61c7852e.jpg,0.8135912867026425,0.3515216
B2A,6b66f3c48a.jpg,0.6442663818936232,0.46518785
B2A,6b6b85cd53.jpg,0.7220112396924964,0.5679898
B2A,6b6e1046b8.jpg,0.799983958847058,0.32578993
B2A,6b70c93481.jpg,0.8540447492047892,0.47689924
B2A,6b7172639a.jpg,0.782648179594462,0.34433547
B2A,6b87a7b5dc.jpg,0.8456639571778907,0.4505586
B2A,6b87dc38dc.jpg,0.5795656920125798,0.5878249
B2A,6b910e1321.jpg,0.49596570694772424,0.5470372
B2A,6ba72ca483.jpg,0.6603433152362606,0.49294728
B2A,6bb4d6273a.jpg,0.7811131830572365,0.39534473
B2A,6bc014d8ea.jpg,0.7594460449948524,0.3938899
B2A,6bc2744034.jpg,0.8660034634903649,0.3594063
B2A,6bc4af390a.jpg,0.8272432308102373,0.43189412
B2A,6bc7d64fb6.jpg,0.8334589864835534,0.34628686
B2A,6bc8104d76.jpg,0.5318287726265495,0.6682182
B2A,6bcd8876a4.jpg,0.7518163538732133,0.45410407
B2A,6bcea12f74.jpg,0.8276321842098961,0.4029413
B2A,6be0fc09a5.jpg,0.5408865944625569,0.36613792
B2A,6bf0976dae.jpg,0.6631655470811543,0.41221502
B2A,6c0f6804c5.jpg,0.7715714284695978,0.39467353
B2A,6c19b70453.jpg,0.845140957030563,0.34185925
B2A,6c1d743ded.jpg,0.655251030627457,0.2786656
B2A,6c1f308e02.jpg,0.7988153428210014,0.43616235
B2A,6c28209b0b.jpg,0.6766933643026798,0.47382998
B2A,6c37caaa86.jpg,0.6641288638190046,0.40928343
B2A,6c38e65dd9.jpg,0.7723734508231609,0.27778572
B2A,6c5fb319c2.jpg,0.4874832918218799,0.6341456
B2A,6c650608d2.jpg,0.5010279067194873,0.7080336
B2A,6c66f26b82.jpg,0.7906364333565871,0.34069586
B2A,6c77b100ea.jpg,0.6289657300442152,0.62823105
B2A,6c7b92564c.jpg,0.615937914340024,0.5609453
B2A,6c7bd28db6.jpg,0.8601248042407017,0.54096603
B2A,6c7e5b0199.jpg,0.7621023985449284,0.35511237
B2A,6c8aec68c1.jpg,0.7955128336607629,0.36545718
B2A,6c8c8234e4.jpg,0.6413416202059555,0.63433117
B2A,6c9c20101d.jpg,0.694187474125322,0.29365432
B2A,6cad5acca6.jpg,0.857869814063613,0.27944654
B2A,6cada09ad0.jpg,0.7890831100374579,0.38055116
B2A,6cb683712d.jpg,0.6366990680154084,0.6228794
B2A,6cb7a4d1c0.jpg,0.7084811460470174,0.46464258
B2A,6cc9ba090d.jpg,0.7458473413916539,0.42179844
B2A,6cdb4ae67d.jpg,0.7182950098333392,0.38284254
B2A,6cf14b58ac.jpg,0.6189591425885475,0.65341985
B2A,6d21dd8e8a.jpg,0.6951015806670846,0.42372623
B2A,6d2db478f1.jpg,0.8051017119707604,0.33537057
B2A,6d366256a0.jpg,0.751114973847264,0.42978248
B2A,6d43871d17.jpg,0.7202339045167561,0.33855733
B2A,6d4cd97a65.jpg,0.744208677427623,0.3754597
B2A,6d4ed509c4.jpg,0.7418964456725284,0.3318311
B2A,6d59401909.jpg,0.4092796064600071,0.6315853
B2A,6d6717a60d.jpg,0.7104529756320672,0.32482207
B2A,6d6bc1579a.jpg,0.8640502410601226,0.3795616
B2A,6d75effae7.jpg,0.5678254409461013,0.5204262
B2A,6d76ac5983.jpg,0.7436325114327467,0.37017265
B2A,6d76db2739.jpg,0.7518166074985948,0.2893049
B2A,6d8ac0ab87.jpg,0.7674790027718257,0.44932488
B2A,6d8ff7415d.jpg,0.6463909571397353,0.42479137
B2A,6da5f24eb5.jpg,0.7003837109986515,0.37779436
B2A,6da926571e.jpg,0.8473182487332768,0.25575083
B2A,6db9d90f11.jpg,0.7383739448681473,0.41174993
B2A,6dc8ab590e.jpg,0.6982135247223934,0.63531065
B2A,6dce9829bb.jpg,0.7484090549827407,0.46985203
B2A,6dcf799703.jpg,0.7911002371316243,0.37669736
B2A,6ddc86d0e4.jpg,0.7762204528582696,0.3775511
B2A,6dee6d02d8.jpg,0.6326280163645283,0.385961
B2A,6df48d411c.jpg,0.5201983382638183,0.47580475
B2A,6dfff386db.jpg,0.7957380409871997,0.38359198
B2A,6e09fe8d32.jpg,0.7491317599262937,0.5025107
B2A,6e13b2f9b4.jpg,0.787959103217073,0.34909877
B2A,6e17babca8.jpg,0.7233058548098933,0.4524305
B2A,6e2493f8d4.jpg,0.534065705412184,0.49505943
B2A,6e2c4451e5.jpg,0.6024647883325717,0.58626574
B2A,6e3c226e32.jpg,0.7991673637401934,0.45409304
B2A,6e3e179ef8.jpg,0.8855165108351407,0.37331787
B2A,6e57dbfe6f.jpg,0.6713035603882902,0.5697468
B2A,6e5cd72d3c.jpg,0.7902521841421045,0.3345994
B2A,6e656030a0.jpg,0.659149432565231,0.43777284
B2A,6e68264904.jpg,0.6465535658150273,0.5145976
B2A,6e72f8ad6c.jpg,0.7964997673755226,0.45186883
B2A,6e84325bee.jpg,0.6698297119506785,0.3586951
B2A,6e89ef391e.jpg,0.7339358681566961,0.33655676
B2A,6e8ec08b46.jpg,0.7923655866196854,0.35831028
B2A,6e924c87a3.jpg,0.719568714537651,0.36790437
B2A,6e9f6935ce.jpg,0.7143573876725147,0.45815593
B2A,6ea4aef23e.jpg,0.712761628877424,0.3845451
B2A,6ebd91c7e5.jpg,0.7621202149315099,0.4599531
B2A,6ebfe9870b.jpg,0.6240546031642608,0.38837025
B2A,6ec425bb69.jpg,0.7242974430570138,0.49184185
B2A,6ecc2d49cf.jpg,0.6198350203578284,0.41574135
B2A,6ed8cb6c73.jpg,0.817803065181327,0.23921123
B2A,6edee61a9e.jpg,0.6332726624039156,0.49731016
B2A,6ee301dfa6.jpg,0.7752996550922597,0.4514333
B2A,6ee4e3cfa0.jpg,0.6410742458332751,0.45091802
B2A,6ee582ddd3.jpg,0.8409300138338739,0.5188624
B2A,6ef0e038c4.jpg,0.7675184858995946,0.38869476
B2A,6efbef83a2.jpg,0.7370212920740528,0.41963
B2A,6f28a81391.jpg,0.7152250364396874,0.4457626
B2A,6f2bf952a9.jpg,0.729831506531649,0.38117206
B2A,6f40f67816.jpg,0.7871729195642977,0.35366762
B2A,6f48326e10.jpg,0.8488349365223405,0.5665163
B2A,6f48f32192.jpg,0.8722700498448798,0.4694777
B2A,6f5bf1e36c.jpg,0.7093068348173194,0.5431784
B2A,6f5ef8ad57.jpg,0.8855479102851637,0.38785416
B2A,6f68219972.jpg,0.6553734122671353,0.6766913
B2A,6f6d82abff.jpg,0.46941732952201504,0.4348455
B2A,6f7564d1a0.jpg,0.8078597650016053,0.49093083
B2A,6f77237bfc.jpg,0.46434383708362814,0.480152
B2A,6f8cb591c0.jpg,0.8422609166011049,0.5109111
B2A,6f8d0b8187.jpg,0.5206185926333602,0.61328155
B2A,6f8e3c9a8b.jpg,0.8214967743846253,0.4136114
B2A,6f923ef327.jpg,0.6098718513628096,0.37263012
B2A,6f947d7eac.jpg,0.6571229795023787,0.459225
B2A,6fadc7344f.jpg,0.8502457576824728,0.38317454
B2A,6fc20169b5.jpg,0.7089099360447727,0.5918324
B2A,6fc42ec979.jpg,0.8138157092228537,0.3444199
B2A,6fc6fa664f.jpg,0.8767838523386152,0.43740824
B2A,6fd27b0261.jpg,0.791272187204853,0.3806922
B2A,6fd58bb7ed.jpg,0.6750204093817622,0.4108897
B2A,6fd674c2bc.jpg,0.7400040566285192,0.54152966
B2A,6feaf858bb.jpg,0.48171097756945935,0.46933126
B2A,6ff650cc01.jpg,0.832008216369262,0.24099538
B2A,6ff926036b.jpg,0.6890414046116263,0.38405725
B2A,7007638c04.jpg,0.8758941299783444,0.29046082
B2A,7018cf5472.jpg,0.7996806563378431,0.2698933
B2A,7023e05153.jpg,0.4996406704019299,0.5847982
B2A,7041df8f8d.jpg,0.6493840320880939,0.4606334
B2A,7048682787.jpg,0.6907520884722538,0.47462183
B2A,7056c4d0c9.jpg,0.8174574803902895,0.46733594
B2A,7058938d2d.jpg,0.7119798897126183,0.44879654
B2A,70688893ff.jpg,0.7901683254801487,0.39776933
B2A,7095de0c05.jpg,0.605977519198892,0.5215269
B2A,709c87be1e.jpg,0.6713764144883094,0.4811749
B2A,70a6584991.jpg,0.8292357124236371,0.3326357
B2A,70adc33191.jpg,0.7981376256637053,0.35719767
B2A,70b1293521.jpg,0.35779672755406694,0.69056016
B2A,70bbdc328b.jpg,0.7832190364613986,0.5044592
B2A,70bfad4fb3.jpg,0.8323480965382187,0.38207346
B2A,70c35d97fa.jpg,0.6105506320267351,0.7467969
B2A,70c4ba13c5.jpg,0.7428917998388588,0.46556526
B2A,70c5926990.jpg,0.61731711365323,0.3815028
B2A,70d01a9f18.jpg,0.7244247595841574,0.433195
B2A,70d2dd3347.jpg,0.7109254580205588,0.4165708
B2A,70e1a9d5d0.jpg,0.7581311006583308,0.39250052
B2A,70f83908f4.jpg,0.6115351544473647,0.56390905
B2A,710afec54e.jpg,0.8305453549061454,0.4206273
B2A,710dddaa53.jpg,0.7808901551438674,0.32465282
B2A,710ff8d371.jpg,0.6754526852863671,0.39979827
B2A,711bdf7e70.jpg,0.8468849606133984,0.33737943
B2A,711e41a40a.jpg,0.7568809439713461,0.47102958
B2A,7124e69590.jpg,0.8273932561273752,0.3970396
B2A,7128cb2ee3.jpg,0.5823055029802617,0.56974226
B2A,7140fb929c.jpg,0.7268840786431682,0.38316542
B2A,714de5bcda.jpg,0.675692147383715,0.6519059
B2A,716437e0a0.jpg,0.5370965607369634,0.65771437
B2A,71697466d8.jpg,0.8566337934620698,0.38193387
B2A,716981b92d.jpg,0.858439075904699,0.4342335
B2A,717bc1fc72.jpg,0.6101320098375813,0.6033498
B2A,718b15a998.jpg,0.8981091693778148,0.28591853
B2A,71990c1992.jpg,0.8538576825153308,0.36024734
B2A,71a1688eec.jpg,0.770511176759573,0.4940452
B2A,71ab7757d1.jpg,0.7306774976192111,0.3048163
B2A,71b9dfc246.jpg,0.810433488802114,0.36248183
B2A,71c9f21e69.jpg,0.6396547025886253,0.5146909
B2A,71cd818b43.jpg,0.7069702030433419,0.3356879
B2A,71cde4e6b9.jpg,0.8003664803017595,0.41646814
B2A,71d0f6d808.jpg,0.7111067814616021,0.35557136
B2A,71d92823a7.jpg,0.7553471481814742,0.40623856
B2A,71e2160bc2.jpg,0.6924453091251251,0.38241017
B2A,71eb79bec9.jpg,0.7653217775291754,0.32137078
B2A,71f375fd61.jpg,0.8124318274976472,0.3629611
B2A,71f38526e3.jpg,0.7501535062902026,0.44174677
B2A,71f84e59d9.jpg,0.5747424630146506,0.39470118
B2A,71fbc6fd17.jpg,0.6760571071114163,0.48245507
B2A,71feaf01d5.jpg,0.6857168902157315,0.4585476
B2A,720358ea9a.jpg,0.7792947390209921,0.45590445
B2A,7207f4dfb5.jpg,0.7747795965145943,0.43543932
B2A,720b03538d.jpg,0.815638185717991,0.31165355
B2A,720b65616c.jpg,0.6275646538195451,0.463025
B2A,720b79fcc2.jpg,0.5843107209014797,0.59641254
B2A,721f26a1d5.jpg,0.6087798819447469,0.79534006
B2A,721fb86cc5.jpg,0.5848520998630032,0.58080935
B2A,7226160b9d.jpg,0.8638723247392311,0.34794033
B2A,722cb1e56d.jpg,0.8045858647457347,0.3525791
B2A,7232765c25.jpg,0.7704026314500019,0.36812282
B2A,723451df4f.jpg,0.7020692963487722,0.40116018
B2A,7234b91e34.jpg,0.6660831438987046,0.497722
B2A,7237fc1604.jpg,0.7996974138658755,0.3391533
B2A,723d373aa3.jpg,0.7159298000930119,0.42037806
B2A,7241d2c3d9.jpg,0.7691078243933474,0.34277928
B2A,7261ec35d2.jpg,0.7212130350236404,0.45991415
B2A,72669a9943.jpg,0.6933405319545918,0.40093154
B2A,72812baf6e.jpg,0.6033281602786061,0.45666397
B2A,7283cfab05.jpg,0.7108671606574926,0.5661109
B2A,728ea2432b.jpg,0.7667054106773202,0.4929415
B2A,7293694fa1.jpg,0.7043899789720707,0.40954626
B2A,72984fac2b.jpg,0.7078287713213571,0.36915576
B2A,72a4736675.jpg,0.6354545620881165,0.40574667
B2A,72a601d8f0.jpg,0.8023480111300595,0.3453235
B2A,72c7727920.jpg,0.7948528673608272,0.41490185
B2A,72d3a41349.jpg,0.8131490754738616,0.42298737
B2A,72d466fe84.jpg,0.5252787672971263,0.5160024
B2A,72e16d5fbd.jpg,0.723958446728542,0.42375612
B2A,72e448ba0d.jpg,0.6810333783385937,0.44584885
B2A,72f617be7d.jpg,0.8288567908094904,0.51362294
B2A,730f4d3c17.jpg,0.7611251274029429,0.4202947
B2A,7310d880f1.jpg,0.7357677251778878,0.45763415
B2A,731ebe59e9.jpg,0.6202909910338847,0.54284716
B2A,73222f682f.jpg,0.6808974604285161,0.5011051
B2A,73256f9bc4.jpg,0.9109528078290062,0.43911752
B2A,7325a1d7d0.jpg,0.6291334760589077,0.76760453
B2A,732a9c8c6b.jpg,0.7262450166215136,0.4729825
B2A,732becb4d6.jpg,0.6498799681806942,0.48224568
B2A,7333f63f5c.jpg,0.8059986460718276,0.3081877
B2A,7336afe63d.jpg,0.7524729045008208,0.394902
B2A,73433b9176.jpg,0.7477459312572249,0.43445015
B2A,7347d4c64e.jpg,0.7854056059694957,0.27830863
B2A,734c1c2cb7.jpg,0.7769984175575453,0.36689082
B2A,734f9967b1.jpg,0.81533424603365,0.33301258
B2A,7354bcca29.jpg,0.6518089447872568,0.518795
B2A,736aca548d.jpg,0.8021524785646723,0.45295227
B2A,73849ee3fd.jpg,0.741686480203829,0.35579884
B2A,7386076f73.jpg,0.8403036395570662,0.33533907
B2A,738cc4553d.jpg,0.9125390451087806,0.33186027
B2A,739659d0c4.jpg,0.7415017362393014,0.43211326
B2A,739b765f02.jpg,0.586523771375649,0.51702994
B2A,73a7bab2d5.jpg,0.8211862138961815,0.47233003
B2A,73ae5bd0e4.jpg,0.7594168304333145,0.28513062
B2A,73b60d1a3f.jpg,0.8444170214226443,0.41426864
B2A,73bc721c0c.jpg,0.5997348070839987,0.37003508
B2A,73bdd8ab24.jpg,0.7925789093467713,0.38763294
B2A,73c083aefc.jpg,0.7703912594825092,0.34587407
B2A,73d0951809.jpg,0.6335105431563796,0.53639
B2A,73d23b9664.jpg,0.763726126151023,0.3028435
B2A,73e426eb88.jpg,0.5899112982875083,0.57983685
B2A,73eb34dde6.jpg,0.8263797627391121,0.40200892
B2A,73eed9e6c8.jpg,0.754651422585175,0.34882364
B2A,73effc2726.jpg,0.7254236133142614,0.45251513
B2A,73f1c501ae.jpg,0.7398295058176713,0.43278652
B2A,73ffa6505c.jpg,0.6435067855912978,0.312254
B2A,740e5eeb86.jpg,0.7012890536327243,0.59062934
B2A,74342f9fbe.jpg,0.7675325210485726,0.40263957
B2A,743d265ef2.jpg,0.7157714880997456,0.42119208
B2A,7444113e88.jpg,0.7957240748396998,0.3505503
B2A,7448a942f2.jpg,0.6822222389087532,0.41423574
B2A,7450949ae7.jpg,0.8012949362350636,0.38250765
B2A,745612e6f4.jpg,0.6920604650334226,0.3888659
B2A,745d4137b7.jpg,0.7770593532732725,0.3357641
B2A,746f2cd1d2.jpg,0.8424154661792354,0.3231922
B2A,74875545e6.jpg,0.6955379767266987,0.4698168
B2A,748d5a0ab8.jpg,0.7648676833244467,0.37697366
B2A,748e1a440c.jpg,0.8197566771375121,0.3214686
B2A,7491908057.jpg,0.7086951147950764,0.36680454
B2A,749222e6d6.jpg,0.6132900238668354,0.37890103
B2A,74a47c4bf0.jpg,0.8019524020609571,0.35705635
B2A,74a537f1c6.jpg,0.7947123317445669,0.3438614
B2A,74aea007fa.jpg,0.6270371439015411,0.42455503
B2A,74c1b398ad.jpg,0.9263618106091164,0.2815438
B2A,74cc091e10.jpg,0.5770014826695408,0.5526935
B2A,74d0ac959c.jpg,0.6446768682746654,0.38847616
B2A,74d406c90e.jpg,0.4801005580884109,0.36259177
B2A,74e1d0f495.jpg,0.8137848558620013,0.40895718
B2A,74f3bf7113.jpg,0.6915379310593402,0.4485702
B2A,74f3c01037.jpg,0.7564881409153916,0.33123672
B2A,74f46669b2.jpg,0.6368019886612535,0.5921376
B2A,7500111c43.jpg,0.7546223882148616,0.34055293
B2A,750111ec4f.jpg,0.7871287808682857,0.41326338
B2A,7504776c00.jpg,0.878330831596094,0.284792
B2A,750d38f7fb.jpg,0.6592643055681092,0.60599804
B2A,7517680fdc.jpg,0.6231511789788164,0.5816904
B2A,7524651de3.jpg,0.6468410784328154,0.39294112
B2A,7533dedc3a.jpg,0.6799201513981302,0.4713764
B2A,7542d63fe4.jpg,0.7040797813209504,0.36037531
B2A,754324f8f4.jpg,0.6442733976589362,0.3068294
B2A,7550e074f1.jpg,0.709278398090353,0.38706225
B2A,7552fc948e.jpg,0.7956700216029827,0.4559727
B2A,7556df8481.jpg,0.5845689935737575,0.4202572
B2A,755af1c3a4.jpg,0.6123876713022856,0.5379122
B2A,7567cc9f18.jpg,0.8174342496819431,0.34010306
B2A,756f63c794.jpg,0.8044298957561706,0.39979863
B2A,7571b0e8bb.jpg,0.8004412262849844,0.39712918
B2A,75720815fb.jpg,0.7600282362711368,0.6223867
B2A,7588e6d09e.jpg,0.7452780078284111,0.35350257
B2A,75942c4668.jpg,0.7220964187265094,0.45018393
B2A,7594f0f494.jpg,0.5653858625595264,0.2868842
B2A,75979a026b.jpg,0.8642901352489655,0.28943056
B2A,759dcb713c.jpg,0.43503587211657213,0.49427378
B2A,75aafd3f82.jpg,0.743016579581975,0.45168853
B2A,75ae690a9b.jpg,0.704028619768169,0.48872966
B2A,75aeffdcf8.jpg,0.7765807795050309,0.3780959
B2A,75b200e2f2.jpg,0.6338994042532397,0.39798617
B2A,75c89b8f5e.jpg,0.7521242396018475,0.36710224
B2A,75c92b7fca.jpg,0.7542308905151944,0.38747576
B2A,75ce72e60d.jpg,0.8826853646062603,0.28894427
B2A,761d963561.jpg,0.6854614801451389,0.3897263
B2A,7622bccb99.jpg,0.8221035920642377,0.36672765
B2A,76354e710e.jpg,0.5752320869535784,0.5733412
B2A,76461faf34.jpg,0.7114685226498296,0.4006085
B2A,7659aebdef.jpg,0.7481300236377858,0.442263
B2A,7664753e1a.jpg,0.629863599963108,0.4037276
B2A,76665f40b9.jpg,0.8476653471093216,0.5148626
B2A,7669df8ee6.jpg,0.7815228753040017,0.40066463
B2A,7679305237.jpg,0.8454186838841485,0.36601192
B2A,768650ced7.jpg,0.7630407149259033,0.539847
B2A,7689871557.jpg,0.6848433307609078,0.28081313
B2A,768c95d325.jpg,0.7589016952648898,0.3958732
B2A,76916c1438.jpg,0.45141698033217775,0.509755
B2A,76a03653aa.jpg,0.8388622437625944,0.38072383
B2A,76a510b033.jpg,0.7448190963062925,0.5171374
B2A,76a75521fa.jpg,0.6748485574992162,0.46277642
B2A,76b398536a.jpg,0.7492061620698884,0.5395325
B2A,76c2eea825.jpg,0.7874752650477373,0.45643324
B2A,76ceecc865.jpg,0.7022226638764844,0.3201152
B2A,76edc30013.jpg,0.7856950048935519,0.45494476
B2A,76ef022161.jpg,0.6921907679505847,0.39370292
B2A,76f978fec2.jpg,0.7672637551565074,0.5078292
B2A,7703813883.jpg,0.7258785168119625,0.51292706
B2A,77102d5829.jpg,0.7662458043696875,0.52173305
B2A,7727666e8d.jpg,0.5960577150571689,0.41535738
B2A,772787cb7c.jpg,0.7400977606776579,0.2867552
B2A,7729898908.jpg,0.5958692005255813,0.54186964
B2A,774082dd9e.jpg,0.7462952606958024,0.32225814
B2A,77419070a6.jpg,0.5322841516330755,0.50830805
B2A,774f853b60.jpg,0.7248135648821898,0.4247087
B2A,7750286d66.jpg,0.8325311645648281,0.3750339
B2A,77573ba17e.jpg,0.8436625545726011,0.2732898
B2A,7759594268.jpg,0.734568837554528,0.43024364
B2A,776a168a2e.jpg,0.7452704865366643,0.3604058
B2A,776b0e0213.jpg,0.6462183957821731,0.36536342
B2A,776dbabcb1.jpg,0.7172404218739239,0.4564162
B2A,776e857956.jpg,0.7260475245788464,0.32925248
B2A,77740b1ba2.jpg,0.7594773704522951,0.38477823
B2A,777e0d9afc.jpg,0.5884636686216519,0.3854257
B2A,777f896f3b.jpg,0.8052115371002663,0.42766303
B2A,778a55d424.jpg,0.7660820070126999,0.4068894
B2A,77a2df3751.jpg,0.8013330723713382,0.38641995
B2A,77a6d1f419.jpg,0.7883689387285255,0.4477746
B2A,77b1ed8168.jpg,0.9014755327462941,0.38678163
B2A,77b8c928ae.jpg,0.8578281143915792,0.32456997
B2A,77c637c87c.jpg,0.7686345789480259,0.44587237
B2A,77c63d6765.jpg,0.8455222001226945,0.5144706
B2A,77cc149318.jpg,0.579873593153216,0.58838785
B2A,77d268dafa.jpg,0.8154034493101313,0.3456477
B2A,77d27a89f3.jpg,0.7482200451961282,0.40542185
B2A,77d554c049.jpg,0.8229213349726284,0.3852793
B2A,77d9910a45.jpg,0.7846482063511568,0.30897298
B2A,77dcb3f91c.jpg,0.7119902627292326,0.4869404
B2A,77e77fd4d9.jpg,0.7408104497829332,0.5352484
B2A,77e82445c9.jpg,0.8051444677371751,0.44376364
B2A,7801bb9581.jpg,0.5242041955963842,0.612136
B2A,7805d03ce4.jpg,0.6353613007187693,0.41202235
B2A,7807bdaae8.jpg,0.7432737643359305,0.49671096
B2A,781764cd26.jpg,0.6631920196495481,0.46633494
B2A,78216eacbb.jpg,0.7334704013869009,0.38671264
B2A,78233f97ed.jpg,0.6761862071678187,0.35554188
B2A,7827929b12.jpg,0.6010136825902996,0.43646908
B2A,7828416c2b.jpg,0.8243193616835941,0.38793936
B2A,7838b0b023.jpg,0.7747097604046034,0.31199348
B2A,7870db5306.jpg,0.7888653401300841,0.36589348
B2A,7881e712fb.jpg,0.4997685669962707,0.50629795
B2A,7885b18fe7.jpg,0.5943992425771465,0.5561687
B2A,7885f87ccd.jpg,0.7961073403507956,0.34871292
B2A,788782c439.jpg,0.5590025344663234,0.4839148
B2A,7888781c57.jpg,0.6237673800785849,0.46557546
B2A,788e9005c2.jpg,0.7651134849702108,0.48413864
B2A,78969b7789.jpg,0.7107072322415826,0.509078
B2A,789c663ce2.jpg,0.7352017262797428,0.30247793
B2A,789d474691.jpg,0.6708783394174873,0.3677153
B2A,789fe43c3b.jpg,0.7696478329992005,0.36573514
B2A,78b260b084.jpg,0.5910515549212669,0.42488652
B2A,78b3c9e843.jpg,0.7793085793610744,0.39412186
B2A,78b7b08af3.jpg,0.7493677393983778,0.3925416
B2A,78ba4238cb.jpg,0.7358968289016439,0.30793738
B2A,78ce4c4608.jpg,0.6079402805690874,0.34566283
B2A,78d517ae49.jpg,0.7206355948166291,0.4926693
B2A,78f2b2e678.jpg,0.8132050833843004,0.37913412
B2A,78f6992d04.jpg,0.5699674598355099,0.58683133
B2A,78fcba3055.jpg,0.6958182976790899,0.52312493
B2A,79109e8c61.jpg,0.735750022497445,0.38447985
B2A,7913d3ab4b.jpg,0.6562721767885594,0.48813054
B2A,7926b2a5bd.jpg,0.6780796851683382,0.34411642
B2A,79419a7227.jpg,0.7224701322587623,0.36515123
B2A,7965d8c651.jpg,0.7157663088262525,0.48849097
B2A,796c7e723b.jpg,0.7504704531477593,0.3453492
B2A,79733e8783.jpg,0.7055564783686206,0.3926921
B2A,797adf61af.jpg,0.8656471684115741,0.34421268
B2A,797e703d91.jpg,0.686750111030651,0.4578185
B2A,7980d5b29a.jpg,0.8338119232464696,0.32673922
B2A,7981b8e217.jpg,0.84255687318693,0.39587778
B2A,799d7e401d.jpg,0.6343686730692533,0.45376647
B2A,79a49efeb3.jpg,0.8138293541408526,0.3193897
B2A,79a5164707.jpg,0.8254617158452064,0.3858403
B2A,79ab6fdc8e.jpg,0.7222104516284518,0.3158756
B2A,79b9d8bfb5.jpg,0.7396635188375271,0.48007554
B2A,79c459542d.jpg,0.7306920180871701,0.42384878
B2A,79dc9b3fc8.jpg,0.8708386796029266,0.3656936
B2A,79dd5cd9b8.jpg,0.7171316819122464,0.45006648
B2A,79e4e783df.jpg,0.8173865578150287,0.2883534
B2A,79f08e8403.jpg,0.7777741874238728,0.37903175
B2A,7a06011cda.jpg,0.7142465414151113,0.3441329
B2A,7a16ecde25.jpg,0.7573638228688161,0.36243325
B2A,7a21514dd6.jpg,0.6018953196507644,0.409072
B2A,7a235d7c2e.jpg,0.7877757537105609,0.33070815
B2A,7a317ade8c.jpg,0.6479373674411827,0.41168937
B2A,7a384aae43.jpg,0.8074794721865224,0.37980363
B2A,7a41220ce3.jpg,0.6902550730037995,0.36245495
B2A,7a4248c339.jpg,0.8014257649835376,0.4016483
B2A,7a4936b4d3.jpg,0.8047273023471604,0.30815172
B2A,7a50f1f877.jpg,0.7859943062743184,0.34478796
B2A,7a672fc939.jpg,0.708716291435093,0.3489383
B2A,7a67d01ecb.jpg,0.7052798359434879,0.33613414
B2A,7a790425a3.jpg,0.7605101865190631,0.3202482
B2A,7a7c8a41da.jpg,0.7781766239177674,0.44688225
B2A,7a7c978501.jpg,0.7111746372330814,0.5606318
B2A,7a89081006.jpg,0.8005281483824239,0.38461488
B2A,7a92dc3b48.jpg,0.7954550078045732,0.4003018
B2A,7a938425d7.jpg,0.507651350236855,0.6087554
B2A,7a9c9957a2.jpg,0.8361946095742759,0.47733578
B2A,7adce96691.jpg,0.6047849118342509,0.39569038
B2A,7ade5f17b6.jpg,0.7456959410046959,0.489673
B2A,7ae14d0df4.jpg,0.8583242161238686,0.4000157
B2A,7ae24e7c92.jpg,0.7490266357459444,0.5401277
B2A,7ae27065e4.jpg,0.5577992862262939,0.5475
B2A,7aec020dba.jpg,0.6759672677911347,0.37016857
B2A,7aef765d7c.jpg,0.8163417387952269,0.3090014
B2A,7afb68c270.jpg,0.7685917645698523,0.4035169
B2A,7b2c14d64c.jpg,0.7541395791225485,0.44575456
B2A,7b2df8fad8.jpg,0.6900969293625937,0.46337906
B2A,7b2e948dd2.jpg,0.8861508111374498,0.46565032
B2A,7b38a10760.jpg,0.8592444571469469,0.34741703
B2A,7b3dcfc234.jpg,0.6823611752441836,0.42960867
B2A,7b42fe0738.jpg,0.7168168011633799,0.4703682
B2A,7b4f952cda.jpg,0.9174892443342563,0.27783573
B2A,7b563f3da5.jpg,0.7787150001331075,0.38553363
B2A,7b58d64ffe.jpg,0.6893566051050901,0.541255
B2A,7b6c956002.jpg,0.7881532651985673,0.3350621
B2A,7b78d025c5.jpg,0.7552841167350933,0.4659785
B2A,7b7a60c254.jpg,0.7284270912387971,0.34944057
B2A,7b7def398f.jpg,0.7860266980976429,0.29631788
B2A,7b8226f09f.jpg,0.7132522210194431,0.56280273
B2A,7b8bc9e046.jpg,0.7121538346604321,0.646695
B2A,7b8e783020.jpg,0.6356392394982192,0.4874546
B2A,7b95afc20a.jpg,0.8314890240065652,0.37822968
B2A,7b9b6563a7.jpg,0.7753772680950868,0.36934125
B2A,7bb4e1593a.jpg,0.5378182958988599,0.42998487
B2A,7bb60f2e2d.jpg,0.68528409974739,0.43845868
B2A,7bbd0f8f52.jpg,0.8841756468291774,0.4039021
B2A,7bc83c1b56.jpg,0.7354390048684786,0.27165535
B2A,7bdf9996ea.jpg,0.8719875958087955,0.41164374
B2A,7be0db443f.jpg,0.7742978531293399,0.44076988
B2A,7be0dc51f4.jpg,0.6999552324167132,0.42750323
B2A,7be0f69dcb.jpg,0.7860843425308479,0.36197343
B2A,7bf5288c2b.jpg,0.6682874631346534,0.39105314
B2A,7c008f564f.jpg,0.6218953604643163,0.33817804
B2A,7c0124f967.jpg,0.8022809324995994,0.33727232
B2A,7c0461f641.jpg,0.7683243403457242,0.47252786
B2A,7c049eff70.jpg,0.8121956013625172,0.42304245
B2A,7c0c7a783b.jpg,0.6367626333644306,0.37806967
B2A,7c0d9a98f6.jpg,0.5403804766482865,0.56171334
B2A,7c10f3f57f.jpg,0.8336545474512844,0.44211307
B2A,7c1125ebeb.jpg,0.6567600152863696,0.39568922
B2A,7c1218f676.jpg,0.6913204945402002,0.5157163
B2A,7c15235fb8.jpg,0.8267909578833347,0.3691572
B2A,7c156b004d.jpg,0.7504630478582088,0.4480406
B2A,7c1d7c9aa3.jpg,0.7708191153799685,0.3289947
B2A,7c1f2ef952.jpg,0.7670592740173758,0.33634403
B2A,7c1fcdc180.jpg,0.7742974425886673,0.4338192
B2A,7c25e34189.jpg,0.6308761440946105,0.39224055
B2A,7c384a7ede.jpg,0.6834762306323617,0.5964202
B2A,7c3b2c256c.jpg,0.565963876789103,0.5464198
B2A,7c3ee3e388.jpg,0.6635997582899562,0.42109025
B2A,7c3fbdac59.jpg,0.628158339024339,0.42948818
B2A,7c4766fb03.jpg,0.7812154238358314,0.4475695
B2A,7c5d962322.jpg,0.8094820488176157,0.53952324
B2A,7c63c281ef.jpg,0.6957360079355586,0.41861454
B2A,7c68ca1865.jpg,0.8214567844536421,0.3989662
B2A,7c68ccf32f.jpg,0.7118661018264706,0.43907866
B2A,7c6ab18691.jpg,0.43789399205542573,0.6020069
B2A,7c6cf5181a.jpg,0.6272709371403432,0.43059808
B2A,7c79a1e83e.jpg,0.711776572797112,0.39467642
B2A,7c872ca222.jpg,0.6294793260262769,0.55092585
B2A,7c955126e8.jpg,0.7514597406223767,0.491275
B2A,7c9a4f10b2.jpg,0.7824783923093857,0.3546088
B2A,7c9af80795.jpg,0.8241400973653548,0.4543853
B2A,7cb0522881.jpg,0.6337484742252957,0.5160233
B2A,7cb0db442a.jpg,0.8055359146174831,0.43568018
B2A,7cb82fa990.jpg,0.7738034970435891,0.45470852
B2A,7cbf0363dd.jpg,0.699876439974157,0.44101638
B2A,7cc41853c4.jpg,0.5662733743967086,0.37181938
B2A,7ccec75d11.jpg,0.7106283601359082,0.32524735
B2A,7cd2ad5db4.jpg,0.7192709381776374,0.4034921
B2A,7cd7629560.jpg,0.7283982245669404,0.4395061
B2A,7cda318854.jpg,0.598415235053581,0.41962805
B2A,7cdd5a8c97.jpg,0.7199393201576353,0.4863382
B2A,7ce956f84e.jpg,0.8811471816363011,0.28552228
B2A,7cf3257fe1.jpg,0.7800405077783162,0.32559097
B2A,7cf972ca4e.jpg,0.6256881074607313,0.43724212
B2A,7d0b63d4d1.jpg,0.8188028186122264,0.41404617
B2A,7d11bc4bb1.jpg,0.8087176771396389,0.34570724
B2A,7d14ae2c83.jpg,0.7899183897468084,0.52603406
B2A,7d1867e979.jpg,0.633619214725403,0.41164652
B2A,7d33e5e3ac.jpg,0.777077924233646,0.30486554
B2A,7d3556655c.jpg,0.6199035729505225,0.45848507
B2A,7d438b5b3e.jpg,0.7885593828624018,0.39843196
B2A,7d4e10f395.jpg,0.7827088716466567,0.36218256
B2A,7d65234f6f.jpg,0.5822658203395635,0.46333307
B2A,7d696fbb2f.jpg,0.7763993636081762,0.48779872
B2A,7d6dc43485.jpg,0.8229484576656277,0.3675123
B2A,7d71d359f0.jpg,0.7793965500323572,0.36783427
B2A,7d72c4ba28.jpg,0.7941835817127152,0.47483724
B2A,7d7556d1dd.jpg,0.7868519322081845,0.39292407
B2A,7d7d58cea7.jpg,0.49329230534114965,0.6311714
B2A,7d8abbfdbd.jpg,0.729755184516715,0.5064783
B2A,7d940c442d.jpg,0.8332092052842496,0.3851296
B2A,7d95240653.jpg,0.8205599898124872,0.45084146
B2A,7da4680104.jpg,0.7845157223365039,0.38865092
B2A,7db236abe0.jpg,0.6119317582766868,0.57336855
B2A,7dca327fe8.jpg,0.7111712881036778,0.5280266
B2A,7dcb0d04e3.jpg,0.7386263745784879,0.5263368
B2A,7dd8b4a45b.jpg,0.5021320264471578,0.686583
B2A,7de01293ea.jpg,0.7494333836724492,0.3899542
B2A,7dfb072885.jpg,0.8004164748749646,0.40174818
B2A,7e2519dcf1.jpg,0.6278615595845475,0.5576724
B2A,7e26c9f22d.jpg,0.7394985009025892,0.34625858
B2A,7e2ad883dd.jpg,0.7097885762920234,0.42310512
B2A,7e2e2533ee.jpg,0.8375121952835947,0.3732689
B2A,7e304fd432.jpg,0.6722360496510199,0.3330228
B2A,7e37685707.jpg,0.6570981630328361,0.37704355
B2A,7e3c9753d2.jpg,0.7109955286489634,0.45630503
B2A,7e6b458841.jpg,0.7984335664939427,0.42102957
B2A,7e77e7ff01.jpg,0.8042957793135931,0.4364976
B2A,7e83030c67.jpg,0.8315988794143269,0.3525076
B2A,7e838e4c19.jpg,0.5957642860890959,0.5819747
B2A,7e889d8813.jpg,0.5859600347645806,0.47876933
B2A,7e8e158ba5.jpg,0.7006674155123939,0.48271543
B2A,7e91553d4c.jpg,0.7321135739106731,0.5494343
B2A,7e947e8473.jpg,0.578176916485022,0.5469097
B2A,7ea12ecf5b.jpg,0.7426063704806424,0.3340236
B2A,7ea8555873.jpg,0.4964018332018707,0.6296989
B2A,7eb9a0d805.jpg,0.6518855193881642,0.50058824
B2A,7ebc0b2351.jpg,0.6939735988793546,0.43134034
B2A,7ebcd7c679.jpg,0.6663445206368892,0.5099096
B2A,7ec20e8b9a.jpg,0.5863070068558933,0.44038448
B2A,7ede634def.jpg,0.6203432506175417,0.508243
B2A,7edf7ca60d.jpg,0.5392636093788891,0.7992224
B2A,7ef4f1446b.jpg,0.8102512108802121,0.46334317
B2A,7f019e5373.jpg,0.7532617349387171,0.3697988
B2A,7f02d9fa8f.jpg,0.6714020190434554,0.5624185
B2A,7f12c1cca1.jpg,0.8226189737087947,0.36929393
B2A,7f299427bb.jpg,0.5789914771266198,0.3596432
B2A,7f324200d3.jpg,0.7214754071121416,0.51584184
B2A,7f43e66a43.jpg,0.77722545768746,0.41613644
B2A,7f4e8f04c5.jpg,0.5029471024156432,0.54336363
B2A,7f59dbd120.jpg,0.8424156272694597,0.36119017
B2A,7f60fd12e1.jpg,0.7548060218246677,0.3172406
B2A,7f640e04dc.jpg,0.682531336675279,0.47083038
B2A,7f78a7aa8c.jpg,0.8413055000663345,0.34019
B2A,7f7f9dcc20.jpg,0.818811345822427,0.3157616
B2A,7f9ac1520f.jpg,0.6590308824346686,0.38413516
B2A,7fa151a456.jpg,0.6021986272198718,0.4722808
B2A,7fa2d1f946.jpg,0.6693685256114477,0.47529864
B2A,7fa318179b.jpg,0.8073851641617039,0.40383562
B2A,7fa6e56ff7.jpg,0.7701217873722219,0.40568405
B2A,7fb0f42377.jpg,0.7792642997881912,0.45536944
B2A,7fb171451a.jpg,0.6274860539048899,0.6412929
B2A,7fb1cad955.jpg,0.6675537228398307,0.3154985
B2A,7fb9eff147.jpg,0.7243437247728943,0.38052273
B2A,7fc9c15d6c.jpg,0.69068006196581,0.31173247
B2A,7fd24aaafe.jpg,0.7107246246603866,0.50941956
B2A,7fe10b4018.jpg,0.7481907903978268,0.44994223
B2A,7fe3df6004.jpg,0.7239282421515503,0.3962316
B2A,7ff003370d.jpg,0.7374112294369507,0.38842154
B2A,7ff8dfa2ee.jpg,0.7158434217731339,0.46320978
B2A,7ffc13fa6c.jpg,0.6084051457351513,0.7244333
B2A,80056780a6.jpg,0.8048108835591063,0.35423544
B2A,802eeb0575.jpg,0.7593341091273491,0.32715434
B2A,803918db32.jpg,0.8543864970062165,0.34772694
B2A,803cdfa30d.jpg,0.6021806482491547,0.5634427
B2A,8040facbe6.jpg,0.7306602072403563,0.39547744
B2A,80504a22b9.jpg,0.7803340899025301,0.51493037
B2A,805cc692e2.jpg,0.6172247255820288,0.48070902
B2A,805d252a48.jpg,0.7540368892523605,0.45414525
B2A,806723cc78.jpg,0.8199275843320276,0.2777548
B2A,806806cb9a.jpg,0.791690811654182,0.43952733
B2A,806bcffeb8.jpg,0.859281059391574,0.36501962
B2A,807412a8c6.jpg,0.803755860320062,0.53998446
B2A,80ae498dc4.jpg,0.614539893858128,0.4458904
B2A,80bdb3ebb3.jpg,0.8961283345335618,0.2424249
B2A,80c662984e.jpg,0.5985836485600247,0.39495814
B2A,80c7bd98c6.jpg,0.8246417089380497,0.30747956
B2A,80cb714bef.jpg,0.7781602203122409,0.71414876
B2A,80e9db68d7.jpg,0.7405445189451568,0.4361775
B2A,80f21f8d80.jpg,0.6827691974005039,0.3524225
B2A,80f94c28a2.jpg,0.644601668338048,0.5403429
B2A,80f9a9d388.jpg,0.4923397157574891,0.51055086
B2A,8101ece7f2.jpg,0.7373586501849748,0.33326036
B2A,8102f2aa02.jpg,0.810858660525689,0.29611132
B2A,8107391f58.jpg,0.5501026091718587,0.42487967
B2A,81167cf39f.jpg,0.7937097352762161,0.3446264
B2A,811d974e6d.jpg,0.7464192005086011,0.5063164
B2A,811f8878b8.jpg,0.6996461124011322,0.47409895
B2A,81212b5fb3.jpg,0.7053625265989223,0.46772626
B2A,812c304d83.jpg,0.560694660979053,0.6021185
B2A,81389aa2a9.jpg,0.7861419852837598,0.42112625
B2A,81598667e6.jpg,0.7574058130196286,0.35883418
B2A,8159e774de.jpg,0.6967640027452009,0.5167131
B2A,815a938f69.jpg,0.7385887765538787,0.31603792
B2A,815ab85a6e.jpg,0.7014367113328693,0.43038714
B2A,816320a79c.jpg,0.7181390600232445,0.5844023
B2A,816941fe05.jpg,0.817198419833877,0.33937678
B2A,816cf329c2.jpg,0.7904027419504254,0.29733986
B2A,8173072883.jpg,0.6140251569867448,0.5224187
B2A,817699d6f7.jpg,0.8561882056681052,0.37615898
B2A,8178110f5e.jpg,0.7484149349156655,0.37494436
B2A,8195d86c30.jpg,0.8366155237929788,0.3491769
B2A,819ced9dae.jpg,0.7641484657271436,0.36202955
B2A,81a3f846ba.jpg,0.9036865111596617,0.45395643
B2A,81a5890567.jpg,0.6066722139174374,0.3784984
B2A,81ac7dcf8c.jpg,0.7349786176137127,0.36109656
B2A,81acc80772.jpg,0.7497442461761378,0.3448438
B2A,81c035fb44.jpg,0.8441932135219422,0.41462687
B2A,81c57f7151.jpg,0.6243687603805526,0.5677899
B2A,81ce13c3df.jpg,0.8139513428547247,0.38872558
B2A,81da4f11ed.jpg,0.7594239097983293,0.37365475
B2A,81ea0e81ce.jpg,0.7573383299509721,0.4218469
B2A,81ed4d9ff3.jpg,0.6353531262192043,0.46102637
B2A,81fb53e37a.jpg,0.3875838161866801,0.46154785
B2A,81ff0aefc6.jpg,0.7814169779232203,0.367812
B2A,82040426b5.jpg,0.6210426644806283,0.77862144
B2A,8220d80950.jpg,0.5879791247780863,0.5835978
B2A,822552115b.jpg,0.8196745205410991,0.35762995
B2A,822947ecb1.jpg,0.7553212609811657,0.4133246
B2A,82367ab4d2.jpg,0.6846743095340118,0.4807282
B2A,8248de6066.jpg,0.8013635165203438,0.35065478
B2A,824bed3f95.jpg,0.8181521372534534,0.41052034
B2A,82634a2ae8.jpg,0.7439101677023557,0.37542832
B2A,82693740f1.jpg,0.6270242341803552,0.7302147
B2A,8277fe2e16.jpg,0.7365658604983472,0.42682475
B2A,827d49d009.jpg,0.8657799208641036,0.2950301
B2A,8296beac40.jpg,0.8231635398487757,0.37466812
B2A,829836a509.jpg,0.5677948144481184,0.5409269
B2A,8298b9a8d8.jpg,0.6856059382063194,0.44320375
B2A,829903c6c6.jpg,0.686234911866516,0.4848109
B2A,82af83a14d.jpg,0.6685586684621339,0.430965
B2A,82b669c385.jpg,0.7282797351544598,0.397614
B2A,82bef71a05.jpg,0.5715688473634063,0.40757868
B2A,82c327e9d4.jpg,0.6980336705940537,0.54593384
B2A,82decad964.jpg,0.5570333989683726,0.5434631
B2A,82e260b45d.jpg,0.7865370896837176,0.40552533
B2A,82e41780fb.jpg,0.49551295217934943,0.5883593
B2A,82e82a8357.jpg,0.8289194542031998,0.35924414
B2A,82eed08641.jpg,0.764296245356989,0.40995964
B2A,82f5266958.jpg,0.8040772148411768,0.46921408
B2A,82fcbee767.jpg,0.7731013242019056,0.39496166
B2A,8304fdf299.jpg,0.7001578718959631,0.5921974
B2A,830926071b.jpg,0.6143354739471083,0.5650835
B2A,8309cebb11.jpg,0.7805957132526594,0.33107334
B2A,830d6a9af8.jpg,0.7487862563105258,0.4118053
B2A,8310e4a528.jpg,0.7425594965008747,0.36329538
B2A,831831cd60.jpg,0.5371646047311435,0.59320295
B2A,833684a09f.jpg,0.7595075647974369,0.40591028
B2A,8340918985.jpg,0.8803446779220253,0.3000419
B2A,834324b28d.jpg,0.5336366177008923,0.58013207
B2A,834d25dc3a.jpg,0.5583734697086565,0.46952277
B2A,835bec911b.jpg,0.6715157935420977,0.4120907
B2A,8369977ac5.jpg,0.8948673557981384,0.31837338
B2A,8371a80fc5.jpg,0.6425710391235199,0.39831194
B2A,838707bb83.jpg,0.5398321381530937,0.6853301
B2A,83871aecf1.jpg,0.8541491647000553,0.35385913
B2A,839167629f.jpg,0.845208048142429,0.39638725
B2A,8399fa40c0.jpg,0.795060126285914,0.41742152
B2A,83a22608d9.jpg,0.6364238966683572,0.40939385
B2A,83b450115e.jpg,0.7331136810330502,0.31290713
B2A,83b513a9f5.jpg,0.7089337694274361,0.40678167
B2A,83b5cb7823.jpg,0.7989113500841466,0.35562855
B2A,83ca4e5d68.jpg,0.7424994205056195,0.55703235
B2A,83cf828aa6.jpg,0.8393844022471006,0.4422046
B2A,83d2597f51.jpg,0.6720593502159217,0.3511059
B2A,83e571e3af.jpg,0.6827516251099226,0.50373644
B2A,83e9d62ff0.jpg,0.653478997965157,0.49635813
B2A,83ed90d1d7.jpg,0.7314317994610628,0.3852896
B2A,83f5024bcd.jpg,0.7297958671837977,0.31049877
B2A,83f55b4d2e.jpg,0.7595481128593076,0.4089854
B2A,83f5a65548.jpg,0.8697068027273245,0.30130038
B2A,83f6286883.jpg,0.4311663573583576,0.61433697
B2A,8400927e5f.jpg,0.8738130932951544,0.35098857
B2A,840a22679d.jpg,0.6640249534825498,0.47734374
B2A,8410764670.jpg,0.7351948370652812,0.3105863
B2A,8417b9ba5d.jpg,0.7447137166203707,0.42458433
B2A,842796e8dd.jpg,0.8153305954767605,0.3691681
B2A,84356275c7.jpg,0.7604471706975974,0.4540342
B2A,843b6f2a18.jpg,0.8785126023932516,0.4588298
B2A,843d7a0966.jpg,0.641481706730683,0.4516753
B2A,843f66f77e.jpg,0.7046758193698949,0.4943344
B2A,84484a24e0.jpg,0.7434729694791163,0.6114553
B2A,84553b740b.jpg,0.7357706342645383,0.4621736
B2A,84637eb98b.jpg,0.8099374991940281,0.30160156
B2A,8474d317e3.jpg,0.7419233298121944,0.41930845
B2A,847da6b705.jpg,0.6226925070784954,0.5381212
B2A,8480e5bae2.jpg,0.8225554797067249,0.41370973
B2A,849b958fa3.jpg,0.7892175453880831,0.31119627
B2A,849d054ce5.jpg,0.7225161575757414,0.49433374
B2A,84acf0ee3f.jpg,0.6544947058564998,0.58333796
B2A,84c2400c39.jpg,0.6842079024468731,0.37001976
B2A,84c4d10f39.jpg,0.7822823090151155,0.31787747
B2A,84cae20e39.jpg,0.7310192979455788,0.42575264
B2A,84cb45938b.jpg,0.7252905428044184,0.52342737
B2A,84cd781c32.jpg,0.6793947613597298,0.38935876
B2A,84dad4b872.jpg,0.7159940780525686,0.5644039
B2A,84df271806.jpg,0.6645029535264967,0.51247126
B2A,84ee633e7a.jpg,0.7397446035094468,0.37744534
B2A,84f1a78c0a.jpg,0.6508932241776976,0.45155978
B2A,84f5b38537.jpg,0.7158093173668669,0.5052
B2A,84fd2747e7.jpg,0.8264708875377625,0.37791133
B2A,85011baf6a.jpg,0.6315844695334325,0.47629997
B2A,850cb18db0.jpg,0.7601163785401923,0.4587552
B2A,8511eb45e8.jpg,0.7637259331321679,0.4012842
B2A,851c2742d9.jpg,0.7985292681971494,0.27444148
B2A,8526c7d445.jpg,0.6564787743151553,0.72877455
B2A,852771e943.jpg,0.7570020236249531,0.5858562
B2A,8527919cc8.jpg,0.7581109586364749,0.5590309
B2A,852ced6303.jpg,0.884835659070133,0.35057166
B2A,85377f86af.jpg,0.5131521198633083,0.4705928
B2A,8562b1ef80.jpg,0.8002851648406545,0.38118124
B2A,8565668373.jpg,0.7923980315323352,0.3760989
B2A,8574055650.jpg,0.6940560878010453,0.40194184
B2A,8576320b13.jpg,0.7454172232958541,0.36460865
B2A,8584d4b75f.jpg,0.6479075058691801,0.4222259
B2A,8593b23e01.jpg,0.7822693668299927,0.42467445
B2A,8597aec3c1.jpg,0.6856905582581461,0.6462448
B2A,8598af15a5.jpg,0.6974654901844859,0.46260187
B2A,85b3353572.jpg,0.8439304396876283,0.32343388
B2A,85d1493cb9.jpg,0.7866175925446481,0.40627345
B2A,85d4c7d44e.jpg,0.8563787981320683,0.36694714
B2A,860986c993.jpg,0.8313538836784948,0.34305203
B2A,8609912dd5.jpg,0.7670116367137003,0.3223328
B2A,8610a242cf.jpg,0.6111517251072183,0.5921512
B2A,86146960bc.jpg,0.7214529936206026,0.74912983
B2A,86149e3c8a.jpg,0.8462752382324378,0.40093288
B2A,8623f11b69.jpg,0.727114958662561,0.3702871
B2A,8635c1c560.jpg,0.6744098568897872,0.29669923
B2A,8656e512bc.jpg,0.6106125714857249,0.43246773
B2A,866ca5455c.jpg,0.6099550186433879,0.57908505
B2A,8676768de2.jpg,0.7704507126681822,0.40377128
B2A,86777200f8.jpg,0.6784360671776115,0.5029571
B2A,868b7d7c85.jpg,0.8621271724957827,0.3907767
B2A,868fdaaa01.jpg,0.6353219058508317,0.44139814
B2A,86913ad2d6.jpg,0.8114659447267363,0.27944824
B2A,869e7e9177.jpg,0.7950743295616045,0.41731232
B2A,869f7517fb.jpg,0.8797763986372596,0.42841902
B2A,86a8147985.jpg,0.5570854643150819,0.5642763
B2A,86b0a365e5.jpg,0.6456601405363038,0.42280483
B2A,86c26de778.jpg,0.8243907519377237,0.2793886
B2A,86c699eff0.jpg,0.8492138848815743,0.38658658
B2A,86cb9f2483.jpg,0.7674433292340871,0.3542627
B2A,86d8a1d9ba.jpg,0.7301801286861075,0.43589827
B2A,86e66ceaf1.jpg,0.7268876897462258,0.47502363
B2A,86ecbea286.jpg,0.6373469745573686,0.67157507
B2A,86f8a2e90f.jpg,0.6191387198924381,0.43236727
B2A,86f9aceace.jpg,0.5747077212321848,0.4511213
B2A,87016c0800.jpg,0.6104415555302763,0.42918268
B2A,8705ef9d26.jpg,0.7294794209942824,0.5139509
B2A,87139410be.jpg,0.6434483945884923,0.38621572
B2A,8728db54dc.jpg,0.7941410582666684,0.3030766
B2A,8738881ad2.jpg,0.7766518130012907,0.42013544
B2A,873e430467.jpg,0.7343625007013239,0.39551175
B2A,87483aa57b.jpg,0.871532143461075,0.52980816
B2A,875b07f673.jpg,0.8041932791706381,0.374739
B2A,87673f1feb.jpg,0.7525112459441641,0.48286706
B2A,877501f570.jpg,0.8138038989973388,0.42383078
B2A,8783576bd7.jpg,0.7576982345681399,0.35226214
B2A,878f3c49e1.jpg,0.5599072802868177,0.39775673
B2A,8795783436.jpg,0.6582616998731244,0.3833042
B2A,87991ccf48.jpg,0.6903407282706725,0.4167102
B2A,87a4e88d93.jpg,0.5415972726511299,0.5289799
B2A,87a97f497a.jpg,0.7818624915842903,0.43143722
B2A,87cc143c4d.jpg,0.7087655330953027,0.43990475
B2A,87cdccc1ec.jpg,0.7765218616242487,0.2402184
B2A,87dbe31f97.jpg,0.6081909202979929,0.33521563
B2A,87dec6234c.jpg,0.711109367183008,0.40861338
B2A,87e1ce5b0e.jpg,0.7719169330153519,0.38353387
B2A,87e821d849.jpg,0.736567416844711,0.2923547
B2A,87edc083e0.jpg,0.6269375273784958,0.55255234
B2A,87f1d5e9a7.jpg,0.6662860338354294,0.451613
B2A,8802d98b14.jpg,0.6480118551052761,0.4302909
B2A,8802f617cf.jpg,0.6485399769886998,0.55658597
B2A,8803b67dfb.jpg,0.5239825098169206,0.43357795
B2A,880c9f0f1c.jpg,0.7642792948798873,0.37422863
B2A,880e0f6c15.jpg,0.8588663874113112,0.31345576
B2A,880f24ca7d.jpg,0.7731632909883154,0.44294167
B2A,881359fdc7.jpg,0.6753883675931452,0.37510478
B2A,882ad01587.jpg,0.6513980361073128,0.37092164
B2A,882d8f1a40.jpg,0.8683162404916746,0.33615714
B2A,882fc1371a.jpg,0.6904940292708788,0.49795336
B2A,8833519aba.jpg,0.5303010439432247,0.49445322
B2A,883cda372c.jpg,0.8558721636540255,0.46499303
B2A,884d210d61.jpg,0.558398812791972,0.5915296
B2A,88536f79ce.jpg,0.7729670205925407,0.4529686
B2A,885e53b9d5.jpg,0.6622596813521119,0.49318868
B2A,8868ba6b14.jpg,0.766505044153735,0.39045218
B2A,888af43803.jpg,0.6923252587121763,0.3736989
B2A,88985ea668.jpg,0.7325874483747151,0.3621385
B2A,88a1e7af18.jpg,0.8480341405067406,0.35145637
B2A,88b06853f1.jpg,0.7910547454072122,0.33161372
B2A,88bd59eca7.jpg,0.8177931043538801,0.24823317
B2A,88c8c49c36.jpg,0.7644956359912625,0.41215387
B2A,88ca143dc7.jpg,0.8093294670191485,0.5198072
B2A,88d3d38aed.jpg,0.5482755952532009,0.36871842
B2A,88eced0e8e.jpg,0.6995453932412987,0.41900873
B2A,88f733fe78.jpg,0.6028831988519399,0.43534303
B2A,8914946e64.jpg,0.7253561493182932,0.39592773
B2A,891913c343.jpg,0.822733261278447,0.2668263
B2A,8936c9c89c.jpg,0.7820661986339503,0.4334214
B2A,893f5b62a6.jpg,0.6042835088987899,0.596723
B2A,89578c6353.jpg,0.7153209488740743,0.5422423
B2A,8973eff964.jpg,0.694720008951541,0.5059265
B2A,898a35149a.jpg,0.7040428524584926,0.32513043
B2A,899b7f7521.jpg,0.6181880013708169,0.43622676
B2A,899e306a16.jpg,0.6939743513633487,0.29024664
B2A,899f4a9c68.jpg,0.5096439437258685,0.3966413
B2A,89ab7af8ec.jpg,0.9108951673692927,0.2938878
B2A,89b5450ec4.jpg,0.772808825788383,0.26213855
B2A,89c7dcd73a.jpg,0.7110559887238712,0.45295572
B2A,89ce60258b.jpg,0.822088665896377,0.45592648
B2A,89deacf521.jpg,0.6278919555627959,0.55813193
B2A,8a01bb88d9.jpg,0.5989829645139138,0.5387921
B2A,8a09c3fbff.jpg,0.612493163656881,0.44283453
B2A,8a0d049fdb.jpg,0.7259106378424123,0.38975063
B2A,8a38d33eb9.jpg,0.8010483057511668,0.32551348
B2A,8a4c8c7581.jpg,0.6670466313226351,0.47712722
B2A,8a68577ae9.jpg,0.5985093122978541,0.5931437
B2A,8a6a134b6e.jpg,0.756376165078112,0.29059178
B2A,8a6a17661a.jpg,0.8075216581726353,0.35388023
B2A,8a6f40ebc6.jpg,0.6904880776958935,0.66396296
B2A,8a70493b60.jpg,0.7267193324027957,0.48650396
B2A,8a7c211597.jpg,0.7617550181961871,0.6190921
B2A,8a8801feb9.jpg,0.6938735354822895,0.54471636
B2A,8a935bef79.jpg,0.7288602448564115,0.5373807
B2A,8a987f711b.jpg,0.6727737324376912,0.4492396
B2A,8a9d3ff7fa.jpg,0.6167307917697235,0.52501464
B2A,8ab1eaa5f0.jpg,0.6381617836037901,0.439334
B2A,8ae4265cd3.jpg,0.8327431428248315,0.37214065
B2A,8ae8564344.jpg,0.6786065436820163,0.4503496
B2A,8af0546eb3.jpg,0.7905168884731857,0.56758124
B2A,8af291a241.jpg,0.7702681300220541,0.5465264
B2A,8afd46824b.jpg,0.7222836880733547,0.49496174
B2A,8afd5933d9.jpg,0.8732960566750759,0.33089426
B2A,8b10c7ce5b.jpg,0.7852576590598846,0.36448812
B2A,8b34d93323.jpg,0.64092548947026,0.5595316
B2A,8b3830949d.jpg,0.7729729296830351,0.44587812
B2A,8b3fb4a823.jpg,0.8526916819472617,0.34238702
B2A,8b41c19587.jpg,0.5179822875131541,0.6699623
B2A,8b4acbb780.jpg,0.7827961261268207,0.46856475
B2A,8b554cd034.jpg,0.584163342542797,0.30356935
B2A,8b62a7dd7a.jpg,0.6880763853542922,0.33919826
B2A,8b641a3afe.jpg,0.6936847037580782,0.43200806
B2A,8b6a8bf9f6.jpg,0.5632288551252546,0.5624397
B2A,8b6dd12ee0.jpg,0.6992146428677828,0.4373549
B2A,8b6f332ed2.jpg,0.8208160193995541,0.32732
B2A,8b85d214a5.jpg,0.7017544461156684,0.32289886
B2A,8b8987492f.jpg,0.5819879307879596,0.5380373
B2A,8b8fc600dc.jpg,0.6370099882522879,0.5654025
B2A,8b997cbee6.jpg,0.608172729951882,0.5023905
B2A,8bb6428221.jpg,0.5978336445028088,0.3496892
B2A,8bb91472c8.jpg,0.854350831705209,0.35228088
B2A,8be1dad77a.jpg,0.8112957142305997,0.25900698
B2A,8be3f02dae.jpg,0.7156087625307329,0.4938456
B2A,8be8d9c7fe.jpg,0.8347514386066347,0.30686945
B2A,8bf1c2db03.jpg,0.8835932384368381,0.35178956
B2A,8bfb3ef6f7.jpg,0.725863328193007,0.38386032
B2A,8bfc8d6970.jpg,0.8537578145254345,0.30461323
B2A,8c03f9790e.jpg,0.6580562872207718,0.48820558
B2A,8c1f68d7c0.jpg,0.5783363114193021,0.5809413
B2A,8c2dcd04ce.jpg,0.5573946459622121,0.36572105
B2A,8c38df7eda.jpg,0.8798143202274895,0.38558224
B2A,8c39fccc0c.jpg,0.7227429839219107,0.46507293
B2A,8c3f71bb3d.jpg,0.8015459786866078,0.5112554
B2A,8c5385298d.jpg,0.6819905794591572,0.30084693
B2A,8c56566f1b.jpg,0.724109007997814,0.54501945
B2A,8c58319212.jpg,0.8400733566993921,0.3408948
B2A,8c587af1d9.jpg,0.7378743953620316,0.28607476
B2A,8c59a24ec4.jpg,0.7162533763398183,0.33330488
B2A,8c69c81d62.jpg,0.7567583490673155,0.6990124
B2A,8c6fe9b698.jpg,0.47601112417152125,0.6194882
B2A,8c7de9cb64.jpg,0.8156339642509095,0.32925838
B2A,8c81e05b8b.jpg,0.593625263272899,0.44721946
B2A,8c8961cabb.jpg,0.5876390663356975,0.45365316
B2A,8c967453de.jpg,0.8042145448975128,0.41074556
B2A,8c97b5d5f3.jpg,0.675606502010216,0.49690816
B2A,8c98a42872.jpg,0.7493247201297868,0.34462276
B2A,8c9b7944d9.jpg,0.6784320314756389,0.4711905
B2A,8c9da54f5e.jpg,0.8423298444970932,0.37142625
B2A,8cbb7fead2.jpg,0.8148542400646231,0.43331927
B2A,8cc036746a.jpg,0.8010362513759379,0.36772063
B2A,8cc1fedf0f.jpg,0.5652712111031535,0.553769
B2A,8ccb1f6067.jpg,0.6954368625090559,0.3093506
B2A,8cefb5476f.jpg,0.5838933264629832,0.4689356
B2A,8cf1ff221a.jpg,0.7389864440806176,0.34145528
B2A,8cf3dc8532.jpg,0.5729538188510408,0.5014229
B2A,8d05da85a2.jpg,0.681827329689442,0.58615905
B2A,8d1d0c152a.jpg,0.7498208478418634,0.4073671
B2A,8d297a6fba.jpg,0.6012147762698455,0.5341387
B2A,8d373e4f08.jpg,0.6370591273015278,0.4275902
B2A,8d395f773d.jpg,0.768386804668068,0.36456126
B2A,8d398d8077.jpg,0.648434737458586,0.53368706
B2A,8d4d305053.jpg,0.671766213065717,0.42489505
B2A,8d511d593a.jpg,0.7321207660504161,0.46092933
B2A,8d7cc55987.jpg,0.8122054571999713,0.3360547
B2A,8d8535b155.jpg,0.7750084314959257,0.3117855
B2A,8d868ee80d.jpg,0.47931585427389106,0.561459
B2A,8d8cf10470.jpg,0.5922657143080182,0.54061955
B2A,8da436b074.jpg,0.8151429712728342,0.58108604
B2A,8dac996304.jpg,0.5571453357632388,0.558963
B2A,8db1c9c782.jpg,0.6903973519837482,0.37817156
B2A,8de4267ea0.jpg,0.7636355104130788,0.42369354
B2A,8defb17876.jpg,0.6851453309734212,0.31911123
B2A,8dfd4b4562.jpg,0.7793578290897513,0.39596897
B2A,8e042bb3e6.jpg,0.7291606553542195,0.49329823
B2A,8e1472c0ac.jpg,0.6237840681736495,0.5330897
B2A,8e19cd143b.jpg,0.7443312562117341,0.61274874
B2A,8e218bbeee.jpg,0.6965837501887855,0.27719554
B2A,8e27c58e8b.jpg,0.8476646078628808,0.454565
B2A,8e27cd8afb.jpg,0.7474144202599939,0.35222572
B2A,8e30baf5ae.jpg,0.7402219798027867,0.29391843
B2A,8e3b41a3a0.jpg,0.7402557523136661,0.35418746
B2A,8e3fd7ff09.jpg,0.5698943576198366,0.52628374
B2A,8e51d5867f.jpg,0.7943531241259817,0.4188373
B2A,8e6e5f8078.jpg,0.7161403519147781,0.43409738
B2A,8e79534b0c.jpg,0.7126437145950408,0.43493834
B2A,8e876bd586.jpg,0.8118892173161805,0.36650556
B2A,8e95ef6636.jpg,0.7936023984483951,0.44962448
B2A,8ea3121111.jpg,0.5059369345593001,0.5228168
B2A,8ea33353d8.jpg,0.7907749353345809,0.43464994
B2A,8eabde45df.jpg,0.7548907852423101,0.48651153
B2A,8eaf38146d.jpg,0.6512006141759769,0.48451585
B2A,8ebecab630.jpg,0.6278682621178197,0.3145302
B2A,8ec934ab7a.jpg,0.6225336147849849,0.31505433
B2A,8ed9adc2f8.jpg,0.7282292495197528,0.4433719
B2A,8edfe6d708.jpg,0.7499023643298739,0.5032844
B2A,8ee24544da.jpg,0.7452188078934523,0.46285206
B2A,8ef3c11446.jpg,0.7997135917434492,0.40316883
B2A,8ef6d21430.jpg,0.7482191734024454,0.4907068
B2A,8ef84910a6.jpg,0.7488007266154554,0.39847702
B2A,8f0403e2cf.jpg,0.656364318318932,0.42241594
B2A,8f0aa160cb.jpg,0.8034252873661585,0.5115066
B2A,8f250ece01.jpg,0.7578644378737768,0.47670344
B2A,8f2af16e7b.jpg,0.7386642586515157,0.3864721
B2A,8f3be0fbeb.jpg,0.8074233754617745,0.5173415
B2A,8f564a0a48.jpg,0.8133683916538923,0.3503905
B2A,8f59672761.jpg,0.7278429285826267,0.38596642
B2A,8f62691292.jpg,0.8236480326873015,0.3378643
B2A,8f651ee326.jpg,0.7122693789289795,0.4482933
B2A,8f67825151.jpg,0.5002796890218224,0.48057866
B2A,8f6daedb85.jpg,0.7284253873077082,0.47688195
B2A,8f78274408.jpg,0.6733398329460973,0.3972874
B2A,8f7bb4da8c.jpg,0.8640950292304459,0.4412409
B2A,8f8bdab0d3.jpg,0.8041962907274884,0.30990955
B2A,8f9c1bf59c.jpg,0.6996576422625193,0.39501324
B2A,8f9cc89fc1.jpg,0.6428608879906184,0.5246578
B2A,8fa21cc3ae.jpg,0.7985632874626725,0.40388098
B2A,8fbd39a41f.jpg,0.7594020040550141,0.29463813
B2A,8fbfe7bc3e.jpg,0.5732371338571309,0.42574644
B2A,8fc153c94e.jpg,0.8630512117506168,0.35743386
B2A,8fc1a3d804.jpg,0.8951949627767413,0.4062665
B2A,8fc60f7bef.jpg,0.6577804439694993,0.49676982
B2A,8fc6680c4a.jpg,0.6975043140875469,0.46443927
B2A,8fc9fce9f2.jpg,0.6629427884462434,0.50013274
B2A,8fd6e74ab9.jpg,0.7229103559139333,0.40429106
B2A,8fdc8f747e.jpg,0.8169850801294127,0.3812303
B2A,8fe1fb621d.jpg,0.7912714475522331,0.44749868
B2A,8ff2ab81b2.jpg,0.6493540397645903,0.39428005
B2A,8ffa6382e9.jpg,0.5364489618443786,0.40562394
B2A,900c842af7.jpg,0.8552358767031873,0.42458662
B2A,9010105f3d.jpg,0.7331912504938671,0.5320196
B2A,90268e092b.jpg,0.7186390500907139,0.35315955
B2A,9028fc10c7.jpg,0.7305810163968524,0.5473365
B2A,9048e6e0d1.jpg,0.7672304917261168,0.44792828
B2A,904a21697e.jpg,0.5875665017786955,0.56786907
B2A,904f5a5276.jpg,0.8078812578696012,0.40838102
B2A,9050e1c0e6.jpg,0.6517095550071016,0.3113122
B2A,9071c99f67.jpg,0.7937110175911012,0.34759608
B2A,9079fe9d9c.jpg,0.7691260144208205,0.39682743
B2A,907cd5e630.jpg,0.7258995250666429,0.55302465
B2A,907d9cf180.jpg,0.7983394497791695,0.33386305
B2A,909ae89f4d.jpg,0.8052636372520483,0.29702806
B2A,90a6484491.jpg,0.7005249951958343,0.44887704
B2A,90aa881d59.jpg,0.7095125536849426,0.4552989
B2A,90b3c6c885.jpg,0.6851822931195799,0.46101087
B2A,90b9257df4.jpg,0.6756542623351224,0.5449124
B2A,90bc360c57.jpg,0.7215711178975334,0.30346924
B2A,90bdbd6631.jpg,0.5154734541561371,0.6765169
B2A,90c00b0a8c.jpg,0.7143254043091588,0.34532952
B2A,90c9cd3fe8.jpg,0.6574415195853661,0.42298695
B2A,90cbc5b0a2.jpg,0.6959137807235345,0.49316847
B2A,90d00e4130.jpg,0.4934431242767158,0.4457252
B2A,90d2b880b2.jpg,0.6734624473937506,0.4924091
B2A,90e072864e.jpg,0.5979959661243913,0.5813579
B2A,90e1c5d57a.jpg,0.6977920715866893,0.57954144
B2A,90e5ba5fe4.jpg,0.6618403091685322,0.5022505
B2A,90fa0a2900.jpg,0.7040208003306431,0.4616662
B2A,90fc280b72.jpg,0.8031972170055925,0.3717041
B2A,9105102bc4.jpg,0.6881510186173772,0.5761328
B2A,910e1f900e.jpg,0.6245972839645214,0.43972814
B2A,911af8c237.jpg,0.7265261060279072,0.46626067
B2A,9128a67589.jpg,0.6802711780975742,0.51187754
B2A,912f47efb6.jpg,0.5502691505405357,0.5299178
B2A,912f7c8917.jpg,0.8206582389762425,0.3911817
B2A,9138142611.jpg,0.45261114571803623,0.5324956
B2A,914d6701fb.jpg,0.9270646262996811,0.3578201
B2A,915666f75a.jpg,0.719740833434105,0.5186266
B2A,915b936cdd.jpg,0.5915515176624256,0.42541206
B2A,91633d4951.jpg,0.7815122466730162,0.43892744
B2A,916ae3f734.jpg,0.5973526563390753,0.47882992
B2A,916ba9d722.jpg,0.7422357447313074,0.3948657
B2A,916caf5698.jpg,0.8014558803250906,0.51153773
B2A,917f384f27.jpg,0.7882597611227848,0.3752645
B2A,91847ec212.jpg,0.6237635584406869,0.60743016
B2A,9186f2f6bf.jpg,0.8365304277173727,0.29304892
B2A,91916e6337.jpg,0.7588360211962522,0.35799876
B2A,9194cac2c2.jpg,0.7868455375981412,0.33688608
B2A,91a6a513e8.jpg,0.6935208223903149,0.3989307
B2A,91bd17ebc1.jpg,0.5653361595239814,0.6274417
B2A,91c0fb330a.jpg,0.7491155011301373,0.3615742
B2A,91c4ec2938.jpg,0.787808300623208,0.3996967
B2A,91caa42854.jpg,0.8013881168853544,0.32937533
B2A,91cdf3c9ec.jpg,0.6770766354083043,0.3930199
B2A,91cef72c5d.jpg,0.7444026325759436,0.3450321
B2A,91cf22742c.jpg,0.8126907931159253,0.482504
B2A,91d1476220.jpg,0.5939280427015526,0.3725523
B2A,91dbb69203.jpg,0.780958110286926,0.34802538
B2A,91e43a72c3.jpg,0.7726390046865313,0.34665832
B2A,91edaa90e8.jpg,0.6590073905142524,0.50527763
B2A,9203f9070e.jpg,0.6905422581091771,0.48838255
B2A,921e0c98a4.jpg,0.7935846640278034,0.4205048
B2A,922e075696.jpg,0.7349740444290207,0.4413098
B2A,924309267b.jpg,0.7303186659702735,0.42114443
B2A,9258ed4e17.jpg,0.47109433273833057,0.61028445
B2A,926fabe094.jpg,0.6177745646685441,0.4825579
B2A,92884da831.jpg,0.7981488943436403,0.39826
B2A,9293bb3ab1.jpg,0.7832428182059861,0.29578814
B2A,9295c73f10.jpg,0.8676718799905709,0.37054574
B2A,92a4544fb1.jpg,0.8031544879246608,0.3045527
B2A,92a77e056a.jpg,0.7213771992654506,0.40707055
B2A,92ad835b19.jpg,0.5230010559059702,0.61654073
B2A,92b15f83a3.jpg,0.6336027517725596,0.47119957
B2A,92b4f542a8.jpg,0.7427655563333296,0.33516645
B2A,92c3fd59e9.jpg,0.8596941968118743,0.25383022
B2A,92c7aa40d9.jpg,0.8542107968908645,0.32380727
B2A,92cb1b612c.jpg,0.6803869432567912,0.3834446
B2A,92d2f773ea.jpg,0.707908538961917,0.43861267
B2A,92d9a71a35.jpg,0.5960683192322995,0.7053739
B2A,92dacc55c5.jpg,0.7728379875682925,0.53314906
B2A,93132bc39a.jpg,0.4970973095707769,0.5586391
B2A,931e9f62be.jpg,0.5902266575553599,0.52597445
B2A,93228e23b7.jpg,0.818901692594586,0.32629904
B2A,932f681182.jpg,0.755318785864775,0.4962976
B2A,93404abb02.jpg,0.7315335301501027,0.43185472
B2A,935b664420.jpg,0.5949218581296751,0.3971388
B2A,935b850c7b.jpg,0.8703822941940096,0.27407545
B2A,936086c2fb.jpg,0.6438208961166831,0.4310122
B2A,9368bfbb0d.jpg,0.7147800509386071,0.5333374
B2A,9384f0381d.jpg,0.7346270619031814,0.42437464
B2A,938d0ba34c.jpg,0.5039200209652804,0.6219055
B2A,938fb66016.jpg,0.798959061756043,0.405692
B2A,9394218ff6.jpg,0.7272335306477965,0.32605428
B2A,9395512e4e.jpg,0.5848427844236072,0.4968629
B2A,939f31a928.jpg,0.5191052540829247,0.44728142
B2A,93a901666e.jpg,0.7026979045736106,0.39428157
B2A,93b37e6702.jpg,0.5534568994103667,0.5176821
B2A,93b7f31cb9.jpg,0.8802627495052396,0.32331866
B2A,93bd999d11.jpg,0.530039643385934,0.81735855
B2A,93c641ad5b.jpg,0.6102182204456165,0.34003443
B2A,93d77f649a.jpg,0.8536352435502153,0.49262494
B2A,93fa7e2d2e.jpg,0.6471511999501786,0.54485947
B2A,93fd6bcbb4.jpg,0.6150193973771418,0.46658477
B2A,9404bff3b5.jpg,0.6714286826501173,0.34854278
B2A,9406f2a468.jpg,0.7637899059032058,0.43027082
B2A,940ebfcf33.jpg,0.6299123963507957,0.39683405
B2A,9412b74bf7.jpg,0.5559385206444466,0.49862087
B2A,941fe1adf7.jpg,0.8713719057355835,0.3000888
B2A,94224752b4.jpg,0.7407306689798839,0.38011837
B2A,94263d971f.jpg,0.8875362603151074,0.41207394
B2A,9427fc76b9.jpg,0.7148973123198328,0.40520906
B2A,944398f81d.jpg,0.6889928135624784,0.36230004
B2A,944bee3f77.jpg,0.5534568997003565,0.56803846
B2A,94502f184f.jpg,0.8058573198674452,0.42924935
B2A,946dd1bb4b.jpg,0.7006680813944587,0.52302164
B2A,946e0d3cf2.jpg,0.7852081204341441,0.3677054
B2A,9470dd8aac.jpg,0.7332105848330828,0.42734426
B2A,947ecf90b9.jpg,0.8250873466067881,0.36355498
B2A,94882d1992.jpg,0.817963285553867,0.33147886
B2A,94979ec8c0.jpg,0.5365918706641934,0.32049558
B2A,949d934747.jpg,0.7670492971867308,0.4156576
B2A,94af688583.jpg,0.6276838411246332,0.62307
B2A,94b20d92c2.jpg,0.7571739932867746,0.57084846
B2A,94b3dc2840.jpg,0.7359804892736141,0.47012374
B2A,94cc7a8697.jpg,0.62279483815506,0.42629698
B2A,94cf38462b.jpg,0.6156939242128353,0.37405622
B2A,94e066f2b3.jpg,0.8619817735783007,0.34323424
B2A,94e1a09e64.jpg,0.6705538903725063,0.36892682
B2A,94ed902431.jpg,0.8055200803337553,0.4684821
B2A,94ef9bc8f4.jpg,0.7648621947018056,0.444992
B2A,94f272fbc2.jpg,0.8463389954145012,0.38518056
B2A,94f6b65afa.jpg,0.8286738708086832,0.58431965
B2A,951804d699.jpg,0.6161250622571088,0.38802975
B2A,95186389f6.jpg,0.7656373585866831,0.36277157
B2A,9525ce824a.jpg,0.7036315932365328,0.35936368
B2A,952d99f5b0.jpg,0.6746680901750348,0.5162455
B2A,953b1317cb.jpg,0.6525903230981934,0.64328504
B2A,9549a2e85c.jpg,0.6484419471369278,0.60589004
B2A,954cbfbad6.jpg,0.5033479238546604,0.70538694
B2A,955d88b9a7.jpg,0.6520951146191739,0.40622646
B2A,9562727728.jpg,0.7641342744552002,0.35088736
B2A,957ae02f79.jpg,0.6991769216767022,0.5149704
B2A,957b22a3a7.jpg,0.7068823419298714,0.37974176
B2A,9588a52282.jpg,0.659605979500435,0.56561846
B2A,95900a984f.jpg,0.48376619331027476,0.6299366
B2A,9593d730f2.jpg,0.5245548958186164,0.4276565
B2A,95a66b0d9b.jpg,0.8281823466669449,0.29194075
B2A,95a6bdb3bf.jpg,0.7221212689770307,0.3298828
B2A,95a7ed2155.jpg,0.7078827968306765,0.33791226
B2A,95a9fadd8f.jpg,0.7772279302530383,0.32417905
B2A,95aaf0fbbd.jpg,0.6244847262867846,0.45966262
B2A,95b2119fa9.jpg,0.702142434016815,0.611787
B2A,95b317a33d.jpg,0.6244710026168935,0.3698211
B2A,95b6abfcee.jpg,0.8364657208370293,0.38436383
B2A,95c438e906.jpg,0.8248890303510558,0.3723128
B2A,95d494f4ae.jpg,0.7620953861268174,0.29672635
B2A,95d4cb8eca.jpg,0.817309668860985,0.36684045
B2A,95deeeec90.jpg,0.8141859229967929,0.3640911
B2A,95dff55b08.jpg,0.8269890702311936,0.37263876
B2A,95e33c18db.jpg,0.7576031556917283,0.40726548
B2A,95f5aeda51.jpg,0.7815370332355777,0.4633551
B2A,95f5d9ab48.jpg,0.6214348311541688,0.3738
B2A,9606c7644b.jpg,0.6478943701270318,0.39393514
B2A,960b5fa7e8.jpg,0.5256320680310584,0.43900904
B2A,96183e38ec.jpg,0.8419643910746927,0.6772089
B2A,9622e7f973.jpg,0.7350708919974684,0.4815497
B2A,962d0ff537.jpg,0.7986829721029484,0.46156174
B2A,963134b323.jpg,0.7660925012161018,0.3683591
B2A,96324aa924.jpg,0.5864762312617394,0.5549586
B2A,963770bacd.jpg,0.7142990360942213,0.4548205
B2A,963c0eb500.jpg,0.799435335139133,0.42123896
B2A,96486253fb.jpg,0.6420212148335483,0.54501
B2A,9652937cf0.jpg,0.717193777977339,0.4565723
B2A,965c4ddd61.jpg,0.5155722562602152,0.45158255
B2A,9670ea6664.jpg,0.8480395408403105,0.36151427
B2A,9681f39ae8.jpg,0.8040709919832072,0.38116747
B2A,9693678067.jpg,0.8548039727596143,0.31959224
B2A,9698946dfb.jpg,0.6657662428868546,0.40122822
B2A,969d45bb23.jpg,0.6666446899905258,0.508576
B2A,96a933541d.jpg,0.7394482996314917,0.3477181
B2A,96ae66347a.jpg,0.7761814147234315,0.3549125
B2A,96b2ac1a1b.jpg,0.7135485942452066,0.44910327
B2A,96b9ee7ec4.jpg,0.7329653132024488,0.39691338
B2A,96baf57a50.jpg,0.8006862283031198,0.58515024
B2A,96c65e76e1.jpg,0.5908092014475899,0.39349514
B2A,96c686ddf6.jpg,0.6526377247514932,0.42932445
B2A,96cb35f032.jpg,0.7448631990286948,0.4830227
B2A,96cda40153.jpg,0.8528614196067824,0.44400394
B2A,96d223307c.jpg,0.6678691083173954,0.40606225
B2A,96d3517f11.jpg,0.8142022679922691,0.2464897
B2A,96da1fc826.jpg,0.5884679130947613,0.50945824
B2A,96e1bb4403.jpg,0.5938621466519459,0.4494136
B2A,96e42a29c9.jpg,0.7143255221022335,0.4739808
B2A,96e7b2c267.jpg,0.6637331160398874,0.40975153
B2A,96e860fd62.jpg,0.7461280279488955,0.4426593
B2A,970d8c0b4c.jpg,0.6913740602014654,0.4321936
B2A,97123776ca.jpg,0.7676619404829613,0.5086683
B2A,971c33b707.jpg,0.8166495081086353,0.3566598
B2A,971fcc6bcc.jpg,0.7200386962877537,0.4400714
B2A,97268dc895.jpg,0.6475575724911153,0.4249293
B2A,973372e3d0.jpg,0.9103323610200683,0.38876247
B2A,973dd4a928.jpg,0.7089440407820152,0.522944
B2A,973f82a644.jpg,0.7233515131320902,0.43515986
B2A,9743bd2705.jpg,0.760962271750639,0.37217647
B2A,975538e5c1.jpg,0.6326355520459972,0.46034193
B2A,976f6eafdd.jpg,0.7015547448863573,0.46814284
B2A,977938602b.jpg,0.58270957469168,0.50398225
B2A,977b1bd3a2.jpg,0.6202312825877484,0.64009315
B2A,977bff16d4.jpg,0.6823890901907368,0.3831827
B2A,978424d552.jpg,0.5648243286762988,0.32831222
B2A,979103c46c.jpg,0.748479329487976,0.39286304
B2A,979e42841f.jpg,0.6977573934020954,0.44694725
B2A,97a87bca91.jpg,0.713349041118322,0.35792375
B2A,97b5d7b81c.jpg,0.7559728103646481,0.4088334
B2A,97bf9704b5.jpg,0.7712189712940771,0.28437844
B2A,97c6fda363.jpg,0.47957895684863316,0.6504557
B2A,97c8c523df.jpg,0.6235561203989481,0.36099443
B2A,97cef7f737.jpg,0.7523728248132453,0.34399176
B2A,97d4460077.jpg,0.6729007238379421,0.42779678
B2A,97d76023a7.jpg,0.6553413752978015,0.4304998
B2A,97dddb7cbb.jpg,0.8033701125833786,0.35421938
B2A,97e4b5f75c.jpg,0.5646915606204709,0.40410006
B2A,97e948fb9d.jpg,0.7738435915774061,0.3539747
B2A,9801846b65.jpg,0.7437558407282769,0.36127904
B2A,9806c55f8e.jpg,0.748142001321509,0.41520908
B2A,9811ee90ac.jpg,0.840717130510205,0.417296
B2A,981f9ee7ce.jpg,0.8706842316225178,0.46657556
B2A,982068245a.jpg,0.6408292833649435,0.44083694
B2A,9820d446a4.jpg,0.762630791902479,0.3926274
B2A,9827d36539.jpg,0.7656607516401966,0.53611565
B2A,982ca3c520.jpg,0.7360628959423821,0.37055576
B2A,9835ba0013.jpg,0.8102527997569886,0.32145497
B2A,983821c850.jpg,0.7634332799372046,0.35696673
B2A,98426ffd66.jpg,0.7232006289921695,0.42345855
B2A,984c6baa94.jpg,0.7569443603050169,0.4158125
B2A,98507e2f68.jpg,0.7945954039262262,0.33812195
B2A,9863a4aa56.jpg,0.610002924020855,0.3864578
B2A,986d6d5bf9.jpg,0.6399515602630034,0.3205519
B2A,988ba0650a.jpg,0.7791282828021626,0.33944148
B2A,9894d1438d.jpg,0.4226009187188731,0.5178073
B2A,9895a5216b.jpg,0.6175381404941915,0.4076173
B2A,98a00fe3fc.jpg,0.5774797211895444,0.505582
B2A,98af1d51cf.jpg,0.7315958067131627,0.4750804
B2A,98b9fbb3fb.jpg,0.7626829792874711,0.329091
B2A,98c28eedfa.jpg,0.7294688813548544,0.4845533
B2A,98cbab58d6.jpg,0.7243228639099792,0.241863
B2A,98d335025e.jpg,0.6940608138278961,0.39989012
B2A,98d4348692.jpg,0.7778538294874533,0.45864663
B2A,98de268fe8.jpg,0.5149879540592758,0.5827134
B2A,98e7d7b48a.jpg,0.7141808920682478,0.37931478
B2A,98ef46be31.jpg,0.8235437155695188,0.39240783
B2A,98fcc9f6fc.jpg,0.8616372248105179,0.31700748
B2A,98ff290926.jpg,0.6269618386814179,0.45544034
B2A,99038bde22.jpg,0.7672258374619917,0.41249526
B2A,99045d3f04.jpg,0.7303382627248539,0.38715032
B2A,9906756ae6.jpg,0.7563960415555954,0.40770963
B2A,990e8ef2f2.jpg,0.8417586338800577,0.4373343
B2A,9912bab8cf.jpg,0.7126752402318085,0.49653137
B2A,9912e8a5a3.jpg,0.5963960044974804,0.4497777
B2A,991eb1e448.jpg,0.8404793768949729,0.41029766
B2A,9921ef9e3c.jpg,0.8150930335859964,0.41944697
B2A,99283f98de.jpg,0.8184388751222863,0.35942876
B2A,99294cd9e3.jpg,0.8188310808692505,0.3231683
B2A,993fb1e69b.jpg,0.8640757491197568,0.3421323
B2A,9945957ec7.jpg,0.5227986841295749,0.6785259
B2A,994a54185f.jpg,0.8155614485377607,0.38317034
B2A,994b994977.jpg,0.8126464394450642,0.3192252
B2A,99676e0f39.jpg,0.6585276433029277,0.4768947
B2A,996de8f5ec.jpg,0.8945236961477548,0.40736586
B2A,997f0ed940.jpg,0.7558875833221094,0.3576637
B2A,9991f94f1d.jpg,0.6898129341570793,0.4771908
B2A,999985c001.jpg,0.7904461335178308,0.500677
B2A,9999c76d32.jpg,0.8666697879116029,0.3079971
B2A,999e87f7a6.jpg,0.8473918508393526,0.2793069
B2A,99a109ea2b.jpg,0.695010968586534,0.62609386
B2A,99a6c4d326.jpg,0.7762331047092642,0.5401027
B2A,99b3b1736b.jpg,0.6413722067234642,0.426105
B2A,99baee78f2.jpg,0.7659285591383342,0.445482
B2A,99c0ccba50.jpg,0.7656261243264977,0.36259073
B2A,99c9687c14.jpg,0.5683367476478498,0.345171
B2A,99cbbc5052.jpg,0.6761047964836047,0.58097553
B2A,99d04bd95f.jpg,0.7458349586382034,0.27907363
B2A,99dacbf106.jpg,0.5692443804790471,0.51352566
B2A,99ed3dc7b2.jpg,0.8285523127482289,0.49941167
B2A,99f621bbdb.jpg,0.8467203456870349,0.31904086
B2A,99fb63fada.jpg,0.7528010358364995,0.36425802
B2A,99fc1c27b2.jpg,0.5861479722621248,0.5440642
B2A,99fcebb45b.jpg,0.573874454827669,0.59411776
B2A,9a0bfe6c86.jpg,0.8974875072840075,0.33928677
B2A,9a2b9dec3a.jpg,0.5484625852523534,0.5859539
B2A,9a4b2f8bd8.jpg,0.8207651261950382,0.31522346
B2A,9a507f5ef4.jpg,0.7789413392264919,0.38334966
B2A,9a5477aaeb.jpg,0.8871550817071253,0.40372396
B2A,9a59323542.jpg,0.5904205670731282,0.4327494
B2A,9a780093c6.jpg,0.8403360491564067,0.4767299
B2A,9a9d4aeb7a.jpg,0.6740445363198455,0.37049234
B2A,9ab17ed33a.jpg,0.6627072567104503,0.33986384
B2A,9adf6d52d3.jpg,0.853143358636494,0.37100974
B2A,9aeb8bd419.jpg,0.7293789773328668,0.40904844
B2A,9af5a24f65.jpg,0.8242755544905516,0.4230485
B2A,9afdeb8ed2.jpg,0.5146853482776603,0.47484022
B2A,9b048364b8.jpg,0.8235048468324674,0.3789748
B2A,9b186b8f81.jpg,0.9024474452603913,0.33194315
B2A,9b1b974368.jpg,0.5605064653581019,0.5717802
B2A,9b1c51d91c.jpg,0.8188019716019544,0.37886018
B2A,9b3053dc34.jpg,0.7312163803469819,0.5857897
B2A,9b3abf3a98.jpg,0.7735787447954307,0.32162237
B2A,9b513c7a1c.jpg,0.7557569389885187,0.3579205
B2A,9b5be07782.jpg,0.6853929023402188,0.43125582
B2A,9b5d6d5b9b.jpg,0.5148698904509388,0.5136758
B2A,9b5e41ac82.jpg,0.8372503018700418,0.3912526
B2A,9b6bec8314.jpg,0.7598251055148386,0.38585484
B2A,9b7d65decf.jpg,0.6688122445386766,0.4171974
B2A,9b85a6c570.jpg,0.8630156158917194,0.36927184
B2A,9b87bd9191.jpg,0.6701908756065836,0.43371576
B2A,9b95a6cc9b.jpg,0.8939368491677033,0.4119494
B2A,9b9cdde1ce.jpg,0.6897059498596382,0.38922954
B2A,9ba4ae09af.jpg,0.8601014489706406,0.4757707
B2A,9ba9376b9d.jpg,0.7955308446483812,0.31109506
B2A,9baca6d979.jpg,0.8179410654773367,0.40046132
B2A,9bd1b8c1be.jpg,0.9124064011486964,0.29036242
B2A,9bd28a56c1.jpg,0.7823944607079529,0.45064345
B2A,9be2b6c083.jpg,0.5599286638674095,0.5372307
B2A,9bf556f160.jpg,0.7991223406495864,0.5794707
B2A,9bf931ead4.jpg,0.7581536750053435,0.385697
B2A,9bfcbc6fe3.jpg,0.5861512014259131,0.44721854
B2A,9c0c63914a.jpg,0.7257009026655895,0.45749092
B2A,9c0e343a29.jpg,0.8449045354945734,0.3473077
B2A,9c102e25d3.jpg,0.7537474005887568,0.46130645
B2A,9c10716ffd.jpg,0.7663005982260233,0.5900697
B2A,9c204faa1f.jpg,0.4874170051927171,0.6513137
B2A,9c25e78088.jpg,0.7994516707889018,0.43308535
B2A,9c2fed3088.jpg,0.7394415027917923,0.4510639
B2A,9c4050f532.jpg,0.6983878606085273,0.4520942
B2A,9c4dd0a48f.jpg,0.5705761459240647,0.63090754
B2A,9c564000e7.jpg,0.6053996603042715,0.58303285
B2A,9c70f10a5a.jpg,0.8934531328106657,0.379253
B2A,9c77707e49.jpg,0.6106359153347347,0.58377075
B2A,9c92f8345f.jpg,0.8135391790241107,0.31386405
B2A,9ca436a170.jpg,0.787564359224008,0.30259833
B2A,9caa11517e.jpg,0.8068274003192876,0.42055055
B2A,9cac2116d7.jpg,0.8603874209355072,0.3713732
B2A,9cb836306d.jpg,0.7498592718279533,0.46102232
B2A,9cbcbdcbb3.jpg,0.5950334487308302,0.42594814
B2A,9cc0e6163f.jpg,0.8256048623040328,0.33987534
B2A,9cc35ff83e.jpg,0.7367254591415628,0.4181841
B2A,9cc789cfef.jpg,0.7830390919607855,0.3570286
B2A,9ccca8eac7.jpg,0.8222755915597885,0.35490304
B2A,9ce382c263.jpg,0.6897226223874301,0.44423774
B2A,9cef1e6708.jpg,0.7914256647767669,0.28564483
B2A,9cf972ea28.jpg,0.7564674817418476,0.51281506
B2A,9cfb0b75ab.jpg,0.5477892843286399,0.36021402
B2A,9d09a34740.jpg,0.7676849964631296,0.49137363
B2A,9d3885ad89.jpg,0.5954336996815095,0.6838708
B2A,9d3c6b28c4.jpg,0.7257650661436919,0.32538038
B2A,9d438a0bb2.jpg,0.7778451854309008,0.3702875
B2A,9d4711f6ef.jpg,0.6884596272250244,0.42511076
B2A,9d59515745.jpg,0.6576573920475721,0.39244533
B2A,9d6df08287.jpg,0.6584852760058507,0.44556844
B2A,9d74f4e539.jpg,0.5783006563905483,0.4116821
B2A,9d766ffc5c.jpg,0.5623096724223146,0.35566223
B2A,9d7b548d1f.jpg,0.8456660528395473,0.33372217
B2A,9d7c3c3eea.jpg,0.78051154375423,0.29215392
B2A,9d82fd9e98.jpg,0.6700653290302984,0.48772138
B2A,9d92ef2ffc.jpg,0.665082562355783,0.39555225
B2A,9da065344d.jpg,0.7811203976866907,0.49154928
B2A,9dad30bdf5.jpg,0.6607579531079457,0.47207004
B2A,9dbc604a03.jpg,0.8097774411050737,0.40023285
B2A,9dc4a07f48.jpg,0.6189035291249275,0.3374502
B2A,9dc4a40f1a.jpg,0.698966616245087,0.5639182
B2A,9dcebd8348.jpg,0.697521935172214,0.45549724
B2A,9dd9044174.jpg,0.8083738467036945,0.5167767
B2A,9dfd1f8a09.jpg,0.6861664831615835,0.49769175
B2A,9e0a0d54b5.jpg,0.7690160350167521,0.40232387
B2A,9e13541480.jpg,0.8695953363087632,0.2777635
B2A,9e176db9cd.jpg,0.7657298874382544,0.31606692
B2A,9e1842231b.jpg,0.7202402837352595,0.48543268
B2A,9e2f4c39d2.jpg,0.6067714722142764,0.5246989
B2A,9e3b34bb13.jpg,0.6952365637358743,0.43876702
B2A,9e456ef2a7.jpg,0.853726369551353,0.32409364
B2A,9e4b9f428b.jpg,0.5718282742510908,0.537886
B2A,9e5dabe2b2.jpg,0.6416977425047004,0.34068695
B2A,9e65828ee9.jpg,0.8662561914120186,0.3666693
B2A,9e664ae2ef.jpg,0.5154079757972378,0.39472705
B2A,9e72cedb73.jpg,0.855430140530198,0.5547987
B2A,9e7fcf4aaf.jpg,0.6371598013553144,0.5851432
B2A,9e81e8d2fe.jpg,0.6202746722550442,0.41848743
B2A,9e8554fade.jpg,0.7275882183255934,0.3860808
B2A,9e85d95d05.jpg,0.7939964391949021,0.33937743
B2A,9ea148fcc4.jpg,0.5505760757700429,0.49362364
B2A,9ea60e0936.jpg,0.6313197526290141,0.34845048
B2A,9eacea8aca.jpg,0.8117767684225564,0.43289807
B2A,9ebccc0a7d.jpg,0.7768584538731151,0.3901217
B2A,9ebcfa05af.jpg,0.7260192866142124,0.48186865
B2A,9ecf061dad.jpg,0.8453716664432493,0.3386383
B2A,9edf01ed43.jpg,0.61702910136176,0.47115934
B2A,9ef7c05e0f.jpg,0.8536744986093038,0.23931642
B2A,9f0c9920f5.jpg,0.6616613009092639,0.54682744
B2A,9f15606758.jpg,0.682214802139691,0.4101486
B2A,9f19e8f425.jpg,0.6217829103698121,0.49127138
B2A,9f24f894f6.jpg,0.8247668485952538,0.34831914
B2A,9f27c688cf.jpg,0.7904457794530605,0.37713307
B2A,9f29c11732.jpg,0.7439242617483434,0.4133808
B2A,9f335bade6.jpg,0.7187263028072393,0.42115667
B2A,9f34fc3c60.jpg,0.5767309448303524,0.38523376
B2A,9f37f0dae8.jpg,0.8319819912408607,0.3862452
B2A,9f41d8a922.jpg,0.7460006318979869,0.52203244
B2A,9f52b55c2b.jpg,0.7485344242482059,0.41617733
B2A,9f52dd1c0b.jpg,0.7692596402711711,0.30661696
B2A,9f56a6400d.jpg,0.5740104797499614,0.43795067
B2A,9f740de87d.jpg,0.8343646129289216,0.3529072
B2A,9f777a3144.jpg,0.8232071069378142,0.5005551
B2A,9f80b1bc48.jpg,0.720015364543042,0.53692055
B2A,9f8ae5b166.jpg,0.5905634407535583,0.4135367
B2A,9f9796d6b3.jpg,0.6986672979560331,0.32067817
B2A,9f98b589a1.jpg,0.8519631592626843,0.39026487
B2A,9f9c46fa6b.jpg,0.9082264062494739,0.35535848
B2A,9fb63bf849.jpg,0.6907661252130085,0.49864146
B2A,9fbbbf4aec.jpg,0.6591392282431968,0.5339281
B2A,9fe12f7bca.jpg,0.7246457638063893,0.5170594
B2A,9ff0e57941.jpg,0.725210805364151,0.46400556
B2A,9ff990e66c.jpg,0.7546562839295934,0.47407272
B2A,a0077f9248.jpg,0.780367039345263,0.32795253
B2A,a01c871721.jpg,0.6745434278948341,0.5366777
B2A,a01ee31b6c.jpg,0.7660143556298952,0.30095106
B2A,a0227b5ace.jpg,0.5541845500186218,0.41063973
B2A,a0235aa7f0.jpg,0.7866209861793318,0.37189043
B2A,a03dd34359.jpg,0.644977651551777,0.57334334
B2A,a0465f0aa6.jpg,0.7736337204553984,0.35801
B2A,a04e9f4231.jpg,0.6910001493413035,0.5372951
B2A,a0522f278a.jpg,0.7265606636636122,0.3833491
B2A,a059321061.jpg,0.5428475712502754,0.449396
B2A,a05aa88f6d.jpg,0.6123308447032235,0.6403912
B2A,a05e1485c1.jpg,0.6844835539791334,0.3452302
B2A,a0875579e8.jpg,0.8651290060754515,0.43650338
B2A,a095ec94a6.jpg,0.7977877644450184,0.3941333
B2A,a0cfc9ae82.jpg,0.8233048600377321,0.33960956
B2A,a0d15eb976.jpg,0.5737309719911632,0.47412094
B2A,a0d3357912.jpg,0.7559099029339944,0.5368552
B2A,a0d4bc2b72.jpg,0.7706603951905171,0.4752469
B2A,a0db0509a4.jpg,0.5445459602324089,0.4039369
B2A,a0e2fcf6d8.jpg,0.5398739097099908,0.61535686
B2A,a0ecda5d45.jpg,0.8003439822002866,0.38584068
B2A,a0f0dee611.jpg,0.7605292844117388,0.29634947
B2A,a0f2fad96f.jpg,0.6960401946595307,0.44838953
B2A,a1076aac63.jpg,0.6583156251932042,0.46805623
B2A,a1126aa060.jpg,0.7199096951334155,0.39087084
B2A,a114ee8b43.jpg,0.7144491632156434,0.35893184
B2A,a12235c7d1.jpg,0.6973649767579977,0.48969445
B2A,a13915ca96.jpg,0.6846739010633918,0.3974848
B2A,a13aca724a.jpg,0.696276572368683,0.39880845
B2A,a146cdb74b.jpg,0.6056172526294408,0.38202995
B2A,a157f8c6e2.jpg,0.8095659966101814,0.28418607
B2A,a15ecd5efe.jpg,0.7402402808737222,0.30744326
B2A,a16537d464.jpg,0.7310851671282022,0.37983698
B2A,a177641de7.jpg,0.8249614843346101,0.4269917
B2A,a179e79a0c.jpg,0.8217264795755389,0.2982928
B2A,a17e7e49b0.jpg,0.650793140992382,0.43889543
B2A,a181b6250e.jpg,0.6947949570791302,0.37123483
B2A,a1885fbac2.jpg,0.6334880313520411,0.4230227
B2A,a18cb10e08.jpg,0.65463386394467,0.46599078
B2A,a18e92742a.jpg,0.7040727739311564,0.67749023
B2A,a197fed5c3.jpg,0.6753259599995939,0.4217859
B2A,a19962fefc.jpg,0.8397099094190092,0.34072202
B2A,a19cf2cdbb.jpg,0.5941848800833579,0.4609796
B2A,a1a84d3eda.jpg,0.7687287977138602,0.48659223
B2A,a1c54d6c61.jpg,0.5819309475513886,0.4479063
B2A,a1c88d3e35.jpg,0.7414968842215549,0.37743855
B2A,a1cc606af8.jpg,0.8237148205975487,0.35386527
B2A,a1e45dc986.jpg,0.7258856650446426,0.39437735
B2A,a1faf9de15.jpg,0.7354099907701377,0.35478914
B2A,a1fc123777.jpg,0.7262351430190844,0.4126151
B2A,a20a19b515.jpg,0.7545888850120436,0.40008652
B2A,a229109704.jpg,0.8138613563328896,0.31326306
B2A,a2307719e1.jpg,0.7019662953971627,0.49568233
B2A,a23e7dfef5.jpg,0.6921718619969476,0.4701839
B2A,a25b63eadf.jpg,0.7166603713611218,0.5062753
B2A,a25eb81721.jpg,0.6586821852972129,0.45613852
B2A,a263521820.jpg,0.887796055159194,0.3218902
B2A,a2635ee772.jpg,0.7521249834407656,0.33072823
B2A,a26b0f2735.jpg,0.8462449429004993,0.3173836
B2A,a2711f0830.jpg,0.7686912437198697,0.29896504
B2A,a2820db109.jpg,0.5436676923915434,0.61942047
B2A,a283654df3.jpg,0.7556646290128397,0.36854628
B2A,a290773de7.jpg,0.81377677050535,0.4083695
B2A,a2bc2b83eb.jpg,0.6572786940242844,0.40374774
B2A,a2c884fda1.jpg,0.8198884147846783,0.37148458
B2A,a2ccf1f748.jpg,0.595626982135742,0.6495903
B2A,a2cfeba0e4.jpg,0.5296549667816004,0.3305537
B2A,a301643a27.jpg,0.8006552533542416,0.36796045
B2A,a31e04cec3.jpg,0.6178160010063761,0.54299515
B2A,a32b552866.jpg,0.8261809510672832,0.3715491
B2A,a32d4ea5ac.jpg,0.7595878896282773,0.51431525
B2A,a32e116556.jpg,0.694138781442892,0.44941914
B2A,a32f6b942f.jpg,0.8161189536655369,0.37327194
B2A,a359bc69a6.jpg,0.7513557170239089,0.48527825
B2A,a362f89cd1.jpg,0.8398445869276772,0.3626509
B2A,a366accb3c.jpg,0.8694319795547616,0.38720116
B2A,a37515911a.jpg,0.6148336527459951,0.45183146
B2A,a37b1c52f2.jpg,0.7109812518249139,0.49687174
B2A,a38abc41c8.jpg,0.752377780269489,0.38312852
B2A,a3a4e42632.jpg,0.7044008706325766,0.5947558
B2A,a3ac3b8f7e.jpg,0.7271696476786536,0.46390626
B2A,a3b40d246d.jpg,0.7503017000268711,0.569516
B2A,a3bc08b40b.jpg,0.7812731930194804,0.32349733
B2A,a3d3b5d93a.jpg,0.628887004389049,0.47516963
B2A,a3d574e6e3.jpg,0.6960037872774464,0.55302095
B2A,a3df896182.jpg,0.7538683296575311,0.29309207
B2A,a3e41f7a46.jpg,0.7676391876094274,0.4778046
B2A,a3e4a4c73b.jpg,0.7853101806426825,0.3791467
B2A,a3f8364c10.jpg,0.6197083300290801,0.64981407
B2A,a3fba584f9.jpg,0.7735299825404146,0.40419787
B2A,a40511031a.jpg,0.7943024141909352,0.36046368
B2A,a40db75ec2.jpg,0.7916929714659734,0.42614603
B2A,a40ec56a84.jpg,0.7659678667646903,0.5415784
B2A,a412f13a5b.jpg,0.6827312949355763,0.39516026
B2A,a42d5a72ff.jpg,0.6777443991987329,0.35791457
B2A,a4314f85dd.jpg,0.7937076571270083,0.3809853
B2A,a43c11f6e4.jpg,0.7234169176388542,0.48914084
B2A,a43e096ce5.jpg,0.7634724382333142,0.3391571
B2A,a4418037c4.jpg,0.6855613989050737,0.49710464
B2A,a448539aa0.jpg,0.7629315940712397,0.62154824
B2A,a4490bd462.jpg,0.8208961802844565,0.29507416
B2A,a456fc158f.jpg,0.8001997781120704,0.37839293
B2A,a45c5b6869.jpg,0.7975238899472804,0.3555509
B2A,a467ebbd05.jpg,0.8583326495816579,0.30210727
B2A,a485cebc5d.jpg,0.7670566863715929,0.39846295
B2A,a48886307d.jpg,0.6201459747548838,0.52884364
B2A,a4963511f4.jpg,0.8628954857416259,0.34157035
B2A,a49bfc7f31.jpg,0.5951233958969792,0.56553566
B2A,a49df48149.jpg,0.8801076138587401,0.53711665
B2A,a4a867e38f.jpg,0.8052446482799219,0.55315083
B2A,a4b3c66449.jpg,0.6942986049430232,0.3757603
B2A,a4ba621177.jpg,0.7553845229176973,0.38388112
B2A,a4ba843961.jpg,0.6059918494451701,0.41723323
B2A,a4cd276f26.jpg,0.7124921265384447,0.40195867
B2A,a4e346e887.jpg,0.7204444663881917,0.49225727
B2A,a4e3e280d9.jpg,0.704731888914544,0.43413743
B2A,a4f4d25e61.jpg,0.7361088110655306,0.3770541
B2A,a4f8537cd9.jpg,0.698189044434033,0.32393512
B2A,a50aba1d24.jpg,0.8684283471851525,0.3396885
B2A,a5181cd01f.jpg,0.8141433683547901,0.34802622
B2A,a519ab666c.jpg,0.5350142436809167,0.8049631
B2A,a51b62995b.jpg,0.7111540535653886,0.37200242
B2A,a51c7b2303.jpg,0.7545639683844546,0.45097473
B2A,a53008cac1.jpg,0.8151391748784191,0.28420854
B2A,a53383dc25.jpg,0.5602321774771364,0.43640378
B2A,a53affbb0b.jpg,0.7140993926192121,0.58317155
B2A,a542e05538.jpg,0.7998868898549801,0.37239644
B2A,a54454c5ea.jpg,0.6796804389706312,0.40269542
B2A,a546e53fbe.jpg,0.6962973724641163,0.8665845
B2A,a552d6a455.jpg,0.658963845368808,0.36388788
B2A,a55a1a091c.jpg,0.633396958213723,0.47132677
B2A,a562192a23.jpg,0.7932496359504155,0.35792038
B2A,a577c91fc1.jpg,0.7456208757423448,0.47808188
B2A,a57c43fffc.jpg,0.7842620601483651,0.4755545
B2A,a588de330c.jpg,0.7609442349446618,0.5113616
B2A,a590f768fe.jpg,0.7515952931294391,0.46813673
B2A,a595719ef9.jpg,0.8182263149393489,0.3782089
B2A,a598e08f68.jpg,0.7094440648596477,0.54088354
B2A,a598e5aef5.jpg,0.4388526041149908,0.5882629
B2A,a59c317767.jpg,0.6666240001719531,0.560343
B2A,a5a55a6605.jpg,0.7741789160459721,0.44290668
B2A,a5af8b893b.jpg,0.8181689971263449,0.38245058
B2A,a5b1cfbcfd.jpg,0.6179030601503086,0.41439614
B2A,a5bc67adcd.jpg,0.8526628482007219,0.30703267
B2A,a5d272747e.jpg,0.7025543970893336,0.4421134
B2A,a5da7f96c4.jpg,0.7929605714593505,0.35112327
B2A,a604002e2a.jpg,0.8393642971490263,0.31810734
B2A,a617bbf356.jpg,0.748640232130701,0.52693534
B2A,a61beb8d14.jpg,0.5967517505413142,0.4083159
B2A,a61d366d2d.jpg,0.6004055170943298,0.6133574
B2A,a62e7a5101.jpg,0.7477111775843777,0.42432937
B2A,a62ea8db0f.jpg,0.8300564269810817,0.34538847
B2A,a6323ca7f3.jpg,0.5951189489983825,0.46931046
B2A,a632e5523e.jpg,0.7184113034543314,0.43948084
B2A,a638326b1d.jpg,0.7373504525712854,0.49266836
B2A,a63a202a57.jpg,0.7858140330228757,0.29252335
B2A,a63a32e180.jpg,0.7720642149049912,0.34040147
B2A,a63d70c4a3.jpg,0.6940993857067596,0.4347328
B2A,a64fb4de85.jpg,0.8419657770847476,0.37464628
B2A,a6561cf2e0.jpg,0.7604862941572618,0.53153205
B2A,a658eef56c.jpg,0.7094669284255121,0.39590096
B2A,a65bfd0e43.jpg,0.47988182711064165,0.6979079
B2A,a65e118960.jpg,0.6747657813125565,0.46661144
B2A,a67feba233.jpg,0.8199555016077511,0.32327533
B2A,a682ce11f5.jpg,0.73443450201713,0.3267685
B2A,a6838bdf94.jpg,0.7870837233064462,0.44156408
B2A,a68efb6c07.jpg,0.7873749510718732,0.38899684
B2A,a694999074.jpg,0.5976085299048626,0.69108826
B2A,a6959d7c87.jpg,0.7503842531813841,0.40217847
B2A,a6a316bffd.jpg,0.696561348632934,0.2971921
B2A,a6c9c35a31.jpg,0.7201712863279256,0.43983504
B2A,a6cc5973c2.jpg,0.8502882377850481,0.2646219
B2A,a6d026b823.jpg,0.6416438105259968,0.5033392
B2A,a6df272807.jpg,0.7104394196722201,0.4532268
B2A,a6e2dd35f8.jpg,0.8125556829078704,0.4043475
B2A,a6e519d471.jpg,0.6811353456872288,0.42824125
B2A,a708982f02.jpg,0.6265136234826453,0.56931674
B2A,a70ea207cc.jpg,0.6724935829670183,0.48763233
B2A,a71799de73.jpg,0.8168421329550755,0.4374564
B2A,a71f15712f.jpg,0.5771577629971791,0.57549185
B2A,a739ea92ae.jpg,0.8451844970583569,0.37149626
B2A,a74f4e06aa.jpg,0.7549364295927107,0.39444894
B2A,a75469e52f.jpg,0.7965307520894814,0.34853166
B2A,a7594e87fd.jpg,0.7556584450585815,0.39066833
B2A,a76093c3dd.jpg,0.7267771773172649,0.49822056
B2A,a760bc4309.jpg,0.7752943125905878,0.37156972
B2A,a777303bee.jpg,0.877849467919159,0.431002
B2A,a786ecfabb.jpg,0.8439199495280836,0.42332104
B2A,a7883bc50e.jpg,0.6649204223799905,0.7474115
B2A,a7976448c0.jpg,0.7218840686345487,0.47372964
B2A,a798e840cc.jpg,0.6080615602905953,0.55794024
B2A,a79f8d5a7d.jpg,0.8274442090938193,0.39511248
B2A,a7a21f3ccd.jpg,0.7834559902310232,0.51634496
B2A,a7a2534308.jpg,0.6840710574412769,0.5770031
B2A,a7ae4aab24.jpg,0.7590050475435565,0.3401923
B2A,a7b11a83ba.jpg,0.8025239288987909,0.25400588
B2A,a7b5f480d3.jpg,0.8451135439534622,0.38458562
B2A,a7ba1fdb8d.jpg,0.6213767905250912,0.25420648
B2A,a7c3243254.jpg,0.7868097312938968,0.37657788
B2A,a7c5642b9b.jpg,0.8377880263715107,0.30109438
B2A,a7c972a651.jpg,0.5667336450557868,0.6774302
B2A,a7e09af64a.jpg,0.7958005932202785,0.3425952
B2A,a7e86fbe21.jpg,0.6866043277090725,0.44361067
B2A,a7fb6b9ffa.jpg,0.669678639522621,0.5033648
B2A,a7ffac0edb.jpg,0.811143071677647,0.27650395
B2A,a80594f85b.jpg,0.7221219178660955,0.3939397
B2A,a8089a9f66.jpg,0.8289560095346267,0.3429289
B2A,a8095aa2f5.jpg,0.8533560418653205,0.27819812
B2A,a80c7ee69a.jpg,0.5687450893281497,0.5387683
B2A,a828255ebc.jpg,0.7074980931902565,0.36358643
B2A,a82a9c378a.jpg,0.6845610524167881,0.40635508
B2A,a82c3afbbd.jpg,0.678982524719705,0.39553377
B2A,a84921e7be.jpg,0.8733028210020385,0.26946908
B2A,a84f3fbf3f.jpg,0.6631881352474222,0.44485974
B2A,a85633910c.jpg,0.6467208947887862,0.276226
B2A,a85a8cee92.jpg,0.7193746328716916,0.47281167
B2A,a8686f237c.jpg,0.5953042922305839,0.36194208
B2A,a86f13ae99.jpg,0.7708310838438067,0.32792607
B2A,a876481147.jpg,0.757435353600715,0.39576453
B2A,a88e5ab869.jpg,0.7295178905859946,0.5083156
B2A,a8911b1283.jpg,0.697937400254091,0.4482299
B2A,a89631a70e.jpg,0.7337465504563199,0.47462142
B2A,a89c8773ae.jpg,0.7960103369279443,0.2272527
B2A,a8a27b4e1a.jpg,0.6071447375861468,0.69823515
B2A,a8a4ee4f79.jpg,0.7971620795082021,0.40342146
B2A,a8b7358e0e.jpg,0.6777399777858591,0.42525196
B2A,a8c04e4f33.jpg,0.709488449864837,0.53346705
B2A,a8d022d99c.jpg,0.7018395350106055,0.5035319
B2A,a8d3c5c2d3.jpg,0.6853165334934161,0.5909115
B2A,a8d61b91a4.jpg,0.6789767174337973,0.52933
B2A,a8e351db00.jpg,0.5673677408206245,0.59403807
B2A,a8e62405d3.jpg,0.8007238571878783,0.36696324
B2A,a908f29569.jpg,0.8595646040927309,0.50565743
B2A,a90b8ea6ed.jpg,0.6219473360197323,0.53764623
B2A,a91402ed9b.jpg,0.6684801427273167,0.38561186
B2A,a917afed2a.jpg,0.7542835892488267,0.4389195
B2A,a92d0cde38.jpg,0.7264226150684636,0.32488918
B2A,a92eed65ce.jpg,0.6160204965291703,0.46833044
B2A,a93e11ed37.jpg,0.8068733820109145,0.33795747
B2A,a945149eb0.jpg,0.8758177918032785,0.3243778
B2A,a9460f4e16.jpg,0.782499638683557,0.39506826
B2A,a946a049f9.jpg,0.6518087790958329,0.40198046
B2A,a9542998ad.jpg,0.7902453115929714,0.49758542
B2A,a95a086609.jpg,0.7315444026724176,0.4220993
B2A,a962271585.jpg,0.7813092365037773,0.5056962
B2A,a963d0573b.jpg,0.6990572821772104,0.46498847
B2A,a965ac5835.jpg,0.7067964536368787,0.4986645
B2A,a97237c4b1.jpg,0.8265129125621052,0.3722713
B2A,a97e50a8d4.jpg,0.7500923273957893,0.46320292
B2A,a98179e505.jpg,0.6805307187758245,0.34381956
B2A,a99dbf6b17.jpg,0.7891008519459394,0.33566543
B2A,a99f495968.jpg,0.6180846473567199,0.47300917
B2A,a9a61131fc.jpg,0.8033058879774727,0.5163961
B2A,a9a7cc1b1c.jpg,0.8335605697337926,0.64469606
B2A,a9a881577b.jpg,0.5478040169853101,0.59919834
B2A,a9d597ca20.jpg,0.6915990529911124,0.49124408
B2A,a9d902fc38.jpg,0.6620542551398986,0.46726668
B2A,a9de4c4d69.jpg,0.7598502562443903,0.39181954
B2A,a9ef8c2bcd.jpg,0.6581423383508304,0.42923975
B2A,a9efa619e0.jpg,0.7426168499675075,0.44797492
B2A,a9faa93d67.jpg,0.6713591451252181,0.42471474
B2A,a9fe1f88ab.jpg,0.6410545631639026,0.6758837
B2A,a9ff892ea7.jpg,0.7281050956467926,0.3206941
B2A,aa0485a59f.jpg,0.8000456691378711,0.3472009
B2A,aa09a96ed1.jpg,0.5833996974489674,0.6461693
B2A,aa102a3ea1.jpg,0.8367705987589887,0.29796025
B2A,aa108bb6da.jpg,0.8188613298395712,0.31147707
B2A,aa238a7170.jpg,0.7398048533132308,0.371081
B2A,aa26ff7c15.jpg,0.7373048492025798,0.4963212
B2A,aa2afa7cfe.jpg,0.6741972029111502,0.48852018
B2A,aa2b315b55.jpg,0.6079220227044295,0.53131515
B2A,aa387dcb3e.jpg,0.6646392756226293,0.40096265
B2A,aa3f9768ff.jpg,0.5434239050576769,0.40100232
B2A,aa44603744.jpg,0.5734407154028714,0.41994902
B2A,aa4c6e40e5.jpg,0.6861184328443571,0.5137424
B2A,aa64f54007.jpg,0.8066531497722049,0.3723179
B2A,aa72b9cc61.jpg,0.7320865347235957,0.39128113
B2A,aa778409e9.jpg,0.7455645164980174,0.36000085
B2A,aa8e5f3af4.jpg,0.7284485893850587,0.49597102
B2A,aa99d68834.jpg,0.7686173454247996,0.392038
B2A,aa9acfe3e7.jpg,0.7607590293607265,0.4393256
B2A,aaaffcb550.jpg,0.6804569184405592,0.58265954
B2A,aab0eaf7cd.jpg,0.8607117003709932,0.38089144
B2A,aab746580f.jpg,0.5123458444009584,0.5557772
B2A,aabffc2182.jpg,0.7809059508924221,0.2977964
B2A,aac1f31a2d.jpg,0.5828911709751113,0.6097891
B2A,aaca9f8d52.jpg,0.7458866561003421,0.35634512
B2A,aacc4a4e82.jpg,0.7992568437822041,0.28552565
B2A,aadee76463.jpg,0.6541314589824287,0.37380815
B2A,aaeb9e1228.jpg,0.7118248670260379,0.46481264
B2A,ab001a0dce.jpg,0.7770957380304515,0.46368814
B2A,ab04be8f33.jpg,0.6169449665802068,0.4331731
B2A,ab0917a3f9.jpg,0.71341224079823,0.5025512
B2A,ab0d0dfe08.jpg,0.6806426880735312,0.47384682
B2A,ab1141671d.jpg,0.564906616398249,0.39571077
B2A,ab3576b164.jpg,0.7268352411217837,0.33692685
B2A,ab36e4f5d7.jpg,0.8020935437336489,0.33640766
B2A,ab4450580b.jpg,0.6946484156699756,0.6317901
B2A,ab45414f0a.jpg,0.7195839863574938,0.38179833
B2A,ab808be34d.jpg,0.6295083748225219,0.58041286
B2A,ab8999b3d4.jpg,0.5587711714263969,0.31312808
B2A,abaa2d0caf.jpg,0.5021971124911625,0.5197821
B2A,abaf585ce0.jpg,0.7427461962701286,0.39609686
B2A,abb7c92cd2.jpg,0.7809342214269197,0.39131555
B2A,abc2244ad0.jpg,0.7010703914158692,0.45821404
B2A,abc26dd865.jpg,0.7405276463954025,0.4191798
B2A,abc76b33c5.jpg,0.6667790561236985,0.52231836
B2A,abd58494e7.jpg,0.7781169443426112,0.3220197
B2A,abe159882d.jpg,0.6819730108736785,0.34661868
B2A,abe813f1cb.jpg,0.7135477490489264,0.31515452
B2A,abeca4498a.jpg,0.5700392509155683,0.60262114
B2A,abee44db3e.jpg,0.729941853221604,0.5393528
B2A,abfbbbd0ca.jpg,0.7332082934349629,0.380995
B2A,ac049a3c0d.jpg,0.756757961268378,0.4475218
B2A,ac22f8134b.jpg,0.470822847737008,0.75661266
B2A,ac36bd24bb.jpg,0.7759450098105887,0.40702102
B2A,ac50e0ca26.jpg,0.8094269373839396,0.43034095
B2A,ac5181086c.jpg,0.7788487557255497,0.42346692
B2A,ac5b1ab8f0.jpg,0.7492656083508671,0.42425916
B2A,ac5d1dd7a1.jpg,0.5558629228802849,0.73274946
B2A,ac91124a63.jpg,0.7542062701659643,0.4857434
B2A,ac91ac81c3.jpg,0.7408693623307556,0.4032568
B2A,ac932a461b.jpg,0.7758210727846795,0.31656554
B2A,ac9afdb0a8.jpg,0.7818273049216519,0.38233125
B2A,ac9c8211cb.jpg,0.7709564936911912,0.50632066
B2A,aca32eb466.jpg,0.7764451187940737,0.32667384
B2A,aca45f78be.jpg,0.7977152050480204,0.43305886
B2A,acab996be8.jpg,0.7471387155480103,0.34251922
B2A,acae006873.jpg,0.7345066493241525,0.4225176
B2A,acaf4ef81e.jpg,0.8114958200501751,0.3629802
B2A,acbede97b1.jpg,0.7180017612983258,0.4518096
B2A,acc787b868.jpg,0.7732301098369558,0.5017102
B2A,acc8b354fc.jpg,0.8310589609570943,0.3419124
B2A,acccbeb5a3.jpg,0.8332032742524901,0.37722066
B2A,accfade258.jpg,0.7263706800677004,0.5324923
B2A,acda36155d.jpg,0.638563104087485,0.39699584
B2A,ace63e2d37.jpg,0.6648684882290888,0.29284233
B2A,acf0aeda10.jpg,0.8372962841819429,0.36018562
B2A,acf43bbda9.jpg,0.665162332844208,0.3756104
B2A,ad08c8c439.jpg,0.6830767058847373,0.43169227
B2A,ad122b9a0c.jpg,0.7462490930220834,0.3592221
B2A,ad1819b0e6.jpg,0.7449301867344807,0.41879165
B2A,ad1a8669c9.jpg,0.6913340283862351,0.48555848
B2A,ad24506f8b.jpg,0.7256049873020414,0.49187157
B2A,ad31237f7b.jpg,0.8334158416935419,0.27237603
B2A,ad3d8eb941.jpg,0.6042887962412933,0.64859134
B2A,ad4208f91f.jpg,0.7938579234129638,0.38293165
B2A,ad5065585a.jpg,0.8225439327801456,0.30555487
B2A,ad5385ebb1.jpg,0.5937656130601442,0.54356945
B2A,ad5c6dd37f.jpg,0.7946264743420155,0.42981434
B2A,ad673d759f.jpg,0.6376800773193901,0.5241324
B2A,ad67e71b94.jpg,0.5873925169102129,0.37230474
B2A,ad7d5b8945.jpg,0.8645773780770123,0.29460794
B2A,ad8139d30e.jpg,0.6949478409028442,0.495017
B2A,ad8f6db4da.jpg,0.9274420111579719,0.30946666
B2A,ad8fca5a81.jpg,0.7517886363425367,0.36701125
B2A,ad95d06611.jpg,0.9001409668605126,0.41119313
B2A,ada37edd54.jpg,0.7007521167699458,0.6244299
B2A,ada576bcf5.jpg,0.7830328513546403,0.40667346
B2A,ada64f6f98.jpg,0.6592244208860576,0.4444189
B2A,adb5589a4a.jpg,0.760531050721214,0.4192157
B2A,adbb6706f4.jpg,0.6748770302593579,0.40679482
B2A,adc015d394.jpg,0.7652804792903589,0.36856702
B2A,adc7df4c09.jpg,0.7251654125237588,0.33045334
B2A,adc8bca42b.jpg,0.7510950770351782,0.3568324
B2A,add673f629.jpg,0.8322057205792683,0.34409696
B2A,addb9e11be.jpg,0.8363832660492779,0.33092064
B2A,addf00ca3f.jpg,0.8288782170382186,0.3287295
B2A,ade0f46a3f.jpg,0.6451003481988108,0.36383072
B2A,adee0e7444.jpg,0.7949686368865143,0.39269632
B2A,adf0ac7938.jpg,0.8597423512119957,0.3897333
B2A,adf316819b.jpg,0.7860860901074254,0.5046557
B2A,adf3ad1301.jpg,0.8721643388616385,0.273161
B2A,ae073bf16d.jpg,0.7037732196796905,0.48758864
B2A,ae15831d3a.jpg,0.7746779904657223,0.44820732
B2A,ae16d6d012.jpg,0.7295032542439275,0.438626
B2A,ae1951459d.jpg,0.7795920535424777,0.40343684
B2A,ae1ee21b01.jpg,0.7634679734022952,0.43342072
B2A,ae2923b68c.jpg,0.7727887950364759,0.38954884
B2A,ae2c1ea2d6.jpg,0.6259819743328824,0.429189
B2A,ae32973f1b.jpg,0.5851366110905494,0.53225857
B2A,ae33f34419.jpg,0.7157980723773892,0.393507
B2A,ae3bb4751d.jpg,0.6138428254222823,0.37093854
B2A,ae48a41403.jpg,0.6576284228290196,0.39165327
B2A,ae56d20cb9.jpg,0.7197245103241189,0.40534174
B2A,ae5ac0bf8a.jpg,0.5309680829286553,0.56016666
B2A,ae667757b8.jpg,0.6856773687372355,0.37874913
B2A,ae7f0cf2c7.jpg,0.7944269904152513,0.34404713
B2A,ae91238c7d.jpg,0.8302600157756174,0.39637756
B2A,ae97673634.jpg,0.5735496843096387,0.63774794
B2A,aea3c83ebe.jpg,0.7747200484700693,0.29165113
B2A,aea4a60c4e.jpg,0.7317711073803608,0.38302872
B2A,aea6b06ea6.jpg,0.6238734339073657,0.24395642
B2A,aed2032c56.jpg,0.6918315936446413,0.5641787
B2A,aedf554224.jpg,0.7422768845923918,0.3930746
B2A,aee36ebffb.jpg,0.7353326223427444,0.44932556
B2A,aeff6a1ad9.jpg,0.8214455668389768,0.41858023
B2A,af2075bcf5.jpg,0.8186115193227113,0.29899812
B2A,af24d79cda.jpg,0.6599653733783798,0.35880756
B2A,af2acf5f58.jpg,0.548623713452941,0.5714188
B2A,af4232e4ad.jpg,0.7904601675779677,0.41279137
B2A,af4456d9ce.jpg,0.6382188479419793,0.34427097
B2A,af51aca135.jpg,0.44993213918560715,0.53735095
B2A,af5f718ec0.jpg,0.7064499590802266,0.3799572
B2A,af672cd7de.jpg,0.8624512649075042,0.3160286
B2A,af6af0e073.jpg,0.8192273794513476,0.3990609
B2A,af87640174.jpg,0.8009813365869153,0.3605763
B2A,af890fdb8b.jpg,0.6249920898615592,0.5371478
B2A,af899de250.jpg,0.6220756238622525,0.55414873
B2A,af8b38d918.jpg,0.7608880978472023,0.346157
B2A,af97db63a5.jpg,0.7682101203782741,0.5200895
B2A,af98779f2f.jpg,0.8718367207790786,0.33547527
B2A,af9f206c68.jpg,0.7224778708341912,0.48604608
B2A,afa167a1a5.jpg,0.7766125016164859,0.35752094
B2A,afa1a71c3d.jpg,0.686699006937382,0.53891397
B2A,afa576e383.jpg,0.8192298930280156,0.5699899
B2A,afabae968b.jpg,0.7236508094995566,0.45476404
B2A,afaf808be0.jpg,0.6385362419500338,0.49562898
B2A,afb21c0a01.jpg,0.8717430562709875,0.4556865
B2A,afb5f05573.jpg,0.7390890629985133,0.35735792
B2A,afb5fd0067.jpg,0.6637342852751948,0.5532052
B2A,afd6a4c506.jpg,0.5177753553150481,0.43006814
B2A,afe09342a4.jpg,0.8136475861937011,0.516892
B2A,afec9d2ce5.jpg,0.5948451520978417,0.63313895
B2A,afee15fa99.jpg,0.7346550799493622,0.44241697
B2A,aff47b8492.jpg,0.6234244064939798,0.472527
B2A,aff8f6d136.jpg,0.8638269911483227,0.29359925
B2A,b003895ce9.jpg,0.7393964741760751,0.42885768
B2A,b01acadfd9.jpg,0.615637844903081,0.35389417
B2A,b0238fb4d6.jpg,0.7837979165329818,0.41347545
B2A,b023dae26b.jpg,0.7943168405871018,0.45622396
B2A,b02697eec9.jpg,0.692853475485133,0.4427775
B2A,b027a80904.jpg,0.6987043545017794,0.50100464
B2A,b028f604ed.jpg,0.8814314501232214,0.3529858
B2A,b03262df8a.jpg,0.733095349044462,0.3403738
B2A,b03646ab9d.jpg,0.7134193970842055,0.3329608
B2A,b036b0bd6e.jpg,0.7568460177730342,0.48365313
B2A,b043e97f3c.jpg,0.8558761984424902,0.30566627
B2A,b048d6b4a6.jpg,0.7919137324068977,0.39709055
B2A,b04af1a7a5.jpg,0.8283932293588617,0.31532764
B2A,b04b5604c4.jpg,0.6392307126825562,0.3513192
B2A,b05f08496f.jpg,0.8931741485527354,0.36761966
B2A,b069343f1c.jpg,0.6965837429973328,0.53198826
B2A,b06a3053e1.jpg,0.682584275903938,0.448903
B2A,b07115bda9.jpg,0.872092959056953,0.34670347
B2A,b0771d4c61.jpg,0.6634442342201476,0.46565163
B2A,b07a462689.jpg,0.5858489321375946,0.39878908
B2A,b08e49c7b8.jpg,0.8035803567031596,0.36087283
B2A,b09cf0dffc.jpg,0.8447692421731505,0.26874688
B2A,b0a4fcb39d.jpg,0.908354181171474,0.42402822
B2A,b0b01c67cb.jpg,0.7912590446237677,0.4181714
B2A,b0bc5786a5.jpg,0.5297378718531518,0.3260039
B2A,b0c59def26.jpg,0.6983532096898036,0.6100505
B2A,b0c99529c9.jpg,0.5760161759713446,0.63767904
B2A,b0ccf80417.jpg,0.6150343707017961,0.37871745
B2A,b0dc34e8e6.jpg,0.6680112865343547,0.51808846
B2A,b0e936e41b.jpg,0.7887253875186534,0.43545067
B2A,b0f66caebb.jpg,0.6313662966136229,0.56453425
B2A,b10839181d.jpg,0.7398582781368358,0.40800747
B2A,b10dabf94e.jpg,0.7458607656877683,0.3755195
B2A,b112237bbf.jpg,0.7750309928884109,0.35232103
B2A,b11afb309d.jpg,0.5192635269621185,0.5184126
B2A,b128c9759f.jpg,0.6842604569630574,0.32338154
B2A,b12bf44d38.jpg,0.6767578616941855,0.32159668
B2A,b12d6de1d9.jpg,0.5646324390591846,0.40407246
B2A,b13aecdf79.jpg,0.6697361158723922,0.40874404
B2A,b140da8120.jpg,0.5602729767892196,0.49266925
B2A,b150248c5b.jpg,0.7741067673793095,0.40360257
B2A,b1512c76c7.jpg,0.7526450317199268,0.53652525
B2A,b15cbb80b4.jpg,0.7957572133384422,0.24372505
B2A,b161a5d3cb.jpg,0.8807414407968446,0.40824443
B2A,b164b7525c.jpg,0.7958477089274975,0.48845458
B2A,b1654bdb7e.jpg,0.7478734565252256,0.4744381
B2A,b16bafe652.jpg,0.7751437734302892,0.34587935
B2A,b16dcdc688.jpg,0.7850385037414912,0.44846857
B2A,b16e9f4263.jpg,0.7404528381851146,0.40430865
B2A,b17c40b1ea.jpg,0.6818641449626518,0.5561626
B2A,b181897b98.jpg,0.8550997053210899,0.35541847
B2A,b18beb6d72.jpg,0.7210807289503196,0.44284946
B2A,b1e3ea9ca5.jpg,0.7930977745018158,0.46424598
B2A,b1eb87490e.jpg,0.6270581885987212,0.51432145
B2A,b20d1d38d7.jpg,0.9039649750197293,0.3993174
B2A,b21a369bbd.jpg,0.6427639615736811,0.6640825
B2A,b21c4fc9bd.jpg,0.9076561953413799,0.2778202
B2A,b220f59b09.jpg,0.5065641724465574,0.69316536
B2A,b23933adf6.jpg,0.6685572008595733,0.6059548
B2A,b23ae1573f.jpg,0.6237085988065117,0.6925071
B2A,b2400fe0a5.jpg,0.609509187549895,0.50696456
B2A,b242ae6db1.jpg,0.7521202858265911,0.43713334
B2A,b2442c013f.jpg,0.8021238911823644,0.48675805
B2A,b244d049e3.jpg,0.7264458070226769,0.48271823
B2A,b245d8b8ff.jpg,0.6979243396997314,0.46473768
B2A,b2633e0b11.jpg,0.8296899900285157,0.3838168
B2A,b263b335f4.jpg,0.6191688212703207,0.52633756
B2A,b265520a3d.jpg,0.7394636392890691,0.3851483
B2A,b275f883d7.jpg,0.838440860012094,0.26803815
B2A,b27811638c.jpg,0.8084450585003828,0.44699505
B2A,b2883a87cb.jpg,0.8005728684167804,0.4154902
B2A,b288896b0a.jpg,0.6462924195320057,0.5011794
B2A,b29034b730.jpg,0.6003718829876455,0.3757684
B2A,b29d413ab1.jpg,0.7600713667885844,0.36025873
B2A,b2a7070656.jpg,0.532545342852961,0.47988504
B2A,b2a9652a6f.jpg,0.6702753842560428,0.59476364
B2A,b2abb2ae39.jpg,0.790975741692284,0.4614771
B2A,b2bb2119a9.jpg,0.8703616702378508,0.3683496
B2A,b2cb0fe346.jpg,0.8602847672556164,0.2882335
B2A,b2cbeec8f9.jpg,0.8418314020083066,0.39047194
B2A,b2cbf1cf7a.jpg,0.648352033959202,0.42176038
B2A,b2de093e02.jpg,0.8156082439459168,0.38877565
B2A,b2e2ffcd0a.jpg,0.5347766237123291,0.47163296
B2A,b2ee6d8bc5.jpg,0.8257977368037603,0.3472302
B2A,b2f7fa511e.jpg,0.7704526500925517,0.5631591
B2A,b2fd16828f.jpg,0.8261745097741127,0.4585489
B2A,b2fe82b23e.jpg,0.7284755138362362,0.40155447
B2A,b30876c470.jpg,0.6790835851802765,0.50975394
B2A,b31c7ff3e0.jpg,0.7319714556567856,0.36856058
B2A,b326ea0088.jpg,0.7842586758393187,0.32278216
B2A,b34c11aa77.jpg,0.7088635509732274,0.46238086
B2A,b3544a41dd.jpg,0.6847530776958148,0.4443862
B2A,b398a41374.jpg,0.8404138329922952,0.3881167
B2A,b39ad63238.jpg,0.767954054410975,0.41199362
B2A,b3a246218c.jpg,0.7451171517195773,0.3923363
B2A,b3ad362dc3.jpg,0.791809088697101,0.5394822
B2A,b3bfca1f8b.jpg,0.8930609990427681,0.30030012
B2A,b3c28798bd.jpg,0.7450937649093253,0.36467743
B2A,b3c422ffa6.jpg,0.5916123834829994,0.46368957
B2A,b3cc0df141.jpg,0.8205058268313276,0.36890697
B2A,b3d3d9921d.jpg,0.7651597751301183,0.3416789
B2A,b3d83e557e.jpg,0.658949569814226,0.43289745
B2A,b3daba3e38.jpg,0.6629139489153867,0.46842945
B2A,b3db7e6aae.jpg,0.7671135537147431,0.3801988
B2A,b3e5c31249.jpg,0.8262891811567754,0.3517166
B2A,b3e9f5d03a.jpg,0.6681489210866288,0.5545189
B2A,b3efa6f13f.jpg,0.833657777361432,0.33673286
B2A,b404fb513f.jpg,0.6936041244445537,0.4081956
B2A,b4166bd020.jpg,0.7135974189324583,0.50632584
B2A,b41d24db10.jpg,0.6127519660144097,0.5967386
B2A,b4217286ca.jpg,0.7003226229494584,0.40413004
B2A,b43d7dcae4.jpg,0.7700914018132325,0.42363545
B2A,b44289846b.jpg,0.8396585198739626,0.45856416
B2A,b443916aa7.jpg,0.8835764673462982,0.3709423
B2A,b46106fd89.jpg,0.6953143007424796,0.33674043
B2A,b461cd6b95.jpg,0.6664279765986675,0.4771702
B2A,b463392033.jpg,0.6710959939743777,0.5203486
B2A,b469541ab9.jpg,0.8979967912574801,0.41430724
B2A,b475f64439.jpg,0.7806695823397418,0.4212848
B2A,b47834dd52.jpg,0.8140574608027618,0.3855831
B2A,b47b2f88c3.jpg,0.7635535236555233,0.42471713
B2A,b482bd55c5.jpg,0.7212623276736949,0.3312922
B2A,b489bdec64.jpg,0.7292778260101589,0.4400694
B2A,b492a7d919.jpg,0.5692314304013475,0.3176669
B2A,b4a1b33eae.jpg,0.7750932189127492,0.34724158
B2A,b4ba4bd4b0.jpg,0.5923365920241457,0.35757282
B2A,b4c752721a.jpg,0.7435473374970548,0.3738225
B2A,b4c7f33b35.jpg,0.6184655655898118,0.42867607
B2A,b4c8e36705.jpg,0.8557467103715473,0.4037084
B2A,b4cc9f5870.jpg,0.725260642770047,0.43031093
B2A,b4d64206dd.jpg,0.8072695287547577,0.3552815
B2A,b4ef669e4d.jpg,0.9107022342942959,0.2984032
B2A,b4f2211991.jpg,0.5533819653346795,0.59353566
B2A,b4f9b0e86b.jpg,0.7883936101152766,0.43751025
B2A,b5237c39a7.jpg,0.8531660906817836,0.37460726
B2A,b5268447c0.jpg,0.6053053828819964,0.4959753
B2A,b544e584f6.jpg,0.8581011700653506,0.36714828
B2A,b54c9ff9f0.jpg,0.40056153023842966,0.4714927
B2A,b54ecfe1d1.jpg,0.7686911954113745,0.38958007
B2A,b55174c53d.jpg,0.6317679105474246,0.47293845
B2A,b553a553a4.jpg,0.7323364971289218,0.35738125
B2A,b56100a754.jpg,0.8267755922928491,0.46014577
B2A,b56f780872.jpg,0.7209475913121569,0.35628545
B2A,b571fc78d5.jpg,0.8114208819714036,0.4707732
B2A,b58bdc0c7f.jpg,0.6666888044618905,0.3909207
B2A,b597d0c58b.jpg,0.6807702543613982,0.3522461
B2A,b5a144143b.jpg,0.6170594587224296,0.38230178
B2A,b5ae36d4c7.jpg,0.8490265952819611,0.33971193
B2A,b5b93e7f12.jpg,0.566547281430694,0.62343705
B2A,b5bd2caebc.jpg,0.8044263099118231,0.5173429
B2A,b5bdb76769.jpg,0.6185219799685878,0.4941619
B2A,b5d3195dc8.jpg,0.7018563197145983,0.32060787
B2A,b5d87c828d.jpg,0.8538115049549939,0.33321187
B2A,b5d90eb11d.jpg,0.5306356253969173,0.33361754
B2A,b5d995b5d8.jpg,0.7567250040171823,0.37175965
B2A,b5f2c61061.jpg,0.8197997164888831,0.30523175
B2A,b60488d40f.jpg,0.7146602603238896,0.35665116
B2A,b60f74cca9.jpg,0.873115799236793,0.30463418
B2A,b60fa62c00.jpg,0.7950811932801518,0.34599477
B2A,b612a7c29e.jpg,0.8089941327126312,0.3854769
B2A,b612ea84b8.jpg,0.6923915964982688,0.41364324
B2A,b61461c172.jpg,0.6156580262876953,0.60668826
B2A,b61731a239.jpg,0.8483339307245604,0.29757246
B2A,b61b89590d.jpg,0.6963502153244484,0.3818422
B2A,b61e2b3b0d.jpg,0.7536254176546773,0.3811354
B2A,b62b0c6d0c.jpg,0.7327025617375152,0.5392406
B2A,b62f2cfc5d.jpg,0.7474747352079537,0.36544135
B2A,b631fa3f71.jpg,0.807878729586972,0.35242835
B2A,b635c95844.jpg,0.560598283159124,0.81727177
B2A,b6398ab782.jpg,0.5808540022292549,0.5944266
B2A,b6429002b9.jpg,0.6579364655245166,0.6404207
B2A,b64bb5b36d.jpg,0.577180694876539,0.5744944
B2A,b660902f57.jpg,0.6449063623048417,0.44803303
B2A,b664354223.jpg,0.8041625860515864,0.36751145
B2A,b665863dfb.jpg,0.8418521494661755,0.35934985
B2A,b66913e00b.jpg,0.8007678957270973,0.54346627
B2A,b66c734954.jpg,0.5580018981758897,0.51785225
B2A,b66c82cf2a.jpg,0.7481182164776327,0.43590158
B2A,b66f508c68.jpg,0.5746231301602376,0.42162538
B2A,b678b74dae.jpg,0.8292315504554638,0.42485666
B2A,b679bcea19.jpg,0.7555360708244439,0.35691875
B2A,b67c9613c8.jpg,0.6330357976691614,0.37502182
B2A,b697267bfb.jpg,0.6790031912283241,0.3804003
B2A,b69f383965.jpg,0.8184692996695944,0.30452582
B2A,b69fe86234.jpg,0.7274199283846716,0.3729973
B2A,b6c8f98eaf.jpg,0.7515870412393896,0.46037498
B2A,b6ccadba44.jpg,0.7053798092985862,0.3065676
B2A,b6d52caca3.jpg,0.8266474919888724,0.27724612
B2A,b6d84ce05d.jpg,0.6783372242218544,0.4063879
B2A,b6dd6a5484.jpg,0.6495956296498995,0.4430436
B2A,b6e02f524c.jpg,0.8765664709467266,0.4275472
B2A,b6ebb5febd.jpg,0.7326903486743441,0.4293244
B2A,b6f00064cc.jpg,0.6181199541149551,0.36732307
B2A,b70c20c5bb.jpg,0.6734507886095569,0.49847305
B2A,b70ec20b75.jpg,0.7210076389915008,0.56115794
B2A,b7126e52cb.jpg,0.6546819012615472,0.6801311
B2A,b7139c915b.jpg,0.7478004915936455,0.47694337
B2A,b734350f7a.jpg,0.8299431325903915,0.45284766
B2A,b743015621.jpg,0.6743023532493218,0.43943816
B2A,b74ada0d43.jpg,0.827594861104791,0.3552458
B2A,b74cab8840.jpg,0.6253953375552916,0.45839685
B2A,b76253bc63.jpg,0.9012189713839087,0.29065084
B2A,b7634902cd.jpg,0.7770705891530042,0.42281002
B2A,b763d10895.jpg,0.8995136793131695,0.3532482
B2A,b76490cea4.jpg,0.5820854185688352,0.6728703
B2A,b76838eaa3.jpg,0.6592692921440498,0.5629388
B2A,b76eca8315.jpg,0.8265163878938695,0.41577676
B2A,b7771cc3a7.jpg,0.8178146383413255,0.41523188
B2A,b78443d274.jpg,0.6483478787499023,0.73541963
B2A,b7907e76c4.jpg,0.8164699042186007,0.30336857
B2A,b79198e3b3.jpg,0.6997435523190222,0.29629415
B2A,b79628b2db.jpg,0.8300177183315153,0.38421062
B2A,b79649047f.jpg,0.5380381344292137,0.5873511
B2A,b79a2b6c99.jpg,0.8924962260884725,0.3533172
B2A,b7a7a7cc17.jpg,0.7572764529715095,0.33026877
B2A,b7cb7f4110.jpg,0.7043554740213908,0.3997241
B2A,b7d05fd7dc.jpg,0.6373837991003273,0.43879712
B2A,b7f7aaeb71.jpg,0.7717640157991693,0.3937417
B2A,b8009cb56d.jpg,0.8125406493427098,0.4025796
B2A,b804d8ffff.jpg,0.7391292522918816,0.40957487
B2A,b81a0b8027.jpg,0.8916558720355274,0.38906807
B2A,b81b0d4833.jpg,0.8844738426492428,0.34861302
B2A,b82c2d7664.jpg,0.7619342171788911,0.3430856
B2A,b8513f2cc6.jpg,0.5154163395117741,0.6966131
B2A,b85242ba7b.jpg,0.6900594715689842,0.37765843
B2A,b85d1ea25e.jpg,0.7420853196346905,0.3630105
B2A,b87678f817.jpg,0.6606182812975916,0.43708086
B2A,b877c006b7.jpg,0.7565828926528207,0.38315484
B2A,b879c75442.jpg,0.762709968363437,0.41962868
B2A,b87f267ffd.jpg,0.7162980713290651,0.39367512
B2A,b8800075ea.jpg,0.841972151751899,0.338179
B2A,b8846a57ce.jpg,0.5018204498294057,0.5527012
B2A,b885222b39.jpg,0.6640411149122168,0.40079895
B2A,b88710452e.jpg,0.7787145385096194,0.28840518
B2A,b88fa19b4b.jpg,0.5736673118991484,0.41593125
B2A,b88fd25d37.jpg,0.7108407286339744,0.4532685
B2A,b892e182db.jpg,0.7672667953805302,0.34299436
B2A,b893e3aa24.jpg,0.7033771876112798,0.44819403
B2A,b89aa727f4.jpg,0.6642937636671559,0.36135137
B2A,b89d1cc4f1.jpg,0.6899252976412954,0.54665947
B2A,b8b21378ef.jpg,0.7581408149140403,0.39135152
B2A,b8b5848caa.jpg,0.824055763196236,0.41413927
B2A,b8c23eb503.jpg,0.5625204777425085,0.57973266
B2A,b8c6874f96.jpg,0.6930435817035203,0.57626843
B2A,b8d30c2ede.jpg,0.7452010535701588,0.28126532
B2A,b8dda4b0ed.jpg,0.7684043859281677,0.41937706
B2A,b8e1eafdef.jpg,0.7578132237021663,0.4208678
B2A,b8e7658517.jpg,0.8412916334455413,0.3756144
B2A,b8eb81d31d.jpg,0.717767058011863,0.4586991
B2A,b8f7816f6b.jpg,0.7098005012952492,0.521545
B2A,b90dc41d5d.jpg,0.8533374821484037,0.36127073
B2A,b91926eb90.jpg,0.6828411411089857,0.3029774
B2A,b924b090f7.jpg,0.7827890281779145,0.377791
B2A,b938642e78.jpg,0.7723446686993628,0.5251938
B2A,b939486166.jpg,0.7655935218296755,0.41248813
B2A,b952bd214e.jpg,0.7505638715150171,0.39291626
B2A,b955e39acf.jpg,0.7012950697047287,0.37853765
B2A,b9768c7e52.jpg,0.7781107730599037,0.37253228
B2A,b983599509.jpg,0.5164482930558234,0.37577468
B2A,b985c8d0f9.jpg,0.7192597618622875,0.48197407
B2A,b989430548.jpg,0.5303289956234889,0.5614891
B2A,b9902d5a97.jpg,0.7677018132424206,0.38824338
B2A,b99379d9e0.jpg,0.5794113116120045,0.47797006
B2A,b9973b92ba.jpg,0.6969587302896316,0.43360388
B2A,b99824d883.jpg,0.6772546698459404,0.41038945
B2A,b9a991202d.jpg,0.8131031050112483,0.41448277
B2A,b9bc2a225e.jpg,0.6991780407619613,0.45001638
B2A,b9cad6e8c0.jpg,0.5965702056385113,0.54535776
B2A,b9cd30a1eb.jpg,0.6689118191600503,0.43537733
B2A,b9d2ba2502.jpg,0.7396269459036042,0.31143913
B2A,b9d441588e.jpg,0.7703909213180891,0.3525533
B2A,b9d6b906b5.jpg,0.8042105484470834,0.460024
B2A,b9de8e1e60.jpg,0.7081488802567475,0.45563936
B2A,b9ea51b317.jpg,0.597183177875353,0.47228807
B2A,b9eb4c4e23.jpg,0.7732408706982649,0.3917989
B2A,b9f955e5da.jpg,0.6462977448359303,0.52307063
B2A,ba3fc5aaf6.jpg,0.8132587317744916,0.30048478
B2A,ba4f07f939.jpg,0.9080478700222425,0.39255986
B2A,ba57ad5d60.jpg,0.7167593111747259,0.40231735
B2A,ba6cdd170e.jpg,0.6890708530854865,0.5287531
B2A,ba7c346ee6.jpg,0.7047381889633634,0.33496758
B2A,ba7d2f82f3.jpg,0.7356490717078157,0.4290595
B2A,ba8511d50b.jpg,0.7714214110585605,0.51145726
B2A,ba861fc7fc.jpg,0.6480883682761595,0.46943974
B2A,ba900f7b05.jpg,0.6863695399520637,0.54295164
B2A,ba93309fda.jpg,0.6929928608975164,0.35657504
B2A,baa1ec6741.jpg,0.8815959841505574,0.3406907
B2A,baa5eaf58a.jpg,0.7618002991593796,0.36182263
B2A,baa60c9bed.jpg,0.7280437635488097,0.2984904
B2A,baac2fc0d9.jpg,0.7557317990873627,0.34272507
B2A,bab560daee.jpg,0.7061639880088023,0.3537588
B2A,bac7bbda07.jpg,0.7763597028591122,0.3179172
B2A,baca7c1baf.jpg,0.801673270466811,0.38915452
B2A,bad95e0688.jpg,0.7174909420072316,0.4841398
B2A,bae17c2143.jpg,0.8740022320357463,0.36804917
B2A,bae6056ca8.jpg,0.5943891771911144,0.38106504
B2A,baef9a3993.jpg,0.8649826569645349,0.33161074
B2A,bafb1adc1f.jpg,0.7590766076093892,0.36252666
B2A,bb017d43a9.jpg,0.7114306088773459,0.3902564
B2A,bb15fcc4ff.jpg,0.8261125532696083,0.4791109
B2A,bb313a5e16.jpg,0.6342688558286359,0.52754104
B2A,bb3377f200.jpg,0.8288354469474833,0.29541063
B2A,bb38cedde5.jpg,0.674588589341667,0.4867514
B2A,bb3ef64acd.jpg,0.8780452120011975,0.30482057
B2A,bb40b8dd7f.jpg,0.738739782391588,0.350873
B2A,bb5faf30e9.jpg,0.8003388131768744,0.3405498
B2A,bb64125bc2.jpg,0.7570356156978332,0.46429408
B2A,bb77850a04.jpg,0.7184462167284401,0.4691279
B2A,bb8552f1b5.jpg,0.7362600777873873,0.32094592
B2A,bb9d316b1a.jpg,0.7591890632613075,0.45283356
B2A,bba5052be8.jpg,0.8532605857457739,0.35742965
B2A,bbac847eec.jpg,0.7412937115887499,0.35485077
B2A,bbaff218f3.jpg,0.7054272164587614,0.53721756
B2A,bbbfda6b8f.jpg,0.8767267358378428,0.41018075
B2A,bbc433fec1.jpg,0.8905866866189637,0.2966897
B2A,bbc5447377.jpg,0.8124191417886056,0.37436825
B2A,bbc6c20473.jpg,0.5003794328476336,0.5661238
B2A,bbca95e065.jpg,0.7460260455895403,0.4608873
B2A,bbd1178911.jpg,0.8005607924336084,0.30434224
B2A,bbe716a5ba.jpg,0.5693447086472028,0.6466752
B2A,bbf7c36959.jpg,0.7432530440570486,0.29846814
B2A,bbfe762240.jpg,0.7172086651545774,0.4948325
B2A,bc00b49aa2.jpg,0.9291608234377118,0.49418053
B2A,bc05774cb8.jpg,0.7869861973541179,0.36100224
B2A,bc1296f186.jpg,0.7091091683507778,0.4377107
B2A,bc1fa09301.jpg,0.6664195641815283,0.4148196
B2A,bc320f44ee.jpg,0.699943048223106,0.43008855
B2A,bc34a98e62.jpg,0.5943144509691535,0.43358743
B2A,bc3f932980.jpg,0.5174823171601469,0.5973411
B2A,bc47393bbe.jpg,0.5860525565305317,0.5489936
B2A,bc4cc5e31c.jpg,0.6561935133808763,0.5204964
B2A,bc57ed5fda.jpg,0.7629863280264628,0.36532998
B2A,bc59db0454.jpg,0.6956879117024464,0.4303379
B2A,bc76a34f9d.jpg,0.726522084632335,0.32784492
B2A,bc8579edc4.jpg,0.6955955008739784,0.45151198
B2A,bc89a879fd.jpg,0.8197992151377165,0.49161655
B2A,bc8e187f4f.jpg,0.8550672849000478,0.33415097
B2A,bc97e28ac0.jpg,0.778851898311209,0.37498242
B2A,bc9defc927.jpg,0.5392733864464321,0.6263684
B2A,bca6fd9039.jpg,0.7498868234031238,0.50266856
B2A,bcad190025.jpg,0.8160427169807766,0.51151335
B2A,bcade75bec.jpg,0.6602139856382276,0.38896406
B2A,bcae56fbed.jpg,0.659314313205199,0.41747075
B2A,bcc1a87147.jpg,0.7345236604033917,0.44063652
B2A,bcc29192c1.jpg,0.7132807163021831,0.2793962
B2A,bcde913d1d.jpg,0.8438683166288308,0.37849647
B2A,bce46c265e.jpg,0.842885196487056,0.39255294
B2A,bceb077f5d.jpg,0.7352699882851063,0.55614233
B2A,bcef4b66e6.jpg,0.8044198122703016,0.47401604
B2A,bcf39bcec2.jpg,0.6661755859934823,0.3831881
B2A,bcf3ab621b.jpg,0.7546096740395192,0.5127147
B2A,bcf3af118c.jpg,0.5484388330192856,0.41808218
B2A,bd2893da68.jpg,0.7963055859818808,0.3911186
B2A,bd2be5968a.jpg,0.830919431248018,0.37453318
B2A,bd4ff109f0.jpg,0.8932027771790763,0.42144883
B2A,bd5056d32e.jpg,0.6201327799807816,0.60727924
B2A,bd58f14f67.jpg,0.6634845331709184,0.43654066
B2A,bd6006597f.jpg,0.7895631924956661,0.374331
B2A,bd6261963a.jpg,0.6456527827704944,0.43636364
B2A,bd6550715b.jpg,0.807554037449592,0.50787926
B2A,bd6902ee43.jpg,0.7318078850401099,0.4205081
B2A,bd6a7ec51e.jpg,0.44642342155516435,0.5457747
B2A,bd7003b6b6.jpg,0.6645915903019606,0.3232205
B2A,bd76d694d4.jpg,0.7109659032338213,0.45797688
B2A,bd7e521e90.jpg,0.7814292281881209,0.34824875
B2A,bd7e852fb1.jpg,0.7201632292625715,0.3900319
B2A,bd81e32444.jpg,0.7015633732199128,0.512104
B2A,bd856bd7d2.jpg,0.8186201130094268,0.30543432
B2A,bd9dbd110c.jpg,0.6800269567989491,0.3616323
B2A,bda011a946.jpg,0.8494836978260691,0.25049296
B2A,bda7612626.jpg,0.6998738415018105,0.6137106
B2A,bda7b5b92a.jpg,0.8535932608967217,0.37435454
B2A,bda920ef3a.jpg,0.6843820700868728,0.55278456
B2A,bdb71b5252.jpg,0.8226364464682538,0.3597229
B2A,bdb764be42.jpg,0.5179090593772054,0.6571551
B2A,bdb80159b3.jpg,0.7956951884664298,0.46545476
B2A,bdcfea4c8d.jpg,0.6206589504666388,0.3426444
B2A,bdd2bc2e77.jpg,0.816801298157186,0.32735604
B2A,bdd6cb73e5.jpg,0.628013962141042,0.4020604
B2A,bde2a9e1fa.jpg,0.8622285938164078,0.37810534
B2A,bdf3d3a8e5.jpg,0.7763805516926361,0.3573578
B2A,bdf8b0c5ad.jpg,0.7861377606711829,0.40487266
B2A,be0140dde6.jpg,0.8395866805105155,0.46691215
B2A,be17aa711c.jpg,0.5493085497137952,0.49523348
B2A,be19b2eac9.jpg,0.7247504712887589,0.41992852
B2A,be307d9b2d.jpg,0.7830794268840372,0.33154052
B2A,be30ee9635.jpg,0.7947683305488684,0.39504236
B2A,be58cca5c2.jpg,0.7127903249987615,0.48322603
B2A,be5a727d8a.jpg,0.668483843667519,0.4062218
B2A,be5e1ffaf7.jpg,0.8675636111155272,0.29231074
B2A,be66a96894.jpg,0.8220097897590402,0.29780734
B2A,be6d9981a3.jpg,0.7974149604797968,0.3092571
B2A,be74caa0c9.jpg,0.7184124020894795,0.65995526
B2A,be76e135d1.jpg,0.619536196540027,0.6383582
B2A,be7c00594f.jpg,0.7911371871626255,0.34720114
B2A,be8015beea.jpg,0.7820990457027205,0.47517547
B2A,be87bba931.jpg,0.5547220137099261,0.6116945
B2A,be9710f956.jpg,0.7251222142100676,0.74503434
B2A,beb00f6bd4.jpg,0.7025806300554148,0.34669688
B2A,beb8830662.jpg,0.7711408967533981,0.28320396
B2A,bebbb8b76e.jpg,0.7397641406753936,0.42861784
B2A,bec2bc2d65.jpg,0.7540760339659724,0.36173955
B2A,bec49b01dd.jpg,0.6679025631171457,0.43919253
B2A,bec4efcf0e.jpg,0.6253606148320581,0.44875395
B2A,becea1ec0d.jpg,0.8111316050255993,0.43100917
B2A,bed5847c27.jpg,0.5656478489696336,0.6784335
B2A,bed803c046.jpg,0.7056865208472934,0.5878427
B2A,bedb0b8e17.jpg,0.7454339063816818,0.2812119
B2A,bee0d00197.jpg,0.5675673041492441,0.4471203
B2A,bee8605fcd.jpg,0.8364792361348935,0.37653643
B2A,bee867c967.jpg,0.49115393649005035,0.5973896
B2A,beebd3d7ff.jpg,0.8213272772473929,0.35107726
B2A,beec4e482c.jpg,0.7879163110342547,0.2838468
B2A,bf07ab5c4a.jpg,0.7218720711617865,0.5439258
B2A,bf0e0a58a4.jpg,0.5729760755313715,0.5984129
B2A,bf2216d133.jpg,0.6630370466126496,0.41377062
B2A,bf28de635c.jpg,0.8571945197639586,0.39054906
B2A,bf36a527ab.jpg,0.5899939389169803,0.4439392
B2A,bf3ece26c1.jpg,0.5645885012121737,0.62734604
B2A,bf6062190e.jpg,0.6765718650809724,0.6300243
B2A,bf61f9adb1.jpg,0.8103013174030979,0.37996164
B2A,bf6ed52f2c.jpg,0.7412332754440374,0.2970916
B2A,bf72b298bc.jpg,0.5510165113764334,0.6889143
B2A,bf7b0e4b1f.jpg,0.6755872829448257,0.41349268
B2A,bf8f3d28ae.jpg,0.6695143625740549,0.51430213
B2A,bf918a456c.jpg,0.6211776667409901,0.45707965
B2A,bf94cca435.jpg,0.6858549128648211,0.43908092
B2A,bf964262b6.jpg,0.6329903766865275,0.6611234
B2A,bfc6144838.jpg,0.8531967472671171,0.3916353
B2A,bfc622bb44.jpg,0.8482902125690631,0.35487032
B2A,c006c643f8.jpg,0.6882835921718651,0.2733156
B2A,c009f9904a.jpg,0.7447491519300897,0.5378225
B2A,c013680118.jpg,0.7772510711374464,0.3841946
B2A,c015570ab7.jpg,0.5696485086353272,0.5979592
B2A,c017fac753.jpg,0.7431240393757667,0.47097382
B2A,c018d5dbf7.jpg,0.7472925933559678,0.38612717
B2A,c0287a48f4.jpg,0.7928970840596425,0.35952282
B2A,c02e89c4d3.jpg,0.6320103330716892,0.3773076
B2A,c0301eeaaf.jpg,0.5615991200760997,0.5384225
B2A,c031d1622c.jpg,0.7713749089705195,0.39569175
B2A,c03cf43784.jpg,0.718633480833485,0.36344203
B2A,c0511e5414.jpg,0.6434648008316423,0.44033736
B2A,c06ff30cd5.jpg,0.7746881366194767,0.40193957
B2A,c0757c90f9.jpg,0.75832734014415,0.3817101
B2A,c081f34667.jpg,0.6536938657243826,0.34600267
B2A,c0876f3b2b.jpg,0.8504167897510106,0.37839264
B2A,c08ee1f5aa.jpg,0.7567130605992805,0.46525672
B2A,c09421b98c.jpg,0.7019303395601507,0.42095232
B2A,c09cd67282.jpg,0.6104891238432909,0.26125658
B2A,c0a3fb3571.jpg,0.886294305979206,0.2569449
B2A,c0a72ce31e.jpg,0.8136598947609456,0.3689986
B2A,c0b55c941e.jpg,0.7530071089067804,0.3630535
B2A,c0b977acfb.jpg,0.7396548398036739,0.33315867
B2A,c0be01b9c9.jpg,0.7341215045544371,0.530484
B2A,c0c0e3575b.jpg,0.6981788427194818,0.34483427
B2A,c0e7dfa5ed.jpg,0.689530345277416,0.3784144
B2A,c0f19d6031.jpg,0.7568031796478153,0.44079044
B2A,c0fe7fd0a7.jpg,0.6037846772707397,0.53629404
B2A,c10183721e.jpg,0.836808920782559,0.3153907
B2A,c1114abb60.jpg,0.594973704252664,0.48440254
B2A,c123f051ca.jpg,0.6797680128806189,0.5340756
B2A,c125e1a1f6.jpg,0.7467125740942476,0.4261836
B2A,c1294c7cd9.jpg,0.8260881320232399,0.34302613
B2A,c12c1c978e.jpg,0.7232957599435138,0.5057137
B2A,c12e14b962.jpg,0.6903402120590534,0.41944858
B2A,c1339587e8.jpg,0.7752393830575159,0.4311555
B2A,c137e13300.jpg,0.7716240460928512,0.504773
B2A,c14426ebfc.jpg,0.6065186248686665,0.3957163
B2A,c15a72a99a.jpg,0.7603142404509788,0.3370089
B2A,c16ed7863f.jpg,0.6940411845312501,0.49564898
B2A,c190aa34f8.jpg,0.9269117465972825,0.50528544
B2A,c19312ad74.jpg,0.6936132595558406,0.48457453
B2A,c1972547d1.jpg,0.8700852964470356,0.3401448
B2A,c1a8c428f6.jpg,0.7675945917974115,0.55849624
B2A,c1b1ad3d68.jpg,0.775655186919775,0.45086056
B2A,c1b2b47959.jpg,0.5928776568181623,0.3919159
B2A,c1b7f78159.jpg,0.5935734786292485,0.6032068
B2A,c1c634b4eb.jpg,0.7596164609233934,0.36687276
B2A,c1d0fe9abe.jpg,0.6040545928180637,0.482157
B2A,c1d5a31a74.jpg,0.5579147355292805,0.44815683
B2A,c1e5b119c4.jpg,0.6792188143990562,0.38015193
B2A,c1f932fee3.jpg,0.8377837033782285,0.43042094
B2A,c1f9da41e1.jpg,0.8454581229248869,0.42453894
B2A,c1fb81bcfa.jpg,0.6980702530959337,0.4412287
B2A,c2266bed41.jpg,0.798899045333974,0.58685905
B2A,c2307e363e.jpg,0.7675783273846256,0.43820795
B2A,c236cbe5eb.jpg,0.6827097514397644,0.49520025
B2A,c236d99e18.jpg,0.8006871248040593,0.32809654
B2A,c23e040ff8.jpg,0.8213654552021785,0.48958716
B2A,c2607646ad.jpg,0.8613313990680287,0.2876414
B2A,c262fe08f9.jpg,0.7404603705408613,0.3674581
B2A,c2656884dd.jpg,0.8382366388988189,0.33360395
B2A,c26e1a3dea.jpg,0.8026885989838024,0.37049013
B2A,c2708f8a47.jpg,0.7327105572716385,0.3270618
B2A,c27ca11d75.jpg,0.6218896543325783,0.42957076
B2A,c280ccdd9b.jpg,0.8477056579774899,0.34311903
B2A,c284ce5f6f.jpg,0.6304889763907132,0.47311726
B2A,c2869dc39f.jpg,0.7570205546714326,0.40463927
B2A,c287068c8b.jpg,0.668622810771656,0.33478257
B2A,c29a81a99d.jpg,0.6884459703110635,0.56004924
B2A,c2acbc2675.jpg,0.8213476318865011,0.38994706
B2A,c2b79f204d.jpg,0.6314773170810752,0.47191018
B2A,c2c2cd230b.jpg,0.7217784034358768,0.4741613
B2A,c2d01b1977.jpg,0.7738904451906256,0.40235144
B2A,c2d909e551.jpg,0.8003517651270302,0.32802367
B2A,c2dfec8e9a.jpg,0.8232066361775348,0.41976714
B2A,c2e0f637ed.jpg,0.7409714562108999,0.42544615
B2A,c2f49209fa.jpg,0.6035413503239218,0.58554804
B2A,c2fe4fa436.jpg,0.7991610728996543,0.32075894
B2A,c303744625.jpg,0.7581895312615164,0.3231043
B2A,c315adb658.jpg,0.6636347772686328,0.6072499
B2A,c31cad8dc1.jpg,0.7234528526172646,0.3728785
B2A,c329a43ef8.jpg,0.6603667401314747,0.3843903
B2A,c362a50b71.jpg,0.7460264877754872,0.40385178
B2A,c36ee485ab.jpg,0.7280872103386563,0.44213504
B2A,c373467807.jpg,0.8354207848791299,0.3560782
B2A,c37e6749d1.jpg,0.7454768749540006,0.40865523
B2A,c38cd66489.jpg,0.844051745329725,0.31538805
B2A,c398543807.jpg,0.8050271920305723,0.45555767
B2A,c39ac686c7.jpg,0.7114164199747454,0.32485294
B2A,c3ae8d9885.jpg,0.674901874086564,0.43751836
B2A,c3b0c7adb5.jpg,0.7250378962810928,0.6608879
B2A,c3b262e6c5.jpg,0.626036394963654,0.59827805
B2A,c3b45ccdf0.jpg,0.6739718444117513,0.48965693
B2A,c3c8443027.jpg,0.7855942196499445,0.3713504
B2A,c3d7a24d73.jpg,0.8594838139791755,0.40445217
B2A,c3e565166e.jpg,0.8298812567223152,0.39270175
B2A,c3e6b45f00.jpg,0.8024299460110118,0.3692837
B2A,c3f82846fa.jpg,0.8119494435739233,0.41529924
B2A,c40157edb5.jpg,0.645078705798552,0.48135343
B2A,c419f70dc7.jpg,0.8168271326399571,0.3337206
B2A,c41d11bc49.jpg,0.6797983741466189,0.3580575
B2A,c428c52f81.jpg,0.7165180934880178,0.4619869
B2A,c456016d2d.jpg,0.785573835619808,0.39103067
B2A,c458ed7411.jpg,0.7061227282092104,0.42242232
B2A,c45ddef2b3.jpg,0.841993641849093,0.42993003
B2A,c46fcd1a80.jpg,0.7686619923612267,0.4362589
B2A,c470eb30ef.jpg,0.8240211385562496,0.34074068
B2A,c47e602b0b.jpg,0.7775111396362637,0.45206618
B2A,c47e788e86.jpg,0.8318859712068286,0.39494464
B2A,c4808eb22d.jpg,0.7086334725716098,0.4472841
B2A,c48dd873be.jpg,0.9215254445828546,0.40993738
B2A,c4bdcb6dd9.jpg,0.7813300588777501,0.34001216
B2A,c4c39ac3f9.jpg,0.7415696550351539,0.41557425
B2A,c4ced9cad1.jpg,0.8332480230647064,0.32625642
B2A,c4d6a7c8a9.jpg,0.7520401697727293,0.39525744
B2A,c4d73047e1.jpg,0.7963921063973338,0.41562775
B2A,c4d8884b3c.jpg,0.7548478149827709,0.41080484
B2A,c4d8c03cf8.jpg,0.7565632933249408,0.37097755
B2A,c4d9fbfb1f.jpg,0.6822632096882063,0.5156435
B2A,c4db21f52d.jpg,0.7077577033270047,0.37486792
B2A,c4e15cdce1.jpg,0.7926033346041098,0.4335219
B2A,c4e6130960.jpg,0.7763626508435384,0.69495857
B2A,c4f7170246.jpg,0.7397248880124551,0.5114324
B2A,c4fd20f2ce.jpg,0.6694518219680785,0.3786603
B2A,c50547f5fc.jpg,0.6033998824762309,0.581714
B2A,c50837aa54.jpg,0.7156816829947318,0.43681955
B2A,c52044fdd2.jpg,0.8190479092871111,0.445256
B2A,c524c49931.jpg,0.7533009098807665,0.3348979
B2A,c525d82983.jpg,0.658323437314838,0.47863528
B2A,c525dc1668.jpg,0.752820082363262,0.55082756
B2A,c526e4cab7.jpg,0.815009815909161,0.27018836
B2A,c52cb8c926.jpg,0.7970821428977561,0.38836795
B2A,c531391a54.jpg,0.5489044288112342,0.40573975
B2A,c5440d3858.jpg,0.7071957327242393,0.37298423
B2A,c5496898d9.jpg,0.6176503362096334,0.53432477
B2A,c54c5368af.jpg,0.7428702895643503,0.4008317
B2A,c5656a3bc2.jpg,0.8015391851206455,0.37355947
B2A,c570a774e2.jpg,0.7246402709677949,0.36767864
B2A,c57cb4cc7d.jpg,0.766747991315546,0.5907306
B2A,c57ecc2387.jpg,0.8087258291554605,0.3244782
B2A,c58fea646b.jpg,0.7653015782533266,0.35274214
B2A,c5921d07d4.jpg,0.631142203364184,0.45799938
B2A,c595a52c39.jpg,0.5588482953984742,0.62665886
B2A,c598a0b020.jpg,0.609422284872892,0.58140063
B2A,c59d7d374c.jpg,0.7262556441146847,0.4152934
B2A,c5a2b9c91c.jpg,0.7384762483422822,0.36800542
B2A,c5acb37086.jpg,0.6417222766346136,0.45096377
B2A,c5b7abcf1a.jpg,0.6476503309883282,0.48880187
B2A,c5c1ce91be.jpg,0.7947019122044819,0.5156263
B2A,c5c637557c.jpg,0.7871216765680826,0.43760183
B2A,c5df072a87.jpg,0.8066544409915817,0.36320788
B2A,c5e14d505f.jpg,0.7901634184563597,0.3527474
B2A,c5e6a04538.jpg,0.7785051321669552,0.3991133
B2A,c5ec21dc91.jpg,0.818053275515033,0.36632568
B2A,c5edeee0c7.jpg,0.702140729114573,0.40858606
B2A,c5f84dbc49.jpg,0.7496489777864759,0.2448171
B2A,c6023eafa9.jpg,0.6893958114602393,0.45259863
B2A,c602fe2139.jpg,0.6600030018157518,0.5558598
B2A,c60ce9a7c7.jpg,0.8726079066263518,0.42733583
B2A,c6145ae196.jpg,0.5542959536423147,0.5081005
B2A,c61687bbf7.jpg,0.8353179043136976,0.45974594
B2A,c61c78d0ca.jpg,0.6922560849554262,0.37189233
B2A,c62219be8a.jpg,0.4395771759255074,0.41648316
B2A,c63612e996.jpg,0.7681705812200813,0.6210835
B2A,c6500baba8.jpg,0.5482139427573939,0.4763446
B2A,c65d66d192.jpg,0.7566874186649252,0.31426498
B2A,c6677c412d.jpg,0.6838159475365986,0.35392267
B2A,c673cb8573.jpg,0.704308998782428,0.4842301
B2A,c67451f208.jpg,0.6841528066720085,0.3422224
B2A,c68341c3b7.jpg,0.7343090694537207,0.38707292
B2A,c686b36f96.jpg,0.6424487593277629,0.34091038
B2A,c6881f63ec.jpg,0.6219281347638996,0.47622433
B2A,c6a2fbabf7.jpg,0.7628804042559713,0.36864245
B2A,c6a4a9aeb2.jpg,0.7696039387038526,0.4352635
B2A,c6a58d81ef.jpg,0.8507630705774255,0.36769038
B2A,c6ad8bd40d.jpg,0.7255125622590625,0.53194654
B2A,c6aea7cf4f.jpg,0.7190194693046805,0.39656213
B2A,c6af326883.jpg,0.6944729839558634,0.40687633
B2A,c6b10318be.jpg,0.7012766597034151,0.52409536
B2A,c6c4b33994.jpg,0.8181373527866983,0.54703546
B2A,c6d9ef38ee.jpg,0.7025739950852743,0.3290237
B2A,c6e35b7a8e.jpg,0.8006520086069636,0.526566
B2A,c6f400cade.jpg,0.7674721692353627,0.3375854
B2A,c6f871bb47.jpg,0.7595700473117084,0.5132991
B2A,c7043864d2.jpg,0.6044521959132368,0.5853345
B2A,c72720ffb0.jpg,0.6460978452333954,0.447497
B2A,c736950d4e.jpg,0.5953332511029431,0.5149443
B2A,c7380a0fa2.jpg,0.8463762677007675,0.38932636
B2A,c73d060b7f.jpg,0.8699100399054887,0.30542308
B2A,c7427a066e.jpg,0.8202273995181386,0.38920048
B2A,c74314fb5c.jpg,0.6341288890588287,0.3477981
B2A,c748dcc2c7.jpg,0.9217190454325681,0.34367442
B2A,c74ae24a89.jpg,0.6991402118243768,0.49592185
B2A,c7608e5539.jpg,0.6175121722081297,0.36241627
B2A,c7622b657d.jpg,0.6425221616286186,0.773728
B2A,c76acdaaa5.jpg,0.9300308684520918,0.3035102
B2A,c7736d8864.jpg,0.7460162616310607,0.3992678
B2A,c7736e2c50.jpg,0.819552622372432,0.34475294
B2A,c77ecc882a.jpg,0.803581443396746,0.37512654
B2A,c78308fb1e.jpg,0.6469637085743549,0.38366067
B2A,c7880ba0c2.jpg,0.7269070913988824,0.4307317
B2A,c788baf225.jpg,0.5570366714711315,0.42878455
B2A,c78a6e867e.jpg,0.592534449450091,0.24539942
B2A,c78bc2db57.jpg,0.8220599822084322,0.37049744
B2A,c793220e43.jpg,0.8071673062659458,0.2989322
B2A,c7bf31ca58.jpg,0.6958018098544261,0.45254788
B2A,c7cc509a06.jpg,0.8178203340695082,0.4912898
B2A,c7d0dc1d10.jpg,0.5686929301390268,0.53915465
B2A,c7eaf9c07a.jpg,0.8204495127550784,0.38944376
B2A,c7f524e16e.jpg,0.6964320662508167,0.4921707
B2A,c7f9e63db6.jpg,0.756080427218618,0.3701588
B2A,c80007786e.jpg,0.5613622854815633,0.6684306
B2A,c81299eae0.jpg,0.8247839046976504,0.40252173
B2A,c8185b191d.jpg,0.7465779469594632,0.25729883
B2A,c81b6373f2.jpg,0.6157952977457395,0.44887042
B2A,c81c856677.jpg,0.7688200505048589,0.44456
B2A,c82080c8de.jpg,0.5960388311141153,0.49442354
B2A,c82b51e41e.jpg,0.5664021270053333,0.5524716
B2A,c840700a72.jpg,0.7213173719219708,0.2841164
B2A,c84627330d.jpg,0.8576073093385043,0.298033
B2A,c84660744f.jpg,0.7851959057728374,0.36300895
B2A,c851e6f6e0.jpg,0.6652800091150323,0.4242677
B2A,c8549dd38b.jpg,0.6529507010218412,0.46555123
B2A,c86587b1e8.jpg,0.5833652841558504,0.5495833
B2A,c8694cefc7.jpg,0.7524355958136248,0.36867952
B2A,c86a62e6d2.jpg,0.7693308586551189,0.4002035
B2A,c86f9ec4f7.jpg,0.6025620520578281,0.40149215
B2A,c87264d97f.jpg,0.6118630105194025,0.5331772
B2A,c88254adbe.jpg,0.7332219084195926,0.40709847
B2A,c882d8abac.jpg,0.6622569913684012,0.43721017
B2A,c8840a2e27.jpg,0.601529648475942,0.5648265
B2A,c889794bf7.jpg,0.6731347269275338,0.37852806
B2A,c891a570bb.jpg,0.7910498175134484,0.32166353
B2A,c893f6e167.jpg,0.672988754783034,0.4301529
B2A,c898f3300d.jpg,0.7229026644103129,0.38056672
B2A,c89c107b5b.jpg,0.6733323489582966,0.2926101
B2A,c8a8274cb3.jpg,0.8156589880500497,0.33949596
B2A,c8a9cfa14c.jpg,0.687724190546344,0.6397323
B2A,c8baedacff.jpg,0.6444297615819059,0.36210757
B2A,c8bd9caef0.jpg,0.7246567966327172,0.45673138
B2A,c8c45ad5f1.jpg,0.8115659887255343,0.45928296
B2A,c8cb8e85e7.jpg,0.7158072602527633,0.44338012
B2A,c8d05086f2.jpg,0.6108841435893996,0.44074017
B2A,c8d6f98b20.jpg,0.688724375515275,0.42268887
B2A,c8da3631bf.jpg,0.7479094399712608,0.3772324
B2A,c8ea1e9ef3.jpg,0.7898927101628906,0.36559564
B2A,c8ed12953b.jpg,0.6610903496627819,0.39546266
B2A,c8f1b865ca.jpg,0.8297640705169225,0.43641084
B2A,c8f7e3f9ee.jpg,0.641603609392277,0.44073537
B2A,c9020a4441.jpg,0.6743571655484505,0.57262194
B2A,c90b0c1ad5.jpg,0.8400356432185261,0.372356
B2A,c91473f497.jpg,0.6469703373510864,0.40187135
B2A,c91c752661.jpg,0.584832427998329,0.33662957
B2A,c925172e83.jpg,0.8288944626586343,0.40132165
B2A,c9347e1e7b.jpg,0.823182126245214,0.42266285
B2A,c936589fe5.jpg,0.7462271458386047,0.36606646
B2A,c9377ac739.jpg,0.8237272456766148,0.35576862
B2A,c943d77639.jpg,0.6892157576440686,0.38551375
B2A,c950a3f6af.jpg,0.5036989746831501,0.49670705
B2A,c9596992ba.jpg,0.8250379646244121,0.37697837
B2A,c963de7b44.jpg,0.6941736086613525,0.48380286
B2A,c965459a49.jpg,0.6843725998550627,0.49625847
B2A,c9677c2983.jpg,0.6108711119125527,0.5362312
B2A,c96ca42d91.jpg,0.606815780129488,0.55944914
B2A,c974562e36.jpg,0.774887939307552,0.45544434
B2A,c97cfcba7e.jpg,0.5456560713692928,0.43377358
B2A,c9823e7ce1.jpg,0.6833491007467872,0.34044075
B2A,c983c41dd9.jpg,0.764818936414983,0.31566632
B2A,c986b6924c.jpg,0.8119392444476312,0.42190656
B2A,c98a568b5d.jpg,0.6033544333328973,0.5890609
B2A,c9aea3d9d6.jpg,0.6428926774578281,0.36064607
B2A,c9afde6424.jpg,0.8401944620934891,0.31258667
B2A,c9bca1b8ea.jpg,0.7150923411679175,0.3886464
B2A,c9bdf7e5df.jpg,0.799421892406673,0.49779356
B2A,c9c007ddc3.jpg,0.8261954925051697,0.49276572
B2A,c9c6d6eb3a.jpg,0.6394777173773945,0.43271863
B2A,c9cba4bd0e.jpg,0.7505599100429601,0.44367242
B2A,c9d20d84df.jpg,0.5024493244909274,0.4126475
B2A,c9d61587a2.jpg,0.8365091387984263,0.32455486
B2A,c9e242367f.jpg,0.7891546791578632,0.30751613
B2A,c9e589eb2d.jpg,0.7895691535163748,0.374555
B2A,c9ff68f5a2.jpg,0.6177017938416396,0.55429995
B2A,ca048034a1.jpg,0.5133524104938745,0.5690064
B2A,ca1c1e0ab4.jpg,0.6973586499719658,0.5036524
B2A,ca2d56ade5.jpg,0.7426030629109346,0.3789365
B2A,ca350be337.jpg,0.7008155791431034,0.47643232
B2A,ca386d38d2.jpg,0.6993048506127554,0.56595707
B2A,ca4170de40.jpg,0.7468626856233751,0.43192083
B2A,ca4a5b1d15.jpg,0.8207186293992191,0.4488207
B2A,ca6254d8af.jpg,0.8723990784372413,0.33526784
B2A,ca62c55ebe.jpg,0.7725077793072347,0.39977127
B2A,ca66e77e70.jpg,0.5398784441200571,0.30205402
B2A,ca6833900f.jpg,0.5387217401612371,0.3504706
B2A,ca772b116e.jpg,0.7306027369080597,0.36736363
B2A,ca7b9ae1dd.jpg,0.8001372180417314,0.4115624
B2A,ca7ef68a39.jpg,0.6968520324957447,0.3329534
B2A,ca989796e8.jpg,0.5472442872203346,0.47969624
B2A,caa1dcc886.jpg,0.8407236071703953,0.39240468
B2A,caa6d72fa5.jpg,0.6996993516023965,0.40518045
B2A,cac056399a.jpg,0.8043486535572189,0.4433115
B2A,cac112db80.jpg,0.7184849524342569,0.36607355
B2A,cacfe238bb.jpg,0.8323264745346728,0.32102492
B2A,cae6f0d5e8.jpg,0.8192147429264742,0.47043872
B2A,caf18820a4.jpg,0.7633507874817221,0.20666462
B2A,cafbfecee1.jpg,0.7119926761819246,0.3988952
B2A,cafe98985e.jpg,0.8254068218284283,0.2690565
B2A,caff162d50.jpg,0.8602720590845797,0.32752988
B2A,cb07b1bb83.jpg,0.6822166722967513,0.43584827
B2A,cb09a699d1.jpg,0.8551751231248337,0.34034505
B2A,cb0fc9a127.jpg,0.5316205883854123,0.7070195
B2A,cb15285d36.jpg,0.5531949744832312,0.39500773
B2A,cb165748bf.jpg,0.7211386783120944,0.5040822
B2A,cb324a9122.jpg,0.6373373110654253,0.49061537
B2A,cb4aa83692.jpg,0.7389568973722325,0.38569704
B2A,cb706347dd.jpg,0.6228448957746585,0.4360869
B2A,cb767cd641.jpg,0.4480743558605795,0.7552405
B2A,cb845e6db5.jpg,0.8032656906386061,0.4119343
B2A,cb88754eed.jpg,0.8233768513132057,0.29405636
B2A,cb91ecbdda.jpg,0.6134696790704159,0.5413278
B2A,cb9d6af792.jpg,0.785608176034708,0.3920092
B2A,cb9dbaeffd.jpg,0.8216635711370749,0.43255645
B2A,cba38c093b.jpg,0.7828599205948117,0.37924486
B2A,cbafaf9b74.jpg,0.7707713742038015,0.3736303
B2A,cbb6e14382.jpg,0.818321147321037,0.35883388
B2A,cbc4a88c49.jpg,0.7413689866372805,0.28862214
B2A,cbca2560a2.jpg,0.5454326173567764,0.345018
B2A,cbca377969.jpg,0.725624851305351,0.41558087
B2A,cbcc092607.jpg,0.6172846431098113,0.42592922
B2A,cbd686ea00.jpg,0.6790664300175403,0.42948887
B2A,cbdd08a030.jpg,0.7955692089626648,0.37889987
B2A,cbddae001d.jpg,0.7743755879832543,0.32649118
B2A,cbf582621e.jpg,0.6677848483633176,0.41628692
B2A,cbf635d566.jpg,0.805657109457948,0.40243402
B2A,cbfb794656.jpg,0.7516463578981167,0.334735
B2A,cc03a70f14.jpg,0.7551367031815095,0.33508253
B2A,cc0a0dab48.jpg,0.7364237752986902,0.53311586
B2A,cc27c5fa12.jpg,0.4924151818704179,0.46789646
B2A,cc37cc11a3.jpg,0.6296998016791567,0.4100595
B2A,cc397c87b0.jpg,0.827421900099187,0.4248653
B2A,cc3d775c49.jpg,0.7919117643506981,0.31401432
B2A,cc46b14bbf.jpg,0.7394223747199459,0.3106202
B2A,cc47cfe509.jpg,0.6512835978013802,0.48575428
B2A,cc48975f1d.jpg,0.7876109155622639,0.4663359
B2A,cc4e40864c.jpg,0.845576796535376,0.39458036
B2A,cc5078a63b.jpg,0.6033457835537545,0.6159586
B2A,cc57246e94.jpg,0.7416797082461247,0.5107227
B2A,cc5ba51fab.jpg,0.7951281844278191,0.39228603
B2A,cc5fa7dcc6.jpg,0.6562467114976199,0.6405361
B2A,cc700e2ff5.jpg,0.6631248597487929,0.6582329
B2A,cc701e6899.jpg,0.7428066209471755,0.45995134
B2A,cc74028fc2.jpg,0.5355841005876566,0.46599215
B2A,cc79011331.jpg,0.7539326130265191,0.29138786
B2A,cc85351248.jpg,0.8877830786827249,0.35163307
B2A,cc8ce9bce8.jpg,0.7168014407004649,0.4150885
B2A,cc8ea5c3ef.jpg,0.8306319003519641,0.40838367
B2A,cc9c7d2ee1.jpg,0.8135314724714672,0.49997506
B2A,cca944dbaa.jpg,0.7978055640159264,0.32879448
B2A,ccac22a865.jpg,0.6063009408073581,0.47532433
B2A,ccb1c281ea.jpg,0.7294221914031438,0.4226354
B2A,ccdae48f44.jpg,0.6916468099983006,0.36038902
B2A,ccdb51d513.jpg,0.5436618535800962,0.38067546
B2A,cce7dc8ab2.jpg,0.7584978714357145,0.30243653
B2A,cceb177f89.jpg,0.7450121588814195,0.30384016
B2A,ccf03e66bc.jpg,0.6961656763514614,0.53936994
B2A,ccf1814c56.jpg,0.7220524357546676,0.40545338
B2A,cd002af052.jpg,0.6859931939220187,0.59132135
B2A,cd002f704d.jpg,0.6961383819137041,0.32977676
B2A,cd06750eef.jpg,0.8239256503561244,0.28387046
B2A,cd06b978fe.jpg,0.8415673051872475,0.35227028
B2A,cd093d4318.jpg,0.707639638547307,0.57054734
B2A,cd0952c111.jpg,0.9010204299381418,0.31990418
B2A,cd1cb040fe.jpg,0.8206791591603864,0.41853756
B2A,cd303186fb.jpg,0.4207282041689005,0.6346576
B2A,cd34097029.jpg,0.6141153068078131,0.4974385
B2A,cd396d99a3.jpg,0.78832575788107,0.42201188
B2A,cd3feb1181.jpg,0.6482801949921893,0.5633099
B2A,cd5d08f5be.jpg,0.7664395553707671,0.3703236
B2A,cd5e26b488.jpg,0.8794390417195095,0.38803765
B2A,cd697d2806.jpg,0.6258281817486754,0.3646406
B2A,cd6ebe93ba.jpg,0.7160014616926648,0.4420711
B2A,cd7c6b3be6.jpg,0.8120904305054732,0.35995224
B2A,cd805dd2c1.jpg,0.8100774902347891,0.45124817
B2A,cd813194f8.jpg,0.6665097603954225,0.5473386
B2A,cd8869c459.jpg,0.7186441779566068,0.33624065
B2A,cd8f124bd5.jpg,0.7635081443191672,0.3297157
B2A,cd909a57e7.jpg,0.7741191828595659,0.48620915
B2A,cd91b78ba2.jpg,0.765506572632525,0.47004822
B2A,cd9d87bc3d.jpg,0.7708710297402774,0.3863998
B2A,cdb10fd47a.jpg,0.7320190326172878,0.52518666
B2A,cdb621d29d.jpg,0.6689265837062366,0.37693456
B2A,cdd0aedc77.jpg,0.7089797685880692,0.4758289
B2A,cddb43b9e7.jpg,0.685611935796202,0.5088899
B2A,cddc890db6.jpg,0.6831196063777033,0.49404922
B2A,cde8917c39.jpg,0.7061572808399872,0.40269914
B2A,ce09815c9c.jpg,0.5794249959262425,0.47588345
B2A,ce107a12eb.jpg,0.7611265597100652,0.38506195
B2A,ce15456147.jpg,0.6441021634422596,0.58572406
B2A,ce1740b144.jpg,0.6960306778250921,0.35445094
B2A,ce18e0a0f5.jpg,0.7960132064422528,0.45969948
B2A,ce2918591f.jpg,0.806815539836617,0.3348021
B2A,ce2a521382.jpg,0.6185037682047076,0.3735956
B2A,ce4521380b.jpg,0.6760091629169974,0.64250994
B2A,ce4868171a.jpg,0.5361493925255117,0.5594651
B2A,ce4c59ff3a.jpg,0.8005236923156335,0.3863806
B2A,ce55094dff.jpg,0.6320755539515335,0.5025643
B2A,ce56788f42.jpg,0.7817802530588227,0.41157812
B2A,ce5ac8d0da.jpg,0.6793880732281554,0.4186324
B2A,ce5b830de2.jpg,0.8324986690506105,0.26845786
B2A,ce5d913383.jpg,0.7232198378078223,0.4845834
B2A,ce6578f48a.jpg,0.8907920557933561,0.32308793
B2A,ce7a05feca.jpg,0.6713350501082912,0.48874614
B2A,ce83fda480.jpg,0.732115892512411,0.43646234
B2A,ce9872420a.jpg,0.5273005228331152,0.6159452
B2A,ce9998c68f.jpg,0.5603238752170004,0.43629134
B2A,cec03efc5b.jpg,0.8146530256361061,0.4008103
B2A,cec134e6c0.jpg,0.8289434632714365,0.34311312
B2A,ceca1f8fa9.jpg,0.5732534631157195,0.45020527
B2A,ced29e1b27.jpg,0.7065976953094874,0.3111518
B2A,ceed1c7fc6.jpg,0.8234304809868213,0.33485126
B2A,cefe679fa9.jpg,0.7751679975482998,0.3095364
B2A,cf019642a5.jpg,0.8192565277413627,0.43261555
B2A,cf02f9afe4.jpg,0.7910926718180391,0.447084
B2A,cf137a4d6f.jpg,0.7384661139452612,0.3507303
B2A,cf1d695996.jpg,0.7847065186161558,0.3586076
B2A,cf32b9f4e9.jpg,0.642298547331535,0.4259791
B2A,cf36c56c38.jpg,0.7147405344154691,0.48592213
B2A,cf38193966.jpg,0.7970254611253874,0.31242034
B2A,cf46e070e9.jpg,0.9360819789513103,0.46720895
B2A,cf476a1333.jpg,0.6974838963752067,0.49433938
B2A,cf510d8083.jpg,0.6526413037013906,0.59427595
B2A,cf5d68fd72.jpg,0.7081528118103396,0.35672158
B2A,cf6530e446.jpg,0.7518912352344831,0.43218854
B2A,cf6742d301.jpg,0.7165692683374862,0.53769475
B2A,cf8e66be82.jpg,0.8451583534487052,0.29776227
B2A,cfb3b9881d.jpg,0.6229984931037782,0.5859731
B2A,cfbca208c3.jpg,0.8224075324042032,0.4690147
B2A,cfbcd9372b.jpg,0.7851921195765754,0.38278717
B2A,cfc2bf0c47.jpg,0.646697693309006,0.5767968
B2A,cfc6d4340f.jpg,0.4970582041823671,0.6477612
B2A,cfd44c64b5.jpg,0.6454071229936894,0.41742522
B2A,cfdaa19397.jpg,0.8259819158516706,0.3256069
B2A,cfe8899a0a.jpg,0.8364102214101378,0.35678738
B2A,cff53a63a5.jpg,0.6238959590424139,0.6245994
B2A,d003814d0e.jpg,0.7826867140867722,0.38553303
B2A,d00da2c9a6.jpg,0.6705030647972231,0.38962096
B2A,d01c505d6c.jpg,0.7322412402904892,0.46240184
B2A,d01ee012a8.jpg,0.6982694410321159,0.3893025
B2A,d03cc29634.jpg,0.8822322726213985,0.37218302
B2A,d03eda30db.jpg,0.7255037015760206,0.40814996
B2A,d053572af4.jpg,0.7519114824673911,0.45032984
B2A,d05f7b46c4.jpg,0.6303488069753996,0.6558381
B2A,d0765946b2.jpg,0.7318682404510718,0.41599733
B2A,d08cb8e751.jpg,0.7230285767091739,0.5248602
B2A,d09ad65e9a.jpg,0.6446858248986463,0.6342548
B2A,d0a1eed9dd.jpg,0.7880152984235835,0.44871587
B2A,d0b792d050.jpg,0.696185164255173,0.44895405
B2A,d0be1cb49b.jpg,0.6525391626036714,0.43584722
B2A,d0bf5f6a79.jpg,0.7872665334145369,0.39661485
B2A,d0c2bf5ee4.jpg,0.7083770738593376,0.30922484
B2A,d0c5001014.jpg,0.8928003206000249,0.38195086
B2A,d0cb3e02c5.jpg,0.7304410497335149,0.36571726
B2A,d0de1d07ab.jpg,0.8025923324297239,0.42084852
B2A,d0e02b3cca.jpg,0.6212209475973015,0.61799735
B2A,d0e5067af3.jpg,0.8262482203917372,0.4771147
B2A,d0eda9c6a2.jpg,0.8122624495389253,0.37053236
B2A,d0f878cc17.jpg,0.5225904460589775,0.5841171
B2A,d0ff4dbd71.jpg,0.7104886980778689,0.61410904
B2A,d1015b409e.jpg,0.6468127190411151,0.545022
B2A,d104600dfb.jpg,0.7973203238134122,0.3949207
B2A,d12a49b5f4.jpg,0.7997193827670984,0.28813738
B2A,d1340eb9e0.jpg,0.7865907037194168,0.44642025
B2A,d14363b745.jpg,0.781764335195981,0.5397778
B2A,d146966f14.jpg,0.797738685050521,0.32956123
B2A,d161e72471.jpg,0.7473946764880153,0.36770877
B2A,d169a63b7f.jpg,0.7367556001584734,0.40031528
B2A,d17d89d337.jpg,0.7188024255646435,0.42709827
B2A,d1879069e7.jpg,0.5745352203838399,0.5866632
B2A,d188b93438.jpg,0.8038666925855557,0.4425731
B2A,d188df6a22.jpg,0.5605205155431366,0.57563514
B2A,d1893ab238.jpg,0.7425104988060163,0.36644506
B2A,d1a661c8da.jpg,0.77985636168674,0.31094205
B2A,d1a6cb893d.jpg,0.6025170337732129,0.66254187
B2A,d1ad00d90c.jpg,0.7020937670929814,0.5148791
B2A,d1e043b730.jpg,0.7529781506741505,0.36556894
B2A,d1e060bfb6.jpg,0.7876494232582111,0.36459282
B2A,d1e18d7e5b.jpg,0.5328340782839309,0.480899
B2A,d1e6fbffd7.jpg,0.7527826990337259,0.45863566
B2A,d1f62310c3.jpg,0.7132842142092293,0.2868247
B2A,d225c560e6.jpg,0.7614834368274634,0.36863178
B2A,d246393b8c.jpg,0.6875378414020223,0.4641139
B2A,d279169f0b.jpg,0.7841729143091879,0.41524604
B2A,d27b1e3c9b.jpg,0.7956812270513575,0.43005422
B2A,d2b5bc2fec.jpg,0.7359596870685376,0.47044986
B2A,d2c6728caf.jpg,0.819681673081055,0.49389303
B2A,d2d4d23be2.jpg,0.7495548153949494,0.4723068
B2A,d2db5c1d58.jpg,0.7182626528154236,0.57435495
B2A,d2e17623a7.jpg,0.45060325152435604,0.5154374
B2A,d2e6f685fd.jpg,0.5983990287171985,0.5154202
B2A,d2e84b4d1e.jpg,0.694969111365823,0.4863441
B2A,d2fc2edddc.jpg,0.8727027707875776,0.3815793
B2A,d314454c0e.jpg,0.8593615924661584,0.32728207
B2A,d314628676.jpg,0.7528514941714204,0.47772416
B2A,d3154830df.jpg,0.715419526259589,0.4132672
B2A,d31a8ff3a5.jpg,0.6705944574051524,0.45605868
B2A,d32205861f.jpg,0.7250761319513276,0.5052352
B2A,d3269848d4.jpg,0.7827016139746941,0.37839702
B2A,d3284f750d.jpg,0.6697457719663397,0.3604086
B2A,d32eb0c36c.jpg,0.7365389342741784,0.4052374
B2A,d32ed2129f.jpg,0.8149225419425232,0.31991756
B2A,d33072a436.jpg,0.703069965292501,0.42841494
B2A,d336c14238.jpg,0.8064307693549823,0.26713872
B2A,d3394edae8.jpg,0.7955228114263152,0.3582917
B2A,d33f9a1542.jpg,0.7182572514063642,0.34813067
B2A,d35ae2cbae.jpg,0.6905222298418497,0.6038873
B2A,d35bc5d14a.jpg,0.8287044162815245,0.51841706
B2A,d3650f6c75.jpg,0.7797096112109506,0.37807357
B2A,d3703e6c9e.jpg,0.8719536525375762,0.33072495
B2A,d37045ad87.jpg,0.6700447218121429,0.44883448
B2A,d37e5269d1.jpg,0.9009149299086305,0.28566936
B2A,d38aea73cd.jpg,0.7592352050850704,0.43115944
B2A,d38b20fe5c.jpg,0.6312889598364746,0.5583815
B2A,d3930d44de.jpg,0.5653514548215978,0.57771087
B2A,d3957c616c.jpg,0.6936192920141799,0.4675346
B2A,d39869db76.jpg,0.8225046238300588,0.35430482
B2A,d3a25f9804.jpg,0.6216439835113814,0.44533128
B2A,d3aab5add0.jpg,0.7320196201127028,0.41488636
B2A,d3b6567912.jpg,0.6639848184173037,0.55917174
B2A,d3c463dd3b.jpg,0.7691249558050357,0.4035517
B2A,d3c57387ec.jpg,0.529711082864985,0.49243706
B2A,d3f0e309e0.jpg,0.8612608658319628,0.3174179
B2A,d3f0f026a8.jpg,0.6397884363718841,0.48408094
B2A,d3f2a0bb2c.jpg,0.6334303470461474,0.42146313
B2A,d3f454681f.jpg,0.7433707522372882,0.36930057
B2A,d3f696828f.jpg,0.824620189464111,0.3865014
B2A,d3ff9bca9e.jpg,0.5737473560077063,0.38829008
B2A,d415017bc2.jpg,0.7411348503264579,0.43092078
B2A,d418ba98f8.jpg,0.7546743996939287,0.51195055
B2A,d41cc915ff.jpg,0.8710834724579035,0.33578664
B2A,d42372229a.jpg,0.6504903942846738,0.4896498
B2A,d42f03cd81.jpg,0.8267911370014586,0.37577197
B2A,d42f6d7652.jpg,0.8111266226907434,0.37297195
B2A,d4471a4a4e.jpg,0.6916190130494464,0.53166825
B2A,d44857998f.jpg,0.7666739624321458,0.4805767
B2A,d4689bd3d9.jpg,0.8513143354975952,0.3122608
B2A,d47b4da779.jpg,0.8399672343569506,0.36045045
B2A,d4844e2dad.jpg,0.6645102043666821,0.49278137
B2A,d48a2d6bfd.jpg,0.7171456387188276,0.3653215
B2A,d48b8bf03a.jpg,0.6751544715917184,0.5574378
B2A,d492ae08d5.jpg,0.7190276863609046,0.67379284
B2A,d498591082.jpg,0.6998544979164635,0.46972504
B2A,d4a71919e4.jpg,0.7373463349687926,0.6289356
B2A,d4bb813fdc.jpg,0.6846770195508489,0.43749282
B2A,d4c215c09e.jpg,0.8016181934248384,0.33364278
B2A,d4c2eb38da.jpg,0.5709359250031251,0.57684577
B2A,d4cbd9c9b0.jpg,0.828561459552064,0.60659724
B2A,d4cdb47bdf.jpg,0.7292878870822815,0.37627697
B2A,d4ce5e251f.jpg,0.7795242433185045,0.2959901
B2A,d4d578acf5.jpg,0.41324540900910023,0.42740023
B2A,d4dbddb77b.jpg,0.6951388055132375,0.44756374
B2A,d4de7602c5.jpg,0.8818133247867705,0.31610632
B2A,d4dee83e40.jpg,0.7236532968266481,0.4517375
B2A,d4e9f0b0ce.jpg,0.6887801207309051,0.32206714
B2A,d4f60f4701.jpg,0.7071822253139213,0.54951894
B2A,d4f9dfa248.jpg,0.79573778242492,0.35809374
B2A,d509c85ae9.jpg,0.8168501939609701,0.33148438
B2A,d5111e3439.jpg,0.8124448609608173,0.35409594
B2A,d52dea5485.jpg,0.7690057557672876,0.3631649
B2A,d532d31ce9.jpg,0.7544552393830934,0.36500752
B2A,d53b1a61cc.jpg,0.7819838735515322,0.38185942
B2A,d53c1a6896.jpg,0.8169470921533056,0.4854472
B2A,d53c658d5d.jpg,0.7949610920421023,0.3047643
B2A,d549b4831b.jpg,0.788033154936253,0.43410248
B2A,d5568c935b.jpg,0.7194222816711325,0.30028483
B2A,d565375662.jpg,0.6342225944465097,0.3896919
B2A,d5672156cb.jpg,0.6953033150766681,0.37442967
B2A,d5687d4334.jpg,0.4918585981758855,0.7273779
B2A,d573bdf312.jpg,0.8539999772958919,0.37106082
B2A,d587e73d3c.jpg,0.4423023317334513,0.36929
B2A,d58ae30774.jpg,0.7198826369843402,0.3449853
B2A,d59e1972e6.jpg,0.611115579636433,0.40638328
B2A,d5a509f069.jpg,0.4958413047294236,0.56875086
B2A,d5a787ca7f.jpg,0.9005797372407632,0.29758447
B2A,d5bdd46e8e.jpg,0.6794521341617658,0.34368864
B2A,d5c5f591ab.jpg,0.7351701041084202,0.54276955
B2A,d5c7781f64.jpg,0.7974447363021612,0.3365282
B2A,d5d2fad470.jpg,0.7807832066859861,0.36396378
B2A,d5d5790444.jpg,0.6902245153759551,0.36089805
B2A,d5d6b091be.jpg,0.8189982659347627,0.5168445
B2A,d5df90dea4.jpg,0.8410954422956414,0.35723257
B2A,d5f266c340.jpg,0.6428523736516122,0.6582098
B2A,d5f3633c07.jpg,0.8058420920336505,0.44581395
B2A,d5fa8c4e07.jpg,0.7551507075215278,0.43620205
B2A,d5fd16b1ae.jpg,0.7704569340432194,0.47663882
B2A,d604fa140f.jpg,0.681403415713721,0.58290625
B2A,d6086a2b97.jpg,0.8576803452580869,0.3382453
B2A,d615a2ad47.jpg,0.7518828862954156,0.3530072
B2A,d62a9671f5.jpg,0.7540219513131875,0.29872912
B2A,d62e9d07dd.jpg,0.7841974995827488,0.54478145
B2A,d62eeaccb0.jpg,0.8532337791916311,0.41556364
B2A,d63d194a4d.jpg,0.5532373436351837,0.6714143
B2A,d64608c4e4.jpg,0.5669780156775526,0.49180716
B2A,d6485b0368.jpg,0.7492161624560576,0.35566813
B2A,d665568cdf.jpg,0.7663465296152964,0.5265769
B2A,d6711262bf.jpg,0.7780589835418315,0.32066563
B2A,d696cf4eaf.jpg,0.7409933896906968,0.4703788
B2A,d6970035e5.jpg,0.5789620496734232,0.29303497
B2A,d6a2175011.jpg,0.7016816807719801,0.48373196
B2A,d6a72784ba.jpg,0.7301390046536699,0.49513194
B2A,d6ae4d6c30.jpg,0.6403324898839644,0.58048415
B2A,d6b0733797.jpg,0.8176334913141429,0.41691154
B2A,d6c5343b4f.jpg,0.9145787153948646,0.3964242
B2A,d6d5bf2fc2.jpg,0.7103914044589799,0.4641434
B2A,d6d97e039e.jpg,0.6058475138753978,0.5505584
B2A,d6da10b7f5.jpg,0.7863538813380422,0.39110595
B2A,d6dcf25188.jpg,0.7448879912023976,0.3066662
B2A,d6e30ab5d6.jpg,0.7795949060244252,0.3323282
B2A,d6ec137527.jpg,0.6906784892490133,0.35963708
B2A,d6ffd07557.jpg,0.5678895303180495,0.46068767
B2A,d710d55142.jpg,0.7196956891424549,0.3784243
B2A,d711d39160.jpg,0.6823430262731129,0.43549627
B2A,d725fc1f6c.jpg,0.7496975149679443,0.4085221
B2A,d735b2e3ba.jpg,0.6399469634336864,0.48230493
B2A,d73677d70a.jpg,0.6913818434868421,0.51694584
B2A,d74102274f.jpg,0.6514289613378531,0.52462035
B2A,d744753df3.jpg,0.6895392833537372,0.39560467
B2A,d750bc223e.jpg,0.8180498621514286,0.3603475
B2A,d768b070fb.jpg,0.594560443618105,0.5475542
B2A,d76a286580.jpg,0.9007851724417799,0.31901863
B2A,d77588d82a.jpg,0.6707730746274133,0.37834144
B2A,d780fc984e.jpg,0.7349987897415768,0.5089856
B2A,d782a6d8c3.jpg,0.8416185196734666,0.27953446
B2A,d782a9909e.jpg,0.5128777785531358,0.6118214
B2A,d7931ef243.jpg,0.7785885475149378,0.3987371
B2A,d796721fb5.jpg,0.7107108006707432,0.39491388
B2A,d7a476f83c.jpg,0.7405918666321112,0.48929435
B2A,d7a5cd28b6.jpg,0.7449435484500762,0.46984243
B2A,d7a7a0f511.jpg,0.7461520951811106,0.45824188
B2A,d7a88b2a80.jpg,0.7907298585908168,0.3828181
B2A,d7aba83758.jpg,0.7613666846362442,0.3127281
B2A,d7b0822c4d.jpg,0.6396971808846091,0.37953433
B2A,d7ba967556.jpg,0.8264225334489591,0.40151784
B2A,d7c80f2f1c.jpg,0.5976827863963644,0.45171925
B2A,d7d2dcd8cb.jpg,0.8179396534551692,0.31431514
B2A,d7db542422.jpg,0.7672301393520952,0.4718554
B2A,d7e12eb311.jpg,0.531084712959022,0.46618533
B2A,d7e1b8775d.jpg,0.825205653838239,0.4004432
B2A,d7e64f3b75.jpg,0.747174007647036,0.51189053
B2A,d7e948b103.jpg,0.8834043441664117,0.36368167
B2A,d7f0767146.jpg,0.7052868683917316,0.33427852
B2A,d7f614f501.jpg,0.8312332218703533,0.3561701
B2A,d7f98bd210.jpg,0.6106354311366081,0.42238697
B2A,d7fa7571fb.jpg,0.8944891073041742,0.31577694
B2A,d7faed0983.jpg,0.7230460893529661,0.34941953
B2A,d7fe5c1813.jpg,0.7466866204156137,0.47649786
B2A,d8071daab5.jpg,0.7050460692922546,0.34358191
B2A,d80d4c93de.jpg,0.6233999325138443,0.5037746
B2A,d8203958e4.jpg,0.7481590972603145,0.35546744
B2A,d828712765.jpg,0.5771968847984843,0.41111124
B2A,d829b461da.jpg,0.7569438988219777,0.29281822
B2A,d8352d8b46.jpg,0.6388899809517453,0.4252455
B2A,d83783faee.jpg,0.8416659872581553,0.3790945
B2A,d83b284745.jpg,0.8125528421058477,0.3870756
B2A,d84246da4d.jpg,0.8282575813960995,0.29463184
B2A,d842c67749.jpg,0.6677646792548176,0.60272217
B2A,d84eb83137.jpg,0.8252175515694896,0.3601275
B2A,d8520bbf71.jpg,0.7611549761970698,0.60317236
B2A,d860d82c66.jpg,0.5831716998560665,0.4039943
B2A,d86bcf2cb1.jpg,0.5935938114001352,0.648822
B2A,d871a0f7d6.jpg,0.7361178885251335,0.36379987
B2A,d8733f7b37.jpg,0.6391923975070435,0.56112695
B2A,d88df3e4db.jpg,0.6781286129341794,0.4282041
B2A,d896bafc3a.jpg,0.6557341679256417,0.4636044
B2A,d8a5d84b9c.jpg,0.7249878209175176,0.416203
B2A,d8a82e544c.jpg,0.8314951124160546,0.48157778
B2A,d8b5422831.jpg,0.6716667164169863,0.53269964
B2A,d8b89867b7.jpg,0.552916103518328,0.58431304
B2A,d8e591ee2c.jpg,0.698849362831115,0.3330953
B2A,d8f841bc79.jpg,0.6983880371385444,0.5406715
B2A,d8fbe8e68c.jpg,0.8414963998794136,0.31105602
B2A,d9081260de.jpg,0.7659392374619923,0.4387519
B2A,d90bdfc690.jpg,0.5475084623407326,0.5832113
B2A,d910783d61.jpg,0.5531271995101557,0.49186742
B2A,d91c1034e5.jpg,0.753770157103526,0.45946345
B2A,d91c9eba83.jpg,0.854616207776019,0.58019227
B2A,d9213433cf.jpg,0.7879731791385809,0.3871475
B2A,d925ef5aff.jpg,0.5912701408236626,0.5635872
B2A,d926f81b43.jpg,0.6799682436451235,0.3896158
B2A,d939c19419.jpg,0.772429298989408,0.39354068
B2A,d93e5f8eb7.jpg,0.713653993064683,0.518891
B2A,d93e6be372.jpg,0.8705988701258421,0.38817954
B2A,d94541fa5b.jpg,0.8833818576518204,0.3525926
B2A,d94766bf33.jpg,0.6014719044744045,0.5571387
B2A,d9543c27a3.jpg,0.5762456595396646,0.33885258
B2A,d9553c2962.jpg,0.8327726341079748,0.35083792
B2A,d95ef93115.jpg,0.825218523170505,0.36082208
B2A,d961320e9a.jpg,0.8202602774304142,0.41522503
B2A,d9625e6971.jpg,0.697121308641541,0.3921038
B2A,d9673840a1.jpg,0.5758741448048605,0.58046883
B2A,d96e82c6f6.jpg,0.6630721827900903,0.41888952
B2A,d971072ac0.jpg,0.5876880122228251,0.39095056
B2A,d97bbd8692.jpg,0.6332728258690423,0.44722843
B2A,d97f10bdd5.jpg,0.6955889074369939,0.42339498
B2A,d993fbb271.jpg,0.6727812933181357,0.37382802
B2A,d997322544.jpg,0.7881967343001031,0.33939528
B2A,d99ae9a1ca.jpg,0.6506790981717023,0.5479554
B2A,d9a87c0d5d.jpg,0.7037178336028138,0.44646734
B2A,d9bbbafa03.jpg,0.8037862190031556,0.41110116
B2A,d9c29a7cbf.jpg,0.6786810425498828,0.36521533
B2A,d9c5c047d2.jpg,0.8322576259201929,0.2897781
B2A,d9c9f0392c.jpg,0.7792299014659565,0.4502839
B2A,d9cbda5356.jpg,0.7222514319015596,0.33629104
B2A,d9da605ace.jpg,0.7017582623472426,0.50070167
B2A,d9e227f734.jpg,0.7702770660673911,0.40041125
B2A,d9e879879a.jpg,0.6561840210492704,0.5017995
B2A,da02be50b3.jpg,0.6485352054540248,0.33008617
B2A,da0471dd85.jpg,0.6456258313471825,0.70474875
B2A,da10c654ce.jpg,0.8471746574392787,0.34331533
B2A,da2691d719.jpg,0.8420047638789159,0.44223073
B2A,da28b99645.jpg,0.7383083871028223,0.3242786
B2A,da342ea116.jpg,0.8697108154427511,0.3244672
B2A,da392927b1.jpg,0.8209346494723035,0.35091895
B2A,da3b4dd28e.jpg,0.6260220290378886,0.58049166
B2A,da3bac3250.jpg,0.6958531496668121,0.38779765
B2A,da53718103.jpg,0.7425726796636132,0.51074207
B2A,da6c915502.jpg,0.8720430768641578,0.29639703
B2A,da6d4d9ea2.jpg,0.7157733292983129,0.38914916
B2A,da86565952.jpg,0.48508823261615314,0.58653533
B2A,da920bf4bc.jpg,0.6874758185690603,0.41873217
B2A,daa4352f54.jpg,0.6126932295651544,0.59485495
B2A,daa8fa4579.jpg,0.7561290740518032,0.3823398
B2A,dabaad16e8.jpg,0.43161383092789174,0.58621794
B2A,dabaf0f8aa.jpg,0.7769459030302838,0.38351429
B2A,dabcf502f4.jpg,0.572907128731613,0.6223985
B2A,dac8b251fd.jpg,0.7887077375299134,0.33649457
B2A,dae46a168b.jpg,0.8336650884772498,0.293395
B2A,dae9ee7a11.jpg,0.549985363718567,0.53502506
B2A,daee416ffe.jpg,0.8152068860659036,0.4213422
B2A,daf0f4bdc1.jpg,0.7795692869659944,0.4125398
B2A,dafda5c17a.jpg,0.5792228045827971,0.5100946
B2A,db00979196.jpg,0.6731347713625285,0.33572957
B2A,db052e5241.jpg,0.8523413742545359,0.40292904
B2A,db0d9fdaec.jpg,0.6136817033186792,0.3689973
B2A,db0ecb48c4.jpg,0.7748971061296254,0.4291343
B2A,db14eba4e1.jpg,0.6794933193700322,0.45077792
B2A,db18f28537.jpg,0.7237279324952985,0.37090135
B2A,db1f18b059.jpg,0.7637351170830122,0.35663983
B2A,db2b40dd94.jpg,0.7539750750600768,0.44070834
B2A,db2e0f3cdf.jpg,0.7619220085244175,0.44524804
B2A,db4fd99e56.jpg,0.7627486920617911,0.47002426
B2A,db58221d78.jpg,0.8044682251795574,0.38670933
B2A,db59f96bfc.jpg,0.8189019560013042,0.39980265
B2A,db70823e2b.jpg,0.7334828793209479,0.4697723
B2A,db7fd38aa5.jpg,0.5495574974450282,0.3994848
B2A,db86c73152.jpg,0.8001907698323261,0.38795426
B2A,db9cfcd293.jpg,0.7504434915867371,0.45104885
B2A,dba404b1bd.jpg,0.37064859318198795,0.44700164
B2A,dbba4e41d0.jpg,0.7514073896702046,0.43897924
B2A,dbbe9bbb8e.jpg,0.8004765902842081,0.27581605
B2A,dbbed3a8c7.jpg,0.7362636206541386,0.49192724
B2A,dbbfe0e846.jpg,0.7388888585670805,0.4195132
B2A,dbc0d26415.jpg,0.7809138509611806,0.38481775
B2A,dbc5daad12.jpg,0.732974475006496,0.5625279
B2A,dbd3bf1236.jpg,0.8407549549648455,0.4055393
B2A,dbef8e6c0a.jpg,0.7506927615667192,0.40706187
B2A,dbf9e7be99.jpg,0.7925312513443407,0.50676763
B2A,dc0f97a1aa.jpg,0.6690200020932244,0.3779975
B2A,dc121d7f9b.jpg,0.7682581626523116,0.53858733
B2A,dc258c8a0b.jpg,0.7566889487648512,0.3271144
B2A,dc26513fe8.jpg,0.7011658897446464,0.3973444
B2A,dc2abc2e66.jpg,0.8790541932421577,0.3993288
B2A,dc307002d2.jpg,0.6260552042955292,0.50923836
B2A,dc549bebc4.jpg,0.6951197677756112,0.39015314
B2A,dc5829408f.jpg,0.7930751863329064,0.54597723
B2A,dc5f1c23a0.jpg,0.8275415808769274,0.30075043
B2A,dc629cae14.jpg,0.689890505787085,0.40454292
B2A,dc631c9b2a.jpg,0.8347580846116263,0.31380123
B2A,dc74902b39.jpg,0.6665350441225207,0.4823725
B2A,dc8a5d64eb.jpg,0.6607909828650824,0.38017812
B2A,dc8b552cc5.jpg,0.8629258019623697,0.38300383
B2A,dc938fd3f7.jpg,0.7320305737297238,0.42855912
B2A,dc98f07caf.jpg,0.7624573146914249,0.34650272
B2A,dc9943d9eb.jpg,0.5516935269844327,0.5847153
B2A,dc9d581332.jpg,0.6531874642753036,0.44905594
B2A,dca4c17096.jpg,0.6849932302029537,0.32666618
B2A,dcbdd75640.jpg,0.754944994525108,0.31460533
B2A,dcca4f8bb6.jpg,0.804100515453429,0.2629344
B2A,dccb6e42ee.jpg,0.7236550212869272,0.459172
B2A,dce963b80b.jpg,0.7476096469091728,0.6416107
B2A,dcf4c2cbb1.jpg,0.601698894059855,0.41965425
B2A,dcfa634264.jpg,0.7243047019491513,0.34104317
B2A,dd036adfe5.jpg,0.7499847295372752,0.4569163
B2A,dd232bb32f.jpg,0.6710275528364524,0.3766183
B2A,dd26e604b1.jpg,0.6144657925790877,0.48548764
B2A,dd2a4f5af6.jpg,0.7852989060681566,0.28069764
B2A,dd59da4b8e.jpg,0.8228668021327503,0.42346036
B2A,dd6a426ccb.jpg,0.7980358441405547,0.33929765
B2A,dd80a0ae1c.jpg,0.8787087439722838,0.3689993
B2A,dd8cf7b53e.jpg,0.7075243504741586,0.41273516
B2A,dd98d8bda5.jpg,0.7788608389438715,0.30497766
B2A,dda084c63b.jpg,0.6740364698295997,0.5473497
B2A,ddb1124c29.jpg,0.8351832427212018,0.33065057
B2A,ddb17e566c.jpg,0.7181249888263505,0.44901687
B2A,ddb386ce3e.jpg,0.7879368537145324,0.45754611
B2A,ddb8baf94a.jpg,0.734318090105229,0.466927
B2A,ddc08a0803.jpg,0.8524914354096153,0.33880857
B2A,ddc5ea8270.jpg,0.7440947588170015,0.4194339
B2A,ddd674f433.jpg,0.6034084553415285,0.40647897
B2A,dde4567678.jpg,0.8033588351938813,0.3497337
B2A,de010cbbc2.jpg,0.7764303974686243,0.48415264
B2A,de059c7bbf.jpg,0.815408692200352,0.31249008
B2A,de05b6bb2f.jpg,0.7695862182799612,0.35853115
B2A,de10876989.jpg,0.7091897376550093,0.39594084
B2A,de241d55fc.jpg,0.9375725399586737,0.33160865
B2A,de2f9d1599.jpg,0.7271326286311645,0.3337019
B2A,de31a67502.jpg,0.6990705416494127,0.47673556
B2A,de34c78357.jpg,0.7065028946584907,0.4559754
B2A,de37e2ad60.jpg,0.8026208626757305,0.38336465
B2A,de457df144.jpg,0.8539149212468828,0.40084973
B2A,de4f73e2e6.jpg,0.597342592106085,0.4978872
B2A,de59f8afb3.jpg,0.7439791293334793,0.49936992
B2A,de6510a7ab.jpg,0.8472996758111964,0.29532963
B2A,de6bf0cb04.jpg,0.7758115871000307,0.47474927
B2A,de7ed78f5a.jpg,0.5866805231890485,0.50390935
B2A,de86577a5b.jpg,0.5900974181729824,0.2561399
B2A,de86feb03d.jpg,0.5969830251333017,0.37767056
B2A,dea009ab5b.jpg,0.8308837175056503,0.3815151
B2A,dea330a02f.jpg,0.820167822990354,0.410757
B2A,deafff753c.jpg,0.7206178454357149,0.45748523
B2A,deb67f6b0e.jpg,0.7521163946438069,0.43416414
B2A,debf11d04c.jpg,0.8481215679954961,0.40017748
B2A,dec3ab2321.jpg,0.7770839369659659,0.40831983
B2A,ded7482c2c.jpg,0.7924687242462172,0.32887015
B2A,ded8ffa3ca.jpg,0.6511934809401121,0.32846466
B2A,def0cd31b2.jpg,0.6426047892828768,0.59306943
B2A,def8bd92f4.jpg,0.643541199158627,0.61739314
B2A,df017c0778.jpg,0.7590231492012043,0.42729676
B2A,df04d84ca9.jpg,0.7234798887623478,0.41800094
B2A,df1b2ded30.jpg,0.7186326487962896,0.4617809
B2A,df21dd363b.jpg,0.8815124082270718,0.3802793
B2A,df26cc01aa.jpg,0.7739109093395824,0.36322135
B2A,df2c0d53a4.jpg,0.6257817227560788,0.58704054
B2A,df2eddf8b4.jpg,0.7530546667611309,0.31215683
B2A,df34b6c0e8.jpg,0.7562009386619426,0.39738137
B2A,df3688f698.jpg,0.7144794371204759,0.4874797
B2A,df36a9efd4.jpg,0.5535707793031784,0.58858585
B2A,df4975e8bf.jpg,0.8471294779766642,0.3164497
B2A,df571c611d.jpg,0.6710405464256523,0.43099666
B2A,df65517316.jpg,0.5430147608864396,0.51134354
B2A,df717b23e2.jpg,0.6169473031606896,0.4227534
B2A,df71b50ac1.jpg,0.7387065732350259,0.36100525
B2A,df7438a2d8.jpg,0.7035963824134776,0.42426258
B2A,df75caef2e.jpg,0.8125004040187755,0.29793087
B2A,df7ada692b.jpg,0.7201172696712248,0.460318
B2A,df895d4f4f.jpg,0.8014337593320597,0.40017173
B2A,dfa6cb635d.jpg,0.6795196206031233,0.41518044
B2A,dfb9e202de.jpg,0.7422271936856587,0.54224414
B2A,dfbd52ecf5.jpg,0.7458802078672201,0.45671207
B2A,dfcd9af740.jpg,0.8424022180183515,0.42441157
B2A,dfd3b1a8bf.jpg,0.7632692442828889,0.6486346
B2A,dfdb05692f.jpg,0.8185048379152506,0.3291635
B2A,dfdf679899.jpg,0.8124741393265648,0.38480014
B2A,dfe59079af.jpg,0.7159383659304724,0.35399425
B2A,dfedfba018.jpg,0.7216455021214041,0.34746602
B2A,dfee298b96.jpg,0.5891771933496417,0.6435151
B2A,dff450dda1.jpg,0.8764189618969568,0.38637924
B2A,dff66a7d64.jpg,0.6517337530626882,0.6532671
B2A,dff763c552.jpg,0.7093531229988382,0.56741697
B2A,e00bba74a2.jpg,0.7847617385756605,0.45354944
B2A,e01fe394d8.jpg,0.8408437242766653,0.42561978
B2A,e0216cf2a8.jpg,0.634763303186138,0.5756292
B2A,e0316f1950.jpg,0.6579547525910051,0.58533376
B2A,e0328c7d7c.jpg,0.7351455228023651,0.41604045
B2A,e038af63fe.jpg,0.7952598377181531,0.4063321
B2A,e039712ade.jpg,0.8001962623863933,0.3564632
B2A,e03b2a6164.jpg,0.5561197670156489,0.3065809
B2A,e04291a057.jpg,0.808463104064588,0.405512
B2A,e048cbd49e.jpg,0.8453374613087414,0.35980725
B2A,e050f1a2a9.jpg,0.7465756881469209,0.46875954
B2A,e05899ed06.jpg,0.6223479647075152,0.420112
B2A,e05c7f85ef.jpg,0.7935970754733106,0.34175977
B2A,e068415db1.jpg,0.6347317618783958,0.44586122
B2A,e068928755.jpg,0.8146031224106236,0.36585975
B2A,e071db584c.jpg,0.8372727377971082,0.3073368
B2A,e0839b3c2e.jpg,0.6883388569037945,0.38399094
B2A,e08fc2d70e.jpg,0.7780224020276709,0.5217413
B2A,e091476985.jpg,0.7975271517563971,0.2822088
B2A,e09576695b.jpg,0.8330976847449427,0.45885617
B2A,e0a9fecd26.jpg,0.6437238526919341,0.40508753
B2A,e0b1a4f104.jpg,0.6678485612096984,0.42900497
B2A,e0b6abfd6d.jpg,0.7287985523432333,0.3824187
B2A,e0c949a987.jpg,0.8228511639368603,0.3794121
B2A,e0cfa9d464.jpg,0.6749061666259154,0.37601164
B2A,e0d48fc860.jpg,0.8324129938151476,0.41030368
B2A,e0d7f40a24.jpg,0.6398961527550301,0.5503759
B2A,e0d9fadae6.jpg,0.6819621156690708,0.30108598
B2A,e0db07d90e.jpg,0.6876367832870247,0.5252984
B2A,e0e0bd66eb.jpg,0.5106577576176013,0.3527507
B2A,e0edc2d1ff.jpg,0.7324570588919737,0.42408574
B2A,e0f0dc2983.jpg,0.6292138452900377,0.47276625
B2A,e0f7f0bb22.jpg,0.603495060291837,0.33222735
B2A,e0fce775af.jpg,0.6730864426558744,0.4061639
B2A,e0ffb419d8.jpg,0.5103330104356077,0.48683155
B2A,e103e37ef6.jpg,0.7060891542694967,0.45213792
B2A,e10f4e0249.jpg,0.934699946013784,0.24711731
B2A,e1107c721b.jpg,0.7064954505503828,0.6637323
B2A,e12532498c.jpg,0.6985720221449938,0.46664697
B2A,e13f5e00b9.jpg,0.8341186661333818,0.35714692
B2A,e1421bcb6d.jpg,0.6803366752482669,0.6391567
B2A,e14520fb9c.jpg,0.6954102790397066,0.5534976
B2A,e154b39c0c.jpg,0.6826787508598051,0.42552763
B2A,e158554d68.jpg,0.6272160064134126,0.77052134
B2A,e15ebb6b26.jpg,0.5664623140522759,0.5198841
B2A,e180ce65fe.jpg,0.7689427260002167,0.513788
B2A,e18c605daf.jpg,0.8361962876345048,0.3467207
B2A,e191e362cc.jpg,0.8226954565319621,0.33409327
B2A,e195754758.jpg,0.6534174780113545,0.41133955
B2A,e1b8768630.jpg,0.4348945777723973,0.41549182
B2A,e1e42d1e1d.jpg,0.7874128819333363,0.4081791
B2A,e1e7add957.jpg,0.8213064927134847,0.25717413
B2A,e1f01aed34.jpg,0.7335085581722743,0.30597502
B2A,e1f044dff1.jpg,0.5101049125109748,0.5746938
B2A,e2050f818f.jpg,0.7738498265726593,0.4426461
B2A,e20e016680.jpg,0.6481941225525335,0.54068583
B2A,e20f79f596.jpg,0.6694207929002373,0.5247319
B2A,e218d1a1ea.jpg,0.6513163923574812,0.39439937
B2A,e219f69873.jpg,0.829599304044393,0.31223196
B2A,e22fbe22ff.jpg,0.6446889830134107,0.4889887
B2A,e239290d7a.jpg,0.8095002594679106,0.43815196
B2A,e23da13385.jpg,0.7106508659003735,0.534114
B2A,e23dd4b66b.jpg,0.8299485440767971,0.35596758
B2A,e24d11659e.jpg,0.7684867357385728,0.3359389
B2A,e25a309e7f.jpg,0.7143198888730955,0.5009828
B2A,e262ebdb71.jpg,0.7502871285393992,0.3674368
B2A,e26f08910a.jpg,0.8220499940711488,0.31610894
B2A,e276cfea71.jpg,0.7429644971901183,0.34635866
B2A,e278a31c95.jpg,0.788936410682378,0.38671154
B2A,e2816c6358.jpg,0.671174367247232,0.4279849
B2A,e2921fb3bc.jpg,0.7791105817033096,0.38941264
B2A,e29891901c.jpg,0.816457066684413,0.37034094
B2A,e29923569e.jpg,0.8100543708284965,0.32730064
B2A,e2be127e28.jpg,0.5588615389362476,0.48228496
B2A,e2cc5d0740.jpg,0.7502699544772126,0.39367914
B2A,e2dd4bdeef.jpg,0.7490621646952073,0.4854811
B2A,e2e1192489.jpg,0.6033785019706429,0.51401436
B2A,e2e85f68e0.jpg,0.8314605913097568,0.40203136
B2A,e2ebe675f8.jpg,0.88433060432924,0.35330993
B2A,e2ec96f0b4.jpg,0.7544899358041913,0.40985692
B2A,e2f37052c1.jpg,0.630425537897512,0.4734627
B2A,e3148aa017.jpg,0.8603011600308824,0.31805956
B2A,e31668e912.jpg,0.7652736784409674,0.4630171
B2A,e33556dc35.jpg,0.6335687355575316,0.69436514
B2A,e33bb81f2b.jpg,0.682103992645386,0.36998242
B2A,e34010decc.jpg,0.6651394383025504,0.40621665
B2A,e340c22dc4.jpg,0.7542955153624261,0.37764907
B2A,e344e433cc.jpg,0.8544867871101958,0.43545735
B2A,e347492218.jpg,0.7042266074706476,0.54306793
B2A,e3477e1ec7.jpg,0.8540376445325546,0.4034728
B2A,e34ae8c169.jpg,0.7808747235809131,0.4327608
B2A,e3557bd3e7.jpg,0.7622129294717285,0.43209404
B2A,e3618e9a11.jpg,0.7564544927080032,0.38715553
B2A,e365dae98b.jpg,0.4311433785617137,0.597463
B2A,e37b3a49d9.jpg,0.5988147906279869,0.46972463
B2A,e37e071314.jpg,0.7226578953369708,0.43821815
B2A,e38186a614.jpg,0.6472280280674582,0.3113504
B2A,e388432c26.jpg,0.6284043952617558,0.6262794
B2A,e39562f090.jpg,0.7361549554153988,0.47431016
B2A,e3997e52e9.jpg,0.7599429192844624,0.45885444
B2A,e3cb3ad674.jpg,0.7530446809979469,0.37331358
B2A,e3cea056cc.jpg,0.692625468166227,0.42510054
B2A,e3ceb5d67a.jpg,0.7379699828201189,0.5451593
B2A,e3e6ca612f.jpg,0.8357952962485109,0.29491934
B2A,e3e87b3f1e.jpg,0.8077707935123324,0.33916974
B2A,e3f1be931a.jpg,0.6868410053769494,0.3558913
B2A,e3f34cdbfc.jpg,0.8051753019985478,0.44649786
B2A,e3fae55083.jpg,0.6603405672886437,0.4499483
B2A,e3fe190c35.jpg,0.850287362218931,0.3785633
B2A,e4005ebfe6.jpg,0.6954036389697545,0.53779894
B2A,e40a02297a.jpg,0.8076717783982741,0.32009238
B2A,e40ba425ad.jpg,0.8382432459838743,0.34924316
B2A,e40ea38065.jpg,0.7853063333168269,0.40432292
B2A,e41de69603.jpg,0.7885195624016712,0.3916869
B2A,e428d47850.jpg,0.7005792989225118,0.4936903
B2A,e43625382b.jpg,0.8195485913898217,0.3190982
B2A,e43cfeffd7.jpg,0.7837912457931349,0.502425
B2A,e452266e47.jpg,0.6626882916991612,0.3176663
B2A,e46722db3b.jpg,0.8736996071707667,0.3940226
B2A,e474730931.jpg,0.8429581109939933,0.3192244
B2A,e484852720.jpg,0.7325746242117024,0.4181913
B2A,e4a7646e26.jpg,0.6778702055410498,0.42477256
B2A,e4b6e49888.jpg,0.7799555060688379,0.27865326
B2A,e4baa84c9e.jpg,0.7887350138192747,0.48071036
B2A,e4c2f8062a.jpg,0.5888120700796793,0.61338425
B2A,e4c47323cb.jpg,0.7416182219929053,0.39527753
B2A,e4db596478.jpg,0.7900352509819002,0.28359964
B2A,e4df61af49.jpg,0.6933029053262005,0.39846593
B2A,e4e7fd51dd.jpg,0.5968688528339964,0.39413595
B2A,e4ec14322d.jpg,0.5988372734562112,0.4615013
B2A,e4edaddcef.jpg,0.4793213484684588,0.623801
B2A,e4f21cb9f8.jpg,0.7312584273922411,0.36646378
B2A,e4f5f401e0.jpg,0.77705707594159,0.41673052
B2A,e50dc96e2b.jpg,0.7279009203335735,0.33524624
B2A,e517b6f313.jpg,0.7599711079274567,0.39367616
B2A,e5247c9272.jpg,0.7315222229292333,0.39746708
B2A,e52816eec3.jpg,0.6639598951689651,0.73360854
B2A,e52b0badda.jpg,0.7147092118273156,0.38410017
B2A,e53184b315.jpg,0.7662285494860472,0.44750556
B2A,e536a8e4d0.jpg,0.6022016840398374,0.49389848
B2A,e53aaa0782.jpg,0.8517466044014957,0.36044517
B2A,e53aaac02c.jpg,0.6092024330948328,0.6174375
B2A,e53b41415d.jpg,0.7220264352554686,0.36832303
B2A,e545b38111.jpg,0.7806000450396037,0.46375144
B2A,e54604f159.jpg,0.7822155715107112,0.34738055
B2A,e552c9356b.jpg,0.6671564004547192,0.40725464
B2A,e55aa6a075.jpg,0.6181345338917263,0.41106403
B2A,e569d449aa.jpg,0.8136008341283902,0.3935562
B2A,e56a3b131d.jpg,0.827945674445919,0.2885833
B2A,e56e3bcfee.jpg,0.7567690992642794,0.38783184
B2A,e576d76af6.jpg,0.8720079934812901,0.3404348
B2A,e58dcaf848.jpg,0.6718610908314752,0.53929
B2A,e58e1d7d58.jpg,0.8707043972012216,0.36829856
B2A,e58ef68e3f.jpg,0.7529009740411265,0.30642352
B2A,e59a45567d.jpg,0.7437899913238368,0.40265098
B2A,e5ae2eab59.jpg,0.8966162177300225,0.33124414
B2A,e5b0f574bf.jpg,0.6912720301924747,0.3119373
B2A,e5c7397b2d.jpg,0.7047023880715538,0.43509123
B2A,e5c842ca6e.jpg,0.8103781269519574,0.32090864
B2A,e5cb078996.jpg,0.730781498173509,0.49889565
B2A,e5cb608eae.jpg,0.5941369872100094,0.4016655
B2A,e5cbe055f9.jpg,0.715324115386847,0.40201104
B2A,e5cd922fa9.jpg,0.771374570518271,0.46255302
B2A,e5d38a2047.jpg,0.7700553570729763,0.37596557
B2A,e5e1d837f1.jpg,0.8440318783332655,0.385328
B2A,e5ffaac462.jpg,0.7959616392165249,0.34128493
B2A,e614135f7d.jpg,0.6793551194846837,0.35465738
B2A,e629d7f736.jpg,0.6261174023407678,0.67009836
B2A,e63a00fc4f.jpg,0.8142642634492655,0.48015267
B2A,e643c9bdbe.jpg,0.6368948518499887,0.42656323
B2A,e6636be041.jpg,0.6400593901487454,0.61086595
B2A,e67341c640.jpg,0.7854575000935108,0.36108544
B2A,e67601a231.jpg,0.7343637736772547,0.43596172
B2A,e6779d7ed5.jpg,0.5532108081794401,0.6790022
B2A,e67cc523e0.jpg,0.8183349045883542,0.376834
B2A,e67e86bdb9.jpg,0.7239568577252493,0.27505746
B2A,e6836aa6da.jpg,0.7955729248046259,0.40472707
B2A,e686121a13.jpg,0.7880938087966987,0.42192054
B2A,e693f37abc.jpg,0.7340006922112101,0.5892335
B2A,e69c2d5a6d.jpg,0.7862516355742597,0.3151562
B2A,e69eb967c0.jpg,0.7266875633240399,0.44376603
B2A,e6a325d8fb.jpg,0.7857674817189126,0.45694616
B2A,e6a609cf76.jpg,0.8579335959121241,0.47360933
B2A,e6ad3eec60.jpg,0.7454076804090528,0.50211966
B2A,e6ba8f2334.jpg,0.7338673334902722,0.41799608
B2A,e6c25786d7.jpg,0.6879183230208217,0.45133612
B2A,e6cc103915.jpg,0.65038413849073,0.36641705
B2A,e6d2f68fcf.jpg,0.7380420132271306,0.40587965
B2A,e6dc2ff40c.jpg,0.7238815659357644,0.34547666
B2A,e6e3f15b73.jpg,0.7698273958962476,0.39808172
B2A,e6e6959173.jpg,0.6217782563456237,0.6226374
B2A,e6ea2d4d47.jpg,0.7305803512223681,0.3484315
B2A,e6f8a63c9c.jpg,0.7477820421133762,0.4538968
B2A,e707bf37b1.jpg,0.5875367124207485,0.53190017
B2A,e710d6eaa6.jpg,0.8219402650859997,0.47189438
B2A,e714c3661f.jpg,0.7583011866981332,0.37616765
B2A,e715464acb.jpg,0.646570972747611,0.3525932
B2A,e738568be6.jpg,0.8355479318904797,0.32634008
B2A,e73a598e28.jpg,0.7044807106429891,0.39856488
B2A,e73db0029b.jpg,0.7052248246676672,0.47784963
B2A,e744db3cd3.jpg,0.7497808621419502,0.55127364
B2A,e74a97ae14.jpg,0.7941839351715606,0.3692477
B2A,e764b3f35a.jpg,0.8405873819642051,0.4399312
B2A,e790229789.jpg,0.7207824518548959,0.47552407
B2A,e79618c3c9.jpg,0.6778821699421965,0.61579984
B2A,e7a2c2dfd5.jpg,0.6386564725646908,0.37664405
B2A,e7b73c75cb.jpg,0.5701686144883804,0.40647802
B2A,e7c3ac222b.jpg,0.656239297519637,0.37656647
B2A,e7c99420a8.jpg,0.8236295953728137,0.41855207
B2A,e7cd8551d8.jpg,0.8749252834697226,0.34318936
B2A,e7cdd8fd59.jpg,0.6644863613843341,0.33724588
B2A,e7d445c059.jpg,0.5613640692602575,0.45094138
B2A,e7ddcd88d3.jpg,0.6453081253658525,0.43392387
B2A,e7e77d48b0.jpg,0.731728182686857,0.416756
B2A,e7fd336c2e.jpg,0.6148612996217823,0.5813947
B2A,e80855ec86.jpg,0.654698577960891,0.6975168
B2A,e80a7530ea.jpg,0.4954785488425664,0.51992744
B2A,e80cebe6dd.jpg,0.7696121556953623,0.5654487
B2A,e80f526332.jpg,0.7673252067711236,0.32555628
B2A,e810cbaf55.jpg,0.7673765144762094,0.43155956
B2A,e8234e1e2e.jpg,0.8776766543730855,0.30597878
B2A,e8338afa09.jpg,0.4204627491557956,0.42273098
B2A,e85bba618a.jpg,0.8078976759435061,0.32042235
B2A,e85ed2bc38.jpg,0.7263129240059878,0.45952344
B2A,e8605bf89a.jpg,0.6913758924226497,0.5737164
B2A,e862b2a488.jpg,0.6911907188309712,0.40597516
B2A,e86d465a2d.jpg,0.8894954575147574,0.2880941
B2A,e8718dba1c.jpg,0.8648654760081274,0.37797406
B2A,e876733707.jpg,0.6518034201715249,0.37928313
B2A,e87676e6e2.jpg,0.741174427326846,0.48120436
B2A,e8789baa19.jpg,0.7541313851365775,0.48705715
B2A,e8882a7f33.jpg,0.7357154536173034,0.39706808
B2A,e89accad47.jpg,0.5418825631401472,0.40770274
B2A,e89b1f65b6.jpg,0.6459710251346259,0.35906303
B2A,e89e3ef99f.jpg,0.8017707139863443,0.43524787
B2A,e89f26b785.jpg,0.8175228401690018,0.40041292
B2A,e8a6213a64.jpg,0.5711687616270507,0.5327179
B2A,e8ca770df9.jpg,0.73011344345575,0.506786
B2A,e8cede65a7.jpg,0.7615734344280403,0.3873815
B2A,e8dc20c86e.jpg,0.9163939684289413,0.41526923
B2A,e8e02ca944.jpg,0.569316040238065,0.50571287
B2A,e8f2542a00.jpg,0.5579235050683802,0.6077201
B2A,e8f8ff2e11.jpg,0.5717670387542947,0.45536804
B2A,e91a6a79ca.jpg,0.7964410544590128,0.5128477
B2A,e941a6971b.jpg,0.7506745220678187,0.3322524
B2A,e9425b919e.jpg,0.6758171864969391,0.7028275
B2A,e94ce61928.jpg,0.6691725911360682,0.3364464
B2A,e94fe9ef94.jpg,0.7861262002879054,0.36269024
B2A,e9652384d0.jpg,0.7532384304718718,0.32156447
B2A,e96e9bdf9f.jpg,0.830634278791954,0.4368955
B2A,e975867ee1.jpg,0.708412804024314,0.38792968
B2A,e97aab1e3a.jpg,0.44851540319791405,0.5556509
B2A,e97f72f75e.jpg,0.8061453909192062,0.304167
B2A,e9896641d2.jpg,0.6446699343722241,0.478554
B2A,e98c174738.jpg,0.8278368818366839,0.29692957
B2A,e98cd4e13f.jpg,0.8422419592876209,0.33388287
B2A,e98d5c8d85.jpg,0.7734790303190795,0.4838688
B2A,e98e9b1620.jpg,0.6022385443692161,0.667763
B2A,e991139f4b.jpg,0.6744233709901615,0.46887392
B2A,e9ba0bafc4.jpg,0.6648771575325928,0.45700017
B2A,e9c3e52cf1.jpg,0.7115095958164962,0.38314408
B2A,e9ca026ba3.jpg,0.72617734160677,0.5081562
B2A,e9cbdee9bd.jpg,0.6451372430961336,0.4232815
B2A,e9d65fa272.jpg,0.546870133874751,0.4998679
B2A,e9da2fab10.jpg,0.8160109419571262,0.3751846
B2A,e9da44faa6.jpg,0.6326064603787035,0.44670153
B2A,e9e303af60.jpg,0.6955558221347551,0.41594592
B2A,e9ebdfe8ec.jpg,0.6382433891185396,0.43904614
B2A,e9ec0b07bd.jpg,0.7871873951560445,0.3659544
B2A,e9ef067120.jpg,0.5186836932299013,0.5824361
B2A,ea0086b300.jpg,0.8089065208016093,0.33891898
B2A,ea2128c1b2.jpg,0.6872073214043418,0.4078643
B2A,ea29af7178.jpg,0.6511718905427155,0.6807148
B2A,ea38729951.jpg,0.6607016401214115,0.46596158
B2A,ea437a682c.jpg,0.5988517205373811,0.42110646
B2A,ea4dc1e88e.jpg,0.7960932819614069,0.5177516
B2A,ea4f37e7e5.jpg,0.7723024540349618,0.3447974
B2A,ea58d700d2.jpg,0.7488392562839126,0.3338524
B2A,ea60c54c69.jpg,0.4906396457864682,0.6290946
B2A,ea626ba3a9.jpg,0.7312919615182986,0.4034602
B2A,ea656cf2b6.jpg,0.6546806678352258,0.36175445
B2A,ea6917e2db.jpg,0.8298327078915838,0.32438213
B2A,ea867fecaa.jpg,0.6283704466985323,0.4787279
B2A,ea90ff6da4.jpg,0.8223336720957901,0.42179036
B2A,ea942e0882.jpg,0.6054045662333254,0.43069822
B2A,ea965a1eba.jpg,0.6528955287029456,0.39715457
B2A,eaa17f1091.jpg,0.7185398845063276,0.5713112
B2A,eaac3f27b0.jpg,0.7950421144387001,0.28718078
B2A,eab48ed00d.jpg,0.897904144301653,0.4179464
B2A,eab57199fa.jpg,0.7144593877062964,0.32699376
B2A,eabe91cae5.jpg,0.8290953530458527,0.35499033
B2A,eac7bd7368.jpg,0.7561740544323122,0.43514597
B2A,eacb6ead4a.jpg,0.7538178758460515,0.588709
B2A,eacdc1d18f.jpg,0.7258561908778823,0.40081537
B2A,ead2fdbadc.jpg,0.7048710857462933,0.3119374
B2A,ead622126f.jpg,0.6566406570601308,0.45352507
B2A,eadb799684.jpg,0.6910061332964822,0.4266501
B2A,eadea8cf4c.jpg,0.5491429215997456,0.62032866
B2A,eae1d7b4a7.jpg,0.850256641704432,0.43907523
B2A,eae8ac05b6.jpg,0.7621240089840564,0.45304143
B2A,eafc9d8929.jpg,0.5744891131456296,0.39490336
B2A,eb09186652.jpg,0.7228851258824619,0.32408017
B2A,eb143cd557.jpg,0.7793810230473824,0.50653195
B2A,eb1ae4752c.jpg,0.46380656621476307,0.37749082
B2A,eb1ce8f38f.jpg,0.7755434357138842,0.33273402
B2A,eb1f220d40.jpg,0.739989023468236,0.51002294
B2A,eb267343a7.jpg,0.7229939959100116,0.33143732
B2A,eb33d8e41b.jpg,0.8061779133918509,0.460726
B2A,eb34f329c1.jpg,0.8518873586305036,0.38179538
B2A,eb396944a9.jpg,0.6866565823380513,0.46339846
B2A,eb48b08b2c.jpg,0.8167635014668949,0.357158
B2A,eb4c747b35.jpg,0.7610016164392286,0.38264623
B2A,eb5a006cd8.jpg,0.7979626193481604,0.48360193
B2A,eb7323bae7.jpg,0.8833046000369049,0.5748423
B2A,eb74e149ff.jpg,0.7752545095609032,0.41357237
B2A,eb74ee9751.jpg,0.7164952668727952,0.29599524
B2A,eb927ffcce.jpg,0.8586381397385816,0.33485943
B2A,eb9630147d.jpg,0.8208295865417222,0.2735528
B2A,ebb0aa2f01.jpg,0.7405150762031366,0.53811616
B2A,ebb3a60020.jpg,0.8494614109335021,0.35973242
B2A,ebb7fcea92.jpg,0.852352517086943,0.3413042
B2A,ebb973284b.jpg,0.5199476922334635,0.4412126
B2A,ebc6398a40.jpg,0.5571538526453066,0.49778566
B2A,ebcc42e110.jpg,0.8346883035744216,0.3712871
B2A,ebcce1a075.jpg,0.6854925719494197,0.38137907
B2A,ebd677e4df.jpg,0.8081017702764405,0.33897513
B2A,ebfb842dbb.jpg,0.7483727470820096,0.44830686
B2A,ec22ac410a.jpg,0.6259117314346129,0.52531666
B2A,ec26ffe6d9.jpg,0.7390474228710471,0.43776748
B2A,ec2819dd4a.jpg,0.5447253536125469,0.3364378
B2A,ec361682b9.jpg,0.7101399666228222,0.4130858
B2A,ec3cedbafe.jpg,0.8006602744565708,0.47426957
B2A,ec4acecf3f.jpg,0.7999347789747218,0.37882888
B2A,ec4fccd390.jpg,0.7623592918233533,0.32834104
B2A,ec509fe942.jpg,0.7025068375965894,0.46663406
B2A,ec5d51aaf0.jpg,0.6217305270989766,0.71668273
B2A,ec61770865.jpg,0.6914478820913933,0.3946144
B2A,ec673dd8d4.jpg,0.7650446268752477,0.39802018
B2A,ec6c041436.jpg,0.7294210103760516,0.63903415
B2A,ec7228a986.jpg,0.5871672876333671,0.45718765
B2A,ec74224ef5.jpg,0.639020253869756,0.47912118
B2A,ec99be1db6.jpg,0.7936470055056174,0.38858074
B2A,ecad06947b.jpg,0.5047989593062192,0.37052017
B2A,ecaf3bdf12.jpg,0.7596430102851442,0.32769123
B2A,ecb38a1051.jpg,0.7515110904813657,0.38320413
B2A,ecb3ccc9f4.jpg,0.797580553169882,0.40305185
B2A,ecc3cd6e1b.jpg,0.8045074439888562,0.30797708
B2A,ece948ce97.jpg,0.8252998071756368,0.33938885
B2A,ecee77ae5a.jpg,0.7119908721276546,0.34055257
B2A,ed04dbb114.jpg,0.7144733324620316,0.43495062
B2A,ed0ddbf26a.jpg,0.7520375961693595,0.33669236
B2A,ed22cf856f.jpg,0.6968270580660573,0.4384797
B2A,ed27eb5c68.jpg,0.7719600852370266,0.2511418
B2A,ed31f8c196.jpg,0.7106313468951414,0.60166335
B2A,ed34d8d7f3.jpg,0.5924073449294606,0.4622659
B2A,ed3b265e09.jpg,0.6068438587048708,0.2868197
B2A,ed458bffb6.jpg,0.6715197036596748,0.5468964
B2A,ed473bcf9b.jpg,0.7169504855183588,0.44718057
B2A,ed59cdccf1.jpg,0.8251141843076062,0.3432874
B2A,ed60c6410b.jpg,0.7513843718552605,0.33538374
B2A,ed65db5f88.jpg,0.7557419480815679,0.44358516
B2A,ed7b96a9c5.jpg,0.5560175629820389,0.3780266
B2A,ed848812da.jpg,0.8377755492417295,0.25492835
B2A,ed8dab0f96.jpg,0.5920123778917324,0.67853075
B2A,ed915c89a2.jpg,0.8302307842153719,0.36905056
B2A,ed94946d16.jpg,0.5434814385827783,0.42409074
B2A,ed9f0b8b5d.jpg,0.7455746380716144,0.52226156
B2A,eda8697979.jpg,0.8545485328582612,0.71037
B2A,edb7d50936.jpg,0.8315949536603867,0.39221263
B2A,edba7f0a70.jpg,0.8116482627543168,0.36977163
B2A,edc66bfb66.jpg,0.7567893665301118,0.42128798
B2A,edd52342db.jpg,0.6717709730133025,0.3951437
B2A,ede0add355.jpg,0.8748460436036485,0.42591387
B2A,edef4ef18d.jpg,0.49849882840355175,0.7513584
B2A,edef9cbabe.jpg,0.6417613947735116,0.45677063
B2A,edf15f0940.jpg,0.7179686796879193,0.33803222
B2A,edf42b9d0d.jpg,0.6759106573918429,0.40070987
B2A,ee0e1d6569.jpg,0.687066038505054,0.4424124
B2A,ee24903251.jpg,0.7204230578680475,0.2996216
B2A,ee28cc4d68.jpg,0.6533145355175961,0.38967797
B2A,ee29105aba.jpg,0.6733954341476964,0.46576023
B2A,ee2bf8c5fd.jpg,0.57450391945452,0.50007707
B2A,ee2e0ec65d.jpg,0.5690803117445199,0.6466172
B2A,ee6c260d4f.jpg,0.7256374955839623,0.28579426
B2A,ee861e6fae.jpg,0.7439039099299345,0.29858533
B2A,ee8bdcd99f.jpg,0.7887170086807378,0.34890366
B2A,ee8c2e9e3c.jpg,0.8283489198945531,0.3236965
B2A,ee97a20e7c.jpg,0.8169919177519348,0.58212745
B2A,ee982ce7e3.jpg,0.8425691412420944,0.2704956
B2A,ee9b29e1b8.jpg,0.5001515175649353,0.42052144
B2A,eea8eff240.jpg,0.7266431307007258,0.49245495
B2A,eeb1e5f575.jpg,0.8756891449633735,0.41467175
B2A,eeb4ccb21f.jpg,0.801287559025337,0.44386825
B2A,eec21ae61c.jpg,0.848347393490514,0.34496957
B2A,eed4191e08.jpg,0.7008248042905685,0.3437189
B2A,eed8644829.jpg,0.675427984037816,0.50099766
B2A,eedab28822.jpg,0.5181522016010327,0.8420085
B2A,eee8098608.jpg,0.662523102396929,0.37531087
B2A,eeee68b7d8.jpg,0.6197709176715349,0.6219163
B2A,eef39ac09b.jpg,0.8764788934358606,0.35850626
B2A,eef4bdae39.jpg,0.7006654324879753,0.45664215
B2A,ef129d082c.jpg,0.772250485889693,0.3607132
B2A,ef15317c67.jpg,0.7183081739458417,0.52662635
B2A,ef1f3e84f9.jpg,0.7229064562191523,0.42082375
B2A,ef488233e3.jpg,0.7024912091144488,0.3545191
B2A,ef4a60107c.jpg,0.8013846011064005,0.52429634
B2A,ef59ec0110.jpg,0.7975106456886336,0.51073337
B2A,ef6190ff9b.jpg,0.6752352021889455,0.5007557
B2A,ef674070d3.jpg,0.48361544117394556,0.37923557
B2A,ef77fe0cfc.jpg,0.6877156993749706,0.4134901
B2A,ef833e60b4.jpg,0.7035917325097948,0.35642654
B2A,ef893e33a9.jpg,0.762827975152613,0.36871737
B2A,ef8a6e2a7a.jpg,0.7347552865482851,0.5250752
B2A,ef9ca94c15.jpg,0.8272288247756192,0.38772845
B2A,ef9e5bc080.jpg,0.8277226840575241,0.3283764
B2A,efa2ba7d02.jpg,0.8096604397020518,0.38072312
B2A,efa6c21576.jpg,0.7166352035235076,0.44623804
B2A,efa79c9c41.jpg,0.8184853535662973,0.45889512
B2A,efbb57a439.jpg,0.7168642105629298,0.3875404
B2A,efbfcfe793.jpg,0.7247634792582455,0.42861396
B2A,efc51bdcdf.jpg,0.7309503451234538,0.35826713
B2A,efcabd7b97.jpg,0.8385560413239355,0.35186636
B2A,efd9e949f5.jpg,0.6471530415196936,0.5675219
B2A,efeb94db8b.jpg,0.7102799574806098,0.36959893
B2A,effaa53ad8.jpg,0.5036312692493498,0.51553464
B2A,f005004e0c.jpg,0.6158338099272932,0.39965135
B2A,f01164b232.jpg,0.775199761067464,0.56837595
B2A,f01207f706.jpg,0.7611616315875742,0.3602616
B2A,f01a04bd03.jpg,0.6521022767852582,0.5948206
B2A,f020a207a8.jpg,0.6152389152937086,0.49355292
B2A,f0220aa3f5.jpg,0.7221102151023784,0.58986723
B2A,f024838b95.jpg,0.8481963534241435,0.38178214
B2A,f0367de132.jpg,0.8235877135448306,0.33438978
B2A,f04f12da30.jpg,0.8704414244966012,0.4849953
B2A,f06b8cfef0.jpg,0.725245331051647,0.5572465
B2A,f074cffca1.jpg,0.6790106390054348,0.40749046
B2A,f07cb0b75e.jpg,0.7314947447092087,0.4739901
B2A,f07e66c2d2.jpg,0.7981515946928696,0.4059167
B2A,f088a906d0.jpg,0.7707013207675165,0.34267873
B2A,f088b513bf.jpg,0.8339734381403311,0.34599993
B2A,f08926d339.jpg,0.6132913158786171,0.3815285
B2A,f08c39d24f.jpg,0.6816515781870103,0.5169615
B2A,f08e936c6b.jpg,0.7718709326653701,0.39486957
B2A,f0962b6de5.jpg,0.8173620337104384,0.4803952
B2A,f09c772bcc.jpg,0.5981648021831739,0.6743514
B2A,f09d0b81ba.jpg,0.8662863660979924,0.3719852
B2A,f0a1187473.jpg,0.776807787998853,0.45924583
B2A,f0a55ad775.jpg,0.7000461026379556,0.41518682
B2A,f0a679e095.jpg,0.8066005891264885,0.36900228
B2A,f0aa76ff07.jpg,0.7174728260681398,0.5103197
B2A,f0b8c1d365.jpg,0.6513475196889972,0.44817924
B2A,f0e139a901.jpg,0.7777599527909158,0.42698857
B2A,f1032a4bd8.jpg,0.5537229077467392,0.5388131
B2A,f105adbfb1.jpg,0.6680725408911206,0.4233311
B2A,f10d2923bd.jpg,0.587618967888358,0.49116382
B2A,f10f748b4d.jpg,0.7142016104844988,0.44887906
B2A,f11454665a.jpg,0.8055720996203999,0.43395418
B2A,f11ee27f26.jpg,0.7178374699032373,0.44127977
B2A,f13184bb48.jpg,0.49023748827683755,0.60468155
B2A,f148707bb0.jpg,0.7110594248617246,0.33529764
B2A,f1591e50e1.jpg,0.8310109459669833,0.2686582
B2A,f15b7224fd.jpg,0.7124570796416474,0.39083573
B2A,f163b5185e.jpg,0.6716626863209729,0.390946
B2A,f1670c265f.jpg,0.6237577603855028,0.5853367
B2A,f176a55e27.jpg,0.7102477814030904,0.44817594
B2A,f177cf7991.jpg,0.5916004684321446,0.5314116
B2A,f17a8c4aee.jpg,0.7909165951127318,0.36879963
B2A,f17e985728.jpg,0.8078320499849904,0.24353582
B2A,f180c8d8b9.jpg,0.768741373682803,0.3997152
B2A,f188425ea5.jpg,0.7282285774483647,0.3099495
B2A,f18989ff8d.jpg,0.7205349091183849,0.5939269
B2A,f18d2c0a81.jpg,0.7834694248118557,0.35076267
B2A,f1ac127445.jpg,0.5893282563765868,0.66071093
B2A,f1b8dee326.jpg,0.6572541827474209,0.42709994
B2A,f1c198d735.jpg,0.7596266626809941,0.4334366
B2A,f1d4e7cd69.jpg,0.5431469137040325,0.4018131
B2A,f1d7343af8.jpg,0.7423923243170153,0.40766454
B2A,f1dbada7a5.jpg,0.6654753342407274,0.3906684
B2A,f1fe522e6d.jpg,0.7584309077831546,0.40525174
B2A,f1ff4a822a.jpg,0.7853722263358506,0.26571247
B2A,f203101270.jpg,0.7163783205586602,0.437366
B2A,f21ca704e5.jpg,0.6771144750198608,0.38898307
B2A,f21dd18a49.jpg,0.6337884397047284,0.54214954
B2A,f222ee8acc.jpg,0.8080565713003056,0.40462658
B2A,f22dac0d03.jpg,0.6902925856075343,0.4289783
B2A,f230845d9a.jpg,0.7889247971396651,0.3935325
B2A,f23e5d0e29.jpg,0.8216729151149585,0.31162834
B2A,f247ca8a34.jpg,0.5539253429486728,0.6126411
B2A,f24a8f4c6c.jpg,0.6772060360072619,0.3811664
B2A,f24acd17d0.jpg,0.7766185050421,0.45496908
B2A,f25716f164.jpg,0.7360765502035764,0.45038742
B2A,f265b9c6d2.jpg,0.5176456484799072,0.7815683
B2A,f26d369fbd.jpg,0.8784612767067377,0.356418
B2A,f270b20be4.jpg,0.8045720334726776,0.54831904
B2A,f27ac3fc28.jpg,0.5708089797966472,0.4585258
B2A,f27e7b74de.jpg,0.7402494016958434,0.354249
B2A,f27f6894a1.jpg,0.7380847751242404,0.2752615
B2A,f28231f3f9.jpg,0.7784765717578961,0.3777876
B2A,f2876e0b28.jpg,0.8501071951065171,0.43078876
B2A,f298108b32.jpg,0.6423617827244564,0.580754
B2A,f2a3dc33fe.jpg,0.740928982904908,0.36679608
B2A,f2b162e74b.jpg,0.8126002951762727,0.39993623
B2A,f2b7c12b9c.jpg,0.6425250100462367,0.5006044
B2A,f2d042180c.jpg,0.7022858432481451,0.46192402
B2A,f2d2d4efbc.jpg,0.7449974653612673,0.36525548
B2A,f2d986db88.jpg,0.7655755063154225,0.39821407
B2A,f2f09c8f41.jpg,0.746668118717452,0.37144092
B2A,f2f56add24.jpg,0.7396221465371859,0.39263344
B2A,f30e44407b.jpg,0.5241578879939094,0.48746103
B2A,f31217f986.jpg,0.6892758817348823,0.3572173
B2A,f3141801d8.jpg,0.7123466670442877,0.40755638
B2A,f3230db890.jpg,0.8254035127424904,0.40644714
B2A,f32a18c7c6.jpg,0.7466235283422392,0.38355106
B2A,f3356114c7.jpg,0.7753478567730792,0.26391673
B2A,f351ce3bc5.jpg,0.8781727743738086,0.27593598
B2A,f352a7a312.jpg,0.7048729277264818,0.3636519
B2A,f354013389.jpg,0.8317207099505062,0.39649808
B2A,f357fe1f0d.jpg,0.6585289515509807,0.72261107
B2A,f36fc36903.jpg,0.7582899034234383,0.5082581
B2A,f376a8789c.jpg,0.6747233265747187,0.5226793
B2A,f37a93cd01.jpg,0.6707225025348809,0.51551646
B2A,f384c39cd3.jpg,0.6049692128538584,0.3934251
B2A,f3b5806412.jpg,0.72593024766734,0.38653475
B2A,f3bf66740a.jpg,0.6608545799413893,0.5396684
B2A,f3c61a9a05.jpg,0.5903409657804924,0.5872691
B2A,f3c8ec10ae.jpg,0.47118655678197663,0.5267005
B2A,f3d15e5226.jpg,0.7764148381487486,0.30884308
B2A,f3d86d0bdc.jpg,0.7864870510835756,0.42845187
B2A,f3e4ae010d.jpg,0.5759992802723508,0.44213262
B2A,f3e54bc081.jpg,0.891688730149272,0.5416455
B2A,f3e9866cb8.jpg,0.8364028874133304,0.32439435
B2A,f3ec3e874d.jpg,0.658719818834451,0.41750225
B2A,f3ecb32509.jpg,0.8689623178863588,0.3413005
B2A,f3ee6c1af3.jpg,0.7757826943423578,0.40971652
B2A,f3fa90a191.jpg,0.745868246363833,0.47238916
B2A,f405d9a44e.jpg,0.7942594540234498,0.3274228
B2A,f40af60ddc.jpg,0.6649458794185081,0.46258724
B2A,f40b429650.jpg,0.757895678293917,0.41494003
B2A,f40b719930.jpg,0.5856151529590915,0.41544634
B2A,f40d9b8368.jpg,0.5476663801657812,0.42726225
B2A,f417a4cc39.jpg,0.8253710771116689,0.31104875
B2A,f41b5dec17.jpg,0.7890425994104111,0.4696368
B2A,f41d5c2163.jpg,0.6362891485499829,0.41896
B2A,f4219a5e81.jpg,0.7173563707973457,0.47962087
B2A,f42f6f0197.jpg,0.7610371314867131,0.27651426
B2A,f43113c91b.jpg,0.7196513162802765,0.45285827
B2A,f43c6fb1de.jpg,0.8417173410446523,0.2896021
B2A,f44a3275c9.jpg,0.7417333821455071,0.35259637
B2A,f46478e139.jpg,0.6161367525773999,0.62700796
B2A,f46cfb67bd.jpg,0.7558967194712228,0.49277183
B2A,f482274abc.jpg,0.6008542265532782,0.72400326
B2A,f4831ea6fb.jpg,0.7180798577605411,0.40853882
B2A,f4919d3664.jpg,0.7687591038927357,0.5041746
B2A,f494688de8.jpg,0.6904371922407931,0.3853955
B2A,f49ca09b7a.jpg,0.7649029252339404,0.48803577
B2A,f4a6936ec9.jpg,0.7756610753739531,0.39219856
B2A,f4a9c6100f.jpg,0.663860769682459,0.3663634
B2A,f4c509ad69.jpg,0.7731476890670484,0.3721445
B2A,f4cdc8fdbc.jpg,0.8190943595020357,0.5091627
B2A,f4dd7ea66e.jpg,0.7874174160284113,0.42069188
B2A,f4eb1866c7.jpg,0.5573846700127164,0.4122018
B2A,f4eb47f0dd.jpg,0.7189040223801915,0.4699713
B2A,f501fc4455.jpg,0.801972208480083,0.34408838
B2A,f51503f974.jpg,0.673139924743289,0.65133524
B2A,f51f06df8f.jpg,0.6686879256581991,0.46939152
B2A,f53328c040.jpg,0.7562396029170209,0.36514056
B2A,f54cf76011.jpg,0.7500278840327942,0.35928017
B2A,f54dd83443.jpg,0.8399034694060398,0.42303285
B2A,f54f45c2ea.jpg,0.712969724035906,0.41734186
B2A,f55b066db1.jpg,0.6224209624469119,0.49611586
B2A,f56ae75fdd.jpg,0.6184191723404778,0.41168684
B2A,f56b12cf0b.jpg,0.7978714523890371,0.5194802
B2A,f575a81ad6.jpg,0.6883981919468635,0.512079
B2A,f58ec475cf.jpg,0.6638176146538021,0.58092177
B2A,f5b336d512.jpg,0.7288908089663587,0.31364894
B2A,f5b3c7c78c.jpg,0.8151519461173664,0.4637047
B2A,f5c1d6af2a.jpg,0.668621760609856,0.21300276
B2A,f5c3514cca.jpg,0.6831793735566175,0.60516477
B2A,f5c7a8068c.jpg,0.6707986809556729,0.53491586
B2A,f5d163add7.jpg,0.7922521393690872,0.36127606
B2A,f5d1922ba9.jpg,0.7735368427021189,0.22454786
B2A,f5d652e997.jpg,0.7421380156317247,0.5153461
B2A,f5ddf6d767.jpg,0.7498434074057153,0.32789862
B2A,f5efcc2979.jpg,0.7946802151063267,0.40864292
B2A,f5f34241cc.jpg,0.7626577208981089,0.5548274
B2A,f5ffe2e92d.jpg,0.7701329998755951,0.32118356
B2A,f604e3e7e5.jpg,0.7023924894421736,0.3336925
B2A,f607a14dd9.jpg,0.5612592674934379,0.5996783
B2A,f6084689ed.jpg,0.7835016527950324,0.5950025
B2A,f60910ed40.jpg,0.624427214211115,0.31053257
B2A,f60b4c4d98.jpg,0.7834584657326855,0.3898068
B2A,f60b67ae6e.jpg,0.7314604587236881,0.30654472
B2A,f62bb41c9c.jpg,0.6935041824402541,0.42376423
B2A,f633c4ebed.jpg,0.6593482737125378,0.32248417
B2A,f639ee968c.jpg,0.6940955714258004,0.33783937
B2A,f63a1042f4.jpg,0.6932460489018647,0.37577355
B2A,f63a2b4fb9.jpg,0.8432590738402777,0.4573315
B2A,f64019e49d.jpg,0.7837403100671062,0.44728822
B2A,f647ce5fd1.jpg,0.7832356282369186,0.32152012
B2A,f651e57596.jpg,0.64343580365187,0.53191704
B2A,f6574b10b7.jpg,0.6703437047820626,0.63968533
B2A,f6626c86e1.jpg,0.802000443715523,0.3855465
B2A,f6798eb074.jpg,0.4996549662399374,0.69405144
B2A,f67f1708b6.jpg,0.7842292882984285,0.3254137
B2A,f68dae168d.jpg,0.6654304302087024,0.6837922
B2A,f68dcc7a8a.jpg,0.5088418930962146,0.58773565
B2A,f68e29bd81.jpg,0.8736341282410778,0.36142027
B2A,f690980765.jpg,0.4573221840316541,0.49604002
B2A,f69731b55b.jpg,0.6641339525810819,0.37131667
B2A,f69ff9b62b.jpg,0.6840196704895685,0.36595276
B2A,f6aa1d5154.jpg,0.799697642736868,0.3758775
B2A,f6ab953224.jpg,0.7711548988864525,0.32976735
B2A,f6b61559e0.jpg,0.8293635633406633,0.3650842
B2A,f6ca69a495.jpg,0.7910449575437603,0.34943235
B2A,f6cb2948da.jpg,0.6916440130904408,0.45933747
B2A,f6d01357b6.jpg,0.7837686623542083,0.3375058
B2A,f6e17b1a2a.jpg,0.6912016569004755,0.32180354
B2A,f6e422b697.jpg,0.8523157382174538,0.3541412
B2A,f6e5895253.jpg,0.7510866100427183,0.5890542
B2A,f6e822d131.jpg,0.7030566263117803,0.4805622
B2A,f6e8f07d9d.jpg,0.7960543834960286,0.5876318
B2A,f6efddda9c.jpg,0.7659048708661247,0.4755803
B2A,f706c0860d.jpg,0.6900758633933232,0.44848406
B2A,f70871846a.jpg,0.5895236180463583,0.47414207
B2A,f71cc4d572.jpg,0.8022787373456036,0.43389308
B2A,f721bb7f6d.jpg,0.6678450474642753,0.43947327
B2A,f743f3bf62.jpg,0.8062545389341157,0.41251853
B2A,f74cdcd632.jpg,0.8518109314069565,0.31740043
B2A,f7531c3b99.jpg,0.8330931899812324,0.34841633
B2A,f75a997bb8.jpg,0.7745345421478846,0.35731548
B2A,f76e1ec9a3.jpg,0.6195023142062099,0.5390421
B2A,f771e1e1b0.jpg,0.6805763082748445,0.4736196
B2A,f77377bd03.jpg,0.6530772783271135,0.34062296
B2A,f77505c83f.jpg,0.6268945403788994,0.3562963
B2A,f77c59acb3.jpg,0.7940969743805275,0.40480787
B2A,f77e3cb703.jpg,0.6465535377030331,0.60127723
B2A,f77f395731.jpg,0.5912332505847325,0.40896887
B2A,f790a14012.jpg,0.7854832599287866,0.37212136
B2A,f79d9de05d.jpg,0.7874311271643376,0.38758975
B2A,f7a011547d.jpg,0.8503893679877856,0.35602236
B2A,f7a821c3c8.jpg,0.7423325922733213,0.29586273
B2A,f7ae6e1d31.jpg,0.8152751034890696,0.41569048
B2A,f7c4d8033d.jpg,0.716300655637185,0.58962226
B2A,f7c78a4eef.jpg,0.7811429389549917,0.4775016
B2A,f7d0dba843.jpg,0.6276730009619762,0.5028824
B2A,f7d0f59566.jpg,0.6668370645521596,0.3631866
B2A,f7d17e77d6.jpg,0.5892773833465229,0.41643393
B2A,f7dbdb551f.jpg,0.6932861957547549,0.55333936
B2A,f7dc666b50.jpg,0.7070518944821697,0.4129193
B2A,f7eb84fdb7.jpg,0.7813615523110512,0.36091793
B2A,f7ee2469f6.jpg,0.8424879317402563,0.38151544
B2A,f7f1d58022.jpg,0.7576850793234816,0.4113527
B2A,f807c72b5d.jpg,0.5628953460089253,0.4316123
B2A,f819274637.jpg,0.8052557601672015,0.41201305
B2A,f81b1cc834.jpg,0.8121344621806312,0.39024246
B2A,f82e8c30ac.jpg,0.7057405867644341,0.5521414
B2A,f82fc48ba4.jpg,0.7465436228931485,0.61732656
B2A,f8350e28db.jpg,0.7994109341996122,0.32442623
B2A,f8363ba521.jpg,0.6055766045516358,0.45927408
B2A,f83b161ca3.jpg,0.6585262158292626,0.47472247
B2A,f83e5b4295.jpg,0.6701554625407434,0.51752937
B2A,f843be17f5.jpg,0.54306363114122,0.513961
B2A,f84566ed02.jpg,0.5651990387942962,0.534634
B2A,f84d77a2a6.jpg,0.709787637089414,0.5498872
B2A,f85694dfe6.jpg,0.8133632135358133,0.33269072
B2A,f86b847b43.jpg,0.8114350374504677,0.419558
B2A,f876ba92ea.jpg,0.82911486563799,0.4014076
B2A,f87a1ab16d.jpg,0.8174768673858025,0.46126285
B2A,f87deecaa2.jpg,0.7038008097385561,0.4943012
B2A,f888dde817.jpg,0.6397994914923656,0.34669885
B2A,f8905451b4.jpg,0.7184476719670242,0.5212835
B2A,f895871068.jpg,0.6837791950486759,0.46709907
B2A,f89bc86075.jpg,0.6576587134638948,0.48732316
B2A,f8b6a915a9.jpg,0.8731478347274011,0.37783277
B2A,f8b73f1a33.jpg,0.6205622261283494,0.4198676
B2A,f8c19eaee6.jpg,0.6446557651275515,0.5408403
B2A,f8c63eea5a.jpg,0.7255308352764939,0.36531398
B2A,f8c8e456d7.jpg,0.7904380922968008,0.4211777
B2A,f8ca80aebb.jpg,0.7837636725432431,0.40800524
B2A,f8e10ef432.jpg,0.8349280024751597,0.338718
B2A,f8e488ce75.jpg,0.6373454127904895,0.52271986
B2A,f8e6d9f481.jpg,0.6731347895124903,0.74552214
B2A,f8f04744fd.jpg,0.5268418193758752,0.47303826
B2A,f8f98ae176.jpg,0.719485873561149,0.3520929
B2A,f8fac4e7ff.jpg,0.6009365050696601,0.43400568
B2A,f8ffd3ed06.jpg,0.8047414490224359,0.32028854
B2A,f901dfad23.jpg,0.7224820621165401,0.5035789
B2A,f904d3484c.jpg,0.7088865043169524,0.3607241
B2A,f9080ec43b.jpg,0.6562196903495227,0.36899644
B2A,f90edb8380.jpg,0.842344196704683,0.39163148
B2A,f90ee2b0db.jpg,0.8335416466213161,0.28420818
B2A,f9151bda3c.jpg,0.5884748837150682,0.67644906
B2A,f917b1c32a.jpg,0.6137951003475128,0.5475117
B2A,f91c3d1f53.jpg,0.6342106486228862,0.4982961
B2A,f91eb42b36.jpg,0.8045585597231425,0.37664104
B2A,f930392388.jpg,0.6537117582531388,0.45782816
B2A,f942443b5d.jpg,0.7152105952084569,0.49201766
B2A,f954a8be77.jpg,0.7992928278527609,0.4620536
B2A,f969505f84.jpg,0.5238088769406242,0.40393916
B2A,f96a50841d.jpg,0.7289440391717388,0.5306651
B2A,f97072faf8.jpg,0.7963636210094985,0.41159946
B2A,f975a1e01e.jpg,0.6118639873864258,0.46676603
B2A,f982a98853.jpg,0.6913016516631298,0.2725209
B2A,f9843ad01b.jpg,0.6171134248401609,0.4585204
B2A,f98627c542.jpg,0.834807054766968,0.40049458
B2A,f9867ce748.jpg,0.6652139640635051,0.74258935
B2A,f9989c2bd5.jpg,0.8190171394464195,0.42756414
B2A,f99a7a3267.jpg,0.671547997428487,0.4795855
B2A,f99f52c7f5.jpg,0.7987290172559509,0.41794467
B2A,f99fe506ed.jpg,0.7658333759774623,0.36463994
B2A,f9a20c7988.jpg,0.6837008433887776,0.59442204
B2A,f9b4495f70.jpg,0.7825605618702468,0.36873597
B2A,f9b4d017a3.jpg,0.7789835370484289,0.47322273
B2A,f9ba7b025e.jpg,0.6905526931788348,0.4904005
B2A,f9c9afcd78.jpg,0.842069841719181,0.33720958
B2A,f9cd461b5e.jpg,0.8588496596371723,0.34348997
B2A,f9cf6e7e27.jpg,0.8000440242158744,0.37157366
B2A,f9e8571801.jpg,0.5619041975710625,0.6225151
B2A,f9f59d905c.jpg,0.7234802515868726,0.34501088
B2A,f9f6bc6871.jpg,0.8422921695426475,0.3591823
B2A,fa0fde7844.jpg,0.7003710011813188,0.49199212
B2A,fa24240abc.jpg,0.7354018924296026,0.31570747
B2A,fa307775e7.jpg,0.6755264194754693,0.58699673
B2A,fa3aba5483.jpg,0.870326333326122,0.4135017
B2A,fa423fe5a3.jpg,0.8757180881470036,0.40510407
B2A,fa428459e2.jpg,0.6921877713668431,0.4844895
B2A,fa4326ff01.jpg,0.6449412635205054,0.5932141
B2A,fa47656f02.jpg,0.8737238143311322,0.32344872
B2A,fa48b1ceb5.jpg,0.6879721076866551,0.29848856
B2A,fa60f9a0c9.jpg,0.8269399542095187,0.26080763
B2A,fa63566e6e.jpg,0.5994726880478065,0.6141164
B2A,fa728d214f.jpg,0.6647277780850287,0.39868957
B2A,fa751def39.jpg,0.7344135284670585,0.60384643
B2A,fa9a74e9a4.jpg,0.5261775359795386,0.51200604
B2A,fa9a768c9b.jpg,0.76946016340062,0.47304288
B2A,faa4f82b52.jpg,0.8000204132606408,0.34502032
B2A,faaab4fb19.jpg,0.7254042672199548,0.3825821
B2A,fac89a2440.jpg,0.792498420390437,0.3932206
B2A,facc9d2df2.jpg,0.7519083692144065,0.3543725
B2A,fad67f0f19.jpg,0.7993529774863687,0.3805442
B2A,fb1779d922.jpg,0.7345030553640347,0.32438064
B2A,fb24316c57.jpg,0.7105505305086959,0.37607127
B2A,fb2a6a49d7.jpg,0.7121625485562181,0.6648967
B2A,fb362a6660.jpg,0.7732798830472419,0.33693337
B2A,fb3676a875.jpg,0.7947477851598513,0.51481944
B2A,fb546829cb.jpg,0.6683190891755552,0.47552684
B2A,fb562cd56b.jpg,0.6627021192958187,0.4448157
B2A,fb73e20575.jpg,0.7867517726752145,0.4296344
B2A,fb755692ce.jpg,0.7490172766911575,0.5128755
B2A,fb85264917.jpg,0.8478860842972552,0.28467017
B2A,fb8fb9b7c8.jpg,0.8387296677766428,0.3448182
B2A,fb97febc5f.jpg,0.8289666977025717,0.432675
B2A,fb9c5403b8.jpg,0.864370761195798,0.3344119
B2A,fbaa1647e7.jpg,0.7768788658430614,0.37196895
B2A,fbb5f72776.jpg,0.8058917498130072,0.35114396
B2A,fbb8e36b1c.jpg,0.8120153548694007,0.4172283
B2A,fbb8e5f081.jpg,0.7924920350699732,0.39921406
B2A,fbc1c4e45b.jpg,0.684352568990328,0.49485683
B2A,fbc34e93dc.jpg,0.7269754460304412,0.339995
B2A,fbc3754be3.jpg,0.8410451968833561,0.34856105
B2A,fbc70f973a.jpg,0.7763527585749291,0.34856063
B2A,fbdaf94ace.jpg,0.5103629205118585,0.53231335
B2A,fbf3ab42e9.jpg,0.8025085126701325,0.36527848
B2A,fc02616c06.jpg,0.7400198492040622,0.36453396
B2A,fc043d38eb.jpg,0.7945382599875682,0.4376313
B2A,fc04ed2d42.jpg,0.7764781552983234,0.28825772
B2A,fc075619e7.jpg,0.6878024739076579,0.45512176
B2A,fc16c59788.jpg,0.7895423140154187,0.35001594
B2A,fc30e458d6.jpg,0.8769820483165426,0.33536565
B2A,fc458d4ee1.jpg,0.7757847706528099,0.317343
B2A,fc49fb17f3.jpg,0.8803915480423049,0.2848978
B2A,fc51c26e2d.jpg,0.8358925121987462,0.358038
B2A,fc59b308a8.jpg,0.7213395652268132,0.35451216
B2A,fc5feebdc8.jpg,0.711850384594579,0.38327676
B2A,fc622b5577.jpg,0.8876823393020485,0.29796287
B2A,fc64e9fe13.jpg,0.6534385106449196,0.32292646
B2A,fc6d47c7b0.jpg,0.7577468794120602,0.5702766
B2A,fc9d809645.jpg,0.6730531683130746,0.4324098
B2A,fcaeb2fb17.jpg,0.7743603942016554,0.3794432
B2A,fcc0dc41b3.jpg,0.6519890713980597,0.60205746
B2A,fcc59cb31d.jpg,0.8226112111665824,0.47057787
B2A,fcd35ead6e.jpg,0.6598509767973809,0.42305174
B2A,fcd5eaceb7.jpg,0.793522663667013,0.4498009
B2A,fcdd5b1e31.jpg,0.5269919690480088,0.62518847
B2A,fce074b92c.jpg,0.546256293793218,0.43604186
B2A,fd0071794a.jpg,0.6909743224260418,0.44978368
B2A,fd06d4e7e3.jpg,0.7574756181226368,0.43297076
B2A,fd0a02921a.jpg,0.5802099115718666,0.4933874
B2A,fd15f29d57.jpg,0.8735160900409417,0.29999393
B2A,fd1f9293ca.jpg,0.7170491756406027,0.4554183
B2A,fd20b4c41a.jpg,0.8586559706227468,0.36484295
B2A,fd457c68d9.jpg,0.6360837684760986,0.47271326
B2A,fd48eb1f90.jpg,0.8615970018238828,0.40799978
B2A,fd49936788.jpg,0.6857514134151499,0.40387046
B2A,fd4debe229.jpg,0.7842130900068723,0.28520638
B2A,fd541f5f93.jpg,0.6856949350792353,0.542771
B2A,fd5ce86649.jpg,0.8196212597303446,0.39428115
B2A,fd619e77af.jpg,0.6224398414323495,0.38731694
B2A,fd6b68436e.jpg,0.7330321541250057,0.4357973
B2A,fd6c9bcbfa.jpg,0.6308562815331453,0.4882923
B2A,fd7d170a69.jpg,0.6955664949626712,0.80342674
B2A,fd85d15361.jpg,0.727858940308605,0.44853222
B2A,fd8c99d93b.jpg,0.7298271703069986,0.3750208
B2A,fd9767f897.jpg,0.7636610469986336,0.38307595
B2A,fda550148e.jpg,0.5992546879134045,0.5529898
B2A,fdad36c1e0.jpg,0.8121850644010078,0.40992427
B2A,fdb01f9aba.jpg,0.6175692297184658,0.35865155
B2A,fdb031e406.jpg,0.6307685722260968,0.41340223
B2A,fdc2b3b936.jpg,0.849795429965759,0.36782023
B2A,fdc6c88003.jpg,0.8312489329675239,0.34800088
B2A,fdce0c0d6d.jpg,0.6308906303114415,0.479715
B2A,fdd33c1145.jpg,0.7852377080674653,0.27493823
B2A,fddc60bb99.jpg,0.688864545769442,0.386256
B2A,fddcadfd3a.jpg,0.7593502728098401,0.39614096
B2A,fde289be21.jpg,0.6866343733260243,0.42012298
B2A,fde28fae2a.jpg,0.7245397560351747,0.31085286
B2A,fde46f2be4.jpg,0.6756019089399258,0.4284452
B2A,fdf013342c.jpg,0.8405779585363735,0.63274837
B2A,fdf57fbe60.jpg,0.6904529570414962,0.39606488
B2A,fdf84c4887.jpg,0.8722822028460318,0.23898837
B2A,fdfc86a000.jpg,0.6656021177423097,0.417554
B2A,fe00c3d087.jpg,0.7087506123685008,0.29911917
B2A,fe0a4f0e5a.jpg,0.7500039259016479,0.3829697
B2A,fe1561993e.jpg,0.8927442292202961,0.3275788
B2A,fe1c9d9e5a.jpg,0.8677234166216732,0.38349953
B2A,fe283d4ae3.jpg,0.6682986422283977,0.43160963
B2A,fe381a7c17.jpg,0.7758184944683283,0.540019
B2A,fe3c9d0016.jpg,0.76100351787014,0.3831359
B2A,fe3de96780.jpg,0.6750238316081119,0.6679715
B2A,fe3feb7d1b.jpg,0.722503213549223,0.51720643
B2A,fe40ac1d8b.jpg,0.5619351968431008,0.26901814
B2A,fe4c4e4b6b.jpg,0.7945946130631074,0.3646788
B2A,fe5dc7ef05.jpg,0.6666539688476814,0.40383878
B2A,fe6152a619.jpg,0.7028074169747396,0.70620954
B2A,fe65abaafd.jpg,0.7326167637835093,0.38051242
B2A,fe702a794e.jpg,0.41333645891895787,0.68531734
B2A,fe714c846e.jpg,0.738877948984678,0.40745786
B2A,fe7af9c427.jpg,0.7359997645689085,0.45555192
B2A,fe9cc12ae1.jpg,0.6351637190144613,0.44314864
B2A,fea227771f.jpg,0.6528717168527761,0.4744597
B2A,fea42e4505.jpg,0.8014655842931476,0.5379437
B2A,fea4d4f76c.jpg,0.67460974868108,0.43311438
B2A,fea5afe679.jpg,0.7441020482298295,0.40736452
B2A,feb132e4c1.jpg,0.7939563929979426,0.35855293
B2A,fee0c39907.jpg,0.7196684106503128,0.36309114
B2A,fefb86c469.jpg,0.6284254345743441,0.5399407
B2A,fefcd07a5e.jpg,0.7509811001003206,0.3030315
B2A,ff03c98f0e.jpg,0.724105582594145,0.38966414
B2A,ff2152ac2a.jpg,0.5744108560815345,0.5988244
B2A,ff258e79ce.jpg,0.532998543640841,0.45229676
B2A,ff2cb6658c.jpg,0.798770572896209,0.36390662
B2A,ff2f57429f.jpg,0.5989137848540611,0.4869904
B2A,ff3867d938.jpg,0.8504353068567244,0.3223628
B2A,ff46474c6d.jpg,0.8439669807619795,0.37455854
B2A,ff48e8580b.jpg,0.828077870813398,0.3492019
B2A,ff58af0f3b.jpg,0.6752095322560616,0.39429262
B2A,ff5c15ab50.jpg,0.6588282466581329,0.4007959
B2A,ff6ed45562.jpg,0.7082918582802217,0.49655294
B2A,ff757d7db3.jpg,0.8302702486474839,0.36148298
B2A,ff769c35c9.jpg,0.8600633688643297,0.30639905
B2A,ff7d83bc1d.jpg,0.8296085344029472,0.32910305
B2A,ff853f993b.jpg,0.8173895869756954,0.3633291
B2A,ff9ca0e1bb.jpg,0.8046172539816593,0.3255965
B2A,ff9e94857b.jpg,0.7514151176752043,0.3442018
B2A,ffa1ee4875.jpg,0.5059740018655214,0.6388444
B2A,ffa5d376be.jpg,0.7862066474311623,0.3729167
B2A,ffbbb24b43.jpg,0.6894101115430372,0.4367071
B2A,ffbdd43bfb.jpg,0.7416696980885951,0.46769398
B2A,ffc5b52a77.jpg,0.6487888253552455,0.4438843
B2A,ffcc20463a.jpg,0.7441908939556598,0.4208358
B2A,ffcdd249dd.jpg,0.8213718443926487,0.500836
B2A,ffcf64f150.jpg,0.5420588108008286,0.46364415
B2A,ffd71fce61.jpg,0.790800048665644,0.37965924
B2A,ffe1af8ca0.jpg,0.5972423970082146,0.39954513
B2A,fff5c33050.jpg,0.7632507684075195,0.3493101
B2A,fffaaaae65.jpg,0.7008241384434375,0.40823725
B2A,fffc0836d7.jpg,0.794610538619337,0.38802552
