direction,file,content_cosine,lpips
A2B,000c1e3bff.jpg,0.7311525543405614,0.3870492
A2B,011835cfbf.jpg,0.9080109168210225,0.27700597
A2B,0260d15306.jpg,0.7749602632178114,0.5264144
A2B,049e293b93.jpg,0.7559849582087432,0.3602811
A2B,05144e306f.jpg,0.7869275166689927,0.4678444
A2B,052a77c020.jpg,0.8663868367429808,0.16750142
A2B,058f878b7c.jpg,0.9050939775335737,0.244862
A2B,05b493ff42.jpg,0.9265959558944483,0.2940653
A2B,064487d630.jpg,0.8094126378439936,0.23991406
A2B,066fe4cbaa.jpg,0.9173047377664906,0.20778203
A2B,07fcaee35f.jpg,0.714379263394547,0.36928266
A2B,09b76b6471.jpg,0.8644354789356974,0.3511958
A2B,0a5075d42a.jpg,0.8137606599005061,0.24230516
A2B,0bd913dbc7.jpg,0.7932467810996762,0.30342504
A2B,0e3b3292da.jpg,0.8329589629777439,0.25713062
A2B,106757e5d8.jpg,0.8397557789690456,0.23235248
A2B,1078363ff0.jpg,0.8125861250218992,0.26111048
A2B,10c555c1b1.jpg,0.9710980230267028,0.13849151
A2B,118da0690c.jpg,0.8190553746828262,0.2636892
A2B,11ab570c5e.jpg,0.8905161500353166,0.34016225
A2B,11be65b3e9.jpg,0.850366905738484,0.23008195
A2B,133b42e498.jpg,0.8619441140988676,0.19253722
A2B,14162de938.jpg,0.8751717499952271,0.31459904
A2B,14ff6e6a99.jpg,0.8459281537593568,0.21206954
A2B,158740962c.jpg,0.8674291598426647,0.333702
A2B,16dabe418c.jpg,0.8680158179193341,0.27927923
A2B,17557a29cb.jpg,0.8412991836440129,0.27660897
A2B,1814cc6632.jpg,0.8747667272890114,0.33206743
A2B,184d6c66cd.jpg,0.8451651679272315,0.26183686
A2B,1994b8d4a2.jpg,0.8004973802447065,0.1838629
A2B,19dc36ccb2.jpg,0.7435152231466061,0.3645473
A2B,1a127acf4d.jpg,0.883876741825891,0.1829596
A2B,1e4e4e63c5.jpg,0.9086682127638493,0.37226585
A2B,1f22663e72.jpg,0.857948235462028,0.29198956
A2B,1f9667f2a7.jpg,0.7256443715845785,0.38424045
A2B,22b1ac6b44.jpg,0.9391812303215279,0.18339401
A2B,23832dead5.jpg,0.8853453137593642,0.25612846
A2B,23b07c3769.jpg,0.890820172897375,0.25696918
A2B,23d6aeb485.jpg,0.7856508986270518,0.50899625
A2B,23f0fbd77e.jpg,0.932172627634644,0.14228484
A2B,24af733334.jpg,0.8649970848612014,0.28133762
A2B,252d9a4abc.jpg,0.8456110036825372,0.27695674
A2B,2581464ddc.jpg,0.8949656733961734,0.19043252
A2B,25c9904782.jpg,0.8190353104927842,0.27525514
A2B,26b66eb819.jpg,0.8341499044081953,0.32795256
A2B,2759c1ed37.jpg,0.7388297895526815,0.34311652
A2B,281b73fb5e.jpg,0.8774214322314681,0.1804841
A2B,28deb43a71.jpg,0.8458442376014205,0.16132176
A2B,295eb5c521.jpg,0.8839589696954693,0.29620376
A2B,29696b4455.jpg,0.679349055243147,0.4008571
A2B,2acfbab228.jpg,0.9061796599143354,0.21789199
A2B,2c00f5147f.jpg,0.8495679394614761,0.2273047
A2B,2cca56415e.jpg,0.8517293199632018,0.37652513
A2B,2e0d0e6e19.jpg,0.7700214773032518,0.44653437
A2B,2f20944b6a.jpg,0.8427907650333678,0.24261256
A2B,2f90c99e10.jpg,0.7685733761423856,0.32814592
A2B,3283442e33.jpg,0.7399790103187187,0.35295314
A2B,32cc820303.jpg,0.8646290518091806,0.19440764
A2B,32e33792cc.jpg,0.8873516212742231,0.24502397
A2B,3417ace946.jpg,0.8122820720077756,0.32938105
A2B,344d1829bb.jpg,0.8739664569235324,0.29618025
A2B,3545597386.jpg,0.9086794440925916,0.18945502
A2B,369f6d07e8.jpg,0.7663468483718742,0.35129556
A2B,3843e221cc.jpg,0.7729423205283331,0.27186766
A2B,3b262c6726.jpg,0.834059419445347,0.24584123
A2B,3c341ff93e.jpg,0.7907893291030498,0.32559204
A2B,3d13fe022e.jpg,0.7695775709250109,0.3423175
A2B,3deea9f4a4.jpg,0.7823137517133617,0.4438355
A2B,3eaef3ee43.jpg,0.834229380527126,0.26450124
A2B,40d7d18ad3.jpg,0.8742611239515754,0.313191
A2B,417e77e946.jpg,0.7882289502177386,0.34661406
A2B,4260d1c556.jpg,0.8048861822795702,0.25401068
A2B,429e382095.jpg,0.7568257764424791,0.21724214
A2B,463835bbc6.jpg,0.8226933685771579,0.3246522
A2B,4660310c3e.jpg,0.8488008368986981,0.24957645
A2B,47a0548067.jpg,0.5803042746677508,0.6205616
A2B,488600cb75.jpg,0.8423467256286277,0.24968542
A2B,49337b68f4.jpg,0.9058333236777102,0.24060577
A2B,4995c04b1a.jpg,0.8944020382594124,0.12942287
A2B,4ab2583fe2.jpg,0.8569984951349365,0.26157784
A2B,4ad8b366c1.jpg,0.803177447941777,0.36600232
A2B,4b0adf7c6f.jpg,0.8683073198966043,0.21088377
A2B,4bb4ca7b03.jpg,0.9387346241608804,0.21642287
A2B,4c0e35882c.jpg,0.7592491173603606,0.33149746
A2B,4c74254ad3.jpg,0.8125027331011861,0.36116648
A2B,4e05523825.jpg,0.8853691370997169,0.22284725
A2B,4f045779b0.jpg,0.8320590975013271,0.32867026
A2B,4f3f4ff590.jpg,0.8515882937176775,0.20115444
A2B,4f4de0bbba.jpg,0.8744442290385998,0.17421973
A2B,4f7e01f097.jpg,0.8349248084324923,0.47929266
A2B,50855dd324.jpg,0.8819807472457942,0.1679505
A2B,512cd171a9.jpg,0.7509623622784418,0.28062475
A2B,5185e8c56a.jpg,0.8457633384285008,0.31823486
A2B,51bdd25f76.jpg,0.8741953462270171,0.23386651
A2B,51db3fc011.jpg,0.8949601574803882,0.1847122
A2B,526a110636.jpg,0.8108701709981329,0.2684917
A2B,52aed0f943.jpg,0.7813983315185362,0.2161245
A2B,52d12dc627.jpg,0.8514871734463396,0.21473399
A2B,52fc351abf.jpg,0.8976151879854068,0.18646404
A2B,536aa87152.jpg,0.7527967740473785,0.4061205
A2B,565f19268b.jpg,0.878039062408416,0.23129416
A2B,586acab7c5.jpg,0.8001328087103988,0.47983822
A2B,5926f85cbf.jpg,0.7260628085242207,0.37844434
A2B,593db29cce.jpg,0.8479563768375662,0.29921523
A2B,599098859e.jpg,0.7870329412305779,0.22316523
A2B,59df696966.jpg,0.789669639513146,0.28509787
A2B,5aa514ffac.jpg,0.8370115377716414,0.2581825
A2B,5c79cfe0b3.jpg,0.8609174437021753,0.2597972
A2B,5cb895b722.jpg,0.8579805053260657,0.2695731
A2B,5e357ad790.jpg,0.8872055540051325,0.26270968
A2B,5ffbfe68d4.jpg,0.8602904719375974,0.2591566
A2B,6043aadea0.jpg,0.893379463776788,0.19350822
A2B,608ee0d370.jpg,0.8128882722685297,0.32505986
A2B,61e735361a.jpg,0.8051449519386187,0.30957645
A2B,632ddbc784.jpg,0.6423751333349115,0.45746073
A2B,661e374153.jpg,0.7330864654365395,0.38052207
A2B,66226e18fc.jpg,0.8750032609847617,0.22152437
A2B,66a144f547.jpg,0.8659876946040701,0.35469276
A2B,6742294320.jpg,0.7664476127774877,0.23276794
A2B,676a5a4c2e.jpg,0.8561473305572113,0.2878596
A2B,6782e7cb2a.jpg,0.7729240248132749,0.36701122
A2B,68729aac07.jpg,0.7043695931081009,0.69250643
A2B,68b60c04b7.jpg,0.8455853701667329,0.19278193
A2B,68d60af226.jpg,0.9335454415267775,0.15855628
A2B,695897bd4a.jpg,0.9089077582278162,0.28048047
A2B,69f4b75a37.jpg,0.8440516344549849,0.25880477
A2B,6a03aea8be.jpg,0.7671869949193204,0.4376289
A2B,6bbe0e63c6.jpg,0.8557280489327739,0.22070634
A2B,6bfbd1df5b.jpg,0.7830225450353469,0.22525136
A2B,6c6cc46498.jpg,0.8499734297037969,0.1990715
A2B,6d0e87f557.jpg,0.8481814834960825,0.47961533
A2B,6e0429f92e.jpg,0.8624173079198325,0.18148288
A2B,6ee7c39dbc.jpg,0.9104284879774253,0.25256985
A2B,6f0b9df5c5.jpg,0.7459468579366916,0.2574413
A2B,7017e6caa1.jpg,0.8502925266963219,0.3491674
A2B,7054793632.jpg,0.8076581677839223,0.3661315
A2B,70bc945f95.jpg,0.7532478205385045,0.4669056
A2B,718445ebe3.jpg,0.8059968868926725,0.31023175
A2B,7239ba0b55.jpg,0.7179741568298671,0.34587297
A2B,730f325b64.jpg,0.827793191479496,0.20037189
A2B,732d76a469.jpg,0.5752269087307886,0.31428137
A2B,7341d96c1d.jpg,0.8752061706207898,0.2114971
A2B,73f33a12c5.jpg,0.929300377918869,0.2109229
A2B,74e452fb31.jpg,0.8159786347921781,0.1826835
A2B,76cc7181f8.jpg,0.9370607841967146,0.24547262
A2B,77b37629f2.jpg,0.819292859447873,0.21630773
A2B,79224da51f.jpg,0.8687979210715245,0.18441597
A2B,79292e1434.jpg,0.8941359843499459,0.19973992
A2B,7952021d2f.jpg,0.8189800731314456,0.30390146
A2B,7960adbd50.jpg,0.8899880386845945,0.36877513
A2B,7cb36714d0.jpg,0.8860285717986738,0.22989321
A2B,7d64c3100c.jpg,0.8721929169475419,0.3862732
A2B,8044a92484.jpg,0.7726271158907401,0.14803074
A2B,8077b7e9e7.jpg,0.8317507669960494,0.27306378
A2B,8114fa2607.jpg,0.7727734025571691,0.30865574
A2B,815624563e.jpg,0.9429486059064316,0.19887426
A2B,82991e742a.jpg,0.8288841514324796,0.3797493
A2B,82b9fd68b1.jpg,0.8177858041117335,0.26807126
A2B,8314acfd35.jpg,0.77847175601736,0.3831262
A2B,853f8d711f.jpg,0.8556764841549509,0.29397058
A2B,85580214be.jpg,0.8360338679622145,0.2386593
A2B,88402296cc.jpg,0.8905265380791686,0.1828268
A2B,893db2701d.jpg,0.9279440785806339,0.21884497
A2B,89964efa86.jpg,0.8958519943834075,0.17535765
A2B,89d970411d.jpg,0.830960100880369,0.20865372
A2B,89fcbf2f76.jpg,0.7493179440375674,0.31236172
A2B,8b54448a07.jpg,0.8747710712716698,0.18356138
A2B,8b7948248f.jpg,0.7972821017543085,0.18933207
A2B,8b841420b4.jpg,0.9383866649668088,0.10188752
A2B,8c48e112d0.jpg,0.7978039965145161,0.2692168
A2B,8c8011c291.jpg,0.8787201624802266,0.26219037
A2B,8cfd45a2e2.jpg,0.7932940022471716,0.4545307
A2B,8e5ff15568.jpg,0.8755512698309781,0.1786082
A2B,8ee2933868.jpg,0.8932698396951196,0.11803319
A2B,8f02369f42.jpg,0.8752241290742141,0.16702665
A2B,910610e827.jpg,0.8212745721325417,0.23776513
A2B,910729e0ce.jpg,0.8636346535025914,0.22768539
A2B,92c0ba8c0d.jpg,0.9108311492786312,0.17913699
A2B,93132f89ee.jpg,0.6385796797842691,0.30597392
A2B,932d0dd808.jpg,0.8099855743475368,0.28156376
A2B,95a53d7b0b.jpg,0.9704952478229926,0.1873694
A2B,95b5f01a85.jpg,0.857422992961415,0.16693467
A2B,9843bc25c5.jpg,0.9067402326593464,0.10647845
A2B,9908d1daa9.jpg,0.8346812251737048,0.22991368
A2B,990ed28f62.jpg,0.8189670069961155,0.1893279
A2B,9963d64ebf.jpg,0.7141468009781744,0.37884557
A2B,99a51d3e25.jpg,0.8714460473522758,0.3026018
A2B,99d94af5dd.jpg,0.8686443955788223,0.1690807
A2B,9ae6552353.jpg,0.8625618681612353,0.26922265
A2B,9d58456cc3.jpg,0.7638867807819154,0.2889185
A2B,9d9a4fccfb.jpg,0.7009929533340479,0.54392225
A2B,9db9843ed1.jpg,0.821444407286745,0.25696215
A2B,9f409e3376.jpg,0.8150000139455211,0.2864616
A2B,9fc868e864.jpg,0.7685652114023982,0.23554552
A2B,a030bc32e6.jpg,0.7602622093151089,0.2772186
A2B,a06b54dfe9.jpg,0.6795996092775425,0.33806401
A2B,a202b1b200.jpg,0.9083723946223986,0.16375348
A2B,a210ceedc7.jpg,0.853636239065904,0.2263751
A2B,a4e4a61fb2.jpg,0.7923724533071516,0.25671655
A2B,a59f3f5b89.jpg,0.8550350306663776,0.23897618
A2B,a619072f82.jpg,0.7043620948737773,0.42397946
A2B,a6291c2a1c.jpg,0.838202087215707,0.17620222
A2B,a642e9cb6f.jpg,0.8254744489343533,0.24961405
A2B,a7977705be.jpg,0.8810718968527778,0.22396657
A2B,a7d53885e8.jpg,0.8067636328752462,0.29525858
A2B,a885da7b52.jpg,0.8607983806940155,0.21744695
A2B,a8fbbe3eb1.jpg,0.8577513008062183,0.1589401
A2B,a96b79a93f.jpg,0.7721641813150698,0.3548495
A2B,aa76c7625a.jpg,0.7612803035185741,0.29669064
A2B,ad0101d010.jpg,0.8339503911838488,0.33058903
A2B,ad8ce41fc0.jpg,0.8543220520239109,0.20290789
A2B,b1310da865.jpg,0.9306131181805677,0.242758
A2B,b13c0973ee.jpg,0.8051263947235502,0.21294321
A2B,b1ea5d5a7d.jpg,0.7803174114937952,0.3024469
A2B,b256e61a5d.jpg,0.8399259123824526,0.17908417
A2B,b2ce76c750.jpg,0.7720485249468931,0.36483032
A2B,b3adc75e7d.jpg,0.9007383790737182,0.22519349
A2B,b44f24c048.jpg,0.886362489005048,0.22445449
A2B,b5c2fe7c4c.jpg,0.763505600592441,0.5181258
A2B,b76d52e05a.jpg,0.853366314168491,0.33540976
A2B,b99546090b.jpg,0.7862634126905996,0.25995886
A2B,ba52f976af.jpg,0.7535840506360361,0.3006347
A2B,baf6efabfe.jpg,0.8615655082171033,0.19938879
A2B,bbc5ac4564.jpg,0.7957275227996014,0.22641397
A2B,bc4b364a44.jpg,0.8305647906003817,0.25815612
A2B,bf6db09354.jpg,0.8886949513597342,0.17661247
A2B,c14505c1da.jpg,0.8998022164319415,0.18687348
A2B,c1dc1a85a4.jpg,0.9349520595366517,0.18672444
A2B,c2576267d4.jpg,0.8422863204791289,0.24027649
A2B,c4622e3fb6.jpg,0.8063391691757233,0.2692902
A2B,c67ba2060c.jpg,0.7515391586880388,0.34605557
A2B,c68c52e8fc.jpg,0.8580935314769553,0.21657355
A2B,c6c360756c.jpg,0.8309057170881607,0.28227097
A2B,c6c88ce9c4.jpg,0.8684692923014132,0.22473118
A2B,c78b4fa3a9.jpg,0.8047909149618645,0.16787636
A2B,c7d8142152.jpg,0.8941720863177294,0.20600106
A2B,cb50326950.jpg,0.8911294585664055,0.18073529
A2B,cb9c553ded.jpg,0.8581698267178417,0.35159028
A2B,cc2bb659f4.jpg,0.8757911713426109,0.19781281
A2B,cd6623d07d.jpg,0.7634299004858783,0.20349371
A2B,cdddf326e3.jpg,0.7132272537360544,0.36489716
A2B,ce3e0daddd.jpg,0.7901657458000246,0.4612438
A2B,ceb6cf5f31.jpg,0.9342631197605716,0.20431587
A2B,cf6488d84c.jpg,0.6840129579347871,0.37851998
A2B,cfc6fce7b5.jpg,0.842838709421268,0.28886694
A2B,d05cab011d.jpg,0.8842721705861143,0.1840365
A2B,d087730b76.jpg,0.8103389158830226,0.136429
A2B,d14c1abdd4.jpg,0.8913738175857008,0.3109361
A2B,d1d9748a64.jpg,0.845350858613677,0.28405675
A2B,d239dae42d.jpg,0.8596425471475629,0.31813002
A2B,d4116437bb.jpg,0.8889627142233275,0.23328331
A2B,d50049fbfc.jpg,0.8902389761179279,0.16844273
A2B,d5b0c260a0.jpg,0.8603101969110913,0.28442976
A2B,d6d6e625bd.jpg,0.870769977576784,0.36938435
A2B,d729785cb8.jpg,0.8406087370220021,0.20513703
A2B,d754850d01.jpg,0.89709431013837,0.20941742
A2B,d7948c7635.jpg,0.8823585227759158,0.30224884
A2B,d88482796d.jpg,0.8370171201867389,0.2941187
A2B,d9e8704878.jpg,0.8884854104693525,0.19549336
A2B,da72006ef5.jpg,0.8386897197971945,0.26932663
A2B,dc33f0edbe.jpg,0.7782222600316727,0.3479655
A2B,dcab49d080.jpg,0.642895240856821,0.43673024
A2B,dcf5ea1040.jpg,0.7628269580939971,0.308627
A2B,dd46691bd7.jpg,0.9057194141370338,0.23644716
A2B,de6f71b00f.jpg,0.8603543573461777,0.16402367
A2B,df64ac2dcb.jpg,0.8775181131829943,0.22425196
A2B,e2253b87a0.jpg,0.8307824149596921,0.2706557
A2B,e291f8144f.jpg,0.6103295430392535,0.28482932
A2B,e3112413b1.jpg,0.8520037336711659,0.32966834
A2B,e37407c747.jpg,0.810887101830825,0.40733328
A2B,e510a74d3c.jpg,0.8445808930719735,0.3638225
A2B,e568f84fad.jpg,0.8484523493401549,0.27923438
A2B,e753318d04.jpg,0.8875705038817057,0.25880855
A2B,e88d9de918.jpg,0.9000301513565975,0.16240978
A2B,e9580cd500.jpg,0.8126345156812734,0.2467215
A2B,e9f5563817.jpg,0.8872964545314247,0.18195888
A2B,e9f686534b.jpg,0.8663428474908975,0.20264614
A2B,eb3cc5c559.jpg,0.8562863577503429,0.2718763
A2B,ec3398cef9.jpg,0.8585998815500753,0.19890377
A2B,ec78d80dbd.jpg,0.8380114276992577,0.2867994
A2B,ed597655a0.jpg,0.8126439099353947,0.37619627
A2B,ede9769cb3.jpg,0.7530323241218294,0.47310072
A2B,ee7adac58f.jpg,0.8854893104473569,0.21717116
A2B,f04c9d8e34.jpg,0.8036572641203708,0.23127024
A2B,f0884db067.jpg,0.8030633615823876,0.26770604
A2B,f0d789c4bc.jpg,0.8432633978565369,0.19796287
A2B,f4413e97bd.jpg,0.7893323511542464,0.28798187
A2B,f486c1655f.jpg,0.8772631805028046,0.42081365
A2B,f7836c88eb.jpg,0.8316447522490753,0.2078753
A2B,f821791c85.jpg,0.8383995786618219,0.29388508
A2B,f84fb4516a.jpg,0.7731914921719422,0.4155996
A2B,f96a8de9f3.jpg,0.6388810196665526,0.54599464
A2B,fb3b06dcb2.jpg,0.7959486296889956,0.3465761
A2B,fb806a2a1c.jpg,0.8997708934284459,0.2727691
A2B,fb93438ff9.jpg,0.7993757146118778,0.29926294
A2B,fba982625d.jpg,0.8405762555526475,0.31390297
A2B,fc11d52502.jpg,0.8806345652583593,0.19494218
A2B,fd63a333f1.jpg,0.8057991460137264,0.21553315
A2B,fdf1530d95.jpg,0.86984276544922,0.27716315
A2B,ffd74c77ea.jpg,0.6706453310693,0.24956293
B2A,00068bc07f.jpg,0.6977411746138954,0.38990992
B2A,000910d219.jpg,0.6936078171360338,0.4101307
B2A,000ded5c41.jpg,0.6528917340201242,0.49613956
B2A,00104fd531.jpg,0.7530694376164193,0.37718916
B2A,001158d595.jpg,0.8387817147260951,0.28329945
B2A,0033c5f971.jpg,0.7862231589717317,0.2633175
B2A,0039ebb598.jpg,0.5968895785208197,0.53285354
B2A,003aab6fdd.jpg,0.8491884012430971,0.3661295
B2A,003c6c30e0.jpg,0.8843966194676184,0.2777271
B2A,00479e2a21.jpg,0.8503248146989443,0.3382009
B2A,005f987f56.jpg,0.8083212908572864,0.30450335
B2A,0080f94ebc.jpg,0.6821765398195481,0.46495277
B2A,00882b7e1d.jpg,0.6871565553570516,0.2584594
B2A,009d534136.jpg,0.8328616594886938,0.3918534
B2A,009ddaed1f.jpg,0.820331133293149,0.35425362
B2A,00aeb60e25.jpg,0.7684053301512817,0.31576514
B2A,00c6a0ad1e.jpg,0.8323291411389299,0.32252473
B2A,00dcf0f1e3.jpg,0.7861143571989104,0.2609985
B2A,00dff09ebe.jpg,0.732023361329,0.43054056
B2A,00e1798585.jpg,0.7626722999343756,0.34141758
B2A,00e64e1b2c.jpg,0.7777374098004632,0.36408386
B2A,00f78547f0.jpg,0.7284933515221617,0.38543236
B2A,00fcff630e.jpg,0.8778155941608444,0.40061188
B2A,01135e4771.jpg,0.8608809400924134,0.23663798
B2A,011f46de73.jpg,0.7298295361256396,0.34074467
B2A,012df5ce29.jpg,0.9559265430735631,0.17024101
B2A,01416e7ada.jpg,0.823226491804048,0.3298418
B2A,01480da48f.jpg,0.5254543360124043,0.5016646
B2A,0159685c51.jpg,0.8149125172897888,0.3814429
B2A,015f79b672.jpg,0.8527109279317191,0.21710075
B2A,01622039ef.jpg,0.704120408437522,0.45340523
B2A,0162322d2d.jpg,0.7025525489100883,0.38655376
B2A,016d408833.jpg,0.8218986296633162,0.28602993
B2A,016f524878.jpg,0.8420504109517012,0.24436647
B2A,017018f377.jpg,0.5590816477991252,0.57281834
B2A,01771d99c3.jpg,0.7208032588754855,0.4848482
B2A,017aacad6e.jpg,0.7565933288348178,0.44037068
B2A,018be60883.jpg,0.7272303458748461,0.37145805
B2A,018db0f253.jpg,0.700611871117361,0.45630974
B2A,01952c7673.jpg,0.8618272234624607,0.28608316
B2A,01971e48e5.jpg,0.5743237501129792,0.44643608
B2A,019cf7682d.jpg,0.8867955273005025,0.19173783
B2A,01ae8be57e.jpg,0.8670576609602203,0.21113065
B2A,01af5f8623.jpg,0.7877070259997997,0.22360489
B2A,01bce47d3f.jpg,0.6936819719838685,0.4025648
B2A,01c4f86e3e.jpg,0.6099439183399973,0.44684535
B2A,01f7a6398e.jpg,0.9014363423799507,0.27291077
B2A,02001e59af.jpg,0.8657791045603758,0.24893746
B2A,0212257854.jpg,0.7959606687746889,0.3917256
B2A,021df2c226.jpg,0.6986464112950123,0.35498998
B2A,022ca16b0f.jpg,0.562735797933912,0.39905626
B2A,023637f8fb.jpg,0.7112267157903684,0.49584663
B2A,023eed0385.jpg,0.6842254462325262,0.39335942
B2A,023f3cbb75.jpg,0.8439362879123401,0.18246755
B2A,0240a597f5.jpg,0.7959219144161022,0.48441812
B2A,024d98032b.jpg,0.891592333237639,0.3999852
B2A,0254fc91bd.jpg,0.8225679879934387,0.31816417
B2A,02620a36f7.jpg,0.8271572064840137,0.55504847
B2A,026ac33f9c.jpg,0.8248632283814679,0.35336977
B2A,029524fd91.jpg,0.7537520151623532,0.48750597
B2A,029854a790.jpg,0.7270033354415817,0.32240248
B2A,02a1366c74.jpg,0.869898640397041,0.26321724
B2A,02a4445906.jpg,0.6761745125218639,0.39122456
B2A,02b232fc78.jpg,0.7358121594828093,0.26018807
B2A,02c43186c8.jpg,0.7969054834294325,0.36548707
B2A,02c6c1f6a9.jpg,0.8177074856227837,0.32928398
B2A,02cd89f56d.jpg,0.8842936295960686,0.39662194
B2A,02d763f1c2.jpg,0.6798714211121815,0.42801732
B2A,02ded12bbd.jpg,0.4370288506124488,0.70632535
B2A,02ea18a456.jpg,0.842982382882071,0.2936761
B2A,02ec33e094.jpg,0.7634417279362404,0.35334188
B2A,0312af1e14.jpg,0.6322371229586028,0.5026031
B2A,032389e868.jpg,0.8639438212175559,0.40068778
B2A,03242238ae.jpg,0.7873721755184605,0.41829848
B2A,0324f82fee.jpg,0.8485676977292561,0.28526136
B2A,0341fa51d0.jpg,0.6865263334472493,0.59481776
B2A,0344a47135.jpg,0.8751109842237293,0.20781451
B2A,034627340c.jpg,0.8815262372854367,0.14308515
B2A,0362dd81bb.jpg,0.7935996512827478,0.21038818
B2A,0378bcc7c9.jpg,0.9020669322795751,0.19179496
B2A,03950208ff.jpg,0.8940761441214905,0.31628028
B2A,03a17d96e1.jpg,0.507659090501841,0.48100144
B2A,03a21c1b9c.jpg,0.5342318493063885,0.4290173
B2A,03a2b7ce83.jpg,0.6654057876273611,0.43405336
B2A,03ae080a47.jpg,0.6608529835280323,0.31454408
B2A,03ae26ed88.jpg,0.8948694978355238,0.28713793
B2A,03bac83f64.jpg,0.7695762641226459,0.43406236
B2A,03be88270f.jpg,0.8182489092307961,0.31005692
B2A,03c5d1d098.jpg,0.6273263657300571,0.54520005
B2A,03c9f2e3c2.jpg,0.8212961876945155,0.3080334
B2A,03c9f3d584.jpg,0.7855681239987542,0.16686448
B2A,03cc206144.jpg,0.8073392425796511,0.35830384
B2A,03d47c18a5.jpg,0.7720526190975715,0.40948308
B2A,03d6a4d860.jpg,0.7077041603606695,0.44918013
B2A,03dde7a28f.jpg,0.9082171611682931,0.3325649
B2A,03e48faafa.jpg,0.7892449870333569,0.2759148
B2A,03fd7067c1.jpg,0.8838465335901395,0.33315343
B2A,03fe5d2263.jpg,0.6844137790307854,0.49287528
B2A,0409e76de0.jpg,0.7768237069574405,0.47635978
B2A,0425fc7ce5.jpg,0.7783698929148646,0.30969885
B2A,042f0e804d.jpg,0.8190633247207882,0.25929672
B2A,0435dc46a4.jpg,0.7642136734040962,0.3267411
B2A,0436aaaf16.jpg,0.6186279287306423,0.47417966
B2A,04387e4338.jpg,0.6206841466016946,0.61384106
B2A,043b541b77.jpg,0.8872509303549996,0.26470524
B2A,044c1653cf.jpg,0.7786516637834842,0.2894028
B2A,0450d4f8ae.jpg,0.7883332485650888,0.3175226
B2A,0451cdb867.jpg,0.6439387540132157,0.5412361
B2A,045e937903.jpg,0.6703076670477904,0.48988068
B2A,0466d4cdf9.jpg,0.7122879093647903,0.29561108
B2A,0473a25050.jpg,0.8234729483733438,0.3470292
B2A,047acab66b.jpg,0.858169825144159,0.49182948
B2A,047da870f6.jpg,0.8329345297899533,0.3407789
B2A,04838b8b1e.jpg,0.7923032538788028,0.34597087
B2A,049576d31c.jpg,0.7927891931125115,0.41188994
B2A,049b0ece59.jpg,0.9136647670550081,0.24431029
B2A,04a5fc42e1.jpg,0.8683781014232355,0.2609793
B2A,04b8bfdb1c.jpg,0.8117743949142012,0.19828089
B2A,04cb1f4705.jpg,0.7464206233173859,0.2971018
B2A,04cf8e6d5f.jpg,0.8065096865731877,0.2443932
B2A,04d7e14fbe.jpg,0.7859796645239464,0.28724506
B2A,04d91d7bda.jpg,0.670184694145885,0.6185982
B2A,04e32c4dc1.jpg,0.7775597067133394,0.48713687
B2A,04ec8c9ec2.jpg,0.7216190500116815,0.31707996
B2A,04f59976b5.jpg,0.7745092775317101,0.18894187
B2A,04f71da37b.jpg,0.610447968640416,0.4656006
B2A,04f72d81b0.jpg,0.8819444063846879,0.25429463
B2A,04f80539d7.jpg,0.8977305713079446,0.24709375
B2A,04fa2a606d.jpg,0.8002824058094291,0.36230388
B2A,04fa456bc9.jpg,0.704546352844105,0.47659165
B2A,05057d04f7.jpg,0.8612529926999778,0.290763
B2A,0506726dbd.jpg,0.7773605858755565,0.38956535
B2A,050da171c0.jpg,0.6486316349473767,0.602163
B2A,051159e33a.jpg,0.7092252202866617,0.40395355
B2A,051a7c9ae6.jpg,0.6299437633352319,0.30930403
B2A,051bde8166.jpg,0.82026450674939,0.28051248
B2A,051c1b5ee3.jpg,0.7377027976957969,0.30826268
B2A,0529dd48c8.jpg,0.675040211860457,0.28121316
B2A,053024baa2.jpg,0.677597627445084,0.6603663
B2A,0541ce0c1a.jpg,0.7612523582079455,0.28672624
B2A,0547a52b93.jpg,0.6498052195439938,0.32090777
B2A,054f264b2e.jpg,0.8743637965935823,0.2674858
B2A,054f375c69.jpg,0.8534795493551623,0.30392948
B2A,05557b0148.jpg,0.7035912062216153,0.37385836
B2A,055c3026f8.jpg,0.8361365596623782,0.34007856
B2A,055dac1e18.jpg,0.8575603187619394,0.27891752
B2A,055e5dca6e.jpg,0.7450931032429569,0.5906886
B2A,05646c5cdb.jpg,0.7467814896367372,0.2841152
B2A,0572f32305.jpg,0.6821913779552052,0.5487359
B2A,057d83cdee.jpg,0.829069235400628,0.32049704
B2A,058af422c6.jpg,0.8770998501402404,0.2025777
B2A,0597c38d69.jpg,0.8719324237643447,0.34456205
B2A,05a3801bed.jpg,0.7977299117985832,0.452269
B2A,05a84fad61.jpg,0.8587240843195891,0.5503363
B2A,05c885c810.jpg,0.8688708203940769,0.25440168
B2A,05ca68299e.jpg,0.6088800952286944,0.31335452
B2A,05e37a8900.jpg,0.8920515934708804,0.3191548
B2A,05e88ecd0a.jpg,0.7023977787917305,0.3396006
B2A,05f0db4d14.jpg,0.6580040836613061,0.5251145
B2A,05f22b97da.jpg,0.8664591621912757,0.23965406
B2A,05f4b38e6e.jpg,0.7535094768932956,0.58124846
B2A,06058e6cb0.jpg,0.6686955128738143,0.59696186
B2A,0606110c45.jpg,0.7400797534938259,0.46615154
B2A,061bb611e0.jpg,0.6663853912706268,0.35928518
B2A,061f0095f0.jpg,0.7973257807741345,0.33730078
B2A,062313a97c.jpg,0.8286152759194363,0.23676354
B2A,06371834cb.jpg,0.4545793298408178,0.63696754
B2A,063ab57d41.jpg,0.9119009297332452,0.14059088
B2A,064b9119de.jpg,0.8407464884887743,0.36456686
B2A,064babb7f0.jpg,0.7091631060362373,0.346118
B2A,064f91250d.jpg,0.7588247402229154,0.51180345
B2A,065b649ac7.jpg,0.6482129225940598,0.46093696
B2A,0665264678.jpg,0.8964644877110519,0.2783636
B2A,066b81e0f9.jpg,0.8662046009582397,0.28935322
B2A,068381ad63.jpg,0.8287549707557416,0.40860882
B2A,068cc6fe3f.jpg,0.7104599412251876,0.2936407
B2A,0696f8142e.jpg,0.7819671690215707,0.3172135
B2A,069e6e5b82.jpg,0.8492281954873626,0.33656144
B2A,06a5930183.jpg,0.9051158182066384,0.30457926
B2A,06a9cf2d11.jpg,0.6140114061371605,0.5721841
B2A,06b2c2dfca.jpg,0.7896826007973052,0.34758347
B2A,06b8114f82.jpg,0.7141127579841081,0.4267488
B2A,06c2d19658.jpg,0.8293111834931663,0.33560604
B2A,06c549794b.jpg,0.89420582783358,0.33420458
B2A,06c89c4c23.jpg,0.6834487641213856,0.43104345
B2A,06c9326c86.jpg,0.7435444881032464,0.41948074
B2A,06e117b31e.jpg,0.880778507321362,0.27172613
B2A,06e156d8ba.jpg,0.8354818334579405,0.2568071
B2A,06f749912b.jpg,0.7745411776600208,0.2615444
B2A,07054731ab.jpg,0.6112985054246844,0.63068986
B2A,0709ff32ee.jpg,0.7846152664731506,0.28039718
B2A,0711866dcd.jpg,0.5189518906641172,0.51591504
B2A,071c375c2c.jpg,0.8029020853072122,0.4058613
B2A,0723d52098.jpg,0.8266128778717912,0.31579292
B2A,0724805941.jpg,0.7848739062437069,0.30511588
B2A,072f1336c9.jpg,0.7986257606190563,0.37494624
B2A,07362b3f42.jpg,0.8688657572263675,0.33057988
B2A,073e8b3056.jpg,0.7707149352364042,0.36066735
B2A,074218de82.jpg,0.7416147438029385,0.5021105
B2A,074ea8cb6e.jpg,0.6334283535698502,0.32129383
B2A,07573a95f6.jpg,0.6905140365253517,0.4168424
B2A,075e8d4617.jpg,0.8724045786141131,0.22958672
B2A,0761281e3b.jpg,0.7416326416627609,0.43374157
B2A,076c62582d.jpg,0.874207597303807,0.21967044
B2A,0770ea1a07.jpg,0.7303370089075084,0.40871617
B2A,077bf7e451.jpg,0.6901835436576845,0.49704933
B2A,078cd3ce07.jpg,0.7142371743646513,0.30044025
B2A,078fd1bc42.jpg,0.7361385362843721,0.44875178
B2A,07939b1fde.jpg,0.8009410191671901,0.3166623
B2A,079da3af1e.jpg,0.7849845502124441,0.30681056
B2A,07b7fdff1b.jpg,0.7705258026695991,0.658625
B2A,07bf7d7df1.jpg,0.837335977220577,0.3558188
B2A,07cb260548.jpg,0.8369398437656616,0.22039
B2A,07e9bc5956.jpg,0.757426058922033,0.2838622
B2A,07ea3a38d2.jpg,0.600301731581848,0.5770682
B2A,07f37dfe50.jpg,0.9063293853197586,0.35822463
B2A,07f730ef9a.jpg,0.8007075533276933,0.6143678
B2A,08009f0be5.jpg,0.7506034583597935,0.36262918
B2A,0811c84b0c.jpg,0.8306859263405665,0.2694375
B2A,081955febb.jpg,0.8070560583273382,0.22027461
B2A,08247a7020.jpg,0.7177050211255857,0.41255736
B2A,082786cc1f.jpg,0.699804616569738,0.32538146
B2A,08341635fa.jpg,0.6830178815829249,0.6347469
B2A,0844c2cddf.jpg,0.7109619382980846,0.3735055
B2A,0845e8dc24.jpg,0.5490713960381173,0.34670508
B2A,085c73097f.jpg,0.6489820287652199,0.5623091
B2A,0860f1e141.jpg,0.9497503040635452,0.19643316
B2A,08645ef69b.jpg,0.6599897639092235,0.3305177
B2A,087e779e73.jpg,0.757911676619676,0.38352582
B2A,08874a6ee1.jpg,0.7110332689397715,0.44123065
B2A,088972cf3f.jpg,0.7967214395895149,0.23721777
B2A,089406822c.jpg,0.7525950698861426,0.24355108
B2A,08a203b59d.jpg,0.8379652321665176,0.360414
B2A,08acc490a3.jpg,0.6961532134692932,0.29040456
B2A,08b790bca7.jpg,0.9353170711613404,0.387252
B2A,08c1754f70.jpg,0.6667822713811782,0.2791279
B2A,08cbd0d6c4.jpg,0.8897349304566872,0.21622297
B2A,08cbd51033.jpg,0.8127187440916731,0.341224
B2A,08d7603c9c.jpg,0.8051155387303602,0.33045986
B2A,08da1e5774.jpg,0.9231112756839674,0.2146558
B2A,08e3354189.jpg,0.7901681506241023,0.25944006
B2A,08fa88c02c.jpg,0.8312760753825982,0.19926573
B2A,08fa8a6f26.jpg,0.8210360738788354,0.37598366
B2A,08fd7ac09b.jpg,0.8789845020490966,0.31293988
B2A,090d5b3cca.jpg,0.7982737507454668,0.34105515
B2A,091b6b9b07.jpg,0.8365175206741022,0.36075765
B2A,0922bbb3c1.jpg,0.80488247894987,0.26647478
B2A,0932ad9605.jpg,0.8899662723328203,0.28107297
B2A,0938dc0298.jpg,0.6936384101299804,0.5572831
B2A,0939723138.jpg,0.8143670120459021,0.24402499
B2A,093be92a48.jpg,0.8703089535468365,0.14844987
B2A,093e24f728.jpg,0.8130238618501054,0.51774836
B2A,0945008455.jpg,0.8263606839075438,0.32057598
B2A,09591edd0a.jpg,0.8936355859677668,0.24066034
B2A,095bc5a33d.jpg,0.8038757236535998,0.3659643
B2A,096165f6f0.jpg,0.9036778308119741,0.2602968
B2A,0962094f25.jpg,0.8853652863415657,0.15352045
B2A,0963accefe.jpg,0.9011293247339562,0.26695186
B2A,096495c50c.jpg,0.7771242919849903,0.33893824
B2A,096bae8cd9.jpg,0.7758689110957837,0.36099452
B2A,096da37ff7.jpg,0.8860846448638999,0.31338602
B2A,096f009762.jpg,0.7773964447581495,0.39744103
B2A,09748274a3.jpg,0.8606818678632799,0.27698407
B2A,09756af6f7.jpg,0.75667024562262,0.38264114
B2A,097b3ce81a.jpg,0.8259858547971847,0.31039712
B2A,097d38ef3b.jpg,0.8311456489214099,0.3425355
B2A,09816286d3.jpg,0.8756148542479395,0.29803258
B2A,0984136f36.jpg,0.5260340092815293,0.6141063
B2A,098b35d919.jpg,0.7685606392806129,0.4418991
B2A,098c0ce670.jpg,0.7287076533711729,0.4087596
B2A,098fde2b22.jpg,0.7894583682343187,0.2675447
B2A,099159901a.jpg,0.7293764178269734,0.5808226
B2A,099395535c.jpg,0.7450201783741088,0.28998283
B2A,09986b5a14.jpg,0.7896959992759475,0.5315832
B2A,09a43d2264.jpg,0.9019962928148618,0.30744904
B2A,09bebf108f.jpg,0.7337192858486332,0.3347493
B2A,09c874df81.jpg,0.874863382485963,0.28369457
B2A,09d34f7412.jpg,0.839079101881993,0.40870374
B2A,09ddb5e4c9.jpg,0.6867142390971404,0.55849385
B2A,09e084658a.jpg,0.7437565502607927,0.48122406
B2A,09e1b696b4.jpg,0.9119460161753355,0.15794976
B2A,09e2982b82.jpg,0.6699256890870943,0.55810076
B2A,09e8393bd1.jpg,0.6274599687851939,0.58424276
B2A,09ec565e3a.jpg,0.8590030669231012,0.35875615
B2A,09f57ab8c5.jpg,0.8485059865159976,0.21266752
B2A,09fc404e31.jpg,0.6553787611895842,0.73129934
B2A,09fcd10b7e.jpg,0.8347286826764041,0.27770552
B2A,0a0c3a6d07.jpg,0.7035020872785722,0.52424467
B2A,0a0d3e6ea7.jpg,0.7793746400699723,0.37457755
B2A,0a1d1b9f8e.jpg,0.7042788012524098,0.69531095
B2A,0a271892d0.jpg,0.7391016856613912,0.3193283
B2A,0a284dbed0.jpg,0.6490526157437823,0.23251887
B2A,0a2e5f728d.jpg,0.6475972667934609,0.5487189
B2A,0a325fc655.jpg,0.7050686500389747,0.34499153
B2A,0a44c8287d.jpg,0.7913265176886188,0.5978346
B2A,0a49020ae5.jpg,0.7755964117377872,0.262366
B2A,0a497f768d.jpg,0.7581598676443786,0.3832566
B2A,0a6091114d.jpg,0.732083539977121,0.527863
B2A,0a6279ef66.jpg,0.7861977974601743,0.3804561
B2A,0a6e92d928.jpg,0.7701616085096227,0.27972212
B2A,0a74701f65.jpg,0.8802086530611981,0.27880785
B2A,0a7a8e30bd.jpg,0.6694403018371967,0.4608397
B2A,0a7b607c9c.jpg,0.8778497735952037,0.18021102
B2A,0a8839fac9.jpg,0.7691263766614156,0.2737611
B2A,0a996d988b.jpg,0.8911196629093575,0.14248157
B2A,0aa4202c77.jpg,0.821637206881632,0.333044
B2A,0aaf6960c4.jpg,0.8591093811303518,0.23211488
B2A,0abbeddf71.jpg,0.7712693477272778,0.45696443
B2A,0abbf2fd4b.jpg,0.754148219570265,0.4666922
B2A,0ac4b6aaaa.jpg,0.897918275348739,0.19823235
B2A,0ac84db7bc.jpg,0.5525463491493404,0.6820906
B2A,0ad13029a9.jpg,0.5455693373889633,0.4444228
B2A,0ad956708f.jpg,0.8768663060438474,0.29143652
B2A,0ae5e9bfe2.jpg,0.7674363335839081,0.20316544
B2A,0aec1f9701.jpg,0.9024386401877729,0.36810538
B2A,0b0bf6fe85.jpg,0.7613445572253382,0.37778828
B2A,0b1669c3ea.jpg,0.767797817314649,0.44872963
B2A,0b21ce3df6.jpg,0.8250579985839336,0.3230826
B2A,0b2454f0e3.jpg,0.7341310702753074,0.22733071
B2A,0b2f2a3e59.jpg,0.87088489003687,0.28669178
B2A,0b3fd12ac9.jpg,0.8254358682619369,0.29971868
B2A,0b461ab035.jpg,0.9656047879707188,0.22019589
B2A,0b48073b83.jpg,0.7577158569980064,0.3514653
B2A,0b4dbff7c8.jpg,0.8961615849953266,0.1901447
B2A,0b4f93c337.jpg,0.8204112221594791,0.38341996
B2A,0b53fd3e90.jpg,0.7991763888403524,0.33971757
B2A,0b68939003.jpg,0.8144538614096857,0.35505852
B2A,0b6b4bfc29.jpg,0.9301236765552118,0.13436607
B2A,0b91f359c5.jpg,0.646578424261651,0.5090173
B2A,0b97d70d93.jpg,0.781203556619907,0.2819152
B2A,0bb9d1a3cf.jpg,0.8113974115477052,0.25204974
B2A,0bcecb1330.jpg,0.7131932214572849,0.5099839
B2A,0bddd37684.jpg,0.7865622104500417,0.35167143
B2A,0bde6ba99b.jpg,0.6421058074886699,0.35339603
B2A,0bdf3110dc.jpg,0.8334803188134744,0.2612397
B2A,0bede4ba4e.jpg,0.5655669254026056,0.23757264
B2A,0c18bf8536.jpg,0.8709295967712616,0.36690426
B2A,0c21bed0d8.jpg,0.6578848078014201,0.26151308
B2A,0c272fcde8.jpg,0.8330707854990935,0.28574747
B2A,0c4ebc7f6a.jpg,0.7709648723550546,0.30176145
B2A,0c64451f58.jpg,0.7247820865634886,0.4769652
B2A,0c64b00832.jpg,0.7906920730844196,0.26647407
B2A,0c696d12a2.jpg,0.8607478952971914,0.33437136
B2A,0c6b56bba9.jpg,0.7973154397759629,0.33039767
B2A,0c6b63c2c5.jpg,0.635075747548528,0.41863906
B2A,0c6c9d8ce7.jpg,0.8725785345021236,0.31051654
B2A,0c6e6b52be.jpg,0.768686131313591,0.26738444
B2A,0c6fcdf1f5.jpg,0.6442521484821564,0.34656456
B2A,0c781e1538.jpg,0.7727389199830039,0.29654312
B2A,0c7e07acd3.jpg,0.8186801392821699,0.22290379
B2A,0c8a94c597.jpg,0.6749655402815823,0.33344826
B2A,0ca5b3c96a.jpg,0.7424015456907107,0.34684488
B2A,0cac1bcf2b.jpg,0.8351577794011851,0.41585034
B2A,0cae98323f.jpg,0.8858148710808919,0.21068421
B2A,0cb4144fbb.jpg,0.5921065330337907,0.62426317
B2A,0cb6683555.jpg,0.9069255042541273,0.2268486
B2A,0ccbcfcf65.jpg,0.7771879956389767,0.3090887
B2A,0cda2627bf.jpg,0.8536760871021238,0.35139477
B2A,0cdfbb28e6.jpg,0.4591769833771466,0.4920997
B2A,0ce227ee32.jpg,0.6057581911532509,0.3297275
B2A,0cec4d02a7.jpg,0.5522615724844903,0.40878534
B2A,0cecce2e24.jpg,0.8025776117480334,0.47632727
B2A,0cf495d82e.jpg,0.7948100895589513,0.4684304
B2A,0cf4dc75d0.jpg,0.798926356898409,0.40030104
B2A,0cfe85f73d.jpg,0.8446710383290469,0.41699642
B2A,0d11463712.jpg,0.7647722371619877,0.39798748
B2A,0d1a5b6882.jpg,0.8051387516433497,0.4450582
B2A,0d23431254.jpg,0.7712450314552526,0.318124
B2A,0d2583e3ea.jpg,0.7818754415476405,0.36672917
B2A,0d2ed7fb8e.jpg,0.7249534195858952,0.336649
B2A,0d2f9d322d.jpg,0.613174745009286,0.53359157
B2A,0d3752b4ad.jpg,0.7544681858370728,0.3522379
B2A,0d423f52fd.jpg,0.8445091206050079,0.32170588
B2A,0d59054b30.jpg,0.8085849440555367,0.28248292
B2A,0d593e3752.jpg,0.8154671768527187,0.37338176
B2A,0d64ca5ecf.jpg,0.8872282361218865,0.32090044
B2A,0d6ba5d215.jpg,0.6460276304861321,0.5225785
B2A,0d6c81cbc2.jpg,0.8125592375326155,0.41189274
B2A,0d6f893bc7.jpg,0.8450523083498654,0.27844846
B2A,0d7c5d97ac.jpg,0.9270755573516707,0.35927734
B2A,0d80b97eb4.jpg,0.7442860121214322,0.3327306
B2A,0d859e1630.jpg,0.6466742237967367,0.5316503
B2A,0d89393fe0.jpg,0.843842168463124,0.18844935
B2A,0d8c66b24e.jpg,0.7946961922047533,0.30500928
B2A,0dd016afa5.jpg,0.8479058314646644,0.26172882
B2A,0dd4041294.jpg,0.8718497909602411,0.31958503
B2A,0dd5085fdf.jpg,0.9573025205965676,0.39199576
B2A,0dde3f8ee7.jpg,0.746621315561631,0.31603256
B2A,0de8320918.jpg,0.6661817060110219,0.32491693
B2A,0de920c5bf.jpg,0.9151681205299934,0.2824618
B2A,0debce885b.jpg,0.6066625427417892,0.48571002
B2A,0df35db4a2.jpg,0.7241846511316893,0.5569749
B2A,0df9a45c26.jpg,0.6128953500302021,0.4170554
B2A,0e003670f7.jpg,0.5742996120190923,0.5981698
B2A,0e0577ec3a.jpg,0.6852419819221456,0.43653157
B2A,0e0a660bb8.jpg,0.7574232475263711,0.44971645
B2A,0e0bdef20a.jpg,0.7072739318831034,0.31866908
B2A,0e1230a330.jpg,0.7831005651548134,0.5054118
B2A,0e13d9c6f4.jpg,0.7786228608791537,0.35049993
B2A,0e23057337.jpg,0.9151879682008099,0.3250258
B2A,0e2610ef33.jpg,0.7127290591568047,0.52223945
B2A,0e441b3c17.jpg,0.8167213672426052,0.37882775
B2A,0e4c7d5e15.jpg,0.8525881773070195,0.29465255
B2A,0e4ec46846.jpg,0.8137104575394878,0.46283618
B2A,0e5afbada4.jpg,0.8495119939329642,0.36954713
B2A,0e750aaed9.jpg,0.8692977037220462,0.29743093
B2A,0e8eb4587e.jpg,0.8565266022417223,0.26114658
B2A,0e95c87f76.jpg,0.7819060615771375,0.26850086
B2A,0e983a3ef5.jpg,0.7417063423603565,0.5461339
B2A,0eaa8d71f6.jpg,0.8517753596177808,0.37821847
B2A,0eb3c8892a.jpg,0.4544189224069649,0.6560625
B2A,0eb810429d.jpg,0.5866536369191084,0.7352109
B2A,0eddbbb35c.jpg,0.8563969918636657,0.25914282
B2A,0f1e6530bc.jpg,0.8037089883191122,0.3117864
B2A,0f35be9cbb.jpg,0.8402499974993699,0.30513972
B2A,0f3757e6cd.jpg,0.8154257882267262,0.58442056
B2A,0f3ed210c0.jpg,0.9216774584821554,0.23660065
B2A,0f5228f2a6.jpg,0.8799275517878649,0.18057731
B2A,0f58899ce1.jpg,0.9251690135031055,0.26798898
B2A,0f819ab838.jpg,0.8120300416478421,0.39011994
B2A,0f8e316a87.jpg,0.8701379001288505,0.35923493
B2A,0fa29829f2.jpg,0.539362912741568,0.54777086
B2A,0fa5629898.jpg,0.8773777052463281,0.22505638
B2A,0fb1ca7fe1.jpg,0.8228636070658902,0.36700684
B2A,0fbcbeddd5.jpg,0.7525639871813928,0.36075872
B2A,0fca1c304e.jpg,0.8268125500215482,0.31039792
B2A,0fccbd8558.jpg,0.7230981748060449,0.27684003
B2A,0fd7cd6092.jpg,0.8787476590537879,0.25260127
B2A,0fdcf56678.jpg,0.8156191843397822,0.31180605
B2A,0fe76a9ec9.jpg,0.8277052769402897,0.33102974
B2A,0fef77210a.jpg,0.7663841759775218,0.587786
B2A,10118ae431.jpg,0.6973371564943809,0.51478803
B2A,101a1f34db.jpg,0.6584598027983819,0.50508726
B2A,101a5ad83d.jpg,0.862828994456433,0.27074346
B2A,101c59feab.jpg,0.8323575248818877,0.27403033
B2A,101d00677e.jpg,0.8558061432974804,0.25505054
B2A,102c9065a7.jpg,0.7341155506649585,0.3345695
B2A,102da9e0bf.jpg,0.815227065615529,0.4307835
B2A,10371b9044.jpg,0.7846930752922112,0.33330458
B2A,1037993785.jpg,0.7945674760932432,0.3514965
B2A,104204fa3f.jpg,0.8250826510975069,0.28432682
B2A,105ac2e395.jpg,0.8720179557396986,0.3861049
B2A,106091e966.jpg,0.766850128905511,0.34225196
B2A,1064e8c2fc.jpg,0.8971649256260441,0.27153563
B2A,10729e0962.jpg,0.6739777997892121,0.29265976
B2A,1076bdc405.jpg,0.5521283553066952,0.58329535
B2A,107769ed33.jpg,0.8155499442495894,0.35712898
B2A,1079a7abe1.jpg,0.7670453956716392,0.34343827
B2A,108d3336bd.jpg,0.8519102298661111,0.21564831
B2A,108f57c580.jpg,0.8146740011684583,0.44044912
B2A,1097dcc82e.jpg,0.8011054094830752,0.43608448
B2A,10ab9fcfcb.jpg,0.6582627736184086,0.7291594
B2A,10e101cae7.jpg,0.8311025989929268,0.26152363
B2A,10e79c0f04.jpg,0.7316446253422177,0.24941988
B2A,10f3bc8893.jpg,0.7606682774716423,0.5955308
B2A,1106610965.jpg,0.9115238097293517,0.32306373
B2A,11068aa40b.jpg,0.7118442462647602,0.39913243
B2A,110d660fee.jpg,0.8624379331788137,0.29234993
B2A,112f088373.jpg,0.7509033629428299,0.43464684
B2A,113444c0c2.jpg,0.9156776029569521,0.18799065
B2A,1138db3be9.jpg,0.800191585953364,0.18693824
B2A,114692dc5b.jpg,0.9065741559014912,0.2455408
B2A,1151c9b98d.jpg,0.7241356149214646,0.48677424
B2A,115cd21c1c.jpg,0.6020051952796923,0.44490612
B2A,115cd80f74.jpg,0.7819462462923932,0.38785842
B2A,115f221c2a.jpg,0.4975934713482262,0.46402538
B2A,115f43bae3.jpg,0.7869382382038088,0.3611506
B2A,117281b37b.jpg,0.8465835091407152,0.3157048
B2A,1172d3e228.jpg,0.741207339437484,0.4697597
B2A,117d70bd19.jpg,0.6264773287859635,0.73556745
B2A,117e2a807d.jpg,0.616856974818423,0.4633264
B2A,1193c043d7.jpg,0.6885103611442688,0.4274135
B2A,11bcbf0f67.jpg,0.9111129373933052,0.22219795
B2A,11c1de8b75.jpg,0.8365262120474665,0.28933546
B2A,11c24d756f.jpg,0.6725991958449585,0.37899762
B2A,11cc678dbf.jpg,0.8504939994603745,0.34447294
B2A,11d4cd762d.jpg,0.7884591869421333,0.39732197
B2A,11d713b4ee.jpg,0.5774573856656996,0.5232937
B2A,11e25d3dc4.jpg,0.8498639237624344,0.23928529
B2A,11f13ca69e.jpg,0.7889142741373174,0.34555715
B2A,11f482a716.jpg,0.652705787084053,0.38394213
B2A,11feb29e6a.jpg,0.8178235362289066,0.22330673
B2A,1216dc1ffe.jpg,0.7374024746481983,0.27180576
B2A,12193672ba.jpg,0.7517941579377689,0.43324104
B2A,122f944d40.jpg,0.6522517144812193,0.39903492
B2A,1235e32fb2.jpg,0.6827880186241796,0.28230748
B2A,123714f71c.jpg,0.8708582131666411,0.2279059
B2A,1240cc6f83.jpg,0.6245937245240287,0.6259342
B2A,124244310e.jpg,0.8797988811443614,0.21228027
B2A,124dda3622.jpg,0.8108459561490429,0.36705482
B2A,125fd9187b.jpg,0.700024868934212,0.65920025
B2A,12672ab41c.jpg,0.7995477340404121,0.32484883
B2A,126fb64cb8.jpg,0.7935274105811295,0.18333484
B2A,1285f93747.jpg,0.8010388058325474,0.42509735
B2A,129823154f.jpg,0.8170781865194504,0.48932636
B2A,129df5c60c.jpg,0.8097564049644632,0.3773264
B2A,12ae4ffbb5.jpg,0.6634334797819785,0.4179455
B2A,12b2a8d1fc.jpg,0.8152573361590031,0.36341992
B2A,12b302b5f1.jpg,0.7823581615344445,0.30190125
B2A,12c5ce9b42.jpg,0.7850168493812688,0.27263513
B2A,12c65cd54c.jpg,0.9024879060885415,0.29670304
B2A,12cb4d2917.jpg,0.7875064002844603,0.46061826
B2A,12cc0ffc15.jpg,0.8065948174856605,0.5104917
B2A,12d0476b93.jpg,0.6462149895987501,0.34916013
B2A,12e9b80b70.jpg,0.8302390321428572,0.2053992
B2A,12f09c6efe.jpg,0.8544824093256894,0.30979073
B2A,12f74378d4.jpg,0.878775770546951,0.30590847
B2A,12f9c1a7b5.jpg,0.7414053153551714,0.35876438
B2A,13048dfacf.jpg,0.710660344297757,0.50717485
B2A,13173bc6b5.jpg,0.675185369658784,0.38160974
B2A,13219b2462.jpg,0.8616855431848879,0.2667877
B2A,13328c1504.jpg,0.9099676649782581,0.31711486
B2A,133adbd41e.jpg,0.7742800596522671,0.30615267
B2A,134f611db2.jpg,0.8443519182193052,0.38113376
B2A,1355735108.jpg,0.9304032265227288,0.3106934
B2A,1363fc8268.jpg,0.7997555283625487,0.5486059
B2A,1365922bc1.jpg,0.86237038684871,0.17228961
B2A,13671d11f9.jpg,0.8643470344585352,0.27712393
B2A,1379cdd516.jpg,0.7217034775427843,0.478283
B2A,13829b20dd.jpg,0.8044866400892001,0.28260934
B2A,13888541b7.jpg,0.798307169426458,0.502833
B2A,13892d15e5.jpg,0.7872823098540144,0.45627573
B2A,138a069c6c.jpg,0.6095768861402951,0.2774785
B2A,138c350c89.jpg,0.8880566700251413,0.25393274
B2A,13bbd45d01.jpg,0.8136063101365094,0.37252277
B2A,13c0555eab.jpg,0.786145846897789,0.2732184
B2A,13c3b0e711.jpg,0.8870842949830609,0.25413135
B2A,13e3480e01.jpg,0.8853788284353684,0.29235697
B2A,13f4f7168a.jpg,0.9100961562945291,0.18710095
B2A,13fec527bb.jpg,0.813621058197534,0.34829363
B2A,140f195fbc.jpg,0.8459990828486404,0.27611446
B2A,14135c74d7.jpg,0.7408315919518079,0.56358016
B2A,141ade2afb.jpg,0.619813373031739,0.54874337
B2A,1421d11393.jpg,0.7492839225177246,0.28839868
B2A,142cda27d9.jpg,0.8276385425838371,0.37043205
B2A,1432b7355d.jpg,0.8368446152345184,0.33910087
B2A,1437a4d5f9.jpg,0.5306037595686862,0.6252015
B2A,1444ac5586.jpg,0.6792517946415592,0.38962412
B2A,1451c82e2f.jpg,0.8868210607093948,0.2794914
B2A,1467b3a6ac.jpg,0.7772676205088324,0.41725215
B2A,1476b02998.jpg,0.8963252008209002,0.28855515
B2A,14804e18f9.jpg,0.6055710801858675,0.40334627
B2A,14860c3bed.jpg,0.7500287187708845,0.42382202
B2A,1491d9367b.jpg,0.8808931218901053,0.3256384
B2A,1499400929.jpg,0.7673788728958759,0.30416402
B2A,149e367310.jpg,0.7336273737715358,0.42952734
B2A,14a7686f98.jpg,0.7919847167771565,0.30154264
B2A,14a95bb688.jpg,0.5878386932025707,0.59989256
B2A,14ac55e78e.jpg,0.8833083836248993,0.33242545
B2A,14b92a85f3.jpg,0.8815331495105094,0.2422779
B2A,14bcc3cdad.jpg,0.737161698780092,0.25333014
B2A,14c0e95507.jpg,0.8885772398623358,0.33316156
B2A,14c38e1c2e.jpg,0.8686943200805815,0.34162503
B2A,14fa7a9b31.jpg,0.7921894215791453,0.34522167
B2A,14fe889824.jpg,0.8599979650198891,0.20552403
B2A,151cb3c6ff.jpg,0.6845640221029795,0.35095066
B2A,1531eae642.jpg,0.5930248980333955,0.54425544
B2A,153bb660da.jpg,0.8382394781574003,0.27876928
B2A,153e1ec171.jpg,0.6172623292537938,0.34141082
B2A,153f59d4cb.jpg,0.7205374583693668,0.42778116
B2A,156540ebe1.jpg,0.858676983372334,0.17261541
B2A,1569489edb.jpg,0.8396980362103846,0.2923205
B2A,156cf5822e.jpg,0.6320403861831814,0.4269623
B2A,15769de345.jpg,0.8612527098028468,0.30760795
B2A,157ee68b71.jpg,0.796066689758464,0.37359244
B2A,1581f3755e.jpg,0.8494072309839973,0.29640245
B2A,1582ec589d.jpg,0.8250468463362866,0.31236356
B2A,159b3f002f.jpg,0.783168739891688,0.40352622
B2A,159baa9c2b.jpg,0.7220587196395751,0.5249679
B2A,159c19456b.jpg,0.8012221829856774,0.4246706
B2A,159e0baf13.jpg,0.6790095814083988,0.48993173
B2A,15a51e4dbe.jpg,0.691886965590092,0.27968282
B2A,15a9b54b5f.jpg,0.7962631752858053,0.3157985
B2A,15abe5af92.jpg,0.832482000746002,0.5247502
B2A,15b1f01b86.jpg,0.8244540259167304,0.34847683
B2A,15b9563151.jpg,0.6778072497632475,0.3359983
B2A,15cb21df1a.jpg,0.8129221128741086,0.61419106
B2A,15cca6975b.jpg,0.7757552629246661,0.19391598
B2A,15d8655b4f.jpg,0.6100976077794593,0.373246
B2A,15f7238855.jpg,0.7987067763712106,0.40982857
B2A,15f862b305.jpg,0.8148007418222311,0.29625973
B2A,160c560e5e.jpg,0.5160043124815247,0.5593918
B2A,160d920b63.jpg,0.8733132891846948,0.21817315
B2A,1615de2bd0.jpg,0.7737590687958059,0.3320835
B2A,161b3c519e.jpg,0.7761905359269754,0.29703218
B2A,163669cbd0.jpg,0.7582375936211225,0.41799146
B2A,164492cfa7.jpg,0.7314899147656629,0.29577544
B2A,1645d08cab.jpg,0.7293322164613082,0.61200476
B2A,164ebc7900.jpg,0.9216970511400089,0.19173513
B2A,165dfb6cd0.jpg,0.6975750229171844,0.35290053
B2A,1665a48def.jpg,0.7339295695410452,0.343307
B2A,1675879297.jpg,0.7439025883316364,0.43753517
B2A,1676f96061.jpg,0.735802205871039,0.3781612
B2A,1688783462.jpg,0.849787478343422,0.30107534
B2A,1694e5637b.jpg,0.8915529891939139,0.30064422
B2A,16963c4f89.jpg,0.8312909894779847,0.37753677
B2A,169c381352.jpg,0.8620155209524284,0.32979557
B2A,169f8a8503.jpg,0.6723690665910508,0.47725913
B2A,16a0c8ed23.jpg,0.8876169776505108,0.34681764
B2A,16a3dd9695.jpg,0.521647974104739,0.36774805
B2A,16a666edff.jpg,0.5633572336373797,0.67047065
B2A,16a7a9fc44.jpg,0.6237938538227287,0.38986015
B2A,16ab6bc622.jpg,0.9331213989257502,0.25285476
B2A,16b3067a86.jpg,0.7229484801740125,0.49018022
B2A,16b3ea1e00.jpg,0.7059762387020785,0.5003829
B2A,16b74bd37f.jpg,0.8949707138666549,0.34371263
B2A,16c119b3c7.jpg,0.679423618502846,0.28344655
B2A,16cd6cbc68.jpg,0.9255620735799451,0.2103613
B2A,16d8cafb5b.jpg,0.6485565419741636,0.7632009
B2A,16d9624078.jpg,0.6198931317703835,0.3608248
B2A,16de17a9aa.jpg,0.7951555006124569,0.28448245
B2A,16de6b603c.jpg,0.8551773592462532,0.23460332
B2A,16ded6f738.jpg,0.7480235072415804,0.4547068
B2A,16dff1b77f.jpg,0.935746995231689,0.17795925
B2A,16e764f509.jpg,0.8743338382697401,0.39691952
B2A,16f0c49f22.jpg,0.9112808843123507,0.27316463
B2A,16f3703756.jpg,0.7979733399214861,0.26436594
B2A,1701c26348.jpg,0.8793475179998589,0.18745977
B2A,17028b1e92.jpg,0.6738888696780535,0.369793
B2A,170434d3dd.jpg,0.8581503227783241,0.40083948
B2A,170dbca136.jpg,0.8768996320705646,0.3350664
B2A,17167ea036.jpg,0.8884804526654058,0.17721659
B2A,172a0707b2.jpg,0.6205007854880934,0.5302541
B2A,17315bdc5b.jpg,0.8546170198705345,0.25277415
B2A,1735a91a3d.jpg,0.8670854919817805,0.36152306
B2A,17398e5a2a.jpg,0.758439989657328,0.34001687
B2A,17499b0283.jpg,0.8157815225474189,0.30633768
B2A,174ded9426.jpg,0.8366254565732811,0.25026482
B2A,174f0355a6.jpg,0.8641431632794974,0.2272876
B2A,17592a1017.jpg,0.8016782244782915,0.5223086
B2A,176050474a.jpg,0.6691500384131132,0.2945026
B2A,1764393c0e.jpg,0.6890949892689354,0.5534029
B2A,17674de2d5.jpg,0.8020555652040917,0.42295638
B2A,176bec46aa.jpg,0.8766902493496842,0.18838413
B2A,176d0e5c75.jpg,0.8209831430810488,0.37836665
B2A,1771b7c478.jpg,0.6732583679656319,0.39419
B2A,1774482049.jpg,0.8692047068451013,0.27891934
B2A,1779a8225f.jpg,0.8005263756397909,0.33928344
B2A,1789a61138.jpg,0.7053090696590476,0.45445663
B2A,178d33e084.jpg,0.7954989789699329,0.33761242
B2A,17924dd78d.jpg,0.8807008011947118,0.29462272
B2A,179af606cb.jpg,0.89507149519747,0.27869016
B2A,17a199a709.jpg,0.7577390198453271,0.22054052
B2A,17a8bd8ba4.jpg,0.8012778860905255,0.33490255
B2A,17b7569c29.jpg,0.7652524756021791,0.46627343
B2A,17c8c9072a.jpg,0.8557741417325396,0.22409344
B2A,17ce3a201d.jpg,0.897481316740651,0.257509
B2A,17cf077f45.jpg,0.6798894073401927,0.5143015
B2A,17d4e23d9f.jpg,0.7009630112575974,0.8925584
B2A,17d896fd14.jpg,0.713672799520561,0.48343015
B2A,17dbf8cf56.jpg,0.8680688759802222,0.3941218
B2A,17e149928d.jpg,0.8938565884273423,0.22175331
B2A,17eb22711b.jpg,0.8739652295705723,0.23284242
B2A,17f8f4d5d9.jpg,0.7148040234925513,0.3814009
B2A,17f92dd71b.jpg,0.8101757641891538,0.39420724
B2A,180e1881bc.jpg,0.871775145271057,0.24715191
B2A,18162a62a3.jpg,0.8139750677742751,0.45312044
B2A,181a53c38a.jpg,0.6543199102707971,0.49321783
B2A,181f424335.jpg,0.6483608061646696,0.39479363
B2A,182690bc45.jpg,0.6280029739979996,0.27047256
B2A,182846af47.jpg,0.6915045073506425,0.5790661
B2A,1838bcc8fa.jpg,0.6543762479405744,0.40839803
B2A,184a433ce3.jpg,0.7360438545103848,0.4627457
B2A,185f8da469.jpg,0.810338455428396,0.3923343
B2A,186035e2a8.jpg,0.8869796695635198,0.25670972
B2A,1866c56f7a.jpg,0.6545707724183356,0.4420997
B2A,186e98dcb8.jpg,0.8284573469157102,0.42985812
B2A,1883fcfb3e.jpg,0.8694399285678782,0.33483413
B2A,1884a2a37d.jpg,0.575811477555149,0.37392575
B2A,18880e913d.jpg,0.4775450361455399,0.609593
B2A,188b7f6310.jpg,0.8758506853903157,0.19913565
B2A,1893ce79ce.jpg,0.6323453220964115,0.6499519
B2A,1894c178ea.jpg,0.5644308557172613,0.45597935
B2A,1897b7b118.jpg,0.6819502129300243,0.45301634
B2A,189ae3f5a7.jpg,0.623444854296816,0.40201694
B2A,189ee6859e.jpg,0.802555406193826,0.2885848
B2A,18a275b358.jpg,0.9023865657328676,0.23500942
B2A,18a4ee0991.jpg,0.867726303262651,0.24095857
B2A,18aca60c06.jpg,0.6565988224988071,0.5250423
B2A,18ae840f5d.jpg,0.8545747039164433,0.26203603
B2A,18b2d7a2ef.jpg,0.7437893956596405,0.49871358
B2A,18c6b5b73b.jpg,0.8828161568524553,0.20826593
B2A,18ca544c78.jpg,0.7365579111428362,0.38613367
B2A,18e384cfff.jpg,0.8253412346434332,0.26519617
B2A,18e571a627.jpg,0.8362677028652173,0.2931804
B2A,18ea7c98b1.jpg,0.9189910966423686,0.1757755
B2A,190633c073.jpg,0.8747414036808049,0.44185445
B2A,1912f08cb1.jpg,0.9062203160759004,0.3048543
B2A,19182d3849.jpg,0.8116327515782805,0.2294416
B2A,1921b26eea.jpg,0.7590795296117339,0.46648532
B2A,1925109fdd.jpg,0.6297145266969489,0.6148759
B2A,192682abdf.jpg,0.7690495561130393,0.43669263
B2A,192caaa1bf.jpg,0.8457151839023389,0.36290112
B2A,1936e1dcb4.jpg,0.8608476335667127,0.27999502
B2A,193b4cdb27.jpg,0.8244271494285651,0.34860864
B2A,193f3266fb.jpg,0.528308370859873,0.7564782
B2A,194bb9f6ed.jpg,0.801411445218437,0.31374276
B2A,19525a17e2.jpg,0.6798236862398561,0.39373675
B2A,19592a5fbf.jpg,0.7813257488133375,0.49743056
B2A,1960283fd5.jpg,0.6435271561863031,0.34590787
B2A,1966101984.jpg,0.7964522106318543,0.29807734
B2A,196a6875a7.jpg,0.7696854760164673,0.45217842
B2A,196e2c07aa.jpg,0.8436866803006259,0.4370247
B2A,1970faab6a.jpg,0.8524404279354704,0.39957386
B2A,1977b66f96.jpg,0.7298964579796312,0.41059282
B2A,197dc21bdb.jpg,0.7545056286824873,0.3986632
B2A,19801ae9ab.jpg,0.8510459978626157,0.274097
B2A,1986fa52f5.jpg,0.6171352604606893,0.5725907
B2A,198cad00d4.jpg,0.7834894427711138,0.29212075
B2A,19918a1d5c.jpg,0.9054988307139014,0.23212628
B2A,1998700449.jpg,0.7038254632354142,0.3821439
B2A,1999225d11.jpg,0.7158853666603604,0.5271176
B2A,199a3e859f.jpg,0.7773130200284732,0.332466
B2A,199d0b8782.jpg,0.8362001173049686,0.35316622
B2A,19a7361b2a.jpg,0.7375599680670488,0.5054518
B2A,19b0fbeba0.jpg,0.818481648757969,0.42378247
B2A,19b944dbbf.jpg,0.8694761564840021,0.4665739
B2A,19b98e5663.jpg,0.7825987461421856,0.5584533
B2A,19bad1225f.jpg,0.6099598367897935,0.38384566
B2A,19bd14d30e.jpg,0.7306451878842181,0.26414618
B2A,19be535e5f.jpg,0.7717828227808651,0.4559843
B2A,19c277c363.jpg,0.7727262180293029,0.40140945
B2A,19c8301d67.jpg,0.8327293808743378,0.3300968
B2A,19e7940d94.jpg,0.757214106718784,0.19399719
B2A,19e8b9b328.jpg,0.8279621843424638,0.3103789
B2A,1a23085db7.jpg,0.5881341813902845,0.37935236
B2A,1a2542d28b.jpg,0.8302286067139285,0.30479977
B2A,1a25f82753.jpg,0.8383816370868904,0.42996418
B2A,1a27cb4cba.jpg,0.6957026145647894,0.40702832
B2A,1a2cd9ea8c.jpg,0.5267733219927113,0.46217272
B2A,1a3b1a3da9.jpg,0.6690126592865746,0.48552972
B2A,1a4213d2ce.jpg,0.7187432450353618,0.30871665
B2A,1a4491cef2.jpg,0.5809180449059234,0.6616073
B2A,1a45b8c270.jpg,0.7087349565096043,0.43695825
B2A,1a5041d9ed.jpg,0.7146563509167616,0.6401977
B2A,1a5cf3b632.jpg,0.8475610743862235,0.27477208
B2A,1a6013cba4.jpg,0.8194251992019199,0.37143907
B2A,1a61870a06.jpg,0.7756645863970192,0.2863232
B2A,1a6b4e9e13.jpg,0.8371382376725682,0.41918075
B2A,1a7af9964c.jpg,0.7834405277132621,0.45255047
B2A,1a8633fbb9.jpg,0.864474896932924,0.30839077
B2A,1a892680fb.jpg,0.7572821502115286,0.31633458
B2A,1a8c1a7995.jpg,0.7159721244436691,0.32767898
B2A,1a8c9e6c4c.jpg,0.7696874722069376,0.34367853
B2A,1aa0d1c558.jpg,0.7070697003198274,0.5268551
B2A,1aa8abd685.jpg,0.7061052641285409,0.46559775
B2A,1ac1673452.jpg,0.9400994171358681,0.30073997
B2A,1ac35e7dc8.jpg,0.6732159275428746,0.411273
B2A,1ac5876376.jpg,0.7880198263339857,0.32427967
B2A,1acb4c14ce.jpg,0.6885065450183289,0.52064645
B2A,1acb4d1d54.jpg,0.8259022919313004,0.34935796
B2A,1ad17703ce.jpg,0.746177618160314,0.2963344
B2A,1ad8701262.jpg,0.7444666439269135,0.33025122
B2A,1ae03b00e7.jpg,0.692050115649325,0.34323925
B2A,1ae342cd57.jpg,0.7363381646016499,0.22323777
B2A,1b062b66a7.jpg,0.6228241407503836,0.645348
B2A,1b118a066b.jpg,0.7851850706942465,0.39132378
B2A,1b129b65db.jpg,0.7226975185711118,0.41416067
B2A,1b12cf626f.jpg,0.9192843485217808,0.25072786
B2A,1b3e398db7.jpg,0.8361090867418741,0.27184433
B2A,1b4e94ffbd.jpg,0.823321212651855,0.30857885
B2A,1b4f115bdd.jpg,0.7804089110594896,0.44328135
B2A,1b5e8cedda.jpg,0.6050416427307959,0.40338176
B2A,1b66416060.jpg,0.8436800202129376,0.28584382
B2A,1b6a1a7e94.jpg,0.6066200259289778,0.28946018
B2A,1b6d7b4e65.jpg,0.6571675894932113,0.46996698
B2A,1b72549327.jpg,0.5999513830656669,0.48094183
B2A,1b770229f3.jpg,0.8502465079015473,0.35169733
B2A,1b961a3a39.jpg,0.6335254235009559,0.50237304
B2A,1b98321823.jpg,0.7281116721649599,0.38074514
B2A,1b987c577e.jpg,0.8595734670473448,0.29638568
B2A,1baa6a3895.jpg,0.6589950623525048,0.31940815
B2A,1baf74b1a7.jpg,0.8462546638470105,0.39057097
B2A,1bb75f970a.jpg,0.7251868999560421,0.45463258
B2A,1bb8674fbf.jpg,0.6860391665704811,0.4737053
B2A,1bba0654b7.jpg,0.8399682365103411,0.24031436
B2A,1bbaea3e6b.jpg,0.6511381039912317,0.4963176
B2A,1bc105b0b9.jpg,0.6480217939229231,0.49716622
B2A,1bc290729f.jpg,0.7944551888695923,0.3736701
B2A,1bc9fc642d.jpg,0.6439159729469208,0.6342744
B2A,1bccaf17e5.jpg,0.6903785838078063,0.44281974
B2A,1bd527d6a0.jpg,0.7570846404647359,0.33263475
B2A,1bd7be0503.jpg,0.7052475484871706,0.4302675
B2A,1bd8b4f799.jpg,0.9058213556934537,0.27269524
B2A,1be016515b.jpg,0.8961369836135168,0.3242963
B2A,1be0fa86b5.jpg,0.6777607972817915,0.4685115
B2A,1be6584349.jpg,0.8196673535498645,0.404589
B2A,1bf60182b2.jpg,0.8805555444494273,0.3304696
B2A,1c0ea0fe1b.jpg,0.7766465247251347,0.37226474
B2A,1c1f697d7e.jpg,0.7233474409736613,0.46322486
B2A,1c3c1aca33.jpg,0.8571508183886499,0.27641308
B2A,1c434baf43.jpg,0.7718244025967576,0.2977967
B2A,1c4de511e1.jpg,0.7143328188244356,0.7919112
B2A,1c5cc22c2c.jpg,0.8823326269772549,0.20751563
B2A,1c5ce714cc.jpg,0.7867182079459883,0.20123121
B2A,1c64f657f4.jpg,0.5129247050237012,0.50790757
B2A,1c69470718.jpg,0.6767333800189992,0.43376675
B2A,1c6eed59f5.jpg,0.7122717055249842,0.5134572
B2A,1c707e6132.jpg,0.7684811950815644,0.29127944
B2A,1c75256206.jpg,0.7566260921038428,0.4971128
B2A,1c7b3cdedc.jpg,0.8234751801782069,0.22409128
B2A,1c807fee79.jpg,0.7604674493960004,0.2933147
B2A,1c84f1179c.jpg,0.6533955931280504,0.49544597
B2A,1c863100b1.jpg,0.6909250140209123,0.2819485
B2A,1c88080a3f.jpg,0.636030343654463,0.3008555
B2A,1c95a45486.jpg,0.7702419827847103,0.42920452
B2A,1cb96210e6.jpg,0.6989616741989519,0.52982724
B2A,1cb9d045d8.jpg,0.7121328767404724,0.53583515
B2A,1cc26c48b8.jpg,0.7836659313302774,0.36521417
B2A,1cd5acea15.jpg,0.8950621775693143,0.344084
B2A,1cdb990c46.jpg,0.7733114891349727,0.3301717
B2A,1ce3cb350d.jpg,0.7875065434963288,0.28662142
B2A,1cea1bf43d.jpg,0.7643193005176065,0.44020706
B2A,1cf711c1d1.jpg,0.6411420170476528,0.5478429
B2A,1cfe6aba33.jpg,0.9147382251612721,0.29068354
B2A,1d0aecbd16.jpg,0.8240703562818869,0.35163987
B2A,1d0f76765b.jpg,0.6788701946212131,0.62609327
B2A,1d17249a0f.jpg,0.778418237924463,0.31737912
B2A,1d19c4bc7e.jpg,0.7943870772065542,0.26128605
B2A,1d205c56c5.jpg,0.7937185413537187,0.4276976
B2A,1d3446f22b.jpg,0.8932925276276331,0.34185433
B2A,1d38a9bee0.jpg,0.7254719655681044,0.5335482
B2A,1d3fb25bad.jpg,0.8728641666582856,0.28538483
B2A,1d40d5d6ca.jpg,0.8358945584331818,0.2673442
B2A,1d44f79c1c.jpg,0.8984028853555422,0.2514897
B2A,1d46709e18.jpg,0.8034925448894373,0.4119728
B2A,1d53ac5a9f.jpg,0.8512433925883772,0.41749918
B2A,1d57118b49.jpg,0.7268925648823074,0.4297774
B2A,1d584ad062.jpg,0.862368555635428,0.20727944
B2A,1d5aa09f6b.jpg,0.6721223259320205,0.29392016
B2A,1d5c4b80c6.jpg,0.6208699495509344,0.5768626
B2A,1d5cf63313.jpg,0.6911575331357045,0.23803055
B2A,1d5d4a0729.jpg,0.8329529118733807,0.38230747
B2A,1d640e96a3.jpg,0.9348292339132961,0.3570937
B2A,1d67aef6c9.jpg,0.663870223335518,0.68548423
B2A,1d726a097f.jpg,0.7616148312910659,0.3036046
B2A,1d76ab1c0c.jpg,0.8385863287615635,0.26434797
B2A,1d79ab97ec.jpg,0.8052049065591048,0.3436584
B2A,1d7d8ff0ac.jpg,0.7707335189483929,0.47344977
B2A,1d8a6d18f1.jpg,0.6417073935862357,0.53884876
B2A,1d939cb782.jpg,0.6692613807730389,0.39158478
B2A,1d971deb73.jpg,0.7106040966369662,0.40300652
B2A,1da3631b3f.jpg,0.751170061569172,0.59175193
B2A,1da538235f.jpg,0.5488941418008447,0.5201583
B2A,1da6888f64.jpg,0.82526044967825,0.3504787
B2A,1dafe2cf42.jpg,0.5633572336373797,0.67047065
B2A,1db0b33747.jpg,0.7914203003456891,0.45345032
B2A,1dba9a48ae.jpg,0.6583047615858829,0.41405082
B2A,1dbbe43952.jpg,0.8456787751585411,0.27151996
B2A,1dc32da064.jpg,0.8095193428408556,0.30479145
B2A,1dc335fcac.jpg,0.7724973488967503,0.37451148
B2A,1dc3833078.jpg,0.8863475566886929,0.21739912
B2A,1dc3a7de89.jpg,0.8173785324339014,0.3629375
B2A,1dcbd84c73.jpg,0.7168662058867458,0.28838366
B2A,1dd0ec3618.jpg,0.7082150545582523,0.38221428
B2A,1dda02098b.jpg,0.7592136298710336,0.30087352
B2A,1de54dbad6.jpg,0.8314830393493644,0.2914967
B2A,1df4ff0436.jpg,0.8161060974786766,0.31617987
B2A,1dfa5b2910.jpg,0.6566390346663271,0.52432525
B2A,1dfe2f3b46.jpg,0.794902783955053,0.20713916
B2A,1e39d0e97c.jpg,0.8266474751203268,0.38923094
B2A,1e3a931f96.jpg,0.6398634581305167,0.39705062
B2A,1e4ccca31e.jpg,0.8158099444544747,0.35648957
B2A,1e56d7de95.jpg,0.7994397295478017,0.29413015
B2A,1e59228328.jpg,0.8312671937832244,0.26006526
B2A,1e66879f90.jpg,0.8579203138417417,0.25778335
B2A,1e74d0da3b.jpg,0.6957677299075216,0.4207346
B2A,1e7e4f894f.jpg,0.8627632228272426,0.28474537
B2A,1e7ed16969.jpg,0.7760635049754748,0.3699282
B2A,1e90517e22.jpg,0.9029371444921925,0.22163872
B2A,1e947e5fe9.jpg,0.7666782452628036,0.56440926
B2A,1e983237de.jpg,0.8214025398873507,0.2971149
B2A,1ea86dc4d5.jpg,0.6925456293866408,0.41999558
B2A,1eaa4a27c8.jpg,0.8849402113791321,0.24889426
B2A,1eb579374e.jpg,0.8585969357603492,0.2641449
B2A,1ebd894c28.jpg,0.867945715346742,0.2211908
B2A,1ece79b77f.jpg,0.7880957076102821,0.34461603
B2A,1ed7c273ba.jpg,0.8254363823668031,0.41455644
B2A,1ede9dadc3.jpg,0.7963622054016956,0.28955624
B2A,1ef162e31d.jpg,0.8240883501318484,0.29245192
B2A,1efdfce7c3.jpg,0.6920450172667573,0.2756009
B2A,1f006ed5eb.jpg,0.922820479448793,0.33178347
B2A,1f086664d6.jpg,0.7306889936339462,0.5575153
B2A,1f1a19ad8b.jpg,0.7568047053572662,0.3484807
B2A,1f252ba827.jpg,0.6448745378407541,0.44535974
B2A,1f2d34b65b.jpg,0.8726999709624896,0.1708046
B2A,1f540d0ecb.jpg,0.8583388531710778,0.21097955
B2A,1f63ea8e1d.jpg,0.8397232142736928,0.36102542
B2A,1f67c932d8.jpg,0.7788955103146893,0.24409837
B2A,1f7b63917b.jpg,0.7473260242426231,0.20112742
B2A,1f8b43823c.jpg,0.7962619822164073,0.41818434
B2A,1f8fe4a8e4.jpg,0.7424810111823713,0.25479752
B2A,1f96108197.jpg,0.8911761929515379,0.2845314
B2A,1f979d49c6.jpg,0.882734803837438,0.2885251
B2A,1f98e7d475.jpg,0.6902832576797221,0.3413277
B2A,1fbc82db49.jpg,0.8629878272253636,0.23752008
B2A,1fd7cebd1a.jpg,0.7419749967473256,0.41874096
B2A,1fe1ac40ef.jpg,0.6844574767302041,0.3884964
B2A,1fe223e960.jpg,0.7218711426295932,0.2981731
B2A,1fedaf095f.jpg,0.8978581116683063,0.2674751
B2A,20043a8eaf.jpg,0.7780174020020513,0.5378674
B2A,2004919ebe.jpg,0.8556377704456201,0.27329606
B2A,2022ef77f2.jpg,0.6878855362637676,0.6057893
B2A,2037f91745.jpg,0.8466535160502457,0.3675201
B2A,20454954b2.jpg,0.7574032260268887,0.30152813
B2A,204615862b.jpg,0.7710989394864382,0.54106766
B2A,2046adf2b6.jpg,0.8813975866574527,0.20560126
B2A,205f999ab3.jpg,0.80043046234398,0.27027705
B2A,2061671c2b.jpg,0.6020908340459175,0.3609063
B2A,2063a6693c.jpg,0.8213136065339212,0.280653
B2A,2066a2e091.jpg,0.8218720781105269,0.29266274
B2A,206adc3515.jpg,0.763964516658135,0.2772507
B2A,206d18e819.jpg,0.834009328200093,0.27457064
B2A,206e57e6d1.jpg,0.8020500942481396,0.3200627
B2A,2078d3f123.jpg,0.7747925161196324,0.506269
B2A,2080efd0d6.jpg,0.7895580181124751,0.23138487
B2A,208c0535cf.jpg,0.7592507651572294,0.37259686
B2A,208f4b819b.jpg,0.8515350160449852,0.4820331
B2A,2096a57bfc.jpg,0.7754968501193138,0.26086968
B2A,209873c58f.jpg,0.90218720764158,0.19939926
B2A,209bdb1587.jpg,0.6530717854497622,0.379784
B2A,20b2d4f4bf.jpg,0.7362420843963675,0.55416834
B2A,20b3d168a6.jpg,0.4487214115321826,0.56701076
B2A,20b7eab911.jpg,0.9026599625558659,0.3547819
B2A,20c152f056.jpg,0.6932398857294119,0.568204
B2A,20cac2191a.jpg,0.8843212493870057,0.24076028
B2A,20d2fd7d1b.jpg,0.8432418240620095,0.28710932
B2A,20d336b6c2.jpg,0.8637989428909885,0.3412019
B2A,20d927a07b.jpg,0.7453312127166156,0.376599
B2A,20ddf9c49f.jpg,0.7537376591889354,0.53828675
B2A,20ea204105.jpg,0.8005907194935485,0.30433947
B2A,20f93c26b0.jpg,0.6999467504318694,0.29807842
B2A,20fa90d43e.jpg,0.9106615676756991,0.43049026
B2A,2103852756.jpg,0.8272537551548104,0.3211271
B2A,211ca2dfb4.jpg,0.8142343258321506,0.37888527
B2A,21243b9607.jpg,0.758266889620524,0.57850724
B2A,2129f6f2dc.jpg,0.5433836841275371,0.4385771
B2A,212cf8498d.jpg,0.7016186246873894,0.45815605
B2A,2145ce0f78.jpg,0.8648842120276055,0.26815802
B2A,21630a4fa1.jpg,0.7098517750957869,0.41806626
B2A,216a8d4e5c.jpg,0.7849352502916761,0.41636136
B2A,21747ccb08.jpg,0.7270120573530084,0.4144116
B2A,21757a4c07.jpg,0.7951386642718697,0.42707562
B2A,217b9b9aaf.jpg,0.863149512665659,0.254747
B2A,21927aa7d4.jpg,0.691970217181486,0.44139665
B2A,219baac7b2.jpg,0.6898369766752279,0.4629936
B2A,21ac721374.jpg,0.6943633293279394,0.4655806
B2A,21b6fd99a5.jpg,0.7643465887936336,0.32607177
B2A,21b9aafc49.jpg,0.7605674613251622,0.38444248
B2A,21c2589053.jpg,0.7262503260856313,0.32710502
B2A,21c2c68337.jpg,0.8460611958985162,0.37907097
B2A,21e2aea535.jpg,0.7819789227185042,0.38771513
B2A,21e5c1891c.jpg,0.8689370471773036,0.1785035
B2A,21e7463544.jpg,0.8369978778320901,0.23240009
B2A,21fe71a93b.jpg,0.7480458938434119,0.5518923
B2A,2236c207aa.jpg,0.7649928896206161,0.3035679
B2A,223c77d56f.jpg,0.7568516441181489,0.20499413
B2A,2246ed23dc.jpg,0.6710229867283558,0.42725286
B2A,2257860322.jpg,0.7107113189445304,0.27538824
B2A,22661d9ec0.jpg,0.5892356280697554,0.3974981
B2A,2286c7067e.jpg,0.8039347389045792,0.47177267
B2A,228a291710.jpg,0.8131865535873551,0.46712884
B2A,228c986820.jpg,0.8391059315622235,0.29133642
B2A,228d0b850f.jpg,0.8927455880846036,0.2273392
B2A,2292200c80.jpg,0.8923488842833831,0.3442105
B2A,229221319f.jpg,0.6838099095590745,0.43054157
B2A,229eca589c.jpg,0.8530481470628416,0.34701565
B2A,22b213f1e5.jpg,0.7971685875396881,0.56858563
B2A,22b305f62e.jpg,0.654926768039294,0.39628065
B2A,22b389e1fd.jpg,0.9618652930200717,0.18563372
B2A,22b5b48553.jpg,0.8672150024246674,0.30458516
B2A,22bfe6445a.jpg,0.705963993210517,0.41612834
B2A,22c2ebefea.jpg,0.7907762851567469,0.36432785
B2A,22c5bb63ac.jpg,0.6927757831423388,0.29038846
B2A,22cd40eed2.jpg,0.7465555792132099,0.37122238
B2A,22ce24836f.jpg,0.8156607398932029,0.3183232
B2A,22d49f3bb9.jpg,0.839780002400916,0.25892138
B2A,22e1784ae5.jpg,0.7885544879458751,0.34794682
B2A,22fc4c2e5b.jpg,0.8460813023338672,0.22901648
B2A,2304539c3c.jpg,0.7492677966384077,0.4943959
B2A,23060d93b3.jpg,0.7732032872038163,0.39472577
B2A,2308cd7f79.jpg,0.9141467648214227,0.17418882
B2A,230ce6af39.jpg,0.7252293652923129,0.362764
B2A,2318dd451a.jpg,0.7996405665810027,0.35404512
B2A,23296f234d.jpg,0.7897123630343095,0.28996396
B2A,2339fbceb2.jpg,0.857872314275675,0.43540072
B2A,2351d0e36d.jpg,0.8309154215113167,0.41886076
B2A,23568b7cf6.jpg,0.4766862032360703,0.45987776
B2A,235a2feea2.jpg,0.654039868047634,0.6380483
B2A,235f2c8d2d.jpg,0.7961040876226546,0.24261409
B2A,236e24292a.jpg,0.7664682469466736,0.37088463
B2A,2372845016.jpg,0.8854574709248246,0.23323894
B2A,2379cb1f27.jpg,0.7341583554985012,0.36433643
B2A,238bd94fcb.jpg,0.803043126821862,0.33933967
B2A,2398192c56.jpg,0.8288955589560618,0.37341747
B2A,23a2a896cb.jpg,0.7359516070932725,0.41363302
B2A,23b1669fc4.jpg,0.9132712854776956,0.32200488
B2A,23be955aa3.jpg,0.7416835198372081,0.36040306
B2A,23d0cd1621.jpg,0.7869298851218975,0.5398343
B2A,23e044ebbf.jpg,0.8906410489389481,0.22097673
B2A,23e490fde6.jpg,0.7948185218089998,0.5132196
B2A,23edb57cff.jpg,0.8117274910563448,0.28506857
B2A,23ee3c5507.jpg,0.7541486220106159,0.35458568
B2A,23f7a22314.jpg,0.7634011143320665,0.2936485
B2A,23fb1a1690.jpg,0.7748593045342711,0.2896546
B2A,23fb2c15d2.jpg,0.8457056690015734,0.26827753
B2A,2403efbfd3.jpg,0.8152778914510243,0.38222098
B2A,240a7c491a.jpg,0.7707588434241442,0.5239432
B2A,2410f7ebd1.jpg,0.64350645137594,0.58204776
B2A,24166036c4.jpg,0.7355700351060983,0.36965826
B2A,241d87414d.jpg,0.9084034983424166,0.24408384
B2A,2421fde7b1.jpg,0.859510322037394,0.525087
B2A,243ef6c04e.jpg,0.9038821707413209,0.2873008
B2A,244182635e.jpg,0.80857425253432,0.23915915
B2A,244cb6321d.jpg,0.8510618587033658,0.38776508
B2A,2469dbd507.jpg,0.7563574516926557,0.48023844
B2A,2476944f5c.jpg,0.9258808797890026,0.24064179
B2A,247d71f468.jpg,0.6656692077455708,0.32080433
B2A,2489d5208e.jpg,0.8241780657800074,0.3545082
B2A,248e98e6e5.jpg,0.7100912800375832,0.6286165
B2A,24997d2394.jpg,0.7074665388348969,0.27528498
B2A,249c6f2b02.jpg,0.7773276647717854,0.43052948
B2A,24ad0a8279.jpg,0.6830272276803442,0.44783825
B2A,24af325930.jpg,0.8365206476947465,0.43391252
B2A,24af541789.jpg,0.849976593086172,0.23529914
B2A,24b21b5261.jpg,0.6691149823984265,0.6211526
B2A,24b535812d.jpg,0.8427371204709231,0.34330678
B2A,24b54b150b.jpg,0.5806599646222967,0.36936063
B2A,24c4ed86a3.jpg,0.8526582893238769,0.28304625
B2A,24c5780a0c.jpg,0.7071631118614413,0.4446065
B2A,24d819c261.jpg,0.802487661403205,0.38421005
B2A,24e8e3b180.jpg,0.8106687583658202,0.4113083
B2A,25082e762f.jpg,0.7272638592420179,0.4223243
B2A,250bd36c8c.jpg,0.9306271670639756,0.1616388
B2A,252bc3a3ab.jpg,0.9392046121959775,0.34595388
B2A,252f6d69ce.jpg,0.797320665993608,0.34513164
B2A,25315f09a6.jpg,0.7205473916299843,0.24859345
B2A,253340547f.jpg,0.8102281141763386,0.43330967
B2A,25346ff439.jpg,0.877706915915389,0.22227003
B2A,25462592ac.jpg,0.8475206997477835,0.20919867
B2A,2552f6c0e4.jpg,0.9003147723038203,0.18584248
B2A,256f038a42.jpg,0.7000855921660065,0.37391698
B2A,258083f3e8.jpg,0.6838161745654372,0.6928527
B2A,2581451ca9.jpg,0.6613676766826211,0.5544879
B2A,259e4070d5.jpg,0.7753193185411051,0.44119388
B2A,25a9b86180.jpg,0.7054475722558441,0.36834216
B2A,25b6be053f.jpg,0.7909797103248373,0.25721648
B2A,25c04fbf2f.jpg,0.8529841998124057,0.28273815
B2A,25c2b346fe.jpg,0.8368811144153268,0.3104364
B2A,25c46710fc.jpg,0.804957014434984,0.3163051
B2A,25c827dc83.jpg,0.7221679173244608,0.42688194
B2A,25cb295b1f.jpg,0.7824903043190353,0.25489312
B2A,25d70dd7b1.jpg,0.8764783774361022,0.24396847
B2A,25df1df7d9.jpg,0.5947147746310449,0.40786597
B2A,25e705548a.jpg,0.7879224540579091,0.37385935
B2A,25eba9fa76.jpg,0.7080697462062625,0.5189397
B2A,25f8328a2f.jpg,0.7046581211055426,0.43488625
B2A,2602597bb0.jpg,0.694521946940091,0.37087685
B2A,2605924561.jpg,0.7876025490877201,0.38929322
B2A,2606c25ce3.jpg,0.7865480275608216,0.30295634
B2A,260d6a5c37.jpg,0.6976966740722146,0.4347371
B2A,26182c3d72.jpg,0.9367839897055252,0.21508619
B2A,2621968d1b.jpg,0.8287407761435472,0.40044937
B2A,2629524a69.jpg,0.8728168770530353,0.24480954
B2A,26296bb84f.jpg,0.8546517500698771,0.23600437
B2A,2641b8175f.jpg,0.812954635271097,0.2765712
B2A,26494a01e1.jpg,0.8782197680362216,0.3190434
B2A,26582fc5a8.jpg,0.7388848487066502,0.38792512
B2A,265f7accbd.jpg,0.6105911698200027,0.5708116
B2A,26722e2880.jpg,0.7729372898838528,0.28246683
B2A,26863f0716.jpg,0.821880059994847,0.34337002
B2A,2688ed2270.jpg,0.8971054348191224,0.26601538
B2A,26892fcc02.jpg,0.825292034291351,0.31094715
B2A,268b959d88.jpg,0.8013362550368441,0.37137115
B2A,26916da7ff.jpg,0.743610875187103,0.3046692
B2A,2698bac269.jpg,0.806177115581814,0.2511121
B2A,269b1b5690.jpg,0.8345508960806406,0.35557055
B2A,26aaf299c0.jpg,0.8909277453006034,0.2906471
B2A,26b9449f10.jpg,0.7833236892967712,0.28826082
B2A,26bbb89fd6.jpg,0.5944360024981404,0.47872692
B2A,26c4de1515.jpg,0.7887864949875695,0.33590096
B2A,26cd0ec0e4.jpg,0.8410304811042604,0.31681085
B2A,26ce42c083.jpg,0.6808638216952652,0.5582716
B2A,26d40b7147.jpg,0.8763637175054927,0.23510122
B2A,26d474464f.jpg,0.8352657191768731,0.3558734
B2A,26d4ecb9fd.jpg,0.8146580250071703,0.37576622
B2A,26d73ccce4.jpg,0.8665651962089987,0.24537091
B2A,26da6b82c6.jpg,0.7185316091835807,0.3631277
B2A,26db4dcdea.jpg,0.8822241863668947,0.24917674
B2A,26fe13cbea.jpg,0.855473015715909,0.3716035
B2A,2706749d66.jpg,0.8432517959307337,0.2949487
B2A,270687abc3.jpg,0.8035428020385057,0.26431412
B2A,270a7544e5.jpg,0.7838214999051185,0.50228405
B2A,270f62c6e8.jpg,0.6494073799710458,0.46733248
B2A,27159e6719.jpg,0.7301682577261064,0.27408707
B2A,271ec1348b.jpg,0.8580179787014738,0.27910894
B2A,2727db154e.jpg,0.7651336055509692,0.5711565
B2A,2734c9504b.jpg,0.8617097561648683,0.23544683
B2A,274ba0c4a2.jpg,0.7643200590458371,0.37183744
B2A,274cf83fa6.jpg,0.7886051434442285,0.46222967
B2A,27534f0e65.jpg,0.7129955511060879,0.42243534
B2A,27645084b6.jpg,0.7312980312177983,0.3644485
B2A,276543fbf7.jpg,0.5142366234257009,0.5573239
B2A,276c73bead.jpg,0.8597010937498468,0.2747249
B2A,276ee4b14f.jpg,0.656313527934196,0.36230296
B2A,2775af1bba.jpg,0.7946304685663126,0.39829132
B2A,27777862fd.jpg,0.7255116121672509,0.5507438
B2A,2779835a1b.jpg,0.7594611978989311,0.42501315
B2A,277c068c4e.jpg,0.9010199324066516,0.20225054
B2A,277d120bb4.jpg,0.6631214815215103,0.5177888
B2A,2782335eef.jpg,0.744052434578097,0.53473556
B2A,2784e8f91d.jpg,0.7992703615098778,0.38015792
B2A,2791df1515.jpg,0.5254802995100816,0.5371741
B2A,279eb2037c.jpg,0.9203579261092337,0.26574683
B2A,27a36df1f6.jpg,0.8440006211359741,0.26368314
B2A,27b2a0c66f.jpg,0.8579680887360482,0.22448657
B2A,27b87e7785.jpg,0.8662149446240268,0.27156124
B2A,27bc5c6810.jpg,0.8334785069861373,0.25159666
B2A,27c273f5ac.jpg,0.8156747912985407,0.29789102
B2A,27c67103f0.jpg,0.7950288020390487,0.25500318
B2A,27d994ba96.jpg,0.8325332167542425,0.27415752
B2A,27de05d60a.jpg,0.9196159509139795,0.41499138
B2A,27e341bcc2.jpg,0.8629935813265474,0.21484503
B2A,27ea6d9992.jpg,0.7846312997819274,0.6694436
B2A,27ebfe0db6.jpg,0.6453307954859426,0.45178792
B2A,27f3a34b1d.jpg,0.6242643640525178,0.43429396
B2A,27f4d80142.jpg,0.5595312452179431,0.6028847
B2A,27fa99ac5c.jpg,0.6691460425488154,0.50300527
B2A,2806a9db15.jpg,0.8645035569637529,0.3139096
B2A,281356f565.jpg,0.8364983484539293,0.29227456
B2A,2815c0ad33.jpg,0.873227539657471,0.3555581
B2A,281b790739.jpg,0.7090414165293782,0.30412713
B2A,283a083739.jpg,0.7670074989969892,0.44089672
B2A,28430b5602.jpg,0.7199772024191476,0.20213099
B2A,2843919992.jpg,0.8818835309413969,0.30221733
B2A,285449b06a.jpg,0.8179352570457398,0.2506702
B2A,2854ebb127.jpg,0.9077005214524031,0.29559296
B2A,28611884d0.jpg,0.6755232338203496,0.5628528
B2A,2861f74357.jpg,0.9130395366856607,0.30984515
B2A,2867b3bef0.jpg,0.8774698620007483,0.2902736
B2A,286c5026ff.jpg,0.7638124918342799,0.48030305
B2A,2879b6b734.jpg,0.7548328289990905,0.30751476
B2A,2881c907bb.jpg,0.7355635095302782,0.62428564
B2A,2885431ef9.jpg,0.8331828370053509,0.17928451
B2A,288c92df0c.jpg,0.6654463196305436,0.37702808
B2A,288d596137.jpg,0.6746429278873145,0.484086
B2A,289a8f7970.jpg,0.9023792281509324,0.2153136
B2A,28a626558d.jpg,0.712859089389364,0.39885956
B2A,28a7737b48.jpg,0.7209766490261634,0.3714664
B2A,28aab35051.jpg,0.8540017036968198,0.41936404
B2A,28aacb7e4e.jpg,0.8912588181972751,0.32362202
B2A,28aec8dbd4.jpg,0.8035275752076357,0.5107949
B2A,28b05820b1.jpg,0.7581319802304088,0.38472506
B2A,28b57f757f.jpg,0.7447805026236362,0.4241835
B2A,28be9a8202.jpg,0.7837521710030755,0.41450417
B2A,28cf136409.jpg,0.8052177246558131,0.29841787
B2A,28e1c7681e.jpg,0.8445945928756098,0.2749351
B2A,28e27595dc.jpg,0.5978573554637164,0.50284576
B2A,28e7b09f15.jpg,0.7709635214091144,0.35189363
B2A,28f3814945.jpg,0.7706564494608971,0.45915246
B2A,28f9f1a13f.jpg,0.6894249662226823,0.32434446
B2A,28fbbb8f15.jpg,0.7940738359838491,0.25832847
B2A,28fd6bf605.jpg,0.8761843470845084,0.31833488
B2A,28ffa0bd39.jpg,0.6017072831485516,0.29916415
B2A,290560fba4.jpg,0.7360040766764121,0.23058085
B2A,290dd4249d.jpg,0.8392475052327154,0.29194456
B2A,291146558e.jpg,0.5377360839954527,0.58796847
B2A,292945e24e.jpg,0.9090250096445242,0.26103434
B2A,293b00c315.jpg,0.7666841225108713,0.33776966
B2A,293dadb732.jpg,0.800135380468709,0.41634142
B2A,2951fe2fe1.jpg,0.8562451180161788,0.30179858
B2A,2959168184.jpg,0.6651227578903249,0.33146146
B2A,295b938a05.jpg,0.7837873389721122,0.43308157
B2A,2960920920.jpg,0.6435920740270981,0.5486444
B2A,296b177cad.jpg,0.803760403273625,0.38901728
B2A,296b8c38bf.jpg,0.8896812697283708,0.25438392
B2A,2971c7ed92.jpg,0.7624159016750379,0.38547865
B2A,297f3a075f.jpg,0.8247652177355399,0.3005293
B2A,29864d1221.jpg,0.8021349227196017,0.37611726
B2A,29906262a0.jpg,0.817492999441039,0.39631388
B2A,299495fe20.jpg,0.7346571693520286,0.513985
B2A,29a0754ddd.jpg,0.8705832246251723,0.34487635
B2A,29aacba212.jpg,0.7289790833213039,0.32318783
B2A,29afd0e0cb.jpg,0.6836176035170597,0.48614803
B2A,29b165f427.jpg,0.7451319707468944,0.47117835
B2A,29c0dfdae4.jpg,0.8047506953395156,0.3953844
B2A,29c34c1abd.jpg,0.9235665811848923,0.14794828
B2A,29d0386f3e.jpg,0.884969232554957,0.21534255
B2A,29d335a6a9.jpg,0.751657360051093,0.30696735
B2A,29d58214f1.jpg,0.7002112726674882,0.48243487
B2A,29d8295ed2.jpg,0.7644513695719146,0.36753064
B2A,29e01f8909.jpg,0.8472925944515479,0.44971305
B2A,29e7039a4d.jpg,0.8250528573150584,0.24192491
B2A,29eba6fe01.jpg,0.8465223434949641,0.26463932
B2A,29eefa93e2.jpg,0.7674629597912919,0.22073436
B2A,29f28ef872.jpg,0.6447999886107271,0.67391133
B2A,29fe34f752.jpg,0.7176281473155232,0.3939409
B2A,29ff35dc7b.jpg,0.7100074879562236,0.48939627
B2A,2a0382cf4c.jpg,0.790470961027993,0.3996568
B2A,2a114c7c94.jpg,0.7925540303743182,0.22998983
B2A,2a13df2bc3.jpg,0.5466337395319296,0.7062964
B2A,2a14b928c4.jpg,0.5552267439916886,0.7702056
B2A,2a18193d91.jpg,0.8129872978669528,0.29153717
B2A,2a199d45e5.jpg,0.9162243572068354,0.21650644
B2A,2a26f69715.jpg,0.8583334517163246,0.32146966
B2A,2a3cd42798.jpg,0.7848396809283724,0.2932725
B2A,2a4211a6e4.jpg,0.7002073149999424,0.45853937
B2A,2a4988e4a7.jpg,0.8888898321330598,0.2662808
B2A,2a4a9d54a7.jpg,0.8699930725873339,0.20391886
B2A,2a4edec63e.jpg,0.9072172308445502,0.27117735
B2A,2a503386a2.jpg,0.8494048368294456,0.32576305
B2A,2a606d05d8.jpg,0.8456981105620688,0.1529181
B2A,2a6805c1a9.jpg,0.8681763854103929,0.23874915
B2A,2a791629c4.jpg,0.8418112050744618,0.2218061
B2A,2a87a4fbee.jpg,0.6408275887381176,0.41020608
B2A,2a89dc7912.jpg,0.7367505518291873,0.35012764
B2A,2aa39bfaca.jpg,0.791515915944133,0.21731001
B2A,2acc30abbe.jpg,0.6916730261936863,0.34637856
B2A,2ae4a137a6.jpg,0.8464226690239157,0.34335482
B2A,2af9ea0c85.jpg,0.8994000607980984,0.18840142
B2A,2b057c1cb8.jpg,0.878041520350667,0.45427376
B2A,2b086b077f.jpg,0.677229660056793,0.39949796
B2A,2b0beb1f37.jpg,0.5623707648949051,0.3975465
B2A,2b0c82824b.jpg,0.7582479931845164,0.2611846
B2A,2b1102f3b4.jpg,0.7731100891869385,0.26062706
B2A,2b19987d57.jpg,0.8358947308617845,0.3991381
B2A,2b19a7b5d3.jpg,0.7941833316488518,0.5758647
B2A,2b222ce74d.jpg,0.842553525114509,0.36298397
B2A,2b22c8b439.jpg,0.6474422636977025,0.4137119
B2A,2b2486be40.jpg,0.7993280293053007,0.38491255
B2A,2b28a6f69a.jpg,0.7954798201795682,0.2439639
B2A,2b2ae4cd5f.jpg,0.8622827600456914,0.24405651
B2A,2b2b63d51c.jpg,0.8979900372516952,0.23096377
B2A,2b2efc29c6.jpg,0.8863380328844392,0.19443883
B2A,2b3a026f51.jpg,0.6880461656632006,0.5089778
B2A,2b516f78d1.jpg,0.6426951403901358,0.35163203
B2A,2b62ea6ed1.jpg,0.842217652521395,0.3417555
B2A,2b68e09fa5.jpg,0.8160841422244691,0.2705637
B2A,2b6cd9bbf2.jpg,0.6327962525037949,0.6005393
B2A,2b7402e62d.jpg,0.8413738605068518,0.5910007
B2A,2b83d60844.jpg,0.6749372031221202,0.6820278
B2A,2b977b06b6.jpg,0.7992786193173607,0.4278453
B2A,2ba042499d.jpg,0.6748833400944811,0.49673453
B2A,2ba2325c69.jpg,0.8667503719685127,0.33861607
B2A,2bb040da92.jpg,0.812954635271097,0.2765712
B2A,2bb16be25b.jpg,0.7546916505657044,0.4868469
B2A,2bb4efac43.jpg,0.9377477944632465,0.28310347
B2A,2bba709f10.jpg,0.8493845030339308,0.33778387
B2A,2bd4e078d7.jpg,0.6504395839858943,0.37245837
B2A,2be00d7888.jpg,0.810239499791061,0.2757372
B2A,2be5e776d7.jpg,0.7135738896219777,0.32076654
B2A,2c0394a36e.jpg,0.6490062463563493,0.56864697
B2A,2c060d43db.jpg,0.633994909597143,0.5073309
B2A,2c0a22b1bd.jpg,0.7512567274641115,0.49302363
B2A,2c1f8326a4.jpg,0.6508568358498716,0.56760895
B2A,2c28975fee.jpg,0.7536286145098784,0.38341874
B2A,2c2e9d9c74.jpg,0.8379179426786819,0.23649523
B2A,2c525980b1.jpg,0.8379784945578577,0.1870892
B2A,2c5cd7dde6.jpg,0.8244721293456589,0.42054054
B2A,2c5deec20d.jpg,0.6387656119815166,0.54607546
B2A,2c64a2295e.jpg,0.8049415952401301,0.35830933
B2A,2c7f80aab7.jpg,0.7749791425800567,0.5252819
B2A,2c84e8d012.jpg,0.8832330183192747,0.27427143
B2A,2c8672a913.jpg,0.7015103571750366,0.45017847
B2A,2c885d1c89.jpg,0.7456144016415709,0.3370064
B2A,2c982c58a5.jpg,0.8353324895386063,0.2611148
B2A,2ca2d1287f.jpg,0.7820133106173918,0.38987115
B2A,2ca79c8d4a.jpg,0.7911022576215448,0.43202013
B2A,2ca8ab24ef.jpg,0.8322196075404789,0.31349933
B2A,2cbb870493.jpg,0.8034338720525803,0.34733605
B2A,2cc7029c30.jpg,0.715405696524538,0.423592
B2A,2cd1818a6f.jpg,0.7817583964656382,0.34062377
B2A,2cd4ca4ff7.jpg,0.868054659504652,0.3528093
B2A,2cdbb209dd.jpg,0.6960859150499166,0.50768054
B2A,2ce0a774cc.jpg,0.6259452226809293,0.5032115
B2A,2ce4fe7434.jpg,0.749570189438971,0.36919928
B2A,2ce941f6ea.jpg,0.8267079168453602,0.23936938
B2A,2cf4cac9df.jpg,0.8794993578407349,0.28279293
B2A,2cf4fcd902.jpg,0.5927871937981145,0.53005147
B2A,2cf96e5d1d.jpg,0.8428488239218498,0.23444971
B2A,2cfd8877ea.jpg,0.837966980594745,0.24113072
B2A,2d0075fb17.jpg,0.7844540794398521,0.48328543
B2A,2d16d2379d.jpg,0.9264235007007051,0.22944227
B2A,2d1fc447a1.jpg,0.6711425511887811,0.30604035
B2A,2d21050a7e.jpg,0.6893359449902766,0.59678376
B2A,2d220cb18e.jpg,0.7323928878459197,0.35593122
B2A,2d25168671.jpg,0.8568286125804242,0.36437893
B2A,2d44d8ede7.jpg,0.9013863411641445,0.3008861
B2A,2d48369700.jpg,0.6455824884625997,0.56519866
B2A,2d4e2c6a70.jpg,0.5927445158752168,0.37988293
B2A,2d4e5384ab.jpg,0.8097653521621149,0.39205503
B2A,2d5082427e.jpg,0.7892496588948643,0.39452565
B2A,2d5abca3d6.jpg,0.9015418279194924,0.2549615
B2A,2d6265411d.jpg,0.7932164671832868,0.36103463
B2A,2d637a7346.jpg,0.7157891050472978,0.27545103
B2A,2d7aba6183.jpg,0.7059956011276156,0.5059014
B2A,2d7deb9968.jpg,0.8442643284161327,0.2624381
B2A,2d903e93c5.jpg,0.7174996016826475,0.5362945
B2A,2d95ae6eb2.jpg,0.7389330214064528,0.44973612
B2A,2d9bfdb911.jpg,0.7726575222153216,0.5189716
B2A,2da40e05e0.jpg,0.7262823392663975,0.32249156
B2A,2da41f7e22.jpg,0.8779553343076687,0.32084128
B2A,2dac7d65e9.jpg,0.8326184213196144,0.32431102
B2A,2dacb0a259.jpg,0.8942218951520107,0.26019555
B2A,2daf4ce562.jpg,0.7201910229681309,0.36783567
B2A,2db034b46c.jpg,0.807690715281853,0.40855494
B2A,2db14aa0ac.jpg,0.6478749699160773,0.42169955
B2A,2db8fdcdb6.jpg,0.7994299241830546,0.2900094
B2A,2dd1d30221.jpg,0.9289981309044201,0.2015143
B2A,2dd4f95b88.jpg,0.6453558567739345,0.49535
B2A,2dd9275de3.jpg,0.8178666634391333,0.29715273
B2A,2ddc57dd19.jpg,0.8528614262448074,0.32244784
B2A,2ddd51611c.jpg,0.7006272118433501,0.611337
B2A,2dec4e77ed.jpg,0.873439516051277,0.30464357
B2A,2dec9e5cf3.jpg,0.9205295772797013,0.24067664
B2A,2dfec6a775.jpg,0.8023850132733605,0.44176984
B2A,2e00f465c3.jpg,0.5844217877235062,0.6802381
B2A,2e09380c2a.jpg,0.8519975916048416,0.3211186
B2A,2e1753ba9b.jpg,0.8907841139687951,0.43888938
B2A,2e1c6fc11b.jpg,0.6401177137732071,0.33242324
B2A,2e2e206c28.jpg,0.8475787452282375,0.5203314
B2A,2e301d7558.jpg,0.7316359921560616,0.5621738
B2A,2e517b8314.jpg,0.8363980005817242,0.2257851
B2A,2e5fbd7286.jpg,0.7606672914248422,0.2935121
B2A,2e6ec4908b.jpg,0.7424136475706307,0.3439409
B2A,2e7742679f.jpg,0.8243043441619435,0.35738057
B2A,2e78e51950.jpg,0.755146712756492,0.30860284
B2A,2e78e73bea.jpg,0.6281378873280647,0.4750239
B2A,2e7bf7b6d7.jpg,0.7059384626637002,0.418883
B2A,2e90f3f80e.jpg,0.7564492289694478,0.34875286
B2A,2eaec67b91.jpg,0.7382979355997996,0.4904186
B2A,2ec41d4134.jpg,0.8111049469468318,0.31205913
B2A,2ecf4e49d6.jpg,0.7638860892872243,0.4415825
B2A,2ee3c2e52e.jpg,0.7188044243007213,0.3797021
B2A,2ee77c2635.jpg,0.7764730292548055,0.3363629
B2A,2ef2770a26.jpg,0.6564340849237557,0.46408552
B2A,2f109a6785.jpg,0.7736257540056792,0.37827247
B2A,2f16239804.jpg,0.7482089741523955,0.27585652
B2A,2f1aabf863.jpg,0.8594745728230124,0.35417426
B2A,2f1cadb0b7.jpg,0.8084940109860632,0.42941585
B2A,2f220b23a4.jpg,0.6933495085973416,0.6307065
B2A,2f23c7dfd2.jpg,0.8349430195203079,0.27255213
B2A,2f33daf7c6.jpg,0.6640992917537349,0.34357876
B2A,2f5081e946.jpg,0.8744909351806595,0.22033009
B2A,2f8ca8f7dd.jpg,0.854001022951947,0.29445085
B2A,2f9d43719d.jpg,0.7730873186854117,0.7098335
B2A,2f9dac2cfc.jpg,0.5232776102260553,0.51726997
B2A,2fa3a1847b.jpg,0.8987407105346515,0.32849276
B2A,2fa51ca1fa.jpg,0.7048588154835923,0.34145606
B2A,2fb1aee127.jpg,0.7866529517033704,0.3101013
B2A,2fb56b3050.jpg,0.8886310210030811,0.14390641
B2A,2fb9a62d4f.jpg,0.7606286044054992,0.3084994
B2A,2fbd381154.jpg,0.6337993673295997,0.65101755
B2A,2fcca3b171.jpg,0.9206359662492505,0.24118434
B2A,2fd530981b.jpg,0.8412885208352345,0.34304148
B2A,2fde227d1f.jpg,0.6306360264913691,0.3970596
B2A,2ffdb7bb25.jpg,0.7280208184446545,0.41430756
B2A,2fffa9b80b.jpg,0.6587269911310856,0.3814557
B2A,2ffff1f4b7.jpg,0.7846098272311077,0.35235184
B2A,300bfa61ee.jpg,0.6769504748219904,0.64052093
B2A,300de48204.jpg,0.7840544307122388,0.33349627
B2A,30126b0c64.jpg,0.65727056529096,0.505476
B2A,3012de7eed.jpg,0.7587916634593033,0.44871646
B2A,3016a28e9d.jpg,0.7531774154650459,0.40993163
B2A,3023c7e91c.jpg,0.7099473202639603,0.55331737
B2A,3036b97556.jpg,0.8042495292633529,0.272656
B2A,303b61552d.jpg,0.7997435036081714,0.39445573
B2A,304070d771.jpg,0.8152159419314701,0.6425409
B2A,30466cabde.jpg,0.6555471973949676,0.36246073
B2A,3047c6263a.jpg,0.8460481600902725,0.38088995
B2A,304c2f4d34.jpg,0.7487253486838167,0.49684307
B2A,304fd99da4.jpg,0.6207772032505942,0.33942717
B2A,305e8c1906.jpg,0.8229156451634517,0.26323828
B2A,305fc59b7e.jpg,0.6563894146104547,0.63037854
B2A,306397c35a.jpg,0.7284963859482225,0.30380988
B2A,30647276ab.jpg,0.7194059184480944,0.48419166
B2A,306ebd4b5c.jpg,0.907620957920813,0.28502387
B2A,306fdd232d.jpg,0.8697497329181089,0.3811529
B2A,30704449eb.jpg,0.7721614354709199,0.35478112
B2A,3070a4c8b0.jpg,0.7009582104436117,0.4167708
B2A,30718dc781.jpg,0.9035635965124745,0.4317112
B2A,307d716b38.jpg,0.9070985692079004,0.26963824
B2A,30821a129e.jpg,0.6351238270285391,0.3543054
B2A,30c43e2fe9.jpg,0.9206198158404916,0.23972455
B2A,30ca82141f.jpg,0.7286185319198547,0.5503699
B2A,30d24dd7c8.jpg,0.7670031018099162,0.6370864
B2A,30ea353d97.jpg,0.8391994251876612,0.35886884
B2A,30ea58dabb.jpg,0.7069910504206703,0.47750977
B2A,30f4a36c95.jpg,0.8501806857615446,0.26572973
B2A,30ff35c5af.jpg,0.8490979705519841,0.32146457
B2A,3116136a42.jpg,0.77193239522861,0.28104702
B2A,312c2be90b.jpg,0.8112855202964377,0.2516538
B2A,313cd1f3e0.jpg,0.7073313880296526,0.42947692
B2A,3150771433.jpg,0.48207255887977885,0.41923004
B2A,3165c39cd3.jpg,0.7166971294463179,0.31278986
B2A,3178a6117e.jpg,0.7323806273677729,0.3818525
B2A,317b731059.jpg,0.7996236873843716,0.40670502
B2A,317ecf9e9d.jpg,0.9133429296526446,0.39429036
B2A,31819e2fb6.jpg,0.7880768999439929,0.4041192
B2A,318d2dd948.jpg,0.7896797382418957,0.40983683
B2A,319031271d.jpg,0.8184955328506995,0.33303303
B2A,319b17bbb4.jpg,0.8570834968185895,0.2651785
B2A,319b8157e2.jpg,0.8437669277197121,0.46992207
B2A,319de8a4c3.jpg,0.7824793336279896,0.5785062
B2A,31af3a1906.jpg,0.5897533401655949,0.7037312
B2A,31dd6a20fc.jpg,0.8610762785985556,0.2286544
B2A,31e3562ead.jpg,0.7931555222674198,0.35650176
B2A,31ebef8c4c.jpg,0.7177237446105071,0.6925833
B2A,31ecf73a02.jpg,0.9204869424184207,0.28992057
B2A,31fbb87d97.jpg,0.6068361073279457,0.33675203
B2A,31fdcfab86.jpg,0.8369296773150153,0.20428726
B2A,32076ecaf2.jpg,0.8286546671342694,0.28254455
B2A,3213f8108a.jpg,0.8076797654644036,0.30394012
B2A,3224e61375.jpg,0.9132962017415632,0.23722611
B2A,32277975c5.jpg,0.5361422594465443,0.43757078
B2A,3250368377.jpg,0.784346784956637,0.3124678
B2A,325120c998.jpg,0.8611138391841319,0.27697304
B2A,32639bab15.jpg,0.5409075799229485,0.4241376
B2A,3277390c9b.jpg,0.5895719416491321,0.48526525
B2A,3278d87456.jpg,0.8751536125332482,0.34191924
B2A,327bbda45b.jpg,0.8583077095878804,0.21435766
B2A,328321b466.jpg,0.8074936702911911,0.31529787
B2A,32882d9a83.jpg,0.7048119934246136,0.43110642
B2A,3291187d91.jpg,0.5581911892474524,0.43379557
B2A,32a1470651.jpg,0.8668269634035601,0.36282444
B2A,32ae69a50f.jpg,0.6369592949910531,0.53121376
B2A,32b537e6de.jpg,0.9118271580740038,0.27065518
B2A,32bb26374a.jpg,0.8404691043552891,0.40635303
B2A,32bcb20dae.jpg,0.862499401347672,0.31897688
B2A,32cb5db524.jpg,0.7377883868251544,0.35824668
B2A,32d3f34515.jpg,0.7791007307366673,0.3074994
B2A,32d98e72dd.jpg,0.6651817919060777,0.47768003
B2A,32dde12686.jpg,0.7245714286797479,0.5465456
B2A,32df0e0408.jpg,0.7882354620049986,0.22671779
B2A,32edfa9c9d.jpg,0.9117139875514204,0.20490386
B2A,32f3055dff.jpg,0.9028766326375934,0.258921
B2A,32fae726b3.jpg,0.620936888930601,0.58814675
B2A,32fdfa3c24.jpg,0.659603387162503,0.4082131
B2A,33032dc5ad.jpg,0.7712776227993232,0.43727538
B2A,33084e742e.jpg,0.685833648034836,0.38778126
B2A,330fa8a7a8.jpg,0.7457299168846765,0.5875437
B2A,3316c8daed.jpg,0.846975400936274,0.2640496
B2A,331f082a0b.jpg,0.611886370291135,0.31306535
B2A,33244a8ba9.jpg,0.7227686801953721,0.34006372
B2A,332da05c9c.jpg,0.8060554687556548,0.46098673
B2A,3335cea81d.jpg,0.6928609592541974,0.5442419
B2A,33392f6dea.jpg,0.7258362989373176,0.5485977
B2A,333b2e7121.jpg,0.9187011233913174,0.17192437
B2A,334259faa0.jpg,0.7748190395383838,0.3919869
B2A,33439a9a62.jpg,0.7847131221128251,0.5245822
B2A,335adb946b.jpg,0.8537692462674352,0.21044928
B2A,335bf2f75a.jpg,0.8866014887200482,0.38893688
B2A,335d7fa61b.jpg,0.6911762308415947,0.3840096
B2A,336e786f25.jpg,0.6659295931740402,0.30832946
B2A,337a9d7475.jpg,0.6076752787869997,0.43301284
B2A,338fec22de.jpg,0.5083712715437969,0.6089654
B2A,339d590103.jpg,0.9273625348602619,0.22695915
B2A,339db96fd4.jpg,0.6575086063690256,0.3338645
B2A,33a24fd568.jpg,0.808668640101143,0.4067734
B2A,33b29070dc.jpg,0.8276142514412937,0.35329628
B2A,33b5473fb6.jpg,0.6294047739888816,0.48845404
B2A,33bae37b7a.jpg,0.7724083426717504,0.28356454
B2A,33baf9fee5.jpg,0.7100489212024264,0.40519428
B2A,33bd2f6360.jpg,0.8721781292170496,0.24649641
B2A,33c737f426.jpg,0.8097222799668068,0.21258439
B2A,33ce5179c2.jpg,0.7518978363088087,0.25900033
B2A,33d7e16c5c.jpg,0.8360821290922285,0.22441849
B2A,33e21e0ee8.jpg,0.9466766006315473,0.22306424
B2A,33e4c897aa.jpg,0.921375117509802,0.27213395
B2A,33f2df4cbe.jpg,0.704894168767012,0.3514337
B2A,33ffdde2a0.jpg,0.7750201784335203,0.42056593
B2A,340c575487.jpg,0.7127795483800727,0.41634157
B2A,3414d1e597.jpg,0.5616047637784807,0.5330621
B2A,341acd12b6.jpg,0.8546513498812187,0.23573548
B2A,34300a53dd.jpg,0.6269873496098388,0.544236
B2A,343035e393.jpg,0.813902060952191,0.3001172
B2A,3433e1373b.jpg,0.8584953332054389,0.25982368
B2A,3434712cc3.jpg,0.8780713827438779,0.2976319
B2A,34380cf889.jpg,0.7598833839411352,0.48208094
B2A,343e090a43.jpg,0.7766048565766124,0.3726404
B2A,343fa4c0eb.jpg,0.8299427852558318,0.3443797
B2A,3447169f2b.jpg,0.5035466640463219,0.599748
B2A,344cac7fe0.jpg,0.7135666734251114,0.34194785
B2A,345ee88105.jpg,0.6769957685632556,0.19386633
B2A,346579c393.jpg,0.6215547706169149,0.31982946
B2A,346a66651d.jpg,0.7201941070438262,0.34248957
B2A,347519baef.jpg,0.7796633172323485,0.43737972
B2A,347a1a864e.jpg,0.9357153014999303,0.21503502
B2A,3480de8e9c.jpg,0.7665764078785925,0.33460963
B2A,3482a0b159.jpg,0.8411540625106544,0.4759971
B2A,34840c34c1.jpg,0.8278508767082384,0.2397717
B2A,348e12ab8b.jpg,0.8571219028061587,0.33525482
B2A,3493315b15.jpg,0.8083238425253172,0.30512947
B2A,34961a9ee6.jpg,0.8301496227840135,0.32838693
B2A,349afdf79d.jpg,0.8325598446499247,0.33537367
B2A,349eab5771.jpg,0.8562625125518236,0.29070544
B2A,34a0d6d394.jpg,0.7798259476299958,0.2943173
B2A,34a5e6c55b.jpg,0.6773900059805151,0.59976655
B2A,34a9eba898.jpg,0.7525353782994324,0.51166195
B2A,34b514be69.jpg,0.7442567956041113,0.41061515
B2A,34b51c7261.jpg,0.7209441858118217,0.5054705
B2A,34c5f04545.jpg,0.7135657973250779,0.48704752
B2A,34cbab9a5d.jpg,0.8214849682026318,0.3795368
B2A,34cf1b263e.jpg,0.8273398797950302,0.3548557
B2A,34daf62663.jpg,0.7981175070813726,0.38017938
B2A,34e314407f.jpg,0.906763544774285,0.2514945
B2A,34e66708aa.jpg,0.6706681414722888,0.36259046
B2A,34e95595ce.jpg,0.8629336798495967,0.3351888
B2A,34eac9ab64.jpg,0.7646580121201864,0.36176664
B2A,34f4d5c9d4.jpg,0.7091549117557995,0.3773164
B2A,34fb6596e1.jpg,0.8094342710331338,0.45607287
B2A,34fe687882.jpg,0.7897927172906579,0.28305697
B2A,350b5ebef7.jpg,0.8592243663201682,0.2484447
B2A,350d2a84d5.jpg,0.7359668125503894,0.46291506
B2A,351e2041bb.jpg,0.883385785395946,0.2683364
B2A,3528e213a3.jpg,0.6085557367418879,0.59982973
B2A,352c83ab74.jpg,0.9226460935345377,0.21789606
B2A,352e273208.jpg,0.8492874930454724,0.25426385
B2A,35395df60a.jpg,0.8796962433532675,0.2234046
B2A,353a61be7f.jpg,0.7771068840467901,0.2384164
B2A,353dedb268.jpg,0.839959721471952,0.3252289
B2A,353e6a68f4.jpg,0.7304055264130366,0.42625874
B2A,355475c717.jpg,0.8276432192219985,0.2623322
B2A,355c86cd3d.jpg,0.6778367193992808,0.50936794
B2A,356a62efca.jpg,0.7486490812086697,0.40698284
B2A,356caca006.jpg,0.736047097775081,0.3392338
B2A,358670e605.jpg,0.8970609645100959,0.3959123
B2A,358b265ed6.jpg,0.773800088841646,0.46711034
B2A,35945cd71c.jpg,0.7893115662916841,0.34218547
B2A,359495f7a4.jpg,0.7361245162327155,0.39554745
B2A,35961ab226.jpg,0.8402344395322755,0.34376225
B2A,3596426373.jpg,0.6658915646554497,0.48800564
B2A,359b6a2430.jpg,0.8858817795404199,0.34276167
B2A,35b0c24b22.jpg,0.8727122476027064,0.22056365
B2A,35dd92bfb3.jpg,0.8390256410132568,0.38668764
B2A,35e792eb1a.jpg,0.7291784494913917,0.26359138
B2A,35e7c9ec58.jpg,0.8366101452081144,0.3821401
B2A,35ed01ca2e.jpg,0.8971500976310554,0.24562025
B2A,35ed52c72f.jpg,0.7290614474190555,0.38784656
B2A,35fab228d4.jpg,0.8626194502997105,0.28558993
B2A,36000244a2.jpg,0.7653264242047992,0.34379894
B2A,3608d6b3ac.jpg,0.8639291496668154,0.3694055
B2A,360a1c7c80.jpg,0.8083897791388209,0.44844294
B2A,361f298a02.jpg,0.6160573239528531,0.41197038
B2A,3621a894db.jpg,0.8413482020008859,0.34866232
B2A,362204f307.jpg,0.8158184975731588,0.3067731
B2A,362511599b.jpg,0.7858775672114016,0.3441636
B2A,36261d4302.jpg,0.728901398972808,0.41055402
B2A,3632f44a7c.jpg,0.6697691229874054,0.38573197
B2A,3648d77005.jpg,0.5805668890426979,0.4481759
B2A,3656053e31.jpg,0.6794197868840106,0.43843654
B2A,3657ef6b24.jpg,0.8231626889334263,0.32990065
B2A,368b9526b7.jpg,0.7801574184592283,0.26860425
B2A,368ee43922.jpg,0.8976484234941589,0.15518335
B2A,3691380fa5.jpg,0.8598045589950337,0.18187153
B2A,3695170ba2.jpg,0.8636069042608011,0.44771832
B2A,369897af38.jpg,0.8519893969277452,0.36563498
B2A,36a77b49fe.jpg,0.8279390078131805,0.32793275
B2A,36a93aa776.jpg,0.7564580972622756,0.2376225
B2A,36a9509d21.jpg,0.7209190694025315,0.3454767
B2A,36ad6eb2d8.jpg,0.7732104271718637,0.29857478
B2A,36b37b892a.jpg,0.7944496655786258,0.39131758
B2A,36bafe2801.jpg,0.6288016795224217,0.5122425
B2A,36bcc9afa9.jpg,0.9349497309131151,0.2938148
B2A,36d67864d9.jpg,0.7780420009771508,0.42863384
B2A,36d957036d.jpg,0.702136585151882,0.25784093
B2A,36daf4d43d.jpg,0.8673409836141601,0.4455766
B2A,36e4004846.jpg,0.8370836374827202,0.30806535
B2A,36eb013265.jpg,0.8734973464698238,0.20457415
B2A,36eccca3ab.jpg,0.785328613764667,0.276122
B2A,36f18cca17.jpg,0.9131749822190351,0.23788399
B2A,36f6aeb966.jpg,0.84286774488593,0.34014437
B2A,37075ca2ee.jpg,0.8044584655827871,0.39035824
B2A,371c59835b.jpg,0.8445522453935664,0.32197288
B2A,371f2829aa.jpg,0.5666639998245621,0.59629387
B2A,372d828feb.jpg,0.6766708669665646,0.5925954
B2A,372dc58821.jpg,0.6346253487522737,0.4567292
B2A,37322d9ff2.jpg,0.8523618211636297,0.23545082
B2A,3744adb842.jpg,0.7713884496829917,0.35739723
B2A,374d5245d4.jpg,0.7360370489796388,0.31684053
B2A,3751b9831c.jpg,0.792001595945207,0.2742779
B2A,376073b21e.jpg,0.7851956429440947,0.31646672
B2A,376ddd69e6.jpg,0.6852209844664799,0.62365973
B2A,376f1b5edb.jpg,0.722320186167015,0.3236788
B2A,377329db11.jpg,0.6279863242397165,0.36923668
B2A,3778fecb0c.jpg,0.9039779131458254,0.2425871
B2A,3789eceb0c.jpg,0.8714276508540529,0.14993374
B2A,37911bdb2c.jpg,0.8866093781932416,0.24156997
B2A,37917ad369.jpg,0.8066010093441308,0.3147934
B2A,37928f6999.jpg,0.8788293125412419,0.38194096
B2A,379b25d4d3.jpg,0.652150436511406,0.48083907
B2A,37a5918d6f.jpg,0.730389070285167,0.25892192
B2A,37a90c2b86.jpg,0.7823923125103334,0.44636574
B2A,37aabb8541.jpg,0.8383665956468644,0.3142208
B2A,37b12b7bc9.jpg,0.7654853075079024,0.45468587
B2A,37b740d8f8.jpg,0.7539460125802393,0.42974654
B2A,37c5732454.jpg,0.7955334860327643,0.31108785
B2A,37c6dc5971.jpg,0.7528382573058807,0.5216907
B2A,37cc9acfc2.jpg,0.8928506674299745,0.34830326
B2A,37cfa76bf2.jpg,0.8506406184938404,0.2412472
B2A,37d0b619d1.jpg,0.6163214429917457,0.38709572
B2A,37d3e79b71.jpg,0.7811219791086376,0.28735715
B2A,37df208f9f.jpg,0.7536058907029277,0.60187316
B2A,37eb07f626.jpg,0.9276862570472308,0.1967728
B2A,37f738e7bc.jpg,0.797091925885233,0.29700807
B2A,37fba790de.jpg,0.9175929664523491,0.20078373
B2A,38062f7d79.jpg,0.6353616292647043,0.5981362
B2A,38070f5dbb.jpg,0.7531159016215714,0.473516
B2A,38086cf21f.jpg,0.869216485303651,0.38309205
B2A,381267e62a.jpg,0.7154776212537624,0.38749903
B2A,381280b99b.jpg,0.8462540505865312,0.40031686
B2A,381d086c95.jpg,0.7962905025332028,0.3439197
B2A,3820d34bd5.jpg,0.8234111703592589,0.41838482
B2A,3833afaa5a.jpg,0.8168094176093484,0.2832161
B2A,383bfdbd98.jpg,0.7326764277829327,0.3954758
B2A,3842636752.jpg,0.819420682897207,0.55407125
B2A,385d53e164.jpg,0.6774091489004104,0.6939629
B2A,385f8eb28d.jpg,0.5766685412582315,0.40814823
B2A,3860dba6e7.jpg,0.8476818359530854,0.25890768
B2A,38629959ac.jpg,0.8690851406727363,0.4510191
B2A,3865b242b9.jpg,0.811416563303495,0.17749545
B2A,38662909dd.jpg,0.603881079513389,0.5057778
B2A,38684f015e.jpg,0.8877827171906063,0.480064
B2A,386a3c0897.jpg,0.6356087284584045,0.6134254
B2A,3876bbbae0.jpg,0.8075044826953877,0.3617309
B2A,3886187ed1.jpg,0.7389398002400235,0.43305326
B2A,3891ee053e.jpg,0.8577141827095094,0.33545333
B2A,38992f60c4.jpg,0.8150264552627716,0.32386762
B2A,38993b35f9.jpg,0.8460615783676473,0.23595509
B2A,389acc824c.jpg,0.7230735925239113,0.53504264
B2A,389cbe6e1a.jpg,0.8967893733599467,0.28097308
B2A,38bb0ec345.jpg,0.7044083837583245,0.36833423
B2A,38c6532fe1.jpg,0.7568064849081235,0.3470659
B2A,38c88ad59d.jpg,0.8936383418507416,0.27939722
B2A,38cb53af79.jpg,0.8589930931032651,0.2402479
B2A,38d00950b6.jpg,0.6307133595395867,0.42312592
B2A,38d0de69d8.jpg,0.8194627245006518,0.37072057
B2A,38d5379f18.jpg,0.8359689847323155,0.4429354
B2A,38d71d4dfe.jpg,0.7033007965505845,0.5802765
B2A,38d9042083.jpg,0.8071341640167732,0.18803382
B2A,38deab6c01.jpg,0.7914290274943354,0.4145318
B2A,38dfbc95b7.jpg,0.6684224801786728,0.51114786
B2A,38ebf8fc82.jpg,0.692036603467063,0.4437296
B2A,38f185baa6.jpg,0.8582254910642598,0.34369364
B2A,390f3f16d6.jpg,0.7795234702727608,0.5054143
B2A,3915c24d8d.jpg,0.6825943705603642,0.51587325
B2A,3916d76a57.jpg,0.753444800413241,0.465066
B2A,392c032d0e.jpg,0.8493429525661286,0.29248786
B2A,3941a52677.jpg,0.8629103490883563,0.15266542
B2A,394a38353e.jpg,0.7608902362546404,0.506377
B2A,39545bce2e.jpg,0.892454496152266,0.35498804
B2A,396b917aad.jpg,0.7981573303606615,0.38157812
B2A,39780192ea.jpg,0.6986289990650009,0.37222037
B2A,398849f59d.jpg,0.8705252138316917,0.3169346
B2A,39b7d694de.jpg,0.6703728641588228,0.4190454
B2A,39c1270676.jpg,0.7995057858449464,0.36153772
B2A,39db6bdbbe.jpg,0.7279492391216789,0.5166584
B2A,39ff1e8568.jpg,0.7091354454674764,0.29245085
B2A,3a0046ee0d.jpg,0.6960933441241918,0.40468022
B2A,3a00c416f6.jpg,0.7781130278910914,0.34265453
B2A,3a2f29ea97.jpg,0.8237126784006636,0.3384666
B2A,3a36ff8b4b.jpg,0.8055075098350387,0.38302004
B2A,3a423d3645.jpg,0.8659722683817893,0.4389885
B2A,3a4414aa6b.jpg,0.5912987610043888,0.5268086
B2A,3a582c9914.jpg,0.789922955411579,0.30077547
B2A,3a5b6e28e0.jpg,0.8748645290344766,0.34991562
B2A,3a5c7e707a.jpg,0.6551352228495508,0.46652442
B2A,3a747d8723.jpg,0.8335063800308694,0.29456234
B2A,3a7a0992dd.jpg,0.8230361112556962,0.4226886
B2A,3a82bd4f2a.jpg,0.66914093091064,0.49161988
B2A,3a872d9357.jpg,0.7946995205598667,0.45269364
B2A,3a91a66bdd.jpg,0.8675586220459137,0.2997176
B2A,3a9483311f.jpg,0.7578586426884694,0.45808327
B2A,3a9d528df2.jpg,0.6241917948110485,0.5433822
B2A,3ab31603e2.jpg,0.7325893918212331,0.38387072
B2A,3abca1ec15.jpg,0.7309045223557993,0.25418434
B2A,3ac5c5efeb.jpg,0.796464908892623,0.5664814
B2A,3acafb52ae.jpg,0.7976642702847334,0.1857804
B2A,3ad0aa389f.jpg,0.7875771486031412,0.5281679
B2A,3ade5505ba.jpg,0.7206930274408272,0.39759097
B2A,3adf6a85e3.jpg,0.7724048269960395,0.20810086
B2A,3af0aaf3ee.jpg,0.7182628203531695,0.49869704
B2A,3af3151f7f.jpg,0.8293342799601257,0.32593963
B2A,3afa5083c1.jpg,0.7182408122203399,0.35949993
B2A,3b047fc766.jpg,0.557715944315189,0.6310109
B2A,3b20ee7aa5.jpg,0.896147127635421,0.29650283
B2A,3b28c6b97b.jpg,0.8240007591822632,0.25396034
B2A,3b312d0ac5.jpg,0.8096244046888845,0.33391818
B2A,3b368db4be.jpg,0.8628841431375519,0.34843394
B2A,3b3f9ecd9d.jpg,0.9247169725703333,0.15482017
B2A,3b3fd02a40.jpg,0.8032738133762627,0.3869715
B2A,3b465f08bf.jpg,0.8202185182270535,0.3599826
B2A,3b4b485df5.jpg,0.7897093646512848,0.3787712
B2A,3b4e045bb7.jpg,0.6381732499699602,0.5324458
B2A,3b57973eb2.jpg,0.8138210229092614,0.34103954
B2A,3b5d843f5a.jpg,0.7474582868943657,0.41741633
B2A,3b64a40750.jpg,0.6329683300337677,0.2898792
B2A,3b6a39a00d.jpg,0.6971360133833546,0.4870686
B2A,3b6c01176c.jpg,0.7190470985873864,0.36065072
B2A,3b71b87d37.jpg,0.8381207817234146,0.245976
B2A,3b76682887.jpg,0.7206258078413197,0.40189394
B2A,3b855caae4.jpg,0.7897815512838701,0.35705873
B2A,3bae3d1712.jpg,0.8247663428020796,0.17763838
B2A,3bc75876be.jpg,0.8205269769590402,0.17337508
B2A,3bcafe027c.jpg,0.8725950285368651,0.26801485
B2A,3bcc67701d.jpg,0.6500520581835755,0.47819325
B2A,3bd85aead5.jpg,0.7882572386723476,0.35984153
B2A,3bd8747102.jpg,0.8674362555044832,0.40816385
B2A,3bd9ddc108.jpg,0.8135870865787558,0.25729924
B2A,3be1aea5fc.jpg,0.8935015855335499,0.23498726
B2A,3bed43f9f6.jpg,0.7518615029338586,0.54544735
B2A,3bf9ac1eb3.jpg,0.6901502267032985,0.29733104
B2A,3bff224652.jpg,0.8085418738084919,0.34298754
B2A,3c048f020d.jpg,0.6400667413186863,0.40951854
B2A,3c07362391.jpg,0.7305481533408059,0.3718676
B2A,3c1963d1f8.jpg,0.7604030294981613,0.26834428
B2A,3c21346fb9.jpg,0.8270072048538476,0.5624578
B2A,3c327deaca.jpg,0.749341160259658,0.40994865
B2A,3c3c78be02.jpg,0.7889633183453033,0.24122316
B2A,3c4406fa5a.jpg,0.714510696523225,0.5265827
B2A,3c52316f14.jpg,0.5397406290031752,0.66532296
B2A,3c53ee8af8.jpg,0.8999760048912321,0.33264053
B2A,3c5cdd7090.jpg,0.7696462091379752,0.57749194
B2A,3c5e76d1e3.jpg,0.8546701099067482,0.3352325
B2A,3c65d848ee.jpg,0.8679671645000854,0.23231466
B2A,3c6fe5de40.jpg,0.6913950863862096,0.44142935
B2A,3c72375e57.jpg,0.8062335812265833,0.4028237
B2A,3c7383e41b.jpg,0.6543515504798094,0.33440307
B2A,3c750a98db.jpg,0.7361914086431864,0.37308758
B2A,3c7a019967.jpg,0.8170666119276413,0.19088796
B2A,3c840700fc.jpg,0.9019016438286171,0.20663722
B2A,3c8591595d.jpg,0.9081164587392675,0.36763126
B2A,3c8d055dde.jpg,0.807076894190962,0.32835874
B2A,3c8de7efcc.jpg,0.7131526480615942,0.4145637
B2A,3c92f9da89.jpg,0.774886148206829,0.48220742
B2A,3ca88b5bae.jpg,0.7667557593836399,0.2790289
B2A,3caa03fcca.jpg,0.73586051465543,0.37517205
B2A,3cc4339658.jpg,0.854935079816559,0.27989528
B2A,3cc6896a14.jpg,0.7994194557184225,0.52793396
B2A,3cc973e9c6.jpg,0.6897581131505882,0.45468956
B2A,3cca867846.jpg,0.8387072519263024,0.3291944
B2A,3ccbf381cc.jpg,0.7790842953570671,0.3711547
B2A,3cd0ce8fcd.jpg,0.8339112360339078,0.24624547
B2A,3cd43a2690.jpg,0.8294436088831404,0.27426353
B2A,3cdbcd6c29.jpg,0.7532020385340367,0.4415472
B2A,3ce8fe7b80.jpg,0.8615195704953128,0.44968894
B2A,3cf977901c.jpg,0.5913591130660968,0.59814227
B2A,3cff22e3c9.jpg,0.7745252739334821,0.2919054
B2A,3d038050b2.jpg,0.5108970597481814,0.5435609
B2A,3d0982bebb.jpg,0.8909710575436397,0.42732412
B2A,3d0e0ead31.jpg,0.8147903034049081,0.39372814
B2A,3d14523c1f.jpg,0.78576321653345,0.63320786
B2A,3d165d2aad.jpg,0.8912948427922388,0.413102
B2A,3d204371c7.jpg,0.8986309999415506,0.24881858
B2A,3d29c7439f.jpg,0.5500457767398568,0.49382275
B2A,3d2c394405.jpg,0.6275780503329002,0.49993002
B2A,3d3b9f4ba1.jpg,0.8147214725374414,0.386015
B2A,3d69e148e8.jpg,0.6980741385149349,0.27221978
B2A,3d6b2aa9d4.jpg,0.9034148889703411,0.29344743
B2A,3d6ef1f43d.jpg,0.6560760858531074,0.57361346
B2A,3d70ef0d7c.jpg,0.6789240063613647,0.538471
B2A,3d71b5934b.jpg,0.7701610775267133,0.3079793
B2A,3d8835b84d.jpg,0.7637207245168308,0.24786016
B2A,3d89a7a1c4.jpg,0.7629792207404408,0.32661486
B2A,3d89fa1a08.jpg,0.7843216042471594,0.26538372
B2A,3d8fd794f8.jpg,0.7165200650234305,0.28606662
B2A,3d961be033.jpg,0.7061195603564321,0.2795497
B2A,3da4c699b8.jpg,0.7181921489931049,0.4372108
B2A,3db43d9a04.jpg,0.4837383030738466,0.4923779
B2A,3db8bf2299.jpg,0.8490105614252862,0.27040744
B2A,3dc62c7550.jpg,0.8150393258900571,0.35533798
B2A,3dc69fb234.jpg,0.7625469647590116,0.36014497
B2A,3dcb9f50ff.jpg,0.6982449343580032,0.2537587
B2A,3dcdf82bcd.jpg,0.7314033237881122,0.4396308
B2A,3dcf18bba9.jpg,0.90409685048648,0.2110317
B2A,3dd2d3096b.jpg,0.7557462950944047,0.40081
B2A,3de3c8151d.jpg,0.6012157576580737,0.530272
B2A,3dfd77c751.jpg,0.8989045233444978,0.28887194
B2A,3e0479c7a4.jpg,0.4930648578364598,0.5067278
B2A,3e097a4c02.jpg,0.8393993625761079,0.24053389
B2A,3e1cd24e83.jpg,0.7138081887266227,0.39039898
B2A,3e1dfc9dc0.jpg,0.7544442297283513,0.41000137
B2A,3e2d480716.jpg,0.5912667852051077,0.50683427
B2A,3e31646935.jpg,0.7908799497930213,0.2217733
B2A,3e3b342a95.jpg,0.7640881040616601,0.39383718
B2A,3e4c86049d.jpg,0.9093057882800331,0.19576137
B2A,3e4e2f5b6e.jpg,0.7695106793360617,0.5140493
B2A,3e4edba19d.jpg,0.7330489428241462,0.36629918
B2A,3e60c7241a.jpg,0.889475288155361,0.30518994
B2A,3e780ed289.jpg,0.8735776728227128,0.27328348
B2A,3e806e2a4a.jpg,0.8461967210803436,0.33765817
B2A,3e9809b35e.jpg,0.7957546125781476,0.38944435
B2A,3ea3ae5954.jpg,0.6098281452594247,0.5314132
B2A,3ea96d7fbd.jpg,0.7301318602525176,0.63517976
B2A,3eaa214d3d.jpg,0.7542730168668247,0.32416075
B2A,3eab0e9d77.jpg,0.6984883790602928,0.43551028
B2A,3eb7c094c0.jpg,0.8411197185126071,0.36302724
B2A,3ebc8a4013.jpg,0.8488846964598398,0.24683431
B2A,3ec2bb5a0c.jpg,0.9117752274739497,0.23861074
B2A,3ec4f57f74.jpg,0.8562465439255063,0.20384021
B2A,3ecedf69d8.jpg,0.7188940541401591,0.45904437
B2A,3ed12a78ce.jpg,0.8366054544480108,0.4189794
B2A,3edae2ef79.jpg,0.7186005572367602,0.4320445
B2A,3edc9197e7.jpg,0.8476631512631396,0.27106553
B2A,3ee4497b2e.jpg,0.7360434910193454,0.26067743
B2A,3ee7eb408c.jpg,0.6923199104187446,0.23697527
B2A,3f0362f12d.jpg,0.791355671621955,0.33677307
B2A,3f0738d8dc.jpg,0.8282399094859196,0.42472506
B2A,3f0a7330bd.jpg,0.7894581644852321,0.30834302
B2A,3f1191a447.jpg,0.786428914416609,0.28513208
B2A,3f1942ac5e.jpg,0.7527714109296796,0.15555915
B2A,3f220a6caa.jpg,0.8509488866882337,0.2706315
B2A,3f28319f81.jpg,0.7481535479787959,0.596121
B2A,3f2a4b6406.jpg,0.6076567419012631,0.64056295
B2A,3f3e610d58.jpg,0.8549509044418719,0.22017813
B2A,3f53c08114.jpg,0.7445205748727554,0.537808
B2A,3f5bc8d85c.jpg,0.8594102864882812,0.27283642
B2A,3f615bc675.jpg,0.8027754576944774,0.4650929
B2A,3f6489dfa3.jpg,0.7872844229949713,0.37358877
B2A,3f6e1ac2ae.jpg,0.8886164409556999,0.35686982
B2A,3f70cec894.jpg,0.7711418720089314,0.28950757
B2A,3f7dc6a469.jpg,0.746330119780419,0.30879936
B2A,3f844f5b59.jpg,0.8721509430653025,0.19576132
B2A,3f8fd85f1c.jpg,0.7776874922970328,0.32668036
B2A,3f91546f37.jpg,0.8245130748153972,0.44320944
B2A,3f97bcc230.jpg,0.7862945762324444,0.27699643
B2A,3f9d9b6972.jpg,0.8132949499467751,0.19140847
B2A,3fa1aa1d56.jpg,0.7744552442023986,0.3656776
B2A,3fa61d1b59.jpg,0.7948892405529848,0.31462076
B2A,3fa89cdb0f.jpg,0.8237662827424332,0.3485785
B2A,3facf2de42.jpg,0.8911721295559547,0.35150993
B2A,3fc01a1f5a.jpg,0.8451574169594929,0.30800575
B2A,3fc29d7b01.jpg,0.7235006720508564,0.38222682
B2A,3fcabb43e0.jpg,0.8982086133792379,0.27496204
B2A,3fce3b2092.jpg,0.8048278699578448,0.42452744
B2A,3fd5f45733.jpg,0.5620024343298388,0.24662358
B2A,3fe71e2f91.jpg,0.8888679191864188,0.25606632
B2A,3ff9d14627.jpg,0.7642155770748746,0.5724669
B2A,3ffcf75444.jpg,0.7698933492640628,0.47767872
B2A,4006643077.jpg,0.6245998456410871,0.4039508
B2A,400dd42483.jpg,0.7940877506171077,0.32382405
B2A,401c79161f.jpg,0.9181511546930996,0.21019547
B2A,402358e99c.jpg,0.7552157279492531,0.3199278
B2A,402da39edd.jpg,0.6878456364426945,0.43537104
B2A,4033c4fd83.jpg,0.8548069412433335,0.25869045
B2A,4035bcf4c5.jpg,0.8449735830251895,0.23005745
B2A,40365d3029.jpg,0.747779651742531,0.44319123
B2A,403a9eb385.jpg,0.8680768513453024,0.21818666
B2A,4044bcfa56.jpg,0.664438314096785,0.5447504
B2A,40454944a3.jpg,0.8600300373582546,0.25920504
B2A,4051c9b480.jpg,0.7301438483559352,0.33502677
B2A,405d277475.jpg,0.8167981299433036,0.32804373
B2A,40634ec806.jpg,0.7448354950248308,0.42781174
B2A,4069034d1b.jpg,0.7145257521196295,0.3919363
B2A,4069c14970.jpg,0.6718981058527074,0.557372
B2A,4069eee71a.jpg,0.5923950177140687,0.45827934
B2A,406f7f455a.jpg,0.8946887297193026,0.29217818
B2A,40773a3569.jpg,0.7091748666782087,0.6519665
B2A,407ded2317.jpg,0.8810196695133964,0.28688508
B2A,408a7ed2d4.jpg,0.6417410214403005,0.6060262
B2A,408ae2c4d3.jpg,0.8871187121443438,0.33975062
B2A,408c4b86d7.jpg,0.7842280623738446,0.29222402
B2A,409f830e91.jpg,0.7420863191009281,0.53509295
B2A,40a2829478.jpg,0.8145467278982106,0.5626119
B2A,40abbf6272.jpg,0.7152609736651615,0.4706243
B2A,40b341cce7.jpg,0.8821014595793388,0.410802
B2A,40b814831c.jpg,0.7839344263834979,0.26175556
B2A,40ba4c1ee0.jpg,0.7442292978136814,0.24476862
B2A,40cd40f4ce.jpg,0.6080526477285224,0.41110933
B2A,40d46c10bd.jpg,0.6232401618820607,0.5941504
B2A,40d6a5963b.jpg,0.6704812535659167,0.47586256
B2A,40dbef5e74.jpg,0.872743091496865,0.2627216
B2A,40e2fb2f62.jpg,0.9083587107196773,0.19236457
B2A,410a15d160.jpg,0.7180006959877306,0.40299025
B2A,410c1279f0.jpg,0.7821621809118964,0.29771164
B2A,410f1753ab.jpg,0.7883260796734014,0.27091125
B2A,4113173d13.jpg,0.6223033595059562,0.47843683
B2A,411424ff38.jpg,0.8736320402989847,0.24076772
B2A,4115b492be.jpg,0.6450606312731886,0.4861231
B2A,411728406b.jpg,0.6726730375193014,0.49774083
B2A,411cbac479.jpg,0.8470261463217725,0.30403805
B2A,41316be2ab.jpg,0.8544854858424761,0.2090134
B2A,4134a75abc.jpg,0.816101589088407,0.22353278
B2A,413aa936b2.jpg,0.47610763056529076,0.50835854
B2A,414a144db4.jpg,0.7412232331249321,0.32528543
B2A,4151207d56.jpg,0.5514583386225984,0.5629487
B2A,415a165321.jpg,0.8169913459219291,0.26465172
B2A,4166c63775.jpg,0.7341138010317475,0.34093872
B2A,416e06ae04.jpg,0.7200950229731363,0.34163916
B2A,416e954665.jpg,0.8263021572681817,0.29915643
B2A,416fcde5d2.jpg,0.8345677914478878,0.24483484
B2A,4170ddf51d.jpg,0.7815249667228232,0.37297952
B2A,417769579b.jpg,0.8575122940386556,0.276375
B2A,417c141022.jpg,0.7987436060719025,0.41134065
B2A,417f9dbce5.jpg,0.8424356238595943,0.35470617
B2A,4185e8411e.jpg,0.7837057323169475,0.45932353
B2A,418d1c582c.jpg,0.8010108292605918,0.458889
B2A,419385f134.jpg,0.7526096161243858,0.55073303
B2A,4197e5cf91.jpg,0.6429310415950765,0.6783171
B2A,419c88186c.jpg,0.9007982088558256,0.19932573
B2A,41a0c9b77b.jpg,0.8460519995909243,0.23726623
B2A,41a6a58a06.jpg,0.9093668337922758,0.2576981
B2A,41aab05613.jpg,0.881217068251861,0.21012774
B2A,41c988e839.jpg,0.5102181086722232,0.7085506
B2A,41ca266a6d.jpg,0.7752175684600563,0.3275402
B2A,41d6d46378.jpg,0.855550780116303,0.3501835
B2A,41da9742ed.jpg,0.6983014494298657,0.5481557
B2A,41df7d5e43.jpg,0.8326749007536868,0.2981845
B2A,41ec0c9e94.jpg,0.9299318110838447,0.22026394
B2A,41ed759f87.jpg,0.9104055034999368,0.23155059
B2A,41f062b74b.jpg,0.6419241040737772,0.6538442
B2A,41f4b96cdd.jpg,0.546029367535908,0.39908898
B2A,420386aab6.jpg,0.8204251358605915,0.33924735
B2A,421cf4d925.jpg,0.883660642965097,0.13925101
B2A,4234c4fa4a.jpg,0.8416857499488734,0.37330735
B2A,4246be6f2b.jpg,0.6836736057309952,0.52613705
B2A,4252a6b79d.jpg,0.8828294957905813,0.38026977
B2A,4255eb0cb0.jpg,0.7838751718795158,0.44404584
B2A,4262ee33cf.jpg,0.7395685698050104,0.50590056
B2A,4263de0622.jpg,0.8237962925266985,0.26319754
B2A,42703f8185.jpg,0.8295196013214099,0.3337636
B2A,428066cbb6.jpg,0.8525768949023476,0.31918025
B2A,428516308c.jpg,0.8333805427450195,0.31183743
B2A,428cfa30a0.jpg,0.6406970479585995,0.624231
B2A,42a17f2513.jpg,0.8308638178017963,0.38905358
B2A,42a2c9c2a9.jpg,0.6486744547072437,0.46501923
B2A,42a90ee8fd.jpg,0.6878266242647855,0.36544475
B2A,42b38b3ecf.jpg,0.7560174030341772,0.26910084
B2A,42b7ed6caf.jpg,0.6896174744488194,0.41982034
B2A,42b9334189.jpg,0.7578955265151477,0.34621847
B2A,42d09ebeef.jpg,0.7089250661852167,0.47502533
B2A,42d7e15840.jpg,0.8389668875255467,0.3716026
B2A,42d95f5656.jpg,0.6299061998430868,0.5709791
B2A,42d9791966.jpg,0.7927279388032532,0.42437842
B2A,42db3f6bfb.jpg,0.672519444271553,0.32165295
B2A,42e33a0f4e.jpg,0.8396345141803302,0.35075706
B2A,42e6bc6527.jpg,0.8586489904279714,0.2292009
B2A,42f2c8badb.jpg,0.9244443873634821,0.3177278
B2A,42f67a0c9b.jpg,0.7976466882356454,0.34032607
B2A,430365e84b.jpg,0.8068565524432694,0.34670818
B2A,4308c43102.jpg,0.8607902915766272,0.27421978
B2A,4325d69fe4.jpg,0.7262940546276236,0.29186824
B2A,4327a26f90.jpg,0.8246383891403911,0.29926634
B2A,432c4949ea.jpg,0.773670641028163,0.36647326
B2A,432c77e7ff.jpg,0.9234646832301646,0.26969266
B2A,433f72e01b.jpg,0.6243929830625721,0.41438589
B2A,43425f75c3.jpg,0.7254820856690813,0.43555528
B2A,4346c649be.jpg,0.7788869722814888,0.37771398
B2A,43519ebdda.jpg,0.8310479664139713,0.23717219
B2A,436544ba60.jpg,0.7878999220669494,0.316873
B2A,436738950d.jpg,0.8720239805916012,0.2596426
B2A,4367fc0915.jpg,0.6219146529490079,0.6659785
B2A,437bce391c.jpg,0.7372479750602581,0.44782946
B2A,437d311cfe.jpg,0.6828596320717216,0.40735918
B2A,439be152be.jpg,0.7695325596672503,0.43442634
B2A,43a246cd29.jpg,0.9036217032341206,0.22324526
B2A,43a3471132.jpg,0.7176696877852855,0.3187928
B2A,43a5271014.jpg,0.8183362312201871,0.34773493
B2A,43b2557047.jpg,0.8335710330330016,0.3644349
B2A,43b5bdf41c.jpg,0.8358054813497315,0.2270529
B2A,43b6f98955.jpg,0.827671625863119,0.50326955
B2A,43bcfa7f99.jpg,0.675840714509786,0.4183626
B2A,43be6f2003.jpg,0.7711778916316178,0.5021226
B2A,43be7d5231.jpg,0.8629592874053559,0.46311814
B2A,43d6edb617.jpg,0.8472715683083504,0.22621556
B2A,43d7a934de.jpg,0.8306522846772946,0.24338712
B2A,43db8e440e.jpg,0.742586539601092,0.39917013
B2A,43dbb8ae62.jpg,0.8620734510916592,0.22086158
B2A,43e7f05c27.jpg,0.5411338693161003,0.68596226
B2A,43ecb78f04.jpg,0.7080673808300272,0.52334183
B2A,43ef5533dd.jpg,0.7907949300805698,0.29977793
B2A,43f3d41042.jpg,0.8674153987985859,0.24435318
B2A,441ba0764f.jpg,0.8470563081592188,0.26727596
B2A,442465d291.jpg,0.6199660721616148,0.53010404
B2A,44263e569e.jpg,0.8042103244547312,0.4970339
B2A,442e55394f.jpg,0.8334209408601054,0.25166684
B2A,443367c605.jpg,0.7742023676294794,0.23730369
B2A,443cfcaf19.jpg,0.7273026031824317,0.54472905
B2A,444ea6a3df.jpg,0.8831613264465447,0.24931097
B2A,445c9de4ae.jpg,0.6875660288441285,0.49398068
B2A,44643764ef.jpg,0.6127771344546985,0.39269805
B2A,4473598289.jpg,0.7876708056481794,0.30815995
B2A,447a64dc90.jpg,0.8752864503725741,0.34976444
B2A,447ceb7434.jpg,0.8457317287251899,0.29751965
B2A,44811f744f.jpg,0.8356862073750031,0.29505473
B2A,44838c4894.jpg,0.5999881500634153,0.64537597
B2A,44852d6fd3.jpg,0.7776843099609654,0.43069217
B2A,4494dace12.jpg,0.8470251614745372,0.3645753
B2A,449d31ec71.jpg,0.8120935441109642,0.37824273
B2A,449ffd7d0e.jpg,0.83065904489073,0.2644265
B2A,44b1c947c8.jpg,0.7128431026725148,0.39256784
B2A,44b7b27bdb.jpg,0.8337214263651274,0.46296152
B2A,44b948a11b.jpg,0.7884439634665116,0.20815489
B2A,44be21f482.jpg,0.750567199727761,0.53793
B2A,44ca9b838b.jpg,0.8084365566882131,0.46076837
B2A,44cd2a0855.jpg,0.9065204178889472,0.3098504
B2A,44d4bbf9c5.jpg,0.7092117614403436,0.36076638
B2A,44e072e7f6.jpg,0.8734912870426483,0.38354564
B2A,44f0533b7d.jpg,0.6360987002006033,0.5679477
B2A,44f9fc3d08.jpg,0.8029843367635868,0.29641098
B2A,450c48015c.jpg,0.6727089268516288,0.36951888
B2A,451fa08066.jpg,0.7925716921706499,0.28352255
B2A,45281596ce.jpg,0.7825924593490203,0.36476088
B2A,452c2eae3c.jpg,0.7375868913633875,0.49135247
B2A,452c5d0bb4.jpg,0.832827874530056,0.278088
B2A,452cb57460.jpg,0.8524956194040547,0.31054088
B2A,45342d5c70.jpg,0.7564496009926247,0.37978613
B2A,4534cb2584.jpg,0.796668504121365,0.42304277
B2A,453afd0c27.jpg,0.6610915224948453,0.37687087
B2A,453bd33553.jpg,0.6416313552721891,0.41410947
B2A,453f5d81cf.jpg,0.8220512781182071,0.34220433
B2A,454cf7a157.jpg,0.620988758804182,0.36000058
B2A,4550c707f6.jpg,0.814370424877469,0.44408426
B2A,4551f3f54b.jpg,0.74400009716198,0.35652956
B2A,4569404b70.jpg,0.7655878820469558,0.37254918
B2A,4569953612.jpg,0.7703951517041334,0.2294541
B2A,457b19a007.jpg,0.8997508559097176,0.3245118
B2A,4581966154.jpg,0.6990025256962251,0.580321
B2A,4581a4faee.jpg,0.594990338610248,0.7171237
B2A,458b9bddeb.jpg,0.8211493168741838,0.31593806
B2A,459a0e8a7b.jpg,0.5215682298121778,0.3773806
B2A,45a0cf81a7.jpg,0.8761977504004205,0.35786754
B2A,45a4fc418c.jpg,0.9309258951490966,0.18872958
B2A,45ae43ca11.jpg,0.7045577000861519,0.3658052
B2A,45b59ba108.jpg,0.8170422973345636,0.25434896
B2A,45bfc01241.jpg,0.6417660614530739,0.577612
B2A,45cecf091d.jpg,0.8039243765444541,0.28214887
B2A,45d284a829.jpg,0.5690867051771783,0.42317724
B2A,45db826465.jpg,0.7968897205157583,0.23419449
B2A,45e07afb6c.jpg,0.7674166779323821,0.36061266
B2A,45f3a9c5e3.jpg,0.7909873787620092,0.372544
B2A,45f63c2653.jpg,0.6186511721908375,0.6291388
B2A,45f784213e.jpg,0.7302001577642137,0.54089844
B2A,45feda47bc.jpg,0.8907625233432418,0.2220296
B2A,46196f19d1.jpg,0.6794027640509853,0.48308602
B2A,461cc8da33.jpg,0.8469381010665982,0.33711544
B2A,463758c10d.jpg,0.6340319385872045,0.39635462
B2A,463ad92568.jpg,0.6187639826077429,0.5978664
B2A,463b8807e5.jpg,0.8045497650225591,0.48515972
B2A,463be5a1a1.jpg,0.6775410770345619,0.6298615
B2A,464d4dd705.jpg,0.6806761960764984,0.22641844
B2A,4663bb2924.jpg,0.6467909158103515,0.42630893
B2A,466585f6df.jpg,0.6270698189966938,0.51676345
B2A,467657f396.jpg,0.8240895285394598,0.3616972
B2A,467873c9df.jpg,0.8585057821154668,0.27996796
B2A,468048412c.jpg,0.8329688829223889,0.3103931
B2A,4682dbbee5.jpg,0.8336891832948339,0.2807756
B2A,4690fd5a96.jpg,0.8970251199837526,0.1899926
B2A,4691625ad2.jpg,0.6159658166720272,0.45968968
B2A,46950ae4ea.jpg,0.8634945399858499,0.27057678
B2A,4695ac2040.jpg,0.8390583276056868,0.57669634
B2A,4698056301.jpg,0.8884132385634942,0.21336865
B2A,469836dad8.jpg,0.595702991861408,0.4645747
B2A,469d7ad9cc.jpg,0.8271870175963072,0.24685316
B2A,46c95eebbe.jpg,0.7950537191710384,0.351414
B2A,46cadbe0a9.jpg,0.7796004026897928,0.30669543
B2A,46db1d7f60.jpg,0.6789816721999543,0.42946208
B2A,46e47f7efe.jpg,0.8335928917035106,0.3847102
B2A,46e71a4094.jpg,0.8797370240876262,0.19802055
B2A,46e84039a1.jpg,0.8665629339212311,0.3656254
B2A,46f391abec.jpg,0.7108749429035136,0.4735134
B2A,46f5ef1042.jpg,0.5606115790970266,0.59702444
B2A,4706619607.jpg,0.8793597326771518,0.3261601
B2A,4707b03a08.jpg,0.5566201892958127,0.42929116
B2A,47100a9939.jpg,0.7575179134767199,0.4006213
B2A,471f4755b9.jpg,0.8177576005331493,0.38911885
B2A,472b351bc4.jpg,0.8249411140821642,0.29893395
B2A,472d5ac100.jpg,0.7599372958086923,0.3919111
B2A,4758e5dd4c.jpg,0.816949191458425,0.20133787
B2A,4762bb79ef.jpg,0.830140159663369,0.27386773
B2A,4778b13518.jpg,0.8939100925284419,0.32708508
B2A,4787b82d37.jpg,0.7980856785310134,0.23390739
B2A,478e07feaa.jpg,0.6087379897855992,0.39677465
B2A,478eb12a82.jpg,0.9431220599947421,0.276279
B2A,479698b371.jpg,0.6120595884342739,0.3811978
B2A,4796d67f61.jpg,0.6689429608371986,0.63354886
B2A,47aad493bd.jpg,0.8627482894539744,0.25988793
B2A,47ae0edd23.jpg,0.7242266621046436,0.45439574
B2A,47b94957ff.jpg,0.7899214047604701,0.31771207
B2A,47bb43fe3e.jpg,0.727960857843847,0.45293015
B2A,47bb59d449.jpg,0.8138711317995866,0.35319984
B2A,47d391d94b.jpg,0.7538763139214609,0.5665203
B2A,47df262cc5.jpg,0.8687135418449441,0.3066639
B2A,47eea5bf33.jpg,0.526847141632358,0.5112692
B2A,47f3b40cbc.jpg,0.8593787294018308,0.44371518
B2A,48122c9518.jpg,0.8101300001672179,0.27641222
B2A,481456b5a6.jpg,0.7004091771632076,0.35689282
B2A,481713d59d.jpg,0.8129147917539811,0.36073548
B2A,481bd32b6c.jpg,0.6268093003307745,0.5844383
B2A,482bf5a0d2.jpg,0.7701125679268279,0.31528842
B2A,482fd44fce.jpg,0.8243084747033694,0.20461619
B2A,4831466e23.jpg,0.861267327716446,0.22574654
B2A,48502862cf.jpg,0.8031032030048215,0.5095457
B2A,485517e0c7.jpg,0.8210648790389189,0.31962284
B2A,48598ead29.jpg,0.8229799802278411,0.3372386
B2A,4862d17fa4.jpg,0.8974176153030858,0.26061383
B2A,486a62a430.jpg,0.8706705299402182,0.24039811
B2A,486cafaa7f.jpg,0.8082464727494568,0.306577
B2A,48735c69aa.jpg,0.8941353513400253,0.2511877
B2A,48793755cd.jpg,0.8339031118647978,0.31115097
B2A,4879579e02.jpg,0.625939818077148,0.5115321
B2A,488a6cef0c.jpg,0.9182031270547847,0.29937395
B2A,489c841af4.jpg,0.6725919912420844,0.5715454
B2A,48a85bc072.jpg,0.6925968291330571,0.31491426
B2A,48ac1011db.jpg,0.6451113474696998,0.7375493
B2A,48b6156f89.jpg,0.7084223535883786,0.3683453
B2A,48c641285b.jpg,0.8760497555093252,0.4396732
B2A,48e1a89d96.jpg,0.8115121658315188,0.3944257
B2A,48eac3916f.jpg,0.7956332222697161,0.40117234
B2A,48eb5fa7bd.jpg,0.6885874427434234,0.2565611
B2A,48f120810d.jpg,0.8681076198216788,0.44756305
B2A,49095bdeb5.jpg,0.7434431672366244,0.4203327
B2A,491b2ba38c.jpg,0.9059872425763421,0.21296248
B2A,49205c171d.jpg,0.747891135154319,0.2961141
B2A,4943c84af0.jpg,0.8920716553776218,0.29875278
B2A,494db50238.jpg,0.5249963524217554,0.62601054
B2A,4950bcf8c1.jpg,0.8989871517317666,0.21852429
B2A,496757508b.jpg,0.8229285517876183,0.29812142
B2A,499b445583.jpg,0.8569025144225059,0.2619241
B2A,499bc1a152.jpg,0.9066173068744394,0.2924425
B2A,499c1bd3b8.jpg,0.586199227769391,0.45038345
B2A,49a9692a0e.jpg,0.8450346694876402,0.211835
B2A,49b093a9f3.jpg,0.7295486528468841,0.5687863
B2A,49b3383147.jpg,0.7748557466502582,0.31322423
B2A,49b8c4ea37.jpg,0.6915348819452823,0.30514804
B2A,49c2b1cdef.jpg,0.9013760342255873,0.24477258
B2A,49c538fce7.jpg,0.8206133824458097,0.39258027
B2A,49d2c9fc14.jpg,0.7197562920671533,0.40802926
B2A,49dc3fd195.jpg,0.5587435573393602,0.4893273
B2A,49e4129024.jpg,0.7061777822002694,0.5154913
B2A,49ee914a63.jpg,0.8351649517878388,0.3308611
B2A,4a06596662.jpg,0.7411393202417687,0.39704704
B2A,4a12f1780a.jpg,0.8352147838981417,0.42093995
B2A,4a16981927.jpg,0.8354001294886614,0.2245239
B2A,4a195405a0.jpg,0.6924610899529235,0.36477396
B2A,4a1bb1d46c.jpg,0.7030333006337972,0.38445553
B2A,4a20622bde.jpg,0.7310674382113206,0.3274733
B2A,4a29db3c6b.jpg,0.7858556028215212,0.6089652
B2A,4a2c4db283.jpg,0.7341742407090107,0.4341146
B2A,4a55695a4d.jpg,0.6021814615159718,0.68386966
B2A,4a5ab8f970.jpg,0.8661964490146598,0.26864997
B2A,4a669c897c.jpg,0.49965969980108405,0.6247354
B2A,4a7cec06e7.jpg,0.7749463843279567,0.32100978
B2A,4a8a49028d.jpg,0.7684526815204588,0.2918163
B2A,4a916ceb98.jpg,0.8813629685665386,0.25414646
B2A,4a9d34fa51.jpg,0.8070978395936019,0.3271537
B2A,4a9e982b39.jpg,0.8385181015317861,0.47396642
B2A,4aaf628a71.jpg,0.7415076705314037,0.58626753
B2A,4ab9478ef9.jpg,0.6781431713640569,0.49543968
B2A,4abaac9654.jpg,0.8690850726066065,0.227189
B2A,4abd5654a3.jpg,0.8068120472330574,0.3275597
B2A,4abda75494.jpg,0.7997965610549578,0.3231238
B2A,4ac7c7bf44.jpg,0.8440655889345158,0.36605936
B2A,4ac8581018.jpg,0.5965356075719072,0.40572396
B2A,4ad0ccff25.jpg,0.6516256182228429,0.42657617
B2A,4adc8b7be7.jpg,0.7074294464482854,0.36556867
B2A,4ae0414bb9.jpg,0.8583616891614263,0.17930077
B2A,4ae09366f5.jpg,0.765476616556674,0.66714805
B2A,4ae0b6efb2.jpg,0.8408436033319044,0.32693315
B2A,4ae5e1fb1d.jpg,0.863027072520764,0.2844531
B2A,4b0025406f.jpg,0.6499128795246217,0.50397176
B2A,4b09444fe2.jpg,0.8864453945164106,0.33857328
B2A,4b0c0d7145.jpg,0.8912883342947597,0.18762884
B2A,4b0db938a7.jpg,0.8947668287890869,0.35633948
B2A,4b0f73833c.jpg,0.7896516636242688,0.27485305
B2A,4b14030c98.jpg,0.6729402312059972,0.52733076
B2A,4b2555ba9c.jpg,0.6878251828250656,0.44425735
B2A,4b29d9c42c.jpg,0.8536430145720784,0.2917208
B2A,4b2d102def.jpg,0.7844396908011841,0.39961654
B2A,4b3835e8ba.jpg,0.7584367007214466,0.34260657
B2A,4b3ccac37c.jpg,0.8145117337084965,0.4423365
B2A,4b47e76275.jpg,0.8097529585278658,0.39650604
B2A,4b497dc591.jpg,0.8752471790248351,0.25014985
B2A,4b59dd4ebc.jpg,0.8582879477388525,0.30787697
B2A,4b5a46b50f.jpg,0.9011858197576788,0.2472023
B2A,4b5b64dc18.jpg,0.8909447444858137,0.24043085
B2A,4b689e9b37.jpg,0.7632944751172761,0.44333705
B2A,4b7878976b.jpg,0.7955432515108116,0.31348172
B2A,4b7902dfa6.jpg,0.7885252959074698,0.32912183
B2A,4b7fc92bdc.jpg,0.9007569248854167,0.31888938
B2A,4b91cd8fce.jpg,0.6962870913809351,0.44475222
B2A,4b9eb29c59.jpg,0.829830888569851,0.4283955
B2A,4bab53c613.jpg,0.7020784705853099,0.4351446
B2A,4bad1549a1.jpg,0.5545821250765454,0.45215616
B2A,4bbe0cbb3c.jpg,0.6475771662012015,0.50798625
B2A,4bd43d88d4.jpg,0.8230463754814514,0.4589138
B2A,4bd8ec5dd3.jpg,0.668318268114268,0.8264499
B2A,4bdb933264.jpg,0.7850405564438135,0.40618065
B2A,4bdbdcc1e5.jpg,0.8824784919174371,0.331166
B2A,4bdd197102.jpg,0.7939190662743226,0.53121555
B2A,4be248f682.jpg,0.8674691179300765,0.25436065
B2A,4bedb30dce.jpg,0.8210610218473768,0.5257981
B2A,4bef7510cb.jpg,0.8914658162261173,0.44685954
B2A,4bf1292d69.jpg,0.9136621753390811,0.31805626
B2A,4bfa3043e7.jpg,0.8170710417053103,0.19322129
B2A,4bfc3fbd84.jpg,0.9042773981069784,0.2152472
B2A,4bfed75eb2.jpg,0.8239321347756697,0.4249193
B2A,4c07909a8d.jpg,0.8514171825082713,0.21472456
B2A,4c1165be97.jpg,0.7687002674455176,0.29414105
B2A,4c16835970.jpg,0.8840214382179301,0.4206902
B2A,4c1907f1a0.jpg,0.8646141233338265,0.30675194
B2A,4c1b160563.jpg,0.906680847199684,0.24109682
B2A,4c2d3216aa.jpg,0.8306113642701992,0.24009131
B2A,4c30ff85a7.jpg,0.7766018673833553,0.27305993
B2A,4c4574cfa8.jpg,0.8143146984860895,0.3576982
B2A,4c507b65b0.jpg,0.6871902153433159,0.4729599
B2A,4c6550cff5.jpg,0.8863128929541109,0.19612469
B2A,4c712561ab.jpg,0.8625903736581999,0.26957935
B2A,4c72792844.jpg,0.8035386312921702,0.4125465
B2A,4c75385f85.jpg,0.7135667507076159,0.41484666
B2A,4c7692cb0c.jpg,0.7350517362807722,0.5665544
B2A,4c7b54e38c.jpg,0.6595314742712104,0.47648224
B2A,4c8a000abb.jpg,0.8357270481052301,0.256743
B2A,4c8bf22d16.jpg,0.851370226073468,0.34210163
B2A,4c9669b6b8.jpg,0.7298558885782757,0.3431414
B2A,4ca019a3d6.jpg,0.6782324532508291,0.54952526
B2A,4ca57d26c0.jpg,0.6408325103726482,0.40569863
B2A,4ca6e5451a.jpg,0.699476258689508,0.39293444
B2A,4cac88b518.jpg,0.8169954096401842,0.37881267
B2A,4cb25fbf3d.jpg,0.7055925638061732,0.46579462
B2A,4cb7c5e33d.jpg,0.7855853160724778,0.5745802
B2A,4cc42ebe97.jpg,0.714076416934346,0.39649922
B2A,4ccc4a21e3.jpg,0.8691173095066588,0.24636686
B2A,4cd07a4561.jpg,0.8595858306454772,0.378088
B2A,4cdd74b1c7.jpg,0.9034571318459085,0.30908093
B2A,4cf9aac018.jpg,0.7289197647566937,0.33831027
B2A,4cfdd2e627.jpg,0.8100576488331878,0.3174527
B2A,4d08cb65c3.jpg,0.6475069804341118,0.510511
B2A,4d0a217b38.jpg,0.6781347949160491,0.37793568
B2A,4d0a274acb.jpg,0.7507008465489482,0.26800573
B2A,4d0eb41723.jpg,0.8613306246331182,0.34994316
B2A,4d1755ab04.jpg,0.6996135327961255,0.38962266
B2A,4d1c0b488e.jpg,0.8439703740984094,0.20713136
B2A,4d1c4d142e.jpg,0.811781386225607,0.28193533
B2A,4d1d5efd4f.jpg,0.8447296532007731,0.13623251
B2A,4d3a7e5326.jpg,0.8661613657256428,0.61358464
B2A,4d42605a8b.jpg,0.7880063698966853,0.31576815
B2A,4d4b6bcac4.jpg,0.6590763585818914,0.33038393
B2A,4d4f0faddf.jpg,0.741890719577315,0.4791472
B2A,4d4f388e91.jpg,0.862558849866946,0.2962263
B2A,4d4f6174f1.jpg,0.8707232324089045,0.39569652
B2A,4d62a64806.jpg,0.8624158759173532,0.21182491
B2A,4d7188ff9e.jpg,0.8568357763290028,0.25939655
B2A,4d7517df48.jpg,0.7623979701263646,0.46816844
B2A,4d77636dea.jpg,0.771200990145826,0.25836435
B2A,4d7de87ec6.jpg,0.8135947729304749,0.25249586
B2A,4d7fefe879.jpg,0.8111581690612335,0.23530611
B2A,4d83b23265.jpg,0.8075373817763575,0.5147455
B2A,4d90220636.jpg,0.842818084713518,0.37208
B2A,4d91831344.jpg,0.7034071148610367,0.5291127
B2A,4dc37726d9.jpg,0.9344570278838177,0.23577622
B2A,4dc92c4b4a.jpg,0.8264724286643342,0.24386722
B2A,4dd30f189a.jpg,0.6624955012131492,0.4409322
B2A,4df98eeceb.jpg,0.7797186706022077,0.3363594
B2A,4e093e9511.jpg,0.8686350995067426,0.35642153
B2A,4e0951fde1.jpg,0.7546970322482934,0.5156666
B2A,4e16ff77ac.jpg,0.8157730862664921,0.45039964
B2A,4e21145eb2.jpg,0.6753702818207946,0.36847374
B2A,4e2dba148d.jpg,0.812166837168256,0.33776763
B2A,4e3006bd6b.jpg,0.8173198706050371,0.4370904
B2A,4e341f8891.jpg,0.7545837214557121,0.46202487
B2A,4e43b597e2.jpg,0.7531886796024098,0.37758398
B2A,4e4f75c4cc.jpg,0.8552909689612326,0.2541055
B2A,4e53db7c72.jpg,0.760721749496745,0.5082104
B2A,4e5451ed74.jpg,0.5761108403652021,0.5338909
B2A,4e5b4fb2ab.jpg,0.8961008531917527,0.25082383
B2A,4e6e7f30da.jpg,0.7342054107447545,0.38053378
B2A,4e868f2a58.jpg,0.8487150760950112,0.26301345
B2A,4e880786c4.jpg,0.7131796918275533,0.38674697
B2A,4e8b01ac67.jpg,0.6996333688253817,0.29031792
B2A,4e8bd98343.jpg,0.8810232372900795,0.27812713
B2A,4e956f2cfb.jpg,0.767457140471675,0.33992207
B2A,4ea19d4d05.jpg,0.8560454165254566,0.43019056
B2A,4eaa045ce6.jpg,0.9073503233453531,0.20983034
B2A,4eb3c1b0a7.jpg,0.6531055082076168,0.42493498
B2A,4ebb3df6e1.jpg,0.7231215765273558,0.41088325
B2A,4ec313a8cd.jpg,0.5909928875527815,0.53434587
B2A,4edd4fe6fa.jpg,0.6902249440186273,0.42941874
B2A,4ee02ffd2c.jpg,0.6360678130092401,0.33894232
B2A,4ef10f3299.jpg,0.8874263034298966,0.27253744
B2A,4f1249d8dc.jpg,0.6042667237397337,0.45420462
B2A,4f16e0bc95.jpg,0.5822614065629822,0.41129538
B2A,4f1fc68a47.jpg,0.8521539625923306,0.4059057
B2A,4f297a711e.jpg,0.611342747874861,0.53301275
B2A,4f36d845b0.jpg,0.7750695561914243,0.4737957
B2A,4f38f2b8f5.jpg,0.726228015397172,0.41002452
B2A,4f397d38d7.jpg,0.6821519605973779,0.484054
B2A,4f5245105c.jpg,0.7600445477557795,0.44773436
B2A,4f5d5e7da3.jpg,0.7906625272562563,0.40888765
B2A,4f5e363609.jpg,0.7714918266173033,0.42033926
B2A,4f6353e80e.jpg,0.5631418484230442,0.49991554
B2A,4f64339fea.jpg,0.8518891256674438,0.37867093
B2A,4f697daf2d.jpg,0.777978785549752,0.23627825
B2A,4f79b373f4.jpg,0.7667399701702706,0.27372432
B2A,4f83d232c2.jpg,0.8660283071722128,0.45110485
B2A,4f86f80479.jpg,0.6391660439002905,0.58675355
B2A,4f882d4400.jpg,0.7614808079096423,0.45019382
B2A,4f99708506.jpg,0.8703070469688948,0.37334925
B2A,4f9aa92ca3.jpg,0.6654321213702211,0.48349845
B2A,4fb5c1ac0a.jpg,0.8031362474450572,0.2031873
B2A,4fb6bcd5e8.jpg,0.7106101825128022,0.5330761
B2A,4fc41e388a.jpg,0.6709385557306693,0.54086614
B2A,4fc90f8de5.jpg,0.7747647255716594,0.29256517
B2A,4fc9c537a7.jpg,0.6776900671668551,0.63071
B2A,4fd1d8afbf.jpg,0.6810916360889948,0.4306787
B2A,4fdaff583d.jpg,0.8422472005959202,0.31543982
B2A,4fe122209b.jpg,0.6502966365595164,0.5053469
B2A,4fe72a654e.jpg,0.8618095589071132,0.32064417
B2A,4ff4d77c99.jpg,0.864315294125543,0.2159295
B2A,500d59cf86.jpg,0.5238471247529032,0.54633886
B2A,50115558cd.jpg,0.8276369455486182,0.47568363
B2A,501719248c.jpg,0.6927881313975329,0.34586763
B2A,5019a8ffcf.jpg,0.6908545084691183,0.47037938
B2A,5019d1eac7.jpg,0.8178829652527158,0.35972887
B2A,503c9badbb.jpg,0.8680637161446928,0.36577594
B2A,5048bb66c8.jpg,0.710137422279068,0.34834695
B2A,504cec61a2.jpg,0.8489109388809688,0.22289474
B2A,504db35d13.jpg,0.6855731316907315,0.4619878
B2A,5050bd632b.jpg,0.876604504358175,0.32367682
B2A,505850ed9f.jpg,0.5070695288274598,0.55747414
B2A,5065b423b0.jpg,0.7471846814779919,0.21017878
B2A,506fdcb3c1.jpg,0.8337833472424048,0.322779
B2A,5074e8a51e.jpg,0.7940551017030686,0.2969751
B2A,50779f1ae6.jpg,0.835811186927799,0.33764547
B2A,508f9ce48d.jpg,0.8014932489249916,0.39758378
B2A,50a42e1240.jpg,0.7972704247969072,0.32377267
B2A,50a5168133.jpg,0.8442224494925465,0.3069872
B2A,50b6593431.jpg,0.8447867672142696,0.31387067
B2A,50b8e79da2.jpg,0.8667714628829859,0.18929411
B2A,50c3f4beec.jpg,0.8743083042451625,0.36422578
B2A,50d9c1aa47.jpg,0.6634371785480859,0.30902502
B2A,50e2f57e76.jpg,0.5653978315751553,0.64207953
B2A,50e85855f5.jpg,0.7539521430998133,0.32201546
B2A,50e9fc6fdd.jpg,0.6860622625139213,0.5512327
B2A,50eb328bb2.jpg,0.8295663647598026,0.25319698
B2A,50f52bf9a4.jpg,0.8573465862919497,0.24331462
B2A,50f598c729.jpg,0.8660512614450402,0.2632913
B2A,50f7a05ee7.jpg,0.8812395862203105,0.32027343
B2A,51068cd053.jpg,0.8694248632615259,0.2708913
B2A,5116db8d92.jpg,0.8292776934792423,0.3410924
B2A,5117ec7f6b.jpg,0.5983154040278921,0.27301434
B2A,51279a61da.jpg,0.9002604215558401,0.24943948
B2A,5135f3ba21.jpg,0.8466127335719411,0.37350133
B2A,513cb0638a.jpg,0.8364571708996666,0.2509399
B2A,5140b80748.jpg,0.8522696535975158,0.28749722
B2A,514db4068a.jpg,0.850699767108076,0.24378438
B2A,5155be81bf.jpg,0.8364389073677668,0.3478366
B2A,51563bc8ab.jpg,0.7725393880969201,0.32664266
B2A,516670d194.jpg,0.8422917790554273,0.4209997
B2A,51736e3772.jpg,0.8395676498977709,0.23196682
B2A,517eba9d0a.jpg,0.8120513760922258,0.29576102
B2A,51867bc005.jpg,0.7271347838554981,0.40306735
B2A,5194f65634.jpg,0.8407626099013973,0.35671675
B2A,519d3674c2.jpg,0.8040019461206891,0.24839726
B2A,519fc7c17a.jpg,0.8336530633018872,0.3753015
B2A,51aa9c9a20.jpg,0.8277828806219075,0.3214826
B2A,51dc50880b.jpg,0.916346802630273,0.2473352
B2A,51e7037c03.jpg,0.507347706622168,0.5378076
B2A,51ede123f3.jpg,0.8693936345660843,0.3430241
B2A,51ffb613ce.jpg,0.6604095238447426,0.3934895
B2A,52087dc0d6.jpg,0.7272193685726436,0.41589665
B2A,522a6dcbec.jpg,0.8233484903750508,0.42088985
B2A,523cbdab7d.jpg,0.915385704278104,0.38140696
B2A,524223dfd9.jpg,0.6227883703681795,0.46656877
B2A,524af04df1.jpg,0.7137906718216406,0.5184631
B2A,524d00561a.jpg,0.8563102295188718,0.27881664
B2A,524fdda784.jpg,0.8237823559751608,0.5262131
B2A,52592fe2c6.jpg,0.8843749967404894,0.30053216
B2A,525952c058.jpg,0.8790939760196728,0.42697448
B2A,525f580c06.jpg,0.8052549971073607,0.35637552
B2A,5262b01633.jpg,0.8563747039080294,0.3932538
B2A,526b153062.jpg,0.6962733431233463,0.49772596
B2A,526dc07146.jpg,0.8619457339568735,0.3074324
B2A,527dd222d6.jpg,0.7058704701793389,0.31965524
B2A,527ddb23d4.jpg,0.8206771946273799,0.2647804
B2A,528058909d.jpg,0.8603154061293968,0.17921571
B2A,5280e2e8de.jpg,0.6950134300175019,0.4837492
B2A,5286eb8945.jpg,0.7015446015135071,0.33484775
B2A,529fa39eb2.jpg,0.801353813028188,0.31931484
B2A,52a2a7132e.jpg,0.7685811820170916,0.5077251
B2A,52ae3cd25d.jpg,0.8013215238538882,0.24499157
B2A,52b870f300.jpg,0.7775953628556055,0.53029525
B2A,52bb31919e.jpg,0.558933647118978,0.47175658
B2A,52bd17daa7.jpg,0.8063248292465515,0.3498495
B2A,52bee900da.jpg,0.6423693621619408,0.65461314
B2A,52cda09a5f.jpg,0.7247628182408801,0.37981087
B2A,52d8dbe113.jpg,0.5742954614070299,0.36911744
B2A,52e91ba9cf.jpg,0.6978769854302969,0.29809916
B2A,52f30bd94c.jpg,0.8074058612924446,0.24269557
B2A,52f641c328.jpg,0.7500821883507665,0.23786066
B2A,52f7801904.jpg,0.8143521634655261,0.45560193
B2A,5305c4063a.jpg,0.7370561775881399,0.26999494
B2A,5319435b3f.jpg,0.8478619709649944,0.31180683
B2A,53194986bc.jpg,0.5445875944833339,0.5751452
B2A,53289e47ec.jpg,0.6121242066445687,0.42596763
B2A,532d743269.jpg,0.7483910266160493,0.3528432
B2A,532f9d0621.jpg,0.6882144379708343,0.3220574
B2A,5338413448.jpg,0.8477477369606717,0.3044993
B2A,5338bd03be.jpg,0.6516329797487049,0.5159104
B2A,533be4e6eb.jpg,0.859366499854554,0.29497072
B2A,5342ec67da.jpg,0.8332967299082397,0.33188596
B2A,534703a792.jpg,0.8685124712336117,0.16764298
B2A,53516d9b04.jpg,0.8473844718928314,0.28280836
B2A,53679e6985.jpg,0.6099430387212462,0.59649837
B2A,536c125b6f.jpg,0.5840359753631508,0.5396796
B2A,536c7edb2a.jpg,0.7834721479023903,0.34113342
B2A,537b155f3d.jpg,0.7122216853447645,0.5918224
B2A,537f558973.jpg,0.8606451233282724,0.30805248
B2A,53866d4a68.jpg,0.8780496618655097,0.30482316
B2A,5389fb4007.jpg,0.6644543023118783,0.6802197
B2A,53902a4799.jpg,0.8851102091027857,0.2796313
B2A,5395902bc7.jpg,0.8201199157495611,0.18710327
B2A,53988b72f6.jpg,0.780862318869344,0.33212158
B2A,53989c56ff.jpg,0.6888459449695198,0.49067682
B2A,53998f50b2.jpg,0.712633966872341,0.36492592
B2A,539e2ee021.jpg,0.7689336263190941,0.47028023
B2A,53b01e2132.jpg,0.6269543451965005,0.46154597
B2A,53b27f0c81.jpg,0.7565396419368564,0.512901
B2A,53b835550d.jpg,0.7330861193209269,0.45573232
B2A,53bce35f0b.jpg,0.7754299032397891,0.46976382
B2A,53c245a6f3.jpg,0.9031735620949116,0.381054
B2A,53d0160b46.jpg,0.5736203247918094,0.5037252
B2A,53d62fccce.jpg,0.9297624531806788,0.2539039
B2A,53e5b6b1b3.jpg,0.7382725053780957,0.29086757
B2A,53e766ae2b.jpg,0.8372952100099826,0.2559722
B2A,53ea60da05.jpg,0.8908421974767036,0.24821663
B2A,540649ac8c.jpg,0.7692082374135717,0.3096603
B2A,5407972e58.jpg,0.8509079599875007,0.2725515
B2A,5418378939.jpg,0.6380246150074469,0.4270513
B2A,54199dc11f.jpg,0.8818289847661981,0.24758418
B2A,5420c594aa.jpg,0.764347048670459,0.56869566
B2A,5429ab574f.jpg,0.835182411271454,0.26276386
B2A,5432eef613.jpg,0.8259623245702858,0.4066698
B2A,5435fdfdc4.jpg,0.8599400970174592,0.2617632
B2A,54381f3114.jpg,0.8453390351340964,0.26905066
B2A,543ea28da6.jpg,0.5482838167502796,0.56919146
B2A,5447d2bd8d.jpg,0.8955156646549698,0.29118335
B2A,54510d8755.jpg,0.6560318392271056,0.50511193
B2A,5451321dd0.jpg,0.7787821685082025,0.39827704
B2A,5452e17b68.jpg,0.7426958758701643,0.37845153
B2A,54538aea8b.jpg,0.7326571514126619,0.2563082
B2A,54557ef4cf.jpg,0.5496989779932856,0.46322128
B2A,54796e9027.jpg,0.8604575507408554,0.29766122
B2A,547ae945cb.jpg,0.6746544548632621,0.32991123
B2A,547c5615d1.jpg,0.6152431179528886,0.44110498
B2A,5484662dfb.jpg,0.870561876709691,0.37814373
B2A,54b556920a.jpg,0.7102378870429297,0.42939654
B2A,54b6416b3a.jpg,0.7083906518643871,0.42254195
B2A,54b6bbf683.jpg,0.8373301606746375,0.32829964
B2A,54b8be5c1e.jpg,0.864708178913916,0.22135663
B2A,54bf5ab7fd.jpg,0.782633783888783,0.58744305
B2A,54d2feb575.jpg,0.8593983193984085,0.25100416
B2A,54e9e67501.jpg,0.8018422839600063,0.24159989
B2A,54f65afd1c.jpg,0.7048079822134097,0.55756766
B2A,55004786ef.jpg,0.7278648538447552,0.42019713
B2A,550956b456.jpg,0.9125040593741343,0.4038781
B2A,550b90e008.jpg,0.7970029172177597,0.2716666
B2A,55129db8f9.jpg,0.8368732039919222,0.21061426
B2A,5515a27184.jpg,0.8947838895322887,0.32318652
B2A,5519a2e240.jpg,0.7291657165654144,0.4445604
B2A,551afc0ef0.jpg,0.8135696249318503,0.27328357
B2A,55288a650b.jpg,0.7955164969393022,0.29250103
B2A,552aad92e5.jpg,0.8354373129430994,0.24109246
B2A,552b38a9bc.jpg,0.8083082290720235,0.29858297
B2A,55364f51f9.jpg,0.8364058025806942,0.27816534
B2A,5541538198.jpg,0.6793373650978332,0.34330213
B2A,5565d2e475.jpg,0.6711722651428061,0.34443206
B2A,5587066bdc.jpg,0.8424866344295684,0.31770408
B2A,558e78d813.jpg,0.8286613026114726,0.37228826
B2A,559359bcca.jpg,0.8799251983871117,0.21353628
B2A,55a74b7296.jpg,0.8127135004702827,0.24058893
B2A,55a8a07dde.jpg,0.909517711240718,0.31039706
B2A,55a9c23538.jpg,0.7469188547755543,0.44153965
B2A,55ac4415ef.jpg,0.6623951688916703,0.29703534
B2A,55b015b4df.jpg,0.8060661639498164,0.25623563
B2A,55d0d2d4a1.jpg,0.5546166267673175,0.44808722
B2A,55e5a039c3.jpg,0.8789321711291821,0.32904017
B2A,5602c749d0.jpg,0.7560704802665392,0.40947735
B2A,5604c7533d.jpg,0.908046556858077,0.5306256
B2A,5604ea3384.jpg,0.7036429026063216,0.4343688
B2A,5608b7a226.jpg,0.8820527096212928,0.17283912
B2A,5619b15af5.jpg,0.7454939359734952,0.48294547
B2A,561c1f7cde.jpg,0.7226442266352703,0.32513314
B2A,561d9722a4.jpg,0.793953012506125,0.3645717
B2A,561e61d7f1.jpg,0.8030196479378517,0.3165965
B2A,561ec9ffaf.jpg,0.8782893555798347,0.257821
B2A,5622447728.jpg,0.7756664170532749,0.38281453
B2A,56270960dc.jpg,0.8980643425334858,0.2550916
B2A,563012ee88.jpg,0.8290576267119711,0.34365833
B2A,56539880a8.jpg,0.7904026858479559,0.2303601
B2A,5654801d96.jpg,0.7334712415092708,0.19627032
B2A,565702bc95.jpg,0.8963262181917004,0.2787937
B2A,5681f45127.jpg,0.6951627140863175,0.3937648
B2A,56849b394d.jpg,0.7580356699216414,0.49893513
B2A,56884e5824.jpg,0.6900219575222468,0.43338418
B2A,568885cc54.jpg,0.6743040210693604,0.59365755
B2A,56894c4948.jpg,0.7222288420101532,0.36448267
B2A,568d52aa05.jpg,0.715178650335706,0.26412985
B2A,568d92c4a7.jpg,0.8843959764339567,0.21304959
B2A,5694abf7fa.jpg,0.644433895123805,0.65817153
B2A,569ed795ec.jpg,0.6895739574198649,0.40261844
B2A,56ac108ce7.jpg,0.6458531441992655,0.39681345
B2A,56ac1f673a.jpg,0.8717156932120355,0.29654923
B2A,56ac3dda09.jpg,0.8091863660007513,0.36639625
B2A,56bfd45d42.jpg,0.7833334103610251,0.32535574
B2A,56c6444a6d.jpg,0.8796052635827054,0.36455995
B2A,56c690f4ce.jpg,0.8528906797015247,0.35067534
B2A,56cb23c291.jpg,0.7309983041749358,0.36716837
B2A,56d2ce77d3.jpg,0.8072669294210643,0.24830908
B2A,56df48f901.jpg,0.6706243276247122,0.4001043
B2A,56e14fc1c7.jpg,0.6354112069892311,0.5147444
B2A,56e28bc581.jpg,0.882671495034375,0.23644343
B2A,56e473c0df.jpg,0.7081087461756781,0.46681988
B2A,56e858f7c3.jpg,0.5976374424481424,0.39044145
B2A,5707c424dd.jpg,0.7597562059619767,0.34778583
B2A,571325ea85.jpg,0.7486900028323045,0.40235436
B2A,571a8540a2.jpg,0.6111052156203145,0.37471852
B2A,571c0614e4.jpg,0.8878434619465768,0.21745053
B2A,571da2a2b6.jpg,0.7830054651196604,0.37792093
B2A,572d08dd47.jpg,0.5881566749215009,0.5212722
B2A,5734dda15c.jpg,0.8461918762208787,0.30248743
B2A,573e2bc6ac.jpg,0.8596633797215955,0.37963685
B2A,573f3616e6.jpg,0.738734370745825,0.31386858
B2A,57509041fb.jpg,0.7884975617455642,0.35293135
B2A,575796635b.jpg,0.8121856170085611,0.37988156
B2A,5757d9bb28.jpg,0.7097154680016237,0.36548442
B2A,5764c388a6.jpg,0.8762404196270709,0.27706409
B2A,5777167029.jpg,0.7545081630711052,0.66207594
B2A,5784a2edfb.jpg,0.8793388625159406,0.35035053
B2A,57874888f9.jpg,0.8133253937133522,0.26686338
B2A,5794fc49e9.jpg,0.795661441458419,0.4109439
B2A,57965b2143.jpg,0.6266073272465303,0.4185614
B2A,579cd00684.jpg,0.6754950217834268,0.6802734
B2A,579d0d4e7d.jpg,0.8187964681526194,0.32423094
B2A,57a2330579.jpg,0.9153653685363421,0.25519636
B2A,57ba66fb37.jpg,0.743320454426587,0.5021943
B2A,57bd2abf4c.jpg,0.8913592160001084,0.34082547
B2A,57c47a8905.jpg,0.6404163203545011,0.62088895
B2A,57c528a4d5.jpg,0.7374483858673521,0.4076838
B2A,57c906c4cf.jpg,0.8014181750098943,0.2243788
B2A,57cf047094.jpg,0.7940085591479101,0.42824894
B2A,57d109e9cf.jpg,0.8711830227201024,0.28902072
B2A,57dccccee3.jpg,0.8794848608335862,0.22382003
B2A,57e0bbe931.jpg,0.8376724475473849,0.4244749
B2A,57e301422d.jpg,0.8014308581386508,0.2942012
B2A,58111663f1.jpg,0.7862718802747115,0.2920069
B2A,581d539ad6.jpg,0.6351796685675931,0.38317168
B2A,5833188a28.jpg,0.876635971476723,0.23315993
B2A,5834c44d37.jpg,0.7761237399013927,0.50234735
B2A,5847f64d5d.jpg,0.7692817750594199,0.3168584
B2A,5852bbcf34.jpg,0.6997263008845441,0.5040982
B2A,585a5eb514.jpg,0.8347770547288186,0.29203445
B2A,585aa1f933.jpg,0.8595781017736644,0.21951409
B2A,585efde177.jpg,0.5843205641393489,0.63380903
B2A,585f9cb26d.jpg,0.7785659061456199,0.33078218
B2A,586d359437.jpg,0.739577135260377,0.53497887
B2A,5879d04028.jpg,0.7369841695314413,0.3314923
B2A,587a865f86.jpg,0.8617662407102991,0.34707668
B2A,587cc7c2fe.jpg,0.7216914176877752,0.40814847
B2A,5894a8daaa.jpg,0.8196032449558175,0.3872799
B2A,589b4cbb6e.jpg,0.7744945522166053,0.24297418
B2A,589fdf111c.jpg,0.7350374290852849,0.4027791
B2A,58a038ba43.jpg,0.7067353740475678,0.43097758
B2A,58a4b16894.jpg,0.7151417955097795,0.5502505
B2A,58a776400d.jpg,0.9026735246497074,0.171862
B2A,58a9467f2f.jpg,0.7314385259842157,0.2884847
B2A,58ae62fe43.jpg,0.6181584309077272,0.67330414
B2A,58bd31f329.jpg,0.567707202380272,0.6175133
B2A,58c1e36fda.jpg,0.8770058086575147,0.4370861
B2A,58cb8ad323.jpg,0.7281481396555235,0.46315953
B2A,58d3d98397.jpg,0.7778787367297193,0.4088535
B2A,58e34a0489.jpg,0.8046392820290375,0.38382164
B2A,5901773791.jpg,0.8395125436932127,0.2705455
B2A,590530447f.jpg,0.8381891295026224,0.2865754
B2A,5913ac7eed.jpg,0.757611166363184,0.39754838
B2A,591d527b4e.jpg,0.8836442692412427,0.37018228
B2A,591df1353a.jpg,0.9362350607319847,0.33705282
B2A,59245494b6.jpg,0.8110721852406677,0.26785913
B2A,592bf31bd5.jpg,0.842194259919396,0.39884827
B2A,592dd67bf2.jpg,0.8174703717066563,0.29146832
B2A,59344b7884.jpg,0.7911656193400151,0.32731363
B2A,593d5650ea.jpg,0.8982298317227366,0.18386328
B2A,593fa1789b.jpg,0.6981295386525194,0.4759302
B2A,594257c315.jpg,0.7736165938173979,0.5451061
B2A,5948efa988.jpg,0.6168194735867912,0.49906033
B2A,5966f03832.jpg,0.8536260001304438,0.26792246
B2A,5979ddaf40.jpg,0.5939738389268533,0.34987074
B2A,597dc8102b.jpg,0.8478033702237826,0.31239194
B2A,599d5b2041.jpg,0.7593785352061843,0.45225352
B2A,59a4aa8ae0.jpg,0.7772334460073,0.38206097
B2A,59a5b56086.jpg,0.6772631224020238,0.3343497
B2A,59bf7066cc.jpg,0.553495926184536,0.482454
B2A,59c0b11f7a.jpg,0.7153941438851816,0.38209927
B2A,59c73a71e2.jpg,0.7751393168182167,0.38932526
B2A,59d87604af.jpg,0.740078993731172,0.2260002
B2A,59f40fedcd.jpg,0.6434271593063262,0.36367863
B2A,5a086eb4d4.jpg,0.7011535547833282,0.21806772
B2A,5a0e4d57e3.jpg,0.6936928100582476,0.38197193
B2A,5a114c6f90.jpg,0.7219100931009507,0.35050216
B2A,5a1f5ac407.jpg,0.8316786692383562,0.34430414
B2A,5a234f081a.jpg,0.8967593456408937,0.3144566
B2A,5a294c5685.jpg,0.7144523672694054,0.24724793
B2A,5a29db5e43.jpg,0.9056588801982781,0.25184885
B2A,5a30d613e5.jpg,0.7164265969573249,0.4147343
B2A,5a384bf8d9.jpg,0.7692040217707706,0.3877282
B2A,5a3c04abea.jpg,0.8648969102601695,0.3189229
B2A,5a5b14d79d.jpg,0.8654545127796749,0.25137722
B2A,5a648082a7.jpg,0.8844987903073199,0.23563015
B2A,5a722db12a.jpg,0.8530648017510235,0.4222883
B2A,5a7cd923cb.jpg,0.8020717307871698,0.3149209
B2A,5a7fe873f4.jpg,0.9066331201705925,0.54667956
B2A,5a885d5128.jpg,0.836717033902556,0.42445627
B2A,5a90fcd546.jpg,0.735277256221329,0.34217644
B2A,5a921a3ab6.jpg,0.8643036940840165,0.29079974
B2A,5a977985f9.jpg,0.7992208881988188,0.3537991
B2A,5a9f9c1a61.jpg,0.6028214467291025,0.52842575
B2A,5aac6a791e.jpg,0.8210440984017039,0.2869702
B2A,5abbc037e1.jpg,0.8620623505336955,0.3094422
B2A,5ac7e3d633.jpg,0.7572773662328705,0.25893107
B2A,5ad9efc598.jpg,0.8124391718728271,0.18574597
B2A,5adb2c3de9.jpg,0.6989804270641804,0.3282119
B2A,5ae669f97f.jpg,0.8687670306490414,0.30443695
B2A,5ae67d7741.jpg,0.8076982365578478,0.28984773
B2A,5b1ac7d453.jpg,0.7931338163739182,0.16240546
B2A,5b1c17961a.jpg,0.7936410471523081,0.26746064
B2A,5b1ca92c81.jpg,0.7903529393353426,0.3346247
B2A,5b1ce21999.jpg,0.8857278630823651,0.28839254
B2A,5b25e416af.jpg,0.8664975235888805,0.335567
B2A,5b28e861e1.jpg,0.6724694894907134,0.45137045
B2A,5b2c1cbcc1.jpg,0.7582982903944268,0.27356315
B2A,5b36970405.jpg,0.9230037156161898,0.25692546
B2A,5b39ba9b27.jpg,0.7112062233091127,0.32409608
B2A,5b3c9ac58f.jpg,0.8185680003610514,0.30236313
B2A,5b430536ec.jpg,0.8695795316823922,0.30791727
B2A,5b45458ccf.jpg,0.8265214617266812,0.3550002
B2A,5b47729366.jpg,0.9231380256489216,0.3427258
B2A,5b54acd95e.jpg,0.7846997561977819,0.3676002
B2A,5b5eae4414.jpg,0.8050847068480419,0.3996331
B2A,5b644de405.jpg,0.6919531997450026,0.4477523
B2A,5b67d44eea.jpg,0.8906643254417036,0.26612827
B2A,5b8f94e9ed.jpg,0.7519783345867703,0.21683851
B2A,5b960d2105.jpg,0.9023636930222536,0.23825991
B2A,5ba1f82d11.jpg,0.7980110204650013,0.28477937
B2A,5baec51613.jpg,0.8748132893241933,0.21897247
B2A,5bb0b7b0fd.jpg,0.9283764410074515,0.2494928
B2A,5bb7d3f1e2.jpg,0.8464152353247566,0.26484758
B2A,5bce397cd6.jpg,0.8463713744901583,0.23808286
B2A,5bdd158279.jpg,0.8431023845580846,0.26096746
B2A,5bddd2139f.jpg,0.6452811352885975,0.5337039
B2A,5bfc51adc2.jpg,0.7098022402138919,0.45797616
B2A,5c0287b212.jpg,0.8902809674052381,0.2736559
B2A,5c03d3796d.jpg,0.5895749227855289,0.49646407
B2A,5c04deef4e.jpg,0.6870373389477176,0.24924126
B2A,5c068c34b2.jpg,0.8334643264029564,0.28318006
B2A,5c096f6c6b.jpg,0.768158029919452,0.47213262
B2A,5c097be130.jpg,0.8599320334039282,0.31578594
B2A,5c2de90d27.jpg,0.8135516366335448,0.35399127
B2A,5c3849313d.jpg,0.896345526702133,0.18682434
B2A,5c399c47f2.jpg,0.8153992796870556,0.37701613
B2A,5c3afc56ce.jpg,0.9168109195063479,0.21336032
B2A,5c3d598219.jpg,0.8409717116522919,0.36957163
B2A,5c50599656.jpg,0.8030517201924741,0.42986766
B2A,5c556d2c26.jpg,0.8927975155852277,0.38990784
B2A,5c55bd3c02.jpg,0.8884803200007885,0.31165832
B2A,5c574cd9b7.jpg,0.8572616442523383,0.36688456
B2A,5c6144e5be.jpg,0.7798658119089126,0.3857146
B2A,5c6c72ff95.jpg,0.7909354177185765,0.46945268
B2A,5c8a36d364.jpg,0.7258463132051824,0.5013128
B2A,5c9487be68.jpg,0.7931281640160579,0.297231
B2A,5c9979287f.jpg,0.7756413974097561,0.2475436
B2A,5c9b9f20eb.jpg,0.8068580170445477,0.31008327
B2A,5ca98fc2af.jpg,0.8965766421769084,0.21343146
B2A,5cb9dcf772.jpg,0.7329908283176569,0.3734734
B2A,5cc20cb7e7.jpg,0.8463815585642479,0.29968154
B2A,5ce9aaf1e0.jpg,0.7984594140940987,0.386387
B2A,5cf2ea15af.jpg,0.6006454745777239,0.6783421
B2A,5cff9ca17c.jpg,0.7898947205778885,0.50887674
B2A,5d03870821.jpg,0.7429392874272158,0.35847828
B2A,5d10d088ee.jpg,0.6895903089022835,0.5017814
B2A,5d1671f99b.jpg,0.6397649166750369,0.31847388
B2A,5d1d521c3f.jpg,0.6994763657852833,0.26799488
B2A,5d23c3c935.jpg,0.8571830907547694,0.36532828
B2A,5d3ce96256.jpg,0.8959241965908938,0.28755733
B2A,5d4377db4a.jpg,0.7335715336798272,0.29495665
B2A,5d53f82763.jpg,0.9038723810631741,0.24930477
B2A,5d5d5c6cec.jpg,0.7470248963779239,0.4361309
B2A,5d77349c0e.jpg,0.7121687441544187,0.29892194
B2A,5d7b441aa9.jpg,0.635398451880814,0.5586238
B2A,5d875c63ab.jpg,0.9127380682809507,0.19168842
B2A,5d87fdb2c6.jpg,0.8937499287006795,0.36443886
B2A,5d8939501e.jpg,0.7796056506229517,0.2743861
B2A,5d90dbd1ca.jpg,0.7699826487011887,0.42494997
B2A,5da725f8d7.jpg,0.8492180249384592,0.39147997
B2A,5da88da947.jpg,0.730530564016493,0.5645762
B2A,5dcdf86cfb.jpg,0.9111251282993561,0.20964536
B2A,5dcfd3a36f.jpg,0.588363411761513,0.43639767
B2A,5ddb1eae61.jpg,0.8278630232056157,0.37139288
B2A,5de7aa1645.jpg,0.6383139244210226,0.41913092
B2A,5ded03d0f9.jpg,0.7768060935765603,0.3362815
B2A,5e0062d8c4.jpg,0.6741379043122588,0.2952415
B2A,5e0082e751.jpg,0.8796003841127664,0.44739917
B2A,5e05579bfb.jpg,0.776381312309699,0.42573458
B2A,5e0b43957f.jpg,0.8385981742822572,0.47249305
B2A,5e187eb93f.jpg,0.8375052812242435,0.25066218
B2A,5e23eef10f.jpg,0.7341711404086606,0.4198943
B2A,5e49c27b03.jpg,0.8203086330784283,0.41196722
B2A,5e4de25a9c.jpg,0.8291595286421376,0.19636989
B2A,5e5c74bded.jpg,0.6813786071186303,0.3038568
B2A,5e62cdccf1.jpg,0.8873953331608914,0.23209794
B2A,5e64b64de8.jpg,0.8196148051152595,0.28669107
B2A,5e80458f0d.jpg,0.6707235613206425,0.32777876
B2A,5e8a5f5d3b.jpg,0.7154916972965416,0.3689329
B2A,5e8afd118f.jpg,0.7308779972718855,0.35683253
B2A,5e9b6ee1a4.jpg,0.7479797364179623,0.5006167
B2A,5e9d609ee7.jpg,0.8139777943488041,0.4572454
B2A,5e9f0eec0c.jpg,0.8791067968496122,0.33675683
B2A,5ea13d56aa.jpg,0.766735272558392,0.32148516
B2A,5eaccc99bf.jpg,0.8595249315446295,0.23299995
B2A,5eb792b2be.jpg,0.8784369629061238,0.22956336
B2A,5ed2785909.jpg,0.8068536523239016,0.3480315
B2A,5ed86a6d0b.jpg,0.945047392437136,0.24494624
B2A,5edefd0d0f.jpg,0.731762912787613,0.32207462
B2A,5ee0ea499b.jpg,0.8822163949777256,0.3029816
B2A,5ee88f0c5f.jpg,0.8481458779857338,0.29284543
B2A,5ee96ba98d.jpg,0.7877045046535507,0.4610756
B2A,5ef70f37ea.jpg,0.7424029371016024,0.38791475
B2A,5f02c26178.jpg,0.7116393963084379,0.42212212
B2A,5f0d21c2b1.jpg,0.7599060304834891,0.22099811
B2A,5f14f7641d.jpg,0.9230103913546052,0.25033075
B2A,5f24335241.jpg,0.731176366362727,0.57583296
B2A,5f25cbc263.jpg,0.9264550162586255,0.24396083
B2A,5f2b8fa71a.jpg,0.6382054260775651,0.5470014
B2A,5f34ec2686.jpg,0.7076877583895469,0.5016296
B2A,5f4018d615.jpg,0.8976512226898802,0.15111157
B2A,5f4612d92b.jpg,0.8115723391046734,0.28914148
B2A,5f477576c5.jpg,0.7476868268848027,0.52809167
B2A,5f477a5c46.jpg,0.5870514744852094,0.7823263
B2A,5f674f802b.jpg,0.8302597730324726,0.34705448
B2A,5f6acdd885.jpg,0.857841004407277,0.4476366
B2A,5f7a943ad3.jpg,0.6460954370290054,0.3383437
B2A,5f824e47e4.jpg,0.8728267959318972,0.26362458
B2A,5fb5327415.jpg,0.7981043725425765,0.24882835
B2A,5fcf902716.jpg,0.8263631865490949,0.29400158
B2A,5fd438d742.jpg,0.6555387216862223,0.33408427
B2A,5ff7a6bd52.jpg,0.6847496390340342,0.34213486
B2A,5fffc71069.jpg,0.7670438826798556,0.33975714
B2A,600adb121f.jpg,0.786866929774153,0.49170226
B2A,60149bcbbf.jpg,0.6864706625261079,0.6211642
B2A,60268cfb2f.jpg,0.6090735855002081,0.63794446
B2A,604547096b.jpg,0.8826821663523283,0.1956257
B2A,6045dd5804.jpg,0.7279278800603841,0.31340128
B2A,604c154a10.jpg,0.8350424772886149,0.25033668
B2A,604d51ecdb.jpg,0.7529769067502049,0.4495815
B2A,604eee6de2.jpg,0.8296205161084421,0.39961523
B2A,6058fe8ba4.jpg,0.699280362137765,0.3758601
B2A,605c399821.jpg,0.8187368511273068,0.29945633
B2A,606bc88bf5.jpg,0.7308556793938276,0.4815807
B2A,606ea8c853.jpg,0.652082311421753,0.43854693
B2A,606edf9e69.jpg,0.8631460724495448,0.21049723
B2A,607508ca60.jpg,0.7095631482258771,0.24560747
B2A,6090cac2ca.jpg,0.8195129133374444,0.33223745
B2A,609699b9f5.jpg,0.8348780633603353,0.19784538
B2A,6099732dd8.jpg,0.8708029151203073,0.2221117
B2A,60a6fdd5c0.jpg,0.7697355710213847,0.48233515
B2A,60ac278e96.jpg,0.7465590369983267,0.47614062
B2A,60adaaa8fa.jpg,0.8696079327465155,0.35082904
B2A,60ee84f0e3.jpg,0.7419745983224058,0.27038887
B2A,60f455c446.jpg,0.8764768862864741,0.3526281
B2A,60f7b3ce84.jpg,0.8295863460449276,0.48438993
B2A,60fa0dced3.jpg,0.8710011442978745,0.3591674
B2A,610b2e40b1.jpg,0.8293968860511954,0.1927859
B2A,610ff29105.jpg,0.894082720560654,0.24082649
B2A,6113839c53.jpg,0.911991408006001,0.21541089
B2A,611ce907ee.jpg,0.7420782733140546,0.434064
B2A,6127261426.jpg,0.7235091975388932,0.43315214
B2A,612de09c0e.jpg,0.8273234951252555,0.4483934
B2A,612eb28781.jpg,0.7951519234928273,0.39902887
B2A,613592c5ba.jpg,0.8132658841650139,0.25450423
B2A,614aebf996.jpg,0.8372639943254269,0.20694545
B2A,614dcbd1b6.jpg,0.6235256491580744,0.56372124
B2A,614e5368b3.jpg,0.8167003854603282,0.33827528
B2A,6157aa63b5.jpg,0.6757045395644908,0.2711125
B2A,615f1a41e2.jpg,0.8913787325212422,0.36073837
B2A,6163883314.jpg,0.7253286734698867,0.23168164
B2A,6165bb7d20.jpg,0.7221070222964031,0.50563425
B2A,618573a4c0.jpg,0.83232149779393,0.24351273
B2A,618c3a93a6.jpg,0.6462666816740871,0.43772605
B2A,619868817c.jpg,0.7289937828963255,0.34101442
B2A,61c0bf55f3.jpg,0.9007528841683154,0.205643
B2A,61ca26c3f0.jpg,0.6057069948349929,0.49635547
B2A,61d1dacb0a.jpg,0.7046910660276644,0.39502442
B2A,61e0412438.jpg,0.8055562195492693,0.32183176
B2A,61efe98c2b.jpg,0.8262090637649042,0.41676158
B2A,61f0619994.jpg,0.7170673697236882,0.40392017
B2A,61f337301f.jpg,0.7015503163563943,0.45289004
B2A,61f79ea5e3.jpg,0.8505798093923461,0.27977568
B2A,61febf655e.jpg,0.7577992095714561,0.39608276
B2A,6203a47be6.jpg,0.7744076926995607,0.50680393
B2A,6203de934f.jpg,0.8400193241842012,0.20822592
B2A,6203e44a0b.jpg,0.7772917699647321,0.49568534
B2A,6216948548.jpg,0.6978290851537776,0.3001263
B2A,623226574f.jpg,0.7980140025207965,0.24425685
B2A,6233033047.jpg,0.7027524044374641,0.298853
B2A,6233a14e7a.jpg,0.7856136824710852,0.5613714
B2A,62428234ef.jpg,0.8240439064165812,0.2878129
B2A,62556af40e.jpg,0.8102247507543676,0.4396922
B2A,6256e7fb82.jpg,0.7901336927524674,0.27710664
B2A,62601c808e.jpg,0.9466023564087602,0.17204385
B2A,626caaa1ce.jpg,0.8793918725227987,0.349033
B2A,627532c78c.jpg,0.7100397225943517,0.26919398
B2A,6276c2f781.jpg,0.8745945378061698,0.31199884
B2A,6280ca0cf1.jpg,0.6700638843307439,0.40565503
B2A,6297c1fc75.jpg,0.7798277514572158,0.35173467
B2A,62a4327b05.jpg,0.7198237231510437,0.51458216
B2A,62a86886a4.jpg,0.8768083059780243,0.2277287
B2A,62ada6e480.jpg,0.8256881965262289,0.33170798
B2A,62ae12c529.jpg,0.727040798093816,0.29549688
B2A,62b043985f.jpg,0.8163140178325219,0.26859912
B2A,62b1939e2e.jpg,0.8198680030416924,0.43696904
B2A,62b6c6c11d.jpg,0.6943968723923528,0.44802803
B2A,62bb8501e8.jpg,0.7356930779942332,0.38875002
B2A,62bff6d96f.jpg,0.8523571359667478,0.31181234
B2A,62c54774f6.jpg,0.7276951816181806,0.52758276
B2A,62c5a2a3c0.jpg,0.7724200923891769,0.3589833
B2A,62c8619eeb.jpg,0.6640750296757454,0.50267416
B2A,62e2c15e98.jpg,0.5189703200135843,0.6472686
B2A,62e79f1dd2.jpg,0.8102257256740584,0.3972574
B2A,630d324a16.jpg,0.857211734434826,0.34630668
B2A,631cc9e7d1.jpg,0.8719678209694764,0.22506687
B2A,631f90f7a9.jpg,0.9309434499036733,0.22288987
B2A,632020c3e8.jpg,0.8059934447230642,0.35500517
B2A,632858e7c4.jpg,0.8736277371847446,0.29057217
B2A,633128bbae.jpg,0.549383704689475,0.67464894
B2A,6334aea3e0.jpg,0.8481169397376483,0.43034977
B2A,63372e9038.jpg,0.6899618905210427,0.29289806
B2A,633edb47c9.jpg,0.8062056459161921,0.41572115
B2A,634246cbc0.jpg,0.8789732692909394,0.5325184
B2A,634e2ff9c5.jpg,0.7408916630772884,0.30509868
B2A,634f5cf142.jpg,0.828601017705395,0.34654057
B2A,635907bad9.jpg,0.5898268779846911,0.6625385
B2A,6360e41e69.jpg,0.6863868443482907,0.41608438
B2A,636280c73d.jpg,0.820835830150488,0.18390036
B2A,636d76c49a.jpg,0.8407656751237366,0.26655468
B2A,6376737353.jpg,0.7870348385966712,0.3873174
B2A,6376c3ffa5.jpg,0.7334840706075438,0.5375783
B2A,6379773e3f.jpg,0.7626547990714023,0.38414785
B2A,637a28f9cf.jpg,0.8576852782017828,0.30757624
B2A,638093f853.jpg,0.8805272333490138,0.25610444
B2A,6383f39af4.jpg,0.694276060213147,0.4041952
B2A,63959943dd.jpg,0.6085289364248494,0.4888169
B2A,639ed4c744.jpg,0.7542784450115856,0.26503915
B2A,63a0582761.jpg,0.8131049750992428,0.36794972
B2A,63b4aeae20.jpg,0.712933866965997,0.40601647
B2A,63b6bc086c.jpg,0.6782319356727096,0.43950796
B2A,63bf7ae1cf.jpg,0.7732059820837652,0.24395001
B2A,63d194e1df.jpg,0.9167632202980962,0.23194374
B2A,63e007e789.jpg,0.7208707522965495,0.42645496
B2A,63e73c1dc9.jpg,0.7090613637307707,0.33066234
B2A,63e885e644.jpg,0.7864503282866847,0.31307578
B2A,63f6cea734.jpg,0.6674221765525864,0.47509587
B2A,63fef59198.jpg,0.7917683749619712,0.22181846
B2A,6401c2d6c0.jpg,0.8769302380989037,0.20766407
B2A,6417787af0.jpg,0.8035780204430557,0.42029703
B2A,6421360d4f.jpg,0.6587112360568168,0.46958527
B2A,64247b3eb5.jpg,0.8762789295149912,0.21919538
B2A,6431f96d10.jpg,0.7659915188181153,0.40201327
B2A,64356423f2.jpg,0.651495462783357,0.43911213
B2A,6438b04e89.jpg,0.9196299825811033,0.22952971
B2A,643916e05b.jpg,0.7707335189483929,0.47344977
B2A,64397cbb62.jpg,0.7927420891973621,0.37208375
B2A,6440dd45f8.jpg,0.7501425403290463,0.45023912
B2A,6444bc3ca4.jpg,0.7189249826507673,0.30800867
B2A,6447774e95.jpg,0.7541345218916288,0.54347086
B2A,6457f79ca3.jpg,0.7348282680918066,0.63231283
B2A,646da34032.jpg,0.8285378530489879,0.36187285
B2A,64813f537a.jpg,0.7847533332859274,0.41928926
B2A,6493077860.jpg,0.8097936345909764,0.23807138
B2A,649df99535.jpg,0.7142386562987343,0.66363996
B2A,64a519abd0.jpg,0.7475327655795498,0.3794223
B2A,64bd39e960.jpg,0.8937091386401784,0.21232502
B2A,64c68d0aa3.jpg,0.923599657724327,0.2204797
B2A,64c6b6a511.jpg,0.7651418587968072,0.27660128
B2A,64cf019733.jpg,0.9280181334275124,0.23013161
B2A,64d0a7acf2.jpg,0.8319480907197887,0.41330698
B2A,64d362378f.jpg,0.7125405304998699,0.3856678
B2A,64e21dfda0.jpg,0.7551985652145902,0.33516288
B2A,64ee7530ff.jpg,0.8285836002025176,0.23227578
B2A,64f06b5ceb.jpg,0.8640026153710904,0.36391377
B2A,64fcd56944.jpg,0.9064336925483075,0.18949103
B2A,6533b9656e.jpg,0.7654887367360562,0.49969444
B2A,65344ad883.jpg,0.6847799345733916,0.56021
B2A,653774f59a.jpg,0.7214120156355309,0.49171728
B2A,654dce0bc5.jpg,0.726844635304691,0.36901444
B2A,6558098202.jpg,0.7394332997162504,0.62438524
B2A,6561bd46ba.jpg,0.781295476429679,0.41123167
B2A,657337796d.jpg,0.8035521989328658,0.45333433
B2A,657a1ebe3d.jpg,0.6733467551527504,0.34748894
B2A,657bf0b295.jpg,0.886281365072514,0.19596049
B2A,657d970481.jpg,0.8278555962559391,0.28126583
B2A,65881ff201.jpg,0.8565044745012225,0.22995165
B2A,6589904ec0.jpg,0.8590783625256284,0.3474344
B2A,65a09899f8.jpg,0.7456986541342085,0.39666018
B2A,65a6d3e7e2.jpg,0.8450687721736307,0.29699627
B2A,65ba65db68.jpg,0.7031500932091654,0.35285312
B2A,65cf11fe0e.jpg,0.8590690785105751,0.33684886
B2A,65e0307c38.jpg,0.7068496730804533,0.35569924
B2A,65e1c3f768.jpg,0.6952016996372651,0.3324677
B2A,65eb33194f.jpg,0.8262917303003929,0.44200093
B2A,65f48bdd36.jpg,0.6346952763098485,0.40862954
B2A,65ff1c4226.jpg,0.6150764701958996,0.6569011
B2A,660a638976.jpg,0.6617252221740502,0.38689855
B2A,661aadc417.jpg,0.8956640491298814,0.103967
B2A,661d51efae.jpg,0.8172290941225107,0.36643657
B2A,662c5c4ff4.jpg,0.8002227245084172,0.2863113
B2A,6635a31ee1.jpg,0.7742704464940865,0.42432183
B2A,66361eea70.jpg,0.8599539463691845,0.26537955
B2A,6639b516d5.jpg,0.6757873413212663,0.39411443
B2A,663b9a1924.jpg,0.8660593436597573,0.17942488
B2A,66488583ab.jpg,0.7783844475226269,0.27895463
B2A,664b161ecc.jpg,0.7019235620933908,0.47916946
B2A,667c0fd61b.jpg,0.824296653502041,0.34981912
B2A,6690a30a29.jpg,0.7007891713761796,0.44051093
B2A,66ad36a8d6.jpg,0.7039973872009389,0.2978329
B2A,66af3aa4b1.jpg,0.526536451402857,0.31808013
B2A,66b54569e6.jpg,0.8162527890533454,0.49210867
B2A,66cb408c30.jpg,0.8755278062203031,0.21056998
B2A,66db0fe6b4.jpg,0.6802068944637433,0.31627455
B2A,66dbf73abc.jpg,0.8301005470525987,0.2527597
B2A,66e71841a4.jpg,0.8574143849786755,0.32234067
B2A,66f8456cb7.jpg,0.8069909652723462,0.29156408
B2A,6700b4b7bb.jpg,0.9332751185667778,0.30472302
B2A,670d9aa07f.jpg,0.8264599837611014,0.26433054
B2A,670dbb29d1.jpg,0.8035131368033885,0.27379823
B2A,6717eca3cc.jpg,0.6275952889786501,0.6290949
B2A,6728f4bba7.jpg,0.9003283581669799,0.22217275
B2A,6731de7cdc.jpg,0.7491914541786191,0.25628984
B2A,6736ee186d.jpg,0.776070474289729,0.48919922
B2A,674bf68b95.jpg,0.820032769856863,0.3955058
B2A,674c25f70e.jpg,0.7131056055350239,0.33264372
B2A,6751643b4b.jpg,0.7356796741339069,0.47828925
B2A,675e6b6065.jpg,0.767212547696357,0.39100122
B2A,675eb73e32.jpg,0.789608558732613,0.43638384
B2A,676a38fcf2.jpg,0.6649657756589126,0.31907934
B2A,676d2377ea.jpg,0.8492337263418008,0.23998062
B2A,67811f844f.jpg,0.7977315691220319,0.4116796
B2A,6798a2a50d.jpg,0.8191909843282268,0.30863002
B2A,679f2b8c09.jpg,0.7989199726722492,0.2931128
B2A,67ad9f90eb.jpg,0.9203848946977129,0.20043668
B2A,67ae13d8fd.jpg,0.6739039038452986,0.62650234
B2A,67b03b9ae6.jpg,0.8867899756799089,0.27136457
B2A,67b2023cdc.jpg,0.887067354240607,0.27600425
B2A,67b303bc1f.jpg,0.6722935232589187,0.42771032
B2A,67bf2caa0d.jpg,0.8090101382006529,0.3261838
B2A,67cb59fe1b.jpg,0.8196902426162859,0.45946097
B2A,67d30c5976.jpg,0.890291779201101,0.41234216
B2A,67e82318a8.jpg,0.7755492271611459,0.33354887
B2A,67fa0b1fff.jpg,0.5604569478443766,0.52323157
B2A,67ffae436a.jpg,0.7443912297549935,0.2954898
B2A,680e403ee6.jpg,0.8045100376072382,0.38764
B2A,68161f940a.jpg,0.8198817525218264,0.32229125
B2A,681747f03e.jpg,0.8545430662611608,0.15828718
B2A,681949c029.jpg,0.8583793530357423,0.26177198
B2A,681df42505.jpg,0.77027363065949,0.3334869
B2A,682e0844c2.jpg,0.8877035334085562,0.3350797
B2A,6836334767.jpg,0.680289293045601,0.4217228
B2A,683ff91f55.jpg,0.606593563101526,0.4584877
B2A,684690671a.jpg,0.8401197960556589,0.33133954
B2A,684be8790c.jpg,0.7042339236290797,0.4405685
B2A,685174f022.jpg,0.7344829712942132,0.33717546
B2A,6852f4cb2d.jpg,0.7503267350708904,0.41431555
B2A,685923a424.jpg,0.8786755673153688,0.21014431
B2A,68730b2016.jpg,0.7314322405925142,0.317549
B2A,687cd30117.jpg,0.9013198351393871,0.24728222
B2A,6884abf5fe.jpg,0.9113648341404321,0.26595616
B2A,6887ee7059.jpg,0.8061615348798485,0.27864593
B2A,688fd65571.jpg,0.8444408006565234,0.270752
B2A,689273b092.jpg,0.7286801338543963,0.37897116
B2A,68a0fd8800.jpg,0.8998340399002646,0.21171215
B2A,68b8b35955.jpg,0.8102627794050528,0.3412894
B2A,68d3757ce1.jpg,0.9169222277647922,0.236032
B2A,68d785f0cb.jpg,0.5003855984281894,0.39030308
B2A,68e40889bf.jpg,0.8929504265090773,0.2117365
B2A,68e93f1dd4.jpg,0.6715428759426116,0.40016833
B2A,68f7232a89.jpg,0.7363930272601249,0.3092537
B2A,6915fdb4e2.jpg,0.7719804653530619,0.21500938
B2A,692b29e496.jpg,0.899486387010273,0.2413458
B2A,692d2be632.jpg,0.723202109448646,0.58246934
B2A,6932043ee0.jpg,0.789024084293,0.414966
B2A,693415a29b.jpg,0.8570854481635696,0.23949648
B2A,69552238b4.jpg,0.8537929441607167,0.22842775
B2A,695755652f.jpg,0.6548469647994912,0.2988064
B2A,6957a4b495.jpg,0.8536179925618531,0.23340517
B2A,6960ca7470.jpg,0.7266404418816839,0.39896792
B2A,6960d1ca6a.jpg,0.7553934766851773,0.37123644
B2A,696803e17c.jpg,0.693159565541647,0.4139416
B2A,696f56514d.jpg,0.6505787625527556,0.49524552
B2A,6970d5e39a.jpg,0.8972158999034834,0.29386353
B2A,697a7cac68.jpg,0.6278493602697702,0.39044365
B2A,6987bc04a8.jpg,0.8587462149202193,0.33377737
B2A,69a48c1703.jpg,0.9074660270455441,0.1912719
B2A,69ae5108fc.jpg,0.6742146896709972,0.4557942
B2A,69b2d90a15.jpg,0.8255753382213747,0.45646232
B2A,69b411b727.jpg,0.5576758015408213,0.41297442
B2A,69b590e268.jpg,0.8167447581091737,0.48459792
B2A,69ba3dbcbe.jpg,0.947950259655183,0.24928954
B2A,69bc2bf220.jpg,0.8011049449537342,0.31730133
B2A,69c3dba202.jpg,0.7894076191371737,0.29321292
B2A,69c50db73f.jpg,0.5455741718300455,0.49017993
B2A,69c5eb1184.jpg,0.7343028848538365,0.356196
B2A,69ce40e8bd.jpg,0.8482592058835805,0.43137744
B2A,69cf4ee0c1.jpg,0.7913941207966256,0.4222036
B2A,69e5be6684.jpg,0.7466854230694641,0.42930445
B2A,69ea18eac3.jpg,0.6311000258502802,0.49523538
B2A,69ff61709e.jpg,0.878881412298045,0.26975828
B2A,6a0a168174.jpg,0.7845101749491592,0.42115292
B2A,6a0c1b662f.jpg,0.9073845771454694,0.23540112
B2A,6a19d6ed16.jpg,0.7793113778412566,0.27230006
B2A,6a1aea3e32.jpg,0.8551687144862294,0.31786287
B2A,6a24142aad.jpg,0.7794458216087523,0.3425753
B2A,6a3a6192c0.jpg,0.8477617012022785,0.32181668
B2A,6a4d3daafe.jpg,0.6858570418464687,0.5220182
B2A,6a4fe6590b.jpg,0.7028232930297359,0.38845873
B2A,6a55ec45aa.jpg,0.9432786670889067,0.26971075
B2A,6a5b3e97df.jpg,0.7396121437944281,0.43882567
B2A,6a62792333.jpg,0.8056449609595139,0.4393444
B2A,6a6fb64128.jpg,0.7413380577751432,0.62396854
B2A,6a75bc4fce.jpg,0.8016788774657799,0.34384093
B2A,6a95e80280.jpg,0.8500993473852219,0.3087207
B2A,6a9634ff0e.jpg,0.9112186611445418,0.20415789
B2A,6aa027975d.jpg,0.8209657419563895,0.2604736
B2A,6ab55e39e3.jpg,0.854349966159808,0.23701021
B2A,6ab607ca91.jpg,0.617051369741727,0.3420136
B2A,6ac584cbb4.jpg,0.6631993238624465,0.40935722
B2A,6ac922afab.jpg,0.8130242028969893,0.30449784
B2A,6ae1292f67.jpg,0.7237035422571519,0.19831978
B2A,6afc612209.jpg,0.8124926037688259,0.5799555
B2A,6b04d109cf.jpg,0.5647180943553733,0.3507929
B2A,6b240d89b8.jpg,0.8190385230983718,0.3693502
B2A,6b25e23139.jpg,0.8288112099068632,0.29118088
B2A,6b3e7692a0.jpg,0.7745260955610521,0.43169975
B2A,6b47c83dad.jpg,0.9251769646148967,0.2455831
B2A,6b53db36ed.jpg,0.8516871690080593,0.41575
B2A,6b61c7852e.jpg,0.826769270607781,0.29577404
B2A,6b66f3c48a.jpg,0.7671209051715577,0.3508612
B2A,6b6b85cd53.jpg,0.7676340026821136,0.6145685
B2A,6b6e1046b8.jpg,0.8776295510354191,0.22400706
B2A,6b70c93481.jpg,0.8383450191493313,0.36045706
B2A,6b7172639a.jpg,0.8492010004169775,0.29392272
B2A,6b87a7b5dc.jpg,0.8389839171554647,0.31484938
B2A,6b87dc38dc.jpg,0.6724568795200183,0.52408236
B2A,6b910e1321.jpg,0.5350262475510739,0.5288046
B2A,6ba72ca483.jpg,0.7116080422642972,0.5207188
B2A,6bb4d6273a.jpg,0.8181005728056336,0.27610657
B2A,6bc014d8ea.jpg,0.8740616299175471,0.3016063
B2A,6bc2744034.jpg,0.9139973283034122,0.2619177
B2A,6bc4af390a.jpg,0.8612081095166327,0.289452
B2A,6bc7d64fb6.jpg,0.7619041128715778,0.3365096
B2A,6bc8104d76.jpg,0.5048613389597433,0.6699906
B2A,6bcd8876a4.jpg,0.8018667790174182,0.4462392
B2A,6bcea12f74.jpg,0.8079352871747312,0.32514894
B2A,6be0fc09a5.jpg,0.6781277911110577,0.40161586
B2A,6bf0976dae.jpg,0.7440874934149814,0.41172582
B2A,6c0f6804c5.jpg,0.8032518033550219,0.2970481
B2A,6c19b70453.jpg,0.9298739688535342,0.18124345
B2A,6c1d743ded.jpg,0.7941693473729518,0.17258628
B2A,6c1f308e02.jpg,0.8085296130839261,0.3635197
B2A,6c28209b0b.jpg,0.8525707535426617,0.36557952
B2A,6c37caaa86.jpg,0.7571307531267913,0.32184583
B2A,6c38e65dd9.jpg,0.8379240657103584,0.2038676
B2A,6c5fb319c2.jpg,0.574351664027134,0.6086172
B2A,6c650608d2.jpg,0.5356750917280864,0.7146644
B2A,6c66f26b82.jpg,0.7687529174286117,0.26291397
B2A,6c77b100ea.jpg,0.6046260173918474,0.54609895
B2A,6c7b92564c.jpg,0.778920406201852,0.5199108
B2A,6c7bd28db6.jpg,0.9045548243998432,0.47681046
B2A,6c7e5b0199.jpg,0.8111128840979314,0.37405443
B2A,6c8aec68c1.jpg,0.8437065502200248,0.2581186
B2A,6c8c8234e4.jpg,0.6849270133520365,0.64860564
B2A,6c9c20101d.jpg,0.7268499722951024,0.21437061
B2A,6cad5acca6.jpg,0.8947440732351704,0.19096449
B2A,6cada09ad0.jpg,0.8681067827114377,0.25208783
B2A,6cb683712d.jpg,0.609965173860515,0.6736068
B2A,6cb7a4d1c0.jpg,0.8361563071691529,0.2657487
B2A,6cc9ba090d.jpg,0.8064531192189531,0.36872998
B2A,6cdb4ae67d.jpg,0.8122300634544566,0.32813382
B2A,6cf14b58ac.jpg,0.64688045283147,0.5668912
B2A,6d21dd8e8a.jpg,0.7720832265408489,0.43535843
B2A,6d2db478f1.jpg,0.9025517827341596,0.28720453
B2A,6d366256a0.jpg,0.7651517404209371,0.37985936
B2A,6d43871d17.jpg,0.7543149208588713,0.31804547
B2A,6d4cd97a65.jpg,0.7326271511105801,0.28715605
B2A,6d4ed509c4.jpg,0.7637799505236998,0.34965062
B2A,6d59401909.jpg,0.43613409064037306,0.6243397
B2A,6d6717a60d.jpg,0.7366030907317898,0.36281183
B2A,6d6bc1579a.jpg,0.7751458384098417,0.40130368
B2A,6d75effae7.jpg,0.5779752685450456,0.47266266
B2A,6d76ac5983.jpg,0.8198218521900896,0.31186354
B2A,6d76db2739.jpg,0.8921505012517291,0.2053501
B2A,6d8ac0ab87.jpg,0.8196295299079005,0.3380374
B2A,6d8ff7415d.jpg,0.6888034169906954,0.44075236
B2A,6da5f24eb5.jpg,0.7557096384972258,0.3334443
B2A,6da926571e.jpg,0.9228451884531017,0.13283099
B2A,6db9d90f11.jpg,0.7753229231562605,0.33078355
B2A,6dc8ab590e.jpg,0.7920109629022182,0.7031709
B2A,6dce9829bb.jpg,0.7674626018999254,0.37210846
B2A,6dcf799703.jpg,0.8373408070723415,0.31251466
B2A,6ddc86d0e4.jpg,0.8347734058197657,0.33544368
B2A,6dee6d02d8.jpg,0.7763114735545773,0.37028497
B2A,6df48d411c.jpg,0.6257960244135298,0.4127278
B2A,6dfff386db.jpg,0.7921220949916823,0.30104947
B2A,6e09fe8d32.jpg,0.8379557714227424,0.5267332
B2A,6e13b2f9b4.jpg,0.8406611323112334,0.31016117
B2A,6e17babca8.jpg,0.7805077127140795,0.3795822
B2A,6e2493f8d4.jpg,0.5882836771029264,0.32052565
B2A,6e2c4451e5.jpg,0.6147230733883169,0.57851976
B2A,6e3c226e32.jpg,0.7780608893049163,0.44881278
B2A,6e3e179ef8.jpg,0.9052349676472903,0.3045947
B2A,6e57dbfe6f.jpg,0.6118780676524199,0.5286384
B2A,6e5cd72d3c.jpg,0.8330762166693741,0.22491232
B2A,6e656030a0.jpg,0.7615802417205848,0.36510926
B2A,6e68264904.jpg,0.6304646889210698,0.548364
B2A,6e72f8ad6c.jpg,0.8945292924782552,0.40646857
B2A,6e84325bee.jpg,0.7150506722089719,0.3552056
B2A,6e89ef391e.jpg,0.671538446860586,0.31156516
B2A,6e8ec08b46.jpg,0.850435208426564,0.33269086
B2A,6e924c87a3.jpg,0.7818650570227713,0.28249967
B2A,6e9f6935ce.jpg,0.8198265533597905,0.36034027
B2A,6ea4aef23e.jpg,0.8146565571636927,0.29869476
B2A,6ebd91c7e5.jpg,0.7733474992039991,0.52340627
B2A,6ebfe9870b.jpg,0.7041687748446355,0.3377117
B2A,6ec425bb69.jpg,0.7341949978952206,0.48179892
B2A,6ecc2d49cf.jpg,0.710436896952644,0.25970945
B2A,6ed8cb6c73.jpg,0.8705782315085969,0.14691257
B2A,6edee61a9e.jpg,0.5083355584871169,0.3885659
B2A,6ee301dfa6.jpg,0.8053518649959536,0.34074956
B2A,6ee4e3cfa0.jpg,0.6124974051966072,0.40929914
B2A,6ee582ddd3.jpg,0.8371134608080706,0.40952954
B2A,6ef0e038c4.jpg,0.6876521294434944,0.42334768
B2A,6efbef83a2.jpg,0.764908647295386,0.35504812
B2A,6f28a81391.jpg,0.731828713917563,0.44772783
B2A,6f2bf952a9.jpg,0.8696187284651852,0.21350327
B2A,6f40f67816.jpg,0.8666650209290198,0.23993303
B2A,6f48326e10.jpg,0.8053612131022381,0.47677788
B2A,6f48f32192.jpg,0.822518580861938,0.41124916
B2A,6f5bf1e36c.jpg,0.7268501267519055,0.51332486
B2A,6f5ef8ad57.jpg,0.8807717446862726,0.32049638
B2A,6f68219972.jpg,0.7113873606450977,0.60930663
B2A,6f6d82abff.jpg,0.5994827449044495,0.34749877
B2A,6f7564d1a0.jpg,0.8158376264113535,0.5720599
B2A,6f77237bfc.jpg,0.5518376967912334,0.48176336
B2A,6f8cb591c0.jpg,0.8605393772386659,0.42155147
B2A,6f8d0b8187.jpg,0.5796044232510817,0.6345433
B2A,6f8e3c9a8b.jpg,0.8874129633633424,0.2542775
B2A,6f923ef327.jpg,0.7600015402755118,0.37283257
B2A,6f947d7eac.jpg,0.6903029787065241,0.4486159
B2A,6fadc7344f.jpg,0.9218288337959256,0.29924121
B2A,6fc20169b5.jpg,0.717405687595336,0.5885164
B2A,6fc42ec979.jpg,0.7831979263278285,0.29264447
B2A,6fc6fa664f.jpg,0.8578770967796999,0.40212062
B2A,6fd27b0261.jpg,0.9222295954833013,0.2847475
B2A,6fd58bb7ed.jpg,0.823722361174456,0.29566368
B2A,6fd674c2bc.jpg,0.7404243133138536,0.57014024
B2A,6feaf858bb.jpg,0.644308614908203,0.48114318
B2A,6ff650cc01.jpg,0.9604684118854707,0.111690104
B2A,6ff926036b.jpg,0.6200483436364412,0.40594488
B2A,7007638c04.jpg,0.8735258387673589,0.21794853
B2A,7018cf5472.jpg,0.8670251211197382,0.14949097
B2A,7023e05153.jpg,0.5190638367974956,0.6085571
B2A,7041df8f8d.jpg,0.7616293927502602,0.39449003
B2A,7048682787.jpg,0.7692859158666286,0.4157589
B2A,7056c4d0c9.jpg,0.8052935615211219,0.4101714
B2A,7058938d2d.jpg,0.6777921047695169,0.4256854
B2A,70688893ff.jpg,0.8247191070869068,0.35051388
B2A,7095de0c05.jpg,0.6315975340381639,0.5552146
B2A,709c87be1e.jpg,0.7655142344623511,0.44712842
B2A,70a6584991.jpg,0.874950470241294,0.2381401
B2A,70adc33191.jpg,0.8544888683848998,0.3692783
B2A,70b1293521.jpg,0.4098146459462172,0.66022396
B2A,70bbdc328b.jpg,0.8201275031195912,0.52275807
B2A,70bfad4fb3.jpg,0.8923041221963426,0.23995435
B2A,70c35d97fa.jpg,0.7685164074340758,0.7061017
B2A,70c4ba13c5.jpg,0.7306288483114632,0.38350463
B2A,70c5926990.jpg,0.8150011200758261,0.36144745
B2A,70d01a9f18.jpg,0.7978845377679286,0.36591512
B2A,70d2dd3347.jpg,0.8071984387527865,0.5569979
B2A,70e1a9d5d0.jpg,0.805448606142208,0.35123527
B2A,70f83908f4.jpg,0.6333914591256191,0.54770774
B2A,710afec54e.jpg,0.9011405302078397,0.3494451
B2A,710dddaa53.jpg,0.8228634537459267,0.21397251
B2A,710ff8d371.jpg,0.7449482596467542,0.39498797
B2A,711bdf7e70.jpg,0.8272673425987004,0.24480695
B2A,711e41a40a.jpg,0.7916662125351995,0.52361715
B2A,7124e69590.jpg,0.8576154303063837,0.255854
B2A,7128cb2ee3.jpg,0.6288347748673699,0.5428593
B2A,7140fb929c.jpg,0.9089841470136572,0.30096373
B2A,714de5bcda.jpg,0.641415747028624,0.562912
B2A,716437e0a0.jpg,0.7084561071783887,0.49838883
B2A,71697466d8.jpg,0.8601047761075379,0.2541872
B2A,716981b92d.jpg,0.8646273919407268,0.32952273
B2A,717bc1fc72.jpg,0.6212612410196456,0.59106064
B2A,718b15a998.jpg,0.8432517659226317,0.23852478
B2A,71990c1992.jpg,0.8373597575464974,0.35331583
B2A,71a1688eec.jpg,0.741493365530784,0.5136054
B2A,71ab7757d1.jpg,0.8203096047720869,0.16816342
B2A,71b9dfc246.jpg,0.7839134137588539,0.3052041
B2A,71c9f21e69.jpg,0.8833437163876031,0.3042582
B2A,71cd818b43.jpg,0.8570243628352798,0.18576795
B2A,71cde4e6b9.jpg,0.8329276459032618,0.32676893
B2A,71d0f6d808.jpg,0.6114789165752341,0.40152684
B2A,71d92823a7.jpg,0.8282279060115407,0.37419853
B2A,71e2160bc2.jpg,0.8494194304290515,0.34383515
B2A,71eb79bec9.jpg,0.7778943558551298,0.2672221
B2A,71f375fd61.jpg,0.8350494259503615,0.30342522
B2A,71f38526e3.jpg,0.7310304290657923,0.48291492
B2A,71f84e59d9.jpg,0.5755463446843844,0.46688318
B2A,71fbc6fd17.jpg,0.78252669204643,0.44764823
B2A,71feaf01d5.jpg,0.6997057617751115,0.4894318
B2A,720358ea9a.jpg,0.8251129602305229,0.3919103
B2A,7207f4dfb5.jpg,0.7200705381244902,0.4697289
B2A,720b03538d.jpg,0.8534710502416208,0.28285384
B2A,720b65616c.jpg,0.7442709966988633,0.37793562
B2A,720b79fcc2.jpg,0.5417776522407576,0.5924572
B2A,721f26a1d5.jpg,0.5310155389804866,0.81017715
B2A,721fb86cc5.jpg,0.6482371620724977,0.5848784
B2A,7226160b9d.jpg,0.854643980609485,0.26682046
B2A,722cb1e56d.jpg,0.8634872987614408,0.21507813
B2A,7232765c25.jpg,0.8605655338510346,0.27614588
B2A,723451df4f.jpg,0.8047178414589793,0.3644575
B2A,7234b91e34.jpg,0.8052015758269141,0.4231797
B2A,7237fc1604.jpg,0.8385234625959024,0.3085646
B2A,723d373aa3.jpg,0.6485655401692164,0.39705998
B2A,7241d2c3d9.jpg,0.8123126181525964,0.26755956
B2A,7261ec35d2.jpg,0.7347089106393984,0.3848457
B2A,72669a9943.jpg,0.8731521166160021,0.2911928
B2A,72812baf6e.jpg,0.7025170464018591,0.364959
B2A,7283cfab05.jpg,0.8365231573257434,0.5652415
B2A,728ea2432b.jpg,0.7278061444623827,0.51640666
B2A,7293694fa1.jpg,0.839264907164322,0.36886203
B2A,72984fac2b.jpg,0.8286565257053891,0.30510324
B2A,72a4736675.jpg,0.6442669513632259,0.345147
B2A,72a601d8f0.jpg,0.7613995361490035,0.30553415
B2A,72c7727920.jpg,0.7588801942456251,0.32003847
B2A,72d3a41349.jpg,0.8141035900174216,0.42308152
B2A,72d466fe84.jpg,0.6880514548731232,0.4181502
B2A,72e16d5fbd.jpg,0.7779733535688798,0.33507258
B2A,72e448ba0d.jpg,0.5697710350765651,0.5202012
B2A,72f617be7d.jpg,0.8837898676289039,0.5383425
B2A,730f4d3c17.jpg,0.7763877708810933,0.39676797
B2A,7310d880f1.jpg,0.794433027324269,0.44276184
B2A,731ebe59e9.jpg,0.7237564740196228,0.3103045
B2A,73222f682f.jpg,0.8893218456458433,0.36175752
B2A,73256f9bc4.jpg,0.9280964948657789,0.3612958
B2A,7325a1d7d0.jpg,0.6189352269522832,0.805547
B2A,732a9c8c6b.jpg,0.6711203602241935,0.43828583
B2A,732becb4d6.jpg,0.7199699247711163,0.4679961
B2A,7333f63f5c.jpg,0.9174394458151254,0.21208999
B2A,7336afe63d.jpg,0.8536750905995489,0.30656502
B2A,73433b9176.jpg,0.7594979590307402,0.38378775
B2A,7347d4c64e.jpg,0.8365521376676106,0.1743571
B2A,734c1c2cb7.jpg,0.9013788724094052,0.23764426
B2A,734f9967b1.jpg,0.668756012072089,0.3783887
B2A,7354bcca29.jpg,0.7248758554339797,0.34244007
B2A,736aca548d.jpg,0.8009810976078746,0.3809929
B2A,73849ee3fd.jpg,0.8177795469735658,0.19065519
B2A,7386076f73.jpg,0.844043035831915,0.26130027
B2A,738cc4553d.jpg,0.9180732350236246,0.25883356
B2A,739659d0c4.jpg,0.8119570347911836,0.34817624
B2A,739b765f02.jpg,0.7190206713928881,0.4357165
B2A,73a7bab2d5.jpg,0.6578694385505868,0.50541043
B2A,73ae5bd0e4.jpg,0.8453342238676352,0.17411503
B2A,73b60d1a3f.jpg,0.8930111076209678,0.32229322
B2A,73bc721c0c.jpg,0.7828555246301977,0.38888276
B2A,73bdd8ab24.jpg,0.7826262755453256,0.3334373
B2A,73c083aefc.jpg,0.8136468527251315,0.2891248
B2A,73d0951809.jpg,0.8209163575064068,0.368387
B2A,73d23b9664.jpg,0.7773968464041825,0.28365085
B2A,73e426eb88.jpg,0.6707996026655358,0.39996952
B2A,73eb34dde6.jpg,0.8222421858047947,0.32312608
B2A,73eed9e6c8.jpg,0.7964613167519998,0.29457745
B2A,73effc2726.jpg,0.7758573501543342,0.3327506
B2A,73f1c501ae.jpg,0.8591988468102332,0.3844187
B2A,73ffa6505c.jpg,0.8749594251671609,0.2076481
B2A,740e5eeb86.jpg,0.8024367834650783,0.565757
B2A,74342f9fbe.jpg,0.8566364484025657,0.30725133
B2A,743d265ef2.jpg,0.7603082909699131,0.34253004
B2A,7444113e88.jpg,0.819521722524331,0.25878167
B2A,7448a942f2.jpg,0.8428931845127953,0.36306974
B2A,7450949ae7.jpg,0.7762423615919064,0.3573019
B2A,745612e6f4.jpg,0.6685588907955793,0.40373722
B2A,745d4137b7.jpg,0.8539288455152714,0.23358725
B2A,746f2cd1d2.jpg,0.8844479420777103,0.25089666
B2A,74875545e6.jpg,0.8316318236071519,0.35067186
B2A,748d5a0ab8.jpg,0.7323333997551875,0.30475453
B2A,748e1a440c.jpg,0.8685313525002811,0.22957394
B2A,7491908057.jpg,0.8598701028265316,0.2767266
B2A,749222e6d6.jpg,0.8771466460864783,0.19649245
B2A,74a47c4bf0.jpg,0.8443280096885474,0.31514516
B2A,74a537f1c6.jpg,0.6933142792311451,0.35220793
B2A,74aea007fa.jpg,0.6306546929982882,0.45306084
B2A,74c1b398ad.jpg,0.9609101740943381,0.11854692
B2A,74cc091e10.jpg,0.8065020900379425,0.49302223
B2A,74d0ac959c.jpg,0.6880397578847706,0.3837174
B2A,74d406c90e.jpg,0.6365338595264647,0.29154104
B2A,74e1d0f495.jpg,0.8866491910527888,0.29343918
B2A,74f3bf7113.jpg,0.6898549741034413,0.34942126
B2A,74f3c01037.jpg,0.8582719354679124,0.29545832
B2A,74f46669b2.jpg,0.6463950973419085,0.5288761
B2A,7500111c43.jpg,0.7696870099520202,0.31925523
B2A,750111ec4f.jpg,0.7635413663536207,0.40116006
B2A,7504776c00.jpg,0.873292931438493,0.22709018
B2A,750d38f7fb.jpg,0.7702496385065006,0.5554154
B2A,7517680fdc.jpg,0.593088904947256,0.6232129
B2A,7524651de3.jpg,0.6312863279112779,0.3325242
B2A,7533dedc3a.jpg,0.6723133717350723,0.42776728
B2A,7542d63fe4.jpg,0.8635152953780445,0.26880756
B2A,754324f8f4.jpg,0.8113210146553103,0.16653168
B2A,7550e074f1.jpg,0.7202673406395147,0.40708742
B2A,7552fc948e.jpg,0.8407438969562361,0.37736443
B2A,7556df8481.jpg,0.582741428884726,0.37268984
B2A,755af1c3a4.jpg,0.8190268503611979,0.38497698
B2A,7567cc9f18.jpg,0.7600150353292696,0.32050496
B2A,756f63c794.jpg,0.830993463910883,0.30063754
B2A,7571b0e8bb.jpg,0.8533435441139448,0.31128597
B2A,75720815fb.jpg,0.812948691631787,0.59009475
B2A,7588e6d09e.jpg,0.799124039783626,0.3050041
B2A,75942c4668.jpg,0.6677115376214556,0.42083758
B2A,7594f0f494.jpg,0.6035270013456625,0.2084051
B2A,75979a026b.jpg,0.84979829763473,0.30325243
B2A,759dcb713c.jpg,0.4906021578452525,0.51461846
B2A,75aafd3f82.jpg,0.7774990427048278,0.4441871
B2A,75ae690a9b.jpg,0.7759604249359134,0.43832296
B2A,75aeffdcf8.jpg,0.6707981309809351,0.45270663
B2A,75b200e2f2.jpg,0.6257399368106601,0.36604482
B2A,75c89b8f5e.jpg,0.8047041727210511,0.33756232
B2A,75c92b7fca.jpg,0.8201426626546718,0.2896813
B2A,75ce72e60d.jpg,0.879081848414582,0.21169686
B2A,761d963561.jpg,0.7805527855514522,0.2975095
B2A,7622bccb99.jpg,0.9104914488021822,0.26116103
B2A,76354e710e.jpg,0.43423131833927464,0.500807
B2A,76461faf34.jpg,0.8026372106357651,0.298036
B2A,7659aebdef.jpg,0.7047784881865947,0.48484674
B2A,7664753e1a.jpg,0.740829183543211,0.39319128
B2A,76665f40b9.jpg,0.8182562262414476,0.35227945
B2A,7669df8ee6.jpg,0.8729845040184419,0.28806534
B2A,7679305237.jpg,0.8763938541958066,0.27837712
B2A,768650ced7.jpg,0.8733518746390524,0.42997515
B2A,7689871557.jpg,0.7604157115019088,0.24170502
B2A,768c95d325.jpg,0.7963713817107636,0.29407132
B2A,76916c1438.jpg,0.5208537983282647,0.4810258
B2A,76a03653aa.jpg,0.849526060762521,0.24831319
B2A,76a510b033.jpg,0.7309442466884004,0.5793371
B2A,76a75521fa.jpg,0.6233725981715466,0.5182194
B2A,76b398536a.jpg,0.775791351906852,0.47783506
B2A,76c2eea825.jpg,0.867499945426103,0.30810386
B2A,76ceecc865.jpg,0.770412935606195,0.3640833
B2A,76edc30013.jpg,0.7297033015891692,0.44886494
B2A,76ef022161.jpg,0.7544290886569562,0.31152317
B2A,76f978fec2.jpg,0.6798101001385899,0.47427753
B2A,7703813883.jpg,0.7553464894133826,0.52603656
B2A,77102d5829.jpg,0.8503114412856698,0.46423525
B2A,7727666e8d.jpg,0.7924643016411048,0.32782906
B2A,772787cb7c.jpg,0.8782387532010215,0.26792228
B2A,7729898908.jpg,0.7463813554994634,0.39995718
B2A,774082dd9e.jpg,0.8202180288257472,0.205641
B2A,77419070a6.jpg,0.7870726164569838,0.40317133
B2A,774f853b60.jpg,0.7813044483661747,0.3114647
B2A,7750286d66.jpg,0.7999080818576739,0.36464614
B2A,77573ba17e.jpg,0.9053322491989838,0.19247442
B2A,7759594268.jpg,0.7792832167432429,0.42146853
B2A,776a168a2e.jpg,0.7349446535129688,0.35871863
B2A,776b0e0213.jpg,0.8161289210083364,0.22985487
B2A,776dbabcb1.jpg,0.8275369441428455,0.3970714
B2A,776e857956.jpg,0.8510040613691534,0.23309258
B2A,77740b1ba2.jpg,0.7564392171477623,0.2924229
B2A,777e0d9afc.jpg,0.6631958903997227,0.3540835
B2A,777f896f3b.jpg,0.826931546048354,0.32211608
B2A,778a55d424.jpg,0.7287888836136452,0.5035198
B2A,77a2df3751.jpg,0.6961902531300113,0.28319615
B2A,77a6d1f419.jpg,0.8000510182728294,0.3844694
B2A,77b1ed8168.jpg,0.8881892872310367,0.30650723
B2A,77b8c928ae.jpg,0.877989394157778,0.24578756
B2A,77c637c87c.jpg,0.7931421583685597,0.37316063
B2A,77c63d6765.jpg,0.9216505854155616,0.32992026
B2A,77cc149318.jpg,0.5872989558864774,0.60404944
B2A,77d268dafa.jpg,0.8250054792124224,0.31558466
B2A,77d27a89f3.jpg,0.7902106301340713,0.33304662
B2A,77d554c049.jpg,0.8666623831827233,0.25690043
B2A,77d9910a45.jpg,0.8304145657332597,0.25303268
B2A,77dcb3f91c.jpg,0.7296981061904758,0.5369542
B2A,77e77fd4d9.jpg,0.7715001171209699,0.4421561
B2A,77e82445c9.jpg,0.8835450166022143,0.30312485
B2A,7801bb9581.jpg,0.5826144381296616,0.5952284
B2A,7805d03ce4.jpg,0.7413692341024816,0.34807852
B2A,7807bdaae8.jpg,0.725310730898058,0.5310962
B2A,781764cd26.jpg,0.654962882432934,0.44503638
B2A,78216eacbb.jpg,0.8053523283979872,0.33966982
B2A,78233f97ed.jpg,0.7708511602268971,0.28725797
B2A,7827929b12.jpg,0.5741365498782932,0.4361003
B2A,7828416c2b.jpg,0.8409695358258871,0.23350842
B2A,7838b0b023.jpg,0.8567221933585936,0.24408965
B2A,7870db5306.jpg,0.9191848437271567,0.16308546
B2A,7881e712fb.jpg,0.48915740790218004,0.4995683
B2A,7885b18fe7.jpg,0.7247959378436193,0.5149907
B2A,7885f87ccd.jpg,0.8349348695433578,0.3472097
B2A,788782c439.jpg,0.6162820986739304,0.41052583
B2A,7888781c57.jpg,0.7040510196098588,0.44807744
B2A,788e9005c2.jpg,0.7894944043968655,0.40867615
B2A,78969b7789.jpg,0.7225765533825994,0.39876133
B2A,789c663ce2.jpg,0.8290749628586364,0.22924991
B2A,789d474691.jpg,0.7964846413305058,0.19738184
B2A,789fe43c3b.jpg,0.7874343079631456,0.30007303
B2A,78b260b084.jpg,0.5522573190461159,0.46143264
B2A,78b3c9e843.jpg,0.8040577419400148,0.35183153
B2A,78b7b08af3.jpg,0.6846868404935972,0.41365147
B2A,78ba4238cb.jpg,0.8469883101582197,0.21281
B2A,78ce4c4608.jpg,0.671230393600896,0.1821033
B2A,78d517ae49.jpg,0.7844756698893638,0.49917322
B2A,78f2b2e678.jpg,0.8044277361194451,0.32800275
B2A,78f6992d04.jpg,0.7112798431182299,0.5374731
B2A,78fcba3055.jpg,0.7876302696160533,0.4798031
B2A,79109e8c61.jpg,0.7194128751636186,0.40031302
B2A,7913d3ab4b.jpg,0.6562612349279131,0.49685502
B2A,7926b2a5bd.jpg,0.7879018632915701,0.32566872
B2A,79419a7227.jpg,0.9078279731050559,0.18156981
B2A,7965d8c651.jpg,0.7447966445026826,0.44303608
B2A,796c7e723b.jpg,0.87914611650311,0.2746635
B2A,79733e8783.jpg,0.8160482416617778,0.31436795
B2A,797adf61af.jpg,0.898356877199573,0.2662607
B2A,797e703d91.jpg,0.6414028650374828,0.42966342
B2A,7980d5b29a.jpg,0.9291146790756031,0.18085022
B2A,7981b8e217.jpg,0.8626894918523742,0.3277761
B2A,799d7e401d.jpg,0.7030071263891913,0.36031923
B2A,79a49efeb3.jpg,0.812625478934172,0.3584064
B2A,79a5164707.jpg,0.8165964186413337,0.38939232
B2A,79ab6fdc8e.jpg,0.8364420007164627,0.2834291
B2A,79b9d8bfb5.jpg,0.7316547571130477,0.42034793
B2A,79c459542d.jpg,0.8028666594342949,0.34733248
B2A,79dc9b3fc8.jpg,0.8752771790067029,0.34495905
B2A,79dd5cd9b8.jpg,0.8230634224245651,0.40865743
B2A,79e4e783df.jpg,0.8745130387386608,0.21037483
B2A,79f08e8403.jpg,0.831004530517497,0.4543729
B2A,7a06011cda.jpg,0.8332448640679938,0.28475878
B2A,7a16ecde25.jpg,0.7538531702601011,0.3317514
B2A,7a21514dd6.jpg,0.6242303201348558,0.38358212
B2A,7a235d7c2e.jpg,0.8139719799776776,0.20250872
B2A,7a317ade8c.jpg,0.6586258027753236,0.39789838
B2A,7a384aae43.jpg,0.8508193763054077,0.29443467
B2A,7a41220ce3.jpg,0.8149525647002285,0.3051222
B2A,7a4248c339.jpg,0.8570044107330388,0.39190942
B2A,7a4936b4d3.jpg,0.7926300073109855,0.25554162
B2A,7a50f1f877.jpg,0.8579812213081913,0.23355904
B2A,7a672fc939.jpg,0.8806449022974189,0.23436232
B2A,7a67d01ecb.jpg,0.8281493457874929,0.30041015
B2A,7a790425a3.jpg,0.7346504909431062,0.3028239
B2A,7a7c8a41da.jpg,0.8114287896810342,0.36146912
B2A,7a7c978501.jpg,0.6188768930679324,0.6343852
B2A,7a89081006.jpg,0.8426562780090096,0.22416066
B2A,7a92dc3b48.jpg,0.8354118796190475,0.38301757
B2A,7a938425d7.jpg,0.623513918723313,0.5830747
B2A,7a9c9957a2.jpg,0.8612205818220801,0.40102583
B2A,7adce96691.jpg,0.6867561994509774,0.33460075
B2A,7ade5f17b6.jpg,0.9214009726908993,0.37460062
B2A,7ae14d0df4.jpg,0.8943596871336732,0.30636817
B2A,7ae24e7c92.jpg,0.7284575054963884,0.50477576
B2A,7ae27065e4.jpg,0.6415357883440419,0.5887088
B2A,7aec020dba.jpg,0.7794292658198926,0.2562666
B2A,7aef765d7c.jpg,0.8759265645325591,0.21908773
B2A,7afb68c270.jpg,0.8197294535874837,0.380426
B2A,7b2c14d64c.jpg,0.7605161361662,0.44335204
B2A,7b2df8fad8.jpg,0.6943595830946999,0.41349885
B2A,7b2e948dd2.jpg,0.9029009727013272,0.37161297
B2A,7b38a10760.jpg,0.8912307848167716,0.28339428
B2A,7b3dcfc234.jpg,0.7454102780095512,0.38353378
B2A,7b42fe0738.jpg,0.792693026221055,0.42847383
B2A,7b4f952cda.jpg,0.8510355345976084,0.25491402
B2A,7b563f3da5.jpg,0.777861006135141,0.34570074
B2A,7b58d64ffe.jpg,0.7466163660560319,0.6016729
B2A,7b6c956002.jpg,0.7881248241756499,0.28907663
B2A,7b78d025c5.jpg,0.8195774891951426,0.48843086
B2A,7b7a60c254.jpg,0.8153226111955572,0.22691898
B2A,7b7def398f.jpg,0.8389741232309156,0.3319137
B2A,7b8226f09f.jpg,0.784014642275662,0.5161028
B2A,7b8bc9e046.jpg,0.6267355689308224,0.6628774
B2A,7b8e783020.jpg,0.6357216031565416,0.37208563
B2A,7b95afc20a.jpg,0.8103964298050437,0.24851888
B2A,7b9b6563a7.jpg,0.8153928019877538,0.510872
B2A,7bb4e1593a.jpg,0.632290161061659,0.3670279
B2A,7bb60f2e2d.jpg,0.7254786599769965,0.41062212
B2A,7bbd0f8f52.jpg,0.9114066825378841,0.29811287
B2A,7bc83c1b56.jpg,0.9148117022341399,0.17232111
B2A,7bdf9996ea.jpg,0.8840469210629437,0.383237
B2A,7be0db443f.jpg,0.8338195089044932,0.3088887
B2A,7be0dc51f4.jpg,0.8025212266254018,0.26633206
B2A,7be0f69dcb.jpg,0.7134713729132703,0.34446016
B2A,7bf5288c2b.jpg,0.7322228556296242,0.3964432
B2A,7c008f564f.jpg,0.6358403580248269,0.26356354
B2A,7c0124f967.jpg,0.9294948403831392,0.23911229
B2A,7c0461f641.jpg,0.8269696622525373,0.328089
B2A,7c049eff70.jpg,0.8219427578205701,0.33297127
B2A,7c0c7a783b.jpg,0.6603226629662555,0.3732701
B2A,7c0d9a98f6.jpg,0.6243617851643014,0.5253098
B2A,7c10f3f57f.jpg,0.7515999283665661,0.4557621
B2A,7c1125ebeb.jpg,0.7017487971814886,0.37142012
B2A,7c1218f676.jpg,0.6651561335930833,0.47776145
B2A,7c15235fb8.jpg,0.8447558782921751,0.45504045
B2A,7c156b004d.jpg,0.7580697059477781,0.4069168
B2A,7c1d7c9aa3.jpg,0.7989271948019727,0.26784688
B2A,7c1f2ef952.jpg,0.8129589605919061,0.26752698
B2A,7c1fcdc180.jpg,0.8185459487235002,0.3525451
B2A,7c25e34189.jpg,0.6852322623279907,0.48713136
B2A,7c384a7ede.jpg,0.7293977992674804,0.56625104
B2A,7c3b2c256c.jpg,0.6016369197386959,0.5724543
B2A,7c3ee3e388.jpg,0.8458372623609286,0.22603324
B2A,7c3fbdac59.jpg,0.6826582073176493,0.37936658
B2A,7c4766fb03.jpg,0.8836884276105912,0.35391453
B2A,7c5d962322.jpg,0.8326056392444784,0.5074431
B2A,7c63c281ef.jpg,0.7534527947619377,0.36644456
B2A,7c68ca1865.jpg,0.8274622816111741,0.3449509
B2A,7c68ccf32f.jpg,0.7581963814869821,0.43416288
B2A,7c6ab18691.jpg,0.5844571562329048,0.64151394
B2A,7c6cf5181a.jpg,0.7475645911585246,0.39160553
B2A,7c79a1e83e.jpg,0.766328044441006,0.3589534
B2A,7c872ca222.jpg,0.6916011986659553,0.56632054
B2A,7c955126e8.jpg,0.7503592685722881,0.5442918
B2A,7c9a4f10b2.jpg,0.7744384058887969,0.30922544
B2A,7c9af80795.jpg,0.751860930053338,0.45096436
B2A,7cb0522881.jpg,0.6618615788778411,0.55278987
B2A,7cb0db442a.jpg,0.8494149533323136,0.3622622
B2A,7cb82fa990.jpg,0.826491346481313,0.35638216
B2A,7cbf0363dd.jpg,0.7870696467231075,0.40185294
B2A,7cc41853c4.jpg,0.8022428833562425,0.23834375
B2A,7ccec75d11.jpg,0.6959875866073966,0.26026845
B2A,7cd2ad5db4.jpg,0.7862373808904093,0.3018554
B2A,7cd7629560.jpg,0.7504408638110358,0.4129599
B2A,7cda318854.jpg,0.7395610757220175,0.36344633
B2A,7cdd5a8c97.jpg,0.7232956521295267,0.43191284
B2A,7ce956f84e.jpg,0.8988143669062307,0.19875185
B2A,7cf3257fe1.jpg,0.8567751673363055,0.1727043
B2A,7cf972ca4e.jpg,0.730643168212265,0.272548
B2A,7d0b63d4d1.jpg,0.8384017128023734,0.3466223
B2A,7d11bc4bb1.jpg,0.9039354550275494,0.2293056
B2A,7d14ae2c83.jpg,0.8305270490252685,0.45380515
B2A,7d1867e979.jpg,0.721856264003046,0.28552476
B2A,7d33e5e3ac.jpg,0.8588157149681052,0.24505368
B2A,7d3556655c.jpg,0.6784689357598749,0.45676854
B2A,7d438b5b3e.jpg,0.7879420475282087,0.33683679
B2A,7d4e10f395.jpg,0.8752471790248351,0.25014988
B2A,7d65234f6f.jpg,0.5551383937998613,0.55040073
B2A,7d696fbb2f.jpg,0.7473879606041867,0.42922062
B2A,7d6dc43485.jpg,0.8631684157479917,0.24852872
B2A,7d71d359f0.jpg,0.8386308314967104,0.29451853
B2A,7d72c4ba28.jpg,0.8430042410248456,0.43674266
B2A,7d7556d1dd.jpg,0.8126629798128271,0.35039604
B2A,7d7d58cea7.jpg,0.5889880662225183,0.5092397
B2A,7d8abbfdbd.jpg,0.8296151126288699,0.369892
B2A,7d940c442d.jpg,0.8311917039971137,0.398452
B2A,7d95240653.jpg,0.7597115760968178,0.4544839
B2A,7da4680104.jpg,0.77044251860435,0.3879728
B2A,7db236abe0.jpg,0.6274769038658647,0.6783743
B2A,7dca327fe8.jpg,0.7690545696529031,0.54593724
B2A,7dcb0d04e3.jpg,0.8307930736254823,0.40510553
B2A,7dd8b4a45b.jpg,0.48111570230461614,0.7054641
B2A,7de01293ea.jpg,0.8363155158469511,0.44731027
B2A,7dfb072885.jpg,0.805274064848667,0.37324727
B2A,7e2519dcf1.jpg,0.5749551887430677,0.5222631
B2A,7e26c9f22d.jpg,0.764122641158351,0.32001626
B2A,7e2ad883dd.jpg,0.7525074351267518,0.45051524
B2A,7e2e2533ee.jpg,0.886080546385361,0.2942213
B2A,7e304fd432.jpg,0.6770058483059791,0.25637838
B2A,7e37685707.jpg,0.7506129613595621,0.25910825
B2A,7e3c9753d2.jpg,0.7396187261551248,0.38035655
B2A,7e6b458841.jpg,0.798483266346325,0.40408486
B2A,7e77e7ff01.jpg,0.8947410231675724,0.33409798
B2A,7e83030c67.jpg,0.8412965350269167,0.3761769
B2A,7e838e4c19.jpg,0.6091755238086655,0.6815173
B2A,7e889d8813.jpg,0.6956257868523322,0.43400148
B2A,7e8e158ba5.jpg,0.7628198341304607,0.4402615
B2A,7e91553d4c.jpg,0.6064725726194615,0.53188884
B2A,7e947e8473.jpg,0.6503251915329951,0.44596446
B2A,7ea12ecf5b.jpg,0.7841391366647682,0.2660533
B2A,7ea8555873.jpg,0.560243707642149,0.56959647
B2A,7eb9a0d805.jpg,0.6983869893559327,0.44884044
B2A,7ebc0b2351.jpg,0.7618038903055979,0.29131222
B2A,7ebcd7c679.jpg,0.6481971630720901,0.42303425
B2A,7ec20e8b9a.jpg,0.7440484557585346,0.34279832
B2A,7ede634def.jpg,0.7606225545572295,0.4841816
B2A,7edf7ca60d.jpg,0.5872529362946229,0.7186596
B2A,7ef4f1446b.jpg,0.8328431233074581,0.3292112
B2A,7f019e5373.jpg,0.8418094286789384,0.31404918
B2A,7f02d9fa8f.jpg,0.6966255316049439,0.63133115
B2A,7f12c1cca1.jpg,0.8741001114165651,0.38515252
B2A,7f299427bb.jpg,0.6749466091195789,0.35303324
B2A,7f324200d3.jpg,0.7857257079612492,0.5312605
B2A,7f43e66a43.jpg,0.7729934572967136,0.43907052
B2A,7f4e8f04c5.jpg,0.6576659951371903,0.44305116
B2A,7f59dbd120.jpg,0.850105394180003,0.3188557
B2A,7f60fd12e1.jpg,0.8649244007471927,0.15991655
B2A,7f640e04dc.jpg,0.6971830185597369,0.31760833
B2A,7f78a7aa8c.jpg,0.8145136477927217,0.40995446
B2A,7f7f9dcc20.jpg,0.8846811199554305,0.18683186
B2A,7f9ac1520f.jpg,0.7487541464043468,0.28670964
B2A,7fa151a456.jpg,0.6138165391607664,0.3726747
B2A,7fa2d1f946.jpg,0.8286998717863453,0.26918885
B2A,7fa318179b.jpg,0.8124000860338053,0.36489642
B2A,7fa6e56ff7.jpg,0.8736925075529324,0.29335803
B2A,7fb0f42377.jpg,0.7786307485057565,0.42853278
B2A,7fb171451a.jpg,0.5915484809314174,0.6219107
B2A,7fb1cad955.jpg,0.7422517581914172,0.22584814
B2A,7fb9eff147.jpg,0.8393455306575719,0.3296481
B2A,7fc9c15d6c.jpg,0.735513300739713,0.2774783
B2A,7fd24aaafe.jpg,0.7935001461250238,0.42589074
B2A,7fe10b4018.jpg,0.7622480600284086,0.4409238
B2A,7fe3df6004.jpg,0.8054662905988108,0.27673054
B2A,7ff003370d.jpg,0.7481265842340344,0.3492658
B2A,7ff8dfa2ee.jpg,0.7969851442732651,0.35613847
B2A,7ffc13fa6c.jpg,0.6898559830200603,0.6776306
B2A,80056780a6.jpg,0.895179593415712,0.258496
B2A,802eeb0575.jpg,0.7901657985822483,0.3026803
B2A,803918db32.jpg,0.9324093853278176,0.2916279
B2A,803cdfa30d.jpg,0.659353394071681,0.5179709
B2A,8040facbe6.jpg,0.8452185902460418,0.2939734
B2A,80504a22b9.jpg,0.8048966506831292,0.4975561
B2A,805cc692e2.jpg,0.7366804677174029,0.4361069
B2A,805d252a48.jpg,0.8494970535415723,0.3513136
B2A,806723cc78.jpg,0.8622776582342205,0.20640855
B2A,806806cb9a.jpg,0.8002534515026386,0.42081773
B2A,806bcffeb8.jpg,0.8739951288082248,0.23702258
B2A,807412a8c6.jpg,0.8024167791248982,0.530676
B2A,80ae498dc4.jpg,0.797516602340023,0.30777228
B2A,80bdb3ebb3.jpg,0.9004062750942691,0.2250776
B2A,80c662984e.jpg,0.6925664665580384,0.26069087
B2A,80c7bd98c6.jpg,0.8987284508405355,0.20455909
B2A,80cb714bef.jpg,0.883403968076577,0.76147646
B2A,80e9db68d7.jpg,0.7026514928063293,0.39168176
B2A,80f21f8d80.jpg,0.7835522537498623,0.2966865
B2A,80f94c28a2.jpg,0.668524659453281,0.49418473
B2A,80f9a9d388.jpg,0.554064748789107,0.40551412
B2A,8101ece7f2.jpg,0.7726962180556,0.33658734
B2A,8102f2aa02.jpg,0.9336555324946454,0.19249743
B2A,8107391f58.jpg,0.8059410264797245,0.35374942
B2A,81167cf39f.jpg,0.7589166332552717,0.31007206
B2A,811d974e6d.jpg,0.8269793569917432,0.5113448
B2A,811f8878b8.jpg,0.8234319377371339,0.42790207
B2A,81212b5fb3.jpg,0.734218921315589,0.41963243
B2A,812c304d83.jpg,0.5890127566227463,0.6362726
B2A,81389aa2a9.jpg,0.8984515002431099,0.20435932
B2A,81598667e6.jpg,0.6719413193981559,0.38413817
B2A,8159e774de.jpg,0.827548760959926,0.42123145
B2A,815a938f69.jpg,0.8494805715102571,0.22892414
B2A,815ab85a6e.jpg,0.7115854711072973,0.35467225
B2A,816320a79c.jpg,0.694787654365234,0.5212252
B2A,816941fe05.jpg,0.7587438333679952,0.3654476
B2A,816cf329c2.jpg,0.8307712669532212,0.25642404
B2A,8173072883.jpg,0.7443639808548224,0.3419148
B2A,817699d6f7.jpg,0.8136308057190326,0.39751366
B2A,8178110f5e.jpg,0.7543712174551511,0.2794473
B2A,8195d86c30.jpg,0.8985386475646998,0.32352203
B2A,819ced9dae.jpg,0.8818880532064429,0.21061748
B2A,81a3f846ba.jpg,0.9324541798281119,0.3114584
B2A,81a5890567.jpg,0.6179445035748579,0.38470417
B2A,81ac7dcf8c.jpg,0.7526695045106624,0.33491957
B2A,81acc80772.jpg,0.7579137001787907,0.2883849
B2A,81c035fb44.jpg,0.8662908685187326,0.34689018
B2A,81c57f7151.jpg,0.6969823458904503,0.51739293
B2A,81ce13c3df.jpg,0.8823580015001501,0.2521806
B2A,81da4f11ed.jpg,0.7328260657907253,0.24367806
B2A,81ea0e81ce.jpg,0.7194248166814354,0.33450496
B2A,81ed4d9ff3.jpg,0.6097735738258678,0.46594292
B2A,81fb53e37a.jpg,0.5041915749387812,0.4172904
B2A,81ff0aefc6.jpg,0.824540751324679,0.27971628
B2A,82040426b5.jpg,0.7197902339018338,0.6999573
B2A,8220d80950.jpg,0.6799141332868543,0.55982554
B2A,822552115b.jpg,0.7738193132903847,0.3518561
B2A,822947ecb1.jpg,0.7927627110118148,0.29005292
B2A,82367ab4d2.jpg,0.6559610559405169,0.5328359
B2A,8248de6066.jpg,0.7399742599564875,0.3900171
B2A,824bed3f95.jpg,0.9149073520033657,0.25981623
B2A,82634a2ae8.jpg,0.8639314574119424,0.28995553
B2A,82693740f1.jpg,0.6098190904523109,0.69035995
B2A,8277fe2e16.jpg,0.6320300096635113,0.40291882
B2A,827d49d009.jpg,0.9246994458986293,0.18959248
B2A,8296beac40.jpg,0.8017485618466325,0.2873327
B2A,829836a509.jpg,0.6747763695613925,0.4244016
B2A,8298b9a8d8.jpg,0.770912620929251,0.34799334
B2A,829903c6c6.jpg,0.7683404539022869,0.40195864
B2A,82af83a14d.jpg,0.7200870302257392,0.37434736
B2A,82b669c385.jpg,0.7489368392253708,0.30228335
B2A,82bef71a05.jpg,0.5490865772795711,0.34901226
B2A,82c327e9d4.jpg,0.6935925445608194,0.5380564
B2A,82decad964.jpg,0.6150600234515011,0.50091267
B2A,82e260b45d.jpg,0.9062435765671534,0.33454835
B2A,82e41780fb.jpg,0.6256088223490213,0.48094082
B2A,82e82a8357.jpg,0.8285679578132672,0.36077818
B2A,82eed08641.jpg,0.8136480047933949,0.35185766
B2A,82f5266958.jpg,0.8400897701382712,0.4590573
B2A,82fcbee767.jpg,0.8340306113516026,0.33452916
B2A,8304fdf299.jpg,0.6999282458127226,0.5790439
B2A,830926071b.jpg,0.6970784031477265,0.579613
B2A,8309cebb11.jpg,0.8679487048218024,0.3010846
B2A,830d6a9af8.jpg,0.7178192937732032,0.40147626
B2A,8310e4a528.jpg,0.8220643436992712,0.27992755
B2A,831831cd60.jpg,0.7070058314376814,0.44232374
B2A,833684a09f.jpg,0.8244783970202362,0.2870658
B2A,8340918985.jpg,0.9257733668664775,0.15691295
B2A,834324b28d.jpg,0.6808185443030157,0.5799401
B2A,834d25dc3a.jpg,0.6175285976480389,0.4258855
B2A,835bec911b.jpg,0.878941246887155,0.25123844
B2A,8369977ac5.jpg,0.9090399530569496,0.25663254
B2A,8371a80fc5.jpg,0.7684717948467497,0.32472143
B2A,838707bb83.jpg,0.5926760961691264,0.68604696
B2A,83871aecf1.jpg,0.8908051986750168,0.31234843
B2A,839167629f.jpg,0.7516970942590004,0.35846448
B2A,8399fa40c0.jpg,0.8339879069774033,0.38249195
B2A,83a22608d9.jpg,0.6494135210062757,0.44850773
B2A,83b450115e.jpg,0.8895879291092988,0.21009149
B2A,83b513a9f5.jpg,0.8870977805681196,0.26191416
B2A,83b5cb7823.jpg,0.8702474013781429,0.2602157
B2A,83ca4e5d68.jpg,0.7626280757027384,0.55321586
B2A,83cf828aa6.jpg,0.8766282546620592,0.3970338
B2A,83d2597f51.jpg,0.7254358125575671,0.32234412
B2A,83e571e3af.jpg,0.6037253255958989,0.5500455
B2A,83e9d62ff0.jpg,0.7084774234232709,0.49296337
B2A,83ed90d1d7.jpg,0.8343163320461229,0.27095735
B2A,83f5024bcd.jpg,0.8044903579771611,0.24848156
B2A,83f55b4d2e.jpg,0.7739021533449508,0.36139196
B2A,83f5a65548.jpg,0.9120223637535463,0.20331396
B2A,83f6286883.jpg,0.5137028832989275,0.52437633
B2A,8400927e5f.jpg,0.9077236022902672,0.28248575
B2A,840a22679d.jpg,0.6847758977338309,0.4317559
B2A,8410764670.jpg,0.7699249771255248,0.3012602
B2A,8417b9ba5d.jpg,0.7801077769008252,0.40397838
B2A,842796e8dd.jpg,0.7722660934199126,0.34501716
B2A,84356275c7.jpg,0.8587217866312582,0.27897123
B2A,843b6f2a18.jpg,0.8748886815427088,0.41208497
B2A,843d7a0966.jpg,0.6527091729224628,0.48012218
B2A,843f66f77e.jpg,0.7408289237922179,0.4478807
B2A,84484a24e0.jpg,0.7764877249862429,0.5151657
B2A,84553b740b.jpg,0.7611092439266343,0.35745952
B2A,84637eb98b.jpg,0.9040223594200506,0.22053899
B2A,8474d317e3.jpg,0.746401031306245,0.399117
B2A,847da6b705.jpg,0.7012125758305835,0.4933501
B2A,8480e5bae2.jpg,0.880546516474843,0.25700182
B2A,849b958fa3.jpg,0.8566408162923065,0.21405752
B2A,849d054ce5.jpg,0.8934810802358036,0.47662777
B2A,84acf0ee3f.jpg,0.6345581539142068,0.59867454
B2A,84c2400c39.jpg,0.8040296841549162,0.23978856
B2A,84c4d10f39.jpg,0.9015953105254824,0.18506067
B2A,84cae20e39.jpg,0.7854281939907818,0.26740697
B2A,84cb45938b.jpg,0.7281020266656396,0.50809
B2A,84cd781c32.jpg,0.7305931732331153,0.3790743
B2A,84dad4b872.jpg,0.7972498914907553,0.47978115
B2A,84df271806.jpg,0.661177656191951,0.5270181
B2A,84ee633e7a.jpg,0.862454381090793,0.25377673
B2A,84f1a78c0a.jpg,0.6841896908534897,0.453381
B2A,84f5b38537.jpg,0.763924091418527,0.4566418
B2A,84fd2747e7.jpg,0.8531753033462589,0.28184533
B2A,85011baf6a.jpg,0.6293800207936746,0.40387988
B2A,850cb18db0.jpg,0.7654118493787803,0.4374566
B2A,8511eb45e8.jpg,0.823476499424311,0.44448847
B2A,851c2742d9.jpg,0.8666436433088757,0.1629083
B2A,8526c7d445.jpg,0.6782146941897111,0.579733
B2A,852771e943.jpg,0.7777593629701305,0.57943547
B2A,8527919cc8.jpg,0.6406132862929579,0.54589593
B2A,852ced6303.jpg,0.8146694999884845,0.28862762
B2A,85377f86af.jpg,0.5311073201812179,0.47851667
B2A,8562b1ef80.jpg,0.7952581373480981,0.27617478
B2A,8565668373.jpg,0.8078624330262659,0.4225321
B2A,8574055650.jpg,0.8134351187642005,0.30491608
B2A,8576320b13.jpg,0.7468493323374054,0.39564422
B2A,8584d4b75f.jpg,0.6899092911723339,0.2701047
B2A,8593b23e01.jpg,0.772335694149378,0.37232822
B2A,8597aec3c1.jpg,0.6849624499332473,0.60703665
B2A,8598af15a5.jpg,0.6928218068618044,0.47403538
B2A,85b3353572.jpg,0.9135055526102519,0.23813024
B2A,85d1493cb9.jpg,0.8846981523685219,0.2906981
B2A,85d4c7d44e.jpg,0.9264126221766343,0.22833203
B2A,860986c993.jpg,0.8308799923484133,0.2122694
B2A,8609912dd5.jpg,0.8027918951114694,0.2871698
B2A,8610a242cf.jpg,0.6258996482297233,0.5397172
B2A,86146960bc.jpg,0.7002459490760642,0.73634964
B2A,86149e3c8a.jpg,0.8128960257782958,0.35114503
B2A,8623f11b69.jpg,0.8797458919937323,0.26068836
B2A,8635c1c560.jpg,0.8332651268672129,0.2136157
B2A,8656e512bc.jpg,0.6701470104813086,0.31219327
B2A,866ca5455c.jpg,0.7110231982569631,0.56681454
B2A,8676768de2.jpg,0.8253020272672829,0.48630896
B2A,86777200f8.jpg,0.6838268958518381,0.51428926
B2A,868b7d7c85.jpg,0.7247782393634495,0.38006935
B2A,868fdaaa01.jpg,0.7717364743727513,0.34297493
B2A,86913ad2d6.jpg,0.8443235471941025,0.20560211
B2A,869e7e9177.jpg,0.8489980803889194,0.33328637
B2A,869f7517fb.jpg,0.8619737732088044,0.37585497
B2A,86a8147985.jpg,0.5496012484763821,0.615869
B2A,86b0a365e5.jpg,0.6370382141753036,0.4238146
B2A,86c26de778.jpg,0.8815709348928061,0.1710363
B2A,86c699eff0.jpg,0.8310178860361065,0.3695155
B2A,86cb9f2483.jpg,0.8291456217474227,0.27779025
B2A,86d8a1d9ba.jpg,0.7175692674322287,0.46935552
B2A,86e66ceaf1.jpg,0.7620046130885024,0.4790774
B2A,86ecbea286.jpg,0.7377952718741244,0.54115623
B2A,86f8a2e90f.jpg,0.7816523366184013,0.24766839
B2A,86f9aceace.jpg,0.6029750899735984,0.40977353
B2A,87016c0800.jpg,0.5500736380343552,0.4230331
B2A,8705ef9d26.jpg,0.7292520571327513,0.48731175
B2A,87139410be.jpg,0.7528389884372171,0.3561086
B2A,8728db54dc.jpg,0.8430678819095188,0.21506968
B2A,8738881ad2.jpg,0.8346670858185993,0.35859734
B2A,873e430467.jpg,0.7233630747345494,0.38738328
B2A,87483aa57b.jpg,0.9139057738793368,0.38096192
B2A,875b07f673.jpg,0.784366112344351,0.34356213
B2A,87673f1feb.jpg,0.8084430131014452,0.4663728
B2A,877501f570.jpg,0.754351882040256,0.36288476
B2A,8783576bd7.jpg,0.8182749159908623,0.34051543
B2A,878f3c49e1.jpg,0.6932645247275948,0.45616674
B2A,8795783436.jpg,0.7013904204632067,0.33625954
B2A,87991ccf48.jpg,0.8230837460269519,0.3374333
B2A,87a4e88d93.jpg,0.6706031399926387,0.5145228
B2A,87a97f497a.jpg,0.8133378161265598,0.37084192
B2A,87cc143c4d.jpg,0.7534147402105704,0.31405243
B2A,87cdccc1ec.jpg,0.8447837852751158,0.1493981
B2A,87dbe31f97.jpg,0.6042802679415328,0.2932198
B2A,87dec6234c.jpg,0.7064025281111777,0.32138342
B2A,87e1ce5b0e.jpg,0.851251885426622,0.3663817
B2A,87e821d849.jpg,0.8338139490335778,0.28864262
B2A,87edc083e0.jpg,0.6539257383408161,0.66287595
B2A,87f1d5e9a7.jpg,0.8057856481962854,0.4307015
B2A,8802d98b14.jpg,0.6996351476641578,0.39006588
B2A,8802f617cf.jpg,0.6612145260702058,0.5561965
B2A,8803b67dfb.jpg,0.5885377888486524,0.34083447
B2A,880c9f0f1c.jpg,0.8509251843350537,0.23120104
B2A,880e0f6c15.jpg,0.8794993578407349,0.28279293
B2A,880f24ca7d.jpg,0.7902904648161793,0.46484178
B2A,881359fdc7.jpg,0.741982365175667,0.36069286
B2A,882ad01587.jpg,0.6603426460432155,0.24717966
B2A,882d8f1a40.jpg,0.937069746143392,0.25228235
B2A,882fc1371a.jpg,0.6853946073171744,0.48231027
B2A,8833519aba.jpg,0.649665813009602,0.574655
B2A,883cda372c.jpg,0.8998255785323298,0.4225721
B2A,884d210d61.jpg,0.627462087357134,0.46063453
B2A,88536f79ce.jpg,0.7134444387704267,0.40435797
B2A,885e53b9d5.jpg,0.721117256876632,0.47604364
B2A,8868ba6b14.jpg,0.7926301040744496,0.2709118
B2A,888af43803.jpg,0.7399228226990433,0.3949039
B2A,88985ea668.jpg,0.7588417800897166,0.35745853
B2A,88a1e7af18.jpg,0.8361002110368011,0.31573334
B2A,88b06853f1.jpg,0.8736133670504382,0.2293867
B2A,88bd59eca7.jpg,0.9257046941195137,0.13156389
B2A,88c8c49c36.jpg,0.7869930673734451,0.33970505
B2A,88ca143dc7.jpg,0.8329810071759185,0.4534817
B2A,88d3d38aed.jpg,0.663098484418968,0.2505783
B2A,88eced0e8e.jpg,0.7886418016304874,0.33236095
B2A,88f733fe78.jpg,0.6679052996705056,0.37717706
B2A,8914946e64.jpg,0.8952345369116088,0.25263274
B2A,891913c343.jpg,0.906516904339805,0.17272258
B2A,8936c9c89c.jpg,0.7715464043643219,0.40865374
B2A,893f5b62a6.jpg,0.6106243003998622,0.5780497
B2A,89578c6353.jpg,0.8605696925358147,0.5160104
B2A,8973eff964.jpg,0.7007931110887229,0.43675035
B2A,898a35149a.jpg,0.8604599525506701,0.35473338
B2A,899b7f7521.jpg,0.7500695301783529,0.43252635
B2A,899e306a16.jpg,0.7626527800084375,0.25935778
B2A,899f4a9c68.jpg,0.65175627093308,0.39073035
B2A,89ab7af8ec.jpg,0.935581864128223,0.20870858
B2A,89b5450ec4.jpg,0.7959980155994566,0.14940938
B2A,89c7dcd73a.jpg,0.7794853224430787,0.45669842
B2A,89ce60258b.jpg,0.8345599291837786,0.43639556
B2A,89deacf521.jpg,0.7575344884283246,0.4426282
B2A,8a01bb88d9.jpg,0.7356922880478766,0.37991133
B2A,8a09c3fbff.jpg,0.6081266814472069,0.48842248
B2A,8a0d049fdb.jpg,0.8469775029978928,0.34220952
B2A,8a38d33eb9.jpg,0.8499211639431339,0.2153835
B2A,8a4c8c7581.jpg,0.8018931305581408,0.3876412
B2A,8a68577ae9.jpg,0.7515183460585512,0.54098004
B2A,8a6a134b6e.jpg,0.8372596442099768,0.19393556
B2A,8a6a17661a.jpg,0.8386011213934431,0.24336818
B2A,8a6f40ebc6.jpg,0.7329976142690511,0.63141364
B2A,8a70493b60.jpg,0.7932257556859754,0.414992
B2A,8a7c211597.jpg,0.7552053658732546,0.55274135
B2A,8a8801feb9.jpg,0.7009507791918024,0.46897745
B2A,8a935bef79.jpg,0.7986009878976192,0.41928014
B2A,8a987f711b.jpg,0.8154994024828585,0.2574218
B2A,8a9d3ff7fa.jpg,0.6460266928348264,0.6497654
B2A,8ab1eaa5f0.jpg,0.6354537282628854,0.40627524
B2A,8ae4265cd3.jpg,0.8904659310069721,0.24977785
B2A,8ae8564344.jpg,0.7568367726304632,0.35173014
B2A,8af0546eb3.jpg,0.8217557990250891,0.45840403
B2A,8af291a241.jpg,0.6942708571758563,0.48892274
B2A,8afd46824b.jpg,0.779743911672369,0.49872333
B2A,8afd5933d9.jpg,0.9218213905567838,0.25041777
B2A,8b10c7ce5b.jpg,0.8333316656695299,0.27892175
B2A,8b34d93323.jpg,0.7634065011695876,0.47546053
B2A,8b3830949d.jpg,0.8719364017845285,0.34771115
B2A,8b3fb4a823.jpg,0.9319857354695046,0.24145257
B2A,8b41c19587.jpg,0.7146279788679134,0.5653631
B2A,8b4acbb780.jpg,0.862735473733488,0.35720927
B2A,8b554cd034.jpg,0.7500821883507665,0.23786065
B2A,8b62a7dd7a.jpg,0.8094360217713175,0.31112802
B2A,8b641a3afe.jpg,0.7223776177742343,0.4111033
B2A,8b6a8bf9f6.jpg,0.5604400526551183,0.4434013
B2A,8b6dd12ee0.jpg,0.5300184425142228,0.5210106
B2A,8b6f332ed2.jpg,0.8658114390389647,0.26670143
B2A,8b85d214a5.jpg,0.775718995538589,0.3429124
B2A,8b8987492f.jpg,0.54412365485404,0.54191613
B2A,8b8fc600dc.jpg,0.7789404598899929,0.5600745
B2A,8b997cbee6.jpg,0.6861382197582824,0.5486026
B2A,8bb6428221.jpg,0.7490820125264588,0.2533616
B2A,8bb91472c8.jpg,0.8843998784524912,0.22254932
B2A,8be1dad77a.jpg,0.8502817167856759,0.23846927
B2A,8be3f02dae.jpg,0.7148504660919686,0.4269779
B2A,8be8d9c7fe.jpg,0.8592434556992242,0.17614259
B2A,8bf1c2db03.jpg,0.9022254534359528,0.19770557
B2A,8bfb3ef6f7.jpg,0.8400562769863364,0.34154844
B2A,8bfc8d6970.jpg,0.7883504892567793,0.27971455
B2A,8c03f9790e.jpg,0.7391779741794929,0.49102655
B2A,8c1f68d7c0.jpg,0.6352691048923433,0.5543429
B2A,8c2dcd04ce.jpg,0.5879102067021078,0.31188774
B2A,8c38df7eda.jpg,0.8576392191310767,0.26904494
B2A,8c39fccc0c.jpg,0.8158751701705266,0.36278805
B2A,8c3f71bb3d.jpg,0.8169713454554935,0.43949652
B2A,8c5385298d.jpg,0.7846009427268954,0.19396684
B2A,8c56566f1b.jpg,0.823822466136684,0.37451038
B2A,8c58319212.jpg,0.8816492264793444,0.25246707
B2A,8c587af1d9.jpg,0.7856861498457741,0.21336314
B2A,8c59a24ec4.jpg,0.7283796195715346,0.33921272
B2A,8c69c81d62.jpg,0.8235673339828569,0.57303935
B2A,8c6fe9b698.jpg,0.5293244527076335,0.5474168
B2A,8c7de9cb64.jpg,0.8527844640465025,0.29458493
B2A,8c81e05b8b.jpg,0.7033782338452764,0.38125455
B2A,8c8961cabb.jpg,0.7499190736881738,0.35863668
B2A,8c967453de.jpg,0.8767210568677313,0.29507288
B2A,8c97b5d5f3.jpg,0.7430233779566818,0.4184469
B2A,8c98a42872.jpg,0.8063748283614305,0.33266985
B2A,8c9b7944d9.jpg,0.6642244377964492,0.3760236
B2A,8c9da54f5e.jpg,0.8233696643540842,0.30394197
B2A,8cbb7fead2.jpg,0.869648030325161,0.3078018
B2A,8cc036746a.jpg,0.8674173712780285,0.2132156
B2A,8cc1fedf0f.jpg,0.5481030450793137,0.52807826
B2A,8ccb1f6067.jpg,0.7405808063964735,0.22712415
B2A,8cefb5476f.jpg,0.7365223227032006,0.3965366
B2A,8cf1ff221a.jpg,0.9305176224671842,0.21919033
B2A,8cf3dc8532.jpg,0.6056412235846338,0.4548819
B2A,8d05da85a2.jpg,0.7997466801738565,0.49628276
B2A,8d1d0c152a.jpg,0.7771988437200488,0.4112457
B2A,8d297a6fba.jpg,0.601534048525501,0.563347
B2A,8d373e4f08.jpg,0.7507262028818978,0.2690566
B2A,8d395f773d.jpg,0.8441357332962013,0.3029064
B2A,8d398d8077.jpg,0.733937496623112,0.4468
B2A,8d4d305053.jpg,0.7635435039820418,0.43794695
B2A,8d511d593a.jpg,0.7807672541939241,0.52304786
B2A,8d7cc55987.jpg,0.8312191990514051,0.28805685
B2A,8d8535b155.jpg,0.8419962687779838,0.2524839
B2A,8d868ee80d.jpg,0.5915033669427546,0.5104896
B2A,8d8cf10470.jpg,0.7048386991536127,0.54543966
B2A,8da436b074.jpg,0.7976584848754351,0.52421194
B2A,8dac996304.jpg,0.5705226495215946,0.5776352
B2A,8db1c9c782.jpg,0.8073093977187872,0.2708368
B2A,8de4267ea0.jpg,0.7913759101765206,0.28789276
B2A,8defb17876.jpg,0.72675019099771,0.30486864
B2A,8dfd4b4562.jpg,0.7976833722502402,0.32302466
B2A,8e042bb3e6.jpg,0.7137349164672351,0.4170043
B2A,8e1472c0ac.jpg,0.7378853999137824,0.5941486
B2A,8e19cd143b.jpg,0.650015875061483,0.63703287
B2A,8e218bbeee.jpg,0.8305235894255938,0.19575055
B2A,8e27c58e8b.jpg,0.88980173485383,0.29350793
B2A,8e27cd8afb.jpg,0.7593700261277917,0.3540027
B2A,8e30baf5ae.jpg,0.8435947398110814,0.19649065
B2A,8e3b41a3a0.jpg,0.8947583037053931,0.20392725
B2A,8e3fd7ff09.jpg,0.5844475166472566,0.51501125
B2A,8e51d5867f.jpg,0.8208330796312908,0.33310035
B2A,8e6e5f8078.jpg,0.6229469901104921,0.3848768
B2A,8e79534b0c.jpg,0.677932719000899,0.3840478
B2A,8e876bd586.jpg,0.8626649263275473,0.31157783
B2A,8e95ef6636.jpg,0.8159040648856353,0.45327428
B2A,8ea3121111.jpg,0.596728348576761,0.47080755
B2A,8ea33353d8.jpg,0.8827404158302204,0.36863917
B2A,8eabde45df.jpg,0.8047386684887836,0.42448005
B2A,8eaf38146d.jpg,0.6959700664212127,0.39605197
B2A,8ebecab630.jpg,0.7712296308734158,0.2538112
B2A,8ec934ab7a.jpg,0.7411137749088405,0.22586231
B2A,8ed9adc2f8.jpg,0.7296575744219322,0.42673028
B2A,8edfe6d708.jpg,0.7501297441583844,0.3565582
B2A,8ee24544da.jpg,0.7800101634208958,0.34297326
B2A,8ef3c11446.jpg,0.7637221251237873,0.3419901
B2A,8ef6d21430.jpg,0.8692603175721789,0.36258128
B2A,8ef84910a6.jpg,0.7955119116289169,0.2771266
B2A,8f0403e2cf.jpg,0.7709845323122346,0.44609487
B2A,8f0aa160cb.jpg,0.7119340605613715,0.49780428
B2A,8f250ece01.jpg,0.8647751731687023,0.35192156
B2A,8f2af16e7b.jpg,0.8858982918175746,0.20146489
B2A,8f3be0fbeb.jpg,0.7614751463157207,0.5300427
B2A,8f564a0a48.jpg,0.7370049882560138,0.3249224
B2A,8f59672761.jpg,0.7548391030099258,0.3154321
B2A,8f62691292.jpg,0.9082700195503876,0.25505716
B2A,8f651ee326.jpg,0.7334310690233935,0.42654294
B2A,8f67825151.jpg,0.5967912959008628,0.3963452
B2A,8f6daedb85.jpg,0.8402244963869958,0.35643098
B2A,8f78274408.jpg,0.7372657658558859,0.2775203
B2A,8f7bb4da8c.jpg,0.8874306882476467,0.3133474
B2A,8f8bdab0d3.jpg,0.8716404291253124,0.19927643
B2A,8f9c1bf59c.jpg,0.8452944271143552,0.29180992
B2A,8f9cc89fc1.jpg,0.7028314272429016,0.47565314
B2A,8fa21cc3ae.jpg,0.8251317644772458,0.38614953
B2A,8fbd39a41f.jpg,0.8662149619813261,0.18278597
B2A,8fbfe7bc3e.jpg,0.6004677564591738,0.4494212
B2A,8fc153c94e.jpg,0.8862914525468536,0.2796488
B2A,8fc1a3d804.jpg,0.919115011374938,0.38812667
B2A,8fc60f7bef.jpg,0.6948660472028322,0.50686157
B2A,8fc6680c4a.jpg,0.7098724330020759,0.5768073
B2A,8fc9fce9f2.jpg,0.6411285504375837,0.40473592
B2A,8fd6e74ab9.jpg,0.753336126471836,0.33663195
B2A,8fdc8f747e.jpg,0.9064422967509504,0.2833358
B2A,8fe1fb621d.jpg,0.7961653682351831,0.4562668
B2A,8ff2ab81b2.jpg,0.75261248343209,0.36756673
B2A,8ffa6382e9.jpg,0.6306306011224447,0.35646534
B2A,900c842af7.jpg,0.8656008016575052,0.3395927
B2A,9010105f3d.jpg,0.7081447201348631,0.49795482
B2A,90268e092b.jpg,0.7704720017271292,0.26963872
B2A,9028fc10c7.jpg,0.7810108274326921,0.53444004
B2A,9048e6e0d1.jpg,0.8533578621581691,0.38711932
B2A,904a21697e.jpg,0.6674813911139333,0.5232153
B2A,904f5a5276.jpg,0.909634618375355,0.2877905
B2A,9050e1c0e6.jpg,0.8812420670276659,0.18552469
B2A,9071c99f67.jpg,0.9154655805843089,0.21344806
B2A,9079fe9d9c.jpg,0.7682928565139401,0.33509535
B2A,907cd5e630.jpg,0.735157370745048,0.47893125
B2A,907d9cf180.jpg,0.8057370820927883,0.3479712
B2A,909ae89f4d.jpg,0.9417054919080453,0.18600996
B2A,90a6484491.jpg,0.7069777796799639,0.43036142
B2A,90aa881d59.jpg,0.8054533990158016,0.36981547
B2A,90b3c6c885.jpg,0.7460751407204319,0.3717801
B2A,90b9257df4.jpg,0.5906395883499405,0.51574117
B2A,90bc360c57.jpg,0.7934144332813587,0.27247283
B2A,90bdbd6631.jpg,0.5138164135344869,0.70201933
B2A,90c00b0a8c.jpg,0.8548952180197701,0.27491495
B2A,90c9cd3fe8.jpg,0.7399963245662152,0.37530825
B2A,90cbc5b0a2.jpg,0.7044783173546858,0.4723246
B2A,90d00e4130.jpg,0.5976196973665643,0.39971063
B2A,90d2b880b2.jpg,0.6756911679738592,0.46943945
B2A,90e072864e.jpg,0.8027213218474547,0.5306089
B2A,90e1c5d57a.jpg,0.6528581254861829,0.61106014
B2A,90e5ba5fe4.jpg,0.7094100277915157,0.47573
B2A,90fa0a2900.jpg,0.777299941790905,0.3592762
B2A,90fc280b72.jpg,0.8948001113294046,0.3167774
B2A,9105102bc4.jpg,0.7465879454764605,0.50980765
B2A,910e1f900e.jpg,0.7010351519379647,0.35325235
B2A,911af8c237.jpg,0.7787333276761098,0.37967807
B2A,9128a67589.jpg,0.7515609594002685,0.42951682
B2A,912f47efb6.jpg,0.6132628394869621,0.47068486
B2A,912f7c8917.jpg,0.831871209897437,0.26670527
B2A,9138142611.jpg,0.5465525123345026,0.34622985
B2A,914d6701fb.jpg,0.9586283591071625,0.25109142
B2A,915666f75a.jpg,0.7775217046082846,0.40734947
B2A,915b936cdd.jpg,0.7152471950277423,0.41937625
B2A,91633d4951.jpg,0.816402195294713,0.39310175
B2A,916ae3f734.jpg,0.7274713283152261,0.407901
B2A,916ba9d722.jpg,0.7158596726771367,0.36419737
B2A,916caf5698.jpg,0.7104331727952432,0.60945326
B2A,917f384f27.jpg,0.9073498759376365,0.25828272
B2A,91847ec212.jpg,0.671726668807345,0.5745455
B2A,9186f2f6bf.jpg,0.8964937212177521,0.12489164
B2A,91916e6337.jpg,0.8021606362926318,0.29025203
B2A,9194cac2c2.jpg,0.7200687869125988,0.29864383
B2A,91a6a513e8.jpg,0.8647661624649838,0.2958038
B2A,91bd17ebc1.jpg,0.6092171118211466,0.5523473
B2A,91c0fb330a.jpg,0.8293826416533214,0.20613801
B2A,91c4ec2938.jpg,0.7121893893313338,0.3186782
B2A,91caa42854.jpg,0.7998301444689202,0.31635693
B2A,91cdf3c9ec.jpg,0.7425536407763764,0.31259784
B2A,91cef72c5d.jpg,0.7416973048508272,0.34680867
B2A,91cf22742c.jpg,0.688626197846514,0.47263056
B2A,91d1476220.jpg,0.6123284603060513,0.34181353
B2A,91dbb69203.jpg,0.7462434907048829,0.37505734
B2A,91e43a72c3.jpg,0.7095214060724473,0.29416502
B2A,91edaa90e8.jpg,0.6890048129941363,0.4822427
B2A,9203f9070e.jpg,0.75148931856756,0.49140298
B2A,921e0c98a4.jpg,0.8762547027548759,0.3332345
B2A,922e075696.jpg,0.7748493919917481,0.3731637
B2A,924309267b.jpg,0.7710034861519925,0.33488917
B2A,9258ed4e17.jpg,0.6086205800696518,0.69918287
B2A,926fabe094.jpg,0.5290397907572676,0.5788522
B2A,92884da831.jpg,0.8926040757023922,0.31435817
B2A,9293bb3ab1.jpg,0.8957112556826048,0.19320814
B2A,9295c73f10.jpg,0.8973220948485884,0.31013918
B2A,92a4544fb1.jpg,0.8267348624102813,0.2995274
B2A,92a77e056a.jpg,0.8661349313484438,0.31793818
B2A,92ad835b19.jpg,0.5466058385862911,0.5851386
B2A,92b15f83a3.jpg,0.7029971087728226,0.4403078
B2A,92b4f542a8.jpg,0.745708037133082,0.29669684
B2A,92c3fd59e9.jpg,0.9292880684375953,0.1853342
B2A,92c7aa40d9.jpg,0.8224695674565757,0.2945596
B2A,92cb1b612c.jpg,0.8819202324464313,0.24363148
B2A,92d2f773ea.jpg,0.711400108130659,0.4002685
B2A,92d9a71a35.jpg,0.8163907145130205,0.64238733
B2A,92dacc55c5.jpg,0.8826704163819877,0.5523227
B2A,93132bc39a.jpg,0.5624326550875217,0.47364387
B2A,931e9f62be.jpg,0.5431175825461311,0.4449203
B2A,93228e23b7.jpg,0.8703383484807954,0.24799445
B2A,932f681182.jpg,0.8040165979877568,0.44128227
B2A,93404abb02.jpg,0.7860003721226041,0.27805668
B2A,935b664420.jpg,0.8491633438369478,0.26440793
B2A,935b850c7b.jpg,0.8751823962309674,0.22926877
B2A,936086c2fb.jpg,0.7629126195412556,0.3246679
B2A,9368bfbb0d.jpg,0.7025894234040284,0.5571857
B2A,9384f0381d.jpg,0.8258902388644057,0.28716573
B2A,938d0ba34c.jpg,0.8059167327601556,0.589003
B2A,938fb66016.jpg,0.8751142213494909,0.2613349
B2A,9394218ff6.jpg,0.7193115341085659,0.4368376
B2A,9395512e4e.jpg,0.7750221228262955,0.44361654
B2A,939f31a928.jpg,0.642708853471518,0.39494532
B2A,93a901666e.jpg,0.7196398611539975,0.3544637
B2A,93b37e6702.jpg,0.6612079787141992,0.38769796
B2A,93b7f31cb9.jpg,0.9520360516807547,0.19330771
B2A,93bd999d11.jpg,0.5248373047278784,0.80654544
B2A,93c641ad5b.jpg,0.8110431365218406,0.22023427
B2A,93d77f649a.jpg,0.840558460482106,0.4261961
B2A,93fa7e2d2e.jpg,0.585485418793818,0.62265956
B2A,93fd6bcbb4.jpg,0.6474077055073336,0.35627317
B2A,9404bff3b5.jpg,0.8545802396157556,0.18588021
B2A,9406f2a468.jpg,0.7027854419933045,0.3672681
B2A,940ebfcf33.jpg,0.8391706411850025,0.2696137
B2A,9412b74bf7.jpg,0.6442105143826472,0.4190857
B2A,941fe1adf7.jpg,0.8743043454393714,0.21602565
B2A,94224752b4.jpg,0.845818901378647,0.2611269
B2A,94263d971f.jpg,0.9145294686425955,0.29968727
B2A,9427fc76b9.jpg,0.7546953132284291,0.30687824
B2A,944398f81d.jpg,0.8621129287966135,0.25232577
B2A,944bee3f77.jpg,0.5503468013795723,0.61613286
B2A,94502f184f.jpg,0.7655658975756573,0.39223891
B2A,946dd1bb4b.jpg,0.7642382534514313,0.4420681
B2A,946e0d3cf2.jpg,0.8593364854767844,0.31568104
B2A,9470dd8aac.jpg,0.7014820851360183,0.37700355
B2A,947ecf90b9.jpg,0.8628441218964494,0.31284174
B2A,94882d1992.jpg,0.8435402963930172,0.26862508
B2A,94979ec8c0.jpg,0.7346041338882118,0.18914287
B2A,949d934747.jpg,0.8594884481849822,0.27051938
B2A,94af688583.jpg,0.6774325459817271,0.5899456
B2A,94b20d92c2.jpg,0.6534639610894104,0.6823031
B2A,94b3dc2840.jpg,0.6587434628930534,0.56111133
B2A,94cc7a8697.jpg,0.6468961264185823,0.4284477
B2A,94cf38462b.jpg,0.7192647338305779,0.28662014
B2A,94e066f2b3.jpg,0.8905194485651188,0.27542317
B2A,94e1a09e64.jpg,0.5672660367753288,0.39095062
B2A,94ed902431.jpg,0.8254679429054891,0.34712434
B2A,94ef9bc8f4.jpg,0.8619121768053005,0.39122918
B2A,94f272fbc2.jpg,0.895356031275612,0.311952
B2A,94f6b65afa.jpg,0.8766915064357639,0.5493084
B2A,951804d699.jpg,0.7175182812256061,0.3252871
B2A,95186389f6.jpg,0.7797824257621219,0.37478963
B2A,9525ce824a.jpg,0.8754578562789948,0.26295593
B2A,952d99f5b0.jpg,0.6269646849696202,0.4584935
B2A,953b1317cb.jpg,0.7346965957058944,0.66772354
B2A,9549a2e85c.jpg,0.6843187786202521,0.5592365
B2A,954cbfbad6.jpg,0.6641754110567649,0.67904425
B2A,955d88b9a7.jpg,0.6997201921655067,0.42592177
B2A,9562727728.jpg,0.793127167912896,0.2568198
B2A,957ae02f79.jpg,0.8034717688655895,0.4390927
B2A,957b22a3a7.jpg,0.8581015357894745,0.3153354
B2A,9588a52282.jpg,0.660043526746301,0.62357366
B2A,95900a984f.jpg,0.5218179388878289,0.5574546
B2A,9593d730f2.jpg,0.7642969582536888,0.34011278
B2A,95a66b0d9b.jpg,0.864477236218423,0.25017652
B2A,95a6bdb3bf.jpg,0.8453731494047144,0.34778285
B2A,95a7ed2155.jpg,0.7386542564237734,0.33380735
B2A,95a9fadd8f.jpg,0.841719377703773,0.276214
B2A,95aaf0fbbd.jpg,0.6326332534971885,0.44895762
B2A,95b2119fa9.jpg,0.7327430463690868,0.5048823
B2A,95b317a33d.jpg,0.7436411574110553,0.34414718
B2A,95b6abfcee.jpg,0.8370376171494202,0.33443248
B2A,95c438e906.jpg,0.8055859043557847,0.3254973
B2A,95d494f4ae.jpg,0.9061817157529853,0.12301649
B2A,95d4cb8eca.jpg,0.8931075243932524,0.2398445
B2A,95deeeec90.jpg,0.8739902565279539,0.2426095
B2A,95dff55b08.jpg,0.8445104531070589,0.2652735
B2A,95e33c18db.jpg,0.8304914499137207,0.3361641
B2A,95f5aeda51.jpg,0.8546553062389864,0.44710332
B2A,95f5d9ab48.jpg,0.654365920929354,0.316575
B2A,9606c7644b.jpg,0.8002734683476367,0.28891128
B2A,960b5fa7e8.jpg,0.6463021494609281,0.44116127
B2A,96183e38ec.jpg,0.8994981707242802,0.6047029
B2A,9622e7f973.jpg,0.7846562387197651,0.47820842
B2A,962d0ff537.jpg,0.7912058435554388,0.47495693
B2A,963134b323.jpg,0.8979687935430805,0.2871896
B2A,96324aa924.jpg,0.7054539445974711,0.5068795
B2A,963770bacd.jpg,0.6680668730152322,0.509914
B2A,963c0eb500.jpg,0.8014200914987483,0.30861574
B2A,96486253fb.jpg,0.7166240629816084,0.47984165
B2A,9652937cf0.jpg,0.750222332425927,0.45616573
B2A,965c4ddd61.jpg,0.6901404489572366,0.3527774
B2A,9670ea6664.jpg,0.925849570900558,0.26540124
B2A,9681f39ae8.jpg,0.8350228024673082,0.39823753
B2A,9693678067.jpg,0.8810077240618996,0.27764812
B2A,9698946dfb.jpg,0.8343547240736044,0.2609036
B2A,969d45bb23.jpg,0.6833031758111334,0.43986
B2A,96a933541d.jpg,0.8886965981346144,0.2549036
B2A,96ae66347a.jpg,0.8864782168446683,0.27387798
B2A,96b2ac1a1b.jpg,0.8433499265222134,0.31689847
B2A,96b9ee7ec4.jpg,0.7504312679603076,0.3297052
B2A,96baf57a50.jpg,0.8179390554819495,0.48938775
B2A,96c65e76e1.jpg,0.5773049795701385,0.32441851
B2A,96c686ddf6.jpg,0.7279392726124948,0.32199416
B2A,96cb35f032.jpg,0.6640347114337474,0.50016975
B2A,96cda40153.jpg,0.8758707075066614,0.4156704
B2A,96d223307c.jpg,0.7847645640380659,0.3183004
B2A,96d3517f11.jpg,0.9210591862827828,0.15259798
B2A,96da1fc826.jpg,0.5159677995793772,0.58230925
B2A,96e1bb4403.jpg,0.5432078292372343,0.49617508
B2A,96e42a29c9.jpg,0.6024404006374594,0.47050792
B2A,96e7b2c267.jpg,0.7304671468534677,0.36183906
B2A,96e860fd62.jpg,0.8421440595941292,0.40460205
B2A,970d8c0b4c.jpg,0.6623615164956967,0.41044995
B2A,97123776ca.jpg,0.8325674096760276,0.28835914
B2A,971c33b707.jpg,0.8992684712461759,0.23171452
B2A,971fcc6bcc.jpg,0.7554427929395267,0.42540988
B2A,97268dc895.jpg,0.6206305306741008,0.3610735
B2A,973372e3d0.jpg,0.9345495648166086,0.3205508
B2A,973dd4a928.jpg,0.777571780346718,0.5098527
B2A,973f82a644.jpg,0.8212564897799359,0.34360653
B2A,9743bd2705.jpg,0.7050035503105421,0.28380436
B2A,975538e5c1.jpg,0.7362327855435125,0.3426247
B2A,976f6eafdd.jpg,0.7166457539635099,0.44446203
B2A,977938602b.jpg,0.6275037196497243,0.43232578
B2A,977b1bd3a2.jpg,0.698362291626438,0.5691765
B2A,977bff16d4.jpg,0.675295044252218,0.41046277
B2A,978424d552.jpg,0.9412826674474992,0.12172815
B2A,979103c46c.jpg,0.767244605530383,0.39550555
B2A,979e42841f.jpg,0.601136535487919,0.44098347
B2A,97a87bca91.jpg,0.6763413978681457,0.3033301
B2A,97b5d7b81c.jpg,0.8161939257837896,0.314508
B2A,97bf9704b5.jpg,0.75903442143084,0.2236057
B2A,97c6fda363.jpg,0.6400956974187949,0.6275581
B2A,97c8c523df.jpg,0.7532618264530452,0.31217775
B2A,97cef7f737.jpg,0.8647182052452854,0.23233719
B2A,97d4460077.jpg,0.7712071346678481,0.41945922
B2A,97d76023a7.jpg,0.596474566290034,0.35799626
B2A,97dddb7cbb.jpg,0.8808645764249248,0.2672233
B2A,97e4b5f75c.jpg,0.7834996801672318,0.30390504
B2A,97e948fb9d.jpg,0.9127924693352449,0.3286439
B2A,9801846b65.jpg,0.644085104818305,0.45645034
B2A,9806c55f8e.jpg,0.7531942238740681,0.3496115
B2A,9811ee90ac.jpg,0.8845173349930799,0.35961407
B2A,981f9ee7ce.jpg,0.9264038616723891,0.33602893
B2A,982068245a.jpg,0.8226383453483881,0.3625311
B2A,9820d446a4.jpg,0.8526525285629819,0.25243336
B2A,9827d36539.jpg,0.8622076023648968,0.38987452
B2A,982ca3c520.jpg,0.8082197792485892,0.29312092
B2A,9835ba0013.jpg,0.7856742206208094,0.3190964
B2A,983821c850.jpg,0.8042969584663527,0.3278129
B2A,98426ffd66.jpg,0.7633463328811833,0.4532243
B2A,984c6baa94.jpg,0.669884019009503,0.36932343
B2A,98507e2f68.jpg,0.770983562325988,0.3434217
B2A,9863a4aa56.jpg,0.5313850084191077,0.43627203
B2A,986d6d5bf9.jpg,0.8811100103021192,0.13717455
B2A,988ba0650a.jpg,0.8384952163996888,0.23106228
B2A,9894d1438d.jpg,0.6090683463106176,0.45579988
B2A,9895a5216b.jpg,0.7339148608820131,0.3284945
B2A,98a00fe3fc.jpg,0.5788949765960113,0.44115776
B2A,98af1d51cf.jpg,0.796848232818869,0.39052507
B2A,98b9fbb3fb.jpg,0.8305922941091117,0.25832492
B2A,98c28eedfa.jpg,0.8091468076091184,0.40497252
B2A,98cbab58d6.jpg,0.748776331902948,0.18369098
B2A,98d335025e.jpg,0.7281453428663187,0.36111352
B2A,98d4348692.jpg,0.829060904934227,0.4027096
B2A,98de268fe8.jpg,0.5676601054890944,0.6062484
B2A,98e7d7b48a.jpg,0.7309683489733936,0.3105331
B2A,98ef46be31.jpg,0.8739795599954907,0.29789945
B2A,98fcc9f6fc.jpg,0.8617885137139558,0.2624143
B2A,98ff290926.jpg,0.6852217878839741,0.5153953
B2A,99038bde22.jpg,0.8525962974527088,0.2636832
B2A,99045d3f04.jpg,0.7152749299603666,0.33608115
B2A,9906756ae6.jpg,0.7282428287368541,0.34138536
B2A,990e8ef2f2.jpg,0.81163902599532,0.33613035
B2A,9912bab8cf.jpg,0.8351447412390551,0.41288584
B2A,9912e8a5a3.jpg,0.6548409377798676,0.4302797
B2A,991eb1e448.jpg,0.8919661743411473,0.28840977
B2A,9921ef9e3c.jpg,0.7046387853298857,0.54605424
B2A,99283f98de.jpg,0.7572187554351089,0.3386349
B2A,99294cd9e3.jpg,0.9315198434287221,0.24740414
B2A,993fb1e69b.jpg,0.8529662003500399,0.30350983
B2A,9945957ec7.jpg,0.5847608273370828,0.5758753
B2A,994a54185f.jpg,0.8079021059025093,0.33631504
B2A,994b994977.jpg,0.8319865725109034,0.27471888
B2A,99676e0f39.jpg,0.7325277772515223,0.5406489
B2A,996de8f5ec.jpg,0.9041868092255928,0.36133316
B2A,997f0ed940.jpg,0.7134535799723132,0.28085423
B2A,9991f94f1d.jpg,0.6499362315547494,0.51912063
B2A,999985c001.jpg,0.8073487174253586,0.5046977
B2A,9999c76d32.jpg,0.8976566802223623,0.24367288
B2A,999e87f7a6.jpg,0.8756093848380445,0.17208
B2A,99a109ea2b.jpg,0.6369041065926103,0.5877394
B2A,99a6c4d326.jpg,0.7591934776861927,0.5027548
B2A,99b3b1736b.jpg,0.725113661211362,0.35322702
B2A,99baee78f2.jpg,0.8573059441751653,0.28300965
B2A,99c0ccba50.jpg,0.7353172803037408,0.36363715
B2A,99c9687c14.jpg,0.7990924005198106,0.27508613
B2A,99cbbc5052.jpg,0.7075861768935712,0.5955799
B2A,99d04bd95f.jpg,0.8011119404125426,0.18747447
B2A,99dacbf106.jpg,0.6172009894705115,0.46289292
B2A,99ed3dc7b2.jpg,0.8795463785707358,0.4614635
B2A,99f621bbdb.jpg,0.8976044551472866,0.23790184
B2A,99fb63fada.jpg,0.8687252771035133,0.29445392
B2A,99fc1c27b2.jpg,0.5778875176717369,0.48553932
B2A,99fcebb45b.jpg,0.6859648747099469,0.43670076
B2A,9a0bfe6c86.jpg,0.8757730502974056,0.27916807
B2A,9a2b9dec3a.jpg,0.684805017127969,0.5196309
B2A,9a4b2f8bd8.jpg,0.8589086711046026,0.24074738
B2A,9a507f5ef4.jpg,0.7630841685277268,0.36867982
B2A,9a5477aaeb.jpg,0.885744921838307,0.30580577
B2A,9a59323542.jpg,0.693892608911642,0.31528753
B2A,9a780093c6.jpg,0.8562766321773988,0.38673306
B2A,9a9d4aeb7a.jpg,0.7944667924577521,0.3141402
B2A,9ab17ed33a.jpg,0.8506221700236101,0.2870087
B2A,9adf6d52d3.jpg,0.8547953989627406,0.3020158
B2A,9aeb8bd419.jpg,0.7925869135141254,0.44199958
B2A,9af5a24f65.jpg,0.8204752348042864,0.35997713
B2A,9afdeb8ed2.jpg,0.6211742040495767,0.5297196
B2A,9b048364b8.jpg,0.8596909355309886,0.27578464
B2A,9b186b8f81.jpg,0.8256340162489864,0.30845135
B2A,9b1b974368.jpg,0.5501967869169073,0.5941133
B2A,9b1c51d91c.jpg,0.8279639440487108,0.2813987
B2A,9b3053dc34.jpg,0.6460831939039633,0.57182634
B2A,9b3abf3a98.jpg,0.7744584518436675,0.29646736
B2A,9b513c7a1c.jpg,0.6982570493175051,0.30064464
B2A,9b5be07782.jpg,0.7109264022173731,0.3812625
B2A,9b5d6d5b9b.jpg,0.5578537067854191,0.43735215
B2A,9b5e41ac82.jpg,0.8925189937781811,0.34679973
B2A,9b6bec8314.jpg,0.8651472330112808,0.17840868
B2A,9b7d65decf.jpg,0.7341314795942757,0.31904703
B2A,9b85a6c570.jpg,0.7126467887475213,0.43592352
B2A,9b87bd9191.jpg,0.7029171203562444,0.4045348
B2A,9b95a6cc9b.jpg,0.8856340980803442,0.3448991
B2A,9b9cdde1ce.jpg,0.6963112396089651,0.331358
B2A,9ba4ae09af.jpg,0.8923052975985435,0.42336062
B2A,9ba9376b9d.jpg,0.9229935774984245,0.21182892
B2A,9baca6d979.jpg,0.8985007452061123,0.31116152
B2A,9bd1b8c1be.jpg,0.9544970922226077,0.17977232
B2A,9bd28a56c1.jpg,0.8266772202141355,0.31491494
B2A,9be2b6c083.jpg,0.6946366647086123,0.51255846
B2A,9bf556f160.jpg,0.767987168028551,0.46274263
B2A,9bf931ead4.jpg,0.8834293368993051,0.292665
B2A,9bfcbc6fe3.jpg,0.7475814894161453,0.3594877
B2A,9c0c63914a.jpg,0.7759994933226086,0.5312391
B2A,9c0e343a29.jpg,0.8465684450228753,0.31752297
B2A,9c102e25d3.jpg,0.8258996688053669,0.34226486
B2A,9c10716ffd.jpg,0.7170071289568934,0.66925216
B2A,9c204faa1f.jpg,0.6582653206407871,0.45389694
B2A,9c25e78088.jpg,0.8464023486596206,0.35081753
B2A,9c2fed3088.jpg,0.8696486139185918,0.30659872
B2A,9c4050f532.jpg,0.7141736574844006,0.39432782
B2A,9c4dd0a48f.jpg,0.6186511721908375,0.6291388
B2A,9c564000e7.jpg,0.6641177570492913,0.53476304
B2A,9c70f10a5a.jpg,0.9020901901662084,0.30953452
B2A,9c77707e49.jpg,0.7917546127051185,0.53423345
B2A,9c92f8345f.jpg,0.8506615762952858,0.27294472
B2A,9ca436a170.jpg,0.7832270047846497,0.23076782
B2A,9caa11517e.jpg,0.8609271390728512,0.30526906
B2A,9cac2116d7.jpg,0.8591580919897677,0.30488977
B2A,9cb836306d.jpg,0.8465547464272001,0.3479059
B2A,9cbcbdcbb3.jpg,0.693332338449672,0.4012506
B2A,9cc0e6163f.jpg,0.8889151416637592,0.17597978
B2A,9cc35ff83e.jpg,0.7627907835675718,0.31977004
B2A,9cc789cfef.jpg,0.846832728372147,0.33834952
B2A,9ccca8eac7.jpg,0.8139207960557917,0.32052115
B2A,9ce382c263.jpg,0.7583121214382494,0.38934484
B2A,9cef1e6708.jpg,0.7939912632770194,0.24979526
B2A,9cf972ea28.jpg,0.7443149362417194,0.6220193
B2A,9cfb0b75ab.jpg,0.8111944119642833,0.3396944
B2A,9d09a34740.jpg,0.9076354067451846,0.19997318
B2A,9d3885ad89.jpg,0.7302019181830663,0.5946955
B2A,9d3c6b28c4.jpg,0.8551165436004416,0.24529406
B2A,9d438a0bb2.jpg,0.8214925078937528,0.33869314
B2A,9d4711f6ef.jpg,0.7494528680452822,0.44753835
B2A,9d59515745.jpg,0.8185383890880984,0.30447805
B2A,9d6df08287.jpg,0.79543901975373,0.40220562
B2A,9d74f4e539.jpg,0.5900610442371056,0.40958565
B2A,9d766ffc5c.jpg,0.7695287936024634,0.2564406
B2A,9d7b548d1f.jpg,0.9036130068753979,0.2386561
B2A,9d7c3c3eea.jpg,0.8743297984256465,0.19259182
B2A,9d82fd9e98.jpg,0.7766109203873285,0.46625042
B2A,9d92ef2ffc.jpg,0.7085070944560988,0.39174497
B2A,9da065344d.jpg,0.7979901287433568,0.40788302
B2A,9dad30bdf5.jpg,0.7401774485061413,0.41715434
B2A,9dbc604a03.jpg,0.7885455513624968,0.40547878
B2A,9dc4a07f48.jpg,0.5957322754597569,0.23191679
B2A,9dc4a40f1a.jpg,0.6469531520591858,0.5318331
B2A,9dcebd8348.jpg,0.7336111440498665,0.39676017
B2A,9dd9044174.jpg,0.8654985155653276,0.42737767
B2A,9dfd1f8a09.jpg,0.5539367499629472,0.5727174
B2A,9e0a0d54b5.jpg,0.8336989360710584,0.2944464
B2A,9e13541480.jpg,0.8856761205561171,0.17112635
B2A,9e176db9cd.jpg,0.8756005670559578,0.24162126
B2A,9e1842231b.jpg,0.6885590761655104,0.44489017
B2A,9e2f4c39d2.jpg,0.7306459760695289,0.45573965
B2A,9e3b34bb13.jpg,0.8325849421399584,0.3867672
B2A,9e456ef2a7.jpg,0.8718994984285309,0.40443343
B2A,9e4b9f428b.jpg,0.5820966632022128,0.6113152
B2A,9e5dabe2b2.jpg,0.8509530809628498,0.27519065
B2A,9e65828ee9.jpg,0.8715792505056953,0.33319306
B2A,9e664ae2ef.jpg,0.6835602473898426,0.38039818
B2A,9e72cedb73.jpg,0.8412940153406249,0.5118995
B2A,9e7fcf4aaf.jpg,0.5849577658602515,0.5665296
B2A,9e81e8d2fe.jpg,0.6668511512343613,0.36642963
B2A,9e8554fade.jpg,0.7504147494841537,0.32511207
B2A,9e85d95d05.jpg,0.8939581180712535,0.15764743
B2A,9ea148fcc4.jpg,0.5821169020705492,0.5073908
B2A,9ea60e0936.jpg,0.8237128117378485,0.20551574
B2A,9eacea8aca.jpg,0.8716256015401682,0.32837445
B2A,9ebccc0a7d.jpg,0.7417204470954011,0.4301654
B2A,9ebcfa05af.jpg,0.7004190026711096,0.38895234
B2A,9ecf061dad.jpg,0.8787193373857628,0.2740664
B2A,9edf01ed43.jpg,0.7484109136053829,0.40798256
B2A,9ef7c05e0f.jpg,0.9013886649955535,0.20764987
B2A,9f0c9920f5.jpg,0.751461847300659,0.5657234
B2A,9f15606758.jpg,0.8111878292541771,0.30018088
B2A,9f19e8f425.jpg,0.7372336747917888,0.38270652
B2A,9f24f894f6.jpg,0.8795259860879308,0.24113165
B2A,9f27c688cf.jpg,0.8369795132706279,0.34008682
B2A,9f29c11732.jpg,0.7818228078793256,0.40587518
B2A,9f335bade6.jpg,0.7286595714868744,0.39637935
B2A,9f34fc3c60.jpg,0.5843888023342595,0.30251795
B2A,9f37f0dae8.jpg,0.8911795867641843,0.2631038
B2A,9f41d8a922.jpg,0.7496982204699384,0.47389057
B2A,9f52b55c2b.jpg,0.8692084737779595,0.2585693
B2A,9f52dd1c0b.jpg,0.8820146917807338,0.18408296
B2A,9f56a6400d.jpg,0.6429874049637797,0.35860088
B2A,9f740de87d.jpg,0.8236023788729434,0.3170837
B2A,9f777a3144.jpg,0.8556209642332502,0.4046283
B2A,9f80b1bc48.jpg,0.7291234813061409,0.50792086
B2A,9f8ae5b166.jpg,0.59200420011798,0.34982276
B2A,9f9796d6b3.jpg,0.8224929945712238,0.2513848
B2A,9f98b589a1.jpg,0.8447397659274153,0.37562603
B2A,9f9c46fa6b.jpg,0.9515859137316396,0.26317084
B2A,9fb63bf849.jpg,0.6935935193643986,0.52046126
B2A,9fbbbf4aec.jpg,0.701506247586679,0.58323455
B2A,9fe12f7bca.jpg,0.7926285509170714,0.55913025
B2A,9ff0e57941.jpg,0.8068529244925899,0.4040774
B2A,9ff990e66c.jpg,0.6877540390057318,0.50759065
B2A,a0077f9248.jpg,0.8212140804521744,0.3175935
B2A,a01c871721.jpg,0.5903967202628091,0.59233385
B2A,a01ee31b6c.jpg,0.8079612068705352,0.22552058
B2A,a0227b5ace.jpg,0.921465048088952,0.2982402
B2A,a0235aa7f0.jpg,0.8727736457918588,0.30057862
B2A,a03dd34359.jpg,0.646773568071628,0.61154854
B2A,a0465f0aa6.jpg,0.849660170966887,0.25518176
B2A,a04e9f4231.jpg,0.7115678949372031,0.48315224
B2A,a0522f278a.jpg,0.6878943388127695,0.34317887
B2A,a059321061.jpg,0.5980702408330557,0.45234236
B2A,a05aa88f6d.jpg,0.7091900388490735,0.7292292
B2A,a05e1485c1.jpg,0.6831649568285513,0.31809777
B2A,a0875579e8.jpg,0.8560008704328701,0.36426434
B2A,a095ec94a6.jpg,0.7933933428235472,0.31395888
B2A,a0cfc9ae82.jpg,0.7720331512212708,0.33373642
B2A,a0d15eb976.jpg,0.5810133186824415,0.53068423
B2A,a0d3357912.jpg,0.8236119066949422,0.5325646
B2A,a0d4bc2b72.jpg,0.8197373026372005,0.30247465
B2A,a0db0509a4.jpg,0.6054830485859128,0.35599107
B2A,a0e2fcf6d8.jpg,0.7149188275449765,0.65715593
B2A,a0ecda5d45.jpg,0.8074849018363097,0.25589284
B2A,a0f0dee611.jpg,0.8968003817224894,0.2159412
B2A,a0f2fad96f.jpg,0.7271488561658079,0.4896593
B2A,a1076aac63.jpg,0.7986725442392687,0.39715007
B2A,a1126aa060.jpg,0.8101963245987864,0.3163648
B2A,a114ee8b43.jpg,0.7764058802649701,0.31344134
B2A,a12235c7d1.jpg,0.7756895388567988,0.37067786
B2A,a13915ca96.jpg,0.6898774336033984,0.3668195
B2A,a13aca724a.jpg,0.6701127422239944,0.32948685
B2A,a146cdb74b.jpg,0.6825487782396032,0.2748157
B2A,a157f8c6e2.jpg,0.8682210452120943,0.16728467
B2A,a15ecd5efe.jpg,0.8598165307169768,0.21617141
B2A,a16537d464.jpg,0.7663661088053386,0.28034747
B2A,a177641de7.jpg,0.8378190905635893,0.35231882
B2A,a179e79a0c.jpg,0.8582650614090267,0.25435534
B2A,a17e7e49b0.jpg,0.7812014228489591,0.26723242
B2A,a181b6250e.jpg,0.7566403896232663,0.3143429
B2A,a1885fbac2.jpg,0.7064259935050872,0.35600844
B2A,a18cb10e08.jpg,0.701858174176385,0.41082978
B2A,a18e92742a.jpg,0.643026740013929,0.63311833
B2A,a197fed5c3.jpg,0.7404916764893048,0.3450548
B2A,a19962fefc.jpg,0.8763166348044538,0.25633985
B2A,a19cf2cdbb.jpg,0.5731255061364366,0.4194599
B2A,a1a84d3eda.jpg,0.7096574460596576,0.39964327
B2A,a1c54d6c61.jpg,0.6320725011418551,0.4067909
B2A,a1c88d3e35.jpg,0.7910602399062555,0.35540774
B2A,a1cc606af8.jpg,0.8811629699073757,0.26343292
B2A,a1e45dc986.jpg,0.7639834820354078,0.38709265
B2A,a1faf9de15.jpg,0.8928157758900901,0.20233054
B2A,a1fc123777.jpg,0.8548230439087697,0.23904593
B2A,a20a19b515.jpg,0.8932407874617293,0.3003797
B2A,a229109704.jpg,0.9134498733343291,0.19367418
B2A,a2307719e1.jpg,0.6295935336457659,0.51711005
B2A,a23e7dfef5.jpg,0.7809614249570643,0.34249583
B2A,a25b63eadf.jpg,0.7480319340797077,0.5032446
B2A,a25eb81721.jpg,0.6686088705577918,0.42431527
B2A,a263521820.jpg,0.874385038679135,0.26330304
B2A,a2635ee772.jpg,0.8817497876782413,0.22750781
B2A,a26b0f2735.jpg,0.8837230597311078,0.2591545
B2A,a2711f0830.jpg,0.8635330963334589,0.27014416
B2A,a2820db109.jpg,0.6919563549456498,0.5188498
B2A,a283654df3.jpg,0.7685277569061019,0.37409204
B2A,a290773de7.jpg,0.8701375096319096,0.42674074
B2A,a2bc2b83eb.jpg,0.6850311044710057,0.30073106
B2A,a2c884fda1.jpg,0.8822282763556488,0.32778478
B2A,a2ccf1f748.jpg,0.657086673608521,0.6335882
B2A,a2cfeba0e4.jpg,0.6409830439554073,0.3518716
B2A,a301643a27.jpg,0.8512733384661963,0.12627357
B2A,a31e04cec3.jpg,0.7036407115451505,0.5233113
B2A,a32b552866.jpg,0.8162771774450629,0.29005554
B2A,a32d4ea5ac.jpg,0.7446779731751323,0.47095418
B2A,a32e116556.jpg,0.6807348475312291,0.4388808
B2A,a32f6b942f.jpg,0.8875248085971188,0.22909185
B2A,a359bc69a6.jpg,0.8551874197692294,0.36868328
B2A,a362f89cd1.jpg,0.8834977516078434,0.24175486
B2A,a366accb3c.jpg,0.9230250075212115,0.23235732
B2A,a37515911a.jpg,0.6376461265266833,0.4086181
B2A,a37b1c52f2.jpg,0.5970152406996532,0.5668351
B2A,a38abc41c8.jpg,0.9283506726188568,0.22936162
B2A,a3a4e42632.jpg,0.7181593426919686,0.62210363
B2A,a3ac3b8f7e.jpg,0.7113178441144634,0.4417725
B2A,a3b40d246d.jpg,0.8150623102957366,0.5086238
B2A,a3bc08b40b.jpg,0.7809980970640188,0.26913297
B2A,a3d3b5d93a.jpg,0.7256524653063052,0.4693257
B2A,a3d574e6e3.jpg,0.741345604229086,0.503476
B2A,a3df896182.jpg,0.8277922391943247,0.28274336
B2A,a3e41f7a46.jpg,0.6794467246423527,0.5236739
B2A,a3e4a4c73b.jpg,0.7914794987751801,0.33489886
B2A,a3f8364c10.jpg,0.5957139183252319,0.6788901
B2A,a3fba584f9.jpg,0.901149607397237,0.306544
B2A,a40511031a.jpg,0.8585407556512119,0.367135
B2A,a40db75ec2.jpg,0.8740022197140515,0.37752432
B2A,a40ec56a84.jpg,0.7938568735434083,0.5282442
B2A,a412f13a5b.jpg,0.6967219025922071,0.39959618
B2A,a42d5a72ff.jpg,0.6885527975527541,0.28659424
B2A,a4314f85dd.jpg,0.9100192549058269,0.25266814
B2A,a43c11f6e4.jpg,0.8628582129734828,0.4226308
B2A,a43e096ce5.jpg,0.7679589979866959,0.2724189
B2A,a4418037c4.jpg,0.7256214310972863,0.4396461
B2A,a448539aa0.jpg,0.784505002635097,0.49469495
B2A,a4490bd462.jpg,0.8887735588669691,0.19705343
B2A,a456fc158f.jpg,0.8394419606827027,0.24711327
B2A,a45c5b6869.jpg,0.8546047091575187,0.3229578
B2A,a467ebbd05.jpg,0.8639453050948316,0.22198975
B2A,a485cebc5d.jpg,0.8620732002465807,0.29091662
B2A,a48886307d.jpg,0.8360501933686307,0.4379051
B2A,a4963511f4.jpg,0.9307516910901895,0.21654975
B2A,a49bfc7f31.jpg,0.6438285489482879,0.57391894
B2A,a49df48149.jpg,0.8825054736223893,0.46921444
B2A,a4a867e38f.jpg,0.781425193224823,0.4870884
B2A,a4b3c66449.jpg,0.8810689971520254,0.2750714
B2A,a4ba621177.jpg,0.8312713197522409,0.37773323
B2A,a4ba843961.jpg,0.6867062294542406,0.35779774
B2A,a4cd276f26.jpg,0.7942613997755167,0.36667785
B2A,a4e346e887.jpg,0.7162510105659404,0.5451483
B2A,a4e3e280d9.jpg,0.8082198589605493,0.34297445
B2A,a4f4d25e61.jpg,0.8675756107449223,0.25878987
B2A,a4f8537cd9.jpg,0.8292091320021358,0.20408005
B2A,a50aba1d24.jpg,0.9144187748767584,0.25179717
B2A,a5181cd01f.jpg,0.9135426402220389,0.23909293
B2A,a519ab666c.jpg,0.4750698359566591,0.7767596
B2A,a51b62995b.jpg,0.6643108790778217,0.29183745
B2A,a51c7b2303.jpg,0.7484347489610168,0.35444507
B2A,a53008cac1.jpg,0.9103279675338993,0.16654837
B2A,a53383dc25.jpg,0.599192365624565,0.37678254
B2A,a53affbb0b.jpg,0.8105238061553142,0.54526615
B2A,a542e05538.jpg,0.9046360113426081,0.32304716
B2A,a54454c5ea.jpg,0.7449910101563165,0.3826936
B2A,a546e53fbe.jpg,0.7901130470836102,0.86805564
B2A,a552d6a455.jpg,0.7184708654013218,0.34016854
B2A,a55a1a091c.jpg,0.7161039835869614,0.3139648
B2A,a562192a23.jpg,0.8635862770128051,0.257217
B2A,a577c91fc1.jpg,0.8878459769333111,0.42718625
B2A,a57c43fffc.jpg,0.8048303541278155,0.34307152
B2A,a588de330c.jpg,0.6788324500959255,0.51789224
B2A,a590f768fe.jpg,0.8517126131323082,0.41603616
B2A,a595719ef9.jpg,0.8676523979170186,0.2878701
B2A,a598e08f68.jpg,0.7362950958964825,0.529215
B2A,a598e5aef5.jpg,0.4448511796474646,0.63392895
B2A,a59c317767.jpg,0.6462597198096387,0.63193446
B2A,a5a55a6605.jpg,0.8528812632765088,0.3894235
B2A,a5af8b893b.jpg,0.9162918650235201,0.2662796
B2A,a5b1cfbcfd.jpg,0.5597905903957534,0.3507901
B2A,a5bc67adcd.jpg,0.7985965173705387,0.31706792
B2A,a5d272747e.jpg,0.8675060283490161,0.33506897
B2A,a5da7f96c4.jpg,0.8357502043500209,0.2598074
B2A,a604002e2a.jpg,0.8956350658403821,0.22706804
B2A,a617bbf356.jpg,0.7830336261262711,0.48724616
B2A,a61beb8d14.jpg,0.6635189412523296,0.35667607
B2A,a61d366d2d.jpg,0.6107993227519435,0.6952236
B2A,a62e7a5101.jpg,0.8654036594483481,0.31678185
B2A,a62ea8db0f.jpg,0.8907590068002245,0.25198412
B2A,a6323ca7f3.jpg,0.6872056892121108,0.40314752
B2A,a632e5523e.jpg,0.7584396767397044,0.46313348
B2A,a638326b1d.jpg,0.7578966680966446,0.3863033
B2A,a63a202a57.jpg,0.8536752888967627,0.1682088
B2A,a63a32e180.jpg,0.8382014833531093,0.17525081
B2A,a63d70c4a3.jpg,0.8148887788060104,0.42447674
B2A,a64fb4de85.jpg,0.8019416800635639,0.2790036
B2A,a6561cf2e0.jpg,0.7881207653215798,0.49339524
B2A,a658eef56c.jpg,0.8415862040078034,0.35984892
B2A,a65bfd0e43.jpg,0.6056905570412336,0.67350173
B2A,a65e118960.jpg,0.6495342957772311,0.41924965
B2A,a67feba233.jpg,0.9214113514370048,0.1835849
B2A,a682ce11f5.jpg,0.7410140579030204,0.22446157
B2A,a6838bdf94.jpg,0.8144954017844245,0.32675934
B2A,a68efb6c07.jpg,0.7359025847034381,0.33841383
B2A,a694999074.jpg,0.6587113671767744,0.67953646
B2A,a6959d7c87.jpg,0.7145614791429121,0.3314469
B2A,a6a316bffd.jpg,0.7709642039673256,0.18982033
B2A,a6c9c35a31.jpg,0.7898250300139563,0.4045635
B2A,a6cc5973c2.jpg,0.8000396075885564,0.20839533
B2A,a6d026b823.jpg,0.6458834698960737,0.4597284
B2A,a6df272807.jpg,0.7445343430469811,0.4087792
B2A,a6e2dd35f8.jpg,0.8732288512825948,0.2544447
B2A,a6e519d471.jpg,0.8486283750300913,0.31684795
B2A,a708982f02.jpg,0.6499736091323296,0.5835457
B2A,a70ea207cc.jpg,0.6600028686415295,0.51498675
B2A,a71799de73.jpg,0.851349679529769,0.39040634
B2A,a71f15712f.jpg,0.6691900976396857,0.59413624
B2A,a739ea92ae.jpg,0.8290738835008772,0.38378277
B2A,a74f4e06aa.jpg,0.8427231580952638,0.31982467
B2A,a75469e52f.jpg,0.9123708309392741,0.21850038
B2A,a7594e87fd.jpg,0.8049562573272264,0.3127716
B2A,a76093c3dd.jpg,0.8250502486058869,0.29792726
B2A,a760bc4309.jpg,0.8640094293466813,0.2922561
B2A,a777303bee.jpg,0.9315255559925092,0.3291218
B2A,a786ecfabb.jpg,0.8380243266654133,0.38835818
B2A,a7883bc50e.jpg,0.7166340611322457,0.81087846
B2A,a7976448c0.jpg,0.7533626318497036,0.48931086
B2A,a798e840cc.jpg,0.6378028199727631,0.5489466
B2A,a79f8d5a7d.jpg,0.8347438765738822,0.42848757
B2A,a7a21f3ccd.jpg,0.7182319383250731,0.45377767
B2A,a7a2534308.jpg,0.7788426834140835,0.4648446
B2A,a7ae4aab24.jpg,0.8428695598355649,0.25122187
B2A,a7b11a83ba.jpg,0.865798797897446,0.23403637
B2A,a7b5f480d3.jpg,0.876307481760138,0.3078923
B2A,a7ba1fdb8d.jpg,0.7089976960965269,0.21040991
B2A,a7c3243254.jpg,0.7980721748481132,0.31601343
B2A,a7c5642b9b.jpg,0.8750549645521877,0.23802009
B2A,a7c972a651.jpg,0.6192551285676502,0.6183057
B2A,a7e09af64a.jpg,0.8291196104880227,0.29565173
B2A,a7e86fbe21.jpg,0.780680485857555,0.3094213
B2A,a7fb6b9ffa.jpg,0.6212987545641073,0.5146944
B2A,a7ffac0edb.jpg,0.8866081589206466,0.23322824
B2A,a80594f85b.jpg,0.7681903324508339,0.3034059
B2A,a8089a9f66.jpg,0.9270685411068309,0.25241175
B2A,a8095aa2f5.jpg,0.8122571734599502,0.17326027
B2A,a80c7ee69a.jpg,0.6847629896457859,0.4935627
B2A,a828255ebc.jpg,0.7112932291756411,0.324522
B2A,a82a9c378a.jpg,0.7333735385709454,0.35931444
B2A,a82c3afbbd.jpg,0.7363703908484928,0.40211526
B2A,a84921e7be.jpg,0.8877059275178608,0.18080318
B2A,a84f3fbf3f.jpg,0.712353725013375,0.43481055
B2A,a85633910c.jpg,0.7647949621381814,0.20986827
B2A,a85a8cee92.jpg,0.7764286970360311,0.45229265
B2A,a8686f237c.jpg,0.65074861331704,0.30425403
B2A,a86f13ae99.jpg,0.808743655110042,0.4056072
B2A,a876481147.jpg,0.8154173049516951,0.35265103
B2A,a88e5ab869.jpg,0.6721493932905872,0.4848659
B2A,a8911b1283.jpg,0.7372959356421246,0.38049024
B2A,a89631a70e.jpg,0.775236231052354,0.54105693
B2A,a89c8773ae.jpg,0.8191916816029575,0.20585798
B2A,a8a27b4e1a.jpg,0.7808246473649496,0.6886685
B2A,a8a4ee4f79.jpg,0.8326756507958949,0.37588677
B2A,a8b7358e0e.jpg,0.735447163579255,0.40902418
B2A,a8c04e4f33.jpg,0.73188450190462,0.52693856
B2A,a8d022d99c.jpg,0.7769789800529238,0.3746094
B2A,a8d3c5c2d3.jpg,0.7150546582815012,0.56660515
B2A,a8d61b91a4.jpg,0.6813056485148968,0.5893343
B2A,a8e351db00.jpg,0.6011968434635805,0.6365291
B2A,a8e62405d3.jpg,0.9078907148245933,0.26581967
B2A,a908f29569.jpg,0.9052926422709018,0.36520278
B2A,a90b8ea6ed.jpg,0.5949852733259472,0.5659557
B2A,a91402ed9b.jpg,0.6789043402066354,0.336861
B2A,a917afed2a.jpg,0.7101816585814947,0.5020787
B2A,a92d0cde38.jpg,0.8241008381534841,0.23060566
B2A,a92eed65ce.jpg,0.7824877167681881,0.29597062
B2A,a93e11ed37.jpg,0.8997876746307275,0.25308314
B2A,a945149eb0.jpg,0.883122848427221,0.18043599
B2A,a9460f4e16.jpg,0.7748320147347674,0.4141557
B2A,a946a049f9.jpg,0.5334020629413102,0.5353745
B2A,a9542998ad.jpg,0.7945486409459528,0.40380436
B2A,a95a086609.jpg,0.7284046584892524,0.44867602
B2A,a962271585.jpg,0.7578253274333956,0.5237816
B2A,a963d0573b.jpg,0.7097397173549441,0.45114815
B2A,a965ac5835.jpg,0.800492962403583,0.37176877
B2A,a97237c4b1.jpg,0.8029262574381734,0.33548412
B2A,a97e50a8d4.jpg,0.7631091348938421,0.44750378
B2A,a98179e505.jpg,0.8343042212191338,0.22895719
B2A,a99dbf6b17.jpg,0.7586693111635964,0.36462507
B2A,a99f495968.jpg,0.784839446667452,0.29639503
B2A,a9a61131fc.jpg,0.782821313526009,0.4524628
B2A,a9a7cc1b1c.jpg,0.866490481245433,0.6303791
B2A,a9a881577b.jpg,0.6177227440485118,0.6201217
B2A,a9d597ca20.jpg,0.6306835780559302,0.4690238
B2A,a9d902fc38.jpg,0.7091265522003423,0.35147092
B2A,a9de4c4d69.jpg,0.7906072543145933,0.33893457
B2A,a9ef8c2bcd.jpg,0.6444741809473499,0.36929184
B2A,a9efa619e0.jpg,0.7889130313096868,0.40091312
B2A,a9faa93d67.jpg,0.7233754343432157,0.4509858
B2A,a9fe1f88ab.jpg,0.7623312020659146,0.6589325
B2A,a9ff892ea7.jpg,0.801305925097087,0.23534632
B2A,aa0485a59f.jpg,0.809408926755173,0.31382787
B2A,aa09a96ed1.jpg,0.6702434870669278,0.62344193
B2A,aa102a3ea1.jpg,0.8490979909487347,0.29879907
B2A,aa108bb6da.jpg,0.8421342994989877,0.25096205
B2A,aa238a7170.jpg,0.8021570747733165,0.28859016
B2A,aa26ff7c15.jpg,0.8041020722900177,0.51363
B2A,aa2afa7cfe.jpg,0.7485079193268853,0.48538682
B2A,aa2b315b55.jpg,0.7725700047935609,0.5713812
B2A,aa387dcb3e.jpg,0.7130320179670772,0.31854528
B2A,aa3f9768ff.jpg,0.6902424261012309,0.30848402
B2A,aa44603744.jpg,0.6758040186213143,0.3436727
B2A,aa4c6e40e5.jpg,0.7307631091770102,0.46175823
B2A,aa64f54007.jpg,0.8037835636885639,0.3667489
B2A,aa72b9cc61.jpg,0.7429873951822563,0.47488686
B2A,aa778409e9.jpg,0.8104495549563516,0.28176194
B2A,aa8e5f3af4.jpg,0.7387373731109338,0.45785838
B2A,aa99d68834.jpg,0.8260574323624374,0.30164513
B2A,aa9acfe3e7.jpg,0.844862229240366,0.344856
B2A,aaaffcb550.jpg,0.6970713222785152,0.57717043
B2A,aab0eaf7cd.jpg,0.915981561825987,0.31036288
B2A,aab746580f.jpg,0.579298840784524,0.5752977
B2A,aabffc2182.jpg,0.8308410874561508,0.22944307
B2A,aac1f31a2d.jpg,0.7075170682058581,0.5864953
B2A,aaca9f8d52.jpg,0.8457555122285233,0.20979494
B2A,aacc4a4e82.jpg,0.824008861377726,0.27889827
B2A,aadee76463.jpg,0.7551131049322161,0.2487529
B2A,aaeb9e1228.jpg,0.783117018296807,0.4827582
B2A,ab001a0dce.jpg,0.7964434482575385,0.42064327
B2A,ab04be8f33.jpg,0.5918173743477072,0.4112015
B2A,ab0917a3f9.jpg,0.80319534290542,0.4466289
B2A,ab0d0dfe08.jpg,0.7341295953127851,0.42987928
B2A,ab1141671d.jpg,0.5551600075521635,0.3961007
B2A,ab3576b164.jpg,0.9160208494215657,0.17644131
B2A,ab36e4f5d7.jpg,0.8934701524082787,0.21180189
B2A,ab4450580b.jpg,0.7030404459212891,0.5506021
B2A,ab45414f0a.jpg,0.8103516249416515,0.3845204
B2A,ab808be34d.jpg,0.6616071295991789,0.6188341
B2A,ab8999b3d4.jpg,0.7028252521056835,0.22920862
B2A,abaa2d0caf.jpg,0.5886989618571721,0.5109908
B2A,abaf585ce0.jpg,0.7190230310318975,0.27320477
B2A,abb7c92cd2.jpg,0.7337735689745634,0.42347044
B2A,abc2244ad0.jpg,0.7678714714058239,0.38926333
B2A,abc26dd865.jpg,0.8796659263226417,0.29418963
B2A,abc76b33c5.jpg,0.7638960708266742,0.44497108
B2A,abd58494e7.jpg,0.8176947285954637,0.23056634
B2A,abe159882d.jpg,0.7025148295441962,0.25936484
B2A,abe813f1cb.jpg,0.9144042299031395,0.19363095
B2A,abeca4498a.jpg,0.6908354839059792,0.51124644
B2A,abee44db3e.jpg,0.7450085886878658,0.5118675
B2A,abfbbbd0ca.jpg,0.8002074111647144,0.30492538
B2A,ac049a3c0d.jpg,0.7674394341076102,0.443339
B2A,ac22f8134b.jpg,0.5111069354992203,0.75335515
B2A,ac36bd24bb.jpg,0.8569877311959918,0.32803148
B2A,ac50e0ca26.jpg,0.9064705740594459,0.34432757
B2A,ac5181086c.jpg,0.7706142615313077,0.42703983
B2A,ac5b1ab8f0.jpg,0.7855197661551893,0.33968264
B2A,ac5d1dd7a1.jpg,0.601069125292703,0.7895728
B2A,ac91124a63.jpg,0.7487792768511476,0.44563586
B2A,ac91ac81c3.jpg,0.8515172053271395,0.23352855
B2A,ac932a461b.jpg,0.8913620742404952,0.21846354
B2A,ac9afdb0a8.jpg,0.8215843840607171,0.2913643
B2A,ac9c8211cb.jpg,0.7407354865287379,0.55148494
B2A,aca32eb466.jpg,0.8123112053201408,0.30814648
B2A,aca45f78be.jpg,0.8903562260638939,0.26230282
B2A,acab996be8.jpg,0.9172978714973374,0.31779632
B2A,acae006873.jpg,0.6596011180584483,0.43391803
B2A,acaf4ef81e.jpg,0.779967017064087,0.39188895
B2A,acbede97b1.jpg,0.652150436511406,0.48083913
B2A,acc787b868.jpg,0.7509050073319602,0.51114476
B2A,acc8b354fc.jpg,0.8687176257704496,0.35410863
B2A,acccbeb5a3.jpg,0.8404654254083125,0.2933767
B2A,accfade258.jpg,0.735019842410455,0.56885487
B2A,acda36155d.jpg,0.7847006735666362,0.39302045
B2A,ace63e2d37.jpg,0.8459086122635101,0.20253542
B2A,acf0aeda10.jpg,0.8893059854698747,0.272192
B2A,acf43bbda9.jpg,0.837457729599947,0.2969992
B2A,ad08c8c439.jpg,0.8706956735778927,0.43831033
B2A,ad122b9a0c.jpg,0.6276264019383507,0.47536856
B2A,ad1819b0e6.jpg,0.8536331080364608,0.30675033
B2A,ad1a8669c9.jpg,0.6533347966003301,0.47612745
B2A,ad24506f8b.jpg,0.8148846965777471,0.43419346
B2A,ad31237f7b.jpg,0.8256150779132931,0.2450307
B2A,ad3d8eb941.jpg,0.5001253606776768,0.6657183
B2A,ad4208f91f.jpg,0.8172445424439436,0.35514057
B2A,ad5065585a.jpg,0.8041134914240787,0.24561515
B2A,ad5385ebb1.jpg,0.6724202415962477,0.4612511
B2A,ad5c6dd37f.jpg,0.7395084279413099,0.39944017
B2A,ad673d759f.jpg,0.6807926281280194,0.4975097
B2A,ad67e71b94.jpg,0.7807104332742394,0.22736478
B2A,ad7d5b8945.jpg,0.900974469037521,0.24835785
B2A,ad8139d30e.jpg,0.8202326650828706,0.42770517
B2A,ad8f6db4da.jpg,0.938493897224014,0.2026555
B2A,ad8fca5a81.jpg,0.7581453833783981,0.372222
B2A,ad95d06611.jpg,0.8566780047071206,0.35781255
B2A,ada37edd54.jpg,0.7774877620798991,0.5368985
B2A,ada576bcf5.jpg,0.884647487770026,0.2724062
B2A,ada64f6f98.jpg,0.666153459228883,0.4253968
B2A,adb5589a4a.jpg,0.7897942447611653,0.40077695
B2A,adbb6706f4.jpg,0.7635864103943395,0.36056894
B2A,adc015d394.jpg,0.8592499041667704,0.28233433
B2A,adc7df4c09.jpg,0.8278661910951842,0.27318543
B2A,adc8bca42b.jpg,0.827631714983963,0.28160176
B2A,add673f629.jpg,0.8798541321828419,0.26089293
B2A,addb9e11be.jpg,0.8890386595597568,0.23644379
B2A,addf00ca3f.jpg,0.8678241414088039,0.25463575
B2A,ade0f46a3f.jpg,0.668233973682498,0.20585234
B2A,adee0e7444.jpg,0.8722269590364216,0.32421508
B2A,adf0ac7938.jpg,0.7855529014796804,0.33820942
B2A,adf316819b.jpg,0.8833102049113721,0.47145167
B2A,adf3ad1301.jpg,0.8769518545341128,0.20716259
B2A,ae073bf16d.jpg,0.7549687598896943,0.5137874
B2A,ae15831d3a.jpg,0.8448990951005064,0.41842288
B2A,ae16d6d012.jpg,0.8079732473229166,0.38867602
B2A,ae1951459d.jpg,0.8361387396322266,0.3373891
B2A,ae1ee21b01.jpg,0.7902094166780725,0.41418418
B2A,ae2923b68c.jpg,0.8493088288069857,0.3181556
B2A,ae2c1ea2d6.jpg,0.8443602465251905,0.26604116
B2A,ae32973f1b.jpg,0.685595525686547,0.48558488
B2A,ae33f34419.jpg,0.8038670301523487,0.30662334
B2A,ae3bb4751d.jpg,0.7317308319786996,0.2735743
B2A,ae48a41403.jpg,0.7733219173392822,0.30964303
B2A,ae56d20cb9.jpg,0.8593832447044191,0.2975437
B2A,ae5ac0bf8a.jpg,0.6668960828041932,0.5221092
B2A,ae667757b8.jpg,0.6822691384277673,0.4034101
B2A,ae7f0cf2c7.jpg,0.8281857478580611,0.25195357
B2A,ae91238c7d.jpg,0.8775961565082858,0.23953222
B2A,ae97673634.jpg,0.5471824397722904,0.64595556
B2A,aea3c83ebe.jpg,0.8102419295920577,0.2255266
B2A,aea4a60c4e.jpg,0.7309712444611274,0.3649583
B2A,aea6b06ea6.jpg,0.7005557410715537,0.19181482
B2A,aed2032c56.jpg,0.6830211816648388,0.545294
B2A,aedf554224.jpg,0.8228505640069931,0.33089587
B2A,aee36ebffb.jpg,0.7986260612297389,0.38109317
B2A,aeff6a1ad9.jpg,0.8495522041360981,0.3313397
B2A,af2075bcf5.jpg,0.9159672479157861,0.20076327
B2A,af24d79cda.jpg,0.7053114164536458,0.27114946
B2A,af2acf5f58.jpg,0.65704375286316,0.51987284
B2A,af4232e4ad.jpg,0.8289642129080885,0.36559105
B2A,af4456d9ce.jpg,0.724429734459033,0.32272375
B2A,af51aca135.jpg,0.5183594932401342,0.50958943
B2A,af5f718ec0.jpg,0.7371255812127054,0.30794483
B2A,af672cd7de.jpg,0.9194852138735893,0.20988952
B2A,af6af0e073.jpg,0.8125308177258841,0.29617688
B2A,af87640174.jpg,0.8248567099351523,0.23776387
B2A,af890fdb8b.jpg,0.6903488374949743,0.37352908
B2A,af899de250.jpg,0.6710306487316073,0.5286191
B2A,af8b38d918.jpg,0.8744165706366067,0.19532451
B2A,af97db63a5.jpg,0.8540722560216765,0.3463422
B2A,af98779f2f.jpg,0.8967785204265099,0.26738507
B2A,af9f206c68.jpg,0.6910695962586184,0.51365244
B2A,afa167a1a5.jpg,0.8394202577536727,0.26781806
B2A,afa1a71c3d.jpg,0.7296035662540089,0.5253227
B2A,afa576e383.jpg,0.8368620418675881,0.4685424
B2A,afabae968b.jpg,0.7950519955092173,0.37816396
B2A,afaf808be0.jpg,0.7322287493975475,0.54087186
B2A,afb21c0a01.jpg,0.8744346078575522,0.40032536
B2A,afb5f05573.jpg,0.7546499805597008,0.31053314
B2A,afb5fd0067.jpg,0.7546204119403952,0.49336678
B2A,afd6a4c506.jpg,0.756862648615863,0.33085507
B2A,afe09342a4.jpg,0.8441052705581278,0.4277898
B2A,afec9d2ce5.jpg,0.6149155054514491,0.50837004
B2A,afee15fa99.jpg,0.7942856374508712,0.4498905
B2A,aff47b8492.jpg,0.7639702370545066,0.44387245
B2A,aff8f6d136.jpg,0.8964127790456925,0.2235412
B2A,b003895ce9.jpg,0.8347151440523479,0.30125737
B2A,b01acadfd9.jpg,0.6186248437332156,0.33889994
B2A,b0238fb4d6.jpg,0.7236012196826022,0.48373058
B2A,b023dae26b.jpg,0.796309993245045,0.42290497
B2A,b02697eec9.jpg,0.8083844379726154,0.32708752
B2A,b027a80904.jpg,0.7091646207522543,0.4903298
B2A,b028f604ed.jpg,0.8763986967608488,0.2597754
B2A,b03262df8a.jpg,0.7355047635892358,0.31733453
B2A,b03646ab9d.jpg,0.9082074536439428,0.19858542
B2A,b036b0bd6e.jpg,0.8193357401115674,0.42359933
B2A,b043e97f3c.jpg,0.9120370355103998,0.19354995
B2A,b048d6b4a6.jpg,0.7757656421515657,0.3216993
B2A,b04af1a7a5.jpg,0.8789414768645097,0.22165412
B2A,b04b5604c4.jpg,0.7784027786269961,0.29948175
B2A,b05f08496f.jpg,0.9079370114049945,0.400338
B2A,b069343f1c.jpg,0.8115659244259661,0.43426475
B2A,b06a3053e1.jpg,0.774454684805195,0.37264097
B2A,b07115bda9.jpg,0.9236305682516915,0.23794803
B2A,b0771d4c61.jpg,0.6664028006354864,0.39022833
B2A,b07a462689.jpg,0.6103156885033694,0.41981432
B2A,b08e49c7b8.jpg,0.8145532437749841,0.29877627
B2A,b09cf0dffc.jpg,0.9266173071742758,0.15186091
B2A,b0a4fcb39d.jpg,0.9047204930197473,0.3172382
B2A,b0b01c67cb.jpg,0.7444232901819454,0.50943804
B2A,b0bc5786a5.jpg,0.6021537658914192,0.3104552
B2A,b0c59def26.jpg,0.7798793653273977,0.5688814
B2A,b0c99529c9.jpg,0.7123147790541947,0.6461992
B2A,b0ccf80417.jpg,0.7499015747639374,0.27122104
B2A,b0dc34e8e6.jpg,0.7448057635109087,0.56348675
B2A,b0e936e41b.jpg,0.8103146023345641,0.3676383
B2A,b0f66caebb.jpg,0.7913045194654935,0.5315794
B2A,b10839181d.jpg,0.7633473389962843,0.35139152
B2A,b10dabf94e.jpg,0.7887617891296306,0.40648472
B2A,b112237bbf.jpg,0.8489590735690753,0.24612845
B2A,b11afb309d.jpg,0.5565042510839417,0.5011617
B2A,b128c9759f.jpg,0.8286392479264536,0.21803837
B2A,b12bf44d38.jpg,0.7374517928806524,0.1926062
B2A,b12d6de1d9.jpg,0.6210256855257614,0.35661843
B2A,b13aecdf79.jpg,0.6845948330506012,0.3607422
B2A,b140da8120.jpg,0.8274671203871271,0.342584
B2A,b150248c5b.jpg,0.8214274223406319,0.30246252
B2A,b1512c76c7.jpg,0.8217845534227207,0.5253263
B2A,b15cbb80b4.jpg,0.8743677163341134,0.20114969
B2A,b161a5d3cb.jpg,0.9040885719281695,0.27490684
B2A,b164b7525c.jpg,0.7598528199292028,0.44770056
B2A,b1654bdb7e.jpg,0.8494915905317,0.38037428
B2A,b16bafe652.jpg,0.8589428302824978,0.2622581
B2A,b16dcdc688.jpg,0.7595613118960229,0.35452163
B2A,b16e9f4263.jpg,0.8885298031543429,0.31901592
B2A,b17c40b1ea.jpg,0.7898772375932128,0.39881718
B2A,b181897b98.jpg,0.8827565299506298,0.31497836
B2A,b18beb6d72.jpg,0.8189905133152964,0.41312295
B2A,b1e3ea9ca5.jpg,0.864053291163016,0.32590473
B2A,b1eb87490e.jpg,0.7448294209911998,0.4660681
B2A,b20d1d38d7.jpg,0.9154276348666014,0.3076284
B2A,b21a369bbd.jpg,0.6384589268744847,0.67410123
B2A,b21c4fc9bd.jpg,0.9084786960169436,0.28374895
B2A,b220f59b09.jpg,0.45377616677008675,0.78603023
B2A,b23933adf6.jpg,0.7250120772237465,0.5131656
B2A,b23ae1573f.jpg,0.6678608108974422,0.6792234
B2A,b2400fe0a5.jpg,0.6067065055623735,0.48381352
B2A,b242ae6db1.jpg,0.8542083720170789,0.3495429
B2A,b2442c013f.jpg,0.8557592457080525,0.39294276
B2A,b244d049e3.jpg,0.8426489140966095,0.37776485
B2A,b245d8b8ff.jpg,0.738646592718943,0.46664923
B2A,b2633e0b11.jpg,0.8762925588058095,0.37509853
B2A,b263b335f4.jpg,0.6706018470754042,0.5615606
B2A,b265520a3d.jpg,0.7276354276111117,0.32606724
B2A,b275f883d7.jpg,0.9073597331005728,0.14632964
B2A,b27811638c.jpg,0.7986697477099239,0.40250066
B2A,b2883a87cb.jpg,0.8330568832225449,0.4393105
B2A,b288896b0a.jpg,0.7225107754464688,0.4588701
B2A,b29034b730.jpg,0.8452671890606048,0.28826115
B2A,b29d413ab1.jpg,0.7559022225539231,0.39338902
B2A,b2a7070656.jpg,0.6110531728439006,0.4579032
B2A,b2a9652a6f.jpg,0.7317807650040633,0.5442171
B2A,b2abb2ae39.jpg,0.7995788033605417,0.48508102
B2A,b2bb2119a9.jpg,0.8267873073410148,0.3161667
B2A,b2cb0fe346.jpg,0.8782355129659939,0.20246418
B2A,b2cbeec8f9.jpg,0.9082149849632272,0.24273664
B2A,b2cbf1cf7a.jpg,0.7460330943157369,0.38966224
B2A,b2de093e02.jpg,0.8605302821615773,0.3462267
B2A,b2e2ffcd0a.jpg,0.6822021811558939,0.38036487
B2A,b2ee6d8bc5.jpg,0.8639786024484198,0.28491703
B2A,b2f7fa511e.jpg,0.8825955008041865,0.4709158
B2A,b2fd16828f.jpg,0.8125683779434859,0.3577503
B2A,b2fe82b23e.jpg,0.8811007587312324,0.18102112
B2A,b30876c470.jpg,0.7319830197652466,0.5571771
B2A,b31c7ff3e0.jpg,0.8594690487314538,0.23444006
B2A,b326ea0088.jpg,0.8606938371704843,0.25117728
B2A,b34c11aa77.jpg,0.6942698164617921,0.4501055
B2A,b3544a41dd.jpg,0.6867480047007953,0.46523523
B2A,b398a41374.jpg,0.8578468802755318,0.26014736
B2A,b39ad63238.jpg,0.8007307067406105,0.39880615
B2A,b3a246218c.jpg,0.8053752493644524,0.29522052
B2A,b3ad362dc3.jpg,0.8223340759321669,0.4486242
B2A,b3bfca1f8b.jpg,0.9197274174505722,0.23837417
B2A,b3c28798bd.jpg,0.8090521391788104,0.28641438
B2A,b3c422ffa6.jpg,0.618773503441264,0.49340296
B2A,b3cc0df141.jpg,0.8466680296968052,0.25970697
B2A,b3d3d9921d.jpg,0.7894279687182808,0.31975898
B2A,b3d83e557e.jpg,0.8771017844601545,0.17450929
B2A,b3daba3e38.jpg,0.88470989512707,0.3884955
B2A,b3db7e6aae.jpg,0.662643280596772,0.37964964
B2A,b3e5c31249.jpg,0.8688706363667059,0.26943535
B2A,b3e9f5d03a.jpg,0.7954020185227519,0.50198317
B2A,b3efa6f13f.jpg,0.8544225085376137,0.2676583
B2A,b404fb513f.jpg,0.7266892637645709,0.40757775
B2A,b4166bd020.jpg,0.79521447717684,0.4418718
B2A,b41d24db10.jpg,0.7219832573034058,0.5402155
B2A,b4217286ca.jpg,0.8519995215365069,0.29783446
B2A,b43d7dcae4.jpg,0.8528149456810438,0.36812735
B2A,b44289846b.jpg,0.8658891602126959,0.36650372
B2A,b443916aa7.jpg,0.861060527106294,0.39308766
B2A,b46106fd89.jpg,0.6791524683922612,0.324472
B2A,b461cd6b95.jpg,0.7021792170934181,0.4687153
B2A,b463392033.jpg,0.7236454066128117,0.4884701
B2A,b469541ab9.jpg,0.8942517404240075,0.37320596
B2A,b475f64439.jpg,0.7577853028994054,0.36062187
B2A,b47834dd52.jpg,0.8614057413393907,0.4247189
B2A,b47b2f88c3.jpg,0.7416045816925849,0.32953972
B2A,b482bd55c5.jpg,0.8187439050938149,0.29004782
B2A,b489bdec64.jpg,0.7924288635850454,0.37787354
B2A,b492a7d919.jpg,0.8492126025621092,0.17101438
B2A,b4a1b33eae.jpg,0.7931200998139825,0.34261307
B2A,b4ba4bd4b0.jpg,0.5474447657884516,0.4434452
B2A,b4c752721a.jpg,0.774741699994854,0.2890948
B2A,b4c7f33b35.jpg,0.5588582713821818,0.40355843
B2A,b4c8e36705.jpg,0.9091529674361539,0.2820717
B2A,b4cc9f5870.jpg,0.7411456099871219,0.28936017
B2A,b4d64206dd.jpg,0.8604253222372844,0.34029713
B2A,b4ef669e4d.jpg,0.9416526399269949,0.19004044
B2A,b4f2211991.jpg,0.5400723744021289,0.5376301
B2A,b4f9b0e86b.jpg,0.8309592734120645,0.40428638
B2A,b5237c39a7.jpg,0.9310720043241009,0.26562807
B2A,b5268447c0.jpg,0.6351850731018479,0.41885298
B2A,b544e584f6.jpg,0.9186592727053761,0.28890726
B2A,b54c9ff9f0.jpg,0.4663201138017396,0.3830458
B2A,b54ecfe1d1.jpg,0.7940272831978299,0.37223864
B2A,b55174c53d.jpg,0.6972051062570772,0.34200287
B2A,b553a553a4.jpg,0.7545351159335476,0.2943717
B2A,b56100a754.jpg,0.8783602627037255,0.36254123
B2A,b56f780872.jpg,0.8915273691197844,0.23625636
B2A,b571fc78d5.jpg,0.8638385406303792,0.45159894
B2A,b58bdc0c7f.jpg,0.7729279771502472,0.33940852
B2A,b597d0c58b.jpg,0.8517722184981327,0.18491499
B2A,b5a144143b.jpg,0.6512028426552163,0.42838904
B2A,b5ae36d4c7.jpg,0.8801110148415509,0.23424327
B2A,b5b93e7f12.jpg,0.5708473327932743,0.47502708
B2A,b5bd2caebc.jpg,0.7739484558957703,0.5152768
B2A,b5bdb76769.jpg,0.7609619877717196,0.46038792
B2A,b5d3195dc8.jpg,0.8028558812976572,0.21949267
B2A,b5d87c828d.jpg,0.9074505250086063,0.2430654
B2A,b5d90eb11d.jpg,0.599296492049567,0.30107784
B2A,b5d995b5d8.jpg,0.7993180310322864,0.27422288
B2A,b5f2c61061.jpg,0.8871296421414536,0.26116672
B2A,b60488d40f.jpg,0.8942540818626201,0.18819603
B2A,b60f74cca9.jpg,0.908382624201528,0.20950341
B2A,b60fa62c00.jpg,0.8274075057474664,0.23345748
B2A,b612a7c29e.jpg,0.8679747659073117,0.2996689
B2A,b612ea84b8.jpg,0.7231063505402342,0.37634662
B2A,b61461c172.jpg,0.7836145864811653,0.39643297
B2A,b61731a239.jpg,0.8697773833657889,0.20621437
B2A,b61b89590d.jpg,0.8446620737541402,0.28811514
B2A,b61e2b3b0d.jpg,0.7801723353204618,0.37535298
B2A,b62b0c6d0c.jpg,0.7656786487618062,0.4623823
B2A,b62f2cfc5d.jpg,0.7748256663937818,0.30206245
B2A,b631fa3f71.jpg,0.8117174211152801,0.2586067
B2A,b635c95844.jpg,0.6682097552859956,0.76382846
B2A,b6398ab782.jpg,0.5566711208419255,0.71128935
B2A,b6429002b9.jpg,0.7129864949735787,0.635949
B2A,b64bb5b36d.jpg,0.5196092765536959,0.554963
B2A,b660902f57.jpg,0.7412237662336737,0.44705626
B2A,b664354223.jpg,0.8272890906894165,0.29931164
B2A,b665863dfb.jpg,0.8453012126611037,0.2677799
B2A,b66913e00b.jpg,0.8626769267990797,0.4323191
B2A,b66c734954.jpg,0.6217662411273308,0.45924973
B2A,b66c82cf2a.jpg,0.7127856026638464,0.40888909
B2A,b66f508c68.jpg,0.7963272068292508,0.36257738
B2A,b678b74dae.jpg,0.8597473628672061,0.35669613
B2A,b679bcea19.jpg,0.81952882071233,0.31205532
B2A,b67c9613c8.jpg,0.8505644173050294,0.17549177
B2A,b697267bfb.jpg,0.7242674149322686,0.3743137
B2A,b69f383965.jpg,0.804544360169999,0.3007838
B2A,b69fe86234.jpg,0.7831431013076504,0.3517099
B2A,b6c8f98eaf.jpg,0.74339637717374,0.45301515
B2A,b6ccadba44.jpg,0.8407058528953254,0.22379647
B2A,b6d52caca3.jpg,0.9273411781292993,0.13782586
B2A,b6d84ce05d.jpg,0.7386299148005497,0.34137067
B2A,b6dd6a5484.jpg,0.6819261382923033,0.399511
B2A,b6e02f524c.jpg,0.8798065104716188,0.31545597
B2A,b6ebb5febd.jpg,0.6922753473395555,0.2862258
B2A,b6f00064cc.jpg,0.6495941801895627,0.41590095
B2A,b70c20c5bb.jpg,0.8110377431913659,0.39131498
B2A,b70ec20b75.jpg,0.8118257651258732,0.5204873
B2A,b7126e52cb.jpg,0.7164122335506176,0.6289654
B2A,b7139c915b.jpg,0.7290380645365823,0.39902866
B2A,b734350f7a.jpg,0.8259068189819497,0.4755516
B2A,b743015621.jpg,0.5989062623379108,0.5052154
B2A,b74ada0d43.jpg,0.8736103732053677,0.28529
B2A,b74cab8840.jpg,0.699795109979441,0.34577352
B2A,b76253bc63.jpg,0.9245407575848913,0.25011474
B2A,b7634902cd.jpg,0.8210506768047393,0.506695
B2A,b763d10895.jpg,0.8795956081441118,0.27927792
B2A,b76490cea4.jpg,0.5633572336373797,0.6704706
B2A,b76838eaa3.jpg,0.6270332240696187,0.5225599
B2A,b76eca8315.jpg,0.8907420900178737,0.29795966
B2A,b7771cc3a7.jpg,0.7409163371863495,0.45377478
B2A,b78443d274.jpg,0.684698091114972,0.62006164
B2A,b7907e76c4.jpg,0.8767796490859024,0.26578397
B2A,b79198e3b3.jpg,0.8785417234145689,0.22820526
B2A,b79628b2db.jpg,0.8726509903728951,0.34070915
B2A,b79649047f.jpg,0.5766049554288836,0.56271785
B2A,b79a2b6c99.jpg,0.9060715191852913,0.29878253
B2A,b7a7a7cc17.jpg,0.8758246261923353,0.23251323
B2A,b7cb7f4110.jpg,0.638324418097415,0.42254448
B2A,b7d05fd7dc.jpg,0.806038332094757,0.23108461
B2A,b7f7aaeb71.jpg,0.7354428657117548,0.3116754
B2A,b8009cb56d.jpg,0.8656423244393724,0.34526777
B2A,b804d8ffff.jpg,0.7378578697027591,0.3582471
B2A,b81a0b8027.jpg,0.9120303151167615,0.23122476
B2A,b81b0d4833.jpg,0.8926415395196073,0.23860645
B2A,b82c2d7664.jpg,0.7218602744847521,0.28226304
B2A,b8513f2cc6.jpg,0.553931057675749,0.7241127
B2A,b85242ba7b.jpg,0.7051618695740338,0.32931793
B2A,b85d1ea25e.jpg,0.7031009678396072,0.40683323
B2A,b87678f817.jpg,0.6607385188381082,0.3667025
B2A,b877c006b7.jpg,0.8073044972075494,0.3291306
B2A,b879c75442.jpg,0.7960564899498984,0.31341913
B2A,b87f267ffd.jpg,0.7978318699344711,0.31441867
B2A,b8800075ea.jpg,0.9089498597903193,0.26348382
B2A,b8846a57ce.jpg,0.6031945656731059,0.47435486
B2A,b885222b39.jpg,0.8075452696896598,0.23501149
B2A,b88710452e.jpg,0.904197677441974,0.15954521
B2A,b88fa19b4b.jpg,0.806614139203419,0.22425815
B2A,b88fd25d37.jpg,0.7965888976105455,0.4290142
B2A,b892e182db.jpg,0.8069356866054995,0.2436867
B2A,b893e3aa24.jpg,0.6929104634010954,0.483503
B2A,b89aa727f4.jpg,0.6864180907829527,0.31789726
B2A,b89d1cc4f1.jpg,0.7201364289078483,0.43817142
B2A,b8b21378ef.jpg,0.8740565107014437,0.2619544
B2A,b8b5848caa.jpg,0.753615256999049,0.39382628
B2A,b8c23eb503.jpg,0.6918653842049889,0.6193047
B2A,b8c6874f96.jpg,0.6973073263650871,0.61296546
B2A,b8d30c2ede.jpg,0.8369776669212038,0.14634605
B2A,b8dda4b0ed.jpg,0.8201700213723551,0.3007917
B2A,b8e1eafdef.jpg,0.8357815298418692,0.24616198
B2A,b8e7658517.jpg,0.8698985007405297,0.29410434
B2A,b8eb81d31d.jpg,0.7580097543914598,0.3994241
B2A,b8f7816f6b.jpg,0.8424025125409271,0.35832447
B2A,b90dc41d5d.jpg,0.814722534359419,0.32598945
B2A,b91926eb90.jpg,0.7845981790280004,0.21964818
B2A,b924b090f7.jpg,0.7896167910503126,0.2866975
B2A,b938642e78.jpg,0.7989297685051326,0.5131573
B2A,b939486166.jpg,0.846035461620059,0.34396267
B2A,b952bd214e.jpg,0.8078718427753789,0.33775026
B2A,b955e39acf.jpg,0.8446487784578918,0.2989151
B2A,b9768c7e52.jpg,0.8182711788175137,0.2697417
B2A,b983599509.jpg,0.8209245348206896,0.23519114
B2A,b985c8d0f9.jpg,0.7235190926314581,0.50021565
B2A,b989430548.jpg,0.5560657413844834,0.5150758
B2A,b9902d5a97.jpg,0.8321756738553336,0.3794583
B2A,b99379d9e0.jpg,0.49852646830477465,0.5102148
B2A,b9973b92ba.jpg,0.6312330078416282,0.43838942
B2A,b99824d883.jpg,0.6631193162258718,0.35651904
B2A,b9a991202d.jpg,0.8928548575524609,0.2676439
B2A,b9bc2a225e.jpg,0.7840864965136526,0.47463137
B2A,b9cad6e8c0.jpg,0.6355644315524537,0.52378577
B2A,b9cd30a1eb.jpg,0.6538956852282122,0.3737213
B2A,b9d2ba2502.jpg,0.8410044979976897,0.24751757
B2A,b9d441588e.jpg,0.6745883745807707,0.34271085
B2A,b9d6b906b5.jpg,0.8158390423057206,0.35476124
B2A,b9de8e1e60.jpg,0.8077648210229976,0.37406474
B2A,b9ea51b317.jpg,0.6723496058531614,0.43698168
B2A,b9eb4c4e23.jpg,0.8505154908253422,0.24433206
B2A,b9f955e5da.jpg,0.7388580757433961,0.5183496
B2A,ba3fc5aaf6.jpg,0.8281772519693315,0.30832958
B2A,ba4f07f939.jpg,0.8821734202726218,0.32685208
B2A,ba57ad5d60.jpg,0.7642175576183605,0.3592406
B2A,ba6cdd170e.jpg,0.7660714198047742,0.527052
B2A,ba7c346ee6.jpg,0.8158786240783634,0.27380395
B2A,ba7d2f82f3.jpg,0.7456288409082763,0.42498446
B2A,ba8511d50b.jpg,0.8409474461506536,0.4078732
B2A,ba861fc7fc.jpg,0.7121758663251474,0.4750563
B2A,ba900f7b05.jpg,0.6451853727699618,0.5919445
B2A,ba93309fda.jpg,0.6508884757216811,0.3845265
B2A,baa1ec6741.jpg,0.9285173782136068,0.31323057
B2A,baa5eaf58a.jpg,0.7541350623434601,0.3335054
B2A,baa60c9bed.jpg,0.875341385522131,0.20724593
B2A,baac2fc0d9.jpg,0.7950945900901304,0.28879207
B2A,bab560daee.jpg,0.8052539247192056,0.38245273
B2A,bac7bbda07.jpg,0.8540755630624729,0.22969857
B2A,baca7c1baf.jpg,0.8969087423980548,0.30013472
B2A,bad95e0688.jpg,0.7635001955170287,0.4510248
B2A,bae17c2143.jpg,0.8568081646650982,0.33390263
B2A,bae6056ca8.jpg,0.6559489343811536,0.3367185
B2A,baef9a3993.jpg,0.8463721003308605,0.2682916
B2A,bafb1adc1f.jpg,0.7947444249496242,0.38754186
B2A,bb017d43a9.jpg,0.7736457629033395,0.40760586
B2A,bb15fcc4ff.jpg,0.8663027555472758,0.3616726
B2A,bb313a5e16.jpg,0.6153128970417633,0.56135774
B2A,bb3377f200.jpg,0.8631686420523941,0.203145
B2A,bb38cedde5.jpg,0.8199197483098097,0.46713826
B2A,bb3ef64acd.jpg,0.9256988148713855,0.18084422
B2A,bb40b8dd7f.jpg,0.824429155101193,0.25562197
B2A,bb5faf30e9.jpg,0.8022536527481658,0.33347782
B2A,bb64125bc2.jpg,0.911219852708619,0.34865978
B2A,bb77850a04.jpg,0.7782453413183676,0.46979457
B2A,bb8552f1b5.jpg,0.7920683944069333,0.2117073
B2A,bb9d316b1a.jpg,0.7223503299962328,0.35237208
B2A,bba5052be8.jpg,0.9328533240060796,0.23640661
B2A,bbac847eec.jpg,0.809555981156911,0.29388726
B2A,bbaff218f3.jpg,0.7644615771805117,0.5268465
B2A,bbbfda6b8f.jpg,0.9102467212693701,0.3146612
B2A,bbc433fec1.jpg,0.8775401027967877,0.29818678
B2A,bbc5447377.jpg,0.7656701690686377,0.32814467
B2A,bbc6c20473.jpg,0.6089950716333519,0.52624696
B2A,bbca95e065.jpg,0.7401874910986748,0.48440498
B2A,bbd1178911.jpg,0.8802230268109414,0.22980689
B2A,bbe716a5ba.jpg,0.6421794978031768,0.6963966
B2A,bbf7c36959.jpg,0.8774007806699055,0.21055596
B2A,bbfe762240.jpg,0.8445538738154353,0.38547435
B2A,bc00b49aa2.jpg,0.9503931371504042,0.4153808
B2A,bc05774cb8.jpg,0.8556948154105354,0.2711817
B2A,bc1296f186.jpg,0.7527861649151139,0.37539864
B2A,bc1fa09301.jpg,0.606492238342904,0.5482815
B2A,bc320f44ee.jpg,0.7626324382672198,0.45798296
B2A,bc34a98e62.jpg,0.5369317167354871,0.42761883
B2A,bc3f932980.jpg,0.6547200543117169,0.55190736
B2A,bc47393bbe.jpg,0.7380326184732442,0.48491466
B2A,bc4cc5e31c.jpg,0.7582099302605297,0.5064128
B2A,bc57ed5fda.jpg,0.7811540008819677,0.2571543
B2A,bc59db0454.jpg,0.8710584272598989,0.24801601
B2A,bc76a34f9d.jpg,0.8564434235782974,0.20858783
B2A,bc8579edc4.jpg,0.7497238613028018,0.26297393
B2A,bc89a879fd.jpg,0.7923916140572174,0.54280573
B2A,bc8e187f4f.jpg,0.8426660789381406,0.25736883
B2A,bc97e28ac0.jpg,0.7065728108841268,0.36784062
B2A,bc9defc927.jpg,0.6341103780816404,0.6482259
B2A,bca6fd9039.jpg,0.8115880798509232,0.38652462
B2A,bcad190025.jpg,0.8255874346548117,0.39803055
B2A,bcade75bec.jpg,0.7555883506966364,0.391545
B2A,bcae56fbed.jpg,0.6670250541554421,0.44081017
B2A,bcc1a87147.jpg,0.7817820921530085,0.37073433
B2A,bcc29192c1.jpg,0.8112043537094267,0.23968747
B2A,bcde913d1d.jpg,0.7973048137739714,0.2751073
B2A,bce46c265e.jpg,0.8639765706700253,0.33257562
B2A,bceb077f5d.jpg,0.7537034700807707,0.309432
B2A,bcef4b66e6.jpg,0.7938463306518033,0.388674
B2A,bcf39bcec2.jpg,0.8646477324032111,0.26855043
B2A,bcf3ab621b.jpg,0.7452645175081242,0.49397433
B2A,bcf3af118c.jpg,0.6733671791236979,0.37712136
B2A,bd2893da68.jpg,0.8523523950327763,0.30438578
B2A,bd2be5968a.jpg,0.8426353236874186,0.30568507
B2A,bd4ff109f0.jpg,0.9037940131430298,0.36140597
B2A,bd5056d32e.jpg,0.6359683240014639,0.5700639
B2A,bd58f14f67.jpg,0.6498607409810402,0.46044248
B2A,bd6006597f.jpg,0.8259083491467345,0.3148291
B2A,bd6261963a.jpg,0.7602794554635898,0.3243306
B2A,bd6550715b.jpg,0.8235046867190567,0.50288135
B2A,bd6902ee43.jpg,0.8134310296506165,0.37718296
B2A,bd6a7ec51e.jpg,0.5264313637972334,0.49470708
B2A,bd7003b6b6.jpg,0.7481270989585032,0.28138128
B2A,bd76d694d4.jpg,0.7029393432120716,0.4644844
B2A,bd7e521e90.jpg,0.9304022423480994,0.23084638
B2A,bd7e852fb1.jpg,0.6970568118053156,0.4075
B2A,bd81e32444.jpg,0.7707730860738529,0.49328864
B2A,bd856bd7d2.jpg,0.8496407949063627,0.26300445
B2A,bd9dbd110c.jpg,0.6903885590927931,0.3433871
B2A,bda011a946.jpg,0.8908028306866874,0.17605108
B2A,bda7612626.jpg,0.6344278225132354,0.6456403
B2A,bda7b5b92a.jpg,0.8153892075821075,0.36245915
B2A,bda920ef3a.jpg,0.7593696578582643,0.5504482
B2A,bdb71b5252.jpg,0.8126520713741139,0.33032876
B2A,bdb764be42.jpg,0.6210413093832188,0.7199811
B2A,bdb80159b3.jpg,0.7687246915883448,0.3953015
B2A,bdcfea4c8d.jpg,0.6742360135141519,0.30246964
B2A,bdd2bc2e77.jpg,0.8810927034868243,0.250907
B2A,bdd6cb73e5.jpg,0.7480874766542408,0.33046123
B2A,bde2a9e1fa.jpg,0.9171312860050919,0.2638686
B2A,bdf3d3a8e5.jpg,0.8445965455949965,0.28953233
B2A,bdf8b0c5ad.jpg,0.8246203700796534,0.32596582
B2A,be0140dde6.jpg,0.7839590211507527,0.50953263
B2A,be17aa711c.jpg,0.6274408999309112,0.46686292
B2A,be19b2eac9.jpg,0.7913274640536644,0.4402868
B2A,be307d9b2d.jpg,0.7941142651585381,0.28258562
B2A,be30ee9635.jpg,0.834495240877536,0.29869506
B2A,be58cca5c2.jpg,0.7233183249799204,0.4488304
B2A,be5a727d8a.jpg,0.681876942982358,0.46710926
B2A,be5e1ffaf7.jpg,0.8741945149572484,0.23482077
B2A,be66a96894.jpg,0.9054805187818863,0.18325597
B2A,be6d9981a3.jpg,0.8659019960841152,0.19940129
B2A,be74caa0c9.jpg,0.5461610361483695,0.7533118
B2A,be76e135d1.jpg,0.6683649782513124,0.61018085
B2A,be7c00594f.jpg,0.8147109814557729,0.32614815
B2A,be8015beea.jpg,0.7464345181566855,0.37390015
B2A,be87bba931.jpg,0.670163274025595,0.5704965
B2A,be9710f956.jpg,0.7627823007558933,0.680804
B2A,beb00f6bd4.jpg,0.7775942395630615,0.30885756
B2A,beb8830662.jpg,0.8299559000216077,0.18028352
B2A,bebbb8b76e.jpg,0.8888246128088606,0.20691684
B2A,bec2bc2d65.jpg,0.9081062090465821,0.2527683
B2A,bec49b01dd.jpg,0.7505498293709287,0.3919844
B2A,bec4efcf0e.jpg,0.72273425242823,0.33945948
B2A,becea1ec0d.jpg,0.8124404395660537,0.31677917
B2A,bed5847c27.jpg,0.686598983720102,0.62822634
B2A,bed803c046.jpg,0.69648887673265,0.6407082
B2A,bedb0b8e17.jpg,0.7304098164887204,0.27105886
B2A,bee0d00197.jpg,0.5471706761138095,0.460102
B2A,bee8605fcd.jpg,0.8483321865744411,0.23908882
B2A,bee867c967.jpg,0.6208206585781801,0.51915246
B2A,beebd3d7ff.jpg,0.8344634166177396,0.23602685
B2A,beec4e482c.jpg,0.7523112598802627,0.25032803
B2A,bf07ab5c4a.jpg,0.8099648677363642,0.48830396
B2A,bf0e0a58a4.jpg,0.5642464744852855,0.6379543
B2A,bf2216d133.jpg,0.6832963609106549,0.3295017
B2A,bf28de635c.jpg,0.7509011741511437,0.36812356
B2A,bf36a527ab.jpg,0.6574384513534117,0.38679612
B2A,bf3ece26c1.jpg,0.662109946291777,0.6030152
B2A,bf6062190e.jpg,0.6607695806910683,0.68720436
B2A,bf61f9adb1.jpg,0.8456583748422812,0.32917616
B2A,bf6ed52f2c.jpg,0.8994410121464448,0.17909041
B2A,bf72b298bc.jpg,0.7092865750036461,0.5393961
B2A,bf7b0e4b1f.jpg,0.6800909949562639,0.44812247
B2A,bf8f3d28ae.jpg,0.7292688953442028,0.4064984
B2A,bf918a456c.jpg,0.7132749397824831,0.43759584
B2A,bf94cca435.jpg,0.8002809443540444,0.33990058
B2A,bf964262b6.jpg,0.6956302689188818,0.5781989
B2A,bfc6144838.jpg,0.8507991874256602,0.30339926
B2A,bfc622bb44.jpg,0.933052507205155,0.24254347
B2A,c006c643f8.jpg,0.8972647825422077,0.2402855
B2A,c009f9904a.jpg,0.7690447719360607,0.5304918
B2A,c013680118.jpg,0.7024224584921046,0.382634
B2A,c015570ab7.jpg,0.6038285289762735,0.63306844
B2A,c017fac753.jpg,0.738618720423157,0.46835473
B2A,c018d5dbf7.jpg,0.7763349089986384,0.3060315
B2A,c0287a48f4.jpg,0.7903228465679334,0.31390014
B2A,c02e89c4d3.jpg,0.758347219971325,0.32647848
B2A,c0301eeaaf.jpg,0.7699557914101219,0.46398395
B2A,c031d1622c.jpg,0.7220796554473726,0.39619073
B2A,c03cf43784.jpg,0.8324602241328446,0.34721267
B2A,c0511e5414.jpg,0.6952510444539105,0.43493897
B2A,c06ff30cd5.jpg,0.8712440670936077,0.22285308
B2A,c0757c90f9.jpg,0.8713217974481169,0.31119224
B2A,c081f34667.jpg,0.6686515660321297,0.27876762
B2A,c0876f3b2b.jpg,0.8426786724547676,0.25598595
B2A,c08ee1f5aa.jpg,0.832234646843026,0.40028366
B2A,c09421b98c.jpg,0.7872740559614112,0.40047425
B2A,c09cd67282.jpg,0.7579330015650478,0.20689867
B2A,c0a3fb3571.jpg,0.9145326326646587,0.19739866
B2A,c0a72ce31e.jpg,0.8954180734290916,0.31037235
B2A,c0b55c941e.jpg,0.7345497212449187,0.33048272
B2A,c0b977acfb.jpg,0.8149182034430846,0.32395336
B2A,c0be01b9c9.jpg,0.7688042914354042,0.5187659
B2A,c0c0e3575b.jpg,0.8739396622822958,0.2580413
B2A,c0e7dfa5ed.jpg,0.6963390948615925,0.4504377
B2A,c0f19d6031.jpg,0.7425818270339608,0.43350825
B2A,c0fe7fd0a7.jpg,0.6534843266071491,0.48413208
B2A,c10183721e.jpg,0.7830039851066188,0.27828723
B2A,c1114abb60.jpg,0.8557304998932799,0.35525528
B2A,c123f051ca.jpg,0.7132433449966447,0.51122093
B2A,c125e1a1f6.jpg,0.7051418052163383,0.41560665
B2A,c1294c7cd9.jpg,0.8297941691717677,0.2565839
B2A,c12c1c978e.jpg,0.7632526955671862,0.58055645
B2A,c12e14b962.jpg,0.7713649290167347,0.36584723
B2A,c1339587e8.jpg,0.7670633407492625,0.3873603
B2A,c137e13300.jpg,0.8707604191025278,0.36018187
B2A,c14426ebfc.jpg,0.7559565110318828,0.33911312
B2A,c15a72a99a.jpg,0.8544935487493427,0.23511723
B2A,c16ed7863f.jpg,0.7160272487595751,0.38599923
B2A,c190aa34f8.jpg,0.9451812726359328,0.41323256
B2A,c19312ad74.jpg,0.7298716524223214,0.4978705
B2A,c1972547d1.jpg,0.8054009277820774,0.20858377
B2A,c1a8c428f6.jpg,0.7889411954312249,0.55169904
B2A,c1b1ad3d68.jpg,0.7628588425083127,0.428242
B2A,c1b2b47959.jpg,0.6953475181578477,0.26775318
B2A,c1b7f78159.jpg,0.7236775193609323,0.46774232
B2A,c1c634b4eb.jpg,0.8172514810345765,0.23696692
B2A,c1d0fe9abe.jpg,0.797356678917999,0.38290387
B2A,c1d5a31a74.jpg,0.5737720587629894,0.39246136
B2A,c1e5b119c4.jpg,0.7558642217731831,0.25958377
B2A,c1f932fee3.jpg,0.8914529277425218,0.2868155
B2A,c1f9da41e1.jpg,0.8299001485039237,0.31314725
B2A,c1fb81bcfa.jpg,0.7319701025961014,0.47821856
B2A,c2266bed41.jpg,0.8191557678724262,0.52952427
B2A,c2307e363e.jpg,0.8168762899421064,0.354062
B2A,c236cbe5eb.jpg,0.7290091805408032,0.48055622
B2A,c236d99e18.jpg,0.8880259912563794,0.2665395
B2A,c23e040ff8.jpg,0.8156647390864428,0.4819317
B2A,c2607646ad.jpg,0.9113851062513889,0.19814208
B2A,c262fe08f9.jpg,0.8454268428401587,0.27095157
B2A,c2656884dd.jpg,0.8900843135011393,0.29911476
B2A,c26e1a3dea.jpg,0.8504407177872177,0.3463296
B2A,c2708f8a47.jpg,0.7796349767372913,0.31202722
B2A,c27ca11d75.jpg,0.6859015122945061,0.47311097
B2A,c280ccdd9b.jpg,0.9159891754975823,0.19251685
B2A,c284ce5f6f.jpg,0.6800863805902331,0.39603323
B2A,c2869dc39f.jpg,0.7498474830848204,0.3880263
B2A,c287068c8b.jpg,0.8524574286842853,0.2166915
B2A,c29a81a99d.jpg,0.7617522322539042,0.43669686
B2A,c2acbc2675.jpg,0.8069852818089559,0.40733433
B2A,c2b79f204d.jpg,0.6987627324219245,0.5194242
B2A,c2c2cd230b.jpg,0.7707046059382857,0.47580355
B2A,c2d01b1977.jpg,0.7968232478976558,0.49735433
B2A,c2d909e551.jpg,0.8692783861107328,0.29657263
B2A,c2dfec8e9a.jpg,0.8333736771770466,0.3839021
B2A,c2e0f637ed.jpg,0.840658179884405,0.27042082
B2A,c2f49209fa.jpg,0.642185076067744,0.5801574
B2A,c2fe4fa436.jpg,0.8808152727448572,0.22470212
B2A,c303744625.jpg,0.8767800379964165,0.21789438
B2A,c315adb658.jpg,0.8171540214433575,0.5425476
B2A,c31cad8dc1.jpg,0.7876826288004847,0.24203828
B2A,c329a43ef8.jpg,0.7091129332850421,0.38077387
B2A,c362a50b71.jpg,0.8923270644832727,0.3162061
B2A,c36ee485ab.jpg,0.7635125140558058,0.38220462
B2A,c373467807.jpg,0.8920353541399493,0.23366915
B2A,c37e6749d1.jpg,0.7816706868824324,0.33135986
B2A,c38cd66489.jpg,0.8931577473803803,0.22493693
B2A,c398543807.jpg,0.8122178974820398,0.43250623
B2A,c39ac686c7.jpg,0.663438472315678,0.29250783
B2A,c3ae8d9885.jpg,0.6947656267715959,0.39519322
B2A,c3b0c7adb5.jpg,0.6963870625239859,0.69781464
B2A,c3b262e6c5.jpg,0.5892005584367058,0.52267766
B2A,c3b45ccdf0.jpg,0.7149772803076092,0.4571733
B2A,c3c8443027.jpg,0.8797374222895769,0.24626341
B2A,c3d7a24d73.jpg,0.922358667608771,0.23279485
B2A,c3e565166e.jpg,0.8721293952099444,0.32478976
B2A,c3e6b45f00.jpg,0.8470715842447679,0.28095973
B2A,c3f82846fa.jpg,0.8670251535741448,0.35721076
B2A,c40157edb5.jpg,0.7898949630280756,0.4478449
B2A,c419f70dc7.jpg,0.8739974916452229,0.22810921
B2A,c41d11bc49.jpg,0.6594037898969307,0.2797686
B2A,c428c52f81.jpg,0.6855404319753922,0.46596783
B2A,c456016d2d.jpg,0.895700741008894,0.2929604
B2A,c458ed7411.jpg,0.7894565688723199,0.34361255
B2A,c45ddef2b3.jpg,0.9360783540269538,0.38975298
B2A,c46fcd1a80.jpg,0.7207168236386079,0.42681473
B2A,c470eb30ef.jpg,0.776637734073853,0.28965014
B2A,c47e602b0b.jpg,0.8167672193196948,0.39370966
B2A,c47e788e86.jpg,0.8238451926125001,0.32537338
B2A,c4808eb22d.jpg,0.7883083336487746,0.40587997
B2A,c48dd873be.jpg,0.9440935008121594,0.28741395
B2A,c4bdcb6dd9.jpg,0.8382232712995159,0.2620226
B2A,c4c39ac3f9.jpg,0.6603655661271343,0.3987329
B2A,c4ced9cad1.jpg,0.8499572500353019,0.2783191
B2A,c4d6a7c8a9.jpg,0.8322939644499228,0.33382598
B2A,c4d73047e1.jpg,0.8252829278733691,0.32396305
B2A,c4d8884b3c.jpg,0.870013500302588,0.2708286
B2A,c4d8c03cf8.jpg,0.8692547227505193,0.22089764
B2A,c4d9fbfb1f.jpg,0.7217157750192961,0.44839984
B2A,c4db21f52d.jpg,0.8155633342176015,0.24315271
B2A,c4e15cdce1.jpg,0.879211177680786,0.3540654
B2A,c4e6130960.jpg,0.7411634220506513,0.683774
B2A,c4f7170246.jpg,0.7476062832091915,0.50747895
B2A,c4fd20f2ce.jpg,0.7829952377245648,0.45422482
B2A,c50547f5fc.jpg,0.6493726071523996,0.58112264
B2A,c50837aa54.jpg,0.7450818593199311,0.41269946
B2A,c52044fdd2.jpg,0.8285333804277895,0.43035907
B2A,c524c49931.jpg,0.816572203405353,0.29976475
B2A,c525d82983.jpg,0.6975242489753523,0.35557568
B2A,c525dc1668.jpg,0.8092681734790708,0.6097552
B2A,c526e4cab7.jpg,0.855906008121037,0.20214094
B2A,c52cb8c926.jpg,0.7948568023162369,0.3274091
B2A,c531391a54.jpg,0.5779154163733091,0.32351822
B2A,c5440d3858.jpg,0.834494331699946,0.2820006
B2A,c5496898d9.jpg,0.6495405261979699,0.48043308
B2A,c54c5368af.jpg,0.7322163784047181,0.34351608
B2A,c5656a3bc2.jpg,0.7897571496608758,0.34508842
B2A,c570a774e2.jpg,0.7858818677852483,0.24757619
B2A,c57cb4cc7d.jpg,0.7478434356452512,0.44379216
B2A,c57ecc2387.jpg,0.8718442743467492,0.26574436
B2A,c58fea646b.jpg,0.7942303868756844,0.3380074
B2A,c5921d07d4.jpg,0.7941531694377084,0.4695089
B2A,c595a52c39.jpg,0.7259611479034468,0.24308205
B2A,c598a0b020.jpg,0.723652723445769,0.4791338
B2A,c59d7d374c.jpg,0.8455007484052074,0.43338695
B2A,c5a2b9c91c.jpg,0.702442578033499,0.24934658
B2A,c5acb37086.jpg,0.7909111206559433,0.34406862
B2A,c5b7abcf1a.jpg,0.6816493091354358,0.54550105
B2A,c5c1ce91be.jpg,0.8171087489991671,0.48243707
B2A,c5c637557c.jpg,0.7283779087040178,0.38741347
B2A,c5df072a87.jpg,0.8544698565297176,0.2583228
B2A,c5e14d505f.jpg,0.8277091512747544,0.35459775
B2A,c5e6a04538.jpg,0.8464282218070355,0.29754212
B2A,c5ec21dc91.jpg,0.7446477594069125,0.33645797
B2A,c5edeee0c7.jpg,0.8361786369942584,0.3029951
B2A,c5f84dbc49.jpg,0.824848000172026,0.16823764
B2A,c6023eafa9.jpg,0.8360665598465238,0.35032946
B2A,c602fe2139.jpg,0.8115024850403618,0.41757986
B2A,c60ce9a7c7.jpg,0.8590961485733277,0.37405306
B2A,c6145ae196.jpg,0.6502711224369345,0.46143854
B2A,c61687bbf7.jpg,0.8026002844780671,0.4051566
B2A,c61c78d0ca.jpg,0.6806947622762234,0.37588418
B2A,c62219be8a.jpg,0.6178766758291153,0.36703616
B2A,c63612e996.jpg,0.8042962339756453,0.47206166
B2A,c6500baba8.jpg,0.6990883546797519,0.4611275
B2A,c65d66d192.jpg,0.8934718089847461,0.19060409
B2A,c6677c412d.jpg,0.8521359941184662,0.21789391
B2A,c673cb8573.jpg,0.8181895640588258,0.4674591
B2A,c67451f208.jpg,0.754507501277058,0.3763642
B2A,c68341c3b7.jpg,0.771121336972276,0.39952195
B2A,c686b36f96.jpg,0.8530507555040804,0.21839426
B2A,c6881f63ec.jpg,0.6966289725136963,0.43816143
B2A,c6a2fbabf7.jpg,0.794118718743327,0.27481383
B2A,c6a4a9aeb2.jpg,0.7573242147741557,0.3427403
B2A,c6a58d81ef.jpg,0.8883649388377978,0.36365467
B2A,c6ad8bd40d.jpg,0.7047483694023025,0.426709
B2A,c6aea7cf4f.jpg,0.7661225778903421,0.35627425
B2A,c6af326883.jpg,0.7685949747884737,0.31222582
B2A,c6b10318be.jpg,0.8472955983196636,0.44083387
B2A,c6c4b33994.jpg,0.8183511835186941,0.43928513
B2A,c6d9ef38ee.jpg,0.7476781071138401,0.23784702
B2A,c6e35b7a8e.jpg,0.7842866450310125,0.5371466
B2A,c6f400cade.jpg,0.8193819479433132,0.33763412
B2A,c6f871bb47.jpg,0.7936617041239676,0.46661305
B2A,c7043864d2.jpg,0.6116068536262494,0.59114265
B2A,c72720ffb0.jpg,0.5880747331831302,0.5337566
B2A,c736950d4e.jpg,0.6696365553059674,0.41350913
B2A,c7380a0fa2.jpg,0.7368039058863589,0.39933166
B2A,c73d060b7f.jpg,0.8795536763117731,0.21213791
B2A,c7427a066e.jpg,0.8127282618418635,0.2944538
B2A,c74314fb5c.jpg,0.6420072578234143,0.32670552
B2A,c748dcc2c7.jpg,0.9498300171872881,0.2841644
B2A,c74ae24a89.jpg,0.752151090460693,0.44057068
B2A,c7608e5539.jpg,0.5969749525011719,0.32852927
B2A,c7622b657d.jpg,0.5327096123395718,0.7890612
B2A,c76acdaaa5.jpg,0.9545156122383709,0.27782398
B2A,c7736d8864.jpg,0.7878816612519763,0.3043741
B2A,c7736e2c50.jpg,0.8471548150003216,0.2746122
B2A,c77ecc882a.jpg,0.8150608313551532,0.3116033
B2A,c78308fb1e.jpg,0.5982911123799624,0.33528054
B2A,c7880ba0c2.jpg,0.7318289725683502,0.36853883
B2A,c788baf225.jpg,0.6972265529906865,0.42321748
B2A,c78a6e867e.jpg,0.7343175027481403,0.18120079
B2A,c78bc2db57.jpg,0.8439476461365478,0.3350948
B2A,c793220e43.jpg,0.8738219003386688,0.20090267
B2A,c7bf31ca58.jpg,0.6777469965882134,0.43853536
B2A,c7cc509a06.jpg,0.7280240472861718,0.5161445
B2A,c7d0dc1d10.jpg,0.6115814022003255,0.50540173
B2A,c7eaf9c07a.jpg,0.8960302751313957,0.306029
B2A,c7f524e16e.jpg,0.6663208116939158,0.49068764
B2A,c7f9e63db6.jpg,0.8134404738601377,0.46315655
B2A,c80007786e.jpg,0.5924791992058668,0.73282677
B2A,c81299eae0.jpg,0.8071176156806689,0.3623045
B2A,c8185b191d.jpg,0.7201491769683402,0.2939559
B2A,c81b6373f2.jpg,0.7099702023970849,0.51146567
B2A,c81c856677.jpg,0.8097422596431546,0.36252356
B2A,c82080c8de.jpg,0.5568297027345092,0.50045353
B2A,c82b51e41e.jpg,0.6829877975331091,0.5468447
B2A,c840700a72.jpg,0.7461862857098704,0.18918417
B2A,c84627330d.jpg,0.8482270656244241,0.23557894
B2A,c84660744f.jpg,0.7983941489199947,0.41095465
B2A,c851e6f6e0.jpg,0.8129127295823864,0.26388037
B2A,c8549dd38b.jpg,0.6023438203101505,0.4617143
B2A,c86587b1e8.jpg,0.5415798040414833,0.53638214
B2A,c8694cefc7.jpg,0.8457043699497376,0.3012262
B2A,c86a62e6d2.jpg,0.8975357384861601,0.35607418
B2A,c86f9ec4f7.jpg,0.8544402123806022,0.36086982
B2A,c87264d97f.jpg,0.6411638670610394,0.571861
B2A,c88254adbe.jpg,0.8104625184245013,0.3465824
B2A,c882d8abac.jpg,0.7531589490308946,0.3567393
B2A,c8840a2e27.jpg,0.5582246999965645,0.5915752
B2A,c889794bf7.jpg,0.7609200049170202,0.26120037
B2A,c891a570bb.jpg,0.8470857489513725,0.22528984
B2A,c893f6e167.jpg,0.8089027616554559,0.37606305
B2A,c898f3300d.jpg,0.7188269182216064,0.298545
B2A,c89c107b5b.jpg,0.7693823675529765,0.2444268
B2A,c8a8274cb3.jpg,0.8214855325424114,0.3159847
B2A,c8a9cfa14c.jpg,0.80275565888211,0.5642411
B2A,c8baedacff.jpg,0.7963333916611038,0.20522603
B2A,c8bd9caef0.jpg,0.8133832737924996,0.31847858
B2A,c8c45ad5f1.jpg,0.8172192043178734,0.45643175
B2A,c8cb8e85e7.jpg,0.8019736192919641,0.4663286
B2A,c8d05086f2.jpg,0.7264618645235366,0.3178172
B2A,c8d6f98b20.jpg,0.8014109629807598,0.28776172
B2A,c8da3631bf.jpg,0.7858587917481437,0.2994532
B2A,c8ea1e9ef3.jpg,0.7539879372937996,0.46273783
B2A,c8ed12953b.jpg,0.6658734936400192,0.41434798
B2A,c8f1b865ca.jpg,0.8279877761342205,0.4175156
B2A,c8f7e3f9ee.jpg,0.7555860957917205,0.4502326
B2A,c9020a4441.jpg,0.6793076647824381,0.5837747
B2A,c90b0c1ad5.jpg,0.7747671268456617,0.2533828
B2A,c91473f497.jpg,0.7462695746230849,0.29811662
B2A,c91c752661.jpg,0.8248250402487263,0.20928697
B2A,c925172e83.jpg,0.8745542689943889,0.2290533
B2A,c9347e1e7b.jpg,0.8986111482756697,0.3037893
B2A,c936589fe5.jpg,0.753089656982619,0.37781882
B2A,c9377ac739.jpg,0.7729820632234369,0.42360297
B2A,c943d77639.jpg,0.7113920102330188,0.37717447
B2A,c950a3f6af.jpg,0.6151970959165516,0.4224673
B2A,c9596992ba.jpg,0.9070242909348153,0.29082307
B2A,c963de7b44.jpg,0.7237028959767392,0.44387794
B2A,c965459a49.jpg,0.7467768308966911,0.38232008
B2A,c9677c2983.jpg,0.6586701534050365,0.55925673
B2A,c96ca42d91.jpg,0.6618824749998127,0.60993165
B2A,c974562e36.jpg,0.899176119857617,0.25931334
B2A,c97cfcba7e.jpg,0.6672756245121114,0.4450262
B2A,c9823e7ce1.jpg,0.7131924020582598,0.27728388
B2A,c983c41dd9.jpg,0.8580036929190521,0.24255173
B2A,c986b6924c.jpg,0.8811724490938363,0.34596783
B2A,c98a568b5d.jpg,0.6698458863831301,0.5512503
B2A,c9aea3d9d6.jpg,0.8476589113237465,0.2612551
B2A,c9afde6424.jpg,0.8901736727644902,0.3023985
B2A,c9bca1b8ea.jpg,0.8183997616019033,0.27081096
B2A,c9bdf7e5df.jpg,0.6699914872801896,0.5076147
B2A,c9c007ddc3.jpg,0.8166746610613009,0.42423192
B2A,c9c6d6eb3a.jpg,0.6357359433385582,0.34532803
B2A,c9cba4bd0e.jpg,0.7593411166514866,0.37941626
B2A,c9d20d84df.jpg,0.5971210351047296,0.29456532
B2A,c9d61587a2.jpg,0.8617936217101559,0.18646502
B2A,c9e242367f.jpg,0.8944569677520181,0.18931022
B2A,c9e589eb2d.jpg,0.8133262984736968,0.33288693
B2A,c9ff68f5a2.jpg,0.6829550668695851,0.45218265
B2A,ca048034a1.jpg,0.5627739345460819,0.45765412
B2A,ca1c1e0ab4.jpg,0.6779854401270952,0.4289624
B2A,ca2d56ade5.jpg,0.7537714155556876,0.2804243
B2A,ca350be337.jpg,0.6812532315849359,0.50060546
B2A,ca386d38d2.jpg,0.801051940131636,0.5154475
B2A,ca4170de40.jpg,0.7957437457209893,0.32313523
B2A,ca4a5b1d15.jpg,0.854233438259037,0.41492134
B2A,ca6254d8af.jpg,0.8968003392330692,0.21677852
B2A,ca62c55ebe.jpg,0.7650559004622098,0.36387414
B2A,ca66e77e70.jpg,0.5383461402935189,0.2877234
B2A,ca6833900f.jpg,0.7690888568004414,0.27758867
B2A,ca772b116e.jpg,0.7542833794247077,0.34258148
B2A,ca7b9ae1dd.jpg,0.8679273641416466,0.3582794
B2A,ca7ef68a39.jpg,0.8219887280728932,0.28062773
B2A,ca989796e8.jpg,0.6711261300502404,0.37044567
B2A,caa1dcc886.jpg,0.8829858673471697,0.32841283
B2A,caa6d72fa5.jpg,0.6656006361472387,0.32741252
B2A,cac056399a.jpg,0.7900266284923831,0.42028326
B2A,cac112db80.jpg,0.7632870959737588,0.29761928
B2A,cacfe238bb.jpg,0.7970412244470626,0.2565803
B2A,cae6f0d5e8.jpg,0.8572549960679556,0.40823603
B2A,caf18820a4.jpg,0.8725736643377608,0.12783231
B2A,cafbfecee1.jpg,0.7212001496447035,0.42270023
B2A,cafe98985e.jpg,0.8750187104206196,0.18859087
B2A,caff162d50.jpg,0.8977551074835186,0.22871245
B2A,cb07b1bb83.jpg,0.7351396992820881,0.40885144
B2A,cb09a699d1.jpg,0.8075336457922052,0.37750906
B2A,cb0fc9a127.jpg,0.6886267152745803,0.6602396
B2A,cb15285d36.jpg,0.7992148703630942,0.2975183
B2A,cb165748bf.jpg,0.7687175439148523,0.41231382
B2A,cb324a9122.jpg,0.6013605773784961,0.47580403
B2A,cb4aa83692.jpg,0.7928567043758726,0.2756502
B2A,cb706347dd.jpg,0.8022402296607046,0.30601925
B2A,cb767cd641.jpg,0.6731813857653238,0.56475455
B2A,cb845e6db5.jpg,0.8432822910330522,0.2991491
B2A,cb88754eed.jpg,0.8663551114225675,0.2131651
B2A,cb91ecbdda.jpg,0.730765791804048,0.47494185
B2A,cb9d6af792.jpg,0.8755903111736929,0.27664614
B2A,cb9dbaeffd.jpg,0.7470949088573953,0.36417767
B2A,cba38c093b.jpg,0.8720075802319766,0.3458322
B2A,cbafaf9b74.jpg,0.8345928110804803,0.30655897
B2A,cbb6e14382.jpg,0.8804774010467022,0.24565819
B2A,cbc4a88c49.jpg,0.898870411544554,0.21039194
B2A,cbca2560a2.jpg,0.6639343851232988,0.28376344
B2A,cbca377969.jpg,0.7120385344215829,0.35232937
B2A,cbcc092607.jpg,0.8171778231585056,0.37313592
B2A,cbd686ea00.jpg,0.7406171482680345,0.413223
B2A,cbdd08a030.jpg,0.9009720373669283,0.25580803
B2A,cbddae001d.jpg,0.7412746138856454,0.36338222
B2A,cbf582621e.jpg,0.7191399773622712,0.41382903
B2A,cbf635d566.jpg,0.8129586205362346,0.4097277
B2A,cbfb794656.jpg,0.7255306611162354,0.3314459
B2A,cc03a70f14.jpg,0.8390587682454128,0.25681087
B2A,cc0a0dab48.jpg,0.7046561097221548,0.46461517
B2A,cc27c5fa12.jpg,0.47338817122702465,0.4452473
B2A,cc37cc11a3.jpg,0.7293833701151654,0.3961521
B2A,cc397c87b0.jpg,0.9001021055492374,0.3168116
B2A,cc3d775c49.jpg,0.8512320193696633,0.1618018
B2A,cc46b14bbf.jpg,0.8221029941639197,0.27127773
B2A,cc47cfe509.jpg,0.7016983185811558,0.48053467
B2A,cc48975f1d.jpg,0.8823287258205205,0.28981552
B2A,cc4e40864c.jpg,0.8894640110429436,0.29781234
B2A,cc5078a63b.jpg,0.7244473332053468,0.65677136
B2A,cc57246e94.jpg,0.7582838019882489,0.54173994
B2A,cc5ba51fab.jpg,0.8868618522357885,0.359393
B2A,cc5fa7dcc6.jpg,0.6548623693440336,0.49320075
B2A,cc700e2ff5.jpg,0.6512280352672358,0.6377535
B2A,cc701e6899.jpg,0.8614541741837909,0.33794296
B2A,cc74028fc2.jpg,0.6598794548822972,0.42569366
B2A,cc79011331.jpg,0.7880342320171579,0.24223691
B2A,cc85351248.jpg,0.8796243340293728,0.24688803
B2A,cc8ce9bce8.jpg,0.7178656533817724,0.3889709
B2A,cc8ea5c3ef.jpg,0.922972751564704,0.23728538
B2A,cc9c7d2ee1.jpg,0.7807948945587025,0.4090929
B2A,cca944dbaa.jpg,0.7745274443808998,0.2999094
B2A,ccac22a865.jpg,0.6848277072103965,0.42518175
B2A,ccb1c281ea.jpg,0.7746713643946742,0.37870908
B2A,ccdae48f44.jpg,0.721909988570421,0.3295446
B2A,ccdb51d513.jpg,0.6789391970404343,0.30202234
B2A,cce7dc8ab2.jpg,0.8422425608520838,0.20964974
B2A,cceb177f89.jpg,0.8786030119310094,0.1935632
B2A,ccf03e66bc.jpg,0.7235045703417575,0.4972268
B2A,ccf1814c56.jpg,0.8246948608706901,0.32535383
B2A,cd002af052.jpg,0.6323301416687077,0.52768725
B2A,cd002f704d.jpg,0.7826618719542546,0.3754843
B2A,cd06750eef.jpg,0.8784296802440416,0.27520517
B2A,cd06b978fe.jpg,0.8824367466727346,0.2662504
B2A,cd093d4318.jpg,0.6572117934500031,0.59674585
B2A,cd0952c111.jpg,0.9218774576302748,0.24735412
B2A,cd1cb040fe.jpg,0.8005083480712305,0.51700705
B2A,cd303186fb.jpg,0.5369343431708574,0.6776401
B2A,cd34097029.jpg,0.6803051555372959,0.48692775
B2A,cd396d99a3.jpg,0.8459025425144628,0.3312613
B2A,cd3feb1181.jpg,0.6805215064700713,0.54103154
B2A,cd5d08f5be.jpg,0.7451046923359759,0.39629728
B2A,cd5e26b488.jpg,0.8385549992644681,0.31841385
B2A,cd697d2806.jpg,0.8558967861589429,0.2710333
B2A,cd6ebe93ba.jpg,0.7330906104557724,0.39495125
B2A,cd7c6b3be6.jpg,0.8912758347684515,0.25733078
B2A,cd805dd2c1.jpg,0.8442031801544033,0.40335754
B2A,cd813194f8.jpg,0.6896230552877167,0.55318296
B2A,cd8869c459.jpg,0.6999101215667384,0.31810212
B2A,cd8f124bd5.jpg,0.8324513081379253,0.28051403
B2A,cd909a57e7.jpg,0.7177072119807698,0.4728263
B2A,cd91b78ba2.jpg,0.7701264009504014,0.2685886
B2A,cd9d87bc3d.jpg,0.5874007288824027,0.34740055
B2A,cdb10fd47a.jpg,0.7193602171181906,0.5055326
B2A,cdb621d29d.jpg,0.7696083802552219,0.30537045
B2A,cdd0aedc77.jpg,0.7539042966773807,0.474019
B2A,cddb43b9e7.jpg,0.7425632330173303,0.49533334
B2A,cddc890db6.jpg,0.7632430681194278,0.49894953
B2A,cde8917c39.jpg,0.8337545251868136,0.33911753
B2A,ce09815c9c.jpg,0.6721780931164345,0.4970175
B2A,ce107a12eb.jpg,0.8536124005394476,0.31015444
B2A,ce15456147.jpg,0.8158863578455168,0.49860328
B2A,ce1740b144.jpg,0.7193553686467953,0.21214348
B2A,ce18e0a0f5.jpg,0.8334670125487562,0.44601753
B2A,ce2918591f.jpg,0.7997684466236373,0.26034886
B2A,ce2a521382.jpg,0.6575894475609908,0.37821722
B2A,ce4521380b.jpg,0.6887381883637084,0.6892427
B2A,ce4868171a.jpg,0.5426371450408893,0.5755676
B2A,ce4c59ff3a.jpg,0.8725776286791277,0.28779703
B2A,ce55094dff.jpg,0.6520650445458901,0.54883546
B2A,ce56788f42.jpg,0.8092311598677875,0.26394615
B2A,ce5ac8d0da.jpg,0.837779374405774,0.3042884
B2A,ce5b830de2.jpg,0.903846706966688,0.19391528
B2A,ce5d913383.jpg,0.7056269359404664,0.4656939
B2A,ce6578f48a.jpg,0.892377025116174,0.24250402
B2A,ce7a05feca.jpg,0.7649097512278027,0.4663878
B2A,ce83fda480.jpg,0.7961912558672359,0.4312825
B2A,ce9872420a.jpg,0.5805301131797609,0.5637128
B2A,ce9998c68f.jpg,0.6372508223143492,0.38341397
B2A,cec03efc5b.jpg,0.7452068170958892,0.4958132
B2A,cec134e6c0.jpg,0.8474392230957345,0.27465272
B2A,ceca1f8fa9.jpg,0.6087683783854635,0.43837425
B2A,ced29e1b27.jpg,0.8705658098943017,0.18089634
B2A,ceed1c7fc6.jpg,0.902534791188702,0.18420345
B2A,cefe679fa9.jpg,0.738201090420253,0.26074025
B2A,cf019642a5.jpg,0.8365713435603681,0.3306304
B2A,cf02f9afe4.jpg,0.7201326892061901,0.3715516
B2A,cf137a4d6f.jpg,0.8513715661562018,0.27996013
B2A,cf1d695996.jpg,0.8597249792823218,0.3283614
B2A,cf32b9f4e9.jpg,0.7204855194623414,0.45889357
B2A,cf36c56c38.jpg,0.7303701587336735,0.460062
B2A,cf38193966.jpg,0.8370638592238011,0.21047866
B2A,cf46e070e9.jpg,0.9428286806999504,0.3923359
B2A,cf476a1333.jpg,0.7015959255874568,0.518087
B2A,cf510d8083.jpg,0.7430412118705573,0.52595437
B2A,cf5d68fd72.jpg,0.6871087743593498,0.35988414
B2A,cf6530e446.jpg,0.7342205159990088,0.49342507
B2A,cf6742d301.jpg,0.6175592944435133,0.5231174
B2A,cf8e66be82.jpg,0.8829458537610255,0.22165008
B2A,cfb3b9881d.jpg,0.6422872900832537,0.5221772
B2A,cfbca208c3.jpg,0.7837176336818416,0.3837849
B2A,cfbcd9372b.jpg,0.8454956463010836,0.27674723
B2A,cfc2bf0c47.jpg,0.7691163056953556,0.5386845
B2A,cfc6d4340f.jpg,0.4724886966478338,0.7788224
B2A,cfd44c64b5.jpg,0.8523482113504797,0.23050374
B2A,cfdaa19397.jpg,0.8918627615083584,0.2238219
B2A,cfe8899a0a.jpg,0.8874626897912579,0.29398674
B2A,cff53a63a5.jpg,0.7265181622746144,0.44601437
B2A,d003814d0e.jpg,0.8307394490951904,0.3475046
B2A,d00da2c9a6.jpg,0.7816410548638265,0.21807636
B2A,d01c505d6c.jpg,0.7563931575740305,0.53106767
B2A,d01ee012a8.jpg,0.6852220833879823,0.30432191
B2A,d03cc29634.jpg,0.8262928092271048,0.33874217
B2A,d03eda30db.jpg,0.7805058758339796,0.365304
B2A,d053572af4.jpg,0.8874199611539313,0.319815
B2A,d05f7b46c4.jpg,0.5554225065684631,0.5672469
B2A,d0765946b2.jpg,0.8233977609454233,0.29648733
B2A,d08cb8e751.jpg,0.7769102408356766,0.41745913
B2A,d09ad65e9a.jpg,0.6475424326130735,0.5811705
B2A,d0a1eed9dd.jpg,0.870086830230074,0.28943643
B2A,d0b792d050.jpg,0.7695205227631255,0.33859774
B2A,d0be1cb49b.jpg,0.7266069313656226,0.3552283
B2A,d0bf5f6a79.jpg,0.8278052532964925,0.31185317
B2A,d0c2bf5ee4.jpg,0.7699091304636304,0.34415442
B2A,d0c5001014.jpg,0.9304315588571103,0.23040102
B2A,d0cb3e02c5.jpg,0.8666951547236661,0.21851397
B2A,d0de1d07ab.jpg,0.8383909530816397,0.3661636
B2A,d0e02b3cca.jpg,0.7297493068919956,0.4556157
B2A,d0e5067af3.jpg,0.817184486826108,0.37793586
B2A,d0eda9c6a2.jpg,0.7830331099664782,0.41108572
B2A,d0f878cc17.jpg,0.6032080467237817,0.54014844
B2A,d0ff4dbd71.jpg,0.6781791742123137,0.63128567
B2A,d1015b409e.jpg,0.6584124646635089,0.59570163
B2A,d104600dfb.jpg,0.8374584966409279,0.38482672
B2A,d12a49b5f4.jpg,0.8545328240355815,0.22136654
B2A,d1340eb9e0.jpg,0.7947787741288307,0.3768969
B2A,d14363b745.jpg,0.8078818120130768,0.38405395
B2A,d146966f14.jpg,0.8592721280223984,0.2550884
B2A,d161e72471.jpg,0.7303583588664279,0.3252306
B2A,d169a63b7f.jpg,0.8680449289091127,0.3261065
B2A,d17d89d337.jpg,0.7461677901411304,0.41381112
B2A,d1879069e7.jpg,0.7066598717400061,0.4720015
B2A,d188b93438.jpg,0.7981243349989005,0.37616646
B2A,d188df6a22.jpg,0.49682510915805045,0.6317485
B2A,d1893ab238.jpg,0.8051242202690198,0.29566258
B2A,d1a661c8da.jpg,0.8162234520110973,0.24066886
B2A,d1a6cb893d.jpg,0.6324996313305853,0.7562263
B2A,d1ad00d90c.jpg,0.6812245182970406,0.53353655
B2A,d1e043b730.jpg,0.8629323120695591,0.25853202
B2A,d1e060bfb6.jpg,0.8614700060075935,0.23664623
B2A,d1e18d7e5b.jpg,0.4737146396666757,0.49973112
B2A,d1e6fbffd7.jpg,0.7902542782852102,0.3912166
B2A,d1f62310c3.jpg,0.777587132945886,0.2917567
B2A,d225c560e6.jpg,0.8095146680159575,0.30533504
B2A,d246393b8c.jpg,0.7038377850614559,0.46017367
B2A,d279169f0b.jpg,0.8327423055427732,0.3854713
B2A,d27b1e3c9b.jpg,0.8357053627192584,0.31752375
B2A,d2b5bc2fec.jpg,0.7558637626799791,0.40191412
B2A,d2c6728caf.jpg,0.808461380288363,0.47546822
B2A,d2d4d23be2.jpg,0.8728442855093509,0.40072027
B2A,d2db5c1d58.jpg,0.7309973826869691,0.57985574
B2A,d2e17623a7.jpg,0.48634421605927813,0.5210262
B2A,d2e6f685fd.jpg,0.6580192438838028,0.48821372
B2A,d2e84b4d1e.jpg,0.7167786841122518,0.47639734
B2A,d2fc2edddc.jpg,0.8607976837073305,0.28936437
B2A,d314454c0e.jpg,0.9030782642670785,0.20244545
B2A,d314628676.jpg,0.8373060994427611,0.40466484
B2A,d3154830df.jpg,0.8458533404695473,0.37945923
B2A,d31a8ff3a5.jpg,0.7686088108331458,0.30102232
B2A,d32205861f.jpg,0.8109392239973802,0.33610526
B2A,d3269848d4.jpg,0.87466582297382,0.3244492
B2A,d3284f750d.jpg,0.7662477417878464,0.34448892
B2A,d32eb0c36c.jpg,0.8180622050201334,0.3235109
B2A,d32ed2129f.jpg,0.8572431876665282,0.19631252
B2A,d33072a436.jpg,0.7358758977187413,0.3894685
B2A,d336c14238.jpg,0.882910884078445,0.23970532
B2A,d3394edae8.jpg,0.7859902773494284,0.3584165
B2A,d33f9a1542.jpg,0.8069409760875937,0.287584
B2A,d35ae2cbae.jpg,0.7684130471714775,0.5370173
B2A,d35bc5d14a.jpg,0.8235953065225524,0.49180293
B2A,d3650f6c75.jpg,0.9020347668633647,0.29942012
B2A,d3703e6c9e.jpg,0.9067108476179727,0.22525392
B2A,d37045ad87.jpg,0.6536266050401013,0.37553304
B2A,d37e5269d1.jpg,0.956988980451423,0.19434515
B2A,d38aea73cd.jpg,0.7650150546360991,0.33870417
B2A,d38b20fe5c.jpg,0.6759585659650797,0.583322
B2A,d3930d44de.jpg,0.5639070845496167,0.7113907
B2A,d3957c616c.jpg,0.629626357249441,0.41503003
B2A,d39869db76.jpg,0.8292218736227492,0.31616637
B2A,d3a25f9804.jpg,0.6721728843180096,0.42395926
B2A,d3aab5add0.jpg,0.8789183815727745,0.30274326
B2A,d3b6567912.jpg,0.8161234114806487,0.46907243
B2A,d3c463dd3b.jpg,0.7357954043767745,0.4190938
B2A,d3c57387ec.jpg,0.4982474476231359,0.4523518
B2A,d3f0e309e0.jpg,0.9038156212291905,0.23356843
B2A,d3f0f026a8.jpg,0.6185326389274525,0.4928797
B2A,d3f2a0bb2c.jpg,0.7163694364716188,0.31482655
B2A,d3f454681f.jpg,0.8237934716934573,0.35416046
B2A,d3f696828f.jpg,0.8026641221033163,0.33015728
B2A,d3ff9bca9e.jpg,0.6277339567012546,0.32264915
B2A,d415017bc2.jpg,0.7968632153889653,0.398919
B2A,d418ba98f8.jpg,0.6789065730526974,0.54510117
B2A,d41cc915ff.jpg,0.8767259431734269,0.3692149
B2A,d42372229a.jpg,0.6697643225952257,0.42139745
B2A,d42f03cd81.jpg,0.822203344950846,0.36560726
B2A,d42f6d7652.jpg,0.8714029895808194,0.38100117
B2A,d4471a4a4e.jpg,0.642842169637963,0.5578296
B2A,d44857998f.jpg,0.799045232544965,0.45997888
B2A,d4689bd3d9.jpg,0.8741272082624351,0.23499262
B2A,d47b4da779.jpg,0.77737554879962,0.326154
B2A,d4844e2dad.jpg,0.8055764562508928,0.3114682
B2A,d48a2d6bfd.jpg,0.8325663096835137,0.21842243
B2A,d48b8bf03a.jpg,0.8196106064862364,0.6197425
B2A,d492ae08d5.jpg,0.9107537293853954,0.45572275
B2A,d498591082.jpg,0.8217590840218012,0.40581775
B2A,d4a71919e4.jpg,0.7624921756535533,0.58661187
B2A,d4bb813fdc.jpg,0.8407541169357939,0.3180547
B2A,d4c215c09e.jpg,0.813611742273026,0.332563
B2A,d4c2eb38da.jpg,0.4994643808683204,0.6738116
B2A,d4cbd9c9b0.jpg,0.8393721477547104,0.5632285
B2A,d4cdb47bdf.jpg,0.7191561604298229,0.31546256
B2A,d4ce5e251f.jpg,0.8195212457683401,0.17383353
B2A,d4d578acf5.jpg,0.5420920587087615,0.3350699
B2A,d4dbddb77b.jpg,0.8238776066403982,0.24826443
B2A,d4de7602c5.jpg,0.8713826720121114,0.2440264
B2A,d4dee83e40.jpg,0.8210544220335935,0.3443815
B2A,d4e9f0b0ce.jpg,0.8610595115901695,0.20500675
B2A,d4f60f4701.jpg,0.5990978651378635,0.5493747
B2A,d4f9dfa248.jpg,0.8607428625767871,0.23708513
B2A,d509c85ae9.jpg,0.7981103206996433,0.2153163
B2A,d5111e3439.jpg,0.9023147063879017,0.25587255
B2A,d52dea5485.jpg,0.8656727345971499,0.23959143
B2A,d532d31ce9.jpg,0.6966577828735446,0.37251514
B2A,d53b1a61cc.jpg,0.849231949404297,0.34031266
B2A,d53c1a6896.jpg,0.794203055553048,0.47424656
B2A,d53c658d5d.jpg,0.8069128259746103,0.21512724
B2A,d549b4831b.jpg,0.8589570118209572,0.2718643
B2A,d5568c935b.jpg,0.8330048276721637,0.24767351
B2A,d565375662.jpg,0.6230074780454912,0.28536224
B2A,d5672156cb.jpg,0.7157351564974885,0.39143732
B2A,d5687d4334.jpg,0.49615950564919276,0.63253534
B2A,d573bdf312.jpg,0.899900413908836,0.3497932
B2A,d587e73d3c.jpg,0.5400111951382333,0.3436274
B2A,d58ae30774.jpg,0.5592817389627767,0.35233828
B2A,d59e1972e6.jpg,0.6083554853304256,0.36434317
B2A,d5a509f069.jpg,0.5556568429231534,0.5166992
B2A,d5a787ca7f.jpg,0.8864700697949967,0.30613595
B2A,d5bdd46e8e.jpg,0.6955166800062886,0.311116
B2A,d5c5f591ab.jpg,0.6747333514365351,0.49048376
B2A,d5c7781f64.jpg,0.7868547397951271,0.28522462
B2A,d5d2fad470.jpg,0.850701207953634,0.24468565
B2A,d5d5790444.jpg,0.8339450212303077,0.2264047
B2A,d5d6b091be.jpg,0.8388833597900024,0.35560173
B2A,d5df90dea4.jpg,0.8982489967714977,0.23444575
B2A,d5f266c340.jpg,0.6753189773406573,0.67309695
B2A,d5f3633c07.jpg,0.8482881052613604,0.32902688
B2A,d5fa8c4e07.jpg,0.8438501791717274,0.48532432
B2A,d5fd16b1ae.jpg,0.8370127303838512,0.3728503
B2A,d604fa140f.jpg,0.6998283633472264,0.6660148
B2A,d6086a2b97.jpg,0.8703676856091364,0.24798712
B2A,d615a2ad47.jpg,0.7186753081760622,0.22019956
B2A,d62a9671f5.jpg,0.717288128742207,0.2072896
B2A,d62e9d07dd.jpg,0.8208751193763365,0.47302723
B2A,d62eeaccb0.jpg,0.9017959833412572,0.26295298
B2A,d63d194a4d.jpg,0.6981212101240583,0.6749749
B2A,d64608c4e4.jpg,0.6070275286963254,0.44800317
B2A,d6485b0368.jpg,0.8518163703811779,0.2523029
B2A,d665568cdf.jpg,0.8549819689811565,0.40420926
B2A,d6711262bf.jpg,0.8037289463359617,0.27525824
B2A,d696cf4eaf.jpg,0.8191217205546173,0.3539104
B2A,d6970035e5.jpg,0.6746217450265537,0.19045343
B2A,d6a2175011.jpg,0.7665182089197202,0.34298912
B2A,d6a72784ba.jpg,0.7052478037010176,0.5476663
B2A,d6ae4d6c30.jpg,0.7060621203617129,0.39319202
B2A,d6b0733797.jpg,0.891813199840536,0.3336156
B2A,d6c5343b4f.jpg,0.9110307549479945,0.31193632
B2A,d6d5bf2fc2.jpg,0.7693397698180635,0.398719
B2A,d6d97e039e.jpg,0.6091241234210002,0.5537923
B2A,d6da10b7f5.jpg,0.7919770637142066,0.34493232
B2A,d6dcf25188.jpg,0.7957496690119864,0.22695893
B2A,d6e30ab5d6.jpg,0.8511773810634272,0.28736678
B2A,d6ec137527.jpg,0.8310140559602642,0.25750148
B2A,d6ffd07557.jpg,0.7135069749743681,0.36460066
B2A,d710d55142.jpg,0.8466777787274611,0.29993314
B2A,d711d39160.jpg,0.7580067156417847,0.41625923
B2A,d725fc1f6c.jpg,0.7815370783510801,0.40245146
B2A,d735b2e3ba.jpg,0.7611457160565483,0.43196127
B2A,d73677d70a.jpg,0.848325670481596,0.3985362
B2A,d74102274f.jpg,0.6694665968836262,0.54828066
B2A,d744753df3.jpg,0.9167054745126173,0.28923488
B2A,d750bc223e.jpg,0.784998913699931,0.4544441
B2A,d768b070fb.jpg,0.6787013447147568,0.5398213
B2A,d76a286580.jpg,0.8215053452492053,0.2909773
B2A,d77588d82a.jpg,0.6972759056734016,0.28819302
B2A,d780fc984e.jpg,0.8553223588911046,0.4697651
B2A,d782a6d8c3.jpg,0.874636949989284,0.1858046
B2A,d782a9909e.jpg,0.5611960706005688,0.5843148
B2A,d7931ef243.jpg,0.8443453302239193,0.27370837
B2A,d796721fb5.jpg,0.7713381719137598,0.2858254
B2A,d7a476f83c.jpg,0.7734102842596052,0.43245137
B2A,d7a5cd28b6.jpg,0.8326251652221504,0.42458507
B2A,d7a7a0f511.jpg,0.8106900403735144,0.41725266
B2A,d7a88b2a80.jpg,0.7548159034765478,0.34645212
B2A,d7aba83758.jpg,0.8149935505404059,0.21773596
B2A,d7b0822c4d.jpg,0.7063340753829267,0.37842163
B2A,d7ba967556.jpg,0.8688192718672374,0.31406283
B2A,d7c80f2f1c.jpg,0.7468943933147415,0.39028963
B2A,d7d2dcd8cb.jpg,0.8464976005089304,0.21833506
B2A,d7db542422.jpg,0.7741992517131768,0.41338524
B2A,d7e12eb311.jpg,0.5462471458154845,0.45681638
B2A,d7e1b8775d.jpg,0.7865321791294785,0.3207755
B2A,d7e64f3b75.jpg,0.676063788844637,0.55797577
B2A,d7e948b103.jpg,0.8579749495963892,0.28858528
B2A,d7f0767146.jpg,0.7976963224284792,0.23547426
B2A,d7f614f501.jpg,0.7971911759136122,0.33155102
B2A,d7f98bd210.jpg,0.6516349458564918,0.44890285
B2A,d7fa7571fb.jpg,0.8859444832162581,0.23085363
B2A,d7faed0983.jpg,0.8799487609231169,0.24871102
B2A,d7fe5c1813.jpg,0.8469989976677912,0.37240824
B2A,d8071daab5.jpg,0.8694571935720369,0.25608313
B2A,d80d4c93de.jpg,0.687796983013359,0.5004009
B2A,d8203958e4.jpg,0.8903188868038876,0.25692666
B2A,d828712765.jpg,0.7168066539544268,0.3496934
B2A,d829b461da.jpg,0.8545362740882221,0.1966863
B2A,d8352d8b46.jpg,0.7873071233010901,0.28273928
B2A,d83783faee.jpg,0.8665230646262099,0.2748445
B2A,d83b284745.jpg,0.8474037855077506,0.33332932
B2A,d84246da4d.jpg,0.8403140259910234,0.20686178
B2A,d842c67749.jpg,0.802587905583076,0.5628799
B2A,d84eb83137.jpg,0.7024098447697084,0.31657946
B2A,d8520bbf71.jpg,0.7333216333278402,0.6403803
B2A,d860d82c66.jpg,0.6260461810550726,0.41741493
B2A,d86bcf2cb1.jpg,0.7186157247638211,0.6115022
B2A,d871a0f7d6.jpg,0.7007312046377906,0.37351838
B2A,d8733f7b37.jpg,0.806960762884741,0.39277682
B2A,d88df3e4db.jpg,0.826959262128682,0.35959285
B2A,d896bafc3a.jpg,0.7020320346907795,0.45989016
B2A,d8a5d84b9c.jpg,0.7941802207152444,0.3659237
B2A,d8a82e544c.jpg,0.8492680462156502,0.50222546
B2A,d8b5422831.jpg,0.6411636640679795,0.5098796
B2A,d8b89867b7.jpg,0.608242163502603,0.5493539
B2A,d8e591ee2c.jpg,0.798763427948397,0.24943647
B2A,d8f841bc79.jpg,0.8122139938577935,0.44237706
B2A,d8fbe8e68c.jpg,0.8129054666757579,0.38135958
B2A,d9081260de.jpg,0.7844663844462163,0.4191952
B2A,d90bdfc690.jpg,0.6520218195000211,0.5320463
B2A,d910783d61.jpg,0.6540040564255977,0.47968677
B2A,d91c1034e5.jpg,0.8788041873728336,0.3264662
B2A,d91c9eba83.jpg,0.9123526592658443,0.45312414
B2A,d9213433cf.jpg,0.8181114112984315,0.35436934
B2A,d925ef5aff.jpg,0.5709140014403005,0.5748702
B2A,d926f81b43.jpg,0.856479511090626,0.23380701
B2A,d939c19419.jpg,0.8818232862574698,0.19952637
B2A,d93e5f8eb7.jpg,0.7840986235716483,0.53180504
B2A,d93e6be372.jpg,0.9104284973510383,0.2545553
B2A,d94541fa5b.jpg,0.9050672799497024,0.29159963
B2A,d94766bf33.jpg,0.5390967358113158,0.52285635
B2A,d9543c27a3.jpg,0.7680014243657266,0.27053183
B2A,d9553c2962.jpg,0.8775376517748606,0.2753415
B2A,d95ef93115.jpg,0.8717952363150053,0.2805243
B2A,d961320e9a.jpg,0.7587070814079578,0.3746459
B2A,d9625e6971.jpg,0.7466156054144449,0.3289832
B2A,d9673840a1.jpg,0.6241735030212252,0.5601825
B2A,d96e82c6f6.jpg,0.8476967099290308,0.26989406
B2A,d971072ac0.jpg,0.7511931766967104,0.27120864
B2A,d97bbd8692.jpg,0.713464437317593,0.39675805
B2A,d97f10bdd5.jpg,0.7362664831965569,0.31541467
B2A,d993fbb271.jpg,0.8230404635998585,0.13724343
B2A,d997322544.jpg,0.8915917522986265,0.24582216
B2A,d99ae9a1ca.jpg,0.673769952101417,0.4383856
B2A,d9a87c0d5d.jpg,0.7909336912025267,0.45087376
B2A,d9bbbafa03.jpg,0.8033926195540403,0.40547526
B2A,d9c29a7cbf.jpg,0.9056951448272621,0.2627281
B2A,d9c5c047d2.jpg,0.8922533526573528,0.23523381
B2A,d9c9f0392c.jpg,0.7845667540435703,0.37204483
B2A,d9cbda5356.jpg,0.8251364067616499,0.2431475
B2A,d9da605ace.jpg,0.7196977012154272,0.4624938
B2A,d9e227f734.jpg,0.7298319416285164,0.39836174
B2A,d9e879879a.jpg,0.6995085794241767,0.47205916
B2A,da02be50b3.jpg,0.7365246620841984,0.3209197
B2A,da0471dd85.jpg,0.6079941980833291,0.7367678
B2A,da10c654ce.jpg,0.8649690839353368,0.2784262
B2A,da2691d719.jpg,0.8353230300796249,0.3933198
B2A,da28b99645.jpg,0.7632620063014781,0.27999735
B2A,da342ea116.jpg,0.8885747112867053,0.27016988
B2A,da392927b1.jpg,0.8713085546050346,0.24984884
B2A,da3b4dd28e.jpg,0.5766142464830706,0.57255226
B2A,da3bac3250.jpg,0.7088050135627467,0.324494
B2A,da53718103.jpg,0.7266248501995325,0.47714576
B2A,da6c915502.jpg,0.7640908329468485,0.3196398
B2A,da6d4d9ea2.jpg,0.8946975200581537,0.26430303
B2A,da86565952.jpg,0.5966801631180091,0.5465487
B2A,da920bf4bc.jpg,0.7196696079362069,0.426373
B2A,daa4352f54.jpg,0.6588656184366326,0.5547556
B2A,daa8fa4579.jpg,0.7720421699520617,0.32626647
B2A,dabaad16e8.jpg,0.5862248345355815,0.46394256
B2A,dabaf0f8aa.jpg,0.8490970535060971,0.3286359
B2A,dabcf502f4.jpg,0.5385005953592715,0.6568243
B2A,dac8b251fd.jpg,0.781048031814985,0.32494918
B2A,dae46a168b.jpg,0.8896728821524861,0.2548404
B2A,dae9ee7a11.jpg,0.6089105369361083,0.5175998
B2A,daee416ffe.jpg,0.8442910927831986,0.32148087
B2A,daf0f4bdc1.jpg,0.8008842976520434,0.27598074
B2A,dafda5c17a.jpg,0.6473833612544488,0.5139059
B2A,db00979196.jpg,0.8035437089341588,0.2166321
B2A,db052e5241.jpg,0.9022739801282367,0.29563943
B2A,db0d9fdaec.jpg,0.6884957937481258,0.33495584
B2A,db0ecb48c4.jpg,0.8232451241324311,0.39425054
B2A,db14eba4e1.jpg,0.7988648984216702,0.3253641
B2A,db18f28537.jpg,0.7878920716405677,0.32632503
B2A,db1f18b059.jpg,0.8577850536308465,0.29368457
B2A,db2b40dd94.jpg,0.7921524147020946,0.39946824
B2A,db2e0f3cdf.jpg,0.70530706371286,0.40045947
B2A,db4fd99e56.jpg,0.7760248081757545,0.30209264
B2A,db58221d78.jpg,0.8531908080317783,0.3433138
B2A,db59f96bfc.jpg,0.8610365850517695,0.34378368
B2A,db70823e2b.jpg,0.8625651399316517,0.30993187
B2A,db7fd38aa5.jpg,0.636151087939853,0.32945275
B2A,db86c73152.jpg,0.8770192384855752,0.25720665
B2A,db9cfcd293.jpg,0.6638414392877721,0.37367955
B2A,dba404b1bd.jpg,0.4996821414725397,0.44623727
B2A,dbba4e41d0.jpg,0.8103035211359886,0.43033227
B2A,dbbe9bbb8e.jpg,0.8955457038692236,0.18634093
B2A,dbbed3a8c7.jpg,0.7188113403057396,0.41907316
B2A,dbbfe0e846.jpg,0.7497710211356987,0.39535534
B2A,dbc0d26415.jpg,0.8095888450756313,0.3279292
B2A,dbc5daad12.jpg,0.6990130133263072,0.5527154
B2A,dbd3bf1236.jpg,0.9048260143913568,0.29167464
B2A,dbef8e6c0a.jpg,0.8382758552105819,0.29450825
B2A,dbf9e7be99.jpg,0.8197887504524002,0.3824544
B2A,dc0f97a1aa.jpg,0.7892975708821183,0.3308205
B2A,dc121d7f9b.jpg,0.7822838566134213,0.55713993
B2A,dc258c8a0b.jpg,0.7909317385421382,0.264444
B2A,dc26513fe8.jpg,0.7300103938452336,0.44152975
B2A,dc2abc2e66.jpg,0.7920639842681093,0.36157978
B2A,dc307002d2.jpg,0.6671697242479735,0.4629986
B2A,dc549bebc4.jpg,0.5919467889383798,0.43539262
B2A,dc5829408f.jpg,0.776732674234036,0.5681032
B2A,dc5f1c23a0.jpg,0.8683812909511528,0.23632602
B2A,dc629cae14.jpg,0.8881780120827865,0.2950197
B2A,dc631c9b2a.jpg,0.9241322309932384,0.20235528
B2A,dc74902b39.jpg,0.6666847827870497,0.42460322
B2A,dc8a5d64eb.jpg,0.6810599519889808,0.36994624
B2A,dc8b552cc5.jpg,0.8470233111529867,0.27003673
B2A,dc938fd3f7.jpg,0.7882658970347121,0.37423378
B2A,dc98f07caf.jpg,0.9073382384685663,0.23624863
B2A,dc9943d9eb.jpg,0.6434630148431029,0.48708287
B2A,dc9d581332.jpg,0.6480998593841654,0.46857846
B2A,dca4c17096.jpg,0.6449348202870472,0.36219797
B2A,dcbdd75640.jpg,0.8476542424730344,0.2782454
B2A,dcca4f8bb6.jpg,0.8662798037622932,0.22137511
B2A,dccb6e42ee.jpg,0.5405740748294314,0.5389084
B2A,dce963b80b.jpg,0.6978611506396718,0.4467763
B2A,dcf4c2cbb1.jpg,0.6618270862117566,0.3857635
B2A,dcfa634264.jpg,0.8524189758680821,0.2693517
B2A,dd036adfe5.jpg,0.7656204256800636,0.31716517
B2A,dd232bb32f.jpg,0.8024320527957354,0.23844966
B2A,dd26e604b1.jpg,0.7065105441181905,0.46913514
B2A,dd2a4f5af6.jpg,0.8131679533427572,0.24312085
B2A,dd59da4b8e.jpg,0.8487455937582725,0.3242156
B2A,dd6a426ccb.jpg,0.822939989060488,0.22531968
B2A,dd80a0ae1c.jpg,0.8669028697994156,0.34042814
B2A,dd8cf7b53e.jpg,0.7717609477256007,0.3695287
B2A,dd98d8bda5.jpg,0.8493110934473308,0.25701085
B2A,dda084c63b.jpg,0.7356776385325638,0.52389354
B2A,ddb1124c29.jpg,0.8630460207459045,0.22165094
B2A,ddb17e566c.jpg,0.705361242736384,0.47650376
B2A,ddb386ce3e.jpg,0.6990279790523728,0.41839617
B2A,ddb8baf94a.jpg,0.7485352992154549,0.44776428
B2A,ddc08a0803.jpg,0.8813369880670584,0.31603643
B2A,ddc5ea8270.jpg,0.7790350351330849,0.32575005
B2A,ddd674f433.jpg,0.7468121841644305,0.35912257
B2A,dde4567678.jpg,0.7938892140404983,0.22670068
B2A,de010cbbc2.jpg,0.7912980846537916,0.38379776
B2A,de059c7bbf.jpg,0.9033346542562404,0.19434983
B2A,de05b6bb2f.jpg,0.7668512103553647,0.24221222
B2A,de10876989.jpg,0.7097410466341395,0.37234107
B2A,de241d55fc.jpg,0.9692767834876143,0.20356955
B2A,de2f9d1599.jpg,0.7618012649577872,0.3236428
B2A,de31a67502.jpg,0.7572729217966233,0.4715374
B2A,de34c78357.jpg,0.5754872636766691,0.46392933
B2A,de37e2ad60.jpg,0.8638864768208978,0.2516817
B2A,de457df144.jpg,0.8427534794277874,0.30490065
B2A,de4f73e2e6.jpg,0.6715337867758122,0.5269943
B2A,de59f8afb3.jpg,0.8289394050416844,0.3213688
B2A,de6510a7ab.jpg,0.926616343438072,0.20357399
B2A,de6bf0cb04.jpg,0.8070664783692063,0.38226396
B2A,de7ed78f5a.jpg,0.7149582397253414,0.4819687
B2A,de86577a5b.jpg,0.8169048137934123,0.16522491
B2A,de86feb03d.jpg,0.6129360578912157,0.25684673
B2A,dea009ab5b.jpg,0.9075731726035788,0.33782065
B2A,dea330a02f.jpg,0.8729393178394446,0.36477807
B2A,deafff753c.jpg,0.721753234786421,0.586334
B2A,deb67f6b0e.jpg,0.8408147907044466,0.34452322
B2A,debf11d04c.jpg,0.8986987284665053,0.30976668
B2A,dec3ab2321.jpg,0.884479475543033,0.27973464
B2A,ded7482c2c.jpg,0.8538744147629519,0.23812695
B2A,ded8ffa3ca.jpg,0.9193298868368235,0.22980773
B2A,def0cd31b2.jpg,0.7424861803859695,0.6297492
B2A,def8bd92f4.jpg,0.7210765411810268,0.51225066
B2A,df017c0778.jpg,0.8137295040351109,0.34420168
B2A,df04d84ca9.jpg,0.7594921779996615,0.3259506
B2A,df1b2ded30.jpg,0.8099179534184594,0.40222123
B2A,df21dd363b.jpg,0.9142519599715395,0.29944345
B2A,df26cc01aa.jpg,0.7720545331591385,0.27920577
B2A,df2c0d53a4.jpg,0.6435920740270981,0.5486444
B2A,df2eddf8b4.jpg,0.8680971891287972,0.22410917
B2A,df34b6c0e8.jpg,0.7740318191622865,0.26950556
B2A,df3688f698.jpg,0.6971865886387362,0.50060093
B2A,df36a9efd4.jpg,0.6249690424575753,0.52378535
B2A,df4975e8bf.jpg,0.9032226817546495,0.2485539
B2A,df571c611d.jpg,0.7220654628253537,0.36717993
B2A,df65517316.jpg,0.5472407621267766,0.53085226
B2A,df717b23e2.jpg,0.8655608523293716,0.30328545
B2A,df71b50ac1.jpg,0.7547511652917636,0.29356468
B2A,df7438a2d8.jpg,0.6787640728191998,0.40742433
B2A,df75caef2e.jpg,0.8194929264956062,0.25640061
B2A,df7ada692b.jpg,0.7556176758293078,0.51288176
B2A,df895d4f4f.jpg,0.8321959150350242,0.34130818
B2A,dfa6cb635d.jpg,0.7248012158602072,0.31911483
B2A,dfb9e202de.jpg,0.8190388591042863,0.47562826
B2A,dfbd52ecf5.jpg,0.8092894880456405,0.33254424
B2A,dfcd9af740.jpg,0.847641409763789,0.31025106
B2A,dfd3b1a8bf.jpg,0.8040238750541411,0.5925056
B2A,dfdb05692f.jpg,0.876010500920553,0.2448754
B2A,dfdf679899.jpg,0.6788424131820012,0.49362612
B2A,dfe59079af.jpg,0.7798368615283002,0.25810224
B2A,dfedfba018.jpg,0.8275451216078755,0.2769473
B2A,dfee298b96.jpg,0.6803689895338262,0.6194182
B2A,dff450dda1.jpg,0.8814877274763939,0.3026665
B2A,dff66a7d64.jpg,0.6308425339500824,0.67068326
B2A,dff763c552.jpg,0.767262820627663,0.46250677
B2A,e00bba74a2.jpg,0.7804297656209275,0.4128935
B2A,e01fe394d8.jpg,0.8706418353977519,0.2746691
B2A,e0216cf2a8.jpg,0.7577837850584537,0.5815662
B2A,e0316f1950.jpg,0.6161077646861749,0.58353955
B2A,e0328c7d7c.jpg,0.7029307730272657,0.47313023
B2A,e038af63fe.jpg,0.8414990612887827,0.26529005
B2A,e039712ade.jpg,0.8898428832006183,0.24092185
B2A,e03b2a6164.jpg,0.6425009477149851,0.25605273
B2A,e04291a057.jpg,0.8373492101998238,0.24453521
B2A,e048cbd49e.jpg,0.8145263896734978,0.32582211
B2A,e050f1a2a9.jpg,0.826563725733241,0.4160898
B2A,e05899ed06.jpg,0.5953587727122586,0.45571223
B2A,e05c7f85ef.jpg,0.8504145601932684,0.21750735
B2A,e068415db1.jpg,0.6442796893557374,0.41530088
B2A,e068928755.jpg,0.7689163741882042,0.3278125
B2A,e071db584c.jpg,0.866920086775801,0.26881033
B2A,e0839b3c2e.jpg,0.8900353052700976,0.24122381
B2A,e08fc2d70e.jpg,0.8657839017980821,0.49750188
B2A,e091476985.jpg,0.9142717579437685,0.1505018
B2A,e09576695b.jpg,0.7972522901896817,0.40073395
B2A,e0a9fecd26.jpg,0.7140818285426285,0.37073368
B2A,e0b1a4f104.jpg,0.8624363476946737,0.37804127
B2A,e0b6abfd6d.jpg,0.8106007380887658,0.25745115
B2A,e0c949a987.jpg,0.8308695609038903,0.38511032
B2A,e0cfa9d464.jpg,0.7436636886109359,0.3551531
B2A,e0d48fc860.jpg,0.8920789571056104,0.30550468
B2A,e0d7f40a24.jpg,0.877596836325262,0.42419636
B2A,e0d9fadae6.jpg,0.7489939412785054,0.18405433
B2A,e0db07d90e.jpg,0.6730500645424689,0.55351293
B2A,e0e0bd66eb.jpg,0.5747665420315715,0.29794943
B2A,e0edc2d1ff.jpg,0.8694474892250189,0.30989194
B2A,e0f0dc2983.jpg,0.7081461641523644,0.47765002
B2A,e0f7f0bb22.jpg,0.8454147251231714,0.18033266
B2A,e0fce775af.jpg,0.731553757543709,0.40332508
B2A,e0ffb419d8.jpg,0.6664084080371911,0.39282078
B2A,e103e37ef6.jpg,0.8057166239626488,0.45289725
B2A,e10f4e0249.jpg,0.9163099229174951,0.2179057
B2A,e1107c721b.jpg,0.6629686543717632,0.6024152
B2A,e12532498c.jpg,0.8028727479253508,0.40771472
B2A,e13f5e00b9.jpg,0.9238615115074609,0.2518936
B2A,e1421bcb6d.jpg,0.6583956520152882,0.6025444
B2A,e14520fb9c.jpg,0.6541509202803586,0.60174084
B2A,e154b39c0c.jpg,0.6709300874738774,0.41088605
B2A,e158554d68.jpg,0.5964862746820181,0.6876203
B2A,e15ebb6b26.jpg,0.6064001261602857,0.5052787
B2A,e180ce65fe.jpg,0.8855586992861904,0.5315137
B2A,e18c605daf.jpg,0.8880509131327468,0.36240304
B2A,e191e362cc.jpg,0.8584097757088177,0.25585625
B2A,e195754758.jpg,0.7067294357654236,0.4193212
B2A,e1b8768630.jpg,0.569689188019539,0.39713833
B2A,e1e42d1e1d.jpg,0.772232853297459,0.39701167
B2A,e1e7add957.jpg,0.7764808385742028,0.25844625
B2A,e1f01aed34.jpg,0.8069570578637902,0.26668635
B2A,e1f044dff1.jpg,0.6986545521517402,0.5909841
B2A,e2050f818f.jpg,0.773971243484463,0.40875733
B2A,e20e016680.jpg,0.6541335383379502,0.5796751
B2A,e20f79f596.jpg,0.7286359977870585,0.4687447
B2A,e218d1a1ea.jpg,0.7722411888784825,0.2920842
B2A,e219f69873.jpg,0.9091606597092855,0.2088182
B2A,e22fbe22ff.jpg,0.6550497243267455,0.44485444
B2A,e239290d7a.jpg,0.8352561459845186,0.3443112
B2A,e23da13385.jpg,0.6440437489815694,0.44514102
B2A,e23dd4b66b.jpg,0.8448694772474307,0.3186311
B2A,e24d11659e.jpg,0.80785095532491,0.29830086
B2A,e25a309e7f.jpg,0.7409598133918961,0.41950855
B2A,e262ebdb71.jpg,0.8191161630424942,0.3070088
B2A,e26f08910a.jpg,0.8273428823486009,0.29863232
B2A,e276cfea71.jpg,0.7385900280358146,0.3070581
B2A,e278a31c95.jpg,0.623483335398987,0.37255496
B2A,e2816c6358.jpg,0.6849717204968401,0.38417873
B2A,e2921fb3bc.jpg,0.8694687274163698,0.29629573
B2A,e29891901c.jpg,0.9196952087589632,0.29640868
B2A,e29923569e.jpg,0.9462886033171249,0.13874394
B2A,e2be127e28.jpg,0.5869696187147176,0.4222136
B2A,e2cc5d0740.jpg,0.7955781306057182,0.28599936
B2A,e2dd4bdeef.jpg,0.836888013339778,0.38953486
B2A,e2e1192489.jpg,0.6430078957473535,0.43536618
B2A,e2e85f68e0.jpg,0.8331617472594757,0.2596383
B2A,e2ebe675f8.jpg,0.8730803844639622,0.34985182
B2A,e2ec96f0b4.jpg,0.7829037908193331,0.36539525
B2A,e2f37052c1.jpg,0.5661379033598756,0.5989343
B2A,e3148aa017.jpg,0.9056670372457178,0.19116306
B2A,e31668e912.jpg,0.8533313106591117,0.3183725
B2A,e33556dc35.jpg,0.5673057999620967,0.7331982
B2A,e33bb81f2b.jpg,0.7789884086262889,0.3261538
B2A,e34010decc.jpg,0.8650357225668596,0.22167599
B2A,e340c22dc4.jpg,0.7719997270418594,0.36661083
B2A,e344e433cc.jpg,0.9164589688585867,0.35209677
B2A,e347492218.jpg,0.6884935184002002,0.51078624
B2A,e3477e1ec7.jpg,0.8619973888427913,0.28634048
B2A,e34ae8c169.jpg,0.9001511900224953,0.26399076
B2A,e3557bd3e7.jpg,0.7085992152632502,0.39581177
B2A,e3618e9a11.jpg,0.7312833591284698,0.39210197
B2A,e365dae98b.jpg,0.43053645916474315,0.55807126
B2A,e37b3a49d9.jpg,0.5922729203319984,0.4729718
B2A,e37e071314.jpg,0.8770000582545064,0.2620167
B2A,e38186a614.jpg,0.7462294150731301,0.27629814
B2A,e388432c26.jpg,0.7682296498232108,0.51403254
B2A,e39562f090.jpg,0.7433317361885656,0.3801614
B2A,e3997e52e9.jpg,0.8713723895883796,0.376935
B2A,e3cb3ad674.jpg,0.8999786451021405,0.25035813
B2A,e3cea056cc.jpg,0.6827956207146227,0.32835287
B2A,e3ceb5d67a.jpg,0.7464191727107424,0.56733483
B2A,e3e6ca612f.jpg,0.826146581291162,0.23073827
B2A,e3e87b3f1e.jpg,0.8866046913316181,0.24213141
B2A,e3f1be931a.jpg,0.5979348355329398,0.33420163
B2A,e3f34cdbfc.jpg,0.9131179975814949,0.27837214
B2A,e3fae55083.jpg,0.7049086358223025,0.40338397
B2A,e3fe190c35.jpg,0.8571612472718071,0.2987978
B2A,e4005ebfe6.jpg,0.7436856414715495,0.6394134
B2A,e40a02297a.jpg,0.8648157314555783,0.25133473
B2A,e40ba425ad.jpg,0.8392220823040737,0.32725674
B2A,e40ea38065.jpg,0.8030140658861877,0.38796002
B2A,e41de69603.jpg,0.8124087366438109,0.37826
B2A,e428d47850.jpg,0.8361163094945366,0.3793465
B2A,e43625382b.jpg,0.9298945218216368,0.23719396
B2A,e43cfeffd7.jpg,0.7936727983448221,0.42829913
B2A,e452266e47.jpg,0.7657376672821498,0.21902037
B2A,e46722db3b.jpg,0.8850259271208587,0.35650674
B2A,e474730931.jpg,0.9175482951025716,0.23022376
B2A,e484852720.jpg,0.8333075036929097,0.26368982
B2A,e4a7646e26.jpg,0.7124310192007777,0.447223
B2A,e4b6e49888.jpg,0.8381882577875013,0.2144686
B2A,e4baa84c9e.jpg,0.7395442166886256,0.39564282
B2A,e4c2f8062a.jpg,0.5851668641748295,0.51066554
B2A,e4c47323cb.jpg,0.8355295462883215,0.36966276
B2A,e4db596478.jpg,0.8412086592962209,0.24446148
B2A,e4df61af49.jpg,0.7099193518450161,0.33069825
B2A,e4e7fd51dd.jpg,0.8659568459583565,0.2777867
B2A,e4ec14322d.jpg,0.6119751700392215,0.45335624
B2A,e4edaddcef.jpg,0.6095924903587147,0.5672326
B2A,e4f21cb9f8.jpg,0.8851970280243132,0.22827685
B2A,e4f5f401e0.jpg,0.8653974365905708,0.27778524
B2A,e50dc96e2b.jpg,0.765716233965747,0.21993345
B2A,e517b6f313.jpg,0.7380255168618985,0.26936072
B2A,e5247c9272.jpg,0.6537537697066027,0.298447
B2A,e52816eec3.jpg,0.590702462503367,0.7866191
B2A,e52b0badda.jpg,0.6211397184426535,0.32295448
B2A,e53184b315.jpg,0.8530734059562288,0.35035688
B2A,e536a8e4d0.jpg,0.775780624691721,0.45703924
B2A,e53aaa0782.jpg,0.8721007696521125,0.31336766
B2A,e53aaac02c.jpg,0.5937499209525757,0.5363981
B2A,e53b41415d.jpg,0.7974933515835411,0.32055002
B2A,e545b38111.jpg,0.8184909448553235,0.34826618
B2A,e54604f159.jpg,0.8465112886883094,0.26836583
B2A,e552c9356b.jpg,0.8249665034800011,0.2937645
B2A,e55aa6a075.jpg,0.6816569299412526,0.26218605
B2A,e569d449aa.jpg,0.8362757179915988,0.29304922
B2A,e56a3b131d.jpg,0.9007599735741867,0.253762
B2A,e56e3bcfee.jpg,0.9067858862827578,0.30007884
B2A,e576d76af6.jpg,0.8381647825264876,0.25066555
B2A,e58dcaf848.jpg,0.7454517697838446,0.48835286
B2A,e58e1d7d58.jpg,0.8622406037617298,0.3892595
B2A,e58ef68e3f.jpg,0.91222249284177,0.18903959
B2A,e59a45567d.jpg,0.8105356887883798,0.3805858
B2A,e5ae2eab59.jpg,0.8953829408419169,0.32472742
B2A,e5b0f574bf.jpg,0.7627500104550404,0.3006422
B2A,e5c7397b2d.jpg,0.6943058857879406,0.40282804
B2A,e5c842ca6e.jpg,0.8527037221208932,0.28488785
B2A,e5cb078996.jpg,0.7456565226265747,0.44826502
B2A,e5cb608eae.jpg,0.734143304887151,0.27413473
B2A,e5cbe055f9.jpg,0.776519875242466,0.29754728
B2A,e5cd922fa9.jpg,0.8194651598461558,0.41193035
B2A,e5d38a2047.jpg,0.900306993919714,0.22851337
B2A,e5e1d837f1.jpg,0.9155010843803869,0.26537254
B2A,e5ffaac462.jpg,0.9218746042789203,0.21031204
B2A,e614135f7d.jpg,0.8256651045048324,0.30316192
B2A,e629d7f736.jpg,0.6193687824754538,0.67445695
B2A,e63a00fc4f.jpg,0.8166529991462228,0.4324777
B2A,e643c9bdbe.jpg,0.6323902028221506,0.39639604
B2A,e6636be041.jpg,0.7634428316510834,0.4395863
B2A,e67341c640.jpg,0.762829411822924,0.31152564
B2A,e67601a231.jpg,0.7598403856928606,0.4152733
B2A,e6779d7ed5.jpg,0.6634851988828795,0.64557314
B2A,e67cc523e0.jpg,0.8919911578320108,0.26461762
B2A,e67e86bdb9.jpg,0.8491237261190631,0.20501985
B2A,e6836aa6da.jpg,0.7575029338787959,0.38376382
B2A,e686121a13.jpg,0.7634403798044612,0.4915516
B2A,e693f37abc.jpg,0.816573372357597,0.5101002
B2A,e69c2d5a6d.jpg,0.8584702280780847,0.18363044
B2A,e69eb967c0.jpg,0.7357224129480585,0.35150036
B2A,e6a325d8fb.jpg,0.8067424223034739,0.40519574
B2A,e6a609cf76.jpg,0.8320970752646787,0.38954595
B2A,e6ad3eec60.jpg,0.7195266639672683,0.43979993
B2A,e6ba8f2334.jpg,0.6505551065256557,0.3826561
B2A,e6c25786d7.jpg,0.635344768993925,0.41202864
B2A,e6cc103915.jpg,0.689011949952678,0.29490727
B2A,e6d2f68fcf.jpg,0.8567635348429788,0.4026584
B2A,e6dc2ff40c.jpg,0.7508343052811312,0.29413512
B2A,e6e3f15b73.jpg,0.8799455095145644,0.2847126
B2A,e6e6959173.jpg,0.5924114992540755,0.65532583
B2A,e6ea2d4d47.jpg,0.7908131528126774,0.2396662
B2A,e6f8a63c9c.jpg,0.800915169523513,0.46255973
B2A,e707bf37b1.jpg,0.7135967763863685,0.49479645
B2A,e710d6eaa6.jpg,0.8433804514236186,0.3757947
B2A,e714c3661f.jpg,0.878882547056764,0.22113043
B2A,e715464acb.jpg,0.7398263456044648,0.31905767
B2A,e738568be6.jpg,0.8708947896039436,0.24841474
B2A,e73a598e28.jpg,0.8078361104154338,0.40586215
B2A,e73db0029b.jpg,0.6314032880331287,0.46390194
B2A,e744db3cd3.jpg,0.81065703961716,0.4941824
B2A,e74a97ae14.jpg,0.7405992877519659,0.3678808
B2A,e764b3f35a.jpg,0.892157244352246,0.30162314
B2A,e790229789.jpg,0.636715973027601,0.4359373
B2A,e79618c3c9.jpg,0.7064251731940161,0.598544
B2A,e7a2c2dfd5.jpg,0.8159981486772849,0.3096666
B2A,e7b73c75cb.jpg,0.6571618341576753,0.35142928
B2A,e7c3ac222b.jpg,0.7180904289574566,0.26712242
B2A,e7c99420a8.jpg,0.8862553134791801,0.37119886
B2A,e7cd8551d8.jpg,0.9441684169418133,0.24724051
B2A,e7cdd8fd59.jpg,0.5705401607336572,0.4063732
B2A,e7d445c059.jpg,0.6034555526178004,0.5250551
B2A,e7ddcd88d3.jpg,0.8598961306745073,0.29682162
B2A,e7e77d48b0.jpg,0.8872124174629983,0.32735038
B2A,e7fd336c2e.jpg,0.7058545379660919,0.39693075
B2A,e80855ec86.jpg,0.7156633996400872,0.6772522
B2A,e80a7530ea.jpg,0.49349484958540957,0.5411608
B2A,e80cebe6dd.jpg,0.8485639642042663,0.5322183
B2A,e80f526332.jpg,0.8510646845510433,0.26725093
B2A,e810cbaf55.jpg,0.7865101962194937,0.39057785
B2A,e8234e1e2e.jpg,0.9126158492114118,0.22738266
B2A,e8338afa09.jpg,0.7124538988298298,0.28072077
B2A,e85bba618a.jpg,0.8451561689950018,0.20603856
B2A,e85ed2bc38.jpg,0.7555520720227797,0.41572943
B2A,e8605bf89a.jpg,0.7393583266831883,0.5853072
B2A,e862b2a488.jpg,0.7066102051647029,0.26049906
B2A,e86d465a2d.jpg,0.9127307430606802,0.22839434
B2A,e8718dba1c.jpg,0.8620672829996154,0.29319155
B2A,e876733707.jpg,0.6767086269722311,0.26959786
B2A,e87676e6e2.jpg,0.7095388592062022,0.49196747
B2A,e8789baa19.jpg,0.7871302747150046,0.41372395
B2A,e8882a7f33.jpg,0.7294125831501667,0.31709123
B2A,e89accad47.jpg,0.6514473418080553,0.36836505
B2A,e89b1f65b6.jpg,0.8891700582959604,0.18563078
B2A,e89e3ef99f.jpg,0.8428674909372019,0.42824328
B2A,e89f26b785.jpg,0.7911550734838756,0.38499337
B2A,e8a6213a64.jpg,0.7009626411095525,0.5225742
B2A,e8ca770df9.jpg,0.6722255556907812,0.47418386
B2A,e8cede65a7.jpg,0.870129412154537,0.31714803
B2A,e8dc20c86e.jpg,0.9066718227175279,0.36773586
B2A,e8e02ca944.jpg,0.6992424564215378,0.44718164
B2A,e8f2542a00.jpg,0.5973222300757703,0.60249686
B2A,e8f8ff2e11.jpg,0.551296457446194,0.5107553
B2A,e91a6a79ca.jpg,0.828124275644289,0.44561824
B2A,e941a6971b.jpg,0.7368661743643267,0.24472865
B2A,e9425b919e.jpg,0.6922016412584825,0.7110707
B2A,e94ce61928.jpg,0.831819100649901,0.18646193
B2A,e94fe9ef94.jpg,0.7224841608454378,0.37319598
B2A,e9652384d0.jpg,0.7425900365476146,0.3051642
B2A,e96e9bdf9f.jpg,0.815997873442872,0.35191455
B2A,e975867ee1.jpg,0.8283037987185855,0.22830889
B2A,e97aab1e3a.jpg,0.5309686238381048,0.6026123
B2A,e97f72f75e.jpg,0.8464120753607495,0.28473008
B2A,e9896641d2.jpg,0.7793777850615773,0.3915486
B2A,e98c174738.jpg,0.7954954123456429,0.21743843
B2A,e98cd4e13f.jpg,0.8413632097120259,0.2858167
B2A,e98d5c8d85.jpg,0.8489123912517907,0.35194635
B2A,e98e9b1620.jpg,0.7067348042989879,0.5945021
B2A,e991139f4b.jpg,0.7417016403430021,0.43120757
B2A,e9ba0bafc4.jpg,0.7260517642580672,0.39860505
B2A,e9c3e52cf1.jpg,0.7740463926170099,0.3759791
B2A,e9ca026ba3.jpg,0.7542672407907645,0.38746446
B2A,e9cbdee9bd.jpg,0.6767965222576924,0.4237199
B2A,e9d65fa272.jpg,0.6446072292876082,0.45853004
B2A,e9da2fab10.jpg,0.8166862523192252,0.310175
B2A,e9da44faa6.jpg,0.6617811964311763,0.4557028
B2A,e9e303af60.jpg,0.6914605762203943,0.39841923
B2A,e9ebdfe8ec.jpg,0.642537506257525,0.41069457
B2A,e9ec0b07bd.jpg,0.8818862303166648,0.27580512
B2A,e9ef067120.jpg,0.514751769388472,0.67960304
B2A,ea0086b300.jpg,0.9158261315180345,0.2018417
B2A,ea2128c1b2.jpg,0.6412541250616844,0.40750754
B2A,ea29af7178.jpg,0.6563907199475615,0.7050556
B2A,ea38729951.jpg,0.7766096054967091,0.35913435
B2A,ea437a682c.jpg,0.6854397300805981,0.312402
B2A,ea4dc1e88e.jpg,0.8524794403359217,0.44675386
B2A,ea4f37e7e5.jpg,0.7796511493942846,0.32881105
B2A,ea58d700d2.jpg,0.8082047154243229,0.25809187
B2A,ea60c54c69.jpg,0.6526845972458268,0.5654118
B2A,ea626ba3a9.jpg,0.7649324656275005,0.34667343
B2A,ea656cf2b6.jpg,0.6294232803719041,0.3382055
B2A,ea6917e2db.jpg,0.8571876916329805,0.331832
B2A,ea867fecaa.jpg,0.6886554819860239,0.5110614
B2A,ea90ff6da4.jpg,0.7846107423294392,0.37170154
B2A,ea942e0882.jpg,0.7145790478983589,0.37182927
B2A,ea965a1eba.jpg,0.6982164858838463,0.36321414
B2A,eaa17f1091.jpg,0.7886545919884623,0.5436062
B2A,eaac3f27b0.jpg,0.8636145347413552,0.18528534
B2A,eab48ed00d.jpg,0.8621492465334013,0.3512741
B2A,eab57199fa.jpg,0.7665721004229255,0.24348138
B2A,eabe91cae5.jpg,0.8589480862257314,0.19979051
B2A,eac7bd7368.jpg,0.8342379587322253,0.26018736
B2A,eacb6ead4a.jpg,0.7080195685748554,0.625245
B2A,eacdc1d18f.jpg,0.6768251847828392,0.4170767
B2A,ead2fdbadc.jpg,0.7976491061864248,0.21036488
B2A,ead622126f.jpg,0.6560842076038755,0.42530698
B2A,eadb799684.jpg,0.788086296196938,0.36177891
B2A,eadea8cf4c.jpg,0.8467586078823298,0.523369
B2A,eae1d7b4a7.jpg,0.9080104215513345,0.29952887
B2A,eae8ac05b6.jpg,0.821620139862281,0.38011938
B2A,eafc9d8929.jpg,0.597017271723854,0.3853284
B2A,eb09186652.jpg,0.8276768282469306,0.23118612
B2A,eb143cd557.jpg,0.7654400668595228,0.5418873
B2A,eb1ae4752c.jpg,0.6665916445987673,0.4352505
B2A,eb1ce8f38f.jpg,0.8154790045434559,0.3087185
B2A,eb1f220d40.jpg,0.746457454258217,0.34310693
B2A,eb267343a7.jpg,0.7921803077534574,0.2445589
B2A,eb33d8e41b.jpg,0.8228566503484737,0.4251562
B2A,eb34f329c1.jpg,0.8201474404003378,0.39701083
B2A,eb396944a9.jpg,0.7502893962628091,0.35837346
B2A,eb48b08b2c.jpg,0.8490840574760488,0.33490276
B2A,eb4c747b35.jpg,0.7937519992297598,0.3130187
B2A,eb5a006cd8.jpg,0.7842191324277443,0.36084497
B2A,eb7323bae7.jpg,0.8969727300598681,0.4307967
B2A,eb74e149ff.jpg,0.8625210693642194,0.34613153
B2A,eb74ee9751.jpg,0.8619051314659223,0.17806129
B2A,eb927ffcce.jpg,0.7399648173888115,0.28556767
B2A,eb9630147d.jpg,0.7854317316436561,0.24906345
B2A,ebb0aa2f01.jpg,0.8003549967417587,0.52606
B2A,ebb3a60020.jpg,0.8643842995063343,0.29760817
B2A,ebb7fcea92.jpg,0.8797970876304128,0.24016641
B2A,ebb973284b.jpg,0.5882384114262241,0.38642636
B2A,ebc6398a40.jpg,0.5940544316050251,0.41442493
B2A,ebcc42e110.jpg,0.8832905182002826,0.3649081
B2A,ebcce1a075.jpg,0.7225569920017272,0.34493488
B2A,ebd677e4df.jpg,0.9082410565540845,0.19559935
B2A,ebfb842dbb.jpg,0.7949385097228671,0.34054977
B2A,ec22ac410a.jpg,0.6609432005205275,0.5126763
B2A,ec26ffe6d9.jpg,0.6812780355132126,0.4135247
B2A,ec2819dd4a.jpg,0.7595107331274986,0.23626454
B2A,ec361682b9.jpg,0.7172222632116811,0.38732514
B2A,ec3cedbafe.jpg,0.7343685870180904,0.4773625
B2A,ec4acecf3f.jpg,0.8932157745633226,0.30175626
B2A,ec4fccd390.jpg,0.8252082234791193,0.37901545
B2A,ec509fe942.jpg,0.6763330973028772,0.46990964
B2A,ec5d51aaf0.jpg,0.5985111946249543,0.6791307
B2A,ec61770865.jpg,0.8038255330631254,0.27230328
B2A,ec673dd8d4.jpg,0.8525039377708004,0.3481545
B2A,ec6c041436.jpg,0.8088022675877551,0.51229227
B2A,ec7228a986.jpg,0.5423925580546156,0.44074488
B2A,ec74224ef5.jpg,0.6742740665107576,0.43236533
B2A,ec99be1db6.jpg,0.850267346829069,0.3007239
B2A,ecad06947b.jpg,0.5265643553798681,0.33685046
B2A,ecaf3bdf12.jpg,0.9057588258741573,0.14158857
B2A,ecb38a1051.jpg,0.7532331253984741,0.26475993
B2A,ecb3ccc9f4.jpg,0.8500813903969344,0.24051955
B2A,ecc3cd6e1b.jpg,0.8779891756742954,0.2150805
B2A,ece948ce97.jpg,0.8202258952571263,0.29075366
B2A,ecee77ae5a.jpg,0.8500316482081585,0.25761184
B2A,ed04dbb114.jpg,0.7315085245157097,0.37470978
B2A,ed0ddbf26a.jpg,0.8582411184790046,0.28530547
B2A,ed22cf856f.jpg,0.6711806501936615,0.41910118
B2A,ed27eb5c68.jpg,0.8898586111760992,0.20674206
B2A,ed31f8c196.jpg,0.8081246204304973,0.4644808
B2A,ed34d8d7f3.jpg,0.6210656024913996,0.4504741
B2A,ed3b265e09.jpg,0.6646405832375505,0.18683732
B2A,ed458bffb6.jpg,0.7977250952110325,0.47466642
B2A,ed473bcf9b.jpg,0.7640604528063891,0.46589863
B2A,ed59cdccf1.jpg,0.8619722742534013,0.21345654
B2A,ed60c6410b.jpg,0.8261586859197748,0.25213388
B2A,ed65db5f88.jpg,0.769393881361986,0.39769253
B2A,ed7b96a9c5.jpg,0.635008508080494,0.37926286
B2A,ed848812da.jpg,0.8551019408705642,0.20783097
B2A,ed8dab0f96.jpg,0.7127708876038681,0.5976659
B2A,ed915c89a2.jpg,0.795874919733855,0.26476264
B2A,ed94946d16.jpg,0.5426354293433812,0.41962114
B2A,ed9f0b8b5d.jpg,0.7741323307591179,0.45176595
B2A,eda8697979.jpg,0.8873844486370182,0.67491937
B2A,edb7d50936.jpg,0.8216178805514701,0.4332642
B2A,edba7f0a70.jpg,0.7883499413789978,0.37765384
B2A,edc66bfb66.jpg,0.8086166559799842,0.33805847
B2A,edd52342db.jpg,0.7006980652461365,0.3986844
B2A,ede0add355.jpg,0.8741812820435996,0.31646997
B2A,edef4ef18d.jpg,0.5412945919952487,0.7564618
B2A,edef9cbabe.jpg,0.7605000913434818,0.32160306
B2A,edf15f0940.jpg,0.7597538394196096,0.3003708
B2A,edf42b9d0d.jpg,0.8618398571851491,0.31543016
B2A,ee0e1d6569.jpg,0.8113316557217198,0.37656412
B2A,ee24903251.jpg,0.7790049677859195,0.20837927
B2A,ee28cc4d68.jpg,0.7460913725907538,0.31204253
B2A,ee29105aba.jpg,0.6571587776287897,0.38811827
B2A,ee2bf8c5fd.jpg,0.5812595639500383,0.44911012
B2A,ee2e0ec65d.jpg,0.5394516093970142,0.67230123
B2A,ee6c260d4f.jpg,0.737642947116188,0.23726162
B2A,ee861e6fae.jpg,0.817692509271011,0.24581702
B2A,ee8bdcd99f.jpg,0.8332376354448638,0.31526005
B2A,ee8c2e9e3c.jpg,0.8397837770108136,0.2806098
B2A,ee97a20e7c.jpg,0.8558942992340641,0.46608296
B2A,ee982ce7e3.jpg,0.8903036484607468,0.14690444
B2A,ee9b29e1b8.jpg,0.44015804930463154,0.48496196
B2A,eea8eff240.jpg,0.8345938023889264,0.37019876
B2A,eeb1e5f575.jpg,0.8564293709062314,0.34144318
B2A,eeb4ccb21f.jpg,0.824973001227372,0.49006796
B2A,eec21ae61c.jpg,0.8424402081396615,0.34189147
B2A,eed4191e08.jpg,0.8698554423231929,0.24113503
B2A,eed8644829.jpg,0.827525086867252,0.44765234
B2A,eedab28822.jpg,0.6217923467551926,0.76277417
B2A,eee8098608.jpg,0.668062298190916,0.38743412
B2A,eeee68b7d8.jpg,0.7080947603909193,0.4711676
B2A,eef39ac09b.jpg,0.9013289176860115,0.2730777
B2A,eef4bdae39.jpg,0.7323094377242427,0.33283475
B2A,ef129d082c.jpg,0.8209735976827601,0.331286
B2A,ef15317c67.jpg,0.6947771060450316,0.5104362
B2A,ef1f3e84f9.jpg,0.7708038191647792,0.31785926
B2A,ef488233e3.jpg,0.8643374883046192,0.25385222
B2A,ef4a60107c.jpg,0.9096113094950992,0.2604817
B2A,ef59ec0110.jpg,0.8394281777210888,0.4320724
B2A,ef6190ff9b.jpg,0.6278518279284852,0.4979179
B2A,ef674070d3.jpg,0.7349780327656475,0.31230983
B2A,ef77fe0cfc.jpg,0.7464571649688398,0.40145344
B2A,ef833e60b4.jpg,0.8161274587989424,0.2855516
B2A,ef893e33a9.jpg,0.8191659938958874,0.27615178
B2A,ef8a6e2a7a.jpg,0.8545927587821094,0.471825
B2A,ef9ca94c15.jpg,0.8033972752708497,0.3340367
B2A,ef9e5bc080.jpg,0.8818409072934171,0.2529782
B2A,efa2ba7d02.jpg,0.8750498879831099,0.29333746
B2A,efa6c21576.jpg,0.6620461539515594,0.49191406
B2A,efa79c9c41.jpg,0.7803562153185819,0.3082644
B2A,efbb57a439.jpg,0.7781749117501532,0.3267703
B2A,efbfcfe793.jpg,0.7559867614393826,0.43618584
B2A,efc51bdcdf.jpg,0.76344921579981,0.35378927
B2A,efcabd7b97.jpg,0.8736562399385679,0.25237012
B2A,efd9e949f5.jpg,0.5841234198773811,0.6203553
B2A,efeb94db8b.jpg,0.8305696857644891,0.27087104
B2A,effaa53ad8.jpg,0.6282859233663147,0.4358381
B2A,f005004e0c.jpg,0.6401802481327995,0.38007852
B2A,f01164b232.jpg,0.8392056681386952,0.4979818
B2A,f01207f706.jpg,0.8117379856427962,0.41651654
B2A,f01a04bd03.jpg,0.6390087420659832,0.6162665
B2A,f020a207a8.jpg,0.736536863834389,0.36211148
B2A,f0220aa3f5.jpg,0.7317284664827949,0.58899873
B2A,f024838b95.jpg,0.883476090674328,0.27821642
B2A,f0367de132.jpg,0.8623101288458592,0.23493305
B2A,f04f12da30.jpg,0.8590358281886328,0.3942263
B2A,f06b8cfef0.jpg,0.7803253726486272,0.48182815
B2A,f074cffca1.jpg,0.8703354635102957,0.31936455
B2A,f07cb0b75e.jpg,0.6927525378498892,0.51746297
B2A,f07e66c2d2.jpg,0.796493035953638,0.37250677
B2A,f088a906d0.jpg,0.8422907595338514,0.2061202
B2A,f088b513bf.jpg,0.8593695696121927,0.22697559
B2A,f08926d339.jpg,0.742984675768283,0.27407014
B2A,f08c39d24f.jpg,0.7003203947477412,0.5735848
B2A,f08e936c6b.jpg,0.9208933328051563,0.24076432
B2A,f0962b6de5.jpg,0.786762122924975,0.4306106
B2A,f09c772bcc.jpg,0.652436929543254,0.6812297
B2A,f09d0b81ba.jpg,0.9115040756436729,0.2540269
B2A,f0a1187473.jpg,0.7601859994975377,0.45033416
B2A,f0a55ad775.jpg,0.8215838187421386,0.33537507
B2A,f0a679e095.jpg,0.8081259292517111,0.44414374
B2A,f0aa76ff07.jpg,0.7156845896778069,0.39773834
B2A,f0b8c1d365.jpg,0.7590723318794322,0.42934713
B2A,f0e139a901.jpg,0.8572498420458284,0.40781623
B2A,f1032a4bd8.jpg,0.6792754216677155,0.43436489
B2A,f105adbfb1.jpg,0.7978112310296724,0.28128582
B2A,f10d2923bd.jpg,0.6571129806607413,0.49417213
B2A,f10f748b4d.jpg,0.7615616235699966,0.49201158
B2A,f11454665a.jpg,0.8280964633375101,0.44580892
B2A,f11ee27f26.jpg,0.8087948027853128,0.42968267
B2A,f13184bb48.jpg,0.5529843332172735,0.60699403
B2A,f148707bb0.jpg,0.7753685596126287,0.27130538
B2A,f1591e50e1.jpg,0.9243865125577281,0.19203247
B2A,f15b7224fd.jpg,0.7041752619338675,0.46902168
B2A,f163b5185e.jpg,0.7729108114445034,0.3215273
B2A,f1670c265f.jpg,0.6359932129987257,0.5482192
B2A,f176a55e27.jpg,0.7722218336945426,0.4003808
B2A,f177cf7991.jpg,0.7766370477080778,0.4198731
B2A,f17a8c4aee.jpg,0.8280171982694501,0.34360498
B2A,f17e985728.jpg,0.8967536974044349,0.13711286
B2A,f180c8d8b9.jpg,0.7852180706482524,0.36855525
B2A,f188425ea5.jpg,0.7520283421222677,0.25320438
B2A,f18989ff8d.jpg,0.8433684590664108,0.52617645
B2A,f18d2c0a81.jpg,0.7950468939874622,0.3408134
B2A,f1ac127445.jpg,0.6126143772399976,0.6078298
B2A,f1b8dee326.jpg,0.860608298116453,0.29931855
B2A,f1c198d735.jpg,0.8573239170258977,0.3244789
B2A,f1d4e7cd69.jpg,0.5789695839048027,0.39687067
B2A,f1d7343af8.jpg,0.788556991133544,0.3331472
B2A,f1dbada7a5.jpg,0.7245943246078439,0.3465474
B2A,f1fe522e6d.jpg,0.8535267932321491,0.23006885
B2A,f1ff4a822a.jpg,0.7957625651333231,0.24884093
B2A,f203101270.jpg,0.7832103798297625,0.41437444
B2A,f21ca704e5.jpg,0.7617924782706796,0.34431988
B2A,f21dd18a49.jpg,0.6747376418240243,0.5398158
B2A,f222ee8acc.jpg,0.7895852480447965,0.3656267
B2A,f22dac0d03.jpg,0.8465014185771051,0.3090165
B2A,f230845d9a.jpg,0.9044170123293365,0.28047207
B2A,f23e5d0e29.jpg,0.9060186252575493,0.23973827
B2A,f247ca8a34.jpg,0.6625255966977007,0.5959858
B2A,f24a8f4c6c.jpg,0.7763917083039817,0.31018162
B2A,f24acd17d0.jpg,0.7644079660885017,0.46313626
B2A,f25716f164.jpg,0.7547626621633894,0.37910217
B2A,f265b9c6d2.jpg,0.5327303383670802,0.83990854
B2A,f26d369fbd.jpg,0.8584327972199151,0.3226127
B2A,f270b20be4.jpg,0.7860030590272841,0.5531063
B2A,f27ac3fc28.jpg,0.5869368913179356,0.4315688
B2A,f27e7b74de.jpg,0.7710406345244286,0.28240302
B2A,f27f6894a1.jpg,0.7875698830982782,0.21945044
B2A,f28231f3f9.jpg,0.8760092947457389,0.3628379
B2A,f2876e0b28.jpg,0.7566687478152831,0.39727336
B2A,f298108b32.jpg,0.8075427755623243,0.5343753
B2A,f2a3dc33fe.jpg,0.834845809695607,0.2523045
B2A,f2b162e74b.jpg,0.7963826643257738,0.39793444
B2A,f2b7c12b9c.jpg,0.7048176979159968,0.47148514
B2A,f2d042180c.jpg,0.7210892068726579,0.48901382
B2A,f2d2d4efbc.jpg,0.8357805587473229,0.24562761
B2A,f2d986db88.jpg,0.7496741364821089,0.34613642
B2A,f2f09c8f41.jpg,0.7604707404997747,0.36217102
B2A,f2f56add24.jpg,0.7892450074481477,0.3213452
B2A,f30e44407b.jpg,0.5386491556777885,0.49292994
B2A,f31217f986.jpg,0.8819779661582552,0.2947764
B2A,f3141801d8.jpg,0.7571115000805538,0.28585595
B2A,f3230db890.jpg,0.8049151216231458,0.42757174
B2A,f32a18c7c6.jpg,0.8400995074224132,0.32517725
B2A,f3356114c7.jpg,0.8620462873560573,0.16739333
B2A,f351ce3bc5.jpg,0.8608248422471463,0.26991612
B2A,f352a7a312.jpg,0.7636973902577883,0.24225642
B2A,f354013389.jpg,0.8243341824555318,0.32903817
B2A,f357fe1f0d.jpg,0.7092772137230856,0.6353688
B2A,f36fc36903.jpg,0.7411642818599709,0.48395056
B2A,f376a8789c.jpg,0.8844229299210594,0.28239277
B2A,f37a93cd01.jpg,0.8370467127878919,0.3521851
B2A,f384c39cd3.jpg,0.7230902713808736,0.3807224
B2A,f3b5806412.jpg,0.778480719857663,0.23383549
B2A,f3bf66740a.jpg,0.7632542423070601,0.45332524
B2A,f3c61a9a05.jpg,0.6631230271598854,0.5622843
B2A,f3c8ec10ae.jpg,0.5383490238141893,0.435817
B2A,f3d15e5226.jpg,0.8659263450556477,0.19153607
B2A,f3d86d0bdc.jpg,0.7512606414558942,0.4009142
B2A,f3e4ae010d.jpg,0.8403530505301224,0.18216431
B2A,f3e54bc081.jpg,0.903065408722003,0.4038191
B2A,f3e9866cb8.jpg,0.9083116901213535,0.31371617
B2A,f3ec3e874d.jpg,0.7505100500092929,0.3604631
B2A,f3ecb32509.jpg,0.8979618457488154,0.23338263
B2A,f3ee6c1af3.jpg,0.8976210761906964,0.27122748
B2A,f3fa90a191.jpg,0.8118381565518946,0.41274416
B2A,f405d9a44e.jpg,0.8602686348146446,0.20818543
B2A,f40af60ddc.jpg,0.7327162187432771,0.33076328
B2A,f40b429650.jpg,0.7612547746674844,0.28922975
B2A,f40b719930.jpg,0.6746823899336539,0.35531414
B2A,f40d9b8368.jpg,0.5867032466952273,0.39011732
B2A,f417a4cc39.jpg,0.8265981390150333,0.3270335
B2A,f41b5dec17.jpg,0.7773778864706936,0.37335697
B2A,f41d5c2163.jpg,0.7051901229528483,0.45655203
B2A,f4219a5e81.jpg,0.766396368533113,0.3968122
B2A,f42f6f0197.jpg,0.9078877114410941,0.17392175
B2A,f43113c91b.jpg,0.7147120998407254,0.4501229
B2A,f43c6fb1de.jpg,0.9036580912529667,0.21261647
B2A,f44a3275c9.jpg,0.8231454499868316,0.32498378
B2A,f46478e139.jpg,0.5738708199789099,0.6745292
B2A,f46cfb67bd.jpg,0.7970358119635056,0.47105944
B2A,f482274abc.jpg,0.7516864718165155,0.6082935
B2A,f4831ea6fb.jpg,0.7028000950651011,0.32671645
B2A,f4919d3664.jpg,0.8350014240604812,0.45131004
B2A,f494688de8.jpg,0.6676210909925043,0.35469922
B2A,f49ca09b7a.jpg,0.8356675350361787,0.5042942
B2A,f4a6936ec9.jpg,0.8623967925627573,0.25873375
B2A,f4a9c6100f.jpg,0.6615715213049361,0.31753272
B2A,f4c509ad69.jpg,0.8540466519731931,0.21678102
B2A,f4cdc8fdbc.jpg,0.7277258290179485,0.47636405
B2A,f4dd7ea66e.jpg,0.836343185405397,0.34778777
B2A,f4eb1866c7.jpg,0.6466637891417473,0.3807824
B2A,f4eb47f0dd.jpg,0.7116235408301745,0.45533735
B2A,f501fc4455.jpg,0.869894508501325,0.31051585
B2A,f51503f974.jpg,0.7499944816866905,0.6922569
B2A,f51f06df8f.jpg,0.6922964996616092,0.53122556
B2A,f53328c040.jpg,0.7589909127074639,0.3075016
B2A,f54cf76011.jpg,0.7534452460887325,0.2678071
B2A,f54dd83443.jpg,0.8690322371119161,0.33711302
B2A,f54f45c2ea.jpg,0.7632511573476317,0.38330436
B2A,f55b066db1.jpg,0.6618170348405674,0.4051294
B2A,f56ae75fdd.jpg,0.7849687572910236,0.35255286
B2A,f56b12cf0b.jpg,0.7712297426358723,0.5372115
B2A,f575a81ad6.jpg,0.8067122206818538,0.41003865
B2A,f58ec475cf.jpg,0.7034265018460786,0.5738738
B2A,f5b336d512.jpg,0.6407894351922049,0.26580796
B2A,f5b3c7c78c.jpg,0.8072542704698819,0.36409092
B2A,f5c1d6af2a.jpg,0.8301191556940369,0.13512415
B2A,f5c3514cca.jpg,0.7419474632058528,0.6172757
B2A,f5c7a8068c.jpg,0.6157942353263525,0.5306366
B2A,f5d163add7.jpg,0.8506436816218212,0.28997847
B2A,f5d1922ba9.jpg,0.8682387126496215,0.173634
B2A,f5d652e997.jpg,0.7101773967072417,0.57607526
B2A,f5ddf6d767.jpg,0.8279426910041632,0.23440105
B2A,f5efcc2979.jpg,0.8806337578685065,0.35550356
B2A,f5f34241cc.jpg,0.8251189392180127,0.40520144
B2A,f5ffe2e92d.jpg,0.8890118510932359,0.27084595
B2A,f604e3e7e5.jpg,0.891813727271181,0.3030228
B2A,f607a14dd9.jpg,0.5199968313788549,0.5618058
B2A,f6084689ed.jpg,0.8391692555885886,0.50445247
B2A,f60910ed40.jpg,0.6563855142730156,0.23984161
B2A,f60b4c4d98.jpg,0.8413185548240448,0.3782704
B2A,f60b67ae6e.jpg,0.7398780637161398,0.2828759
B2A,f62bb41c9c.jpg,0.6618840902125614,0.42456877
B2A,f633c4ebed.jpg,0.7192861865286208,0.24126962
B2A,f639ee968c.jpg,0.7575584238958619,0.3509056
B2A,f63a1042f4.jpg,0.8517988937088931,0.30564812
B2A,f63a2b4fb9.jpg,0.7826243977681104,0.53136164
B2A,f64019e49d.jpg,0.8248961092104534,0.4064361
B2A,f647ce5fd1.jpg,0.8972977625428119,0.28543082
B2A,f651e57596.jpg,0.6317694284775548,0.44399083
B2A,f6574b10b7.jpg,0.7672449759940261,0.62635696
B2A,f6626c86e1.jpg,0.7216190919202039,0.37797743
B2A,f6798eb074.jpg,0.5558576895868909,0.5909535
B2A,f67f1708b6.jpg,0.851705970528292,0.24104373
B2A,f68dae168d.jpg,0.6322799408818333,0.67056626
B2A,f68dcc7a8a.jpg,0.5728237674311866,0.6461017
B2A,f68e29bd81.jpg,0.9018061586457056,0.17613965
B2A,f690980765.jpg,0.454666944023973,0.5869327
B2A,f69731b55b.jpg,0.7234759342049594,0.29224265
B2A,f69ff9b62b.jpg,0.81008855538719,0.29027376
B2A,f6aa1d5154.jpg,0.8413088271973611,0.29717982
B2A,f6ab953224.jpg,0.8593740114010209,0.25427786
B2A,f6b61559e0.jpg,0.8185048022518747,0.28691286
B2A,f6ca69a495.jpg,0.8746855330043497,0.27120823
B2A,f6cb2948da.jpg,0.7887707048878163,0.43701774
B2A,f6d01357b6.jpg,0.787913989853273,0.32534885
B2A,f6e17b1a2a.jpg,0.740123005160952,0.2631518
B2A,f6e422b697.jpg,0.9010541003588624,0.25320512
B2A,f6e5895253.jpg,0.7414797940986664,0.467509
B2A,f6e822d131.jpg,0.72005714675004,0.4875657
B2A,f6e8f07d9d.jpg,0.8552080023891553,0.5306351
B2A,f6efddda9c.jpg,0.7211739588422874,0.4427077
B2A,f706c0860d.jpg,0.807012077949126,0.4123218
B2A,f70871846a.jpg,0.6357939994329792,0.45868838
B2A,f71cc4d572.jpg,0.8643031775569348,0.31250107
B2A,f721bb7f6d.jpg,0.7270141373674431,0.40291694
B2A,f743f3bf62.jpg,0.865450667005629,0.33993515
B2A,f74cdcd632.jpg,0.8084822229217737,0.29635414
B2A,f7531c3b99.jpg,0.8612397910265738,0.23252657
B2A,f75a997bb8.jpg,0.8858013352677812,0.23143491
B2A,f76e1ec9a3.jpg,0.6822119100951396,0.5327462
B2A,f771e1e1b0.jpg,0.665584589193351,0.4749688
B2A,f77377bd03.jpg,0.8167120854788609,0.29127207
B2A,f77505c83f.jpg,0.8107277844536569,0.20227371
B2A,f77c59acb3.jpg,0.7992831502539137,0.38858908
B2A,f77e3cb703.jpg,0.6569820823643445,0.61333835
B2A,f77f395731.jpg,0.5416693769246381,0.47236818
B2A,f790a14012.jpg,0.7158752776721284,0.33104864
B2A,f79d9de05d.jpg,0.781356411284806,0.27541822
B2A,f7a011547d.jpg,0.9087741520886129,0.1958594
B2A,f7a821c3c8.jpg,0.7562488582391789,0.2703076
B2A,f7ae6e1d31.jpg,0.8017237278661757,0.44800013
B2A,f7c4d8033d.jpg,0.6616218372437165,0.5733741
B2A,f7c78a4eef.jpg,0.8066024726403785,0.37656972
B2A,f7d0dba843.jpg,0.6179822156092026,0.52541554
B2A,f7d0f59566.jpg,0.7263546005358386,0.31734312
B2A,f7d17e77d6.jpg,0.8012347013513403,0.38280982
B2A,f7dbdb551f.jpg,0.7437261839743161,0.5098233
B2A,f7dc666b50.jpg,0.7154437473618754,0.36844164
B2A,f7eb84fdb7.jpg,0.7933615595524035,0.22203617
B2A,f7ee2469f6.jpg,0.8665692752872866,0.29489607
B2A,f7f1d58022.jpg,0.7267712644327539,0.33529243
B2A,f807c72b5d.jpg,0.5868613054607326,0.453818
B2A,f819274637.jpg,0.8201423357699975,0.38796324
B2A,f81b1cc834.jpg,0.8312360625766059,0.39166102
B2A,f82e8c30ac.jpg,0.7864312769761093,0.48906794
B2A,f82fc48ba4.jpg,0.8089169132373276,0.63264036
B2A,f8350e28db.jpg,0.8063582528642201,0.2998216
B2A,f8363ba521.jpg,0.6769093623056577,0.40874928
B2A,f83b161ca3.jpg,0.7905659910348257,0.43850586
B2A,f83e5b4295.jpg,0.694331271651302,0.51192707
B2A,f843be17f5.jpg,0.6887728036005163,0.4620902
B2A,f84566ed02.jpg,0.6600712319334758,0.5351704
B2A,f84d77a2a6.jpg,0.8247791725385918,0.43199196
B2A,f85694dfe6.jpg,0.851759500909238,0.21504049
B2A,f86b847b43.jpg,0.8750359339138154,0.29596654
B2A,f876ba92ea.jpg,0.8542171633193983,0.39870152
B2A,f87a1ab16d.jpg,0.8142638065467103,0.43179393
B2A,f87deecaa2.jpg,0.7765633977040471,0.38264585
B2A,f888dde817.jpg,0.730279193532691,0.255662
B2A,f8905451b4.jpg,0.6469960899668672,0.49880335
B2A,f895871068.jpg,0.7328347921162045,0.45089585
B2A,f89bc86075.jpg,0.758267652552232,0.42990333
B2A,f8b6a915a9.jpg,0.9123669379707599,0.32248753
B2A,f8b73f1a33.jpg,0.6048350225884587,0.36013252
B2A,f8c19eaee6.jpg,0.6401998883218671,0.53500223
B2A,f8c63eea5a.jpg,0.6659181075998437,0.34046748
B2A,f8c8e456d7.jpg,0.8500700698614779,0.25030196
B2A,f8ca80aebb.jpg,0.8314806165405896,0.36794922
B2A,f8e10ef432.jpg,0.8677044908275313,0.27668834
B2A,f8e488ce75.jpg,0.8176094759192057,0.44581884
B2A,f8e6d9f481.jpg,0.7887397141880437,0.6143809
B2A,f8f04744fd.jpg,0.6462714661129979,0.49746484
B2A,f8f98ae176.jpg,0.7817296206233326,0.26178768
B2A,f8fac4e7ff.jpg,0.6402136071077364,0.43621397
B2A,f8ffd3ed06.jpg,0.7395987573876279,0.30642122
B2A,f901dfad23.jpg,0.7167034259745368,0.46745634
B2A,f904d3484c.jpg,0.797032897032509,0.2933674
B2A,f9080ec43b.jpg,0.6274634023082281,0.34440395
B2A,f90edb8380.jpg,0.8608320653865498,0.3271019
B2A,f90ee2b0db.jpg,0.8970286637462553,0.18094112
B2A,f9151bda3c.jpg,0.5297056562411699,0.70855063
B2A,f917b1c32a.jpg,0.6147989975781749,0.50045466
B2A,f91c3d1f53.jpg,0.7488776891168188,0.2880598
B2A,f91eb42b36.jpg,0.8222124746481385,0.29881278
B2A,f930392388.jpg,0.686852471914115,0.40798604
B2A,f942443b5d.jpg,0.7031768340779038,0.476493
B2A,f954a8be77.jpg,0.8637648192232682,0.3507235
B2A,f969505f84.jpg,0.6675765196861122,0.29304773
B2A,f96a50841d.jpg,0.7777385367235208,0.5172027
B2A,f97072faf8.jpg,0.8754296433872569,0.31848758
B2A,f975a1e01e.jpg,0.6261859607787088,0.4542621
B2A,f982a98853.jpg,0.8787920487467747,0.20664817
B2A,f9843ad01b.jpg,0.717561108429996,0.30827233
B2A,f98627c542.jpg,0.9162760178615552,0.2624421
B2A,f9867ce748.jpg,0.7113984596025555,0.7286587
B2A,f9989c2bd5.jpg,0.8701674456574463,0.33804798
B2A,f99a7a3267.jpg,0.6956369299747257,0.44262686
B2A,f99f52c7f5.jpg,0.7324572281764249,0.39401442
B2A,f99fe506ed.jpg,0.8060604890370933,0.23535833
B2A,f9a20c7988.jpg,0.6603972706463749,0.66278255
B2A,f9b4495f70.jpg,0.777596637073285,0.25843447
B2A,f9b4d017a3.jpg,0.7910891657092041,0.3738851
B2A,f9ba7b025e.jpg,0.7690233143213309,0.44631392
B2A,f9c9afcd78.jpg,0.8307803851113131,0.22245313
B2A,f9cd461b5e.jpg,0.8894093612541232,0.23481694
B2A,f9cf6e7e27.jpg,0.8628246775134232,0.27224055
B2A,f9e8571801.jpg,0.6537926849295997,0.5537448
B2A,f9f59d905c.jpg,0.8084877150550628,0.20874141
B2A,f9f6bc6871.jpg,0.8469016948621467,0.28824103
B2A,fa0fde7844.jpg,0.7602151935244054,0.4567781
B2A,fa24240abc.jpg,0.837061028487746,0.2631873
B2A,fa307775e7.jpg,0.7589144650452835,0.5371372
B2A,fa3aba5483.jpg,0.8871329669537881,0.3124376
B2A,fa423fe5a3.jpg,0.8680168721285698,0.3514694
B2A,fa428459e2.jpg,0.6950857223775916,0.48237234
B2A,fa4326ff01.jpg,0.6906428951949859,0.5459162
B2A,fa47656f02.jpg,0.8112175398532929,0.29558304
B2A,fa48b1ceb5.jpg,0.8210670028833624,0.23818417
B2A,fa60f9a0c9.jpg,0.8972718108882124,0.19957842
B2A,fa63566e6e.jpg,0.656084756028417,0.5996248
B2A,fa728d214f.jpg,0.7093860876212987,0.2932523
B2A,fa751def39.jpg,0.7884879853945158,0.56207436
B2A,fa9a74e9a4.jpg,0.6105617756047721,0.47984713
B2A,fa9a768c9b.jpg,0.7116950748215702,0.37578893
B2A,faa4f82b52.jpg,0.8576760200843037,0.23012382
B2A,faaab4fb19.jpg,0.8880385077753014,0.26700965
B2A,fac89a2440.jpg,0.8355120618023718,0.34677148
B2A,facc9d2df2.jpg,0.8327939298424409,0.36988944
B2A,fad67f0f19.jpg,0.7674993871039278,0.33069623
B2A,fb1779d922.jpg,0.7751732566331833,0.28893143
B2A,fb24316c57.jpg,0.7513572200809066,0.25326785
B2A,fb2a6a49d7.jpg,0.7075669460327977,0.64505255
B2A,fb362a6660.jpg,0.7925679701857036,0.26584
B2A,fb3676a875.jpg,0.8604950539622213,0.3514469
B2A,fb546829cb.jpg,0.6330954498884206,0.5347345
B2A,fb562cd56b.jpg,0.6973198389223576,0.4805936
B2A,fb73e20575.jpg,0.8595262550144023,0.33594474
B2A,fb755692ce.jpg,0.759453231575913,0.44184473
B2A,fb85264917.jpg,0.8511896500201303,0.21269669
B2A,fb8fb9b7c8.jpg,0.8845452061906379,0.25648394
B2A,fb97febc5f.jpg,0.9207882944442897,0.27970934
B2A,fb9c5403b8.jpg,0.8954298729606879,0.22812368
B2A,fbaa1647e7.jpg,0.8914045129578657,0.25925922
B2A,fbb5f72776.jpg,0.8180870232479932,0.26942936
B2A,fbb8e36b1c.jpg,0.8594780449001259,0.32369408
B2A,fbb8e5f081.jpg,0.7998825586195727,0.26066542
B2A,fbc1c4e45b.jpg,0.648075648699452,0.4939277
B2A,fbc34e93dc.jpg,0.6976197729233914,0.42126095
B2A,fbc3754be3.jpg,0.80692968496849,0.28802657
B2A,fbc70f973a.jpg,0.8233216202726699,0.25120068
B2A,fbdaf94ace.jpg,0.631001401791158,0.45678493
B2A,fbf3ab42e9.jpg,0.878223948265578,0.24766001
B2A,fc02616c06.jpg,0.803753711042025,0.36879474
B2A,fc043d38eb.jpg,0.8329082196698133,0.31884307
B2A,fc04ed2d42.jpg,0.8840813957212329,0.20988978
B2A,fc075619e7.jpg,0.6817119145614202,0.37337598
B2A,fc16c59788.jpg,0.8013818839470881,0.3382557
B2A,fc30e458d6.jpg,0.8369219255197906,0.29658362
B2A,fc458d4ee1.jpg,0.8412676317068427,0.26223847
B2A,fc49fb17f3.jpg,0.8519237061606182,0.2944966
B2A,fc51c26e2d.jpg,0.9196547426827825,0.28773215
B2A,fc59b308a8.jpg,0.8624706843775564,0.25136197
B2A,fc5feebdc8.jpg,0.7228561056867303,0.3442156
B2A,fc622b5577.jpg,0.8899173598297598,0.20024715
B2A,fc64e9fe13.jpg,0.8345237797950473,0.23886123
B2A,fc6d47c7b0.jpg,0.7830887942267469,0.4725675
B2A,fc9d809645.jpg,0.7512686420975754,0.32379532
B2A,fcaeb2fb17.jpg,0.8366606866869861,0.28824213
B2A,fcc0dc41b3.jpg,0.7313830880641821,0.38337904
B2A,fcc59cb31d.jpg,0.8525665125262558,0.39998665
B2A,fcd35ead6e.jpg,0.6877988160284634,0.34377483
B2A,fcd5eaceb7.jpg,0.8443901020625079,0.4104362
B2A,fcdd5b1e31.jpg,0.6111331492334074,0.592089
B2A,fce074b92c.jpg,0.6296085763615309,0.44203943
B2A,fd0071794a.jpg,0.7215715374677277,0.41595954
B2A,fd06d4e7e3.jpg,0.8894580657328781,0.29236183
B2A,fd0a02921a.jpg,0.7238907026569136,0.47926757
B2A,fd15f29d57.jpg,0.8176736881020743,0.21839929
B2A,fd1f9293ca.jpg,0.7289246473198153,0.4007318
B2A,fd20b4c41a.jpg,0.8832377599424368,0.2770967
B2A,fd457c68d9.jpg,0.5875665572830585,0.72113657
B2A,fd48eb1f90.jpg,0.8868120815239164,0.30648124
B2A,fd49936788.jpg,0.7491688979752774,0.3223045
B2A,fd4debe229.jpg,0.8664355814618989,0.19428174
B2A,fd541f5f93.jpg,0.764985023250623,0.44659215
B2A,fd5ce86649.jpg,0.8067499094111934,0.26249585
B2A,fd619e77af.jpg,0.7440953035572346,0.28952706
B2A,fd6b68436e.jpg,0.7672721922594861,0.40659708
B2A,fd6c9bcbfa.jpg,0.6181841890134355,0.40838963
B2A,fd7d170a69.jpg,0.7799798728601464,0.68365335
B2A,fd85d15361.jpg,0.6714242395902005,0.46011543
B2A,fd8c99d93b.jpg,0.7631048431322072,0.35206735
B2A,fd9767f897.jpg,0.8164734990601813,0.35080487
B2A,fda550148e.jpg,0.7095819774875295,0.60612714
B2A,fdad36c1e0.jpg,0.7714134884238578,0.33628294
B2A,fdb01f9aba.jpg,0.7092795219018062,0.26160383
B2A,fdb031e406.jpg,0.6578740037074946,0.42462093
B2A,fdc2b3b936.jpg,0.9144512005475641,0.3286784
B2A,fdc6c88003.jpg,0.8349303869843698,0.33382598
B2A,fdce0c0d6d.jpg,0.6139857935807483,0.47183025
B2A,fdd33c1145.jpg,0.8888107736151599,0.106486164
B2A,fddc60bb99.jpg,0.8976753636775306,0.1932473
B2A,fddcadfd3a.jpg,0.79379844038512,0.42899278
B2A,fde289be21.jpg,0.7819232082796238,0.35630488
B2A,fde28fae2a.jpg,0.7023863190050978,0.33484516
B2A,fde46f2be4.jpg,0.6557795118181411,0.4362892
B2A,fdf013342c.jpg,0.8652299420159436,0.58342725
B2A,fdf57fbe60.jpg,0.8253946650974789,0.34459406
B2A,fdf84c4887.jpg,0.80339982537189,0.24454254
B2A,fdfc86a000.jpg,0.7434457307571433,0.32036695
B2A,fe00c3d087.jpg,0.8720436741788746,0.25322163
B2A,fe0a4f0e5a.jpg,0.8395100803669635,0.3285713
B2A,fe1561993e.jpg,0.899914106238036,0.18740429
B2A,fe1c9d9e5a.jpg,0.8670078808941808,0.28402215
B2A,fe283d4ae3.jpg,0.6875242407249451,0.43897372
B2A,fe381a7c17.jpg,0.8578744844108646,0.4147731
B2A,fe3c9d0016.jpg,0.846937324573019,0.26937962
B2A,fe3de96780.jpg,0.668510815263717,0.6737318
B2A,fe3feb7d1b.jpg,0.7118086498213311,0.47946328
B2A,fe40ac1d8b.jpg,0.811594605246034,0.22463033
B2A,fe4c4e4b6b.jpg,0.8041025167149602,0.3873613
B2A,fe5dc7ef05.jpg,0.6329892146186357,0.38195756
B2A,fe6152a619.jpg,0.7093044865972558,0.6338453
B2A,fe65abaafd.jpg,0.7722834363117612,0.39689028
B2A,fe702a794e.jpg,0.5006641264429519,0.69440204
B2A,fe714c846e.jpg,0.7013220633286856,0.3667792
B2A,fe7af9c427.jpg,0.7568902092630433,0.3956156
B2A,fe9cc12ae1.jpg,0.6724001367233515,0.21930863
B2A,fea227771f.jpg,0.7177641009284197,0.43660596
B2A,fea42e4505.jpg,0.7077819699302891,0.5709347
B2A,fea4d4f76c.jpg,0.7311177717891729,0.38943663
B2A,fea5afe679.jpg,0.7835694440408061,0.3337331
B2A,feb132e4c1.jpg,0.7711326795741554,0.26615018
B2A,fee0c39907.jpg,0.8485249825071298,0.265074
B2A,fefb86c469.jpg,0.677022917414666,0.46888506
B2A,fefcd07a5e.jpg,0.8182535630676611,0.24688321
B2A,ff03c98f0e.jpg,0.6632283841051796,0.38145432
B2A,ff2152ac2a.jpg,0.6092872678882616,0.6218796
B2A,ff258e79ce.jpg,0.5814644314616803,0.45947707
B2A,ff2cb6658c.jpg,0.872404160441135,0.2535741
B2A,ff2f57429f.jpg,0.7541645170753742,0.3211463
B2A,ff3867d938.jpg,0.825388280783494,0.29982617
B2A,ff46474c6d.jpg,0.8515307770947846,0.2907157
B2A,ff48e8580b.jpg,0.7880338998281657,0.37110642
B2A,ff58af0f3b.jpg,0.694339861232739,0.36674285
B2A,ff5c15ab50.jpg,0.7436068117874961,0.32360402
B2A,ff6ed45562.jpg,0.7524779233221162,0.41376317
B2A,ff757d7db3.jpg,0.9093541187094388,0.23021078
B2A,ff769c35c9.jpg,0.8169895953664337,0.27082
B2A,ff7d83bc1d.jpg,0.86424382834288,0.31323445
B2A,ff853f993b.jpg,0.8530395387295738,0.29517293
B2A,ff9ca0e1bb.jpg,0.9001677487380033,0.20267537
B2A,ff9e94857b.jpg,0.84541990817915,0.2771557
B2A,ffa1ee4875.jpg,0.5680020025835908,0.55138046
B2A,ffa5d376be.jpg,0.8366862353746715,0.3773078
B2A,ffbbb24b43.jpg,0.6016311786859541,0.45018387
B2A,ffbdd43bfb.jpg,0.7609110243126614,0.4717422
B2A,ffc5b52a77.jpg,0.6886773589732341,0.3580193
B2A,ffcc20463a.jpg,0.8030378138075525,0.33976787
B2A,ffcdd249dd.jpg,0.9154061394673135,0.35606256
B2A,ffcf64f150.jpg,0.5729916088475969,0.43240657
B2A,ffd71fce61.jpg,0.7574139799448014,0.34716132
B2A,ffe1af8ca0.jpg,0.6908995202242708,0.4169289
B2A,fff5c33050.jpg,0.8309657822587639,0.32644904
B2A,fffaaaae65.jpg,0.6952565725636822,0.3803448
B2A,fffc0836d7.jpg,0.8169954403064182,0.34826872
