direction,file,content_cosine,lpips
A2B,000c1e3bff.jpg,0.7378221949924498,0.389481
A2B,011835cfbf.jpg,0.9036329448202661,0.31589454
A2B,0260d15306.jpg,0.7681397264570304,0.42524588
A2B,049e293b93.jpg,0.7846064428021426,0.3164614
A2B,05144e306f.jpg,0.8391743412633815,0.41165408
A2B,052a77c020.jpg,0.8713068469973293,0.1748935
A2B,058f878b7c.jpg,0.896293812807492,0.25334272
A2B,05b493ff42.jpg,0.9151572466345911,0.27176246
A2B,064487d630.jpg,0.8312712145767335,0.24785607
A2B,066fe4cbaa.jpg,0.8909314023725339,0.19997835
A2B,07fcaee35f.jpg,0.7391761345769452,0.36831206
A2B,09b76b6471.jpg,0.8258255430868654,0.35809416
A2B,0a5075d42a.jpg,0.7556201216689523,0.28191495
A2B,0bd913dbc7.jpg,0.7704915840831669,0.27859813
A2B,0e3b3292da.jpg,0.8519238904965387,0.21411462
A2B,106757e5d8.jpg,0.8662251606742895,0.23287691
A2B,1078363ff0.jpg,0.8563045899617346,0.2774496
A2B,10c555c1b1.jpg,0.9667710729376237,0.14533055
A2B,118da0690c.jpg,0.8030974301034153,0.28342715
A2B,11ab570c5e.jpg,0.8844684687095997,0.31662178
A2B,11be65b3e9.jpg,0.8683494098703398,0.2459993
A2B,133b42e498.jpg,0.8835764439585421,0.1654053
A2B,14162de938.jpg,0.8473884269909393,0.30340028
A2B,14ff6e6a99.jpg,0.8151611447046846,0.22241262
A2B,158740962c.jpg,0.8936533554507085,0.3025527
A2B,16dabe418c.jpg,0.8577353426863876,0.28900614
A2B,17557a29cb.jpg,0.8080959898386092,0.27478567
A2B,1814cc6632.jpg,0.896141655731746,0.3151052
A2B,184d6c66cd.jpg,0.8502018969603552,0.29030213
A2B,1994b8d4a2.jpg,0.8325158456683839,0.15968087
A2B,19dc36ccb2.jpg,0.7773269983950465,0.37172702
A2B,1a127acf4d.jpg,0.9216047353287222,0.15710554
A2B,1e4e4e63c5.jpg,0.8953221322261768,0.38266253
A2B,1f22663e72.jpg,0.9061105225254582,0.24398988
A2B,1f9667f2a7.jpg,0.7794425264976295,0.31368828
A2B,22b1ac6b44.jpg,0.9510365877688894,0.15409026
A2B,23832dead5.jpg,0.8687378279114945,0.22080082
A2B,23b07c3769.jpg,0.8642231817122281,0.28501374
A2B,23d6aeb485.jpg,0.8141387601074969,0.4653838
A2B,23f0fbd77e.jpg,0.9317728223655126,0.14460784
A2B,24af733334.jpg,0.8633677660449306,0.27223283
A2B,252d9a4abc.jpg,0.849409782289291,0.27726394
A2B,2581464ddc.jpg,0.8618758084906692,0.19884719
A2B,25c9904782.jpg,0.8391178941783733,0.2658975
A2B,26b66eb819.jpg,0.8425095632548917,0.27124792
A2B,2759c1ed37.jpg,0.7546034080968042,0.31911564
A2B,281b73fb5e.jpg,0.8914203594657326,0.19153674
A2B,28deb43a71.jpg,0.8255207433903696,0.16994199
A2B,295eb5c521.jpg,0.8927230486273314,0.29643723
A2B,29696b4455.jpg,0.738119693191971,0.40173322
A2B,2acfbab228.jpg,0.9213831811153145,0.22224869
A2B,2c00f5147f.jpg,0.867319545396087,0.1966218
A2B,2cca56415e.jpg,0.8810721680037075,0.34791446
A2B,2e0d0e6e19.jpg,0.7985154453998957,0.40671536
A2B,2f20944b6a.jpg,0.8651814078308264,0.26632383
A2B,2f90c99e10.jpg,0.7817458405761553,0.30198824
A2B,3283442e33.jpg,0.7409341812488056,0.38821605
A2B,32cc820303.jpg,0.8177783125109115,0.188111
A2B,32e33792cc.jpg,0.8928717333770291,0.23588711
A2B,3417ace946.jpg,0.826398671981167,0.31586218
A2B,344d1829bb.jpg,0.8377538562943255,0.29578882
A2B,3545597386.jpg,0.8825054229628497,0.18916781
A2B,369f6d07e8.jpg,0.7508818063795215,0.39884531
A2B,3843e221cc.jpg,0.7779073931857406,0.2740587
A2B,3b262c6726.jpg,0.897590313329712,0.22157358
A2B,3c341ff93e.jpg,0.7465647840471117,0.2928866
A2B,3d13fe022e.jpg,0.7787339033576213,0.35292763
A2B,3deea9f4a4.jpg,0.8174797280491686,0.44790435
A2B,3eaef3ee43.jpg,0.8730915973783093,0.20373425
A2B,40d7d18ad3.jpg,0.8694259807140173,0.3169448
A2B,417e77e946.jpg,0.8289426027788732,0.2988239
A2B,4260d1c556.jpg,0.8305801401057891,0.26775825
A2B,429e382095.jpg,0.8219132130065852,0.20006523
A2B,463835bbc6.jpg,0.8314524369631953,0.287644
A2B,4660310c3e.jpg,0.8899627169974367,0.2279946
A2B,47a0548067.jpg,0.5947048044991152,0.62479997
A2B,488600cb75.jpg,0.8261144787434764,0.22712362
A2B,49337b68f4.jpg,0.9111465963910544,0.2250945
A2B,4995c04b1a.jpg,0.8930058772964168,0.128967
A2B,4ab2583fe2.jpg,0.8823433932437392,0.24531358
A2B,4ad8b366c1.jpg,0.8432519713230562,0.33821756
A2B,4b0adf7c6f.jpg,0.8808484156966105,0.18482657
A2B,4bb4ca7b03.jpg,0.9346595207992439,0.21570653
A2B,4c0e35882c.jpg,0.7632670913501703,0.3588656
A2B,4c74254ad3.jpg,0.7993623433503936,0.33939588
A2B,4e05523825.jpg,0.9008049846736917,0.19136806
A2B,4f045779b0.jpg,0.8394051190839813,0.36454606
A2B,4f3f4ff590.jpg,0.8678461740231256,0.18681979
A2B,4f4de0bbba.jpg,0.8905494933101049,0.16513029
A2B,4f7e01f097.jpg,0.8757928146123478,0.4738912
A2B,50855dd324.jpg,0.8873547285374487,0.15946344
A2B,512cd171a9.jpg,0.8009593791914745,0.24096555
A2B,5185e8c56a.jpg,0.8474638320011261,0.27076742
A2B,51bdd25f76.jpg,0.8631425483637863,0.2813551
A2B,51db3fc011.jpg,0.921739977389018,0.17887273
A2B,526a110636.jpg,0.8296246664185616,0.26529744
A2B,52aed0f943.jpg,0.8553773415980128,0.2195136
A2B,52d12dc627.jpg,0.8563957350020521,0.20906143
A2B,52fc351abf.jpg,0.8354130111380251,0.1818974
A2B,536aa87152.jpg,0.7721453643606819,0.33394063
A2B,565f19268b.jpg,0.8883724813033211,0.21927688
A2B,586acab7c5.jpg,0.808326538163424,0.41679072
A2B,5926f85cbf.jpg,0.7426988641706058,0.33568627
A2B,593db29cce.jpg,0.8492702032710804,0.3455034
A2B,599098859e.jpg,0.846609356759147,0.23496076
A2B,59df696966.jpg,0.817928896190458,0.26900572
A2B,5aa514ffac.jpg,0.9077301078908778,0.20341054
A2B,5c79cfe0b3.jpg,0.852833400885766,0.27759314
A2B,5cb895b722.jpg,0.8527770289034061,0.2824025
A2B,5e357ad790.jpg,0.8679743367737175,0.28086862
A2B,5ffbfe68d4.jpg,0.8868451450080793,0.23524708
A2B,6043aadea0.jpg,0.8834623185320625,0.19472735
A2B,608ee0d370.jpg,0.8190931705063237,0.30369765
A2B,61e735361a.jpg,0.8099520305854094,0.36719862
A2B,632ddbc784.jpg,0.682557326571301,0.37241358
A2B,661e374153.jpg,0.7599129708998186,0.37953293
A2B,66226e18fc.jpg,0.8809236117507613,0.17957537
A2B,66a144f547.jpg,0.9007077020392796,0.26706702
A2B,6742294320.jpg,0.8273420223554343,0.23275337
A2B,676a5a4c2e.jpg,0.8724593467489119,0.30562907
A2B,6782e7cb2a.jpg,0.7574938860076059,0.3964223
A2B,68729aac07.jpg,0.7555355856878329,0.6389264
A2B,68b60c04b7.jpg,0.8342320303496192,0.20206442
A2B,68d60af226.jpg,0.9328682316957303,0.16534594
A2B,695897bd4a.jpg,0.8574546811346914,0.2871147
A2B,69f4b75a37.jpg,0.8494537211882135,0.23661904
A2B,6a03aea8be.jpg,0.7493845331190568,0.4555955
A2B,6bbe0e63c6.jpg,0.8804241478637264,0.22124301
A2B,6bfbd1df5b.jpg,0.799093736220812,0.24020085
A2B,6c6cc46498.jpg,0.8627841214338218,0.1759043
A2B,6d0e87f557.jpg,0.8129514170510013,0.46370444
A2B,6e0429f92e.jpg,0.8986538525232375,0.17327262
A2B,6ee7c39dbc.jpg,0.8811796795821042,0.24666467
A2B,6f0b9df5c5.jpg,0.7588362220099676,0.27982962
A2B,7017e6caa1.jpg,0.783184896054212,0.37242988
A2B,7054793632.jpg,0.8195622251605862,0.35896778
A2B,70bc945f95.jpg,0.8199092252959894,0.41336736
A2B,718445ebe3.jpg,0.8281612921720665,0.29510826
A2B,7239ba0b55.jpg,0.7003552787494297,0.337771
A2B,730f325b64.jpg,0.8283226834801475,0.19307268
A2B,732d76a469.jpg,0.5761927323975016,0.35073504
A2B,7341d96c1d.jpg,0.8850752752551153,0.20244835
A2B,73f33a12c5.jpg,0.9202796928426279,0.22943579
A2B,74e452fb31.jpg,0.8778842173321195,0.14551836
A2B,76cc7181f8.jpg,0.9332882383589315,0.2599866
A2B,77b37629f2.jpg,0.8469211005718262,0.18264922
A2B,79224da51f.jpg,0.8695635006976662,0.19039418
A2B,79292e1434.jpg,0.8610243012165454,0.17937468
A2B,7952021d2f.jpg,0.8430757200353558,0.2642024
A2B,7960adbd50.jpg,0.8836649120653134,0.40182644
A2B,7cb36714d0.jpg,0.9036918286143003,0.2134437
A2B,7d64c3100c.jpg,0.8845069405959523,0.33670735
A2B,8044a92484.jpg,0.7338742186224941,0.1708323
A2B,8077b7e9e7.jpg,0.7746185724417219,0.28321534
A2B,8114fa2607.jpg,0.7689468846483987,0.31786263
A2B,815624563e.jpg,0.930920551300403,0.21632363
A2B,82991e742a.jpg,0.9064979314095832,0.36216187
A2B,82b9fd68b1.jpg,0.8159115321881225,0.23802458
A2B,8314acfd35.jpg,0.8022997261060096,0.38433456
A2B,853f8d711f.jpg,0.871600583559891,0.29147172
A2B,85580214be.jpg,0.8100096992381318,0.2035881
A2B,88402296cc.jpg,0.8902135648059072,0.17775884
A2B,893db2701d.jpg,0.9382381468829301,0.21602434
A2B,89964efa86.jpg,0.9055332647951322,0.17188129
A2B,89d970411d.jpg,0.8876640383960752,0.15512787
A2B,89fcbf2f76.jpg,0.7592506153534597,0.32244596
A2B,8b54448a07.jpg,0.9035366635107251,0.17027386
A2B,8b7948248f.jpg,0.7971038773092188,0.18767053
A2B,8b841420b4.jpg,0.9422768930029577,0.10083996
A2B,8c48e112d0.jpg,0.7804020284780263,0.28191003
A2B,8c8011c291.jpg,0.849144103335135,0.28685924
A2B,8cfd45a2e2.jpg,0.7729306254124351,0.48183152
A2B,8e5ff15568.jpg,0.8860542825000642,0.19038475
A2B,8ee2933868.jpg,0.9071024384112077,0.12687063
A2B,8f02369f42.jpg,0.871503199403425,0.18519047
A2B,910610e827.jpg,0.8402704410336092,0.2279245
A2B,910729e0ce.jpg,0.9003925459642688,0.21984378
A2B,92c0ba8c0d.jpg,0.8998661572886075,0.1844874
A2B,93132f89ee.jpg,0.6470599060245777,0.33129007
A2B,932d0dd808.jpg,0.8220156061850223,0.3021514
A2B,95a53d7b0b.jpg,0.9700094992120274,0.18526979
A2B,95b5f01a85.jpg,0.8752177329829812,0.144054
A2B,9843bc25c5.jpg,0.8708774809271492,0.091709524
A2B,9908d1daa9.jpg,0.8303232403808557,0.25506487
A2B,990ed28f62.jpg,0.8000404296547966,0.18085027
A2B,9963d64ebf.jpg,0.7593404428365982,0.34153807
A2B,99a51d3e25.jpg,0.8656288703699321,0.31658906
A2B,99d94af5dd.jpg,0.9478475209086834,0.13491344
A2B,9ae6552353.jpg,0.9072775967410537,0.2852884
A2B,9d58456cc3.jpg,0.7576930088594005,0.3085804
A2B,9d9a4fccfb.jpg,0.7170158941275235,0.48237628
A2B,9db9843ed1.jpg,0.8607713608107206,0.20723917
A2B,9f409e3376.jpg,0.7988981885346491,0.29499206
A2B,9fc868e864.jpg,0.7955560650369019,0.22339669
A2B,a030bc32e6.jpg,0.7815660524156657,0.28711173
A2B,a06b54dfe9.jpg,0.7284948349099832,0.3043736
A2B,a202b1b200.jpg,0.9190030546522141,0.16086702
A2B,a210ceedc7.jpg,0.862819495727439,0.22294873
A2B,a4e4a61fb2.jpg,0.8074921226083557,0.2648335
A2B,a59f3f5b89.jpg,0.8380487080948337,0.25063154
A2B,a619072f82.jpg,0.6643973768008545,0.41733146
A2B,a6291c2a1c.jpg,0.8781690820956599,0.17573538
A2B,a642e9cb6f.jpg,0.8186691699394639,0.28820544
A2B,a7977705be.jpg,0.8817761955887482,0.22653204
A2B,a7d53885e8.jpg,0.8144156028093726,0.3014385
A2B,a885da7b52.jpg,0.8791185685221675,0.20919192
A2B,a8fbbe3eb1.jpg,0.8843986962259549,0.1515624
A2B,a96b79a93f.jpg,0.7853546241434686,0.33924833
A2B,aa76c7625a.jpg,0.7395273565678109,0.30841115
A2B,ad0101d010.jpg,0.7909826698108064,0.34756932
A2B,ad8ce41fc0.jpg,0.89045018010059,0.22483905
A2B,b1310da865.jpg,0.903924909146662,0.23831531
A2B,b13c0973ee.jpg,0.8446404235165492,0.21645272
A2B,b1ea5d5a7d.jpg,0.8024151343247197,0.26877728
A2B,b256e61a5d.jpg,0.8381954718799492,0.18957417
A2B,b2ce76c750.jpg,0.7863502007207018,0.33415827
A2B,b3adc75e7d.jpg,0.9019000813438324,0.19153884
A2B,b44f24c048.jpg,0.8946952765888848,0.26517487
A2B,b5c2fe7c4c.jpg,0.8061595498982936,0.5194092
A2B,b76d52e05a.jpg,0.8182924184133662,0.30700874
A2B,b99546090b.jpg,0.8722956726162288,0.19631252
A2B,ba52f976af.jpg,0.7635923650601654,0.25389355
A2B,baf6efabfe.jpg,0.853724338038378,0.21270633
A2B,bbc5ac4564.jpg,0.7851290750902061,0.25196624
A2B,bc4b364a44.jpg,0.832509136202288,0.23720917
A2B,bf6db09354.jpg,0.878015499167521,0.16550335
A2B,c14505c1da.jpg,0.9073754104170536,0.19673945
A2B,c1dc1a85a4.jpg,0.9466111503902619,0.1696319
A2B,c2576267d4.jpg,0.8574241360062372,0.22491325
A2B,c4622e3fb6.jpg,0.829172032970172,0.25168833
A2B,c67ba2060c.jpg,0.7504194494513224,0.35410243
A2B,c68c52e8fc.jpg,0.831027896226458,0.23297064
A2B,c6c360756c.jpg,0.8668734492753156,0.29039642
A2B,c6c88ce9c4.jpg,0.8659585432939189,0.2322798
A2B,c78b4fa3a9.jpg,0.8398325750778409,0.19123738
A2B,c7d8142152.jpg,0.8765566063032527,0.16287126
A2B,cb50326950.jpg,0.8662970406567839,0.21072662
A2B,cb9c553ded.jpg,0.8214223912776544,0.33452854
A2B,cc2bb659f4.jpg,0.8698270723195478,0.19389011
A2B,cd6623d07d.jpg,0.7939589564878315,0.20886102
A2B,cdddf326e3.jpg,0.7863120078769453,0.2906818
A2B,ce3e0daddd.jpg,0.7249987419490327,0.39831394
A2B,ceb6cf5f31.jpg,0.932103963917593,0.20369442
A2B,cf6488d84c.jpg,0.6841050201947113,0.3569166
A2B,cfc6fce7b5.jpg,0.8539422783399804,0.2682374
A2B,d05cab011d.jpg,0.909633891393174,0.19569924
A2B,d087730b76.jpg,0.8163644690449847,0.15746695
A2B,d14c1abdd4.jpg,0.9025155873126187,0.2881418
A2B,d1d9748a64.jpg,0.8621539390403923,0.29265746
A2B,d239dae42d.jpg,0.8352908393239915,0.3100836
A2B,d4116437bb.jpg,0.9023933626087857,0.21981433
A2B,d50049fbfc.jpg,0.8973942551559163,0.18212946
A2B,d5b0c260a0.jpg,0.9052921722624808,0.2741794
A2B,d6d6e625bd.jpg,0.8171457914854597,0.3633471
A2B,d729785cb8.jpg,0.8723967229224195,0.16157618
A2B,d754850d01.jpg,0.9111583667671349,0.21239415
A2B,d7948c7635.jpg,0.8971116029824444,0.28568378
A2B,d88482796d.jpg,0.8705232293234848,0.30159277
A2B,d9e8704878.jpg,0.8822681867052212,0.20640899
A2B,da72006ef5.jpg,0.8202317967324892,0.28184462
A2B,dc33f0edbe.jpg,0.7676359922184106,0.3513428
A2B,dcab49d080.jpg,0.6641502992468677,0.3732472
A2B,dcf5ea1040.jpg,0.7890719956138554,0.3025282
A2B,dd46691bd7.jpg,0.9056386280319203,0.21265939
A2B,de6f71b00f.jpg,0.8939520210717402,0.1542081
A2B,df64ac2dcb.jpg,0.873811472006521,0.22236383
A2B,e2253b87a0.jpg,0.8490357534832516,0.2786374
A2B,e291f8144f.jpg,0.6474234942352182,0.30300337
A2B,e3112413b1.jpg,0.8324869107440995,0.3176854
A2B,e37407c747.jpg,0.8133410698658259,0.3792919
A2B,e510a74d3c.jpg,0.8377038598966114,0.35002375
A2B,e568f84fad.jpg,0.8600578869931612,0.2552833
A2B,e753318d04.jpg,0.8828444937592362,0.2554799
A2B,e88d9de918.jpg,0.8917861180864827,0.17360306
A2B,e9580cd500.jpg,0.8194615186620494,0.22250585
A2B,e9f5563817.jpg,0.832989167997921,0.19466157
A2B,e9f686534b.jpg,0.8705177814551941,0.20012964
A2B,eb3cc5c559.jpg,0.8893000599710092,0.26153135
A2B,ec3398cef9.jpg,0.8560138572025715,0.2136373
A2B,ec78d80dbd.jpg,0.839227266016709,0.27547055
A2B,ed597655a0.jpg,0.7931611853740037,0.3617269
A2B,ede9769cb3.jpg,0.82525274321679,0.4335027
A2B,ee7adac58f.jpg,0.918143335995536,0.1814071
A2B,f04c9d8e34.jpg,0.7713878722912754,0.22948065
A2B,f0884db067.jpg,0.8324384125476106,0.3046419
A2B,f0d789c4bc.jpg,0.8589975670653968,0.23620602
A2B,f4413e97bd.jpg,0.7617252769722223,0.30807018
A2B,f486c1655f.jpg,0.8766492291296822,0.43907732
A2B,f7836c88eb.jpg,0.8737934573863592,0.20267215
A2B,f821791c85.jpg,0.8790928107350634,0.2382815
A2B,f84fb4516a.jpg,0.8037094600797048,0.33557293
A2B,f96a8de9f3.jpg,0.6562959275574719,0.539856
A2B,fb3b06dcb2.jpg,0.8471813475030766,0.3521154
A2B,fb806a2a1c.jpg,0.885143668100836,0.2758372
A2B,fb93438ff9.jpg,0.819073917164591,0.26816988
A2B,fba982625d.jpg,0.8591392900971604,0.3239113
A2B,fc11d52502.jpg,0.9008488400714967,0.2048377
A2B,fd63a333f1.jpg,0.7943893669459413,0.21120873
A2B,fdf1530d95.jpg,0.8913043146345567,0.25007576
A2B,ffd74c77ea.jpg,0.679734595685218,0.2115569
B2A,00068bc07f.jpg,0.7407124861469372,0.38311052
B2A,000910d219.jpg,0.7681439792356543,0.419099
B2A,000ded5c41.jpg,0.5881576107327445,0.54298675
B2A,00104fd531.jpg,0.6506534035897397,0.45500892
B2A,001158d595.jpg,0.8793294423978546,0.2620396
B2A,0033c5f971.jpg,0.8233282923712498,0.17310718
B2A,0039ebb598.jpg,0.5738069835028641,0.5232082
B2A,003aab6fdd.jpg,0.8513058535647972,0.37993217
B2A,003c6c30e0.jpg,0.8963300570412213,0.27196354
B2A,00479e2a21.jpg,0.8635779698769426,0.2650218
B2A,005f987f56.jpg,0.8284123484739438,0.26328394
B2A,0080f94ebc.jpg,0.745943585529959,0.43247226
B2A,00882b7e1d.jpg,0.7024006866345731,0.2652161
B2A,009d534136.jpg,0.8016573203418,0.38069713
B2A,009ddaed1f.jpg,0.8366362098011881,0.32449538
B2A,00aeb60e25.jpg,0.7786777004614367,0.33343896
B2A,00c6a0ad1e.jpg,0.8055355922817533,0.30837786
B2A,00dcf0f1e3.jpg,0.8037961879928652,0.27064085
B2A,00dff09ebe.jpg,0.7515560484508227,0.43891174
B2A,00e1798585.jpg,0.7211662032619705,0.3714112
B2A,00e64e1b2c.jpg,0.8100055720422293,0.34905493
B2A,00f78547f0.jpg,0.7898139286680148,0.36850855
B2A,00fcff630e.jpg,0.8721744482748387,0.34943715
B2A,01135e4771.jpg,0.8607509802440563,0.23453975
B2A,011f46de73.jpg,0.7252754280886462,0.3379854
B2A,012df5ce29.jpg,0.9605493111337591,0.19309592
B2A,01416e7ada.jpg,0.8631502927300257,0.3216288
B2A,01480da48f.jpg,0.5594960262284756,0.48150405
B2A,0159685c51.jpg,0.8807313709967625,0.30508086
B2A,015f79b672.jpg,0.8937102001249928,0.22336923
B2A,01622039ef.jpg,0.7174709860807907,0.4084589
B2A,0162322d2d.jpg,0.702058060382158,0.3969183
B2A,016d408833.jpg,0.8716970942738469,0.30660105
B2A,016f524878.jpg,0.868203337609729,0.2527904
B2A,017018f377.jpg,0.6251792345814282,0.55521023
B2A,01771d99c3.jpg,0.7518375205372866,0.48136044
B2A,017aacad6e.jpg,0.7461200129747672,0.4254252
B2A,018be60883.jpg,0.6762589472259224,0.44099835
B2A,018db0f253.jpg,0.6776758916434459,0.4663353
B2A,01952c7673.jpg,0.9058204960382005,0.41188037
B2A,01971e48e5.jpg,0.5365602027818281,0.45931485
B2A,019cf7682d.jpg,0.8873032440129882,0.19629493
B2A,01ae8be57e.jpg,0.8749601658151165,0.20194875
B2A,01af5f8623.jpg,0.8534246642520054,0.20317197
B2A,01bce47d3f.jpg,0.7342901850513767,0.3830424
B2A,01c4f86e3e.jpg,0.5876154015713988,0.45798066
B2A,01f7a6398e.jpg,0.8782508380207991,0.28231317
B2A,02001e59af.jpg,0.8997121142262217,0.23152387
B2A,0212257854.jpg,0.7787303039218673,0.40350333
B2A,021df2c226.jpg,0.7185079749971451,0.33308583
B2A,022ca16b0f.jpg,0.5860700690309845,0.47157395
B2A,023637f8fb.jpg,0.7585989349745362,0.50347733
B2A,023eed0385.jpg,0.7067022557374673,0.40305546
B2A,023f3cbb75.jpg,0.868380975477752,0.19329228
B2A,0240a597f5.jpg,0.7696211552537361,0.49134332
B2A,024d98032b.jpg,0.8888231919309663,0.42573172
B2A,0254fc91bd.jpg,0.8211732240671299,0.31680545
B2A,02620a36f7.jpg,0.8316289730148254,0.5337915
B2A,026ac33f9c.jpg,0.7946931187900939,0.37754786
B2A,029524fd91.jpg,0.8029368744173544,0.44381177
B2A,029854a790.jpg,0.6820778573084686,0.3201077
B2A,02a1366c74.jpg,0.8786804605429893,0.21723598
B2A,02a4445906.jpg,0.80467547141771,0.31983754
B2A,02b232fc78.jpg,0.7987840082902917,0.26751077
B2A,02c43186c8.jpg,0.7878695028990662,0.33027992
B2A,02c6c1f6a9.jpg,0.8482609512350289,0.25789544
B2A,02cd89f56d.jpg,0.8761731588767244,0.39545414
B2A,02d763f1c2.jpg,0.6524573712168984,0.47481424
B2A,02ded12bbd.jpg,0.425004666473749,0.7066401
B2A,02ea18a456.jpg,0.8530648377040367,0.27682877
B2A,02ec33e094.jpg,0.7899674787161638,0.300033
B2A,0312af1e14.jpg,0.6654028278336448,0.52604717
B2A,032389e868.jpg,0.8281964227536762,0.40521663
B2A,03242238ae.jpg,0.8211302015969641,0.40527558
B2A,0324f82fee.jpg,0.8494637832026032,0.25783873
B2A,0341fa51d0.jpg,0.6959951706921731,0.5462725
B2A,0344a47135.jpg,0.8775409862923458,0.18663976
B2A,034627340c.jpg,0.9109084145046407,0.13621992
B2A,0362dd81bb.jpg,0.846030936004997,0.21393955
B2A,0378bcc7c9.jpg,0.887714804429312,0.24411148
B2A,03950208ff.jpg,0.9064140507927799,0.36120588
B2A,03a17d96e1.jpg,0.5938832306733145,0.45326483
B2A,03a21c1b9c.jpg,0.6070221459832768,0.4006326
B2A,03a2b7ce83.jpg,0.6423844486182271,0.42363018
B2A,03ae080a47.jpg,0.6769576227488717,0.3124066
B2A,03ae26ed88.jpg,0.8800181211020353,0.28314072
B2A,03bac83f64.jpg,0.753491889103481,0.42531514
B2A,03be88270f.jpg,0.7920249336363321,0.33379355
B2A,03c5d1d098.jpg,0.6983834187180844,0.4923045
B2A,03c9f2e3c2.jpg,0.8546390086631306,0.31461346
B2A,03c9f3d584.jpg,0.8823911309315258,0.109820254
B2A,03cc206144.jpg,0.752683955592013,0.34983197
B2A,03d47c18a5.jpg,0.7362202965791896,0.44841066
B2A,03d6a4d860.jpg,0.7362454290532852,0.40527925
B2A,03dde7a28f.jpg,0.9208634754932508,0.33247095
B2A,03e48faafa.jpg,0.773194278226437,0.27703106
B2A,03fd7067c1.jpg,0.9179512645904186,0.35832387
B2A,03fe5d2263.jpg,0.7101871443063797,0.4791922
B2A,0409e76de0.jpg,0.7432531203877281,0.487575
B2A,0425fc7ce5.jpg,0.7905865826361127,0.26028422
B2A,042f0e804d.jpg,0.826182401515897,0.25317556
B2A,0435dc46a4.jpg,0.8070109969531013,0.29692966
B2A,0436aaaf16.jpg,0.6659541914503494,0.43079802
B2A,04387e4338.jpg,0.653314357323714,0.6191089
B2A,043b541b77.jpg,0.9202463236913772,0.24129398
B2A,044c1653cf.jpg,0.8233572903868933,0.2896214
B2A,0450d4f8ae.jpg,0.790339820317192,0.3786732
B2A,0451cdb867.jpg,0.6700857385604508,0.5455068
B2A,045e937903.jpg,0.6616036393733841,0.48827466
B2A,0466d4cdf9.jpg,0.8764881405139228,0.22597449
B2A,0473a25050.jpg,0.7989185922985556,0.3567631
B2A,047acab66b.jpg,0.83899267774757,0.48363376
B2A,047da870f6.jpg,0.7927137734624792,0.30999705
B2A,04838b8b1e.jpg,0.7969718714343561,0.36999756
B2A,049576d31c.jpg,0.8048254063184017,0.43746045
B2A,049b0ece59.jpg,0.8983061998122177,0.25461355
B2A,04a5fc42e1.jpg,0.8630412923469367,0.30126342
B2A,04b8bfdb1c.jpg,0.8336238597508877,0.21332088
B2A,04cb1f4705.jpg,0.7611922452412746,0.30257004
B2A,04cf8e6d5f.jpg,0.8035680250441392,0.24243048
B2A,04d7e14fbe.jpg,0.8360544383023744,0.27814174
B2A,04d91d7bda.jpg,0.715888718234202,0.6523014
B2A,04e32c4dc1.jpg,0.8288094573742318,0.49246982
B2A,04ec8c9ec2.jpg,0.7280147878221352,0.2987434
B2A,04f59976b5.jpg,0.8086621413258436,0.16499431
B2A,04f71da37b.jpg,0.635409952010514,0.47433102
B2A,04f72d81b0.jpg,0.8541892389861324,0.26437148
B2A,04f80539d7.jpg,0.9292838672769308,0.28383628
B2A,04fa2a606d.jpg,0.776578151850379,0.36484778
B2A,04fa456bc9.jpg,0.6943128336017482,0.46517605
B2A,05057d04f7.jpg,0.8600983880426625,0.29096976
B2A,0506726dbd.jpg,0.8251038122221166,0.41397572
B2A,050da171c0.jpg,0.6481141126974529,0.59156007
B2A,051159e33a.jpg,0.7946929874970191,0.32984108
B2A,051a7c9ae6.jpg,0.6577469430785364,0.34883243
B2A,051bde8166.jpg,0.8504745384815836,0.27602583
B2A,051c1b5ee3.jpg,0.7804513580527022,0.29577434
B2A,0529dd48c8.jpg,0.7262288664270286,0.26504228
B2A,053024baa2.jpg,0.6573804225373695,0.656333
B2A,0541ce0c1a.jpg,0.7798391024380629,0.26491016
B2A,0547a52b93.jpg,0.6332015165744347,0.25680968
B2A,054f264b2e.jpg,0.8658387096052247,0.2646882
B2A,054f375c69.jpg,0.8769181239077183,0.24572149
B2A,05557b0148.jpg,0.676123020699629,0.36912027
B2A,055c3026f8.jpg,0.8194867713437886,0.331822
B2A,055dac1e18.jpg,0.8452116509004245,0.25947887
B2A,055e5dca6e.jpg,0.749111730358087,0.4984795
B2A,05646c5cdb.jpg,0.7660370382998298,0.29759973
B2A,0572f32305.jpg,0.6652828293589074,0.5775092
B2A,057d83cdee.jpg,0.870380072130876,0.30536014
B2A,058af422c6.jpg,0.88688953628643,0.18973796
B2A,0597c38d69.jpg,0.8957609801548605,0.3512941
B2A,05a3801bed.jpg,0.7598936357844963,0.42752713
B2A,05a84fad61.jpg,0.8106673063630392,0.5078139
B2A,05c885c810.jpg,0.8523982545058715,0.24251434
B2A,05ca68299e.jpg,0.7085863407808549,0.20276698
B2A,05e37a8900.jpg,0.8952037984103647,0.29214478
B2A,05e88ecd0a.jpg,0.7301630044649885,0.3125639
B2A,05f0db4d14.jpg,0.7139012691794718,0.50536436
B2A,05f22b97da.jpg,0.9085165468890886,0.26052067
B2A,05f4b38e6e.jpg,0.7618596672927752,0.54711646
B2A,06058e6cb0.jpg,0.6399891467116725,0.59751546
B2A,0606110c45.jpg,0.7188147867696819,0.52300584
B2A,061bb611e0.jpg,0.7224785902846117,0.36047897
B2A,061f0095f0.jpg,0.8461781033559115,0.33358866
B2A,062313a97c.jpg,0.8314196449632815,0.20593789
B2A,06371834cb.jpg,0.5007559470399506,0.5951179
B2A,063ab57d41.jpg,0.914520013245735,0.15082997
B2A,064b9119de.jpg,0.7977997285843992,0.38515386
B2A,064babb7f0.jpg,0.7019931020297749,0.29744163
B2A,064f91250d.jpg,0.7518965515048428,0.5219715
B2A,065b649ac7.jpg,0.6767711227405853,0.46681413
B2A,0665264678.jpg,0.9025793824245535,0.26362136
B2A,066b81e0f9.jpg,0.8970972989930758,0.25312236
B2A,068381ad63.jpg,0.8276785945561985,0.40604538
B2A,068cc6fe3f.jpg,0.6932824056332281,0.28410256
B2A,0696f8142e.jpg,0.8206683638215253,0.30078468
B2A,069e6e5b82.jpg,0.8347938392213121,0.3073151
B2A,06a5930183.jpg,0.8914184259195239,0.29253238
B2A,06a9cf2d11.jpg,0.6564985550816163,0.53780824
B2A,06b2c2dfca.jpg,0.7730980336063515,0.34590304
B2A,06b8114f82.jpg,0.7764076128536335,0.39806697
B2A,06c2d19658.jpg,0.8086416206173899,0.3351928
B2A,06c549794b.jpg,0.8790549064599569,0.32111058
B2A,06c89c4c23.jpg,0.6827885540198124,0.42855322
B2A,06c9326c86.jpg,0.7234829850935922,0.40240818
B2A,06e117b31e.jpg,0.8750209546129939,0.33166307
B2A,06e156d8ba.jpg,0.8551509644051318,0.25192055
B2A,06f749912b.jpg,0.8149416149637453,0.24012929
B2A,07054731ab.jpg,0.6001471230021111,0.61263084
B2A,0709ff32ee.jpg,0.7773769010947491,0.2976737
B2A,0711866dcd.jpg,0.5873706342379699,0.5220358
B2A,071c375c2c.jpg,0.7829062141397204,0.40705472
B2A,0723d52098.jpg,0.867652037320443,0.2748257
B2A,0724805941.jpg,0.7955761952756789,0.30266327
B2A,072f1336c9.jpg,0.8692529264245707,0.40486807
B2A,07362b3f42.jpg,0.8929175207664183,0.30497146
B2A,073e8b3056.jpg,0.8172200798324548,0.2811352
B2A,074218de82.jpg,0.7424038546319138,0.4845012
B2A,074ea8cb6e.jpg,0.7285981262018761,0.34037036
B2A,07573a95f6.jpg,0.679608332000453,0.4133938
B2A,075e8d4617.jpg,0.8744026340869769,0.22986111
B2A,0761281e3b.jpg,0.7284426565632,0.41833767
B2A,076c62582d.jpg,0.8932573924894466,0.18893985
B2A,0770ea1a07.jpg,0.7125753964189887,0.3969065
B2A,077bf7e451.jpg,0.6956270574792751,0.49560273
B2A,078cd3ce07.jpg,0.8076375123581564,0.20615207
B2A,078fd1bc42.jpg,0.751755150001182,0.41920656
B2A,07939b1fde.jpg,0.8276172071517298,0.3180803
B2A,079da3af1e.jpg,0.8409074188979776,0.25990894
B2A,07b7fdff1b.jpg,0.8030976039210876,0.65467536
B2A,07bf7d7df1.jpg,0.7978439112466006,0.38075072
B2A,07cb260548.jpg,0.8501252425796462,0.21342672
B2A,07e9bc5956.jpg,0.7764658299254351,0.2977994
B2A,07ea3a38d2.jpg,0.6882440519244051,0.56672114
B2A,07f37dfe50.jpg,0.8874439959704061,0.35519937
B2A,07f730ef9a.jpg,0.7965143987516274,0.56245947
B2A,08009f0be5.jpg,0.8269140273618077,0.28010046
B2A,0811c84b0c.jpg,0.8304957552483864,0.26217797
B2A,081955febb.jpg,0.858786172786461,0.18885091
B2A,08247a7020.jpg,0.7131991779484952,0.41023523
B2A,082786cc1f.jpg,0.8017037165054681,0.2187389
B2A,08341635fa.jpg,0.6976737410577591,0.59554136
B2A,0844c2cddf.jpg,0.7971133186291572,0.3405335
B2A,0845e8dc24.jpg,0.5957773396644415,0.3995288
B2A,085c73097f.jpg,0.6268866341847695,0.558453
B2A,0860f1e141.jpg,0.9577097942862403,0.24352577
B2A,08645ef69b.jpg,0.6872202616523739,0.3223142
B2A,087e779e73.jpg,0.8155750422183184,0.36867973
B2A,08874a6ee1.jpg,0.6973601128470848,0.43036348
B2A,088972cf3f.jpg,0.7618786172366803,0.22554877
B2A,089406822c.jpg,0.7640129578747727,0.23253131
B2A,08a203b59d.jpg,0.8313774047661827,0.34031183
B2A,08acc490a3.jpg,0.6919419672267613,0.3100801
B2A,08b790bca7.jpg,0.9311590479967,0.43360767
B2A,08c1754f70.jpg,0.7045181783056567,0.2740546
B2A,08cbd0d6c4.jpg,0.9196434428649496,0.2057778
B2A,08cbd51033.jpg,0.849906900506155,0.30357373
B2A,08d7603c9c.jpg,0.884321448930527,0.35322022
B2A,08da1e5774.jpg,0.9231727303241158,0.2577366
B2A,08e3354189.jpg,0.8365627078612604,0.2683891
B2A,08fa88c02c.jpg,0.826254051477991,0.20442176
B2A,08fa8a6f26.jpg,0.8101539578491002,0.43568695
B2A,08fd7ac09b.jpg,0.9054182159590397,0.2977198
B2A,090d5b3cca.jpg,0.7634438831474512,0.3227127
B2A,091b6b9b07.jpg,0.842194965082895,0.37154645
B2A,0922bbb3c1.jpg,0.7795139705816653,0.250105
B2A,0932ad9605.jpg,0.8970807746001516,0.2756994
B2A,0938dc0298.jpg,0.7087635169351234,0.5591357
B2A,0939723138.jpg,0.8127050559492975,0.23730138
B2A,093be92a48.jpg,0.903362554783424,0.124119654
B2A,093e24f728.jpg,0.786381629471163,0.48272756
B2A,0945008455.jpg,0.8341948400476032,0.29790342
B2A,09591edd0a.jpg,0.9362128450957027,0.30692405
B2A,095bc5a33d.jpg,0.7909734255401296,0.35698706
B2A,096165f6f0.jpg,0.9036626426663543,0.23550601
B2A,0962094f25.jpg,0.9178685751160612,0.16538891
B2A,0963accefe.jpg,0.8828900086586831,0.26804546
B2A,096495c50c.jpg,0.7908623990945843,0.345858
B2A,096bae8cd9.jpg,0.7927425888168935,0.29355556
B2A,096da37ff7.jpg,0.862505031350094,0.31593788
B2A,096f009762.jpg,0.7419123559722686,0.40208977
B2A,09748274a3.jpg,0.8739663410968975,0.2686104
B2A,09756af6f7.jpg,0.7697122168887149,0.39921457
B2A,097b3ce81a.jpg,0.8748505612084004,0.31556556
B2A,097d38ef3b.jpg,0.8381307336465929,0.3320487
B2A,09816286d3.jpg,0.8928900378870841,0.30970752
B2A,0984136f36.jpg,0.510054246750528,0.58583647
B2A,098b35d919.jpg,0.8032320045023471,0.442545
B2A,098c0ce670.jpg,0.7406258263443232,0.4034506
B2A,098fde2b22.jpg,0.8299636234037331,0.26903462
B2A,099159901a.jpg,0.7574768368025921,0.54411787
B2A,099395535c.jpg,0.7921672498413039,0.24560946
B2A,09986b5a14.jpg,0.8065583601557234,0.48906276
B2A,09a43d2264.jpg,0.9046561249790595,0.3221031
B2A,09bebf108f.jpg,0.7068367695161598,0.3245469
B2A,09c874df81.jpg,0.8797481247973306,0.3188585
B2A,09d34f7412.jpg,0.8448020556350527,0.3720672
B2A,09ddb5e4c9.jpg,0.7205737566411222,0.5411856
B2A,09e084658a.jpg,0.6705703871507094,0.47625124
B2A,09e1b696b4.jpg,0.9276156283015239,0.115842655
B2A,09e2982b82.jpg,0.5886235913565988,0.54274446
B2A,09e8393bd1.jpg,0.6391096545427513,0.5753602
B2A,09ec565e3a.jpg,0.8674957720481961,0.3561684
B2A,09f57ab8c5.jpg,0.89724182624347,0.22081232
B2A,09fc404e31.jpg,0.6616750636189344,0.6891706
B2A,09fcd10b7e.jpg,0.8181056585004236,0.27293655
B2A,0a0c3a6d07.jpg,0.6905939739017959,0.52494764
B2A,0a0d3e6ea7.jpg,0.7832853250978028,0.38102606
B2A,0a1d1b9f8e.jpg,0.7247654782650604,0.6940567
B2A,0a271892d0.jpg,0.7334493298375262,0.33063
B2A,0a284dbed0.jpg,0.665466328377597,0.21087787
B2A,0a2e5f728d.jpg,0.696987926155495,0.52208203
B2A,0a325fc655.jpg,0.6988047873617125,0.35475314
B2A,0a44c8287d.jpg,0.7626774303383098,0.5919429
B2A,0a49020ae5.jpg,0.810717359795219,0.247192
B2A,0a497f768d.jpg,0.8078038669788239,0.37200254
B2A,0a6091114d.jpg,0.6834092890425227,0.5349497
B2A,0a6279ef66.jpg,0.8171638131919191,0.35142055
B2A,0a6e92d928.jpg,0.9071768449087872,0.17034915
B2A,0a74701f65.jpg,0.9302961749637252,0.27225113
B2A,0a7a8e30bd.jpg,0.6974383240400127,0.4555222
B2A,0a7b607c9c.jpg,0.9019825946596757,0.17773347
B2A,0a8839fac9.jpg,0.7852722347720084,0.26269883
B2A,0a996d988b.jpg,0.9082990618412947,0.18538634
B2A,0aa4202c77.jpg,0.8275102713538525,0.3361991
B2A,0aaf6960c4.jpg,0.9160598475841141,0.14877546
B2A,0abbeddf71.jpg,0.7767853038057583,0.43570375
B2A,0abbf2fd4b.jpg,0.7038977837176922,0.48212367
B2A,0ac4b6aaaa.jpg,0.8263704805018567,0.25295946
B2A,0ac84db7bc.jpg,0.5707519654323934,0.6942805
B2A,0ad13029a9.jpg,0.662928190812532,0.4447221
B2A,0ad956708f.jpg,0.8674125412316263,0.30871975
B2A,0ae5e9bfe2.jpg,0.8056228695246649,0.21909155
B2A,0aec1f9701.jpg,0.8914196322800494,0.3584126
B2A,0b0bf6fe85.jpg,0.8218171422951973,0.34624636
B2A,0b1669c3ea.jpg,0.7414434370095659,0.44859755
B2A,0b21ce3df6.jpg,0.8399499773334212,0.34506243
B2A,0b2454f0e3.jpg,0.8329251806938393,0.20071581
B2A,0b2f2a3e59.jpg,0.9254592608768963,0.2865894
B2A,0b3fd12ac9.jpg,0.8067939051294994,0.28221595
B2A,0b461ab035.jpg,0.9685091474792316,0.26363173
B2A,0b48073b83.jpg,0.7737710994562486,0.37887403
B2A,0b4dbff7c8.jpg,0.8952145997718879,0.18610531
B2A,0b4f93c337.jpg,0.8539649814662115,0.416834
B2A,0b53fd3e90.jpg,0.8170028872057566,0.33680594
B2A,0b68939003.jpg,0.8294700658722753,0.34681904
B2A,0b6b4bfc29.jpg,0.9263265753428094,0.16061157
B2A,0b91f359c5.jpg,0.6504177582701336,0.5629554
B2A,0b97d70d93.jpg,0.8484704310982804,0.23965175
B2A,0bb9d1a3cf.jpg,0.7903005107398964,0.2595793
B2A,0bcecb1330.jpg,0.6885934691070801,0.4766853
B2A,0bddd37684.jpg,0.7880273000095024,0.34462756
B2A,0bde6ba99b.jpg,0.7094293132115023,0.36139756
B2A,0bdf3110dc.jpg,0.8391029639194749,0.34080708
B2A,0bede4ba4e.jpg,0.5591981880354568,0.25197944
B2A,0c18bf8536.jpg,0.8798587956306871,0.3740715
B2A,0c21bed0d8.jpg,0.6870285100139233,0.2673449
B2A,0c272fcde8.jpg,0.8613211992084571,0.2833614
B2A,0c4ebc7f6a.jpg,0.7705616291960654,0.23362891
B2A,0c64451f58.jpg,0.7717292979172177,0.39984035
B2A,0c64b00832.jpg,0.7915195376300036,0.27054912
B2A,0c696d12a2.jpg,0.8786862942667113,0.27115586
B2A,0c6b56bba9.jpg,0.7990850099812841,0.31180254
B2A,0c6b63c2c5.jpg,0.5970102309751619,0.45160133
B2A,0c6c9d8ce7.jpg,0.8900346703638643,0.25270146
B2A,0c6e6b52be.jpg,0.7849580453824256,0.2712049
B2A,0c6fcdf1f5.jpg,0.6622260399660034,0.37063256
B2A,0c781e1538.jpg,0.774552983991208,0.28536096
B2A,0c7e07acd3.jpg,0.8410912376178998,0.21282399
B2A,0c8a94c597.jpg,0.8065889669213048,0.29718336
B2A,0ca5b3c96a.jpg,0.7614725632704553,0.37350017
B2A,0cac1bcf2b.jpg,0.8287887610098771,0.43232659
B2A,0cae98323f.jpg,0.9138230497409293,0.21301113
B2A,0cb4144fbb.jpg,0.6869912561567201,0.6051414
B2A,0cb6683555.jpg,0.927616306275724,0.23185137
B2A,0ccbcfcf65.jpg,0.848165822000198,0.29744887
B2A,0cda2627bf.jpg,0.8800698812413956,0.33688465
B2A,0cdfbb28e6.jpg,0.5636113466596061,0.50603896
B2A,0ce227ee32.jpg,0.6226643879211108,0.3371135
B2A,0cec4d02a7.jpg,0.6303692162685488,0.40753764
B2A,0cecce2e24.jpg,0.7898091247978716,0.5331298
B2A,0cf495d82e.jpg,0.7958708257395233,0.46170336
B2A,0cf4dc75d0.jpg,0.7337066110158237,0.38815498
B2A,0cfe85f73d.jpg,0.8345582124557108,0.43037042
B2A,0d11463712.jpg,0.8261915240515477,0.42527127
B2A,0d1a5b6882.jpg,0.7920267397279782,0.47055417
B2A,0d23431254.jpg,0.7885955975356266,0.3294372
B2A,0d2583e3ea.jpg,0.7979028362820381,0.34348747
B2A,0d2ed7fb8e.jpg,0.7296311134874142,0.34754992
B2A,0d2f9d322d.jpg,0.6057934990125643,0.5287066
B2A,0d3752b4ad.jpg,0.7644651309369959,0.3287439
B2A,0d423f52fd.jpg,0.8707659671547827,0.32340297
B2A,0d59054b30.jpg,0.8487325765382681,0.2569325
B2A,0d593e3752.jpg,0.8406088413382162,0.28701946
B2A,0d64ca5ecf.jpg,0.8963772291664622,0.2851913
B2A,0d6ba5d215.jpg,0.6245775459203262,0.5409613
B2A,0d6c81cbc2.jpg,0.8432497581032689,0.41825953
B2A,0d6f893bc7.jpg,0.8903284695671524,0.28109497
B2A,0d7c5d97ac.jpg,0.9511747384864431,0.33099642
B2A,0d80b97eb4.jpg,0.8106366377760099,0.26227614
B2A,0d859e1630.jpg,0.6565769039197882,0.51920485
B2A,0d89393fe0.jpg,0.8566751031770453,0.19233514
B2A,0d8c66b24e.jpg,0.8260321008146725,0.27077174
B2A,0dd016afa5.jpg,0.8198245927125551,0.25940347
B2A,0dd4041294.jpg,0.8731765706809271,0.34633282
B2A,0dd5085fdf.jpg,0.9534640273438951,0.3984775
B2A,0dde3f8ee7.jpg,0.7612365171260299,0.30170774
B2A,0de8320918.jpg,0.7928020986891093,0.25677004
B2A,0de920c5bf.jpg,0.949688987107802,0.2203705
B2A,0debce885b.jpg,0.5725111400358186,0.43724266
B2A,0df35db4a2.jpg,0.7432289709837513,0.48318103
B2A,0df9a45c26.jpg,0.6477516197570604,0.4459831
B2A,0e003670f7.jpg,0.5955410791098943,0.58588535
B2A,0e0577ec3a.jpg,0.6990546590683897,0.41896507
B2A,0e0a660bb8.jpg,0.7593075580958285,0.5036956
B2A,0e0bdef20a.jpg,0.7667633123088988,0.3291976
B2A,0e1230a330.jpg,0.8048016327486306,0.49548262
B2A,0e13d9c6f4.jpg,0.776997101087542,0.36526418
B2A,0e23057337.jpg,0.9433580530039012,0.32549778
B2A,0e2610ef33.jpg,0.6739140497444203,0.5016208
B2A,0e441b3c17.jpg,0.8426217644808442,0.34757042
B2A,0e4c7d5e15.jpg,0.8368753619252863,0.31258532
B2A,0e4ec46846.jpg,0.8201927796887404,0.5003381
B2A,0e5afbada4.jpg,0.8144103882134307,0.35600922
B2A,0e750aaed9.jpg,0.8947640857750111,0.29019958
B2A,0e8eb4587e.jpg,0.883149618905085,0.24818987
B2A,0e95c87f76.jpg,0.7790659052451102,0.30676037
B2A,0e983a3ef5.jpg,0.6940671313134228,0.5797274
B2A,0eaa8d71f6.jpg,0.7957761444079483,0.35769147
B2A,0eb3c8892a.jpg,0.44975690074403235,0.63123506
B2A,0eb810429d.jpg,0.5881160029126153,0.76883096
B2A,0eddbbb35c.jpg,0.8843277678957001,0.22744738
B2A,0f1e6530bc.jpg,0.8235608974115868,0.31010735
B2A,0f35be9cbb.jpg,0.8621891927427597,0.32544726
B2A,0f3757e6cd.jpg,0.8158797011438165,0.58016855
B2A,0f3ed210c0.jpg,0.9396797558374622,0.30951127
B2A,0f5228f2a6.jpg,0.8996562146176393,0.18893394
B2A,0f58899ce1.jpg,0.8961749384806771,0.23936363
B2A,0f819ab838.jpg,0.7331367813304324,0.39116052
B2A,0f8e316a87.jpg,0.8490269455359436,0.37978145
B2A,0fa29829f2.jpg,0.6785164428673309,0.5111981
B2A,0fa5629898.jpg,0.8765227257327388,0.20685253
B2A,0fb1ca7fe1.jpg,0.8108115436963503,0.33757913
B2A,0fbcbeddd5.jpg,0.7192824356279309,0.388189
B2A,0fca1c304e.jpg,0.8176442004296893,0.29370743
B2A,0fccbd8558.jpg,0.790918508846732,0.28439856
B2A,0fd7cd6092.jpg,0.8810793133006655,0.23953712
B2A,0fdcf56678.jpg,0.839112560342854,0.32500392
B2A,0fe76a9ec9.jpg,0.8403812419000106,0.34888607
B2A,0fef77210a.jpg,0.7040177251953746,0.590646
B2A,10118ae431.jpg,0.7339318150580891,0.42906216
B2A,101a1f34db.jpg,0.6166099253375816,0.5165542
B2A,101a5ad83d.jpg,0.8647135504008882,0.28196022
B2A,101c59feab.jpg,0.8876425317011195,0.27328146
B2A,101d00677e.jpg,0.8782381076341635,0.25502506
B2A,102c9065a7.jpg,0.7540623815513308,0.3840183
B2A,102da9e0bf.jpg,0.8551401934863858,0.45520577
B2A,10371b9044.jpg,0.7563461535137971,0.35010397
B2A,1037993785.jpg,0.8023681316770832,0.35230613
B2A,104204fa3f.jpg,0.829577467197121,0.30004698
B2A,105ac2e395.jpg,0.8523956198567615,0.36906293
B2A,106091e966.jpg,0.7933102671841368,0.4054958
B2A,1064e8c2fc.jpg,0.9167016518877085,0.28538024
B2A,10729e0962.jpg,0.7517202835865429,0.2534316
B2A,1076bdc405.jpg,0.5651087878265386,0.60824656
B2A,107769ed33.jpg,0.8314427444803365,0.34668517
B2A,1079a7abe1.jpg,0.7727089275979251,0.4410623
B2A,108d3336bd.jpg,0.919026093183488,0.21937133
B2A,108f57c580.jpg,0.8013633059442151,0.4326641
B2A,1097dcc82e.jpg,0.7888398741158366,0.47186857
B2A,10ab9fcfcb.jpg,0.6540327887451837,0.68875915
B2A,10e101cae7.jpg,0.8422941209301006,0.25428772
B2A,10e79c0f04.jpg,0.7610643197397646,0.21727683
B2A,10f3bc8893.jpg,0.7730110732822487,0.5960639
B2A,1106610965.jpg,0.9268322179507666,0.35228425
B2A,11068aa40b.jpg,0.681269686796085,0.37203297
B2A,110d660fee.jpg,0.8819206198343967,0.27162564
B2A,112f088373.jpg,0.8118995532001541,0.40435934
B2A,113444c0c2.jpg,0.9211965468907767,0.1790451
B2A,1138db3be9.jpg,0.8531571349935689,0.2245716
B2A,114692dc5b.jpg,0.8798486269873552,0.23622781
B2A,1151c9b98d.jpg,0.7144029598759468,0.50548124
B2A,115cd21c1c.jpg,0.5789484567747939,0.45580927
B2A,115cd80f74.jpg,0.8026682693982643,0.3729019
B2A,115f221c2a.jpg,0.49544147268221456,0.47167438
B2A,115f43bae3.jpg,0.7691135217924121,0.38888535
B2A,117281b37b.jpg,0.8636688324053262,0.3225124
B2A,1172d3e228.jpg,0.769241764697677,0.45826623
B2A,117d70bd19.jpg,0.6426184741622696,0.7243536
B2A,117e2a807d.jpg,0.5827130167116232,0.4804598
B2A,1193c043d7.jpg,0.6653230390934286,0.42879707
B2A,11bcbf0f67.jpg,0.9265548064000394,0.23694262
B2A,11c1de8b75.jpg,0.8283217299992758,0.28734604
B2A,11c24d756f.jpg,0.8161423509508021,0.29457957
B2A,11cc678dbf.jpg,0.8576908008836669,0.35429958
B2A,11d4cd762d.jpg,0.8148877851530358,0.3756492
B2A,11d713b4ee.jpg,0.6172268406579574,0.54619014
B2A,11e25d3dc4.jpg,0.8831787078110176,0.24418625
B2A,11f13ca69e.jpg,0.7425063881329207,0.3550756
B2A,11f482a716.jpg,0.72435238365155,0.40487882
B2A,11feb29e6a.jpg,0.8382758557657289,0.19318289
B2A,1216dc1ffe.jpg,0.847040981340745,0.24849199
B2A,12193672ba.jpg,0.7919860633732895,0.4209281
B2A,122f944d40.jpg,0.6734400346985611,0.39762038
B2A,1235e32fb2.jpg,0.8053025175749026,0.2056724
B2A,123714f71c.jpg,0.8524548962531784,0.23735145
B2A,1240cc6f83.jpg,0.7385367569375813,0.5985969
B2A,124244310e.jpg,0.9232693137351468,0.2645675
B2A,124dda3622.jpg,0.7484825210129484,0.38302758
B2A,125fd9187b.jpg,0.6490115745137278,0.6124964
B2A,12672ab41c.jpg,0.8221233462878527,0.36032072
B2A,126fb64cb8.jpg,0.8182996873614607,0.17089798
B2A,1285f93747.jpg,0.7699807025681825,0.42573875
B2A,129823154f.jpg,0.817336894538562,0.4682853
B2A,129df5c60c.jpg,0.8099715001589669,0.3517725
B2A,12ae4ffbb5.jpg,0.6427799590060442,0.4338557
B2A,12b2a8d1fc.jpg,0.8372046912567302,0.23580523
B2A,12b302b5f1.jpg,0.8259861433177382,0.28335986
B2A,12c5ce9b42.jpg,0.8199792386054268,0.21845156
B2A,12c65cd54c.jpg,0.9088656665722836,0.31344107
B2A,12cb4d2917.jpg,0.7871161654988795,0.46079543
B2A,12cc0ffc15.jpg,0.8437233710393807,0.50226504
B2A,12d0476b93.jpg,0.6766069921173129,0.35264283
B2A,12e9b80b70.jpg,0.8888898922911826,0.1824477
B2A,12f09c6efe.jpg,0.8557908447774357,0.34493756
B2A,12f74378d4.jpg,0.8895735463754357,0.30951595
B2A,12f9c1a7b5.jpg,0.7975363873568985,0.35825965
B2A,13048dfacf.jpg,0.7770164305101184,0.5120448
B2A,13173bc6b5.jpg,0.7126943123612436,0.36605322
B2A,13219b2462.jpg,0.8407363383586349,0.29306132
B2A,13328c1504.jpg,0.9124880165000615,0.30313075
B2A,133adbd41e.jpg,0.8143828937546982,0.2833498
B2A,134f611db2.jpg,0.7856113190983244,0.36146986
B2A,1355735108.jpg,0.9190454122648952,0.35420328
B2A,1363fc8268.jpg,0.7616168203999268,0.54293483
B2A,1365922bc1.jpg,0.8888975557236352,0.15963373
B2A,13671d11f9.jpg,0.8734213971029477,0.27370584
B2A,1379cdd516.jpg,0.7468367224192094,0.4453925
B2A,13829b20dd.jpg,0.8177861676754458,0.27796176
B2A,13888541b7.jpg,0.7638350303044277,0.45929956
B2A,13892d15e5.jpg,0.7057274392174668,0.41581696
B2A,138a069c6c.jpg,0.5675016298630791,0.2887138
B2A,138c350c89.jpg,0.9058212159834386,0.2985272
B2A,13bbd45d01.jpg,0.8721650619376283,0.44003984
B2A,13c0555eab.jpg,0.7869289518663288,0.23029374
B2A,13c3b0e711.jpg,0.8995992442428667,0.27775174
B2A,13e3480e01.jpg,0.9193615155851883,0.30844843
B2A,13f4f7168a.jpg,0.9356745966340274,0.17951462
B2A,13fec527bb.jpg,0.797636147266533,0.33938065
B2A,140f195fbc.jpg,0.8528270052872854,0.2969582
B2A,14135c74d7.jpg,0.78234079447762,0.5522497
B2A,141ade2afb.jpg,0.6120122721244661,0.5209473
B2A,1421d11393.jpg,0.752133206086175,0.26193166
B2A,142cda27d9.jpg,0.8303280704108978,0.37946913
B2A,1432b7355d.jpg,0.7958135714105649,0.3462177
B2A,1437a4d5f9.jpg,0.5996939616270361,0.6218851
B2A,1444ac5586.jpg,0.71068268362887,0.40264535
B2A,1451c82e2f.jpg,0.8223608254727546,0.29613173
B2A,1467b3a6ac.jpg,0.685629301173774,0.46139103
B2A,1476b02998.jpg,0.903701243985432,0.27634373
B2A,14804e18f9.jpg,0.6071209913259229,0.41310227
B2A,14860c3bed.jpg,0.7460466971611732,0.44420308
B2A,1491d9367b.jpg,0.9032241064133286,0.3615666
B2A,1499400929.jpg,0.7625178356800547,0.3062386
B2A,149e367310.jpg,0.7886942243867007,0.49252707
B2A,14a7686f98.jpg,0.747138816415847,0.32090384
B2A,14a95bb688.jpg,0.5620233324715965,0.5645159
B2A,14ac55e78e.jpg,0.90285620474986,0.3393085
B2A,14b92a85f3.jpg,0.8990464705318367,0.20389119
B2A,14bcc3cdad.jpg,0.7904985181612876,0.24340238
B2A,14c0e95507.jpg,0.9005846763881575,0.2852125
B2A,14c38e1c2e.jpg,0.8739251688283873,0.328987
B2A,14fa7a9b31.jpg,0.8414445589335917,0.28014588
B2A,14fe889824.jpg,0.8188643839168476,0.21609126
B2A,151cb3c6ff.jpg,0.7030075659726562,0.3500349
B2A,1531eae642.jpg,0.610235182780374,0.54491687
B2A,153bb660da.jpg,0.8437266447190641,0.28816932
B2A,153e1ec171.jpg,0.6390781236270136,0.3636016
B2A,153f59d4cb.jpg,0.6810704662842744,0.4535966
B2A,156540ebe1.jpg,0.879013395955527,0.14517538
B2A,1569489edb.jpg,0.8631805267425986,0.31070924
B2A,156cf5822e.jpg,0.6688701319146971,0.44407493
B2A,15769de345.jpg,0.8620153970361975,0.31962475
B2A,157ee68b71.jpg,0.8227550619177593,0.40267807
B2A,1581f3755e.jpg,0.8693541995739203,0.27901053
B2A,1582ec589d.jpg,0.8192637204733499,0.31938124
B2A,159b3f002f.jpg,0.8010774753424057,0.42909852
B2A,159baa9c2b.jpg,0.7059514172234053,0.497472
B2A,159c19456b.jpg,0.7568937463424095,0.42018872
B2A,159e0baf13.jpg,0.6020922144499848,0.4501166
B2A,15a51e4dbe.jpg,0.7411976806270558,0.21239
B2A,15a9b54b5f.jpg,0.8196275022282574,0.28783685
B2A,15abe5af92.jpg,0.8436429922028689,0.54100084
B2A,15b1f01b86.jpg,0.8276280828037224,0.36297387
B2A,15b9563151.jpg,0.7350703003224421,0.33492664
B2A,15cb21df1a.jpg,0.8050856303528982,0.6007373
B2A,15cca6975b.jpg,0.8253046326043731,0.20737806
B2A,15d8655b4f.jpg,0.6623062904768057,0.3528083
B2A,15f7238855.jpg,0.776854687823406,0.38113523
B2A,15f862b305.jpg,0.7840078652362249,0.29878092
B2A,160c560e5e.jpg,0.5186818496483421,0.5479533
B2A,160d920b63.jpg,0.9028764011145713,0.21429595
B2A,1615de2bd0.jpg,0.8105668050818663,0.30855688
B2A,161b3c519e.jpg,0.7665812660520266,0.31092697
B2A,163669cbd0.jpg,0.7832806850780138,0.3992107
B2A,164492cfa7.jpg,0.7742147713807743,0.2647514
B2A,1645d08cab.jpg,0.7374718695566396,0.5526501
B2A,164ebc7900.jpg,0.9478935834544683,0.15733975
B2A,165dfb6cd0.jpg,0.793586030965591,0.33160233
B2A,1665a48def.jpg,0.7218000536137416,0.330268
B2A,1675879297.jpg,0.7612515428924271,0.434084
B2A,1676f96061.jpg,0.7684193284702641,0.386727
B2A,1688783462.jpg,0.8212860152961465,0.30558822
B2A,1694e5637b.jpg,0.8536686290190573,0.28256467
B2A,16963c4f89.jpg,0.8302273774776068,0.3706242
B2A,169c381352.jpg,0.8962287906066057,0.31704837
B2A,169f8a8503.jpg,0.662904395039287,0.4837285
B2A,16a0c8ed23.jpg,0.8273253516864572,0.3762709
B2A,16a3dd9695.jpg,0.614873306945249,0.36072975
B2A,16a666edff.jpg,0.5514772892159496,0.6563704
B2A,16a7a9fc44.jpg,0.6211165764381233,0.4274054
B2A,16ab6bc622.jpg,0.9453043251960994,0.2496725
B2A,16b3067a86.jpg,0.7214030401594244,0.47819796
B2A,16b3ea1e00.jpg,0.7242575689104535,0.4805844
B2A,16b74bd37f.jpg,0.8782182777866631,0.35055026
B2A,16c119b3c7.jpg,0.675597957957823,0.25065237
B2A,16cd6cbc68.jpg,0.9117021534055869,0.22292623
B2A,16d8cafb5b.jpg,0.6648897755244095,0.72901154
B2A,16d9624078.jpg,0.6501125541111978,0.34396753
B2A,16de17a9aa.jpg,0.8014290660072245,0.2709471
B2A,16de6b603c.jpg,0.8724075251884438,0.2402623
B2A,16ded6f738.jpg,0.7616710241200264,0.44529742
B2A,16dff1b77f.jpg,0.945409056508461,0.20601542
B2A,16e764f509.jpg,0.8775683954595832,0.3716988
B2A,16f0c49f22.jpg,0.903241160415085,0.28533426
B2A,16f3703756.jpg,0.8695704294762986,0.23592062
B2A,1701c26348.jpg,0.9016465415146646,0.20843214
B2A,17028b1e92.jpg,0.7200592981837223,0.61938876
B2A,170434d3dd.jpg,0.8462311691612372,0.4166538
B2A,170dbca136.jpg,0.858815754584841,0.32792735
B2A,17167ea036.jpg,0.9049167842632416,0.16728742
B2A,172a0707b2.jpg,0.6100518821022497,0.5128809
B2A,17315bdc5b.jpg,0.8577846698780578,0.2905725
B2A,1735a91a3d.jpg,0.8729235437677536,0.3331105
B2A,17398e5a2a.jpg,0.759363487277613,0.32101077
B2A,17499b0283.jpg,0.8428017502498979,0.30955008
B2A,174ded9426.jpg,0.7750478768378215,0.23085535
B2A,174f0355a6.jpg,0.8340421325342232,0.22080553
B2A,17592a1017.jpg,0.7803197007057263,0.4986079
B2A,176050474a.jpg,0.814128453167164,0.24542794
B2A,1764393c0e.jpg,0.6652838111369126,0.5151672
B2A,17674de2d5.jpg,0.7786515216979744,0.4276447
B2A,176bec46aa.jpg,0.8954136290994134,0.20763193
B2A,176d0e5c75.jpg,0.7785212090065923,0.4116008
B2A,1771b7c478.jpg,0.7292116784803099,0.35989672
B2A,1774482049.jpg,0.886590611904237,0.2594066
B2A,1779a8225f.jpg,0.8292397113850416,0.3323273
B2A,1789a61138.jpg,0.7075073686706882,0.42935085
B2A,178d33e084.jpg,0.7565464828636103,0.340854
B2A,17924dd78d.jpg,0.8606445758273753,0.2871598
B2A,179af606cb.jpg,0.8931805530386014,0.28443187
B2A,17a199a709.jpg,0.768195389843767,0.21100263
B2A,17a8bd8ba4.jpg,0.810944493442332,0.3384779
B2A,17b7569c29.jpg,0.787694224734201,0.49041277
B2A,17c8c9072a.jpg,0.8790983945094357,0.21638553
B2A,17ce3a201d.jpg,0.9046224445509259,0.23790817
B2A,17cf077f45.jpg,0.7167659807465864,0.5124795
B2A,17d4e23d9f.jpg,0.6945289243324487,0.7937018
B2A,17d896fd14.jpg,0.7331918688506361,0.49301022
B2A,17dbf8cf56.jpg,0.8698990744639199,0.36678207
B2A,17e149928d.jpg,0.8904305871524781,0.23260526
B2A,17eb22711b.jpg,0.8665227585832906,0.26547584
B2A,17f8f4d5d9.jpg,0.7790092059092653,0.40348184
B2A,17f92dd71b.jpg,0.7660803344920042,0.40186033
B2A,180e1881bc.jpg,0.9173323212628111,0.21573403
B2A,18162a62a3.jpg,0.8127929976569487,0.44713542
B2A,181a53c38a.jpg,0.6564842838797713,0.47819626
B2A,181f424335.jpg,0.6480460952387351,0.390917
B2A,182690bc45.jpg,0.6068309138293646,0.22967544
B2A,182846af47.jpg,0.6808311819599124,0.58837354
B2A,1838bcc8fa.jpg,0.7079419845551075,0.42171055
B2A,184a433ce3.jpg,0.7390624860357871,0.47205344
B2A,185f8da469.jpg,0.8097885919951093,0.40433446
B2A,186035e2a8.jpg,0.858538923829303,0.2567428
B2A,1866c56f7a.jpg,0.6986682979700353,0.4133774
B2A,186e98dcb8.jpg,0.8195368069562871,0.44574872
B2A,1883fcfb3e.jpg,0.8900479842121709,0.29606423
B2A,1884a2a37d.jpg,0.6253239936276721,0.37061116
B2A,18880e913d.jpg,0.5212719250459348,0.6205516
B2A,188b7f6310.jpg,0.9026753612426038,0.15167813
B2A,1893ce79ce.jpg,0.609288221535042,0.6518738
B2A,1894c178ea.jpg,0.6852155357679395,0.45206538
B2A,1897b7b118.jpg,0.699607522969924,0.46163082
B2A,189ae3f5a7.jpg,0.6060213288897736,0.45126852
B2A,189ee6859e.jpg,0.7575092463974569,0.32311207
B2A,18a275b358.jpg,0.9305942067655353,0.1777441
B2A,18a4ee0991.jpg,0.8981942841523384,0.25950766
B2A,18aca60c06.jpg,0.6191238776253244,0.5349168
B2A,18ae840f5d.jpg,0.9164954793970546,0.20384806
B2A,18b2d7a2ef.jpg,0.793096181300705,0.45786095
B2A,18c6b5b73b.jpg,0.9267726057942909,0.19013557
B2A,18ca544c78.jpg,0.6595822655601781,0.42281494
B2A,18e384cfff.jpg,0.7618555178166991,0.26943448
B2A,18e571a627.jpg,0.7851749328611697,0.30966827
B2A,18ea7c98b1.jpg,0.9167982527578118,0.22164263
B2A,190633c073.jpg,0.8667812428096191,0.4789291
B2A,1912f08cb1.jpg,0.9060100185475949,0.30057955
B2A,19182d3849.jpg,0.8092135643663708,0.22701755
B2A,1921b26eea.jpg,0.7742733388618472,0.4624865
B2A,1925109fdd.jpg,0.648476587374134,0.5852545
B2A,192682abdf.jpg,0.752429869473214,0.43442798
B2A,192caaa1bf.jpg,0.8422184464907532,0.37637123
B2A,1936e1dcb4.jpg,0.8947563954462379,0.26869467
B2A,193b4cdb27.jpg,0.8275254156244477,0.32667738
B2A,193f3266fb.jpg,0.5624600172768917,0.7233456
B2A,194bb9f6ed.jpg,0.812631078682194,0.29967543
B2A,19525a17e2.jpg,0.724494687372454,0.3695781
B2A,19592a5fbf.jpg,0.7726915334920968,0.5072228
B2A,1960283fd5.jpg,0.6685702625724957,0.35798007
B2A,1966101984.jpg,0.8292227866245047,0.3085968
B2A,196a6875a7.jpg,0.7912596514874953,0.4788928
B2A,196e2c07aa.jpg,0.8315416173776932,0.43648577
B2A,1970faab6a.jpg,0.8271340710044297,0.401171
B2A,1977b66f96.jpg,0.7840189501257181,0.38461354
B2A,197dc21bdb.jpg,0.7569173702978605,0.40745857
B2A,19801ae9ab.jpg,0.8298377182301154,0.32746732
B2A,1986fa52f5.jpg,0.6556682964893449,0.57686746
B2A,198cad00d4.jpg,0.7376191890904717,0.32904568
B2A,19918a1d5c.jpg,0.9034587311835761,0.2171888
B2A,1998700449.jpg,0.7068403483385671,0.38545606
B2A,1999225d11.jpg,0.7142522149700408,0.52604634
B2A,199a3e859f.jpg,0.8335734551395066,0.28673843
B2A,199d0b8782.jpg,0.8021961629307486,0.33019504
B2A,19a7361b2a.jpg,0.7215619144871769,0.48746112
B2A,19b0fbeba0.jpg,0.8480589684388333,0.45612556
B2A,19b944dbbf.jpg,0.8619868662664191,0.45235464
B2A,19b98e5663.jpg,0.7722166250643537,0.52603686
B2A,19bad1225f.jpg,0.6029316485506346,0.38066375
B2A,19bd14d30e.jpg,0.7614554231144481,0.23571497
B2A,19be535e5f.jpg,0.7479119603246142,0.49956423
B2A,19c277c363.jpg,0.7107683063873735,0.3946051
B2A,19c8301d67.jpg,0.8387157254654077,0.26984918
B2A,19e7940d94.jpg,0.7189045446826382,0.19320773
B2A,19e8b9b328.jpg,0.8338343816383588,0.30546594
B2A,1a23085db7.jpg,0.5713348497490905,0.41011223
B2A,1a2542d28b.jpg,0.8667470308279035,0.3069485
B2A,1a25f82753.jpg,0.8376821349918937,0.47175527
B2A,1a27cb4cba.jpg,0.7359977786148855,0.39801258
B2A,1a2cd9ea8c.jpg,0.5365081413131804,0.4931947
B2A,1a3b1a3da9.jpg,0.6505428857816976,0.4705892
B2A,1a4213d2ce.jpg,0.6038904050811966,0.3121102
B2A,1a4491cef2.jpg,0.6226756823543791,0.7014934
B2A,1a45b8c270.jpg,0.7051955965922925,0.48145574
B2A,1a5041d9ed.jpg,0.6930472937969149,0.6117021
B2A,1a5cf3b632.jpg,0.8337366866260553,0.2834582
B2A,1a6013cba4.jpg,0.7769415150870689,0.37056518
B2A,1a61870a06.jpg,0.7842352455356917,0.2784711
B2A,1a6b4e9e13.jpg,0.8411986357085695,0.40444213
B2A,1a7af9964c.jpg,0.7185642889297784,0.46353012
B2A,1a8633fbb9.jpg,0.8622371299152031,0.2633585
B2A,1a892680fb.jpg,0.8344394953705215,0.30957937
B2A,1a8c1a7995.jpg,0.7186085172925881,0.3373546
B2A,1a8c9e6c4c.jpg,0.7685952008632466,0.2923874
B2A,1aa0d1c558.jpg,0.7765315620716605,0.49858454
B2A,1aa8abd685.jpg,0.7481964278168913,0.43845674
B2A,1ac1673452.jpg,0.9391020062113953,0.3190932
B2A,1ac35e7dc8.jpg,0.6534015222739199,0.41806352
B2A,1ac5876376.jpg,0.7924714792108951,0.32226467
B2A,1acb4c14ce.jpg,0.70889870777761,0.49720043
B2A,1acb4d1d54.jpg,0.8688426817382948,0.38999963
B2A,1ad17703ce.jpg,0.75727292248722,0.26216865
B2A,1ad8701262.jpg,0.7780485403217977,0.31906307
B2A,1ae03b00e7.jpg,0.7307904689212235,0.26560786
B2A,1ae342cd57.jpg,0.7496654377214093,0.23396362
B2A,1b062b66a7.jpg,0.660326535359511,0.5870289
B2A,1b118a066b.jpg,0.8000058622404154,0.36446297
B2A,1b129b65db.jpg,0.7282022268852717,0.42220223
B2A,1b12cf626f.jpg,0.9042272903660117,0.26127756
B2A,1b3e398db7.jpg,0.8579971085068923,0.2621198
B2A,1b4e94ffbd.jpg,0.8540746838291745,0.33296263
B2A,1b4f115bdd.jpg,0.8367583886798067,0.40389326
B2A,1b5e8cedda.jpg,0.6605883107500667,0.3963274
B2A,1b66416060.jpg,0.87894688173109,0.25249082
B2A,1b6a1a7e94.jpg,0.7375836943798636,0.26177436
B2A,1b6d7b4e65.jpg,0.6970414235958624,0.46940365
B2A,1b72549327.jpg,0.6426700826043464,0.54126614
B2A,1b770229f3.jpg,0.8571065281204541,0.29088122
B2A,1b961a3a39.jpg,0.6556840156702932,0.50217164
B2A,1b98321823.jpg,0.7421976719887265,0.36871842
B2A,1b987c577e.jpg,0.8156338796428432,0.30155438
B2A,1baa6a3895.jpg,0.7344953009254698,0.35056034
B2A,1baf74b1a7.jpg,0.8551187268311558,0.38911778
B2A,1bb75f970a.jpg,0.7803960641142631,0.46300048
B2A,1bb8674fbf.jpg,0.6664164405790816,0.47540903
B2A,1bba0654b7.jpg,0.8627982398417403,0.20991832
B2A,1bbaea3e6b.jpg,0.6704574763570462,0.45172647
B2A,1bc105b0b9.jpg,0.6701190856476269,0.45520222
B2A,1bc290729f.jpg,0.7869283320386017,0.42901194
B2A,1bc9fc642d.jpg,0.7005301059142897,0.61841166
B2A,1bccaf17e5.jpg,0.6451410686187989,0.4528275
B2A,1bd527d6a0.jpg,0.7989772107160825,0.27741876
B2A,1bd7be0503.jpg,0.7020845241866179,0.42409462
B2A,1bd8b4f799.jpg,0.917916093553577,0.3188617
B2A,1be016515b.jpg,0.8826128346495896,0.33155334
B2A,1be0fa86b5.jpg,0.6891820107668097,0.47700143
B2A,1be6584349.jpg,0.827832090202445,0.41649428
B2A,1bf60182b2.jpg,0.8954083852225913,0.35916764
B2A,1c0ea0fe1b.jpg,0.7760671968203071,0.39828503
B2A,1c1f697d7e.jpg,0.7876664330581161,0.41780674
B2A,1c3c1aca33.jpg,0.827769967422473,0.2526248
B2A,1c434baf43.jpg,0.8238745121710741,0.22616556
B2A,1c4de511e1.jpg,0.7553856608653904,0.7934915
B2A,1c5cc22c2c.jpg,0.9170683128657406,0.19173037
B2A,1c5ce714cc.jpg,0.8206723904087848,0.1848154
B2A,1c64f657f4.jpg,0.6614158202505741,0.4954126
B2A,1c69470718.jpg,0.6768947247869191,0.47157508
B2A,1c6eed59f5.jpg,0.763547005766849,0.5043808
B2A,1c707e6132.jpg,0.8108261430641625,0.2951915
B2A,1c75256206.jpg,0.803728810081955,0.453331
B2A,1c7b3cdedc.jpg,0.8999352711074026,0.21213761
B2A,1c807fee79.jpg,0.7663499780412923,0.293893
B2A,1c84f1179c.jpg,0.605696511718182,0.47424686
B2A,1c863100b1.jpg,0.7129424881293067,0.2922843
B2A,1c88080a3f.jpg,0.6238735580395381,0.3074617
B2A,1c95a45486.jpg,0.7826179759128561,0.44773751
B2A,1cb96210e6.jpg,0.6554179895467256,0.5132672
B2A,1cb9d045d8.jpg,0.6969864652024649,0.5280398
B2A,1cc26c48b8.jpg,0.7690751806202497,0.38958436
B2A,1cd5acea15.jpg,0.9127029077611907,0.31482726
B2A,1cdb990c46.jpg,0.7272646663327486,0.3403309
B2A,1ce3cb350d.jpg,0.7757007676148403,0.27188212
B2A,1cea1bf43d.jpg,0.7219913529764757,0.4716309
B2A,1cf711c1d1.jpg,0.6650404465976057,0.56379944
B2A,1cfe6aba33.jpg,0.9290309464857479,0.28425977
B2A,1d0aecbd16.jpg,0.8625784359103115,0.32593137
B2A,1d0f76765b.jpg,0.7663737626011582,0.5619811
B2A,1d17249a0f.jpg,0.7976108035954739,0.28633434
B2A,1d19c4bc7e.jpg,0.8483836703538041,0.25671792
B2A,1d205c56c5.jpg,0.7831431664382362,0.43863913
B2A,1d3446f22b.jpg,0.8861353542133928,0.42655313
B2A,1d38a9bee0.jpg,0.6778796858206548,0.5082855
B2A,1d3fb25bad.jpg,0.9075193338164967,0.32096532
B2A,1d40d5d6ca.jpg,0.8403595896305202,0.2684168
B2A,1d44f79c1c.jpg,0.9096906209242555,0.19993012
B2A,1d46709e18.jpg,0.7558546385336085,0.408996
B2A,1d53ac5a9f.jpg,0.8599977002936647,0.39239925
B2A,1d57118b49.jpg,0.7233617388535066,0.40943262
B2A,1d584ad062.jpg,0.8983997659977236,0.15561835
B2A,1d5aa09f6b.jpg,0.6433949506575772,0.3183677
B2A,1d5c4b80c6.jpg,0.6434022427992584,0.5583518
B2A,1d5cf63313.jpg,0.702810024768756,0.22232749
B2A,1d5d4a0729.jpg,0.8809006438989299,0.45250237
B2A,1d640e96a3.jpg,0.9369527684360057,0.37045085
B2A,1d67aef6c9.jpg,0.7495857981998485,0.6095275
B2A,1d726a097f.jpg,0.8705105096983321,0.26062813
B2A,1d76ab1c0c.jpg,0.8678474474837349,0.21882084
B2A,1d79ab97ec.jpg,0.7343817113113381,0.368356
B2A,1d7d8ff0ac.jpg,0.7923755931863248,0.44613525
B2A,1d8a6d18f1.jpg,0.649336578459253,0.57389885
B2A,1d939cb782.jpg,0.7028547875791555,0.41887927
B2A,1d971deb73.jpg,0.6919103973127647,0.32419854
B2A,1da3631b3f.jpg,0.7005231172120916,0.55165815
B2A,1da538235f.jpg,0.5977686443204044,0.5050331
B2A,1da6888f64.jpg,0.8267909388865607,0.33728814
B2A,1dafe2cf42.jpg,0.5514772892159496,0.6563704
B2A,1db0b33747.jpg,0.7936008433872074,0.45805144
B2A,1dba9a48ae.jpg,0.6930888952189049,0.40049124
B2A,1dbbe43952.jpg,0.8394672797097612,0.26916215
B2A,1dc32da064.jpg,0.8725071372270821,0.29894772
B2A,1dc335fcac.jpg,0.8082784016718929,0.35768366
B2A,1dc3833078.jpg,0.8467768192964641,0.19954291
B2A,1dc3a7de89.jpg,0.8869765582481062,0.31237698
B2A,1dcbd84c73.jpg,0.7360462943102561,0.27497244
B2A,1dd0ec3618.jpg,0.6523395814108485,0.38491958
B2A,1dda02098b.jpg,0.7973941791147796,0.2978607
B2A,1de54dbad6.jpg,0.8480806450944367,0.2804985
B2A,1df4ff0436.jpg,0.8381876561043148,0.26037246
B2A,1dfa5b2910.jpg,0.7128648972731007,0.55458534
B2A,1dfe2f3b46.jpg,0.8524868681028837,0.13846603
B2A,1e39d0e97c.jpg,0.8490673109009537,0.40315974
B2A,1e3a931f96.jpg,0.6736813965510425,0.4147697
B2A,1e4ccca31e.jpg,0.8189498350048103,0.32887536
B2A,1e56d7de95.jpg,0.837260120150769,0.28313303
B2A,1e59228328.jpg,0.8292669640004582,0.28057396
B2A,1e66879f90.jpg,0.866506651513302,0.22408341
B2A,1e74d0da3b.jpg,0.6950313882507806,0.39630437
B2A,1e7e4f894f.jpg,0.8588818498439637,0.2741478
B2A,1e7ed16969.jpg,0.7567877169783669,0.36904627
B2A,1e90517e22.jpg,0.9288349062161467,0.22813003
B2A,1e947e5fe9.jpg,0.7483691550983894,0.53531504
B2A,1e983237de.jpg,0.8439930258469321,0.33843204
B2A,1ea86dc4d5.jpg,0.7214800373235805,0.39836267
B2A,1eaa4a27c8.jpg,0.9314606946557524,0.23193471
B2A,1eb579374e.jpg,0.8549820213233152,0.36487597
B2A,1ebd894c28.jpg,0.8819700697680158,0.21704629
B2A,1ece79b77f.jpg,0.7995057824635047,0.3264395
B2A,1ed7c273ba.jpg,0.8091516130286538,0.42770296
B2A,1ede9dadc3.jpg,0.787648202045907,0.27935475
B2A,1ef162e31d.jpg,0.8242927471138836,0.29571503
B2A,1efdfce7c3.jpg,0.7182774439172247,0.24572638
B2A,1f006ed5eb.jpg,0.9253555227014287,0.40459633
B2A,1f086664d6.jpg,0.7502147103735171,0.5769851
B2A,1f1a19ad8b.jpg,0.7307478122288263,0.34804782
B2A,1f252ba827.jpg,0.6654245317463257,0.4113595
B2A,1f2d34b65b.jpg,0.8385415306044045,0.16098179
B2A,1f540d0ecb.jpg,0.872141458256989,0.21921723
B2A,1f63ea8e1d.jpg,0.8517758432252381,0.36615855
B2A,1f67c932d8.jpg,0.7939257403205551,0.25377828
B2A,1f7b63917b.jpg,0.8125463284932464,0.19188017
B2A,1f8b43823c.jpg,0.7781278895110422,0.4077191
B2A,1f8fe4a8e4.jpg,0.7252226770517777,0.24754743
B2A,1f96108197.jpg,0.8700029288835789,0.26563433
B2A,1f979d49c6.jpg,0.8838239811854366,0.24000883
B2A,1f98e7d475.jpg,0.6710652252401099,0.33010602
B2A,1fbc82db49.jpg,0.8478378749710591,0.27033475
B2A,1fd7cebd1a.jpg,0.7345449090517746,0.40601444
B2A,1fe1ac40ef.jpg,0.7231370455252202,0.37012637
B2A,1fe223e960.jpg,0.7621577972545216,0.28080454
B2A,1fedaf095f.jpg,0.9078972519278898,0.24595562
B2A,20043a8eaf.jpg,0.7691958763971308,0.52519447
B2A,2004919ebe.jpg,0.8489667736600764,0.2703398
B2A,2022ef77f2.jpg,0.6416673397859154,0.5883189
B2A,2037f91745.jpg,0.83442469717285,0.3835904
B2A,20454954b2.jpg,0.8062349149843886,0.24754116
B2A,204615862b.jpg,0.8154561845812072,0.54450905
B2A,2046adf2b6.jpg,0.8807259451803475,0.24334662
B2A,205f999ab3.jpg,0.8501278612143963,0.23566954
B2A,2061671c2b.jpg,0.6179203415972825,0.32790768
B2A,2063a6693c.jpg,0.8238219974301964,0.27765203
B2A,2066a2e091.jpg,0.8956268141192487,0.29846057
B2A,206adc3515.jpg,0.7998403168069519,0.3324953
B2A,206d18e819.jpg,0.8549591517251245,0.27352178
B2A,206e57e6d1.jpg,0.7956523716662555,0.30694887
B2A,2078d3f123.jpg,0.7938738811664804,0.48259073
B2A,2080efd0d6.jpg,0.8119186103410768,0.21047774
B2A,208c0535cf.jpg,0.7847791162824642,0.396048
B2A,208f4b819b.jpg,0.838761044161146,0.46558738
B2A,2096a57bfc.jpg,0.7828326025172966,0.26748654
B2A,209873c58f.jpg,0.9231163108877825,0.19261402
B2A,209bdb1587.jpg,0.6656408730515713,0.36551073
B2A,20b2d4f4bf.jpg,0.7280361295937795,0.54856825
B2A,20b3d168a6.jpg,0.5168604657634828,0.5672182
B2A,20b7eab911.jpg,0.840704726827777,0.37523574
B2A,20c152f056.jpg,0.7713565042729641,0.5430337
B2A,20cac2191a.jpg,0.8975620867084916,0.25751793
B2A,20d2fd7d1b.jpg,0.8646953940682377,0.27357858
B2A,20d336b6c2.jpg,0.8739173936909892,0.33073634
B2A,20d927a07b.jpg,0.7674974912851362,0.40064508
B2A,20ddf9c49f.jpg,0.716477394680233,0.4832824
B2A,20ea204105.jpg,0.7895913219730964,0.30707183
B2A,20f93c26b0.jpg,0.7646131746302897,0.2936869
B2A,20fa90d43e.jpg,0.9167550332874946,0.40032917
B2A,2103852756.jpg,0.8588046983206875,0.29506817
B2A,211ca2dfb4.jpg,0.820011940166131,0.33033893
B2A,21243b9607.jpg,0.7623640716633979,0.6033088
B2A,2129f6f2dc.jpg,0.5987149805373159,0.4373933
B2A,212cf8498d.jpg,0.7016590012558747,0.43740296
B2A,2145ce0f78.jpg,0.8544755152392154,0.25848714
B2A,21630a4fa1.jpg,0.7408935021513982,0.4060177
B2A,216a8d4e5c.jpg,0.7653305773572061,0.40278357
B2A,21747ccb08.jpg,0.7884407106549801,0.36971158
B2A,21757a4c07.jpg,0.8265814354186474,0.4143484
B2A,217b9b9aaf.jpg,0.82577092619597,0.27105802
B2A,21927aa7d4.jpg,0.7023522134517062,0.41558284
B2A,219baac7b2.jpg,0.692780125569488,0.46485722
B2A,21ac721374.jpg,0.7382338798553786,0.4532053
B2A,21b6fd99a5.jpg,0.7850526395964652,0.32344133
B2A,21b9aafc49.jpg,0.790913677091076,0.34952438
B2A,21c2589053.jpg,0.7821826459458003,0.28669256
B2A,21c2c68337.jpg,0.8738958420712742,0.3980602
B2A,21e2aea535.jpg,0.8096312716612488,0.37643385
B2A,21e5c1891c.jpg,0.8700861412627511,0.2049126
B2A,21e7463544.jpg,0.870271971396578,0.22613442
B2A,21fe71a93b.jpg,0.7512491000380829,0.5380186
B2A,2236c207aa.jpg,0.7253598753050747,0.33126694
B2A,223c77d56f.jpg,0.7559773625173768,0.22219476
B2A,2246ed23dc.jpg,0.6316363745683177,0.41431355
B2A,2257860322.jpg,0.7761202336620551,0.26393563
B2A,22661d9ec0.jpg,0.5967077923019773,0.41322523
B2A,2286c7067e.jpg,0.7339021967439346,0.4991657
B2A,228a291710.jpg,0.8817600309724959,0.42044464
B2A,228c986820.jpg,0.8482786132967631,0.29588538
B2A,228d0b850f.jpg,0.8875694489180505,0.28238013
B2A,2292200c80.jpg,0.8428967570665911,0.332851
B2A,229221319f.jpg,0.7135778387486709,0.40222305
B2A,229eca589c.jpg,0.8624421183133877,0.3144847
B2A,22b213f1e5.jpg,0.8121408209632763,0.5324795
B2A,22b305f62e.jpg,0.6412030260393193,0.39440596
B2A,22b389e1fd.jpg,0.9557256282007907,0.17406204
B2A,22b5b48553.jpg,0.8421291990146281,0.31736937
B2A,22bfe6445a.jpg,0.7424201612674994,0.4024405
B2A,22c2ebefea.jpg,0.8205450827784322,0.41638646
B2A,22c5bb63ac.jpg,0.7448488946029083,0.27011564
B2A,22cd40eed2.jpg,0.7420932969779022,0.3470819
B2A,22ce24836f.jpg,0.8368564442263409,0.3158287
B2A,22d49f3bb9.jpg,0.8803407886802881,0.2351044
B2A,22e1784ae5.jpg,0.87051206496727,0.31129268
B2A,22fc4c2e5b.jpg,0.8639623263469755,0.21430929
B2A,2304539c3c.jpg,0.7120477153040743,0.533848
B2A,23060d93b3.jpg,0.7874793761475167,0.3665409
B2A,2308cd7f79.jpg,0.951817911229315,0.19836968
B2A,230ce6af39.jpg,0.74493846705796,0.34862643
B2A,2318dd451a.jpg,0.8208268292325699,0.34856018
B2A,23296f234d.jpg,0.817056060927175,0.28219044
B2A,2339fbceb2.jpg,0.8745512485641418,0.49605244
B2A,2351d0e36d.jpg,0.862647026319851,0.3780685
B2A,23568b7cf6.jpg,0.51646735910613,0.53718203
B2A,235a2feea2.jpg,0.7038756975630669,0.6041064
B2A,235f2c8d2d.jpg,0.8002729812878049,0.242796
B2A,236e24292a.jpg,0.7844308172883819,0.35915533
B2A,2372845016.jpg,0.9020073950540539,0.24116436
B2A,2379cb1f27.jpg,0.623650564433147,0.41845477
B2A,238bd94fcb.jpg,0.8239097674264979,0.4298247
B2A,2398192c56.jpg,0.7577937905963328,0.38466913
B2A,23a2a896cb.jpg,0.779674895741483,0.40409
B2A,23b1669fc4.jpg,0.9050458118346583,0.34627283
B2A,23be955aa3.jpg,0.7792293826980633,0.3589653
B2A,23d0cd1621.jpg,0.7678609195840849,0.5051131
B2A,23e044ebbf.jpg,0.897404583867694,0.22328675
B2A,23e490fde6.jpg,0.7283145656352802,0.5020157
B2A,23edb57cff.jpg,0.8723950837482413,0.27623358
B2A,23ee3c5507.jpg,0.7266806446203165,0.38768807
B2A,23f7a22314.jpg,0.7696354997773228,0.27547014
B2A,23fb1a1690.jpg,0.7605522866823169,0.28059393
B2A,23fb2c15d2.jpg,0.8600595876605459,0.26450315
B2A,2403efbfd3.jpg,0.8087375152343437,0.39420325
B2A,240a7c491a.jpg,0.7428628160921869,0.5403612
B2A,2410f7ebd1.jpg,0.5962967012759238,0.5753514
B2A,24166036c4.jpg,0.7117222176600602,0.37107503
B2A,241d87414d.jpg,0.894153702767214,0.26097918
B2A,2421fde7b1.jpg,0.8817822560514653,0.5238177
B2A,243ef6c04e.jpg,0.9125229659019782,0.27560747
B2A,244182635e.jpg,0.7702882745043004,0.22704618
B2A,244cb6321d.jpg,0.8475223557387898,0.3445221
B2A,2469dbd507.jpg,0.788658332583911,0.40291178
B2A,2476944f5c.jpg,0.9419381667453348,0.23249385
B2A,247d71f468.jpg,0.7116612552512677,0.321979
B2A,2489d5208e.jpg,0.83339856020458,0.32280877
B2A,248e98e6e5.jpg,0.7336118868953532,0.6210222
B2A,24997d2394.jpg,0.752777654058513,0.29431918
B2A,249c6f2b02.jpg,0.7576302346601441,0.4354239
B2A,24ad0a8279.jpg,0.7320527942098295,0.45096123
B2A,24af325930.jpg,0.8229465871077198,0.4190162
B2A,24af541789.jpg,0.8825099666355861,0.22963524
B2A,24b21b5261.jpg,0.6695841929862553,0.5774253
B2A,24b535812d.jpg,0.8322537235685474,0.36653268
B2A,24b54b150b.jpg,0.6288055748290348,0.32947445
B2A,24c4ed86a3.jpg,0.8483493183320239,0.30324775
B2A,24c5780a0c.jpg,0.753265589154582,0.4256334
B2A,24d819c261.jpg,0.8334508937218837,0.38896438
B2A,24e8e3b180.jpg,0.8062675675408291,0.38460314
B2A,25082e762f.jpg,0.719412458018897,0.45390505
B2A,250bd36c8c.jpg,0.9230305771016852,0.17779987
B2A,252bc3a3ab.jpg,0.9463960673998946,0.38516992
B2A,252f6d69ce.jpg,0.7768028508994744,0.3247721
B2A,25315f09a6.jpg,0.7514209969537528,0.2401852
B2A,253340547f.jpg,0.6888701522375165,0.4185537
B2A,25346ff439.jpg,0.869254901451843,0.22197592
B2A,25462592ac.jpg,0.881683580718567,0.20239754
B2A,2552f6c0e4.jpg,0.9099320160857312,0.17144847
B2A,256f038a42.jpg,0.7240748951094561,0.39738637
B2A,258083f3e8.jpg,0.7341031013414552,0.6839154
B2A,2581451ca9.jpg,0.6625517682009913,0.5443498
B2A,259e4070d5.jpg,0.7401112840979733,0.4344151
B2A,25a9b86180.jpg,0.7092346842451178,0.39999497
B2A,25b6be053f.jpg,0.7690368947034724,0.29126543
B2A,25c04fbf2f.jpg,0.8416420281655164,0.28526258
B2A,25c2b346fe.jpg,0.8630840635196583,0.27512145
B2A,25c46710fc.jpg,0.8143587072938727,0.28535172
B2A,25c827dc83.jpg,0.7582875096606214,0.4380036
B2A,25cb295b1f.jpg,0.8357623199799746,0.20795149
B2A,25d70dd7b1.jpg,0.9182562125874746,0.23389032
B2A,25df1df7d9.jpg,0.672863210458253,0.33220115
B2A,25e705548a.jpg,0.8240422568209959,0.3769425
B2A,25eba9fa76.jpg,0.7576603983193042,0.5327876
B2A,25f8328a2f.jpg,0.7337102921934652,0.42615557
B2A,2602597bb0.jpg,0.7080480016292157,0.37718868
B2A,2605924561.jpg,0.8087971839721593,0.35641986
B2A,2606c25ce3.jpg,0.803400884076582,0.2883244
B2A,260d6a5c37.jpg,0.7513344805992277,0.39240068
B2A,26182c3d72.jpg,0.909164992853432,0.21164162
B2A,2621968d1b.jpg,0.8288567538350141,0.40846092
B2A,2629524a69.jpg,0.8551277919504027,0.20297386
B2A,26296bb84f.jpg,0.8459122817228809,0.2473166
B2A,2641b8175f.jpg,0.79131322168509,0.32014155
B2A,26494a01e1.jpg,0.8263829387228945,0.32501245
B2A,26582fc5a8.jpg,0.7675755583097686,0.34077254
B2A,265f7accbd.jpg,0.6515206247868656,0.52323914
B2A,26722e2880.jpg,0.8214817959660732,0.2919763
B2A,26863f0716.jpg,0.8376651217951762,0.34009978
B2A,2688ed2270.jpg,0.9071534686349779,0.27253318
B2A,26892fcc02.jpg,0.809414812081582,0.2995277
B2A,268b959d88.jpg,0.8441607168556887,0.35822192
B2A,26916da7ff.jpg,0.7819143987738512,0.29981092
B2A,2698bac269.jpg,0.8473238937942127,0.24457088
B2A,269b1b5690.jpg,0.8117068335687128,0.357952
B2A,26aaf299c0.jpg,0.8855591998673554,0.2930255
B2A,26b9449f10.jpg,0.842971794686698,0.17328171
B2A,26bbb89fd6.jpg,0.5840088439964101,0.46048278
B2A,26c4de1515.jpg,0.7722870597465215,0.30869907
B2A,26cd0ec0e4.jpg,0.8683056338171636,0.3184778
B2A,26ce42c083.jpg,0.6819514826245553,0.5652727
B2A,26d40b7147.jpg,0.8990315639198726,0.21457301
B2A,26d474464f.jpg,0.8882127049990072,0.31236598
B2A,26d4ecb9fd.jpg,0.8149142603696489,0.3544159
B2A,26d73ccce4.jpg,0.8932782757107229,0.24522366
B2A,26da6b82c6.jpg,0.7093074715888906,0.3448165
B2A,26db4dcdea.jpg,0.889289917685143,0.2640772
B2A,26fe13cbea.jpg,0.8676215532604431,0.37883312
B2A,2706749d66.jpg,0.8182887043948457,0.30398843
B2A,270687abc3.jpg,0.830908450853134,0.2689738
B2A,270a7544e5.jpg,0.777608924003288,0.5043456
B2A,270f62c6e8.jpg,0.6607644436459814,0.45392948
B2A,27159e6719.jpg,0.840105011579843,0.28730935
B2A,271ec1348b.jpg,0.8308838147436594,0.28146246
B2A,2727db154e.jpg,0.7639573238359075,0.6056889
B2A,2734c9504b.jpg,0.8896721334105067,0.22270702
B2A,274ba0c4a2.jpg,0.828316933137093,0.3380896
B2A,274cf83fa6.jpg,0.8071213264426271,0.41280487
B2A,27534f0e65.jpg,0.6829823299749903,0.4493674
B2A,27645084b6.jpg,0.7827743611327834,0.3916323
B2A,276543fbf7.jpg,0.5518045486485238,0.543997
B2A,276c73bead.jpg,0.8664073716256058,0.26331466
B2A,276ee4b14f.jpg,0.7251965834375305,0.37916905
B2A,2775af1bba.jpg,0.7728727648584514,0.3856158
B2A,27777862fd.jpg,0.678833338061052,0.5425255
B2A,2779835a1b.jpg,0.7477238549953624,0.4488743
B2A,277c068c4e.jpg,0.9356597075108126,0.22582343
B2A,277d120bb4.jpg,0.6976567735055399,0.553911
B2A,2782335eef.jpg,0.7176670781046516,0.5109786
B2A,2784e8f91d.jpg,0.7483742389329208,0.38227096
B2A,2791df1515.jpg,0.6096828346016318,0.4960301
B2A,279eb2037c.jpg,0.9176865409304376,0.3177217
B2A,27a36df1f6.jpg,0.8547676598600636,0.25973952
B2A,27b2a0c66f.jpg,0.8735258317986028,0.22009847
B2A,27b87e7785.jpg,0.8432714485951679,0.25974602
B2A,27bc5c6810.jpg,0.8244142138230612,0.2697221
B2A,27c273f5ac.jpg,0.7788218212916527,0.30982214
B2A,27c67103f0.jpg,0.7969577344431648,0.25991803
B2A,27d994ba96.jpg,0.8403284080177028,0.27325442
B2A,27de05d60a.jpg,0.9366864930123178,0.41951346
B2A,27e341bcc2.jpg,0.8719689207527199,0.26682606
B2A,27ea6d9992.jpg,0.7817739588361987,0.60490906
B2A,27ebfe0db6.jpg,0.767584923980139,0.46052814
B2A,27f3a34b1d.jpg,0.6620797161799631,0.41781676
B2A,27f4d80142.jpg,0.5553276031954525,0.60490334
B2A,27fa99ac5c.jpg,0.6687272666112469,0.4770652
B2A,2806a9db15.jpg,0.8493614088106749,0.3404853
B2A,281356f565.jpg,0.8471598889890024,0.29620445
B2A,2815c0ad33.jpg,0.8772309749232643,0.35656577
B2A,281b790739.jpg,0.7200030645995286,0.30830094
B2A,283a083739.jpg,0.7814699509050363,0.45236441
B2A,28430b5602.jpg,0.8051166111280192,0.1884781
B2A,2843919992.jpg,0.8410962400283732,0.28241733
B2A,285449b06a.jpg,0.8247332809499968,0.2652655
B2A,2854ebb127.jpg,0.9006066796438469,0.31523016
B2A,28611884d0.jpg,0.6763648036355495,0.59888905
B2A,2861f74357.jpg,0.9277809538816466,0.40392613
B2A,2867b3bef0.jpg,0.8652467278235916,0.28711873
B2A,286c5026ff.jpg,0.7527762060728824,0.4582562
B2A,2879b6b734.jpg,0.8393246906085692,0.3173758
B2A,2881c907bb.jpg,0.7820107813381526,0.61977065
B2A,2885431ef9.jpg,0.8263477660740756,0.18115424
B2A,288c92df0c.jpg,0.7215428711117403,0.38969642
B2A,288d596137.jpg,0.6512233485697003,0.5038914
B2A,289a8f7970.jpg,0.9021354299201941,0.20868993
B2A,28a626558d.jpg,0.6871208572480669,0.40922672
B2A,28a7737b48.jpg,0.7111092286311198,0.35884947
B2A,28aab35051.jpg,0.8860975997602809,0.42836335
B2A,28aacb7e4e.jpg,0.8964467487031823,0.34872836
B2A,28aec8dbd4.jpg,0.7872093821926426,0.46898356
B2A,28b05820b1.jpg,0.7289449018028169,0.43674353
B2A,28b57f757f.jpg,0.7558691812864773,0.42819878
B2A,28be9a8202.jpg,0.8410874442902322,0.37054676
B2A,28cf136409.jpg,0.8549793324931709,0.24854991
B2A,28e1c7681e.jpg,0.8625547860860409,0.25525865
B2A,28e27595dc.jpg,0.5752447093928704,0.49959585
B2A,28e7b09f15.jpg,0.7482249737759863,0.3870793
B2A,28f3814945.jpg,0.7594421598716418,0.43753892
B2A,28f9f1a13f.jpg,0.7351637946083182,0.32755646
B2A,28fbbb8f15.jpg,0.8329054238991574,0.25635892
B2A,28fd6bf605.jpg,0.8689687299213037,0.319889
B2A,28ffa0bd39.jpg,0.6246725277405712,0.29604998
B2A,290560fba4.jpg,0.8219990700121079,0.19065157
B2A,290dd4249d.jpg,0.8600877834924917,0.2897727
B2A,291146558e.jpg,0.535010764350851,0.5811559
B2A,292945e24e.jpg,0.9234514991546856,0.24514416
B2A,293b00c315.jpg,0.7691667781967149,0.33520526
B2A,293dadb732.jpg,0.8153107317910973,0.42672056
B2A,2951fe2fe1.jpg,0.894405551820936,0.25973898
B2A,2959168184.jpg,0.7305995026193728,0.32198933
B2A,295b938a05.jpg,0.8565506244366661,0.3620093
B2A,2960920920.jpg,0.6187028904460182,0.5145262
B2A,296b177cad.jpg,0.7958934183348298,0.41866136
B2A,296b8c38bf.jpg,0.9138385451794816,0.26530972
B2A,2971c7ed92.jpg,0.7484645422348144,0.41877717
B2A,297f3a075f.jpg,0.768012953479111,0.30570278
B2A,29864d1221.jpg,0.798268567176745,0.3652894
B2A,29906262a0.jpg,0.8351127254864872,0.36772716
B2A,299495fe20.jpg,0.6883966897396003,0.4908473
B2A,29a0754ddd.jpg,0.8572602700809686,0.38382843
B2A,29aacba212.jpg,0.6809683032483951,0.34346938
B2A,29afd0e0cb.jpg,0.7298581680194057,0.45475858
B2A,29b165f427.jpg,0.8002437429904626,0.43884304
B2A,29c0dfdae4.jpg,0.7946359827547211,0.40343267
B2A,29c34c1abd.jpg,0.9157530895757778,0.14952667
B2A,29d0386f3e.jpg,0.8998528479046118,0.1906499
B2A,29d335a6a9.jpg,0.7366199424677161,0.3142289
B2A,29d58214f1.jpg,0.7152343792628563,0.49621674
B2A,29d8295ed2.jpg,0.7993567967172727,0.35326385
B2A,29e01f8909.jpg,0.870019634246367,0.4524656
B2A,29e7039a4d.jpg,0.8084285797180131,0.25016975
B2A,29eba6fe01.jpg,0.9267102353172401,0.2212804
B2A,29eefa93e2.jpg,0.8622881236950382,0.15286914
B2A,29f28ef872.jpg,0.7042435919231975,0.6666435
B2A,29fe34f752.jpg,0.727314933018278,0.38572368
B2A,29ff35dc7b.jpg,0.7686240848774389,0.46420673
B2A,2a0382cf4c.jpg,0.7861393970494733,0.37005094
B2A,2a114c7c94.jpg,0.639394410833306,0.21556154
B2A,2a13df2bc3.jpg,0.5843647869121311,0.72295046
B2A,2a14b928c4.jpg,0.5439613512143106,0.78874075
B2A,2a18193d91.jpg,0.8417581797050234,0.26520115
B2A,2a199d45e5.jpg,0.9194040484336553,0.22594634
B2A,2a26f69715.jpg,0.897836348236098,0.29683992
B2A,2a3cd42798.jpg,0.7675962360222501,0.31132433
B2A,2a4211a6e4.jpg,0.7179907814510127,0.42254564
B2A,2a4988e4a7.jpg,0.9175827268681949,0.251661
B2A,2a4a9d54a7.jpg,0.8911955214806653,0.25582683
B2A,2a4edec63e.jpg,0.9470730100297883,0.23546362
B2A,2a503386a2.jpg,0.8471168185771161,0.31004927
B2A,2a606d05d8.jpg,0.8204110447237554,0.1843124
B2A,2a6805c1a9.jpg,0.8482733174678688,0.23705482
B2A,2a791629c4.jpg,0.9044585151401836,0.25478494
B2A,2a87a4fbee.jpg,0.5931191838820477,0.4053466
B2A,2a89dc7912.jpg,0.7985036663464302,0.34440526
B2A,2aa39bfaca.jpg,0.7478998445742806,0.2220247
B2A,2acc30abbe.jpg,0.6819567146371618,0.32795593
B2A,2ae4a137a6.jpg,0.8656142282966469,0.32005823
B2A,2af9ea0c85.jpg,0.9213880930732621,0.18589678
B2A,2b057c1cb8.jpg,0.9301921285095844,0.3954193
B2A,2b086b077f.jpg,0.6831115667686268,0.4156227
B2A,2b0beb1f37.jpg,0.553210758668654,0.4308668
B2A,2b0c82824b.jpg,0.8053927961208366,0.28221095
B2A,2b1102f3b4.jpg,0.8549292077937165,0.22201228
B2A,2b19987d57.jpg,0.8226324070306528,0.40151682
B2A,2b19a7b5d3.jpg,0.7894264198893949,0.5602321
B2A,2b222ce74d.jpg,0.8631482209190426,0.369223
B2A,2b22c8b439.jpg,0.6255905216752785,0.38401008
B2A,2b2486be40.jpg,0.8475048331794576,0.35127178
B2A,2b28a6f69a.jpg,0.8709545734080844,0.19412705
B2A,2b2ae4cd5f.jpg,0.893125016395642,0.2464187
B2A,2b2b63d51c.jpg,0.9173257512929303,0.22473767
B2A,2b2efc29c6.jpg,0.8986448612727279,0.15983745
B2A,2b3a026f51.jpg,0.6923609483527713,0.46708563
B2A,2b516f78d1.jpg,0.6626254396131951,0.3441924
B2A,2b62ea6ed1.jpg,0.8903511444787737,0.33532542
B2A,2b68e09fa5.jpg,0.8004853699421228,0.25745606
B2A,2b6cd9bbf2.jpg,0.7663577058281558,0.55922997
B2A,2b7402e62d.jpg,0.8773612262406006,0.5521818
B2A,2b83d60844.jpg,0.7003836245185062,0.59754735
B2A,2b977b06b6.jpg,0.799955861640362,0.4159596
B2A,2ba042499d.jpg,0.640447606599237,0.5061301
B2A,2ba2325c69.jpg,0.9135633772047174,0.33218834
B2A,2bb040da92.jpg,0.79131322168509,0.32014155
B2A,2bb16be25b.jpg,0.7286476920826187,0.45753038
B2A,2bb4efac43.jpg,0.9425758625238364,0.32528585
B2A,2bba709f10.jpg,0.8532230000772185,0.3615108
B2A,2bd4e078d7.jpg,0.6837187752284369,0.3338412
B2A,2be00d7888.jpg,0.8678004334497275,0.2345253
B2A,2be5e776d7.jpg,0.6995457458489077,0.31776458
B2A,2c0394a36e.jpg,0.6818446743386408,0.5312854
B2A,2c060d43db.jpg,0.7113602644893721,0.53353727
B2A,2c0a22b1bd.jpg,0.7621038021734013,0.4585587
B2A,2c1f8326a4.jpg,0.7538818134217378,0.51758784
B2A,2c28975fee.jpg,0.7531319754131112,0.38007513
B2A,2c2e9d9c74.jpg,0.8613971546776827,0.27260968
B2A,2c525980b1.jpg,0.8753025538682815,0.1933301
B2A,2c5cd7dde6.jpg,0.8223318988711649,0.43234876
B2A,2c5deec20d.jpg,0.6068809833143068,0.5465268
B2A,2c64a2295e.jpg,0.8072306260722605,0.32126254
B2A,2c7f80aab7.jpg,0.752500019179534,0.5382306
B2A,2c84e8d012.jpg,0.9065707589158631,0.24876508
B2A,2c8672a913.jpg,0.6637104272161807,0.5062477
B2A,2c885d1c89.jpg,0.7453141976962336,0.33337966
B2A,2c982c58a5.jpg,0.8638795901151785,0.24086107
B2A,2ca2d1287f.jpg,0.7467148845188978,0.4056154
B2A,2ca79c8d4a.jpg,0.7889617888792524,0.45296162
B2A,2ca8ab24ef.jpg,0.8503696976124219,0.31404233
B2A,2cbb870493.jpg,0.8170056802473601,0.3344186
B2A,2cc7029c30.jpg,0.6935233157334226,0.43452406
B2A,2cd1818a6f.jpg,0.7804188125416368,0.3111216
B2A,2cd4ca4ff7.jpg,0.9034021376732365,0.31811693
B2A,2cdbb209dd.jpg,0.8104169943942187,0.40535057
B2A,2ce0a774cc.jpg,0.5885453785053941,0.49903345
B2A,2ce4fe7434.jpg,0.7753299913966044,0.4143784
B2A,2ce941f6ea.jpg,0.8431433329886733,0.22117719
B2A,2cf4cac9df.jpg,0.842458576507066,0.2942276
B2A,2cf4fcd902.jpg,0.6206985269106019,0.52322936
B2A,2cf96e5d1d.jpg,0.8765868391800777,0.23540345
B2A,2cfd8877ea.jpg,0.8012127443903552,0.2602712
B2A,2d0075fb17.jpg,0.785570418483786,0.45326373
B2A,2d16d2379d.jpg,0.933884833451193,0.20259494
B2A,2d1fc447a1.jpg,0.6600369410440509,0.28942123
B2A,2d21050a7e.jpg,0.7164636636259508,0.59449995
B2A,2d220cb18e.jpg,0.7495679163708803,0.34609193
B2A,2d25168671.jpg,0.8713458077113522,0.34673402
B2A,2d44d8ede7.jpg,0.8834106287169964,0.29545605
B2A,2d48369700.jpg,0.6777975150030543,0.5601123
B2A,2d4e2c6a70.jpg,0.6220518287690348,0.40973786
B2A,2d4e5384ab.jpg,0.7442098659603679,0.40867257
B2A,2d5082427e.jpg,0.7560812950545505,0.3451719
B2A,2d5abca3d6.jpg,0.9199874639851748,0.23428333
B2A,2d6265411d.jpg,0.7888099626578013,0.35914353
B2A,2d637a7346.jpg,0.6664627475601407,0.3305212
B2A,2d7aba6183.jpg,0.6919384906557483,0.52115667
B2A,2d7deb9968.jpg,0.8701945990630153,0.27219683
B2A,2d903e93c5.jpg,0.7525953494755979,0.5090927
B2A,2d95ae6eb2.jpg,0.7228244688187184,0.43721372
B2A,2d9bfdb911.jpg,0.7855559525974387,0.484024
B2A,2da40e05e0.jpg,0.7593324480397458,0.32766232
B2A,2da41f7e22.jpg,0.8607045003790863,0.3308306
B2A,2dac7d65e9.jpg,0.8879809720113093,0.34977525
B2A,2dacb0a259.jpg,0.8896176813875053,0.2595316
B2A,2daf4ce562.jpg,0.7492968854296921,0.3671148
B2A,2db034b46c.jpg,0.7747431850715658,0.44875622
B2A,2db14aa0ac.jpg,0.7073002022390048,0.43070117
B2A,2db8fdcdb6.jpg,0.8376015337145211,0.3152805
B2A,2dd1d30221.jpg,0.9310927385945923,0.2029196
B2A,2dd4f95b88.jpg,0.7089341085246922,0.48235452
B2A,2dd9275de3.jpg,0.8734356888644115,0.30670652
B2A,2ddc57dd19.jpg,0.8440575047646973,0.31708163
B2A,2ddd51611c.jpg,0.6619162777942493,0.6149419
B2A,2dec4e77ed.jpg,0.8950695777991613,0.2350525
B2A,2dec9e5cf3.jpg,0.9111117620490027,0.250068
B2A,2dfec6a775.jpg,0.7710171403757052,0.3977613
B2A,2e00f465c3.jpg,0.5887962602950786,0.64932954
B2A,2e09380c2a.jpg,0.8017927980722006,0.28667042
B2A,2e1753ba9b.jpg,0.8945341487445619,0.4864393
B2A,2e1c6fc11b.jpg,0.612671667149378,0.33329418
B2A,2e2e206c28.jpg,0.8939462674012897,0.4998178
B2A,2e301d7558.jpg,0.7008828216212709,0.45011675
B2A,2e517b8314.jpg,0.7714594439375831,0.20522496
B2A,2e5fbd7286.jpg,0.8056418965377621,0.2690729
B2A,2e6ec4908b.jpg,0.7875020448772091,0.34289187
B2A,2e7742679f.jpg,0.8548861247907867,0.36153647
B2A,2e78e51950.jpg,0.7438871397029351,0.32559365
B2A,2e78e73bea.jpg,0.6814540729535212,0.4840011
B2A,2e7bf7b6d7.jpg,0.7830107773509375,0.3822386
B2A,2e90f3f80e.jpg,0.7724999151975032,0.35433078
B2A,2eaec67b91.jpg,0.713528229392482,0.51252747
B2A,2ec41d4134.jpg,0.7784444177768232,0.31340596
B2A,2ecf4e49d6.jpg,0.8020595294882915,0.40545106
B2A,2ee3c2e52e.jpg,0.7328993798837301,0.3405547
B2A,2ee77c2635.jpg,0.770463299228141,0.3351235
B2A,2ef2770a26.jpg,0.7290246887769533,0.4717782
B2A,2f109a6785.jpg,0.7635319499981849,0.4313457
B2A,2f16239804.jpg,0.8204858100777527,0.262283
B2A,2f1aabf863.jpg,0.8946168320750834,0.37575585
B2A,2f1cadb0b7.jpg,0.8411975194250998,0.44688493
B2A,2f220b23a4.jpg,0.7248162329315531,0.58560157
B2A,2f23c7dfd2.jpg,0.8345383612064592,0.2652391
B2A,2f33daf7c6.jpg,0.6597368988272801,0.3349748
B2A,2f5081e946.jpg,0.8890656664484694,0.23749664
B2A,2f8ca8f7dd.jpg,0.9190257281333113,0.32273716
B2A,2f9d43719d.jpg,0.7817157997825115,0.68222123
B2A,2f9dac2cfc.jpg,0.5382828725175397,0.5314907
B2A,2fa3a1847b.jpg,0.9018204853802959,0.33986163
B2A,2fa51ca1fa.jpg,0.7512059279227923,0.37213445
B2A,2fb1aee127.jpg,0.8606251313561593,0.2759636
B2A,2fb56b3050.jpg,0.8646312327295386,0.18154195
B2A,2fb9a62d4f.jpg,0.7553769023899298,0.33025715
B2A,2fbd381154.jpg,0.6580974866854323,0.6270516
B2A,2fcca3b171.jpg,0.9370341454037018,0.19341594
B2A,2fd530981b.jpg,0.792204042337591,0.35098317
B2A,2fde227d1f.jpg,0.6899877320946705,0.37280503
B2A,2ffdb7bb25.jpg,0.7800660567298684,0.39931792
B2A,2fffa9b80b.jpg,0.7452686426998658,0.3755701
B2A,2ffff1f4b7.jpg,0.7668845339947155,0.34782964
B2A,300bfa61ee.jpg,0.6833730260619262,0.6590041
B2A,300de48204.jpg,0.8428097302912544,0.32951742
B2A,30126b0c64.jpg,0.7249424376735091,0.49559474
B2A,3012de7eed.jpg,0.7277087136766205,0.45612076
B2A,3016a28e9d.jpg,0.7822608868143776,0.40771073
B2A,3023c7e91c.jpg,0.6880150137481523,0.5643518
B2A,3036b97556.jpg,0.8361847220321919,0.26524472
B2A,303b61552d.jpg,0.8053308832495001,0.42641437
B2A,304070d771.jpg,0.7744358308904266,0.6660503
B2A,30466cabde.jpg,0.6286454634408454,0.35841948
B2A,3047c6263a.jpg,0.8704368959064632,0.42184415
B2A,304c2f4d34.jpg,0.7799557643669568,0.45788175
B2A,304fd99da4.jpg,0.6155558249224583,0.42881286
B2A,305e8c1906.jpg,0.8180031130096423,0.22805561
B2A,305fc59b7e.jpg,0.715673725987722,0.63869977
B2A,306397c35a.jpg,0.6982026363056425,0.29484773
B2A,30647276ab.jpg,0.7554998983574498,0.5098442
B2A,306ebd4b5c.jpg,0.9253250778731863,0.280469
B2A,306fdd232d.jpg,0.9101773676306086,0.39912766
B2A,30704449eb.jpg,0.7954200851595846,0.35384455
B2A,3070a4c8b0.jpg,0.7642348590483979,0.38283792
B2A,30718dc781.jpg,0.9200117218176669,0.5024586
B2A,307d716b38.jpg,0.9253771494626706,0.3148357
B2A,30821a129e.jpg,0.6324524442781372,0.34906778
B2A,30c43e2fe9.jpg,0.9344728452669568,0.24390611
B2A,30ca82141f.jpg,0.7666123740465146,0.56042516
B2A,30d24dd7c8.jpg,0.7104868838304319,0.6376389
B2A,30ea353d97.jpg,0.871638847492157,0.35444272
B2A,30ea58dabb.jpg,0.7842845601189673,0.39382544
B2A,30f4a36c95.jpg,0.8145654146783385,0.27055573
B2A,30ff35c5af.jpg,0.8496468434040235,0.32379523
B2A,3116136a42.jpg,0.7867429435236579,0.2480481
B2A,312c2be90b.jpg,0.7913848352532692,0.27099684
B2A,313cd1f3e0.jpg,0.7234490883283522,0.4226994
B2A,3150771433.jpg,0.5418837952826645,0.4056591
B2A,3165c39cd3.jpg,0.74169599093355,0.3703216
B2A,3178a6117e.jpg,0.7132281801165631,0.3749719
B2A,317b731059.jpg,0.8199843235111371,0.39100707
B2A,317ecf9e9d.jpg,0.9281821286452585,0.38191563
B2A,31819e2fb6.jpg,0.7815084634201791,0.41371807
B2A,318d2dd948.jpg,0.785479211649165,0.42159563
B2A,319031271d.jpg,0.7937787768969699,0.38445228
B2A,319b17bbb4.jpg,0.883568214813001,0.27020448
B2A,319b8157e2.jpg,0.8896263260764792,0.42102727
B2A,319de8a4c3.jpg,0.8158943412391443,0.5407468
B2A,31af3a1906.jpg,0.6352002602671171,0.62099177
B2A,31dd6a20fc.jpg,0.8828141107493884,0.23621605
B2A,31e3562ead.jpg,0.8149457582851896,0.3650002
B2A,31ebef8c4c.jpg,0.7179977707273555,0.69651794
B2A,31ecf73a02.jpg,0.9442181109730217,0.28645894
B2A,31fbb87d97.jpg,0.6446831491201873,0.33943826
B2A,31fdcfab86.jpg,0.8819452198685195,0.18005994
B2A,32076ecaf2.jpg,0.8164809874872466,0.2572289
B2A,3213f8108a.jpg,0.803393725099286,0.30357373
B2A,3224e61375.jpg,0.9118177394432616,0.21917902
B2A,32277975c5.jpg,0.5947963415331238,0.45387238
B2A,3250368377.jpg,0.852757746016052,0.26842633
B2A,325120c998.jpg,0.8517599568253121,0.25794396
B2A,32639bab15.jpg,0.6484371197179989,0.41220617
B2A,3277390c9b.jpg,0.7153905056934705,0.47661534
B2A,3278d87456.jpg,0.882349213322397,0.34763527
B2A,327bbda45b.jpg,0.8819242175986935,0.19154812
B2A,328321b466.jpg,0.782046436598434,0.3081128
B2A,32882d9a83.jpg,0.7143056985974002,0.44179708
B2A,3291187d91.jpg,0.5541532990278639,0.446258
B2A,32a1470651.jpg,0.8634804858028776,0.3443077
B2A,32ae69a50f.jpg,0.6438834169441073,0.50992346
B2A,32b537e6de.jpg,0.923834286447237,0.25311148
B2A,32bb26374a.jpg,0.7884353488499389,0.40020955
B2A,32bcb20dae.jpg,0.8887879931340967,0.309683
B2A,32cb5db524.jpg,0.7444094330378672,0.35133174
B2A,32d3f34515.jpg,0.7549481067383659,0.31143734
B2A,32d98e72dd.jpg,0.6986832308223597,0.483084
B2A,32dde12686.jpg,0.747690472470392,0.48363128
B2A,32df0e0408.jpg,0.7006425489531077,0.23226778
B2A,32edfa9c9d.jpg,0.9032750376707768,0.20295551
B2A,32f3055dff.jpg,0.931972457387474,0.2448056
B2A,32fae726b3.jpg,0.6119149467021192,0.61992395
B2A,32fdfa3c24.jpg,0.61235097038126,0.4075377
B2A,33032dc5ad.jpg,0.7258072558265183,0.43314472
B2A,33084e742e.jpg,0.7458015135750643,0.37195802
B2A,330fa8a7a8.jpg,0.7469228047519426,0.59384984
B2A,3316c8daed.jpg,0.8687803372091578,0.26603162
B2A,331f082a0b.jpg,0.6611339844708429,0.28764787
B2A,33244a8ba9.jpg,0.8412463873977877,0.2790899
B2A,332da05c9c.jpg,0.8463710634017252,0.46016002
B2A,3335cea81d.jpg,0.7816753510944393,0.5287857
B2A,33392f6dea.jpg,0.8011511592084607,0.51860535
B2A,333b2e7121.jpg,0.9468588847694406,0.14690441
B2A,334259faa0.jpg,0.8662629544581069,0.28137583
B2A,33439a9a62.jpg,0.8153509552875279,0.53449124
B2A,335adb946b.jpg,0.8664243948876602,0.16456586
B2A,335bf2f75a.jpg,0.8898704151133738,0.44544092
B2A,335d7fa61b.jpg,0.740095680999988,0.4051988
B2A,336e786f25.jpg,0.7188607154148977,0.30214253
B2A,337a9d7475.jpg,0.5871860530550089,0.4210583
B2A,338fec22de.jpg,0.5544211193112738,0.58858454
B2A,339d590103.jpg,0.926802762693669,0.24506637
B2A,339db96fd4.jpg,0.6886272566045633,0.30161178
B2A,33a24fd568.jpg,0.8159055202324673,0.39771006
B2A,33b29070dc.jpg,0.8578688064401009,0.35578862
B2A,33b5473fb6.jpg,0.6163227125102219,0.46078324
B2A,33bae37b7a.jpg,0.858103818528875,0.2283867
B2A,33baf9fee5.jpg,0.7115920500434212,0.40159342
B2A,33bd2f6360.jpg,0.871063566780752,0.27233315
B2A,33c737f426.jpg,0.8808820559646744,0.20043753
B2A,33ce5179c2.jpg,0.795941941568547,0.2476518
B2A,33d7e16c5c.jpg,0.8472518159048193,0.19703123
B2A,33e21e0ee8.jpg,0.957072608060956,0.1748428
B2A,33e4c897aa.jpg,0.9303490821511824,0.26801908
B2A,33f2df4cbe.jpg,0.7379393248329994,0.36366987
B2A,33ffdde2a0.jpg,0.7617296500133736,0.40767857
B2A,340c575487.jpg,0.6740834120414212,0.41355708
B2A,3414d1e597.jpg,0.7137643632201877,0.44357136
B2A,341acd12b6.jpg,0.928978036929401,0.18421121
B2A,34300a53dd.jpg,0.5644567789696496,0.5168704
B2A,343035e393.jpg,0.8507402722219615,0.3097156
B2A,3433e1373b.jpg,0.8533370980679075,0.21609044
B2A,3434712cc3.jpg,0.8801995476091817,0.31470653
B2A,34380cf889.jpg,0.758363370089746,0.52602804
B2A,343e090a43.jpg,0.8147534678971601,0.35939112
B2A,343fa4c0eb.jpg,0.8897579003623229,0.3636385
B2A,3447169f2b.jpg,0.571321669162712,0.58594716
B2A,344cac7fe0.jpg,0.745645700129107,0.3255062
B2A,345ee88105.jpg,0.7628459722102479,0.14556618
B2A,346579c393.jpg,0.6202361698616913,0.32603556
B2A,346a66651d.jpg,0.7445311195907999,0.36939174
B2A,347519baef.jpg,0.7586146729061046,0.402305
B2A,347a1a864e.jpg,0.9309287343839063,0.25093412
B2A,3480de8e9c.jpg,0.8111883743285814,0.32078925
B2A,3482a0b159.jpg,0.7959098185234185,0.4984097
B2A,34840c34c1.jpg,0.818825018067265,0.24769211
B2A,348e12ab8b.jpg,0.9071545833414032,0.28150836
B2A,3493315b15.jpg,0.8412934258525486,0.289851
B2A,34961a9ee6.jpg,0.8601574741995942,0.3717379
B2A,349afdf79d.jpg,0.8320960642134178,0.3528865
B2A,349eab5771.jpg,0.8583594708310428,0.3031991
B2A,34a0d6d394.jpg,0.7642730420029071,0.3118577
B2A,34a5e6c55b.jpg,0.7399360225659708,0.59670687
B2A,34a9eba898.jpg,0.7180344837991676,0.5370632
B2A,34b514be69.jpg,0.7782385762099618,0.3838003
B2A,34b51c7261.jpg,0.6987256151580432,0.5282662
B2A,34c5f04545.jpg,0.7392755534443517,0.4609097
B2A,34cbab9a5d.jpg,0.8317204326945428,0.3809303
B2A,34cf1b263e.jpg,0.8279968707132289,0.3442916
B2A,34daf62663.jpg,0.830473879957005,0.37401727
B2A,34e314407f.jpg,0.9085846305501601,0.23212108
B2A,34e66708aa.jpg,0.7452830803884617,0.30070227
B2A,34e95595ce.jpg,0.8795145924919945,0.289724
B2A,34eac9ab64.jpg,0.7873082758383548,0.37670115
B2A,34f4d5c9d4.jpg,0.7173497944145921,0.3959538
B2A,34fb6596e1.jpg,0.8068528077469301,0.460656
B2A,34fe687882.jpg,0.7800829822160462,0.30844113
B2A,350b5ebef7.jpg,0.8725446497437472,0.26073518
B2A,350d2a84d5.jpg,0.7233486980104369,0.51825535
B2A,351e2041bb.jpg,0.9096251018478513,0.2722633
B2A,3528e213a3.jpg,0.6488306424661225,0.58471966
B2A,352c83ab74.jpg,0.9311160017630951,0.2461656
B2A,352e273208.jpg,0.8556914928818744,0.26012373
B2A,35395df60a.jpg,0.8784566223699782,0.20165494
B2A,353a61be7f.jpg,0.8314220992931022,0.22940858
B2A,353dedb268.jpg,0.8284210328436016,0.33905312
B2A,353e6a68f4.jpg,0.732280130394156,0.40912208
B2A,355475c717.jpg,0.8534897078836837,0.26578033
B2A,355c86cd3d.jpg,0.6754130089519342,0.5025103
B2A,356a62efca.jpg,0.7494585752297047,0.40896675
B2A,356caca006.jpg,0.7934577763320484,0.34555376
B2A,358670e605.jpg,0.9162435148309349,0.40046585
B2A,358b265ed6.jpg,0.703181520994215,0.46604276
B2A,35945cd71c.jpg,0.7839295070443434,0.3615223
B2A,359495f7a4.jpg,0.7453553103109497,0.47168064
B2A,35961ab226.jpg,0.8519725891451521,0.31689313
B2A,3596426373.jpg,0.7036969209032149,0.4769544
B2A,359b6a2430.jpg,0.8812935620195681,0.35867485
B2A,35b0c24b22.jpg,0.8546621983041505,0.23606914
B2A,35dd92bfb3.jpg,0.8576115173868643,0.33801556
B2A,35e792eb1a.jpg,0.7729047465183875,0.22295491
B2A,35e7c9ec58.jpg,0.8561070107380869,0.38311023
B2A,35ed01ca2e.jpg,0.8998850322061528,0.2575054
B2A,35ed52c72f.jpg,0.7958738385620745,0.3508042
B2A,35fab228d4.jpg,0.8201975491001037,0.30773252
B2A,36000244a2.jpg,0.7160575819401562,0.43772715
B2A,3608d6b3ac.jpg,0.8775201734323449,0.3569989
B2A,360a1c7c80.jpg,0.8035949601880825,0.48251635
B2A,361f298a02.jpg,0.6114040405026498,0.41955814
B2A,3621a894db.jpg,0.8781505546095647,0.32542127
B2A,362204f307.jpg,0.8448825795471663,0.30949134
B2A,362511599b.jpg,0.7369363674618697,0.35057208
B2A,36261d4302.jpg,0.726884655506375,0.39319217
B2A,3632f44a7c.jpg,0.691649722005147,0.35420778
B2A,3648d77005.jpg,0.5886675882261523,0.47502622
B2A,3656053e31.jpg,0.759007730535938,0.42628253
B2A,3657ef6b24.jpg,0.8372533560611634,0.31841442
B2A,368b9526b7.jpg,0.7563065963169135,0.3023833
B2A,368ee43922.jpg,0.9410236428681102,0.130147
B2A,3691380fa5.jpg,0.8557236988332125,0.18912964
B2A,3695170ba2.jpg,0.856290960461179,0.4453507
B2A,369897af38.jpg,0.8471397876682216,0.35467425
B2A,36a77b49fe.jpg,0.818313681698464,0.29837623
B2A,36a93aa776.jpg,0.7862862750611672,0.21626937
B2A,36a9509d21.jpg,0.7374952602240585,0.3236375
B2A,36ad6eb2d8.jpg,0.8077850449369861,0.31272376
B2A,36b37b892a.jpg,0.8545247311326994,0.38486493
B2A,36bafe2801.jpg,0.631001060223817,0.5038006
B2A,36bcc9afa9.jpg,0.9444320661817307,0.29281822
B2A,36d67864d9.jpg,0.8072391728029821,0.4030881
B2A,36d957036d.jpg,0.7310249861568148,0.24125111
B2A,36daf4d43d.jpg,0.8476109132344363,0.44310883
B2A,36e4004846.jpg,0.8594792006011186,0.2777648
B2A,36eb013265.jpg,0.8709633982222064,0.20870346
B2A,36eccca3ab.jpg,0.8301524887801369,0.23744638
B2A,36f18cca17.jpg,0.9246048234378428,0.22986262
B2A,36f6aeb966.jpg,0.791474384765214,0.35128653
B2A,37075ca2ee.jpg,0.7945248678275332,0.4152953
B2A,371c59835b.jpg,0.861979160321808,0.33515373
B2A,371f2829aa.jpg,0.5916876285480923,0.58104205
B2A,372d828feb.jpg,0.7463240697732311,0.5452504
B2A,372dc58821.jpg,0.6475632832326643,0.4464915
B2A,37322d9ff2.jpg,0.8170418628090147,0.23145162
B2A,3744adb842.jpg,0.7989383524961688,0.3310541
B2A,374d5245d4.jpg,0.7929304676772786,0.29915628
B2A,3751b9831c.jpg,0.7892814080875378,0.26393163
B2A,376073b21e.jpg,0.8244872349028578,0.3189144
B2A,376ddd69e6.jpg,0.6715701763170587,0.60571444
B2A,376f1b5edb.jpg,0.6692327128889208,0.36909524
B2A,377329db11.jpg,0.7184937328205034,0.30398414
B2A,3778fecb0c.jpg,0.8981021376567716,0.25606576
B2A,3789eceb0c.jpg,0.9242045790944855,0.12598139
B2A,37911bdb2c.jpg,0.9058643394505159,0.24838562
B2A,37917ad369.jpg,0.8094039715400487,0.28985003
B2A,37928f6999.jpg,0.8903333318610986,0.44773683
B2A,379b25d4d3.jpg,0.6394233660236347,0.50427663
B2A,37a5918d6f.jpg,0.7317541958890437,0.22173017
B2A,37a90c2b86.jpg,0.8098107687339859,0.4377116
B2A,37aabb8541.jpg,0.8449278386450593,0.29487336
B2A,37b12b7bc9.jpg,0.706468394051984,0.47073638
B2A,37b740d8f8.jpg,0.7292008941936478,0.41822106
B2A,37c5732454.jpg,0.8790018207332312,0.3446265
B2A,37c6dc5971.jpg,0.795433123010628,0.4882598
B2A,37cc9acfc2.jpg,0.9026255310303322,0.34120572
B2A,37cfa76bf2.jpg,0.8825471824391465,0.21917629
B2A,37d0b619d1.jpg,0.646915666590179,0.3674658
B2A,37d3e79b71.jpg,0.8275682523320131,0.24050625
B2A,37df208f9f.jpg,0.7856168221528644,0.5719107
B2A,37eb07f626.jpg,0.9256709860137625,0.22741711
B2A,37f738e7bc.jpg,0.836522692224983,0.24549712
B2A,37fba790de.jpg,0.9253283067669705,0.1911021
B2A,38062f7d79.jpg,0.6822587970322872,0.5564461
B2A,38070f5dbb.jpg,0.7261859775372569,0.4905298
B2A,38086cf21f.jpg,0.8932185615024554,0.35502958
B2A,381267e62a.jpg,0.7631705361902553,0.42087457
B2A,381280b99b.jpg,0.8476754423703957,0.36492142
B2A,381d086c95.jpg,0.7767880018451659,0.3692152
B2A,3820d34bd5.jpg,0.7862741556852749,0.454315
B2A,3833afaa5a.jpg,0.8684083164791664,0.27794093
B2A,383bfdbd98.jpg,0.786776547170986,0.39486307
B2A,3842636752.jpg,0.8032172566539173,0.5973056
B2A,385d53e164.jpg,0.709097340905086,0.6701123
B2A,385f8eb28d.jpg,0.5745873059785428,0.4307262
B2A,3860dba6e7.jpg,0.8338749131899234,0.26143125
B2A,38629959ac.jpg,0.8607342320449544,0.514498
B2A,3865b242b9.jpg,0.846089623830594,0.19124503
B2A,38662909dd.jpg,0.6897113237016286,0.48931333
B2A,38684f015e.jpg,0.913433619301395,0.5009118
B2A,386a3c0897.jpg,0.7168639700425142,0.5865091
B2A,3876bbbae0.jpg,0.7841219160241362,0.371767
B2A,3886187ed1.jpg,0.7128159178838237,0.45613354
B2A,3891ee053e.jpg,0.827439706826505,0.35275504
B2A,38992f60c4.jpg,0.8142729905160312,0.30563834
B2A,38993b35f9.jpg,0.8079560234267561,0.25664854
B2A,389acc824c.jpg,0.716110899028748,0.53293806
B2A,389cbe6e1a.jpg,0.9168986206825424,0.27735043
B2A,38bb0ec345.jpg,0.7011641281307589,0.3371184
B2A,38c6532fe1.jpg,0.7519546524365573,0.3289587
B2A,38c88ad59d.jpg,0.9126245138952381,0.28684178
B2A,38cb53af79.jpg,0.8386282025659805,0.24927247
B2A,38d00950b6.jpg,0.6173217466423888,0.44306946
B2A,38d0de69d8.jpg,0.8093678406993586,0.41438675
B2A,38d5379f18.jpg,0.8554192235393354,0.46041483
B2A,38d71d4dfe.jpg,0.7898355922802206,0.54384744
B2A,38d9042083.jpg,0.8410447389511054,0.19409476
B2A,38deab6c01.jpg,0.826260415515882,0.4143304
B2A,38dfbc95b7.jpg,0.6711260867114313,0.49292907
B2A,38ebf8fc82.jpg,0.7254590020300422,0.4419534
B2A,38f185baa6.jpg,0.7261826877251535,0.3219598
B2A,390f3f16d6.jpg,0.7974903997212881,0.504032
B2A,3915c24d8d.jpg,0.7245089459594601,0.49226308
B2A,3916d76a57.jpg,0.6967264101747173,0.50969076
B2A,392c032d0e.jpg,0.8476214846730643,0.27995455
B2A,3941a52677.jpg,0.8877382709624301,0.1393156
B2A,394a38353e.jpg,0.7532673122725347,0.48380023
B2A,39545bce2e.jpg,0.8962024184234577,0.3593373
B2A,396b917aad.jpg,0.8325420235872556,0.3852294
B2A,39780192ea.jpg,0.7387691080409253,0.34772986
B2A,398849f59d.jpg,0.8172891744708806,0.3339224
B2A,39b7d694de.jpg,0.6964735668423596,0.46539515
B2A,39c1270676.jpg,0.8096954977889522,0.37377727
B2A,39db6bdbbe.jpg,0.7332735524704027,0.5226129
B2A,39ff1e8568.jpg,0.6653106512041651,0.27929598
B2A,3a0046ee0d.jpg,0.7073895474863338,0.43672174
B2A,3a00c416f6.jpg,0.7807387025722524,0.370881
B2A,3a2f29ea97.jpg,0.8700718164186084,0.30847323
B2A,3a36ff8b4b.jpg,0.7472183001566585,0.389844
B2A,3a423d3645.jpg,0.8657910649117583,0.4298022
B2A,3a4414aa6b.jpg,0.5533715109030326,0.495884
B2A,3a582c9914.jpg,0.7753782036661974,0.30355644
B2A,3a5b6e28e0.jpg,0.8831211071501476,0.33637458
B2A,3a5c7e707a.jpg,0.656372130215158,0.4691455
B2A,3a747d8723.jpg,0.8459647596452047,0.24952404
B2A,3a7a0992dd.jpg,0.8634983669861047,0.4043837
B2A,3a82bd4f2a.jpg,0.7030112813420029,0.46216843
B2A,3a872d9357.jpg,0.794975281969429,0.45210382
B2A,3a91a66bdd.jpg,0.862236823326298,0.26800036
B2A,3a9483311f.jpg,0.7229432247845924,0.5067966
B2A,3a9d528df2.jpg,0.6707044199410621,0.5606881
B2A,3ab31603e2.jpg,0.7181207491221734,0.33606538
B2A,3abca1ec15.jpg,0.8025888334079814,0.2543245
B2A,3ac5c5efeb.jpg,0.7782976466278456,0.5800549
B2A,3acafb52ae.jpg,0.8162046523067373,0.17559575
B2A,3ad0aa389f.jpg,0.7960788138589492,0.5476683
B2A,3ade5505ba.jpg,0.7444458610017565,0.39842725
B2A,3adf6a85e3.jpg,0.7888765491849999,0.2270788
B2A,3af0aaf3ee.jpg,0.7231666760397708,0.49680057
B2A,3af3151f7f.jpg,0.8373674560580959,0.32166472
B2A,3afa5083c1.jpg,0.7712656802796577,0.3562248
B2A,3b047fc766.jpg,0.6442764019070317,0.57460296
B2A,3b20ee7aa5.jpg,0.9218184384417061,0.26803043
B2A,3b28c6b97b.jpg,0.822258859795743,0.22316402
B2A,3b312d0ac5.jpg,0.7969486514096098,0.31028578
B2A,3b368db4be.jpg,0.8647414640684202,0.3752233
B2A,3b3f9ecd9d.jpg,0.9470459321300776,0.13566363
B2A,3b3fd02a40.jpg,0.8168535490645312,0.38613716
B2A,3b465f08bf.jpg,0.8276890801479675,0.32937652
B2A,3b4b485df5.jpg,0.765517272626145,0.38137296
B2A,3b4e045bb7.jpg,0.6257426402828178,0.5037238
B2A,3b57973eb2.jpg,0.8105055002400012,0.3454117
B2A,3b5d843f5a.jpg,0.7310823350682806,0.38445687
B2A,3b64a40750.jpg,0.7217492247617782,0.30364874
B2A,3b6a39a00d.jpg,0.6763523801088964,0.4621105
B2A,3b6c01176c.jpg,0.7033524316377662,0.3477555
B2A,3b71b87d37.jpg,0.8411760424305148,0.25417045
B2A,3b76682887.jpg,0.7588132163120537,0.39655006
B2A,3b855caae4.jpg,0.791770885897263,0.37990698
B2A,3bae3d1712.jpg,0.8406666501702587,0.18074116
B2A,3bc75876be.jpg,0.8315131374356127,0.16757543
B2A,3bcafe027c.jpg,0.889741744678764,0.2674952
B2A,3bcc67701d.jpg,0.6935420121758847,0.54956716
B2A,3bd85aead5.jpg,0.7960394758478984,0.3013512
B2A,3bd8747102.jpg,0.8734768761078214,0.44003835
B2A,3bd9ddc108.jpg,0.7999101413976861,0.21918511
B2A,3be1aea5fc.jpg,0.8662621343812094,0.24084994
B2A,3bed43f9f6.jpg,0.7025798105280039,0.5190077
B2A,3bf9ac1eb3.jpg,0.772454189923436,0.2511169
B2A,3bff224652.jpg,0.8323361523724602,0.346225
B2A,3c048f020d.jpg,0.6608320380610135,0.40443435
B2A,3c07362391.jpg,0.7282484981006305,0.3645997
B2A,3c1963d1f8.jpg,0.7725452010906831,0.25291136
B2A,3c21346fb9.jpg,0.8524236187724191,0.56819606
B2A,3c327deaca.jpg,0.8474586960733195,0.41521928
B2A,3c3c78be02.jpg,0.8725899811508713,0.23584446
B2A,3c4406fa5a.jpg,0.7024326147327374,0.4779607
B2A,3c52316f14.jpg,0.49582937772038194,0.6527326
B2A,3c53ee8af8.jpg,0.9036203336879332,0.37241563
B2A,3c5cdd7090.jpg,0.7892790094001354,0.5151435
B2A,3c5e76d1e3.jpg,0.8204456848716054,0.3398986
B2A,3c65d848ee.jpg,0.8953828126848243,0.23416044
B2A,3c6fe5de40.jpg,0.7214781544887717,0.38066497
B2A,3c72375e57.jpg,0.8530997770460955,0.38046736
B2A,3c7383e41b.jpg,0.778588616686379,0.28803173
B2A,3c750a98db.jpg,0.8328057336925869,0.34296983
B2A,3c7a019967.jpg,0.8328564960950354,0.18004279
B2A,3c840700fc.jpg,0.9333885950166441,0.18780357
B2A,3c8591595d.jpg,0.9083679070548452,0.38772503
B2A,3c8d055dde.jpg,0.8442208780715856,0.27938032
B2A,3c8de7efcc.jpg,0.7109908366465286,0.38502744
B2A,3c92f9da89.jpg,0.7302185641667537,0.5165688
B2A,3ca88b5bae.jpg,0.7460446345342973,0.3275969
B2A,3caa03fcca.jpg,0.7727211213404183,0.32328498
B2A,3cc4339658.jpg,0.8782148536764594,0.25269493
B2A,3cc6896a14.jpg,0.7628949500555594,0.50786555
B2A,3cc973e9c6.jpg,0.7042569647249661,0.43253258
B2A,3cca867846.jpg,0.8608850651377085,0.29634583
B2A,3ccbf381cc.jpg,0.7389916995373872,0.36386237
B2A,3cd0ce8fcd.jpg,0.840469903771792,0.20877665
B2A,3cd43a2690.jpg,0.8684294101640414,0.27124545
B2A,3cdbcd6c29.jpg,0.7386905221306017,0.38539362
B2A,3ce8fe7b80.jpg,0.8227472831332798,0.5235076
B2A,3cf977901c.jpg,0.6226294575634035,0.5643857
B2A,3cff22e3c9.jpg,0.8328936624765906,0.2901411
B2A,3d038050b2.jpg,0.5548332192688364,0.5408578
B2A,3d0982bebb.jpg,0.9252677779172515,0.5069946
B2A,3d0e0ead31.jpg,0.8496197677814478,0.40953606
B2A,3d14523c1f.jpg,0.7862062334752653,0.53965163
B2A,3d165d2aad.jpg,0.811692283764259,0.39593077
B2A,3d204371c7.jpg,0.9043179644004741,0.27381667
B2A,3d29c7439f.jpg,0.5800598762782708,0.4701835
B2A,3d2c394405.jpg,0.5970259629797756,0.5045895
B2A,3d3b9f4ba1.jpg,0.8246831507927026,0.38038483
B2A,3d69e148e8.jpg,0.7385822898253568,0.27682713
B2A,3d6b2aa9d4.jpg,0.9253672326403659,0.30202925
B2A,3d6ef1f43d.jpg,0.6729106854601068,0.53718567
B2A,3d70ef0d7c.jpg,0.6153463202337722,0.5152959
B2A,3d71b5934b.jpg,0.8356836533406687,0.28088444
B2A,3d8835b84d.jpg,0.7811474004448733,0.23095495
B2A,3d89a7a1c4.jpg,0.8089245710063584,0.31635138
B2A,3d89fa1a08.jpg,0.7968191381652573,0.24634953
B2A,3d8fd794f8.jpg,0.7205545420142456,0.2863744
B2A,3d961be033.jpg,0.7331798800025667,0.27069756
B2A,3da4c699b8.jpg,0.7354879265372106,0.43091422
B2A,3db43d9a04.jpg,0.5316311642178871,0.6062776
B2A,3db8bf2299.jpg,0.8915020629331637,0.30239916
B2A,3dc62c7550.jpg,0.84777012496972,0.34974104
B2A,3dc69fb234.jpg,0.750783735019026,0.35757032
B2A,3dcb9f50ff.jpg,0.8137404365754939,0.2265493
B2A,3dcdf82bcd.jpg,0.781892468272532,0.5013612
B2A,3dcf18bba9.jpg,0.9258658158248069,0.16949916
B2A,3dd2d3096b.jpg,0.7247520807310577,0.4003213
B2A,3de3c8151d.jpg,0.575533805749012,0.5410017
B2A,3dfd77c751.jpg,0.8910600033704081,0.31510472
B2A,3e0479c7a4.jpg,0.5078624071403256,0.49818668
B2A,3e097a4c02.jpg,0.8575205080203286,0.2504288
B2A,3e1cd24e83.jpg,0.7483353034460861,0.36300552
B2A,3e1dfc9dc0.jpg,0.7222046003450218,0.4150769
B2A,3e2d480716.jpg,0.5615626540561833,0.48089784
B2A,3e31646935.jpg,0.8321124831279894,0.16557346
B2A,3e3b342a95.jpg,0.7485062201342569,0.40321314
B2A,3e4c86049d.jpg,0.9163191777784565,0.18646795
B2A,3e4e2f5b6e.jpg,0.7690179670404411,0.55339056
B2A,3e4edba19d.jpg,0.7465858539711031,0.3635289
B2A,3e60c7241a.jpg,0.8729568316827716,0.33245146
B2A,3e780ed289.jpg,0.9003241552416262,0.28563234
B2A,3e806e2a4a.jpg,0.8100414618410724,0.31017816
B2A,3e9809b35e.jpg,0.7848039815696728,0.3786153
B2A,3ea3ae5954.jpg,0.6747172568601841,0.53511417
B2A,3ea96d7fbd.jpg,0.6930634310241918,0.58319926
B2A,3eaa214d3d.jpg,0.8598275862356125,0.29654855
B2A,3eab0e9d77.jpg,0.7372872507344663,0.48571134
B2A,3eb7c094c0.jpg,0.7288028797122474,0.39964634
B2A,3ebc8a4013.jpg,0.8511064818814458,0.22225046
B2A,3ec2bb5a0c.jpg,0.9348001887043975,0.23538868
B2A,3ec4f57f74.jpg,0.9131336042430751,0.17208064
B2A,3ecedf69d8.jpg,0.7171925138127961,0.47074413
B2A,3ed12a78ce.jpg,0.7978414518552873,0.41001624
B2A,3edae2ef79.jpg,0.7221330505033109,0.43107888
B2A,3edc9197e7.jpg,0.8782094711030474,0.29710263
B2A,3ee4497b2e.jpg,0.8178353263517153,0.26060325
B2A,3ee7eb408c.jpg,0.7042108588971214,0.26446947
B2A,3f0362f12d.jpg,0.7700136373905023,0.3229393
B2A,3f0738d8dc.jpg,0.8134902748042164,0.4479289
B2A,3f0a7330bd.jpg,0.799578015257595,0.30345887
B2A,3f1191a447.jpg,0.7882241983357045,0.30522782
B2A,3f1942ac5e.jpg,0.8306128759678182,0.1366968
B2A,3f220a6caa.jpg,0.8591450161356173,0.26551846
B2A,3f28319f81.jpg,0.7330980910705508,0.5771891
B2A,3f2a4b6406.jpg,0.7396710610040134,0.6232723
B2A,3f3e610d58.jpg,0.8880230502577076,0.23240748
B2A,3f53c08114.jpg,0.6930366497626848,0.48971215
B2A,3f5bc8d85c.jpg,0.8836419531419533,0.2972508
B2A,3f615bc675.jpg,0.7528210503909215,0.4904947
B2A,3f6489dfa3.jpg,0.7933220543134846,0.36133188
B2A,3f6e1ac2ae.jpg,0.9056671320401333,0.36827794
B2A,3f70cec894.jpg,0.7821764786265266,0.2761918
B2A,3f7dc6a469.jpg,0.7330356506501815,0.32374573
B2A,3f844f5b59.jpg,0.8950850371530247,0.21864009
B2A,3f8fd85f1c.jpg,0.8451344272810222,0.30085286
B2A,3f91546f37.jpg,0.8185013363693124,0.451526
B2A,3f97bcc230.jpg,0.7798368532025065,0.33534756
B2A,3f9d9b6972.jpg,0.8275649099402521,0.23886538
B2A,3fa1aa1d56.jpg,0.8287213481925294,0.27307856
B2A,3fa61d1b59.jpg,0.8776789643348966,0.29003754
B2A,3fa89cdb0f.jpg,0.817351702966706,0.38281995
B2A,3facf2de42.jpg,0.8983878625504481,0.37814328
B2A,3fc01a1f5a.jpg,0.8679798404742146,0.30050907
B2A,3fc29d7b01.jpg,0.7323592198998886,0.3525393
B2A,3fcabb43e0.jpg,0.8872707021860186,0.3122527
B2A,3fce3b2092.jpg,0.8072752933003132,0.5671434
B2A,3fd5f45733.jpg,0.5724235053926873,0.27092543
B2A,3fe71e2f91.jpg,0.9053232879281811,0.27758676
B2A,3ff9d14627.jpg,0.7129776711014205,0.59335876
B2A,3ffcf75444.jpg,0.7407213549448007,0.47665954
B2A,4006643077.jpg,0.7042732774930406,0.380086
B2A,400dd42483.jpg,0.820218761748223,0.29038393
B2A,401c79161f.jpg,0.9207286899095832,0.19898185
B2A,402358e99c.jpg,0.8043592930710199,0.2846257
B2A,402da39edd.jpg,0.7010829506903181,0.38928023
B2A,4033c4fd83.jpg,0.9320793441105231,0.18083635
B2A,4035bcf4c5.jpg,0.9008589734025567,0.26809064
B2A,40365d3029.jpg,0.7385127201713643,0.4456914
B2A,403a9eb385.jpg,0.8591442999200578,0.20290643
B2A,4044bcfa56.jpg,0.6837278206450028,0.5260386
B2A,40454944a3.jpg,0.8724337097348152,0.24940312
B2A,4051c9b480.jpg,0.7286454420875335,0.34462395
B2A,405d277475.jpg,0.8231929768907733,0.38760948
B2A,40634ec806.jpg,0.7347945078877649,0.42557395
B2A,4069034d1b.jpg,0.7116987826240304,0.3307397
B2A,4069c14970.jpg,0.6449486495102429,0.5420308
B2A,4069eee71a.jpg,0.616126686652088,0.48058933
B2A,406f7f455a.jpg,0.9083680181073597,0.3090602
B2A,40773a3569.jpg,0.7175037986054607,0.65290093
B2A,407ded2317.jpg,0.8396894971084106,0.18434556
B2A,408a7ed2d4.jpg,0.5820908832020951,0.55926764
B2A,408ae2c4d3.jpg,0.8778568422506073,0.3331632
B2A,408c4b86d7.jpg,0.8273391273902136,0.25924116
B2A,409f830e91.jpg,0.7161793111304137,0.5150839
B2A,40a2829478.jpg,0.861997136899994,0.5501449
B2A,40abbf6272.jpg,0.7577986589082306,0.42845178
B2A,40b341cce7.jpg,0.8945423241830857,0.4080937
B2A,40b814831c.jpg,0.8261516994134694,0.24473372
B2A,40ba4c1ee0.jpg,0.7666396934892385,0.23435022
B2A,40cd40f4ce.jpg,0.6281057595569527,0.3834531
B2A,40d46c10bd.jpg,0.5592114617715777,0.60320187
B2A,40d6a5963b.jpg,0.6293913343013914,0.487778
B2A,40dbef5e74.jpg,0.9063579879733953,0.2700983
B2A,40e2fb2f62.jpg,0.9005564491230562,0.1849131
B2A,410a15d160.jpg,0.8400363771539029,0.30598408
B2A,410c1279f0.jpg,0.7385973775507183,0.28445786
B2A,410f1753ab.jpg,0.7804497632713968,0.2543197
B2A,4113173d13.jpg,0.662508869719414,0.44029778
B2A,411424ff38.jpg,0.9324278224272845,0.2076228
B2A,4115b492be.jpg,0.61716644581514,0.49301764
B2A,411728406b.jpg,0.6889815334274545,0.4989848
B2A,411cbac479.jpg,0.8381920527685116,0.31848207
B2A,41316be2ab.jpg,0.8759281614210996,0.22995505
B2A,4134a75abc.jpg,0.8284807049018842,0.21698192
B2A,413aa936b2.jpg,0.5445196442878353,0.49250987
B2A,414a144db4.jpg,0.7452452717069458,0.3203478
B2A,4151207d56.jpg,0.5971378053981357,0.539146
B2A,415a165321.jpg,0.8839103147078933,0.24069284
B2A,4166c63775.jpg,0.692030831963679,0.3638882
B2A,416e06ae04.jpg,0.7348962324860965,0.32339528
B2A,416e954665.jpg,0.8372689159542839,0.3031008
B2A,416fcde5d2.jpg,0.855232146368156,0.250576
B2A,4170ddf51d.jpg,0.7811929853919463,0.372451
B2A,417769579b.jpg,0.907207272786271,0.25667128
B2A,417c141022.jpg,0.801792809437156,0.4392204
B2A,417f9dbce5.jpg,0.8701248899489462,0.31653932
B2A,4185e8411e.jpg,0.8162436824140324,0.49847814
B2A,418d1c582c.jpg,0.7714677221909272,0.43556654
B2A,419385f134.jpg,0.7342914446262675,0.5677697
B2A,4197e5cf91.jpg,0.575401852554644,0.67568564
B2A,419c88186c.jpg,0.9157375160742732,0.23566812
B2A,41a0c9b77b.jpg,0.8698877765237587,0.24180286
B2A,41a6a58a06.jpg,0.933705341664195,0.2500734
B2A,41aab05613.jpg,0.9087691018310078,0.18979517
B2A,41c988e839.jpg,0.5145461910517961,0.6878657
B2A,41ca266a6d.jpg,0.789321545302318,0.31875235
B2A,41d6d46378.jpg,0.8058287868319919,0.35770223
B2A,41da9742ed.jpg,0.6452935097019029,0.5351167
B2A,41df7d5e43.jpg,0.8715794503557077,0.30095083
B2A,41ec0c9e94.jpg,0.9268116410618792,0.2273401
B2A,41ed759f87.jpg,0.9338945350464767,0.21967578
B2A,41f062b74b.jpg,0.6423045904177993,0.63662636
B2A,41f4b96cdd.jpg,0.600585215333406,0.33632356
B2A,420386aab6.jpg,0.8195781567342426,0.34191537
B2A,421cf4d925.jpg,0.8621108299239832,0.124816194
B2A,4234c4fa4a.jpg,0.8316972228723575,0.35408777
B2A,4246be6f2b.jpg,0.6610558366356222,0.51195794
B2A,4252a6b79d.jpg,0.8885200641807262,0.41241115
B2A,4255eb0cb0.jpg,0.8046655658980454,0.44724992
B2A,4262ee33cf.jpg,0.777397372968524,0.4577694
B2A,4263de0622.jpg,0.7831626415217675,0.2678978
B2A,42703f8185.jpg,0.8058260052776072,0.33687076
B2A,428066cbb6.jpg,0.836930899847684,0.2900054
B2A,428516308c.jpg,0.8002107573968741,0.29579645
B2A,428cfa30a0.jpg,0.6956394113988059,0.63066185
B2A,42a17f2513.jpg,0.8574894776448855,0.41444924
B2A,42a2c9c2a9.jpg,0.6985269220694259,0.41793156
B2A,42a90ee8fd.jpg,0.6504096971652461,0.3590386
B2A,42b38b3ecf.jpg,0.7696401748364361,0.26225215
B2A,42b7ed6caf.jpg,0.7257220994704823,0.4225752
B2A,42b9334189.jpg,0.8164068893854166,0.3593355
B2A,42d09ebeef.jpg,0.6787544081584511,0.4494326
B2A,42d7e15840.jpg,0.827218853114789,0.3943736
B2A,42d95f5656.jpg,0.6106661650107083,0.5570706
B2A,42d9791966.jpg,0.7614183887841115,0.45740226
B2A,42db3f6bfb.jpg,0.6560920480820878,0.29533526
B2A,42e33a0f4e.jpg,0.8550273564102867,0.3617365
B2A,42e6bc6527.jpg,0.8551928528358836,0.22616297
B2A,42f2c8badb.jpg,0.9355616192026395,0.37044817
B2A,42f67a0c9b.jpg,0.8377846382235073,0.3208732
B2A,430365e84b.jpg,0.779003964526864,0.4131657
B2A,4308c43102.jpg,0.852775057188022,0.29004043
B2A,4325d69fe4.jpg,0.7157629335769622,0.27560037
B2A,4327a26f90.jpg,0.8168588036349769,0.2901233
B2A,432c4949ea.jpg,0.722698971131483,0.34450608
B2A,432c77e7ff.jpg,0.9298213827044329,0.28980345
B2A,433f72e01b.jpg,0.6251278429964419,0.4143702
B2A,43425f75c3.jpg,0.7232243093109753,0.47914824
B2A,4346c649be.jpg,0.79433380609256,0.36391795
B2A,43519ebdda.jpg,0.8720230349872445,0.22713467
B2A,436544ba60.jpg,0.8418440550030103,0.27518824
B2A,436738950d.jpg,0.8753203260949797,0.26880574
B2A,4367fc0915.jpg,0.6769611882607816,0.6254562
B2A,437bce391c.jpg,0.7723741031185636,0.45181432
B2A,437d311cfe.jpg,0.7017355769929297,0.3958426
B2A,439be152be.jpg,0.7313871338925613,0.45478886
B2A,43a246cd29.jpg,0.9129704194877659,0.24676631
B2A,43a3471132.jpg,0.6668343361951566,0.30755204
B2A,43a5271014.jpg,0.8243986977057344,0.3699665
B2A,43b2557047.jpg,0.7912479960303179,0.33706212
B2A,43b5bdf41c.jpg,0.8365303404008727,0.21682847
B2A,43b6f98955.jpg,0.8534502304377399,0.5007309
B2A,43bcfa7f99.jpg,0.7134548638405986,0.42004406
B2A,43be6f2003.jpg,0.7922781208690988,0.5214063
B2A,43be7d5231.jpg,0.8703056642414196,0.49581975
B2A,43d6edb617.jpg,0.888235898924241,0.17411925
B2A,43d7a934de.jpg,0.8314092951117902,0.23668006
B2A,43db8e440e.jpg,0.7396955512015705,0.3792432
B2A,43dbb8ae62.jpg,0.8821542926190666,0.2030198
B2A,43e7f05c27.jpg,0.5888697345956134,0.7156448
B2A,43ecb78f04.jpg,0.7062304251261278,0.53928983
B2A,43ef5533dd.jpg,0.8052336285322421,0.2768588
B2A,43f3d41042.jpg,0.9127932115268852,0.2678563
B2A,441ba0764f.jpg,0.8366245789458613,0.27031255
B2A,442465d291.jpg,0.7378093786134359,0.48534888
B2A,44263e569e.jpg,0.774178415113673,0.5209631
B2A,442e55394f.jpg,0.8543561445714518,0.22820821
B2A,443367c605.jpg,0.8471925832070414,0.21949042
B2A,443cfcaf19.jpg,0.7462498171162133,0.5417072
B2A,444ea6a3df.jpg,0.9023234875698087,0.23230597
B2A,445c9de4ae.jpg,0.7597117712951261,0.43470332
B2A,44643764ef.jpg,0.6405700729270691,0.4041081
B2A,4473598289.jpg,0.8263621531227825,0.32040578
B2A,447a64dc90.jpg,0.8843963139330737,0.3964135
B2A,447ceb7434.jpg,0.8520814670719546,0.2771016
B2A,44811f744f.jpg,0.8678491974066012,0.26651993
B2A,44838c4894.jpg,0.6107095097256685,0.6462174
B2A,44852d6fd3.jpg,0.7685784115690141,0.43166807
B2A,4494dace12.jpg,0.8122253265729371,0.33647105
B2A,449d31ec71.jpg,0.8354320289222995,0.31942362
B2A,449ffd7d0e.jpg,0.8820815483439725,0.22168499
B2A,44b1c947c8.jpg,0.7076897390400905,0.37542045
B2A,44b7b27bdb.jpg,0.85005272829978,0.45749524
B2A,44b948a11b.jpg,0.894767920276483,0.18755136
B2A,44be21f482.jpg,0.758693004598277,0.5200362
B2A,44ca9b838b.jpg,0.765195147353329,0.48286855
B2A,44cd2a0855.jpg,0.8805198071472535,0.297884
B2A,44d4bbf9c5.jpg,0.7104224106661974,0.36510128
B2A,44e072e7f6.jpg,0.8697794548227086,0.36181036
B2A,44f0533b7d.jpg,0.679338498702876,0.5848899
B2A,44f9fc3d08.jpg,0.8046991475561401,0.27183598
B2A,450c48015c.jpg,0.6893478889307145,0.36801916
B2A,451fa08066.jpg,0.7944770627418445,0.30128086
B2A,45281596ce.jpg,0.7613703641500036,0.36974823
B2A,452c2eae3c.jpg,0.7672175726315126,0.511243
B2A,452c5d0bb4.jpg,0.9098381263292086,0.25831655
B2A,452cb57460.jpg,0.8612641731373847,0.3184513
B2A,45342d5c70.jpg,0.7504852839784264,0.3829898
B2A,4534cb2584.jpg,0.8056876877203992,0.4248299
B2A,453afd0c27.jpg,0.6829848567533536,0.39215618
B2A,453bd33553.jpg,0.626231237502283,0.3723721
B2A,453f5d81cf.jpg,0.8417300233110253,0.35721922
B2A,454cf7a157.jpg,0.6243323693688538,0.44534403
B2A,4550c707f6.jpg,0.8623434433274583,0.4785171
B2A,4551f3f54b.jpg,0.7541633112612046,0.37253287
B2A,4569404b70.jpg,0.7781280635549052,0.35308415
B2A,4569953612.jpg,0.8294075648386636,0.20797995
B2A,457b19a007.jpg,0.920485674312831,0.26260263
B2A,4581966154.jpg,0.7153581321394167,0.5607533
B2A,4581a4faee.jpg,0.5914045549464046,0.59447354
B2A,458b9bddeb.jpg,0.837590499335301,0.29858264
B2A,459a0e8a7b.jpg,0.6461908515218208,0.37325296
B2A,45a0cf81a7.jpg,0.929990301623935,0.25520182
B2A,45a4fc418c.jpg,0.9549086526097413,0.17254342
B2A,45ae43ca11.jpg,0.7119587624194601,0.3518251
B2A,45b59ba108.jpg,0.8735195962308346,0.21895774
B2A,45bfc01241.jpg,0.6470019539951789,0.5803176
B2A,45cecf091d.jpg,0.7966018197754366,0.27236563
B2A,45d284a829.jpg,0.6158544744261157,0.45063612
B2A,45db826465.jpg,0.7894599579533885,0.22368455
B2A,45e07afb6c.jpg,0.6559341345218285,0.37955862
B2A,45f3a9c5e3.jpg,0.7896555048392132,0.37374574
B2A,45f63c2653.jpg,0.6089047893013968,0.5869139
B2A,45f784213e.jpg,0.7438314174974254,0.5381435
B2A,45feda47bc.jpg,0.8845598941004565,0.21776275
B2A,46196f19d1.jpg,0.6912704646857593,0.47736555
B2A,461cc8da33.jpg,0.8187796910013557,0.3352697
B2A,463758c10d.jpg,0.6720971624164265,0.35520914
B2A,463ad92568.jpg,0.6349039673174711,0.6186134
B2A,463b8807e5.jpg,0.8089746183305991,0.465452
B2A,463be5a1a1.jpg,0.6931505351749764,0.62577784
B2A,464d4dd705.jpg,0.7288158954953669,0.21579184
B2A,4663bb2924.jpg,0.6449087914730093,0.4329332
B2A,466585f6df.jpg,0.6676586444893988,0.5075118
B2A,467657f396.jpg,0.8452795355489633,0.3193102
B2A,467873c9df.jpg,0.8240237400702413,0.28667134
B2A,468048412c.jpg,0.8918485911668795,0.2908011
B2A,4682dbbee5.jpg,0.835655469692506,0.30125403
B2A,4690fd5a96.jpg,0.8958958897115537,0.1796794
B2A,4691625ad2.jpg,0.5753323985421038,0.5284683
B2A,46950ae4ea.jpg,0.8771229541720363,0.25604618
B2A,4695ac2040.jpg,0.8210500038648681,0.5235813
B2A,4698056301.jpg,0.9090840937167189,0.19572105
B2A,469836dad8.jpg,0.6886290787003354,0.40782517
B2A,469d7ad9cc.jpg,0.8813236702820232,0.24293196
B2A,46c95eebbe.jpg,0.7907066199350009,0.36785117
B2A,46cadbe0a9.jpg,0.7754217664416491,0.27039853
B2A,46db1d7f60.jpg,0.6880135975952442,0.4227251
B2A,46e47f7efe.jpg,0.8663083470489269,0.335111
B2A,46e71a4094.jpg,0.8780012607530434,0.1911427
B2A,46e84039a1.jpg,0.8308104367011232,0.38298327
B2A,46f391abec.jpg,0.705917202883389,0.48864293
B2A,46f5ef1042.jpg,0.5534878582255817,0.6318979
B2A,4706619607.jpg,0.8561787166436448,0.35018966
B2A,4707b03a08.jpg,0.6284731547463687,0.39696732
B2A,47100a9939.jpg,0.7067311327220349,0.3788985
B2A,471f4755b9.jpg,0.8333598170888685,0.4141847
B2A,472b351bc4.jpg,0.833792675321861,0.2811774
B2A,472d5ac100.jpg,0.772241012988186,0.38614655
B2A,4758e5dd4c.jpg,0.8611282721389031,0.15112229
B2A,4762bb79ef.jpg,0.8278811297189488,0.2916195
B2A,4778b13518.jpg,0.8511918931484052,0.35509098
B2A,4787b82d37.jpg,0.865226062948219,0.21641403
B2A,478e07feaa.jpg,0.6588189086899916,0.40391347
B2A,478eb12a82.jpg,0.946327163393245,0.28694624
B2A,479698b371.jpg,0.5990563970374266,0.37314522
B2A,4796d67f61.jpg,0.6652302914797823,0.6902535
B2A,47aad493bd.jpg,0.8565321721766804,0.23721123
B2A,47ae0edd23.jpg,0.7432556966667112,0.45292002
B2A,47b94957ff.jpg,0.7947368812327691,0.2973077
B2A,47bb43fe3e.jpg,0.7083173408106819,0.44957858
B2A,47bb59d449.jpg,0.8089598465618247,0.3277705
B2A,47d391d94b.jpg,0.7690878172294995,0.5404656
B2A,47df262cc5.jpg,0.9421498522896176,0.30190974
B2A,47eea5bf33.jpg,0.572624415086001,0.5367844
B2A,47f3b40cbc.jpg,0.857891565275745,0.47000298
B2A,48122c9518.jpg,0.8149618630141365,0.28444436
B2A,481456b5a6.jpg,0.6885138942875683,0.35848525
B2A,481713d59d.jpg,0.8317137505276619,0.3757556
B2A,481bd32b6c.jpg,0.6593656390570336,0.56120944
B2A,482bf5a0d2.jpg,0.8240879260059565,0.30205137
B2A,482fd44fce.jpg,0.8702142933991682,0.14980838
B2A,4831466e23.jpg,0.8896890641461628,0.23028117
B2A,48502862cf.jpg,0.7570115290045362,0.5393865
B2A,485517e0c7.jpg,0.8227153282741175,0.29319042
B2A,48598ead29.jpg,0.8108211297554343,0.36930835
B2A,4862d17fa4.jpg,0.9060228629599151,0.33006462
B2A,486a62a430.jpg,0.8951024120946598,0.23064621
B2A,486cafaa7f.jpg,0.7408768744416457,0.28375065
B2A,48735c69aa.jpg,0.9031887673269875,0.24586189
B2A,48793755cd.jpg,0.8367287807083621,0.30880025
B2A,4879579e02.jpg,0.682573717352351,0.5839506
B2A,488a6cef0c.jpg,0.9032300663385543,0.30284026
B2A,489c841af4.jpg,0.6340217859686703,0.6131071
B2A,48a85bc072.jpg,0.8209809177523456,0.26188952
B2A,48ac1011db.jpg,0.6415322887404837,0.72877306
B2A,48b6156f89.jpg,0.7517744745495288,0.35910484
B2A,48c641285b.jpg,0.8336156230993691,0.44815552
B2A,48e1a89d96.jpg,0.8149656918586047,0.37100276
B2A,48eac3916f.jpg,0.7751256991439055,0.38907656
B2A,48eb5fa7bd.jpg,0.7432934097783211,0.21298164
B2A,48f120810d.jpg,0.8846318006090934,0.5076071
B2A,49095bdeb5.jpg,0.8093301528614898,0.33570242
B2A,491b2ba38c.jpg,0.9218833411334915,0.19420654
B2A,49205c171d.jpg,0.7414363854588341,0.3126424
B2A,4943c84af0.jpg,0.9337813582781909,0.28244787
B2A,494db50238.jpg,0.5202297805329031,0.66887045
B2A,4950bcf8c1.jpg,0.9188598443156523,0.26174963
B2A,496757508b.jpg,0.8373406822866587,0.31951344
B2A,499b445583.jpg,0.8543906976728105,0.2651067
B2A,499bc1a152.jpg,0.9196824731576074,0.3070006
B2A,499c1bd3b8.jpg,0.5952545546572012,0.4292187
B2A,49a9692a0e.jpg,0.8729095853962815,0.18325423
B2A,49b093a9f3.jpg,0.745182099986231,0.5429414
B2A,49b3383147.jpg,0.7426135795874923,0.33065456
B2A,49b8c4ea37.jpg,0.7859753507272694,0.26656812
B2A,49c2b1cdef.jpg,0.9116711812299838,0.20326659
B2A,49c538fce7.jpg,0.8142483637079952,0.4055769
B2A,49d2c9fc14.jpg,0.7598797143451307,0.34700763
B2A,49dc3fd195.jpg,0.5679149547943574,0.45813313
B2A,49e4129024.jpg,0.763209911359967,0.4953311
B2A,49ee914a63.jpg,0.815073913579981,0.33029777
B2A,4a06596662.jpg,0.7366392899576569,0.40023237
B2A,4a12f1780a.jpg,0.8153800249573506,0.3986574
B2A,4a16981927.jpg,0.8814762358556935,0.22905171
B2A,4a195405a0.jpg,0.7466573658758958,0.3691245
B2A,4a1bb1d46c.jpg,0.7444225299549627,0.3331538
B2A,4a20622bde.jpg,0.7557311961154197,0.34751374
B2A,4a29db3c6b.jpg,0.7482374198176018,0.62711483
B2A,4a2c4db283.jpg,0.7346430728691943,0.44601244
B2A,4a55695a4d.jpg,0.6182560986664624,0.6584555
B2A,4a5ab8f970.jpg,0.9018032539519948,0.2436111
B2A,4a669c897c.jpg,0.5744983877400038,0.6120232
B2A,4a7cec06e7.jpg,0.8417367751420304,0.30888963
B2A,4a8a49028d.jpg,0.8242961549508871,0.2664832
B2A,4a916ceb98.jpg,0.8701524333057279,0.25293654
B2A,4a9d34fa51.jpg,0.8112991185780771,0.3355825
B2A,4a9e982b39.jpg,0.8205040974609225,0.5044451
B2A,4aaf628a71.jpg,0.7259890361919537,0.56571996
B2A,4ab9478ef9.jpg,0.6896996340031665,0.50749445
B2A,4abaac9654.jpg,0.8753356305288438,0.24218147
B2A,4abd5654a3.jpg,0.7980038999721268,0.33161807
B2A,4abda75494.jpg,0.7809178954520464,0.33597237
B2A,4ac7c7bf44.jpg,0.8990161405268138,0.36303073
B2A,4ac8581018.jpg,0.721576799718133,0.4038387
B2A,4ad0ccff25.jpg,0.7584668048451713,0.40138492
B2A,4adc8b7be7.jpg,0.7385698641923065,0.32166338
B2A,4ae0414bb9.jpg,0.8655649338914654,0.17137986
B2A,4ae09366f5.jpg,0.7290537590218943,0.6370455
B2A,4ae0b6efb2.jpg,0.81038817072192,0.3175845
B2A,4ae5e1fb1d.jpg,0.8793136176773035,0.27742484
B2A,4b0025406f.jpg,0.7072522914526782,0.44118
B2A,4b09444fe2.jpg,0.8989068114233952,0.32700747
B2A,4b0c0d7145.jpg,0.9251631162083387,0.22271648
B2A,4b0db938a7.jpg,0.8654583730594966,0.34726238
B2A,4b0f73833c.jpg,0.8383392554536602,0.27110088
B2A,4b14030c98.jpg,0.6995794680521985,0.5264885
B2A,4b2555ba9c.jpg,0.6769045913216294,0.46265587
B2A,4b29d9c42c.jpg,0.8606570341648194,0.26722014
B2A,4b2d102def.jpg,0.7244060777665395,0.39797288
B2A,4b3835e8ba.jpg,0.7726059456613484,0.36866683
B2A,4b3ccac37c.jpg,0.7895590514843259,0.459564
B2A,4b47e76275.jpg,0.8229554347173902,0.4312731
B2A,4b497dc591.jpg,0.9022709829600799,0.2338287
B2A,4b59dd4ebc.jpg,0.8746702550262713,0.30889037
B2A,4b5a46b50f.jpg,0.9126105021926421,0.23633094
B2A,4b5b64dc18.jpg,0.933694972057452,0.29449016
B2A,4b689e9b37.jpg,0.8080513551887064,0.44480854
B2A,4b7878976b.jpg,0.850792089625938,0.27753294
B2A,4b7902dfa6.jpg,0.7954539595254677,0.3198916
B2A,4b7fc92bdc.jpg,0.8878892998527367,0.2975702
B2A,4b91cd8fce.jpg,0.7815408493297616,0.39775944
B2A,4b9eb29c59.jpg,0.8168618409044341,0.38286272
B2A,4bab53c613.jpg,0.7234228348623766,0.41023418
B2A,4bad1549a1.jpg,0.5057209435206614,0.45483148
B2A,4bbe0cbb3c.jpg,0.6324863371406496,0.47883147
B2A,4bd43d88d4.jpg,0.8088617422867147,0.4882846
B2A,4bd8ec5dd3.jpg,0.6717563072147058,0.81349516
B2A,4bdb933264.jpg,0.7987546862007544,0.42394873
B2A,4bdbdcc1e5.jpg,0.8780026918463169,0.34855467
B2A,4bdd197102.jpg,0.7969240402601163,0.5169062
B2A,4be248f682.jpg,0.8801879288013963,0.25082132
B2A,4bedb30dce.jpg,0.8013730454052265,0.510884
B2A,4bef7510cb.jpg,0.9016673537805838,0.58824813
B2A,4bf1292d69.jpg,0.9149353841690764,0.32561815
B2A,4bfa3043e7.jpg,0.8398912357415413,0.19165885
B2A,4bfc3fbd84.jpg,0.8769634530261047,0.1885423
B2A,4bfed75eb2.jpg,0.8209768898662967,0.43244404
B2A,4c07909a8d.jpg,0.9157942420663324,0.2240228
B2A,4c1165be97.jpg,0.7898436189676685,0.25029245
B2A,4c16835970.jpg,0.8926137711225935,0.429733
B2A,4c1907f1a0.jpg,0.8714639285744717,0.31033564
B2A,4c1b160563.jpg,0.9123980946882512,0.22247565
B2A,4c2d3216aa.jpg,0.7985885318544712,0.24603915
B2A,4c30ff85a7.jpg,0.8309513737727011,0.2801192
B2A,4c4574cfa8.jpg,0.7875032696523293,0.3941025
B2A,4c507b65b0.jpg,0.7635145170503628,0.43117714
B2A,4c6550cff5.jpg,0.8709728373864377,0.2092669
B2A,4c712561ab.jpg,0.8989304914633762,0.25887161
B2A,4c72792844.jpg,0.863388308239559,0.4195762
B2A,4c75385f85.jpg,0.8087623980735821,0.4337217
B2A,4c7692cb0c.jpg,0.7147211238030904,0.54949975
B2A,4c7b54e38c.jpg,0.7284038209986158,0.4641716
B2A,4c8a000abb.jpg,0.9183504385997148,0.27240333
B2A,4c8bf22d16.jpg,0.8608401671312004,0.33115047
B2A,4c9669b6b8.jpg,0.774386921465118,0.3676185
B2A,4ca019a3d6.jpg,0.6886009730000647,0.58020246
B2A,4ca57d26c0.jpg,0.5636764276709956,0.35932082
B2A,4ca6e5451a.jpg,0.7264299544394968,0.37424278
B2A,4cac88b518.jpg,0.8538853764239156,0.35502988
B2A,4cb25fbf3d.jpg,0.7330976592598744,0.4778099
B2A,4cb7c5e33d.jpg,0.7584725442006197,0.5751889
B2A,4cc42ebe97.jpg,0.7721438602532164,0.39926445
B2A,4ccc4a21e3.jpg,0.8841934146543604,0.22588149
B2A,4cd07a4561.jpg,0.8542006184344944,0.38662922
B2A,4cdd74b1c7.jpg,0.922144363830165,0.3432809
B2A,4cf9aac018.jpg,0.7369936791782241,0.32735664
B2A,4cfdd2e627.jpg,0.754152291580699,0.32280442
B2A,4d08cb65c3.jpg,0.5910130832004482,0.5353277
B2A,4d0a217b38.jpg,0.6725254159362852,0.3676806
B2A,4d0a274acb.jpg,0.8156443567856841,0.28195173
B2A,4d0eb41723.jpg,0.8475295660315977,0.36424053
B2A,4d1755ab04.jpg,0.7190963737280393,0.38136953
B2A,4d1c0b488e.jpg,0.838940968939466,0.21395347
B2A,4d1c4d142e.jpg,0.7827501404697901,0.33018282
B2A,4d1d5efd4f.jpg,0.8444606079173476,0.12398129
B2A,4d3a7e5326.jpg,0.8841463530463401,0.6219675
B2A,4d42605a8b.jpg,0.8321958834724312,0.26726735
B2A,4d4b6bcac4.jpg,0.7544114424843114,0.2658997
B2A,4d4f0faddf.jpg,0.7829870775684172,0.44201553
B2A,4d4f388e91.jpg,0.8605837238122669,0.2838903
B2A,4d4f6174f1.jpg,0.7902639797508159,0.3842717
B2A,4d62a64806.jpg,0.8945128580684434,0.21172027
B2A,4d7188ff9e.jpg,0.8686708730855935,0.27114004
B2A,4d7517df48.jpg,0.8021806823607176,0.6191983
B2A,4d77636dea.jpg,0.8525803322696579,0.2188499
B2A,4d7de87ec6.jpg,0.8617057286605005,0.24804842
B2A,4d7fefe879.jpg,0.8304408839019333,0.22564036
B2A,4d83b23265.jpg,0.7846208264517718,0.52514255
B2A,4d90220636.jpg,0.8260279277610988,0.4020534
B2A,4d91831344.jpg,0.6704951981320271,0.5330124
B2A,4dc37726d9.jpg,0.9451022791895202,0.24800043
B2A,4dc92c4b4a.jpg,0.8580001082098968,0.23997688
B2A,4dd30f189a.jpg,0.6142621105129202,0.4567074
B2A,4df98eeceb.jpg,0.7744271108318594,0.3586468
B2A,4e093e9511.jpg,0.885278925423537,0.41605157
B2A,4e0951fde1.jpg,0.6976420430728104,0.51355153
B2A,4e16ff77ac.jpg,0.8195285006671881,0.42733735
B2A,4e21145eb2.jpg,0.6772289607405153,0.39834026
B2A,4e2dba148d.jpg,0.8495384565743686,0.3381707
B2A,4e3006bd6b.jpg,0.7726168644783374,0.40943235
B2A,4e341f8891.jpg,0.7319699619072171,0.43873549
B2A,4e43b597e2.jpg,0.7540359950037251,0.35645294
B2A,4e4f75c4cc.jpg,0.8599510504413271,0.2581099
B2A,4e53db7c72.jpg,0.7426442515178855,0.47831327
B2A,4e5451ed74.jpg,0.6609183536982796,0.56076914
B2A,4e5b4fb2ab.jpg,0.8998208246555818,0.22542126
B2A,4e6e7f30da.jpg,0.7542011767880955,0.35544345
B2A,4e868f2a58.jpg,0.9113285623760253,0.22995895
B2A,4e880786c4.jpg,0.688509890654539,0.37374145
B2A,4e8b01ac67.jpg,0.7233899432781049,0.24529374
B2A,4e8bd98343.jpg,0.8823361510161514,0.24107619
B2A,4e956f2cfb.jpg,0.7889416884116633,0.3449756
B2A,4ea19d4d05.jpg,0.8612152178725788,0.4926473
B2A,4eaa045ce6.jpg,0.8907243194990643,0.21471709
B2A,4eb3c1b0a7.jpg,0.6942388971788803,0.43922365
B2A,4ebb3df6e1.jpg,0.7112677529673034,0.45324498
B2A,4ec313a8cd.jpg,0.5840670570679858,0.4867861
B2A,4edd4fe6fa.jpg,0.6906531672203463,0.4458676
B2A,4ee02ffd2c.jpg,0.7298290307053863,0.29028645
B2A,4ef10f3299.jpg,0.907181312983944,0.33246288
B2A,4f1249d8dc.jpg,0.6155250933760614,0.48075777
B2A,4f16e0bc95.jpg,0.571613488809349,0.42287895
B2A,4f1fc68a47.jpg,0.8832075210565097,0.42743903
B2A,4f297a711e.jpg,0.6253399526735838,0.54475963
B2A,4f36d845b0.jpg,0.75576803921583,0.42951575
B2A,4f38f2b8f5.jpg,0.7803205444007225,0.40752524
B2A,4f397d38d7.jpg,0.7257723094662165,0.47484612
B2A,4f5245105c.jpg,0.814555016538785,0.38271976
B2A,4f5d5e7da3.jpg,0.7935547637443541,0.4027827
B2A,4f5e363609.jpg,0.7194964399143213,0.38922215
B2A,4f6353e80e.jpg,0.5812027103016579,0.4924785
B2A,4f64339fea.jpg,0.8981933769466299,0.3756335
B2A,4f697daf2d.jpg,0.7393284702138868,0.27330887
B2A,4f79b373f4.jpg,0.7282983518116507,0.25140673
B2A,4f83d232c2.jpg,0.8958307259267209,0.53481066
B2A,4f86f80479.jpg,0.6447112819669151,0.61977017
B2A,4f882d4400.jpg,0.8235241060933435,0.42491403
B2A,4f99708506.jpg,0.8634380052254516,0.37225664
B2A,4f9aa92ca3.jpg,0.7147592668021794,0.43452677
B2A,4fb5c1ac0a.jpg,0.8850459423165628,0.15313958
B2A,4fb6bcd5e8.jpg,0.6907668058078997,0.53434914
B2A,4fc41e388a.jpg,0.6567716824974849,0.54642695
B2A,4fc90f8de5.jpg,0.7721182107285163,0.29163903
B2A,4fc9c537a7.jpg,0.6316432248917431,0.65180254
B2A,4fd1d8afbf.jpg,0.7329645063404888,0.41655925
B2A,4fdaff583d.jpg,0.8511201698694709,0.31514588
B2A,4fe122209b.jpg,0.7099729135299698,0.46837443
B2A,4fe72a654e.jpg,0.8705760276257644,0.30350426
B2A,4ff4d77c99.jpg,0.8750606483294651,0.2252199
B2A,500d59cf86.jpg,0.639530330381963,0.5184488
B2A,50115558cd.jpg,0.8019882343856021,0.510849
B2A,501719248c.jpg,0.7077723522667241,0.35468376
B2A,5019a8ffcf.jpg,0.6978049255817045,0.4551737
B2A,5019d1eac7.jpg,0.8309821350023174,0.38545114
B2A,503c9badbb.jpg,0.8802953057205646,0.34143773
B2A,5048bb66c8.jpg,0.7404030665085374,0.31861106
B2A,504cec61a2.jpg,0.878142655441146,0.17914101
B2A,504db35d13.jpg,0.681722903743203,0.45268166
B2A,5050bd632b.jpg,0.8707050848512031,0.32255208
B2A,505850ed9f.jpg,0.5666979960339286,0.4970267
B2A,5065b423b0.jpg,0.7760825332846345,0.18935506
B2A,506fdcb3c1.jpg,0.8361677560375631,0.33710095
B2A,5074e8a51e.jpg,0.8442733621296169,0.27516335
B2A,50779f1ae6.jpg,0.844020589993589,0.33963183
B2A,508f9ce48d.jpg,0.7457921000117047,0.4256445
B2A,50a42e1240.jpg,0.807754737149313,0.27126125
B2A,50a5168133.jpg,0.8322954582323641,0.30648327
B2A,50b6593431.jpg,0.8913668478687057,0.30140588
B2A,50b8e79da2.jpg,0.9015386987170262,0.15569448
B2A,50c3f4beec.jpg,0.8902772406525995,0.33664683
B2A,50d9c1aa47.jpg,0.6869933643321003,0.32175866
B2A,50e2f57e76.jpg,0.5210472331646228,0.5601812
B2A,50e85855f5.jpg,0.848268376511707,0.33684823
B2A,50e9fc6fdd.jpg,0.6987543773272227,0.5382973
B2A,50eb328bb2.jpg,0.8309676902603527,0.29777962
B2A,50f52bf9a4.jpg,0.8927283084798633,0.23175351
B2A,50f598c729.jpg,0.8827900958015646,0.2369107
B2A,50f7a05ee7.jpg,0.8631075906530243,0.3101645
B2A,51068cd053.jpg,0.8858610318972383,0.23564947
B2A,5116db8d92.jpg,0.800438508339263,0.3403913
B2A,5117ec7f6b.jpg,0.6834534874514446,0.2422399
B2A,51279a61da.jpg,0.8983177027424812,0.2860605
B2A,5135f3ba21.jpg,0.8340823984227282,0.41272366
B2A,513cb0638a.jpg,0.8858065963317642,0.2454754
B2A,5140b80748.jpg,0.8967521884984812,0.31186184
B2A,514db4068a.jpg,0.8597578701555656,0.23746711
B2A,5155be81bf.jpg,0.8694451830686207,0.3380298
B2A,51563bc8ab.jpg,0.6810894250107183,0.31291342
B2A,516670d194.jpg,0.8628376129911008,0.4150897
B2A,51736e3772.jpg,0.8430184685043756,0.21668679
B2A,517eba9d0a.jpg,0.8520579537961726,0.31541288
B2A,51867bc005.jpg,0.7754599133436878,0.39962018
B2A,5194f65634.jpg,0.8473740440580936,0.32882503
B2A,519d3674c2.jpg,0.7668130775521904,0.2697682
B2A,519fc7c17a.jpg,0.8168659937974532,0.3609105
B2A,51aa9c9a20.jpg,0.8606963978363348,0.29670525
B2A,51dc50880b.jpg,0.9129744014588913,0.23847042
B2A,51e7037c03.jpg,0.5484466724493186,0.536325
B2A,51ede123f3.jpg,0.9036202580350275,0.3630358
B2A,51ffb613ce.jpg,0.7455518246739427,0.39429837
B2A,52087dc0d6.jpg,0.7124292946983679,0.39983284
B2A,522a6dcbec.jpg,0.8722763272398926,0.46377623
B2A,523cbdab7d.jpg,0.9287524645020198,0.4208051
B2A,524223dfd9.jpg,0.6399795414032864,0.43129337
B2A,524af04df1.jpg,0.753585719563944,0.54450476
B2A,524d00561a.jpg,0.9002763843398599,0.25151345
B2A,524fdda784.jpg,0.8139530552310017,0.48874933
B2A,52592fe2c6.jpg,0.8665332799625546,0.298057
B2A,525952c058.jpg,0.8969001590648721,0.41959327
B2A,525f580c06.jpg,0.8661878115468346,0.3110168
B2A,5262b01633.jpg,0.8665486750949262,0.40371913
B2A,526b153062.jpg,0.7351944732320471,0.4892656
B2A,526dc07146.jpg,0.9030698455271049,0.2729836
B2A,527dd222d6.jpg,0.7299270258357465,0.32496446
B2A,527ddb23d4.jpg,0.8504175063279822,0.2505748
B2A,528058909d.jpg,0.8789790016839791,0.17272703
B2A,5280e2e8de.jpg,0.7242281930358723,0.45953035
B2A,5286eb8945.jpg,0.7559963259482995,0.26525462
B2A,529fa39eb2.jpg,0.8239095167550927,0.3574537
B2A,52a2a7132e.jpg,0.7699614752905258,0.48503008
B2A,52ae3cd25d.jpg,0.8591933967987978,0.22208145
B2A,52b870f300.jpg,0.7936761899417007,0.53995824
B2A,52bb31919e.jpg,0.5855852717476704,0.44917482
B2A,52bd17daa7.jpg,0.7966131966886272,0.34825957
B2A,52bee900da.jpg,0.6433395375999719,0.65684444
B2A,52cda09a5f.jpg,0.7640224989578679,0.39135337
B2A,52d8dbe113.jpg,0.628290379340082,0.39184812
B2A,52e91ba9cf.jpg,0.6397128294626019,0.2886473
B2A,52f30bd94c.jpg,0.8607000269269509,0.23439176
B2A,52f641c328.jpg,0.7710557993719324,0.25431067
B2A,52f7801904.jpg,0.806888473552317,0.43855634
B2A,5305c4063a.jpg,0.7088415295641569,0.26921105
B2A,5319435b3f.jpg,0.854314107571006,0.3090524
B2A,53194986bc.jpg,0.5730588156298162,0.5649196
B2A,53289e47ec.jpg,0.6643219476264929,0.42661864
B2A,532d743269.jpg,0.7078318729231097,0.36730304
B2A,532f9d0621.jpg,0.7469285279591223,0.30510476
B2A,5338413448.jpg,0.8173927187142833,0.29300135
B2A,5338bd03be.jpg,0.7591797579526416,0.45041975
B2A,533be4e6eb.jpg,0.8361898571335411,0.2596519
B2A,5342ec67da.jpg,0.8370287834356138,0.35971427
B2A,534703a792.jpg,0.8820651568109612,0.17610611
B2A,53516d9b04.jpg,0.8357389983802013,0.30362722
B2A,53679e6985.jpg,0.6259695066942006,0.5972426
B2A,536c125b6f.jpg,0.5835920482534465,0.5240329
B2A,536c7edb2a.jpg,0.7639657656618509,0.36695215
B2A,537b155f3d.jpg,0.7416584544140642,0.5722762
B2A,537f558973.jpg,0.8595624957499505,0.28790072
B2A,53866d4a68.jpg,0.8317267783523343,0.24758863
B2A,5389fb4007.jpg,0.7311539486317538,0.6247481
B2A,53902a4799.jpg,0.9101453569288198,0.25867575
B2A,5395902bc7.jpg,0.866520913862649,0.1621137
B2A,53988b72f6.jpg,0.8172118180817958,0.32840267
B2A,53989c56ff.jpg,0.6911339176661971,0.5097404
B2A,53998f50b2.jpg,0.7214481593353547,0.41507387
B2A,539e2ee021.jpg,0.737783037546754,0.4807901
B2A,53b01e2132.jpg,0.5622511529317952,0.49774304
B2A,53b27f0c81.jpg,0.796498500141873,0.44451684
B2A,53b835550d.jpg,0.708492113366194,0.47898716
B2A,53bce35f0b.jpg,0.7445785760537234,0.48038384
B2A,53c245a6f3.jpg,0.8844903967661026,0.3613224
B2A,53d0160b46.jpg,0.6585277715108208,0.5114695
B2A,53d62fccce.jpg,0.9242065555778822,0.22903776
B2A,53e5b6b1b3.jpg,0.7490420056900458,0.26663285
B2A,53e766ae2b.jpg,0.8694813118581335,0.1915584
B2A,53ea60da05.jpg,0.898072302310167,0.24663757
B2A,540649ac8c.jpg,0.8048311015890198,0.2708163
B2A,5407972e58.jpg,0.8750761017734795,0.24821775
B2A,5418378939.jpg,0.6099731686613223,0.41204894
B2A,54199dc11f.jpg,0.8877687194014576,0.17705879
B2A,5420c594aa.jpg,0.7659579848647143,0.56906384
B2A,5429ab574f.jpg,0.820966573579079,0.23484439
B2A,5432eef613.jpg,0.8689166732833432,0.40948474
B2A,5435fdfdc4.jpg,0.8796332930855095,0.2427246
B2A,54381f3114.jpg,0.8632247126478355,0.24905011
B2A,543ea28da6.jpg,0.629093276812485,0.5549985
B2A,5447d2bd8d.jpg,0.905539453546403,0.2734044
B2A,54510d8755.jpg,0.6276753727041792,0.49057597
B2A,5451321dd0.jpg,0.7990048737364779,0.38996506
B2A,5452e17b68.jpg,0.7862859961746441,0.35145044
B2A,54538aea8b.jpg,0.8241091520747804,0.26784465
B2A,54557ef4cf.jpg,0.5756345505711065,0.45273367
B2A,54796e9027.jpg,0.8471076653570722,0.27952936
B2A,547ae945cb.jpg,0.7669778801543923,0.30435768
B2A,547c5615d1.jpg,0.6219587595183411,0.42684394
B2A,5484662dfb.jpg,0.8751471827471646,0.38951027
B2A,54b556920a.jpg,0.6604611770306235,0.41834375
B2A,54b6416b3a.jpg,0.7331191361762981,0.42159736
B2A,54b6bbf683.jpg,0.8843634392966523,0.31098655
B2A,54b8be5c1e.jpg,0.8558662320601806,0.22158459
B2A,54bf5ab7fd.jpg,0.7833910434944326,0.578632
B2A,54d2feb575.jpg,0.8967558118036981,0.22510481
B2A,54e9e67501.jpg,0.8340433355589507,0.23184645
B2A,54f65afd1c.jpg,0.6956779875987358,0.59613496
B2A,55004786ef.jpg,0.7166884975267219,0.42817375
B2A,550956b456.jpg,0.9204526177875697,0.5064238
B2A,550b90e008.jpg,0.8106888035232248,0.2516445
B2A,55129db8f9.jpg,0.8846012743553339,0.17038219
B2A,5515a27184.jpg,0.8917258716645348,0.3710685
B2A,5519a2e240.jpg,0.7598160213068093,0.39478028
B2A,551afc0ef0.jpg,0.7828935926344394,0.27979094
B2A,55288a650b.jpg,0.7671646379023952,0.26767883
B2A,552aad92e5.jpg,0.8413785885511129,0.23552722
B2A,552b38a9bc.jpg,0.8159663631421971,0.2710685
B2A,55364f51f9.jpg,0.8725132039480226,0.29537275
B2A,5541538198.jpg,0.7256505132325213,0.32232073
B2A,5565d2e475.jpg,0.6888457074745411,0.34743753
B2A,5587066bdc.jpg,0.845776793338509,0.31307584
B2A,558e78d813.jpg,0.8346547228661931,0.3731977
B2A,559359bcca.jpg,0.9066655258370496,0.19401915
B2A,55a74b7296.jpg,0.7977288471123518,0.23473807
B2A,55a8a07dde.jpg,0.9307571170998167,0.35689986
B2A,55a9c23538.jpg,0.7478507278991722,0.43037185
B2A,55ac4415ef.jpg,0.7169316030230156,0.2763298
B2A,55b015b4df.jpg,0.814232065808533,0.21156016
B2A,55d0d2d4a1.jpg,0.547684622287897,0.46662134
B2A,55e5a039c3.jpg,0.8882047277783591,0.35510826
B2A,5602c749d0.jpg,0.7959157588883083,0.38097194
B2A,5604c7533d.jpg,0.9183179630058186,0.6696907
B2A,5604ea3384.jpg,0.7253374417260033,0.43449247
B2A,5608b7a226.jpg,0.9322358034418914,0.17411003
B2A,5619b15af5.jpg,0.7551079759946562,0.41441405
B2A,561c1f7cde.jpg,0.7952940768943749,0.3026085
B2A,561d9722a4.jpg,0.8136529187824897,0.3570347
B2A,561e61d7f1.jpg,0.8322379796620762,0.33046997
B2A,561ec9ffaf.jpg,0.8886088627733644,0.28088367
B2A,5622447728.jpg,0.6881745593348935,0.4171714
B2A,56270960dc.jpg,0.9403362751341762,0.24626261
B2A,563012ee88.jpg,0.8848115791784174,0.3821861
B2A,56539880a8.jpg,0.8195362326307389,0.20271425
B2A,5654801d96.jpg,0.8758690955815018,0.17427988
B2A,565702bc95.jpg,0.9051259227771098,0.2690209
B2A,5681f45127.jpg,0.7680773937076203,0.38624433
B2A,56849b394d.jpg,0.7408146546595502,0.5222089
B2A,56884e5824.jpg,0.6780400042021364,0.45211864
B2A,568885cc54.jpg,0.6791765695739831,0.63651377
B2A,56894c4948.jpg,0.7586548949014825,0.36891383
B2A,568d52aa05.jpg,0.7422499252719637,0.2007435
B2A,568d92c4a7.jpg,0.9025079137956851,0.19176027
B2A,5694abf7fa.jpg,0.6461989839273885,0.62440807
B2A,569ed795ec.jpg,0.6671591243948927,0.42140466
B2A,56ac108ce7.jpg,0.6242173384189158,0.34448445
B2A,56ac1f673a.jpg,0.9003479101049617,0.2885834
B2A,56ac3dda09.jpg,0.8036328293241864,0.35971954
B2A,56bfd45d42.jpg,0.8320561802709673,0.29218888
B2A,56c6444a6d.jpg,0.855441108718295,0.45657146
B2A,56c690f4ce.jpg,0.8184390940727029,0.3404061
B2A,56cb23c291.jpg,0.7931622153622545,0.38807112
B2A,56d2ce77d3.jpg,0.8367259883994901,0.2546311
B2A,56df48f901.jpg,0.7244303964628487,0.39889196
B2A,56e14fc1c7.jpg,0.6619209119406687,0.4510561
B2A,56e28bc581.jpg,0.8940271388885555,0.2698795
B2A,56e473c0df.jpg,0.6937657940349259,0.43969327
B2A,56e858f7c3.jpg,0.6411621527811785,0.4047469
B2A,5707c424dd.jpg,0.8094383097888863,0.3213077
B2A,571325ea85.jpg,0.7543408628104928,0.33673704
B2A,571a8540a2.jpg,0.6211917535577526,0.39765787
B2A,571c0614e4.jpg,0.9000934266360837,0.22523163
B2A,571da2a2b6.jpg,0.8144103380661533,0.3801818
B2A,572d08dd47.jpg,0.6189132420830581,0.47957593
B2A,5734dda15c.jpg,0.8442759303551012,0.3055368
B2A,573e2bc6ac.jpg,0.8447976772719821,0.37156555
B2A,573f3616e6.jpg,0.7006794180102353,0.2961191
B2A,57509041fb.jpg,0.8274780830549023,0.35094357
B2A,575796635b.jpg,0.8493988224474142,0.3325925
B2A,5757d9bb28.jpg,0.791775379312848,0.36365888
B2A,5764c388a6.jpg,0.9399061156853193,0.25237402
B2A,5777167029.jpg,0.7140484621243005,0.61444515
B2A,5784a2edfb.jpg,0.9059932145987318,0.40802985
B2A,57874888f9.jpg,0.8075075467879355,0.30230826
B2A,5794fc49e9.jpg,0.8229824533196175,0.42038947
B2A,57965b2143.jpg,0.6369720327212387,0.4173255
B2A,579cd00684.jpg,0.6941545644370831,0.68351185
B2A,579d0d4e7d.jpg,0.8556588407943942,0.3074853
B2A,57a2330579.jpg,0.9156942919198522,0.2758759
B2A,57ba66fb37.jpg,0.8018147606258536,0.46511602
B2A,57bd2abf4c.jpg,0.8974433761110412,0.37785843
B2A,57c47a8905.jpg,0.6282039807058494,0.6183967
B2A,57c528a4d5.jpg,0.8156939420140539,0.3745383
B2A,57c906c4cf.jpg,0.8303496118284553,0.22928554
B2A,57cf047094.jpg,0.786269532563063,0.43110117
B2A,57d109e9cf.jpg,0.8780863861404099,0.3007805
B2A,57dccccee3.jpg,0.9200917582944277,0.17677653
B2A,57e0bbe931.jpg,0.8369974813392423,0.4029656
B2A,57e301422d.jpg,0.8123332469426864,0.271218
B2A,58111663f1.jpg,0.8005293442561281,0.31547308
B2A,581d539ad6.jpg,0.6283525533912138,0.41354132
B2A,5833188a28.jpg,0.9056976869534631,0.2223617
B2A,5834c44d37.jpg,0.7993304264128701,0.48841155
B2A,5847f64d5d.jpg,0.7440745833439382,0.34026504
B2A,5852bbcf34.jpg,0.7163634567506156,0.5044564
B2A,585a5eb514.jpg,0.8735803240723662,0.28942883
B2A,585aa1f933.jpg,0.8993063579993738,0.1723305
B2A,585efde177.jpg,0.6916222851733234,0.5940925
B2A,585f9cb26d.jpg,0.766871273643146,0.31858763
B2A,586d359437.jpg,0.7628221565319214,0.48972574
B2A,5879d04028.jpg,0.7855811199473404,0.31701663
B2A,587a865f86.jpg,0.8865741174553596,0.3681279
B2A,587cc7c2fe.jpg,0.7294615061795304,0.37118155
B2A,5894a8daaa.jpg,0.8280578714430842,0.3688905
B2A,589b4cbb6e.jpg,0.7723554561615259,0.28656554
B2A,589fdf111c.jpg,0.7224149497634733,0.44299582
B2A,58a038ba43.jpg,0.8495596954259387,0.3137594
B2A,58a4b16894.jpg,0.7479645306681824,0.5389516
B2A,58a776400d.jpg,0.9067137660989635,0.1483278
B2A,58a9467f2f.jpg,0.7858068478170442,0.2622573
B2A,58ae62fe43.jpg,0.6279114203673788,0.683487
B2A,58bd31f329.jpg,0.6279212501783602,0.54091734
B2A,58c1e36fda.jpg,0.8973419456127403,0.4405907
B2A,58cb8ad323.jpg,0.7534356242797682,0.44230688
B2A,58d3d98397.jpg,0.7482910653159959,0.4039107
B2A,58e34a0489.jpg,0.7455675507438844,0.39292106
B2A,5901773791.jpg,0.8340799870665635,0.23940238
B2A,590530447f.jpg,0.8356485251357886,0.2759114
B2A,5913ac7eed.jpg,0.7933133267906516,0.39380598
B2A,591d527b4e.jpg,0.9006186259886436,0.37468672
B2A,591df1353a.jpg,0.955347839145781,0.31955528
B2A,59245494b6.jpg,0.7834782762822567,0.24168053
B2A,592bf31bd5.jpg,0.8235890803389089,0.38566917
B2A,592dd67bf2.jpg,0.8024901320237268,0.3001653
B2A,59344b7884.jpg,0.8896401263649123,0.29223365
B2A,593d5650ea.jpg,0.8840014522946227,0.18271714
B2A,593fa1789b.jpg,0.691677057675647,0.45832214
B2A,594257c315.jpg,0.7898043666750649,0.52666557
B2A,5948efa988.jpg,0.6513299555101929,0.47138074
B2A,5966f03832.jpg,0.8573674791767316,0.27306634
B2A,5979ddaf40.jpg,0.5387457569568319,0.36786258
B2A,597dc8102b.jpg,0.8579166470102069,0.2596137
B2A,599d5b2041.jpg,0.8041091004421015,0.4442206
B2A,59a4aa8ae0.jpg,0.8122473496234697,0.3571406
B2A,59a5b56086.jpg,0.6562335254379738,0.35641873
B2A,59bf7066cc.jpg,0.7182860628776893,0.45713994
B2A,59c0b11f7a.jpg,0.7508597845068282,0.37449473
B2A,59c73a71e2.jpg,0.768275842593751,0.4093341
B2A,59d87604af.jpg,0.7820092410043875,0.21629956
B2A,59f40fedcd.jpg,0.6829175679556415,0.35541144
B2A,5a086eb4d4.jpg,0.794778001756661,0.21297626
B2A,5a0e4d57e3.jpg,0.7087430117896645,0.41639012
B2A,5a114c6f90.jpg,0.7637975984676711,0.34241033
B2A,5a1f5ac407.jpg,0.827794842123212,0.35589665
B2A,5a234f081a.jpg,0.8757408929049945,0.31707928
B2A,5a294c5685.jpg,0.8219564613765291,0.3076456
B2A,5a29db5e43.jpg,0.9127665411842262,0.2696272
B2A,5a30d613e5.jpg,0.7944439045662803,0.43886885
B2A,5a384bf8d9.jpg,0.7340516378236178,0.3977952
B2A,5a3c04abea.jpg,0.9100378916292711,0.30688184
B2A,5a5b14d79d.jpg,0.8938841892327354,0.2568254
B2A,5a648082a7.jpg,0.8971042307435559,0.2549542
B2A,5a722db12a.jpg,0.8763214611964041,0.36034015
B2A,5a7cd923cb.jpg,0.7883434245441029,0.3142851
B2A,5a7fe873f4.jpg,0.929387334821526,0.59677804
B2A,5a885d5128.jpg,0.8665445595593841,0.3928543
B2A,5a90fcd546.jpg,0.7956965992151401,0.37657624
B2A,5a921a3ab6.jpg,0.9204201114176912,0.34961107
B2A,5a977985f9.jpg,0.7635831511306658,0.3830183
B2A,5a9f9c1a61.jpg,0.6625014119934154,0.5089788
B2A,5aac6a791e.jpg,0.850385193985774,0.26316714
B2A,5abbc037e1.jpg,0.8352749673792118,0.3074898
B2A,5ac7e3d633.jpg,0.8206790218933949,0.2702692
B2A,5ad9efc598.jpg,0.870973734048893,0.16060457
B2A,5adb2c3de9.jpg,0.7408902375241574,0.32169992
B2A,5ae669f97f.jpg,0.8419291987897559,0.3373329
B2A,5ae67d7741.jpg,0.8424170641143313,0.2502765
B2A,5b1ac7d453.jpg,0.8460746936303906,0.15361567
B2A,5b1c17961a.jpg,0.7936966715354584,0.2551519
B2A,5b1ca92c81.jpg,0.7552749892822603,0.34777388
B2A,5b1ce21999.jpg,0.8804489050277097,0.31094426
B2A,5b25e416af.jpg,0.893551346070968,0.3244604
B2A,5b28e861e1.jpg,0.62997549711515,0.443609
B2A,5b2c1cbcc1.jpg,0.7896351213075248,0.24522626
B2A,5b36970405.jpg,0.9341224919524679,0.26068634
B2A,5b39ba9b27.jpg,0.7104308984013242,0.30582818
B2A,5b3c9ac58f.jpg,0.8429324421853726,0.28721642
B2A,5b430536ec.jpg,0.9360518399309886,0.33006513
B2A,5b45458ccf.jpg,0.8308979737894124,0.34582555
B2A,5b47729366.jpg,0.9409158704963526,0.35104746
B2A,5b54acd95e.jpg,0.8064242304181325,0.3710518
B2A,5b5eae4414.jpg,0.8589076487782935,0.38592657
B2A,5b644de405.jpg,0.718108120250918,0.43205813
B2A,5b67d44eea.jpg,0.8805820900963307,0.2689573
B2A,5b8f94e9ed.jpg,0.8137351132954205,0.22488295
B2A,5b960d2105.jpg,0.9091843040673775,0.26897553
B2A,5ba1f82d11.jpg,0.8557111726477158,0.28609836
B2A,5baec51613.jpg,0.8944825734280427,0.25006393
B2A,5bb0b7b0fd.jpg,0.9483014755469329,0.24729659
B2A,5bb7d3f1e2.jpg,0.8847933415898211,0.25545865
B2A,5bce397cd6.jpg,0.8516000321343727,0.2219491
B2A,5bdd158279.jpg,0.8635761504971288,0.23345046
B2A,5bddd2139f.jpg,0.6668721677256639,0.529015
B2A,5bfc51adc2.jpg,0.7859706522938827,0.43047765
B2A,5c0287b212.jpg,0.8933059871416444,0.2702134
B2A,5c03d3796d.jpg,0.5763611859482727,0.50944483
B2A,5c04deef4e.jpg,0.666777070007749,0.24998553
B2A,5c068c34b2.jpg,0.8377100843008988,0.20149311
B2A,5c096f6c6b.jpg,0.7305003656043075,0.42999366
B2A,5c097be130.jpg,0.8896589948245626,0.31868833
B2A,5c2de90d27.jpg,0.8465842021153929,0.29572365
B2A,5c3849313d.jpg,0.9149385713445584,0.17393404
B2A,5c399c47f2.jpg,0.8015636500722241,0.39867413
B2A,5c3afc56ce.jpg,0.9321084317779637,0.20621614
B2A,5c3d598219.jpg,0.8392495075317561,0.37140736
B2A,5c50599656.jpg,0.7895533596623767,0.373693
B2A,5c556d2c26.jpg,0.9065486300253209,0.3653415
B2A,5c55bd3c02.jpg,0.8848378508962956,0.3054119
B2A,5c574cd9b7.jpg,0.8123175714349379,0.40669686
B2A,5c6144e5be.jpg,0.7953820559171818,0.37540475
B2A,5c6c72ff95.jpg,0.7794129364592327,0.48623386
B2A,5c8a36d364.jpg,0.775630239696096,0.5093975
B2A,5c9487be68.jpg,0.7825380438536177,0.25705203
B2A,5c9979287f.jpg,0.8156955053390519,0.23712946
B2A,5c9b9f20eb.jpg,0.8130912789416082,0.30889636
B2A,5ca98fc2af.jpg,0.9171956790268707,0.21213682
B2A,5cb9dcf772.jpg,0.7863556356435767,0.366958
B2A,5cc20cb7e7.jpg,0.8810825854725535,0.2836146
B2A,5ce9aaf1e0.jpg,0.8007675375170511,0.3712215
B2A,5cf2ea15af.jpg,0.6432941813988896,0.62910616
B2A,5cff9ca17c.jpg,0.7353158253928533,0.5585998
B2A,5d03870821.jpg,0.7014985477392438,0.28796187
B2A,5d10d088ee.jpg,0.7264830343391695,0.48108292
B2A,5d1671f99b.jpg,0.6481979120684597,0.32018435
B2A,5d1d521c3f.jpg,0.7561477323017693,0.2620457
B2A,5d23c3c935.jpg,0.858489422241346,0.3494467
B2A,5d3ce96256.jpg,0.9163754919811292,0.33098015
B2A,5d4377db4a.jpg,0.8137234123577216,0.27567315
B2A,5d53f82763.jpg,0.8995397741449742,0.23521852
B2A,5d5d5c6cec.jpg,0.7039483852683367,0.44404387
B2A,5d77349c0e.jpg,0.7450661938275087,0.2898703
B2A,5d7b441aa9.jpg,0.6415797690995689,0.5696391
B2A,5d875c63ab.jpg,0.927475582523792,0.19198455
B2A,5d87fdb2c6.jpg,0.8898055335942736,0.38072205
B2A,5d8939501e.jpg,0.7895860887465083,0.2721855
B2A,5d90dbd1ca.jpg,0.7119558541707248,0.40683225
B2A,5da725f8d7.jpg,0.8457943427196241,0.37365255
B2A,5da88da947.jpg,0.6369187122824365,0.5659368
B2A,5dcdf86cfb.jpg,0.9081063057789889,0.19679578
B2A,5dcfd3a36f.jpg,0.6781617889590583,0.45310953
B2A,5ddb1eae61.jpg,0.8222254165009897,0.3373516
B2A,5de7aa1645.jpg,0.6806631933906349,0.38495243
B2A,5ded03d0f9.jpg,0.7436110810734003,0.3534721
B2A,5e0062d8c4.jpg,0.7936897387069359,0.21853155
B2A,5e0082e751.jpg,0.8662421008206166,0.4339162
B2A,5e05579bfb.jpg,0.7979792654592676,0.41979012
B2A,5e0b43957f.jpg,0.8694422349596,0.4576657
B2A,5e187eb93f.jpg,0.8516775297924812,0.27738628
B2A,5e23eef10f.jpg,0.6262588905023518,0.43425113
B2A,5e49c27b03.jpg,0.8457877890866472,0.43003857
B2A,5e4de25a9c.jpg,0.8700933890473677,0.1783294
B2A,5e5c74bded.jpg,0.6740757441850532,0.3245207
B2A,5e62cdccf1.jpg,0.8940792948246249,0.19843204
B2A,5e64b64de8.jpg,0.8281670061019507,0.298243
B2A,5e80458f0d.jpg,0.6956663139286459,0.38583934
B2A,5e8a5f5d3b.jpg,0.6827092498048962,0.37887186
B2A,5e8afd118f.jpg,0.7357112901099571,0.33248073
B2A,5e9b6ee1a4.jpg,0.7185877395312276,0.5057123
B2A,5e9d609ee7.jpg,0.7266550989151891,0.44508907
B2A,5e9f0eec0c.jpg,0.8704377912276152,0.37610152
B2A,5ea13d56aa.jpg,0.7676055648554279,0.29901558
B2A,5eaccc99bf.jpg,0.8497955045410174,0.2120665
B2A,5eb792b2be.jpg,0.892383661391116,0.22955392
B2A,5ed2785909.jpg,0.8140854578394506,0.3432049
B2A,5ed86a6d0b.jpg,0.9512318146230657,0.17643493
B2A,5edefd0d0f.jpg,0.7787924528691734,0.2746319
B2A,5ee0ea499b.jpg,0.8923419044406525,0.26970226
B2A,5ee88f0c5f.jpg,0.8519449058166603,0.3184987
B2A,5ee96ba98d.jpg,0.8384636006392332,0.47212136
B2A,5ef70f37ea.jpg,0.7497231376769611,0.41456398
B2A,5f02c26178.jpg,0.7051605486794221,0.4410656
B2A,5f0d21c2b1.jpg,0.8367993208310399,0.20516379
B2A,5f14f7641d.jpg,0.9185408997888302,0.22486314
B2A,5f24335241.jpg,0.7684923188780429,0.5440397
B2A,5f25cbc263.jpg,0.9408626474768284,0.2544185
B2A,5f2b8fa71a.jpg,0.6530274320068578,0.5079049
B2A,5f34ec2686.jpg,0.7538275745469065,0.51374227
B2A,5f4018d615.jpg,0.9177339022506341,0.13549832
B2A,5f4612d92b.jpg,0.8221422050314798,0.2966857
B2A,5f477576c5.jpg,0.7638724655316984,0.54870516
B2A,5f477a5c46.jpg,0.539869493527534,0.7708267
B2A,5f674f802b.jpg,0.7920549033024411,0.33800548
B2A,5f6acdd885.jpg,0.8654820669173655,0.42239776
B2A,5f7a943ad3.jpg,0.624106501953121,0.3537531
B2A,5f824e47e4.jpg,0.9118191332750659,0.26400876
B2A,5fb5327415.jpg,0.7274157714771148,0.25523615
B2A,5fcf902716.jpg,0.856818264266125,0.28670648
B2A,5fd438d742.jpg,0.7154349860223826,0.28929287
B2A,5ff7a6bd52.jpg,0.7890761327840277,0.3160028
B2A,5fffc71069.jpg,0.7585174898315136,0.33594927
B2A,600adb121f.jpg,0.8148195890883684,0.4808391
B2A,60149bcbbf.jpg,0.702373962981442,0.5417148
B2A,60268cfb2f.jpg,0.6370316596818464,0.60665864
B2A,604547096b.jpg,0.9057016191787429,0.18117765
B2A,6045dd5804.jpg,0.7649614451947931,0.29936993
B2A,604c154a10.jpg,0.8516514085099992,0.2151373
B2A,604d51ecdb.jpg,0.7014239431013779,0.46431738
B2A,604eee6de2.jpg,0.826737233514557,0.45453686
B2A,6058fe8ba4.jpg,0.7393290255958211,0.3499439
B2A,605c399821.jpg,0.7962289050400589,0.28903148
B2A,606bc88bf5.jpg,0.6757002001298913,0.45972228
B2A,606ea8c853.jpg,0.6714192453085956,0.43030092
B2A,606edf9e69.jpg,0.8887238566550685,0.16545779
B2A,607508ca60.jpg,0.8168315797933191,0.25284815
B2A,6090cac2ca.jpg,0.8008832112555238,0.3137709
B2A,609699b9f5.jpg,0.8720780303262017,0.20545182
B2A,6099732dd8.jpg,0.875531504361901,0.30362952
B2A,60a6fdd5c0.jpg,0.7261117573140659,0.4999642
B2A,60ac278e96.jpg,0.7531308525262229,0.466879
B2A,60adaaa8fa.jpg,0.8412951129286677,0.38898996
B2A,60ee84f0e3.jpg,0.7111260091943724,0.2326066
B2A,60f455c446.jpg,0.8779395078728894,0.368065
B2A,60f7b3ce84.jpg,0.8363713544393804,0.4573283
B2A,60fa0dced3.jpg,0.8761118640512721,0.32538646
B2A,610b2e40b1.jpg,0.8560234179135401,0.14931113
B2A,610ff29105.jpg,0.8887403695771199,0.24550946
B2A,6113839c53.jpg,0.9017512319521791,0.1875196
B2A,611ce907ee.jpg,0.7884087870950591,0.3970167
B2A,6127261426.jpg,0.7474118421377282,0.42039037
B2A,612de09c0e.jpg,0.7941993486007949,0.49926955
B2A,612eb28781.jpg,0.8067100833688025,0.37824014
B2A,613592c5ba.jpg,0.8402598700406312,0.26644766
B2A,614aebf996.jpg,0.8772645877640578,0.17925033
B2A,614dcbd1b6.jpg,0.6334617336768172,0.58940464
B2A,614e5368b3.jpg,0.823853188746061,0.34388152
B2A,6157aa63b5.jpg,0.7019159505470748,0.29672652
B2A,615f1a41e2.jpg,0.8928657668241532,0.32747594
B2A,6163883314.jpg,0.7861973382697354,0.25215793
B2A,6165bb7d20.jpg,0.7280156312307551,0.50633496
B2A,618573a4c0.jpg,0.8499499116040969,0.2329327
B2A,618c3a93a6.jpg,0.6494991987736586,0.43770623
B2A,619868817c.jpg,0.851273863584206,0.33377013
B2A,61c0bf55f3.jpg,0.9130230951606398,0.17541076
B2A,61ca26c3f0.jpg,0.6494556671398637,0.5142098
B2A,61d1dacb0a.jpg,0.7491498983270868,0.37902176
B2A,61e0412438.jpg,0.8402362128376558,0.33725193
B2A,61efe98c2b.jpg,0.850895582143962,0.41111255
B2A,61f0619994.jpg,0.6942699683067534,0.397419
B2A,61f337301f.jpg,0.7166450845151879,0.45849347
B2A,61f79ea5e3.jpg,0.8130873832904816,0.25035256
B2A,61febf655e.jpg,0.7819795093403565,0.39013425
B2A,6203a47be6.jpg,0.7943791592376055,0.47926465
B2A,6203de934f.jpg,0.8471929108684196,0.19356139
B2A,6203e44a0b.jpg,0.7783396644928172,0.47709754
B2A,6216948548.jpg,0.6984680395711328,0.3001073
B2A,623226574f.jpg,0.8448961695976134,0.20815846
B2A,6233033047.jpg,0.8016902334217786,0.2769404
B2A,6233a14e7a.jpg,0.809545343510409,0.5160589
B2A,62428234ef.jpg,0.837620600194922,0.27749616
B2A,62556af40e.jpg,0.7902188316460561,0.40088138
B2A,6256e7fb82.jpg,0.8030973541620426,0.2803669
B2A,62601c808e.jpg,0.9461040042772076,0.1857728
B2A,626caaa1ce.jpg,0.87584420913677,0.39122248
B2A,627532c78c.jpg,0.7299646596912913,0.22730665
B2A,6276c2f781.jpg,0.8978132819240169,0.34108916
B2A,6280ca0cf1.jpg,0.6749252245965905,0.37850648
B2A,6297c1fc75.jpg,0.7744228933430081,0.35514864
B2A,62a4327b05.jpg,0.7233892531913491,0.51765156
B2A,62a86886a4.jpg,0.9022429754547104,0.22661558
B2A,62ada6e480.jpg,0.8449641414695607,0.28919503
B2A,62ae12c529.jpg,0.7623118966480527,0.27750942
B2A,62b043985f.jpg,0.8394583204986571,0.2712965
B2A,62b1939e2e.jpg,0.8444346957803578,0.39829102
B2A,62b6c6c11d.jpg,0.6428794572700913,0.48124772
B2A,62bb8501e8.jpg,0.6903931892469308,0.4012509
B2A,62bff6d96f.jpg,0.8631647277723403,0.29546142
B2A,62c54774f6.jpg,0.6908929112930515,0.5464273
B2A,62c5a2a3c0.jpg,0.827497417912169,0.31874102
B2A,62c8619eeb.jpg,0.6222882613980867,0.5243271
B2A,62e2c15e98.jpg,0.539585350392647,0.61951387
B2A,62e79f1dd2.jpg,0.7764209093521556,0.42730564
B2A,630d324a16.jpg,0.8823168824088473,0.3700773
B2A,631cc9e7d1.jpg,0.8987962556320707,0.22450306
B2A,631f90f7a9.jpg,0.9194110395613613,0.24275458
B2A,632020c3e8.jpg,0.8245339127308999,0.3218815
B2A,632858e7c4.jpg,0.8721238960034003,0.27344096
B2A,633128bbae.jpg,0.5651766042605161,0.6641448
B2A,6334aea3e0.jpg,0.8749153161100518,0.42122185
B2A,63372e9038.jpg,0.6960220620365298,0.2734863
B2A,633edb47c9.jpg,0.8184850155187,0.42584828
B2A,634246cbc0.jpg,0.8669645627660425,0.59380764
B2A,634e2ff9c5.jpg,0.7593376470439517,0.3515355
B2A,634f5cf142.jpg,0.8775600974486978,0.297629
B2A,635907bad9.jpg,0.651071916507846,0.63031703
B2A,6360e41e69.jpg,0.7227303740269352,0.38916463
B2A,636280c73d.jpg,0.8267013889598371,0.18179493
B2A,636d76c49a.jpg,0.8088341957837607,0.28408882
B2A,6376737353.jpg,0.8029965981427725,0.44816652
B2A,6376c3ffa5.jpg,0.7313132194092252,0.48891163
B2A,6379773e3f.jpg,0.7750588736090768,0.37674052
B2A,637a28f9cf.jpg,0.8738636316900735,0.3023731
B2A,638093f853.jpg,0.8574081685089148,0.25548396
B2A,6383f39af4.jpg,0.6560675862460272,0.4182014
B2A,63959943dd.jpg,0.632859571392926,0.47855562
B2A,639ed4c744.jpg,0.7630577680536869,0.2579334
B2A,63a0582761.jpg,0.7699707276399727,0.34461385
B2A,63b4aeae20.jpg,0.6689307543130686,0.39061654
B2A,63b6bc086c.jpg,0.5977410066765407,0.42890507
B2A,63bf7ae1cf.jpg,0.7931356086137692,0.22436602
B2A,63d194e1df.jpg,0.9124323357711756,0.19514185
B2A,63e007e789.jpg,0.7479949355756518,0.42435774
B2A,63e73c1dc9.jpg,0.6992658146990319,0.3068899
B2A,63e885e644.jpg,0.796860398571758,0.31818122
B2A,63f6cea734.jpg,0.6533639535639414,0.503038
B2A,63fef59198.jpg,0.8087326806978037,0.18173386
B2A,6401c2d6c0.jpg,0.9036945358956016,0.18312459
B2A,6417787af0.jpg,0.8546223116165264,0.43347177
B2A,6421360d4f.jpg,0.7099750957024736,0.38546878
B2A,64247b3eb5.jpg,0.9050480107580464,0.1780496
B2A,6431f96d10.jpg,0.7653181571767511,0.3683992
B2A,64356423f2.jpg,0.6687327783692804,0.4243159
B2A,6438b04e89.jpg,0.9221875208750373,0.23227426
B2A,643916e05b.jpg,0.7923755931863248,0.44613525
B2A,64397cbb62.jpg,0.835319805312572,0.3725217
B2A,6440dd45f8.jpg,0.7557261272547429,0.44064024
B2A,6444bc3ca4.jpg,0.5767634676060182,0.35256138
B2A,6447774e95.jpg,0.7990271743066787,0.5240235
B2A,6457f79ca3.jpg,0.745989121996963,0.5967911
B2A,646da34032.jpg,0.8056053894860429,0.3764382
B2A,64813f537a.jpg,0.801620296660097,0.45873156
B2A,6493077860.jpg,0.8639050016905186,0.21288456
B2A,649df99535.jpg,0.713210226876155,0.57516265
B2A,64a519abd0.jpg,0.7321535649175146,0.38854
B2A,64bd39e960.jpg,0.9150645881467766,0.2112027
B2A,64c68d0aa3.jpg,0.9227370875022181,0.22575574
B2A,64c6b6a511.jpg,0.7672909167036557,0.28583574
B2A,64cf019733.jpg,0.9314704921382994,0.21458097
B2A,64d0a7acf2.jpg,0.8557528618671275,0.45322505
B2A,64d362378f.jpg,0.7252380549383013,0.3730837
B2A,64e21dfda0.jpg,0.7487358325335154,0.36216205
B2A,64ee7530ff.jpg,0.8740850049066021,0.22970155
B2A,64f06b5ceb.jpg,0.9145095963520852,0.37430087
B2A,64fcd56944.jpg,0.9117134314778418,0.20351872
B2A,6533b9656e.jpg,0.7562417977257397,0.47715437
B2A,65344ad883.jpg,0.687245673802917,0.5462523
B2A,653774f59a.jpg,0.7467232630417651,0.5548762
B2A,654dce0bc5.jpg,0.7132530807295172,0.35586545
B2A,6558098202.jpg,0.7079041522113065,0.56641215
B2A,6561bd46ba.jpg,0.7970614580151406,0.4314169
B2A,657337796d.jpg,0.78985010176688,0.40348196
B2A,657a1ebe3d.jpg,0.6228520066416269,0.36894128
B2A,657bf0b295.jpg,0.89923853207929,0.19879687
B2A,657d970481.jpg,0.8568433326075051,0.30470556
B2A,65881ff201.jpg,0.8729506926751557,0.23108232
B2A,6589904ec0.jpg,0.8522650565639287,0.35487947
B2A,65a09899f8.jpg,0.7680497922583187,0.41464758
B2A,65a6d3e7e2.jpg,0.8669322774408844,0.2731181
B2A,65ba65db68.jpg,0.7438921686215659,0.33872467
B2A,65cf11fe0e.jpg,0.86943139732031,0.37879932
B2A,65e0307c38.jpg,0.701084806160667,0.41145405
B2A,65e1c3f768.jpg,0.7345724390679179,0.30943915
B2A,65eb33194f.jpg,0.8279594392605861,0.4460872
B2A,65f48bdd36.jpg,0.6585081750013229,0.40522468
B2A,65ff1c4226.jpg,0.6188689820269762,0.62434447
B2A,660a638976.jpg,0.6327028551517928,0.40368545
B2A,661aadc417.jpg,0.9185272607794848,0.082307234
B2A,661d51efae.jpg,0.8637170266448243,0.3161316
B2A,662c5c4ff4.jpg,0.9097466275859176,0.21022685
B2A,6635a31ee1.jpg,0.8439489689113837,0.38077867
B2A,66361eea70.jpg,0.8860287239485407,0.21682146
B2A,6639b516d5.jpg,0.6737409112265244,0.37491533
B2A,663b9a1924.jpg,0.8478093967786656,0.16686228
B2A,66488583ab.jpg,0.7639464727003078,0.3081722
B2A,664b161ecc.jpg,0.7420262547845479,0.48009735
B2A,667c0fd61b.jpg,0.8420106670196668,0.4020173
B2A,6690a30a29.jpg,0.7605688718158068,0.44894323
B2A,66ad36a8d6.jpg,0.7052230531333524,0.2625811
B2A,66af3aa4b1.jpg,0.534310788318491,0.30970713
B2A,66b54569e6.jpg,0.8675670272756926,0.49389035
B2A,66cb408c30.jpg,0.8833972490115884,0.23090975
B2A,66db0fe6b4.jpg,0.6520362628525874,0.304316
B2A,66dbf73abc.jpg,0.8449135251819091,0.24471848
B2A,66e71841a4.jpg,0.8442824709638014,0.384072
B2A,66f8456cb7.jpg,0.8256531058237591,0.24889648
B2A,6700b4b7bb.jpg,0.9268158776432925,0.3096798
B2A,670d9aa07f.jpg,0.8803293760910696,0.24113335
B2A,670dbb29d1.jpg,0.8435377324786794,0.22009769
B2A,6717eca3cc.jpg,0.6759715515691724,0.6709765
B2A,6728f4bba7.jpg,0.8972851326878584,0.25731245
B2A,6731de7cdc.jpg,0.804957547978646,0.26049873
B2A,6736ee186d.jpg,0.7677883333678864,0.482807
B2A,674bf68b95.jpg,0.8310638460084754,0.303154
B2A,674c25f70e.jpg,0.7241583806958292,0.34936285
B2A,6751643b4b.jpg,0.7450940361998415,0.46605188
B2A,675e6b6065.jpg,0.7060361393772264,0.44479257
B2A,675eb73e32.jpg,0.7899656468702676,0.43613487
B2A,676a38fcf2.jpg,0.6960362786272194,0.2979656
B2A,676d2377ea.jpg,0.8600608765232831,0.2798695
B2A,67811f844f.jpg,0.8506774163442646,0.42253745
B2A,6798a2a50d.jpg,0.8998672795357017,0.23161468
B2A,679f2b8c09.jpg,0.7265596265973484,0.31784278
B2A,67ad9f90eb.jpg,0.778961752061858,0.23376547
B2A,67ae13d8fd.jpg,0.6225961923551245,0.6274876
B2A,67b03b9ae6.jpg,0.9104071785884036,0.27233794
B2A,67b2023cdc.jpg,0.9106364765202407,0.225847
B2A,67b303bc1f.jpg,0.7364907073703145,0.42590815
B2A,67bf2caa0d.jpg,0.8237665839933773,0.3517404
B2A,67cb59fe1b.jpg,0.7211767212226241,0.46924824
B2A,67d30c5976.jpg,0.9129333618490695,0.4135066
B2A,67e82318a8.jpg,0.8400279110404226,0.3302681
B2A,67fa0b1fff.jpg,0.6136116295488112,0.516082
B2A,67ffae436a.jpg,0.7535782682297083,0.26277238
B2A,680e403ee6.jpg,0.8167029569580031,0.38131404
B2A,68161f940a.jpg,0.8102009942710876,0.3160897
B2A,681747f03e.jpg,0.9024984042638129,0.119028516
B2A,681949c029.jpg,0.8704049195272026,0.22712584
B2A,681df42505.jpg,0.8000249606762039,0.34718645
B2A,682e0844c2.jpg,0.9060235976891444,0.4117087
B2A,6836334767.jpg,0.6972733444010222,0.40110385
B2A,683ff91f55.jpg,0.6049141864056424,0.4666219
B2A,684690671a.jpg,0.8213608954011009,0.33076566
B2A,684be8790c.jpg,0.6687735082706602,0.43338177
B2A,685174f022.jpg,0.7431133751714489,0.32063213
B2A,6852f4cb2d.jpg,0.7556642622266101,0.4148066
B2A,685923a424.jpg,0.8997972946026769,0.20162588
B2A,68730b2016.jpg,0.7641548538582019,0.28561607
B2A,687cd30117.jpg,0.9052953732788236,0.24314252
B2A,6884abf5fe.jpg,0.8834077615636307,0.26046613
B2A,6887ee7059.jpg,0.8375369708402527,0.25194433
B2A,688fd65571.jpg,0.8463965201588667,0.2592724
B2A,689273b092.jpg,0.6943322251864756,0.38034114
B2A,68a0fd8800.jpg,0.9111420965578063,0.2151258
B2A,68b8b35955.jpg,0.8350151147137778,0.29986262
B2A,68d3757ce1.jpg,0.8806422402261499,0.28699023
B2A,68d785f0cb.jpg,0.6016225501826502,0.3638065
B2A,68e40889bf.jpg,0.9052947561679009,0.22809741
B2A,68e93f1dd4.jpg,0.7740849403031654,0.2684371
B2A,68f7232a89.jpg,0.8074858362069625,0.29595155
B2A,6915fdb4e2.jpg,0.8733507114190153,0.17943887
B2A,692b29e496.jpg,0.9194374791856109,0.23639913
B2A,692d2be632.jpg,0.7221154022065407,0.5872966
B2A,6932043ee0.jpg,0.7978981379303226,0.4325024
B2A,693415a29b.jpg,0.8919917063708324,0.24106462
B2A,69552238b4.jpg,0.8587335368755905,0.23160592
B2A,695755652f.jpg,0.669793507785472,0.2817678
B2A,6957a4b495.jpg,0.854479733229774,0.205044
B2A,6960ca7470.jpg,0.7913176557324484,0.37350196
B2A,6960d1ca6a.jpg,0.7722447781721593,0.35832286
B2A,696803e17c.jpg,0.7279428220676244,0.43034917
B2A,696f56514d.jpg,0.7001182456688961,0.45460457
B2A,6970d5e39a.jpg,0.8963328165455368,0.29433417
B2A,697a7cac68.jpg,0.6611012857912612,0.38425472
B2A,6987bc04a8.jpg,0.8696955742241472,0.33526534
B2A,69a48c1703.jpg,0.9286763562379663,0.15505677
B2A,69ae5108fc.jpg,0.6384541329217372,0.44931006
B2A,69b2d90a15.jpg,0.7733600946035548,0.47006512
B2A,69b411b727.jpg,0.5219273458695823,0.43013597
B2A,69b590e268.jpg,0.831630215282872,0.49690604
B2A,69ba3dbcbe.jpg,0.9515293995323539,0.26151302
B2A,69bc2bf220.jpg,0.7919105082665817,0.32742566
B2A,69c3dba202.jpg,0.8816723092675577,0.29742932
B2A,69c50db73f.jpg,0.5775204295995165,0.56734747
B2A,69c5eb1184.jpg,0.7468616336879484,0.36924702
B2A,69ce40e8bd.jpg,0.8432052306142097,0.4468046
B2A,69cf4ee0c1.jpg,0.8044695085827687,0.43287706
B2A,69e5be6684.jpg,0.7752290301021849,0.39700252
B2A,69ea18eac3.jpg,0.6860531731236851,0.46584144
B2A,69ff61709e.jpg,0.8743198509560789,0.29591712
B2A,6a0a168174.jpg,0.8397744368137265,0.46303284
B2A,6a0c1b662f.jpg,0.9079032137488362,0.2262704
B2A,6a19d6ed16.jpg,0.7838760193840582,0.27448034
B2A,6a1aea3e32.jpg,0.8755799716108482,0.28013483
B2A,6a24142aad.jpg,0.7782683982572475,0.31639126
B2A,6a3a6192c0.jpg,0.851894889464696,0.32451996
B2A,6a4d3daafe.jpg,0.6460146593532687,0.54370344
B2A,6a4fe6590b.jpg,0.7333418253685601,0.39202708
B2A,6a55ec45aa.jpg,0.9488599023267252,0.277984
B2A,6a5b3e97df.jpg,0.7176891427804382,0.43551007
B2A,6a62792333.jpg,0.7680206482554914,0.40751153
B2A,6a6fb64128.jpg,0.7389657351496807,0.60537106
B2A,6a75bc4fce.jpg,0.829170590591631,0.3284388
B2A,6a95e80280.jpg,0.8756423332403239,0.26093844
B2A,6a9634ff0e.jpg,0.9279821215071801,0.23323946
B2A,6aa027975d.jpg,0.8435464581808776,0.2440626
B2A,6ab55e39e3.jpg,0.8597994355658081,0.2059702
B2A,6ab607ca91.jpg,0.6258485093905725,0.36308408
B2A,6ac584cbb4.jpg,0.6949089902159797,0.40507564
B2A,6ac922afab.jpg,0.7928396776271737,0.27228948
B2A,6ae1292f67.jpg,0.7784986522638715,0.19622864
B2A,6afc612209.jpg,0.7848459319352112,0.5565074
B2A,6b04d109cf.jpg,0.5635468301315127,0.35866028
B2A,6b240d89b8.jpg,0.8511503795315398,0.38784862
B2A,6b25e23139.jpg,0.8130141267338479,0.27735925
B2A,6b3e7692a0.jpg,0.7740794402948178,0.45931607
B2A,6b47c83dad.jpg,0.9261754711775855,0.2435355
B2A,6b53db36ed.jpg,0.834478518222883,0.40662813
B2A,6b61c7852e.jpg,0.7269654676911403,0.33546212
B2A,6b66f3c48a.jpg,0.7883555906745845,0.32881224
B2A,6b6b85cd53.jpg,0.776874451296176,0.622813
B2A,6b6e1046b8.jpg,0.8665340691186683,0.2694059
B2A,6b70c93481.jpg,0.8537651188996981,0.3802978
B2A,6b7172639a.jpg,0.8711846796931235,0.27287576
B2A,6b87a7b5dc.jpg,0.8913020420202248,0.3396486
B2A,6b87dc38dc.jpg,0.6587645481173122,0.47562742
B2A,6b910e1321.jpg,0.5064252928220492,0.5092021
B2A,6ba72ca483.jpg,0.6651944815315038,0.5484299
B2A,6bb4d6273a.jpg,0.8664086876707082,0.36517614
B2A,6bc014d8ea.jpg,0.858643637913723,0.27583686
B2A,6bc2744034.jpg,0.9229362996287908,0.28908065
B2A,6bc4af390a.jpg,0.8831250793076859,0.2928881
B2A,6bc7d64fb6.jpg,0.8176055939358696,0.3321209
B2A,6bc8104d76.jpg,0.5222233717267456,0.6439826
B2A,6bcd8876a4.jpg,0.8369084966958719,0.39461982
B2A,6bcea12f74.jpg,0.7693519912171196,0.38570714
B2A,6be0fc09a5.jpg,0.6514583794519758,0.40752053
B2A,6bf0976dae.jpg,0.7112163890369877,0.4299789
B2A,6c0f6804c5.jpg,0.8243337953759328,0.30582315
B2A,6c19b70453.jpg,0.9240297863211487,0.17092511
B2A,6c1d743ded.jpg,0.8020397676081523,0.17240703
B2A,6c1f308e02.jpg,0.774218386082776,0.42831886
B2A,6c28209b0b.jpg,0.8492732233948613,0.3914049
B2A,6c37caaa86.jpg,0.7140444435617803,0.33628398
B2A,6c38e65dd9.jpg,0.823280591905348,0.1412437
B2A,6c5fb319c2.jpg,0.5843524835599166,0.6003436
B2A,6c650608d2.jpg,0.5488525866688313,0.6684397
B2A,6c66f26b82.jpg,0.8012605332386855,0.2549604
B2A,6c77b100ea.jpg,0.6754462396778163,0.49799496
B2A,6c7b92564c.jpg,0.8188056852344967,0.44431445
B2A,6c7bd28db6.jpg,0.882663274246833,0.51251745
B2A,6c7e5b0199.jpg,0.7908296826499811,0.3749443
B2A,6c8aec68c1.jpg,0.8300146050770082,0.25809997
B2A,6c8c8234e4.jpg,0.7395043060478527,0.64906406
B2A,6c9c20101d.jpg,0.7719480208896946,0.2076352
B2A,6cad5acca6.jpg,0.8855862704886975,0.17850606
B2A,6cada09ad0.jpg,0.8567424233287296,0.2603242
B2A,6cb683712d.jpg,0.6149167618077377,0.66351324
B2A,6cb7a4d1c0.jpg,0.8353499870344337,0.27794725
B2A,6cc9ba090d.jpg,0.8279311595404258,0.3642578
B2A,6cdb4ae67d.jpg,0.7728838951771612,0.3160535
B2A,6cf14b58ac.jpg,0.6555473311533073,0.5462631
B2A,6d21dd8e8a.jpg,0.854510512172588,0.4351465
B2A,6d2db478f1.jpg,0.9196810020674475,0.28632832
B2A,6d366256a0.jpg,0.7436387492528165,0.37920356
B2A,6d43871d17.jpg,0.8044169789466885,0.26949495
B2A,6d4cd97a65.jpg,0.7801716081245398,0.2758379
B2A,6d4ed509c4.jpg,0.7760456070936319,0.2707631
B2A,6d59401909.jpg,0.42034411856765114,0.64120334
B2A,6d6717a60d.jpg,0.8017406260277836,0.3189897
B2A,6d6bc1579a.jpg,0.8196708672389029,0.4301952
B2A,6d75effae7.jpg,0.5597251354703039,0.512361
B2A,6d76ac5983.jpg,0.8376884635028988,0.27895808
B2A,6d76db2739.jpg,0.8981752145376525,0.17409283
B2A,6d8ac0ab87.jpg,0.7786063915469409,0.3255931
B2A,6d8ff7415d.jpg,0.684369195633132,0.41684633
B2A,6da5f24eb5.jpg,0.7350233556805211,0.31012875
B2A,6da926571e.jpg,0.9094451952127878,0.13729878
B2A,6db9d90f11.jpg,0.7627728041757377,0.33826762
B2A,6dc8ab590e.jpg,0.7419732773545729,0.694508
B2A,6dce9829bb.jpg,0.7775505206808205,0.3694771
B2A,6dcf799703.jpg,0.8763811635863801,0.28769565
B2A,6ddc86d0e4.jpg,0.8472938874585401,0.34918582
B2A,6dee6d02d8.jpg,0.7424248328323184,0.37313506
B2A,6df48d411c.jpg,0.6576718006425607,0.34958416
B2A,6dfff386db.jpg,0.7540090780533993,0.2835089
B2A,6e09fe8d32.jpg,0.8420319744940173,0.51954484
B2A,6e13b2f9b4.jpg,0.8434264096949227,0.2931574
B2A,6e17babca8.jpg,0.8115158220128584,0.41020593
B2A,6e2493f8d4.jpg,0.6395369684310094,0.30168757
B2A,6e2c4451e5.jpg,0.6378347176416713,0.6153276
B2A,6e3c226e32.jpg,0.8035126195891941,0.4343513
B2A,6e3e179ef8.jpg,0.8959977372898411,0.3461659
B2A,6e57dbfe6f.jpg,0.6719983899150624,0.5634841
B2A,6e5cd72d3c.jpg,0.8201800932154242,0.21639882
B2A,6e656030a0.jpg,0.7397472951961664,0.36108348
B2A,6e68264904.jpg,0.6945964273040839,0.5688474
B2A,6e72f8ad6c.jpg,0.9047607460377276,0.42323384
B2A,6e84325bee.jpg,0.7132091375128354,0.40499598
B2A,6e89ef391e.jpg,0.5905057685413246,0.33895272
B2A,6e8ec08b46.jpg,0.8458448654113638,0.3183275
B2A,6e924c87a3.jpg,0.7702825980737045,0.2686782
B2A,6e9f6935ce.jpg,0.8188707561325695,0.36696446
B2A,6ea4aef23e.jpg,0.7916055887250999,0.26412493
B2A,6ebd91c7e5.jpg,0.7600053495205764,0.55169886
B2A,6ebfe9870b.jpg,0.6646230360300498,0.3347515
B2A,6ec425bb69.jpg,0.7629890761775074,0.46555948
B2A,6ecc2d49cf.jpg,0.7492870938730948,0.2904064
B2A,6ed8cb6c73.jpg,0.8780109406529424,0.15647495
B2A,6edee61a9e.jpg,0.585940023225573,0.3533419
B2A,6ee301dfa6.jpg,0.8407591108173254,0.32871282
B2A,6ee4e3cfa0.jpg,0.6668483387637498,0.38527924
B2A,6ee582ddd3.jpg,0.8828814823358946,0.47570735
B2A,6ef0e038c4.jpg,0.7098002913166502,0.43325722
B2A,6efbef83a2.jpg,0.803552820066806,0.31963724
B2A,6f28a81391.jpg,0.7075461640361128,0.4787315
B2A,6f2bf952a9.jpg,0.9025296951743845,0.19817913
B2A,6f40f67816.jpg,0.8772237934916584,0.25036895
B2A,6f48326e10.jpg,0.7532734880696782,0.4983199
B2A,6f48f32192.jpg,0.8220723248009831,0.43537635
B2A,6f5bf1e36c.jpg,0.7228264076200331,0.51323164
B2A,6f5ef8ad57.jpg,0.8754833447888097,0.28839988
B2A,6f68219972.jpg,0.7063524481691938,0.60134435
B2A,6f6d82abff.jpg,0.7324174789489452,0.2533867
B2A,6f7564d1a0.jpg,0.8117657358914694,0.57015616
B2A,6f77237bfc.jpg,0.5544950583033383,0.45209444
B2A,6f8cb591c0.jpg,0.8566202381312559,0.443475
B2A,6f8d0b8187.jpg,0.5507081805988454,0.64068943
B2A,6f8e3c9a8b.jpg,0.8997510330128717,0.27107522
B2A,6f923ef327.jpg,0.796886442473812,0.35495758
B2A,6f947d7eac.jpg,0.6622387857737233,0.41843387
B2A,6fadc7344f.jpg,0.9272033017653022,0.31373262
B2A,6fc20169b5.jpg,0.6367424486242618,0.57088786
B2A,6fc42ec979.jpg,0.783648735630542,0.29914314
B2A,6fc6fa664f.jpg,0.8596778115927348,0.427169
B2A,6fd27b0261.jpg,0.9467667036766827,0.27907243
B2A,6fd58bb7ed.jpg,0.84117593290824,0.3124823
B2A,6fd674c2bc.jpg,0.749677533260816,0.5783667
B2A,6feaf858bb.jpg,0.6735290119694356,0.4831014
B2A,6ff650cc01.jpg,0.9706544996146381,0.11803496
B2A,6ff926036b.jpg,0.6388903115256035,0.40701956
B2A,7007638c04.jpg,0.9077521688013972,0.20374535
B2A,7018cf5472.jpg,0.9137121757052207,0.1530131
B2A,7023e05153.jpg,0.5323564007094803,0.6131967
B2A,7041df8f8d.jpg,0.7771755461183141,0.43335727
B2A,7048682787.jpg,0.7590662088805527,0.44468695
B2A,7056c4d0c9.jpg,0.785130022322294,0.39550352
B2A,7058938d2d.jpg,0.6618880137333601,0.4248337
B2A,70688893ff.jpg,0.7900642663064085,0.36486986
B2A,7095de0c05.jpg,0.658198950437793,0.5218689
B2A,709c87be1e.jpg,0.7115082657362976,0.47349578
B2A,70a6584991.jpg,0.9078762094104182,0.19432616
B2A,70adc33191.jpg,0.8235425306313572,0.36634386
B2A,70b1293521.jpg,0.40320204890084294,0.63368833
B2A,70bbdc328b.jpg,0.8479258644385349,0.5041405
B2A,70bfad4fb3.jpg,0.9271645114675049,0.21651535
B2A,70c35d97fa.jpg,0.7882949254530642,0.6475103
B2A,70c4ba13c5.jpg,0.8653571267696349,0.34268254
B2A,70c5926990.jpg,0.8746907322142559,0.34351888
B2A,70d01a9f18.jpg,0.8548373408292931,0.29520145
B2A,70d2dd3347.jpg,0.7992804092804744,0.5833645
B2A,70e1a9d5d0.jpg,0.7688456361157927,0.3384335
B2A,70f83908f4.jpg,0.628211386966526,0.45714924
B2A,710afec54e.jpg,0.8686958269565017,0.31620234
B2A,710dddaa53.jpg,0.8172648790377182,0.19678445
B2A,710ff8d371.jpg,0.7840709197814362,0.4071406
B2A,711bdf7e70.jpg,0.8599604019524725,0.22479655
B2A,711e41a40a.jpg,0.7794954390315604,0.4995577
B2A,7124e69590.jpg,0.9406796481147115,0.19394253
B2A,7128cb2ee3.jpg,0.6646631454454396,0.5417567
B2A,7140fb929c.jpg,0.9056204348910499,0.27955368
B2A,714de5bcda.jpg,0.6540899356686692,0.4622176
B2A,716437e0a0.jpg,0.8124631230372106,0.5055764
B2A,71697466d8.jpg,0.9108027427690378,0.25236365
B2A,716981b92d.jpg,0.9159059632298656,0.3491412
B2A,717bc1fc72.jpg,0.5618603911475347,0.6541646
B2A,718b15a998.jpg,0.8815936010835406,0.21823227
B2A,71990c1992.jpg,0.846400474639737,0.34003332
B2A,71a1688eec.jpg,0.7429536022257656,0.4900678
B2A,71ab7757d1.jpg,0.8319979005183531,0.1898971
B2A,71b9dfc246.jpg,0.7303246163046433,0.29406196
B2A,71c9f21e69.jpg,0.8767890958879536,0.31456262
B2A,71cd818b43.jpg,0.9044334839520733,0.18381006
B2A,71cde4e6b9.jpg,0.8540167353539347,0.3023083
B2A,71d0f6d808.jpg,0.6662471329375405,0.3862095
B2A,71d92823a7.jpg,0.7697900800789215,0.42799392
B2A,71e2160bc2.jpg,0.8410617245179947,0.34347486
B2A,71eb79bec9.jpg,0.8296969984537698,0.27654952
B2A,71f375fd61.jpg,0.8189188872881229,0.32423466
B2A,71f38526e3.jpg,0.7238354216417817,0.45093867
B2A,71f84e59d9.jpg,0.6393614387149948,0.46803948
B2A,71fbc6fd17.jpg,0.7539232848664179,0.45054942
B2A,71feaf01d5.jpg,0.7127138009330036,0.49108085
B2A,720358ea9a.jpg,0.8539047986282906,0.42445126
B2A,7207f4dfb5.jpg,0.7125874546195277,0.48025155
B2A,720b03538d.jpg,0.8619917931346265,0.27123517
B2A,720b65616c.jpg,0.7896570635877712,0.35393918
B2A,720b79fcc2.jpg,0.5100829692928192,0.57395923
B2A,721f26a1d5.jpg,0.4857641496551068,0.8312539
B2A,721fb86cc5.jpg,0.630199394524924,0.55369616
B2A,7226160b9d.jpg,0.8416882945750974,0.23973551
B2A,722cb1e56d.jpg,0.8547912601206183,0.23065288
B2A,7232765c25.jpg,0.8804724911538451,0.27395362
B2A,723451df4f.jpg,0.7916944999666399,0.36458784
B2A,7234b91e34.jpg,0.8114691398384787,0.4409161
B2A,7237fc1604.jpg,0.8337728611805773,0.29691753
B2A,723d373aa3.jpg,0.6779236235848383,0.3901499
B2A,7241d2c3d9.jpg,0.7828008195118374,0.2688187
B2A,7261ec35d2.jpg,0.766096814868236,0.3729134
B2A,72669a9943.jpg,0.9104385009814944,0.264957
B2A,72812baf6e.jpg,0.7015518100675198,0.36543202
B2A,7283cfab05.jpg,0.8339016641701924,0.51619065
B2A,728ea2432b.jpg,0.7353405101480743,0.48589727
B2A,7293694fa1.jpg,0.853445089799608,0.3843745
B2A,72984fac2b.jpg,0.843238257189734,0.29711404
B2A,72a4736675.jpg,0.6981141911923336,0.34641343
B2A,72a601d8f0.jpg,0.7353956752911636,0.31219044
B2A,72c7727920.jpg,0.7737804415581013,0.31602716
B2A,72d3a41349.jpg,0.811714384798939,0.413109
B2A,72d466fe84.jpg,0.6932978674718666,0.44850713
B2A,72e16d5fbd.jpg,0.8324953201321752,0.3080871
B2A,72e448ba0d.jpg,0.5543894751175766,0.55377096
B2A,72f617be7d.jpg,0.8759067300510612,0.5383934
B2A,730f4d3c17.jpg,0.8305183026113167,0.3669101
B2A,7310d880f1.jpg,0.7965540908084431,0.4780088
B2A,731ebe59e9.jpg,0.8466056327830649,0.25610185
B2A,73222f682f.jpg,0.8171648380163788,0.37352172
B2A,73256f9bc4.jpg,0.9332191263996246,0.36063808
B2A,7325a1d7d0.jpg,0.6162537307518184,0.7984427
B2A,732a9c8c6b.jpg,0.7057504987143768,0.36234358
B2A,732becb4d6.jpg,0.7524885592309086,0.43509236
B2A,7333f63f5c.jpg,0.9320918934108295,0.2227131
B2A,7336afe63d.jpg,0.8248028079039013,0.31430072
B2A,73433b9176.jpg,0.7894083240142791,0.37400675
B2A,7347d4c64e.jpg,0.8397777526041744,0.18129036
B2A,734c1c2cb7.jpg,0.8519956722520191,0.22786042
B2A,734f9967b1.jpg,0.677422908547983,0.4284467
B2A,7354bcca29.jpg,0.7106544204675657,0.2981707
B2A,736aca548d.jpg,0.7835286541801957,0.37110287
B2A,73849ee3fd.jpg,0.806041765453383,0.19364323
B2A,7386076f73.jpg,0.8839023519913312,0.25648978
B2A,738cc4553d.jpg,0.9294845129021997,0.26497775
B2A,739659d0c4.jpg,0.8673664284353427,0.3177773
B2A,739b765f02.jpg,0.691119930619234,0.4596578
B2A,73a7bab2d5.jpg,0.7422659201323677,0.46627265
B2A,73ae5bd0e4.jpg,0.8658246488918161,0.15571913
B2A,73b60d1a3f.jpg,0.9429107807532103,0.38229007
B2A,73bc721c0c.jpg,0.7640219250283817,0.41153315
B2A,73bdd8ab24.jpg,0.7020063335848641,0.36354968
B2A,73c083aefc.jpg,0.8118906771265664,0.28098285
B2A,73d0951809.jpg,0.8159506981900558,0.42575294
B2A,73d23b9664.jpg,0.7945743350328616,0.2535162
B2A,73e426eb88.jpg,0.7606961525176473,0.45893812
B2A,73eb34dde6.jpg,0.8763200782662088,0.35116607
B2A,73eed9e6c8.jpg,0.7692885077746556,0.30478892
B2A,73effc2726.jpg,0.7636870249311957,0.3230732
B2A,73f1c501ae.jpg,0.8739097579305937,0.3382052
B2A,73ffa6505c.jpg,0.8294187291193773,0.23412308
B2A,740e5eeb86.jpg,0.7152427556077466,0.60187227
B2A,74342f9fbe.jpg,0.8905721023549714,0.2922934
B2A,743d265ef2.jpg,0.7052810462150465,0.36938024
B2A,7444113e88.jpg,0.8572063062899431,0.25094786
B2A,7448a942f2.jpg,0.836587351620855,0.3626594
B2A,7450949ae7.jpg,0.7785943005338435,0.36351115
B2A,745612e6f4.jpg,0.7071582301755528,0.35691667
B2A,745d4137b7.jpg,0.877556393457301,0.21059799
B2A,746f2cd1d2.jpg,0.8736171815955995,0.24012648
B2A,74875545e6.jpg,0.809592683356194,0.39769423
B2A,748d5a0ab8.jpg,0.7337219301317722,0.31440726
B2A,748e1a440c.jpg,0.8676258786456631,0.2096761
B2A,7491908057.jpg,0.8316426570942348,0.27884713
B2A,749222e6d6.jpg,0.9190621237145726,0.19582681
B2A,74a47c4bf0.jpg,0.8404814101408465,0.28047204
B2A,74a537f1c6.jpg,0.7543176350255328,0.31962377
B2A,74aea007fa.jpg,0.6899883602156984,0.48981386
B2A,74c1b398ad.jpg,0.9675373326912559,0.124818586
B2A,74cc091e10.jpg,0.7806214266240783,0.49557275
B2A,74d0ac959c.jpg,0.7707898231349446,0.40422875
B2A,74d406c90e.jpg,0.7295791615303264,0.1911014
B2A,74e1d0f495.jpg,0.9154400819425687,0.26336217
B2A,74f3bf7113.jpg,0.7172056031579574,0.4199787
B2A,74f3c01037.jpg,0.8548255269218763,0.30076203
B2A,74f46669b2.jpg,0.6385182109417714,0.50757957
B2A,7500111c43.jpg,0.7619631247744443,0.2885926
B2A,750111ec4f.jpg,0.7412984942133948,0.45411313
B2A,7504776c00.jpg,0.9120615709537453,0.19190027
B2A,750d38f7fb.jpg,0.8292828322734817,0.5267515
B2A,7517680fdc.jpg,0.595887122271418,0.6129207
B2A,7524651de3.jpg,0.6310343130633811,0.3227302
B2A,7533dedc3a.jpg,0.6593647957760319,0.4082552
B2A,7542d63fe4.jpg,0.8419790972882224,0.30688882
B2A,754324f8f4.jpg,0.8480624344001858,0.16854027
B2A,7550e074f1.jpg,0.7540029243778894,0.38917163
B2A,7552fc948e.jpg,0.8575708113346941,0.36363536
B2A,7556df8481.jpg,0.5947872819313054,0.36017755
B2A,755af1c3a4.jpg,0.8820134279472539,0.26756236
B2A,7567cc9f18.jpg,0.7947367916128428,0.32625628
B2A,756f63c794.jpg,0.8196347941060752,0.26451445
B2A,7571b0e8bb.jpg,0.8671540933063308,0.2840701
B2A,75720815fb.jpg,0.7922155726389238,0.5889027
B2A,7588e6d09e.jpg,0.7960188498994463,0.30229682
B2A,75942c4668.jpg,0.778769461208904,0.4444944
B2A,7594f0f494.jpg,0.6575762168326275,0.19851854
B2A,75979a026b.jpg,0.7889720662982254,0.34285787
B2A,759dcb713c.jpg,0.5277034716343376,0.5415316
B2A,75aafd3f82.jpg,0.7604041793282216,0.4389014
B2A,75ae690a9b.jpg,0.7824858015981992,0.43509904
B2A,75aeffdcf8.jpg,0.6606931596691623,0.45715734
B2A,75b200e2f2.jpg,0.7125686715775558,0.36246333
B2A,75c89b8f5e.jpg,0.8005887340641991,0.33963066
B2A,75c92b7fca.jpg,0.8529348386453308,0.2774364
B2A,75ce72e60d.jpg,0.9132840703212206,0.19715443
B2A,761d963561.jpg,0.7534285784148059,0.31969547
B2A,7622bccb99.jpg,0.9163615289044772,0.26136738
B2A,76354e710e.jpg,0.5433165151705649,0.4821176
B2A,76461faf34.jpg,0.8575431882616102,0.25453833
B2A,7659aebdef.jpg,0.7842254972116806,0.49010003
B2A,7664753e1a.jpg,0.737966572101704,0.37793052
B2A,76665f40b9.jpg,0.8544985285671779,0.3717867
B2A,7669df8ee6.jpg,0.9039852051376707,0.24377444
B2A,7679305237.jpg,0.8879596140478416,0.24896252
B2A,768650ced7.jpg,0.8516343036704394,0.47719884
B2A,7689871557.jpg,0.8183493093652187,0.1946054
B2A,768c95d325.jpg,0.800390398802591,0.30971655
B2A,76916c1438.jpg,0.491089625545097,0.44411454
B2A,76a03653aa.jpg,0.8675471577981478,0.26477575
B2A,76a510b033.jpg,0.710964512235696,0.600037
B2A,76a75521fa.jpg,0.6040229173739934,0.5281549
B2A,76b398536a.jpg,0.8001038145025888,0.44072217
B2A,76c2eea825.jpg,0.8691641702997115,0.286458
B2A,76ceecc865.jpg,0.8075761417591975,0.29412222
B2A,76edc30013.jpg,0.7585817863058653,0.4678514
B2A,76ef022161.jpg,0.7553672912701207,0.28508395
B2A,76f978fec2.jpg,0.7047036539124475,0.46317917
B2A,7703813883.jpg,0.6386701552558492,0.51904577
B2A,77102d5829.jpg,0.8787928157044721,0.41007286
B2A,7727666e8d.jpg,0.8614614050619517,0.28787103
B2A,772787cb7c.jpg,0.9079351433474294,0.19981962
B2A,7729898908.jpg,0.7977761948916674,0.38581318
B2A,774082dd9e.jpg,0.8569415295281524,0.18935752
B2A,77419070a6.jpg,0.8802286993158926,0.32972467
B2A,774f853b60.jpg,0.7395783139953538,0.29676574
B2A,7750286d66.jpg,0.7582530583954825,0.3498581
B2A,77573ba17e.jpg,0.9282126823990198,0.20207609
B2A,7759594268.jpg,0.7962771452192643,0.44518858
B2A,776a168a2e.jpg,0.7355208469286719,0.38564208
B2A,776b0e0213.jpg,0.8897746111258721,0.21403718
B2A,776dbabcb1.jpg,0.7831413633847031,0.3984508
B2A,776e857956.jpg,0.9053567287843846,0.19256152
B2A,77740b1ba2.jpg,0.7665403520964938,0.28050137
B2A,777e0d9afc.jpg,0.6783075324199501,0.35168853
B2A,777f896f3b.jpg,0.869738477567634,0.36103314
B2A,778a55d424.jpg,0.6847737459120046,0.48755467
B2A,77a2df3751.jpg,0.709591929645434,0.29771024
B2A,77a6d1f419.jpg,0.8065429692904816,0.34884366
B2A,77b1ed8168.jpg,0.8832118701573548,0.32142863
B2A,77b8c928ae.jpg,0.8752902504953861,0.2609613
B2A,77c637c87c.jpg,0.8777150476825066,0.2662204
B2A,77c63d6765.jpg,0.9069975779926424,0.3292577
B2A,77cc149318.jpg,0.6503350836431514,0.57416844
B2A,77d268dafa.jpg,0.7924800146149065,0.2967035
B2A,77d27a89f3.jpg,0.8046128576698561,0.3218245
B2A,77d554c049.jpg,0.9091129577295939,0.2526814
B2A,77d9910a45.jpg,0.8417922399745569,0.23568201
B2A,77dcb3f91c.jpg,0.7521937013700135,0.5346989
B2A,77e77fd4d9.jpg,0.7497421893112063,0.45494455
B2A,77e82445c9.jpg,0.9068553159176463,0.32596284
B2A,7801bb9581.jpg,0.5926377703138159,0.62739885
B2A,7805d03ce4.jpg,0.7630974220030139,0.3363681
B2A,7807bdaae8.jpg,0.7327527772787644,0.5070558
B2A,781764cd26.jpg,0.6951492130309129,0.42456436
B2A,78216eacbb.jpg,0.7821786980037153,0.3771249
B2A,78233f97ed.jpg,0.8405927409328315,0.23239982
B2A,7827929b12.jpg,0.6115959211469354,0.3951199
B2A,7828416c2b.jpg,0.8968049729493968,0.24856833
B2A,7838b0b023.jpg,0.8742825606681127,0.21770623
B2A,7870db5306.jpg,0.9452152795361003,0.14876725
B2A,7881e712fb.jpg,0.5091763715568469,0.4945194
B2A,7885b18fe7.jpg,0.6830091489364348,0.45149016
B2A,7885f87ccd.jpg,0.7872320633686739,0.32173613
B2A,788782c439.jpg,0.6657776479825998,0.36873809
B2A,7888781c57.jpg,0.7782247579468021,0.4456621
B2A,788e9005c2.jpg,0.8042958021812876,0.4037662
B2A,78969b7789.jpg,0.7060642420899517,0.40845585
B2A,789c663ce2.jpg,0.8810881872557011,0.21057318
B2A,789d474691.jpg,0.7803715195695404,0.18573359
B2A,789fe43c3b.jpg,0.7767049676665185,0.27619183
B2A,78b260b084.jpg,0.6173786818554925,0.4902466
B2A,78b3c9e843.jpg,0.8096482506324905,0.32907748
B2A,78b7b08af3.jpg,0.6974755666637692,0.41254365
B2A,78ba4238cb.jpg,0.8573306269477579,0.20598795
B2A,78ce4c4608.jpg,0.6766288461951897,0.1549833
B2A,78d517ae49.jpg,0.7380444626093758,0.5021148
B2A,78f2b2e678.jpg,0.844409729715949,0.291581
B2A,78f6992d04.jpg,0.6581289534350376,0.5292226
B2A,78fcba3055.jpg,0.7903876107510254,0.4702165
B2A,79109e8c61.jpg,0.7286396644848071,0.40803438
B2A,7913d3ab4b.jpg,0.6196393133464461,0.48526284
B2A,7926b2a5bd.jpg,0.7336517434434975,0.3357553
B2A,79419a7227.jpg,0.9367114892413887,0.17811835
B2A,7965d8c651.jpg,0.7128404178678072,0.36885214
B2A,796c7e723b.jpg,0.8673655321553408,0.31263873
B2A,79733e8783.jpg,0.8054572270276862,0.32213533
B2A,797adf61af.jpg,0.9127079474470333,0.2692429
B2A,797e703d91.jpg,0.7711647868208031,0.3702418
B2A,7980d5b29a.jpg,0.9573018439177796,0.20509607
B2A,7981b8e217.jpg,0.8648571703542184,0.31627148
B2A,799d7e401d.jpg,0.7273215871653747,0.38827062
B2A,79a49efeb3.jpg,0.7793296661747612,0.34297407
B2A,79a5164707.jpg,0.737624251479783,0.38589984
B2A,79ab6fdc8e.jpg,0.8374709275203873,0.28435373
B2A,79b9d8bfb5.jpg,0.7466995221722843,0.42127025
B2A,79c459542d.jpg,0.8162505992413236,0.34919018
B2A,79dc9b3fc8.jpg,0.9047010576271682,0.30780473
B2A,79dd5cd9b8.jpg,0.808712349003892,0.37114337
B2A,79e4e783df.jpg,0.9278887958798137,0.20414054
B2A,79f08e8403.jpg,0.8334427374101657,0.4677882
B2A,7a06011cda.jpg,0.8645627523853104,0.20686099
B2A,7a16ecde25.jpg,0.7507819282639583,0.34757042
B2A,7a21514dd6.jpg,0.6861161451518953,0.40282232
B2A,7a235d7c2e.jpg,0.8072351274497864,0.18871418
B2A,7a317ade8c.jpg,0.7142020033732518,0.382805
B2A,7a384aae43.jpg,0.8560730876148447,0.30195904
B2A,7a41220ce3.jpg,0.836045776152598,0.279443
B2A,7a4248c339.jpg,0.8613095354640712,0.36727458
B2A,7a4936b4d3.jpg,0.7519823588534956,0.26023692
B2A,7a50f1f877.jpg,0.8582467122369409,0.20144114
B2A,7a672fc939.jpg,0.8941792798747851,0.23035607
B2A,7a67d01ecb.jpg,0.8716699046671742,0.27395666
B2A,7a790425a3.jpg,0.7148584847720709,0.34258318
B2A,7a7c8a41da.jpg,0.8190776394137589,0.43337983
B2A,7a7c978501.jpg,0.6232938017425695,0.6564549
B2A,7a89081006.jpg,0.8849846403256266,0.21639203
B2A,7a92dc3b48.jpg,0.8197978578666675,0.39206225
B2A,7a938425d7.jpg,0.648781510807737,0.5561363
B2A,7a9c9957a2.jpg,0.8741063974567305,0.3978785
B2A,7adce96691.jpg,0.7192335469171521,0.3457617
B2A,7ade5f17b6.jpg,0.8997478367752437,0.43212157
B2A,7ae14d0df4.jpg,0.8867434312728272,0.32735032
B2A,7ae24e7c92.jpg,0.7253635216002595,0.50262845
B2A,7ae27065e4.jpg,0.6368106821643769,0.57160056
B2A,7aec020dba.jpg,0.7965117432322627,0.26808402
B2A,7aef765d7c.jpg,0.8520799675138272,0.21235892
B2A,7afb68c270.jpg,0.8102976396966014,0.3651404
B2A,7b2c14d64c.jpg,0.7869150968861601,0.39803535
B2A,7b2df8fad8.jpg,0.7266844632796721,0.4028567
B2A,7b2e948dd2.jpg,0.8920577128494231,0.375356
B2A,7b38a10760.jpg,0.9054037721196481,0.29500687
B2A,7b3dcfc234.jpg,0.7667142113849739,0.3324102
B2A,7b42fe0738.jpg,0.7819485704986118,0.40572438
B2A,7b4f952cda.jpg,0.8194200829961585,0.25390962
B2A,7b563f3da5.jpg,0.7866789126544137,0.34057233
B2A,7b58d64ffe.jpg,0.7461426099565895,0.44984704
B2A,7b6c956002.jpg,0.7832393676707352,0.2830351
B2A,7b78d025c5.jpg,0.8236944077631219,0.49248073
B2A,7b7a60c254.jpg,0.7709464909516633,0.24655518
B2A,7b7def398f.jpg,0.8048934555015057,0.31069532
B2A,7b8226f09f.jpg,0.7869993572996353,0.51185167
B2A,7b8bc9e046.jpg,0.6617898579299232,0.6293971
B2A,7b8e783020.jpg,0.6621755995757554,0.3290615
B2A,7b95afc20a.jpg,0.8371281146066587,0.23670071
B2A,7b9b6563a7.jpg,0.8161926060250487,0.5371579
B2A,7bb4e1593a.jpg,0.6022925181729217,0.38916427
B2A,7bb60f2e2d.jpg,0.779547214390087,0.36474678
B2A,7bbd0f8f52.jpg,0.9174712574968718,0.31934613
B2A,7bc83c1b56.jpg,0.9123031175104234,0.18340445
B2A,7bdf9996ea.jpg,0.8326842813799337,0.39381447
B2A,7be0db443f.jpg,0.8029186666857562,0.33171672
B2A,7be0dc51f4.jpg,0.7910215071804355,0.23953786
B2A,7be0f69dcb.jpg,0.7961615877265955,0.3323993
B2A,7bf5288c2b.jpg,0.6639886074490271,0.41291106
B2A,7c008f564f.jpg,0.7875183350766949,0.27941418
B2A,7c0124f967.jpg,0.9409435904287232,0.19487537
B2A,7c0461f641.jpg,0.8554573984175776,0.3511673
B2A,7c049eff70.jpg,0.8239258374300176,0.3233059
B2A,7c0c7a783b.jpg,0.6880085090848053,0.40381712
B2A,7c0d9a98f6.jpg,0.6500803962735642,0.5423439
B2A,7c10f3f57f.jpg,0.7777309458919202,0.461321
B2A,7c1125ebeb.jpg,0.6634642630431341,0.3774684
B2A,7c1218f676.jpg,0.6782476305319428,0.48069438
B2A,7c15235fb8.jpg,0.8210898109920575,0.4858782
B2A,7c156b004d.jpg,0.801881856188476,0.4037954
B2A,7c1d7c9aa3.jpg,0.8206627672565278,0.24701995
B2A,7c1f2ef952.jpg,0.8565654514784988,0.21923845
B2A,7c1fcdc180.jpg,0.8269596449955866,0.32127988
B2A,7c25e34189.jpg,0.6560865553566524,0.45391965
B2A,7c384a7ede.jpg,0.7274439462687614,0.53377825
B2A,7c3b2c256c.jpg,0.6345218204053716,0.57325584
B2A,7c3ee3e388.jpg,0.8377268876404844,0.22269025
B2A,7c3fbdac59.jpg,0.683370745327597,0.3625095
B2A,7c4766fb03.jpg,0.8607601659283124,0.33459947
B2A,7c5d962322.jpg,0.8627508031577739,0.50885534
B2A,7c63c281ef.jpg,0.7332017918870517,0.36265737
B2A,7c68ca1865.jpg,0.853350835593814,0.3392608
B2A,7c68ccf32f.jpg,0.7508891116380806,0.40172824
B2A,7c6ab18691.jpg,0.6013535679933489,0.6586487
B2A,7c6cf5181a.jpg,0.6802486376822914,0.3973664
B2A,7c79a1e83e.jpg,0.7770291456828758,0.37024412
B2A,7c872ca222.jpg,0.6473114979075668,0.55817306
B2A,7c955126e8.jpg,0.7595684619850332,0.52655065
B2A,7c9a4f10b2.jpg,0.7370959108756192,0.3560382
B2A,7c9af80795.jpg,0.7470865820089149,0.48628712
B2A,7cb0522881.jpg,0.6901798416237785,0.5564344
B2A,7cb0db442a.jpg,0.8882561642054231,0.4057231
B2A,7cb82fa990.jpg,0.8372700403094702,0.3554128
B2A,7cbf0363dd.jpg,0.7399996135104826,0.39014623
B2A,7cc41853c4.jpg,0.8569406441725315,0.20425522
B2A,7ccec75d11.jpg,0.709274851868842,0.252735
B2A,7cd2ad5db4.jpg,0.8109993312361922,0.30446288
B2A,7cd7629560.jpg,0.7496695517585972,0.38759872
B2A,7cda318854.jpg,0.7438782078760005,0.37814385
B2A,7cdd5a8c97.jpg,0.7278614023926053,0.42511514
B2A,7ce956f84e.jpg,0.9053090633710044,0.2191425
B2A,7cf3257fe1.jpg,0.8778288554506167,0.10763085
B2A,7cf972ca4e.jpg,0.7390547174620985,0.25750253
B2A,7d0b63d4d1.jpg,0.8623435164138469,0.31309748
B2A,7d11bc4bb1.jpg,0.9270894061552177,0.28733775
B2A,7d14ae2c83.jpg,0.8439233307762966,0.51478213
B2A,7d1867e979.jpg,0.702054340689008,0.35448086
B2A,7d33e5e3ac.jpg,0.895629378339799,0.1803882
B2A,7d3556655c.jpg,0.7245038927842737,0.4483114
B2A,7d438b5b3e.jpg,0.817676667080256,0.34510797
B2A,7d4e10f395.jpg,0.9022709829600799,0.2338287
B2A,7d65234f6f.jpg,0.5680726711446563,0.5421139
B2A,7d696fbb2f.jpg,0.7604344161547772,0.47714373
B2A,7d6dc43485.jpg,0.888874671902842,0.25634018
B2A,7d71d359f0.jpg,0.8609395478877705,0.30597177
B2A,7d72c4ba28.jpg,0.8713474839788653,0.41556087
B2A,7d7556d1dd.jpg,0.8298855057111435,0.34998077
B2A,7d7d58cea7.jpg,0.6186798521088047,0.5123922
B2A,7d8abbfdbd.jpg,0.8761659068769363,0.42623612
B2A,7d940c442d.jpg,0.822190263670416,0.38279584
B2A,7d95240653.jpg,0.7508880376527888,0.46850598
B2A,7da4680104.jpg,0.7867072945431909,0.4123121
B2A,7db236abe0.jpg,0.6340522609107603,0.690533
B2A,7dca327fe8.jpg,0.8224384692633263,0.53542405
B2A,7dcb0d04e3.jpg,0.8293148001751854,0.38628507
B2A,7dd8b4a45b.jpg,0.5715232838928962,0.6934953
B2A,7de01293ea.jpg,0.7945542021311903,0.45808947
B2A,7dfb072885.jpg,0.8146249168927916,0.37639058
B2A,7e2519dcf1.jpg,0.6199215703945836,0.48930976
B2A,7e26c9f22d.jpg,0.7687365442145397,0.33660084
B2A,7e2ad883dd.jpg,0.7522342192474494,0.4329396
B2A,7e2e2533ee.jpg,0.8738092494717044,0.3077867
B2A,7e304fd432.jpg,0.6541902701451195,0.2192895
B2A,7e37685707.jpg,0.7942105088543042,0.19397402
B2A,7e3c9753d2.jpg,0.7802613750649533,0.37031054
B2A,7e6b458841.jpg,0.8661315952293206,0.35825297
B2A,7e77e7ff01.jpg,0.9371698897569175,0.32473588
B2A,7e83030c67.jpg,0.860277553241784,0.36966962
B2A,7e838e4c19.jpg,0.6206283891896639,0.684691
B2A,7e889d8813.jpg,0.7143036075406868,0.39422348
B2A,7e8e158ba5.jpg,0.7673841095980396,0.40345666
B2A,7e91553d4c.jpg,0.6692019534004976,0.5347403
B2A,7e947e8473.jpg,0.6560912551524966,0.44273287
B2A,7ea12ecf5b.jpg,0.8027818179050968,0.28075466
B2A,7ea8555873.jpg,0.5548314201581488,0.5420546
B2A,7eb9a0d805.jpg,0.6665928544105062,0.50417626
B2A,7ebc0b2351.jpg,0.7293077469818245,0.2902083
B2A,7ebcd7c679.jpg,0.6850866906398603,0.45038304
B2A,7ec20e8b9a.jpg,0.7730646150808786,0.3182667
B2A,7ede634def.jpg,0.8190062342389821,0.47971737
B2A,7edf7ca60d.jpg,0.6968237823809844,0.61828846
B2A,7ef4f1446b.jpg,0.8581912281630977,0.33158815
B2A,7f019e5373.jpg,0.850908837498009,0.3161304
B2A,7f02d9fa8f.jpg,0.6823422028878997,0.5844012
B2A,7f12c1cca1.jpg,0.8710582937056974,0.37374616
B2A,7f299427bb.jpg,0.7090979604666443,0.36373147
B2A,7f324200d3.jpg,0.8042802620402288,0.47725278
B2A,7f43e66a43.jpg,0.7887579367195062,0.4194824
B2A,7f4e8f04c5.jpg,0.6203178889718028,0.46811956
B2A,7f59dbd120.jpg,0.8356710944691531,0.3347871
B2A,7f60fd12e1.jpg,0.8829742631137646,0.154899
B2A,7f640e04dc.jpg,0.7872549805306428,0.3117782
B2A,7f78a7aa8c.jpg,0.7958613799156707,0.42574102
B2A,7f7f9dcc20.jpg,0.9049812736777783,0.19615859
B2A,7f9ac1520f.jpg,0.751927021322955,0.26055613
B2A,7fa151a456.jpg,0.6573722416961145,0.30426508
B2A,7fa2d1f946.jpg,0.8103529653333932,0.24491802
B2A,7fa318179b.jpg,0.7972390581806005,0.35486627
B2A,7fa6e56ff7.jpg,0.9014926417988081,0.2913096
B2A,7fb0f42377.jpg,0.817608977574367,0.42370984
B2A,7fb171451a.jpg,0.6373321090798283,0.5724258
B2A,7fb1cad955.jpg,0.7444594532140905,0.2123793
B2A,7fb9eff147.jpg,0.8533639553394738,0.2506922
B2A,7fc9c15d6c.jpg,0.7327729350377584,0.27751586
B2A,7fd24aaafe.jpg,0.8340314760181385,0.39771643
B2A,7fe10b4018.jpg,0.7609583361016886,0.4922932
B2A,7fe3df6004.jpg,0.8185829632465561,0.27526143
B2A,7ff003370d.jpg,0.7813767702585313,0.32293144
B2A,7ff8dfa2ee.jpg,0.8359160749077003,0.33217263
B2A,7ffc13fa6c.jpg,0.6878571117550049,0.70363414
B2A,80056780a6.jpg,0.9045170418702078,0.3086263
B2A,802eeb0575.jpg,0.8033134206852204,0.31131566
B2A,803918db32.jpg,0.9335460660879098,0.32072133
B2A,803cdfa30d.jpg,0.6678009194757799,0.4846186
B2A,8040facbe6.jpg,0.8363855545384982,0.3505571
B2A,80504a22b9.jpg,0.8049693589081817,0.50662285
B2A,805cc692e2.jpg,0.6756512287325012,0.45868352
B2A,805d252a48.jpg,0.8656130174779755,0.37683588
B2A,806723cc78.jpg,0.8328075964667805,0.21016195
B2A,806806cb9a.jpg,0.8339298412201113,0.4119924
B2A,806bcffeb8.jpg,0.9031513987997319,0.24933383
B2A,807412a8c6.jpg,0.7923033367925294,0.5386388
B2A,80ae498dc4.jpg,0.8319079819250776,0.23543572
B2A,80bdb3ebb3.jpg,0.9044981033422099,0.20570134
B2A,80c662984e.jpg,0.8312372526867222,0.26578724
B2A,80c7bd98c6.jpg,0.8978068421308273,0.20152609
B2A,80cb714bef.jpg,0.8688227941154882,0.8236697
B2A,80e9db68d7.jpg,0.6450536686649166,0.39784253
B2A,80f21f8d80.jpg,0.8037186046778514,0.26878276
B2A,80f94c28a2.jpg,0.7156537569486688,0.4759193
B2A,80f9a9d388.jpg,0.5879263586482539,0.41380602
B2A,8101ece7f2.jpg,0.7376682220935047,0.33514115
B2A,8102f2aa02.jpg,0.9493386694316146,0.18057732
B2A,8107391f58.jpg,0.8212718175373082,0.32435527
B2A,81167cf39f.jpg,0.777815694539903,0.31084996
B2A,811d974e6d.jpg,0.8298055917433149,0.53300416
B2A,811f8878b8.jpg,0.8183608622753048,0.44498652
B2A,81212b5fb3.jpg,0.741981731670374,0.4047302
B2A,812c304d83.jpg,0.5826639574426483,0.60813916
B2A,81389aa2a9.jpg,0.9088302765745918,0.19467787
B2A,81598667e6.jpg,0.7411390880200965,0.39001605
B2A,8159e774de.jpg,0.8323908758605019,0.38529953
B2A,815a938f69.jpg,0.8732843330194084,0.22137819
B2A,815ab85a6e.jpg,0.7129738574387959,0.3628916
B2A,816320a79c.jpg,0.7034287607245236,0.5459843
B2A,816941fe05.jpg,0.6958649122512203,0.43343678
B2A,816cf329c2.jpg,0.83429952616632,0.26884708
B2A,8173072883.jpg,0.7921447647529325,0.27740407
B2A,817699d6f7.jpg,0.8263872747623972,0.41358054
B2A,8178110f5e.jpg,0.7885406161455005,0.2606312
B2A,8195d86c30.jpg,0.9033157016873765,0.2836796
B2A,819ced9dae.jpg,0.8648550203781221,0.25749367
B2A,81a3f846ba.jpg,0.938513948623317,0.34829137
B2A,81a5890567.jpg,0.6208662654331302,0.34995177
B2A,81ac7dcf8c.jpg,0.7170575674891798,0.30444425
B2A,81acc80772.jpg,0.7942397198052578,0.26795998
B2A,81c035fb44.jpg,0.8749212550161647,0.36707106
B2A,81c57f7151.jpg,0.7091234941449612,0.50114775
B2A,81ce13c3df.jpg,0.9174052495021555,0.25804526
B2A,81da4f11ed.jpg,0.8489668452229352,0.24441452
B2A,81ea0e81ce.jpg,0.7088543052888744,0.3338282
B2A,81ed4d9ff3.jpg,0.6328691361785026,0.43242463
B2A,81fb53e37a.jpg,0.4960225637547518,0.38763422
B2A,81ff0aefc6.jpg,0.8464384928335087,0.26535192
B2A,82040426b5.jpg,0.7745133242778962,0.6956204
B2A,8220d80950.jpg,0.7109733743180408,0.5533534
B2A,822552115b.jpg,0.7290283935922379,0.38874626
B2A,822947ecb1.jpg,0.7531513498010037,0.2793135
B2A,82367ab4d2.jpg,0.6441440330501903,0.52393365
B2A,8248de6066.jpg,0.7574897932108173,0.386525
B2A,824bed3f95.jpg,0.9269791962164178,0.27507406
B2A,82634a2ae8.jpg,0.8964522919792199,0.27963558
B2A,82693740f1.jpg,0.5813820474809694,0.6497643
B2A,8277fe2e16.jpg,0.7154413054228266,0.4584921
B2A,827d49d009.jpg,0.9182468943195007,0.19479746
B2A,8296beac40.jpg,0.8159540127072127,0.28205073
B2A,829836a509.jpg,0.6904578965247293,0.3874883
B2A,8298b9a8d8.jpg,0.781738114754289,0.35208395
B2A,829903c6c6.jpg,0.7358117649132502,0.38063216
B2A,82af83a14d.jpg,0.720769851959238,0.3678784
B2A,82b669c385.jpg,0.7776784090095942,0.29803804
B2A,82bef71a05.jpg,0.6149532973270567,0.32261005
B2A,82c327e9d4.jpg,0.7065802001195317,0.4772255
B2A,82decad964.jpg,0.5137482630401786,0.51081485
B2A,82e260b45d.jpg,0.940972050653656,0.2906859
B2A,82e41780fb.jpg,0.6297514670215203,0.46850133
B2A,82e82a8357.jpg,0.8431541934804657,0.34086263
B2A,82eed08641.jpg,0.7671701839309023,0.36644804
B2A,82f5266958.jpg,0.8605510989266425,0.45534062
B2A,82fcbee767.jpg,0.810157561988762,0.33297426
B2A,8304fdf299.jpg,0.755188458666384,0.5333599
B2A,830926071b.jpg,0.7597713075361382,0.5513602
B2A,8309cebb11.jpg,0.8691158127976477,0.30409014
B2A,830d6a9af8.jpg,0.7765237737025509,0.4003391
B2A,8310e4a528.jpg,0.8520619133479632,0.2585362
B2A,831831cd60.jpg,0.7082652746303981,0.47892097
B2A,833684a09f.jpg,0.857347810140459,0.225025
B2A,8340918985.jpg,0.9288620287383496,0.117389865
B2A,834324b28d.jpg,0.6581690446973169,0.56446016
B2A,834d25dc3a.jpg,0.6318666976303503,0.40674463
B2A,835bec911b.jpg,0.8696959701719038,0.25396845
B2A,8369977ac5.jpg,0.9108116894214043,0.2115714
B2A,8371a80fc5.jpg,0.8013673804639522,0.31537208
B2A,838707bb83.jpg,0.6015096991542184,0.65414757
B2A,83871aecf1.jpg,0.8688277141639235,0.31569588
B2A,839167629f.jpg,0.7398443428709501,0.35966587
B2A,8399fa40c0.jpg,0.8312883382280735,0.4558396
B2A,83a22608d9.jpg,0.6598937055093614,0.45944193
B2A,83b450115e.jpg,0.8854922835124724,0.18352309
B2A,83b513a9f5.jpg,0.9306723603783426,0.18477942
B2A,83b5cb7823.jpg,0.9091610469754925,0.20331627
B2A,83ca4e5d68.jpg,0.778949391765523,0.5182926
B2A,83cf828aa6.jpg,0.866554841930388,0.38680685
B2A,83d2597f51.jpg,0.7288534570083772,0.3206991
B2A,83e571e3af.jpg,0.5018097161416764,0.5701067
B2A,83e9d62ff0.jpg,0.7089909213113862,0.49847737
B2A,83ed90d1d7.jpg,0.8868197047953722,0.26263142
B2A,83f5024bcd.jpg,0.8156912589246244,0.23831391
B2A,83f55b4d2e.jpg,0.7619550140084266,0.35372618
B2A,83f5a65548.jpg,0.9073732845127928,0.21478733
B2A,83f6286883.jpg,0.5139414132455984,0.52022916
B2A,8400927e5f.jpg,0.9098936943384902,0.24958521
B2A,840a22679d.jpg,0.7064828869834796,0.4004407
B2A,8410764670.jpg,0.7832632280243134,0.29189327
B2A,8417b9ba5d.jpg,0.736476397050104,0.39733115
B2A,842796e8dd.jpg,0.8186789438965201,0.32512707
B2A,84356275c7.jpg,0.8726982579298628,0.28059834
B2A,843b6f2a18.jpg,0.8944527609527388,0.44973552
B2A,843d7a0966.jpg,0.676743585811586,0.46560776
B2A,843f66f77e.jpg,0.7537903059279876,0.42431086
B2A,84484a24e0.jpg,0.776574915055236,0.4919965
B2A,84553b740b.jpg,0.8492119540216004,0.387734
B2A,84637eb98b.jpg,0.9040648322487742,0.20348129
B2A,8474d317e3.jpg,0.7314323275039742,0.42432398
B2A,847da6b705.jpg,0.7374294980879126,0.45974034
B2A,8480e5bae2.jpg,0.9041078312586899,0.26431492
B2A,849b958fa3.jpg,0.8843852964352122,0.24073642
B2A,849d054ce5.jpg,0.8806738518107973,0.51346797
B2A,84acf0ee3f.jpg,0.7007027527333201,0.59680957
B2A,84c2400c39.jpg,0.8229878946108719,0.21144372
B2A,84c4d10f39.jpg,0.9322810282613317,0.19789955
B2A,84cae20e39.jpg,0.8036814037449913,0.2547603
B2A,84cb45938b.jpg,0.8231063118824331,0.5214039
B2A,84cd781c32.jpg,0.8211315370029175,0.31512666
B2A,84dad4b872.jpg,0.8627405956701033,0.4291787
B2A,84df271806.jpg,0.583130435533545,0.56532866
B2A,84ee633e7a.jpg,0.863853280870714,0.23766363
B2A,84f1a78c0a.jpg,0.6296489573508993,0.46853116
B2A,84f5b38537.jpg,0.7652724430196955,0.4479033
B2A,84fd2747e7.jpg,0.8530663822443801,0.29498285
B2A,85011baf6a.jpg,0.6747839188095663,0.4047044
B2A,850cb18db0.jpg,0.7475150899801835,0.4801041
B2A,8511eb45e8.jpg,0.7942904512513875,0.4458964
B2A,851c2742d9.jpg,0.8534493538251038,0.16407998
B2A,8526c7d445.jpg,0.6583214182056584,0.56202126
B2A,852771e943.jpg,0.7610287747347456,0.60266244
B2A,8527919cc8.jpg,0.6706840310589122,0.60309625
B2A,852ced6303.jpg,0.8470795698098523,0.29301688
B2A,85377f86af.jpg,0.6064665705392461,0.51019865
B2A,8562b1ef80.jpg,0.8641134046557518,0.28871515
B2A,8565668373.jpg,0.8324875273227827,0.40602523
B2A,8574055650.jpg,0.8393658582587895,0.324466
B2A,8576320b13.jpg,0.7422139002750847,0.41966987
B2A,8584d4b75f.jpg,0.7056734796867737,0.23780498
B2A,8593b23e01.jpg,0.7573263699783785,0.39510036
B2A,8597aec3c1.jpg,0.6647609986979458,0.58398074
B2A,8598af15a5.jpg,0.7373254306313117,0.4856563
B2A,85b3353572.jpg,0.9029918011418904,0.27284062
B2A,85d1493cb9.jpg,0.8813719808236324,0.29030764
B2A,85d4c7d44e.jpg,0.9082334594550762,0.24839047
B2A,860986c993.jpg,0.8869957916443674,0.18028826
B2A,8609912dd5.jpg,0.8549110596831894,0.23307182
B2A,8610a242cf.jpg,0.7048368179397505,0.45657074
B2A,86146960bc.jpg,0.6432346101498023,0.7311357
B2A,86149e3c8a.jpg,0.8484373029035001,0.3415771
B2A,8623f11b69.jpg,0.8664023083305467,0.2854777
B2A,8635c1c560.jpg,0.8820860287918763,0.13894738
B2A,8656e512bc.jpg,0.8342890188772655,0.22755843
B2A,866ca5455c.jpg,0.6908120184709381,0.5608096
B2A,8676768de2.jpg,0.7788567562094033,0.45369187
B2A,86777200f8.jpg,0.6594467635161322,0.52125967
B2A,868b7d7c85.jpg,0.697753376711829,0.43464482
B2A,868fdaaa01.jpg,0.7683019579322339,0.38063323
B2A,86913ad2d6.jpg,0.8234836686633433,0.19584593
B2A,869e7e9177.jpg,0.8493609494685581,0.34718263
B2A,869f7517fb.jpg,0.8765749130076502,0.35660237
B2A,86a8147985.jpg,0.5763131514421533,0.63165694
B2A,86b0a365e5.jpg,0.6389549034471459,0.38564274
B2A,86c26de778.jpg,0.9027156689288898,0.16365631
B2A,86c699eff0.jpg,0.7669270321930319,0.38869423
B2A,86cb9f2483.jpg,0.8747576860056793,0.26404074
B2A,86d8a1d9ba.jpg,0.7083486032427951,0.4989664
B2A,86e66ceaf1.jpg,0.7043184350511704,0.48503554
B2A,86ecbea286.jpg,0.7157056839001926,0.5444824
B2A,86f8a2e90f.jpg,0.7921542294670156,0.2880515
B2A,86f9aceace.jpg,0.5790889330154673,0.4040599
B2A,87016c0800.jpg,0.646203287819986,0.43787128
B2A,8705ef9d26.jpg,0.671820738160394,0.48081288
B2A,87139410be.jpg,0.7621207075821392,0.34177226
B2A,8728db54dc.jpg,0.8052229010171079,0.2554608
B2A,8738881ad2.jpg,0.8359167703647,0.37800738
B2A,873e430467.jpg,0.68804406382858,0.38189262
B2A,87483aa57b.jpg,0.9335484062897986,0.40390307
B2A,875b07f673.jpg,0.8350631155144098,0.26435927
B2A,87673f1feb.jpg,0.8039600713984534,0.45108485
B2A,877501f570.jpg,0.7172880468742431,0.44535857
B2A,8783576bd7.jpg,0.8110770703044113,0.362702
B2A,878f3c49e1.jpg,0.6957644185989552,0.45464045
B2A,8795783436.jpg,0.6760953598820116,0.3337316
B2A,87991ccf48.jpg,0.8808592972637548,0.3714582
B2A,87a4e88d93.jpg,0.6728327588574332,0.52868354
B2A,87a97f497a.jpg,0.8307550504541162,0.34489578
B2A,87cc143c4d.jpg,0.7563586749921096,0.2961924
B2A,87cdccc1ec.jpg,0.8495448974334863,0.1497582
B2A,87dbe31f97.jpg,0.6694306951602396,0.2747239
B2A,87dec6234c.jpg,0.8029913704591849,0.25139514
B2A,87e1ce5b0e.jpg,0.790707165069832,0.39332908
B2A,87e821d849.jpg,0.7850140565490148,0.27412814
B2A,87edc083e0.jpg,0.6539514501459691,0.6674892
B2A,87f1d5e9a7.jpg,0.8084083203038478,0.2900309
B2A,8802d98b14.jpg,0.753076326031067,0.43353647
B2A,8802f617cf.jpg,0.6542175238373599,0.55073774
B2A,8803b67dfb.jpg,0.5852794567796722,0.31913206
B2A,880c9f0f1c.jpg,0.9048075171324848,0.19023961
B2A,880e0f6c15.jpg,0.842458576507066,0.2942276
B2A,880f24ca7d.jpg,0.769582325251851,0.4521134
B2A,881359fdc7.jpg,0.7806079958636188,0.34791166
B2A,882ad01587.jpg,0.814723237526459,0.19307022
B2A,882d8f1a40.jpg,0.9231269017379151,0.26203042
B2A,882fc1371a.jpg,0.7509571360615335,0.50975144
B2A,8833519aba.jpg,0.6770831588788282,0.5482404
B2A,883cda372c.jpg,0.889794854752496,0.43096438
B2A,884d210d61.jpg,0.6188075277041145,0.45094618
B2A,88536f79ce.jpg,0.7432685211247041,0.3985113
B2A,885e53b9d5.jpg,0.6898481246689795,0.4663853
B2A,8868ba6b14.jpg,0.792014562073282,0.28886366
B2A,888af43803.jpg,0.746603124777886,0.3224594
B2A,88985ea668.jpg,0.7550501372198516,0.34377548
B2A,88a1e7af18.jpg,0.7807177963827193,0.35438538
B2A,88b06853f1.jpg,0.8921773707748964,0.22388245
B2A,88bd59eca7.jpg,0.9427094731124364,0.12443843
B2A,88c8c49c36.jpg,0.8202640123653095,0.32009226
B2A,88ca143dc7.jpg,0.8370553164918492,0.4830642
B2A,88d3d38aed.jpg,0.6703528542271713,0.2518359
B2A,88eced0e8e.jpg,0.7698774993165809,0.34796712
B2A,88f733fe78.jpg,0.7634136494419494,0.34800795
B2A,8914946e64.jpg,0.9208777348401247,0.24733074
B2A,891913c343.jpg,0.916266046167245,0.13322397
B2A,8936c9c89c.jpg,0.7999810229392742,0.3945577
B2A,893f5b62a6.jpg,0.7350867693624744,0.5900594
B2A,89578c6353.jpg,0.8079862708378892,0.5132646
B2A,8973eff964.jpg,0.7665588197222409,0.33192208
B2A,898a35149a.jpg,0.8135520297752511,0.3632462
B2A,899b7f7521.jpg,0.7037952683822246,0.43185127
B2A,899e306a16.jpg,0.7594402865293006,0.26847872
B2A,899f4a9c68.jpg,0.6708682590633579,0.4152847
B2A,89ab7af8ec.jpg,0.9414324958471482,0.20652148
B2A,89b5450ec4.jpg,0.8880963003892527,0.16023526
B2A,89c7dcd73a.jpg,0.8107588607227513,0.46162957
B2A,89ce60258b.jpg,0.8461192274535693,0.4252962
B2A,89deacf521.jpg,0.7694640405484942,0.4028496
B2A,8a01bb88d9.jpg,0.7576861076805282,0.33397192
B2A,8a09c3fbff.jpg,0.6124405429136105,0.51164687
B2A,8a0d049fdb.jpg,0.8640495979016607,0.30515933
B2A,8a38d33eb9.jpg,0.8538150617290161,0.18716814
B2A,8a4c8c7581.jpg,0.8007687865375046,0.34547263
B2A,8a68577ae9.jpg,0.7256075371793325,0.5569358
B2A,8a6a134b6e.jpg,0.891933432900607,0.18757215
B2A,8a6a17661a.jpg,0.8971184885330747,0.23678084
B2A,8a6f40ebc6.jpg,0.6917813269820259,0.61537737
B2A,8a70493b60.jpg,0.811569685058073,0.39032343
B2A,8a7c211597.jpg,0.7615180058028499,0.6050533
B2A,8a8801feb9.jpg,0.689906892001538,0.48408014
B2A,8a935bef79.jpg,0.802974076883873,0.42276874
B2A,8a987f711b.jpg,0.8336560799464656,0.28310177
B2A,8a9d3ff7fa.jpg,0.698210241934491,0.6167135
B2A,8ab1eaa5f0.jpg,0.6617757847369073,0.40038472
B2A,8ae4265cd3.jpg,0.8813930049143379,0.24807778
B2A,8ae8564344.jpg,0.7729026978804315,0.32442656
B2A,8af0546eb3.jpg,0.8185587942826447,0.44050694
B2A,8af291a241.jpg,0.7094028813251076,0.5085214
B2A,8afd46824b.jpg,0.737496178338467,0.50048923
B2A,8afd5933d9.jpg,0.9378038444863133,0.23506074
B2A,8b10c7ce5b.jpg,0.8690853381030752,0.234521
B2A,8b34d93323.jpg,0.6992198367216569,0.5149194
B2A,8b3830949d.jpg,0.8685434189697057,0.37596962
B2A,8b3fb4a823.jpg,0.9301782878842418,0.23666331
B2A,8b41c19587.jpg,0.774999245878018,0.5090078
B2A,8b4acbb780.jpg,0.8180053227275946,0.34705895
B2A,8b554cd034.jpg,0.7710557993719324,0.25431067
B2A,8b62a7dd7a.jpg,0.7963482807243479,0.28173777
B2A,8b641a3afe.jpg,0.6970837845555676,0.4113428
B2A,8b6a8bf9f6.jpg,0.6819115784187522,0.46840245
B2A,8b6dd12ee0.jpg,0.5250013237906046,0.5478729
B2A,8b6f332ed2.jpg,0.882505260505279,0.2657203
B2A,8b85d214a5.jpg,0.820070659687876,0.3557637
B2A,8b8987492f.jpg,0.5363017035806649,0.5293508
B2A,8b8fc600dc.jpg,0.7735174953960785,0.57261854
B2A,8b997cbee6.jpg,0.7014106837753429,0.5297476
B2A,8bb6428221.jpg,0.7720876709096185,0.20459998
B2A,8bb91472c8.jpg,0.8856575479016064,0.22829466
B2A,8be1dad77a.jpg,0.8476829504090867,0.23036845
B2A,8be3f02dae.jpg,0.7684500027278955,0.37446314
B2A,8be8d9c7fe.jpg,0.9146538815544727,0.2105817
B2A,8bf1c2db03.jpg,0.9064720190291723,0.16599508
B2A,8bfb3ef6f7.jpg,0.8183850180774425,0.33342257
B2A,8bfc8d6970.jpg,0.8146374546699324,0.3140695
B2A,8c03f9790e.jpg,0.7658083951890701,0.48399547
B2A,8c1f68d7c0.jpg,0.6420065513493488,0.5418237
B2A,8c2dcd04ce.jpg,0.6472631547620217,0.2986816
B2A,8c38df7eda.jpg,0.854781496190133,0.31530765
B2A,8c39fccc0c.jpg,0.833243433699842,0.3620522
B2A,8c3f71bb3d.jpg,0.8389317023300346,0.4191773
B2A,8c5385298d.jpg,0.8124536088395661,0.18385229
B2A,8c56566f1b.jpg,0.8642123084751326,0.3504739
B2A,8c58319212.jpg,0.9239407791316435,0.2522905
B2A,8c587af1d9.jpg,0.8014694084057421,0.20752455
B2A,8c59a24ec4.jpg,0.7553555290429683,0.3887403
B2A,8c69c81d62.jpg,0.8087076021082845,0.65865016
B2A,8c6fe9b698.jpg,0.5295601933500359,0.57113713
B2A,8c7de9cb64.jpg,0.8509133400132788,0.2957156
B2A,8c81e05b8b.jpg,0.7638901604013597,0.3517402
B2A,8c8961cabb.jpg,0.7889724750288637,0.3729288
B2A,8c967453de.jpg,0.8658405600208946,0.36469346
B2A,8c97b5d5f3.jpg,0.7592875650789388,0.3980285
B2A,8c98a42872.jpg,0.8280178890512059,0.3565006
B2A,8c9b7944d9.jpg,0.6746986877780817,0.36314508
B2A,8c9da54f5e.jpg,0.8608145968271321,0.31121674
B2A,8cbb7fead2.jpg,0.8549098079495318,0.3563019
B2A,8cc036746a.jpg,0.7682970824056597,0.21544173
B2A,8cc1fedf0f.jpg,0.5365405755568667,0.569203
B2A,8ccb1f6067.jpg,0.805160204596715,0.23600718
B2A,8cefb5476f.jpg,0.8135975528584404,0.33062628
B2A,8cf1ff221a.jpg,0.9478197707041748,0.2739141
B2A,8cf3dc8532.jpg,0.6354578117077379,0.4596024
B2A,8d05da85a2.jpg,0.7741350599970495,0.5058245
B2A,8d1d0c152a.jpg,0.7607423042984404,0.38991392
B2A,8d297a6fba.jpg,0.6314347386707164,0.5347833
B2A,8d373e4f08.jpg,0.826752393098642,0.26945996
B2A,8d395f773d.jpg,0.8512360199187379,0.31489307
B2A,8d398d8077.jpg,0.7517219601625151,0.43226588
B2A,8d4d305053.jpg,0.7356646929037912,0.41781068
B2A,8d511d593a.jpg,0.7686765975997907,0.47977212
B2A,8d7cc55987.jpg,0.8135392578094337,0.29318175
B2A,8d8535b155.jpg,0.7834558577182699,0.24141744
B2A,8d868ee80d.jpg,0.5772383362621456,0.4615397
B2A,8d8cf10470.jpg,0.6959261232462363,0.5257272
B2A,8da436b074.jpg,0.7774270591540731,0.5134633
B2A,8dac996304.jpg,0.5782042313421983,0.5635032
B2A,8db1c9c782.jpg,0.7807464887638256,0.26912335
B2A,8de4267ea0.jpg,0.7397744905870808,0.25650328
B2A,8defb17876.jpg,0.7695684480156224,0.29801702
B2A,8dfd4b4562.jpg,0.866694301409447,0.2832111
B2A,8e042bb3e6.jpg,0.6706308600611453,0.39013764
B2A,8e1472c0ac.jpg,0.8191573163553343,0.55307287
B2A,8e19cd143b.jpg,0.7112105704642914,0.6322495
B2A,8e218bbeee.jpg,0.8388485223736516,0.19347554
B2A,8e27c58e8b.jpg,0.8992452355331859,0.27864066
B2A,8e27cd8afb.jpg,0.7500814190133502,0.3554012
B2A,8e30baf5ae.jpg,0.8555298470088529,0.20229726
B2A,8e3b41a3a0.jpg,0.917666240905691,0.19499955
B2A,8e3fd7ff09.jpg,0.6504054964415457,0.50774086
B2A,8e51d5867f.jpg,0.8189805408836786,0.36146453
B2A,8e6e5f8078.jpg,0.6853341663139504,0.36733115
B2A,8e79534b0c.jpg,0.6339725743023953,0.42119142
B2A,8e876bd586.jpg,0.8812090696696913,0.3059489
B2A,8e95ef6636.jpg,0.8654187916319109,0.4429775
B2A,8ea3121111.jpg,0.5950212067058976,0.4247622
B2A,8ea33353d8.jpg,0.8637308606804446,0.3817755
B2A,8eabde45df.jpg,0.8079820357601046,0.43374866
B2A,8eaf38146d.jpg,0.7703812195487496,0.3915025
B2A,8ebecab630.jpg,0.7363743096897298,0.25172687
B2A,8ec934ab7a.jpg,0.8488388227839294,0.15278006
B2A,8ed9adc2f8.jpg,0.7307857044401457,0.47444928
B2A,8edfe6d708.jpg,0.7943440038185102,0.37588245
B2A,8ee24544da.jpg,0.7985476950896,0.32025844
B2A,8ef3c11446.jpg,0.7846588983146906,0.30034876
B2A,8ef6d21430.jpg,0.8410036562713302,0.39183035
B2A,8ef84910a6.jpg,0.8138250517253929,0.29790252
B2A,8f0403e2cf.jpg,0.7834518024458894,0.43619224
B2A,8f0aa160cb.jpg,0.676217718518571,0.53803205
B2A,8f250ece01.jpg,0.8579801019121872,0.40162393
B2A,8f2af16e7b.jpg,0.8747323582704261,0.1974601
B2A,8f3be0fbeb.jpg,0.7706615239383907,0.5577801
B2A,8f564a0a48.jpg,0.8189195867966439,0.30541956
B2A,8f59672761.jpg,0.8360445096057652,0.313335
B2A,8f62691292.jpg,0.8916782788256521,0.22537112
B2A,8f651ee326.jpg,0.7209352736802529,0.41368908
B2A,8f67825151.jpg,0.6169165382129485,0.34938946
B2A,8f6daedb85.jpg,0.8460951484781223,0.3756792
B2A,8f78274408.jpg,0.6753241903143401,0.28978634
B2A,8f7bb4da8c.jpg,0.9133637696764948,0.31141612
B2A,8f8bdab0d3.jpg,0.9029316093873776,0.19737762
B2A,8f9c1bf59c.jpg,0.8700299891598399,0.32158172
B2A,8f9cc89fc1.jpg,0.7160961519712672,0.48543736
B2A,8fa21cc3ae.jpg,0.8368197256651356,0.40634003
B2A,8fbd39a41f.jpg,0.8785760738972422,0.19540916
B2A,8fbfe7bc3e.jpg,0.6281311108201302,0.43768626
B2A,8fc153c94e.jpg,0.8950683971357141,0.28422618
B2A,8fc1a3d804.jpg,0.9204658535802493,0.43637252
B2A,8fc60f7bef.jpg,0.7281203089411223,0.47565186
B2A,8fc6680c4a.jpg,0.7281551929213296,0.59106654
B2A,8fc9fce9f2.jpg,0.6321495553016115,0.4507653
B2A,8fd6e74ab9.jpg,0.8069416435046112,0.35193914
B2A,8fdc8f747e.jpg,0.8922046986086875,0.29778543
B2A,8fe1fb621d.jpg,0.807826935191188,0.46421
B2A,8ff2ab81b2.jpg,0.7963331696488555,0.3434295
B2A,8ffa6382e9.jpg,0.6307132711625218,0.41782343
B2A,900c842af7.jpg,0.9105548553752995,0.31654736
B2A,9010105f3d.jpg,0.6775538477825234,0.5062401
B2A,90268e092b.jpg,0.7827557218783734,0.22114003
B2A,9028fc10c7.jpg,0.8013363935432036,0.47289988
B2A,9048e6e0d1.jpg,0.77431882260789,0.40120795
B2A,904a21697e.jpg,0.7064495510787121,0.4863326
B2A,904f5a5276.jpg,0.9176535177620466,0.27798745
B2A,9050e1c0e6.jpg,0.8865094508086527,0.16621703
B2A,9071c99f67.jpg,0.9372044300045483,0.24308914
B2A,9079fe9d9c.jpg,0.7371026462222352,0.3609095
B2A,907cd5e630.jpg,0.7003653944855727,0.45824
B2A,907d9cf180.jpg,0.7999017781034486,0.32321984
B2A,909ae89f4d.jpg,0.9300108023013515,0.21720718
B2A,90a6484491.jpg,0.7396410434223119,0.4019483
B2A,90aa881d59.jpg,0.8426963969487127,0.39229858
B2A,90b3c6c885.jpg,0.8106012478523378,0.36592066
B2A,90b9257df4.jpg,0.6047934938771906,0.5346674
B2A,90bc360c57.jpg,0.8189416906635274,0.2594959
B2A,90bdbd6631.jpg,0.49084347964504205,0.65908223
B2A,90c00b0a8c.jpg,0.8766342769562464,0.30203903
B2A,90c9cd3fe8.jpg,0.7864706328328616,0.31950933
B2A,90cbc5b0a2.jpg,0.7622812572690165,0.44868878
B2A,90d00e4130.jpg,0.6199148848504833,0.3945709
B2A,90d2b880b2.jpg,0.6543236048048496,0.4698733
B2A,90e072864e.jpg,0.8068776146445636,0.49469173
B2A,90e1c5d57a.jpg,0.6449017977684414,0.61842483
B2A,90e5ba5fe4.jpg,0.6742050898158273,0.5436925
B2A,90fa0a2900.jpg,0.750098805724921,0.37400717
B2A,90fc280b72.jpg,0.87214304827468,0.323839
B2A,9105102bc4.jpg,0.81325849972382,0.50919574
B2A,910e1f900e.jpg,0.6546189870922637,0.37372777
B2A,911af8c237.jpg,0.7576229999944695,0.37528303
B2A,9128a67589.jpg,0.8110490800419027,0.47175765
B2A,912f47efb6.jpg,0.6034764959498653,0.47033337
B2A,912f7c8917.jpg,0.866373775043657,0.27932224
B2A,9138142611.jpg,0.6414631953789485,0.3295021
B2A,914d6701fb.jpg,0.9500571347374059,0.24604367
B2A,915666f75a.jpg,0.8253186831072655,0.3837736
B2A,915b936cdd.jpg,0.7143562807614721,0.4068879
B2A,91633d4951.jpg,0.8238271385830754,0.39282376
B2A,916ae3f734.jpg,0.797371793874644,0.40679568
B2A,916ba9d722.jpg,0.6638864727876063,0.3943964
B2A,916caf5698.jpg,0.7151678971997256,0.6230562
B2A,917f384f27.jpg,0.8749832249826727,0.30230224
B2A,91847ec212.jpg,0.7269231218863261,0.593681
B2A,9186f2f6bf.jpg,0.9136034383612718,0.10728635
B2A,91916e6337.jpg,0.8003155980029775,0.26685843
B2A,9194cac2c2.jpg,0.7951856448613701,0.25123677
B2A,91a6a513e8.jpg,0.8913518265395768,0.32513332
B2A,91bd17ebc1.jpg,0.6153488898576458,0.5682723
B2A,91c0fb330a.jpg,0.8499654803466418,0.21321139
B2A,91c4ec2938.jpg,0.7548408775802435,0.30030036
B2A,91caa42854.jpg,0.767043238133685,0.33121407
B2A,91cdf3c9ec.jpg,0.7466684189697674,0.31219694
B2A,91cef72c5d.jpg,0.7638540697629861,0.41035804
B2A,91cf22742c.jpg,0.7308630522386401,0.50150424
B2A,91d1476220.jpg,0.6234036089209138,0.33501363
B2A,91dbb69203.jpg,0.7498511316211774,0.3440011
B2A,91e43a72c3.jpg,0.7670846850957002,0.25176087
B2A,91edaa90e8.jpg,0.7105686624195887,0.46582788
B2A,9203f9070e.jpg,0.7913652180136768,0.44984666
B2A,921e0c98a4.jpg,0.8868214506570432,0.3509902
B2A,922e075696.jpg,0.8152499950292257,0.3312021
B2A,924309267b.jpg,0.8007032048613124,0.3440776
B2A,9258ed4e17.jpg,0.6608435944362211,0.60934716
B2A,926fabe094.jpg,0.5779682009695749,0.60395545
B2A,92884da831.jpg,0.8682064917744228,0.29922214
B2A,9293bb3ab1.jpg,0.9167145956651318,0.19784309
B2A,9295c73f10.jpg,0.9161703885678442,0.30064654
B2A,92a4544fb1.jpg,0.794315702944661,0.35011435
B2A,92a77e056a.jpg,0.853902417944024,0.2927134
B2A,92ad835b19.jpg,0.5033781377954168,0.54696655
B2A,92b15f83a3.jpg,0.7337289181610942,0.4177583
B2A,92b4f542a8.jpg,0.8481937823802791,0.27128157
B2A,92c3fd59e9.jpg,0.9202011886344587,0.1999619
B2A,92c7aa40d9.jpg,0.848790560495972,0.32879856
B2A,92cb1b612c.jpg,0.8985161691281305,0.25315577
B2A,92d2f773ea.jpg,0.7008041491835071,0.39414337
B2A,92d9a71a35.jpg,0.8746707865875734,0.6208651
B2A,92dacc55c5.jpg,0.8720903683143519,0.5318099
B2A,93132bc39a.jpg,0.5769844527996706,0.43497816
B2A,931e9f62be.jpg,0.5309173300398143,0.4201381
B2A,93228e23b7.jpg,0.8629335359585675,0.25654167
B2A,932f681182.jpg,0.8123944295263344,0.41130832
B2A,93404abb02.jpg,0.8002097539016251,0.24616218
B2A,935b664420.jpg,0.8680906054055193,0.25413716
B2A,935b850c7b.jpg,0.8933787514608172,0.20999643
B2A,936086c2fb.jpg,0.7768742534492074,0.29267544
B2A,9368bfbb0d.jpg,0.6948130296304904,0.5584382
B2A,9384f0381d.jpg,0.8366991402771587,0.26723954
B2A,938d0ba34c.jpg,0.8019729589986281,0.55502415
B2A,938fb66016.jpg,0.9025102036907368,0.26663396
B2A,9394218ff6.jpg,0.7056132940070807,0.40628615
B2A,9395512e4e.jpg,0.7052300453416965,0.42877364
B2A,939f31a928.jpg,0.6439663853535731,0.41196868
B2A,93a901666e.jpg,0.7420962630059226,0.38367313
B2A,93b37e6702.jpg,0.7915630191210115,0.31657964
B2A,93b7f31cb9.jpg,0.9591399329062161,0.17520149
B2A,93bd999d11.jpg,0.5709614672597416,0.8061166
B2A,93c641ad5b.jpg,0.8182970944549327,0.22250192
B2A,93d77f649a.jpg,0.8908680217171209,0.4736474
B2A,93fa7e2d2e.jpg,0.5720530060258586,0.6564405
B2A,93fd6bcbb4.jpg,0.6924481952647155,0.31225535
B2A,9404bff3b5.jpg,0.8815063318739105,0.17312816
B2A,9406f2a468.jpg,0.7616653037947527,0.37732583
B2A,940ebfcf33.jpg,0.8794766893099887,0.38986826
B2A,9412b74bf7.jpg,0.6810699991313273,0.39652765
B2A,941fe1adf7.jpg,0.8850761401591223,0.24647157
B2A,94224752b4.jpg,0.8587059343565451,0.27223712
B2A,94263d971f.jpg,0.9312241924458675,0.299536
B2A,9427fc76b9.jpg,0.8027359506285732,0.30601263
B2A,944398f81d.jpg,0.8813423778740834,0.26915574
B2A,944bee3f77.jpg,0.5916259931634889,0.6026005
B2A,94502f184f.jpg,0.8118644313259709,0.39128348
B2A,946dd1bb4b.jpg,0.8027427749545818,0.46473712
B2A,946e0d3cf2.jpg,0.856095557400349,0.30573076
B2A,9470dd8aac.jpg,0.7436694145402843,0.3773543
B2A,947ecf90b9.jpg,0.8593688789760263,0.33031937
B2A,94882d1992.jpg,0.8426840188360226,0.2791379
B2A,94979ec8c0.jpg,0.887963472655308,0.15823519
B2A,949d934747.jpg,0.8934306050448451,0.23475888
B2A,94af688583.jpg,0.7269518510194131,0.586061
B2A,94b20d92c2.jpg,0.6890783041730675,0.6727258
B2A,94b3dc2840.jpg,0.6391783563210711,0.5919339
B2A,94cc7a8697.jpg,0.6832321391113626,0.4187907
B2A,94cf38462b.jpg,0.7311020567336823,0.18524054
B2A,94e066f2b3.jpg,0.8729248371782473,0.24512786
B2A,94e1a09e64.jpg,0.7371049546528077,0.40743193
B2A,94ed902431.jpg,0.830944999632809,0.33843243
B2A,94ef9bc8f4.jpg,0.8506573466010321,0.40153056
B2A,94f272fbc2.jpg,0.8837309836233497,0.3481161
B2A,94f6b65afa.jpg,0.8888016955191974,0.5518518
B2A,951804d699.jpg,0.7673877194241548,0.2899972
B2A,95186389f6.jpg,0.7983884243018945,0.37125278
B2A,9525ce824a.jpg,0.8976819624305252,0.2732584
B2A,952d99f5b0.jpg,0.6432115981663322,0.42287797
B2A,953b1317cb.jpg,0.7415522700248393,0.65814865
B2A,9549a2e85c.jpg,0.7014020829360187,0.61334467
B2A,954cbfbad6.jpg,0.7015315282608329,0.6206573
B2A,955d88b9a7.jpg,0.7237923265914167,0.40753663
B2A,9562727728.jpg,0.7640178790987538,0.26989564
B2A,957ae02f79.jpg,0.7624243635785659,0.44480738
B2A,957b22a3a7.jpg,0.8626624962582585,0.347315
B2A,9588a52282.jpg,0.7083586823625406,0.5963764
B2A,95900a984f.jpg,0.5286937748728973,0.52883846
B2A,9593d730f2.jpg,0.7093304753118862,0.28120875
B2A,95a66b0d9b.jpg,0.9040248979469379,0.23405394
B2A,95a6bdb3bf.jpg,0.8344873954274776,0.3492328
B2A,95a7ed2155.jpg,0.7793102508135878,0.33367705
B2A,95a9fadd8f.jpg,0.8681995592299555,0.2517219
B2A,95aaf0fbbd.jpg,0.6814826504200945,0.45084715
B2A,95b2119fa9.jpg,0.7787581132721768,0.4566753
B2A,95b317a33d.jpg,0.7629957405112439,0.3195863
B2A,95b6abfcee.jpg,0.8582731409395365,0.31296572
B2A,95c438e906.jpg,0.8220912357081355,0.3504353
B2A,95d494f4ae.jpg,0.9254586277644163,0.1217486
B2A,95d4cb8eca.jpg,0.9117323870487325,0.24918686
B2A,95deeeec90.jpg,0.8624791175637888,0.2413473
B2A,95dff55b08.jpg,0.8259713749987586,0.2694192
B2A,95e33c18db.jpg,0.8674325677003996,0.32767537
B2A,95f5aeda51.jpg,0.8404296604938192,0.42309356
B2A,95f5d9ab48.jpg,0.6375004256389534,0.3406484
B2A,9606c7644b.jpg,0.7760964041262453,0.29321572
B2A,960b5fa7e8.jpg,0.6159788538776335,0.38545185
B2A,96183e38ec.jpg,0.9113802858768946,0.6239184
B2A,9622e7f973.jpg,0.8442259248864025,0.48605105
B2A,962d0ff537.jpg,0.8139157055775041,0.49445984
B2A,963134b323.jpg,0.9107812176624276,0.32348108
B2A,96324aa924.jpg,0.7196990760971872,0.5084025
B2A,963770bacd.jpg,0.6823536465006228,0.5172777
B2A,963c0eb500.jpg,0.8208835671565358,0.3417719
B2A,96486253fb.jpg,0.7127323232030515,0.45189163
B2A,9652937cf0.jpg,0.784866215781985,0.46643847
B2A,965c4ddd61.jpg,0.719541353488405,0.31807205
B2A,9670ea6664.jpg,0.9236932615134568,0.26584736
B2A,9681f39ae8.jpg,0.8812892538673951,0.43510398
B2A,9693678067.jpg,0.8621481255218073,0.2783022
B2A,9698946dfb.jpg,0.7910938180684829,0.26294452
B2A,969d45bb23.jpg,0.8080671218906794,0.3677858
B2A,96a933541d.jpg,0.9300286737917512,0.20749258
B2A,96ae66347a.jpg,0.906753454765951,0.24163891
B2A,96b2ac1a1b.jpg,0.8322367851754485,0.31193453
B2A,96b9ee7ec4.jpg,0.7778900817898121,0.32572502
B2A,96baf57a50.jpg,0.8092072909721219,0.5801153
B2A,96c65e76e1.jpg,0.6330124332662773,0.28125098
B2A,96c686ddf6.jpg,0.7097131006541957,0.29095653
B2A,96cb35f032.jpg,0.6046532188218856,0.5265722
B2A,96cda40153.jpg,0.901533515159814,0.42205375
B2A,96d223307c.jpg,0.8459185537633398,0.3134859
B2A,96d3517f11.jpg,0.9388787123687541,0.17255664
B2A,96da1fc826.jpg,0.5333606103737936,0.6054674
B2A,96e1bb4403.jpg,0.5853253977407389,0.5145009
B2A,96e42a29c9.jpg,0.6334187136663786,0.4552233
B2A,96e7b2c267.jpg,0.6410654978734596,0.36853397
B2A,96e860fd62.jpg,0.826462096343074,0.397964
B2A,970d8c0b4c.jpg,0.6875030515449307,0.406663
B2A,97123776ca.jpg,0.8569705117753029,0.27345407
B2A,971c33b707.jpg,0.9021033739126798,0.27449387
B2A,971fcc6bcc.jpg,0.7726775675801644,0.41151422
B2A,97268dc895.jpg,0.6645963646099212,0.3770979
B2A,973372e3d0.jpg,0.8958546507641713,0.34435853
B2A,973dd4a928.jpg,0.8100224155875346,0.49725342
B2A,973f82a644.jpg,0.8173925612482118,0.36400372
B2A,9743bd2705.jpg,0.7004027218899805,0.27042
B2A,975538e5c1.jpg,0.8100460689681779,0.33597505
B2A,976f6eafdd.jpg,0.7659145793235466,0.41193935
B2A,977938602b.jpg,0.6884178016966593,0.39988878
B2A,977b1bd3a2.jpg,0.6949990950149052,0.63269037
B2A,977bff16d4.jpg,0.6626652080178496,0.39339793
B2A,978424d552.jpg,0.959582645298308,0.13144699
B2A,979103c46c.jpg,0.7634223836808491,0.3653007
B2A,979e42841f.jpg,0.5936218673936027,0.51385856
B2A,97a87bca91.jpg,0.6499217225477795,0.29005337
B2A,97b5d7b81c.jpg,0.8325331394569637,0.3146839
B2A,97bf9704b5.jpg,0.7658883689298417,0.23569387
B2A,97c6fda363.jpg,0.7063264216533972,0.61399287
B2A,97c8c523df.jpg,0.7730952567851656,0.30953717
B2A,97cef7f737.jpg,0.8691688176961225,0.23787902
B2A,97d4460077.jpg,0.773396246258657,0.4099152
B2A,97d76023a7.jpg,0.6330958153948333,0.35268664
B2A,97dddb7cbb.jpg,0.9078337637789,0.23728557
B2A,97e4b5f75c.jpg,0.8225293106475984,0.22847977
B2A,97e948fb9d.jpg,0.9206803931965665,0.36176386
B2A,9801846b65.jpg,0.6516683174754005,0.46538198
B2A,9806c55f8e.jpg,0.8565833752540061,0.29984254
B2A,9811ee90ac.jpg,0.8600279392949174,0.39277133
B2A,981f9ee7ce.jpg,0.939775386121978,0.42376325
B2A,982068245a.jpg,0.8724270443777686,0.36156964
B2A,9820d446a4.jpg,0.8779311519714219,0.26749766
B2A,9827d36539.jpg,0.9102281394610117,0.4011829
B2A,982ca3c520.jpg,0.837991659887531,0.251211
B2A,9835ba0013.jpg,0.8347451366668489,0.32435343
B2A,983821c850.jpg,0.8132234332240214,0.3184022
B2A,98426ffd66.jpg,0.7790577769340687,0.44482526
B2A,984c6baa94.jpg,0.82437979552273,0.3505727
B2A,98507e2f68.jpg,0.8494615331763093,0.2644548
B2A,9863a4aa56.jpg,0.5765065874371654,0.44353873
B2A,986d6d5bf9.jpg,0.8765739381592637,0.18733454
B2A,988ba0650a.jpg,0.8762349992188786,0.21294901
B2A,9894d1438d.jpg,0.6264238432531526,0.43183783
B2A,9895a5216b.jpg,0.7075988370183429,0.28881538
B2A,98a00fe3fc.jpg,0.6094057983439236,0.4563765
B2A,98af1d51cf.jpg,0.8441322598729063,0.35848656
B2A,98b9fbb3fb.jpg,0.8729392154316402,0.22275567
B2A,98c28eedfa.jpg,0.8056413560156305,0.4046581
B2A,98cbab58d6.jpg,0.7950866802458978,0.19541888
B2A,98d335025e.jpg,0.8040566590655376,0.34792528
B2A,98d4348692.jpg,0.8202946463364373,0.42640218
B2A,98de268fe8.jpg,0.5228523162757794,0.61399925
B2A,98e7d7b48a.jpg,0.7296097802094349,0.31718856
B2A,98ef46be31.jpg,0.8713823750437771,0.28891245
B2A,98fcc9f6fc.jpg,0.8855010937744046,0.25602442
B2A,98ff290926.jpg,0.6997339705272407,0.5756972
B2A,99038bde22.jpg,0.8806880545464644,0.28118676
B2A,99045d3f04.jpg,0.6948497888406395,0.35503545
B2A,9906756ae6.jpg,0.7249727696130859,0.3449787
B2A,990e8ef2f2.jpg,0.7965827798113184,0.34976295
B2A,9912bab8cf.jpg,0.8093524533239033,0.4098162
B2A,9912e8a5a3.jpg,0.6834526766013462,0.37061116
B2A,991eb1e448.jpg,0.8572027242074685,0.22557315
B2A,9921ef9e3c.jpg,0.6813627912579785,0.5488227
B2A,99283f98de.jpg,0.7306079889806939,0.36296862
B2A,99294cd9e3.jpg,0.9264621541533646,0.27956676
B2A,993fb1e69b.jpg,0.8089497987377975,0.28894067
B2A,9945957ec7.jpg,0.6175759562657477,0.492212
B2A,994a54185f.jpg,0.8122300990402643,0.31738156
B2A,994b994977.jpg,0.8481195641810724,0.29800838
B2A,99676e0f39.jpg,0.7113952728154072,0.5921386
B2A,996de8f5ec.jpg,0.9180212528536832,0.3601699
B2A,997f0ed940.jpg,0.6754946908194975,0.30177546
B2A,9991f94f1d.jpg,0.6390251583851867,0.5538335
B2A,999985c001.jpg,0.7697624589191349,0.4970953
B2A,9999c76d32.jpg,0.9026837222429535,0.20657195
B2A,999e87f7a6.jpg,0.8954336704702831,0.16082864
B2A,99a109ea2b.jpg,0.6231474624074702,0.6381386
B2A,99a6c4d326.jpg,0.7926762829300896,0.4750412
B2A,99b3b1736b.jpg,0.6625118034635525,0.374839
B2A,99baee78f2.jpg,0.8650014832064165,0.1915679
B2A,99c0ccba50.jpg,0.7023313896829645,0.3699425
B2A,99c9687c14.jpg,0.7506389025869137,0.32999447
B2A,99cbbc5052.jpg,0.709929836732603,0.60041785
B2A,99d04bd95f.jpg,0.8517168128746302,0.20032449
B2A,99dacbf106.jpg,0.6201717724347855,0.47241297
B2A,99ed3dc7b2.jpg,0.9133364969415294,0.43424994
B2A,99f621bbdb.jpg,0.8822476727156477,0.22474842
B2A,99fb63fada.jpg,0.8573983789254859,0.30294716
B2A,99fc1c27b2.jpg,0.5458752086985705,0.54258984
B2A,99fcebb45b.jpg,0.7423523586676972,0.4218968
B2A,9a0bfe6c86.jpg,0.899973560468788,0.2714502
B2A,9a2b9dec3a.jpg,0.6983164808191861,0.5075572
B2A,9a4b2f8bd8.jpg,0.8433013942554649,0.2309974
B2A,9a507f5ef4.jpg,0.747223426544111,0.37529644
B2A,9a5477aaeb.jpg,0.8686783749737188,0.312595
B2A,9a59323542.jpg,0.7014516521311391,0.3410029
B2A,9a780093c6.jpg,0.9136964973784566,0.45603892
B2A,9a9d4aeb7a.jpg,0.8144024955317332,0.31963018
B2A,9ab17ed33a.jpg,0.8774050907331122,0.32139003
B2A,9adf6d52d3.jpg,0.8506704537036648,0.30607563
B2A,9aeb8bd419.jpg,0.7569590572258375,0.46117723
B2A,9af5a24f65.jpg,0.8227386515812904,0.35357565
B2A,9afdeb8ed2.jpg,0.585465749858503,0.51944137
B2A,9b048364b8.jpg,0.8930811584966987,0.26928502
B2A,9b186b8f81.jpg,0.829134906392052,0.35739088
B2A,9b1b974368.jpg,0.6068784124541103,0.60261637
B2A,9b1c51d91c.jpg,0.8711920197296043,0.2794135
B2A,9b3053dc34.jpg,0.6669974812367084,0.53696233
B2A,9b3abf3a98.jpg,0.7977760171740222,0.25474375
B2A,9b513c7a1c.jpg,0.7712902586744855,0.30519652
B2A,9b5be07782.jpg,0.7282376661168686,0.35360664
B2A,9b5d6d5b9b.jpg,0.6539898779490003,0.41052198
B2A,9b5e41ac82.jpg,0.8918241063987528,0.35887685
B2A,9b6bec8314.jpg,0.9076621758337391,0.16950768
B2A,9b7d65decf.jpg,0.7502076285431227,0.34462762
B2A,9b85a6c570.jpg,0.6834944434595542,0.41230276
B2A,9b87bd9191.jpg,0.7316554821403095,0.4261753
B2A,9b95a6cc9b.jpg,0.8941183211945204,0.33862802
B2A,9b9cdde1ce.jpg,0.7164809416676653,0.31545615
B2A,9ba4ae09af.jpg,0.9390338774438044,0.4124254
B2A,9ba9376b9d.jpg,0.9172456469019445,0.26410496
B2A,9baca6d979.jpg,0.9055633997010969,0.27551103
B2A,9bd1b8c1be.jpg,0.9416983661862074,0.21570916
B2A,9bd28a56c1.jpg,0.8742331143521501,0.3367945
B2A,9be2b6c083.jpg,0.7764255983586489,0.5335865
B2A,9bf556f160.jpg,0.7438442693539317,0.47751647
B2A,9bf931ead4.jpg,0.899644960169441,0.34830812
B2A,9bfcbc6fe3.jpg,0.787970689759089,0.303058
B2A,9c0c63914a.jpg,0.7524901171726327,0.54265904
B2A,9c0e343a29.jpg,0.8133535878314704,0.31274214
B2A,9c102e25d3.jpg,0.7987936110524181,0.35449773
B2A,9c10716ffd.jpg,0.6722402350348181,0.6676458
B2A,9c204faa1f.jpg,0.7205443648166854,0.4592573
B2A,9c25e78088.jpg,0.8639614554617536,0.35658163
B2A,9c2fed3088.jpg,0.8837697619035186,0.3039621
B2A,9c4050f532.jpg,0.7243626227973374,0.37236124
B2A,9c4dd0a48f.jpg,0.6089047893013968,0.5869138
B2A,9c564000e7.jpg,0.6319183510119665,0.50059
B2A,9c70f10a5a.jpg,0.876546571750962,0.29480147
B2A,9c77707e49.jpg,0.8078082369470105,0.50455743
B2A,9c92f8345f.jpg,0.8602870052571475,0.27710634
B2A,9ca436a170.jpg,0.8221646372354751,0.23262005
B2A,9caa11517e.jpg,0.7989738881416164,0.33823347
B2A,9cac2116d7.jpg,0.8657702907006128,0.32469568
B2A,9cb836306d.jpg,0.8634142356755865,0.35934752
B2A,9cbcbdcbb3.jpg,0.7278852027472534,0.36200246
B2A,9cc0e6163f.jpg,0.8972197172425932,0.19887327
B2A,9cc35ff83e.jpg,0.7970275820646432,0.29194105
B2A,9cc789cfef.jpg,0.8597247320170676,0.33364987
B2A,9ccca8eac7.jpg,0.8391129033054373,0.33374894
B2A,9ce382c263.jpg,0.7517835951010162,0.35256603
B2A,9cef1e6708.jpg,0.8916520480443899,0.18188637
B2A,9cf972ea28.jpg,0.7620372806956274,0.63170993
B2A,9cfb0b75ab.jpg,0.7953783493598461,0.34198728
B2A,9d09a34740.jpg,0.9136662016786509,0.20099963
B2A,9d3885ad89.jpg,0.7121493005813004,0.58476955
B2A,9d3c6b28c4.jpg,0.8500778167504287,0.25775883
B2A,9d438a0bb2.jpg,0.8670246246815042,0.35898617
B2A,9d4711f6ef.jpg,0.7742570662055327,0.46191707
B2A,9d59515745.jpg,0.8597019083933314,0.26286018
B2A,9d6df08287.jpg,0.7829404824798217,0.4224057
B2A,9d74f4e539.jpg,0.5568981845013942,0.42902333
B2A,9d766ffc5c.jpg,0.8207575421676306,0.233677
B2A,9d7b548d1f.jpg,0.872501769061993,0.24800955
B2A,9d7c3c3eea.jpg,0.8908067860271414,0.185931
B2A,9d82fd9e98.jpg,0.7583632493472777,0.45189098
B2A,9d92ef2ffc.jpg,0.7412512841566886,0.32413536
B2A,9da065344d.jpg,0.8348088450432856,0.38332748
B2A,9dad30bdf5.jpg,0.7853368396629357,0.39556196
B2A,9dbc604a03.jpg,0.7837088343262593,0.38924256
B2A,9dc4a07f48.jpg,0.6938137587614434,0.22078438
B2A,9dc4a40f1a.jpg,0.6689514412793743,0.53423226
B2A,9dcebd8348.jpg,0.7090136528632284,0.3524556
B2A,9dd9044174.jpg,0.8373852288963447,0.5175047
B2A,9dfd1f8a09.jpg,0.5447731330859302,0.60787123
B2A,9e0a0d54b5.jpg,0.9135209333407431,0.26811424
B2A,9e13541480.jpg,0.9010222367874785,0.18142247
B2A,9e176db9cd.jpg,0.8917202954702547,0.27546635
B2A,9e1842231b.jpg,0.7139168525748678,0.45243618
B2A,9e2f4c39d2.jpg,0.8207773904928363,0.4104058
B2A,9e3b34bb13.jpg,0.8307100029491367,0.36080113
B2A,9e456ef2a7.jpg,0.8168285616374369,0.42448407
B2A,9e4b9f428b.jpg,0.5763828996386441,0.57077056
B2A,9e5dabe2b2.jpg,0.8772873357839099,0.28689188
B2A,9e65828ee9.jpg,0.8579572178835433,0.3496973
B2A,9e664ae2ef.jpg,0.5549855901184284,0.36387107
B2A,9e72cedb73.jpg,0.8519163346175678,0.51479745
B2A,9e7fcf4aaf.jpg,0.5984159136396963,0.5387683
B2A,9e81e8d2fe.jpg,0.7446474284230773,0.3218459
B2A,9e8554fade.jpg,0.7625686850855656,0.29640323
B2A,9e85d95d05.jpg,0.9227937408165369,0.14508761
B2A,9ea148fcc4.jpg,0.6151174485659224,0.49283522
B2A,9ea60e0936.jpg,0.8418744251106535,0.21031554
B2A,9eacea8aca.jpg,0.8750437786253918,0.32695377
B2A,9ebccc0a7d.jpg,0.7519037682515265,0.4320429
B2A,9ebcfa05af.jpg,0.7068973882561281,0.40035522
B2A,9ecf061dad.jpg,0.8698212521904868,0.25685367
B2A,9edf01ed43.jpg,0.761431938411028,0.4144009
B2A,9ef7c05e0f.jpg,0.8683679178601659,0.19965103
B2A,9f0c9920f5.jpg,0.7546782420106882,0.54367995
B2A,9f15606758.jpg,0.8427817932247258,0.26352733
B2A,9f19e8f425.jpg,0.7870763336612663,0.35213047
B2A,9f24f894f6.jpg,0.8759508654671886,0.2389918
B2A,9f27c688cf.jpg,0.8212989027644897,0.3119407
B2A,9f29c11732.jpg,0.7884426748469321,0.39102936
B2A,9f335bade6.jpg,0.7080450995805246,0.3684799
B2A,9f34fc3c60.jpg,0.6183765323189431,0.26321512
B2A,9f37f0dae8.jpg,0.886788319506595,0.25377256
B2A,9f41d8a922.jpg,0.7500296720317012,0.4970789
B2A,9f52b55c2b.jpg,0.8706669774439244,0.20810968
B2A,9f52dd1c0b.jpg,0.9031688472256422,0.18285212
B2A,9f56a6400d.jpg,0.6469362820048026,0.33689368
B2A,9f740de87d.jpg,0.8050850487730019,0.31754917
B2A,9f777a3144.jpg,0.8617331134725222,0.4072369
B2A,9f80b1bc48.jpg,0.741228426545733,0.50157434
B2A,9f8ae5b166.jpg,0.6818278266369734,0.3540279
B2A,9f9796d6b3.jpg,0.8548725080358904,0.21041739
B2A,9f98b589a1.jpg,0.8538980273238088,0.3817312
B2A,9f9c46fa6b.jpg,0.9496044411270119,0.30343702
B2A,9fb63bf849.jpg,0.6580421387702945,0.5079545
B2A,9fbbbf4aec.jpg,0.69635235198399,0.5324083
B2A,9fe12f7bca.jpg,0.8117773311680528,0.5780033
B2A,9ff0e57941.jpg,0.7010070106480613,0.43857133
B2A,9ff990e66c.jpg,0.6361559167284778,0.5583643
B2A,a0077f9248.jpg,0.8543554765635997,0.3171982
B2A,a01c871721.jpg,0.6246369881405663,0.6287041
B2A,a01ee31b6c.jpg,0.8350640373617769,0.19482625
B2A,a0227b5ace.jpg,0.9404017407426821,0.24031067
B2A,a0235aa7f0.jpg,0.8921769802333134,0.2929097
B2A,a03dd34359.jpg,0.632128395660629,0.61740243
B2A,a0465f0aa6.jpg,0.8973259801791673,0.2040113
B2A,a04e9f4231.jpg,0.7038958590218277,0.46618617
B2A,a0522f278a.jpg,0.7248112547413783,0.32695177
B2A,a059321061.jpg,0.595742376746271,0.44224784
B2A,a05aa88f6d.jpg,0.7178990950894087,0.6911471
B2A,a05e1485c1.jpg,0.6675949566071587,0.35797882
B2A,a0875579e8.jpg,0.8467487052213413,0.3977503
B2A,a095ec94a6.jpg,0.826823051132122,0.2916085
B2A,a0cfc9ae82.jpg,0.8062121135788973,0.3207509
B2A,a0d15eb976.jpg,0.6062184276278856,0.5514682
B2A,a0d3357912.jpg,0.8517685055376969,0.5195514
B2A,a0d4bc2b72.jpg,0.822997485131933,0.29136947
B2A,a0db0509a4.jpg,0.6177064147972782,0.31374496
B2A,a0e2fcf6d8.jpg,0.6791898376783774,0.5878881
B2A,a0ecda5d45.jpg,0.8097758764928481,0.20692359
B2A,a0f0dee611.jpg,0.9025425742574258,0.19181189
B2A,a0f2fad96f.jpg,0.7597154615074543,0.47861618
B2A,a1076aac63.jpg,0.820230919037205,0.41432127
B2A,a1126aa060.jpg,0.829665715687601,0.3256784
B2A,a114ee8b43.jpg,0.8340240634065547,0.3147841
B2A,a12235c7d1.jpg,0.8313540346931737,0.43777382
B2A,a13915ca96.jpg,0.6851994091951722,0.36919296
B2A,a13aca724a.jpg,0.6758634847904751,0.3324722
B2A,a146cdb74b.jpg,0.7613725687663886,0.21499935
B2A,a157f8c6e2.jpg,0.8922393992624962,0.18703014
B2A,a15ecd5efe.jpg,0.7892635275489565,0.23051195
B2A,a16537d464.jpg,0.7254189063533614,0.27075708
B2A,a177641de7.jpg,0.8388579283645616,0.36247724
B2A,a179e79a0c.jpg,0.8450271089966105,0.2576027
B2A,a17e7e49b0.jpg,0.796706369147164,0.2546504
B2A,a181b6250e.jpg,0.7726158965921023,0.2928273
B2A,a1885fbac2.jpg,0.6927227979032244,0.3380003
B2A,a18cb10e08.jpg,0.6991282793011958,0.45736042
B2A,a18e92742a.jpg,0.6858320146768374,0.5843055
B2A,a197fed5c3.jpg,0.7607667534925562,0.29996192
B2A,a19962fefc.jpg,0.8760091009103502,0.30940902
B2A,a19cf2cdbb.jpg,0.6499798740720237,0.37552422
B2A,a1a84d3eda.jpg,0.7729125857884128,0.38249323
B2A,a1c54d6c61.jpg,0.6435365451285816,0.4258746
B2A,a1c88d3e35.jpg,0.8118359724884736,0.3376624
B2A,a1cc606af8.jpg,0.9290743508355386,0.23841336
B2A,a1e45dc986.jpg,0.740536334196388,0.36411354
B2A,a1faf9de15.jpg,0.9269614587934638,0.20833527
B2A,a1fc123777.jpg,0.8980929031174407,0.24187583
B2A,a20a19b515.jpg,0.8844449513088929,0.31545117
B2A,a229109704.jpg,0.9180439742631846,0.23103173
B2A,a2307719e1.jpg,0.6077477723673601,0.5069158
B2A,a23e7dfef5.jpg,0.8482552177591256,0.37914407
B2A,a25b63eadf.jpg,0.7570534506773502,0.4927247
B2A,a25eb81721.jpg,0.6435280727666848,0.42426965
B2A,a263521820.jpg,0.8680665505924301,0.28272137
B2A,a2635ee772.jpg,0.8887743558767954,0.28445187
B2A,a26b0f2735.jpg,0.8821500779344214,0.26040372
B2A,a2711f0830.jpg,0.8443846672586909,0.23123744
B2A,a2820db109.jpg,0.7088464700522121,0.56437606
B2A,a283654df3.jpg,0.7982099326763655,0.33026007
B2A,a290773de7.jpg,0.8459913813561425,0.39473003
B2A,a2bc2b83eb.jpg,0.7030741033222505,0.23123765
B2A,a2c884fda1.jpg,0.9008844063702518,0.2825579
B2A,a2ccf1f748.jpg,0.6641740862405021,0.63666844
B2A,a2cfeba0e4.jpg,0.6616982214248259,0.32685584
B2A,a301643a27.jpg,0.8553134026080639,0.12559302
B2A,a31e04cec3.jpg,0.7018166351545062,0.5382367
B2A,a32b552866.jpg,0.8332179102215675,0.2795363
B2A,a32d4ea5ac.jpg,0.7091224791434465,0.4659279
B2A,a32e116556.jpg,0.6735317144670109,0.43769515
B2A,a32f6b942f.jpg,0.9287066841677969,0.23393324
B2A,a359bc69a6.jpg,0.8779762334547037,0.44333136
B2A,a362f89cd1.jpg,0.8650469592154818,0.24893975
B2A,a366accb3c.jpg,0.9214445273543109,0.23006365
B2A,a37515911a.jpg,0.6365857156765412,0.42302874
B2A,a37b1c52f2.jpg,0.4970544135169229,0.5889443
B2A,a38abc41c8.jpg,0.9445400133430102,0.2190922
B2A,a3a4e42632.jpg,0.7292906488995723,0.57136047
B2A,a3ac3b8f7e.jpg,0.741914192870859,0.45547384
B2A,a3b40d246d.jpg,0.8221184240559823,0.48671028
B2A,a3bc08b40b.jpg,0.7328873604058571,0.30195296
B2A,a3d3b5d93a.jpg,0.7872168353201068,0.47645703
B2A,a3d574e6e3.jpg,0.784022863087189,0.48587966
B2A,a3df896182.jpg,0.7976244214636832,0.25751963
B2A,a3e41f7a46.jpg,0.7405935863213918,0.5165711
B2A,a3e4a4c73b.jpg,0.86682055506868,0.28554767
B2A,a3f8364c10.jpg,0.6031646481286903,0.6725172
B2A,a3fba584f9.jpg,0.8815572715330047,0.30376488
B2A,a40511031a.jpg,0.8733510335548761,0.29828057
B2A,a40db75ec2.jpg,0.8929724382326175,0.35199577
B2A,a40ec56a84.jpg,0.8028390805799953,0.48851767
B2A,a412f13a5b.jpg,0.7143885971261295,0.38165814
B2A,a42d5a72ff.jpg,0.6258077523543284,0.310386
B2A,a4314f85dd.jpg,0.9079430854062142,0.26589856
B2A,a43c11f6e4.jpg,0.8622458627463507,0.3777137
B2A,a43e096ce5.jpg,0.7687244063092015,0.30158898
B2A,a4418037c4.jpg,0.7597244104008748,0.45596737
B2A,a448539aa0.jpg,0.7721397637877676,0.4780112
B2A,a4490bd462.jpg,0.900869093031074,0.19078657
B2A,a456fc158f.jpg,0.8742132813145226,0.21581855
B2A,a45c5b6869.jpg,0.8770906078525675,0.3293435
B2A,a467ebbd05.jpg,0.8903090542317781,0.220706
B2A,a485cebc5d.jpg,0.881248375103698,0.2644499
B2A,a48886307d.jpg,0.8483463796169838,0.39259148
B2A,a4963511f4.jpg,0.944878372712199,0.24344215
B2A,a49bfc7f31.jpg,0.7497785786398685,0.5697791
B2A,a49df48149.jpg,0.9008496636360921,0.47982636
B2A,a4a867e38f.jpg,0.7980640165765202,0.47979385
B2A,a4b3c66449.jpg,0.8329278423598092,0.2826877
B2A,a4ba621177.jpg,0.7953038107603224,0.37498137
B2A,a4ba843961.jpg,0.6595548894571355,0.3624993
B2A,a4cd276f26.jpg,0.8151000118851062,0.34193227
B2A,a4e346e887.jpg,0.7096710147928291,0.55026424
B2A,a4e3e280d9.jpg,0.838822221126094,0.33684498
B2A,a4f4d25e61.jpg,0.9030841909030066,0.21365792
B2A,a4f8537cd9.jpg,0.8043159767944744,0.21239331
B2A,a50aba1d24.jpg,0.9189018831108694,0.24582082
B2A,a5181cd01f.jpg,0.904756199177897,0.23137456
B2A,a519ab666c.jpg,0.501951674544023,0.7754652
B2A,a51b62995b.jpg,0.7740993885056402,0.2587273
B2A,a51c7b2303.jpg,0.7214512901383313,0.34827173
B2A,a53008cac1.jpg,0.9219037438113049,0.16401334
B2A,a53383dc25.jpg,0.616668623621818,0.38190424
B2A,a53affbb0b.jpg,0.8184939716036013,0.5212515
B2A,a542e05538.jpg,0.8776288391092509,0.33725148
B2A,a54454c5ea.jpg,0.7046849049649788,0.43071395
B2A,a546e53fbe.jpg,0.8474396523524699,0.96284026
B2A,a552d6a455.jpg,0.675638424308872,0.34816688
B2A,a55a1a091c.jpg,0.8077597891471913,0.28728324
B2A,a562192a23.jpg,0.8916412573372346,0.26181626
B2A,a577c91fc1.jpg,0.8357333328469921,0.45023662
B2A,a57c43fffc.jpg,0.8050905372060785,0.34585062
B2A,a588de330c.jpg,0.7038775922538137,0.5081532
B2A,a590f768fe.jpg,0.8628447624593386,0.38099626
B2A,a595719ef9.jpg,0.9046714396399235,0.2958354
B2A,a598e08f68.jpg,0.7472179531541258,0.5160631
B2A,a598e5aef5.jpg,0.4462330724245795,0.60615444
B2A,a59c317767.jpg,0.600612497298209,0.62046695
B2A,a5a55a6605.jpg,0.8760793960764136,0.38605446
B2A,a5af8b893b.jpg,0.912467267138865,0.26777634
B2A,a5b1cfbcfd.jpg,0.5901968138606165,0.32799637
B2A,a5bc67adcd.jpg,0.8734538284138402,0.29523897
B2A,a5d272747e.jpg,0.8425323470550508,0.3378668
B2A,a5da7f96c4.jpg,0.8409314571303199,0.25529242
B2A,a604002e2a.jpg,0.8637288061604411,0.29222232
B2A,a617bbf356.jpg,0.7581651197654298,0.45125788
B2A,a61beb8d14.jpg,0.7299950449624649,0.2888583
B2A,a61d366d2d.jpg,0.6005381100497703,0.68025136
B2A,a62e7a5101.jpg,0.8336582226475683,0.3360524
B2A,a62ea8db0f.jpg,0.8959075650437598,0.26884842
B2A,a6323ca7f3.jpg,0.7103655790590464,0.4193448
B2A,a632e5523e.jpg,0.7187687669864475,0.4585755
B2A,a638326b1d.jpg,0.7789434597082194,0.3909149
B2A,a63a202a57.jpg,0.9265689980548986,0.16369283
B2A,a63a32e180.jpg,0.9111034756750405,0.16569881
B2A,a63d70c4a3.jpg,0.8159163008879312,0.42447907
B2A,a64fb4de85.jpg,0.826493103210028,0.28955603
B2A,a6561cf2e0.jpg,0.7945596504932994,0.49721992
B2A,a658eef56c.jpg,0.8136507818380722,0.35170573
B2A,a65bfd0e43.jpg,0.5715354818534062,0.68252635
B2A,a65e118960.jpg,0.6750406825449088,0.41707718
B2A,a67feba233.jpg,0.9391681415489546,0.20747702
B2A,a682ce11f5.jpg,0.7673279624291922,0.22360021
B2A,a6838bdf94.jpg,0.8128753485025295,0.29168642
B2A,a68efb6c07.jpg,0.8070905667020342,0.31752288
B2A,a694999074.jpg,0.6211737394412893,0.6904938
B2A,a6959d7c87.jpg,0.7657992895726679,0.35308924
B2A,a6a316bffd.jpg,0.8102705155205893,0.16263965
B2A,a6c9c35a31.jpg,0.8223530275388082,0.38050154
B2A,a6cc5973c2.jpg,0.8050193672560358,0.1965417
B2A,a6d026b823.jpg,0.580276741326466,0.49345073
B2A,a6df272807.jpg,0.810670104994028,0.4283066
B2A,a6e2dd35f8.jpg,0.9010324534548292,0.2554149
B2A,a6e519d471.jpg,0.8430244892077886,0.3124623
B2A,a708982f02.jpg,0.7100277988317897,0.53153235
B2A,a70ea207cc.jpg,0.7016470531449055,0.49942082
B2A,a71799de73.jpg,0.7545587268783082,0.3652917
B2A,a71f15712f.jpg,0.6803337684641776,0.5796971
B2A,a739ea92ae.jpg,0.7941692709271237,0.36873186
B2A,a74f4e06aa.jpg,0.8878163809234396,0.38474974
B2A,a75469e52f.jpg,0.8909259955069521,0.21368851
B2A,a7594e87fd.jpg,0.7132106669569661,0.299749
B2A,a76093c3dd.jpg,0.8791067186938931,0.25770697
B2A,a760bc4309.jpg,0.858633124728526,0.29650134
B2A,a777303bee.jpg,0.9402229338593233,0.35753286
B2A,a786ecfabb.jpg,0.7855159472680461,0.39740026
B2A,a7883bc50e.jpg,0.6878479220797489,0.776759
B2A,a7976448c0.jpg,0.7016876803161036,0.5438535
B2A,a798e840cc.jpg,0.7176713166368605,0.54030704
B2A,a79f8d5a7d.jpg,0.8311080349537419,0.4384375
B2A,a7a21f3ccd.jpg,0.7130471212131578,0.42721653
B2A,a7a2534308.jpg,0.8566239169214184,0.41236073
B2A,a7ae4aab24.jpg,0.8698201321032031,0.23076826
B2A,a7b11a83ba.jpg,0.8527143811398811,0.24054755
B2A,a7b5f480d3.jpg,0.9078028005996404,0.32183725
B2A,a7ba1fdb8d.jpg,0.8107742482391116,0.18324101
B2A,a7c3243254.jpg,0.7952099752553652,0.28913322
B2A,a7c5642b9b.jpg,0.8674059348846745,0.2392822
B2A,a7c972a651.jpg,0.7079319059588798,0.6062473
B2A,a7e09af64a.jpg,0.8687262883103508,0.26415807
B2A,a7e86fbe21.jpg,0.8239194972329617,0.32515177
B2A,a7fb6b9ffa.jpg,0.6727317422964162,0.49078184
B2A,a7ffac0edb.jpg,0.8412152676714718,0.24290568
B2A,a80594f85b.jpg,0.7951284650771427,0.28344616
B2A,a8089a9f66.jpg,0.9317691171222984,0.17861077
B2A,a8095aa2f5.jpg,0.8807564323785927,0.15667324
B2A,a80c7ee69a.jpg,0.7531891135624178,0.4936579
B2A,a828255ebc.jpg,0.7506980362405419,0.31972724
B2A,a82a9c378a.jpg,0.8025263662924385,0.35986468
B2A,a82c3afbbd.jpg,0.7378217497931917,0.39520648
B2A,a84921e7be.jpg,0.8965970149719882,0.151974
B2A,a84f3fbf3f.jpg,0.7532546696330221,0.41992265
B2A,a85633910c.jpg,0.7321049011208735,0.2234155
B2A,a85a8cee92.jpg,0.8175601865700565,0.42724645
B2A,a8686f237c.jpg,0.6896622618438186,0.30608043
B2A,a86f13ae99.jpg,0.7701816155908012,0.40461293
B2A,a876481147.jpg,0.8257049384589722,0.35866678
B2A,a88e5ab869.jpg,0.649372331153176,0.48763305
B2A,a8911b1283.jpg,0.7425344980427746,0.4062631
B2A,a89631a70e.jpg,0.7359006614562401,0.5184661
B2A,a89c8773ae.jpg,0.8436337613311496,0.19707829
B2A,a8a27b4e1a.jpg,0.7588546959074863,0.716199
B2A,a8a4ee4f79.jpg,0.8475814347309878,0.35044998
B2A,a8b7358e0e.jpg,0.7091438686514469,0.42072728
B2A,a8c04e4f33.jpg,0.7243331839874759,0.5085597
B2A,a8d022d99c.jpg,0.783381836091529,0.32020637
B2A,a8d3c5c2d3.jpg,0.7354389259694816,0.5541375
B2A,a8d61b91a4.jpg,0.650929698830318,0.59413815
B2A,a8e351db00.jpg,0.6247854270397984,0.60443777
B2A,a8e62405d3.jpg,0.9148450311735304,0.29371405
B2A,a908f29569.jpg,0.9328288944224604,0.39132768
B2A,a90b8ea6ed.jpg,0.6014909416016638,0.5889203
B2A,a91402ed9b.jpg,0.7437000973738362,0.29839084
B2A,a917afed2a.jpg,0.6659504246962652,0.49925536
B2A,a92d0cde38.jpg,0.9067199716288584,0.21277258
B2A,a92eed65ce.jpg,0.8163029954908764,0.21972454
B2A,a93e11ed37.jpg,0.9029324895533676,0.2618441
B2A,a945149eb0.jpg,0.9231169518689296,0.20362885
B2A,a9460f4e16.jpg,0.7309643923888876,0.4201522
B2A,a946a049f9.jpg,0.5040848354820531,0.5249137
B2A,a9542998ad.jpg,0.8223489657182208,0.44823676
B2A,a95a086609.jpg,0.6895940180228438,0.4927362
B2A,a962271585.jpg,0.7998484797104289,0.5480764
B2A,a963d0573b.jpg,0.7133730531750417,0.47807255
B2A,a965ac5835.jpg,0.845387360687254,0.31465837
B2A,a97237c4b1.jpg,0.8324410326934496,0.33143687
B2A,a97e50a8d4.jpg,0.7710979475693407,0.44210398
B2A,a98179e505.jpg,0.8817584101607124,0.21809113
B2A,a99dbf6b17.jpg,0.7997493593215339,0.3920946
B2A,a99f495968.jpg,0.8155783594079923,0.2875631
B2A,a9a61131fc.jpg,0.7822148212355994,0.45405456
B2A,a9a7cc1b1c.jpg,0.8616995362777147,0.7379312
B2A,a9a881577b.jpg,0.5481948561939923,0.6258637
B2A,a9d597ca20.jpg,0.5600469677612485,0.4716419
B2A,a9d902fc38.jpg,0.7958388295479554,0.3282505
B2A,a9de4c4d69.jpg,0.8096590653652866,0.36233526
B2A,a9ef8c2bcd.jpg,0.6813826824311989,0.38734257
B2A,a9efa619e0.jpg,0.8066888740138863,0.39548397
B2A,a9faa93d67.jpg,0.7488779054953716,0.5280495
B2A,a9fe1f88ab.jpg,0.6964332949336245,0.61872125
B2A,a9ff892ea7.jpg,0.8056759100426516,0.22121662
B2A,aa0485a59f.jpg,0.7860903862254391,0.29860353
B2A,aa09a96ed1.jpg,0.5978019515737989,0.63442516
B2A,aa102a3ea1.jpg,0.8167843377175026,0.2960784
B2A,aa108bb6da.jpg,0.8480210049212713,0.22204232
B2A,aa238a7170.jpg,0.8737148465313326,0.26026434
B2A,aa26ff7c15.jpg,0.7897184417535671,0.50538117
B2A,aa2afa7cfe.jpg,0.8020235372771064,0.4427387
B2A,aa2b315b55.jpg,0.834772242880072,0.46184573
B2A,aa387dcb3e.jpg,0.7132280095143244,0.28850687
B2A,aa3f9768ff.jpg,0.7138505657529778,0.32663998
B2A,aa44603744.jpg,0.6699436076576593,0.38602856
B2A,aa4c6e40e5.jpg,0.6413275307734249,0.46165392
B2A,aa64f54007.jpg,0.8175806900850219,0.39128944
B2A,aa72b9cc61.jpg,0.7851701465040613,0.45400593
B2A,aa778409e9.jpg,0.8166186578889636,0.2777155
B2A,aa8e5f3af4.jpg,0.7772577890358422,0.4558751
B2A,aa99d68834.jpg,0.8640762306361794,0.30260086
B2A,aa9acfe3e7.jpg,0.8399389591308335,0.32081643
B2A,aaaffcb550.jpg,0.7129039864977477,0.56327224
B2A,aab0eaf7cd.jpg,0.9147391970992423,0.32564262
B2A,aab746580f.jpg,0.5475892768661142,0.5540762
B2A,aabffc2182.jpg,0.87034579989657,0.18258566
B2A,aac1f31a2d.jpg,0.7143792946073593,0.5582044
B2A,aaca9f8d52.jpg,0.8608905544071109,0.22883573
B2A,aacc4a4e82.jpg,0.8501478419780343,0.2600522
B2A,aadee76463.jpg,0.655858865410626,0.25319168
B2A,aaeb9e1228.jpg,0.7351706013186659,0.4633677
B2A,ab001a0dce.jpg,0.7783495188920877,0.43453255
B2A,ab04be8f33.jpg,0.6045605295838565,0.4459403
B2A,ab0917a3f9.jpg,0.8381077387263545,0.40785566
B2A,ab0d0dfe08.jpg,0.7266409564410113,0.41063437
B2A,ab1141671d.jpg,0.5760841472057848,0.40331498
B2A,ab3576b164.jpg,0.9118305108916887,0.16449258
B2A,ab36e4f5d7.jpg,0.9404808112312295,0.28574774
B2A,ab4450580b.jpg,0.7887443549042341,0.45862705
B2A,ab45414f0a.jpg,0.8084992201748118,0.36088422
B2A,ab808be34d.jpg,0.6648697715973126,0.5975281
B2A,ab8999b3d4.jpg,0.6914884983954324,0.203333
B2A,abaa2d0caf.jpg,0.6399223165891512,0.38713357
B2A,abaf585ce0.jpg,0.7047575877075741,0.26872668
B2A,abb7c92cd2.jpg,0.7886263392449621,0.3979386
B2A,abc2244ad0.jpg,0.8487564261716576,0.33505177
B2A,abc26dd865.jpg,0.877650474664583,0.29740426
B2A,abc76b33c5.jpg,0.7300828233841438,0.43885154
B2A,abd58494e7.jpg,0.8285192178129333,0.2207552
B2A,abe159882d.jpg,0.827613742831876,0.20899798
B2A,abe813f1cb.jpg,0.9308456711077279,0.2001054
B2A,abeca4498a.jpg,0.6693561608740187,0.5444264
B2A,abee44db3e.jpg,0.7975984448036169,0.49818286
B2A,abfbbbd0ca.jpg,0.8455841246995669,0.24424809
B2A,ac049a3c0d.jpg,0.7942184086003671,0.41910493
B2A,ac22f8134b.jpg,0.5277386569814123,0.74637884
B2A,ac36bd24bb.jpg,0.8710514183406206,0.35006586
B2A,ac50e0ca26.jpg,0.9281229179237926,0.32972726
B2A,ac5181086c.jpg,0.7995855226766329,0.42593983
B2A,ac5b1ab8f0.jpg,0.8116977271076363,0.35144544
B2A,ac5d1dd7a1.jpg,0.6400653221973286,0.7286765
B2A,ac91124a63.jpg,0.7415055060945912,0.45695096
B2A,ac91ac81c3.jpg,0.9280286779391946,0.2975963
B2A,ac932a461b.jpg,0.9138109883909171,0.22647199
B2A,ac9afdb0a8.jpg,0.8039311045836504,0.29592413
B2A,ac9c8211cb.jpg,0.6493422121468564,0.5771893
B2A,aca32eb466.jpg,0.8517196156476567,0.29786706
B2A,aca45f78be.jpg,0.9036105957255113,0.26478493
B2A,acab996be8.jpg,0.9340541660431975,0.31569186
B2A,acae006873.jpg,0.6657578136290379,0.4248371
B2A,acaf4ef81e.jpg,0.7847002711967481,0.37469923
B2A,acbede97b1.jpg,0.6394233660236347,0.50427663
B2A,acc787b868.jpg,0.7869801311316311,0.5361197
B2A,acc8b354fc.jpg,0.8397971189585763,0.33313495
B2A,acccbeb5a3.jpg,0.8767594988497828,0.27914444
B2A,accfade258.jpg,0.722423421451015,0.5487892
B2A,acda36155d.jpg,0.8325915154226852,0.38919964
B2A,ace63e2d37.jpg,0.8522537746426025,0.20472777
B2A,acf0aeda10.jpg,0.8777368497188118,0.2719543
B2A,acf43bbda9.jpg,0.89551757461162,0.22512667
B2A,ad08c8c439.jpg,0.8489223659620271,0.43644282
B2A,ad122b9a0c.jpg,0.7303105419997576,0.47240064
B2A,ad1819b0e6.jpg,0.8561747315779719,0.3082344
B2A,ad1a8669c9.jpg,0.6725831529643677,0.4672751
B2A,ad24506f8b.jpg,0.7877340642370372,0.40184546
B2A,ad31237f7b.jpg,0.8560488142313847,0.23507982
B2A,ad3d8eb941.jpg,0.5906379566042289,0.6731971
B2A,ad4208f91f.jpg,0.738773775857458,0.36459082
B2A,ad5065585a.jpg,0.8570635298259581,0.20105179
B2A,ad5385ebb1.jpg,0.6341864923165128,0.45601654
B2A,ad5c6dd37f.jpg,0.7459577383632483,0.41674215
B2A,ad673d759f.jpg,0.6644949865164109,0.53492886
B2A,ad67e71b94.jpg,0.8061847298996383,0.22845057
B2A,ad7d5b8945.jpg,0.9226435661104055,0.27438128
B2A,ad8139d30e.jpg,0.8664455499949364,0.41089803
B2A,ad8f6db4da.jpg,0.9366133178188212,0.23218991
B2A,ad8fca5a81.jpg,0.7080124358685431,0.3439653
B2A,ad95d06611.jpg,0.8198931885882206,0.39087301
B2A,ada37edd54.jpg,0.7728981791889626,0.5655305
B2A,ada576bcf5.jpg,0.904865454036445,0.30137855
B2A,ada64f6f98.jpg,0.7848221151829174,0.41965008
B2A,adb5589a4a.jpg,0.8156812642322071,0.42303455
B2A,adbb6706f4.jpg,0.7741144658051724,0.3476363
B2A,adc015d394.jpg,0.8628507300816686,0.30443946
B2A,adc7df4c09.jpg,0.8070598348387195,0.2560473
B2A,adc8bca42b.jpg,0.8909637744401113,0.23256268
B2A,add673f629.jpg,0.8918678132588135,0.2635769
B2A,addb9e11be.jpg,0.9147343129266148,0.24351726
B2A,addf00ca3f.jpg,0.8884324902510504,0.25792494
B2A,ade0f46a3f.jpg,0.7323468612155454,0.16926412
B2A,adee0e7444.jpg,0.8648679127056814,0.33996975
B2A,adf0ac7938.jpg,0.8109699697657784,0.33773533
B2A,adf316819b.jpg,0.8951166687911074,0.5372292
B2A,adf3ad1301.jpg,0.9032244614560427,0.19610518
B2A,ae073bf16d.jpg,0.771706763671153,0.49714088
B2A,ae15831d3a.jpg,0.8031195170077662,0.4394032
B2A,ae16d6d012.jpg,0.845745190854214,0.39224792
B2A,ae1951459d.jpg,0.8502380465979711,0.33284047
B2A,ae1ee21b01.jpg,0.8180283355455188,0.4512786
B2A,ae2923b68c.jpg,0.8757061851387856,0.34544265
B2A,ae2c1ea2d6.jpg,0.863287195075967,0.20262408
B2A,ae32973f1b.jpg,0.6807040244412308,0.45491013
B2A,ae33f34419.jpg,0.8759984706319507,0.3176532
B2A,ae3bb4751d.jpg,0.8242171815636322,0.3370574
B2A,ae48a41403.jpg,0.8146276412360127,0.32035592
B2A,ae56d20cb9.jpg,0.8780426276205153,0.2562462
B2A,ae5ac0bf8a.jpg,0.6563553005368249,0.5250191
B2A,ae667757b8.jpg,0.6629123188493552,0.4210613
B2A,ae7f0cf2c7.jpg,0.8869226921414467,0.21615188
B2A,ae91238c7d.jpg,0.8789756895299712,0.22589618
B2A,ae97673634.jpg,0.6562594050079418,0.57198465
B2A,aea3c83ebe.jpg,0.8378786795637048,0.2129157
B2A,aea4a60c4e.jpg,0.7278755954607363,0.372917
B2A,aea6b06ea6.jpg,0.7372644220143006,0.18509743
B2A,aed2032c56.jpg,0.7316896303116761,0.5540282
B2A,aedf554224.jpg,0.7750441935137906,0.3505926
B2A,aee36ebffb.jpg,0.8350993302844454,0.37448657
B2A,aeff6a1ad9.jpg,0.8457654550607268,0.34500557
B2A,af2075bcf5.jpg,0.9103050092027806,0.18324141
B2A,af24d79cda.jpg,0.726151363784372,0.26207855
B2A,af2acf5f58.jpg,0.5662079828469817,0.55370927
B2A,af4232e4ad.jpg,0.7967429218917939,0.3891663
B2A,af4456d9ce.jpg,0.7230389483531885,0.30786905
B2A,af51aca135.jpg,0.5396358413913843,0.46269745
B2A,af5f718ec0.jpg,0.7587356497340422,0.3082972
B2A,af672cd7de.jpg,0.9249661804326872,0.29276967
B2A,af6af0e073.jpg,0.8474596753029633,0.2816338
B2A,af87640174.jpg,0.886708460280894,0.20450741
B2A,af890fdb8b.jpg,0.7713327536065137,0.31305104
B2A,af899de250.jpg,0.7141335675733348,0.49404168
B2A,af8b38d918.jpg,0.8974367615497977,0.20552228
B2A,af97db63a5.jpg,0.8984631868077386,0.40280607
B2A,af98779f2f.jpg,0.9093494629032192,0.27030122
B2A,af9f206c68.jpg,0.7652647168479337,0.5280622
B2A,afa167a1a5.jpg,0.8121811195910749,0.29159746
B2A,afa1a71c3d.jpg,0.7793420826397454,0.5238869
B2A,afa576e383.jpg,0.8644060297000693,0.52987707
B2A,afabae968b.jpg,0.7653103582356512,0.35147032
B2A,afaf808be0.jpg,0.7827710947218847,0.52748615
B2A,afb21c0a01.jpg,0.8600156268559171,0.3939949
B2A,afb5f05573.jpg,0.737872170695273,0.3294243
B2A,afb5fd0067.jpg,0.7274643555278574,0.50884664
B2A,afd6a4c506.jpg,0.8178842049205886,0.2521012
B2A,afe09342a4.jpg,0.8805713356274476,0.4078043
B2A,afec9d2ce5.jpg,0.7131728102398909,0.47959584
B2A,afee15fa99.jpg,0.8185056158544742,0.43265948
B2A,aff47b8492.jpg,0.7768821204136513,0.4447109
B2A,aff8f6d136.jpg,0.9176955944279088,0.22096492
B2A,b003895ce9.jpg,0.8498027736087136,0.28011265
B2A,b01acadfd9.jpg,0.6038418268479305,0.36026722
B2A,b0238fb4d6.jpg,0.7501206721581845,0.47222286
B2A,b023dae26b.jpg,0.8060482279727919,0.4270411
B2A,b02697eec9.jpg,0.8071762165758727,0.3039676
B2A,b027a80904.jpg,0.7238036319131701,0.49694276
B2A,b028f604ed.jpg,0.8971872168845875,0.24908465
B2A,b03262df8a.jpg,0.7589969989152997,0.31179172
B2A,b03646ab9d.jpg,0.9289451644839414,0.19019106
B2A,b036b0bd6e.jpg,0.8135024341517703,0.42636496
B2A,b043e97f3c.jpg,0.9336167727963394,0.18536428
B2A,b048d6b4a6.jpg,0.8185641974454041,0.32960916
B2A,b04af1a7a5.jpg,0.9053892675663031,0.17469731
B2A,b04b5604c4.jpg,0.8152119647884317,0.30875412
B2A,b05f08496f.jpg,0.9109387204136075,0.38995218
B2A,b069343f1c.jpg,0.7889105265306223,0.4802889
B2A,b06a3053e1.jpg,0.8351011195274781,0.31531927
B2A,b07115bda9.jpg,0.935205641310751,0.22146158
B2A,b0771d4c61.jpg,0.6585385421055778,0.40241075
B2A,b07a462689.jpg,0.657390952812815,0.37985808
B2A,b08e49c7b8.jpg,0.8285098907512323,0.29485387
B2A,b09cf0dffc.jpg,0.941735053980485,0.14089534
B2A,b0a4fcb39d.jpg,0.9173648214330998,0.36075315
B2A,b0b01c67cb.jpg,0.7618052492084886,0.5259683
B2A,b0bc5786a5.jpg,0.6949618064000461,0.29376763
B2A,b0c59def26.jpg,0.7258409136169172,0.5225096
B2A,b0c99529c9.jpg,0.6920612929977749,0.6086854
B2A,b0ccf80417.jpg,0.7816462945696896,0.25436667
B2A,b0dc34e8e6.jpg,0.6872461054456152,0.61906374
B2A,b0e936e41b.jpg,0.7914191003497175,0.3640508
B2A,b0f66caebb.jpg,0.7214416394927898,0.5807436
B2A,b10839181d.jpg,0.738849459741129,0.32859468
B2A,b10dabf94e.jpg,0.767039024700945,0.39047778
B2A,b112237bbf.jpg,0.8783168065887952,0.2561446
B2A,b11afb309d.jpg,0.5501573609096161,0.49928752
B2A,b128c9759f.jpg,0.8717777559710911,0.30388978
B2A,b12bf44d38.jpg,0.7591766251038953,0.18373258
B2A,b12d6de1d9.jpg,0.6459844686927501,0.34506956
B2A,b13aecdf79.jpg,0.7145962968453206,0.38167238
B2A,b140da8120.jpg,0.8532105992206026,0.31100982
B2A,b150248c5b.jpg,0.7967187252737058,0.32152373
B2A,b1512c76c7.jpg,0.8309870633470658,0.5283973
B2A,b15cbb80b4.jpg,0.8971608802133217,0.17967482
B2A,b161a5d3cb.jpg,0.916894718675925,0.30768806
B2A,b164b7525c.jpg,0.7622216799414072,0.4404789
B2A,b1654bdb7e.jpg,0.8737317549182757,0.45232707
B2A,b16bafe652.jpg,0.8575411067534686,0.25851083
B2A,b16dcdc688.jpg,0.7763276353620496,0.3820238
B2A,b16e9f4263.jpg,0.894938306535832,0.3208749
B2A,b17c40b1ea.jpg,0.7955397199583236,0.39315507
B2A,b181897b98.jpg,0.8324131856868413,0.31161106
B2A,b18beb6d72.jpg,0.8288189297001625,0.38074705
B2A,b1e3ea9ca5.jpg,0.8919180069603757,0.33549666
B2A,b1eb87490e.jpg,0.7788988301481005,0.43855786
B2A,b20d1d38d7.jpg,0.9262751061979141,0.31414017
B2A,b21a369bbd.jpg,0.7227154513676088,0.6384759
B2A,b21c4fc9bd.jpg,0.897261968756745,0.27680257
B2A,b220f59b09.jpg,0.4753810093455267,0.74703467
B2A,b23933adf6.jpg,0.7590474700704647,0.4615538
B2A,b23ae1573f.jpg,0.6738306295556994,0.67067814
B2A,b2400fe0a5.jpg,0.6500896649583042,0.48117954
B2A,b242ae6db1.jpg,0.8118367839206954,0.29782096
B2A,b2442c013f.jpg,0.8697894697226053,0.3926202
B2A,b244d049e3.jpg,0.8366227073855137,0.37215555
B2A,b245d8b8ff.jpg,0.6392778396415961,0.5424191
B2A,b2633e0b11.jpg,0.8758607612947339,0.40631366
B2A,b263b335f4.jpg,0.6091286270666437,0.5300236
B2A,b265520a3d.jpg,0.7563017651421157,0.37533733
B2A,b275f883d7.jpg,0.9176175178440462,0.16343236
B2A,b27811638c.jpg,0.7434713377707892,0.42134026
B2A,b2883a87cb.jpg,0.8153760717122277,0.44116315
B2A,b288896b0a.jpg,0.6930140286640908,0.49393174
B2A,b29034b730.jpg,0.8221423153513469,0.25384802
B2A,b29d413ab1.jpg,0.7433579299358074,0.3794531
B2A,b2a7070656.jpg,0.5624719569777353,0.48614305
B2A,b2a9652a6f.jpg,0.7587675489249471,0.528964
B2A,b2abb2ae39.jpg,0.7922050408420035,0.48292416
B2A,b2bb2119a9.jpg,0.7952835977742639,0.32832867
B2A,b2cb0fe346.jpg,0.9229974041619862,0.18155067
B2A,b2cbeec8f9.jpg,0.9135397611918508,0.20482959
B2A,b2cbf1cf7a.jpg,0.7216991972852639,0.3656255
B2A,b2de093e02.jpg,0.8525114788767074,0.3382353
B2A,b2e2ffcd0a.jpg,0.6991985060766727,0.35444257
B2A,b2ee6d8bc5.jpg,0.8553970301557339,0.27798104
B2A,b2f7fa511e.jpg,0.8824372430987321,0.56462365
B2A,b2fd16828f.jpg,0.8251379617947928,0.39211243
B2A,b2fe82b23e.jpg,0.8879021261853475,0.1527792
B2A,b30876c470.jpg,0.7303467035097637,0.5370093
B2A,b31c7ff3e0.jpg,0.8993313394214066,0.2425639
B2A,b326ea0088.jpg,0.86684902747563,0.31624684
B2A,b34c11aa77.jpg,0.7423001925842488,0.4126315
B2A,b3544a41dd.jpg,0.7521857467897436,0.42366058
B2A,b398a41374.jpg,0.8349107398353969,0.25602248
B2A,b39ad63238.jpg,0.7762390999576086,0.4106886
B2A,b3a246218c.jpg,0.7945977078267364,0.29340783
B2A,b3ad362dc3.jpg,0.8323410189797569,0.46823096
B2A,b3bfca1f8b.jpg,0.920975524480919,0.23294026
B2A,b3c28798bd.jpg,0.8271537945394012,0.23817371
B2A,b3c422ffa6.jpg,0.6167060368467302,0.4954747
B2A,b3cc0df141.jpg,0.8946737922683529,0.27109593
B2A,b3d3d9921d.jpg,0.7637881191795485,0.3494131
B2A,b3d83e557e.jpg,0.8969439704000691,0.17962839
B2A,b3daba3e38.jpg,0.899546568561803,0.33401406
B2A,b3db7e6aae.jpg,0.6479536055688502,0.42042017
B2A,b3e5c31249.jpg,0.859011356318696,0.28223962
B2A,b3e9f5d03a.jpg,0.7512765125189991,0.49918032
B2A,b3efa6f13f.jpg,0.8606576061786346,0.28499126
B2A,b404fb513f.jpg,0.6694469787606142,0.47482312
B2A,b4166bd020.jpg,0.7665118258491052,0.4817403
B2A,b41d24db10.jpg,0.7381263117279175,0.5000016
B2A,b4217286ca.jpg,0.8438783005262188,0.27520123
B2A,b43d7dcae4.jpg,0.8442963094446178,0.3987378
B2A,b44289846b.jpg,0.8352736631411667,0.37273487
B2A,b443916aa7.jpg,0.8791100273788541,0.3551978
B2A,b46106fd89.jpg,0.720951189956824,0.2724404
B2A,b461cd6b95.jpg,0.751721682747165,0.44159353
B2A,b463392033.jpg,0.72536385561619,0.4702682
B2A,b469541ab9.jpg,0.890300420714154,0.3681972
B2A,b475f64439.jpg,0.8389179445624187,0.30882397
B2A,b47834dd52.jpg,0.8351392727410355,0.43737885
B2A,b47b2f88c3.jpg,0.6394282692234966,0.38680497
B2A,b482bd55c5.jpg,0.8152924817409724,0.2805614
B2A,b489bdec64.jpg,0.7889374527551111,0.36253926
B2A,b492a7d919.jpg,0.8875680809220441,0.16626067
B2A,b4a1b33eae.jpg,0.7895902568454011,0.33178005
B2A,b4ba4bd4b0.jpg,0.591859746164101,0.44295335
B2A,b4c752721a.jpg,0.7562510671250651,0.31721956
B2A,b4c7f33b35.jpg,0.7227130952274214,0.37963986
B2A,b4c8e36705.jpg,0.9255522346565916,0.245918
B2A,b4cc9f5870.jpg,0.7982444912747136,0.23571116
B2A,b4d64206dd.jpg,0.8570179188815376,0.36244968
B2A,b4ef669e4d.jpg,0.9479479205795323,0.18331575
B2A,b4f2211991.jpg,0.5450980793841826,0.5500998
B2A,b4f9b0e86b.jpg,0.8957455026929352,0.32774538
B2A,b5237c39a7.jpg,0.9161566778601729,0.25725433
B2A,b5268447c0.jpg,0.6586954369205239,0.32526156
B2A,b544e584f6.jpg,0.9196776698633885,0.29108688
B2A,b54c9ff9f0.jpg,0.48894909537957515,0.3691695
B2A,b54ecfe1d1.jpg,0.7519501363113827,0.38224787
B2A,b55174c53d.jpg,0.7511870777966818,0.32145104
B2A,b553a553a4.jpg,0.7640016711954115,0.32173356
B2A,b56100a754.jpg,0.888609892860345,0.3802826
B2A,b56f780872.jpg,0.9389953969985666,0.23159237
B2A,b571fc78d5.jpg,0.9030429046164137,0.35947186
B2A,b58bdc0c7f.jpg,0.8012622376117625,0.33270502
B2A,b597d0c58b.jpg,0.8822222309349421,0.17050517
B2A,b5a144143b.jpg,0.5772663157104077,0.43800932
B2A,b5ae36d4c7.jpg,0.8939008891769706,0.22743459
B2A,b5b93e7f12.jpg,0.7122251658231936,0.46894804
B2A,b5bd2caebc.jpg,0.7926152142412276,0.48098958
B2A,b5bdb76769.jpg,0.8323500614758922,0.39233524
B2A,b5d3195dc8.jpg,0.8560973097552507,0.17336941
B2A,b5d87c828d.jpg,0.9289941110572204,0.21126555
B2A,b5d90eb11d.jpg,0.6183533227194178,0.33115992
B2A,b5d995b5d8.jpg,0.8476684159464372,0.2755664
B2A,b5f2c61061.jpg,0.9113495187053052,0.27982053
B2A,b60488d40f.jpg,0.9077903117984513,0.18959658
B2A,b60f74cca9.jpg,0.9175427892019431,0.23929349
B2A,b60fa62c00.jpg,0.8600486045787015,0.2200693
B2A,b612a7c29e.jpg,0.8743380022502786,0.29880595
B2A,b612ea84b8.jpg,0.7540977138206166,0.3615325
B2A,b61461c172.jpg,0.7999436057960155,0.39289755
B2A,b61731a239.jpg,0.9030338545704543,0.21509135
B2A,b61b89590d.jpg,0.8795659663329822,0.3656461
B2A,b61e2b3b0d.jpg,0.8117122095948635,0.3801394
B2A,b62b0c6d0c.jpg,0.8073744231892813,0.43719363
B2A,b62f2cfc5d.jpg,0.839683172784574,0.3101677
B2A,b631fa3f71.jpg,0.8188107659073077,0.2988135
B2A,b635c95844.jpg,0.6832434278577613,0.7363204
B2A,b6398ab782.jpg,0.5686971914899258,0.7089407
B2A,b6429002b9.jpg,0.714351673007231,0.62132514
B2A,b64bb5b36d.jpg,0.5601303803664474,0.55415887
B2A,b660902f57.jpg,0.7407363423671345,0.40645793
B2A,b664354223.jpg,0.8496954788593104,0.2986657
B2A,b665863dfb.jpg,0.8818952945514731,0.23547974
B2A,b66913e00b.jpg,0.8555395077995381,0.418906
B2A,b66c734954.jpg,0.7377090402133153,0.38022417
B2A,b66c82cf2a.jpg,0.7452177487963331,0.41144758
B2A,b66f508c68.jpg,0.7852680299007215,0.31274107
B2A,b678b74dae.jpg,0.8858372692320234,0.3729114
B2A,b679bcea19.jpg,0.8303718840527191,0.2643592
B2A,b67c9613c8.jpg,0.8690006028500513,0.12752222
B2A,b697267bfb.jpg,0.703539483904868,0.34831458
B2A,b69f383965.jpg,0.6920645477227587,0.32772174
B2A,b69fe86234.jpg,0.8332942967527608,0.33538234
B2A,b6c8f98eaf.jpg,0.7390359221457494,0.4260064
B2A,b6ccadba44.jpg,0.8696313958413142,0.18275073
B2A,b6d52caca3.jpg,0.9272058927624199,0.12294072
B2A,b6d84ce05d.jpg,0.7746475218571549,0.32404298
B2A,b6dd6a5484.jpg,0.6563516749641678,0.36966515
B2A,b6e02f524c.jpg,0.9045922469439951,0.33806583
B2A,b6ebb5febd.jpg,0.7112163276734929,0.29481626
B2A,b6f00064cc.jpg,0.6225109701656991,0.41668618
B2A,b70c20c5bb.jpg,0.8616421111282009,0.39491767
B2A,b70ec20b75.jpg,0.8397617195954161,0.5000969
B2A,b7126e52cb.jpg,0.7285750236062962,0.6484859
B2A,b7139c915b.jpg,0.8108579345241018,0.37618914
B2A,b734350f7a.jpg,0.8393927701194037,0.5195869
B2A,b743015621.jpg,0.6979425254003838,0.5228601
B2A,b74ada0d43.jpg,0.916384881014155,0.25301594
B2A,b74cab8840.jpg,0.7264726769497006,0.33327574
B2A,b76253bc63.jpg,0.9383448524092073,0.22917125
B2A,b7634902cd.jpg,0.8106600712937254,0.50099945
B2A,b763d10895.jpg,0.8882328674699908,0.25775844
B2A,b76490cea4.jpg,0.5514772892159496,0.6563704
B2A,b76838eaa3.jpg,0.648780897391225,0.52396685
B2A,b76eca8315.jpg,0.9194883690100836,0.28731257
B2A,b7771cc3a7.jpg,0.7387730466620962,0.44356966
B2A,b78443d274.jpg,0.6311303501485805,0.60021937
B2A,b7907e76c4.jpg,0.8727855285388181,0.22159392
B2A,b79198e3b3.jpg,0.8761127391274057,0.2347996
B2A,b79628b2db.jpg,0.8520673410687009,0.3422981
B2A,b79649047f.jpg,0.6034344432742907,0.53452986
B2A,b79a2b6c99.jpg,0.9093992075580977,0.31408313
B2A,b7a7a7cc17.jpg,0.8827981089026077,0.23831561
B2A,b7cb7f4110.jpg,0.645170217166529,0.42643267
B2A,b7d05fd7dc.jpg,0.8142204882306251,0.22134355
B2A,b7f7aaeb71.jpg,0.667881311108658,0.35605103
B2A,b8009cb56d.jpg,0.8787830141432985,0.34818247
B2A,b804d8ffff.jpg,0.8057266746463488,0.3509844
B2A,b81a0b8027.jpg,0.9455429301342645,0.23553443
B2A,b81b0d4833.jpg,0.9350734586811543,0.23076764
B2A,b82c2d7664.jpg,0.6789022405859096,0.30258656
B2A,b8513f2cc6.jpg,0.6785740596331756,0.69528776
B2A,b85242ba7b.jpg,0.7103803436512256,0.32505444
B2A,b85d1ea25e.jpg,0.7192663126422116,0.4037373
B2A,b87678f817.jpg,0.6374379763576004,0.40420204
B2A,b877c006b7.jpg,0.8006681599545094,0.32882452
B2A,b879c75442.jpg,0.8268638036001853,0.29935676
B2A,b87f267ffd.jpg,0.7834474444213271,0.3162044
B2A,b8800075ea.jpg,0.9174027772665625,0.26365802
B2A,b8846a57ce.jpg,0.6405127067113999,0.4558551
B2A,b885222b39.jpg,0.8287364829028253,0.23398116
B2A,b88710452e.jpg,0.9117367001098042,0.14909892
B2A,b88fa19b4b.jpg,0.8505444807317488,0.19008856
B2A,b88fd25d37.jpg,0.8180967946968927,0.4267284
B2A,b892e182db.jpg,0.8544392800538411,0.21888138
B2A,b893e3aa24.jpg,0.7302024326197706,0.40021816
B2A,b89aa727f4.jpg,0.6945454021645535,0.3149946
B2A,b89d1cc4f1.jpg,0.7716755682550023,0.41580588
B2A,b8b21378ef.jpg,0.8619307736133287,0.2460512
B2A,b8b5848caa.jpg,0.7509408291592152,0.3806102
B2A,b8c23eb503.jpg,0.6859914779132398,0.64571095
B2A,b8c6874f96.jpg,0.7288493854062921,0.59032106
B2A,b8d30c2ede.jpg,0.8456299619225885,0.15367573
B2A,b8dda4b0ed.jpg,0.8652342690712461,0.28930905
B2A,b8e1eafdef.jpg,0.8509858866275891,0.25217927
B2A,b8e7658517.jpg,0.8653551547657203,0.291817
B2A,b8eb81d31d.jpg,0.7225642861658111,0.39852867
B2A,b8f7816f6b.jpg,0.8637037782035112,0.38616526
B2A,b90dc41d5d.jpg,0.8250869143512644,0.3106569
B2A,b91926eb90.jpg,0.7996343258141587,0.22603853
B2A,b924b090f7.jpg,0.8433184356006729,0.2638852
B2A,b938642e78.jpg,0.7951576510432032,0.52008986
B2A,b939486166.jpg,0.8804970927034238,0.34476325
B2A,b952bd214e.jpg,0.8419149212970979,0.3514271
B2A,b955e39acf.jpg,0.8380619917594403,0.32885122
B2A,b9768c7e52.jpg,0.85386760950043,0.28976104
B2A,b983599509.jpg,0.8961474936415676,0.20177644
B2A,b985c8d0f9.jpg,0.7469441965418695,0.47422665
B2A,b989430548.jpg,0.5225615274939733,0.49148136
B2A,b9902d5a97.jpg,0.8451655349474649,0.38008723
B2A,b99379d9e0.jpg,0.5383217543537683,0.5128944
B2A,b9973b92ba.jpg,0.633757125840728,0.45202148
B2A,b99824d883.jpg,0.721796631894763,0.4114294
B2A,b9a991202d.jpg,0.9240587358575622,0.24738437
B2A,b9bc2a225e.jpg,0.764517299771327,0.4611301
B2A,b9cad6e8c0.jpg,0.6975666552376093,0.50675255
B2A,b9cd30a1eb.jpg,0.7808752687597709,0.326193
B2A,b9d2ba2502.jpg,0.7972426117673492,0.2464335
B2A,b9d441588e.jpg,0.7478238036513729,0.37459388
B2A,b9d6b906b5.jpg,0.838678543182981,0.3482448
B2A,b9de8e1e60.jpg,0.8228888070024637,0.2728246
B2A,b9ea51b317.jpg,0.7449921568505173,0.3984066
B2A,b9eb4c4e23.jpg,0.8824784346499911,0.24334764
B2A,b9f955e5da.jpg,0.7870934367164806,0.49379426
B2A,ba3fc5aaf6.jpg,0.8399603480834583,0.3195046
B2A,ba4f07f939.jpg,0.8500186460139623,0.35481736
B2A,ba57ad5d60.jpg,0.7901499661081872,0.34918442
B2A,ba6cdd170e.jpg,0.7286887922998305,0.59288216
B2A,ba7c346ee6.jpg,0.8280930812177888,0.25466198
B2A,ba7d2f82f3.jpg,0.7024446015680824,0.4414304
B2A,ba8511d50b.jpg,0.8325068544517852,0.42513463
B2A,ba861fc7fc.jpg,0.69617261158136,0.478289
B2A,ba900f7b05.jpg,0.6197842827320451,0.613038
B2A,ba93309fda.jpg,0.6103973716697546,0.37956148
B2A,baa1ec6741.jpg,0.9358218402197032,0.34546062
B2A,baa5eaf58a.jpg,0.7157742659434027,0.37727445
B2A,baa60c9bed.jpg,0.9034764683819912,0.20205604
B2A,baac2fc0d9.jpg,0.742616314431992,0.29549485
B2A,bab560daee.jpg,0.7561184901244933,0.38861158
B2A,bac7bbda07.jpg,0.8888918745793372,0.2373946
B2A,baca7c1baf.jpg,0.8708810948060369,0.3199993
B2A,bad95e0688.jpg,0.8094701200531009,0.4422581
B2A,bae17c2143.jpg,0.8467559019990862,0.3363636
B2A,bae6056ca8.jpg,0.764303763933899,0.36219615
B2A,baef9a3993.jpg,0.8223083939732215,0.28492576
B2A,bafb1adc1f.jpg,0.7932312039368786,0.40991655
B2A,bb017d43a9.jpg,0.7724057944059267,0.39753687
B2A,bb15fcc4ff.jpg,0.8723912829287691,0.4125386
B2A,bb313a5e16.jpg,0.628066898650786,0.5253037
B2A,bb3377f200.jpg,0.8507874469128635,0.20103696
B2A,bb38cedde5.jpg,0.7858353217916934,0.47664347
B2A,bb3ef64acd.jpg,0.9166655908813472,0.18518716
B2A,bb40b8dd7f.jpg,0.8417295099246442,0.21628618
B2A,bb5faf30e9.jpg,0.7704373091569401,0.31603128
B2A,bb64125bc2.jpg,0.9091371397816307,0.3720235
B2A,bb77850a04.jpg,0.7789529026411033,0.4680201
B2A,bb8552f1b5.jpg,0.8261388586500262,0.20873183
B2A,bb9d316b1a.jpg,0.771383035078801,0.3695687
B2A,bba5052be8.jpg,0.9337848756265088,0.28867146
B2A,bbac847eec.jpg,0.7865004181097219,0.27067947
B2A,bbaff218f3.jpg,0.7825530081730099,0.5907672
B2A,bbbfda6b8f.jpg,0.8969513780644189,0.31320095
B2A,bbc433fec1.jpg,0.8938775728769011,0.27874458
B2A,bbc5447377.jpg,0.7765557830682848,0.33499622
B2A,bbc6c20473.jpg,0.621783243949639,0.4724981
B2A,bbca95e065.jpg,0.7572738853968966,0.454445
B2A,bbd1178911.jpg,0.886566236424386,0.20470378
B2A,bbe716a5ba.jpg,0.6063300994201745,0.69064915
B2A,bbf7c36959.jpg,0.8877783346021079,0.1728845
B2A,bbfe762240.jpg,0.9066636263803194,0.38229313
B2A,bc00b49aa2.jpg,0.9497443546958048,0.4270001
B2A,bc05774cb8.jpg,0.8594953563258079,0.27508685
B2A,bc1296f186.jpg,0.8005193126501565,0.37759328
B2A,bc1fa09301.jpg,0.5561224845517925,0.5681524
B2A,bc320f44ee.jpg,0.759420271212421,0.45158952
B2A,bc34a98e62.jpg,0.5611277428799005,0.42024845
B2A,bc3f932980.jpg,0.6825364541440865,0.55802363
B2A,bc47393bbe.jpg,0.7715956535008777,0.4559045
B2A,bc4cc5e31c.jpg,0.7310642806539531,0.4896053
B2A,bc57ed5fda.jpg,0.7970417575745785,0.23398581
B2A,bc59db0454.jpg,0.8689771208006687,0.25086385
B2A,bc76a34f9d.jpg,0.9237755208928282,0.21495557
B2A,bc8579edc4.jpg,0.8264621033452488,0.27686018
B2A,bc89a879fd.jpg,0.7206503260944656,0.58994484
B2A,bc8e187f4f.jpg,0.8619403461985826,0.25809738
B2A,bc97e28ac0.jpg,0.7277924092260653,0.36283457
B2A,bc9defc927.jpg,0.6579971936260085,0.63977027
B2A,bca6fd9039.jpg,0.8423960897264527,0.42562476
B2A,bcad190025.jpg,0.8214401106468717,0.38095376
B2A,bcade75bec.jpg,0.7865746891501297,0.35065815
B2A,bcae56fbed.jpg,0.6316176454066186,0.43580818
B2A,bcc1a87147.jpg,0.8034882529621535,0.38302726
B2A,bcc29192c1.jpg,0.8055111421956331,0.2322117
B2A,bcde913d1d.jpg,0.8277564304832736,0.27400476
B2A,bce46c265e.jpg,0.8630581100765943,0.3140504
B2A,bceb077f5d.jpg,0.8023742320778161,0.26196507
B2A,bcef4b66e6.jpg,0.7939426474334393,0.3759908
B2A,bcf39bcec2.jpg,0.8365117132734513,0.25569698
B2A,bcf3ab621b.jpg,0.7255616242912507,0.5113913
B2A,bcf3af118c.jpg,0.7536403090503295,0.34041902
B2A,bd2893da68.jpg,0.8818315264205155,0.31765738
B2A,bd2be5968a.jpg,0.8280997054976966,0.278534
B2A,bd4ff109f0.jpg,0.9178177396729345,0.40612432
B2A,bd5056d32e.jpg,0.6202559320877717,0.5989981
B2A,bd58f14f67.jpg,0.638023254655892,0.4551862
B2A,bd6006597f.jpg,0.8160214705237344,0.310444
B2A,bd6261963a.jpg,0.7895576201217351,0.33865833
B2A,bd6550715b.jpg,0.7720503074412781,0.46457815
B2A,bd6902ee43.jpg,0.7754929527312084,0.38447472
B2A,bd6a7ec51e.jpg,0.5319912557002924,0.4591371
B2A,bd7003b6b6.jpg,0.7396598072071537,0.2938961
B2A,bd76d694d4.jpg,0.7245799061878796,0.45156145
B2A,bd7e521e90.jpg,0.9285822173890841,0.22199653
B2A,bd7e852fb1.jpg,0.6064777975389077,0.42577487
B2A,bd81e32444.jpg,0.7803740138806522,0.5039301
B2A,bd856bd7d2.jpg,0.8573863589556219,0.24796766
B2A,bd9dbd110c.jpg,0.7198765641018795,0.33989275
B2A,bda011a946.jpg,0.9292540252746772,0.16384622
B2A,bda7612626.jpg,0.6413223323668806,0.62654734
B2A,bda7b5b92a.jpg,0.8308565817163124,0.36112797
B2A,bda920ef3a.jpg,0.7717189784978113,0.5126858
B2A,bdb71b5252.jpg,0.8199620830948078,0.3434791
B2A,bdb764be42.jpg,0.6294914855182633,0.70621586
B2A,bdb80159b3.jpg,0.8525567778632672,0.35394984
B2A,bdcfea4c8d.jpg,0.6627768641906862,0.28652123
B2A,bdd2bc2e77.jpg,0.8991840180055876,0.23836374
B2A,bdd6cb73e5.jpg,0.7110206950042179,0.32293227
B2A,bde2a9e1fa.jpg,0.9273922104957294,0.29828042
B2A,bdf3d3a8e5.jpg,0.8400448778764411,0.281685
B2A,bdf8b0c5ad.jpg,0.8429294302355321,0.31548533
B2A,be0140dde6.jpg,0.7806536833294202,0.5279672
B2A,be17aa711c.jpg,0.6127174287378641,0.37827632
B2A,be19b2eac9.jpg,0.7890710086421412,0.46659574
B2A,be307d9b2d.jpg,0.781105480742999,0.27753937
B2A,be30ee9635.jpg,0.8727939074114976,0.2781255
B2A,be58cca5c2.jpg,0.6424039519777958,0.53346497
B2A,be5a727d8a.jpg,0.5803602944295455,0.5140813
B2A,be5e1ffaf7.jpg,0.8973953001594213,0.19604786
B2A,be66a96894.jpg,0.9301265806225586,0.18854256
B2A,be6d9981a3.jpg,0.8848345836887113,0.1346155
B2A,be74caa0c9.jpg,0.4738218537827646,0.76155484
B2A,be76e135d1.jpg,0.6919258000324606,0.59972703
B2A,be7c00594f.jpg,0.8434365786667596,0.3176409
B2A,be8015beea.jpg,0.8286473547497814,0.40636623
B2A,be87bba931.jpg,0.6768707048569044,0.560577
B2A,be9710f956.jpg,0.7769976117629575,0.68770295
B2A,beb00f6bd4.jpg,0.7931130467172224,0.30489126
B2A,beb8830662.jpg,0.8596174275231021,0.16089173
B2A,bebbb8b76e.jpg,0.9160577856014354,0.16072118
B2A,bec2bc2d65.jpg,0.9300995407448297,0.28512114
B2A,bec49b01dd.jpg,0.6883837625624153,0.43139526
B2A,bec4efcf0e.jpg,0.7440997345399982,0.3096996
B2A,becea1ec0d.jpg,0.8410648870384073,0.30528098
B2A,bed5847c27.jpg,0.6701365186908479,0.6372903
B2A,bed803c046.jpg,0.7370633890464596,0.6545767
B2A,bedb0b8e17.jpg,0.7752915170395136,0.24964046
B2A,bee0d00197.jpg,0.5817208219212601,0.48529494
B2A,bee8605fcd.jpg,0.8595685795932528,0.26743823
B2A,bee867c967.jpg,0.5803769576795406,0.54674995
B2A,beebd3d7ff.jpg,0.8318425158258691,0.23827586
B2A,beec4e482c.jpg,0.7328234397610459,0.2031577
B2A,bf07ab5c4a.jpg,0.7956730440248639,0.48369837
B2A,bf0e0a58a4.jpg,0.5397817520674864,0.6532891
B2A,bf2216d133.jpg,0.7929017317802625,0.26298374
B2A,bf28de635c.jpg,0.7768894689363016,0.36075398
B2A,bf36a527ab.jpg,0.7423156928013617,0.4007543
B2A,bf3ece26c1.jpg,0.6099178288852432,0.61292124
B2A,bf6062190e.jpg,0.6677164515848545,0.6521149
B2A,bf61f9adb1.jpg,0.8491233360274723,0.29437453
B2A,bf6ed52f2c.jpg,0.8956575626971822,0.19192618
B2A,bf72b298bc.jpg,0.7089975174306214,0.49099633
B2A,bf7b0e4b1f.jpg,0.7213607013166347,0.4792094
B2A,bf8f3d28ae.jpg,0.776337074864834,0.31593215
B2A,bf918a456c.jpg,0.7483887737222353,0.46247333
B2A,bf94cca435.jpg,0.780184190747796,0.4005832
B2A,bf964262b6.jpg,0.7252546629680633,0.60547197
B2A,bfc6144838.jpg,0.895059397018861,0.28398582
B2A,bfc622bb44.jpg,0.9298951695776932,0.26502857
B2A,c006c643f8.jpg,0.8990820413579325,0.23111057
B2A,c009f9904a.jpg,0.7514028745955784,0.52246004
B2A,c013680118.jpg,0.7275173685967415,0.3822403
B2A,c015570ab7.jpg,0.586321984849884,0.62973595
B2A,c017fac753.jpg,0.7587510340252596,0.45248085
B2A,c018d5dbf7.jpg,0.8469911243899882,0.3291063
B2A,c0287a48f4.jpg,0.7908226396448255,0.29239255
B2A,c02e89c4d3.jpg,0.7800904751655108,0.3544263
B2A,c0301eeaaf.jpg,0.7852840190266633,0.5066756
B2A,c031d1622c.jpg,0.7287003371129347,0.39130497
B2A,c03cf43784.jpg,0.8277084373254574,0.34238204
B2A,c0511e5414.jpg,0.6811289505724449,0.42751864
B2A,c06ff30cd5.jpg,0.9135452822365678,0.22368294
B2A,c0757c90f9.jpg,0.8603190522526558,0.30958125
B2A,c081f34667.jpg,0.8051030683616006,0.22943944
B2A,c0876f3b2b.jpg,0.8723541489737477,0.249239
B2A,c08ee1f5aa.jpg,0.8069022003597673,0.43174934
B2A,c09421b98c.jpg,0.8101179526275654,0.352555
B2A,c09cd67282.jpg,0.7958069126419769,0.17066862
B2A,c0a3fb3571.jpg,0.9245733662208308,0.16190597
B2A,c0a72ce31e.jpg,0.8873161940867338,0.30537727
B2A,c0b55c941e.jpg,0.7904046965538866,0.2912329
B2A,c0b977acfb.jpg,0.8183151418063241,0.2925222
B2A,c0be01b9c9.jpg,0.7853765834758296,0.52992064
B2A,c0c0e3575b.jpg,0.8502036904180909,0.19898179
B2A,c0e7dfa5ed.jpg,0.6803381806950585,0.44407254
B2A,c0f19d6031.jpg,0.8050245080604561,0.3957664
B2A,c0fe7fd0a7.jpg,0.6703167935949575,0.4357982
B2A,c10183721e.jpg,0.7822199061266061,0.305418
B2A,c1114abb60.jpg,0.8549024915448064,0.36340073
B2A,c123f051ca.jpg,0.7325071782696547,0.51504695
B2A,c125e1a1f6.jpg,0.7032584136242902,0.3825488
B2A,c1294c7cd9.jpg,0.8169752242481423,0.23478173
B2A,c12c1c978e.jpg,0.7303827688340648,0.52221805
B2A,c12e14b962.jpg,0.7627975053187618,0.3697884
B2A,c1339587e8.jpg,0.7665575459787606,0.40166795
B2A,c137e13300.jpg,0.8784961529637689,0.4251303
B2A,c14426ebfc.jpg,0.7816193272464659,0.32141352
B2A,c15a72a99a.jpg,0.8936654165318028,0.23096266
B2A,c16ed7863f.jpg,0.7471206146036077,0.38893673
B2A,c190aa34f8.jpg,0.9509933800347037,0.39190847
B2A,c19312ad74.jpg,0.7415144833057243,0.4461029
B2A,c1972547d1.jpg,0.862208086378461,0.18752122
B2A,c1a8c428f6.jpg,0.7844284857285216,0.54000926
B2A,c1b1ad3d68.jpg,0.716393740415788,0.44577935
B2A,c1b2b47959.jpg,0.722346754730999,0.2612065
B2A,c1b7f78159.jpg,0.7293894844522862,0.44949925
B2A,c1c634b4eb.jpg,0.8538558227144718,0.19913483
B2A,c1d0fe9abe.jpg,0.7826902783341622,0.37307
B2A,c1d5a31a74.jpg,0.6108132934783815,0.38096476
B2A,c1e5b119c4.jpg,0.7694301877756387,0.32442188
B2A,c1f932fee3.jpg,0.9111664676517521,0.28395757
B2A,c1f9da41e1.jpg,0.866827810843179,0.30322486
B2A,c1fb81bcfa.jpg,0.7718541707809824,0.44471076
B2A,c2266bed41.jpg,0.8686753147539789,0.59083426
B2A,c2307e363e.jpg,0.8091395348828075,0.3785969
B2A,c236cbe5eb.jpg,0.8266122443441003,0.4623926
B2A,c236d99e18.jpg,0.848682610705573,0.28416044
B2A,c23e040ff8.jpg,0.8250527129157325,0.52001387
B2A,c2607646ad.jpg,0.9599977009680679,0.24165858
B2A,c262fe08f9.jpg,0.8757221439918141,0.23977111
B2A,c2656884dd.jpg,0.8940580865387705,0.26744252
B2A,c26e1a3dea.jpg,0.8867018264485149,0.33251518
B2A,c2708f8a47.jpg,0.7803583434813046,0.32476026
B2A,c27ca11d75.jpg,0.6812233820117848,0.5072259
B2A,c280ccdd9b.jpg,0.910420270872954,0.21555464
B2A,c284ce5f6f.jpg,0.7100068082014576,0.38712108
B2A,c2869dc39f.jpg,0.7354076460082724,0.3847884
B2A,c287068c8b.jpg,0.8831409205291033,0.23209779
B2A,c29a81a99d.jpg,0.7643631665121692,0.43901992
B2A,c2acbc2675.jpg,0.8244139610278567,0.4080802
B2A,c2b79f204d.jpg,0.7078524542622403,0.5527832
B2A,c2c2cd230b.jpg,0.6868290952302972,0.5157582
B2A,c2d01b1977.jpg,0.813904162541868,0.5266871
B2A,c2d909e551.jpg,0.8300185443084418,0.28859928
B2A,c2dfec8e9a.jpg,0.8262862620351104,0.3886397
B2A,c2e0f637ed.jpg,0.8221524574358304,0.27918074
B2A,c2f49209fa.jpg,0.6674616902032424,0.53658855
B2A,c2fe4fa436.jpg,0.9085090944827844,0.2007806
B2A,c303744625.jpg,0.8882535840150274,0.28397542
B2A,c315adb658.jpg,0.8592240222442824,0.5410797
B2A,c31cad8dc1.jpg,0.8462913157744486,0.2804455
B2A,c329a43ef8.jpg,0.7170535486390954,0.3647517
B2A,c362a50b71.jpg,0.8966595996779191,0.32423407
B2A,c36ee485ab.jpg,0.7827368681960635,0.39714497
B2A,c373467807.jpg,0.9246188830366815,0.1734437
B2A,c37e6749d1.jpg,0.7659978684902263,0.37482756
B2A,c38cd66489.jpg,0.9220968283965333,0.190162
B2A,c398543807.jpg,0.7958174829601701,0.44943073
B2A,c39ac686c7.jpg,0.7759419152528858,0.20502423
B2A,c3ae8d9885.jpg,0.7062354618070337,0.42327094
B2A,c3b0c7adb5.jpg,0.6871335673946112,0.6846427
B2A,c3b262e6c5.jpg,0.6414567712152872,0.5243711
B2A,c3b45ccdf0.jpg,0.7583266316115914,0.4364418
B2A,c3c8443027.jpg,0.8973809241327553,0.24573472
B2A,c3d7a24d73.jpg,0.9322486369751619,0.22908863
B2A,c3e565166e.jpg,0.8772618668973148,0.3018859
B2A,c3e6b45f00.jpg,0.7808114955071878,0.31254852
B2A,c3f82846fa.jpg,0.8762083368574686,0.39545393
B2A,c40157edb5.jpg,0.8062021113957651,0.42346615
B2A,c419f70dc7.jpg,0.8833278208091335,0.3023242
B2A,c41d11bc49.jpg,0.7142723259581312,0.22962314
B2A,c428c52f81.jpg,0.6384952656151784,0.46422133
B2A,c456016d2d.jpg,0.8661789782198392,0.29624486
B2A,c458ed7411.jpg,0.8623231814274357,0.35721537
B2A,c45ddef2b3.jpg,0.9489610043446597,0.4420467
B2A,c46fcd1a80.jpg,0.6947238097255527,0.4682501
B2A,c470eb30ef.jpg,0.8431644481105648,0.29463026
B2A,c47e602b0b.jpg,0.824749449400181,0.36952826
B2A,c47e788e86.jpg,0.8682573028537504,0.3261656
B2A,c4808eb22d.jpg,0.8124590636354375,0.43427932
B2A,c48dd873be.jpg,0.9476580899233668,0.28509063
B2A,c4bdcb6dd9.jpg,0.8920343379718358,0.23813614
B2A,c4c39ac3f9.jpg,0.6139942603362514,0.36722988
B2A,c4ced9cad1.jpg,0.8500657684802073,0.26540723
B2A,c4d6a7c8a9.jpg,0.8327409592919014,0.31421083
B2A,c4d73047e1.jpg,0.8811350220489852,0.3323903
B2A,c4d8884b3c.jpg,0.872763606724402,0.25682712
B2A,c4d8c03cf8.jpg,0.8671947058500488,0.20923528
B2A,c4d9fbfb1f.jpg,0.7817626529941857,0.4718691
B2A,c4db21f52d.jpg,0.8449700512327043,0.24382877
B2A,c4e15cdce1.jpg,0.8747612003169012,0.35187227
B2A,c4e6130960.jpg,0.6824897732172565,0.6511822
B2A,c4f7170246.jpg,0.7683024683689447,0.5338064
B2A,c4fd20f2ce.jpg,0.7871575312271568,0.45067185
B2A,c50547f5fc.jpg,0.7267121089996315,0.574553
B2A,c50837aa54.jpg,0.7450357582406213,0.4028972
B2A,c52044fdd2.jpg,0.8662495097068972,0.42290226
B2A,c524c49931.jpg,0.8504776146981969,0.27204272
B2A,c525d82983.jpg,0.7214530653671946,0.3082077
B2A,c525dc1668.jpg,0.8467481778676534,0.5579226
B2A,c526e4cab7.jpg,0.8757477374251817,0.18593673
B2A,c52cb8c926.jpg,0.8381108541702823,0.3031872
B2A,c531391a54.jpg,0.6078341953132844,0.34989086
B2A,c5440d3858.jpg,0.8867148916578805,0.23816377
B2A,c5496898d9.jpg,0.7286013534620505,0.44507495
B2A,c54c5368af.jpg,0.7507746605337607,0.34969005
B2A,c5656a3bc2.jpg,0.7731406944631191,0.3571542
B2A,c570a774e2.jpg,0.8177850252251763,0.1924752
B2A,c57cb4cc7d.jpg,0.7170304316354619,0.46310103
B2A,c57ecc2387.jpg,0.8739667753091748,0.26761806
B2A,c58fea646b.jpg,0.7971222422953191,0.307504
B2A,c5921d07d4.jpg,0.8052711228611238,0.45491776
B2A,c595a52c39.jpg,0.7068706238704301,0.26262558
B2A,c598a0b020.jpg,0.7641919081004593,0.50448483
B2A,c59d7d374c.jpg,0.8509043768989659,0.42406338
B2A,c5a2b9c91c.jpg,0.8050763343596199,0.24064416
B2A,c5acb37086.jpg,0.8727074099658912,0.29283887
B2A,c5b7abcf1a.jpg,0.6155010066156121,0.5622775
B2A,c5c1ce91be.jpg,0.776473827815387,0.49562055
B2A,c5c637557c.jpg,0.8343041878541527,0.39592016
B2A,c5df072a87.jpg,0.8813694598816396,0.27388263
B2A,c5e14d505f.jpg,0.8256411628557933,0.33953133
B2A,c5e6a04538.jpg,0.882446481765057,0.27199608
B2A,c5ec21dc91.jpg,0.7931329973828152,0.32877228
B2A,c5edeee0c7.jpg,0.8429719667792479,0.32960236
B2A,c5f84dbc49.jpg,0.7854387694214728,0.16675091
B2A,c6023eafa9.jpg,0.8610375554743488,0.25974503
B2A,c602fe2139.jpg,0.8467096451928335,0.40094066
B2A,c60ce9a7c7.jpg,0.9111924493331072,0.3984961
B2A,c6145ae196.jpg,0.7363083872986266,0.4221266
B2A,c61687bbf7.jpg,0.7996534196189174,0.37688595
B2A,c61c78d0ca.jpg,0.7186731887849406,0.4007339
B2A,c62219be8a.jpg,0.6947358093673964,0.35252765
B2A,c63612e996.jpg,0.8036853540691407,0.46179876
B2A,c6500baba8.jpg,0.7200766421054388,0.4554713
B2A,c65d66d192.jpg,0.9391556455608959,0.19425172
B2A,c6677c412d.jpg,0.8921593910676534,0.2471165
B2A,c673cb8573.jpg,0.7963557604310059,0.4977227
B2A,c67451f208.jpg,0.8057077897876742,0.36208817
B2A,c68341c3b7.jpg,0.6867844975282655,0.40462065
B2A,c686b36f96.jpg,0.8859655034644306,0.20485082
B2A,c6881f63ec.jpg,0.7034167669901878,0.41406414
B2A,c6a2fbabf7.jpg,0.7999409956061132,0.29539824
B2A,c6a4a9aeb2.jpg,0.7602868241378151,0.35643417
B2A,c6a58d81ef.jpg,0.8742075722449822,0.34158415
B2A,c6ad8bd40d.jpg,0.7596513666342776,0.465833
B2A,c6aea7cf4f.jpg,0.8371288701576322,0.33224577
B2A,c6af326883.jpg,0.8101863314669765,0.26399153
B2A,c6b10318be.jpg,0.7760642261982937,0.42576823
B2A,c6c4b33994.jpg,0.8308426885627725,0.52105147
B2A,c6d9ef38ee.jpg,0.7594338132014928,0.2328942
B2A,c6e35b7a8e.jpg,0.7980911894482741,0.5197166
B2A,c6f400cade.jpg,0.8070961414822397,0.31746644
B2A,c6f871bb47.jpg,0.7993730159396344,0.46192718
B2A,c7043864d2.jpg,0.6368401530769905,0.5872509
B2A,c72720ffb0.jpg,0.6204254138027143,0.50176454
B2A,c736950d4e.jpg,0.6565316067817091,0.4253874
B2A,c7380a0fa2.jpg,0.7255286591636404,0.3774836
B2A,c73d060b7f.jpg,0.9142253589899938,0.2130123
B2A,c7427a066e.jpg,0.8570517695422262,0.23286784
B2A,c74314fb5c.jpg,0.6462458739537075,0.30740887
B2A,c748dcc2c7.jpg,0.9324268291977208,0.3087717
B2A,c74ae24a89.jpg,0.7405177762418834,0.44705674
B2A,c7608e5539.jpg,0.6023762330659576,0.35407162
B2A,c7622b657d.jpg,0.5233425653496008,0.77908814
B2A,c76acdaaa5.jpg,0.9483087434154096,0.29519802
B2A,c7736d8864.jpg,0.7930621453212855,0.28540972
B2A,c7736e2c50.jpg,0.7991415465202157,0.29947644
B2A,c77ecc882a.jpg,0.8367383879981297,0.28530955
B2A,c78308fb1e.jpg,0.6114314052232608,0.3446519
B2A,c7880ba0c2.jpg,0.6975290064110746,0.39546978
B2A,c788baf225.jpg,0.7026518200987595,0.41454366
B2A,c78a6e867e.jpg,0.7557036635804666,0.17000818
B2A,c78bc2db57.jpg,0.8243921965252688,0.36732483
B2A,c793220e43.jpg,0.8362687417101241,0.3184923
B2A,c7bf31ca58.jpg,0.7026775622321375,0.43101048
B2A,c7cc509a06.jpg,0.8105038868762134,0.44006163
B2A,c7d0dc1d10.jpg,0.6169329278235788,0.5060906
B2A,c7eaf9c07a.jpg,0.9180108645465751,0.31627935
B2A,c7f524e16e.jpg,0.6418001706004774,0.47456208
B2A,c7f9e63db6.jpg,0.8144494012273548,0.4990732
B2A,c80007786e.jpg,0.571142398784946,0.70561475
B2A,c81299eae0.jpg,0.8108967132722114,0.40098137
B2A,c8185b191d.jpg,0.727878468515107,0.30318916
B2A,c81b6373f2.jpg,0.6717794212736949,0.5339689
B2A,c81c856677.jpg,0.8151641516354612,0.35453796
B2A,c82080c8de.jpg,0.6200778879378173,0.47379214
B2A,c82b51e41e.jpg,0.6600305163276755,0.51263
B2A,c840700a72.jpg,0.7699746451134096,0.17932203
B2A,c84627330d.jpg,0.8600395751440089,0.23753062
B2A,c84660744f.jpg,0.7739529557725409,0.40367955
B2A,c851e6f6e0.jpg,0.8209077932562974,0.26041925
B2A,c8549dd38b.jpg,0.6261719132597986,0.4729246
B2A,c86587b1e8.jpg,0.6346274349943181,0.5045809
B2A,c8694cefc7.jpg,0.8456476604746748,0.29966965
B2A,c86a62e6d2.jpg,0.8810611771387268,0.3622413
B2A,c86f9ec4f7.jpg,0.8485534018393186,0.3587916
B2A,c87264d97f.jpg,0.6020946668208769,0.56128
B2A,c88254adbe.jpg,0.8295670520989351,0.33971208
B2A,c882d8abac.jpg,0.7950878243191513,0.28612173
B2A,c8840a2e27.jpg,0.586714113153065,0.6336075
B2A,c889794bf7.jpg,0.7909042729827663,0.23242496
B2A,c891a570bb.jpg,0.8964318815154961,0.22916055
B2A,c893f6e167.jpg,0.8078515600252651,0.29444367
B2A,c898f3300d.jpg,0.8028762973182006,0.3166239
B2A,c89c107b5b.jpg,0.8352480729528615,0.22924879
B2A,c8a8274cb3.jpg,0.8188945413776041,0.3260686
B2A,c8a9cfa14c.jpg,0.802157943154894,0.5268636
B2A,c8baedacff.jpg,0.8477213862424645,0.23083675
B2A,c8bd9caef0.jpg,0.8290338349179358,0.30764145
B2A,c8c45ad5f1.jpg,0.7988168216409935,0.4906489
B2A,c8cb8e85e7.jpg,0.8015682923824891,0.46364582
B2A,c8d05086f2.jpg,0.7813415866522229,0.33185208
B2A,c8d6f98b20.jpg,0.8442568073185518,0.20011444
B2A,c8da3631bf.jpg,0.827145001030973,0.27475804
B2A,c8ea1e9ef3.jpg,0.6825448197278216,0.50639856
B2A,c8ed12953b.jpg,0.5991653054940359,0.4229706
B2A,c8f1b865ca.jpg,0.8125604960988443,0.44547197
B2A,c8f7e3f9ee.jpg,0.7247200397746839,0.4684474
B2A,c9020a4441.jpg,0.7337900301419341,0.5604853
B2A,c90b0c1ad5.jpg,0.8456937714569659,0.20692173
B2A,c91473f497.jpg,0.818347777326618,0.2284238
B2A,c91c752661.jpg,0.865170005073062,0.2040603
B2A,c925172e83.jpg,0.8608299172408391,0.21120025
B2A,c9347e1e7b.jpg,0.9127234550354468,0.30274764
B2A,c936589fe5.jpg,0.7093490210483684,0.36542434
B2A,c9377ac739.jpg,0.7467138288578635,0.4185423
B2A,c943d77639.jpg,0.7334709265877237,0.3756495
B2A,c950a3f6af.jpg,0.5935268888011161,0.4317789
B2A,c9596992ba.jpg,0.9163532054182177,0.27051955
B2A,c963de7b44.jpg,0.7768907044534789,0.43617657
B2A,c965459a49.jpg,0.8393305024996197,0.33494598
B2A,c9677c2983.jpg,0.626374360034463,0.5360682
B2A,c96ca42d91.jpg,0.6770250848646087,0.5808131
B2A,c974562e36.jpg,0.925031734440304,0.23847246
B2A,c97cfcba7e.jpg,0.6569950454158875,0.4514512
B2A,c9823e7ce1.jpg,0.7174758331694584,0.2861837
B2A,c983c41dd9.jpg,0.9032041653717424,0.20511326
B2A,c986b6924c.jpg,0.8877590221970093,0.32521576
B2A,c98a568b5d.jpg,0.681945387796483,0.54375917
B2A,c9aea3d9d6.jpg,0.8943210058848717,0.25436705
B2A,c9afde6424.jpg,0.8953269580111999,0.3157273
B2A,c9bca1b8ea.jpg,0.8366882949304562,0.2460137
B2A,c9bdf7e5df.jpg,0.7076430243236708,0.51749164
B2A,c9c007ddc3.jpg,0.8446024067612291,0.40991247
B2A,c9c6d6eb3a.jpg,0.7087597267671778,0.36304644
B2A,c9cba4bd0e.jpg,0.7439913437757321,0.39121434
B2A,c9d20d84df.jpg,0.7699245832306022,0.27457196
B2A,c9d61587a2.jpg,0.9268313738366168,0.17533989
B2A,c9e242367f.jpg,0.8923038594156609,0.22464526
B2A,c9e589eb2d.jpg,0.8352864589897618,0.36066523
B2A,c9ff68f5a2.jpg,0.7021362446292936,0.48975077
B2A,ca048034a1.jpg,0.6029337831128313,0.44183707
B2A,ca1c1e0ab4.jpg,0.6978685510154968,0.41051722
B2A,ca2d56ade5.jpg,0.8352289264149572,0.24296361
B2A,ca350be337.jpg,0.6734032950035728,0.51418966
B2A,ca386d38d2.jpg,0.8435901612659469,0.5124923
B2A,ca4170de40.jpg,0.8795451197479782,0.31841856
B2A,ca4a5b1d15.jpg,0.8717353019615269,0.40015966
B2A,ca6254d8af.jpg,0.844720864898979,0.2416884
B2A,ca62c55ebe.jpg,0.7606146788321262,0.36685598
B2A,ca66e77e70.jpg,0.5129570596388174,0.2572131
B2A,ca6833900f.jpg,0.727418286898532,0.25645766
B2A,ca772b116e.jpg,0.7396164321596999,0.3685429
B2A,ca7b9ae1dd.jpg,0.8576929333668203,0.37015426
B2A,ca7ef68a39.jpg,0.6981051035265828,0.28886294
B2A,ca989796e8.jpg,0.7458564096027381,0.3626833
B2A,caa1dcc886.jpg,0.8690288111152165,0.28191972
B2A,caa6d72fa5.jpg,0.6703727274317409,0.30436024
B2A,cac056399a.jpg,0.7769409951336422,0.42064857
B2A,cac112db80.jpg,0.7909116693228488,0.3073829
B2A,cacfe238bb.jpg,0.8131791025604169,0.22495088
B2A,cae6f0d5e8.jpg,0.8440305630702009,0.46845922
B2A,caf18820a4.jpg,0.8703501423458024,0.12429682
B2A,cafbfecee1.jpg,0.7196937479105625,0.4262765
B2A,cafe98985e.jpg,0.883921721567558,0.20991042
B2A,caff162d50.jpg,0.9097422431655766,0.22116463
B2A,cb07b1bb83.jpg,0.803889097045507,0.40819275
B2A,cb09a699d1.jpg,0.8290001379326729,0.372229
B2A,cb0fc9a127.jpg,0.7049123397234207,0.63345426
B2A,cb15285d36.jpg,0.7646474100806459,0.30692738
B2A,cb165748bf.jpg,0.7764329806257614,0.44390473
B2A,cb324a9122.jpg,0.6763122387843735,0.4981916
B2A,cb4aa83692.jpg,0.8480500811772976,0.2858203
B2A,cb706347dd.jpg,0.8010140020985765,0.33186316
B2A,cb767cd641.jpg,0.7751941101105415,0.51063794
B2A,cb845e6db5.jpg,0.8689131877298276,0.2838611
B2A,cb88754eed.jpg,0.8951874796841276,0.2010964
B2A,cb91ecbdda.jpg,0.6980808501551574,0.48819792
B2A,cb9d6af792.jpg,0.89282956181547,0.28742504
B2A,cb9dbaeffd.jpg,0.7713984338833162,0.36450344
B2A,cba38c093b.jpg,0.8128927207445199,0.34715107
B2A,cbafaf9b74.jpg,0.860923751692276,0.3018977
B2A,cbb6e14382.jpg,0.936655856849292,0.22661988
B2A,cbc4a88c49.jpg,0.9378559542616695,0.21142204
B2A,cbca2560a2.jpg,0.6683658131962257,0.288571
B2A,cbca377969.jpg,0.7905389008532551,0.36093676
B2A,cbcc092607.jpg,0.8282367456289905,0.3563972
B2A,cbd686ea00.jpg,0.6718586327392888,0.432029
B2A,cbdd08a030.jpg,0.9156815658003058,0.22740078
B2A,cbddae001d.jpg,0.7379469989155708,0.37858456
B2A,cbf582621e.jpg,0.7256289506603799,0.44175732
B2A,cbf635d566.jpg,0.8087909340629796,0.40173414
B2A,cbfb794656.jpg,0.6983779701786731,0.3501038
B2A,cc03a70f14.jpg,0.8424773820327517,0.24985334
B2A,cc0a0dab48.jpg,0.7105875657514424,0.44970062
B2A,cc27c5fa12.jpg,0.5583739943221226,0.44139487
B2A,cc37cc11a3.jpg,0.7311737858790608,0.38690794
B2A,cc397c87b0.jpg,0.9066805232149415,0.34772792
B2A,cc3d775c49.jpg,0.9048255355328307,0.16885719
B2A,cc46b14bbf.jpg,0.8481039981112779,0.23257834
B2A,cc47cfe509.jpg,0.7561726548449825,0.47408992
B2A,cc48975f1d.jpg,0.8888835411421768,0.3113802
B2A,cc4e40864c.jpg,0.8835466928359723,0.34368157
B2A,cc5078a63b.jpg,0.7089688670456664,0.67345744
B2A,cc57246e94.jpg,0.7994705933328635,0.5831002
B2A,cc5ba51fab.jpg,0.8876536324689622,0.37281826
B2A,cc5fa7dcc6.jpg,0.6669452565973231,0.50045025
B2A,cc700e2ff5.jpg,0.6270807715437169,0.6099453
B2A,cc701e6899.jpg,0.9073713244872117,0.31692645
B2A,cc74028fc2.jpg,0.6777520156904348,0.39387593
B2A,cc79011331.jpg,0.7842204334295486,0.23048747
B2A,cc85351248.jpg,0.8847069148772011,0.24040061
B2A,cc8ce9bce8.jpg,0.7532052713123141,0.38598502
B2A,cc8ea5c3ef.jpg,0.9444756355871247,0.28540468
B2A,cc9c7d2ee1.jpg,0.7674639157395852,0.37723306
B2A,cca944dbaa.jpg,0.7238062588033572,0.3072521
B2A,ccac22a865.jpg,0.6846366933294212,0.4499671
B2A,ccb1c281ea.jpg,0.8282431916289632,0.33279592
B2A,ccdae48f44.jpg,0.748833906203972,0.29305184
B2A,ccdb51d513.jpg,0.7261894999439306,0.28485772
B2A,cce7dc8ab2.jpg,0.8755628730753109,0.20237184
B2A,cceb177f89.jpg,0.8708760824589235,0.19003488
B2A,ccf03e66bc.jpg,0.7079466571357037,0.4844712
B2A,ccf1814c56.jpg,0.8562978611572347,0.29063404
B2A,cd002af052.jpg,0.6698241926681434,0.5165856
B2A,cd002f704d.jpg,0.758687987228017,0.3744109
B2A,cd06750eef.jpg,0.9077630202169638,0.2474167
B2A,cd06b978fe.jpg,0.890608192138578,0.26576966
B2A,cd093d4318.jpg,0.6776882283802016,0.5960563
B2A,cd0952c111.jpg,0.9189071502745368,0.23373558
B2A,cd1cb040fe.jpg,0.7710136476714514,0.5507403
B2A,cd303186fb.jpg,0.580200497533563,0.641104
B2A,cd34097029.jpg,0.6935446000828632,0.47877127
B2A,cd396d99a3.jpg,0.8262042196768961,0.33698255
B2A,cd3feb1181.jpg,0.6765679788275327,0.5533712
B2A,cd5d08f5be.jpg,0.7602082375936793,0.3930879
B2A,cd5e26b488.jpg,0.8786666150809354,0.33373672
B2A,cd697d2806.jpg,0.8537273529669678,0.28980625
B2A,cd6ebe93ba.jpg,0.7616248935689532,0.36521497
B2A,cd7c6b3be6.jpg,0.9189614433310135,0.26493958
B2A,cd805dd2c1.jpg,0.8419220327094544,0.40017408
B2A,cd813194f8.jpg,0.7126915918902849,0.52694243
B2A,cd8869c459.jpg,0.7128028215159539,0.31071198
B2A,cd8f124bd5.jpg,0.8121167166445975,0.30035883
B2A,cd909a57e7.jpg,0.6162880124717799,0.5067827
B2A,cd91b78ba2.jpg,0.7654670690307721,0.2147963
B2A,cd9d87bc3d.jpg,0.6503498064843684,0.35125682
B2A,cdb10fd47a.jpg,0.7065518424550046,0.4975903
B2A,cdb621d29d.jpg,0.7270895429630094,0.30358896
B2A,cdd0aedc77.jpg,0.778183274335044,0.47063273
B2A,cddb43b9e7.jpg,0.7767281197762242,0.48028663
B2A,cddc890db6.jpg,0.7031501936433745,0.4936288
B2A,cde8917c39.jpg,0.775104587130001,0.33652377
B2A,ce09815c9c.jpg,0.6767826950132578,0.52046293
B2A,ce107a12eb.jpg,0.8957992128667216,0.323011
B2A,ce15456147.jpg,0.7962893046310767,0.48265213
B2A,ce1740b144.jpg,0.7825408886324718,0.15934035
B2A,ce18e0a0f5.jpg,0.8775336468392725,0.47739017
B2A,ce2918591f.jpg,0.7672006637108933,0.24411635
B2A,ce2a521382.jpg,0.6558427890108783,0.37597308
B2A,ce4521380b.jpg,0.7326059467792061,0.69646865
B2A,ce4868171a.jpg,0.5770781464931054,0.54957765
B2A,ce4c59ff3a.jpg,0.873216358827344,0.2684854
B2A,ce55094dff.jpg,0.6439511734362451,0.5822465
B2A,ce56788f42.jpg,0.8408463238562776,0.2818613
B2A,ce5ac8d0da.jpg,0.8371812763280189,0.28824458
B2A,ce5b830de2.jpg,0.9010844509761669,0.17651746
B2A,ce5d913383.jpg,0.7529318239732983,0.4882349
B2A,ce6578f48a.jpg,0.9293895442418496,0.22090639
B2A,ce7a05feca.jpg,0.7677520100582023,0.4406136
B2A,ce83fda480.jpg,0.8119906451381991,0.367846
B2A,ce9872420a.jpg,0.6559894402078671,0.5787846
B2A,ce9998c68f.jpg,0.6621279174431269,0.43375173
B2A,cec03efc5b.jpg,0.7477917645226609,0.49624437
B2A,cec134e6c0.jpg,0.8728678099732731,0.2592117
B2A,ceca1f8fa9.jpg,0.601131151664333,0.43561906
B2A,ced29e1b27.jpg,0.9027783650611265,0.174975
B2A,ceed1c7fc6.jpg,0.9141302655873287,0.18681654
B2A,cefe679fa9.jpg,0.6587759653182707,0.2847537
B2A,cf019642a5.jpg,0.8717528857849283,0.32680643
B2A,cf02f9afe4.jpg,0.8014691373901912,0.36706161
B2A,cf137a4d6f.jpg,0.9106985839620746,0.18976681
B2A,cf1d695996.jpg,0.8495009626469044,0.31773645
B2A,cf32b9f4e9.jpg,0.7492464772707659,0.44641614
B2A,cf36c56c38.jpg,0.6992757396325286,0.45655504
B2A,cf38193966.jpg,0.8665655027591189,0.21609183
B2A,cf46e070e9.jpg,0.9349459325102544,0.38256338
B2A,cf476a1333.jpg,0.7066835893065647,0.5275805
B2A,cf510d8083.jpg,0.7452070380013402,0.5256576
B2A,cf5d68fd72.jpg,0.7151690889336723,0.32884935
B2A,cf6530e446.jpg,0.6671636687135816,0.4621166
B2A,cf6742d301.jpg,0.6973843430609004,0.5252155
B2A,cf8e66be82.jpg,0.8949921499160488,0.22355472
B2A,cfb3b9881d.jpg,0.667293476611598,0.51879525
B2A,cfbca208c3.jpg,0.7448954812798166,0.39467138
B2A,cfbcd9372b.jpg,0.860184156523431,0.29297662
B2A,cfc2bf0c47.jpg,0.7564748607669745,0.5488073
B2A,cfc6d4340f.jpg,0.556728518235177,0.7859245
B2A,cfd44c64b5.jpg,0.863565965951144,0.22109444
B2A,cfdaa19397.jpg,0.913423300302294,0.21671385
B2A,cfe8899a0a.jpg,0.8845674024126954,0.30289876
B2A,cff53a63a5.jpg,0.7168120642924031,0.389749
B2A,d003814d0e.jpg,0.7947075541300526,0.33841574
B2A,d00da2c9a6.jpg,0.7384013290365552,0.18467762
B2A,d01c505d6c.jpg,0.7779521342522444,0.48430952
B2A,d01ee012a8.jpg,0.7076938088963894,0.29742977
B2A,d03cc29634.jpg,0.8662353891719847,0.32475942
B2A,d03eda30db.jpg,0.7727104890829222,0.35900697
B2A,d053572af4.jpg,0.8475569281234815,0.30824596
B2A,d05f7b46c4.jpg,0.6281679394527881,0.54127294
B2A,d0765946b2.jpg,0.8622046129123162,0.26326668
B2A,d08cb8e751.jpg,0.8159962828247768,0.4104027
B2A,d09ad65e9a.jpg,0.7058988791020308,0.5503539
B2A,d0a1eed9dd.jpg,0.8399719907812996,0.30599934
B2A,d0b792d050.jpg,0.8814266238165162,0.35465726
B2A,d0be1cb49b.jpg,0.7985525433751135,0.28777927
B2A,d0bf5f6a79.jpg,0.868711202405199,0.3892087
B2A,d0c2bf5ee4.jpg,0.7727304981641571,0.3147822
B2A,d0c5001014.jpg,0.9074186257482958,0.21493761
B2A,d0cb3e02c5.jpg,0.8688537356496263,0.21424742
B2A,d0de1d07ab.jpg,0.7868932667497185,0.3535881
B2A,d0e02b3cca.jpg,0.7009579058869287,0.47332343
B2A,d0e5067af3.jpg,0.8324078809816705,0.42469725
B2A,d0eda9c6a2.jpg,0.7058138797103378,0.3957385
B2A,d0f878cc17.jpg,0.6005642247541996,0.5082868
B2A,d0ff4dbd71.jpg,0.7427267073272338,0.6086801
B2A,d1015b409e.jpg,0.7154181375738923,0.5485335
B2A,d104600dfb.jpg,0.812072470889106,0.37730765
B2A,d12a49b5f4.jpg,0.8758200936361207,0.22415411
B2A,d1340eb9e0.jpg,0.7913402158651955,0.4035169
B2A,d14363b745.jpg,0.8117686619410736,0.40540367
B2A,d146966f14.jpg,0.8294734012647476,0.25933987
B2A,d161e72471.jpg,0.7397977323128239,0.3248406
B2A,d169a63b7f.jpg,0.8453054414658361,0.34415984
B2A,d17d89d337.jpg,0.7926375743982723,0.4670598
B2A,d1879069e7.jpg,0.6479518983837952,0.5164338
B2A,d188b93438.jpg,0.7900176119266273,0.34520376
B2A,d188df6a22.jpg,0.5485308097583304,0.6477742
B2A,d1893ab238.jpg,0.821511477903549,0.28832793
B2A,d1a661c8da.jpg,0.7892633695230991,0.27688807
B2A,d1a6cb893d.jpg,0.6126336615162948,0.74656355
B2A,d1ad00d90c.jpg,0.659936189027106,0.5167983
B2A,d1e043b730.jpg,0.8608628346948154,0.27971396
B2A,d1e060bfb6.jpg,0.9163200891948218,0.22722208
B2A,d1e18d7e5b.jpg,0.5174259763471613,0.48212063
B2A,d1e6fbffd7.jpg,0.7577359999467282,0.3919875
B2A,d1f62310c3.jpg,0.7901819538977313,0.29880092
B2A,d225c560e6.jpg,0.8623895404248443,0.254901
B2A,d246393b8c.jpg,0.6511266019066335,0.4475842
B2A,d279169f0b.jpg,0.8054344846416521,0.36669797
B2A,d27b1e3c9b.jpg,0.8721431129642756,0.30899513
B2A,d2b5bc2fec.jpg,0.770758582235747,0.38070667
B2A,d2c6728caf.jpg,0.7977589923076668,0.4725212
B2A,d2d4d23be2.jpg,0.8653773613898231,0.42040443
B2A,d2db5c1d58.jpg,0.7451834263672656,0.5740867
B2A,d2e17623a7.jpg,0.5348815513149952,0.5032577
B2A,d2e6f685fd.jpg,0.753890361762584,0.43761382
B2A,d2e84b4d1e.jpg,0.7212373833744568,0.49702084
B2A,d2fc2edddc.jpg,0.8058003907476323,0.3062089
B2A,d314454c0e.jpg,0.9211410998061728,0.19391418
B2A,d314628676.jpg,0.8672887647192368,0.40784276
B2A,d3154830df.jpg,0.8410129781065109,0.44008946
B2A,d31a8ff3a5.jpg,0.764951721621074,0.31563807
B2A,d32205861f.jpg,0.7924850121327247,0.37353295
B2A,d3269848d4.jpg,0.8673836802218226,0.32021216
B2A,d3284f750d.jpg,0.7696022986736039,0.34776163
B2A,d32eb0c36c.jpg,0.846526387006638,0.32206148
B2A,d32ed2129f.jpg,0.8689421216377645,0.1879298
B2A,d33072a436.jpg,0.8111885438046621,0.27473283
B2A,d336c14238.jpg,0.8864060225715105,0.18514189
B2A,d3394edae8.jpg,0.7379164733329266,0.37153333
B2A,d33f9a1542.jpg,0.811360649612472,0.2565079
B2A,d35ae2cbae.jpg,0.7965683655764463,0.5379368
B2A,d35bc5d14a.jpg,0.8115332843183826,0.47673067
B2A,d3650f6c75.jpg,0.8721404473406018,0.28733993
B2A,d3703e6c9e.jpg,0.8726263002927246,0.19915846
B2A,d37045ad87.jpg,0.734708670865384,0.36070484
B2A,d37e5269d1.jpg,0.96429740879707,0.20543495
B2A,d38aea73cd.jpg,0.8188334709985219,0.31526685
B2A,d38b20fe5c.jpg,0.6911685607913437,0.550007
B2A,d3930d44de.jpg,0.6248994642615638,0.68803734
B2A,d3957c616c.jpg,0.7168171746368291,0.35724232
B2A,d39869db76.jpg,0.8481575203729874,0.35415584
B2A,d3a25f9804.jpg,0.6463109786481089,0.4168713
B2A,d3aab5add0.jpg,0.8673638789414282,0.31631944
B2A,d3b6567912.jpg,0.8466331593951624,0.41608045
B2A,d3c463dd3b.jpg,0.7495633714138387,0.45228335
B2A,d3c57387ec.jpg,0.4851563645487099,0.4913252
B2A,d3f0e309e0.jpg,0.9023321671842609,0.21365215
B2A,d3f0f026a8.jpg,0.6117221797424028,0.48362446
B2A,d3f2a0bb2c.jpg,0.7063019695126022,0.2681743
B2A,d3f454681f.jpg,0.7985868504706447,0.34808433
B2A,d3f696828f.jpg,0.7816058037724505,0.3154338
B2A,d3ff9bca9e.jpg,0.6666674218037669,0.2973467
B2A,d415017bc2.jpg,0.8324430803015058,0.37070498
B2A,d418ba98f8.jpg,0.7210776103191409,0.4932827
B2A,d41cc915ff.jpg,0.8435070208599958,0.3948905
B2A,d42372229a.jpg,0.7256620279126483,0.41213524
B2A,d42f03cd81.jpg,0.7845903167882571,0.37313625
B2A,d42f6d7652.jpg,0.88008336046453,0.35799053
B2A,d4471a4a4e.jpg,0.7288493773769358,0.5362546
B2A,d44857998f.jpg,0.865214232914067,0.44680646
B2A,d4689bd3d9.jpg,0.8672080489227585,0.21723856
B2A,d47b4da779.jpg,0.8320369804516462,0.32298747
B2A,d4844e2dad.jpg,0.851616363541442,0.27715003
B2A,d48a2d6bfd.jpg,0.862781699340052,0.22275567
B2A,d48b8bf03a.jpg,0.8414394488908757,0.68540287
B2A,d492ae08d5.jpg,0.9068632354506124,0.47612807
B2A,d498591082.jpg,0.8028147741041305,0.4178793
B2A,d4a71919e4.jpg,0.7856173660742006,0.56429577
B2A,d4bb813fdc.jpg,0.8352288835300185,0.30601633
B2A,d4c215c09e.jpg,0.811985790986069,0.32424858
B2A,d4c2eb38da.jpg,0.5412057376928661,0.6396017
B2A,d4cbd9c9b0.jpg,0.8645936812871955,0.5353367
B2A,d4cdb47bdf.jpg,0.7350193735575969,0.3212915
B2A,d4ce5e251f.jpg,0.8168734024761687,0.17389935
B2A,d4d578acf5.jpg,0.6639225296318845,0.35046256
B2A,d4dbddb77b.jpg,0.871850478412644,0.19970617
B2A,d4de7602c5.jpg,0.8834495605318127,0.24710959
B2A,d4dee83e40.jpg,0.8808475319240293,0.30025074
B2A,d4e9f0b0ce.jpg,0.8742809731433895,0.19482471
B2A,d4f60f4701.jpg,0.6624663186326624,0.5175764
B2A,d4f9dfa248.jpg,0.890922614484809,0.26146623
B2A,d509c85ae9.jpg,0.8556156245556976,0.22162299
B2A,d5111e3439.jpg,0.9169803596249126,0.23731878
B2A,d52dea5485.jpg,0.9063186266680002,0.22919197
B2A,d532d31ce9.jpg,0.7557509493236008,0.37521875
B2A,d53b1a61cc.jpg,0.8121155972945352,0.35323858
B2A,d53c1a6896.jpg,0.8172099517689676,0.48981062
B2A,d53c658d5d.jpg,0.8714614336493728,0.18578349
B2A,d549b4831b.jpg,0.8937841434942009,0.27069283
B2A,d5568c935b.jpg,0.902174334100247,0.18103369
B2A,d565375662.jpg,0.6784504811005514,0.28562787
B2A,d5672156cb.jpg,0.6998555788602501,0.39563334
B2A,d5687d4334.jpg,0.5482963458820477,0.56091475
B2A,d573bdf312.jpg,0.928374479799177,0.3419441
B2A,d587e73d3c.jpg,0.5146133184597268,0.30655572
B2A,d58ae30774.jpg,0.582256049128255,0.33810246
B2A,d59e1972e6.jpg,0.6435333645211369,0.38175014
B2A,d5a509f069.jpg,0.5933089954060834,0.51108325
B2A,d5a787ca7f.jpg,0.865916763920099,0.3279991
B2A,d5bdd46e8e.jpg,0.6757878606348524,0.30306995
B2A,d5c5f591ab.jpg,0.6950171461734667,0.49913836
B2A,d5c7781f64.jpg,0.8354925566563592,0.29430234
B2A,d5d2fad470.jpg,0.8465185481525492,0.29556942
B2A,d5d5790444.jpg,0.8829306533145185,0.23188122
B2A,d5d6b091be.jpg,0.8478602751529049,0.38192758
B2A,d5df90dea4.jpg,0.8997138028745356,0.30480307
B2A,d5f266c340.jpg,0.6392144937064964,0.65601933
B2A,d5f3633c07.jpg,0.8144466589657777,0.31690943
B2A,d5fa8c4e07.jpg,0.8464407623657456,0.47767204
B2A,d5fd16b1ae.jpg,0.8495295924599561,0.3731129
B2A,d604fa140f.jpg,0.6701308824756775,0.64986324
B2A,d6086a2b97.jpg,0.8547149611535622,0.2554853
B2A,d615a2ad47.jpg,0.7507156067107853,0.1963312
B2A,d62a9671f5.jpg,0.8134308457453446,0.19220972
B2A,d62e9d07dd.jpg,0.8098770043041595,0.44772258
B2A,d62eeaccb0.jpg,0.9344120803570547,0.25007007
B2A,d63d194a4d.jpg,0.7042994814702057,0.6241838
B2A,d64608c4e4.jpg,0.6049118761059576,0.43867636
B2A,d6485b0368.jpg,0.8550113273406064,0.2640235
B2A,d665568cdf.jpg,0.8243929714394258,0.5051162
B2A,d6711262bf.jpg,0.843185591362867,0.28923732
B2A,d696cf4eaf.jpg,0.8596225753368614,0.4233342
B2A,d6970035e5.jpg,0.6417646802355048,0.18417314
B2A,d6a2175011.jpg,0.7482689489553744,0.32279128
B2A,d6a72784ba.jpg,0.7347069831279777,0.5078271
B2A,d6ae4d6c30.jpg,0.712608940413695,0.3930135
B2A,d6b0733797.jpg,0.9117438844487966,0.31846735
B2A,d6c5343b4f.jpg,0.9515793886768379,0.31592628
B2A,d6d5bf2fc2.jpg,0.7900169366940903,0.378975
B2A,d6d97e039e.jpg,0.6424445900412533,0.53539544
B2A,d6da10b7f5.jpg,0.8502836678505656,0.32048103
B2A,d6dcf25188.jpg,0.8228122649084814,0.22100295
B2A,d6e30ab5d6.jpg,0.8485576324749302,0.27724752
B2A,d6ec137527.jpg,0.8325248577194264,0.20081699
B2A,d6ffd07557.jpg,0.7218726589682586,0.33905485
B2A,d710d55142.jpg,0.9178720822899795,0.28805077
B2A,d711d39160.jpg,0.7406958378404822,0.40350354
B2A,d725fc1f6c.jpg,0.8070761854915857,0.3957432
B2A,d735b2e3ba.jpg,0.7334080588973417,0.40564984
B2A,d73677d70a.jpg,0.8541047380741195,0.36967546
B2A,d74102274f.jpg,0.6795916977979721,0.59466183
B2A,d744753df3.jpg,0.9378340907796188,0.25856715
B2A,d750bc223e.jpg,0.7836386304987106,0.43284172
B2A,d768b070fb.jpg,0.6066912244328831,0.54578245
B2A,d76a286580.jpg,0.8149975103493917,0.31808847
B2A,d77588d82a.jpg,0.7747867016367436,0.26068082
B2A,d780fc984e.jpg,0.8858775005129947,0.5649258
B2A,d782a6d8c3.jpg,0.899103388553275,0.21777551
B2A,d782a9909e.jpg,0.5483598895680337,0.5889827
B2A,d7931ef243.jpg,0.8720476313550167,0.28107807
B2A,d796721fb5.jpg,0.8003654645416365,0.29046488
B2A,d7a476f83c.jpg,0.7817656296809037,0.4306499
B2A,d7a5cd28b6.jpg,0.7616843908948701,0.4514137
B2A,d7a7a0f511.jpg,0.80401120735329,0.41441455
B2A,d7a88b2a80.jpg,0.7240090132072374,0.34894872
B2A,d7aba83758.jpg,0.8263120629941182,0.18964207
B2A,d7b0822c4d.jpg,0.7157612021084176,0.4085027
B2A,d7ba967556.jpg,0.8711674147588739,0.28647935
B2A,d7c80f2f1c.jpg,0.699368937174229,0.38386673
B2A,d7d2dcd8cb.jpg,0.7827975857400553,0.22752346
B2A,d7db542422.jpg,0.8275815194060601,0.37914023
B2A,d7e12eb311.jpg,0.5603749808243249,0.48652336
B2A,d7e1b8775d.jpg,0.8346566927362863,0.3037574
B2A,d7e64f3b75.jpg,0.7138481784895702,0.55196077
B2A,d7e948b103.jpg,0.8917205284658998,0.2847709
B2A,d7f0767146.jpg,0.8947097543115188,0.21347736
B2A,d7f614f501.jpg,0.8493787757057247,0.35180885
B2A,d7f98bd210.jpg,0.6872918553792355,0.42943674
B2A,d7fa7571fb.jpg,0.9248573666459199,0.24505016
B2A,d7faed0983.jpg,0.9030464238820849,0.198933
B2A,d7fe5c1813.jpg,0.7979913333601762,0.4019037
B2A,d8071daab5.jpg,0.8847742304399085,0.2311211
B2A,d80d4c93de.jpg,0.7128310519869187,0.46944943
B2A,d8203958e4.jpg,0.9057190669051131,0.24347787
B2A,d828712765.jpg,0.7373658793595725,0.3708359
B2A,d829b461da.jpg,0.9266154206561188,0.2016193
B2A,d8352d8b46.jpg,0.8368177783786124,0.3002434
B2A,d83783faee.jpg,0.8869407063932332,0.22535303
B2A,d83b284745.jpg,0.8626852538068536,0.2850237
B2A,d84246da4d.jpg,0.8573460002896298,0.19126964
B2A,d842c67749.jpg,0.7577162849453082,0.55192924
B2A,d84eb83137.jpg,0.7128083978075204,0.30862215
B2A,d8520bbf71.jpg,0.7268612130287969,0.6331972
B2A,d860d82c66.jpg,0.6162790613290656,0.45116484
B2A,d86bcf2cb1.jpg,0.7200620487431488,0.61131674
B2A,d871a0f7d6.jpg,0.6740805077440105,0.40484676
B2A,d8733f7b37.jpg,0.8222811815405443,0.36430672
B2A,d88df3e4db.jpg,0.8842837211762794,0.28756815
B2A,d896bafc3a.jpg,0.662930203038352,0.44168934
B2A,d8a5d84b9c.jpg,0.8094423929254967,0.426788
B2A,d8a82e544c.jpg,0.8446576985913185,0.5453126
B2A,d8b5422831.jpg,0.6576226535189373,0.4749632
B2A,d8b89867b7.jpg,0.6468577305548202,0.5249553
B2A,d8e591ee2c.jpg,0.8195217464696184,0.22875123
B2A,d8f841bc79.jpg,0.7923809868660177,0.4164643
B2A,d8fbe8e68c.jpg,0.8088458596113861,0.378012
B2A,d9081260de.jpg,0.7584712374400304,0.45441306
B2A,d90bdfc690.jpg,0.7643518861733315,0.54552823
B2A,d910783d61.jpg,0.6135358394897074,0.4956839
B2A,d91c1034e5.jpg,0.8677866035584598,0.32812
B2A,d91c9eba83.jpg,0.9029750297190473,0.49709493
B2A,d9213433cf.jpg,0.8021255478736999,0.36302266
B2A,d925ef5aff.jpg,0.6034496506433319,0.55724394
B2A,d926f81b43.jpg,0.8679225566730645,0.23838997
B2A,d939c19419.jpg,0.9075295069361257,0.21272308
B2A,d93e5f8eb7.jpg,0.7952419479924692,0.5092162
B2A,d93e6be372.jpg,0.9320951684219322,0.23626645
B2A,d94541fa5b.jpg,0.9358658446256365,0.24788243
B2A,d94766bf33.jpg,0.6184421014881486,0.46901244
B2A,d9543c27a3.jpg,0.755049548552712,0.27485552
B2A,d9553c2962.jpg,0.899544784807725,0.26259428
B2A,d95ef93115.jpg,0.8745400249587957,0.2639417
B2A,d961320e9a.jpg,0.7650121517658728,0.38008475
B2A,d9625e6971.jpg,0.8168888573553618,0.3105838
B2A,d9673840a1.jpg,0.6275115994106127,0.53366196
B2A,d96e82c6f6.jpg,0.860081273341007,0.22769687
B2A,d971072ac0.jpg,0.8319135826767246,0.17714563
B2A,d97bbd8692.jpg,0.7127591763684444,0.39860457
B2A,d97f10bdd5.jpg,0.7115674273005119,0.28722182
B2A,d993fbb271.jpg,0.8081425393486211,0.14409667
B2A,d997322544.jpg,0.8874920264684804,0.23985176
B2A,d99ae9a1ca.jpg,0.7222510408306073,0.59221125
B2A,d9a87c0d5d.jpg,0.8057050646539217,0.4028222
B2A,d9bbbafa03.jpg,0.7890848877157796,0.4424738
B2A,d9c29a7cbf.jpg,0.9231602567886322,0.28056738
B2A,d9c5c047d2.jpg,0.9165419193340139,0.22963196
B2A,d9c9f0392c.jpg,0.7543378950124991,0.33461648
B2A,d9cbda5356.jpg,0.8505342792659902,0.26908165
B2A,d9da605ace.jpg,0.6706484188375266,0.48923334
B2A,d9e227f734.jpg,0.7333473534699619,0.39178896
B2A,d9e879879a.jpg,0.7099981168532942,0.4572075
B2A,da02be50b3.jpg,0.7208292425628873,0.31907615
B2A,da0471dd85.jpg,0.5835290514689438,0.68247974
B2A,da10c654ce.jpg,0.9115646603211162,0.2528877
B2A,da2691d719.jpg,0.8615476074913286,0.43427932
B2A,da28b99645.jpg,0.7983684497057769,0.30314633
B2A,da342ea116.jpg,0.8922957888115037,0.22895226
B2A,da392927b1.jpg,0.8547685632451846,0.27179253
B2A,da3b4dd28e.jpg,0.5996708024753775,0.57072127
B2A,da3bac3250.jpg,0.6952677894780127,0.3239023
B2A,da53718103.jpg,0.715085665444818,0.50924283
B2A,da6c915502.jpg,0.7376174847106577,0.323184
B2A,da6d4d9ea2.jpg,0.927100766400517,0.24160099
B2A,da86565952.jpg,0.6210753459254246,0.5211251
B2A,da920bf4bc.jpg,0.705263520342407,0.40913704
B2A,daa4352f54.jpg,0.7249716996847769,0.48303488
B2A,daa8fa4579.jpg,0.8151126008628244,0.3484514
B2A,dabaad16e8.jpg,0.6348466384371837,0.44907463
B2A,dabaf0f8aa.jpg,0.8428167627571254,0.32079333
B2A,dabcf502f4.jpg,0.5996481700281131,0.6738007
B2A,dac8b251fd.jpg,0.7677827183917849,0.31027222
B2A,dae46a168b.jpg,0.9130506839807225,0.23806833
B2A,dae9ee7a11.jpg,0.619737869208179,0.4975236
B2A,daee416ffe.jpg,0.8572033635410995,0.3362437
B2A,daf0f4bdc1.jpg,0.8471573074056571,0.21859184
B2A,dafda5c17a.jpg,0.668530262445286,0.47889867
B2A,db00979196.jpg,0.8105651203807743,0.22812288
B2A,db052e5241.jpg,0.9083342393107497,0.29747337
B2A,db0d9fdaec.jpg,0.7472310821797776,0.3028459
B2A,db0ecb48c4.jpg,0.8137924249371493,0.3971876
B2A,db14eba4e1.jpg,0.8426529430520243,0.2921241
B2A,db18f28537.jpg,0.8155349223698587,0.2858032
B2A,db1f18b059.jpg,0.8282919288510934,0.2963936
B2A,db2b40dd94.jpg,0.7873653454477093,0.40953344
B2A,db2e0f3cdf.jpg,0.7673239483499031,0.3503527
B2A,db4fd99e56.jpg,0.8580136843739674,0.23587044
B2A,db58221d78.jpg,0.8669124211969222,0.3255761
B2A,db59f96bfc.jpg,0.8614566503445582,0.32830566
B2A,db70823e2b.jpg,0.8737044384559798,0.2964737
B2A,db7fd38aa5.jpg,0.7271385622705061,0.29234868
B2A,db86c73152.jpg,0.8823546299475088,0.21727692
B2A,db9cfcd293.jpg,0.6586565325257853,0.388288
B2A,dba404b1bd.jpg,0.5712226487809106,0.3209435
B2A,dbba4e41d0.jpg,0.7886690604012556,0.38732034
B2A,dbbe9bbb8e.jpg,0.8929743803590889,0.15512013
B2A,dbbed3a8c7.jpg,0.7443446351503386,0.37229976
B2A,dbbfe0e846.jpg,0.7812554057063418,0.42992687
B2A,dbc0d26415.jpg,0.849868891331905,0.34330633
B2A,dbc5daad12.jpg,0.6749387938060537,0.5581087
B2A,dbd3bf1236.jpg,0.9029969681270171,0.33082926
B2A,dbef8e6c0a.jpg,0.9168964431760894,0.266767
B2A,dbf9e7be99.jpg,0.8261879102587418,0.37269402
B2A,dc0f97a1aa.jpg,0.8312847418575016,0.31227374
B2A,dc121d7f9b.jpg,0.8143369385765902,0.5476813
B2A,dc258c8a0b.jpg,0.8456180409419233,0.23302686
B2A,dc26513fe8.jpg,0.7377475723368919,0.43509957
B2A,dc2abc2e66.jpg,0.8288835395701278,0.34445557
B2A,dc307002d2.jpg,0.6923084094045823,0.45995924
B2A,dc549bebc4.jpg,0.6107323336964918,0.42655218
B2A,dc5829408f.jpg,0.8279203178416765,0.5607778
B2A,dc5f1c23a0.jpg,0.8744173875355509,0.27936664
B2A,dc629cae14.jpg,0.9300837185429977,0.26520634
B2A,dc631c9b2a.jpg,0.9168863804454737,0.24455875
B2A,dc74902b39.jpg,0.7460026726757545,0.36432233
B2A,dc8a5d64eb.jpg,0.7336712499702853,0.3096568
B2A,dc8b552cc5.jpg,0.8637600332101688,0.29422307
B2A,dc938fd3f7.jpg,0.7884659272669344,0.34909654
B2A,dc98f07caf.jpg,0.9145037952887393,0.25965393
B2A,dc9943d9eb.jpg,0.6993921112006206,0.38133916
B2A,dc9d581332.jpg,0.6748057842519128,0.44056833
B2A,dca4c17096.jpg,0.6318629363380488,0.3407506
B2A,dcbdd75640.jpg,0.8455699462334763,0.28219935
B2A,dcca4f8bb6.jpg,0.8583548508006831,0.20694213
B2A,dccb6e42ee.jpg,0.5501629329716609,0.5345057
B2A,dce963b80b.jpg,0.7866630002660238,0.44971663
B2A,dcf4c2cbb1.jpg,0.6827577265175339,0.4062255
B2A,dcfa634264.jpg,0.8582010475374917,0.2514755
B2A,dd036adfe5.jpg,0.8059077029304208,0.33744013
B2A,dd232bb32f.jpg,0.7939003889149202,0.23871315
B2A,dd26e604b1.jpg,0.7281175901503573,0.49468446
B2A,dd2a4f5af6.jpg,0.8300894992066521,0.2161687
B2A,dd59da4b8e.jpg,0.8692231758306616,0.28449768
B2A,dd6a426ccb.jpg,0.7618299650083424,0.23268175
B2A,dd80a0ae1c.jpg,0.8820936156966214,0.3386923
B2A,dd8cf7b53e.jpg,0.7456492695943753,0.3483541
B2A,dd98d8bda5.jpg,0.8612367860474905,0.3175394
B2A,dda084c63b.jpg,0.7204717884150273,0.5134609
B2A,ddb1124c29.jpg,0.8807339026523222,0.19378358
B2A,ddb17e566c.jpg,0.7043228934358035,0.5291803
B2A,ddb386ce3e.jpg,0.7436368951575888,0.41078562
B2A,ddb8baf94a.jpg,0.7675605754526399,0.47198394
B2A,ddc08a0803.jpg,0.8930582594585434,0.30506492
B2A,ddc5ea8270.jpg,0.7761582648063885,0.3418169
B2A,ddd674f433.jpg,0.7725779206435658,0.35148343
B2A,dde4567678.jpg,0.8804855357160228,0.20191477
B2A,de010cbbc2.jpg,0.7788171119965476,0.37538645
B2A,de059c7bbf.jpg,0.9340751124373208,0.23639405
B2A,de05b6bb2f.jpg,0.8069469151652087,0.24412474
B2A,de10876989.jpg,0.7062390109084223,0.37965316
B2A,de241d55fc.jpg,0.97155556133409,0.2114641
B2A,de2f9d1599.jpg,0.7427511959735148,0.34804678
B2A,de31a67502.jpg,0.759255406178715,0.44054902
B2A,de34c78357.jpg,0.6646803369610708,0.46610892
B2A,de37e2ad60.jpg,0.8599906728835001,0.2960637
B2A,de457df144.jpg,0.8579840233628596,0.32034338
B2A,de4f73e2e6.jpg,0.7185348289866833,0.5024153
B2A,de59f8afb3.jpg,0.8540765668544609,0.3119374
B2A,de6510a7ab.jpg,0.9191911314810232,0.24633878
B2A,de6bf0cb04.jpg,0.8450661862679186,0.32611847
B2A,de7ed78f5a.jpg,0.8124178383300781,0.4513326
B2A,de86577a5b.jpg,0.8096426870478612,0.15974414
B2A,de86feb03d.jpg,0.6498111194529519,0.17685656
B2A,dea009ab5b.jpg,0.9073746800552585,0.32841486
B2A,dea330a02f.jpg,0.8560330616379183,0.35526896
B2A,deafff753c.jpg,0.7206485470240466,0.5601536
B2A,deb67f6b0e.jpg,0.895993938901193,0.3245933
B2A,debf11d04c.jpg,0.8921586055329855,0.32485285
B2A,dec3ab2321.jpg,0.8830730726175079,0.28873873
B2A,ded7482c2c.jpg,0.9225721392503694,0.23860912
B2A,ded8ffa3ca.jpg,0.9085036292257421,0.22096635
B2A,def0cd31b2.jpg,0.6839298284059955,0.59541345
B2A,def8bd92f4.jpg,0.7467430189268384,0.46956497
B2A,df017c0778.jpg,0.811232088924178,0.34122998
B2A,df04d84ca9.jpg,0.809245556859612,0.31774864
B2A,df1b2ded30.jpg,0.7626331312070739,0.43649685
B2A,df21dd363b.jpg,0.9197589807724162,0.30039504
B2A,df26cc01aa.jpg,0.7811438355897103,0.2977807
B2A,df2c0d53a4.jpg,0.6187028904460182,0.5145262
B2A,df2eddf8b4.jpg,0.8749324551199511,0.24210002
B2A,df34b6c0e8.jpg,0.8573010683512895,0.25312763
B2A,df3688f698.jpg,0.6854694615563011,0.47976124
B2A,df36a9efd4.jpg,0.6271062467340927,0.5049876
B2A,df4975e8bf.jpg,0.9273763793019947,0.23202728
B2A,df571c611d.jpg,0.72573457923597,0.36305645
B2A,df65517316.jpg,0.45721986531824077,0.53448105
B2A,df717b23e2.jpg,0.8849179581327726,0.2268079
B2A,df71b50ac1.jpg,0.7632435402048129,0.2780545
B2A,df7438a2d8.jpg,0.7125458123503189,0.39890784
B2A,df75caef2e.jpg,0.8138470982454555,0.27851075
B2A,df7ada692b.jpg,0.727346182218473,0.59165215
B2A,df895d4f4f.jpg,0.8134441546330399,0.3622509
B2A,dfa6cb635d.jpg,0.6990909370571073,0.31769782
B2A,dfb9e202de.jpg,0.8365773124896099,0.4258144
B2A,dfbd52ecf5.jpg,0.8054464036757047,0.33091706
B2A,dfcd9af740.jpg,0.8662447899044723,0.24707916
B2A,dfd3b1a8bf.jpg,0.7776444405123029,0.6002134
B2A,dfdb05692f.jpg,0.8923705057002126,0.24818629
B2A,dfdf679899.jpg,0.6892454863363129,0.5045728
B2A,dfe59079af.jpg,0.8548748986629201,0.24059403
B2A,dfedfba018.jpg,0.7981876869394153,0.28249618
B2A,dfee298b96.jpg,0.6615073014574999,0.6277581
B2A,dff450dda1.jpg,0.9114846844913148,0.2995171
B2A,dff66a7d64.jpg,0.6111129787242052,0.6573157
B2A,dff763c552.jpg,0.7282695095177835,0.45279396
B2A,e00bba74a2.jpg,0.807867012911152,0.40339106
B2A,e01fe394d8.jpg,0.8929150344826399,0.22293627
B2A,e0216cf2a8.jpg,0.7225964354744511,0.57178986
B2A,e0316f1950.jpg,0.5820907478720679,0.6309036
B2A,e0328c7d7c.jpg,0.6528337000872726,0.488307
B2A,e038af63fe.jpg,0.8969794992730615,0.30563867
B2A,e039712ade.jpg,0.8768038718685444,0.24679454
B2A,e03b2a6164.jpg,0.6119701915699954,0.26830474
B2A,e04291a057.jpg,0.8466099574436607,0.2445705
B2A,e048cbd49e.jpg,0.8287612606486255,0.33664834
B2A,e050f1a2a9.jpg,0.7861167022053429,0.43995932
B2A,e05899ed06.jpg,0.6033995467931056,0.48188484
B2A,e05c7f85ef.jpg,0.8652581543292575,0.23899995
B2A,e068415db1.jpg,0.7092501964004425,0.424065
B2A,e068928755.jpg,0.7476865902141798,0.32338604
B2A,e071db584c.jpg,0.8772007618593329,0.26323676
B2A,e0839b3c2e.jpg,0.8784374663086053,0.19841473
B2A,e08fc2d70e.jpg,0.8516133227492435,0.5291119
B2A,e091476985.jpg,0.9311275189557071,0.1397391
B2A,e09576695b.jpg,0.8347607654002677,0.37492612
B2A,e0a9fecd26.jpg,0.7076714208274428,0.33746052
B2A,e0b1a4f104.jpg,0.8459758009626269,0.374089
B2A,e0b6abfd6d.jpg,0.7785933381151764,0.26842332
B2A,e0c949a987.jpg,0.8064914267606605,0.37041694
B2A,e0cfa9d464.jpg,0.6983215563147159,0.37080655
B2A,e0d48fc860.jpg,0.8923000133117475,0.29059535
B2A,e0d7f40a24.jpg,0.9043580456849066,0.33957112
B2A,e0d9fadae6.jpg,0.7064842064173507,0.19525313
B2A,e0db07d90e.jpg,0.6803547745201146,0.53441656
B2A,e0e0bd66eb.jpg,0.6769344837280102,0.28527206
B2A,e0edc2d1ff.jpg,0.8802602282044137,0.2961296
B2A,e0f0dc2983.jpg,0.695031566795488,0.4840584
B2A,e0f7f0bb22.jpg,0.8680973758721549,0.17588344
B2A,e0fce775af.jpg,0.7036458634156671,0.41530994
B2A,e0ffb419d8.jpg,0.7063523769531918,0.38758022
B2A,e103e37ef6.jpg,0.6746678463724837,0.41126835
B2A,e10f4e0249.jpg,0.941802724444691,0.2108473
B2A,e1107c721b.jpg,0.6680687939130829,0.5875664
B2A,e12532498c.jpg,0.8326665262251347,0.42966625
B2A,e13f5e00b9.jpg,0.9242206326433868,0.18276611
B2A,e1421bcb6d.jpg,0.6327911179674434,0.5856407
B2A,e14520fb9c.jpg,0.6565452226516361,0.5849596
B2A,e154b39c0c.jpg,0.6722122902200257,0.4444797
B2A,e158554d68.jpg,0.7412896810372107,0.6787525
B2A,e15ebb6b26.jpg,0.6600653482775146,0.5084757
B2A,e180ce65fe.jpg,0.9030863002483805,0.5953449
B2A,e18c605daf.jpg,0.9137096580130281,0.34478086
B2A,e191e362cc.jpg,0.8719525801327515,0.25911438
B2A,e195754758.jpg,0.7180642608399344,0.37245682
B2A,e1b8768630.jpg,0.5799276302960155,0.4754651
B2A,e1e42d1e1d.jpg,0.8203115457749846,0.3818434
B2A,e1e7add957.jpg,0.8194046359651344,0.27025342
B2A,e1f01aed34.jpg,0.7753122424564614,0.29704538
B2A,e1f044dff1.jpg,0.6975475641189812,0.54960024
B2A,e2050f818f.jpg,0.7807006753105079,0.4300207
B2A,e20e016680.jpg,0.7304903144719669,0.53525245
B2A,e20f79f596.jpg,0.7743899093460652,0.4877181
B2A,e218d1a1ea.jpg,0.8167058184362997,0.22390012
B2A,e219f69873.jpg,0.9411275578465134,0.21309923
B2A,e22fbe22ff.jpg,0.6670773347613391,0.43967384
B2A,e239290d7a.jpg,0.8276001985876108,0.35956678
B2A,e23da13385.jpg,0.7488592482295734,0.4489214
B2A,e23dd4b66b.jpg,0.8506926665673822,0.29512978
B2A,e24d11659e.jpg,0.857487527930225,0.26627865
B2A,e25a309e7f.jpg,0.7587139852852218,0.3609664
B2A,e262ebdb71.jpg,0.8493644981822764,0.24281424
B2A,e26f08910a.jpg,0.806656800216936,0.30723318
B2A,e276cfea71.jpg,0.7674200386663941,0.316792
B2A,e278a31c95.jpg,0.6342657218643587,0.409816
B2A,e2816c6358.jpg,0.6848411734275753,0.39981604
B2A,e2921fb3bc.jpg,0.8573756243389419,0.30132046
B2A,e29891901c.jpg,0.9295216351902998,0.40890026
B2A,e29923569e.jpg,0.9421103452431049,0.16511777
B2A,e2be127e28.jpg,0.6072241491231081,0.36068463
B2A,e2cc5d0740.jpg,0.7393959305211959,0.30069295
B2A,e2dd4bdeef.jpg,0.8579117726310933,0.37852043
B2A,e2e1192489.jpg,0.6425486926309304,0.42314756
B2A,e2e85f68e0.jpg,0.8986585570889787,0.2688491
B2A,e2ebe675f8.jpg,0.9038387219405584,0.31883925
B2A,e2ec96f0b4.jpg,0.7727932040990139,0.37686554
B2A,e2f37052c1.jpg,0.6339213357675465,0.60457504
B2A,e3148aa017.jpg,0.9100052150920158,0.2061978
B2A,e31668e912.jpg,0.8449712639123874,0.31792486
B2A,e33556dc35.jpg,0.5542200104976125,0.7042127
B2A,e33bb81f2b.jpg,0.7921058970246625,0.32026628
B2A,e34010decc.jpg,0.8732533986616644,0.23165849
B2A,e340c22dc4.jpg,0.8144280344508039,0.3717705
B2A,e344e433cc.jpg,0.9438464392325843,0.33972317
B2A,e347492218.jpg,0.7525112432391026,0.48828512
B2A,e3477e1ec7.jpg,0.915566279573771,0.25962493
B2A,e34ae8c169.jpg,0.8943812512073701,0.2546151
B2A,e3557bd3e7.jpg,0.7568432696068512,0.40402254
B2A,e3618e9a11.jpg,0.7209231181300225,0.39167857
B2A,e365dae98b.jpg,0.5435855736019275,0.59236556
B2A,e37b3a49d9.jpg,0.655466431423911,0.48511004
B2A,e37e071314.jpg,0.8788017850148783,0.27982634
B2A,e38186a614.jpg,0.7069590315522749,0.27307382
B2A,e388432c26.jpg,0.7214064522504803,0.56306195
B2A,e39562f090.jpg,0.8126136085114459,0.3872504
B2A,e3997e52e9.jpg,0.8987256394111562,0.35295913
B2A,e3cb3ad674.jpg,0.9288683363708932,0.22036551
B2A,e3cea056cc.jpg,0.7593981653377575,0.31615287
B2A,e3ceb5d67a.jpg,0.7597543000127155,0.5445141
B2A,e3e6ca612f.jpg,0.8343126139644688,0.2137002
B2A,e3e87b3f1e.jpg,0.8748855977789352,0.21265781
B2A,e3f1be931a.jpg,0.5651122154154896,0.37364906
B2A,e3f34cdbfc.jpg,0.9124690324804285,0.29221955
B2A,e3fae55083.jpg,0.7573466450273488,0.3645174
B2A,e3fe190c35.jpg,0.8862971792266652,0.2681746
B2A,e4005ebfe6.jpg,0.6677346741657324,0.62762254
B2A,e40a02297a.jpg,0.8681811340911024,0.1859783
B2A,e40ba425ad.jpg,0.8391678080038046,0.34485802
B2A,e40ea38065.jpg,0.8125233263777504,0.37626722
B2A,e41de69603.jpg,0.7865663354554735,0.29383558
B2A,e428d47850.jpg,0.8521424688135246,0.38496143
B2A,e43625382b.jpg,0.9525918274792151,0.24974672
B2A,e43cfeffd7.jpg,0.8177568801571677,0.41661724
B2A,e452266e47.jpg,0.8547283915741314,0.18080468
B2A,e46722db3b.jpg,0.8985830134676457,0.37878308
B2A,e474730931.jpg,0.9275850812675159,0.22431445
B2A,e484852720.jpg,0.8623309987335008,0.26732308
B2A,e4a7646e26.jpg,0.7382736087284367,0.34300348
B2A,e4b6e49888.jpg,0.8166918827785061,0.19982955
B2A,e4baa84c9e.jpg,0.7845474060322555,0.39544904
B2A,e4c2f8062a.jpg,0.656002348265844,0.49046978
B2A,e4c47323cb.jpg,0.8152524437150306,0.38876802
B2A,e4db596478.jpg,0.8340571436717165,0.26551268
B2A,e4df61af49.jpg,0.7659834585754818,0.34863806
B2A,e4e7fd51dd.jpg,0.8969341497593857,0.23820677
B2A,e4ec14322d.jpg,0.6425379358892434,0.44592986
B2A,e4edaddcef.jpg,0.6108348157502663,0.5426182
B2A,e4f21cb9f8.jpg,0.9015965314472204,0.24052252
B2A,e4f5f401e0.jpg,0.8227231086528507,0.30425373
B2A,e50dc96e2b.jpg,0.797635282153103,0.2211296
B2A,e517b6f313.jpg,0.8389987052983645,0.26196793
B2A,e5247c9272.jpg,0.660578401451089,0.3669773
B2A,e52816eec3.jpg,0.598356819689893,0.7338748
B2A,e52b0badda.jpg,0.6523182266161602,0.3246748
B2A,e53184b315.jpg,0.8443193156556821,0.35189053
B2A,e536a8e4d0.jpg,0.8096197187362681,0.39747888
B2A,e53aaa0782.jpg,0.9145006781891603,0.33419988
B2A,e53aaac02c.jpg,0.6430873983532029,0.5130302
B2A,e53b41415d.jpg,0.7582408938262484,0.320916
B2A,e545b38111.jpg,0.8588006996905075,0.3783269
B2A,e54604f159.jpg,0.8760180113165952,0.30860788
B2A,e552c9356b.jpg,0.855603433664791,0.17231257
B2A,e55aa6a075.jpg,0.7727732801748609,0.31678885
B2A,e569d449aa.jpg,0.8363796405054108,0.25671527
B2A,e56a3b131d.jpg,0.9019833577353068,0.2493582
B2A,e56e3bcfee.jpg,0.9239586474692003,0.35705644
B2A,e576d76af6.jpg,0.8558093024623622,0.21534112
B2A,e58dcaf848.jpg,0.7825385285980165,0.46162143
B2A,e58e1d7d58.jpg,0.8902010006353714,0.37767488
B2A,e58ef68e3f.jpg,0.9429753084960024,0.15569282
B2A,e59a45567d.jpg,0.7105896548385052,0.35674924
B2A,e5ae2eab59.jpg,0.897500402072046,0.3326222
B2A,e5b0f574bf.jpg,0.7616547187351391,0.31151402
B2A,e5c7397b2d.jpg,0.729120757574395,0.3793108
B2A,e5c842ca6e.jpg,0.8700574205120625,0.27206013
B2A,e5cb078996.jpg,0.8103066037824967,0.44537446
B2A,e5cb608eae.jpg,0.7947593203006458,0.22516677
B2A,e5cbe055f9.jpg,0.797935279600252,0.29050946
B2A,e5cd922fa9.jpg,0.8174253917506173,0.40744564
B2A,e5d38a2047.jpg,0.9159439790944527,0.2155163
B2A,e5e1d837f1.jpg,0.9079783724016444,0.2893616
B2A,e5ffaac462.jpg,0.9285488341805342,0.2140972
B2A,e614135f7d.jpg,0.8009924821790357,0.31544885
B2A,e629d7f736.jpg,0.6615123115801436,0.6592035
B2A,e63a00fc4f.jpg,0.8334537029029775,0.42820492
B2A,e643c9bdbe.jpg,0.6271687426302889,0.41306847
B2A,e6636be041.jpg,0.783399911412496,0.43914312
B2A,e67341c640.jpg,0.7536594350707517,0.32766742
B2A,e67601a231.jpg,0.732883407482341,0.39943287
B2A,e6779d7ed5.jpg,0.6580527066642283,0.62652284
B2A,e67cc523e0.jpg,0.883584848836845,0.262492
B2A,e67e86bdb9.jpg,0.8509206722199246,0.20086166
B2A,e6836aa6da.jpg,0.7120754377063963,0.391046
B2A,e686121a13.jpg,0.7780725475188454,0.50376177
B2A,e693f37abc.jpg,0.82606099118253,0.4775337
B2A,e69c2d5a6d.jpg,0.8720603938271727,0.15615615
B2A,e69eb967c0.jpg,0.7298449587645943,0.3594339
B2A,e6a325d8fb.jpg,0.8344042427152885,0.40518966
B2A,e6a609cf76.jpg,0.8457448386244775,0.4287907
B2A,e6ad3eec60.jpg,0.7474077280874254,0.43064278
B2A,e6ba8f2334.jpg,0.6639769514991157,0.37201622
B2A,e6c25786d7.jpg,0.6892104434870963,0.3790261
B2A,e6cc103915.jpg,0.6900227396728674,0.2919386
B2A,e6d2f68fcf.jpg,0.8268827461743088,0.37743825
B2A,e6dc2ff40c.jpg,0.8095130805765638,0.27232605
B2A,e6e3f15b73.jpg,0.8694743767294747,0.31065226
B2A,e6e6959173.jpg,0.6276540030385489,0.64173585
B2A,e6ea2d4d47.jpg,0.835025847649645,0.22324845
B2A,e6f8a63c9c.jpg,0.7647366817960635,0.4495319
B2A,e707bf37b1.jpg,0.709377379429021,0.46463802
B2A,e710d6eaa6.jpg,0.8765228963856235,0.4055358
B2A,e714c3661f.jpg,0.8814586976477311,0.21460408
B2A,e715464acb.jpg,0.7986197385320942,0.31276047
B2A,e738568be6.jpg,0.8648929397174714,0.23249912
B2A,e73a598e28.jpg,0.8240958302626039,0.42488897
B2A,e73db0029b.jpg,0.6547296863076137,0.4629093
B2A,e744db3cd3.jpg,0.7889313705842877,0.5127687
B2A,e74a97ae14.jpg,0.7873184689476985,0.35874826
B2A,e764b3f35a.jpg,0.8898410335270596,0.30940747
B2A,e790229789.jpg,0.6851182030053617,0.4384259
B2A,e79618c3c9.jpg,0.6783834839650312,0.60606396
B2A,e7a2c2dfd5.jpg,0.8694557082287006,0.29725295
B2A,e7b73c75cb.jpg,0.7006389987461058,0.32581025
B2A,e7c3ac222b.jpg,0.7479650461356111,0.27868587
B2A,e7c99420a8.jpg,0.8952923543110245,0.41491976
B2A,e7cd8551d8.jpg,0.9428443546224696,0.25898498
B2A,e7cdd8fd59.jpg,0.6065006313432881,0.42059204
B2A,e7d445c059.jpg,0.5777107669867255,0.5383234
B2A,e7ddcd88d3.jpg,0.9018942529069938,0.25498646
B2A,e7e77d48b0.jpg,0.8808157172605927,0.3231057
B2A,e7fd336c2e.jpg,0.744918571714215,0.40330002
B2A,e80855ec86.jpg,0.7358917535840868,0.64975244
B2A,e80a7530ea.jpg,0.5586795986575982,0.5147159
B2A,e80cebe6dd.jpg,0.8498873433924651,0.54217124
B2A,e80f526332.jpg,0.8709594473986942,0.26032692
B2A,e810cbaf55.jpg,0.7779901036371848,0.41713667
B2A,e8234e1e2e.jpg,0.9422787882412991,0.21608588
B2A,e8338afa09.jpg,0.9072539432016319,0.1939237
B2A,e85bba618a.jpg,0.8780451118416144,0.18818536
B2A,e85ed2bc38.jpg,0.784111190202191,0.43350878
B2A,e8605bf89a.jpg,0.6754434699422951,0.57111603
B2A,e862b2a488.jpg,0.7488714725505915,0.24061276
B2A,e86d465a2d.jpg,0.9341340831123136,0.23794381
B2A,e8718dba1c.jpg,0.9099243215624215,0.27743942
B2A,e876733707.jpg,0.6861538396936058,0.25134963
B2A,e87676e6e2.jpg,0.6506753030977268,0.4656284
B2A,e8789baa19.jpg,0.7446369589858259,0.3832161
B2A,e8882a7f33.jpg,0.7963263577250225,0.2873819
B2A,e89accad47.jpg,0.6816883620488626,0.35761943
B2A,e89b1f65b6.jpg,0.8920371726883642,0.20316315
B2A,e89e3ef99f.jpg,0.8572025626036058,0.41111234
B2A,e89f26b785.jpg,0.8389853374834857,0.40278688
B2A,e8a6213a64.jpg,0.6990943369542683,0.5361231
B2A,e8ca770df9.jpg,0.6688230548629156,0.46654725
B2A,e8cede65a7.jpg,0.83647180343086,0.32659772
B2A,e8dc20c86e.jpg,0.8833327088238092,0.37046158
B2A,e8e02ca944.jpg,0.7918320911199885,0.3980775
B2A,e8f2542a00.jpg,0.6658870791664345,0.5859621
B2A,e8f8ff2e11.jpg,0.5964551922446427,0.5009812
B2A,e91a6a79ca.jpg,0.8566569996041449,0.44665962
B2A,e941a6971b.jpg,0.7916806417683616,0.2356006
B2A,e9425b919e.jpg,0.6770727878113252,0.7169124
B2A,e94ce61928.jpg,0.8337218238107088,0.18613485
B2A,e94fe9ef94.jpg,0.7523645396290457,0.42909464
B2A,e9652384d0.jpg,0.7124912249462367,0.29834074
B2A,e96e9bdf9f.jpg,0.873611108041724,0.36940923
B2A,e975867ee1.jpg,0.8487492870164141,0.22821546
B2A,e97aab1e3a.jpg,0.5360346219186629,0.56978625
B2A,e97f72f75e.jpg,0.8543571476179493,0.27193546
B2A,e9896641d2.jpg,0.7812279249416699,0.3739393
B2A,e98c174738.jpg,0.8412749918142115,0.1917633
B2A,e98cd4e13f.jpg,0.8875097879337662,0.284578
B2A,e98d5c8d85.jpg,0.8459980926316027,0.35326213
B2A,e98e9b1620.jpg,0.6698299681734124,0.55976534
B2A,e991139f4b.jpg,0.7588530422741021,0.43235135
B2A,e9ba0bafc4.jpg,0.7168991121962783,0.40823287
B2A,e9c3e52cf1.jpg,0.7388791988832569,0.41345373
B2A,e9ca026ba3.jpg,0.7841085162147385,0.39786673
B2A,e9cbdee9bd.jpg,0.7171714669669891,0.4101423
B2A,e9d65fa272.jpg,0.549343269003223,0.4754904
B2A,e9da2fab10.jpg,0.847498609645131,0.2592798
B2A,e9da44faa6.jpg,0.6851582139127554,0.46515986
B2A,e9e303af60.jpg,0.6942084523465085,0.42664424
B2A,e9ebdfe8ec.jpg,0.6368463913514152,0.41317722
B2A,e9ec0b07bd.jpg,0.8784078075510124,0.2778731
B2A,e9ef067120.jpg,0.49319204333498196,0.6944315
B2A,ea0086b300.jpg,0.920154368129375,0.21293372
B2A,ea2128c1b2.jpg,0.7113374765302151,0.38027197
B2A,ea29af7178.jpg,0.5846799595286101,0.68252254
B2A,ea38729951.jpg,0.7694281331456706,0.36911696
B2A,ea437a682c.jpg,0.7903699129307217,0.29364437
B2A,ea4dc1e88e.jpg,0.8581709750012907,0.5141845
B2A,ea4f37e7e5.jpg,0.7972313073525146,0.30371025
B2A,ea58d700d2.jpg,0.806809344710214,0.27336442
B2A,ea60c54c69.jpg,0.6690111219168327,0.62579024
B2A,ea626ba3a9.jpg,0.7888924283629304,0.31385523
B2A,ea656cf2b6.jpg,0.6235337963335512,0.32139426
B2A,ea6917e2db.jpg,0.8660048119780662,0.3288542
B2A,ea867fecaa.jpg,0.6540869284724798,0.48386574
B2A,ea90ff6da4.jpg,0.8386171427746217,0.38809133
B2A,ea942e0882.jpg,0.5918473916050443,0.4630635
B2A,ea965a1eba.jpg,0.744230340235323,0.32908896
B2A,eaa17f1091.jpg,0.7764199894751035,0.50715125
B2A,eaac3f27b0.jpg,0.9004006254684912,0.16974153
B2A,eab48ed00d.jpg,0.8997363427577618,0.3170295
B2A,eab57199fa.jpg,0.8175266774959405,0.24781223
B2A,eabe91cae5.jpg,0.8625659249317218,0.23892245
B2A,eac7bd7368.jpg,0.8676246063565298,0.23116344
B2A,eacb6ead4a.jpg,0.7315762189331002,0.58858734
B2A,eacdc1d18f.jpg,0.6729576509468514,0.40704942
B2A,ead2fdbadc.jpg,0.8369424162036584,0.2563722
B2A,ead622126f.jpg,0.722732702326289,0.40743834
B2A,eadb799684.jpg,0.7861578380676181,0.34568048
B2A,eadea8cf4c.jpg,0.8019410322973837,0.46839273
B2A,eae1d7b4a7.jpg,0.9050065219043449,0.31814507
B2A,eae8ac05b6.jpg,0.8195905688285919,0.34617352
B2A,eafc9d8929.jpg,0.6100544243489454,0.41339198
B2A,eb09186652.jpg,0.8309995588577047,0.24204832
B2A,eb143cd557.jpg,0.7663689074425851,0.5151847
B2A,eb1ae4752c.jpg,0.6159776983742141,0.45447153
B2A,eb1ce8f38f.jpg,0.7969156949019524,0.28736773
B2A,eb1f220d40.jpg,0.7650289494026519,0.33738396
B2A,eb267343a7.jpg,0.8801388106997894,0.20814061
B2A,eb33d8e41b.jpg,0.8154311361243682,0.3999935
B2A,eb34f329c1.jpg,0.8005335811358729,0.40761995
B2A,eb396944a9.jpg,0.7419047495261282,0.32503736
B2A,eb48b08b2c.jpg,0.8186086057050895,0.3268972
B2A,eb4c747b35.jpg,0.8288826511182406,0.30132425
B2A,eb5a006cd8.jpg,0.8327259331729439,0.36888126
B2A,eb7323bae7.jpg,0.8982260085465413,0.4714827
B2A,eb74e149ff.jpg,0.8777166162379975,0.32681167
B2A,eb74ee9751.jpg,0.9079325334255364,0.18872617
B2A,eb927ffcce.jpg,0.8037228506892571,0.31727436
B2A,eb9630147d.jpg,0.7871509987811409,0.23466697
B2A,ebb0aa2f01.jpg,0.7742059769209594,0.52329946
B2A,ebb3a60020.jpg,0.8767021854622239,0.2998387
B2A,ebb7fcea92.jpg,0.914413336733454,0.2763801
B2A,ebb973284b.jpg,0.6416157742548971,0.3768104
B2A,ebc6398a40.jpg,0.5927272248140302,0.48908773
B2A,ebcc42e110.jpg,0.8535938347982552,0.3565688
B2A,ebcce1a075.jpg,0.7039874221192658,0.38048112
B2A,ebd677e4df.jpg,0.9076109774218923,0.20735127
B2A,ebfb842dbb.jpg,0.836301810211097,0.33947763
B2A,ec22ac410a.jpg,0.6772952049289965,0.48954654
B2A,ec26ffe6d9.jpg,0.7117670109154717,0.41370505
B2A,ec2819dd4a.jpg,0.7933758164232373,0.21340658
B2A,ec361682b9.jpg,0.7795470793043592,0.36725974
B2A,ec3cedbafe.jpg,0.7007955725083724,0.5020293
B2A,ec4acecf3f.jpg,0.8663067547594526,0.29492235
B2A,ec4fccd390.jpg,0.7748555897491101,0.39633477
B2A,ec509fe942.jpg,0.7306180642313221,0.46342137
B2A,ec5d51aaf0.jpg,0.7540350536178979,0.6432508
B2A,ec61770865.jpg,0.8402291577348927,0.31547353
B2A,ec673dd8d4.jpg,0.8475334099952582,0.35218295
B2A,ec6c041436.jpg,0.747072334235691,0.49717906
B2A,ec7228a986.jpg,0.539706067167437,0.4281641
B2A,ec74224ef5.jpg,0.7550294448428806,0.41352308
B2A,ec99be1db6.jpg,0.8798484976721253,0.25236195
B2A,ecad06947b.jpg,0.517651087002836,0.36963505
B2A,ecaf3bdf12.jpg,0.8916773434469736,0.17136675
B2A,ecb38a1051.jpg,0.7870924143851624,0.27386722
B2A,ecb3ccc9f4.jpg,0.8694088207797207,0.2177043
B2A,ecc3cd6e1b.jpg,0.8604358978906087,0.2044516
B2A,ece948ce97.jpg,0.8335777246339952,0.2933377
B2A,ecee77ae5a.jpg,0.9298859753134697,0.22320968
B2A,ed04dbb114.jpg,0.7550296139556595,0.3790553
B2A,ed0ddbf26a.jpg,0.8447876547100787,0.29277638
B2A,ed22cf856f.jpg,0.6797605040886185,0.41187865
B2A,ed27eb5c68.jpg,0.8920555666210976,0.2081155
B2A,ed31f8c196.jpg,0.829932727613845,0.5021335
B2A,ed34d8d7f3.jpg,0.6266895779783902,0.43233833
B2A,ed3b265e09.jpg,0.7675323129315399,0.20003751
B2A,ed458bffb6.jpg,0.7867067465489312,0.4582547
B2A,ed473bcf9b.jpg,0.7781925388600094,0.49466652
B2A,ed59cdccf1.jpg,0.9034578966039686,0.27560213
B2A,ed60c6410b.jpg,0.8103463193371613,0.29800177
B2A,ed65db5f88.jpg,0.6950497821269022,0.41119426
B2A,ed7b96a9c5.jpg,0.7269085287497887,0.34690687
B2A,ed848812da.jpg,0.799083017285273,0.22498226
B2A,ed8dab0f96.jpg,0.7479484657428704,0.5633278
B2A,ed915c89a2.jpg,0.8206032317883105,0.25617635
B2A,ed94946d16.jpg,0.5138422321763433,0.4457226
B2A,ed9f0b8b5d.jpg,0.8163594263986697,0.4413153
B2A,eda8697979.jpg,0.8641250672809836,0.8267668
B2A,edb7d50936.jpg,0.7969019313512049,0.42167825
B2A,edba7f0a70.jpg,0.8546363546408063,0.35365918
B2A,edc66bfb66.jpg,0.8557753957042049,0.33769572
B2A,edd52342db.jpg,0.6948942658896501,0.38311857
B2A,ede0add355.jpg,0.9000530005135476,0.35616136
B2A,edef4ef18d.jpg,0.5340506708985306,0.7472843
B2A,edef9cbabe.jpg,0.8050409634708369,0.24956042
B2A,edf15f0940.jpg,0.7695557849494409,0.2938847
B2A,edf42b9d0d.jpg,0.8943862693557755,0.32066423
B2A,ee0e1d6569.jpg,0.7771028399950061,0.42754737
B2A,ee24903251.jpg,0.829067633788114,0.21132596
B2A,ee28cc4d68.jpg,0.771669569356428,0.3280643
B2A,ee29105aba.jpg,0.6613769163563058,0.38665074
B2A,ee2bf8c5fd.jpg,0.7157160903724186,0.38713175
B2A,ee2e0ec65d.jpg,0.5743836558250474,0.6547262
B2A,ee6c260d4f.jpg,0.8034450357548146,0.24869333
B2A,ee861e6fae.jpg,0.810226192157992,0.23652892
B2A,ee8bdcd99f.jpg,0.8431124866636612,0.3291121
B2A,ee8c2e9e3c.jpg,0.8479000115211186,0.24480069
B2A,ee97a20e7c.jpg,0.9000097105725786,0.61429286
B2A,ee982ce7e3.jpg,0.8924679103095188,0.1506132
B2A,ee9b29e1b8.jpg,0.5026299946803885,0.4799857
B2A,eea8eff240.jpg,0.8251601156090927,0.25798342
B2A,eeb1e5f575.jpg,0.877574680171128,0.29323444
B2A,eeb4ccb21f.jpg,0.8018924870611555,0.4925418
B2A,eec21ae61c.jpg,0.8712450013653675,0.3549171
B2A,eed4191e08.jpg,0.864737713479408,0.1946587
B2A,eed8644829.jpg,0.8580101496886415,0.4198958
B2A,eedab28822.jpg,0.6303116928600166,0.8825351
B2A,eee8098608.jpg,0.6679081225830231,0.35620138
B2A,eeee68b7d8.jpg,0.7315950426152538,0.44649017
B2A,eef39ac09b.jpg,0.9185069616346725,0.28060597
B2A,eef4bdae39.jpg,0.7398665900125151,0.32522827
B2A,ef129d082c.jpg,0.8134839892910016,0.30563432
B2A,ef15317c67.jpg,0.7138860438654866,0.5350977
B2A,ef1f3e84f9.jpg,0.8096209789960142,0.27928948
B2A,ef488233e3.jpg,0.8854588189600461,0.21885924
B2A,ef4a60107c.jpg,0.9425935577226799,0.26589578
B2A,ef59ec0110.jpg,0.8821551023182312,0.40060654
B2A,ef6190ff9b.jpg,0.6616515919085866,0.516588
B2A,ef674070d3.jpg,0.8035901224873016,0.31103444
B2A,ef77fe0cfc.jpg,0.7852846418271088,0.36753857
B2A,ef833e60b4.jpg,0.8573251767940121,0.28187037
B2A,ef893e33a9.jpg,0.8361847808453345,0.27374372
B2A,ef8a6e2a7a.jpg,0.8141855258216745,0.46556002
B2A,ef9ca94c15.jpg,0.825595565167264,0.35524467
B2A,ef9e5bc080.jpg,0.9076677276119893,0.2531524
B2A,efa2ba7d02.jpg,0.8752864859537149,0.31108645
B2A,efa6c21576.jpg,0.6805481354850867,0.48965794
B2A,efa79c9c41.jpg,0.8882847459138274,0.30452102
B2A,efbb57a439.jpg,0.8116453144050885,0.33872053
B2A,efbfcfe793.jpg,0.7188306973829356,0.44848096
B2A,efc51bdcdf.jpg,0.7415977289500173,0.33521912
B2A,efcabd7b97.jpg,0.9053430403755721,0.21718319
B2A,efd9e949f5.jpg,0.6337699827294655,0.62512153
B2A,efeb94db8b.jpg,0.8778512136782677,0.25631633
B2A,effaa53ad8.jpg,0.6290411015793506,0.42335188
B2A,f005004e0c.jpg,0.6752326455364237,0.34359097
B2A,f01164b232.jpg,0.8289563366942369,0.5550927
B2A,f01207f706.jpg,0.7211172498016168,0.4278255
B2A,f01a04bd03.jpg,0.6510433250844969,0.60230577
B2A,f020a207a8.jpg,0.7364639520979173,0.35096434
B2A,f0220aa3f5.jpg,0.7554633203754652,0.57968134
B2A,f024838b95.jpg,0.8764938160396388,0.2992886
B2A,f0367de132.jpg,0.8901349023309288,0.23235409
B2A,f04f12da30.jpg,0.8694942363830989,0.4564579
B2A,f06b8cfef0.jpg,0.8013184715284701,0.44217446
B2A,f074cffca1.jpg,0.8633314287629769,0.30993196
B2A,f07cb0b75e.jpg,0.6904576180334082,0.5250217
B2A,f07e66c2d2.jpg,0.7214345858954736,0.40204072
B2A,f088a906d0.jpg,0.8582628855136732,0.22298467
B2A,f088b513bf.jpg,0.8289466132945152,0.24548972
B2A,f08926d339.jpg,0.8182336058115738,0.24122947
B2A,f08c39d24f.jpg,0.7630046842130169,0.4920826
B2A,f08e936c6b.jpg,0.9380304699793786,0.20634428
B2A,f0962b6de5.jpg,0.7745216578501611,0.4794659
B2A,f09c772bcc.jpg,0.6494869035834006,0.7059924
B2A,f09d0b81ba.jpg,0.8955058249061334,0.26531672
B2A,f0a1187473.jpg,0.7789170415360376,0.4894654
B2A,f0a55ad775.jpg,0.7856517596748657,0.32588562
B2A,f0a679e095.jpg,0.8388404450566156,0.4064885
B2A,f0aa76ff07.jpg,0.6468533841057765,0.4245645
B2A,f0b8c1d365.jpg,0.7879928058686435,0.44423333
B2A,f0e139a901.jpg,0.8417264648806791,0.4064675
B2A,f1032a4bd8.jpg,0.7135687878790287,0.37151405
B2A,f105adbfb1.jpg,0.849998545922234,0.1953879
B2A,f10d2923bd.jpg,0.652674640141869,0.48371294
B2A,f10f748b4d.jpg,0.7594929290197244,0.45579812
B2A,f11454665a.jpg,0.7696427608859394,0.51181185
B2A,f11ee27f26.jpg,0.8059446583884788,0.4078342
B2A,f13184bb48.jpg,0.5179806505970221,0.61265904
B2A,f148707bb0.jpg,0.7539206801172622,0.28709024
B2A,f1591e50e1.jpg,0.9522402585944424,0.1953663
B2A,f15b7224fd.jpg,0.723533356409679,0.44801503
B2A,f163b5185e.jpg,0.8210578083985809,0.28330258
B2A,f1670c265f.jpg,0.6447712085352963,0.58014804
B2A,f176a55e27.jpg,0.7675330060299915,0.41028693
B2A,f177cf7991.jpg,0.8402752899234734,0.37446523
B2A,f17a8c4aee.jpg,0.8291399777153103,0.32143873
B2A,f17e985728.jpg,0.9148734075230729,0.12654579
B2A,f180c8d8b9.jpg,0.7862837725130334,0.3901416
B2A,f188425ea5.jpg,0.7091541651648987,0.25687996
B2A,f18989ff8d.jpg,0.8520608969226116,0.6524314
B2A,f18d2c0a81.jpg,0.7961605332505278,0.36300343
B2A,f1ac127445.jpg,0.6902377171394194,0.59543675
B2A,f1b8dee326.jpg,0.8436434131932912,0.3749872
B2A,f1c198d735.jpg,0.8913484113987805,0.3866811
B2A,f1d4e7cd69.jpg,0.5994164527849072,0.38250342
B2A,f1d7343af8.jpg,0.8312750644790542,0.30718678
B2A,f1dbada7a5.jpg,0.7288941822590896,0.3968165
B2A,f1fe522e6d.jpg,0.9144128244613877,0.22909227
B2A,f1ff4a822a.jpg,0.800419485955114,0.22271195
B2A,f203101270.jpg,0.7854247943749367,0.40817866
B2A,f21ca704e5.jpg,0.6968120470809914,0.39380634
B2A,f21dd18a49.jpg,0.7023261783468848,0.5013257
B2A,f222ee8acc.jpg,0.809958994091647,0.38960376
B2A,f22dac0d03.jpg,0.8722762997784337,0.28001657
B2A,f230845d9a.jpg,0.9245959255938204,0.33203295
B2A,f23e5d0e29.jpg,0.9199864416777571,0.25398982
B2A,f247ca8a34.jpg,0.6291066302230947,0.59342265
B2A,f24a8f4c6c.jpg,0.7790760177038127,0.28864664
B2A,f24acd17d0.jpg,0.8266604466694155,0.40872622
B2A,f25716f164.jpg,0.66707171797913,0.42630738
B2A,f265b9c6d2.jpg,0.5263238307028789,0.8815745
B2A,f26d369fbd.jpg,0.8628059391622339,0.3193307
B2A,f270b20be4.jpg,0.7830320759340864,0.56040794
B2A,f27ac3fc28.jpg,0.6764221276591615,0.36173135
B2A,f27e7b74de.jpg,0.7695368794479949,0.26947385
B2A,f27f6894a1.jpg,0.8011894355694072,0.1727756
B2A,f28231f3f9.jpg,0.8986748132947864,0.36941078
B2A,f2876e0b28.jpg,0.7421816385815714,0.379133
B2A,f298108b32.jpg,0.8131881802571458,0.52228856
B2A,f2a3dc33fe.jpg,0.8695197027660362,0.27370197
B2A,f2b162e74b.jpg,0.7443772094125508,0.40742052
B2A,f2b7c12b9c.jpg,0.7852944664626185,0.39069417
B2A,f2d042180c.jpg,0.7201274118775762,0.48488608
B2A,f2d2d4efbc.jpg,0.847203325776375,0.22224048
B2A,f2d986db88.jpg,0.7761892217147622,0.34281707
B2A,f2f09c8f41.jpg,0.734716896052978,0.35534716
B2A,f2f56add24.jpg,0.869176381468121,0.29264456
B2A,f30e44407b.jpg,0.6094728607804292,0.46223623
B2A,f31217f986.jpg,0.8344937784705424,0.25753906
B2A,f3141801d8.jpg,0.7646535266795214,0.27226532
B2A,f3230db890.jpg,0.7730855900668583,0.42002693
B2A,f32a18c7c6.jpg,0.8523382622750425,0.3531317
B2A,f3356114c7.jpg,0.8794083691056586,0.17066288
B2A,f351ce3bc5.jpg,0.8609460434448203,0.2386395
B2A,f352a7a312.jpg,0.7908987647690519,0.25446573
B2A,f354013389.jpg,0.8356819915519901,0.29109776
B2A,f357fe1f0d.jpg,0.7643490229390598,0.61983174
B2A,f36fc36903.jpg,0.7662747280570941,0.41149026
B2A,f376a8789c.jpg,0.911419130678299,0.31301573
B2A,f37a93cd01.jpg,0.8481063935329043,0.32317895
B2A,f384c39cd3.jpg,0.6683896661978554,0.39758736
B2A,f3b5806412.jpg,0.798466428800049,0.23381361
B2A,f3bf66740a.jpg,0.7623255876238608,0.46648082
B2A,f3c61a9a05.jpg,0.7177196838634542,0.55717504
B2A,f3c8ec10ae.jpg,0.5460752468175207,0.4417517
B2A,f3d15e5226.jpg,0.8943025437430684,0.22192669
B2A,f3d86d0bdc.jpg,0.714361479995659,0.44426465
B2A,f3e4ae010d.jpg,0.7944818798813001,0.20695262
B2A,f3e54bc081.jpg,0.8966441332658507,0.3615359
B2A,f3e9866cb8.jpg,0.9051099465719169,0.36914888
B2A,f3ec3e874d.jpg,0.7049399569040057,0.35055518
B2A,f3ecb32509.jpg,0.9092350737545042,0.22929275
B2A,f3ee6c1af3.jpg,0.8981630742064028,0.23565082
B2A,f3fa90a191.jpg,0.8144385660758686,0.40048409
B2A,f405d9a44e.jpg,0.8752032974692998,0.2119402
B2A,f40af60ddc.jpg,0.7471706569323708,0.3190483
B2A,f40b429650.jpg,0.7615037950252552,0.2786851
B2A,f40b719930.jpg,0.6865959504639051,0.36469948
B2A,f40d9b8368.jpg,0.5230885022621576,0.420649
B2A,f417a4cc39.jpg,0.7786518265777828,0.28982973
B2A,f41b5dec17.jpg,0.8181990231246806,0.34766638
B2A,f41d5c2163.jpg,0.734781386257599,0.44947588
B2A,f4219a5e81.jpg,0.7396550374957672,0.4392618
B2A,f42f6f0197.jpg,0.9180807711921656,0.19380648
B2A,f43113c91b.jpg,0.7444129378716919,0.4746949
B2A,f43c6fb1de.jpg,0.9210395307942849,0.2540511
B2A,f44a3275c9.jpg,0.8317413831593591,0.32271782
B2A,f46478e139.jpg,0.6241017471619126,0.67870367
B2A,f46cfb67bd.jpg,0.8064178830583054,0.46779472
B2A,f482274abc.jpg,0.7812774509417049,0.57722735
B2A,f4831ea6fb.jpg,0.7622088488061447,0.21971856
B2A,f4919d3664.jpg,0.8262028668363619,0.4331832
B2A,f494688de8.jpg,0.6737657723208882,0.34150416
B2A,f49ca09b7a.jpg,0.8317926781903571,0.47635236
B2A,f4a6936ec9.jpg,0.8278057605912907,0.28273693
B2A,f4a9c6100f.jpg,0.6504114658592792,0.34058097
B2A,f4c509ad69.jpg,0.8314312715556218,0.23251823
B2A,f4cdc8fdbc.jpg,0.6901830153368629,0.45141563
B2A,f4dd7ea66e.jpg,0.8134053696385207,0.36213046
B2A,f4eb1866c7.jpg,0.701322001279709,0.38858512
B2A,f4eb47f0dd.jpg,0.7376206309340049,0.43400258
B2A,f501fc4455.jpg,0.8549496039082354,0.34046358
B2A,f51503f974.jpg,0.7285774265984837,0.6779675
B2A,f51f06df8f.jpg,0.6859696823724161,0.512764
B2A,f53328c040.jpg,0.7872628712551487,0.3370613
B2A,f54cf76011.jpg,0.7724120518674528,0.24344927
B2A,f54dd83443.jpg,0.8870346424711075,0.34511685
B2A,f54f45c2ea.jpg,0.8237208496484133,0.36536777
B2A,f55b066db1.jpg,0.7474058033870393,0.33921427
B2A,f56ae75fdd.jpg,0.7548698459997811,0.36399958
B2A,f56b12cf0b.jpg,0.7671489523903335,0.49852946
B2A,f575a81ad6.jpg,0.8378883970957769,0.39620772
B2A,f58ec475cf.jpg,0.7230857119516739,0.58081526
B2A,f5b336d512.jpg,0.825024591989816,0.18977919
B2A,f5b3c7c78c.jpg,0.8142394535357167,0.33682692
B2A,f5c1d6af2a.jpg,0.8520199640074654,0.108007036
B2A,f5c3514cca.jpg,0.7560148073250174,0.5721687
B2A,f5c7a8068c.jpg,0.6800712515114304,0.55558103
B2A,f5d163add7.jpg,0.8683555102245727,0.29278994
B2A,f5d1922ba9.jpg,0.888608244198822,0.19369793
B2A,f5d652e997.jpg,0.797786001177287,0.5339186
B2A,f5ddf6d767.jpg,0.8259902057183277,0.21072645
B2A,f5efcc2979.jpg,0.8739779595019815,0.35121512
B2A,f5f34241cc.jpg,0.795946945078416,0.42077157
B2A,f5ffe2e92d.jpg,0.8871788763625233,0.2101284
B2A,f604e3e7e5.jpg,0.8899792744618977,0.32915
B2A,f607a14dd9.jpg,0.5452588192403351,0.56081444
B2A,f6084689ed.jpg,0.8537150864681435,0.63106596
B2A,f60910ed40.jpg,0.7047525214363285,0.25507712
B2A,f60b4c4d98.jpg,0.7088628630249421,0.45043123
B2A,f60b67ae6e.jpg,0.7717433436828792,0.24697353
B2A,f62bb41c9c.jpg,0.6788920493801117,0.41742286
B2A,f633c4ebed.jpg,0.6740846591390126,0.26157117
B2A,f639ee968c.jpg,0.7598476462785371,0.34294674
B2A,f63a1042f4.jpg,0.8549362099409449,0.28155163
B2A,f63a2b4fb9.jpg,0.8425799392628573,0.5119558
B2A,f64019e49d.jpg,0.8256009985720548,0.40180397
B2A,f647ce5fd1.jpg,0.9013249098712511,0.25623795
B2A,f651e57596.jpg,0.6418350417435504,0.4593454
B2A,f6574b10b7.jpg,0.7608329654100368,0.61272657
B2A,f6626c86e1.jpg,0.7332371202168482,0.39227405
B2A,f6798eb074.jpg,0.7345997091282751,0.55766857
B2A,f67f1708b6.jpg,0.8793863251190014,0.22573158
B2A,f68dae168d.jpg,0.6470693597512432,0.7069578
B2A,f68dcc7a8a.jpg,0.5708012977806763,0.63624966
B2A,f68e29bd81.jpg,0.8782499144737063,0.16811916
B2A,f690980765.jpg,0.5096200046526222,0.54162425
B2A,f69731b55b.jpg,0.7421970736393851,0.29988006
B2A,f69ff9b62b.jpg,0.8644026899640466,0.22526571
B2A,f6aa1d5154.jpg,0.86290435511164,0.31483254
B2A,f6ab953224.jpg,0.8430955385579255,0.27326205
B2A,f6b61559e0.jpg,0.8090332153223772,0.2745363
B2A,f6ca69a495.jpg,0.8417610077313754,0.28273687
B2A,f6cb2948da.jpg,0.7908182035002902,0.44853842
B2A,f6d01357b6.jpg,0.8018622967259353,0.32751244
B2A,f6e17b1a2a.jpg,0.7455705256421686,0.2919183
B2A,f6e422b697.jpg,0.9016519799509919,0.2715451
B2A,f6e5895253.jpg,0.7030525623425409,0.39274862
B2A,f6e822d131.jpg,0.7336953739486101,0.46801388
B2A,f6e8f07d9d.jpg,0.8184652343891496,0.5045092
B2A,f6efddda9c.jpg,0.6915713840197119,0.43887517
B2A,f706c0860d.jpg,0.7846569357045861,0.39188516
B2A,f70871846a.jpg,0.6178402815572275,0.4665108
B2A,f71cc4d572.jpg,0.8747055220775254,0.27583566
B2A,f721bb7f6d.jpg,0.7823016967759054,0.38555717
B2A,f743f3bf62.jpg,0.8645938590392986,0.32782698
B2A,f74cdcd632.jpg,0.8623019362756218,0.2606589
B2A,f7531c3b99.jpg,0.8881281396023609,0.19337954
B2A,f75a997bb8.jpg,0.9153914247426775,0.21659958
B2A,f76e1ec9a3.jpg,0.6665021185339379,0.5392456
B2A,f771e1e1b0.jpg,0.6796269735095402,0.48131695
B2A,f77377bd03.jpg,0.7802760107567523,0.35672966
B2A,f77505c83f.jpg,0.823434593546197,0.1544291
B2A,f77c59acb3.jpg,0.8010698835325905,0.35602647
B2A,f77e3cb703.jpg,0.7185958351404405,0.59067374
B2A,f77f395731.jpg,0.7024188751556717,0.39485115
B2A,f790a14012.jpg,0.8236697284677814,0.3181603
B2A,f79d9de05d.jpg,0.8060080582598985,0.26466638
B2A,f7a011547d.jpg,0.941862311903935,0.19361551
B2A,f7a821c3c8.jpg,0.7779295688293857,0.26240796
B2A,f7ae6e1d31.jpg,0.8056902571052812,0.4324041
B2A,f7c4d8033d.jpg,0.7423626156472923,0.543501
B2A,f7c78a4eef.jpg,0.8099526487544164,0.41134924
B2A,f7d0dba843.jpg,0.6914300696355316,0.50722235
B2A,f7d0f59566.jpg,0.7638519977956447,0.2655417
B2A,f7d17e77d6.jpg,0.7784454304005477,0.40358204
B2A,f7dbdb551f.jpg,0.739536138243533,0.50673336
B2A,f7dc666b50.jpg,0.699881469007886,0.3433264
B2A,f7eb84fdb7.jpg,0.8330007415124495,0.22712235
B2A,f7ee2469f6.jpg,0.885168100156889,0.294547
B2A,f7f1d58022.jpg,0.7418263932327083,0.3596087
B2A,f807c72b5d.jpg,0.599137154190382,0.41985077
B2A,f819274637.jpg,0.8335697311678311,0.42520237
B2A,f81b1cc834.jpg,0.8328768055736508,0.36126342
B2A,f82e8c30ac.jpg,0.8045493590681261,0.45689267
B2A,f82fc48ba4.jpg,0.8060399871883991,0.6178737
B2A,f8350e28db.jpg,0.8036491045929827,0.30351377
B2A,f8363ba521.jpg,0.6883624391543695,0.40536743
B2A,f83b161ca3.jpg,0.8513438111447708,0.36549062
B2A,f83e5b4295.jpg,0.6394547985351293,0.5182449
B2A,f843be17f5.jpg,0.6924173855737034,0.44820073
B2A,f84566ed02.jpg,0.6346081021917565,0.58464175
B2A,f84d77a2a6.jpg,0.8760635607421451,0.42135885
B2A,f85694dfe6.jpg,0.8515656971111195,0.21014652
B2A,f86b847b43.jpg,0.8798374785330332,0.29115784
B2A,f876ba92ea.jpg,0.8342832889001871,0.41904354
B2A,f87a1ab16d.jpg,0.8609046570668178,0.3150967
B2A,f87deecaa2.jpg,0.7585489135728288,0.41483426
B2A,f888dde817.jpg,0.7530273512549341,0.28513804
B2A,f8905451b4.jpg,0.7006482425325089,0.5097974
B2A,f895871068.jpg,0.7432575979731645,0.44654614
B2A,f89bc86075.jpg,0.7144540445134291,0.42109606
B2A,f8b6a915a9.jpg,0.9210897215775576,0.33145013
B2A,f8b73f1a33.jpg,0.6879351973140261,0.34468198
B2A,f8c19eaee6.jpg,0.7139032283576393,0.51429564
B2A,f8c63eea5a.jpg,0.6223782805346503,0.32018444
B2A,f8c8e456d7.jpg,0.8551636792245099,0.22939226
B2A,f8ca80aebb.jpg,0.8262181331345961,0.33673853
B2A,f8e10ef432.jpg,0.8935646834529365,0.1541495
B2A,f8e488ce75.jpg,0.8465138195748776,0.42177
B2A,f8e6d9f481.jpg,0.7911540137812404,0.5604624
B2A,f8f04744fd.jpg,0.6188200647147699,0.48137456
B2A,f8f98ae176.jpg,0.78166834103957,0.24166226
B2A,f8fac4e7ff.jpg,0.6835257988147432,0.45560881
B2A,f8ffd3ed06.jpg,0.724513323921179,0.31393233
B2A,f901dfad23.jpg,0.6852836489197752,0.46621713
B2A,f904d3484c.jpg,0.7892371611547033,0.30761504
B2A,f9080ec43b.jpg,0.63715884053437,0.34233266
B2A,f90edb8380.jpg,0.88010649605384,0.30972838
B2A,f90ee2b0db.jpg,0.8769379088728141,0.17567988
B2A,f9151bda3c.jpg,0.5605688057835135,0.74995923
B2A,f917b1c32a.jpg,0.6161280103357458,0.49866027
B2A,f91c3d1f53.jpg,0.7808395681501873,0.3131577
B2A,f91eb42b36.jpg,0.8097869352148018,0.28789154
B2A,f930392388.jpg,0.7301406461726474,0.39741918
B2A,f942443b5d.jpg,0.6700084413815517,0.5175463
B2A,f954a8be77.jpg,0.8881443472970788,0.34196344
B2A,f969505f84.jpg,0.7752365479283383,0.22224139
B2A,f96a50841d.jpg,0.7929652864167424,0.5377761
B2A,f97072faf8.jpg,0.8879950456463415,0.29021853
B2A,f975a1e01e.jpg,0.6598459533860017,0.47975552
B2A,f982a98853.jpg,0.880885878285148,0.20295243
B2A,f9843ad01b.jpg,0.769076219182889,0.31832123
B2A,f98627c542.jpg,0.918196662213308,0.25320777
B2A,f9867ce748.jpg,0.6986713728637208,0.69986707
B2A,f9989c2bd5.jpg,0.888129584119208,0.345573
B2A,f99a7a3267.jpg,0.7494476110848002,0.46179366
B2A,f99f52c7f5.jpg,0.7217525316802202,0.4104757
B2A,f99fe506ed.jpg,0.9207969100448651,0.21343327
B2A,f9a20c7988.jpg,0.6691533387162847,0.70188177
B2A,f9b4495f70.jpg,0.7770223966832268,0.27946436
B2A,f9b4d017a3.jpg,0.7798028532928888,0.37671852
B2A,f9ba7b025e.jpg,0.7736894876487526,0.46436632
B2A,f9c9afcd78.jpg,0.8545644549428166,0.23299196
B2A,f9cd461b5e.jpg,0.9030716239119896,0.20874059
B2A,f9cf6e7e27.jpg,0.850093362205246,0.27932498
B2A,f9e8571801.jpg,0.6518296940588441,0.54098874
B2A,f9f59d905c.jpg,0.8169839209069772,0.18585135
B2A,f9f6bc6871.jpg,0.8461651008546265,0.2916059
B2A,fa0fde7844.jpg,0.7875901866900451,0.42243785
B2A,fa24240abc.jpg,0.8659079057475076,0.23080024
B2A,fa307775e7.jpg,0.7834663395001613,0.5609143
B2A,fa3aba5483.jpg,0.8915022915745158,0.31707048
B2A,fa423fe5a3.jpg,0.7810692037318868,0.3939155
B2A,fa428459e2.jpg,0.7297420940811077,0.46355978
B2A,fa4326ff01.jpg,0.7501851674188802,0.56087947
B2A,fa47656f02.jpg,0.7897765437818958,0.25968373
B2A,fa48b1ceb5.jpg,0.7306194974572177,0.2963112
B2A,fa60f9a0c9.jpg,0.9009619911148627,0.20251422
B2A,fa63566e6e.jpg,0.726049012160831,0.58682054
B2A,fa728d214f.jpg,0.7843238178556099,0.2819184
B2A,fa751def39.jpg,0.8226629789551213,0.5494286
B2A,fa9a74e9a4.jpg,0.6629651498403512,0.4643699
B2A,fa9a768c9b.jpg,0.6128020096052595,0.40589833
B2A,faa4f82b52.jpg,0.9018705195403505,0.20843315
B2A,faaab4fb19.jpg,0.9419760527583261,0.28078878
B2A,fac89a2440.jpg,0.7915418018553835,0.35749823
B2A,facc9d2df2.jpg,0.744828275789251,0.4032511
B2A,fad67f0f19.jpg,0.7253832028545024,0.34751174
B2A,fb1779d922.jpg,0.7738184172599708,0.28752932
B2A,fb24316c57.jpg,0.8502969039162832,0.21983717
B2A,fb2a6a49d7.jpg,0.7019311381912456,0.59588176
B2A,fb362a6660.jpg,0.7778875243125088,0.28868544
B2A,fb3676a875.jpg,0.8664766910650585,0.33547515
B2A,fb546829cb.jpg,0.6130019742849014,0.56923574
B2A,fb562cd56b.jpg,0.7406676402284685,0.45062768
B2A,fb73e20575.jpg,0.8673652550634577,0.36769983
B2A,fb755692ce.jpg,0.7106907432395652,0.43471757
B2A,fb85264917.jpg,0.8431563935956246,0.22808585
B2A,fb8fb9b7c8.jpg,0.9051594952850034,0.26801866
B2A,fb97febc5f.jpg,0.927865575038694,0.25012928
B2A,fb9c5403b8.jpg,0.920216383803508,0.24932349
B2A,fbaa1647e7.jpg,0.8660553333791327,0.31961042
B2A,fbb5f72776.jpg,0.8288568308471469,0.24811937
B2A,fbb8e36b1c.jpg,0.9031960217827444,0.27917123
B2A,fbb8e5f081.jpg,0.8752699345380917,0.27355763
B2A,fbc1c4e45b.jpg,0.7106353528183512,0.4512122
B2A,fbc34e93dc.jpg,0.7613929225945568,0.3736738
B2A,fbc3754be3.jpg,0.8438601703530101,0.29010364
B2A,fbc70f973a.jpg,0.8223158443750853,0.22975203
B2A,fbdaf94ace.jpg,0.6083608772048964,0.42783833
B2A,fbf3ab42e9.jpg,0.8673078492932834,0.2627712
B2A,fc02616c06.jpg,0.8032952224360965,0.34164485
B2A,fc043d38eb.jpg,0.7867310706749723,0.36006078
B2A,fc04ed2d42.jpg,0.9131915255850068,0.1762409
B2A,fc075619e7.jpg,0.7343459578791043,0.36849433
B2A,fc16c59788.jpg,0.7926209840706249,0.3594749
B2A,fc30e458d6.jpg,0.8253680688571735,0.30534655
B2A,fc458d4ee1.jpg,0.8268611034763488,0.24546835
B2A,fc49fb17f3.jpg,0.8296013482288997,0.30662063
B2A,fc51c26e2d.jpg,0.8989699287809048,0.33571354
B2A,fc59b308a8.jpg,0.8777412107549611,0.26739424
B2A,fc5feebdc8.jpg,0.7277124139326006,0.36836663
B2A,fc622b5577.jpg,0.9117435395726669,0.17908749
B2A,fc64e9fe13.jpg,0.9163749944927108,0.23514873
B2A,fc6d47c7b0.jpg,0.7509431167297287,0.47158706
B2A,fc9d809645.jpg,0.7569679422613073,0.32886654
B2A,fcaeb2fb17.jpg,0.8214887495302874,0.30094045
B2A,fcc0dc41b3.jpg,0.7586449590121205,0.3552696
B2A,fcc59cb31d.jpg,0.9021786137976394,0.43779844
B2A,fcd35ead6e.jpg,0.7158892350753996,0.31290996
B2A,fcd5eaceb7.jpg,0.8085289401862447,0.38456377
B2A,fcdd5b1e31.jpg,0.6153346325141515,0.58498895
B2A,fce074b92c.jpg,0.6578698085684362,0.40355486
B2A,fd0071794a.jpg,0.7244547167246591,0.3730746
B2A,fd06d4e7e3.jpg,0.8931982766813003,0.27541047
B2A,fd0a02921a.jpg,0.7162056806799615,0.48335108
B2A,fd15f29d57.jpg,0.8268952040072515,0.20023447
B2A,fd1f9293ca.jpg,0.7288623881974883,0.377552
B2A,fd20b4c41a.jpg,0.8573204485029973,0.25708446
B2A,fd457c68d9.jpg,0.5963942857616216,0.7129717
B2A,fd48eb1f90.jpg,0.9051294204166633,0.2943018
B2A,fd49936788.jpg,0.7669552326435373,0.3345368
B2A,fd4debe229.jpg,0.8554331290747705,0.19355986
B2A,fd541f5f93.jpg,0.7761413572272389,0.3839258
B2A,fd5ce86649.jpg,0.8668275557963432,0.25245452
B2A,fd619e77af.jpg,0.7542537182591755,0.2654943
B2A,fd6b68436e.jpg,0.7085395643817116,0.42125148
B2A,fd6c9bcbfa.jpg,0.5905104992634457,0.3915485
B2A,fd7d170a69.jpg,0.7676847739998272,0.6558091
B2A,fd85d15361.jpg,0.7435770629228374,0.4104529
B2A,fd8c99d93b.jpg,0.795006088011021,0.37066633
B2A,fd9767f897.jpg,0.7591322683495436,0.36822355
B2A,fda550148e.jpg,0.6819732347610116,0.576006
B2A,fdad36c1e0.jpg,0.7331968962152571,0.37538248
B2A,fdb01f9aba.jpg,0.7497762915538349,0.24128582
B2A,fdb031e406.jpg,0.603914596849545,0.42448166
B2A,fdc2b3b936.jpg,0.9185804012224678,0.3622349
B2A,fdc6c88003.jpg,0.8250057971271092,0.3386472
B2A,fdce0c0d6d.jpg,0.6498060198244735,0.47887197
B2A,fdd33c1145.jpg,0.9053870641211624,0.10082963
B2A,fddc60bb99.jpg,0.8866268532365887,0.16659328
B2A,fddcadfd3a.jpg,0.7807384391420148,0.41168827
B2A,fde289be21.jpg,0.7723733396415567,0.3728302
B2A,fde28fae2a.jpg,0.6946667062295334,0.34571925
B2A,fde46f2be4.jpg,0.7428897401401852,0.51028997
B2A,fdf013342c.jpg,0.7955767171822801,0.5703474
B2A,fdf57fbe60.jpg,0.8609504485256916,0.3404227
B2A,fdf84c4887.jpg,0.7787408406203395,0.25446326
B2A,fdfc86a000.jpg,0.7504442150899159,0.29207838
B2A,fe00c3d087.jpg,0.9152255092527147,0.19984138
B2A,fe0a4f0e5a.jpg,0.853935657453491,0.3143647
B2A,fe1561993e.jpg,0.9171212016206312,0.17078538
B2A,fe1c9d9e5a.jpg,0.8952590994834468,0.2730092
B2A,fe283d4ae3.jpg,0.6684015966040013,0.45934847
B2A,fe381a7c17.jpg,0.8861309870309044,0.463238
B2A,fe3c9d0016.jpg,0.8934431873252422,0.26035517
B2A,fe3de96780.jpg,0.7393861794614665,0.6320112
B2A,fe3feb7d1b.jpg,0.7199855107909474,0.47139478
B2A,fe40ac1d8b.jpg,0.8076745891481323,0.23278709
B2A,fe4c4e4b6b.jpg,0.815948522212569,0.35630554
B2A,fe5dc7ef05.jpg,0.5691216396064415,0.42367813
B2A,fe6152a619.jpg,0.7393256602779845,0.6270847
B2A,fe65abaafd.jpg,0.7651476693974262,0.4121083
B2A,fe702a794e.jpg,0.49340513428594507,0.5090171
B2A,fe714c846e.jpg,0.7207962925664806,0.37292016
B2A,fe7af9c427.jpg,0.7725746629226514,0.39754772
B2A,fe9cc12ae1.jpg,0.665081834921487,0.17874357
B2A,fea227771f.jpg,0.7326947990173437,0.42302424
B2A,fea42e4505.jpg,0.6842555309559986,0.5519684
B2A,fea4d4f76c.jpg,0.7664908772825964,0.3676336
B2A,fea5afe679.jpg,0.7735690332115067,0.3534401
B2A,feb132e4c1.jpg,0.8337763086345878,0.24123022
B2A,fee0c39907.jpg,0.8240157146475827,0.2794242
B2A,fefb86c469.jpg,0.7061177279566734,0.43779457
B2A,fefcd07a5e.jpg,0.8591345568269529,0.24188113
B2A,ff03c98f0e.jpg,0.7094333909314479,0.3679762
B2A,ff2152ac2a.jpg,0.6722444786043273,0.59375525
B2A,ff258e79ce.jpg,0.6105340642831557,0.48902434
B2A,ff2cb6658c.jpg,0.924879934388603,0.20271501
B2A,ff2f57429f.jpg,0.7105032554216238,0.31923473
B2A,ff3867d938.jpg,0.8391125485914094,0.28483543
B2A,ff46474c6d.jpg,0.8783471422134076,0.26237994
B2A,ff48e8580b.jpg,0.7686011308337797,0.40268096
B2A,ff58af0f3b.jpg,0.6378333431156539,0.34358406
B2A,ff5c15ab50.jpg,0.765592939016386,0.30908707
B2A,ff6ed45562.jpg,0.7526595399260808,0.4334704
B2A,ff757d7db3.jpg,0.9168615685282225,0.20101202
B2A,ff769c35c9.jpg,0.8529024080389932,0.26061797
B2A,ff7d83bc1d.jpg,0.9031623857156286,0.32596296
B2A,ff853f993b.jpg,0.843586782417271,0.29561964
B2A,ff9ca0e1bb.jpg,0.91154655501756,0.21849015
B2A,ff9e94857b.jpg,0.869810573307889,0.26222032
B2A,ffa1ee4875.jpg,0.594577582384815,0.49483186
B2A,ffa5d376be.jpg,0.8558546597835781,0.39843243
B2A,ffbbb24b43.jpg,0.6793436079069398,0.47943616
B2A,ffbdd43bfb.jpg,0.768450497761549,0.46370527
B2A,ffc5b52a77.jpg,0.7033461163009687,0.33256364
B2A,ffcc20463a.jpg,0.8120374616723517,0.33910137
B2A,ffcdd249dd.jpg,0.9159828832368779,0.38740376
B2A,ffcf64f150.jpg,0.6883192821156373,0.39125273
B2A,ffd71fce61.jpg,0.8005659388543298,0.32832393
B2A,ffe1af8ca0.jpg,0.7065352649503014,0.4048646
B2A,fff5c33050.jpg,0.8281467072498291,0.29397047
B2A,fffaaaae65.jpg,0.6918189019893718,0.34435654
B2A,fffc0836d7.jpg,0.804784539413517,0.36683702
