direction,file,content_cosine,lpips
A2B,000c1e3bff.jpg,0.7044623639538524,0.459151
A2B,011835cfbf.jpg,0.8626060708748039,0.34541306
A2B,0260d15306.jpg,0.750271160810234,0.46596897
A2B,049e293b93.jpg,0.7090941523037464,0.50724095
A2B,05144e306f.jpg,0.7465209702770674,0.53101504
A2B,052a77c020.jpg,0.8405767445753604,0.3238503
A2B,058f878b7c.jpg,0.7448658387905193,0.47066203
A2B,05b493ff42.jpg,0.8767672719156753,0.3941045
A2B,064487d630.jpg,0.7634982151331902,0.3114959
A2B,066fe4cbaa.jpg,0.846785514761209,0.2836311
A2B,07fcaee35f.jpg,0.6588656917430104,0.46900845
A2B,09b76b6471.jpg,0.7766502617914169,0.45940113
A2B,0a5075d42a.jpg,0.8153185874856953,0.32783526
A2B,0bd913dbc7.jpg,0.6981086901746845,0.3925918
A2B,0e3b3292da.jpg,0.7236473572444642,0.43583786
A2B,106757e5d8.jpg,0.723166645670441,0.35934433
A2B,1078363ff0.jpg,0.7915782005188254,0.33777082
A2B,10c555c1b1.jpg,0.9408949950296145,0.24053696
A2B,118da0690c.jpg,0.7755749522311485,0.42408192
A2B,11ab570c5e.jpg,0.7852612063409234,0.45846274
A2B,11be65b3e9.jpg,0.8617253956811893,0.3398439
A2B,133b42e498.jpg,0.7287454343134495,0.30460024
A2B,14162de938.jpg,0.8714061466948018,0.4080975
A2B,14ff6e6a99.jpg,0.8130110028283604,0.29632828
A2B,158740962c.jpg,0.7405693354997217,0.4471546
A2B,16dabe418c.jpg,0.7347946975566554,0.4358912
A2B,17557a29cb.jpg,0.8066237066686007,0.35692525
A2B,1814cc6632.jpg,0.8023802565826679,0.47183126
A2B,184d6c66cd.jpg,0.7605111279430009,0.32126978
A2B,1994b8d4a2.jpg,0.684847467801541,0.40423104
A2B,19dc36ccb2.jpg,0.7033229116729605,0.3293543
A2B,1a127acf4d.jpg,0.8752620553496545,0.26710606
A2B,1e4e4e63c5.jpg,0.7526563495360076,0.48125708
A2B,1f22663e72.jpg,0.6196808823795179,0.42940876
A2B,1f9667f2a7.jpg,0.6897691108961219,0.64749664
A2B,22b1ac6b44.jpg,0.9161592976196299,0.26238227
A2B,23832dead5.jpg,0.776029187796882,0.39393336
A2B,23b07c3769.jpg,0.7724791158479997,0.43515897
A2B,23d6aeb485.jpg,0.6657397454162877,0.60941505
A2B,23f0fbd77e.jpg,0.8702582534274076,0.23683277
A2B,24af733334.jpg,0.7448030716544249,0.3539762
A2B,252d9a4abc.jpg,0.7893622636274533,0.3428525
A2B,2581464ddc.jpg,0.8500532071878023,0.2585586
A2B,25c9904782.jpg,0.7630091709317778,0.32059687
A2B,26b66eb819.jpg,0.7009955384140084,0.41769242
A2B,2759c1ed37.jpg,0.6348201469416217,0.49970326
A2B,281b73fb5e.jpg,0.6574462209134597,0.32744965
A2B,28deb43a71.jpg,0.8227330169317812,0.27701592
A2B,295eb5c521.jpg,0.7871270676623516,0.46535307
A2B,29696b4455.jpg,0.5678776747046168,0.47262025
A2B,2acfbab228.jpg,0.7472048282851322,0.35412842
A2B,2c00f5147f.jpg,0.7969768280080639,0.4352762
A2B,2cca56415e.jpg,0.682141174801868,0.5713942
A2B,2e0d0e6e19.jpg,0.6798337416167394,0.6030677
A2B,2f20944b6a.jpg,0.7803424194091668,0.3466912
A2B,2f90c99e10.jpg,0.6665400796418194,0.4068833
A2B,3283442e33.jpg,0.7302468207938455,0.42182493
A2B,32cc820303.jpg,0.806129315421204,0.28147405
A2B,32e33792cc.jpg,0.8674382995564487,0.32653314
A2B,3417ace946.jpg,0.7508134549558049,0.49086672
A2B,344d1829bb.jpg,0.7997114563549151,0.42688277
A2B,3545597386.jpg,0.8975658064024946,0.31595683
A2B,369f6d07e8.jpg,0.6698815957001892,0.444505
A2B,3843e221cc.jpg,0.7455109783887937,0.41186902
A2B,3b262c6726.jpg,0.8057290830027549,0.35171145
A2B,3c341ff93e.jpg,0.748519424046281,0.4398049
A2B,3d13fe022e.jpg,0.6300597755520218,0.3953374
A2B,3deea9f4a4.jpg,0.6918839520648676,0.4835935
A2B,3eaef3ee43.jpg,0.8445735674147131,0.40008458
A2B,40d7d18ad3.jpg,0.843883986438708,0.40175235
A2B,417e77e946.jpg,0.6907089900602116,0.41953534
A2B,4260d1c556.jpg,0.6588087718529546,0.39809936
A2B,429e382095.jpg,0.6744693732207995,0.38110918
A2B,463835bbc6.jpg,0.78524370690562,0.4405992
A2B,4660310c3e.jpg,0.7526247034380809,0.37585434
A2B,47a0548067.jpg,0.549141362509106,0.6057921
A2B,488600cb75.jpg,0.7974612039030813,0.4267117
A2B,49337b68f4.jpg,0.8476238678556595,0.3489761
A2B,4995c04b1a.jpg,0.7797819606586184,0.21974432
A2B,4ab2583fe2.jpg,0.8681095343570703,0.31584737
A2B,4ad8b366c1.jpg,0.7729999025205937,0.4997505
A2B,4b0adf7c6f.jpg,0.8563304922731992,0.3387854
A2B,4bb4ca7b03.jpg,0.8629270068741215,0.33333302
A2B,4c0e35882c.jpg,0.7202250578210136,0.3925727
A2B,4c74254ad3.jpg,0.796321774842545,0.4656438
A2B,4e05523825.jpg,0.857205216569411,0.41255528
A2B,4f045779b0.jpg,0.7545999976485327,0.39822474
A2B,4f3f4ff590.jpg,0.7805481761191181,0.33396927
A2B,4f4de0bbba.jpg,0.800111954049746,0.2679999
A2B,4f7e01f097.jpg,0.7850789262567015,0.5759236
A2B,50855dd324.jpg,0.8228700927358819,0.25658906
A2B,512cd171a9.jpg,0.7186538147078109,0.383375
A2B,5185e8c56a.jpg,0.6812245122266818,0.3985826
A2B,51bdd25f76.jpg,0.8535643803281082,0.34798098
A2B,51db3fc011.jpg,0.8357348476157761,0.2645627
A2B,526a110636.jpg,0.7515567465729939,0.3586209
A2B,52aed0f943.jpg,0.7029983833971819,0.3339901
A2B,52d12dc627.jpg,0.8042433288874024,0.28461033
A2B,52fc351abf.jpg,0.8627458547065957,0.2859399
A2B,536aa87152.jpg,0.7141721850009346,0.5190722
A2B,565f19268b.jpg,0.7901738638159707,0.35472265
A2B,586acab7c5.jpg,0.7476659035608612,0.6107
A2B,5926f85cbf.jpg,0.7056044046880803,0.4825998
A2B,593db29cce.jpg,0.7758369681030172,0.3512351
A2B,599098859e.jpg,0.701588275370166,0.31221753
A2B,59df696966.jpg,0.6898232611257368,0.42425388
A2B,5aa514ffac.jpg,0.7773841957555928,0.3695904
A2B,5c79cfe0b3.jpg,0.8266646932416823,0.32048365
A2B,5cb895b722.jpg,0.8655519955482717,0.34717178
A2B,5e357ad790.jpg,0.8332404673352685,0.36949784
A2B,5ffbfe68d4.jpg,0.7742489841012745,0.3107568
A2B,6043aadea0.jpg,0.8495800330939766,0.3033845
A2B,608ee0d370.jpg,0.6935587467834787,0.53695613
A2B,61e735361a.jpg,0.7524417350901043,0.43397716
A2B,632ddbc784.jpg,0.6097159324923993,0.5493332
A2B,661e374153.jpg,0.575618249266139,0.4627239
A2B,66226e18fc.jpg,0.8396599528485824,0.35157543
A2B,66a144f547.jpg,0.827461466746361,0.44259953
A2B,6742294320.jpg,0.7413928357429208,0.30212322
A2B,676a5a4c2e.jpg,0.7855651653559516,0.35508865
A2B,6782e7cb2a.jpg,0.7440355314320394,0.50074476
A2B,68729aac07.jpg,0.7154443128611806,0.676573
A2B,68b60c04b7.jpg,0.7399522016040538,0.2949925
A2B,68d60af226.jpg,0.8602905416581738,0.22883472
A2B,695897bd4a.jpg,0.8816183235268891,0.329223
A2B,69f4b75a37.jpg,0.7197980067451537,0.40177852
A2B,6a03aea8be.jpg,0.7000816009593004,0.56869805
A2B,6bbe0e63c6.jpg,0.8443858705214109,0.32124934
A2B,6bfbd1df5b.jpg,0.811725745807693,0.32199866
A2B,6c6cc46498.jpg,0.6921927753986227,0.3099611
A2B,6d0e87f557.jpg,0.7937331725614838,0.5398547
A2B,6e0429f92e.jpg,0.7771785637905243,0.2957919
A2B,6ee7c39dbc.jpg,0.8931363114146114,0.3039837
A2B,6f0b9df5c5.jpg,0.7923053875515821,0.31173083
A2B,7017e6caa1.jpg,0.8069898519250582,0.42040306
A2B,7054793632.jpg,0.706850536014862,0.43041798
A2B,70bc945f95.jpg,0.6902296136011687,0.57316923
A2B,718445ebe3.jpg,0.766561438826511,0.4485063
A2B,7239ba0b55.jpg,0.6661765750072527,0.409572
A2B,730f325b64.jpg,0.7774977992511043,0.3006003
A2B,732d76a469.jpg,0.5981095934362577,0.35204077
A2B,7341d96c1d.jpg,0.7356851628131746,0.31693244
A2B,73f33a12c5.jpg,0.8694336079782723,0.26743066
A2B,74e452fb31.jpg,0.7648487056201371,0.26329798
A2B,76cc7181f8.jpg,0.9228267658591279,0.3021345
A2B,77b37629f2.jpg,0.7549397330556289,0.42164984
A2B,79224da51f.jpg,0.7611054450956818,0.3216305
A2B,79292e1434.jpg,0.8249610877399578,0.30985487
A2B,7952021d2f.jpg,0.7022459428873061,0.37414983
A2B,7960adbd50.jpg,0.8037262650012985,0.5301244
A2B,7cb36714d0.jpg,0.826220556492022,0.34789518
A2B,7d64c3100c.jpg,0.7087835121124895,0.5194623
A2B,8044a92484.jpg,0.7715788767718046,0.23718412
A2B,8077b7e9e7.jpg,0.7881750518322571,0.37574777
A2B,8114fa2607.jpg,0.7790949918541605,0.438613
A2B,815624563e.jpg,0.8774340718802968,0.2799108
A2B,82991e742a.jpg,0.7746849130721143,0.37728825
A2B,82b9fd68b1.jpg,0.8568610514621843,0.38559616
A2B,8314acfd35.jpg,0.7506674667376214,0.5251517
A2B,853f8d711f.jpg,0.8553785519442849,0.46325654
A2B,85580214be.jpg,0.7673427357224459,0.31511742
A2B,88402296cc.jpg,0.8558681391593168,0.28633153
A2B,893db2701d.jpg,0.8891180516270399,0.33884764
A2B,89964efa86.jpg,0.8271581393569168,0.28491974
A2B,89d970411d.jpg,0.717185968371719,0.45922917
A2B,89fcbf2f76.jpg,0.6701802785703055,0.43885607
A2B,8b54448a07.jpg,0.8303026737946604,0.34541163
A2B,8b7948248f.jpg,0.7207159649791108,0.29977626
A2B,8b841420b4.jpg,0.8146686390916971,0.24161008
A2B,8c48e112d0.jpg,0.7448537612151912,0.31820986
A2B,8c8011c291.jpg,0.8271288609953072,0.3391894
A2B,8cfd45a2e2.jpg,0.7590738545941449,0.58532524
A2B,8e5ff15568.jpg,0.7849383713781308,0.24892025
A2B,8ee2933868.jpg,0.8289354525037327,0.21798317
A2B,8f02369f42.jpg,0.8574153184714047,0.2530029
A2B,910610e827.jpg,0.6989206646797563,0.30966917
A2B,910729e0ce.jpg,0.8749416279252216,0.3786324
A2B,92c0ba8c0d.jpg,0.8585968894338533,0.26856524
A2B,93132f89ee.jpg,0.5590301682659391,0.45655963
A2B,932d0dd808.jpg,0.8098501710218338,0.39261436
A2B,95a53d7b0b.jpg,0.9171015794634761,0.2582603
A2B,95b5f01a85.jpg,0.810945062188522,0.23899958
A2B,9843bc25c5.jpg,0.911871639615036,0.19334772
A2B,9908d1daa9.jpg,0.7620616279895301,0.33687326
A2B,990ed28f62.jpg,0.7976599062763908,0.26574016
A2B,9963d64ebf.jpg,0.5996079728428391,0.4477159
A2B,99a51d3e25.jpg,0.832202231168453,0.38903323
A2B,99d94af5dd.jpg,0.7641604059443615,0.24304989
A2B,9ae6552353.jpg,0.8218617613519876,0.37017024
A2B,9d58456cc3.jpg,0.7717893878493953,0.42103806
A2B,9d9a4fccfb.jpg,0.6107217696728096,0.6641515
A2B,9db9843ed1.jpg,0.7587377962805905,0.4082811
A2B,9f409e3376.jpg,0.8154299793801999,0.3345136
A2B,9fc868e864.jpg,0.7909632196193627,0.36521494
A2B,a030bc32e6.jpg,0.6909314959274977,0.39158043
A2B,a06b54dfe9.jpg,0.7357887482301181,0.36697066
A2B,a202b1b200.jpg,0.8856367983591867,0.2720242
A2B,a210ceedc7.jpg,0.8633654402733425,0.3041052
A2B,a4e4a61fb2.jpg,0.6739675894972498,0.38987115
A2B,a59f3f5b89.jpg,0.8520566943736574,0.2922209
A2B,a619072f82.jpg,0.6480310386404481,0.5921571
A2B,a6291c2a1c.jpg,0.8081708704178074,0.29085767
A2B,a642e9cb6f.jpg,0.7472961293545396,0.34621567
A2B,a7977705be.jpg,0.7971619361845477,0.33808553
A2B,a7d53885e8.jpg,0.7845066063810965,0.43000913
A2B,a885da7b52.jpg,0.8064710189489858,0.31598645
A2B,a8fbbe3eb1.jpg,0.8359384631749733,0.23249002
A2B,a96b79a93f.jpg,0.6450801847462897,0.4390772
A2B,aa76c7625a.jpg,0.6523144188803397,0.4727587
A2B,ad0101d010.jpg,0.7795179155702354,0.4056527
A2B,ad8ce41fc0.jpg,0.8221833808605776,0.29719043
A2B,b1310da865.jpg,0.8729166490944676,0.36083642
A2B,b13c0973ee.jpg,0.7263048164769009,0.36994627
A2B,b1ea5d5a7d.jpg,0.6805982579236781,0.6329259
A2B,b256e61a5d.jpg,0.8093007243548392,0.2651085
A2B,b2ce76c750.jpg,0.7660325828024028,0.42187428
A2B,b3adc75e7d.jpg,0.835292642857544,0.34136188
A2B,b44f24c048.jpg,0.8277779484588256,0.37314165
A2B,b5c2fe7c4c.jpg,0.7374192131555982,0.44155103
A2B,b76d52e05a.jpg,0.7311804443493848,0.45939022
A2B,b99546090b.jpg,0.741667079915019,0.37842155
A2B,ba52f976af.jpg,0.7475094696599963,0.3517949
A2B,baf6efabfe.jpg,0.7629787904959989,0.26395983
A2B,bbc5ac4564.jpg,0.7517002075154636,0.42165297
A2B,bc4b364a44.jpg,0.7653691051132335,0.47966594
A2B,bf6db09354.jpg,0.7309753096652353,0.3131944
A2B,c14505c1da.jpg,0.8583985888183522,0.23275626
A2B,c1dc1a85a4.jpg,0.8921405920936182,0.28444532
A2B,c2576267d4.jpg,0.7910471459311945,0.40458325
A2B,c4622e3fb6.jpg,0.7312565557445535,0.3324298
A2B,c67ba2060c.jpg,0.6864657196649049,0.46612316
A2B,c68c52e8fc.jpg,0.8110730693584512,0.2796996
A2B,c6c360756c.jpg,0.8043899030841868,0.37773848
A2B,c6c88ce9c4.jpg,0.8360039137470635,0.35899767
A2B,c78b4fa3a9.jpg,0.7977795134716679,0.18610498
A2B,c7d8142152.jpg,0.8114585334524862,0.44420296
A2B,cb50326950.jpg,0.7896619454178561,0.25301242
A2B,cb9c553ded.jpg,0.7531212516420633,0.46837693
A2B,cc2bb659f4.jpg,0.8522327821028013,0.30596128
A2B,cd6623d07d.jpg,0.714502574602066,0.24281102
A2B,cdddf326e3.jpg,0.6792272545071029,0.6631022
A2B,ce3e0daddd.jpg,0.6875444450821305,0.51763356
A2B,ceb6cf5f31.jpg,0.9073960923968762,0.30250585
A2B,cf6488d84c.jpg,0.5550049085157059,0.48223567
A2B,cfc6fce7b5.jpg,0.7200908398658313,0.36115426
A2B,d05cab011d.jpg,0.8482417031720361,0.2893138
A2B,d087730b76.jpg,0.7824302265434725,0.22496453
A2B,d14c1abdd4.jpg,0.8352087268743695,0.43369755
A2B,d1d9748a64.jpg,0.8238684260980093,0.3823369
A2B,d239dae42d.jpg,0.7443624831274949,0.5319733
A2B,d4116437bb.jpg,0.8123598684072991,0.41607216
A2B,d50049fbfc.jpg,0.756325358770606,0.31269914
A2B,d5b0c260a0.jpg,0.8200102568095787,0.41814414
A2B,d6d6e625bd.jpg,0.796614811068284,0.3805744
A2B,d729785cb8.jpg,0.7604739254103096,0.35318083
A2B,d754850d01.jpg,0.8291703278021705,0.30431786
A2B,d7948c7635.jpg,0.7611679009222341,0.46665013
A2B,d88482796d.jpg,0.8023380902818537,0.37248886
A2B,d9e8704878.jpg,0.8142872029144297,0.33640695
A2B,da72006ef5.jpg,0.7579289390859093,0.4289065
A2B,dc33f0edbe.jpg,0.6828280161228003,0.50309026
A2B,dcab49d080.jpg,0.6315279844020757,0.55618644
A2B,dcf5ea1040.jpg,0.7602665168244516,0.45545644
A2B,dd46691bd7.jpg,0.8608519426978398,0.36385512
A2B,de6f71b00f.jpg,0.7954966892005197,0.28483742
A2B,df64ac2dcb.jpg,0.7958621233803422,0.3278012
A2B,e2253b87a0.jpg,0.7241609051732915,0.34895843
A2B,e291f8144f.jpg,0.6691935275358234,0.3745786
A2B,e3112413b1.jpg,0.8040776466950913,0.47861326
A2B,e37407c747.jpg,0.7766047222137792,0.57300663
A2B,e510a74d3c.jpg,0.7044277854059477,0.45875522
A2B,e568f84fad.jpg,0.7036312821952769,0.4556936
A2B,e753318d04.jpg,0.8312146356415071,0.36363375
A2B,e88d9de918.jpg,0.8624000748506986,0.25971743
A2B,e9580cd500.jpg,0.7330276607693222,0.33648688
A2B,e9f5563817.jpg,0.8716259955717609,0.2665474
A2B,e9f686534b.jpg,0.721648046350064,0.27247068
A2B,eb3cc5c559.jpg,0.7844291680656006,0.35571325
A2B,ec3398cef9.jpg,0.822112181652977,0.28708568
A2B,ec78d80dbd.jpg,0.7243379375048803,0.42847857
A2B,ed597655a0.jpg,0.7961849982214229,0.47138143
A2B,ede9769cb3.jpg,0.714706769057246,0.6364812
A2B,ee7adac58f.jpg,0.8103743808119684,0.3920762
A2B,f04c9d8e34.jpg,0.7083281860257953,0.35167024
A2B,f0884db067.jpg,0.6407012776013377,0.4333357
A2B,f0d789c4bc.jpg,0.7764657979727789,0.28722247
A2B,f4413e97bd.jpg,0.6999783325142328,0.4278775
A2B,f486c1655f.jpg,0.7927185638564656,0.5220611
A2B,f7836c88eb.jpg,0.7475600139848223,0.309103
A2B,f821791c85.jpg,0.7140221843811911,0.41478825
A2B,f84fb4516a.jpg,0.6965711022355089,0.5629351
A2B,f96a8de9f3.jpg,0.594340903076693,0.6227565
A2B,fb3b06dcb2.jpg,0.7477104393690327,0.42622572
A2B,fb806a2a1c.jpg,0.8610915374333088,0.3822334
A2B,fb93438ff9.jpg,0.7949179589951874,0.43659598
A2B,fba982625d.jpg,0.7782392692843079,0.44648606
A2B,fc11d52502.jpg,0.7610406184187372,0.26673666
A2B,fd63a333f1.jpg,0.8260724879830172,0.28650665
A2B,fdf1530d95.jpg,0.8131550475497362,0.39888984
A2B,ffd74c77ea.jpg,0.6437612733410718,0.37529674
B2A,00068bc07f.jpg,0.642666247056711,0.41508013
B2A,000910d219.jpg,0.7124291163627002,0.42401153
B2A,000ded5c41.jpg,0.5896290864363052,0.47392154
B2A,00104fd531.jpg,0.6943980887878001,0.43897182
B2A,001158d595.jpg,0.6998647172194065,0.36855477
B2A,0033c5f971.jpg,0.6924118043744599,0.4742121
B2A,0039ebb598.jpg,0.5985165771482066,0.5106636
B2A,003aab6fdd.jpg,0.7308447085181259,0.4892149
B2A,003c6c30e0.jpg,0.7952878243508887,0.40063167
B2A,00479e2a21.jpg,0.709939802626854,0.40307873
B2A,005f987f56.jpg,0.6411465177118751,0.49451154
B2A,0080f94ebc.jpg,0.6646906783333926,0.47012058
B2A,00882b7e1d.jpg,0.6047994336049675,0.37985536
B2A,009d534136.jpg,0.8001852831031749,0.42966908
B2A,009ddaed1f.jpg,0.7696737300586666,0.44364077
B2A,00aeb60e25.jpg,0.7067836155388606,0.36642054
B2A,00c6a0ad1e.jpg,0.7159346154069888,0.40258983
B2A,00dcf0f1e3.jpg,0.595586293035161,0.35567158
B2A,00dff09ebe.jpg,0.8148132618212478,0.43564904
B2A,00e1798585.jpg,0.8048263328195829,0.36911222
B2A,00e64e1b2c.jpg,0.6897551020089993,0.3541718
B2A,00f78547f0.jpg,0.8012068798182913,0.4322187
B2A,00fcff630e.jpg,0.8279825254816348,0.44997245
B2A,01135e4771.jpg,0.872800417732969,0.27745876
B2A,011f46de73.jpg,0.7051124691606485,0.4700767
B2A,012df5ce29.jpg,0.8950647219082105,0.2772064
B2A,01416e7ada.jpg,0.7881654867643232,0.47866765
B2A,01480da48f.jpg,0.498665297929348,0.5462114
B2A,0159685c51.jpg,0.6286630584716482,0.5618627
B2A,015f79b672.jpg,0.8005734823978939,0.33475143
B2A,01622039ef.jpg,0.6794103244895172,0.49217838
B2A,0162322d2d.jpg,0.6818027790422,0.38483125
B2A,016d408833.jpg,0.8724146241447535,0.3912863
B2A,016f524878.jpg,0.7736097602403015,0.29702735
B2A,017018f377.jpg,0.5765512173409704,0.5883686
B2A,01771d99c3.jpg,0.63619913141932,0.5696738
B2A,017aacad6e.jpg,0.7946187323124381,0.47707215
B2A,018be60883.jpg,0.6754645138744921,0.49573344
B2A,018db0f253.jpg,0.57771482724293,0.51698184
B2A,01952c7673.jpg,0.8266133257255709,0.40067124
B2A,01971e48e5.jpg,0.4559664744975559,0.539611
B2A,019cf7682d.jpg,0.7929818003373471,0.2611166
B2A,01ae8be57e.jpg,0.8252474004051645,0.30392358
B2A,01af5f8623.jpg,0.7497476575188116,0.31395853
B2A,01bce47d3f.jpg,0.6698686865799398,0.42030233
B2A,01c4f86e3e.jpg,0.46188184715160324,0.44604823
B2A,01f7a6398e.jpg,0.8611548783362789,0.37695926
B2A,02001e59af.jpg,0.8221207748825323,0.36626524
B2A,0212257854.jpg,0.7886988902082637,0.45081308
B2A,021df2c226.jpg,0.49921797311031574,0.42241648
B2A,022ca16b0f.jpg,0.5917236721296679,0.4631897
B2A,023637f8fb.jpg,0.6986436159727787,0.51956195
B2A,023eed0385.jpg,0.5653594106184362,0.46010774
B2A,023f3cbb75.jpg,0.7375532688559668,0.3149913
B2A,0240a597f5.jpg,0.7038310857469746,0.52409935
B2A,024d98032b.jpg,0.884352442518845,0.39028448
B2A,0254fc91bd.jpg,0.7719150492406954,0.4213727
B2A,02620a36f7.jpg,0.7890437184984374,0.56249255
B2A,026ac33f9c.jpg,0.7405683453466401,0.3936507
B2A,029524fd91.jpg,0.731039399942894,0.5057009
B2A,029854a790.jpg,0.5399306861084449,0.47687733
B2A,02a1366c74.jpg,0.6942428306618779,0.36252007
B2A,02a4445906.jpg,0.6091025011661279,0.41537112
B2A,02b232fc78.jpg,0.7136298853383801,0.3521381
B2A,02c43186c8.jpg,0.7985836939955913,0.3998803
B2A,02c6c1f6a9.jpg,0.6551973117362001,0.37992236
B2A,02cd89f56d.jpg,0.8847718046240466,0.4748247
B2A,02d763f1c2.jpg,0.590131134388598,0.4238787
B2A,02ded12bbd.jpg,0.45123603590362743,0.72444093
B2A,02ea18a456.jpg,0.7711921972227442,0.33457613
B2A,02ec33e094.jpg,0.715732448158776,0.38850552
B2A,0312af1e14.jpg,0.6381331730862959,0.5514194
B2A,032389e868.jpg,0.7950040092750226,0.48532373
B2A,03242238ae.jpg,0.81607498796181,0.46689507
B2A,0324f82fee.jpg,0.750660630886618,0.3636481
B2A,0341fa51d0.jpg,0.6207611075620589,0.60880864
B2A,0344a47135.jpg,0.7697446510400888,0.3329528
B2A,034627340c.jpg,0.6881923819902709,0.24447998
B2A,0362dd81bb.jpg,0.7288598458299204,0.34428167
B2A,0378bcc7c9.jpg,0.7217686258147268,0.30539313
B2A,03950208ff.jpg,0.7321764471503529,0.51164633
B2A,03a17d96e1.jpg,0.4394015551121073,0.55068094
B2A,03a21c1b9c.jpg,0.5021864497480206,0.39921772
B2A,03a2b7ce83.jpg,0.6501356779535781,0.47892147
B2A,03ae080a47.jpg,0.691940511872358,0.36709762
B2A,03ae26ed88.jpg,0.8099123133648511,0.40063772
B2A,03bac83f64.jpg,0.7492017202362886,0.4459807
B2A,03be88270f.jpg,0.7948552803609819,0.34312296
B2A,03c5d1d098.jpg,0.5870225847992141,0.58696723
B2A,03c9f2e3c2.jpg,0.816898886641785,0.4794532
B2A,03c9f3d584.jpg,0.7671491307436491,0.280097
B2A,03cc206144.jpg,0.7062148073097323,0.43372178
B2A,03d47c18a5.jpg,0.79446726981039,0.41357806
B2A,03d6a4d860.jpg,0.6815265037022821,0.55063355
B2A,03dde7a28f.jpg,0.8371369224362808,0.49658158
B2A,03e48faafa.jpg,0.7411303310861068,0.3457018
B2A,03fd7067c1.jpg,0.756356772784948,0.4682081
B2A,03fe5d2263.jpg,0.6746616314816021,0.4798137
B2A,0409e76de0.jpg,0.8078630630762426,0.5046773
B2A,0425fc7ce5.jpg,0.578339093313311,0.36128536
B2A,042f0e804d.jpg,0.7820124551532376,0.29361606
B2A,0435dc46a4.jpg,0.7832594155508568,0.40762097
B2A,0436aaaf16.jpg,0.5745898535324099,0.46706486
B2A,04387e4338.jpg,0.5494088574203496,0.63921696
B2A,043b541b77.jpg,0.8673055356737172,0.33628753
B2A,044c1653cf.jpg,0.6625566033331085,0.3775263
B2A,0450d4f8ae.jpg,0.7130637524284782,0.38583365
B2A,0451cdb867.jpg,0.61901229754854,0.6066172
B2A,045e937903.jpg,0.6307812799176533,0.45530015
B2A,0466d4cdf9.jpg,0.5456990805500215,0.4238736
B2A,0473a25050.jpg,0.7556389737505796,0.40406173
B2A,047acab66b.jpg,0.7860499642533303,0.5756033
B2A,047da870f6.jpg,0.8117945301495343,0.31820396
B2A,04838b8b1e.jpg,0.7238043761974201,0.3769231
B2A,049576d31c.jpg,0.7924716179629566,0.44200212
B2A,049b0ece59.jpg,0.8766922661240619,0.3182
B2A,04a5fc42e1.jpg,0.7128000930399994,0.32943094
B2A,04b8bfdb1c.jpg,0.7876534953236564,0.27016497
B2A,04cb1f4705.jpg,0.7129839038462762,0.347811
B2A,04cf8e6d5f.jpg,0.723797865636913,0.31107682
B2A,04d7e14fbe.jpg,0.6917490511272997,0.36110678
B2A,04d91d7bda.jpg,0.6479717717129518,0.57705986
B2A,04e32c4dc1.jpg,0.7180996124083749,0.49359503
B2A,04ec8c9ec2.jpg,0.7109139577704457,0.33048794
B2A,04f59976b5.jpg,0.6718384708111947,0.26866686
B2A,04f71da37b.jpg,0.4923830673428202,0.544012
B2A,04f72d81b0.jpg,0.7873834635992593,0.35528672
B2A,04f80539d7.jpg,0.7481569579295352,0.37639976
B2A,04fa2a606d.jpg,0.7334005369893306,0.421557
B2A,04fa456bc9.jpg,0.7196976436076887,0.47676578
B2A,05057d04f7.jpg,0.8260934931471987,0.33066106
B2A,0506726dbd.jpg,0.7509355905858426,0.4636528
B2A,050da171c0.jpg,0.7131525448845473,0.5239928
B2A,051159e33a.jpg,0.6590980711996045,0.485461
B2A,051a7c9ae6.jpg,0.7085332429581862,0.35547072
B2A,051bde8166.jpg,0.7746930802857076,0.362642
B2A,051c1b5ee3.jpg,0.6704841645332769,0.39300853
B2A,0529dd48c8.jpg,0.6177233721452813,0.40258092
B2A,053024baa2.jpg,0.6912505916552302,0.6221303
B2A,0541ce0c1a.jpg,0.6910155360936626,0.39673308
B2A,0547a52b93.jpg,0.6944384671105399,0.35005254
B2A,054f264b2e.jpg,0.7676552638494131,0.3420758
B2A,054f375c69.jpg,0.8035668365434947,0.36641878
B2A,05557b0148.jpg,0.6225788354613904,0.47200513
B2A,055c3026f8.jpg,0.7971175413974446,0.38075244
B2A,055dac1e18.jpg,0.7191848331258529,0.36538267
B2A,055e5dca6e.jpg,0.7497957650065219,0.54255396
B2A,05646c5cdb.jpg,0.7705918447260186,0.38082904
B2A,0572f32305.jpg,0.5773141870415059,0.58186495
B2A,057d83cdee.jpg,0.6564215684478443,0.34728214
B2A,058af422c6.jpg,0.7955915420060511,0.37967455
B2A,0597c38d69.jpg,0.6497515099607507,0.3638788
B2A,05a3801bed.jpg,0.7581597827886764,0.45034567
B2A,05a84fad61.jpg,0.7406714801204688,0.543005
B2A,05c885c810.jpg,0.7678961461056022,0.3365705
B2A,05ca68299e.jpg,0.5656172123187928,0.37374008
B2A,05e37a8900.jpg,0.8368200687668577,0.42917448
B2A,05e88ecd0a.jpg,0.5906383239341234,0.43371788
B2A,05f0db4d14.jpg,0.6894929191812765,0.55734897
B2A,05f22b97da.jpg,0.7727709838467729,0.35648608
B2A,05f4b38e6e.jpg,0.7284165114973739,0.54968923
B2A,06058e6cb0.jpg,0.5703015605813752,0.5960423
B2A,0606110c45.jpg,0.8032734573143258,0.3681018
B2A,061bb611e0.jpg,0.7350787478814381,0.36806068
B2A,061f0095f0.jpg,0.7592939354088236,0.4298709
B2A,062313a97c.jpg,0.7090256381653387,0.33514458
B2A,06371834cb.jpg,0.4134516169663282,0.5915781
B2A,063ab57d41.jpg,0.7329675823589679,0.30119625
B2A,064b9119de.jpg,0.7620528631706337,0.48184288
B2A,064babb7f0.jpg,0.6383428891491557,0.38457292
B2A,064f91250d.jpg,0.6920017580846626,0.5908347
B2A,065b649ac7.jpg,0.6237847171813372,0.514711
B2A,0665264678.jpg,0.8735114926717285,0.36535048
B2A,066b81e0f9.jpg,0.8142107916321032,0.36119443
B2A,068381ad63.jpg,0.7729986902658379,0.43676007
B2A,068cc6fe3f.jpg,0.7003788106466123,0.34295768
B2A,0696f8142e.jpg,0.7529411395195236,0.49158424
B2A,069e6e5b82.jpg,0.7004187854560883,0.4163898
B2A,06a5930183.jpg,0.8136926240919541,0.35122913
B2A,06a9cf2d11.jpg,0.5812912197296459,0.62541986
B2A,06b2c2dfca.jpg,0.7287181326539716,0.37370417
B2A,06b8114f82.jpg,0.7041091990613726,0.46065864
B2A,06c2d19658.jpg,0.7329966897751569,0.39903864
B2A,06c549794b.jpg,0.9026520486470861,0.43341786
B2A,06c89c4c23.jpg,0.6265161097357934,0.48557296
B2A,06c9326c86.jpg,0.6381266059089243,0.45832062
B2A,06e117b31e.jpg,0.7276550107771566,0.41369307
B2A,06e156d8ba.jpg,0.7785579517383849,0.38645923
B2A,06f749912b.jpg,0.45972840066565046,0.36722094
B2A,07054731ab.jpg,0.5303106186747936,0.668685
B2A,0709ff32ee.jpg,0.7289578167674409,0.31929785
B2A,0711866dcd.jpg,0.6614324893835822,0.5789782
B2A,071c375c2c.jpg,0.630822101089342,0.41592774
B2A,0723d52098.jpg,0.8449691821121528,0.3566212
B2A,0724805941.jpg,0.6770118444374649,0.3988717
B2A,072f1336c9.jpg,0.7316684846386098,0.49382055
B2A,07362b3f42.jpg,0.7512701463760459,0.44097152
B2A,073e8b3056.jpg,0.6940531553096938,0.464348
B2A,074218de82.jpg,0.710518116590224,0.45500383
B2A,074ea8cb6e.jpg,0.6095456008732205,0.39049053
B2A,07573a95f6.jpg,0.6371291415345466,0.5093268
B2A,075e8d4617.jpg,0.8111926430193521,0.32614025
B2A,0761281e3b.jpg,0.6454691489903193,0.5409958
B2A,076c62582d.jpg,0.75998799331717,0.32390374
B2A,0770ea1a07.jpg,0.7253338712479261,0.39636883
B2A,077bf7e451.jpg,0.593787278011104,0.54939735
B2A,078cd3ce07.jpg,0.6169061165509654,0.41264588
B2A,078fd1bc42.jpg,0.6509691189317663,0.4892347
B2A,07939b1fde.jpg,0.8220710753063305,0.37708062
B2A,079da3af1e.jpg,0.6484947844511315,0.3838461
B2A,07b7fdff1b.jpg,0.5947780807205846,0.63078785
B2A,07bf7d7df1.jpg,0.8590188173432439,0.39391652
B2A,07cb260548.jpg,0.8189397026298391,0.3212584
B2A,07e9bc5956.jpg,0.6815667370876342,0.37531078
B2A,07ea3a38d2.jpg,0.6123552388564079,0.5712337
B2A,07f37dfe50.jpg,0.8667773052579568,0.3717067
B2A,07f730ef9a.jpg,0.6703041816589133,0.6778065
B2A,08009f0be5.jpg,0.673942623761021,0.4357934
B2A,0811c84b0c.jpg,0.8380404280850907,0.32811582
B2A,081955febb.jpg,0.702927019715671,0.3338009
B2A,08247a7020.jpg,0.6574531289956578,0.44759166
B2A,082786cc1f.jpg,0.4928426141871814,0.38919735
B2A,08341635fa.jpg,0.6119040911373356,0.7326115
B2A,0844c2cddf.jpg,0.7008807968047356,0.45789763
B2A,0845e8dc24.jpg,0.4366543945062683,0.42564628
B2A,085c73097f.jpg,0.737298149981635,0.46863136
B2A,0860f1e141.jpg,0.7882575695633329,0.32804987
B2A,08645ef69b.jpg,0.6404982133114943,0.36278588
B2A,087e779e73.jpg,0.7803460708654414,0.33761275
B2A,08874a6ee1.jpg,0.75704362182245,0.49509448
B2A,088972cf3f.jpg,0.6153601931659591,0.405452
B2A,089406822c.jpg,0.7871993841852234,0.35503936
B2A,08a203b59d.jpg,0.8069478885934526,0.41923168
B2A,08acc490a3.jpg,0.6664160450814042,0.34295303
B2A,08b790bca7.jpg,0.8498765430673295,0.5136083
B2A,08c1754f70.jpg,0.7315482432720525,0.3377161
B2A,08cbd0d6c4.jpg,0.8169906508133978,0.2887798
B2A,08cbd51033.jpg,0.7630515607100193,0.3705431
B2A,08d7603c9c.jpg,0.86429298519699,0.41827714
B2A,08da1e5774.jpg,0.810691767771424,0.3194644
B2A,08e3354189.jpg,0.6863695608883918,0.3687063
B2A,08fa88c02c.jpg,0.7636767013937847,0.27123764
B2A,08fa8a6f26.jpg,0.7767611861942316,0.4846734
B2A,08fd7ac09b.jpg,0.8518314841854803,0.35112736
B2A,090d5b3cca.jpg,0.703554440804072,0.38847446
B2A,091b6b9b07.jpg,0.7483980313189487,0.4051215
B2A,0922bbb3c1.jpg,0.8214719457138361,0.3030519
B2A,0932ad9605.jpg,0.8471289714948105,0.31908563
B2A,0938dc0298.jpg,0.6537183707367004,0.6250126
B2A,0939723138.jpg,0.7999902459861445,0.3399057
B2A,093be92a48.jpg,0.7548294838093808,0.25930068
B2A,093e24f728.jpg,0.7775712420979402,0.5042679
B2A,0945008455.jpg,0.8447304591925816,0.33475322
B2A,09591edd0a.jpg,0.8071393647924343,0.3423456
B2A,095bc5a33d.jpg,0.5901363835777126,0.4068296
B2A,096165f6f0.jpg,0.8608221261365318,0.33151892
B2A,0962094f25.jpg,0.8098468172776168,0.28840858
B2A,0963accefe.jpg,0.8579007336684824,0.31622258
B2A,096495c50c.jpg,0.764182934406017,0.4008642
B2A,096bae8cd9.jpg,0.7452906080874553,0.39366287
B2A,096da37ff7.jpg,0.8748501096331526,0.34301648
B2A,096f009762.jpg,0.7436183981260757,0.40141708
B2A,09748274a3.jpg,0.8516324696118933,0.38447756
B2A,09756af6f7.jpg,0.6227128116220446,0.4584515
B2A,097b3ce81a.jpg,0.7984593516101215,0.3568782
B2A,097d38ef3b.jpg,0.8025307199110948,0.37207624
B2A,09816286d3.jpg,0.8089316631181593,0.4433608
B2A,0984136f36.jpg,0.5870733900835068,0.5707716
B2A,098b35d919.jpg,0.728259189505264,0.45321172
B2A,098c0ce670.jpg,0.6276025182536861,0.40956223
B2A,098fde2b22.jpg,0.7393633628847524,0.3971208
B2A,099159901a.jpg,0.6004129113486734,0.61560774
B2A,099395535c.jpg,0.723754329263235,0.35438582
B2A,09986b5a14.jpg,0.806539521773519,0.50121814
B2A,09a43d2264.jpg,0.714702627918215,0.38347828
B2A,09bebf108f.jpg,0.7005255407626767,0.37874323
B2A,09c874df81.jpg,0.8695975744280815,0.3714005
B2A,09d34f7412.jpg,0.7567266881155374,0.4619828
B2A,09ddb5e4c9.jpg,0.6673942293419772,0.61236185
B2A,09e084658a.jpg,0.774401530380119,0.34931138
B2A,09e1b696b4.jpg,0.8340373790287511,0.28459495
B2A,09e2982b82.jpg,0.5998304999776731,0.5988147
B2A,09e8393bd1.jpg,0.5961114167403514,0.6036781
B2A,09ec565e3a.jpg,0.8025636038954843,0.4567935
B2A,09f57ab8c5.jpg,0.7494922345346846,0.31486785
B2A,09fc404e31.jpg,0.5895807514143871,0.7481912
B2A,09fcd10b7e.jpg,0.6735967267313003,0.3830924
B2A,0a0c3a6d07.jpg,0.6956058162654128,0.49685383
B2A,0a0d3e6ea7.jpg,0.7288027061244547,0.41743836
B2A,0a1d1b9f8e.jpg,0.5778794843601075,0.6386064
B2A,0a271892d0.jpg,0.7229813136689077,0.37325034
B2A,0a284dbed0.jpg,0.6106727156607819,0.36645827
B2A,0a2e5f728d.jpg,0.5752411503633276,0.64614177
B2A,0a325fc655.jpg,0.6167202039655032,0.4423106
B2A,0a44c8287d.jpg,0.6765869044901498,0.57921386
B2A,0a49020ae5.jpg,0.6861864467956138,0.3191372
B2A,0a497f768d.jpg,0.728165903046291,0.42571613
B2A,0a6091114d.jpg,0.6590022154793433,0.5296053
B2A,0a6279ef66.jpg,0.8177374226280509,0.50765747
B2A,0a6e92d928.jpg,0.5819126320744793,0.35354048
B2A,0a74701f65.jpg,0.8188615333972638,0.4058297
B2A,0a7a8e30bd.jpg,0.7447529721271541,0.45894456
B2A,0a7b607c9c.jpg,0.7942089149041697,0.33517852
B2A,0a8839fac9.jpg,0.699498537982371,0.29837266
B2A,0a996d988b.jpg,0.8093356406110315,0.25865656
B2A,0aa4202c77.jpg,0.7441315431206924,0.4389506
B2A,0aaf6960c4.jpg,0.7922800743657893,0.3277045
B2A,0abbeddf71.jpg,0.7419099509239776,0.44284058
B2A,0abbf2fd4b.jpg,0.7253865245241164,0.5048586
B2A,0ac4b6aaaa.jpg,0.8269051408825829,0.26866856
B2A,0ac84db7bc.jpg,0.5681781461265694,0.62374496
B2A,0ad13029a9.jpg,0.6747144043856864,0.47959712
B2A,0ad956708f.jpg,0.8476499876260122,0.32786387
B2A,0ae5e9bfe2.jpg,0.7051938889492183,0.33677366
B2A,0aec1f9701.jpg,0.8583691728859051,0.39248496
B2A,0b0bf6fe85.jpg,0.7167004959956529,0.4256108
B2A,0b1669c3ea.jpg,0.8026430366691832,0.4546902
B2A,0b21ce3df6.jpg,0.8294708958126032,0.40352684
B2A,0b2454f0e3.jpg,0.7843246344133046,0.34171772
B2A,0b2f2a3e59.jpg,0.8490804356227806,0.37186813
B2A,0b3fd12ac9.jpg,0.7686579691900643,0.3883574
B2A,0b461ab035.jpg,0.9024576329340913,0.34773207
B2A,0b48073b83.jpg,0.6740160105758117,0.4161547
B2A,0b4dbff7c8.jpg,0.7891259516001062,0.2882095
B2A,0b4f93c337.jpg,0.738679902700228,0.43870848
B2A,0b53fd3e90.jpg,0.6681848509317371,0.41127944
B2A,0b68939003.jpg,0.8293629164708957,0.3383367
B2A,0b6b4bfc29.jpg,0.852658942560043,0.25659373
B2A,0b91f359c5.jpg,0.651234770372316,0.5015229
B2A,0b97d70d93.jpg,0.747575628781784,0.35975063
B2A,0bb9d1a3cf.jpg,0.7214724584228568,0.3958186
B2A,0bcecb1330.jpg,0.6547051849501914,0.5374621
B2A,0bddd37684.jpg,0.7694312100134677,0.4053272
B2A,0bde6ba99b.jpg,0.6845303968464178,0.47975188
B2A,0bdf3110dc.jpg,0.7226808877276591,0.3360761
B2A,0bede4ba4e.jpg,0.5364996715008246,0.3415591
B2A,0c18bf8536.jpg,0.8320818857874351,0.321625
B2A,0c21bed0d8.jpg,0.5788140083551085,0.30295995
B2A,0c272fcde8.jpg,0.7925504811037531,0.3646431
B2A,0c4ebc7f6a.jpg,0.6292335559332253,0.49669692
B2A,0c64451f58.jpg,0.6006372522081369,0.49692655
B2A,0c64b00832.jpg,0.7501644782013196,0.36200267
B2A,0c696d12a2.jpg,0.8661068746681295,0.39799118
B2A,0c6b56bba9.jpg,0.7787650680487974,0.39530426
B2A,0c6b63c2c5.jpg,0.5812265289757089,0.49340132
B2A,0c6c9d8ce7.jpg,0.7655777077100611,0.4265024
B2A,0c6e6b52be.jpg,0.6841193074760529,0.3644132
B2A,0c6fcdf1f5.jpg,0.6242002892643758,0.37930036
B2A,0c781e1538.jpg,0.7737916726339399,0.34358373
B2A,0c7e07acd3.jpg,0.7338144223573115,0.29048958
B2A,0c8a94c597.jpg,0.7737917990077354,0.3791465
B2A,0ca5b3c96a.jpg,0.802913374837655,0.39520353
B2A,0cac1bcf2b.jpg,0.8143826617540325,0.4285435
B2A,0cae98323f.jpg,0.8110387265872774,0.2958312
B2A,0cb4144fbb.jpg,0.493234274049843,0.698803
B2A,0cb6683555.jpg,0.837173573034098,0.32498434
B2A,0ccbcfcf65.jpg,0.7509519426071751,0.3617347
B2A,0cda2627bf.jpg,0.7575284187081683,0.51591533
B2A,0cdfbb28e6.jpg,0.5310653769658746,0.47478092
B2A,0ce227ee32.jpg,0.6273882145974855,0.40605003
B2A,0cec4d02a7.jpg,0.6427313531905833,0.42631426
B2A,0cecce2e24.jpg,0.7354944451326351,0.48514616
B2A,0cf495d82e.jpg,0.6608715085809632,0.58034354
B2A,0cf4dc75d0.jpg,0.719011271628212,0.37844855
B2A,0cfe85f73d.jpg,0.8361576573844718,0.37644142
B2A,0d11463712.jpg,0.7434293926718731,0.5135678
B2A,0d1a5b6882.jpg,0.7492004838546856,0.57144094
B2A,0d23431254.jpg,0.6924726747168727,0.3890025
B2A,0d2583e3ea.jpg,0.6347784137900218,0.37272567
B2A,0d2ed7fb8e.jpg,0.7506755636450926,0.33263758
B2A,0d2f9d322d.jpg,0.504711056498444,0.5397319
B2A,0d3752b4ad.jpg,0.688320139585047,0.45135424
B2A,0d423f52fd.jpg,0.8101563969323881,0.4065294
B2A,0d59054b30.jpg,0.7636836467996065,0.4077109
B2A,0d593e3752.jpg,0.7483808916335792,0.48904866
B2A,0d64ca5ecf.jpg,0.8443194764471152,0.44145712
B2A,0d6ba5d215.jpg,0.6866854350014451,0.51348823
B2A,0d6c81cbc2.jpg,0.8237199879396366,0.41898707
B2A,0d6f893bc7.jpg,0.8189362838900399,0.3331275
B2A,0d7c5d97ac.jpg,0.8208322406308758,0.4825204
B2A,0d80b97eb4.jpg,0.6855969163793839,0.4142311
B2A,0d859e1630.jpg,0.6306935459424428,0.5885588
B2A,0d89393fe0.jpg,0.7353654516222414,0.2923577
B2A,0d8c66b24e.jpg,0.7689917563892132,0.31548885
B2A,0dd016afa5.jpg,0.8193849990062151,0.3327073
B2A,0dd4041294.jpg,0.8471345877111067,0.4092189
B2A,0dd5085fdf.jpg,0.9422892856826076,0.4380566
B2A,0dde3f8ee7.jpg,0.7938888894668605,0.37957966
B2A,0de8320918.jpg,0.6377603674261425,0.45067894
B2A,0de920c5bf.jpg,0.861629074989854,0.34682122
B2A,0debce885b.jpg,0.692086060685068,0.5383681
B2A,0df35db4a2.jpg,0.6912637432628893,0.5889486
B2A,0df9a45c26.jpg,0.5994068228918967,0.44450325
B2A,0e003670f7.jpg,0.5727657357492905,0.57491815
B2A,0e0577ec3a.jpg,0.5596250460252515,0.47780576
B2A,0e0a660bb8.jpg,0.774964770290219,0.44952047
B2A,0e0bdef20a.jpg,0.7255259640766578,0.37013674
B2A,0e1230a330.jpg,0.7184898835347897,0.468618
B2A,0e13d9c6f4.jpg,0.7191953489596667,0.37895882
B2A,0e23057337.jpg,0.8752564192922571,0.4165092
B2A,0e2610ef33.jpg,0.6243143365428785,0.52897435
B2A,0e441b3c17.jpg,0.7755373092045054,0.41464576
B2A,0e4c7d5e15.jpg,0.8155473979715788,0.39554694
B2A,0e4ec46846.jpg,0.7761695253767158,0.51753205
B2A,0e5afbada4.jpg,0.7842128555983225,0.35758674
B2A,0e750aaed9.jpg,0.8454190431026349,0.3927279
B2A,0e8eb4587e.jpg,0.827075945170892,0.41727856
B2A,0e95c87f76.jpg,0.6742236609705049,0.37767005
B2A,0e983a3ef5.jpg,0.644729388094559,0.49091387
B2A,0eaa8d71f6.jpg,0.7536508915107193,0.41375685
B2A,0eb3c8892a.jpg,0.43916018962481257,0.59596974
B2A,0eb810429d.jpg,0.5900793354998769,0.65791357
B2A,0eddbbb35c.jpg,0.842081333399584,0.3618975
B2A,0f1e6530bc.jpg,0.8170708035629808,0.33931428
B2A,0f35be9cbb.jpg,0.8195476789639261,0.40975872
B2A,0f3757e6cd.jpg,0.6897271160868939,0.61989737
B2A,0f3ed210c0.jpg,0.8857629748963222,0.36029628
B2A,0f5228f2a6.jpg,0.7709854481190047,0.31149617
B2A,0f58899ce1.jpg,0.7841549161415837,0.37388986
B2A,0f819ab838.jpg,0.7312851409606966,0.47188032
B2A,0f8e316a87.jpg,0.847403831280302,0.33928603
B2A,0fa29829f2.jpg,0.5339718068263916,0.56742495
B2A,0fa5629898.jpg,0.8487273839252037,0.2876157
B2A,0fb1ca7fe1.jpg,0.6941693218044545,0.4085454
B2A,0fbcbeddd5.jpg,0.7256837657085351,0.3303231
B2A,0fca1c304e.jpg,0.7703203458816138,0.39737096
B2A,0fccbd8558.jpg,0.8181027078865272,0.31230202
B2A,0fd7cd6092.jpg,0.6955376501446872,0.3499893
B2A,0fdcf56678.jpg,0.7987319549802545,0.3862075
B2A,0fe76a9ec9.jpg,0.7997199873772914,0.42269152
B2A,0fef77210a.jpg,0.7226715559461878,0.5669486
B2A,10118ae431.jpg,0.7754519016681697,0.50704014
B2A,101a1f34db.jpg,0.6918545752793931,0.500335
B2A,101a5ad83d.jpg,0.8693307158767536,0.36146927
B2A,101c59feab.jpg,0.7949533506978594,0.34889674
B2A,101d00677e.jpg,0.8212498244716159,0.36296427
B2A,102c9065a7.jpg,0.8032912893278519,0.39588112
B2A,102da9e0bf.jpg,0.735270620888229,0.52755135
B2A,10371b9044.jpg,0.8190123198752568,0.32870117
B2A,1037993785.jpg,0.7986831329985372,0.38442963
B2A,104204fa3f.jpg,0.7400001995695223,0.3676477
B2A,105ac2e395.jpg,0.7862587416081604,0.42406565
B2A,106091e966.jpg,0.7275981075450729,0.43188187
B2A,1064e8c2fc.jpg,0.8219193537255541,0.3566638
B2A,10729e0962.jpg,0.5639103065386181,0.39696115
B2A,1076bdc405.jpg,0.6297371043695245,0.5399769
B2A,107769ed33.jpg,0.7897026635848271,0.3680146
B2A,1079a7abe1.jpg,0.7380131859080331,0.43859234
B2A,108d3336bd.jpg,0.7897017884952322,0.32682347
B2A,108f57c580.jpg,0.7449895074100416,0.5282822
B2A,1097dcc82e.jpg,0.7066827058273619,0.50620526
B2A,10ab9fcfcb.jpg,0.5549742972291591,0.7089037
B2A,10e101cae7.jpg,0.7235970727179604,0.4302174
B2A,10e79c0f04.jpg,0.5643357880285875,0.36694548
B2A,10f3bc8893.jpg,0.6884839444999667,0.5644707
B2A,1106610965.jpg,0.8308004602518834,0.44009134
B2A,11068aa40b.jpg,0.5366312479870372,0.44603366
B2A,110d660fee.jpg,0.8294131958998152,0.36107245
B2A,112f088373.jpg,0.6111641785772952,0.4370415
B2A,113444c0c2.jpg,0.8696044618366241,0.3030493
B2A,1138db3be9.jpg,0.7016909401769181,0.34669554
B2A,114692dc5b.jpg,0.7527440434290185,0.3601754
B2A,1151c9b98d.jpg,0.6500018914189661,0.48840785
B2A,115cd21c1c.jpg,0.6404234577270671,0.4523006
B2A,115cd80f74.jpg,0.7094143534276843,0.4591239
B2A,115f221c2a.jpg,0.6128822382598978,0.4616728
B2A,115f43bae3.jpg,0.7341379250548373,0.36702302
B2A,117281b37b.jpg,0.7452003999500041,0.35497254
B2A,1172d3e228.jpg,0.751606006919739,0.4786467
B2A,117d70bd19.jpg,0.530876133036637,0.7411102
B2A,117e2a807d.jpg,0.6747658790406692,0.43968412
B2A,1193c043d7.jpg,0.7214384372944502,0.42267248
B2A,11bcbf0f67.jpg,0.8706005456401695,0.35088193
B2A,11c1de8b75.jpg,0.7775646655311157,0.42599553
B2A,11c24d756f.jpg,0.6001337920910508,0.46408182
B2A,11cc678dbf.jpg,0.8433402269536733,0.40560752
B2A,11d4cd762d.jpg,0.7079490205028093,0.50643957
B2A,11d713b4ee.jpg,0.5758615453451906,0.55338925
B2A,11e25d3dc4.jpg,0.6666510450719829,0.28266364
B2A,11f13ca69e.jpg,0.7912187037742341,0.3739909
B2A,11f482a716.jpg,0.7636511868885919,0.36715752
B2A,11feb29e6a.jpg,0.6747882101983554,0.40610233
B2A,1216dc1ffe.jpg,0.6978404637823854,0.38916737
B2A,12193672ba.jpg,0.7586466861488538,0.49442536
B2A,122f944d40.jpg,0.6859916928138249,0.46133754
B2A,1235e32fb2.jpg,0.6181596143286385,0.46098486
B2A,123714f71c.jpg,0.7675648420087443,0.35753536
B2A,1240cc6f83.jpg,0.5150919698990596,0.638927
B2A,124244310e.jpg,0.7309547339927296,0.34451148
B2A,124dda3622.jpg,0.7375005969198262,0.36203903
B2A,125fd9187b.jpg,0.7053781022280882,0.6353159
B2A,12672ab41c.jpg,0.7954628868261255,0.4251068
B2A,126fb64cb8.jpg,0.5932050617849803,0.35768694
B2A,1285f93747.jpg,0.8090687033325593,0.43264294
B2A,129823154f.jpg,0.6912972298034389,0.49196488
B2A,129df5c60c.jpg,0.6084849792301033,0.45528322
B2A,12ae4ffbb5.jpg,0.6427718053584657,0.40574586
B2A,12b2a8d1fc.jpg,0.7229613516127745,0.45841363
B2A,12b302b5f1.jpg,0.8030603473090676,0.3472784
B2A,12c5ce9b42.jpg,0.6707978900536634,0.3845057
B2A,12c65cd54c.jpg,0.8479590117024848,0.32616678
B2A,12cb4d2917.jpg,0.756260169989906,0.46575654
B2A,12cc0ffc15.jpg,0.7690108125640336,0.39430535
B2A,12d0476b93.jpg,0.5968635082061315,0.4384132
B2A,12e9b80b70.jpg,0.776627237596595,0.2938046
B2A,12f09c6efe.jpg,0.7522616775004667,0.4339947
B2A,12f74378d4.jpg,0.8365999281540196,0.39062512
B2A,12f9c1a7b5.jpg,0.6999040601343787,0.38717148
B2A,13048dfacf.jpg,0.6448730572426952,0.5667789
B2A,13173bc6b5.jpg,0.6298409566701871,0.45236167
B2A,13219b2462.jpg,0.7635173694707768,0.3779708
B2A,13328c1504.jpg,0.872311333122608,0.36963457
B2A,133adbd41e.jpg,0.799082623256854,0.34111845
B2A,134f611db2.jpg,0.7881429220373695,0.49080777
B2A,1355735108.jpg,0.8632383574365898,0.4407526
B2A,1363fc8268.jpg,0.6912308936689575,0.5820534
B2A,1365922bc1.jpg,0.791200872725855,0.26788232
B2A,13671d11f9.jpg,0.8135919228008658,0.34570354
B2A,1379cdd516.jpg,0.6784817743768391,0.48326656
B2A,13829b20dd.jpg,0.8181329862295929,0.33839765
B2A,13888541b7.jpg,0.8022113706395615,0.48291266
B2A,13892d15e5.jpg,0.6853331146970978,0.50138414
B2A,138a069c6c.jpg,0.655550394783641,0.30087775
B2A,138c350c89.jpg,0.8202377454752342,0.29937935
B2A,13bbd45d01.jpg,0.8245911277171044,0.45128447
B2A,13c0555eab.jpg,0.7122111368621084,0.3140762
B2A,13c3b0e711.jpg,0.8378416521020154,0.32479796
B2A,13e3480e01.jpg,0.8336723769978105,0.38481393
B2A,13f4f7168a.jpg,0.8528539854479116,0.30432534
B2A,13fec527bb.jpg,0.7473462391531087,0.37398785
B2A,140f195fbc.jpg,0.7542802482979053,0.3801254
B2A,14135c74d7.jpg,0.6416313620329365,0.5642334
B2A,141ade2afb.jpg,0.56108970070094,0.55953515
B2A,1421d11393.jpg,0.7313401925896206,0.371273
B2A,142cda27d9.jpg,0.703960802001228,0.4759175
B2A,1432b7355d.jpg,0.7936451269349899,0.38783196
B2A,1437a4d5f9.jpg,0.5869129593846569,0.6154096
B2A,1444ac5586.jpg,0.6663108601701293,0.39833418
B2A,1451c82e2f.jpg,0.8016099462796756,0.36394325
B2A,1467b3a6ac.jpg,0.7535811070327505,0.452598
B2A,1476b02998.jpg,0.8630238659074672,0.36833322
B2A,14804e18f9.jpg,0.6342764984422837,0.4267491
B2A,14860c3bed.jpg,0.7143595660496925,0.48522648
B2A,1491d9367b.jpg,0.866597606940099,0.35617167
B2A,1499400929.jpg,0.7023604895901017,0.33393642
B2A,149e367310.jpg,0.6932851549769868,0.524845
B2A,14a7686f98.jpg,0.7532309650644383,0.42327198
B2A,14a95bb688.jpg,0.5218918779620916,0.65542066
B2A,14ac55e78e.jpg,0.8172320596093395,0.40148017
B2A,14b92a85f3.jpg,0.8632965819714742,0.3103096
B2A,14bcc3cdad.jpg,0.7658658435493819,0.34004626
B2A,14c0e95507.jpg,0.8237009466845281,0.4329221
B2A,14c38e1c2e.jpg,0.8045409702941879,0.43134558
B2A,14fa7a9b31.jpg,0.7326308247367385,0.45008445
B2A,14fe889824.jpg,0.8247762680535038,0.28670266
B2A,151cb3c6ff.jpg,0.6868835894565654,0.37755325
B2A,1531eae642.jpg,0.5070263004540875,0.57147557
B2A,153bb660da.jpg,0.7831277166917022,0.3542871
B2A,153e1ec171.jpg,0.7448361434928121,0.4382279
B2A,153f59d4cb.jpg,0.6891658415792181,0.46006253
B2A,156540ebe1.jpg,0.7492244222612287,0.30881763
B2A,1569489edb.jpg,0.8318403768979767,0.3503976
B2A,156cf5822e.jpg,0.6871049012968076,0.471458
B2A,15769de345.jpg,0.7007079370612729,0.4207614
B2A,157ee68b71.jpg,0.7226054862906922,0.4766816
B2A,1581f3755e.jpg,0.7821481761474999,0.45704764
B2A,1582ec589d.jpg,0.8077511621743717,0.31475544
B2A,159b3f002f.jpg,0.7894370181042806,0.41900468
B2A,159baa9c2b.jpg,0.6749064804960468,0.5542639
B2A,159c19456b.jpg,0.7468483549185226,0.4210167
B2A,159e0baf13.jpg,0.5501678553169124,0.56992364
B2A,15a51e4dbe.jpg,0.7055682569993061,0.3300068
B2A,15a9b54b5f.jpg,0.6860282870297497,0.3957451
B2A,15abe5af92.jpg,0.8542906255079218,0.5397533
B2A,15b1f01b86.jpg,0.8699314139358357,0.3467256
B2A,15b9563151.jpg,0.6413254431180951,0.45497397
B2A,15cb21df1a.jpg,0.7089478720623497,0.59617245
B2A,15cca6975b.jpg,0.6866239341924643,0.300263
B2A,15d8655b4f.jpg,0.6308155543534525,0.36396366
B2A,15f7238855.jpg,0.7653654626346882,0.4206986
B2A,15f862b305.jpg,0.7877609823283704,0.32096133
B2A,160c560e5e.jpg,0.5589099346945077,0.5761109
B2A,160d920b63.jpg,0.7683091056326831,0.3539673
B2A,1615de2bd0.jpg,0.7923277011777944,0.35025075
B2A,161b3c519e.jpg,0.7346685502436693,0.35750848
B2A,163669cbd0.jpg,0.6061167812029573,0.46521783
B2A,164492cfa7.jpg,0.7368385780285206,0.367407
B2A,1645d08cab.jpg,0.6803048400888981,0.560419
B2A,164ebc7900.jpg,0.9099213270981626,0.24363697
B2A,165dfb6cd0.jpg,0.6481864199533518,0.4394466
B2A,1665a48def.jpg,0.6999256945817313,0.40268248
B2A,1675879297.jpg,0.6358333026363617,0.49952042
B2A,1676f96061.jpg,0.7611267165056935,0.3901209
B2A,1688783462.jpg,0.7596953750810427,0.30757925
B2A,1694e5637b.jpg,0.8637902336985863,0.39058146
B2A,16963c4f89.jpg,0.7881380484902882,0.42624062
B2A,169c381352.jpg,0.7871061011138709,0.39045802
B2A,169f8a8503.jpg,0.6577371848811011,0.43617147
B2A,16a0c8ed23.jpg,0.8175707305986827,0.3716073
B2A,16a3dd9695.jpg,0.46483112402235127,0.47005785
B2A,16a666edff.jpg,0.5681678365091063,0.69269276
B2A,16a7a9fc44.jpg,0.5923384374319824,0.43258953
B2A,16ab6bc622.jpg,0.9418030446582133,0.325357
B2A,16b3067a86.jpg,0.681755620862267,0.51682496
B2A,16b3ea1e00.jpg,0.6767589137312439,0.5576875
B2A,16b74bd37f.jpg,0.8328387514293052,0.42022505
B2A,16c119b3c7.jpg,0.7170885935071866,0.33990502
B2A,16cd6cbc68.jpg,0.8440298809986702,0.26679307
B2A,16d8cafb5b.jpg,0.5584548748512173,0.73521423
B2A,16d9624078.jpg,0.7237357852934134,0.37603343
B2A,16de17a9aa.jpg,0.7166275946289705,0.3151583
B2A,16de6b603c.jpg,0.7813188786755771,0.3522594
B2A,16ded6f738.jpg,0.5471159564759711,0.6039077
B2A,16dff1b77f.jpg,0.8374528880793506,0.28226635
B2A,16e764f509.jpg,0.824813474734613,0.44677243
B2A,16f0c49f22.jpg,0.8291164392813433,0.3932478
B2A,16f3703756.jpg,0.7663641381258645,0.31391943
B2A,1701c26348.jpg,0.7239917669415468,0.35621738
B2A,17028b1e92.jpg,0.5894714931021331,0.57001626
B2A,170434d3dd.jpg,0.798733286107985,0.45155245
B2A,170dbca136.jpg,0.7934194899853914,0.35054335
B2A,17167ea036.jpg,0.7845432926672518,0.2782683
B2A,172a0707b2.jpg,0.5147563792725296,0.571809
B2A,17315bdc5b.jpg,0.8613783467715725,0.3275947
B2A,1735a91a3d.jpg,0.8509557973795611,0.4288777
B2A,17398e5a2a.jpg,0.6928471191321218,0.38393393
B2A,17499b0283.jpg,0.8154522112160304,0.37027252
B2A,174ded9426.jpg,0.783251745848069,0.32642487
B2A,174f0355a6.jpg,0.7870571390663925,0.4516192
B2A,17592a1017.jpg,0.7191204815835969,0.5529247
B2A,176050474a.jpg,0.686290280485708,0.40065116
B2A,1764393c0e.jpg,0.7019414549835774,0.5657295
B2A,17674de2d5.jpg,0.7452085802365137,0.43364492
B2A,176bec46aa.jpg,0.7692173527143378,0.2902479
B2A,176d0e5c75.jpg,0.7431873703099198,0.42780614
B2A,1771b7c478.jpg,0.6574885177394599,0.3854835
B2A,1774482049.jpg,0.7948011515834653,0.34233057
B2A,1779a8225f.jpg,0.7002408114532358,0.45509875
B2A,1789a61138.jpg,0.6275117703749717,0.55011743
B2A,178d33e084.jpg,0.7666706347273626,0.43401664
B2A,17924dd78d.jpg,0.8703561878754068,0.4143768
B2A,179af606cb.jpg,0.8497783633556429,0.3707346
B2A,17a199a709.jpg,0.6703819379647018,0.40798938
B2A,17a8bd8ba4.jpg,0.6566534043011092,0.40598774
B2A,17b7569c29.jpg,0.6902456422498682,0.4879806
B2A,17c8c9072a.jpg,0.8653835013660819,0.29367217
B2A,17ce3a201d.jpg,0.8808193645748901,0.33783823
B2A,17cf077f45.jpg,0.6408964206738368,0.52619624
B2A,17d4e23d9f.jpg,0.6659622437956255,0.7837931
B2A,17d896fd14.jpg,0.763547303572974,0.5232395
B2A,17dbf8cf56.jpg,0.8569103566675331,0.424864
B2A,17e149928d.jpg,0.8166612635191564,0.31969088
B2A,17eb22711b.jpg,0.7518423396806124,0.3295465
B2A,17f8f4d5d9.jpg,0.691451206749317,0.43833482
B2A,17f92dd71b.jpg,0.703200610064136,0.4303403
B2A,180e1881bc.jpg,0.8721307419972689,0.29546756
B2A,18162a62a3.jpg,0.6971838205022772,0.43194938
B2A,181a53c38a.jpg,0.6177743414039317,0.5720426
B2A,181f424335.jpg,0.566688162200155,0.46217275
B2A,182690bc45.jpg,0.5561299596704811,0.3596944
B2A,182846af47.jpg,0.6475636994927436,0.5851971
B2A,1838bcc8fa.jpg,0.630365334868807,0.4644693
B2A,184a433ce3.jpg,0.6276301248431608,0.5013725
B2A,185f8da469.jpg,0.8074192332120178,0.40263498
B2A,186035e2a8.jpg,0.853239968118865,0.31216174
B2A,1866c56f7a.jpg,0.6004317108374544,0.49406397
B2A,186e98dcb8.jpg,0.822777472840812,0.3559573
B2A,1883fcfb3e.jpg,0.7464156102197731,0.39615473
B2A,1884a2a37d.jpg,0.5704569024836298,0.44536284
B2A,18880e913d.jpg,0.5187850259646014,0.5667459
B2A,188b7f6310.jpg,0.8003658817067418,0.32079864
B2A,1893ce79ce.jpg,0.5564020830014561,0.6292657
B2A,1894c178ea.jpg,0.5369926788241796,0.45890483
B2A,1897b7b118.jpg,0.6675317232933672,0.4485537
B2A,189ae3f5a7.jpg,0.6051837320648186,0.43453914
B2A,189ee6859e.jpg,0.7566578504842827,0.45111325
B2A,18a275b358.jpg,0.7973556473221336,0.35257488
B2A,18a4ee0991.jpg,0.8101258667922573,0.31564376
B2A,18aca60c06.jpg,0.6458040613868204,0.46436226
B2A,18ae840f5d.jpg,0.715653155648927,0.4106426
B2A,18b2d7a2ef.jpg,0.6952605618867006,0.5353469
B2A,18c6b5b73b.jpg,0.8414296698183472,0.30784976
B2A,18ca544c78.jpg,0.7801274163219184,0.39965832
B2A,18e384cfff.jpg,0.7199890397313824,0.32100073
B2A,18e571a627.jpg,0.8073452574760074,0.3815307
B2A,18ea7c98b1.jpg,0.8751594607040546,0.29581958
B2A,190633c073.jpg,0.862260727844392,0.54267293
B2A,1912f08cb1.jpg,0.834713850068933,0.39715734
B2A,19182d3849.jpg,0.7136300416100013,0.3581404
B2A,1921b26eea.jpg,0.6748560592334019,0.5376319
B2A,1925109fdd.jpg,0.6576214578823084,0.56552404
B2A,192682abdf.jpg,0.7539631600499643,0.4227411
B2A,192caaa1bf.jpg,0.7993882382541639,0.37278643
B2A,1936e1dcb4.jpg,0.8000781005332956,0.3561015
B2A,193b4cdb27.jpg,0.8041641840500905,0.35770488
B2A,193f3266fb.jpg,0.5784387693075946,0.75178516
B2A,194bb9f6ed.jpg,0.6655013663028868,0.5311155
B2A,19525a17e2.jpg,0.7443146702859995,0.36054328
B2A,19592a5fbf.jpg,0.7032265368778178,0.4386787
B2A,1960283fd5.jpg,0.6963547244534307,0.3752475
B2A,1966101984.jpg,0.8066505149479039,0.34895393
B2A,196a6875a7.jpg,0.7124606352295991,0.62078804
B2A,196e2c07aa.jpg,0.750431819557305,0.488927
B2A,1970faab6a.jpg,0.8262644443910643,0.41972554
B2A,1977b66f96.jpg,0.6242162512474828,0.4546779
B2A,197dc21bdb.jpg,0.7093235496724587,0.40704054
B2A,19801ae9ab.jpg,0.6590671431675729,0.4052498
B2A,1986fa52f5.jpg,0.556120041929247,0.58168393
B2A,198cad00d4.jpg,0.6674908828324772,0.33989477
B2A,19918a1d5c.jpg,0.861769787533876,0.32409453
B2A,1998700449.jpg,0.5832645482332232,0.4437918
B2A,1999225d11.jpg,0.620285101951128,0.4430262
B2A,199a3e859f.jpg,0.5823169164387374,0.39732888
B2A,199d0b8782.jpg,0.7157232567865246,0.41898513
B2A,19a7361b2a.jpg,0.6429328568477229,0.6767658
B2A,19b0fbeba0.jpg,0.7804773290837556,0.5554995
B2A,19b944dbbf.jpg,0.6708061451541812,0.47769383
B2A,19b98e5663.jpg,0.652833586939121,0.6106316
B2A,19bad1225f.jpg,0.48649521042052885,0.40415156
B2A,19bd14d30e.jpg,0.6408105432239801,0.37233934
B2A,19be535e5f.jpg,0.7264459341151899,0.38486812
B2A,19c277c363.jpg,0.6551644628533385,0.4410745
B2A,19c8301d67.jpg,0.7375560839363825,0.41661674
B2A,19e7940d94.jpg,0.6441065212747816,0.25641274
B2A,19e8b9b328.jpg,0.7788152337535691,0.37012416
B2A,1a23085db7.jpg,0.6977105638170225,0.39139754
B2A,1a2542d28b.jpg,0.831676990100091,0.38215712
B2A,1a25f82753.jpg,0.8201804119188723,0.56757784
B2A,1a27cb4cba.jpg,0.6929247975600434,0.45888826
B2A,1a2cd9ea8c.jpg,0.5425258373204527,0.4399363
B2A,1a3b1a3da9.jpg,0.7505342223587838,0.48075426
B2A,1a4213d2ce.jpg,0.6484601334567472,0.3237102
B2A,1a4491cef2.jpg,0.6112798701295793,0.57802695
B2A,1a45b8c270.jpg,0.7507848348860636,0.44981903
B2A,1a5041d9ed.jpg,0.5784688405868691,0.6298625
B2A,1a5cf3b632.jpg,0.8159596302638854,0.40905344
B2A,1a6013cba4.jpg,0.7559127881211132,0.42649022
B2A,1a61870a06.jpg,0.757456399412197,0.35113874
B2A,1a6b4e9e13.jpg,0.8042938847420159,0.5186552
B2A,1a7af9964c.jpg,0.7724639597024019,0.46277493
B2A,1a8633fbb9.jpg,0.7744504527751246,0.351186
B2A,1a892680fb.jpg,0.6440825556422874,0.3522413
B2A,1a8c1a7995.jpg,0.570685647193485,0.37973
B2A,1a8c9e6c4c.jpg,0.7820086348731469,0.3848142
B2A,1aa0d1c558.jpg,0.6007545752399782,0.56135577
B2A,1aa8abd685.jpg,0.6332900358104562,0.5322715
B2A,1ac1673452.jpg,0.8679193624990521,0.3673019
B2A,1ac35e7dc8.jpg,0.6258329997207132,0.43472683
B2A,1ac5876376.jpg,0.7340624073261544,0.35083023
B2A,1acb4c14ce.jpg,0.6899054441647496,0.52749
B2A,1acb4d1d54.jpg,0.7968283740146781,0.47884902
B2A,1ad17703ce.jpg,0.6298847552917545,0.36102217
B2A,1ad8701262.jpg,0.6421257927946669,0.39359057
B2A,1ae03b00e7.jpg,0.6367260456720659,0.5056914
B2A,1ae342cd57.jpg,0.604811954302995,0.27662584
B2A,1b062b66a7.jpg,0.5990310067027634,0.67885953
B2A,1b118a066b.jpg,0.7416099261713814,0.4788216
B2A,1b129b65db.jpg,0.6820819277392575,0.39885247
B2A,1b12cf626f.jpg,0.8873276558668697,0.31295067
B2A,1b3e398db7.jpg,0.7859926254543691,0.38981545
B2A,1b4e94ffbd.jpg,0.7734689723180308,0.39025873
B2A,1b4f115bdd.jpg,0.6772929236771282,0.51366735
B2A,1b5e8cedda.jpg,0.5703280146090957,0.4577822
B2A,1b66416060.jpg,0.8465730935169322,0.34460944
B2A,1b6a1a7e94.jpg,0.6498186346396616,0.39789417
B2A,1b6d7b4e65.jpg,0.6655477864312367,0.44832215
B2A,1b72549327.jpg,0.6380609238907232,0.53536606
B2A,1b770229f3.jpg,0.7643110665255543,0.47166568
B2A,1b961a3a39.jpg,0.619523889390579,0.5198448
B2A,1b98321823.jpg,0.615939979784187,0.44657618
B2A,1b987c577e.jpg,0.7544137982313279,0.37412584
B2A,1baa6a3895.jpg,0.6055351880959998,0.3780054
B2A,1baf74b1a7.jpg,0.7612073984707624,0.42870998
B2A,1bb75f970a.jpg,0.680501004463861,0.48956785
B2A,1bb8674fbf.jpg,0.7488470325855878,0.46970725
B2A,1bba0654b7.jpg,0.8433856319650322,0.33210504
B2A,1bbaea3e6b.jpg,0.5914116296546118,0.5271888
B2A,1bc105b0b9.jpg,0.5952719143909001,0.54678595
B2A,1bc290729f.jpg,0.6667571568002963,0.38959002
B2A,1bc9fc642d.jpg,0.641623861428633,0.66178685
B2A,1bccaf17e5.jpg,0.65517779810134,0.4285499
B2A,1bd527d6a0.jpg,0.5652894378462727,0.5115935
B2A,1bd7be0503.jpg,0.5888412957716282,0.47307834
B2A,1bd8b4f799.jpg,0.7735558780616835,0.43113214
B2A,1be016515b.jpg,0.8779990753035815,0.38163194
B2A,1be0fa86b5.jpg,0.6001813070983039,0.44602323
B2A,1be6584349.jpg,0.8451206720032741,0.37126237
B2A,1bf60182b2.jpg,0.7925120633618711,0.43858874
B2A,1c0ea0fe1b.jpg,0.6966837171651813,0.44249064
B2A,1c1f697d7e.jpg,0.6932827501763744,0.49243668
B2A,1c3c1aca33.jpg,0.7929759251183681,0.339513
B2A,1c434baf43.jpg,0.7087063753161971,0.42526308
B2A,1c4de511e1.jpg,0.6485455541043712,0.7766241
B2A,1c5cc22c2c.jpg,0.8563944453031371,0.35461235
B2A,1c5ce714cc.jpg,0.7318613566697579,0.29661182
B2A,1c64f657f4.jpg,0.5487954536415947,0.5610326
B2A,1c69470718.jpg,0.5860609708351963,0.42359093
B2A,1c6eed59f5.jpg,0.7625650955329255,0.5813866
B2A,1c707e6132.jpg,0.7093873060289477,0.36881816
B2A,1c75256206.jpg,0.6820473581357162,0.5388394
B2A,1c7b3cdedc.jpg,0.7857701462361736,0.32895303
B2A,1c807fee79.jpg,0.6663101802749706,0.37032673
B2A,1c84f1179c.jpg,0.6610226205064904,0.46940142
B2A,1c863100b1.jpg,0.5948059026686021,0.359892
B2A,1c88080a3f.jpg,0.5648463555068807,0.3973929
B2A,1c95a45486.jpg,0.7168821322727575,0.48623362
B2A,1cb96210e6.jpg,0.5716668946674891,0.5462523
B2A,1cb9d045d8.jpg,0.6256936212441128,0.52566886
B2A,1cc26c48b8.jpg,0.7947486829081941,0.3902331
B2A,1cd5acea15.jpg,0.7968195406359595,0.46912834
B2A,1cdb990c46.jpg,0.6388021078318086,0.43390697
B2A,1ce3cb350d.jpg,0.6375626583321189,0.35763448
B2A,1cea1bf43d.jpg,0.6918706545301846,0.48459417
B2A,1cf711c1d1.jpg,0.6791217858924942,0.5027311
B2A,1cfe6aba33.jpg,0.8758594137886727,0.3993719
B2A,1d0aecbd16.jpg,0.778476668357645,0.48807827
B2A,1d0f76765b.jpg,0.5449542787373782,0.69064903
B2A,1d17249a0f.jpg,0.7690205417924726,0.37682188
B2A,1d19c4bc7e.jpg,0.738082947324619,0.39986724
B2A,1d205c56c5.jpg,0.8139103545542002,0.4379896
B2A,1d3446f22b.jpg,0.8139160429321783,0.43466675
B2A,1d38a9bee0.jpg,0.6431548385708277,0.5637193
B2A,1d3fb25bad.jpg,0.7625584830496535,0.37627906
B2A,1d40d5d6ca.jpg,0.7084651486863042,0.32726243
B2A,1d44f79c1c.jpg,0.8572141359189831,0.38221943
B2A,1d46709e18.jpg,0.7950181055015179,0.470582
B2A,1d53ac5a9f.jpg,0.7968408657088134,0.42272955
B2A,1d57118b49.jpg,0.6268837985141487,0.46347666
B2A,1d584ad062.jpg,0.8112694079791264,0.3019528
B2A,1d5aa09f6b.jpg,0.5439318840611473,0.36225662
B2A,1d5c4b80c6.jpg,0.641994178875269,0.5419653
B2A,1d5cf63313.jpg,0.5326342197570637,0.3213093
B2A,1d5d4a0729.jpg,0.7440909879437053,0.46956062
B2A,1d640e96a3.jpg,0.8990590397662589,0.41706955
B2A,1d67aef6c9.jpg,0.6344900324787293,0.7443055
B2A,1d726a097f.jpg,0.8499809004333831,0.3763205
B2A,1d76ab1c0c.jpg,0.7838444576837602,0.32397938
B2A,1d79ab97ec.jpg,0.6820805535533565,0.36403385
B2A,1d7d8ff0ac.jpg,0.7201991061068811,0.5267444
B2A,1d8a6d18f1.jpg,0.7019644552075712,0.52306426
B2A,1d939cb782.jpg,0.6037818261397266,0.4445871
B2A,1d971deb73.jpg,0.6344530743948044,0.5204028
B2A,1da3631b3f.jpg,0.6872835918466723,0.654853
B2A,1da538235f.jpg,0.5672481194832506,0.5439555
B2A,1da6888f64.jpg,0.6954591536119994,0.4148496
B2A,1dafe2cf42.jpg,0.5681678365091063,0.69269276
B2A,1db0b33747.jpg,0.715706484257515,0.5134765
B2A,1dba9a48ae.jpg,0.637436181465134,0.42698148
B2A,1dbbe43952.jpg,0.811350602762772,0.3863392
B2A,1dc32da064.jpg,0.7809478430116448,0.3675404
B2A,1dc335fcac.jpg,0.5673885552033756,0.4637179
B2A,1dc3833078.jpg,0.8664958641743412,0.30991912
B2A,1dc3a7de89.jpg,0.7422448958527857,0.42962337
B2A,1dcbd84c73.jpg,0.6951443280255252,0.33479652
B2A,1dd0ec3618.jpg,0.682626109947797,0.39897382
B2A,1dda02098b.jpg,0.6999752975108336,0.37786964
B2A,1de54dbad6.jpg,0.7478195969096804,0.40383077
B2A,1df4ff0436.jpg,0.7073812631299048,0.36896667
B2A,1dfa5b2910.jpg,0.5859892951962161,0.56903565
B2A,1dfe2f3b46.jpg,0.7247397158487183,0.31860146
B2A,1e39d0e97c.jpg,0.7794734765006776,0.43135077
B2A,1e3a931f96.jpg,0.685623817854439,0.41950285
B2A,1e4ccca31e.jpg,0.8124455087653252,0.3807043
B2A,1e56d7de95.jpg,0.7676617259859759,0.38672817
B2A,1e59228328.jpg,0.8267016212211866,0.35324964
B2A,1e66879f90.jpg,0.7816474257688449,0.33167043
B2A,1e74d0da3b.jpg,0.6948869141041597,0.51865447
B2A,1e7e4f894f.jpg,0.7591073244409225,0.38918865
B2A,1e7ed16969.jpg,0.7709150106254142,0.3937676
B2A,1e90517e22.jpg,0.6704871646218501,0.38220403
B2A,1e947e5fe9.jpg,0.732456908324347,0.5734159
B2A,1e983237de.jpg,0.7012609091817387,0.45692253
B2A,1ea86dc4d5.jpg,0.7205339765961623,0.42357343
B2A,1eaa4a27c8.jpg,0.8104712201544166,0.33626488
B2A,1eb579374e.jpg,0.8396688304943174,0.39436123
B2A,1ebd894c28.jpg,0.8430337496388485,0.30347413
B2A,1ece79b77f.jpg,0.6175780452494214,0.41598642
B2A,1ed7c273ba.jpg,0.8144960068057271,0.4161071
B2A,1ede9dadc3.jpg,0.7088482415709888,0.3218
B2A,1ef162e31d.jpg,0.8280809256063614,0.36651593
B2A,1efdfce7c3.jpg,0.6203291744664565,0.40727627
B2A,1f006ed5eb.jpg,0.9324600277170132,0.44958347
B2A,1f086664d6.jpg,0.7787210043492483,0.5643971
B2A,1f1a19ad8b.jpg,0.6573952372797711,0.43473837
B2A,1f252ba827.jpg,0.49959853364634965,0.5342218
B2A,1f2d34b65b.jpg,0.7628128714383245,0.28765827
B2A,1f540d0ecb.jpg,0.7754540917343326,0.3891443
B2A,1f63ea8e1d.jpg,0.8328287061534575,0.37587133
B2A,1f67c932d8.jpg,0.7537463218013778,0.33484447
B2A,1f7b63917b.jpg,0.7754185524714257,0.29306185
B2A,1f8b43823c.jpg,0.762213179905413,0.4116819
B2A,1f8fe4a8e4.jpg,0.7612976279526007,0.30634153
B2A,1f96108197.jpg,0.8652862405536692,0.34340262
B2A,1f979d49c6.jpg,0.8548428421043638,0.443306
B2A,1f98e7d475.jpg,0.6399930456877909,0.42013878
B2A,1fbc82db49.jpg,0.7631491904569258,0.32850832
B2A,1fd7cebd1a.jpg,0.7922524751191914,0.4351959
B2A,1fe1ac40ef.jpg,0.7281158806196847,0.41501325
B2A,1fe223e960.jpg,0.7929363290765492,0.3350062
B2A,1fedaf095f.jpg,0.852319284624101,0.33763343
B2A,20043a8eaf.jpg,0.6608236253353073,0.5272654
B2A,2004919ebe.jpg,0.8336812837940181,0.34741014
B2A,2022ef77f2.jpg,0.5812577897585333,0.64510286
B2A,2037f91745.jpg,0.749518697111821,0.43480325
B2A,20454954b2.jpg,0.6345521699803603,0.48292798
B2A,204615862b.jpg,0.737004548990519,0.5781082
B2A,2046adf2b6.jpg,0.5962729594206272,0.32429647
B2A,205f999ab3.jpg,0.7938993927154794,0.32135314
B2A,2061671c2b.jpg,0.6485624782954684,0.39961448
B2A,2063a6693c.jpg,0.7549003201980183,0.34340116
B2A,2066a2e091.jpg,0.7694802768296818,0.42611927
B2A,206adc3515.jpg,0.7326487622288756,0.33953592
B2A,206d18e819.jpg,0.5378531303869479,0.37140962
B2A,206e57e6d1.jpg,0.7203213696040763,0.3993936
B2A,2078d3f123.jpg,0.7657043531702048,0.54857624
B2A,2080efd0d6.jpg,0.6568945506334379,0.3537888
B2A,208c0535cf.jpg,0.8172775048454051,0.36214995
B2A,208f4b819b.jpg,0.8419895720159611,0.5372645
B2A,2096a57bfc.jpg,0.7709669185958525,0.325656
B2A,209873c58f.jpg,0.8666601171412841,0.28950667
B2A,209bdb1587.jpg,0.6598935890445893,0.43636325
B2A,20b2d4f4bf.jpg,0.7313369216337987,0.61332
B2A,20b3d168a6.jpg,0.5157640172368261,0.51190704
B2A,20b7eab911.jpg,0.8326326238334671,0.4470418
B2A,20c152f056.jpg,0.5273797913476579,0.73414063
B2A,20cac2191a.jpg,0.8463136722847315,0.33256558
B2A,20d2fd7d1b.jpg,0.7320605678929278,0.40056685
B2A,20d336b6c2.jpg,0.783874428890995,0.36982697
B2A,20d927a07b.jpg,0.6956450772429982,0.44178635
B2A,20ddf9c49f.jpg,0.6631721263689195,0.6164054
B2A,20ea204105.jpg,0.7616017102275542,0.34318763
B2A,20f93c26b0.jpg,0.7677616966827618,0.34463653
B2A,20fa90d43e.jpg,0.8509483733767309,0.50328517
B2A,2103852756.jpg,0.6639270966018681,0.43301463
B2A,211ca2dfb4.jpg,0.7805239736182803,0.37569654
B2A,21243b9607.jpg,0.7343720995724109,0.5105337
B2A,2129f6f2dc.jpg,0.5417349276540477,0.4986104
B2A,212cf8498d.jpg,0.6478413765011264,0.52727497
B2A,2145ce0f78.jpg,0.8154790614876137,0.32015747
B2A,21630a4fa1.jpg,0.7017902322384595,0.45041534
B2A,216a8d4e5c.jpg,0.7649399299613653,0.4164787
B2A,21747ccb08.jpg,0.7225837887218893,0.47014487
B2A,21757a4c07.jpg,0.7301929702331332,0.5502994
B2A,217b9b9aaf.jpg,0.7019271546966203,0.3741637
B2A,21927aa7d4.jpg,0.6877681323143037,0.46448338
B2A,219baac7b2.jpg,0.6843566614715928,0.43577808
B2A,21ac721374.jpg,0.600937315218173,0.536578
B2A,21b6fd99a5.jpg,0.6897383089867567,0.49756348
B2A,21b9aafc49.jpg,0.8147477683805332,0.3619647
B2A,21c2589053.jpg,0.7509329399108975,0.36445868
B2A,21c2c68337.jpg,0.8159760878392994,0.4748606
B2A,21e2aea535.jpg,0.7697646558444118,0.37255755
B2A,21e5c1891c.jpg,0.8004828350622778,0.32496816
B2A,21e7463544.jpg,0.6423781413176405,0.36297294
B2A,21fe71a93b.jpg,0.7313187225558397,0.5532243
B2A,2236c207aa.jpg,0.7107554640817391,0.31033847
B2A,223c77d56f.jpg,0.7689644535770841,0.22977519
B2A,2246ed23dc.jpg,0.5737368000343096,0.43946674
B2A,2257860322.jpg,0.6593790008918712,0.3491781
B2A,22661d9ec0.jpg,0.5977081358993461,0.42128927
B2A,2286c7067e.jpg,0.7722374896514129,0.5045221
B2A,228a291710.jpg,0.7516310251536763,0.44449237
B2A,228c986820.jpg,0.7713868921714628,0.39211234
B2A,228d0b850f.jpg,0.8387456946003242,0.32248485
B2A,2292200c80.jpg,0.8357267391349426,0.43322545
B2A,229221319f.jpg,0.693150687987141,0.4567861
B2A,229eca589c.jpg,0.8492290077576413,0.4265302
B2A,22b213f1e5.jpg,0.7213629144540683,0.6199051
B2A,22b305f62e.jpg,0.5303096233707068,0.42552203
B2A,22b389e1fd.jpg,0.5664261344009895,0.3399498
B2A,22b5b48553.jpg,0.8602930097919554,0.3543905
B2A,22bfe6445a.jpg,0.6341038086268594,0.38223952
B2A,22c2ebefea.jpg,0.7300360181250585,0.37346986
B2A,22c5bb63ac.jpg,0.600488379875839,0.39151695
B2A,22cd40eed2.jpg,0.673004400910799,0.40646926
B2A,22ce24836f.jpg,0.7411600458929486,0.37422675
B2A,22d49f3bb9.jpg,0.43289284573690534,0.48172238
B2A,22e1784ae5.jpg,0.8091384529401482,0.43681556
B2A,22fc4c2e5b.jpg,0.8193958844946181,0.27733022
B2A,2304539c3c.jpg,0.726988785856635,0.4678705
B2A,23060d93b3.jpg,0.7140490226234388,0.4677195
B2A,2308cd7f79.jpg,0.7881040079538156,0.3126875
B2A,230ce6af39.jpg,0.7336962738891304,0.40343195
B2A,2318dd451a.jpg,0.7335555553998969,0.40627593
B2A,23296f234d.jpg,0.7070232106106401,0.417939
B2A,2339fbceb2.jpg,0.8412386502358901,0.5268597
B2A,2351d0e36d.jpg,0.7097681890246347,0.5107073
B2A,23568b7cf6.jpg,0.5210459972878898,0.4859402
B2A,235a2feea2.jpg,0.6002957158526793,0.6346657
B2A,235f2c8d2d.jpg,0.7511701919077697,0.33227435
B2A,236e24292a.jpg,0.6374557844216111,0.37208003
B2A,2372845016.jpg,0.7087885143513236,0.42533225
B2A,2379cb1f27.jpg,0.727683531651783,0.42541534
B2A,238bd94fcb.jpg,0.6065564104877936,0.4415943
B2A,2398192c56.jpg,0.7814734682068022,0.43856323
B2A,23a2a896cb.jpg,0.6171649404584061,0.40351644
B2A,23b1669fc4.jpg,0.8928850015170656,0.4594674
B2A,23be955aa3.jpg,0.725229843484323,0.39102465
B2A,23d0cd1621.jpg,0.7213127730823747,0.52239454
B2A,23e044ebbf.jpg,0.7653224040097578,0.31473595
B2A,23e490fde6.jpg,0.7071819962206016,0.53412026
B2A,23edb57cff.jpg,0.791241892762603,0.33956558
B2A,23ee3c5507.jpg,0.5584385677542444,0.48559746
B2A,23f7a22314.jpg,0.7216140548592181,0.42104033
B2A,23fb1a1690.jpg,0.755846105826896,0.3215503
B2A,23fb2c15d2.jpg,0.818844912187272,0.34776703
B2A,2403efbfd3.jpg,0.7103918958363608,0.4094802
B2A,240a7c491a.jpg,0.7547356500712492,0.5223601
B2A,2410f7ebd1.jpg,0.5378731724197098,0.5657268
B2A,24166036c4.jpg,0.659583196470121,0.43783182
B2A,241d87414d.jpg,0.7595352406143485,0.36472377
B2A,2421fde7b1.jpg,0.8292911892416914,0.6050779
B2A,243ef6c04e.jpg,0.8397672800891643,0.41345125
B2A,244182635e.jpg,0.7901017408068115,0.2909697
B2A,244cb6321d.jpg,0.8263106928009749,0.4273755
B2A,2469dbd507.jpg,0.6339476619023575,0.5091402
B2A,2476944f5c.jpg,0.8780320324595807,0.33106744
B2A,247d71f468.jpg,0.5799133149693001,0.37170368
B2A,2489d5208e.jpg,0.7774901212780476,0.42697823
B2A,248e98e6e5.jpg,0.7518763431346024,0.56020725
B2A,24997d2394.jpg,0.5251393107516636,0.39414638
B2A,249c6f2b02.jpg,0.6549428438491685,0.49973685
B2A,24ad0a8279.jpg,0.7312400854959724,0.47548833
B2A,24af325930.jpg,0.8102768343147849,0.43406367
B2A,24af541789.jpg,0.7321880814556754,0.38821176
B2A,24b21b5261.jpg,0.6674716123350911,0.63114595
B2A,24b535812d.jpg,0.7562863113534873,0.38990062
B2A,24b54b150b.jpg,0.5539801108541706,0.49438336
B2A,24c4ed86a3.jpg,0.7738300577493896,0.3465619
B2A,24c5780a0c.jpg,0.6591116139584106,0.45238355
B2A,24d819c261.jpg,0.7639624130175414,0.48256883
B2A,24e8e3b180.jpg,0.7874095956362248,0.47928372
B2A,25082e762f.jpg,0.6160571973612223,0.4473912
B2A,250bd36c8c.jpg,0.8783236210947012,0.28159788
B2A,252bc3a3ab.jpg,0.8255047667419947,0.37330383
B2A,252f6d69ce.jpg,0.8093481887858428,0.39538592
B2A,25315f09a6.jpg,0.5581063145218876,0.37136412
B2A,253340547f.jpg,0.6683730495147607,0.55954576
B2A,25346ff439.jpg,0.811420781617088,0.27663887
B2A,25462592ac.jpg,0.7964062982064183,0.2969938
B2A,2552f6c0e4.jpg,0.819441176962284,0.31845742
B2A,256f038a42.jpg,0.7315194605693356,0.37332827
B2A,258083f3e8.jpg,0.6211647825428845,0.7339293
B2A,2581451ca9.jpg,0.6178931744287625,0.5707054
B2A,259e4070d5.jpg,0.6838028765595382,0.5145999
B2A,25a9b86180.jpg,0.6456303971142173,0.40903544
B2A,25b6be053f.jpg,0.6842745894680801,0.34995443
B2A,25c04fbf2f.jpg,0.8239439826314072,0.35116827
B2A,25c2b346fe.jpg,0.7200294845564931,0.39084986
B2A,25c46710fc.jpg,0.761608043485458,0.41882497
B2A,25c827dc83.jpg,0.7294245085334027,0.48959577
B2A,25cb295b1f.jpg,0.6574258974159319,0.2895971
B2A,25d70dd7b1.jpg,0.7699366245229784,0.39514244
B2A,25df1df7d9.jpg,0.6430485849122,0.4856776
B2A,25e705548a.jpg,0.7906914980095195,0.4337431
B2A,25eba9fa76.jpg,0.7115901431589243,0.542965
B2A,25f8328a2f.jpg,0.6885109431782293,0.4435482
B2A,2602597bb0.jpg,0.6421723213107281,0.46689978
B2A,2605924561.jpg,0.8188252378507543,0.37730697
B2A,2606c25ce3.jpg,0.6666477387034093,0.40268305
B2A,260d6a5c37.jpg,0.5844519929418395,0.4576754
B2A,26182c3d72.jpg,0.8443691434976041,0.32617828
B2A,2621968d1b.jpg,0.7541284974426485,0.39629972
B2A,2629524a69.jpg,0.7876332206525366,0.28409046
B2A,26296bb84f.jpg,0.6912303430205272,0.3428126
B2A,2641b8175f.jpg,0.7397622929008343,0.31632835
B2A,26494a01e1.jpg,0.824645477148255,0.41637558
B2A,26582fc5a8.jpg,0.6468454770509564,0.5077804
B2A,265f7accbd.jpg,0.5931358648183193,0.5192619
B2A,26722e2880.jpg,0.635920164301786,0.36043167
B2A,26863f0716.jpg,0.7972029417932007,0.32574055
B2A,2688ed2270.jpg,0.8575964831671142,0.3885459
B2A,26892fcc02.jpg,0.8020326676394489,0.31851754
B2A,268b959d88.jpg,0.7707873411529159,0.43095282
B2A,26916da7ff.jpg,0.6505592341044456,0.40765846
B2A,2698bac269.jpg,0.8050093256843414,0.3253942
B2A,269b1b5690.jpg,0.7550745806768338,0.45301202
B2A,26aaf299c0.jpg,0.881394121018521,0.3620021
B2A,26b9449f10.jpg,0.581977878687046,0.46652356
B2A,26bbb89fd6.jpg,0.5463265532265308,0.54799217
B2A,26c4de1515.jpg,0.6158530220260654,0.36228248
B2A,26cd0ec0e4.jpg,0.8044229793377529,0.43730578
B2A,26ce42c083.jpg,0.6681989678086501,0.5582028
B2A,26d40b7147.jpg,0.707877326818649,0.36344832
B2A,26d474464f.jpg,0.7535704257818809,0.43042487
B2A,26d4ecb9fd.jpg,0.7643134909834045,0.3739978
B2A,26d73ccce4.jpg,0.7083110882158206,0.3724085
B2A,26da6b82c6.jpg,0.7200135547425428,0.40141886
B2A,26db4dcdea.jpg,0.8279569455192547,0.3455396
B2A,26fe13cbea.jpg,0.8015996076283035,0.45078403
B2A,2706749d66.jpg,0.8540626341185064,0.34565628
B2A,270687abc3.jpg,0.8387491472735448,0.35964334
B2A,270a7544e5.jpg,0.7517802441580027,0.54217166
B2A,270f62c6e8.jpg,0.5981104667951543,0.47516233
B2A,27159e6719.jpg,0.7505109359148411,0.37818164
B2A,271ec1348b.jpg,0.8216249244978968,0.33927876
B2A,2727db154e.jpg,0.7396781677813683,0.531294
B2A,2734c9504b.jpg,0.7229775455060428,0.42235175
B2A,274ba0c4a2.jpg,0.6829707376765826,0.41166613
B2A,274cf83fa6.jpg,0.7731446027541419,0.4742476
B2A,27534f0e65.jpg,0.5941130153128416,0.40897536
B2A,27645084b6.jpg,0.7195386022768971,0.42634028
B2A,276543fbf7.jpg,0.5506320998112062,0.59569335
B2A,276c73bead.jpg,0.8171697191022489,0.3770782
B2A,276ee4b14f.jpg,0.6170766382549102,0.4146399
B2A,2775af1bba.jpg,0.7963903343966778,0.42887536
B2A,27777862fd.jpg,0.598246983689953,0.54363257
B2A,2779835a1b.jpg,0.6932365697992494,0.5235766
B2A,277c068c4e.jpg,0.6753180645327475,0.29560512
B2A,277d120bb4.jpg,0.7358413888873554,0.4914859
B2A,2782335eef.jpg,0.6808427544823763,0.56028825
B2A,2784e8f91d.jpg,0.6968516672044637,0.4187538
B2A,2791df1515.jpg,0.4858668397440282,0.5752883
B2A,279eb2037c.jpg,0.8054182691967576,0.30978188
B2A,27a36df1f6.jpg,0.8315118331696476,0.27880055
B2A,27b2a0c66f.jpg,0.8773237325908857,0.28673488
B2A,27b87e7785.jpg,0.8663606565314266,0.32761347
B2A,27bc5c6810.jpg,0.8388410724934895,0.29575756
B2A,27c273f5ac.jpg,0.7781624808879885,0.3772835
B2A,27c67103f0.jpg,0.7581906030570766,0.36865163
B2A,27d994ba96.jpg,0.8028632342532792,0.30473006
B2A,27de05d60a.jpg,0.857456742778044,0.5289929
B2A,27e341bcc2.jpg,0.814145091901075,0.32474008
B2A,27ea6d9992.jpg,0.6470201105479354,0.70406586
B2A,27ebfe0db6.jpg,0.5530362369695795,0.4816268
B2A,27f3a34b1d.jpg,0.6205007005822576,0.48088178
B2A,27f4d80142.jpg,0.6365926075410764,0.5081289
B2A,27fa99ac5c.jpg,0.5530444344758909,0.56803256
B2A,2806a9db15.jpg,0.7796248601021554,0.36861935
B2A,281356f565.jpg,0.7767224468821614,0.3763399
B2A,2815c0ad33.jpg,0.8248283769337142,0.41769126
B2A,281b790739.jpg,0.6573537710494736,0.35566065
B2A,283a083739.jpg,0.6710806433298088,0.46919966
B2A,28430b5602.jpg,0.7042008838930289,0.2722919
B2A,2843919992.jpg,0.8346763337869185,0.37636167
B2A,285449b06a.jpg,0.8344435897997438,0.34602937
B2A,2854ebb127.jpg,0.8648750872209593,0.3474411
B2A,28611884d0.jpg,0.6516862660613651,0.5628766
B2A,2861f74357.jpg,0.8657392886369949,0.45607758
B2A,2867b3bef0.jpg,0.8582179092593835,0.3618628
B2A,286c5026ff.jpg,0.718230839383426,0.5209023
B2A,2879b6b734.jpg,0.7313148597077368,0.34279907
B2A,2881c907bb.jpg,0.7157646544280403,0.6151875
B2A,2885431ef9.jpg,0.6814801117486121,0.2994616
B2A,288c92df0c.jpg,0.6636194073069953,0.42651403
B2A,288d596137.jpg,0.621240569858997,0.49044183
B2A,289a8f7970.jpg,0.7373318823911006,0.3089249
B2A,28a626558d.jpg,0.7720222597690244,0.48065472
B2A,28a7737b48.jpg,0.7301262941407743,0.37945992
B2A,28aab35051.jpg,0.8381379243584794,0.4788415
B2A,28aacb7e4e.jpg,0.8113083152172378,0.37823305
B2A,28aec8dbd4.jpg,0.6714066931326697,0.60867596
B2A,28b05820b1.jpg,0.6642623473243414,0.41472998
B2A,28b57f757f.jpg,0.6388206344284061,0.503292
B2A,28be9a8202.jpg,0.7707886188398477,0.5005747
B2A,28cf136409.jpg,0.7665710504363936,0.39265513
B2A,28e1c7681e.jpg,0.7972454587647965,0.30759618
B2A,28e27595dc.jpg,0.5469609952569783,0.4807024
B2A,28e7b09f15.jpg,0.7538131427570599,0.40772182
B2A,28f3814945.jpg,0.702951019377249,0.5359205
B2A,28f9f1a13f.jpg,0.6506459676551649,0.4008212
B2A,28fbbb8f15.jpg,0.6922221638303833,0.36696857
B2A,28fd6bf605.jpg,0.7739866313195941,0.45549804
B2A,28ffa0bd39.jpg,0.5016955821654746,0.4062525
B2A,290560fba4.jpg,0.7035906626609514,0.30786112
B2A,290dd4249d.jpg,0.7818382077113859,0.31184858
B2A,291146558e.jpg,0.5596131641891774,0.5882193
B2A,292945e24e.jpg,0.8507634056708209,0.31924856
B2A,293b00c315.jpg,0.7492133741896703,0.37265834
B2A,293dadb732.jpg,0.8509094143807269,0.45006955
B2A,2951fe2fe1.jpg,0.859583603473978,0.4718827
B2A,2959168184.jpg,0.5300799302160971,0.43720883
B2A,295b938a05.jpg,0.7164383367555162,0.56057477
B2A,2960920920.jpg,0.6278550336948336,0.5573415
B2A,296b177cad.jpg,0.7933934356224253,0.4090506
B2A,296b8c38bf.jpg,0.8183830458315177,0.38175523
B2A,2971c7ed92.jpg,0.7665376798871268,0.43286237
B2A,297f3a075f.jpg,0.6635067533110458,0.34797955
B2A,29864d1221.jpg,0.7680324429505001,0.45809478
B2A,29906262a0.jpg,0.8303920764871037,0.44471866
B2A,299495fe20.jpg,0.6891502503012438,0.54472214
B2A,29a0754ddd.jpg,0.914558455589081,0.3012595
B2A,29aacba212.jpg,0.6278751667770771,0.39727584
B2A,29afd0e0cb.jpg,0.5328412330122027,0.4788571
B2A,29b165f427.jpg,0.5845490824058012,0.56683594
B2A,29c0dfdae4.jpg,0.8030439618838249,0.40360755
B2A,29c34c1abd.jpg,0.8978945504867265,0.20617272
B2A,29d0386f3e.jpg,0.8370552906986484,0.28472152
B2A,29d335a6a9.jpg,0.7772837371694453,0.32650456
B2A,29d58214f1.jpg,0.6737682448032103,0.49351397
B2A,29d8295ed2.jpg,0.8049233103474324,0.45797843
B2A,29e01f8909.jpg,0.7589641073445401,0.5391356
B2A,29e7039a4d.jpg,0.7520934708967716,0.32072443
B2A,29eba6fe01.jpg,0.7955558439802565,0.36914054
B2A,29eefa93e2.jpg,0.6967431345973425,0.30205017
B2A,29f28ef872.jpg,0.6163881145445429,0.64373106
B2A,29fe34f752.jpg,0.5324560792285384,0.5325998
B2A,29ff35dc7b.jpg,0.6740384350457427,0.5363373
B2A,2a0382cf4c.jpg,0.7731396971941608,0.44276583
B2A,2a114c7c94.jpg,0.5256567704566374,0.42899448
B2A,2a13df2bc3.jpg,0.540113239389892,0.65059817
B2A,2a14b928c4.jpg,0.5327153831795545,0.7155375
B2A,2a18193d91.jpg,0.812038808705366,0.33021596
B2A,2a199d45e5.jpg,0.8691043695559163,0.3174971
B2A,2a26f69715.jpg,0.7067777681567443,0.3718638
B2A,2a3cd42798.jpg,0.7699192377577713,0.41875145
B2A,2a4211a6e4.jpg,0.7510294975017904,0.47771022
B2A,2a4988e4a7.jpg,0.7573014000400281,0.36464202
B2A,2a4a9d54a7.jpg,0.8125916862875144,0.36402956
B2A,2a4edec63e.jpg,0.9209956524511758,0.36619928
B2A,2a503386a2.jpg,0.8537259488142951,0.36817673
B2A,2a606d05d8.jpg,0.6887333697907817,0.40053707
B2A,2a6805c1a9.jpg,0.8485131341441944,0.3338681
B2A,2a791629c4.jpg,0.722635559106358,0.34597406
B2A,2a87a4fbee.jpg,0.6124366635419788,0.46218207
B2A,2a89dc7912.jpg,0.5294692570519746,0.43675852
B2A,2aa39bfaca.jpg,0.7346312763903937,0.27778167
B2A,2acc30abbe.jpg,0.7616998721668642,0.41862002
B2A,2ae4a137a6.jpg,0.7743857686657216,0.4276433
B2A,2af9ea0c85.jpg,0.882380508140475,0.28250825
B2A,2b057c1cb8.jpg,0.8799404292114668,0.48852572
B2A,2b086b077f.jpg,0.5851225767989383,0.47322652
B2A,2b0beb1f37.jpg,0.5681038528706592,0.431369
B2A,2b0c82824b.jpg,0.7535402879802383,0.33114648
B2A,2b1102f3b4.jpg,0.7229818898764475,0.45114684
B2A,2b19987d57.jpg,0.8412302898666376,0.45014918
B2A,2b19a7b5d3.jpg,0.7067638719435141,0.5649412
B2A,2b222ce74d.jpg,0.7727623842740374,0.49840975
B2A,2b22c8b439.jpg,0.5527957846768019,0.52328795
B2A,2b2486be40.jpg,0.8020966239138559,0.45260367
B2A,2b28a6f69a.jpg,0.6989233809605483,0.35080063
B2A,2b2ae4cd5f.jpg,0.8598298791878373,0.32935914
B2A,2b2b63d51c.jpg,0.8616090235629619,0.2894026
B2A,2b2efc29c6.jpg,0.7865993028663235,0.38697475
B2A,2b3a026f51.jpg,0.5982475236220715,0.5214285
B2A,2b516f78d1.jpg,0.6726871371072313,0.38281962
B2A,2b62ea6ed1.jpg,0.8113335656653055,0.41678524
B2A,2b68e09fa5.jpg,0.761033991177969,0.36296034
B2A,2b6cd9bbf2.jpg,0.5451359874440499,0.663407
B2A,2b7402e62d.jpg,0.6400381157059782,0.6903052
B2A,2b83d60844.jpg,0.599637079310955,0.63782287
B2A,2b977b06b6.jpg,0.7312898387242202,0.44955352
B2A,2ba042499d.jpg,0.6693590510268032,0.61995125
B2A,2ba2325c69.jpg,0.6353873655941276,0.5279402
B2A,2bb040da92.jpg,0.7397622929008343,0.31632835
B2A,2bb16be25b.jpg,0.6574183874582653,0.5432725
B2A,2bb4efac43.jpg,0.8265689593063039,0.42127833
B2A,2bba709f10.jpg,0.8329762335324046,0.3794169
B2A,2bd4e078d7.jpg,0.5417524612387395,0.45693028
B2A,2be00d7888.jpg,0.7015402363401076,0.477004
B2A,2be5e776d7.jpg,0.716776726546784,0.4112663
B2A,2c0394a36e.jpg,0.6829472455796279,0.57907313
B2A,2c060d43db.jpg,0.5682435638569494,0.5988539
B2A,2c0a22b1bd.jpg,0.786713264715825,0.49346954
B2A,2c1f8326a4.jpg,0.6208310990097566,0.5540031
B2A,2c28975fee.jpg,0.6882801410999307,0.53910536
B2A,2c2e9d9c74.jpg,0.7760100170027445,0.30989885
B2A,2c525980b1.jpg,0.8271400595488647,0.25639266
B2A,2c5cd7dde6.jpg,0.7849198937413897,0.4457847
B2A,2c5deec20d.jpg,0.6285228644681382,0.5504408
B2A,2c64a2295e.jpg,0.7879974286951079,0.38007918
B2A,2c7f80aab7.jpg,0.658001250867002,0.51391923
B2A,2c84e8d012.jpg,0.7400155372283699,0.41099125
B2A,2c8672a913.jpg,0.6510437235402863,0.3529672
B2A,2c885d1c89.jpg,0.6808315504746916,0.40840918
B2A,2c982c58a5.jpg,0.7784638440722649,0.3610409
B2A,2ca2d1287f.jpg,0.7439811231645045,0.4148602
B2A,2ca79c8d4a.jpg,0.7054680778422947,0.53745157
B2A,2ca8ab24ef.jpg,0.7651441986970928,0.40453804
B2A,2cbb870493.jpg,0.8704011476536376,0.35815787
B2A,2cc7029c30.jpg,0.6968335726108532,0.47864455
B2A,2cd1818a6f.jpg,0.7807281794748588,0.39952216
B2A,2cd4ca4ff7.jpg,0.8011354606350588,0.40274954
B2A,2cdbb209dd.jpg,0.5879642252049414,0.55006796
B2A,2ce0a774cc.jpg,0.5414338298476132,0.5989783
B2A,2ce4fe7434.jpg,0.6616138761453486,0.45081165
B2A,2ce941f6ea.jpg,0.7535513531016245,0.30526137
B2A,2cf4cac9df.jpg,0.8554808672159743,0.30867904
B2A,2cf4fcd902.jpg,0.4957399046932665,0.5620798
B2A,2cf96e5d1d.jpg,0.8418267469705423,0.34300023
B2A,2cfd8877ea.jpg,0.748299313280724,0.3351338
B2A,2d0075fb17.jpg,0.8017719229767067,0.5160367
B2A,2d16d2379d.jpg,0.8363541031438705,0.3433492
B2A,2d1fc447a1.jpg,0.6529416802934903,0.37402147
B2A,2d21050a7e.jpg,0.6332170463258008,0.5571783
B2A,2d220cb18e.jpg,0.7166058861613616,0.36636806
B2A,2d25168671.jpg,0.8145294999132539,0.41770366
B2A,2d44d8ede7.jpg,0.8538545803425974,0.40077496
B2A,2d48369700.jpg,0.6723257009004091,0.5529421
B2A,2d4e2c6a70.jpg,0.6738472390027218,0.43945837
B2A,2d4e5384ab.jpg,0.7906386814387213,0.3915849
B2A,2d5082427e.jpg,0.6195170158236827,0.47148305
B2A,2d5abca3d6.jpg,0.7735362683160004,0.3433274
B2A,2d6265411d.jpg,0.7324540526115186,0.344632
B2A,2d637a7346.jpg,0.5964804168715747,0.39695197
B2A,2d7aba6183.jpg,0.7728450605076402,0.5441165
B2A,2d7deb9968.jpg,0.7935801512784079,0.35217744
B2A,2d903e93c5.jpg,0.6582417638956604,0.5428523
B2A,2d95ae6eb2.jpg,0.7827638811771298,0.44363177
B2A,2d9bfdb911.jpg,0.5776782395584833,0.59551734
B2A,2da40e05e0.jpg,0.635060245753733,0.43173033
B2A,2da41f7e22.jpg,0.8674044284368145,0.31892473
B2A,2dac7d65e9.jpg,0.832283950695117,0.42680585
B2A,2dacb0a259.jpg,0.8469659268166303,0.33259588
B2A,2daf4ce562.jpg,0.8011666466165437,0.35224617
B2A,2db034b46c.jpg,0.6934284338412667,0.436261
B2A,2db14aa0ac.jpg,0.549552822983278,0.50715846
B2A,2db8fdcdb6.jpg,0.8223937257491347,0.3756412
B2A,2dd1d30221.jpg,0.8399079535234016,0.31005242
B2A,2dd4f95b88.jpg,0.5192459204760363,0.5410663
B2A,2dd9275de3.jpg,0.7915227606278801,0.39668477
B2A,2ddc57dd19.jpg,0.7790585699340545,0.3393892
B2A,2ddd51611c.jpg,0.5573446169051688,0.5898708
B2A,2dec4e77ed.jpg,0.7964007995570326,0.42254293
B2A,2dec9e5cf3.jpg,0.86058581295895,0.31919742
B2A,2dfec6a775.jpg,0.6751844518231415,0.50452954
B2A,2e00f465c3.jpg,0.4614496172011552,0.6834986
B2A,2e09380c2a.jpg,0.6852109287068777,0.39263445
B2A,2e1753ba9b.jpg,0.7953847593138362,0.5182316
B2A,2e1c6fc11b.jpg,0.7266993298120453,0.37104446
B2A,2e2e206c28.jpg,0.8310291476729268,0.5279073
B2A,2e301d7558.jpg,0.658700715198249,0.6566882
B2A,2e517b8314.jpg,0.7872940435551921,0.28260443
B2A,2e5fbd7286.jpg,0.745070941146704,0.33518684
B2A,2e6ec4908b.jpg,0.6270466319901511,0.41997328
B2A,2e7742679f.jpg,0.7786821248897932,0.41041267
B2A,2e78e51950.jpg,0.7178843527106077,0.314322
B2A,2e78e73bea.jpg,0.5328844913122013,0.49454537
B2A,2e7bf7b6d7.jpg,0.5692204766436603,0.43351403
B2A,2e90f3f80e.jpg,0.6498999689399858,0.4430293
B2A,2eaec67b91.jpg,0.7149704538505909,0.51676404
B2A,2ec41d4134.jpg,0.7430165886852232,0.34122914
B2A,2ecf4e49d6.jpg,0.6442281544403482,0.48649442
B2A,2ee3c2e52e.jpg,0.7018426708419564,0.47052753
B2A,2ee77c2635.jpg,0.6495992277363493,0.3542241
B2A,2ef2770a26.jpg,0.6461925392318022,0.51492864
B2A,2f109a6785.jpg,0.7634225243766098,0.40896726
B2A,2f16239804.jpg,0.6643216501742132,0.39884883
B2A,2f1aabf863.jpg,0.7729114052897882,0.43276396
B2A,2f1cadb0b7.jpg,0.698245152572551,0.51631474
B2A,2f220b23a4.jpg,0.5637038838940351,0.66627944
B2A,2f23c7dfd2.jpg,0.7962859146410135,0.4217367
B2A,2f33daf7c6.jpg,0.6426117623691593,0.44356668
B2A,2f5081e946.jpg,0.7988533131705409,0.33031332
B2A,2f8ca8f7dd.jpg,0.8748307700625485,0.3610091
B2A,2f9d43719d.jpg,0.6825832500666875,0.65922904
B2A,2f9dac2cfc.jpg,0.48752515963242515,0.52027017
B2A,2fa3a1847b.jpg,0.838855093619108,0.46678567
B2A,2fa51ca1fa.jpg,0.6046550273950152,0.4047761
B2A,2fb1aee127.jpg,0.6932560730843174,0.44332907
B2A,2fb56b3050.jpg,0.8486524677234764,0.28524128
B2A,2fb9a62d4f.jpg,0.6265977677654315,0.35427102
B2A,2fbd381154.jpg,0.528982594003276,0.6690321
B2A,2fcca3b171.jpg,0.8103637279105703,0.34374154
B2A,2fd530981b.jpg,0.6344177214746763,0.3671022
B2A,2fde227d1f.jpg,0.5400146753555713,0.43590027
B2A,2ffdb7bb25.jpg,0.6516836596787616,0.4899099
B2A,2fffa9b80b.jpg,0.6074692361769654,0.4881943
B2A,2ffff1f4b7.jpg,0.762996718629822,0.39717236
B2A,300bfa61ee.jpg,0.7258842234426129,0.43616116
B2A,300de48204.jpg,0.7175989575199476,0.46026745
B2A,30126b0c64.jpg,0.5795931376857131,0.5422296
B2A,3012de7eed.jpg,0.7039096835593166,0.47320208
B2A,3016a28e9d.jpg,0.7430529417965779,0.41517723
B2A,3023c7e91c.jpg,0.7143043203705169,0.4298756
B2A,3036b97556.jpg,0.7130912149632471,0.38545528
B2A,303b61552d.jpg,0.8061000605495607,0.50013816
B2A,304070d771.jpg,0.7128094758435713,0.62987626
B2A,30466cabde.jpg,0.6325396515205977,0.356988
B2A,3047c6263a.jpg,0.7682139548423698,0.5121096
B2A,304c2f4d34.jpg,0.7213669802854198,0.53465503
B2A,304fd99da4.jpg,0.577316609825363,0.40862146
B2A,305e8c1906.jpg,0.7427820318401573,0.37781894
B2A,305fc59b7e.jpg,0.6203695887964586,0.6266409
B2A,306397c35a.jpg,0.6831574747732413,0.35304987
B2A,30647276ab.jpg,0.6799258670777171,0.5111834
B2A,306ebd4b5c.jpg,0.6841863787994109,0.42959213
B2A,306fdd232d.jpg,0.7227418818626687,0.41824841
B2A,30704449eb.jpg,0.7730566270346815,0.4520576
B2A,3070a4c8b0.jpg,0.678303648060946,0.49957508
B2A,30718dc781.jpg,0.7883382301155721,0.48290098
B2A,307d716b38.jpg,0.8236912706062055,0.37606832
B2A,30821a129e.jpg,0.7071246277300793,0.35487387
B2A,30c43e2fe9.jpg,0.8138733615745722,0.34906808
B2A,30ca82141f.jpg,0.8736220525019426,0.5710989
B2A,30d24dd7c8.jpg,0.7769695519970646,0.64298934
B2A,30ea353d97.jpg,0.7578558551513249,0.48091823
B2A,30ea58dabb.jpg,0.560663007680839,0.5806109
B2A,30f4a36c95.jpg,0.8565384107793012,0.30621547
B2A,30ff35c5af.jpg,0.8710009107395769,0.4068998
B2A,3116136a42.jpg,0.7241024955144728,0.3670409
B2A,312c2be90b.jpg,0.828424688726153,0.32325885
B2A,313cd1f3e0.jpg,0.6233323225525538,0.4577499
B2A,3150771433.jpg,0.45089944258425046,0.48896745
B2A,3165c39cd3.jpg,0.6869097094727891,0.47187272
B2A,3178a6117e.jpg,0.6416917364638748,0.38033643
B2A,317b731059.jpg,0.8362408059984362,0.41368085
B2A,317ecf9e9d.jpg,0.8769922049796627,0.47362888
B2A,31819e2fb6.jpg,0.6956261416495501,0.4354521
B2A,318d2dd948.jpg,0.7783779935799879,0.42785698
B2A,319031271d.jpg,0.7502952027932394,0.37034675
B2A,319b17bbb4.jpg,0.8333860415711885,0.39264998
B2A,319b8157e2.jpg,0.8601958978834182,0.49879497
B2A,319de8a4c3.jpg,0.7244467242932314,0.6311154
B2A,31af3a1906.jpg,0.5219817059509558,0.6929951
B2A,31dd6a20fc.jpg,0.858608270782856,0.27757362
B2A,31e3562ead.jpg,0.8307610868313552,0.4715227
B2A,31ebef8c4c.jpg,0.5478814023904013,0.77130723
B2A,31ecf73a02.jpg,0.8704285942633716,0.35384226
B2A,31fbb87d97.jpg,0.7412418537678017,0.38254538
B2A,31fdcfab86.jpg,0.7158574823745657,0.32545775
B2A,32076ecaf2.jpg,0.8210454549068803,0.29537117
B2A,3213f8108a.jpg,0.7953713695500898,0.38279495
B2A,3224e61375.jpg,0.8404926167915223,0.35088366
B2A,32277975c5.jpg,0.608137860175154,0.46082303
B2A,3250368377.jpg,0.689550944619987,0.3794421
B2A,325120c998.jpg,0.7839379344779673,0.3336879
B2A,32639bab15.jpg,0.6591799626791024,0.43837142
B2A,3277390c9b.jpg,0.5224597827263483,0.53311646
B2A,3278d87456.jpg,0.8460889340140317,0.40623808
B2A,327bbda45b.jpg,0.7435972014890323,0.39484638
B2A,328321b466.jpg,0.7650388092722086,0.3791958
B2A,32882d9a83.jpg,0.7314246322578615,0.42161292
B2A,3291187d91.jpg,0.6112684557624238,0.4813339
B2A,32a1470651.jpg,0.8808628727251303,0.37600666
B2A,32ae69a50f.jpg,0.5114585293278529,0.6248496
B2A,32b537e6de.jpg,0.8738454363594007,0.36448225
B2A,32bb26374a.jpg,0.7823468665347445,0.43928474
B2A,32bcb20dae.jpg,0.8055403442161861,0.45779625
B2A,32cb5db524.jpg,0.7044616558233678,0.3862657
B2A,32d3f34515.jpg,0.7636298797528248,0.32396185
B2A,32d98e72dd.jpg,0.5717286414787,0.5506698
B2A,32dde12686.jpg,0.6519447680715335,0.64515924
B2A,32df0e0408.jpg,0.6101709586486393,0.28981784
B2A,32edfa9c9d.jpg,0.8428544199279161,0.31973106
B2A,32f3055dff.jpg,0.8166182348956628,0.4456798
B2A,32fae726b3.jpg,0.5173533176410847,0.6899514
B2A,32fdfa3c24.jpg,0.7317524912714416,0.39979565
B2A,33032dc5ad.jpg,0.611908872029585,0.4268558
B2A,33084e742e.jpg,0.6324401744631932,0.499973
B2A,330fa8a7a8.jpg,0.6643090813415882,0.6093492
B2A,3316c8daed.jpg,0.8100913754051641,0.37014836
B2A,331f082a0b.jpg,0.6033785885541006,0.36284202
B2A,33244a8ba9.jpg,0.559627602117306,0.444246
B2A,332da05c9c.jpg,0.7700993438382029,0.5653022
B2A,3335cea81d.jpg,0.699858020963694,0.52047044
B2A,33392f6dea.jpg,0.6485206259009813,0.5490159
B2A,333b2e7121.jpg,0.8693442709628563,0.2598101
B2A,334259faa0.jpg,0.7350392904422004,0.4412421
B2A,33439a9a62.jpg,0.6981291053073336,0.5509005
B2A,335adb946b.jpg,0.7221261409484853,0.3018294
B2A,335bf2f75a.jpg,0.8442988169989275,0.55464125
B2A,335d7fa61b.jpg,0.6754816624083941,0.38617167
B2A,336e786f25.jpg,0.6588264092242078,0.34757978
B2A,337a9d7475.jpg,0.5596505018591066,0.49439076
B2A,338fec22de.jpg,0.508937296248855,0.60766876
B2A,339d590103.jpg,0.879855109127413,0.32943833
B2A,339db96fd4.jpg,0.6981891625896425,0.41993615
B2A,33a24fd568.jpg,0.7450657972281256,0.41962272
B2A,33b29070dc.jpg,0.7078319293603348,0.41197973
B2A,33b5473fb6.jpg,0.5679792839578772,0.50526005
B2A,33bae37b7a.jpg,0.630870172938462,0.40016916
B2A,33baf9fee5.jpg,0.7110601589241969,0.4095264
B2A,33bd2f6360.jpg,0.7010110729742274,0.3786524
B2A,33c737f426.jpg,0.7832966504264349,0.2917385
B2A,33ce5179c2.jpg,0.7031678896771247,0.32481882
B2A,33d7e16c5c.jpg,0.7072972881475862,0.28890774
B2A,33e21e0ee8.jpg,0.867162529560308,0.34271422
B2A,33e4c897aa.jpg,0.8252080369407181,0.37421125
B2A,33f2df4cbe.jpg,0.6253387546307149,0.3922533
B2A,33ffdde2a0.jpg,0.6781676593804976,0.4644874
B2A,340c575487.jpg,0.722924968060746,0.4227035
B2A,3414d1e597.jpg,0.5633370492068198,0.6248031
B2A,341acd12b6.jpg,0.6488094875772784,0.36438155
B2A,34300a53dd.jpg,0.5709242434073493,0.52965343
B2A,343035e393.jpg,0.6957349058350005,0.36435276
B2A,3433e1373b.jpg,0.7985533791228963,0.32312068
B2A,3434712cc3.jpg,0.8177121526673202,0.39632782
B2A,34380cf889.jpg,0.7356193205834006,0.3966074
B2A,343e090a43.jpg,0.6970388975815827,0.39309663
B2A,343fa4c0eb.jpg,0.7863565311143855,0.4464109
B2A,3447169f2b.jpg,0.6494043912232104,0.5477906
B2A,344cac7fe0.jpg,0.7117097070152374,0.40008786
B2A,345ee88105.jpg,0.5833392015727024,0.2903116
B2A,346579c393.jpg,0.505332663838172,0.38756037
B2A,346a66651d.jpg,0.6321472380351694,0.40081218
B2A,347519baef.jpg,0.6583015732282802,0.45850256
B2A,347a1a864e.jpg,0.8554033436524152,0.35500437
B2A,3480de8e9c.jpg,0.6168947408069769,0.42710507
B2A,3482a0b159.jpg,0.8143082883243523,0.49114442
B2A,34840c34c1.jpg,0.749287548294805,0.3205486
B2A,348e12ab8b.jpg,0.8198632201851149,0.31729868
B2A,3493315b15.jpg,0.6897938445772355,0.4113253
B2A,34961a9ee6.jpg,0.8548318357210807,0.39535487
B2A,349afdf79d.jpg,0.888200358765192,0.37558058
B2A,349eab5771.jpg,0.8018345727681379,0.34959033
B2A,34a0d6d394.jpg,0.6485395249176928,0.38634455
B2A,34a5e6c55b.jpg,0.7100200681176477,0.60220486
B2A,34a9eba898.jpg,0.7559463503841842,0.48595604
B2A,34b514be69.jpg,0.7702183236546415,0.4308654
B2A,34b51c7261.jpg,0.659031960190276,0.6243441
B2A,34c5f04545.jpg,0.6941459735228265,0.5345013
B2A,34cbab9a5d.jpg,0.8413151429588587,0.37162325
B2A,34cf1b263e.jpg,0.7505328773722146,0.4909022
B2A,34daf62663.jpg,0.7536806804877426,0.41394287
B2A,34e314407f.jpg,0.7766873745504741,0.30290413
B2A,34e66708aa.jpg,0.6219499468516291,0.47115225
B2A,34e95595ce.jpg,0.8063682929190463,0.41246617
B2A,34eac9ab64.jpg,0.7389099091581787,0.41760164
B2A,34f4d5c9d4.jpg,0.7069287201687342,0.4107203
B2A,34fb6596e1.jpg,0.6886455027904911,0.5579455
B2A,34fe687882.jpg,0.7598880275620249,0.40546894
B2A,350b5ebef7.jpg,0.6079322846604256,0.3911977
B2A,350d2a84d5.jpg,0.7132515329479291,0.46589178
B2A,351e2041bb.jpg,0.8201343280006697,0.35312745
B2A,3528e213a3.jpg,0.6565463228989419,0.61823535
B2A,352c83ab74.jpg,0.7333437875254956,0.35787076
B2A,352e273208.jpg,0.7378819183927163,0.37728184
B2A,35395df60a.jpg,0.8252670574444239,0.28699917
B2A,353a61be7f.jpg,0.7088206515133973,0.37380338
B2A,353dedb268.jpg,0.7563184867152083,0.42955896
B2A,353e6a68f4.jpg,0.62984391740502,0.50738573
B2A,355475c717.jpg,0.6380034120021445,0.42589056
B2A,355c86cd3d.jpg,0.6613076610297814,0.51563215
B2A,356a62efca.jpg,0.601320019373806,0.4489493
B2A,356caca006.jpg,0.7016796659215989,0.37497956
B2A,358670e605.jpg,0.870907933969812,0.4226879
B2A,358b265ed6.jpg,0.6903936938827497,0.51084673
B2A,35945cd71c.jpg,0.7762993154655172,0.37705112
B2A,359495f7a4.jpg,0.6999369119953358,0.4156605
B2A,35961ab226.jpg,0.7799461491503886,0.4208445
B2A,3596426373.jpg,0.622340000277194,0.4447841
B2A,359b6a2430.jpg,0.8640574522774382,0.41085297
B2A,35b0c24b22.jpg,0.79255450487586,0.3521188
B2A,35dd92bfb3.jpg,0.7691397844851149,0.32677865
B2A,35e792eb1a.jpg,0.7112702274193133,0.3079397
B2A,35e7c9ec58.jpg,0.7884455272197293,0.35828796
B2A,35ed01ca2e.jpg,0.8792465267343069,0.38747764
B2A,35ed52c72f.jpg,0.7790684185761573,0.5025301
B2A,35fab228d4.jpg,0.7673001277331609,0.36302745
B2A,36000244a2.jpg,0.5166473333080625,0.553655
B2A,3608d6b3ac.jpg,0.8509298585538649,0.42908582
B2A,360a1c7c80.jpg,0.790225640757936,0.44173312
B2A,361f298a02.jpg,0.5965087005564802,0.44765818
B2A,3621a894db.jpg,0.7828240603900528,0.3789304
B2A,362204f307.jpg,0.8053826817618888,0.33624843
B2A,362511599b.jpg,0.7922441303381689,0.36624092
B2A,36261d4302.jpg,0.6784743260143449,0.41578007
B2A,3632f44a7c.jpg,0.7137340089951717,0.43024582
B2A,3648d77005.jpg,0.5122658289592599,0.5217504
B2A,3656053e31.jpg,0.5907410723648671,0.522126
B2A,3657ef6b24.jpg,0.8413327093180658,0.3389187
B2A,368b9526b7.jpg,0.6098288908416905,0.3516885
B2A,368ee43922.jpg,0.8890155431951146,0.26801196
B2A,3691380fa5.jpg,0.6462664122692156,0.37855834
B2A,3695170ba2.jpg,0.7219277361195344,0.46323344
B2A,369897af38.jpg,0.8681956288153168,0.41669908
B2A,36a77b49fe.jpg,0.7594843555295392,0.45251152
B2A,36a93aa776.jpg,0.6481967558502788,0.39231378
B2A,36a9509d21.jpg,0.7275728926940341,0.36525026
B2A,36ad6eb2d8.jpg,0.7255373732782453,0.34821516
B2A,36b37b892a.jpg,0.7353111035348929,0.42715973
B2A,36bafe2801.jpg,0.5800312102167778,0.56681776
B2A,36bcc9afa9.jpg,0.9292252816195975,0.3787312
B2A,36d67864d9.jpg,0.7873318214875082,0.4570591
B2A,36d957036d.jpg,0.6868684184824426,0.32114732
B2A,36daf4d43d.jpg,0.8672999746186418,0.49466228
B2A,36e4004846.jpg,0.8338961115312499,0.3504939
B2A,36eb013265.jpg,0.8140159670763637,0.26554763
B2A,36eccca3ab.jpg,0.7869398555126024,0.34881675
B2A,36f18cca17.jpg,0.8726843084867151,0.31537563
B2A,36f6aeb966.jpg,0.8126048990481451,0.3738786
B2A,37075ca2ee.jpg,0.6573915099558816,0.467959
B2A,371c59835b.jpg,0.7476638508803756,0.4242642
B2A,371f2829aa.jpg,0.5148760359910171,0.6426165
B2A,372d828feb.jpg,0.6029754438621515,0.6168417
B2A,372dc58821.jpg,0.5401406192711529,0.47995424
B2A,37322d9ff2.jpg,0.7143825514118024,0.43117025
B2A,3744adb842.jpg,0.7564295779014647,0.37984124
B2A,374d5245d4.jpg,0.657596368567997,0.40937778
B2A,3751b9831c.jpg,0.6631493647796707,0.32655686
B2A,376073b21e.jpg,0.7625116528537194,0.38700855
B2A,376ddd69e6.jpg,0.5976802031976077,0.56228304
B2A,376f1b5edb.jpg,0.6161513559148586,0.38388747
B2A,377329db11.jpg,0.5582303528656002,0.4282415
B2A,3778fecb0c.jpg,0.7616045110778716,0.30451232
B2A,3789eceb0c.jpg,0.6139447664135016,0.3716017
B2A,37911bdb2c.jpg,0.8139971442576349,0.34864628
B2A,37917ad369.jpg,0.7043958564949255,0.3955058
B2A,37928f6999.jpg,0.8225963057874067,0.45858622
B2A,379b25d4d3.jpg,0.7280504652825147,0.4141229
B2A,37a5918d6f.jpg,0.7653836708364531,0.30933836
B2A,37a90c2b86.jpg,0.7208095639474779,0.43364766
B2A,37aabb8541.jpg,0.7880214682793696,0.3830434
B2A,37b12b7bc9.jpg,0.6335850444182733,0.510868
B2A,37b740d8f8.jpg,0.6456149294958752,0.3929066
B2A,37c5732454.jpg,0.728193789469599,0.41009578
B2A,37c6dc5971.jpg,0.6567294215243961,0.58431345
B2A,37cc9acfc2.jpg,0.8191705094559142,0.3756925
B2A,37cfa76bf2.jpg,0.7729527619580514,0.35540563
B2A,37d0b619d1.jpg,0.5500247907869695,0.4732089
B2A,37d3e79b71.jpg,0.5168214545764337,0.44657385
B2A,37df208f9f.jpg,0.6487275816229439,0.6377729
B2A,37eb07f626.jpg,0.7713033025087482,0.32638115
B2A,37f738e7bc.jpg,0.7165626230974232,0.34907243
B2A,37fba790de.jpg,0.7527884515276437,0.37024242
B2A,38062f7d79.jpg,0.7040401694275426,0.5981245
B2A,38070f5dbb.jpg,0.7555578884630061,0.44715488
B2A,38086cf21f.jpg,0.7587786412129373,0.4296542
B2A,381267e62a.jpg,0.6658601688646415,0.39685774
B2A,381280b99b.jpg,0.8343636605790001,0.41505677
B2A,381d086c95.jpg,0.7701235909376704,0.4157228
B2A,3820d34bd5.jpg,0.7354785084076846,0.42061335
B2A,3833afaa5a.jpg,0.7088193046363805,0.36548862
B2A,383bfdbd98.jpg,0.5819835617745535,0.53044546
B2A,3842636752.jpg,0.7312074403474041,0.56041825
B2A,385d53e164.jpg,0.5627008900401462,0.6511562
B2A,385f8eb28d.jpg,0.500943680839306,0.45651063
B2A,3860dba6e7.jpg,0.6909544290623619,0.39001405
B2A,38629959ac.jpg,0.7860715832140485,0.50013083
B2A,3865b242b9.jpg,0.8130252898241389,0.28131127
B2A,38662909dd.jpg,0.48427705807296034,0.55499464
B2A,38684f015e.jpg,0.8255821326893442,0.54988563
B2A,386a3c0897.jpg,0.6261818211893717,0.59164715
B2A,3876bbbae0.jpg,0.770590063782003,0.40586787
B2A,3886187ed1.jpg,0.7165442745377912,0.486217
B2A,3891ee053e.jpg,0.7490784115107778,0.39922467
B2A,38992f60c4.jpg,0.7711263632443335,0.35869607
B2A,38993b35f9.jpg,0.7473461208059463,0.32891113
B2A,389acc824c.jpg,0.654916003122545,0.5654763
B2A,389cbe6e1a.jpg,0.767362764697953,0.39659697
B2A,38bb0ec345.jpg,0.6478823544586257,0.4267105
B2A,38c6532fe1.jpg,0.7884772909543419,0.40772313
B2A,38c88ad59d.jpg,0.8303395516693884,0.3981409
B2A,38cb53af79.jpg,0.765429634846328,0.3484825
B2A,38d00950b6.jpg,0.5584692927727916,0.43300128
B2A,38d0de69d8.jpg,0.7287919773904544,0.42511445
B2A,38d5379f18.jpg,0.7451423098928858,0.49475786
B2A,38d71d4dfe.jpg,0.5608480022048145,0.5663877
B2A,38d9042083.jpg,0.7570098934002266,0.30889997
B2A,38deab6c01.jpg,0.6962047124397204,0.47120947
B2A,38dfbc95b7.jpg,0.49819188158910743,0.5563317
B2A,38ebf8fc82.jpg,0.6692361410814082,0.49741367
B2A,38f185baa6.jpg,0.7401856861710883,0.3378104
B2A,390f3f16d6.jpg,0.7322584415090151,0.5202996
B2A,3915c24d8d.jpg,0.5743003195785837,0.5675334
B2A,3916d76a57.jpg,0.6118630620614183,0.4923659
B2A,392c032d0e.jpg,0.7305373001940348,0.37469503
B2A,3941a52677.jpg,0.753618333764133,0.23596035
B2A,394a38353e.jpg,0.6500187297408172,0.5604672
B2A,39545bce2e.jpg,0.8567903013090254,0.46471885
B2A,396b917aad.jpg,0.7893936256792254,0.39867407
B2A,39780192ea.jpg,0.6285922508624232,0.42759562
B2A,398849f59d.jpg,0.823371613304194,0.38480482
B2A,39b7d694de.jpg,0.8418608677368106,0.3560697
B2A,39c1270676.jpg,0.74852881017968,0.4586987
B2A,39db6bdbbe.jpg,0.6395534698281858,0.5308187
B2A,39ff1e8568.jpg,0.6999705057274388,0.3701155
B2A,3a0046ee0d.jpg,0.6609478065944603,0.45230535
B2A,3a00c416f6.jpg,0.7949183487759212,0.41813138
B2A,3a2f29ea97.jpg,0.7586729975613313,0.3893568
B2A,3a36ff8b4b.jpg,0.8263886676599126,0.46848428
B2A,3a423d3645.jpg,0.807802415045742,0.47566476
B2A,3a4414aa6b.jpg,0.6078684583256059,0.5492434
B2A,3a582c9914.jpg,0.711019341949834,0.39632404
B2A,3a5b6e28e0.jpg,0.7952227133714649,0.38565588
B2A,3a5c7e707a.jpg,0.6582001604501645,0.5077468
B2A,3a747d8723.jpg,0.7069521752313722,0.39034465
B2A,3a7a0992dd.jpg,0.5319805445378695,0.50193125
B2A,3a82bd4f2a.jpg,0.5785197326958932,0.5501331
B2A,3a872d9357.jpg,0.7354636783863315,0.46959984
B2A,3a91a66bdd.jpg,0.7877362602133497,0.3631064
B2A,3a9483311f.jpg,0.6918561536721864,0.5034434
B2A,3a9d528df2.jpg,0.7004537094351095,0.5575488
B2A,3ab31603e2.jpg,0.6488348927503321,0.45648384
B2A,3abca1ec15.jpg,0.7147502652727062,0.33924738
B2A,3ac5c5efeb.jpg,0.6971788277721628,0.6681544
B2A,3acafb52ae.jpg,0.8122171835869374,0.30727774
B2A,3ad0aa389f.jpg,0.7597732463937044,0.5531053
B2A,3ade5505ba.jpg,0.6992443526436644,0.40187693
B2A,3adf6a85e3.jpg,0.7550698693046296,0.31491846
B2A,3af0aaf3ee.jpg,0.6871492121182684,0.49078855
B2A,3af3151f7f.jpg,0.8252788451323959,0.3988784
B2A,3afa5083c1.jpg,0.7589376817286372,0.4520412
B2A,3b047fc766.jpg,0.4913264113994436,0.6031405
B2A,3b20ee7aa5.jpg,0.7468189609290911,0.35738155
B2A,3b28c6b97b.jpg,0.7543664417898933,0.37467432
B2A,3b312d0ac5.jpg,0.7241003330981147,0.40639037
B2A,3b368db4be.jpg,0.7927332313037337,0.4653254
B2A,3b3f9ecd9d.jpg,0.8796259472577528,0.25344107
B2A,3b3fd02a40.jpg,0.7549361524662198,0.47466213
B2A,3b465f08bf.jpg,0.7663108938692781,0.42209473
B2A,3b4b485df5.jpg,0.7458776568165619,0.42557424
B2A,3b4e045bb7.jpg,0.6379683146943252,0.582328
B2A,3b57973eb2.jpg,0.8270361980631133,0.333326
B2A,3b5d843f5a.jpg,0.7320934729878932,0.4845594
B2A,3b64a40750.jpg,0.5843894845435461,0.36979425
B2A,3b6a39a00d.jpg,0.5914404831513299,0.56057155
B2A,3b6c01176c.jpg,0.6810846770616772,0.42873484
B2A,3b71b87d37.jpg,0.8181655422252382,0.31562477
B2A,3b76682887.jpg,0.722230534200556,0.48038262
B2A,3b855caae4.jpg,0.6825266317684885,0.41777787
B2A,3bae3d1712.jpg,0.6802756805528903,0.30765808
B2A,3bc75876be.jpg,0.713569743533867,0.31900778
B2A,3bcafe027c.jpg,0.743938348087283,0.29983208
B2A,3bcc67701d.jpg,0.7115069316118456,0.472921
B2A,3bd85aead5.jpg,0.5921250845865266,0.56125337
B2A,3bd8747102.jpg,0.8346525197407527,0.47166708
B2A,3bd9ddc108.jpg,0.772930256606335,0.32732332
B2A,3be1aea5fc.jpg,0.815647854114875,0.34898117
B2A,3bed43f9f6.jpg,0.68973238847482,0.5183125
B2A,3bf9ac1eb3.jpg,0.6374714847266122,0.3631658
B2A,3bff224652.jpg,0.8250234428828397,0.40344784
B2A,3c048f020d.jpg,0.6348109165428095,0.42831004
B2A,3c07362391.jpg,0.6881567232206095,0.45904514
B2A,3c1963d1f8.jpg,0.7543978581259452,0.39031243
B2A,3c21346fb9.jpg,0.7102424809756042,0.6128651
B2A,3c327deaca.jpg,0.7640932676350363,0.4313616
B2A,3c3c78be02.jpg,0.8405230761061814,0.34514162
B2A,3c4406fa5a.jpg,0.64805139216358,0.57066745
B2A,3c52316f14.jpg,0.4492308655673202,0.7103718
B2A,3c53ee8af8.jpg,0.8426944366662217,0.38866422
B2A,3c5cdd7090.jpg,0.7030111810298171,0.62962395
B2A,3c5e76d1e3.jpg,0.8714267474804208,0.3137324
B2A,3c65d848ee.jpg,0.6890197012270731,0.37734315
B2A,3c6fe5de40.jpg,0.6188194515855079,0.527652
B2A,3c72375e57.jpg,0.6584736728940906,0.44439948
B2A,3c7383e41b.jpg,0.5495296369843644,0.45374337
B2A,3c750a98db.jpg,0.7181995600187616,0.46052006
B2A,3c7a019967.jpg,0.7287438858558213,0.265842
B2A,3c840700fc.jpg,0.7767980539200835,0.3233334
B2A,3c8591595d.jpg,0.8666438220281021,0.47608978
B2A,3c8d055dde.jpg,0.7131628122468981,0.3905481
B2A,3c8de7efcc.jpg,0.7068498631122048,0.4455074
B2A,3c92f9da89.jpg,0.7757537033578672,0.5196892
B2A,3ca88b5bae.jpg,0.7795055185429745,0.31816757
B2A,3caa03fcca.jpg,0.64771461638623,0.4216934
B2A,3cc4339658.jpg,0.7688501952299666,0.41554222
B2A,3cc6896a14.jpg,0.7176729834401622,0.5559892
B2A,3cc973e9c6.jpg,0.5448916935235144,0.5159721
B2A,3cca867846.jpg,0.820620114592208,0.38699636
B2A,3ccbf381cc.jpg,0.7715100937083871,0.3799969
B2A,3cd0ce8fcd.jpg,0.7346199427816535,0.4284318
B2A,3cd43a2690.jpg,0.7028333721277392,0.32830954
B2A,3cdbcd6c29.jpg,0.7290197465609476,0.48511422
B2A,3ce8fe7b80.jpg,0.8029182155018143,0.56838375
B2A,3cf977901c.jpg,0.4923256174492189,0.58071613
B2A,3cff22e3c9.jpg,0.813618439309964,0.31821612
B2A,3d038050b2.jpg,0.5428907309121977,0.5485672
B2A,3d0982bebb.jpg,0.7354754951476862,0.5416527
B2A,3d0e0ead31.jpg,0.8246002348584555,0.4150948
B2A,3d14523c1f.jpg,0.7733539075082816,0.70382136
B2A,3d165d2aad.jpg,0.8500876160193092,0.39243484
B2A,3d204371c7.jpg,0.7942497129788818,0.33890823
B2A,3d29c7439f.jpg,0.5445756117256028,0.48115247
B2A,3d2c394405.jpg,0.5684722571131201,0.49218687
B2A,3d3b9f4ba1.jpg,0.809876388168176,0.39346611
B2A,3d69e148e8.jpg,0.6527501916440877,0.38137975
B2A,3d6b2aa9d4.jpg,0.735950778959828,0.34379143
B2A,3d6ef1f43d.jpg,0.5220431910499456,0.61049104
B2A,3d70ef0d7c.jpg,0.6035730635251528,0.55779374
B2A,3d71b5934b.jpg,0.6207796969016579,0.43996155
B2A,3d8835b84d.jpg,0.6985388971479433,0.3835525
B2A,3d89a7a1c4.jpg,0.7345860401524628,0.37066382
B2A,3d89fa1a08.jpg,0.6786028147748636,0.39097327
B2A,3d8fd794f8.jpg,0.7471764330897398,0.321736
B2A,3d961be033.jpg,0.6757633163475527,0.38807964
B2A,3da4c699b8.jpg,0.752816244371547,0.4638682
B2A,3db43d9a04.jpg,0.6887761630840612,0.5033367
B2A,3db8bf2299.jpg,0.8366266211726437,0.34549475
B2A,3dc62c7550.jpg,0.761844476724119,0.37001497
B2A,3dc69fb234.jpg,0.683591142506425,0.40622786
B2A,3dcb9f50ff.jpg,0.6599564562729157,0.3089242
B2A,3dcdf82bcd.jpg,0.5675206295625729,0.5382221
B2A,3dcf18bba9.jpg,0.8755276991503507,0.3839605
B2A,3dd2d3096b.jpg,0.6987154634010169,0.45036715
B2A,3de3c8151d.jpg,0.5510441529864486,0.49343792
B2A,3dfd77c751.jpg,0.8518586435115755,0.3858371
B2A,3e0479c7a4.jpg,0.5918760346912588,0.41730657
B2A,3e097a4c02.jpg,0.7772177754450444,0.39128938
B2A,3e1cd24e83.jpg,0.7504318804278441,0.40932837
B2A,3e1dfc9dc0.jpg,0.7376588916135666,0.45809203
B2A,3e2d480716.jpg,0.4819297100722357,0.556165
B2A,3e31646935.jpg,0.719487870934447,0.25689238
B2A,3e3b342a95.jpg,0.8232427575884094,0.35955328
B2A,3e4c86049d.jpg,0.6863987046035708,0.3311561
B2A,3e4e2f5b6e.jpg,0.7736236610054601,0.56786954
B2A,3e4edba19d.jpg,0.7515039598167906,0.42793885
B2A,3e60c7241a.jpg,0.7683751404979975,0.36656424
B2A,3e780ed289.jpg,0.8767504452724345,0.3721363
B2A,3e806e2a4a.jpg,0.7964637866230762,0.37424332
B2A,3e9809b35e.jpg,0.7036052764173976,0.4340005
B2A,3ea3ae5954.jpg,0.6011525944912314,0.6206708
B2A,3ea96d7fbd.jpg,0.6633720388874448,0.6389755
B2A,3eaa214d3d.jpg,0.7447215868309964,0.4320779
B2A,3eab0e9d77.jpg,0.6276209888288805,0.4980272
B2A,3eb7c094c0.jpg,0.7803406982164514,0.40707326
B2A,3ebc8a4013.jpg,0.7456692402372693,0.3237937
B2A,3ec2bb5a0c.jpg,0.8564754646298337,0.31285352
B2A,3ec4f57f74.jpg,0.8625963364944681,0.2914306
B2A,3ecedf69d8.jpg,0.661068599341828,0.502109
B2A,3ed12a78ce.jpg,0.7647066656379952,0.41682863
B2A,3edae2ef79.jpg,0.7154331659387523,0.45134372
B2A,3edc9197e7.jpg,0.758173128175885,0.3837685
B2A,3ee4497b2e.jpg,0.7415227348554453,0.39044967
B2A,3ee7eb408c.jpg,0.6453840428594344,0.52775204
B2A,3f0362f12d.jpg,0.7530543545088862,0.36040226
B2A,3f0738d8dc.jpg,0.7928845768820381,0.4180623
B2A,3f0a7330bd.jpg,0.7390229200017436,0.36365956
B2A,3f1191a447.jpg,0.6916169791151756,0.3780197
B2A,3f1942ac5e.jpg,0.6470169659991866,0.31555158
B2A,3f220a6caa.jpg,0.7791023199905999,0.3408342
B2A,3f28319f81.jpg,0.6506871817350784,0.62585986
B2A,3f2a4b6406.jpg,0.5490410516326438,0.69125557
B2A,3f3e610d58.jpg,0.6865787333038675,0.43483585
B2A,3f53c08114.jpg,0.7642092439955999,0.52876747
B2A,3f5bc8d85c.jpg,0.7554274618842481,0.38950953
B2A,3f615bc675.jpg,0.75517326830338,0.5325207
B2A,3f6489dfa3.jpg,0.7847930625932116,0.4690111
B2A,3f6e1ac2ae.jpg,0.807913433254042,0.4781838
B2A,3f70cec894.jpg,0.7751488867416073,0.32102567
B2A,3f7dc6a469.jpg,0.710139858552641,0.34301966
B2A,3f844f5b59.jpg,0.6510830189148614,0.2737428
B2A,3f8fd85f1c.jpg,0.7860374201043012,0.41473854
B2A,3f91546f37.jpg,0.7398786646301643,0.5382529
B2A,3f97bcc230.jpg,0.7389053912544897,0.40362963
B2A,3f9d9b6972.jpg,0.8093533635176379,0.2840428
B2A,3fa1aa1d56.jpg,0.7277118333630201,0.42113197
B2A,3fa61d1b59.jpg,0.698848799903482,0.36160627
B2A,3fa89cdb0f.jpg,0.782283618209505,0.37429714
B2A,3facf2de42.jpg,0.765876332247738,0.5110513
B2A,3fc01a1f5a.jpg,0.8235521860322507,0.36936748
B2A,3fc29d7b01.jpg,0.6323444999009272,0.48899773
B2A,3fcabb43e0.jpg,0.8081700395797549,0.36978942
B2A,3fce3b2092.jpg,0.75671322430403,0.47319132
B2A,3fd5f45733.jpg,0.5548597208678429,0.28801578
B2A,3fe71e2f91.jpg,0.7293162672061699,0.43482536
B2A,3ff9d14627.jpg,0.7296706518423725,0.5567248
B2A,3ffcf75444.jpg,0.7716874238255234,0.54585135
B2A,4006643077.jpg,0.5818897001937848,0.44070244
B2A,400dd42483.jpg,0.7977405464867023,0.37232748
B2A,401c79161f.jpg,0.8512151160972772,0.29077142
B2A,402358e99c.jpg,0.6098129994003914,0.39221823
B2A,402da39edd.jpg,0.6112185687798396,0.47449383
B2A,4033c4fd83.jpg,0.6942439182044526,0.3471781
B2A,4035bcf4c5.jpg,0.7576630239130782,0.35966212
B2A,40365d3029.jpg,0.7863662582405756,0.42619294
B2A,403a9eb385.jpg,0.8081855593375187,0.31759277
B2A,4044bcfa56.jpg,0.5743562224189105,0.62497044
B2A,40454944a3.jpg,0.8343478439623415,0.29828608
B2A,4051c9b480.jpg,0.7013534298408469,0.4069477
B2A,405d277475.jpg,0.7950921708399222,0.44734794
B2A,40634ec806.jpg,0.705981545760686,0.48957303
B2A,4069034d1b.jpg,0.6452650769839423,0.555487
B2A,4069c14970.jpg,0.6167260681224271,0.6216882
B2A,4069eee71a.jpg,0.6469035790889194,0.52386785
B2A,406f7f455a.jpg,0.8180951416846232,0.3866169
B2A,40773a3569.jpg,0.7271466414887258,0.73104537
B2A,407ded2317.jpg,0.8273423125752845,0.3909276
B2A,408a7ed2d4.jpg,0.5506647818486735,0.60829353
B2A,408ae2c4d3.jpg,0.821494253120631,0.42219442
B2A,408c4b86d7.jpg,0.767518104712702,0.40781096
B2A,409f830e91.jpg,0.5658450314083332,0.5636413
B2A,40a2829478.jpg,0.6725173123251125,0.6206591
B2A,40abbf6272.jpg,0.6406063344478762,0.53534096
B2A,40b341cce7.jpg,0.8411798589159646,0.4800777
B2A,40b814831c.jpg,0.7640890313925128,0.3083763
B2A,40ba4c1ee0.jpg,0.6780134780255844,0.3628224
B2A,40cd40f4ce.jpg,0.6308432514544369,0.40612635
B2A,40d46c10bd.jpg,0.755398876235501,0.59186625
B2A,40d6a5963b.jpg,0.6077551270822714,0.52777123
B2A,40dbef5e74.jpg,0.7407157784341554,0.3720376
B2A,40e2fb2f62.jpg,0.8523666333912957,0.23449713
B2A,410a15d160.jpg,0.6699967205153965,0.4729066
B2A,410c1279f0.jpg,0.7606116477219088,0.3703717
B2A,410f1753ab.jpg,0.6664796072704082,0.3533713
B2A,4113173d13.jpg,0.5107207200488111,0.47091717
B2A,411424ff38.jpg,0.7585303594661643,0.3546584
B2A,4115b492be.jpg,0.6517291420004039,0.48535034
B2A,411728406b.jpg,0.654708516494264,0.57626563
B2A,411cbac479.jpg,0.7773132532975211,0.34381247
B2A,41316be2ab.jpg,0.8080032046433452,0.31464875
B2A,4134a75abc.jpg,0.7490915712849862,0.27785823
B2A,413aa936b2.jpg,0.6403755590448773,0.47739545
B2A,414a144db4.jpg,0.7439791646645642,0.38908944
B2A,4151207d56.jpg,0.5501805472690542,0.61175394
B2A,415a165321.jpg,0.7687334779145053,0.4046244
B2A,4166c63775.jpg,0.7165371547105819,0.42541146
B2A,416e06ae04.jpg,0.6793767708962881,0.42088327
B2A,416e954665.jpg,0.6645565837190148,0.3985827
B2A,416fcde5d2.jpg,0.8249338229895323,0.3116393
B2A,4170ddf51d.jpg,0.7252655161549053,0.46748948
B2A,417769579b.jpg,0.8074311601262208,0.43705374
B2A,417c141022.jpg,0.7940598097903663,0.4850865
B2A,417f9dbce5.jpg,0.7079030886389169,0.4321874
B2A,4185e8411e.jpg,0.7835320219317896,0.42938095
B2A,418d1c582c.jpg,0.8063904542525749,0.42699018
B2A,419385f134.jpg,0.6950750144574734,0.56208533
B2A,4197e5cf91.jpg,0.5522538728110538,0.74262035
B2A,419c88186c.jpg,0.74936925156797,0.30586535
B2A,41a0c9b77b.jpg,0.609447732784218,0.36126086
B2A,41a6a58a06.jpg,0.8893277573549643,0.36218822
B2A,41aab05613.jpg,0.8101425993121354,0.3004743
B2A,41c988e839.jpg,0.4822522951712279,0.6496789
B2A,41ca266a6d.jpg,0.7352382438600006,0.44568092
B2A,41d6d46378.jpg,0.8594933832378677,0.3913924
B2A,41da9742ed.jpg,0.6456441587019149,0.58712107
B2A,41df7d5e43.jpg,0.7431802998312124,0.4246186
B2A,41ec0c9e94.jpg,0.8549070463040285,0.3232986
B2A,41ed759f87.jpg,0.8848910532575568,0.32020515
B2A,41f062b74b.jpg,0.5985422780148808,0.61660683
B2A,41f4b96cdd.jpg,0.5864229195135405,0.5392232
B2A,420386aab6.jpg,0.7525202867566508,0.393746
B2A,421cf4d925.jpg,0.7524030082088491,0.22340219
B2A,4234c4fa4a.jpg,0.7705295410200107,0.5106466
B2A,4246be6f2b.jpg,0.6602682100642498,0.5775961
B2A,4252a6b79d.jpg,0.8408064782851963,0.4315917
B2A,4255eb0cb0.jpg,0.7260648457986312,0.4998613
B2A,4262ee33cf.jpg,0.6720352878356969,0.5719139
B2A,4263de0622.jpg,0.8036963792117616,0.33085915
B2A,42703f8185.jpg,0.7617169592276863,0.43175507
B2A,428066cbb6.jpg,0.6870095894650388,0.41759148
B2A,428516308c.jpg,0.815546213896931,0.38724452
B2A,428cfa30a0.jpg,0.4974774834545231,0.6392186
B2A,42a17f2513.jpg,0.7925640987341028,0.5229403
B2A,42a2c9c2a9.jpg,0.6159582261325174,0.46485996
B2A,42a90ee8fd.jpg,0.697188061243845,0.4149192
B2A,42b38b3ecf.jpg,0.7242404063488884,0.40054327
B2A,42b7ed6caf.jpg,0.6736450554130051,0.41041058
B2A,42b9334189.jpg,0.779093183767969,0.44665942
B2A,42d09ebeef.jpg,0.6109329886993301,0.5331166
B2A,42d7e15840.jpg,0.8672623267389112,0.4119981
B2A,42d95f5656.jpg,0.5700277819675763,0.55693805
B2A,42d9791966.jpg,0.7632065333673993,0.45211682
B2A,42db3f6bfb.jpg,0.6928982401796967,0.35857114
B2A,42e33a0f4e.jpg,0.7658338818555709,0.45057452
B2A,42e6bc6527.jpg,0.7254671750875114,0.31959996
B2A,42f2c8badb.jpg,0.8526568327820581,0.4677618
B2A,42f67a0c9b.jpg,0.7398714719667507,0.46742627
B2A,430365e84b.jpg,0.7524423326307978,0.39566404
B2A,4308c43102.jpg,0.804739914352252,0.41934994
B2A,4325d69fe4.jpg,0.6840373495944339,0.4165174
B2A,4327a26f90.jpg,0.8074529755472593,0.37084234
B2A,432c4949ea.jpg,0.6951890484795928,0.5205227
B2A,432c77e7ff.jpg,0.8653229992552889,0.4481444
B2A,433f72e01b.jpg,0.5724745061531358,0.49714583
B2A,43425f75c3.jpg,0.6297458576696373,0.4451742
B2A,4346c649be.jpg,0.750923007165899,0.4986388
B2A,43519ebdda.jpg,0.7831907767797863,0.2934456
B2A,436544ba60.jpg,0.7783342482613321,0.35703358
B2A,436738950d.jpg,0.8629734210856352,0.36620855
B2A,4367fc0915.jpg,0.5914929559740467,0.6663225
B2A,437bce391c.jpg,0.7076646224651969,0.4616685
B2A,437d311cfe.jpg,0.4838430459068416,0.4818835
B2A,439be152be.jpg,0.6772183269919057,0.472363
B2A,43a246cd29.jpg,0.8403278521674056,0.3141933
B2A,43a3471132.jpg,0.726898659600909,0.34845814
B2A,43a5271014.jpg,0.7514357877993365,0.3970363
B2A,43b2557047.jpg,0.7597054342805714,0.45832753
B2A,43b5bdf41c.jpg,0.745718787996226,0.3293314
B2A,43b6f98955.jpg,0.7473877962103311,0.57173073
B2A,43bcfa7f99.jpg,0.6929331997923747,0.42413256
B2A,43be6f2003.jpg,0.7245432923124043,0.6037301
B2A,43be7d5231.jpg,0.7958027282385458,0.52081645
B2A,43d6edb617.jpg,0.8268712272233185,0.29935104
B2A,43d7a934de.jpg,0.7786429230674216,0.34105015
B2A,43db8e440e.jpg,0.7112709571496145,0.44370782
B2A,43dbb8ae62.jpg,0.7476206032027938,0.3271918
B2A,43e7f05c27.jpg,0.43083695595322596,0.6917761
B2A,43ecb78f04.jpg,0.6267287206637732,0.5973097
B2A,43ef5533dd.jpg,0.7900308423002412,0.38683093
B2A,43f3d41042.jpg,0.7515492612626855,0.3661967
B2A,441ba0764f.jpg,0.802817007606043,0.3192318
B2A,442465d291.jpg,0.588178319682361,0.56960946
B2A,44263e569e.jpg,0.7498812258935735,0.4853853
B2A,442e55394f.jpg,0.8155687743106032,0.33029002
B2A,443367c605.jpg,0.7972503838410363,0.2938508
B2A,443cfcaf19.jpg,0.7759996032667978,0.54225755
B2A,444ea6a3df.jpg,0.8328878554331061,0.336307
B2A,445c9de4ae.jpg,0.617405818118487,0.5867421
B2A,44643764ef.jpg,0.5295631487900704,0.40802246
B2A,4473598289.jpg,0.6803125227328044,0.40855965
B2A,447a64dc90.jpg,0.7729799526251362,0.48636368
B2A,447ceb7434.jpg,0.7229654680525772,0.3861773
B2A,44811f744f.jpg,0.7370178961914227,0.34054148
B2A,44838c4894.jpg,0.5420099658656208,0.6394405
B2A,44852d6fd3.jpg,0.7655198606441747,0.44929218
B2A,4494dace12.jpg,0.7457239369021922,0.4308327
B2A,449d31ec71.jpg,0.7569172000991673,0.40431082
B2A,449ffd7d0e.jpg,0.7906319817309929,0.33535337
B2A,44b1c947c8.jpg,0.7498543280965141,0.4450815
B2A,44b7b27bdb.jpg,0.815842797685707,0.47854045
B2A,44b948a11b.jpg,0.7977791839138244,0.3085118
B2A,44be21f482.jpg,0.6342153421510833,0.5427885
B2A,44ca9b838b.jpg,0.6980681363188581,0.5247641
B2A,44cd2a0855.jpg,0.8073597919109572,0.41870072
B2A,44d4bbf9c5.jpg,0.7331170270755933,0.34919655
B2A,44e072e7f6.jpg,0.6678601574960872,0.40555975
B2A,44f0533b7d.jpg,0.5556553476633523,0.6176485
B2A,44f9fc3d08.jpg,0.7642574840870392,0.35802
B2A,450c48015c.jpg,0.6192108971997992,0.43714294
B2A,451fa08066.jpg,0.7866950919090729,0.37230372
B2A,45281596ce.jpg,0.6488290657393072,0.44612122
B2A,452c2eae3c.jpg,0.6237972228144318,0.5131563
B2A,452c5d0bb4.jpg,0.706602588032899,0.37610513
B2A,452cb57460.jpg,0.8322492668122674,0.37846774
B2A,45342d5c70.jpg,0.6608490620666639,0.5134642
B2A,4534cb2584.jpg,0.8197792509596152,0.48646298
B2A,453afd0c27.jpg,0.611680990895265,0.39196485
B2A,453bd33553.jpg,0.5694989208751465,0.41015148
B2A,453f5d81cf.jpg,0.7422179747754378,0.4418949
B2A,454cf7a157.jpg,0.5925187504873224,0.44688362
B2A,4550c707f6.jpg,0.8476450378011054,0.54570115
B2A,4551f3f54b.jpg,0.7417018253610479,0.40201318
B2A,4569404b70.jpg,0.7077402761170709,0.4391679
B2A,4569953612.jpg,0.6158718266990475,0.28126058
B2A,457b19a007.jpg,0.7868637484195284,0.3818375
B2A,4581966154.jpg,0.6892831592943506,0.57432413
B2A,4581a4faee.jpg,0.45910682310569617,0.7674507
B2A,458b9bddeb.jpg,0.683725594737089,0.42178348
B2A,459a0e8a7b.jpg,0.665181106164392,0.42096087
B2A,45a0cf81a7.jpg,0.7551210085529317,0.4708169
B2A,45a4fc418c.jpg,0.800631910765763,0.33038515
B2A,45ae43ca11.jpg,0.5959971067532779,0.41882724
B2A,45b59ba108.jpg,0.7599103428432153,0.34438145
B2A,45bfc01241.jpg,0.6051971813681442,0.5436721
B2A,45cecf091d.jpg,0.6734231764331043,0.46119153
B2A,45d284a829.jpg,0.547211084672411,0.44513646
B2A,45db826465.jpg,0.7118835289456477,0.28635722
B2A,45e07afb6c.jpg,0.6598785250184143,0.46326616
B2A,45f3a9c5e3.jpg,0.8291006906203037,0.36002865
B2A,45f63c2653.jpg,0.4763360523200283,0.6784399
B2A,45f784213e.jpg,0.6668681306475849,0.5445711
B2A,45feda47bc.jpg,0.8587052991402654,0.29201642
B2A,46196f19d1.jpg,0.7962179361002265,0.4048612
B2A,461cc8da33.jpg,0.7910539157199639,0.3351648
B2A,463758c10d.jpg,0.6456506217376432,0.47506958
B2A,463ad92568.jpg,0.5589636861448882,0.5881344
B2A,463b8807e5.jpg,0.6663062739797406,0.4744645
B2A,463be5a1a1.jpg,0.6316056791822544,0.6465902
B2A,464d4dd705.jpg,0.6427987399225743,0.45665687
B2A,4663bb2924.jpg,0.6361180485015927,0.49013668
B2A,466585f6df.jpg,0.5735101646787082,0.5143578
B2A,467657f396.jpg,0.7787325785614866,0.39355215
B2A,467873c9df.jpg,0.8084649585929927,0.38166004
B2A,468048412c.jpg,0.7982156547157065,0.40558374
B2A,4682dbbee5.jpg,0.8156905041839166,0.45177552
B2A,4690fd5a96.jpg,0.8427062906071148,0.2796923
B2A,4691625ad2.jpg,0.5292306593459577,0.52290434
B2A,46950ae4ea.jpg,0.8217676532639843,0.3358081
B2A,4695ac2040.jpg,0.7220429021610676,0.5779331
B2A,4698056301.jpg,0.8253914845543101,0.30103895
B2A,469836dad8.jpg,0.5842466776898517,0.5019512
B2A,469d7ad9cc.jpg,0.7595821619568688,0.30832934
B2A,46c95eebbe.jpg,0.76680157518754,0.4333083
B2A,46cadbe0a9.jpg,0.7265292741947832,0.43642908
B2A,46db1d7f60.jpg,0.650970619597506,0.43486336
B2A,46e47f7efe.jpg,0.7622196682924548,0.41656303
B2A,46e71a4094.jpg,0.8379595249930942,0.3014055
B2A,46e84039a1.jpg,0.8436237801627021,0.35795838
B2A,46f391abec.jpg,0.678877795776402,0.4574238
B2A,46f5ef1042.jpg,0.6473006269334229,0.5819126
B2A,4706619607.jpg,0.879714092428851,0.33138984
B2A,4707b03a08.jpg,0.5053378917967124,0.52988935
B2A,47100a9939.jpg,0.7003557603260084,0.39138258
B2A,471f4755b9.jpg,0.6903394857961608,0.50261503
B2A,472b351bc4.jpg,0.8839899242450556,0.36006585
B2A,472d5ac100.jpg,0.6760015140500704,0.44675243
B2A,4758e5dd4c.jpg,0.5800848735187829,0.45540679
B2A,4762bb79ef.jpg,0.7551786846402928,0.34661564
B2A,4778b13518.jpg,0.8418649204875072,0.4379088
B2A,4787b82d37.jpg,0.8257587504332339,0.34964013
B2A,478e07feaa.jpg,0.4879726836341975,0.45280135
B2A,478eb12a82.jpg,0.8740260783278402,0.34946382
B2A,479698b371.jpg,0.5806593068846575,0.47518075
B2A,4796d67f61.jpg,0.6232777043177802,0.60863304
B2A,47aad493bd.jpg,0.7444239349017577,0.3839649
B2A,47ae0edd23.jpg,0.6451810861046593,0.54508597
B2A,47b94957ff.jpg,0.7075846619031823,0.41690475
B2A,47bb43fe3e.jpg,0.6793031919470143,0.4013868
B2A,47bb59d449.jpg,0.7603759927611418,0.38192633
B2A,47d391d94b.jpg,0.6619063167046209,0.58476347
B2A,47df262cc5.jpg,0.893863980778628,0.37469083
B2A,47eea5bf33.jpg,0.5043804921159732,0.48402032
B2A,47f3b40cbc.jpg,0.8106236781493423,0.60413915
B2A,48122c9518.jpg,0.7504852904254181,0.38238427
B2A,481456b5a6.jpg,0.8107848455219642,0.37195057
B2A,481713d59d.jpg,0.6858048192767512,0.45567775
B2A,481bd32b6c.jpg,0.5050701854453717,0.5989987
B2A,482bf5a0d2.jpg,0.7968871924791122,0.40465063
B2A,482fd44fce.jpg,0.6450854935572715,0.43662834
B2A,4831466e23.jpg,0.7806289797419628,0.34875
B2A,48502862cf.jpg,0.7760063541537265,0.4115618
B2A,485517e0c7.jpg,0.7895303289742444,0.44396138
B2A,48598ead29.jpg,0.8335707627545577,0.38949394
B2A,4862d17fa4.jpg,0.8712291628602857,0.3987557
B2A,486a62a430.jpg,0.8114534969240201,0.32722005
B2A,486cafaa7f.jpg,0.6383752431565594,0.40123394
B2A,48735c69aa.jpg,0.8739740824456494,0.320453
B2A,48793755cd.jpg,0.7228285678672974,0.44626957
B2A,4879579e02.jpg,0.6237731610950027,0.68612325
B2A,488a6cef0c.jpg,0.8538543684591565,0.3371247
B2A,489c841af4.jpg,0.6399279245524068,0.54530627
B2A,48a85bc072.jpg,0.5439155309422302,0.4782556
B2A,48ac1011db.jpg,0.5719126207182599,0.71376705
B2A,48b6156f89.jpg,0.6290367936316414,0.46300223
B2A,48c641285b.jpg,0.8330515926302026,0.4190442
B2A,48e1a89d96.jpg,0.8098669442407677,0.40326837
B2A,48eac3916f.jpg,0.7694776755845355,0.4871882
B2A,48eb5fa7bd.jpg,0.6415455149722671,0.3613034
B2A,48f120810d.jpg,0.8803707995793817,0.5246042
B2A,49095bdeb5.jpg,0.7110081640804372,0.56435746
B2A,491b2ba38c.jpg,0.8406642634555187,0.2877015
B2A,49205c171d.jpg,0.7746432424785541,0.3257487
B2A,4943c84af0.jpg,0.8421748911296094,0.38683462
B2A,494db50238.jpg,0.5470350039393362,0.62802196
B2A,4950bcf8c1.jpg,0.8318393577260891,0.35119647
B2A,496757508b.jpg,0.7585001911853374,0.3735158
B2A,499b445583.jpg,0.8032915454698047,0.37477845
B2A,499bc1a152.jpg,0.8490234795808499,0.40264332
B2A,499c1bd3b8.jpg,0.5272989032889005,0.5303422
B2A,49a9692a0e.jpg,0.7992305868742005,0.29656035
B2A,49b093a9f3.jpg,0.7073860683195667,0.60079837
B2A,49b3383147.jpg,0.658542623435919,0.3967457
B2A,49b8c4ea37.jpg,0.5657576976097901,0.36427024
B2A,49c2b1cdef.jpg,0.7991852358794483,0.2959015
B2A,49c538fce7.jpg,0.7542931393773857,0.4806595
B2A,49d2c9fc14.jpg,0.6349190186982737,0.5286229
B2A,49dc3fd195.jpg,0.622322712171278,0.5201451
B2A,49e4129024.jpg,0.6015707082374783,0.57655096
B2A,49ee914a63.jpg,0.7760701284301705,0.3689699
B2A,4a06596662.jpg,0.7248171541630868,0.43926576
B2A,4a12f1780a.jpg,0.8522167279815699,0.4060144
B2A,4a16981927.jpg,0.8402633193938773,0.29575887
B2A,4a195405a0.jpg,0.5509405079820904,0.4267178
B2A,4a1bb1d46c.jpg,0.6644214021720521,0.46900386
B2A,4a20622bde.jpg,0.6812729205369542,0.3757476
B2A,4a29db3c6b.jpg,0.730542187579427,0.59534425
B2A,4a2c4db283.jpg,0.7274435016265162,0.43382218
B2A,4a55695a4d.jpg,0.6194530976281302,0.70889664
B2A,4a5ab8f970.jpg,0.759995289122858,0.37041008
B2A,4a669c897c.jpg,0.5451015192188309,0.5986358
B2A,4a7cec06e7.jpg,0.7330282723778437,0.3973727
B2A,4a8a49028d.jpg,0.644358921912416,0.41863284
B2A,4a916ceb98.jpg,0.7628617203553409,0.32145724
B2A,4a9d34fa51.jpg,0.6991351155330271,0.43171045
B2A,4a9e982b39.jpg,0.8434657280550537,0.5678304
B2A,4aaf628a71.jpg,0.5465625302286383,0.67582583
B2A,4ab9478ef9.jpg,0.6532888242267324,0.5477251
B2A,4abaac9654.jpg,0.8794559594731213,0.31147832
B2A,4abd5654a3.jpg,0.7567727890350973,0.39966056
B2A,4abda75494.jpg,0.7131881022011728,0.37442532
B2A,4ac7c7bf44.jpg,0.8007584424806728,0.4350918
B2A,4ac8581018.jpg,0.672910776196513,0.38382083
B2A,4ad0ccff25.jpg,0.7307536107653011,0.47293913
B2A,4adc8b7be7.jpg,0.582983042958066,0.50901324
B2A,4ae0414bb9.jpg,0.8054531169601209,0.3007543
B2A,4ae09366f5.jpg,0.7188171094362796,0.6276363
B2A,4ae0b6efb2.jpg,0.7817848575332279,0.37081936
B2A,4ae5e1fb1d.jpg,0.7988627808961711,0.40544438
B2A,4b0025406f.jpg,0.5669053388667732,0.5024685
B2A,4b09444fe2.jpg,0.8147195832498727,0.4193238
B2A,4b0c0d7145.jpg,0.7949329663702487,0.30134484
B2A,4b0db938a7.jpg,0.7292200247719544,0.3654757
B2A,4b0f73833c.jpg,0.7062715501371271,0.36396953
B2A,4b14030c98.jpg,0.594234554593902,0.5027695
B2A,4b2555ba9c.jpg,0.5897414122204664,0.44731715
B2A,4b29d9c42c.jpg,0.7597782501649599,0.34659123
B2A,4b2d102def.jpg,0.7069744580220737,0.42185557
B2A,4b3835e8ba.jpg,0.7871250050339009,0.49946642
B2A,4b3ccac37c.jpg,0.7147477342138996,0.54298353
B2A,4b47e76275.jpg,0.6992260373637756,0.44943526
B2A,4b497dc591.jpg,0.7273942907261786,0.37423554
B2A,4b59dd4ebc.jpg,0.7924151109862804,0.4055627
B2A,4b5a46b50f.jpg,0.8128016456051603,0.33472303
B2A,4b5b64dc18.jpg,0.7783174794351532,0.407996
B2A,4b689e9b37.jpg,0.6912872265607134,0.48697746
B2A,4b7878976b.jpg,0.765944249500665,0.44323975
B2A,4b7902dfa6.jpg,0.7332987163472197,0.37881905
B2A,4b7fc92bdc.jpg,0.860503346188025,0.41516316
B2A,4b91cd8fce.jpg,0.7302969761651393,0.5755784
B2A,4b9eb29c59.jpg,0.8349665183653616,0.48750114
B2A,4bab53c613.jpg,0.6276385393074949,0.5033457
B2A,4bad1549a1.jpg,0.5437842695735937,0.39244163
B2A,4bbe0cbb3c.jpg,0.6685825301808862,0.51025414
B2A,4bd43d88d4.jpg,0.8172568489650871,0.52666366
B2A,4bd8ec5dd3.jpg,0.595206457017304,0.8353424
B2A,4bdb933264.jpg,0.7162678177227442,0.49418432
B2A,4bdbdcc1e5.jpg,0.7778216708772584,0.46163565
B2A,4bdd197102.jpg,0.6995004358935586,0.59908867
B2A,4be248f682.jpg,0.7637392144485526,0.3961993
B2A,4bedb30dce.jpg,0.7562716175672675,0.52111703
B2A,4bef7510cb.jpg,0.7778156423301306,0.52138335
B2A,4bf1292d69.jpg,0.8409786371523041,0.39754435
B2A,4bfa3043e7.jpg,0.8087358646628469,0.24638881
B2A,4bfc3fbd84.jpg,0.8527068581286646,0.27869663
B2A,4bfed75eb2.jpg,0.7489801215790488,0.51567596
B2A,4c07909a8d.jpg,0.823241488813191,0.3484499
B2A,4c1165be97.jpg,0.63033046641,0.40168077
B2A,4c16835970.jpg,0.7247174160120112,0.51742
B2A,4c1907f1a0.jpg,0.7751143697671035,0.39273298
B2A,4c1b160563.jpg,0.6888336738536623,0.40716183
B2A,4c2d3216aa.jpg,0.8075610219535815,0.32867065
B2A,4c30ff85a7.jpg,0.8285569143919845,0.3009939
B2A,4c4574cfa8.jpg,0.7701388372456729,0.441259
B2A,4c507b65b0.jpg,0.5545507581703398,0.54083127
B2A,4c6550cff5.jpg,0.757364865363285,0.28773034
B2A,4c712561ab.jpg,0.8649470515345062,0.3549607
B2A,4c72792844.jpg,0.6792904282542268,0.44085774
B2A,4c75385f85.jpg,0.7334258537475717,0.49864787
B2A,4c7692cb0c.jpg,0.7289576375987176,0.571169
B2A,4c7b54e38c.jpg,0.5876743680231487,0.5558695
B2A,4c8a000abb.jpg,0.7711578889463917,0.36119533
B2A,4c8bf22d16.jpg,0.7935701917968075,0.43350154
B2A,4c9669b6b8.jpg,0.7632595419256994,0.4499644
B2A,4ca019a3d6.jpg,0.6361004373480384,0.6224234
B2A,4ca57d26c0.jpg,0.6035981922496102,0.40558022
B2A,4ca6e5451a.jpg,0.6851514550651514,0.4382664
B2A,4cac88b518.jpg,0.675227332117023,0.42923895
B2A,4cb25fbf3d.jpg,0.6075712306120985,0.45984152
B2A,4cb7c5e33d.jpg,0.7612890241156202,0.6309077
B2A,4cc42ebe97.jpg,0.7448268493267408,0.44475785
B2A,4ccc4a21e3.jpg,0.8472892793642147,0.31868985
B2A,4cd07a4561.jpg,0.7473095670910449,0.44465882
B2A,4cdd74b1c7.jpg,0.8616619107929409,0.41758946
B2A,4cf9aac018.jpg,0.7134530644047965,0.4735661
B2A,4cfdd2e627.jpg,0.7528185945876622,0.43582577
B2A,4d08cb65c3.jpg,0.7967767689713479,0.5655721
B2A,4d0a217b38.jpg,0.5732675261970936,0.41227406
B2A,4d0a274acb.jpg,0.7412455283403472,0.43410283
B2A,4d0eb41723.jpg,0.8249716312423335,0.38174963
B2A,4d1755ab04.jpg,0.748611410375976,0.42272845
B2A,4d1c0b488e.jpg,0.719458160375714,0.33975217
B2A,4d1c4d142e.jpg,0.7515273976837707,0.4077353
B2A,4d1d5efd4f.jpg,0.6790407453697728,0.4242639
B2A,4d3a7e5326.jpg,0.8402698440545255,0.63608253
B2A,4d42605a8b.jpg,0.6827986364886072,0.47531632
B2A,4d4b6bcac4.jpg,0.6049385887497324,0.40017843
B2A,4d4f0faddf.jpg,0.7251435117124541,0.49428245
B2A,4d4f388e91.jpg,0.8040525484382194,0.33656806
B2A,4d4f6174f1.jpg,0.7987106152371751,0.41509354
B2A,4d62a64806.jpg,0.718476279411897,0.31741607
B2A,4d7188ff9e.jpg,0.8859772369476343,0.31185254
B2A,4d7517df48.jpg,0.7425758771911958,0.5465523
B2A,4d77636dea.jpg,0.8280209974876755,0.3167323
B2A,4d7de87ec6.jpg,0.7976142981204319,0.3032702
B2A,4d7fefe879.jpg,0.6322564216863115,0.41429755
B2A,4d83b23265.jpg,0.675100022092449,0.5952687
B2A,4d90220636.jpg,0.753545808157829,0.5255842
B2A,4d91831344.jpg,0.6472004656548496,0.4850803
B2A,4dc37726d9.jpg,0.8681704810456573,0.30445254
B2A,4dc92c4b4a.jpg,0.8242053305903534,0.3277444
B2A,4dd30f189a.jpg,0.5459563368211301,0.5603259
B2A,4df98eeceb.jpg,0.7203500317413366,0.4528318
B2A,4e093e9511.jpg,0.8211475307102556,0.47224817
B2A,4e0951fde1.jpg,0.6488377768697888,0.60390013
B2A,4e16ff77ac.jpg,0.7645019563147225,0.5378805
B2A,4e21145eb2.jpg,0.5739361697967689,0.42525932
B2A,4e2dba148d.jpg,0.657796438034916,0.48669934
B2A,4e3006bd6b.jpg,0.6714428648808084,0.5347641
B2A,4e341f8891.jpg,0.6324429631223972,0.49989632
B2A,4e43b597e2.jpg,0.8774640318516739,0.39111856
B2A,4e4f75c4cc.jpg,0.7917005156731036,0.35207793
B2A,4e53db7c72.jpg,0.708102065604594,0.5210648
B2A,4e5451ed74.jpg,0.5348628115838878,0.5612354
B2A,4e5b4fb2ab.jpg,0.7616763867847189,0.29829735
B2A,4e6e7f30da.jpg,0.6435737601756827,0.38675964
B2A,4e868f2a58.jpg,0.7110499095338586,0.41652566
B2A,4e880786c4.jpg,0.7013934732633632,0.43725345
B2A,4e8b01ac67.jpg,0.7042577114818743,0.3961593
B2A,4e8bd98343.jpg,0.8023473744665772,0.41784626
B2A,4e956f2cfb.jpg,0.7158630368060505,0.39480525
B2A,4ea19d4d05.jpg,0.8063182230107871,0.5940305
B2A,4eaa045ce6.jpg,0.7312493369585421,0.34107
B2A,4eb3c1b0a7.jpg,0.5845571102089265,0.45043707
B2A,4ebb3df6e1.jpg,0.6442272600081883,0.4087408
B2A,4ec313a8cd.jpg,0.6732406247310943,0.5293269
B2A,4edd4fe6fa.jpg,0.5775161833875938,0.4531389
B2A,4ee02ffd2c.jpg,0.686508962501553,0.4160487
B2A,4ef10f3299.jpg,0.8049526476353266,0.38938805
B2A,4f1249d8dc.jpg,0.5840265328565107,0.4145189
B2A,4f16e0bc95.jpg,0.5150175901625829,0.41902167
B2A,4f1fc68a47.jpg,0.7852074882050445,0.44308063
B2A,4f297a711e.jpg,0.5226626117210258,0.5413404
B2A,4f36d845b0.jpg,0.6892214687619037,0.45955727
B2A,4f38f2b8f5.jpg,0.7282002723069095,0.4127085
B2A,4f397d38d7.jpg,0.6143679321939028,0.5127139
B2A,4f5245105c.jpg,0.6498739791636238,0.5154202
B2A,4f5d5e7da3.jpg,0.715468086894569,0.43234944
B2A,4f5e363609.jpg,0.6290957913106011,0.50231403
B2A,4f6353e80e.jpg,0.4989541502250299,0.55547714
B2A,4f64339fea.jpg,0.8114650821887189,0.48897615
B2A,4f697daf2d.jpg,0.728507562856496,0.32497135
B2A,4f79b373f4.jpg,0.8220114982092995,0.332306
B2A,4f83d232c2.jpg,0.7238250108753066,0.407351
B2A,4f86f80479.jpg,0.6287773095997099,0.5408073
B2A,4f882d4400.jpg,0.6626630717686632,0.5232861
B2A,4f99708506.jpg,0.748520112147929,0.48114732
B2A,4f9aa92ca3.jpg,0.6056212917667856,0.47290254
B2A,4fb5c1ac0a.jpg,0.778969359671738,0.28388983
B2A,4fb6bcd5e8.jpg,0.6335611971749283,0.5449915
B2A,4fc41e388a.jpg,0.6182620079909996,0.5819629
B2A,4fc90f8de5.jpg,0.6604089642187423,0.39682585
B2A,4fc9c537a7.jpg,0.5795328215040906,0.5938498
B2A,4fd1d8afbf.jpg,0.6107931169008031,0.5267528
B2A,4fdaff583d.jpg,0.7812724297298508,0.36297086
B2A,4fe122209b.jpg,0.5762999808221431,0.51245403
B2A,4fe72a654e.jpg,0.8503009995215919,0.38665998
B2A,4ff4d77c99.jpg,0.6831471237520549,0.3514844
B2A,500d59cf86.jpg,0.5401652892772897,0.6158371
B2A,50115558cd.jpg,0.7567982869043368,0.48387778
B2A,501719248c.jpg,0.5776008632983788,0.3839142
B2A,5019a8ffcf.jpg,0.5732260760506036,0.55326164
B2A,5019d1eac7.jpg,0.76956887794151,0.4026618
B2A,503c9badbb.jpg,0.8341192248140424,0.45699364
B2A,5048bb66c8.jpg,0.6308675680829724,0.4215563
B2A,504cec61a2.jpg,0.7777771268720554,0.3323853
B2A,504db35d13.jpg,0.5088197183661739,0.54565346
B2A,5050bd632b.jpg,0.7945209248937787,0.39463305
B2A,505850ed9f.jpg,0.4400142726226547,0.59977335
B2A,5065b423b0.jpg,0.6821477186442381,0.32605067
B2A,506fdcb3c1.jpg,0.8327282116311274,0.38860503
B2A,5074e8a51e.jpg,0.7651518429716657,0.33161536
B2A,50779f1ae6.jpg,0.7526641011307728,0.44403708
B2A,508f9ce48d.jpg,0.6695640063234076,0.43583328
B2A,50a42e1240.jpg,0.7351394287102185,0.3826323
B2A,50a5168133.jpg,0.8259694153833004,0.3876311
B2A,50b6593431.jpg,0.7529739633446332,0.43876055
B2A,50b8e79da2.jpg,0.8148702638523125,0.27398875
B2A,50c3f4beec.jpg,0.8419250736124058,0.42724818
B2A,50d9c1aa47.jpg,0.7145845000607326,0.42584842
B2A,50e2f57e76.jpg,0.5015188981584416,0.63020813
B2A,50e85855f5.jpg,0.7242246847093253,0.46062273
B2A,50e9fc6fdd.jpg,0.6625381664315951,0.55416214
B2A,50eb328bb2.jpg,0.8035614234550555,0.33170465
B2A,50f52bf9a4.jpg,0.815465238459685,0.3963418
B2A,50f598c729.jpg,0.7715992185551563,0.33062842
B2A,50f7a05ee7.jpg,0.8716315371815542,0.34715983
B2A,51068cd053.jpg,0.8305519146633279,0.39680353
B2A,5116db8d92.jpg,0.7986273173382429,0.39845023
B2A,5117ec7f6b.jpg,0.6960631782220286,0.34518474
B2A,51279a61da.jpg,0.7492804699905136,0.360591
B2A,5135f3ba21.jpg,0.8127689299047068,0.5074831
B2A,513cb0638a.jpg,0.7451645961509326,0.33095998
B2A,5140b80748.jpg,0.5633363186025665,0.33268163
B2A,514db4068a.jpg,0.8390541659451785,0.29774016
B2A,5155be81bf.jpg,0.8316788482370616,0.466206
B2A,51563bc8ab.jpg,0.779777396696242,0.3221997
B2A,516670d194.jpg,0.7277823428566229,0.44591376
B2A,51736e3772.jpg,0.7641297585147477,0.32335365
B2A,517eba9d0a.jpg,0.8362951542332246,0.3521734
B2A,51867bc005.jpg,0.6668824510135689,0.3896787
B2A,5194f65634.jpg,0.7749898235471979,0.38768777
B2A,519d3674c2.jpg,0.7602206477931629,0.34121877
B2A,519fc7c17a.jpg,0.7250568006478848,0.4510967
B2A,51aa9c9a20.jpg,0.8066112350682361,0.41395706
B2A,51dc50880b.jpg,0.8935994541494512,0.3177068
B2A,51e7037c03.jpg,0.4362784192159263,0.5065612
B2A,51ede123f3.jpg,0.6922618617464092,0.4299648
B2A,51ffb613ce.jpg,0.6311786100513798,0.4852597
B2A,52087dc0d6.jpg,0.6778688534154601,0.45424527
B2A,522a6dcbec.jpg,0.8277174131284023,0.4038368
B2A,523cbdab7d.jpg,0.888861720613906,0.4207429
B2A,524223dfd9.jpg,0.6815932895403535,0.50090003
B2A,524af04df1.jpg,0.7705717417392923,0.5182268
B2A,524d00561a.jpg,0.828345372474285,0.32703754
B2A,524fdda784.jpg,0.7079242254297653,0.5792622
B2A,52592fe2c6.jpg,0.8268620137637294,0.4440322
B2A,525952c058.jpg,0.8678126713879906,0.3798288
B2A,525f580c06.jpg,0.7902787317538319,0.43908954
B2A,5262b01633.jpg,0.7176719962416525,0.5007545
B2A,526b153062.jpg,0.66518103045856,0.5056889
B2A,526dc07146.jpg,0.7893978044388924,0.35764465
B2A,527dd222d6.jpg,0.6752995562041719,0.37087077
B2A,527ddb23d4.jpg,0.6192694627025083,0.39745462
B2A,528058909d.jpg,0.70660954199396,0.35715517
B2A,5280e2e8de.jpg,0.6806071412939267,0.49534488
B2A,5286eb8945.jpg,0.7555796208559195,0.38739258
B2A,529fa39eb2.jpg,0.6490510259862712,0.4448707
B2A,52a2a7132e.jpg,0.7017161554388447,0.6050688
B2A,52ae3cd25d.jpg,0.8315095734624467,0.29146764
B2A,52b870f300.jpg,0.8171315336005813,0.5231904
B2A,52bb31919e.jpg,0.4993815171504169,0.50513846
B2A,52bd17daa7.jpg,0.7532703008817871,0.4410703
B2A,52bee900da.jpg,0.7648153252859982,0.643356
B2A,52cda09a5f.jpg,0.593296759176636,0.4523396
B2A,52d8dbe113.jpg,0.5080224242881204,0.46796525
B2A,52e91ba9cf.jpg,0.6245933847394721,0.36545807
B2A,52f30bd94c.jpg,0.719015476377246,0.36491853
B2A,52f641c328.jpg,0.6405685344256336,0.3077724
B2A,52f7801904.jpg,0.8315970089288287,0.51833904
B2A,5305c4063a.jpg,0.7712613766315013,0.30826598
B2A,5319435b3f.jpg,0.7695047235832435,0.44422668
B2A,53194986bc.jpg,0.6048694711869533,0.55094254
B2A,53289e47ec.jpg,0.5256544009043196,0.48724288
B2A,532d743269.jpg,0.726000614613627,0.3641499
B2A,532f9d0621.jpg,0.6843609310676156,0.3500089
B2A,5338413448.jpg,0.8215563413942523,0.39701328
B2A,5338bd03be.jpg,0.625673496666085,0.5155924
B2A,533be4e6eb.jpg,0.789959765187621,0.32490394
B2A,5342ec67da.jpg,0.7269917945654346,0.4268323
B2A,534703a792.jpg,0.828789628186553,0.29851878
B2A,53516d9b04.jpg,0.8107849720493319,0.3591171
B2A,53679e6985.jpg,0.5676707764119313,0.6445633
B2A,536c125b6f.jpg,0.6529945842436973,0.5618224
B2A,536c7edb2a.jpg,0.7181696050130925,0.46599555
B2A,537b155f3d.jpg,0.6778824696885741,0.5784967
B2A,537f558973.jpg,0.8304089015126965,0.3365512
B2A,53866d4a68.jpg,0.7609628573965276,0.3845541
B2A,5389fb4007.jpg,0.537043548789091,0.6872217
B2A,53902a4799.jpg,0.7385666795981191,0.41962484
B2A,5395902bc7.jpg,0.5550765636684011,0.3901684
B2A,53988b72f6.jpg,0.8016044944488427,0.40370858
B2A,53989c56ff.jpg,0.6860986316058534,0.50047165
B2A,53998f50b2.jpg,0.7160880663500923,0.4076366
B2A,539e2ee021.jpg,0.7939227460597607,0.48093653
B2A,53b01e2132.jpg,0.6652082022096047,0.4505669
B2A,53b27f0c81.jpg,0.6696444077828427,0.63703257
B2A,53b835550d.jpg,0.632491949229324,0.39372793
B2A,53bce35f0b.jpg,0.7248961542979467,0.4884583
B2A,53c245a6f3.jpg,0.8333578695282271,0.43353063
B2A,53d0160b46.jpg,0.5599787669706332,0.52137506
B2A,53d62fccce.jpg,0.7610910612520795,0.372836
B2A,53e5b6b1b3.jpg,0.7386962184580466,0.31457436
B2A,53e766ae2b.jpg,0.7230224949079767,0.32761002
B2A,53ea60da05.jpg,0.863074539245486,0.34451136
B2A,540649ac8c.jpg,0.7020263231861663,0.45583278
B2A,5407972e58.jpg,0.8030622600576333,0.36016867
B2A,5418378939.jpg,0.5506598202694142,0.5166867
B2A,54199dc11f.jpg,0.7096869738926029,0.45984042
B2A,5420c594aa.jpg,0.7032074727502875,0.61132526
B2A,5429ab574f.jpg,0.8241657423370817,0.3071465
B2A,5432eef613.jpg,0.6340360426949201,0.514475
B2A,5435fdfdc4.jpg,0.7484793401290487,0.33664235
B2A,54381f3114.jpg,0.8521834133665724,0.32542318
B2A,543ea28da6.jpg,0.5045851872193253,0.5748685
B2A,5447d2bd8d.jpg,0.8537414992738215,0.43636113
B2A,54510d8755.jpg,0.7919928105656611,0.45072374
B2A,5451321dd0.jpg,0.744914369675187,0.44600266
B2A,5452e17b68.jpg,0.6832823423754371,0.4648093
B2A,54538aea8b.jpg,0.647211609557596,0.3673121
B2A,54557ef4cf.jpg,0.4797023792778933,0.48460793
B2A,54796e9027.jpg,0.8130678205799844,0.36679682
B2A,547ae945cb.jpg,0.7836657582131077,0.43040285
B2A,547c5615d1.jpg,0.616562044050002,0.48355696
B2A,5484662dfb.jpg,0.7422060916790925,0.4482789
B2A,54b556920a.jpg,0.6113501580950643,0.40859944
B2A,54b6416b3a.jpg,0.6576349111853843,0.50382763
B2A,54b6bbf683.jpg,0.7523150274044591,0.37445128
B2A,54b8be5c1e.jpg,0.828613778297328,0.30700803
B2A,54bf5ab7fd.jpg,0.6794499465668513,0.60020685
B2A,54d2feb575.jpg,0.7581449755378874,0.3452524
B2A,54e9e67501.jpg,0.7657722907108748,0.3281972
B2A,54f65afd1c.jpg,0.6352447499943832,0.6283518
B2A,55004786ef.jpg,0.7136315225799663,0.4758124
B2A,550956b456.jpg,0.8164748898900958,0.4762904
B2A,550b90e008.jpg,0.7840738064269271,0.3178662
B2A,55129db8f9.jpg,0.7661958390454788,0.32367662
B2A,5515a27184.jpg,0.8463510234682848,0.36459833
B2A,5519a2e240.jpg,0.7220957941163965,0.45577675
B2A,551afc0ef0.jpg,0.7385413216597306,0.39261153
B2A,55288a650b.jpg,0.7109950208663556,0.34085482
B2A,552aad92e5.jpg,0.772534340406266,0.33966854
B2A,552b38a9bc.jpg,0.7036612573215398,0.40338635
B2A,55364f51f9.jpg,0.8709241953563954,0.33178088
B2A,5541538198.jpg,0.6277272012091257,0.38964164
B2A,5565d2e475.jpg,0.6034477243625554,0.42592487
B2A,5587066bdc.jpg,0.7801021154125437,0.4205143
B2A,558e78d813.jpg,0.9039093582030534,0.39063957
B2A,559359bcca.jpg,0.7937362262049316,0.39962095
B2A,55a74b7296.jpg,0.6874563442928237,0.30491766
B2A,55a8a07dde.jpg,0.8671683047500557,0.39657348
B2A,55a9c23538.jpg,0.7017965354508021,0.47920325
B2A,55ac4415ef.jpg,0.6154621870431842,0.365701
B2A,55b015b4df.jpg,0.8035967397576681,0.31976655
B2A,55d0d2d4a1.jpg,0.5989148855460188,0.5056155
B2A,55e5a039c3.jpg,0.7393382828248601,0.41873837
B2A,5602c749d0.jpg,0.6978646024399687,0.3967052
B2A,5604c7533d.jpg,0.8441792712294581,0.61450505
B2A,5604ea3384.jpg,0.7026557636226132,0.45946562
B2A,5608b7a226.jpg,0.7445228840953796,0.33385366
B2A,5619b15af5.jpg,0.6047319514837078,0.4921105
B2A,561c1f7cde.jpg,0.7276508027775966,0.40367422
B2A,561d9722a4.jpg,0.7188024425646989,0.48592335
B2A,561e61d7f1.jpg,0.7834189881364786,0.3977968
B2A,561ec9ffaf.jpg,0.8089028927103895,0.40174863
B2A,5622447728.jpg,0.6736456592069885,0.3297202
B2A,56270960dc.jpg,0.9103165937188357,0.3518357
B2A,563012ee88.jpg,0.7862395809890913,0.45308772
B2A,56539880a8.jpg,0.7845992412763412,0.34349638
B2A,5654801d96.jpg,0.5699801997084086,0.27590322
B2A,565702bc95.jpg,0.8330325511072147,0.41515306
B2A,5681f45127.jpg,0.6807278551752818,0.51279646
B2A,56849b394d.jpg,0.6260807335017758,0.54914516
B2A,56884e5824.jpg,0.6286080775491879,0.45665103
B2A,568885cc54.jpg,0.6345129282646844,0.57567525
B2A,56894c4948.jpg,0.6714606208942169,0.35387853
B2A,568d52aa05.jpg,0.6637557102953657,0.4180919
B2A,568d92c4a7.jpg,0.7943814853805515,0.3527851
B2A,5694abf7fa.jpg,0.6173031483854644,0.6534263
B2A,569ed795ec.jpg,0.7346879754177967,0.42206925
B2A,56ac108ce7.jpg,0.7178500317498624,0.4203639
B2A,56ac1f673a.jpg,0.8223843911324455,0.3412606
B2A,56ac3dda09.jpg,0.7602007656071196,0.39403158
B2A,56bfd45d42.jpg,0.6842531019927766,0.4155714
B2A,56c6444a6d.jpg,0.7515683352093644,0.39943635
B2A,56c690f4ce.jpg,0.7949779263187046,0.38229042
B2A,56cb23c291.jpg,0.7328480595103887,0.4277876
B2A,56d2ce77d3.jpg,0.728716521320117,0.4477724
B2A,56df48f901.jpg,0.6240364134028342,0.43379557
B2A,56e14fc1c7.jpg,0.5919451807836912,0.58879733
B2A,56e28bc581.jpg,0.7245763958437125,0.28605837
B2A,56e473c0df.jpg,0.6793319046368803,0.48417485
B2A,56e858f7c3.jpg,0.5845224861380813,0.35765603
B2A,5707c424dd.jpg,0.6701276855055737,0.41256183
B2A,571325ea85.jpg,0.701352866527388,0.4964321
B2A,571a8540a2.jpg,0.6171304326970946,0.40396073
B2A,571c0614e4.jpg,0.7735265028922689,0.29025176
B2A,571da2a2b6.jpg,0.750297523574009,0.48282516
B2A,572d08dd47.jpg,0.41331186438799855,0.6559911
B2A,5734dda15c.jpg,0.7937151853515136,0.36786652
B2A,573e2bc6ac.jpg,0.811480618079941,0.38682914
B2A,573f3616e6.jpg,0.6591918992663178,0.33694154
B2A,57509041fb.jpg,0.8004859350640047,0.38784
B2A,575796635b.jpg,0.7108186109137544,0.4525563
B2A,5757d9bb28.jpg,0.6800949779142523,0.48438898
B2A,5764c388a6.jpg,0.802781340788344,0.4464296
B2A,5777167029.jpg,0.6694205653671575,0.6211327
B2A,5784a2edfb.jpg,0.8298354127738873,0.42787877
B2A,57874888f9.jpg,0.7719881797197413,0.36662138
B2A,5794fc49e9.jpg,0.711660029977088,0.5008425
B2A,57965b2143.jpg,0.5284731042653753,0.45842096
B2A,579cd00684.jpg,0.6958855307004373,0.67369395
B2A,579d0d4e7d.jpg,0.7824026853264769,0.4561556
B2A,57a2330579.jpg,0.8953097370047827,0.32034096
B2A,57ba66fb37.jpg,0.5248055729936748,0.57002807
B2A,57bd2abf4c.jpg,0.8339396629432589,0.494455
B2A,57c47a8905.jpg,0.5653231642859455,0.6348983
B2A,57c528a4d5.jpg,0.7119920994258641,0.45443788
B2A,57c906c4cf.jpg,0.8035903680164027,0.32009792
B2A,57cf047094.jpg,0.7301701508062757,0.38200524
B2A,57d109e9cf.jpg,0.8112786952848458,0.4152441
B2A,57dccccee3.jpg,0.8503730990496658,0.30504435
B2A,57e0bbe931.jpg,0.7459997050869697,0.45015103
B2A,57e301422d.jpg,0.7837814958517317,0.34305078
B2A,58111663f1.jpg,0.7368986890070669,0.35753813
B2A,581d539ad6.jpg,0.6173025818546932,0.45364523
B2A,5833188a28.jpg,0.795308890076579,0.34131122
B2A,5834c44d37.jpg,0.7687532494548959,0.5595929
B2A,5847f64d5d.jpg,0.6731751144930413,0.34020004
B2A,5852bbcf34.jpg,0.616441949855055,0.48023164
B2A,585a5eb514.jpg,0.8250885179798724,0.36161733
B2A,585aa1f933.jpg,0.759085168615617,0.33716825
B2A,585efde177.jpg,0.672856528036784,0.62297493
B2A,585f9cb26d.jpg,0.8274768224269209,0.3864954
B2A,586d359437.jpg,0.7220318929194935,0.56510234
B2A,5879d04028.jpg,0.6494819311057493,0.39689922
B2A,587a865f86.jpg,0.8093117874362908,0.4573186
B2A,587cc7c2fe.jpg,0.6588336446469492,0.46211994
B2A,5894a8daaa.jpg,0.778738268810876,0.3652095
B2A,589b4cbb6e.jpg,0.694348200843362,0.3544739
B2A,589fdf111c.jpg,0.745185618475679,0.4750464
B2A,58a038ba43.jpg,0.6462813290719379,0.5336377
B2A,58a4b16894.jpg,0.6720122223644949,0.58640814
B2A,58a776400d.jpg,0.8117859034060027,0.30937454
B2A,58a9467f2f.jpg,0.6654303357083393,0.36044765
B2A,58ae62fe43.jpg,0.6144337427400837,0.6089945
B2A,58bd31f329.jpg,0.5110660074291287,0.7417177
B2A,58c1e36fda.jpg,0.8447864185502398,0.50936425
B2A,58cb8ad323.jpg,0.6613197413698307,0.4747524
B2A,58d3d98397.jpg,0.7790043560897935,0.421026
B2A,58e34a0489.jpg,0.7153142969564302,0.46145615
B2A,5901773791.jpg,0.8316980467732675,0.2915068
B2A,590530447f.jpg,0.8015574990895841,0.40430802
B2A,5913ac7eed.jpg,0.6950262664370772,0.5051648
B2A,591d527b4e.jpg,0.7652383417471783,0.44565934
B2A,591df1353a.jpg,0.7357400650813586,0.4563816
B2A,59245494b6.jpg,0.789975647761379,0.3174715
B2A,592bf31bd5.jpg,0.6676240032235384,0.48501003
B2A,592dd67bf2.jpg,0.638973997883154,0.38419908
B2A,59344b7884.jpg,0.7873630119582649,0.35161424
B2A,593d5650ea.jpg,0.7836530472836873,0.314024
B2A,593fa1789b.jpg,0.623632727045808,0.5694705
B2A,594257c315.jpg,0.7026268029768391,0.56807894
B2A,5948efa988.jpg,0.6142759318341613,0.5571599
B2A,5966f03832.jpg,0.8386343848971048,0.38757488
B2A,5979ddaf40.jpg,0.5368137719411542,0.39603174
B2A,597dc8102b.jpg,0.8153688796046462,0.33653268
B2A,599d5b2041.jpg,0.7074105868797554,0.5856805
B2A,59a4aa8ae0.jpg,0.6305641543212696,0.48235542
B2A,59a5b56086.jpg,0.6806039387450322,0.45900223
B2A,59bf7066cc.jpg,0.5851472100062199,0.48472852
B2A,59c0b11f7a.jpg,0.8202337893879716,0.34225613
B2A,59c73a71e2.jpg,0.7347230479871173,0.5067406
B2A,59d87604af.jpg,0.7382153531423018,0.3231206
B2A,59f40fedcd.jpg,0.5473449441890897,0.4098946
B2A,5a086eb4d4.jpg,0.6762472000492566,0.28810167
B2A,5a0e4d57e3.jpg,0.7063522306147624,0.41899166
B2A,5a114c6f90.jpg,0.6762048094085712,0.4182217
B2A,5a1f5ac407.jpg,0.8386330546392265,0.42772534
B2A,5a234f081a.jpg,0.8313425522260786,0.44071785
B2A,5a294c5685.jpg,0.5466946595346674,0.40115184
B2A,5a29db5e43.jpg,0.8445585568515167,0.37192422
B2A,5a30d613e5.jpg,0.6866181231494507,0.434401
B2A,5a384bf8d9.jpg,0.7477692653685697,0.43402013
B2A,5a3c04abea.jpg,0.7327096897766976,0.4246043
B2A,5a5b14d79d.jpg,0.8371245275483121,0.35105294
B2A,5a648082a7.jpg,0.6922299453827667,0.33769673
B2A,5a722db12a.jpg,0.7864122168691645,0.50935286
B2A,5a7cd923cb.jpg,0.8329412988076577,0.35491273
B2A,5a7fe873f4.jpg,0.772761350867173,0.55110604
B2A,5a885d5128.jpg,0.7061791039832409,0.4724324
B2A,5a90fcd546.jpg,0.6849179349372556,0.40790975
B2A,5a921a3ab6.jpg,0.7906520189259044,0.4341275
B2A,5a977985f9.jpg,0.8027514565956645,0.39352947
B2A,5a9f9c1a61.jpg,0.662640908275738,0.5195456
B2A,5aac6a791e.jpg,0.7535671044999548,0.3808413
B2A,5abbc037e1.jpg,0.8127856130726279,0.3630466
B2A,5ac7e3d633.jpg,0.7210578404910001,0.28073198
B2A,5ad9efc598.jpg,0.752806843577525,0.4201059
B2A,5adb2c3de9.jpg,0.7727339403094752,0.39919418
B2A,5ae669f97f.jpg,0.6643719564364747,0.38188145
B2A,5ae67d7741.jpg,0.7782627631228674,0.35415393
B2A,5b1ac7d453.jpg,0.7654755650941734,0.23780139
B2A,5b1c17961a.jpg,0.7204817585984897,0.37011698
B2A,5b1ca92c81.jpg,0.8085661508770475,0.33994523
B2A,5b1ce21999.jpg,0.8589707893250869,0.43630964
B2A,5b25e416af.jpg,0.7960097699269766,0.49639073
B2A,5b28e861e1.jpg,0.6997391579483369,0.49908
B2A,5b2c1cbcc1.jpg,0.5054038873410941,0.516417
B2A,5b36970405.jpg,0.8610185236745619,0.40554446
B2A,5b39ba9b27.jpg,0.7371924159086578,0.35681003
B2A,5b3c9ac58f.jpg,0.7091444805719004,0.44492403
B2A,5b430536ec.jpg,0.813307852529243,0.39848685
B2A,5b45458ccf.jpg,0.717367592644597,0.44503745
B2A,5b47729366.jpg,0.847921381957527,0.4788977
B2A,5b54acd95e.jpg,0.7650819739694013,0.37452093
B2A,5b5eae4414.jpg,0.7546261781343646,0.49460828
B2A,5b644de405.jpg,0.6295876616696383,0.4666397
B2A,5b67d44eea.jpg,0.77971544788097,0.3088251
B2A,5b8f94e9ed.jpg,0.6324203894823374,0.3024744
B2A,5b960d2105.jpg,0.8493549028491074,0.35266885
B2A,5ba1f82d11.jpg,0.742840019815088,0.4094581
B2A,5baec51613.jpg,0.7139936994161299,0.32311714
B2A,5bb0b7b0fd.jpg,0.8707250867137251,0.34941316
B2A,5bb7d3f1e2.jpg,0.8420183401319865,0.33411148
B2A,5bce397cd6.jpg,0.8465932962980738,0.3056121
B2A,5bdd158279.jpg,0.7764111918666131,0.34143978
B2A,5bddd2139f.jpg,0.7438439622062075,0.59706455
B2A,5bfc51adc2.jpg,0.7104388353183472,0.5638926
B2A,5c0287b212.jpg,0.8776232583525827,0.3406797
B2A,5c03d3796d.jpg,0.6450199344890445,0.5182517
B2A,5c04deef4e.jpg,0.6764922589156358,0.39853662
B2A,5c068c34b2.jpg,0.7396633891290602,0.36525786
B2A,5c096f6c6b.jpg,0.7640094201009034,0.52844536
B2A,5c097be130.jpg,0.8161602735461382,0.41119966
B2A,5c2de90d27.jpg,0.7467832818650859,0.46586528
B2A,5c3849313d.jpg,0.8201948816132025,0.28011525
B2A,5c399c47f2.jpg,0.7489818959796565,0.39145002
B2A,5c3afc56ce.jpg,0.6995895576933625,0.34460178
B2A,5c3d598219.jpg,0.7585319920948307,0.44123885
B2A,5c50599656.jpg,0.7423291682487175,0.493304
B2A,5c556d2c26.jpg,0.7194937484453137,0.6529131
B2A,5c55bd3c02.jpg,0.8637323602430067,0.37485307
B2A,5c574cd9b7.jpg,0.8186412725514461,0.41144007
B2A,5c6144e5be.jpg,0.6868456503942784,0.40913165
B2A,5c6c72ff95.jpg,0.8391433573454148,0.40927637
B2A,5c8a36d364.jpg,0.7075979593004631,0.50405055
B2A,5c9487be68.jpg,0.5972682630382341,0.4679378
B2A,5c9979287f.jpg,0.7696635585938606,0.3440631
B2A,5c9b9f20eb.jpg,0.8062904712997137,0.3529719
B2A,5ca98fc2af.jpg,0.7580476464089634,0.36562043
B2A,5cb9dcf772.jpg,0.6698497485935723,0.39625898
B2A,5cc20cb7e7.jpg,0.7593487406274798,0.36886835
B2A,5ce9aaf1e0.jpg,0.7787100234645311,0.41594917
B2A,5cf2ea15af.jpg,0.551515040347504,0.7137759
B2A,5cff9ca17c.jpg,0.8291365899646415,0.46655798
B2A,5d03870821.jpg,0.6754067962224926,0.4034324
B2A,5d10d088ee.jpg,0.725053875418453,0.50407237
B2A,5d1671f99b.jpg,0.6254606437955321,0.38012746
B2A,5d1d521c3f.jpg,0.5327472171564801,0.35223937
B2A,5d23c3c935.jpg,0.8462034047240872,0.43907925
B2A,5d3ce96256.jpg,0.8349584088200723,0.39183915
B2A,5d4377db4a.jpg,0.661818639810239,0.34875348
B2A,5d53f82763.jpg,0.7918091518031998,0.34414852
B2A,5d5d5c6cec.jpg,0.6570952583872166,0.3772381
B2A,5d77349c0e.jpg,0.6370181505264226,0.38166305
B2A,5d7b441aa9.jpg,0.5875311708196825,0.5363923
B2A,5d875c63ab.jpg,0.8821284693801567,0.3168523
B2A,5d87fdb2c6.jpg,0.7859460360368741,0.48166594
B2A,5d8939501e.jpg,0.8182208459935961,0.318597
B2A,5d90dbd1ca.jpg,0.6828687611923988,0.51783144
B2A,5da725f8d7.jpg,0.7577387938842438,0.4064982
B2A,5da88da947.jpg,0.7375689706201511,0.5775285
B2A,5dcdf86cfb.jpg,0.7895600345714608,0.34108004
B2A,5dcfd3a36f.jpg,0.46792730574908714,0.5182853
B2A,5ddb1eae61.jpg,0.7799190858046382,0.40960786
B2A,5de7aa1645.jpg,0.5467877377661164,0.4738683
B2A,5ded03d0f9.jpg,0.6526833625464223,0.3765518
B2A,5e0062d8c4.jpg,0.5303126123041939,0.47671884
B2A,5e0082e751.jpg,0.7618244005807309,0.46088597
B2A,5e05579bfb.jpg,0.7626186890622862,0.4796061
B2A,5e0b43957f.jpg,0.7613615867614345,0.54334164
B2A,5e187eb93f.jpg,0.6529676210648194,0.4021383
B2A,5e23eef10f.jpg,0.578046470011361,0.4590473
B2A,5e49c27b03.jpg,0.7556493626237939,0.5166769
B2A,5e4de25a9c.jpg,0.6496914202389739,0.32801276
B2A,5e5c74bded.jpg,0.6977773455821563,0.3727157
B2A,5e62cdccf1.jpg,0.7812139072780341,0.33473516
B2A,5e64b64de8.jpg,0.7246886770132633,0.4025607
B2A,5e80458f0d.jpg,0.6941381863672206,0.3902183
B2A,5e8a5f5d3b.jpg,0.7213022879022573,0.39629734
B2A,5e8afd118f.jpg,0.6414394188061195,0.46985018
B2A,5e9b6ee1a4.jpg,0.7415616617834356,0.49125642
B2A,5e9d609ee7.jpg,0.6140169647400955,0.47702616
B2A,5e9f0eec0c.jpg,0.6926164224009771,0.4819978
B2A,5ea13d56aa.jpg,0.7439671494551033,0.3626309
B2A,5eaccc99bf.jpg,0.8585567251622153,0.32190722
B2A,5eb792b2be.jpg,0.8121529595655345,0.35767168
B2A,5ed2785909.jpg,0.7478642925660489,0.3940556
B2A,5ed86a6d0b.jpg,0.8904511756367604,0.3939988
B2A,5edefd0d0f.jpg,0.7430900847706514,0.41284204
B2A,5ee0ea499b.jpg,0.7693965329193319,0.34271127
B2A,5ee88f0c5f.jpg,0.8405677952646552,0.39319533
B2A,5ee96ba98d.jpg,0.7134801864987611,0.49918336
B2A,5ef70f37ea.jpg,0.7478031582528991,0.43684262
B2A,5f02c26178.jpg,0.6635631270546838,0.43877196
B2A,5f0d21c2b1.jpg,0.5971488952350122,0.3855964
B2A,5f14f7641d.jpg,0.7294080149695674,0.4771067
B2A,5f24335241.jpg,0.6477533951954652,0.6451098
B2A,5f25cbc263.jpg,0.7846467965394837,0.40350565
B2A,5f2b8fa71a.jpg,0.556687651532835,0.6113019
B2A,5f34ec2686.jpg,0.7617750239802036,0.40411928
B2A,5f4018d615.jpg,0.8299182316215142,0.24425036
B2A,5f4612d92b.jpg,0.7698826362160343,0.28325513
B2A,5f477576c5.jpg,0.726703987062452,0.57174736
B2A,5f477a5c46.jpg,0.5542518704251922,0.69924176
B2A,5f674f802b.jpg,0.7882027847489477,0.44275966
B2A,5f6acdd885.jpg,0.7303999985297874,0.4865319
B2A,5f7a943ad3.jpg,0.48896712458777114,0.35250312
B2A,5f824e47e4.jpg,0.8664470998847396,0.3267305
B2A,5fb5327415.jpg,0.5737498463244887,0.31351423
B2A,5fcf902716.jpg,0.7702883405609577,0.37891883
B2A,5fd438d742.jpg,0.5786704474317852,0.42838567
B2A,5ff7a6bd52.jpg,0.7650650937443738,0.3862497
B2A,5fffc71069.jpg,0.725159480401293,0.37804526
B2A,600adb121f.jpg,0.7079771114130027,0.5481693
B2A,60149bcbbf.jpg,0.723869620879018,0.6218586
B2A,60268cfb2f.jpg,0.6986012062192528,0.61906207
B2A,604547096b.jpg,0.7927477939682247,0.28893462
B2A,6045dd5804.jpg,0.6665338272279264,0.40109086
B2A,604c154a10.jpg,0.7881577351144325,0.32508686
B2A,604d51ecdb.jpg,0.7613969181728719,0.48292792
B2A,604eee6de2.jpg,0.8336309813048164,0.50604415
B2A,6058fe8ba4.jpg,0.6637540106731319,0.42491418
B2A,605c399821.jpg,0.7484684210141431,0.3691099
B2A,606bc88bf5.jpg,0.7192686473107606,0.4698364
B2A,606ea8c853.jpg,0.683125208589273,0.42763966
B2A,606edf9e69.jpg,0.7272028088276187,0.3154028
B2A,607508ca60.jpg,0.6309655066942033,0.3825388
B2A,6090cac2ca.jpg,0.8115917534999749,0.41670093
B2A,609699b9f5.jpg,0.7778901419075954,0.33891147
B2A,6099732dd8.jpg,0.810100394727383,0.37171912
B2A,60a6fdd5c0.jpg,0.8269836960439154,0.38647726
B2A,60ac278e96.jpg,0.7022041356605789,0.4457798
B2A,60adaaa8fa.jpg,0.82640763820877,0.44609356
B2A,60ee84f0e3.jpg,0.728309111584422,0.36634856
B2A,60f455c446.jpg,0.8371504922939992,0.3816397
B2A,60f7b3ce84.jpg,0.79382234290159,0.42074698
B2A,60fa0dced3.jpg,0.8130032052567906,0.38569462
B2A,610b2e40b1.jpg,0.7541768943466652,0.2622479
B2A,610ff29105.jpg,0.8676595063252481,0.29542708
B2A,6113839c53.jpg,0.8268663914801058,0.2900376
B2A,611ce907ee.jpg,0.7764328672911935,0.4967407
B2A,6127261426.jpg,0.6158284871596522,0.4973002
B2A,612de09c0e.jpg,0.7507761173000553,0.5528893
B2A,612eb28781.jpg,0.6743016115607937,0.475236
B2A,613592c5ba.jpg,0.8395695189795026,0.37928787
B2A,614aebf996.jpg,0.8070272894313245,0.32727593
B2A,614dcbd1b6.jpg,0.5138077994535972,0.5668304
B2A,614e5368b3.jpg,0.8207334925224151,0.33705074
B2A,6157aa63b5.jpg,0.752954820980512,0.3273557
B2A,615f1a41e2.jpg,0.8456143704629805,0.45114705
B2A,6163883314.jpg,0.7032107381221763,0.2963121
B2A,6165bb7d20.jpg,0.6932204526593666,0.5304041
B2A,618573a4c0.jpg,0.6254784965192748,0.34737647
B2A,618c3a93a6.jpg,0.6145979691913005,0.4671824
B2A,619868817c.jpg,0.7972043695279403,0.41404724
B2A,61c0bf55f3.jpg,0.8729791786441039,0.300956
B2A,61ca26c3f0.jpg,0.6353264794013666,0.67716956
B2A,61d1dacb0a.jpg,0.6931405067902461,0.49890202
B2A,61e0412438.jpg,0.8028828747571592,0.37927622
B2A,61efe98c2b.jpg,0.7564342371971089,0.57446045
B2A,61f0619994.jpg,0.6588955180087597,0.48046976
B2A,61f337301f.jpg,0.6242674144419219,0.4716062
B2A,61f79ea5e3.jpg,0.7294246103487646,0.33464676
B2A,61febf655e.jpg,0.6604997963293258,0.46839243
B2A,6203a47be6.jpg,0.6446854028442399,0.58380616
B2A,6203de934f.jpg,0.7387328975897182,0.37159863
B2A,6203e44a0b.jpg,0.7227162246068439,0.52262294
B2A,6216948548.jpg,0.7082363626980561,0.3166421
B2A,623226574f.jpg,0.7733038542776416,0.31556806
B2A,6233033047.jpg,0.6663001437861653,0.3620427
B2A,6233a14e7a.jpg,0.6787737446580245,0.66431695
B2A,62428234ef.jpg,0.7499482805836847,0.36127603
B2A,62556af40e.jpg,0.8270948104896313,0.42822966
B2A,6256e7fb82.jpg,0.7091378655620532,0.36876345
B2A,62601c808e.jpg,0.8922516937008809,0.26898444
B2A,626caaa1ce.jpg,0.8441486792180177,0.43441337
B2A,627532c78c.jpg,0.662840808498852,0.45219004
B2A,6276c2f781.jpg,0.8094962745738296,0.4231577
B2A,6280ca0cf1.jpg,0.6543119893138606,0.43238857
B2A,6297c1fc75.jpg,0.8205850537851641,0.33493474
B2A,62a4327b05.jpg,0.6667157983829052,0.6523645
B2A,62a86886a4.jpg,0.8068618944487448,0.33658373
B2A,62ada6e480.jpg,0.8131458678506547,0.41050765
B2A,62ae12c529.jpg,0.6576915055694118,0.42481107
B2A,62b043985f.jpg,0.7703965220958543,0.3129419
B2A,62b1939e2e.jpg,0.7223988602433881,0.49979356
B2A,62b6c6c11d.jpg,0.6274230386639876,0.44935533
B2A,62bb8501e8.jpg,0.6317387607450712,0.4630991
B2A,62bff6d96f.jpg,0.814889688557881,0.34551048
B2A,62c54774f6.jpg,0.6979239042636026,0.5647626
B2A,62c5a2a3c0.jpg,0.7399996863038946,0.40298942
B2A,62c8619eeb.jpg,0.6634137170277278,0.55019563
B2A,62e2c15e98.jpg,0.5271577573647699,0.5938244
B2A,62e79f1dd2.jpg,0.8065889779879045,0.43266797
B2A,630d324a16.jpg,0.8553293970420539,0.40016165
B2A,631cc9e7d1.jpg,0.7084007578255718,0.4048003
B2A,631f90f7a9.jpg,0.8507905858000803,0.3017689
B2A,632020c3e8.jpg,0.7764689375230275,0.44473118
B2A,632858e7c4.jpg,0.7183314099413106,0.42088604
B2A,633128bbae.jpg,0.574131019266207,0.66503406
B2A,6334aea3e0.jpg,0.7415787815363664,0.5326835
B2A,63372e9038.jpg,0.5653768681576452,0.3614903
B2A,633edb47c9.jpg,0.7665349455739868,0.43628636
B2A,634246cbc0.jpg,0.8722465938726163,0.618552
B2A,634e2ff9c5.jpg,0.7167886943670748,0.3850652
B2A,634f5cf142.jpg,0.716350018465611,0.45826113
B2A,635907bad9.jpg,0.5100833868632486,0.5985229
B2A,6360e41e69.jpg,0.6575358411230935,0.4585751
B2A,636280c73d.jpg,0.7650346286449649,0.31001976
B2A,636d76c49a.jpg,0.8507462088459123,0.31217048
B2A,6376737353.jpg,0.7734487799867446,0.42017856
B2A,6376c3ffa5.jpg,0.7341701036621566,0.53840965
B2A,6379773e3f.jpg,0.6440181730206975,0.42623
B2A,637a28f9cf.jpg,0.8609934837409073,0.38809416
B2A,638093f853.jpg,0.8321501129705664,0.3729284
B2A,6383f39af4.jpg,0.6752358585587346,0.42111978
B2A,63959943dd.jpg,0.5150257960531913,0.5674596
B2A,639ed4c744.jpg,0.6892243880876505,0.3398901
B2A,63a0582761.jpg,0.8053683424262289,0.3686225
B2A,63b4aeae20.jpg,0.7012168592460235,0.45777315
B2A,63b6bc086c.jpg,0.6983527959139195,0.45230398
B2A,63bf7ae1cf.jpg,0.7431819708206749,0.33491334
B2A,63d194e1df.jpg,0.901919817274537,0.29938808
B2A,63e007e789.jpg,0.7443199571209772,0.4130015
B2A,63e73c1dc9.jpg,0.7854369341101408,0.38477
B2A,63e885e644.jpg,0.7459816967243796,0.38835824
B2A,63f6cea734.jpg,0.8005596861717352,0.5214027
B2A,63fef59198.jpg,0.5839073032979056,0.43145815
B2A,6401c2d6c0.jpg,0.7117501615186864,0.2994544
B2A,6417787af0.jpg,0.8039409569941699,0.5199481
B2A,6421360d4f.jpg,0.5537481845789876,0.57414144
B2A,64247b3eb5.jpg,0.8446699905951307,0.31229308
B2A,6431f96d10.jpg,0.7553017267656694,0.4450946
B2A,64356423f2.jpg,0.6278945799627147,0.46273315
B2A,6438b04e89.jpg,0.9100687379040047,0.30871654
B2A,643916e05b.jpg,0.7201991061068811,0.5267444
B2A,64397cbb62.jpg,0.7959081821671933,0.37595615
B2A,6440dd45f8.jpg,0.8005522301967869,0.48682147
B2A,6444bc3ca4.jpg,0.5950441930470294,0.4043296
B2A,6447774e95.jpg,0.6365575224813632,0.61182535
B2A,6457f79ca3.jpg,0.7123351196261146,0.6891079
B2A,646da34032.jpg,0.7540381773461872,0.4210572
B2A,64813f537a.jpg,0.7827867909307764,0.431506
B2A,6493077860.jpg,0.7961056653590733,0.29713625
B2A,649df99535.jpg,0.6866443644871764,0.72357595
B2A,64a519abd0.jpg,0.7784938372997993,0.44870383
B2A,64bd39e960.jpg,0.7953310382338744,0.32462603
B2A,64c68d0aa3.jpg,0.8966032575055055,0.31004345
B2A,64c6b6a511.jpg,0.735152077154767,0.32161117
B2A,64cf019733.jpg,0.8479293829445486,0.31644624
B2A,64d0a7acf2.jpg,0.750844142329659,0.5364007
B2A,64d362378f.jpg,0.6816030719819809,0.41087168
B2A,64e21dfda0.jpg,0.7641511508918835,0.32209954
B2A,64ee7530ff.jpg,0.7800711737617685,0.34319863
B2A,64f06b5ceb.jpg,0.7444496223357323,0.45827493
B2A,64fcd56944.jpg,0.8522148045004878,0.285489
B2A,6533b9656e.jpg,0.6296071851318563,0.53912
B2A,65344ad883.jpg,0.6220041202771825,0.62578994
B2A,653774f59a.jpg,0.7301111492246875,0.5236808
B2A,654dce0bc5.jpg,0.6839079977625578,0.4325087
B2A,6558098202.jpg,0.7063884770829784,0.613881
B2A,6561bd46ba.jpg,0.745082161053534,0.44495478
B2A,657337796d.jpg,0.8464966763391819,0.47932717
B2A,657a1ebe3d.jpg,0.5373095723004888,0.3927913
B2A,657bf0b295.jpg,0.8560039316033184,0.30743578
B2A,657d970481.jpg,0.7518025689871485,0.3467595
B2A,65881ff201.jpg,0.8238686676299944,0.33896345
B2A,6589904ec0.jpg,0.7328750531984743,0.45979768
B2A,65a09899f8.jpg,0.7530440544300998,0.4735047
B2A,65a6d3e7e2.jpg,0.7613605606335038,0.44086346
B2A,65ba65db68.jpg,0.6766667950146726,0.41441968
B2A,65cf11fe0e.jpg,0.8202257066122486,0.4929263
B2A,65e0307c38.jpg,0.6876435516156477,0.41442132
B2A,65e1c3f768.jpg,0.64960299454414,0.37747416
B2A,65eb33194f.jpg,0.816413066466314,0.418835
B2A,65f48bdd36.jpg,0.651810681496309,0.44640404
B2A,65ff1c4226.jpg,0.5640132089884634,0.6230032
B2A,660a638976.jpg,0.7180479456275596,0.42480946
B2A,661aadc417.jpg,0.9032763281734226,0.17792669
B2A,661d51efae.jpg,0.6706162841295865,0.46527585
B2A,662c5c4ff4.jpg,0.8134213827390178,0.3265894
B2A,6635a31ee1.jpg,0.8103967631780579,0.44480664
B2A,66361eea70.jpg,0.8362392194497374,0.3779298
B2A,6639b516d5.jpg,0.6395555807187624,0.43467623
B2A,663b9a1924.jpg,0.699372185609714,0.30071825
B2A,66488583ab.jpg,0.7693129523605604,0.36279696
B2A,664b161ecc.jpg,0.614975697756034,0.54930335
B2A,667c0fd61b.jpg,0.8429406504942175,0.37358254
B2A,6690a30a29.jpg,0.6079336204959086,0.5319147
B2A,66ad36a8d6.jpg,0.7100137969389989,0.38101637
B2A,66af3aa4b1.jpg,0.5898673909599688,0.39268017
B2A,66b54569e6.jpg,0.7771066888102953,0.43646985
B2A,66cb408c30.jpg,0.7434994629196634,0.3397134
B2A,66db0fe6b4.jpg,0.6769246629316908,0.38289672
B2A,66dbf73abc.jpg,0.7435180338975667,0.32843453
B2A,66e71841a4.jpg,0.8932039054514294,0.33200696
B2A,66f8456cb7.jpg,0.7517285670367695,0.39167595
B2A,6700b4b7bb.jpg,0.8651021276238334,0.37084717
B2A,670d9aa07f.jpg,0.7436249385976031,0.40774742
B2A,670dbb29d1.jpg,0.7689649667172364,0.3279001
B2A,6717eca3cc.jpg,0.7150387219360334,0.6375811
B2A,6728f4bba7.jpg,0.8437646175084579,0.33283302
B2A,6731de7cdc.jpg,0.6911302457441282,0.4069988
B2A,6736ee186d.jpg,0.7831352273868125,0.5517459
B2A,674bf68b95.jpg,0.7480282030951885,0.48490024
B2A,674c25f70e.jpg,0.7404781619630655,0.36919725
B2A,6751643b4b.jpg,0.698349194504772,0.5074288
B2A,675e6b6065.jpg,0.7337650053857677,0.44615477
B2A,675eb73e32.jpg,0.8025332127034733,0.48545384
B2A,676a38fcf2.jpg,0.6383963938900206,0.4080984
B2A,676d2377ea.jpg,0.772890001620337,0.3636135
B2A,67811f844f.jpg,0.818993011350722,0.41148537
B2A,6798a2a50d.jpg,0.7319548117377976,0.42462215
B2A,679f2b8c09.jpg,0.7977591069181081,0.33805916
B2A,67ad9f90eb.jpg,0.8977805537856387,0.3103634
B2A,67ae13d8fd.jpg,0.6175271481666347,0.5563642
B2A,67b03b9ae6.jpg,0.8578847438793623,0.352361
B2A,67b2023cdc.jpg,0.8360943239845994,0.34615934
B2A,67b303bc1f.jpg,0.5904833166458555,0.4326504
B2A,67bf2caa0d.jpg,0.7899174163684518,0.39523187
B2A,67cb59fe1b.jpg,0.7135792607348161,0.5003104
B2A,67d30c5976.jpg,0.6733833549435502,0.46776274
B2A,67e82318a8.jpg,0.6789360963309096,0.43284935
B2A,67fa0b1fff.jpg,0.6934805640068151,0.5502384
B2A,67ffae436a.jpg,0.583272966879076,0.37555662
B2A,680e403ee6.jpg,0.6386738602633937,0.47257394
B2A,68161f940a.jpg,0.781098547370991,0.44261175
B2A,681747f03e.jpg,0.6854142622727316,0.26883054
B2A,681949c029.jpg,0.8013336378050664,0.42825007
B2A,681df42505.jpg,0.6330502690363542,0.43188626
B2A,682e0844c2.jpg,0.8723536197012354,0.4731881
B2A,6836334767.jpg,0.5782453282508111,0.54644793
B2A,683ff91f55.jpg,0.617265511045939,0.48663962
B2A,684690671a.jpg,0.8072807740466603,0.3940992
B2A,684be8790c.jpg,0.6705111583940334,0.4593088
B2A,685174f022.jpg,0.6739950653913908,0.4412018
B2A,6852f4cb2d.jpg,0.653185470542625,0.46341
B2A,685923a424.jpg,0.8489369335606145,0.32017204
B2A,68730b2016.jpg,0.735488625844879,0.41637433
B2A,687cd30117.jpg,0.8088001303959235,0.34073505
B2A,6884abf5fe.jpg,0.8620276579928837,0.35657385
B2A,6887ee7059.jpg,0.6942315719385508,0.38333753
B2A,688fd65571.jpg,0.7891346040621497,0.32337677
B2A,689273b092.jpg,0.6344838987491651,0.4047436
B2A,68a0fd8800.jpg,0.821225396080344,0.32987744
B2A,68b8b35955.jpg,0.7977221665561773,0.39341426
B2A,68d3757ce1.jpg,0.9141454215368836,0.3667193
B2A,68d785f0cb.jpg,0.6483079515295269,0.4320128
B2A,68e40889bf.jpg,0.8514274042977487,0.35934633
B2A,68e93f1dd4.jpg,0.5839957315201707,0.4870406
B2A,68f7232a89.jpg,0.6303350858394159,0.37622762
B2A,6915fdb4e2.jpg,0.5846285544013532,0.44438398
B2A,692b29e496.jpg,0.8199021797519854,0.3478949
B2A,692d2be632.jpg,0.6450329566006521,0.5365025
B2A,6932043ee0.jpg,0.7189777854311902,0.55552244
B2A,693415a29b.jpg,0.7744279906329671,0.3529946
B2A,69552238b4.jpg,0.8479138110527666,0.3026603
B2A,695755652f.jpg,0.6858073890143767,0.35226506
B2A,6957a4b495.jpg,0.7327694863915443,0.3271351
B2A,6960ca7470.jpg,0.701582283133012,0.43752176
B2A,6960d1ca6a.jpg,0.7247434691348021,0.47432256
B2A,696803e17c.jpg,0.6761558200948397,0.4034162
B2A,696f56514d.jpg,0.632654644019983,0.5073181
B2A,6970d5e39a.jpg,0.8453915522041594,0.38305962
B2A,697a7cac68.jpg,0.5304472268892194,0.41328937
B2A,6987bc04a8.jpg,0.7867541412785032,0.39958164
B2A,69a48c1703.jpg,0.8645946102156644,0.26047233
B2A,69ae5108fc.jpg,0.6572351152714282,0.455846
B2A,69b2d90a15.jpg,0.7424538681675688,0.53960675
B2A,69b411b727.jpg,0.5837933286743578,0.384104
B2A,69b590e268.jpg,0.7638339186844024,0.5110611
B2A,69ba3dbcbe.jpg,0.9029884790409884,0.35892338
B2A,69bc2bf220.jpg,0.7728324555992224,0.46776053
B2A,69c3dba202.jpg,0.7026165368590018,0.4217115
B2A,69c50db73f.jpg,0.6577559082764556,0.4589013
B2A,69c5eb1184.jpg,0.6333845740243682,0.47502032
B2A,69ce40e8bd.jpg,0.7985991370188871,0.48571685
B2A,69cf4ee0c1.jpg,0.7147934772515913,0.54803836
B2A,69e5be6684.jpg,0.7131536605134297,0.5174126
B2A,69ea18eac3.jpg,0.531876783282702,0.5724813
B2A,69ff61709e.jpg,0.8022345763676737,0.39288205
B2A,6a0a168174.jpg,0.6942680141405769,0.5302431
B2A,6a0c1b662f.jpg,0.6741567721187071,0.41544282
B2A,6a19d6ed16.jpg,0.6024553424242696,0.36607918
B2A,6a1aea3e32.jpg,0.6748436564841936,0.41943765
B2A,6a24142aad.jpg,0.7041020450370563,0.5503646
B2A,6a3a6192c0.jpg,0.7346886444117767,0.41626734
B2A,6a4d3daafe.jpg,0.6108983650786826,0.53943455
B2A,6a4fe6590b.jpg,0.6361528333753748,0.49452817
B2A,6a55ec45aa.jpg,0.8278003516344101,0.3791222
B2A,6a5b3e97df.jpg,0.75164899598479,0.5194872
B2A,6a62792333.jpg,0.775965795184491,0.46254703
B2A,6a6fb64128.jpg,0.7055342271199846,0.6346683
B2A,6a75bc4fce.jpg,0.7172230198372473,0.32136658
B2A,6a95e80280.jpg,0.7856245882944387,0.39467987
B2A,6a9634ff0e.jpg,0.8100221151807669,0.36037716
B2A,6aa027975d.jpg,0.7777380544768414,0.31749025
B2A,6ab55e39e3.jpg,0.8835254448814784,0.34169805
B2A,6ab607ca91.jpg,0.47923433523068787,0.4228987
B2A,6ac584cbb4.jpg,0.6569592558532308,0.48361027
B2A,6ac922afab.jpg,0.7251373369095075,0.35086524
B2A,6ae1292f67.jpg,0.6940419275123978,0.3377434
B2A,6afc612209.jpg,0.6745220972208592,0.58932704
B2A,6b04d109cf.jpg,0.5766934326961907,0.37203842
B2A,6b240d89b8.jpg,0.7352965545004393,0.40892467
B2A,6b25e23139.jpg,0.7799841465568428,0.36586663
B2A,6b3e7692a0.jpg,0.7047749178677878,0.5558576
B2A,6b47c83dad.jpg,0.8714029489088214,0.36332512
B2A,6b53db36ed.jpg,0.815164394431154,0.46338624
B2A,6b61c7852e.jpg,0.8091094529257633,0.373514
B2A,6b66f3c48a.jpg,0.6205686398746196,0.5072403
B2A,6b6b85cd53.jpg,0.6959352022323511,0.5770885
B2A,6b6e1046b8.jpg,0.8605473064861338,0.3260061
B2A,6b70c93481.jpg,0.7859135566146094,0.47843662
B2A,6b7172639a.jpg,0.7568480509914326,0.349592
B2A,6b87a7b5dc.jpg,0.837099664298495,0.4292851
B2A,6b87dc38dc.jpg,0.6146713820082798,0.5440605
B2A,6b910e1321.jpg,0.5153742801485559,0.554027
B2A,6ba72ca483.jpg,0.6501732140690796,0.48718327
B2A,6bb4d6273a.jpg,0.7644606964038335,0.39312944
B2A,6bc014d8ea.jpg,0.7802463268133626,0.4026611
B2A,6bc2744034.jpg,0.819768372659393,0.38009843
B2A,6bc4af390a.jpg,0.8459707155730855,0.38980106
B2A,6bc7d64fb6.jpg,0.8134503662139964,0.36413983
B2A,6bc8104d76.jpg,0.5548743304014077,0.7004007
B2A,6bcd8876a4.jpg,0.739094551973853,0.46378097
B2A,6bcea12f74.jpg,0.8200114462688577,0.38261005
B2A,6be0fc09a5.jpg,0.5907173988657779,0.38564754
B2A,6bf0976dae.jpg,0.7211899378653731,0.40453982
B2A,6c0f6804c5.jpg,0.7410156742634294,0.39844483
B2A,6c19b70453.jpg,0.8565953589658475,0.30976987
B2A,6c1d743ded.jpg,0.7029791081800773,0.30292255
B2A,6c1f308e02.jpg,0.6972335604088377,0.43906614
B2A,6c28209b0b.jpg,0.7612542524581749,0.5160499
B2A,6c37caaa86.jpg,0.6636196986290522,0.39577886
B2A,6c38e65dd9.jpg,0.782617562400891,0.2827423
B2A,6c5fb319c2.jpg,0.48910695004434934,0.62485105
B2A,6c650608d2.jpg,0.4569296690121225,0.7121689
B2A,6c66f26b82.jpg,0.8197532796976118,0.32144624
B2A,6c77b100ea.jpg,0.6537603414603245,0.61595726
B2A,6c7b92564c.jpg,0.6551377862309569,0.6194737
B2A,6c7bd28db6.jpg,0.7825249140956839,0.607694
B2A,6c7e5b0199.jpg,0.7433809625340294,0.36549446
B2A,6c8aec68c1.jpg,0.8351377932738936,0.3671923
B2A,6c8c8234e4.jpg,0.6023030713106026,0.63377035
B2A,6c9c20101d.jpg,0.7040503089762429,0.2963128
B2A,6cad5acca6.jpg,0.8554710668214934,0.29083514
B2A,6cada09ad0.jpg,0.8202716774296549,0.35896897
B2A,6cb683712d.jpg,0.6020664941107483,0.6270639
B2A,6cb7a4d1c0.jpg,0.7213228768114281,0.43000606
B2A,6cc9ba090d.jpg,0.7374153041557596,0.41661394
B2A,6cdb4ae67d.jpg,0.7186089356480843,0.43785578
B2A,6cf14b58ac.jpg,0.6103086524892999,0.6857341
B2A,6d21dd8e8a.jpg,0.7392887500606319,0.41643593
B2A,6d2db478f1.jpg,0.7624065387558807,0.31132284
B2A,6d366256a0.jpg,0.7705574369961862,0.40852022
B2A,6d43871d17.jpg,0.7303068229754615,0.38363802
B2A,6d4cd97a65.jpg,0.6536898425882459,0.3744047
B2A,6d4ed509c4.jpg,0.6789885916665935,0.32876402
B2A,6d59401909.jpg,0.36758518935599754,0.65280014
B2A,6d6717a60d.jpg,0.6474151584060247,0.3719676
B2A,6d6bc1579a.jpg,0.8357645559750492,0.36327577
B2A,6d75effae7.jpg,0.5308665161329243,0.5107801
B2A,6d76ac5983.jpg,0.7327640632152416,0.3742569
B2A,6d76db2739.jpg,0.78032575230242,0.29610938
B2A,6d8ac0ab87.jpg,0.7094501082553114,0.44002673
B2A,6d8ff7415d.jpg,0.6305565784759495,0.44063073
B2A,6da5f24eb5.jpg,0.674207400743525,0.37202027
B2A,6da926571e.jpg,0.8489476183210176,0.24916741
B2A,6db9d90f11.jpg,0.7389434051437663,0.41079086
B2A,6dc8ab590e.jpg,0.7055356830332611,0.68616414
B2A,6dce9829bb.jpg,0.7805598869823516,0.46870264
B2A,6dcf799703.jpg,0.8064668150888888,0.37471008
B2A,6ddc86d0e4.jpg,0.785588068988362,0.39411694
B2A,6dee6d02d8.jpg,0.65964034419753,0.37395617
B2A,6df48d411c.jpg,0.5532859610812338,0.48349503
B2A,6dfff386db.jpg,0.7878745472210139,0.36019617
B2A,6e09fe8d32.jpg,0.7640457848201919,0.52602845
B2A,6e13b2f9b4.jpg,0.8099555532070454,0.3651045
B2A,6e17babca8.jpg,0.7597910866773085,0.4473933
B2A,6e2493f8d4.jpg,0.4613943121431724,0.48018312
B2A,6e2c4451e5.jpg,0.5937452480860292,0.5790253
B2A,6e3c226e32.jpg,0.7422754032432679,0.45302677
B2A,6e3e179ef8.jpg,0.8321670937481951,0.3862794
B2A,6e57dbfe6f.jpg,0.6070602637521273,0.56770074
B2A,6e5cd72d3c.jpg,0.7747646663914122,0.3061529
B2A,6e656030a0.jpg,0.629202867339595,0.46396872
B2A,6e68264904.jpg,0.6635668918459078,0.5272592
B2A,6e72f8ad6c.jpg,0.7561609360734955,0.4792473
B2A,6e84325bee.jpg,0.6040057792635964,0.35776758
B2A,6e89ef391e.jpg,0.6777484070519,0.35419893
B2A,6e8ec08b46.jpg,0.8331476165936132,0.36896652
B2A,6e924c87a3.jpg,0.6012907370103568,0.34588885
B2A,6e9f6935ce.jpg,0.7634487280937304,0.4256048
B2A,6ea4aef23e.jpg,0.7126625227550863,0.4208941
B2A,6ebd91c7e5.jpg,0.7197153170300554,0.4841317
B2A,6ebfe9870b.jpg,0.6140059752867773,0.37762016
B2A,6ec425bb69.jpg,0.6595200901824041,0.52804536
B2A,6ecc2d49cf.jpg,0.6284045838963758,0.40215695
B2A,6ed8cb6c73.jpg,0.8073434844445989,0.23896733
B2A,6edee61a9e.jpg,0.5190832511212857,0.4767275
B2A,6ee301dfa6.jpg,0.7791527638827461,0.46875578
B2A,6ee4e3cfa0.jpg,0.5214478381056373,0.50935924
B2A,6ee582ddd3.jpg,0.8553531643016302,0.5168617
B2A,6ef0e038c4.jpg,0.7154789039701003,0.38901117
B2A,6efbef83a2.jpg,0.7637020536559759,0.42737663
B2A,6f28a81391.jpg,0.7316362280108993,0.44127852
B2A,6f2bf952a9.jpg,0.6935330436763248,0.40246063
B2A,6f40f67816.jpg,0.6640777917147095,0.3579545
B2A,6f48326e10.jpg,0.8362071853943502,0.5566107
B2A,6f48f32192.jpg,0.8142021561757684,0.50045884
B2A,6f5bf1e36c.jpg,0.6748785049888222,0.5711671
B2A,6f5ef8ad57.jpg,0.8680743850783372,0.4081993
B2A,6f68219972.jpg,0.6717427972895308,0.6548124
B2A,6f6d82abff.jpg,0.5170340375806504,0.4489746
B2A,6f7564d1a0.jpg,0.7228153924666156,0.5112644
B2A,6f77237bfc.jpg,0.5004308922479475,0.5033072
B2A,6f8cb591c0.jpg,0.8492034165156771,0.5213766
B2A,6f8d0b8187.jpg,0.6082712028659296,0.6433072
B2A,6f8e3c9a8b.jpg,0.82053960605741,0.42949855
B2A,6f923ef327.jpg,0.72162220248143,0.4057459
B2A,6f947d7eac.jpg,0.6211774743859102,0.4995774
B2A,6fadc7344f.jpg,0.827346571632097,0.35663095
B2A,6fc20169b5.jpg,0.7206774745726764,0.5893518
B2A,6fc42ec979.jpg,0.784786076261026,0.3256632
B2A,6fc6fa664f.jpg,0.8714058892529029,0.4365274
B2A,6fd27b0261.jpg,0.8969331028996612,0.38549304
B2A,6fd58bb7ed.jpg,0.5417154017236162,0.3817254
B2A,6fd674c2bc.jpg,0.71103883001815,0.5428902
B2A,6feaf858bb.jpg,0.5183376579892144,0.51559997
B2A,6ff650cc01.jpg,0.8852717346994676,0.22009377
B2A,6ff926036b.jpg,0.6581140816688635,0.42074317
B2A,7007638c04.jpg,0.8940363085266809,0.3008804
B2A,7018cf5472.jpg,0.8332459751000917,0.26661134
B2A,7023e05153.jpg,0.5180468185271413,0.5951407
B2A,7041df8f8d.jpg,0.7111691082321339,0.4888419
B2A,7048682787.jpg,0.7117038257187653,0.42827404
B2A,7056c4d0c9.jpg,0.8251195634171049,0.4376379
B2A,7058938d2d.jpg,0.6132797230705924,0.46947742
B2A,70688893ff.jpg,0.7101139488473003,0.39893317
B2A,7095de0c05.jpg,0.7135288168514077,0.53196883
B2A,709c87be1e.jpg,0.6591926807102506,0.48871356
B2A,70a6584991.jpg,0.8573410480267994,0.34421137
B2A,70adc33191.jpg,0.8279877577511825,0.38566136
B2A,70b1293521.jpg,0.3386870322520417,0.6747111
B2A,70bbdc328b.jpg,0.7971658962221635,0.53342044
B2A,70bfad4fb3.jpg,0.8807322987760229,0.36045158
B2A,70c35d97fa.jpg,0.6276991367445037,0.7584147
B2A,70c4ba13c5.jpg,0.7708445924168856,0.5070623
B2A,70c5926990.jpg,0.6066445188699456,0.37606716
B2A,70d01a9f18.jpg,0.6932508018749218,0.42113167
B2A,70d2dd3347.jpg,0.7575424498477039,0.44327012
B2A,70e1a9d5d0.jpg,0.7191555355577116,0.37966365
B2A,70f83908f4.jpg,0.5508533316400361,0.59208786
B2A,710afec54e.jpg,0.844998739286055,0.4097777
B2A,710dddaa53.jpg,0.7895670012546023,0.31952754
B2A,710ff8d371.jpg,0.6668319556964252,0.44065914
B2A,711bdf7e70.jpg,0.7150905915434986,0.3273493
B2A,711e41a40a.jpg,0.7472604804933798,0.53101724
B2A,7124e69590.jpg,0.8111890733590065,0.35162124
B2A,7128cb2ee3.jpg,0.5492154811047316,0.5884183
B2A,7140fb929c.jpg,0.8623044040922073,0.3900691
B2A,714de5bcda.jpg,0.6553003981189237,0.616604
B2A,716437e0a0.jpg,0.6259242377039996,0.5628264
B2A,71697466d8.jpg,0.8733731693655672,0.3803324
B2A,716981b92d.jpg,0.8474335639807251,0.43917257
B2A,717bc1fc72.jpg,0.6361604408894892,0.5839426
B2A,718b15a998.jpg,0.8730384367284227,0.28618369
B2A,71990c1992.jpg,0.8414774304644538,0.34095755
B2A,71a1688eec.jpg,0.7546661319643673,0.49217576
B2A,71ab7757d1.jpg,0.7210489799094247,0.30013502
B2A,71b9dfc246.jpg,0.7302819665869701,0.39923924
B2A,71c9f21e69.jpg,0.6481976925576363,0.47332567
B2A,71cd818b43.jpg,0.7239240760338319,0.31821793
B2A,71cde4e6b9.jpg,0.8060781214681482,0.4317662
B2A,71d0f6d808.jpg,0.6216861841191947,0.37485522
B2A,71d92823a7.jpg,0.7985624563550056,0.42193562
B2A,71e2160bc2.jpg,0.6769535513293272,0.38278326
B2A,71eb79bec9.jpg,0.7182028259240472,0.33824593
B2A,71f375fd61.jpg,0.8687468973361975,0.37034845
B2A,71f38526e3.jpg,0.7315884030577219,0.43721145
B2A,71f84e59d9.jpg,0.5117741043641806,0.4086778
B2A,71fbc6fd17.jpg,0.6586271360387,0.4962949
B2A,71feaf01d5.jpg,0.6306762787758008,0.47300056
B2A,720358ea9a.jpg,0.7497939284696816,0.50828105
B2A,7207f4dfb5.jpg,0.6667714659995814,0.4283444
B2A,720b03538d.jpg,0.7810700349277541,0.33154157
B2A,720b65616c.jpg,0.6650012353103161,0.48163348
B2A,720b79fcc2.jpg,0.580041205770133,0.62299526
B2A,721f26a1d5.jpg,0.5429785294164041,0.77542573
B2A,721fb86cc5.jpg,0.5431625835623367,0.61058426
B2A,7226160b9d.jpg,0.8014847207861422,0.34590685
B2A,722cb1e56d.jpg,0.7740054513850279,0.3374301
B2A,7232765c25.jpg,0.6983451490144393,0.40262005
B2A,723451df4f.jpg,0.6600277930445068,0.44470933
B2A,7234b91e34.jpg,0.7328734231047588,0.5142572
B2A,7237fc1604.jpg,0.8283771783029581,0.3500889
B2A,723d373aa3.jpg,0.6726177802252582,0.4196275
B2A,7241d2c3d9.jpg,0.7697141575274073,0.3470246
B2A,7261ec35d2.jpg,0.7330701234008303,0.45885187
B2A,72669a9943.jpg,0.7358224052871384,0.392312
B2A,72812baf6e.jpg,0.628866632594265,0.44202808
B2A,7283cfab05.jpg,0.7643495386523574,0.5800534
B2A,728ea2432b.jpg,0.6584968039258969,0.52312636
B2A,7293694fa1.jpg,0.6890338319759737,0.41540322
B2A,72984fac2b.jpg,0.7538977911271835,0.37238476
B2A,72a4736675.jpg,0.6806110122451521,0.3962848
B2A,72a601d8f0.jpg,0.7735673550049083,0.3519249
B2A,72c7727920.jpg,0.7465410182816169,0.39360255
B2A,72d3a41349.jpg,0.8002306570166718,0.42233396
B2A,72d466fe84.jpg,0.599904838194622,0.51832056
B2A,72e16d5fbd.jpg,0.7380523214422144,0.41737217
B2A,72e448ba0d.jpg,0.6731945493831905,0.4429884
B2A,72f617be7d.jpg,0.8459465302472803,0.549192
B2A,730f4d3c17.jpg,0.6993816244970099,0.42684796
B2A,7310d880f1.jpg,0.7156182866208103,0.4771443
B2A,731ebe59e9.jpg,0.5739864326634126,0.6435952
B2A,73222f682f.jpg,0.6781508013642115,0.4698975
B2A,73256f9bc4.jpg,0.9067374682369711,0.42907643
B2A,7325a1d7d0.jpg,0.6829675960716455,0.7578396
B2A,732a9c8c6b.jpg,0.6964599135728045,0.5093524
B2A,732becb4d6.jpg,0.645307222849074,0.57278645
B2A,7333f63f5c.jpg,0.8293896494551816,0.27257544
B2A,7336afe63d.jpg,0.7344929921241441,0.41163325
B2A,73433b9176.jpg,0.7516996070521996,0.4142203
B2A,7347d4c64e.jpg,0.7538762593218374,0.26944584
B2A,734c1c2cb7.jpg,0.7730897295344326,0.33664322
B2A,734f9967b1.jpg,0.7451842093423582,0.3481233
B2A,7354bcca29.jpg,0.6908095836483136,0.40592894
B2A,736aca548d.jpg,0.7791208764665987,0.47394976
B2A,73849ee3fd.jpg,0.7475696021875902,0.36336306
B2A,7386076f73.jpg,0.8306159867099427,0.35480866
B2A,738cc4553d.jpg,0.9142540566277427,0.3357395
B2A,739659d0c4.jpg,0.7658218806143847,0.42113855
B2A,739b765f02.jpg,0.6330150429486956,0.5235996
B2A,73a7bab2d5.jpg,0.7315044448088199,0.49298096
B2A,73ae5bd0e4.jpg,0.6713749817853921,0.3100685
B2A,73b60d1a3f.jpg,0.7453827457553066,0.43922344
B2A,73bc721c0c.jpg,0.601986564775805,0.38794214
B2A,73bdd8ab24.jpg,0.6841073541882854,0.4182159
B2A,73c083aefc.jpg,0.7759622187520776,0.32649308
B2A,73d0951809.jpg,0.6469824763857408,0.5189165
B2A,73d23b9664.jpg,0.7673480739871628,0.32770154
B2A,73e426eb88.jpg,0.617777788558795,0.5383598
B2A,73eb34dde6.jpg,0.822072935413703,0.42256433
B2A,73eed9e6c8.jpg,0.7550559106326639,0.3850598
B2A,73effc2726.jpg,0.7349461780313653,0.43700302
B2A,73f1c501ae.jpg,0.7316469045676881,0.4556218
B2A,73ffa6505c.jpg,0.6903540280520792,0.29958463
B2A,740e5eeb86.jpg,0.7319612517656124,0.5663249
B2A,74342f9fbe.jpg,0.7776525279078622,0.4030665
B2A,743d265ef2.jpg,0.6468319567306114,0.4228466
B2A,7444113e88.jpg,0.743354606156739,0.36622572
B2A,7448a942f2.jpg,0.646732882882116,0.4657975
B2A,7450949ae7.jpg,0.7564956652409165,0.3806936
B2A,745612e6f4.jpg,0.7173668319471057,0.40656286
B2A,745d4137b7.jpg,0.8278096459658449,0.33835
B2A,746f2cd1d2.jpg,0.8581681863328404,0.30127558
B2A,74875545e6.jpg,0.6848215777224167,0.49106458
B2A,748d5a0ab8.jpg,0.7548314404873971,0.3289641
B2A,748e1a440c.jpg,0.7761204020474971,0.33408046
B2A,7491908057.jpg,0.7594844836394944,0.37291658
B2A,749222e6d6.jpg,0.6010334561350179,0.32801452
B2A,74a47c4bf0.jpg,0.8377231747848998,0.39308858
B2A,74a537f1c6.jpg,0.7063837285125112,0.3629447
B2A,74aea007fa.jpg,0.6391413890803918,0.42374605
B2A,74c1b398ad.jpg,0.9275187580035347,0.29189244
B2A,74cc091e10.jpg,0.611674229213589,0.5403122
B2A,74d0ac959c.jpg,0.7632065506413268,0.34886363
B2A,74d406c90e.jpg,0.46168947411185174,0.38049817
B2A,74e1d0f495.jpg,0.765024476137348,0.38198882
B2A,74f3bf7113.jpg,0.7206835680953824,0.40728354
B2A,74f3c01037.jpg,0.741513804010082,0.35583323
B2A,74f46669b2.jpg,0.5480004990071284,0.59922117
B2A,7500111c43.jpg,0.7602612485601354,0.33660787
B2A,750111ec4f.jpg,0.7584950177761162,0.41983306
B2A,7504776c00.jpg,0.9161842388394166,0.29324263
B2A,750d38f7fb.jpg,0.647782102375419,0.61769354
B2A,7517680fdc.jpg,0.6515027128684108,0.6166685
B2A,7524651de3.jpg,0.6300760836188011,0.38871083
B2A,7533dedc3a.jpg,0.6327748281034483,0.4823151
B2A,7542d63fe4.jpg,0.7330426498996175,0.35323143
B2A,754324f8f4.jpg,0.6023186948653422,0.30766883
B2A,7550e074f1.jpg,0.6686427306555731,0.4496922
B2A,7552fc948e.jpg,0.8360997200999378,0.47073492
B2A,7556df8481.jpg,0.49930436272534273,0.42361945
B2A,755af1c3a4.jpg,0.5719432986199349,0.5303326
B2A,7567cc9f18.jpg,0.7859952147077971,0.37820187
B2A,756f63c794.jpg,0.8197582450187099,0.40606162
B2A,7571b0e8bb.jpg,0.8296319327938713,0.38006556
B2A,75720815fb.jpg,0.7408647989053763,0.65153134
B2A,7588e6d09e.jpg,0.7643989448407231,0.3589779
B2A,75942c4668.jpg,0.727899740166636,0.4775287
B2A,7594f0f494.jpg,0.5645834418130181,0.3082856
B2A,75979a026b.jpg,0.8021722471588959,0.28483343
B2A,759dcb713c.jpg,0.422624650445243,0.5059222
B2A,75aafd3f82.jpg,0.7712226073060715,0.47858706
B2A,75ae690a9b.jpg,0.7226737731572869,0.49005625
B2A,75aeffdcf8.jpg,0.698445225513399,0.39661908
B2A,75b200e2f2.jpg,0.6733318842283619,0.4074274
B2A,75c89b8f5e.jpg,0.6266603052671249,0.3841376
B2A,75c92b7fca.jpg,0.7127878469811529,0.39814717
B2A,75ce72e60d.jpg,0.8769445649416935,0.2886894
B2A,761d963561.jpg,0.6719430998935286,0.377888
B2A,7622bccb99.jpg,0.842321508961495,0.36412656
B2A,76354e710e.jpg,0.4933717926598459,0.5617304
B2A,76461faf34.jpg,0.7866886972674787,0.38196066
B2A,7659aebdef.jpg,0.7208072015594397,0.46100742
B2A,7664753e1a.jpg,0.6445948163660584,0.41439238
B2A,76665f40b9.jpg,0.8311368562605116,0.50485766
B2A,7669df8ee6.jpg,0.7253682111784628,0.3992536
B2A,7679305237.jpg,0.8273778602361465,0.36554676
B2A,768650ced7.jpg,0.7121122283376238,0.5584422
B2A,7689871557.jpg,0.6804156511587263,0.31155822
B2A,768c95d325.jpg,0.8394963174747938,0.37223417
B2A,76916c1438.jpg,0.49828024983260805,0.5351427
B2A,76a03653aa.jpg,0.8064875630556751,0.36761674
B2A,76a510b033.jpg,0.690701905954757,0.532399
B2A,76a75521fa.jpg,0.602699523858115,0.46759623
B2A,76b398536a.jpg,0.6926279561513075,0.5620543
B2A,76c2eea825.jpg,0.7923525914037463,0.43880302
B2A,76ceecc865.jpg,0.6311245331062381,0.3744387
B2A,76edc30013.jpg,0.7146768333277872,0.45355222
B2A,76ef022161.jpg,0.7137778392622499,0.3974834
B2A,76f978fec2.jpg,0.6527920707760152,0.5206377
B2A,7703813883.jpg,0.671829243774539,0.5121948
B2A,77102d5829.jpg,0.7424635954996911,0.58008343
B2A,7727666e8d.jpg,0.6558175488650433,0.39577687
B2A,772787cb7c.jpg,0.8426177983122641,0.29020172
B2A,7729898908.jpg,0.6360356801498345,0.5517495
B2A,774082dd9e.jpg,0.7491434547531522,0.31650782
B2A,77419070a6.jpg,0.5023645877586871,0.5215107
B2A,774f853b60.jpg,0.7567732955586117,0.37558854
B2A,7750286d66.jpg,0.8122954761778909,0.39125597
B2A,77573ba17e.jpg,0.8410572874449637,0.2867036
B2A,7759594268.jpg,0.7346754083221508,0.41695046
B2A,776a168a2e.jpg,0.6913222107416012,0.35522568
B2A,776b0e0213.jpg,0.6218833833731822,0.36817223
B2A,776dbabcb1.jpg,0.7755725049588351,0.47936696
B2A,776e857956.jpg,0.6987061309054475,0.31810206
B2A,77740b1ba2.jpg,0.7032528157397075,0.38907462
B2A,777e0d9afc.jpg,0.6143632710622267,0.42559397
B2A,777f896f3b.jpg,0.8433817258201739,0.43538415
B2A,778a55d424.jpg,0.7669415306587948,0.44337693
B2A,77a2df3751.jpg,0.7516157970716099,0.40012103
B2A,77a6d1f419.jpg,0.7707062784361736,0.44227573
B2A,77b1ed8168.jpg,0.8954716182289102,0.3821023
B2A,77b8c928ae.jpg,0.8275374629463738,0.32709843
B2A,77c637c87c.jpg,0.7749576311294808,0.41986486
B2A,77c63d6765.jpg,0.8851642056424021,0.43341228
B2A,77cc149318.jpg,0.49400846334856924,0.62254685
B2A,77d268dafa.jpg,0.7500368333225003,0.34404784
B2A,77d27a89f3.jpg,0.7926813438763319,0.40743858
B2A,77d554c049.jpg,0.758594893191096,0.36853355
B2A,77d9910a45.jpg,0.7828988664415238,0.3311307
B2A,77dcb3f91c.jpg,0.7739528622240731,0.51092845
B2A,77e77fd4d9.jpg,0.7694596785372257,0.5536292
B2A,77e82445c9.jpg,0.8473866704884165,0.4368133
B2A,7801bb9581.jpg,0.4874301831630325,0.5868939
B2A,7805d03ce4.jpg,0.6961708857234115,0.39394984
B2A,7807bdaae8.jpg,0.7328674978455858,0.5550305
B2A,781764cd26.jpg,0.558394852662582,0.4838234
B2A,78216eacbb.jpg,0.7631884884451007,0.37678543
B2A,78233f97ed.jpg,0.7448399455348996,0.35458583
B2A,7827929b12.jpg,0.5507840610203382,0.48418668
B2A,7828416c2b.jpg,0.7974338047744273,0.366759
B2A,7838b0b023.jpg,0.7177485370489951,0.3073606
B2A,7870db5306.jpg,0.829844771110973,0.31170136
B2A,7881e712fb.jpg,0.4897119073641391,0.51294696
B2A,7885b18fe7.jpg,0.608751200310219,0.5348114
B2A,7885f87ccd.jpg,0.7704155913630499,0.34985748
B2A,788782c439.jpg,0.6083900784929948,0.45634615
B2A,7888781c57.jpg,0.6375931381462583,0.46962303
B2A,788e9005c2.jpg,0.7164522158594027,0.49345058
B2A,78969b7789.jpg,0.7478711902555613,0.44494748
B2A,789c663ce2.jpg,0.7015050227704382,0.29184327
B2A,789d474691.jpg,0.7269063003809862,0.34939614
B2A,789fe43c3b.jpg,0.7362990805124311,0.35137308
B2A,78b260b084.jpg,0.55836324006675,0.4395204
B2A,78b3c9e843.jpg,0.755425622941209,0.40046558
B2A,78b7b08af3.jpg,0.708302312452912,0.42670637
B2A,78ba4238cb.jpg,0.7751805324667671,0.3020782
B2A,78ce4c4608.jpg,0.5862363649609506,0.3298574
B2A,78d517ae49.jpg,0.6662297296068247,0.51744765
B2A,78f2b2e678.jpg,0.6848499561209052,0.38089624
B2A,78f6992d04.jpg,0.6612267442383256,0.61317533
B2A,78fcba3055.jpg,0.7578090471022543,0.5116019
B2A,79109e8c61.jpg,0.750239624007903,0.39556158
B2A,7913d3ab4b.jpg,0.5439325973205379,0.49164364
B2A,7926b2a5bd.jpg,0.608094713416075,0.35343975
B2A,79419a7227.jpg,0.7227291051698067,0.35737872
B2A,7965d8c651.jpg,0.7059844683874255,0.49803215
B2A,796c7e723b.jpg,0.731402444091348,0.3184921
B2A,79733e8783.jpg,0.7424475773672783,0.38287392
B2A,797adf61af.jpg,0.854540850186521,0.35776943
B2A,797e703d91.jpg,0.6606684658389267,0.4686723
B2A,7980d5b29a.jpg,0.7539474877853495,0.34890115
B2A,7981b8e217.jpg,0.7977269397454178,0.39416254
B2A,799d7e401d.jpg,0.6403126223877854,0.49023476
B2A,79a49efeb3.jpg,0.8329064649034563,0.32343805
B2A,79a5164707.jpg,0.7740441074059673,0.40130708
B2A,79ab6fdc8e.jpg,0.7680505173851256,0.31366178
B2A,79b9d8bfb5.jpg,0.726178132372144,0.4834066
B2A,79c459542d.jpg,0.7391168341849931,0.40641654
B2A,79dc9b3fc8.jpg,0.8537116076930564,0.37569845
B2A,79dd5cd9b8.jpg,0.7988583714919704,0.47215593
B2A,79e4e783df.jpg,0.841221009692422,0.320108
B2A,79f08e8403.jpg,0.7906892694208231,0.37889102
B2A,7a06011cda.jpg,0.7455405192726822,0.36400798
B2A,7a16ecde25.jpg,0.6919987053091627,0.37863243
B2A,7a21514dd6.jpg,0.5976946345170646,0.43131953
B2A,7a235d7c2e.jpg,0.701968298242506,0.34495464
B2A,7a317ade8c.jpg,0.6384487895689137,0.43773794
B2A,7a384aae43.jpg,0.842260556175076,0.3886974
B2A,7a41220ce3.jpg,0.7277608126776227,0.38611776
B2A,7a4248c339.jpg,0.7951870606483624,0.38372296
B2A,7a4936b4d3.jpg,0.7942031468983212,0.29768103
B2A,7a50f1f877.jpg,0.811771247565483,0.34141627
B2A,7a672fc939.jpg,0.735400988821288,0.33373284
B2A,7a67d01ecb.jpg,0.7274311016933245,0.35591045
B2A,7a790425a3.jpg,0.7479737728648296,0.34151834
B2A,7a7c8a41da.jpg,0.7594520518669221,0.45230198
B2A,7a7c978501.jpg,0.6806357916951921,0.58560985
B2A,7a89081006.jpg,0.8078129225688752,0.36168182
B2A,7a92dc3b48.jpg,0.7898439968913898,0.41232416
B2A,7a938425d7.jpg,0.5275518701936386,0.63595986
B2A,7a9c9957a2.jpg,0.817978739713684,0.5238409
B2A,7adce96691.jpg,0.5977571401029638,0.39162028
B2A,7ade5f17b6.jpg,0.8114649563749936,0.5080299
B2A,7ae14d0df4.jpg,0.6818960433167226,0.42364088
B2A,7ae24e7c92.jpg,0.7177103315753965,0.54350686
B2A,7ae27065e4.jpg,0.5148822508032135,0.57488185
B2A,7aec020dba.jpg,0.6734577041919503,0.36544362
B2A,7aef765d7c.jpg,0.8223875874486609,0.29333064
B2A,7afb68c270.jpg,0.7638602996366635,0.4262174
B2A,7b2c14d64c.jpg,0.7870272590425104,0.44107673
B2A,7b2df8fad8.jpg,0.7018287265213972,0.4647238
B2A,7b2e948dd2.jpg,0.8864904255777689,0.4749134
B2A,7b38a10760.jpg,0.7780133771160145,0.35859388
B2A,7b3dcfc234.jpg,0.718609099500175,0.46199635
B2A,7b42fe0738.jpg,0.7392254224206668,0.4688203
B2A,7b4f952cda.jpg,0.9251509722695871,0.2844523
B2A,7b563f3da5.jpg,0.7460828761570873,0.38896203
B2A,7b58d64ffe.jpg,0.6668894896443744,0.59435135
B2A,7b6c956002.jpg,0.7986897689547194,0.32781518
B2A,7b78d025c5.jpg,0.783363756898345,0.50121236
B2A,7b7a60c254.jpg,0.7529538233275622,0.40001443
B2A,7b7def398f.jpg,0.7317353890979876,0.3858386
B2A,7b8226f09f.jpg,0.7511135689369073,0.5245016
B2A,7b8bc9e046.jpg,0.6384527378046948,0.67652947
B2A,7b8e783020.jpg,0.6031469791455608,0.47492772
B2A,7b95afc20a.jpg,0.7930845069963155,0.39009866
B2A,7b9b6563a7.jpg,0.7801439556252833,0.40935558
B2A,7bb4e1593a.jpg,0.56361958827533,0.4204448
B2A,7bb60f2e2d.jpg,0.6539656521500969,0.52943003
B2A,7bbd0f8f52.jpg,0.8846843999600836,0.386756
B2A,7bc83c1b56.jpg,0.7171423520288474,0.26576275
B2A,7bdf9996ea.jpg,0.8731215682420985,0.42154527
B2A,7be0db443f.jpg,0.707888702602462,0.46297362
B2A,7be0dc51f4.jpg,0.6636680563305059,0.47262105
B2A,7be0f69dcb.jpg,0.7998743366702546,0.3424489
B2A,7bf5288c2b.jpg,0.636406167122085,0.40393502
B2A,7c008f564f.jpg,0.6585371065134741,0.3357736
B2A,7c0124f967.jpg,0.8833470148465752,0.33334488
B2A,7c0461f641.jpg,0.7694896487104669,0.48044562
B2A,7c049eff70.jpg,0.7838689823360963,0.40260756
B2A,7c0c7a783b.jpg,0.6398792546252358,0.39736006
B2A,7c0d9a98f6.jpg,0.5709137371242288,0.59209716
B2A,7c10f3f57f.jpg,0.7835695786137528,0.46146062
B2A,7c1125ebeb.jpg,0.6842594259020872,0.39679804
B2A,7c1218f676.jpg,0.6377975610525357,0.5224368
B2A,7c15235fb8.jpg,0.8111637012744188,0.38504693
B2A,7c156b004d.jpg,0.7224632863668843,0.44564795
B2A,7c1d7c9aa3.jpg,0.7146944498860471,0.36936736
B2A,7c1f2ef952.jpg,0.7585105788040752,0.34499052
B2A,7c1fcdc180.jpg,0.7853268773586254,0.4363688
B2A,7c25e34189.jpg,0.6113147710397959,0.42411
B2A,7c384a7ede.jpg,0.6041128289222738,0.6522815
B2A,7c3b2c256c.jpg,0.5746707771787113,0.57967186
B2A,7c3ee3e388.jpg,0.7377474050408152,0.36818007
B2A,7c3fbdac59.jpg,0.6886031662264267,0.41379872
B2A,7c4766fb03.jpg,0.7870735617972279,0.43416715
B2A,7c5d962322.jpg,0.7806592643180665,0.57447875
B2A,7c63c281ef.jpg,0.7006020250118573,0.43575862
B2A,7c68ca1865.jpg,0.8238027901485312,0.36537838
B2A,7c68ccf32f.jpg,0.726521801941148,0.4875192
B2A,7c6ab18691.jpg,0.4515951963546047,0.6490153
B2A,7c6cf5181a.jpg,0.6405837593922135,0.39725354
B2A,7c79a1e83e.jpg,0.718326165253824,0.40034193
B2A,7c872ca222.jpg,0.5657119412104544,0.60050756
B2A,7c955126e8.jpg,0.7197035401623891,0.51528907
B2A,7c9a4f10b2.jpg,0.7365691404156283,0.35572937
B2A,7c9af80795.jpg,0.7599862286290187,0.47446108
B2A,7cb0522881.jpg,0.600118048136619,0.52730924
B2A,7cb0db442a.jpg,0.8516162187207333,0.44104624
B2A,7cb82fa990.jpg,0.8103008132958639,0.46277645
B2A,7cbf0363dd.jpg,0.7359532626524499,0.45603633
B2A,7cc41853c4.jpg,0.6568131947521354,0.3626917
B2A,7ccec75d11.jpg,0.7083106980571892,0.3179686
B2A,7cd2ad5db4.jpg,0.7085547073761953,0.40006387
B2A,7cd7629560.jpg,0.6588647342615744,0.47434533
B2A,7cda318854.jpg,0.682054537298125,0.4037976
B2A,7cdd5a8c97.jpg,0.7308395374620786,0.49495026
B2A,7ce956f84e.jpg,0.7650803133910923,0.29386726
B2A,7cf3257fe1.jpg,0.6989952076167102,0.33754647
B2A,7cf972ca4e.jpg,0.589542509625417,0.44072038
B2A,7d0b63d4d1.jpg,0.7862920217191425,0.42745703
B2A,7d11bc4bb1.jpg,0.8305256647827027,0.3540023
B2A,7d14ae2c83.jpg,0.8005464833474364,0.4975032
B2A,7d1867e979.jpg,0.6336056204421648,0.37760824
B2A,7d33e5e3ac.jpg,0.7849614888551009,0.32412297
B2A,7d3556655c.jpg,0.6168676424061638,0.46501085
B2A,7d438b5b3e.jpg,0.787820790167079,0.39743224
B2A,7d4e10f395.jpg,0.7273942907261786,0.37423554
B2A,7d65234f6f.jpg,0.5480719639076307,0.52776754
B2A,7d696fbb2f.jpg,0.7872235854197835,0.48734558
B2A,7d6dc43485.jpg,0.7454894554865384,0.36009765
B2A,7d71d359f0.jpg,0.6812752632000308,0.34355816
B2A,7d72c4ba28.jpg,0.7532616541167382,0.4700047
B2A,7d7556d1dd.jpg,0.8144801870779839,0.43450266
B2A,7d7d58cea7.jpg,0.5382707130601073,0.58736706
B2A,7d8abbfdbd.jpg,0.7422720938777089,0.4988287
B2A,7d940c442d.jpg,0.8144445296756369,0.37696454
B2A,7d95240653.jpg,0.812589570942635,0.44495177
B2A,7da4680104.jpg,0.7009994874817049,0.42548388
B2A,7db236abe0.jpg,0.5909346158535906,0.60365295
B2A,7dca327fe8.jpg,0.6316038801669652,0.53708816
B2A,7dcb0d04e3.jpg,0.7274029835644543,0.52268755
B2A,7dd8b4a45b.jpg,0.5195000221702373,0.6260681
B2A,7de01293ea.jpg,0.7051913724548041,0.39194757
B2A,7dfb072885.jpg,0.8198760426543974,0.4034922
B2A,7e2519dcf1.jpg,0.6431254115026851,0.51578057
B2A,7e26c9f22d.jpg,0.7749672219329409,0.38410607
B2A,7e2ad883dd.jpg,0.7735061867033829,0.44215602
B2A,7e2e2533ee.jpg,0.824829421057661,0.3380191
B2A,7e304fd432.jpg,0.6348285764532786,0.303796
B2A,7e37685707.jpg,0.6418036764779266,0.38471395
B2A,7e3c9753d2.jpg,0.7624350982238958,0.47478062
B2A,7e6b458841.jpg,0.7754338434714646,0.41174975
B2A,7e77e7ff01.jpg,0.7535172603577519,0.44169092
B2A,7e83030c67.jpg,0.8361302707263369,0.36401117
B2A,7e838e4c19.jpg,0.6223177535918285,0.6181693
B2A,7e889d8813.jpg,0.5057831692847093,0.5068124
B2A,7e8e158ba5.jpg,0.7191394878565829,0.5035287
B2A,7e91553d4c.jpg,0.666712822037667,0.5774394
B2A,7e947e8473.jpg,0.6047205847126637,0.55005985
B2A,7ea12ecf5b.jpg,0.722391755958509,0.34393775
B2A,7ea8555873.jpg,0.4757822863814198,0.57916564
B2A,7eb9a0d805.jpg,0.6892700425298615,0.51663876
B2A,7ebc0b2351.jpg,0.7286069461595751,0.39670455
B2A,7ebcd7c679.jpg,0.6235545391767235,0.48275667
B2A,7ec20e8b9a.jpg,0.6006187543013147,0.40347984
B2A,7ede634def.jpg,0.6316341230026989,0.5508139
B2A,7edf7ca60d.jpg,0.5183692534614672,0.8264998
B2A,7ef4f1446b.jpg,0.7805105622031873,0.45559296
B2A,7f019e5373.jpg,0.757192491061666,0.36791772
B2A,7f02d9fa8f.jpg,0.696654271815326,0.5814506
B2A,7f12c1cca1.jpg,0.8094895610800747,0.4112344
B2A,7f299427bb.jpg,0.6460630268159929,0.37198246
B2A,7f324200d3.jpg,0.6772045921851978,0.51735544
B2A,7f43e66a43.jpg,0.7691097690383164,0.4593226
B2A,7f4e8f04c5.jpg,0.5843222364944555,0.58118874
B2A,7f59dbd120.jpg,0.8783422806915727,0.38033056
B2A,7f60fd12e1.jpg,0.7786754625671434,0.3156531
B2A,7f640e04dc.jpg,0.6664860881795157,0.4602286
B2A,7f78a7aa8c.jpg,0.7788102983200562,0.33784196
B2A,7f7f9dcc20.jpg,0.7743218009773825,0.30062872
B2A,7f9ac1520f.jpg,0.6700815691544683,0.39185753
B2A,7fa151a456.jpg,0.5640966632818557,0.5143337
B2A,7fa2d1f946.jpg,0.6762331663173996,0.45255744
B2A,7fa318179b.jpg,0.7382059055215178,0.40719163
B2A,7fa6e56ff7.jpg,0.8092173305020361,0.39930028
B2A,7fb0f42377.jpg,0.7579482438536947,0.47467613
B2A,7fb171451a.jpg,0.657576134805297,0.6420698
B2A,7fb1cad955.jpg,0.6576258115457996,0.2910344
B2A,7fb9eff147.jpg,0.7506725271089298,0.3841095
B2A,7fc9c15d6c.jpg,0.6902865522724947,0.31234235
B2A,7fd24aaafe.jpg,0.5900279682353323,0.5235262
B2A,7fe10b4018.jpg,0.7317195082758376,0.49182242
B2A,7fe3df6004.jpg,0.7726219476174471,0.40514085
B2A,7ff003370d.jpg,0.6764930707712108,0.41025424
B2A,7ff8dfa2ee.jpg,0.6293104879791347,0.46980536
B2A,7ffc13fa6c.jpg,0.6183693033799275,0.7054776
B2A,80056780a6.jpg,0.834995837300166,0.39170232
B2A,802eeb0575.jpg,0.7425295698789911,0.36870638
B2A,803918db32.jpg,0.8788269705564362,0.37563354
B2A,803cdfa30d.jpg,0.594334807328814,0.55544895
B2A,8040facbe6.jpg,0.7007700411285729,0.41482586
B2A,80504a22b9.jpg,0.8016736941317628,0.49927294
B2A,805cc692e2.jpg,0.6270491823205209,0.48001635
B2A,805d252a48.jpg,0.7315673406280224,0.44367114
B2A,806723cc78.jpg,0.8285370800174322,0.27037767
B2A,806806cb9a.jpg,0.7956180642041775,0.47821096
B2A,806bcffeb8.jpg,0.857859992107702,0.35743952
B2A,807412a8c6.jpg,0.7679533853862777,0.56747943
B2A,80ae498dc4.jpg,0.6304422355957803,0.4672722
B2A,80bdb3ebb3.jpg,0.9017023299758576,0.23603955
B2A,80c662984e.jpg,0.5976107386492279,0.38142788
B2A,80c7bd98c6.jpg,0.8034873269711376,0.29186615
B2A,80cb714bef.jpg,0.8336299550091465,0.6568874
B2A,80e9db68d7.jpg,0.6961253406561342,0.43314803
B2A,80f21f8d80.jpg,0.7047733218528126,0.41529295
B2A,80f94c28a2.jpg,0.621328668734811,0.52903056
B2A,80f9a9d388.jpg,0.5104731290437361,0.5039968
B2A,8101ece7f2.jpg,0.733099690897638,0.35796762
B2A,8102f2aa02.jpg,0.8401337257112662,0.26883262
B2A,8107391f58.jpg,0.5665337785956427,0.43539494
B2A,81167cf39f.jpg,0.794023183477192,0.38157886
B2A,811d974e6d.jpg,0.7431048977598312,0.4708943
B2A,811f8878b8.jpg,0.7833356828202942,0.49988645
B2A,81212b5fb3.jpg,0.7384764496757017,0.47124875
B2A,812c304d83.jpg,0.6154373688582105,0.6328943
B2A,81389aa2a9.jpg,0.8400588030782795,0.43249905
B2A,81598667e6.jpg,0.6602801638951209,0.37267554
B2A,8159e774de.jpg,0.6473429474990826,0.5303928
B2A,815a938f69.jpg,0.790840965953355,0.32775876
B2A,815ab85a6e.jpg,0.7520847336849836,0.40761703
B2A,816320a79c.jpg,0.7210506873037821,0.57818735
B2A,816941fe05.jpg,0.7903706173795003,0.33855313
B2A,816cf329c2.jpg,0.7399459848841937,0.3031737
B2A,8173072883.jpg,0.6561981443755216,0.47683793
B2A,817699d6f7.jpg,0.8022564419124136,0.417948
B2A,8178110f5e.jpg,0.7492767585481873,0.37853473
B2A,8195d86c30.jpg,0.8331227875254054,0.3793095
B2A,819ced9dae.jpg,0.7607536305597147,0.34844545
B2A,81a3f846ba.jpg,0.8818105114992838,0.4187769
B2A,81a5890567.jpg,0.5991112450521677,0.37365705
B2A,81ac7dcf8c.jpg,0.7772805852335561,0.3508162
B2A,81acc80772.jpg,0.7166403733559471,0.3574343
B2A,81c035fb44.jpg,0.8090770181645801,0.41555417
B2A,81c57f7151.jpg,0.63471296550715,0.5629442
B2A,81ce13c3df.jpg,0.7717492353182347,0.40522313
B2A,81da4f11ed.jpg,0.7312057704973766,0.346864
B2A,81ea0e81ce.jpg,0.7042857710339422,0.38938546
B2A,81ed4d9ff3.jpg,0.6291635922438243,0.49312574
B2A,81fb53e37a.jpg,0.38143246843491996,0.5446653
B2A,81ff0aefc6.jpg,0.7629773910732034,0.3876338
B2A,82040426b5.jpg,0.6731375511806161,0.7590728
B2A,8220d80950.jpg,0.5971800408052453,0.5859857
B2A,822552115b.jpg,0.7376906792072405,0.37752402
B2A,822947ecb1.jpg,0.6983706223289746,0.43893167
B2A,82367ab4d2.jpg,0.6574561946077943,0.49209654
B2A,8248de6066.jpg,0.6988730413927166,0.35771835
B2A,824bed3f95.jpg,0.7675954710974712,0.43143356
B2A,82634a2ae8.jpg,0.77206197330423,0.38642874
B2A,82693740f1.jpg,0.5911542099521522,0.74379843
B2A,8277fe2e16.jpg,0.7420299821545757,0.39984578
B2A,827d49d009.jpg,0.8486265538101464,0.2882298
B2A,8296beac40.jpg,0.7508411742430083,0.338292
B2A,829836a509.jpg,0.6273424764447192,0.548292
B2A,8298b9a8d8.jpg,0.6570299775775817,0.466048
B2A,829903c6c6.jpg,0.6526060987034077,0.50118357
B2A,82af83a14d.jpg,0.7139946955210155,0.42562723
B2A,82b669c385.jpg,0.6451062374431402,0.4206016
B2A,82bef71a05.jpg,0.5797098329443511,0.39634597
B2A,82c327e9d4.jpg,0.6184671075430604,0.5700432
B2A,82decad964.jpg,0.552745099752201,0.5643601
B2A,82e260b45d.jpg,0.7981056499189233,0.37901962
B2A,82e41780fb.jpg,0.602484394765229,0.6228196
B2A,82e82a8357.jpg,0.8082866818492096,0.36027324
B2A,82eed08641.jpg,0.776472914464153,0.42478892
B2A,82f5266958.jpg,0.7313593189401258,0.5027461
B2A,82fcbee767.jpg,0.8429119727468634,0.39109012
B2A,8304fdf299.jpg,0.7069190990191787,0.59074485
B2A,830926071b.jpg,0.5553428390633063,0.5932218
B2A,8309cebb11.jpg,0.8127955671363846,0.3226762
B2A,830d6a9af8.jpg,0.7057655169388102,0.43441048
B2A,8310e4a528.jpg,0.7542343978192917,0.34756774
B2A,831831cd60.jpg,0.4719128420712228,0.55805284
B2A,833684a09f.jpg,0.708580240512638,0.43836743
B2A,8340918985.jpg,0.856862243619603,0.3022458
B2A,834324b28d.jpg,0.6176288647986015,0.59175044
B2A,834d25dc3a.jpg,0.6119783518742672,0.46472207
B2A,835bec911b.jpg,0.6928292781891819,0.38607943
B2A,8369977ac5.jpg,0.8842055914323523,0.3543588
B2A,8371a80fc5.jpg,0.6307358472438774,0.4009872
B2A,838707bb83.jpg,0.5246021098787177,0.69619197
B2A,83871aecf1.jpg,0.8087957373439981,0.37527385
B2A,839167629f.jpg,0.7510925011311687,0.38320026
B2A,8399fa40c0.jpg,0.7607359680059744,0.45818
B2A,83a22608d9.jpg,0.5979423249926115,0.4268545
B2A,83b450115e.jpg,0.8021049656694527,0.32829008
B2A,83b513a9f5.jpg,0.7593228614922704,0.38993183
B2A,83b5cb7823.jpg,0.7712449783950954,0.35577607
B2A,83ca4e5d68.jpg,0.6317433604415731,0.5705944
B2A,83cf828aa6.jpg,0.8146640063399793,0.44965947
B2A,83d2597f51.jpg,0.6788879488106023,0.37083775
B2A,83e571e3af.jpg,0.6056213363143678,0.5054921
B2A,83e9d62ff0.jpg,0.6681201026588192,0.5267216
B2A,83ed90d1d7.jpg,0.6955691876950417,0.3943056
B2A,83f5024bcd.jpg,0.757439310495027,0.32383877
B2A,83f55b4d2e.jpg,0.7618191897411444,0.3996268
B2A,83f5a65548.jpg,0.8723696010727545,0.29180685
B2A,83f6286883.jpg,0.3521817036171804,0.6135915
B2A,8400927e5f.jpg,0.8590506650354691,0.35197437
B2A,840a22679d.jpg,0.7102214186448919,0.49225026
B2A,8410764670.jpg,0.6946281087710788,0.33431685
B2A,8417b9ba5d.jpg,0.7388683887713331,0.44217113
B2A,842796e8dd.jpg,0.8059159141167948,0.3809818
B2A,84356275c7.jpg,0.7496710958617349,0.43588194
B2A,843b6f2a18.jpg,0.8763133963377163,0.46863168
B2A,843d7a0966.jpg,0.654074800951514,0.4888721
B2A,843f66f77e.jpg,0.6846207013162838,0.4852029
B2A,84484a24e0.jpg,0.7107313676352731,0.5509231
B2A,84553b740b.jpg,0.7249255752035086,0.46296293
B2A,84637eb98b.jpg,0.7862993967058136,0.30321392
B2A,8474d317e3.jpg,0.7319940143492323,0.42348605
B2A,847da6b705.jpg,0.5565237255384178,0.5263251
B2A,8480e5bae2.jpg,0.8157745110569703,0.39779127
B2A,849b958fa3.jpg,0.7483399428472193,0.30656815
B2A,849d054ce5.jpg,0.7134592956093155,0.5422816
B2A,84acf0ee3f.jpg,0.5363934805845737,0.5935589
B2A,84c2400c39.jpg,0.7677849008335954,0.3617487
B2A,84c4d10f39.jpg,0.8287165316891689,0.28611907
B2A,84cae20e39.jpg,0.7478981575968185,0.42725915
B2A,84cb45938b.jpg,0.6519755856516577,0.5470861
B2A,84cd781c32.jpg,0.6530049653050952,0.42110786
B2A,84dad4b872.jpg,0.7543081986412703,0.5342286
B2A,84df271806.jpg,0.6405155207073593,0.5372018
B2A,84ee633e7a.jpg,0.8069076560151239,0.3424514
B2A,84f1a78c0a.jpg,0.6432246159399451,0.47014946
B2A,84f5b38537.jpg,0.6968987276318003,0.48031813
B2A,84fd2747e7.jpg,0.784188743832264,0.38775644
B2A,85011baf6a.jpg,0.6121443041117426,0.49938416
B2A,850cb18db0.jpg,0.7941566917047885,0.46785548
B2A,8511eb45e8.jpg,0.755346929194516,0.43552944
B2A,851c2742d9.jpg,0.8077756132424982,0.2561062
B2A,8526c7d445.jpg,0.6403832832320686,0.7191167
B2A,852771e943.jpg,0.7274776674541202,0.55158377
B2A,8527919cc8.jpg,0.6594785739437962,0.6403157
B2A,852ced6303.jpg,0.8597590193544543,0.3377092
B2A,85377f86af.jpg,0.5289466900420137,0.4723069
B2A,8562b1ef80.jpg,0.6927988867400146,0.40828645
B2A,8565668373.jpg,0.8087883585971322,0.44301036
B2A,8574055650.jpg,0.6912167041148957,0.40916926
B2A,8576320b13.jpg,0.7479839837061378,0.36104977
B2A,8584d4b75f.jpg,0.6185235907085151,0.43211162
B2A,8593b23e01.jpg,0.7567155506808804,0.4304366
B2A,8597aec3c1.jpg,0.6803840593213255,0.6452954
B2A,8598af15a5.jpg,0.6571929494676448,0.4831283
B2A,85b3353572.jpg,0.8385204481578837,0.2882464
B2A,85d1493cb9.jpg,0.7525883411166749,0.39325193
B2A,85d4c7d44e.jpg,0.8558794924964318,0.37714386
B2A,860986c993.jpg,0.7418045179678154,0.35282415
B2A,8609912dd5.jpg,0.7631027621600703,0.3497346
B2A,8610a242cf.jpg,0.5553780462305634,0.61636865
B2A,86146960bc.jpg,0.7071796350500593,0.75872004
B2A,86149e3c8a.jpg,0.7966173200309073,0.42221248
B2A,8623f11b69.jpg,0.766076539730366,0.3905288
B2A,8635c1c560.jpg,0.7271694024802443,0.3028997
B2A,8656e512bc.jpg,0.5789281044236613,0.44277734
B2A,866ca5455c.jpg,0.619023276993327,0.573483
B2A,8676768de2.jpg,0.7547384441403361,0.41982412
B2A,86777200f8.jpg,0.7090267897001127,0.4862306
B2A,868b7d7c85.jpg,0.8437149491294996,0.41363928
B2A,868fdaaa01.jpg,0.6367295278077112,0.47438478
B2A,86913ad2d6.jpg,0.7940812340919504,0.2751913
B2A,869e7e9177.jpg,0.82564730005874,0.42541152
B2A,869f7517fb.jpg,0.862490436411621,0.44296107
B2A,86a8147985.jpg,0.5820846295160648,0.59913045
B2A,86b0a365e5.jpg,0.627077028974194,0.4318253
B2A,86c26de778.jpg,0.7647004979148133,0.28936124
B2A,86c699eff0.jpg,0.814694527681171,0.4098845
B2A,86cb9f2483.jpg,0.7508107485093501,0.35334006
B2A,86d8a1d9ba.jpg,0.7377082743598772,0.4730241
B2A,86e66ceaf1.jpg,0.6787134886478412,0.5090482
B2A,86ecbea286.jpg,0.6672118255194073,0.6510904
B2A,86f8a2e90f.jpg,0.6447499733151523,0.42496735
B2A,86f9aceace.jpg,0.6138998504100373,0.4570888
B2A,87016c0800.jpg,0.5241010734693866,0.44474727
B2A,8705ef9d26.jpg,0.722518527276703,0.51068085
B2A,87139410be.jpg,0.6572177232296391,0.39736596
B2A,8728db54dc.jpg,0.7971994116301374,0.2743759
B2A,8738881ad2.jpg,0.7977533889233076,0.42245123
B2A,873e430467.jpg,0.6917080794466753,0.42373967
B2A,87483aa57b.jpg,0.9173989977408534,0.5283887
B2A,875b07f673.jpg,0.7498917754431182,0.37951234
B2A,87673f1feb.jpg,0.8206360677414788,0.5032792
B2A,877501f570.jpg,0.7206193918678859,0.45679712
B2A,8783576bd7.jpg,0.7194730019665327,0.37268898
B2A,878f3c49e1.jpg,0.5614777343434667,0.41768065
B2A,8795783436.jpg,0.7485442590896522,0.32619977
B2A,87991ccf48.jpg,0.6293763156031749,0.443366
B2A,87a4e88d93.jpg,0.5387017591043474,0.5089422
B2A,87a97f497a.jpg,0.7588933285663441,0.4371649
B2A,87cc143c4d.jpg,0.7053311652475774,0.47567296
B2A,87cdccc1ec.jpg,0.7145067691412922,0.2636535
B2A,87dbe31f97.jpg,0.5796869981231074,0.35362452
B2A,87dec6234c.jpg,0.554729911525652,0.40313914
B2A,87e1ce5b0e.jpg,0.7865668005349118,0.38433397
B2A,87e821d849.jpg,0.8545560309007196,0.3102985
B2A,87edc083e0.jpg,0.6018764271347925,0.59518296
B2A,87f1d5e9a7.jpg,0.6098774327423264,0.41469195
B2A,8802d98b14.jpg,0.6585786079234606,0.41939068
B2A,8802f617cf.jpg,0.5762299668398704,0.5721439
B2A,8803b67dfb.jpg,0.6092637626758242,0.4492446
B2A,880c9f0f1c.jpg,0.7377439620030456,0.36306837
B2A,880e0f6c15.jpg,0.8554808672159743,0.30867904
B2A,880f24ca7d.jpg,0.6905224012056458,0.47342336
B2A,881359fdc7.jpg,0.6660397882822487,0.3952746
B2A,882ad01587.jpg,0.5839424214071416,0.40440497
B2A,882d8f1a40.jpg,0.8594380847603581,0.33945167
B2A,882fc1371a.jpg,0.6621027562202902,0.50894386
B2A,8833519aba.jpg,0.5422384799466213,0.55076677
B2A,883cda372c.jpg,0.8938153133642677,0.46149603
B2A,884d210d61.jpg,0.5883493663378877,0.6316154
B2A,88536f79ce.jpg,0.7328779739657422,0.43879864
B2A,885e53b9d5.jpg,0.6536072011403576,0.4819657
B2A,8868ba6b14.jpg,0.7884405940702923,0.3798217
B2A,888af43803.jpg,0.6303555358477166,0.43322384
B2A,88985ea668.jpg,0.7073763173023514,0.37845197
B2A,88a1e7af18.jpg,0.831044761827904,0.35637832
B2A,88b06853f1.jpg,0.7032724271938139,0.35335648
B2A,88bd59eca7.jpg,0.8078474098331072,0.2615289
B2A,88c8c49c36.jpg,0.7722654681327242,0.41148925
B2A,88ca143dc7.jpg,0.7481650910439229,0.5516071
B2A,88d3d38aed.jpg,0.5482932738253952,0.33710417
B2A,88eced0e8e.jpg,0.692720808739356,0.41038445
B2A,88f733fe78.jpg,0.5849974998160664,0.4302204
B2A,8914946e64.jpg,0.7714251113105848,0.43784496
B2A,891913c343.jpg,0.8759507995979029,0.26842067
B2A,8936c9c89c.jpg,0.7304566177215784,0.4297146
B2A,893f5b62a6.jpg,0.6167171508096627,0.5940744
B2A,89578c6353.jpg,0.7408222475170881,0.5388439
B2A,8973eff964.jpg,0.6674908963841812,0.54676443
B2A,898a35149a.jpg,0.7459702745917207,0.3957937
B2A,899b7f7521.jpg,0.5921568373853431,0.47895414
B2A,899e306a16.jpg,0.7208481075714582,0.28702554
B2A,899f4a9c68.jpg,0.5185864116723068,0.411428
B2A,89ab7af8ec.jpg,0.8772026320852245,0.29963255
B2A,89b5450ec4.jpg,0.7513535849359021,0.28792217
B2A,89c7dcd73a.jpg,0.7071896095308157,0.42403775
B2A,89ce60258b.jpg,0.8093459596547152,0.47720838
B2A,89deacf521.jpg,0.5994095501136897,0.5779057
B2A,8a01bb88d9.jpg,0.6009023329534607,0.55571574
B2A,8a09c3fbff.jpg,0.6267583257225539,0.46160483
B2A,8a0d049fdb.jpg,0.7264968380545684,0.4265657
B2A,8a38d33eb9.jpg,0.7639854783544202,0.31419078
B2A,8a4c8c7581.jpg,0.5936506559374813,0.48335767
B2A,8a68577ae9.jpg,0.6333161785900828,0.5839965
B2A,8a6a134b6e.jpg,0.730211794666308,0.29801494
B2A,8a6a17661a.jpg,0.7952163241937783,0.33683664
B2A,8a6f40ebc6.jpg,0.6443693059807758,0.68162704
B2A,8a70493b60.jpg,0.7468701785545817,0.4665752
B2A,8a7c211597.jpg,0.6858896721385193,0.6236493
B2A,8a8801feb9.jpg,0.6507453503128044,0.5356821
B2A,8a935bef79.jpg,0.7490144281950174,0.5183321
B2A,8a987f711b.jpg,0.6977569072733455,0.40389967
B2A,8a9d3ff7fa.jpg,0.630573977799624,0.5966829
B2A,8ab1eaa5f0.jpg,0.6829803713414191,0.45839566
B2A,8ae4265cd3.jpg,0.851057064163448,0.34144908
B2A,8ae8564344.jpg,0.6938150425442219,0.45244247
B2A,8af0546eb3.jpg,0.8120260973219494,0.5692423
B2A,8af291a241.jpg,0.7124228950206037,0.5572363
B2A,8afd46824b.jpg,0.7434882350716552,0.50446945
B2A,8afd5933d9.jpg,0.8512064657543192,0.31968918
B2A,8b10c7ce5b.jpg,0.7984607226857529,0.35177147
B2A,8b34d93323.jpg,0.6958449276580739,0.5454694
B2A,8b3830949d.jpg,0.6779856018433569,0.45816994
B2A,8b3fb4a823.jpg,0.8415127061956311,0.36176983
B2A,8b41c19587.jpg,0.5312012876976647,0.6653642
B2A,8b4acbb780.jpg,0.7801746273461786,0.42308313
B2A,8b554cd034.jpg,0.6405685344256336,0.3077724
B2A,8b62a7dd7a.jpg,0.6923123040074652,0.33130586
B2A,8b641a3afe.jpg,0.7044684044114075,0.42617244
B2A,8b6a8bf9f6.jpg,0.5516471699172721,0.5958872
B2A,8b6dd12ee0.jpg,0.6356795595010696,0.4822158
B2A,8b6f332ed2.jpg,0.7757779854664679,0.34536844
B2A,8b85d214a5.jpg,0.7284980783362898,0.36741877
B2A,8b8987492f.jpg,0.6380702345351206,0.52773225
B2A,8b8fc600dc.jpg,0.6224833793971322,0.5851634
B2A,8b997cbee6.jpg,0.6647332692590296,0.54812175
B2A,8bb6428221.jpg,0.5844412116394507,0.35804784
B2A,8bb91472c8.jpg,0.6934405557262476,0.32395008
B2A,8be1dad77a.jpg,0.7528343175948804,0.26205385
B2A,8be3f02dae.jpg,0.730263783120689,0.46236748
B2A,8be8d9c7fe.jpg,0.8384901759693709,0.32272625
B2A,8bf1c2db03.jpg,0.8683130817827286,0.37677062
B2A,8bfb3ef6f7.jpg,0.702318127187936,0.41831562
B2A,8bfc8d6970.jpg,0.8566545485003226,0.31116533
B2A,8c03f9790e.jpg,0.6375220231569142,0.50166523
B2A,8c1f68d7c0.jpg,0.5554205163856578,0.59111893
B2A,8c2dcd04ce.jpg,0.5743841319356405,0.37760326
B2A,8c38df7eda.jpg,0.9253622624247166,0.37521058
B2A,8c39fccc0c.jpg,0.7185131577451884,0.47234184
B2A,8c3f71bb3d.jpg,0.8015031171872073,0.53502476
B2A,8c5385298d.jpg,0.6854210469847243,0.2734339
B2A,8c56566f1b.jpg,0.7440707381143786,0.52685857
B2A,8c58319212.jpg,0.8756561978335299,0.3279862
B2A,8c587af1d9.jpg,0.7415700808377653,0.27542537
B2A,8c59a24ec4.jpg,0.7375904444931016,0.29548177
B2A,8c69c81d62.jpg,0.7216730523345882,0.7139777
B2A,8c6fe9b698.jpg,0.5076051054941095,0.5684337
B2A,8c7de9cb64.jpg,0.8046007169189964,0.33842826
B2A,8c81e05b8b.jpg,0.6444628483329272,0.43806615
B2A,8c8961cabb.jpg,0.6732529683324423,0.46140516
B2A,8c967453de.jpg,0.8299304201371883,0.3891225
B2A,8c97b5d5f3.jpg,0.6990705336427177,0.49086607
B2A,8c98a42872.jpg,0.7560327712179756,0.3347858
B2A,8c9b7944d9.jpg,0.6906181209392158,0.45180064
B2A,8c9da54f5e.jpg,0.7923518136195224,0.37491822
B2A,8cbb7fead2.jpg,0.7771066417829376,0.44376343
B2A,8cc036746a.jpg,0.8795249213317757,0.32281682
B2A,8cc1fedf0f.jpg,0.5943423028457219,0.5687294
B2A,8ccb1f6067.jpg,0.6934221016601249,0.33264267
B2A,8cefb5476f.jpg,0.6339355562230492,0.41948092
B2A,8cf1ff221a.jpg,0.6700211342513971,0.32542115
B2A,8cf3dc8532.jpg,0.6230321327519669,0.51350814
B2A,8d05da85a2.jpg,0.7117072828648857,0.5574648
B2A,8d1d0c152a.jpg,0.7316951417176515,0.43769306
B2A,8d297a6fba.jpg,0.5916820618749975,0.5753547
B2A,8d373e4f08.jpg,0.6972026637641661,0.4122509
B2A,8d395f773d.jpg,0.7430812651269347,0.37314856
B2A,8d398d8077.jpg,0.7126661232515057,0.5179503
B2A,8d4d305053.jpg,0.7228557725894135,0.40028462
B2A,8d511d593a.jpg,0.6984387543270171,0.5253016
B2A,8d7cc55987.jpg,0.7720179054499566,0.33113804
B2A,8d8535b155.jpg,0.7950902969355261,0.3429126
B2A,8d868ee80d.jpg,0.5225981913847368,0.57616043
B2A,8d8cf10470.jpg,0.6395601765791211,0.5668976
B2A,8da436b074.jpg,0.8512027382831432,0.6388169
B2A,8dac996304.jpg,0.5131355231921634,0.6193285
B2A,8db1c9c782.jpg,0.7029330160083987,0.37590158
B2A,8de4267ea0.jpg,0.7258445179915582,0.4460617
B2A,8defb17876.jpg,0.6476256318836533,0.34702927
B2A,8dfd4b4562.jpg,0.7789999039519222,0.387967
B2A,8e042bb3e6.jpg,0.7200611540556796,0.49983802
B2A,8e1472c0ac.jpg,0.6522868369517371,0.5871511
B2A,8e19cd143b.jpg,0.7083104311039825,0.6760247
B2A,8e218bbeee.jpg,0.7772179226205014,0.2739184
B2A,8e27c58e8b.jpg,0.8646909017863411,0.44107842
B2A,8e27cd8afb.jpg,0.7553781482822535,0.38132703
B2A,8e30baf5ae.jpg,0.7455083703168232,0.30282146
B2A,8e3b41a3a0.jpg,0.7768763032157591,0.36292195
B2A,8e3fd7ff09.jpg,0.5275576950096569,0.5233132
B2A,8e51d5867f.jpg,0.7762186634549537,0.43468553
B2A,8e6e5f8078.jpg,0.6984278862742661,0.43790582
B2A,8e79534b0c.jpg,0.682555653744791,0.44545302
B2A,8e876bd586.jpg,0.8640828797904782,0.36445925
B2A,8e95ef6636.jpg,0.7376620009689967,0.43914604
B2A,8ea3121111.jpg,0.5247053729768774,0.5476607
B2A,8ea33353d8.jpg,0.805196871892885,0.4602957
B2A,8eabde45df.jpg,0.797604858866882,0.48314062
B2A,8eaf38146d.jpg,0.6506071356475256,0.47637093
B2A,8ebecab630.jpg,0.6425092880614701,0.35966724
B2A,8ec934ab7a.jpg,0.600612623332496,0.30221474
B2A,8ed9adc2f8.jpg,0.7014485008560412,0.46427193
B2A,8edfe6d708.jpg,0.6556819624545189,0.5256265
B2A,8ee24544da.jpg,0.7231440719740103,0.4654503
B2A,8ef3c11446.jpg,0.776884930100562,0.3664242
B2A,8ef6d21430.jpg,0.6989662215525905,0.49764132
B2A,8ef84910a6.jpg,0.7688521722893557,0.39149374
B2A,8f0403e2cf.jpg,0.6498461904436275,0.47567737
B2A,8f0aa160cb.jpg,0.7195763844032768,0.5144397
B2A,8f250ece01.jpg,0.8066611176737634,0.5121189
B2A,8f2af16e7b.jpg,0.7932784232993048,0.351327
B2A,8f3be0fbeb.jpg,0.7822051906314881,0.4810099
B2A,8f564a0a48.jpg,0.7661998507169896,0.35717607
B2A,8f59672761.jpg,0.7396231319193981,0.4017083
B2A,8f62691292.jpg,0.8610145877363607,0.35519204
B2A,8f651ee326.jpg,0.6949926563927633,0.46537
B2A,8f67825151.jpg,0.5466415995449297,0.46741658
B2A,8f6daedb85.jpg,0.7592934108041741,0.4813188
B2A,8f78274408.jpg,0.6569247649596807,0.40402636
B2A,8f7bb4da8c.jpg,0.8372925788798263,0.4251474
B2A,8f8bdab0d3.jpg,0.7536282805425669,0.26130748
B2A,8f9c1bf59c.jpg,0.7189327483403759,0.4162424
B2A,8f9cc89fc1.jpg,0.6468111241479236,0.5667542
B2A,8fa21cc3ae.jpg,0.8468959158128454,0.38637525
B2A,8fbd39a41f.jpg,0.7109286852266548,0.29213807
B2A,8fbfe7bc3e.jpg,0.5916539621747323,0.49212438
B2A,8fc153c94e.jpg,0.8614962245215007,0.3725512
B2A,8fc1a3d804.jpg,0.8895276149412892,0.4209312
B2A,8fc60f7bef.jpg,0.647561067132838,0.5435066
B2A,8fc6680c4a.jpg,0.6987216039976967,0.48115197
B2A,8fc9fce9f2.jpg,0.6250174463648049,0.46370232
B2A,8fd6e74ab9.jpg,0.8007421179806072,0.4438693
B2A,8fdc8f747e.jpg,0.852848390683854,0.38998884
B2A,8fe1fb621d.jpg,0.7938489654519103,0.4441172
B2A,8ff2ab81b2.jpg,0.6517009493714284,0.39273328
B2A,8ffa6382e9.jpg,0.4873784458588006,0.46166033
B2A,900c842af7.jpg,0.8664471165677179,0.45315358
B2A,9010105f3d.jpg,0.6898420190208417,0.51927376
B2A,90268e092b.jpg,0.6995158063381237,0.3636217
B2A,9028fc10c7.jpg,0.7484187887900257,0.5880141
B2A,9048e6e0d1.jpg,0.8339464957200602,0.45638317
B2A,904a21697e.jpg,0.6193574683446269,0.592325
B2A,904f5a5276.jpg,0.8068581344203947,0.40242153
B2A,9050e1c0e6.jpg,0.7323221151281173,0.30347613
B2A,9071c99f67.jpg,0.8205275061860785,0.34565133
B2A,9079fe9d9c.jpg,0.774749301914655,0.37898856
B2A,907cd5e630.jpg,0.7354892717309519,0.5564862
B2A,907d9cf180.jpg,0.8041360164667636,0.33734548
B2A,909ae89f4d.jpg,0.868961744921376,0.28225434
B2A,90a6484491.jpg,0.702976638808952,0.458115
B2A,90aa881d59.jpg,0.6686711127709114,0.4480037
B2A,90b3c6c885.jpg,0.6251781158912268,0.46565807
B2A,90b9257df4.jpg,0.647337045284499,0.57196754
B2A,90bc360c57.jpg,0.6393938614828601,0.32287803
B2A,90bdbd6631.jpg,0.5203456829046376,0.7355829
B2A,90c00b0a8c.jpg,0.7901047862652226,0.36983776
B2A,90c9cd3fe8.jpg,0.629892539563039,0.43175873
B2A,90cbc5b0a2.jpg,0.6692323121217814,0.5116392
B2A,90d00e4130.jpg,0.5074141558712354,0.44480085
B2A,90d2b880b2.jpg,0.6720808443719147,0.47116667
B2A,90e072864e.jpg,0.6021499371019161,0.6424828
B2A,90e1c5d57a.jpg,0.7272558875338604,0.62263995
B2A,90e5ba5fe4.jpg,0.6232270836539912,0.5094974
B2A,90fa0a2900.jpg,0.609540809545643,0.4615817
B2A,90fc280b72.jpg,0.8283634923747293,0.37787953
B2A,9105102bc4.jpg,0.7919757879986425,0.5572014
B2A,910e1f900e.jpg,0.6062913243085296,0.4566221
B2A,911af8c237.jpg,0.7096174721167307,0.44924465
B2A,9128a67589.jpg,0.6853866009555993,0.48676652
B2A,912f47efb6.jpg,0.5482627207180764,0.53253025
B2A,912f7c8917.jpg,0.7920900083830305,0.3771902
B2A,9138142611.jpg,0.5345480994938557,0.5350277
B2A,914d6701fb.jpg,0.8942911625075296,0.37578997
B2A,915666f75a.jpg,0.732554288612481,0.48607442
B2A,915b936cdd.jpg,0.5238433982290529,0.45219865
B2A,91633d4951.jpg,0.7760135064925091,0.44253895
B2A,916ae3f734.jpg,0.6145264958769057,0.47353622
B2A,916ba9d722.jpg,0.6918932360632779,0.39428312
B2A,916caf5698.jpg,0.7626245063018134,0.5500608
B2A,917f384f27.jpg,0.8057924911067882,0.39361608
B2A,91847ec212.jpg,0.6793030588860084,0.5886055
B2A,9186f2f6bf.jpg,0.7900918955670377,0.28197092
B2A,91916e6337.jpg,0.7196008322970547,0.38435888
B2A,9194cac2c2.jpg,0.7627180974104216,0.364355
B2A,91a6a513e8.jpg,0.7483751944508281,0.36686766
B2A,91bd17ebc1.jpg,0.5558190331910289,0.65430343
B2A,91c0fb330a.jpg,0.706847449385264,0.30038157
B2A,91c4ec2938.jpg,0.7008602078900036,0.3950186
B2A,91caa42854.jpg,0.7790754933444973,0.32965845
B2A,91cdf3c9ec.jpg,0.765267520969732,0.3178044
B2A,91cef72c5d.jpg,0.7766620884422321,0.39457303
B2A,91cf22742c.jpg,0.7854956092600754,0.49837822
B2A,91d1476220.jpg,0.5743001604258531,0.37034237
B2A,91dbb69203.jpg,0.7250765778184632,0.36680472
B2A,91e43a72c3.jpg,0.7079414982355343,0.44131893
B2A,91edaa90e8.jpg,0.6207625651880446,0.49421373
B2A,9203f9070e.jpg,0.6487422212835336,0.49294952
B2A,921e0c98a4.jpg,0.7601244259155783,0.42269516
B2A,922e075696.jpg,0.6751711135039011,0.4794641
B2A,924309267b.jpg,0.6581480384564142,0.41418996
B2A,9258ed4e17.jpg,0.5873802410371082,0.6383628
B2A,926fabe094.jpg,0.5284319267034308,0.46854934
B2A,92884da831.jpg,0.6590298779486838,0.41636044
B2A,9293bb3ab1.jpg,0.7748602620231609,0.2972808
B2A,9295c73f10.jpg,0.8156060248728029,0.37391442
B2A,92a4544fb1.jpg,0.7984214633256885,0.30423364
B2A,92a77e056a.jpg,0.7591043029370754,0.38155347
B2A,92ad835b19.jpg,0.47442028289994925,0.61269015
B2A,92b15f83a3.jpg,0.6061825851429156,0.48474163
B2A,92b4f542a8.jpg,0.6708478851301724,0.35812396
B2A,92c3fd59e9.jpg,0.8717182679617019,0.24755368
B2A,92c7aa40d9.jpg,0.8120945474666554,0.34563556
B2A,92cb1b612c.jpg,0.7107698394040688,0.33425736
B2A,92d2f773ea.jpg,0.6899484783462023,0.44154507
B2A,92d9a71a35.jpg,0.7137511423088355,0.7110628
B2A,92dacc55c5.jpg,0.7834676498225751,0.552564
B2A,93132bc39a.jpg,0.5020763701302584,0.5650964
B2A,931e9f62be.jpg,0.4640037251202585,0.5358538
B2A,93228e23b7.jpg,0.8173100531793296,0.3348323
B2A,932f681182.jpg,0.734939041598505,0.5153645
B2A,93404abb02.jpg,0.7181224725963414,0.45137382
B2A,935b664420.jpg,0.6087029544386371,0.408211
B2A,935b850c7b.jpg,0.8615787937436755,0.28411466
B2A,936086c2fb.jpg,0.6520249967185658,0.4244516
B2A,9368bfbb0d.jpg,0.6837110528479622,0.5642701
B2A,9384f0381d.jpg,0.7586678365096727,0.43008482
B2A,938d0ba34c.jpg,0.48469394791080955,0.65873134
B2A,938fb66016.jpg,0.8527465841778809,0.34777474
B2A,9394218ff6.jpg,0.7203012929133821,0.36763966
B2A,9395512e4e.jpg,0.5796625237896494,0.4729118
B2A,939f31a928.jpg,0.5125923303113565,0.46898857
B2A,93a901666e.jpg,0.7155758823506797,0.41095677
B2A,93b37e6702.jpg,0.43797404769854753,0.54367757
B2A,93b7f31cb9.jpg,0.877888625939798,0.33222702
B2A,93bd999d11.jpg,0.5138221507572774,0.84254324
B2A,93c641ad5b.jpg,0.629107262205733,0.33602795
B2A,93d77f649a.jpg,0.8050711366797105,0.5227017
B2A,93fa7e2d2e.jpg,0.6572310641872063,0.5711129
B2A,93fd6bcbb4.jpg,0.6621055584629989,0.42940927
B2A,9404bff3b5.jpg,0.6573932638152048,0.35780787
B2A,9406f2a468.jpg,0.6623643397503669,0.42203233
B2A,940ebfcf33.jpg,0.6376782142413407,0.39616418
B2A,9412b74bf7.jpg,0.666025367200871,0.50810325
B2A,941fe1adf7.jpg,0.8533250068225607,0.28029725
B2A,94224752b4.jpg,0.7712686617943543,0.37005696
B2A,94263d971f.jpg,0.8535796808033284,0.40438223
B2A,9427fc76b9.jpg,0.7237754032180547,0.39630342
B2A,944398f81d.jpg,0.64658807227016,0.33538097
B2A,944bee3f77.jpg,0.5431655871249201,0.59950936
B2A,94502f184f.jpg,0.780671634071926,0.4218732
B2A,946dd1bb4b.jpg,0.7582700505178763,0.51949203
B2A,946e0d3cf2.jpg,0.8295866267672777,0.3533209
B2A,9470dd8aac.jpg,0.7346492723536354,0.4185005
B2A,947ecf90b9.jpg,0.8522249150262963,0.37002748
B2A,94882d1992.jpg,0.8137403025085427,0.34662282
B2A,94979ec8c0.jpg,0.574288725165141,0.30205134
B2A,949d934747.jpg,0.8071580332810574,0.40658334
B2A,94af688583.jpg,0.625227562798155,0.59672266
B2A,94b20d92c2.jpg,0.6862774701243588,0.5940735
B2A,94b3dc2840.jpg,0.7420142974682314,0.4916758
B2A,94cc7a8697.jpg,0.4978700004532692,0.4721768
B2A,94cf38462b.jpg,0.6371731959754033,0.3858528
B2A,94e066f2b3.jpg,0.8597369576713009,0.385541
B2A,94e1a09e64.jpg,0.6695847589000434,0.4100561
B2A,94ed902431.jpg,0.72544730243917,0.44188178
B2A,94ef9bc8f4.jpg,0.8167398464266916,0.5118809
B2A,94f272fbc2.jpg,0.8331232257168467,0.3846349
B2A,94f6b65afa.jpg,0.8165881584377352,0.6061439
B2A,951804d699.jpg,0.5783536265177122,0.39922732
B2A,95186389f6.jpg,0.7998384100116295,0.36993518
B2A,9525ce824a.jpg,0.6726462090137025,0.35750195
B2A,952d99f5b0.jpg,0.6491823178218181,0.53765327
B2A,953b1317cb.jpg,0.658843784693958,0.6332639
B2A,9549a2e85c.jpg,0.6235065324212191,0.6161222
B2A,954cbfbad6.jpg,0.55730976267176,0.70778674
B2A,955d88b9a7.jpg,0.7268105830030988,0.4382111
B2A,9562727728.jpg,0.7590826088152919,0.34015545
B2A,957ae02f79.jpg,0.6396663241538899,0.514938
B2A,957b22a3a7.jpg,0.7724483103625929,0.36390516
B2A,9588a52282.jpg,0.6493580506650282,0.6062552
B2A,95900a984f.jpg,0.5075143132038216,0.6318881
B2A,9593d730f2.jpg,0.5589005002560734,0.4454419
B2A,95a66b0d9b.jpg,0.8484389577111862,0.30883318
B2A,95a6bdb3bf.jpg,0.7325403241190618,0.35735747
B2A,95a7ed2155.jpg,0.7030950885710304,0.34502462
B2A,95a9fadd8f.jpg,0.7955245931302224,0.30745715
B2A,95aaf0fbbd.jpg,0.5966198160298496,0.50709766
B2A,95b2119fa9.jpg,0.6222130200999778,0.6298082
B2A,95b317a33d.jpg,0.6467719813360577,0.3957045
B2A,95b6abfcee.jpg,0.7953055464521305,0.43861046
B2A,95c438e906.jpg,0.819126341859297,0.37719825
B2A,95d494f4ae.jpg,0.6652003029038155,0.32237294
B2A,95d4cb8eca.jpg,0.8365711781595563,0.35383528
B2A,95deeeec90.jpg,0.7979236216640031,0.36067984
B2A,95dff55b08.jpg,0.8397256672378585,0.3543837
B2A,95e33c18db.jpg,0.7704872087686344,0.37466556
B2A,95f5aeda51.jpg,0.7518604331714326,0.5122538
B2A,95f5d9ab48.jpg,0.6105045515028508,0.3575977
B2A,9606c7644b.jpg,0.7299434691668506,0.36273694
B2A,960b5fa7e8.jpg,0.5496896260567158,0.46138832
B2A,96183e38ec.jpg,0.8276329644300137,0.6625681
B2A,9622e7f973.jpg,0.8330182067381303,0.50806355
B2A,962d0ff537.jpg,0.7706658390653451,0.47244152
B2A,963134b323.jpg,0.7871998953318453,0.35702834
B2A,96324aa924.jpg,0.6110923996219957,0.53256583
B2A,963770bacd.jpg,0.626650971312994,0.471157
B2A,963c0eb500.jpg,0.6610375155611223,0.41241598
B2A,96486253fb.jpg,0.6378532140178537,0.55518657
B2A,9652937cf0.jpg,0.6898419011474528,0.4400541
B2A,965c4ddd61.jpg,0.5105951486252112,0.4753181
B2A,9670ea6664.jpg,0.8700393163898825,0.3471154
B2A,9681f39ae8.jpg,0.794710266085197,0.39005777
B2A,9693678067.jpg,0.8391478000583555,0.32599598
B2A,9698946dfb.jpg,0.6793546621575717,0.37645578
B2A,969d45bb23.jpg,0.587713169170466,0.5248008
B2A,96a933541d.jpg,0.7701679028666158,0.35749647
B2A,96ae66347a.jpg,0.8081962753041492,0.35712507
B2A,96b2ac1a1b.jpg,0.7736013804149062,0.43853903
B2A,96b9ee7ec4.jpg,0.6874423148038655,0.37406018
B2A,96baf57a50.jpg,0.7571877857785653,0.6179302
B2A,96c65e76e1.jpg,0.5913883558743995,0.40138623
B2A,96c686ddf6.jpg,0.7146954984890376,0.4408915
B2A,96cb35f032.jpg,0.7552047214038438,0.5031957
B2A,96cda40153.jpg,0.8021117863374909,0.44556534
B2A,96d223307c.jpg,0.6694142240237841,0.4124034
B2A,96d3517f11.jpg,0.7885398152632845,0.2565539
B2A,96da1fc826.jpg,0.5407862216607047,0.54577905
B2A,96e1bb4403.jpg,0.5902541369251044,0.4676776
B2A,96e42a29c9.jpg,0.6038730366391267,0.48858628
B2A,96e7b2c267.jpg,0.6687033107541638,0.44921145
B2A,96e860fd62.jpg,0.7429488993761924,0.5049512
B2A,970d8c0b4c.jpg,0.6454362058256724,0.43060225
B2A,97123776ca.jpg,0.7550911966651828,0.448174
B2A,971c33b707.jpg,0.8299500719175161,0.34888208
B2A,971fcc6bcc.jpg,0.7612414989670255,0.45614436
B2A,97268dc895.jpg,0.6426483455680071,0.43187022
B2A,973372e3d0.jpg,0.9133251102315177,0.40312853
B2A,973dd4a928.jpg,0.7610823066562915,0.51824766
B2A,973f82a644.jpg,0.7060625192633697,0.42584506
B2A,9743bd2705.jpg,0.6597016712468309,0.38684624
B2A,975538e5c1.jpg,0.6369942448264879,0.41782302
B2A,976f6eafdd.jpg,0.651583956138099,0.51100254
B2A,977938602b.jpg,0.5747798147878966,0.5305057
B2A,977b1bd3a2.jpg,0.6396467212046589,0.5958738
B2A,977bff16d4.jpg,0.6288182924384537,0.41225964
B2A,978424d552.jpg,0.5515694497927265,0.3012783
B2A,979103c46c.jpg,0.7023451886935722,0.41651422
B2A,979e42841f.jpg,0.6280344775391558,0.4665366
B2A,97a87bca91.jpg,0.6518102991276131,0.3865654
B2A,97b5d7b81c.jpg,0.769167373093932,0.41760144
B2A,97bf9704b5.jpg,0.7472147293581464,0.27977973
B2A,97c6fda363.jpg,0.5241546413273098,0.65317357
B2A,97c8c523df.jpg,0.643331304186174,0.3620574
B2A,97cef7f737.jpg,0.7782921440486229,0.33186054
B2A,97d4460077.jpg,0.712384035403448,0.42401668
B2A,97d76023a7.jpg,0.6409541076652591,0.41751248
B2A,97dddb7cbb.jpg,0.8048455766600435,0.37677795
B2A,97e4b5f75c.jpg,0.5808010064610348,0.45705783
B2A,97e948fb9d.jpg,0.737100813444173,0.39958495
B2A,9801846b65.jpg,0.6974291767369838,0.37894952
B2A,9806c55f8e.jpg,0.760874467419759,0.4417703
B2A,9811ee90ac.jpg,0.8727770152393609,0.44506475
B2A,981f9ee7ce.jpg,0.9075869904806101,0.44828725
B2A,982068245a.jpg,0.6416741751384172,0.4307377
B2A,9820d446a4.jpg,0.7996158367716074,0.36608624
B2A,9827d36539.jpg,0.8023229008063616,0.47776085
B2A,982ca3c520.jpg,0.6793030526710067,0.4015726
B2A,9835ba0013.jpg,0.8129969176154324,0.35516235
B2A,983821c850.jpg,0.7607947302959407,0.41362908
B2A,98426ffd66.jpg,0.6884610656233788,0.46654633
B2A,984c6baa94.jpg,0.7173743203753001,0.4359991
B2A,98507e2f68.jpg,0.7895046539100936,0.39288998
B2A,9863a4aa56.jpg,0.5021019399280815,0.39807105
B2A,986d6d5bf9.jpg,0.6661577541474352,0.30480015
B2A,988ba0650a.jpg,0.7501005124679425,0.32012564
B2A,9894d1438d.jpg,0.464480192232052,0.52317464
B2A,9895a5216b.jpg,0.5934989578767901,0.42571944
B2A,98a00fe3fc.jpg,0.5754666754109904,0.5040555
B2A,98af1d51cf.jpg,0.7434536809413408,0.45844305
B2A,98b9fbb3fb.jpg,0.784687930005325,0.31174266
B2A,98c28eedfa.jpg,0.7362051497548475,0.4766527
B2A,98cbab58d6.jpg,0.6792608266955714,0.26432613
B2A,98d335025e.jpg,0.6498905514890736,0.41472465
B2A,98d4348692.jpg,0.7788527389683545,0.42651096
B2A,98de268fe8.jpg,0.5101222110224497,0.5981975
B2A,98e7d7b48a.jpg,0.6992818689397998,0.35456845
B2A,98ef46be31.jpg,0.8160309735211404,0.4091146
B2A,98fcc9f6fc.jpg,0.8440652394650853,0.33550164
B2A,98ff290926.jpg,0.6195367832840998,0.5122046
B2A,99038bde22.jpg,0.8180125849654928,0.40384066
B2A,99045d3f04.jpg,0.7079107053946342,0.33569705
B2A,9906756ae6.jpg,0.7418716893386241,0.38602018
B2A,990e8ef2f2.jpg,0.8256407323594438,0.41776732
B2A,9912bab8cf.jpg,0.8026289491264551,0.48882425
B2A,9912e8a5a3.jpg,0.5766489134994222,0.43412748
B2A,991eb1e448.jpg,0.7828173945357149,0.42124355
B2A,9921ef9e3c.jpg,0.745500803931852,0.45776862
B2A,99283f98de.jpg,0.7869879591821052,0.36919492
B2A,99294cd9e3.jpg,0.8903806418135405,0.33312687
B2A,993fb1e69b.jpg,0.8432026210555873,0.36195496
B2A,9945957ec7.jpg,0.4857386114182668,0.6701393
B2A,994a54185f.jpg,0.8343291116684298,0.36008644
B2A,994b994977.jpg,0.796811059541136,0.3241287
B2A,99676e0f39.jpg,0.6405850573654366,0.5074425
B2A,996de8f5ec.jpg,0.8816140015733256,0.41396928
B2A,997f0ed940.jpg,0.7046061092544361,0.35643542
B2A,9991f94f1d.jpg,0.7113916175611735,0.50352573
B2A,999985c001.jpg,0.7636410020140172,0.5283505
B2A,9999c76d32.jpg,0.8308952133183843,0.32150432
B2A,999e87f7a6.jpg,0.8290164711131048,0.2847352
B2A,99a109ea2b.jpg,0.6387494580695634,0.6355909
B2A,99a6c4d326.jpg,0.7761675891077267,0.52775913
B2A,99b3b1736b.jpg,0.6094164877949266,0.39976236
B2A,99baee78f2.jpg,0.7855458465834287,0.4107839
B2A,99c0ccba50.jpg,0.7264018406615953,0.3730185
B2A,99c9687c14.jpg,0.5722024501891417,0.36883202
B2A,99cbbc5052.jpg,0.5719688048884137,0.60585535
B2A,99d04bd95f.jpg,0.6721458840683942,0.28541198
B2A,99dacbf106.jpg,0.5824178478002445,0.51941985
B2A,99ed3dc7b2.jpg,0.7825474846577499,0.49125156
B2A,99f621bbdb.jpg,0.8602061850913331,0.3245636
B2A,99fb63fada.jpg,0.6964125860368091,0.35675606
B2A,99fc1c27b2.jpg,0.5697482179468477,0.5429516
B2A,99fcebb45b.jpg,0.5880390783840105,0.5481
B2A,9a0bfe6c86.jpg,0.8528374560438046,0.34718096
B2A,9a2b9dec3a.jpg,0.5849518780203685,0.58516
B2A,9a4b2f8bd8.jpg,0.7265332184846369,0.35158807
B2A,9a507f5ef4.jpg,0.7662539474415807,0.40820974
B2A,9a5477aaeb.jpg,0.820351083613895,0.40286368
B2A,9a59323542.jpg,0.6824518149312441,0.4279814
B2A,9a780093c6.jpg,0.7710994201157438,0.44735748
B2A,9a9d4aeb7a.jpg,0.7150837450240364,0.3745041
B2A,9ab17ed33a.jpg,0.6875694647665523,0.36824113
B2A,9adf6d52d3.jpg,0.8191631482924902,0.37278086
B2A,9aeb8bd419.jpg,0.6525976977431576,0.4449594
B2A,9af5a24f65.jpg,0.8026167233818541,0.43283123
B2A,9afdeb8ed2.jpg,0.5535820143900956,0.5073512
B2A,9b048364b8.jpg,0.8278954706342039,0.35894096
B2A,9b186b8f81.jpg,0.9144525044345249,0.31607193
B2A,9b1b974368.jpg,0.5643671371548145,0.5388484
B2A,9b1c51d91c.jpg,0.7875196173798092,0.33994675
B2A,9b3053dc34.jpg,0.6473459258556403,0.6084765
B2A,9b3abf3a98.jpg,0.6999391821832188,0.32303998
B2A,9b513c7a1c.jpg,0.645129774202383,0.34287602
B2A,9b5be07782.jpg,0.6616234727913275,0.42764863
B2A,9b5d6d5b9b.jpg,0.48039484018334494,0.55291307
B2A,9b5e41ac82.jpg,0.8368085803357634,0.3994389
B2A,9b6bec8314.jpg,0.7026445425767609,0.32253438
B2A,9b7d65decf.jpg,0.6423127303959231,0.40871352
B2A,9b85a6c570.jpg,0.7717527018224752,0.39621747
B2A,9b87bd9191.jpg,0.7112718761622239,0.43247944
B2A,9b95a6cc9b.jpg,0.8852256958214084,0.40435305
B2A,9b9cdde1ce.jpg,0.661248490148765,0.37405
B2A,9ba4ae09af.jpg,0.8267308126593331,0.4942998
B2A,9ba9376b9d.jpg,0.8229869395496306,0.3011707
B2A,9baca6d979.jpg,0.8565486994394144,0.37954834
B2A,9bd1b8c1be.jpg,0.9099919993942591,0.27330944
B2A,9bd28a56c1.jpg,0.7465859925979881,0.41619107
B2A,9be2b6c083.jpg,0.6587398324720635,0.5317044
B2A,9bf556f160.jpg,0.7541314679822719,0.60812426
B2A,9bf931ead4.jpg,0.757030666188574,0.39339626
B2A,9bfcbc6fe3.jpg,0.620668067259327,0.46079224
B2A,9c0c63914a.jpg,0.7699994149492888,0.4526332
B2A,9c0e343a29.jpg,0.8368369298208265,0.36072692
B2A,9c102e25d3.jpg,0.7361350713168443,0.4359785
B2A,9c10716ffd.jpg,0.6887692947314334,0.61582077
B2A,9c204faa1f.jpg,0.5684818700267323,0.64410174
B2A,9c25e78088.jpg,0.8462358995810981,0.4266413
B2A,9c2fed3088.jpg,0.8111283001704521,0.4402273
B2A,9c4050f532.jpg,0.6975818296596151,0.43818516
B2A,9c4dd0a48f.jpg,0.4763360523200283,0.6784399
B2A,9c564000e7.jpg,0.6102891472021554,0.5802648
B2A,9c70f10a5a.jpg,0.8835316825584684,0.3851867
B2A,9c77707e49.jpg,0.6290783313119058,0.5558727
B2A,9c92f8345f.jpg,0.7887694023468902,0.3177353
B2A,9ca436a170.jpg,0.7725294228552724,0.31163952
B2A,9caa11517e.jpg,0.803597103667028,0.4211821
B2A,9cac2116d7.jpg,0.8590091454887929,0.441744
B2A,9cb836306d.jpg,0.7636129756352046,0.4396167
B2A,9cbcbdcbb3.jpg,0.5644027690339903,0.43885416
B2A,9cc0e6163f.jpg,0.8286141390009646,0.29931906
B2A,9cc35ff83e.jpg,0.7084735614931951,0.41241446
B2A,9cc789cfef.jpg,0.7538271767885815,0.37722647
B2A,9ccca8eac7.jpg,0.8123836014893668,0.36370844
B2A,9ce382c263.jpg,0.6897878539739077,0.43919852
B2A,9cef1e6708.jpg,0.7414044236671129,0.32884744
B2A,9cf972ea28.jpg,0.6833119012194316,0.576226
B2A,9cfb0b75ab.jpg,0.6565252435925731,0.37260267
B2A,9d09a34740.jpg,0.7630051152971911,0.4412674
B2A,9d3885ad89.jpg,0.591025666241425,0.6841905
B2A,9d3c6b28c4.jpg,0.7480072264024089,0.31615293
B2A,9d438a0bb2.jpg,0.8122067061372935,0.39786768
B2A,9d4711f6ef.jpg,0.7493207297547614,0.43707103
B2A,9d59515745.jpg,0.7308853339685181,0.3906401
B2A,9d6df08287.jpg,0.7026926025747351,0.4426184
B2A,9d74f4e539.jpg,0.5517615361911906,0.42647147
B2A,9d766ffc5c.jpg,0.5599636337303475,0.4242377
B2A,9d7b548d1f.jpg,0.8673064554088092,0.32448888
B2A,9d7c3c3eea.jpg,0.8053796894965269,0.28766328
B2A,9d82fd9e98.jpg,0.6942423362640643,0.4962737
B2A,9d92ef2ffc.jpg,0.6909079777062163,0.40062746
B2A,9da065344d.jpg,0.7373207440748099,0.5087405
B2A,9dad30bdf5.jpg,0.6252317150236304,0.47356832
B2A,9dbc604a03.jpg,0.8209739842803208,0.3705382
B2A,9dc4a07f48.jpg,0.5801023950183682,0.2719175
B2A,9dc4a40f1a.jpg,0.650084785483657,0.54470295
B2A,9dcebd8348.jpg,0.6950058197116205,0.48121017
B2A,9dd9044174.jpg,0.8226340715739443,0.5523181
B2A,9dfd1f8a09.jpg,0.6582978458669644,0.49494094
B2A,9e0a0d54b5.jpg,0.7413804348657076,0.41781527
B2A,9e13541480.jpg,0.8555833249495071,0.259875
B2A,9e176db9cd.jpg,0.7354019414438012,0.3297306
B2A,9e1842231b.jpg,0.5921871727158101,0.4940238
B2A,9e2f4c39d2.jpg,0.7014022958840597,0.49324012
B2A,9e3b34bb13.jpg,0.6801921409151764,0.40326297
B2A,9e456ef2a7.jpg,0.8572720292103115,0.33384204
B2A,9e4b9f428b.jpg,0.5095033573857759,0.5348266
B2A,9e5dabe2b2.jpg,0.6731515923153653,0.35250306
B2A,9e65828ee9.jpg,0.8667620935476615,0.3982859
B2A,9e664ae2ef.jpg,0.5633991889196714,0.40282783
B2A,9e72cedb73.jpg,0.8521726570267678,0.54153067
B2A,9e7fcf4aaf.jpg,0.5948992169063473,0.6058035
B2A,9e81e8d2fe.jpg,0.5674970815164672,0.45684373
B2A,9e8554fade.jpg,0.7700555340350124,0.3624798
B2A,9e85d95d05.jpg,0.81787096797802,0.35993695
B2A,9ea148fcc4.jpg,0.5845237117755174,0.50067604
B2A,9ea60e0936.jpg,0.7183397850363733,0.31228215
B2A,9eacea8aca.jpg,0.8197809705596656,0.45008683
B2A,9ebccc0a7d.jpg,0.7158454770342496,0.41975477
B2A,9ebcfa05af.jpg,0.7226725017997682,0.42102742
B2A,9ecf061dad.jpg,0.8569558614424961,0.34748942
B2A,9edf01ed43.jpg,0.5946592159764676,0.48312974
B2A,9ef7c05e0f.jpg,0.8580852001148805,0.24901327
B2A,9f0c9920f5.jpg,0.6085886434988935,0.57253605
B2A,9f15606758.jpg,0.7505451833664406,0.41118175
B2A,9f19e8f425.jpg,0.5541638581805265,0.5154512
B2A,9f24f894f6.jpg,0.7981680453124267,0.34104854
B2A,9f27c688cf.jpg,0.7654158385202402,0.3838574
B2A,9f29c11732.jpg,0.7344454237882385,0.45327932
B2A,9f335bade6.jpg,0.7199844981481887,0.42411
B2A,9f34fc3c60.jpg,0.5276516537547079,0.39990753
B2A,9f37f0dae8.jpg,0.8401667365055907,0.39164773
B2A,9f41d8a922.jpg,0.6453762161487187,0.49418008
B2A,9f52b55c2b.jpg,0.7995748048674829,0.36732697
B2A,9f52dd1c0b.jpg,0.8001508018682659,0.29914287
B2A,9f56a6400d.jpg,0.5579522976578578,0.428942
B2A,9f740de87d.jpg,0.765610574561732,0.3200351
B2A,9f777a3144.jpg,0.7983154089571349,0.52845865
B2A,9f80b1bc48.jpg,0.6657506513513906,0.60125965
B2A,9f8ae5b166.jpg,0.5801569275305998,0.44436318
B2A,9f9796d6b3.jpg,0.8081653175121882,0.33031064
B2A,9f98b589a1.jpg,0.8370703240776763,0.39044183
B2A,9f9c46fa6b.jpg,0.9109925159612743,0.401999
B2A,9fb63bf849.jpg,0.6105632488096205,0.51601636
B2A,9fbbbf4aec.jpg,0.5478466673348081,0.59444547
B2A,9fe12f7bca.jpg,0.7173362052515372,0.58320177
B2A,9ff0e57941.jpg,0.7346402022233331,0.4765851
B2A,9ff990e66c.jpg,0.7634084379187538,0.48666173
B2A,a0077f9248.jpg,0.7672646268673158,0.33356914
B2A,a01c871721.jpg,0.6586721049107863,0.547215
B2A,a01ee31b6c.jpg,0.7505534526782616,0.32669562
B2A,a0227b5ace.jpg,0.6696952446578515,0.3872443
B2A,a0235aa7f0.jpg,0.8629124600979621,0.39051318
B2A,a03dd34359.jpg,0.6124994413341602,0.5701858
B2A,a0465f0aa6.jpg,0.7282009775780417,0.40761584
B2A,a04e9f4231.jpg,0.7349260026387409,0.5258936
B2A,a0522f278a.jpg,0.7130622909086684,0.42186135
B2A,a059321061.jpg,0.5028836960034163,0.5151402
B2A,a05aa88f6d.jpg,0.6462216007698144,0.6960314
B2A,a05e1485c1.jpg,0.6466504669081263,0.34803337
B2A,a0875579e8.jpg,0.8711297672058886,0.45111197
B2A,a095ec94a6.jpg,0.7346088804599215,0.3672181
B2A,a0cfc9ae82.jpg,0.7616306973019017,0.34249014
B2A,a0d15eb976.jpg,0.6164441110480245,0.4904513
B2A,a0d3357912.jpg,0.7866738089984827,0.51586443
B2A,a0d4bc2b72.jpg,0.7711279837842901,0.448314
B2A,a0db0509a4.jpg,0.5638788787117806,0.40741387
B2A,a0e2fcf6d8.jpg,0.6246452457234417,0.6414482
B2A,a0ecda5d45.jpg,0.7502148344051612,0.38941646
B2A,a0f0dee611.jpg,0.7642113813356575,0.30790856
B2A,a0f2fad96f.jpg,0.7794878740073542,0.49423987
B2A,a1076aac63.jpg,0.674191103215412,0.44166446
B2A,a1126aa060.jpg,0.7963517422193811,0.3643512
B2A,a114ee8b43.jpg,0.6830951412860666,0.32172963
B2A,a12235c7d1.jpg,0.6921176577222352,0.48947302
B2A,a13915ca96.jpg,0.6801164667722037,0.4200124
B2A,a13aca724a.jpg,0.6357046355185277,0.3565832
B2A,a146cdb74b.jpg,0.6133818356913713,0.41190585
B2A,a157f8c6e2.jpg,0.7680956588383863,0.27830455
B2A,a15ecd5efe.jpg,0.6996954641164248,0.36219335
B2A,a16537d464.jpg,0.696136550500153,0.37923545
B2A,a177641de7.jpg,0.8251700268447543,0.42255902
B2A,a179e79a0c.jpg,0.7931853861594382,0.33063018
B2A,a17e7e49b0.jpg,0.6566973961015994,0.47516477
B2A,a181b6250e.jpg,0.665264718514315,0.36567155
B2A,a1885fbac2.jpg,0.6257304250710863,0.47396442
B2A,a18cb10e08.jpg,0.6400085897117297,0.49073678
B2A,a18e92742a.jpg,0.5873589149572078,0.7120824
B2A,a197fed5c3.jpg,0.61897021092512,0.43669885
B2A,a19962fefc.jpg,0.7940733572482777,0.36748198
B2A,a19cf2cdbb.jpg,0.5953157439136216,0.50890887
B2A,a1a84d3eda.jpg,0.7130295432275628,0.47336388
B2A,a1c54d6c61.jpg,0.5539402072463173,0.47065303
B2A,a1c88d3e35.jpg,0.7883932072435645,0.36836052
B2A,a1cc606af8.jpg,0.8034161433418787,0.36905494
B2A,a1e45dc986.jpg,0.7414775164643002,0.4124665
B2A,a1faf9de15.jpg,0.7681473795777211,0.3532409
B2A,a1fc123777.jpg,0.6529320422262628,0.39242414
B2A,a20a19b515.jpg,0.7914589930674131,0.39151254
B2A,a229109704.jpg,0.8697219805497699,0.30197394
B2A,a2307719e1.jpg,0.7400685361455965,0.5103062
B2A,a23e7dfef5.jpg,0.6926946189142609,0.46325392
B2A,a25b63eadf.jpg,0.6841625732750529,0.53377074
B2A,a25eb81721.jpg,0.7327532213781361,0.4297468
B2A,a263521820.jpg,0.82259550517512,0.34848756
B2A,a2635ee772.jpg,0.8103795871531845,0.32435554
B2A,a26b0f2735.jpg,0.8624417788277181,0.30813545
B2A,a2711f0830.jpg,0.8106543512895446,0.2856735
B2A,a2820db109.jpg,0.5849788271902144,0.5612741
B2A,a283654df3.jpg,0.7604673370276807,0.39022803
B2A,a290773de7.jpg,0.8325198737969014,0.4453377
B2A,a2bc2b83eb.jpg,0.5996974452448288,0.44689718
B2A,a2c884fda1.jpg,0.8137263514773753,0.3906362
B2A,a2ccf1f748.jpg,0.5862620672084183,0.69180346
B2A,a2cfeba0e4.jpg,0.6438907827646271,0.3636201
B2A,a301643a27.jpg,0.7349603832951045,0.4368906
B2A,a31e04cec3.jpg,0.5848421264340025,0.5416489
B2A,a32b552866.jpg,0.794653273197863,0.36904055
B2A,a32d4ea5ac.jpg,0.7353831437164875,0.54975486
B2A,a32e116556.jpg,0.607395976953818,0.4658745
B2A,a32f6b942f.jpg,0.7918796520648397,0.3493271
B2A,a359bc69a6.jpg,0.8108204639917639,0.48364368
B2A,a362f89cd1.jpg,0.833637931515402,0.33515683
B2A,a366accb3c.jpg,0.8901806329464894,0.33196467
B2A,a37515911a.jpg,0.5856815031278091,0.4567043
B2A,a37b1c52f2.jpg,0.7493663763818419,0.48168752
B2A,a38abc41c8.jpg,0.8615716860040593,0.3600552
B2A,a3a4e42632.jpg,0.659720078829701,0.63019943
B2A,a3ac3b8f7e.jpg,0.6834536335319229,0.45301795
B2A,a3b40d246d.jpg,0.7244175896114913,0.56447995
B2A,a3bc08b40b.jpg,0.8215577641322199,0.29857403
B2A,a3d3b5d93a.jpg,0.5897087809328235,0.49014327
B2A,a3d574e6e3.jpg,0.6532773480624146,0.5367424
B2A,a3df896182.jpg,0.7850747053081363,0.30102152
B2A,a3e41f7a46.jpg,0.7431982692768508,0.45477292
B2A,a3e4a4c73b.jpg,0.7762333558123942,0.41473714
B2A,a3f8364c10.jpg,0.5785438611771617,0.6690495
B2A,a3fba584f9.jpg,0.8550126172528899,0.42711484
B2A,a40511031a.jpg,0.7791896171316953,0.37343407
B2A,a40db75ec2.jpg,0.864986118901289,0.44146642
B2A,a40ec56a84.jpg,0.7371316558416903,0.5635883
B2A,a412f13a5b.jpg,0.6743873926892849,0.4060554
B2A,a42d5a72ff.jpg,0.7104905296959301,0.36268187
B2A,a4314f85dd.jpg,0.8784649646543699,0.35875645
B2A,a43c11f6e4.jpg,0.777429505072698,0.49083
B2A,a43e096ce5.jpg,0.7492761193873623,0.3510694
B2A,a4418037c4.jpg,0.7060148060277758,0.48919374
B2A,a448539aa0.jpg,0.7556471469447209,0.5938513
B2A,a4490bd462.jpg,0.8563881174508157,0.28190136
B2A,a456fc158f.jpg,0.7478047743355212,0.37140548
B2A,a45c5b6869.jpg,0.8385185443218339,0.33129776
B2A,a467ebbd05.jpg,0.8382614644030904,0.29434127
B2A,a485cebc5d.jpg,0.8318311281645507,0.37929523
B2A,a48886307d.jpg,0.7033528032478589,0.50217044
B2A,a4963511f4.jpg,0.8398221755113398,0.33211064
B2A,a49bfc7f31.jpg,0.5236931477033451,0.6180205
B2A,a49df48149.jpg,0.8623450875820149,0.548544
B2A,a4a867e38f.jpg,0.8145527401732354,0.57902294
B2A,a4b3c66449.jpg,0.7414520952352422,0.36700776
B2A,a4ba621177.jpg,0.6932994203825559,0.42533374
B2A,a4ba843961.jpg,0.7068815925047243,0.41580015
B2A,a4cd276f26.jpg,0.7293385382364895,0.40602922
B2A,a4e346e887.jpg,0.7099906101930105,0.49057943
B2A,a4e3e280d9.jpg,0.7058837356090841,0.42745194
B2A,a4f4d25e61.jpg,0.709346278304696,0.35763597
B2A,a4f8537cd9.jpg,0.7480580742924168,0.3462236
B2A,a50aba1d24.jpg,0.8791841701684826,0.33610547
B2A,a5181cd01f.jpg,0.8457378681023197,0.3564176
B2A,a519ab666c.jpg,0.506536433176603,0.7578494
B2A,a51b62995b.jpg,0.6737942159824328,0.38846782
B2A,a51c7b2303.jpg,0.7453068115447664,0.41278303
B2A,a53008cac1.jpg,0.7813359726750606,0.30876833
B2A,a53383dc25.jpg,0.5687025107583698,0.43388596
B2A,a53affbb0b.jpg,0.7194636368042973,0.59832007
B2A,a542e05538.jpg,0.7947717682111435,0.38170576
B2A,a54454c5ea.jpg,0.7055007643457871,0.40114415
B2A,a546e53fbe.jpg,0.7112829606177608,0.8656752
B2A,a552d6a455.jpg,0.716898593230372,0.35833848
B2A,a55a1a091c.jpg,0.5981007086300473,0.49042737
B2A,a562192a23.jpg,0.8243938739762873,0.36535606
B2A,a577c91fc1.jpg,0.750816740256155,0.48438442
B2A,a57c43fffc.jpg,0.7741742250816156,0.4827081
B2A,a588de330c.jpg,0.6739580649617091,0.5305149
B2A,a590f768fe.jpg,0.7849227781380175,0.43873596
B2A,a595719ef9.jpg,0.7769685202147589,0.38926244
B2A,a598e08f68.jpg,0.6851126151180955,0.550518
B2A,a598e5aef5.jpg,0.45527186074357956,0.6061648
B2A,a59c317767.jpg,0.5990080091937208,0.56014216
B2A,a5a55a6605.jpg,0.774825065092011,0.45596075
B2A,a5af8b893b.jpg,0.7974286496710704,0.38183177
B2A,a5b1cfbcfd.jpg,0.6397731956783644,0.42105722
B2A,a5bc67adcd.jpg,0.8172045335039116,0.32199955
B2A,a5d272747e.jpg,0.748773572808016,0.46418595
B2A,a5da7f96c4.jpg,0.8243101674961762,0.36061877
B2A,a604002e2a.jpg,0.8097715121557707,0.3079579
B2A,a617bbf356.jpg,0.7700366826802111,0.49735925
B2A,a61beb8d14.jpg,0.5861921996837897,0.4367382
B2A,a61d366d2d.jpg,0.6568185295677578,0.59932846
B2A,a62e7a5101.jpg,0.7733372239233139,0.41806453
B2A,a62ea8db0f.jpg,0.8032602817959771,0.37520146
B2A,a6323ca7f3.jpg,0.6547735850877509,0.47694066
B2A,a632e5523e.jpg,0.6818610435074005,0.4526321
B2A,a638326b1d.jpg,0.7645591087293329,0.49525192
B2A,a63a202a57.jpg,0.7553108815979133,0.29888463
B2A,a63a32e180.jpg,0.7656173044563619,0.31041062
B2A,a63d70c4a3.jpg,0.7240373801045482,0.4198225
B2A,a64fb4de85.jpg,0.8250164389982703,0.38626355
B2A,a6561cf2e0.jpg,0.6820243651933964,0.5347061
B2A,a658eef56c.jpg,0.7063052198856467,0.3945451
B2A,a65bfd0e43.jpg,0.47628572390643165,0.6830142
B2A,a65e118960.jpg,0.700679523181414,0.48072135
B2A,a67feba233.jpg,0.8322507044233334,0.3243289
B2A,a682ce11f5.jpg,0.664703042774829,0.29082137
B2A,a6838bdf94.jpg,0.7563925968525747,0.4656306
B2A,a68efb6c07.jpg,0.6976038047280992,0.39674193
B2A,a694999074.jpg,0.6643685642591485,0.68307364
B2A,a6959d7c87.jpg,0.6754089753319704,0.4113246
B2A,a6a316bffd.jpg,0.718779564054984,0.2654357
B2A,a6c9c35a31.jpg,0.6788053687133466,0.45243117
B2A,a6cc5973c2.jpg,0.8245523748576126,0.256763
B2A,a6d026b823.jpg,0.6253646867847605,0.4529314
B2A,a6df272807.jpg,0.6673317064431753,0.4333406
B2A,a6e2dd35f8.jpg,0.7949427545884998,0.37303433
B2A,a6e519d471.jpg,0.6686946973971998,0.43955448
B2A,a708982f02.jpg,0.7046752364783392,0.5593372
B2A,a70ea207cc.jpg,0.6377810024751541,0.51018536
B2A,a71799de73.jpg,0.817845936739961,0.46439254
B2A,a71f15712f.jpg,0.5991833154973689,0.6086984
B2A,a739ea92ae.jpg,0.761548094644905,0.38024834
B2A,a74f4e06aa.jpg,0.6973805942990454,0.4198959
B2A,a75469e52f.jpg,0.8364964275630163,0.31962132
B2A,a7594e87fd.jpg,0.7300897801395985,0.36152682
B2A,a76093c3dd.jpg,0.6943514055287341,0.45660654
B2A,a760bc4309.jpg,0.7282518612349831,0.36793053
B2A,a777303bee.jpg,0.9399734132254958,0.43422663
B2A,a786ecfabb.jpg,0.7919017462672595,0.43126458
B2A,a7883bc50e.jpg,0.6165265916712238,0.74441963
B2A,a7976448c0.jpg,0.7364488441822289,0.45750815
B2A,a798e840cc.jpg,0.6115150484089864,0.6133712
B2A,a79f8d5a7d.jpg,0.8341329391381062,0.39791894
B2A,a7a21f3ccd.jpg,0.6407233699027656,0.5166533
B2A,a7a2534308.jpg,0.5849154471297401,0.5504433
B2A,a7ae4aab24.jpg,0.7831296057992585,0.31886792
B2A,a7b11a83ba.jpg,0.8649910648736217,0.24854806
B2A,a7b5f480d3.jpg,0.8046202079094087,0.4092834
B2A,a7ba1fdb8d.jpg,0.6246242864134072,0.27509156
B2A,a7c3243254.jpg,0.7474791686783255,0.37739518
B2A,a7c5642b9b.jpg,0.8126817010366402,0.3040927
B2A,a7c972a651.jpg,0.7026868737694443,0.59942234
B2A,a7e09af64a.jpg,0.798558919906182,0.34111154
B2A,a7e86fbe21.jpg,0.7666226980130818,0.40488762
B2A,a7fb6b9ffa.jpg,0.5696570468363112,0.506919
B2A,a7ffac0edb.jpg,0.7817155446870416,0.2977958
B2A,a80594f85b.jpg,0.6935931201985025,0.3784858
B2A,a8089a9f66.jpg,0.846314563701435,0.35375133
B2A,a8095aa2f5.jpg,0.7551952544656779,0.28807536
B2A,a80c7ee69a.jpg,0.5989634164500257,0.5785051
B2A,a828255ebc.jpg,0.6551525492785848,0.39692563
B2A,a82a9c378a.jpg,0.7157692526509369,0.417839
B2A,a82c3afbbd.jpg,0.6995591915870368,0.43481177
B2A,a84921e7be.jpg,0.8651688903412211,0.24709883
B2A,a84f3fbf3f.jpg,0.630661489422961,0.4194484
B2A,a85633910c.jpg,0.6621671419675219,0.30297387
B2A,a85a8cee92.jpg,0.7110195372395777,0.49641806
B2A,a8686f237c.jpg,0.5797823846268741,0.3419017
B2A,a86f13ae99.jpg,0.7729349289254395,0.3571183
B2A,a876481147.jpg,0.7865434089272316,0.3830358
B2A,a88e5ab869.jpg,0.6724765207247173,0.5065181
B2A,a8911b1283.jpg,0.6801856800659621,0.48115855
B2A,a89631a70e.jpg,0.7344804507548749,0.5464704
B2A,a89c8773ae.jpg,0.7981658462254957,0.23995748
B2A,a8a27b4e1a.jpg,0.6283380825535942,0.7076418
B2A,a8a4ee4f79.jpg,0.7936903173876098,0.4178838
B2A,a8b7358e0e.jpg,0.7255346213938362,0.43889943
B2A,a8c04e4f33.jpg,0.6849583383735801,0.5637258
B2A,a8d022d99c.jpg,0.7258787331866385,0.5566978
B2A,a8d3c5c2d3.jpg,0.6956541253312549,0.59041137
B2A,a8d61b91a4.jpg,0.6203686344722092,0.5411308
B2A,a8e351db00.jpg,0.5603033047121103,0.6416242
B2A,a8e62405d3.jpg,0.7578680867325912,0.36595696
B2A,a908f29569.jpg,0.8249001532733701,0.4760061
B2A,a90b8ea6ed.jpg,0.5630272569263342,0.54055065
B2A,a91402ed9b.jpg,0.6660413656326598,0.3905297
B2A,a917afed2a.jpg,0.7645233702819454,0.43997723
B2A,a92d0cde38.jpg,0.7281569195287876,0.3300241
B2A,a92eed65ce.jpg,0.6628335779756176,0.45195162
B2A,a93e11ed37.jpg,0.8065335001534045,0.3529876
B2A,a945149eb0.jpg,0.8660562377316393,0.30409515
B2A,a9460f4e16.jpg,0.7402056183264877,0.39517975
B2A,a946a049f9.jpg,0.5746875926065905,0.4149896
B2A,a9542998ad.jpg,0.7677275348241248,0.498212
B2A,a95a086609.jpg,0.7116182139767412,0.43193594
B2A,a962271585.jpg,0.6619075021616186,0.5068488
B2A,a963d0573b.jpg,0.6567861608073577,0.47270894
B2A,a965ac5835.jpg,0.7196487437886432,0.52305865
B2A,a97237c4b1.jpg,0.8281184753491238,0.39515495
B2A,a97e50a8d4.jpg,0.735168841970935,0.46947727
B2A,a98179e505.jpg,0.6587266896040491,0.32988584
B2A,a99dbf6b17.jpg,0.7706187421887828,0.35971478
B2A,a99f495968.jpg,0.7024483198031062,0.47742307
B2A,a9a61131fc.jpg,0.7736900591869549,0.49985623
B2A,a9a7cc1b1c.jpg,0.8392236991899981,0.6226283
B2A,a9a881577b.jpg,0.5264081234304449,0.62936586
B2A,a9d597ca20.jpg,0.6812167689411708,0.4846875
B2A,a9d902fc38.jpg,0.6779611227095096,0.4935151
B2A,a9de4c4d69.jpg,0.7183386935470015,0.397136
B2A,a9ef8c2bcd.jpg,0.6544591514170639,0.41074884
B2A,a9efa619e0.jpg,0.7074750494208222,0.4559433
B2A,a9faa93d67.jpg,0.7217518634253566,0.41997573
B2A,a9fe1f88ab.jpg,0.6277854071030489,0.7001184
B2A,a9ff892ea7.jpg,0.691407149827622,0.34147468
B2A,aa0485a59f.jpg,0.6723327682163127,0.3596957
B2A,aa09a96ed1.jpg,0.5740524302394371,0.6870597
B2A,aa102a3ea1.jpg,0.7633796990368226,0.30982807
B2A,aa108bb6da.jpg,0.8649922424946251,0.32877928
B2A,aa238a7170.jpg,0.7461576142024671,0.3662602
B2A,aa26ff7c15.jpg,0.7861549855320669,0.50366557
B2A,aa2afa7cfe.jpg,0.6073133978227773,0.50197726
B2A,aa2b315b55.jpg,0.7373224194593502,0.5513953
B2A,aa387dcb3e.jpg,0.6800491235968539,0.43388218
B2A,aa3f9768ff.jpg,0.5832571303958248,0.3830212
B2A,aa44603744.jpg,0.6003191806589794,0.42686617
B2A,aa4c6e40e5.jpg,0.7117619150786391,0.47894838
B2A,aa64f54007.jpg,0.7876094351306703,0.38336807
B2A,aa72b9cc61.jpg,0.7183240234342863,0.40456715
B2A,aa778409e9.jpg,0.7460422392321591,0.35591865
B2A,aa8e5f3af4.jpg,0.732702559683995,0.53191024
B2A,aa99d68834.jpg,0.8033508907919378,0.42068514
B2A,aa9acfe3e7.jpg,0.7839476314265154,0.40711588
B2A,aaaffcb550.jpg,0.6778550063200451,0.56667006
B2A,aab0eaf7cd.jpg,0.8977549041290641,0.36829013
B2A,aab746580f.jpg,0.42701668091975736,0.5603676
B2A,aabffc2182.jpg,0.7519354974552388,0.2959274
B2A,aac1f31a2d.jpg,0.5256777087098339,0.63463116
B2A,aaca9f8d52.jpg,0.7804153545767072,0.36088905
B2A,aacc4a4e82.jpg,0.7456420162582306,0.31457826
B2A,aadee76463.jpg,0.6467604008218485,0.38662264
B2A,aaeb9e1228.jpg,0.7728329002251103,0.48838714
B2A,ab001a0dce.jpg,0.7887489692166412,0.4989878
B2A,ab04be8f33.jpg,0.5899161131749099,0.43877178
B2A,ab0917a3f9.jpg,0.7422902635018798,0.4981038
B2A,ab0d0dfe08.jpg,0.6588585252609278,0.5255151
B2A,ab1141671d.jpg,0.5989663305034411,0.39640388
B2A,ab3576b164.jpg,0.7270113031835277,0.3682225
B2A,ab36e4f5d7.jpg,0.8272575250616833,0.3510901
B2A,ab4450580b.jpg,0.6596205189404744,0.67430913
B2A,ab45414f0a.jpg,0.7151558073562579,0.38120085
B2A,ab808be34d.jpg,0.5943875675624686,0.61143893
B2A,ab8999b3d4.jpg,0.5835046898014096,0.3974602
B2A,abaa2d0caf.jpg,0.4926067437404069,0.5585915
B2A,abaf585ce0.jpg,0.752768975125496,0.3509274
B2A,abb7c92cd2.jpg,0.7010502987966221,0.41294247
B2A,abc2244ad0.jpg,0.7312777968255828,0.47698915
B2A,abc26dd865.jpg,0.7419737419219686,0.39040852
B2A,abc76b33c5.jpg,0.6360395313851867,0.553459
B2A,abd58494e7.jpg,0.7096981809421375,0.34934872
B2A,abe159882d.jpg,0.6239496367130284,0.3711904
B2A,abe813f1cb.jpg,0.7899225774544427,0.2997622
B2A,abeca4498a.jpg,0.551903868529727,0.6058659
B2A,abee44db3e.jpg,0.709414309920138,0.52598953
B2A,abfbbbd0ca.jpg,0.7265548217881039,0.42193174
B2A,ac049a3c0d.jpg,0.6343665572263919,0.46298605
B2A,ac22f8134b.jpg,0.4676307623268783,0.7499276
B2A,ac36bd24bb.jpg,0.805299998273603,0.4373486
B2A,ac50e0ca26.jpg,0.8566482907643264,0.44479924
B2A,ac5181086c.jpg,0.7217224905420297,0.4657659
B2A,ac5b1ab8f0.jpg,0.7254545245833046,0.41614133
B2A,ac5d1dd7a1.jpg,0.5710567466146625,0.76287043
B2A,ac91124a63.jpg,0.6953540335553849,0.4897731
B2A,ac91ac81c3.jpg,0.7814531290692537,0.3814203
B2A,ac932a461b.jpg,0.7753845402045155,0.3438492
B2A,ac9afdb0a8.jpg,0.8071610751466571,0.34781596
B2A,ac9c8211cb.jpg,0.7323888305731108,0.5134825
B2A,aca32eb466.jpg,0.8077935226376306,0.3360767
B2A,aca45f78be.jpg,0.8063922943745767,0.3734317
B2A,acab996be8.jpg,0.7944595689626646,0.32977223
B2A,acae006873.jpg,0.6739320393790258,0.43956318
B2A,acaf4ef81e.jpg,0.8079474511570464,0.36948025
B2A,acbede97b1.jpg,0.7280504652825147,0.4141229
B2A,acc787b868.jpg,0.6677910599568072,0.49839705
B2A,acc8b354fc.jpg,0.8350724593546505,0.35786512
B2A,acccbeb5a3.jpg,0.8176833761841221,0.37480062
B2A,accfade258.jpg,0.6204219769063162,0.56645364
B2A,acda36155d.jpg,0.6999117779802356,0.42373824
B2A,ace63e2d37.jpg,0.6897152889567989,0.3201501
B2A,acf0aeda10.jpg,0.8109949602203362,0.37272677
B2A,acf43bbda9.jpg,0.7393176003120356,0.38020012
B2A,ad08c8c439.jpg,0.7354254361077571,0.45509154
B2A,ad122b9a0c.jpg,0.7367379976102927,0.39981812
B2A,ad1819b0e6.jpg,0.782353249946043,0.41356888
B2A,ad1a8669c9.jpg,0.7125499833646256,0.4662131
B2A,ad24506f8b.jpg,0.7131860979557827,0.50068873
B2A,ad31237f7b.jpg,0.7424435506659856,0.28248602
B2A,ad3d8eb941.jpg,0.5807851762743168,0.6259918
B2A,ad4208f91f.jpg,0.8216303115916771,0.386626
B2A,ad5065585a.jpg,0.7892403125383263,0.33140397
B2A,ad5385ebb1.jpg,0.6223588658081103,0.55549264
B2A,ad5c6dd37f.jpg,0.7543770492855569,0.473007
B2A,ad673d759f.jpg,0.6479290054578343,0.55915123
B2A,ad67e71b94.jpg,0.6627681997698964,0.38194865
B2A,ad7d5b8945.jpg,0.8420587420564305,0.30102032
B2A,ad8139d30e.jpg,0.7336681679252616,0.4822458
B2A,ad8f6db4da.jpg,0.9328968675745485,0.2966789
B2A,ad8fca5a81.jpg,0.6685333651856676,0.38378042
B2A,ad95d06611.jpg,0.8490402957844965,0.41145146
B2A,ada37edd54.jpg,0.709844340427428,0.6627019
B2A,ada576bcf5.jpg,0.7617947436028505,0.4002783
B2A,ada64f6f98.jpg,0.5753336053570386,0.4298545
B2A,adb5589a4a.jpg,0.7127372468772695,0.45981228
B2A,adbb6706f4.jpg,0.6254165153944705,0.41847134
B2A,adc015d394.jpg,0.7953778933418816,0.3572484
B2A,adc7df4c09.jpg,0.7306918681487223,0.30592734
B2A,adc8bca42b.jpg,0.6898009991030611,0.35403025
B2A,add673f629.jpg,0.8385026682058315,0.3498083
B2A,addb9e11be.jpg,0.8185752065962575,0.32534632
B2A,addf00ca3f.jpg,0.8354321652018454,0.33653903
B2A,ade0f46a3f.jpg,0.6224978535325051,0.3458281
B2A,adee0e7444.jpg,0.8065165278841677,0.39858702
B2A,adf0ac7938.jpg,0.7665098517564868,0.3687821
B2A,adf316819b.jpg,0.7549286284811833,0.47692546
B2A,adf3ad1301.jpg,0.8725643923053062,0.2763216
B2A,ae073bf16d.jpg,0.7449623164133937,0.5324337
B2A,ae15831d3a.jpg,0.8141947136055122,0.47883826
B2A,ae16d6d012.jpg,0.7233654254535039,0.44236034
B2A,ae1951459d.jpg,0.793174079669857,0.3891755
B2A,ae1ee21b01.jpg,0.7631809411737555,0.46736044
B2A,ae2923b68c.jpg,0.7162929010652379,0.40393478
B2A,ae2c1ea2d6.jpg,0.7411753849393256,0.46000755
B2A,ae32973f1b.jpg,0.5638859846454282,0.5482377
B2A,ae33f34419.jpg,0.7119756600778377,0.39813033
B2A,ae3bb4751d.jpg,0.6465929524487287,0.40728283
B2A,ae48a41403.jpg,0.698665030975635,0.3771904
B2A,ae56d20cb9.jpg,0.7047836741486907,0.4045116
B2A,ae5ac0bf8a.jpg,0.572018167468394,0.56874615
B2A,ae667757b8.jpg,0.6231814976948101,0.41592437
B2A,ae7f0cf2c7.jpg,0.7415682098232016,0.36957145
B2A,ae91238c7d.jpg,0.8180645551582043,0.35961375
B2A,ae97673634.jpg,0.6630211332836669,0.6576668
B2A,aea3c83ebe.jpg,0.7769273971384903,0.29891577
B2A,aea4a60c4e.jpg,0.7261780192537045,0.38203353
B2A,aea6b06ea6.jpg,0.6065720006304645,0.25772932
B2A,aed2032c56.jpg,0.6018718417558064,0.53065753
B2A,aedf554224.jpg,0.7879989040951803,0.38866517
B2A,aee36ebffb.jpg,0.726772617662415,0.4268974
B2A,aeff6a1ad9.jpg,0.772751813331349,0.43496358
B2A,af2075bcf5.jpg,0.7934441433016589,0.31391507
B2A,af24d79cda.jpg,0.6549826574659896,0.35200626
B2A,af2acf5f58.jpg,0.527921934122201,0.56634796
B2A,af4232e4ad.jpg,0.8020482371480211,0.40468237
B2A,af4456d9ce.jpg,0.6166631557534665,0.37675524
B2A,af51aca135.jpg,0.47489711906165677,0.5630604
B2A,af5f718ec0.jpg,0.6647458098478479,0.38842317
B2A,af672cd7de.jpg,0.8815777517239635,0.323621
B2A,af6af0e073.jpg,0.8313222408220747,0.38436708
B2A,af87640174.jpg,0.7935202100267574,0.3186028
B2A,af890fdb8b.jpg,0.6011997590430826,0.5494346
B2A,af899de250.jpg,0.6456298275834552,0.54355264
B2A,af8b38d918.jpg,0.7694969197458292,0.34071994
B2A,af97db63a5.jpg,0.7662480111637399,0.42003357
B2A,af98779f2f.jpg,0.8530415232219514,0.31890845
B2A,af9f206c68.jpg,0.7059692452584215,0.5451656
B2A,afa167a1a5.jpg,0.7532229051101597,0.37342083
B2A,afa1a71c3d.jpg,0.7082422198839814,0.5080065
B2A,afa576e383.jpg,0.7715499748629328,0.549709
B2A,afabae968b.jpg,0.7357484959915594,0.46185037
B2A,afaf808be0.jpg,0.6015630454367892,0.48066258
B2A,afb21c0a01.jpg,0.8583908578157368,0.45692262
B2A,afb5f05573.jpg,0.7027384569080438,0.35735884
B2A,afb5fd0067.jpg,0.6378563630588182,0.5570785
B2A,afd6a4c506.jpg,0.5364432261916848,0.4703518
B2A,afe09342a4.jpg,0.8241277903688738,0.5563576
B2A,afec9d2ce5.jpg,0.5150402758953622,0.59387374
B2A,afee15fa99.jpg,0.7388545025701337,0.45246944
B2A,aff47b8492.jpg,0.6931676811875656,0.48288497
B2A,aff8f6d136.jpg,0.8657449621416545,0.30212417
B2A,b003895ce9.jpg,0.8516100644848185,0.39880612
B2A,b01acadfd9.jpg,0.5893573602581794,0.38634366
B2A,b0238fb4d6.jpg,0.7896717223777002,0.41608727
B2A,b023dae26b.jpg,0.7726975776087374,0.49324888
B2A,b02697eec9.jpg,0.7027460962281983,0.42875424
B2A,b027a80904.jpg,0.6840128700367728,0.4901204
B2A,b028f604ed.jpg,0.9027704162697762,0.3407619
B2A,b03262df8a.jpg,0.7065929139828218,0.35044143
B2A,b03646ab9d.jpg,0.7557829871559653,0.30741116
B2A,b036b0bd6e.jpg,0.7949252608154138,0.46104243
B2A,b043e97f3c.jpg,0.7950832843859554,0.31297457
B2A,b048d6b4a6.jpg,0.6978735832741931,0.38447154
B2A,b04af1a7a5.jpg,0.8193180635883163,0.32651126
B2A,b04b5604c4.jpg,0.8037490421858646,0.33641943
B2A,b05f08496f.jpg,0.8887442409112533,0.39446485
B2A,b069343f1c.jpg,0.6873922146874596,0.55619216
B2A,b06a3053e1.jpg,0.7271784213748406,0.45554554
B2A,b07115bda9.jpg,0.8086722314050007,0.33169946
B2A,b0771d4c61.jpg,0.6834894116110359,0.43543327
B2A,b07a462689.jpg,0.51319252133266,0.41257042
B2A,b08e49c7b8.jpg,0.7966288135504849,0.38811496
B2A,b09cf0dffc.jpg,0.856603644561784,0.29589048
B2A,b0a4fcb39d.jpg,0.9007525664935523,0.3767342
B2A,b0b01c67cb.jpg,0.7894099383770683,0.44835085
B2A,b0bc5786a5.jpg,0.5072152682521684,0.36188722
B2A,b0c59def26.jpg,0.6959837375384138,0.620998
B2A,b0c99529c9.jpg,0.5375044963297653,0.63019127
B2A,b0ccf80417.jpg,0.6310042437498725,0.3728587
B2A,b0dc34e8e6.jpg,0.6415895447819259,0.5182589
B2A,b0e936e41b.jpg,0.7772069820130697,0.4232581
B2A,b0f66caebb.jpg,0.6994920033195045,0.5838519
B2A,b10839181d.jpg,0.7024722502726328,0.41044098
B2A,b10dabf94e.jpg,0.7092907853964806,0.39355248
B2A,b112237bbf.jpg,0.7449247642087414,0.36042196
B2A,b11afb309d.jpg,0.5486966756314796,0.5500452
B2A,b128c9759f.jpg,0.691113591305415,0.31044957
B2A,b12bf44d38.jpg,0.6213249401311086,0.3166965
B2A,b12d6de1d9.jpg,0.595464142608252,0.39594322
B2A,b13aecdf79.jpg,0.6055679775674584,0.41905475
B2A,b140da8120.jpg,0.6292803423018118,0.5494615
B2A,b150248c5b.jpg,0.7757165755177963,0.42303592
B2A,b1512c76c7.jpg,0.6579373353594385,0.5557307
B2A,b15cbb80b4.jpg,0.8215016933285059,0.27958602
B2A,b161a5d3cb.jpg,0.8938111350461412,0.41866115
B2A,b164b7525c.jpg,0.7542044346729647,0.5189816
B2A,b1654bdb7e.jpg,0.7931773963812473,0.45807856
B2A,b16bafe652.jpg,0.7575752441473173,0.36912936
B2A,b16dcdc688.jpg,0.7298395542829647,0.43724972
B2A,b16e9f4263.jpg,0.8325549733513588,0.4064689
B2A,b17c40b1ea.jpg,0.6951120965697577,0.5021925
B2A,b181897b98.jpg,0.773302977432706,0.3715231
B2A,b18beb6d72.jpg,0.674632387646935,0.43601787
B2A,b1e3ea9ca5.jpg,0.7381201798519196,0.42579854
B2A,b1eb87490e.jpg,0.5853184009206399,0.5499824
B2A,b20d1d38d7.jpg,0.8552594177545456,0.36303633
B2A,b21a369bbd.jpg,0.5693220817309013,0.6756166
B2A,b21c4fc9bd.jpg,0.886709104339212,0.30465165
B2A,b220f59b09.jpg,0.4528179518209106,0.7880532
B2A,b23933adf6.jpg,0.6205768983162504,0.61228406
B2A,b23ae1573f.jpg,0.6730745414123092,0.7049687
B2A,b2400fe0a5.jpg,0.5748548444563696,0.5315758
B2A,b242ae6db1.jpg,0.7548909276444309,0.4209655
B2A,b2442c013f.jpg,0.8271698545329179,0.48075318
B2A,b244d049e3.jpg,0.7395394651759428,0.4670798
B2A,b245d8b8ff.jpg,0.6062179693844498,0.48843884
B2A,b2633e0b11.jpg,0.829224797874691,0.37671208
B2A,b263b335f4.jpg,0.6843445816679457,0.55230474
B2A,b265520a3d.jpg,0.7231158094795852,0.41924414
B2A,b275f883d7.jpg,0.8260767408140778,0.25912678
B2A,b27811638c.jpg,0.7702486781793305,0.44522828
B2A,b2883a87cb.jpg,0.73262050334571,0.40877467
B2A,b288896b0a.jpg,0.6248569855686493,0.5739807
B2A,b29034b730.jpg,0.7075647488191665,0.39807773
B2A,b29d413ab1.jpg,0.7010892231563883,0.40414837
B2A,b2a7070656.jpg,0.5375567089387825,0.48498356
B2A,b2a9652a6f.jpg,0.6616955950726071,0.5674398
B2A,b2abb2ae39.jpg,0.7769145715853261,0.4742677
B2A,b2bb2119a9.jpg,0.8663149837659685,0.3659384
B2A,b2cb0fe346.jpg,0.8679228423784698,0.29012477
B2A,b2cbeec8f9.jpg,0.8607813273408608,0.36686736
B2A,b2cbf1cf7a.jpg,0.6666768834397033,0.4268273
B2A,b2de093e02.jpg,0.8371502234471738,0.3910154
B2A,b2e2ffcd0a.jpg,0.633912657768953,0.5147039
B2A,b2ee6d8bc5.jpg,0.8190058006752692,0.36433107
B2A,b2f7fa511e.jpg,0.8251923245653595,0.57978225
B2A,b2fd16828f.jpg,0.8066907341819797,0.44823658
B2A,b2fe82b23e.jpg,0.6840920878766135,0.40658614
B2A,b30876c470.jpg,0.6381771374001056,0.5470222
B2A,b31c7ff3e0.jpg,0.7654946530528051,0.3228982
B2A,b326ea0088.jpg,0.737400030713678,0.33202916
B2A,b34c11aa77.jpg,0.6949018324243718,0.46282038
B2A,b3544a41dd.jpg,0.7059964621184719,0.5052158
B2A,b398a41374.jpg,0.8311034804644937,0.37388706
B2A,b39ad63238.jpg,0.7441820821771734,0.42742458
B2A,b3a246218c.jpg,0.793866223723191,0.3744395
B2A,b3ad362dc3.jpg,0.8120426591146487,0.58092815
B2A,b3bfca1f8b.jpg,0.8235756936102706,0.34400105
B2A,b3c28798bd.jpg,0.7138963152537926,0.35038605
B2A,b3c422ffa6.jpg,0.5677983542622133,0.4853469
B2A,b3cc0df141.jpg,0.8243591721993565,0.36179554
B2A,b3d3d9921d.jpg,0.73218837753749,0.33203813
B2A,b3d83e557e.jpg,0.6493164781661238,0.46071798
B2A,b3daba3e38.jpg,0.7226477317552159,0.48243374
B2A,b3db7e6aae.jpg,0.6591419535437674,0.38285187
B2A,b3e5c31249.jpg,0.8565467245921559,0.34485736
B2A,b3e9f5d03a.jpg,0.7036605921568915,0.54633087
B2A,b3efa6f13f.jpg,0.8265298514968784,0.3491585
B2A,b404fb513f.jpg,0.69135673970035,0.4276805
B2A,b4166bd020.jpg,0.6742583095866069,0.535498
B2A,b41d24db10.jpg,0.7620969461984495,0.5573523
B2A,b4217286ca.jpg,0.7133401479232683,0.3986004
B2A,b43d7dcae4.jpg,0.7672855285601807,0.43476117
B2A,b44289846b.jpg,0.8427757569853848,0.44864684
B2A,b443916aa7.jpg,0.8498768117757827,0.37327775
B2A,b46106fd89.jpg,0.7388280713612609,0.36747882
B2A,b461cd6b95.jpg,0.6538588530475413,0.4700265
B2A,b463392033.jpg,0.702340053794629,0.5211341
B2A,b469541ab9.jpg,0.9065995659394998,0.40960288
B2A,b475f64439.jpg,0.762716055366787,0.38317728
B2A,b47834dd52.jpg,0.8037737955129837,0.3978728
B2A,b47b2f88c3.jpg,0.7184095245353178,0.4265455
B2A,b482bd55c5.jpg,0.7725072363477282,0.3443244
B2A,b489bdec64.jpg,0.696283441818717,0.42516565
B2A,b492a7d919.jpg,0.5580355218964679,0.3450556
B2A,b4a1b33eae.jpg,0.8303010972973858,0.34353837
B2A,b4ba4bd4b0.jpg,0.567778830803055,0.46261656
B2A,b4c752721a.jpg,0.7731627320065045,0.37898886
B2A,b4c7f33b35.jpg,0.5195265848036082,0.47032067
B2A,b4c8e36705.jpg,0.8727583794622222,0.37266245
B2A,b4cc9f5870.jpg,0.6734851382395419,0.42656094
B2A,b4d64206dd.jpg,0.8022762436137818,0.38944387
B2A,b4ef669e4d.jpg,0.9126859894330367,0.29433352
B2A,b4f2211991.jpg,0.4985700095294842,0.5978847
B2A,b4f9b0e86b.jpg,0.7906147341651709,0.42312902
B2A,b5237c39a7.jpg,0.8352781538833942,0.36333865
B2A,b5268447c0.jpg,0.5935725853748995,0.5183598
B2A,b544e584f6.jpg,0.8882445371282435,0.37233973
B2A,b54c9ff9f0.jpg,0.4070435459800585,0.47703308
B2A,b54ecfe1d1.jpg,0.7623969677406399,0.3987136
B2A,b55174c53d.jpg,0.6334124946998958,0.45964003
B2A,b553a553a4.jpg,0.7331552840537534,0.3400107
B2A,b56100a754.jpg,0.8167399314060272,0.47444558
B2A,b56f780872.jpg,0.7863978113911747,0.3282631
B2A,b571fc78d5.jpg,0.8433330971203208,0.49634436
B2A,b58bdc0c7f.jpg,0.5816981564452666,0.4006903
B2A,b597d0c58b.jpg,0.7122327872883156,0.36570752
B2A,b5a144143b.jpg,0.5736364955538267,0.41525364
B2A,b5ae36d4c7.jpg,0.8398678000489108,0.33908018
B2A,b5b93e7f12.jpg,0.5831463023212916,0.5989257
B2A,b5bd2caebc.jpg,0.7487477373694795,0.51047873
B2A,b5bdb76769.jpg,0.662972755886672,0.51536417
B2A,b5d3195dc8.jpg,0.6942838548322839,0.3395712
B2A,b5d87c828d.jpg,0.8267959734124813,0.36284328
B2A,b5d90eb11d.jpg,0.5141438196655393,0.35987806
B2A,b5d995b5d8.jpg,0.7549614570386753,0.37099567
B2A,b5f2c61061.jpg,0.7719798374850069,0.3182807
B2A,b60488d40f.jpg,0.7472089059840363,0.36230254
B2A,b60f74cca9.jpg,0.8730436061997404,0.2993697
B2A,b60fa62c00.jpg,0.8006498834196439,0.3312816
B2A,b612a7c29e.jpg,0.8305837943421316,0.37706247
B2A,b612ea84b8.jpg,0.6348447241847611,0.42988676
B2A,b61461c172.jpg,0.6901992707306751,0.5986507
B2A,b61731a239.jpg,0.8984297787386879,0.3202782
B2A,b61b89590d.jpg,0.7282801872200554,0.41455445
B2A,b61e2b3b0d.jpg,0.7374202516376848,0.39393085
B2A,b62b0c6d0c.jpg,0.7529200940361296,0.5210867
B2A,b62f2cfc5d.jpg,0.7354196291705746,0.3725484
B2A,b631fa3f71.jpg,0.7892462243905669,0.33908617
B2A,b635c95844.jpg,0.5959118341945492,0.7896341
B2A,b6398ab782.jpg,0.5647002657280451,0.64207506
B2A,b6429002b9.jpg,0.6160157712901794,0.645119
B2A,b64bb5b36d.jpg,0.6339365266033073,0.540787
B2A,b660902f57.jpg,0.6875489380638631,0.4859939
B2A,b664354223.jpg,0.7225607216066127,0.35730892
B2A,b665863dfb.jpg,0.8188033505131891,0.37008974
B2A,b66913e00b.jpg,0.8403851799470725,0.5265324
B2A,b66c734954.jpg,0.5766145788077333,0.51548463
B2A,b66c82cf2a.jpg,0.7229244738109429,0.45094618
B2A,b66f508c68.jpg,0.5602892534427933,0.5024885
B2A,b678b74dae.jpg,0.8331815075234048,0.4516688
B2A,b679bcea19.jpg,0.7565212593085439,0.32555634
B2A,b67c9613c8.jpg,0.6839174879988016,0.34848863
B2A,b697267bfb.jpg,0.653914924142581,0.38798964
B2A,b69f383965.jpg,0.8147293688984862,0.3022841
B2A,b69fe86234.jpg,0.7353839243355272,0.3919711
B2A,b6c8f98eaf.jpg,0.7914877481407768,0.4531368
B2A,b6ccadba44.jpg,0.7525448017917232,0.3132098
B2A,b6d52caca3.jpg,0.7823676601825543,0.28576213
B2A,b6d84ce05d.jpg,0.7083837497834402,0.44060376
B2A,b6dd6a5484.jpg,0.6354499249094214,0.42022547
B2A,b6e02f524c.jpg,0.8443072825083308,0.44207788
B2A,b6ebb5febd.jpg,0.7252834538826026,0.41456753
B2A,b6f00064cc.jpg,0.5846590820466135,0.39614844
B2A,b70c20c5bb.jpg,0.7677649985510175,0.50315213
B2A,b70ec20b75.jpg,0.7894642063756742,0.58499366
B2A,b7126e52cb.jpg,0.66307607009876,0.6813659
B2A,b7139c915b.jpg,0.7168740939819516,0.49397308
B2A,b734350f7a.jpg,0.8374780961821062,0.44634447
B2A,b743015621.jpg,0.6555969577616884,0.48408705
B2A,b74ada0d43.jpg,0.7754851627385299,0.37311175
B2A,b74cab8840.jpg,0.6345783741329687,0.45660552
B2A,b76253bc63.jpg,0.9055065742024252,0.2923731
B2A,b7634902cd.jpg,0.7525226886676323,0.5031081
B2A,b763d10895.jpg,0.8967359054105642,0.3663863
B2A,b76490cea4.jpg,0.5681678365091063,0.69269276
B2A,b76838eaa3.jpg,0.6435817145856527,0.5867084
B2A,b76eca8315.jpg,0.858002184450729,0.4050388
B2A,b7771cc3a7.jpg,0.716871569936728,0.4379293
B2A,b78443d274.jpg,0.6460167023091332,0.68833387
B2A,b7907e76c4.jpg,0.7779040200143547,0.3497286
B2A,b79198e3b3.jpg,0.6690576830072179,0.30845252
B2A,b79628b2db.jpg,0.7664067649109315,0.41019565
B2A,b79649047f.jpg,0.5512427672935878,0.62542474
B2A,b79a2b6c99.jpg,0.8669154427332297,0.36378404
B2A,b7a7a7cc17.jpg,0.7928974007307135,0.30941767
B2A,b7cb7f4110.jpg,0.6606009196115059,0.45377764
B2A,b7d05fd7dc.jpg,0.6675728103124454,0.40944898
B2A,b7f7aaeb71.jpg,0.7052529186333376,0.397742
B2A,b8009cb56d.jpg,0.8619212523835205,0.41633835
B2A,b804d8ffff.jpg,0.7111171230558124,0.389155
B2A,b81a0b8027.jpg,0.9105829309292743,0.3703006
B2A,b81b0d4833.jpg,0.881693661840897,0.32050025
B2A,b82c2d7664.jpg,0.7017603766714514,0.32716158
B2A,b8513f2cc6.jpg,0.5876066824971924,0.70395327
B2A,b85242ba7b.jpg,0.6629573817041758,0.38812104
B2A,b85d1ea25e.jpg,0.7579602295850778,0.3436684
B2A,b87678f817.jpg,0.6271067083089031,0.4134745
B2A,b877c006b7.jpg,0.7483115655834236,0.39116076
B2A,b879c75442.jpg,0.7824197530570892,0.39149678
B2A,b87f267ffd.jpg,0.7563015580643795,0.40347314
B2A,b8800075ea.jpg,0.7997188624212018,0.3569309
B2A,b8846a57ce.jpg,0.5222668029109526,0.5474982
B2A,b885222b39.jpg,0.6889490807375133,0.37986937
B2A,b88710452e.jpg,0.7515751809542153,0.2783349
B2A,b88fa19b4b.jpg,0.5624433870354479,0.4484309
B2A,b88fd25d37.jpg,0.7298351695583658,0.44769773
B2A,b892e182db.jpg,0.7471102186009709,0.33718696
B2A,b893e3aa24.jpg,0.7254513151780422,0.43664223
B2A,b89aa727f4.jpg,0.6009864256927834,0.37789604
B2A,b89d1cc4f1.jpg,0.700755377326278,0.5302237
B2A,b8b21378ef.jpg,0.8047416735791658,0.37196591
B2A,b8b5848caa.jpg,0.8263818952394945,0.43238616
B2A,b8c23eb503.jpg,0.662175404761299,0.57392764
B2A,b8c6874f96.jpg,0.7139879518721058,0.56214434
B2A,b8d30c2ede.jpg,0.8009731306148855,0.28809252
B2A,b8dda4b0ed.jpg,0.7640880821376345,0.42814055
B2A,b8e1eafdef.jpg,0.7428593618922303,0.41632867
B2A,b8e7658517.jpg,0.8369355806235746,0.39397132
B2A,b8eb81d31d.jpg,0.7045631908223696,0.46301788
B2A,b8f7816f6b.jpg,0.791410672922202,0.5293637
B2A,b90dc41d5d.jpg,0.7784016758450242,0.37841398
B2A,b91926eb90.jpg,0.6517315452204455,0.31292334
B2A,b924b090f7.jpg,0.7662128025068592,0.36635312
B2A,b938642e78.jpg,0.8110226810328691,0.52853334
B2A,b939486166.jpg,0.7879800504375372,0.38008046
B2A,b952bd214e.jpg,0.7748052022336037,0.4074318
B2A,b955e39acf.jpg,0.732761731012977,0.36436635
B2A,b9768c7e52.jpg,0.7679773641532863,0.37125626
B2A,b983599509.jpg,0.6992940224213448,0.35633716
B2A,b985c8d0f9.jpg,0.7372600032981423,0.49847665
B2A,b989430548.jpg,0.5099779900432458,0.5370606
B2A,b9902d5a97.jpg,0.7472827098994667,0.39293218
B2A,b99379d9e0.jpg,0.5401698432652271,0.51192623
B2A,b9973b92ba.jpg,0.702310353162405,0.39193282
B2A,b99824d883.jpg,0.719920006308095,0.37161005
B2A,b9a991202d.jpg,0.8523020728369545,0.40833062
B2A,b9bc2a225e.jpg,0.7055173220728844,0.4699935
B2A,b9cad6e8c0.jpg,0.6400326917308745,0.5943178
B2A,b9cd30a1eb.jpg,0.6897820115529381,0.43941265
B2A,b9d2ba2502.jpg,0.719111250514115,0.29633453
B2A,b9d441588e.jpg,0.7785542356253422,0.3750896
B2A,b9d6b906b5.jpg,0.8070062207464511,0.46819288
B2A,b9de8e1e60.jpg,0.7052769731267103,0.48491338
B2A,b9ea51b317.jpg,0.6388522240137473,0.4994604
B2A,b9eb4c4e23.jpg,0.7924580868853347,0.35358292
B2A,b9f955e5da.jpg,0.6788914091492317,0.52605087
B2A,ba3fc5aaf6.jpg,0.7575470036649088,0.33874202
B2A,ba4f07f939.jpg,0.901806142416399,0.41542253
B2A,ba57ad5d60.jpg,0.7304299399156426,0.40326533
B2A,ba6cdd170e.jpg,0.6211780720819203,0.5490024
B2A,ba7c346ee6.jpg,0.7155494888503664,0.33816537
B2A,ba7d2f82f3.jpg,0.7495584135874511,0.4395871
B2A,ba8511d50b.jpg,0.8019085103394054,0.47811314
B2A,ba861fc7fc.jpg,0.6464342517971324,0.46787733
B2A,ba900f7b05.jpg,0.6213078971268671,0.5254421
B2A,ba93309fda.jpg,0.691778667037269,0.39717925
B2A,baa1ec6741.jpg,0.8710013298482167,0.3446567
B2A,baa5eaf58a.jpg,0.7879467764383545,0.3760128
B2A,baa60c9bed.jpg,0.779724732914728,0.3032817
B2A,baac2fc0d9.jpg,0.785785995723514,0.36173344
B2A,bab560daee.jpg,0.7446325475501187,0.39839447
B2A,bac7bbda07.jpg,0.793485586561966,0.31671667
B2A,baca7c1baf.jpg,0.8364846614054333,0.37334448
B2A,bad95e0688.jpg,0.7284272011013908,0.48620132
B2A,bae17c2143.jpg,0.880213768385657,0.35134014
B2A,bae6056ca8.jpg,0.580234325617191,0.4317491
B2A,baef9a3993.jpg,0.8294428944463383,0.34598514
B2A,bafb1adc1f.jpg,0.7381587521462971,0.40387702
B2A,bb017d43a9.jpg,0.7074683410423238,0.4198141
B2A,bb15fcc4ff.jpg,0.8088213008604587,0.45764792
B2A,bb313a5e16.jpg,0.62769577737253,0.5559859
B2A,bb3377f200.jpg,0.8409974702738431,0.2862863
B2A,bb38cedde5.jpg,0.6708866348233594,0.47862747
B2A,bb3ef64acd.jpg,0.8669314643092352,0.32559437
B2A,bb40b8dd7f.jpg,0.788053789016111,0.35677516
B2A,bb5faf30e9.jpg,0.7541436907222537,0.3882387
B2A,bb64125bc2.jpg,0.6451277358105071,0.4696233
B2A,bb77850a04.jpg,0.7084139908796334,0.48267114
B2A,bb8552f1b5.jpg,0.7705246802128412,0.31765094
B2A,bb9d316b1a.jpg,0.7185601497358667,0.45254293
B2A,bba5052be8.jpg,0.8749106188012783,0.33954212
B2A,bbac847eec.jpg,0.7253590373748006,0.39544246
B2A,bbaff218f3.jpg,0.6747682680443037,0.5849164
B2A,bbbfda6b8f.jpg,0.8576419750075719,0.41777465
B2A,bbc433fec1.jpg,0.8783284523260332,0.30633962
B2A,bbc5447377.jpg,0.8112812649826052,0.3768955
B2A,bbc6c20473.jpg,0.587225525676349,0.55299187
B2A,bbca95e065.jpg,0.7212346980753733,0.49721026
B2A,bbd1178911.jpg,0.737389147513726,0.31484318
B2A,bbe716a5ba.jpg,0.5643161424740694,0.62013817
B2A,bbf7c36959.jpg,0.7636466652281099,0.33736873
B2A,bbfe762240.jpg,0.8003608090573496,0.49509048
B2A,bc00b49aa2.jpg,0.9222068881783573,0.48505533
B2A,bc05774cb8.jpg,0.7568367353445551,0.36459962
B2A,bc1296f186.jpg,0.5931195463865646,0.44714466
B2A,bc1fa09301.jpg,0.6798535818713075,0.43195954
B2A,bc320f44ee.jpg,0.6875706679595919,0.4463998
B2A,bc34a98e62.jpg,0.6267177307050332,0.44339812
B2A,bc3f932980.jpg,0.4660062180005085,0.6561853
B2A,bc47393bbe.jpg,0.5887301261945874,0.57061917
B2A,bc4cc5e31c.jpg,0.6618592979500835,0.5384889
B2A,bc57ed5fda.jpg,0.75337519413226,0.37013802
B2A,bc59db0454.jpg,0.7176870066035538,0.40265617
B2A,bc76a34f9d.jpg,0.7242529379630227,0.31633094
B2A,bc8579edc4.jpg,0.6529342650119565,0.45435703
B2A,bc89a879fd.jpg,0.8095537684083587,0.49780855
B2A,bc8e187f4f.jpg,0.8339252540171243,0.33188882
B2A,bc97e28ac0.jpg,0.6998155212027721,0.38857007
B2A,bc9defc927.jpg,0.5632978809328573,0.6276892
B2A,bca6fd9039.jpg,0.7486774792291765,0.5070269
B2A,bcad190025.jpg,0.7968701243580727,0.49638844
B2A,bcade75bec.jpg,0.6399412424150934,0.44987598
B2A,bcae56fbed.jpg,0.5984798240480299,0.42739916
B2A,bcc1a87147.jpg,0.7340517156509805,0.48731002
B2A,bcc29192c1.jpg,0.7309830070092969,0.28891492
B2A,bcde913d1d.jpg,0.8383112999320025,0.3838047
B2A,bce46c265e.jpg,0.7286834680209825,0.4182625
B2A,bceb077f5d.jpg,0.7094028276408554,0.5216293
B2A,bcef4b66e6.jpg,0.769790068132273,0.4838997
B2A,bcf39bcec2.jpg,0.6981819170749979,0.3967287
B2A,bcf3ab621b.jpg,0.7539679307767314,0.5119286
B2A,bcf3af118c.jpg,0.51325821833193,0.4679638
B2A,bd2893da68.jpg,0.7931583044364572,0.3941212
B2A,bd2be5968a.jpg,0.8201896328877162,0.38405126
B2A,bd4ff109f0.jpg,0.8625267561084207,0.40837157
B2A,bd5056d32e.jpg,0.6388902532561787,0.53375685
B2A,bd58f14f67.jpg,0.6850111816742187,0.44873607
B2A,bd6006597f.jpg,0.7813448613095993,0.37716398
B2A,bd6261963a.jpg,0.6628831854369955,0.41955417
B2A,bd6550715b.jpg,0.8133949694262954,0.495552
B2A,bd6902ee43.jpg,0.6677970671881174,0.43323204
B2A,bd6a7ec51e.jpg,0.4616540013950841,0.5208475
B2A,bd7003b6b6.jpg,0.7757488637530712,0.30017412
B2A,bd76d694d4.jpg,0.6609905933457225,0.49558282
B2A,bd7e521e90.jpg,0.8436519316162545,0.34509617
B2A,bd7e852fb1.jpg,0.7012853673546104,0.43297955
B2A,bd81e32444.jpg,0.7447596110379384,0.5381628
B2A,bd856bd7d2.jpg,0.8005761904715548,0.33507586
B2A,bd9dbd110c.jpg,0.7837148435780816,0.37022746
B2A,bda011a946.jpg,0.7975537584456717,0.27829903
B2A,bda7612626.jpg,0.616043218920236,0.64952326
B2A,bda7b5b92a.jpg,0.8402640903694181,0.3691323
B2A,bda920ef3a.jpg,0.7656419669440002,0.58578706
B2A,bdb71b5252.jpg,0.7713943220609288,0.36769956
B2A,bdb764be42.jpg,0.5117994948467839,0.6878924
B2A,bdb80159b3.jpg,0.7939142560526894,0.5044646
B2A,bdcfea4c8d.jpg,0.5568529120836079,0.3503749
B2A,bdd2bc2e77.jpg,0.810854234570695,0.33843
B2A,bdd6cb73e5.jpg,0.6396083297424107,0.4237056
B2A,bde2a9e1fa.jpg,0.8170697653579032,0.3616165
B2A,bdf3d3a8e5.jpg,0.8097085557551579,0.35796878
B2A,bdf8b0c5ad.jpg,0.811094027157949,0.40840593
B2A,be0140dde6.jpg,0.8372052123119588,0.49166763
B2A,be17aa711c.jpg,0.6059032102500069,0.49994463
B2A,be19b2eac9.jpg,0.7318452445834264,0.42054984
B2A,be307d9b2d.jpg,0.802264169598319,0.32507384
B2A,be30ee9635.jpg,0.82880988629795,0.38986626
B2A,be58cca5c2.jpg,0.7916939508374919,0.4865688
B2A,be5a727d8a.jpg,0.6171771287745536,0.3927902
B2A,be5e1ffaf7.jpg,0.7968388570097259,0.29792526
B2A,be66a96894.jpg,0.8388569756823329,0.2831129
B2A,be6d9981a3.jpg,0.8140169395431764,0.2973946
B2A,be74caa0c9.jpg,0.6598182268395457,0.6754505
B2A,be76e135d1.jpg,0.5846413385146404,0.6284396
B2A,be7c00594f.jpg,0.8006903549340936,0.33283526
B2A,be8015beea.jpg,0.7018478988439215,0.47778952
B2A,be87bba931.jpg,0.5730838649838278,0.6123159
B2A,be9710f956.jpg,0.6932473429634469,0.7769107
B2A,beb00f6bd4.jpg,0.7734190108199591,0.37670264
B2A,beb8830662.jpg,0.7537269158743064,0.29429546
B2A,bebbb8b76e.jpg,0.7532875920634371,0.3460763
B2A,bec2bc2d65.jpg,0.7773758339086559,0.3634903
B2A,bec49b01dd.jpg,0.6834723193790234,0.44444668
B2A,bec4efcf0e.jpg,0.6550637062195688,0.47316402
B2A,becea1ec0d.jpg,0.7864456143464977,0.40604267
B2A,bed5847c27.jpg,0.49802976719852515,0.72315824
B2A,bed803c046.jpg,0.7443297646961374,0.56090176
B2A,bedb0b8e17.jpg,0.7064249165141666,0.316012
B2A,bee0d00197.jpg,0.5798880377480914,0.46134585
B2A,bee8605fcd.jpg,0.8473747819239332,0.34813058
B2A,bee867c967.jpg,0.5551155292351211,0.57064945
B2A,beebd3d7ff.jpg,0.8136075779353923,0.31507528
B2A,beec4e482c.jpg,0.7667622092307657,0.3051322
B2A,bf07ab5c4a.jpg,0.7303141676911207,0.49208757
B2A,bf0e0a58a4.jpg,0.5180991688347051,0.6174938
B2A,bf2216d133.jpg,0.5791086424757957,0.4535181
B2A,bf28de635c.jpg,0.8055256033939701,0.4133066
B2A,bf36a527ab.jpg,0.5699938864009102,0.4846636
B2A,bf3ece26c1.jpg,0.6766063608783583,0.62243503
B2A,bf6062190e.jpg,0.6968865509067621,0.66729593
B2A,bf61f9adb1.jpg,0.7552941686541781,0.40767705
B2A,bf6ed52f2c.jpg,0.7302802449778929,0.3047287
B2A,bf72b298bc.jpg,0.6361192079434468,0.6801124
B2A,bf7b0e4b1f.jpg,0.7166407954300822,0.39428282
B2A,bf8f3d28ae.jpg,0.6873396371754434,0.5043655
B2A,bf918a456c.jpg,0.6947453735876752,0.4727829
B2A,bf94cca435.jpg,0.7432268889832588,0.444977
B2A,bf964262b6.jpg,0.6360978059500944,0.6964245
B2A,bfc6144838.jpg,0.8537843996172877,0.39952642
B2A,bfc622bb44.jpg,0.8236113572679385,0.3148327
B2A,c006c643f8.jpg,0.804584510806004,0.28846556
B2A,c009f9904a.jpg,0.7680886442455406,0.54613
B2A,c013680118.jpg,0.7656562723080296,0.37629473
B2A,c015570ab7.jpg,0.5378480885411594,0.6308496
B2A,c017fac753.jpg,0.7645224318041277,0.5015375
B2A,c018d5dbf7.jpg,0.7116610530776917,0.3820736
B2A,c0287a48f4.jpg,0.7536151777424237,0.4070336
B2A,c02e89c4d3.jpg,0.6957863577493397,0.3709782
B2A,c0301eeaaf.jpg,0.7092921715322335,0.43709552
B2A,c031d1622c.jpg,0.7585340069967266,0.37560588
B2A,c03cf43784.jpg,0.7646771460721149,0.36412388
B2A,c0511e5414.jpg,0.6086020525406851,0.43329844
B2A,c06ff30cd5.jpg,0.735516634723064,0.41856572
B2A,c0757c90f9.jpg,0.7648166644215341,0.39015886
B2A,c081f34667.jpg,0.6799261937453376,0.3472743
B2A,c0876f3b2b.jpg,0.775397234311052,0.39364994
B2A,c08ee1f5aa.jpg,0.7329768154441478,0.47306022
B2A,c09421b98c.jpg,0.7547997399299633,0.39567
B2A,c09cd67282.jpg,0.6769940622122974,0.2827133
B2A,c0a3fb3571.jpg,0.8936222610208264,0.26709828
B2A,c0a72ce31e.jpg,0.8390152362250236,0.39482203
B2A,c0b55c941e.jpg,0.7609095983894159,0.36777437
B2A,c0b977acfb.jpg,0.757444181879439,0.3283471
B2A,c0be01b9c9.jpg,0.7623621236952283,0.51691365
B2A,c0c0e3575b.jpg,0.7267213336663668,0.33041096
B2A,c0e7dfa5ed.jpg,0.6795723168495542,0.4040601
B2A,c0f19d6031.jpg,0.6341975840898634,0.44651687
B2A,c0fe7fd0a7.jpg,0.6250304934153185,0.5399234
B2A,c10183721e.jpg,0.7615012817110943,0.3339212
B2A,c1114abb60.jpg,0.6768882125601737,0.4967032
B2A,c123f051ca.jpg,0.7004883998855892,0.53572404
B2A,c125e1a1f6.jpg,0.6624403647147316,0.44243434
B2A,c1294c7cd9.jpg,0.7430072424597606,0.33784273
B2A,c12c1c978e.jpg,0.7895256872528579,0.5318191
B2A,c12e14b962.jpg,0.6822026610557983,0.4216907
B2A,c1339587e8.jpg,0.7530262759497517,0.439233
B2A,c137e13300.jpg,0.7852070641497231,0.47342163
B2A,c14426ebfc.jpg,0.6476900309818021,0.37418953
B2A,c15a72a99a.jpg,0.7625783802403618,0.31699374
B2A,c16ed7863f.jpg,0.7213190791053149,0.44533655
B2A,c190aa34f8.jpg,0.9107810364707892,0.5476698
B2A,c19312ad74.jpg,0.7085242938505617,0.56972826
B2A,c1972547d1.jpg,0.7400111131809471,0.33095545
B2A,c1a8c428f6.jpg,0.7424623250116341,0.55522585
B2A,c1b1ad3d68.jpg,0.7438737789944246,0.43715447
B2A,c1b2b47959.jpg,0.5472436187150688,0.38141555
B2A,c1b7f78159.jpg,0.5829962489683743,0.5120889
B2A,c1c634b4eb.jpg,0.7896669989046223,0.38979048
B2A,c1d0fe9abe.jpg,0.5864934965903842,0.5079078
B2A,c1d5a31a74.jpg,0.5839357798305429,0.45052797
B2A,c1e5b119c4.jpg,0.7189623073983596,0.42461342
B2A,c1f932fee3.jpg,0.7993908096363426,0.39408636
B2A,c1f9da41e1.jpg,0.8116538264939303,0.4427325
B2A,c1fb81bcfa.jpg,0.6476235745858898,0.4516027
B2A,c2266bed41.jpg,0.8277729810314162,0.54897344
B2A,c2307e363e.jpg,0.7727985253067007,0.4332968
B2A,c236cbe5eb.jpg,0.7191215863862239,0.54412585
B2A,c236d99e18.jpg,0.8168647724400423,0.33649585
B2A,c23e040ff8.jpg,0.7607210973372649,0.4656003
B2A,c2607646ad.jpg,0.9003834326394372,0.29978806
B2A,c262fe08f9.jpg,0.73461264793907,0.3550452
B2A,c2656884dd.jpg,0.7851682167965391,0.36811554
B2A,c26e1a3dea.jpg,0.859761081265987,0.40285838
B2A,c2708f8a47.jpg,0.7731300062323008,0.31052393
B2A,c27ca11d75.jpg,0.6818338547413705,0.44172323
B2A,c280ccdd9b.jpg,0.8695626145534558,0.33326262
B2A,c284ce5f6f.jpg,0.5941442141746602,0.47194865
B2A,c2869dc39f.jpg,0.6695011560800153,0.4115956
B2A,c287068c8b.jpg,0.6891805616153319,0.33891833
B2A,c29a81a99d.jpg,0.6882007408036279,0.53027725
B2A,c2acbc2675.jpg,0.7566057088580823,0.40139595
B2A,c2b79f204d.jpg,0.6784902455989977,0.5053154
B2A,c2c2cd230b.jpg,0.6631048866758892,0.47721434
B2A,c2d01b1977.jpg,0.7791059784834039,0.39247265
B2A,c2d909e551.jpg,0.8118595877259711,0.3621456
B2A,c2dfec8e9a.jpg,0.8075167397543274,0.40593797
B2A,c2e0f637ed.jpg,0.7160365981767511,0.40778875
B2A,c2f49209fa.jpg,0.6389051280656997,0.5808594
B2A,c2fe4fa436.jpg,0.8173504456109586,0.30426562
B2A,c303744625.jpg,0.7960281941051963,0.3029679
B2A,c315adb658.jpg,0.7738455025426069,0.49690402
B2A,c31cad8dc1.jpg,0.7194640490613714,0.33686566
B2A,c329a43ef8.jpg,0.7158784930801338,0.41219342
B2A,c362a50b71.jpg,0.7713079006205358,0.3694164
B2A,c36ee485ab.jpg,0.676616757209747,0.44367018
B2A,c373467807.jpg,0.7877071769187883,0.36832944
B2A,c37e6749d1.jpg,0.756808671194771,0.41300294
B2A,c38cd66489.jpg,0.8178665164484684,0.3097033
B2A,c398543807.jpg,0.7589831019279643,0.45058417
B2A,c39ac686c7.jpg,0.6661127078130279,0.36357987
B2A,c3ae8d9885.jpg,0.6836745563781967,0.44166803
B2A,c3b0c7adb5.jpg,0.7314748026462501,0.65730083
B2A,c3b262e6c5.jpg,0.5498408428171103,0.58269405
B2A,c3b45ccdf0.jpg,0.6734195004647321,0.487735
B2A,c3c8443027.jpg,0.8118622067488598,0.35209647
B2A,c3d7a24d73.jpg,0.8543531141149583,0.30983892
B2A,c3e565166e.jpg,0.7303387972620927,0.40920594
B2A,c3e6b45f00.jpg,0.7582865982092586,0.3731853
B2A,c3f82846fa.jpg,0.8054769988977627,0.43143043
B2A,c40157edb5.jpg,0.6787231057584197,0.49296227
B2A,c419f70dc7.jpg,0.827562323559518,0.30114475
B2A,c41d11bc49.jpg,0.6574656703657229,0.36045164
B2A,c428c52f81.jpg,0.6496892853890149,0.46802053
B2A,c456016d2d.jpg,0.7568984400307144,0.41154245
B2A,c458ed7411.jpg,0.7442600754774938,0.4193114
B2A,c45ddef2b3.jpg,0.8431024116867838,0.40197438
B2A,c46fcd1a80.jpg,0.7733272268516014,0.45770136
B2A,c470eb30ef.jpg,0.7849792428872918,0.32107672
B2A,c47e602b0b.jpg,0.8296636731816203,0.44336763
B2A,c47e788e86.jpg,0.7748628359381265,0.40749726
B2A,c4808eb22d.jpg,0.7010288774139557,0.51425844
B2A,c48dd873be.jpg,0.9313153935219873,0.39925653
B2A,c4bdcb6dd9.jpg,0.7922659298589851,0.37565207
B2A,c4c39ac3f9.jpg,0.7324098795139664,0.42828855
B2A,c4ced9cad1.jpg,0.8590354029523675,0.3158489
B2A,c4d6a7c8a9.jpg,0.779159873435623,0.40241727
B2A,c4d73047e1.jpg,0.8223000758438936,0.41839546
B2A,c4d8884b3c.jpg,0.7442498493548938,0.4006899
B2A,c4d8c03cf8.jpg,0.7459359774905476,0.3642339
B2A,c4d9fbfb1f.jpg,0.7894517941485492,0.5318172
B2A,c4db21f52d.jpg,0.7468797173165035,0.354137
B2A,c4e15cdce1.jpg,0.8247278791827245,0.42769903
B2A,c4e6130960.jpg,0.7081821275928273,0.65632826
B2A,c4f7170246.jpg,0.7317751219054848,0.5204514
B2A,c4fd20f2ce.jpg,0.6839971080103507,0.39363977
B2A,c50547f5fc.jpg,0.47334364903520354,0.5960338
B2A,c50837aa54.jpg,0.6105904921976034,0.47432166
B2A,c52044fdd2.jpg,0.8349488947024142,0.49054733
B2A,c524c49931.jpg,0.7594352564930856,0.3455562
B2A,c525d82983.jpg,0.6439627871257475,0.42306915
B2A,c525dc1668.jpg,0.7489564749915407,0.5915148
B2A,c526e4cab7.jpg,0.8336115643045687,0.2646187
B2A,c52cb8c926.jpg,0.742240285361974,0.39382353
B2A,c531391a54.jpg,0.5606665131325702,0.43011308
B2A,c5440d3858.jpg,0.7486201276241415,0.38563013
B2A,c5496898d9.jpg,0.5798978034590664,0.54429287
B2A,c54c5368af.jpg,0.6998998311297897,0.41829142
B2A,c5656a3bc2.jpg,0.7080399425992235,0.38392425
B2A,c570a774e2.jpg,0.6746045712300376,0.3949332
B2A,c57cb4cc7d.jpg,0.7420971075950917,0.5247858
B2A,c57ecc2387.jpg,0.8349222190598264,0.30429766
B2A,c58fea646b.jpg,0.7666760288580181,0.37024012
B2A,c5921d07d4.jpg,0.717665415073852,0.48387808
B2A,c595a52c39.jpg,0.5795826193447062,0.58444166
B2A,c598a0b020.jpg,0.6700774153300142,0.6268188
B2A,c59d7d374c.jpg,0.7341563081202624,0.44401184
B2A,c5a2b9c91c.jpg,0.6981027708640786,0.3561072
B2A,c5acb37086.jpg,0.6046762338991001,0.42994308
B2A,c5b7abcf1a.jpg,0.679826541192027,0.5282216
B2A,c5c1ce91be.jpg,0.8463608494718982,0.52061915
B2A,c5c637557c.jpg,0.8213834678270951,0.4122456
B2A,c5df072a87.jpg,0.742998485983948,0.37938303
B2A,c5e14d505f.jpg,0.8153870364752964,0.38386294
B2A,c5e6a04538.jpg,0.7758782446734906,0.39419305
B2A,c5ec21dc91.jpg,0.7469387264460177,0.403739
B2A,c5edeee0c7.jpg,0.7746122344136654,0.3975419
B2A,c5f84dbc49.jpg,0.7307236774155887,0.24613924
B2A,c6023eafa9.jpg,0.7550768977412786,0.48695567
B2A,c602fe2139.jpg,0.6876836354095928,0.56701875
B2A,c60ce9a7c7.jpg,0.8228359800670019,0.4454084
B2A,c6145ae196.jpg,0.5469890751584618,0.5486259
B2A,c61687bbf7.jpg,0.8098093741272486,0.46429217
B2A,c61c78d0ca.jpg,0.7004772012176795,0.35792965
B2A,c62219be8a.jpg,0.44202137874578995,0.4750113
B2A,c63612e996.jpg,0.753188790269202,0.5997762
B2A,c6500baba8.jpg,0.5494852200590152,0.4882393
B2A,c65d66d192.jpg,0.6762708714676485,0.33002147
B2A,c6677c412d.jpg,0.7146434083899599,0.347345
B2A,c673cb8573.jpg,0.7032428760970335,0.46313143
B2A,c67451f208.jpg,0.6700894500038602,0.3713173
B2A,c68341c3b7.jpg,0.719189107358422,0.3967777
B2A,c686b36f96.jpg,0.721410730770145,0.30170536
B2A,c6881f63ec.jpg,0.6534703913811005,0.479691
B2A,c6a2fbabf7.jpg,0.7257580663181112,0.357813
B2A,c6a4a9aeb2.jpg,0.7449317497998323,0.45609486
B2A,c6a58d81ef.jpg,0.8386486818726974,0.38247484
B2A,c6ad8bd40d.jpg,0.6539908273953866,0.5332424
B2A,c6aea7cf4f.jpg,0.7302352813898378,0.43738115
B2A,c6af326883.jpg,0.6806446869637307,0.44809252
B2A,c6b10318be.jpg,0.6595527942147332,0.5529934
B2A,c6c4b33994.jpg,0.7609823710181461,0.56375676
B2A,c6d9ef38ee.jpg,0.732227871814921,0.3455981
B2A,c6e35b7a8e.jpg,0.7609989588374089,0.51363933
B2A,c6f400cade.jpg,0.7769578644198472,0.36964846
B2A,c6f871bb47.jpg,0.7228538666583166,0.5200229
B2A,c7043864d2.jpg,0.5099598569251813,0.61901903
B2A,c72720ffb0.jpg,0.5367712421687328,0.48008785
B2A,c736950d4e.jpg,0.6771119266016002,0.44687718
B2A,c7380a0fa2.jpg,0.8117673488619491,0.40570733
B2A,c73d060b7f.jpg,0.8897496842744208,0.31109956
B2A,c7427a066e.jpg,0.8485885696166418,0.3798625
B2A,c74314fb5c.jpg,0.6324387898575587,0.33720613
B2A,c748dcc2c7.jpg,0.9119956255610968,0.35665965
B2A,c74ae24a89.jpg,0.6709960895832618,0.5295803
B2A,c7608e5539.jpg,0.5731316032245263,0.35903466
B2A,c7622b657d.jpg,0.6415862417339842,0.69884706
B2A,c76acdaaa5.jpg,0.9126308981055726,0.3098298
B2A,c7736d8864.jpg,0.7570209449063898,0.40727443
B2A,c7736e2c50.jpg,0.8403050343957824,0.35996357
B2A,c77ecc882a.jpg,0.7653159117576974,0.37131754
B2A,c78308fb1e.jpg,0.5824007822734688,0.36333588
B2A,c7880ba0c2.jpg,0.6792218403390753,0.45478702
B2A,c788baf225.jpg,0.5685817076275999,0.45126948
B2A,c78a6e867e.jpg,0.6089212795900272,0.2455759
B2A,c78bc2db57.jpg,0.8482350011017018,0.3985216
B2A,c793220e43.jpg,0.8092299954200598,0.27726817
B2A,c7bf31ca58.jpg,0.652203516300253,0.4448558
B2A,c7cc509a06.jpg,0.7000561046807352,0.52948314
B2A,c7d0dc1d10.jpg,0.5605386990064984,0.53880095
B2A,c7eaf9c07a.jpg,0.8215584623983532,0.4171691
B2A,c7f524e16e.jpg,0.6950820619101569,0.49765638
B2A,c7f9e63db6.jpg,0.7507228456090577,0.4181062
B2A,c80007786e.jpg,0.6138065006143745,0.6764281
B2A,c81299eae0.jpg,0.8644127577737173,0.40225282
B2A,c8185b191d.jpg,0.7042711439349547,0.26962093
B2A,c81b6373f2.jpg,0.6248521281432545,0.4422768
B2A,c81c856677.jpg,0.7499688101075965,0.4343755
B2A,c82080c8de.jpg,0.635227641205961,0.5190511
B2A,c82b51e41e.jpg,0.567038011960053,0.59013766
B2A,c840700a72.jpg,0.6951238296431885,0.30553806
B2A,c84627330d.jpg,0.8251520390371716,0.31010044
B2A,c84660744f.jpg,0.7771961787213935,0.41655526
B2A,c851e6f6e0.jpg,0.6395639723122499,0.44505328
B2A,c8549dd38b.jpg,0.6303171372344027,0.4987857
B2A,c86587b1e8.jpg,0.5381861373674174,0.59178495
B2A,c8694cefc7.jpg,0.7063949883823216,0.3920675
B2A,c86a62e6d2.jpg,0.7667849329261683,0.42823595
B2A,c86f9ec4f7.jpg,0.7245209670022348,0.4385307
B2A,c87264d97f.jpg,0.684869223602967,0.55584943
B2A,c88254adbe.jpg,0.7370808578852726,0.41343677
B2A,c882d8abac.jpg,0.6998940065760536,0.41776982
B2A,c8840a2e27.jpg,0.5560898876870726,0.5837565
B2A,c889794bf7.jpg,0.66291669659534,0.39778063
B2A,c891a570bb.jpg,0.7531016692162431,0.34449637
B2A,c893f6e167.jpg,0.6475594008099999,0.442268
B2A,c898f3300d.jpg,0.745541755655215,0.3938675
B2A,c89c107b5b.jpg,0.7373301828122331,0.2943036
B2A,c8a8274cb3.jpg,0.7995159809344728,0.3543038
B2A,c8a9cfa14c.jpg,0.6260649172328305,0.63705516
B2A,c8baedacff.jpg,0.6692038604372965,0.37011415
B2A,c8bd9caef0.jpg,0.7062787547952345,0.47941875
B2A,c8c45ad5f1.jpg,0.7826582417263082,0.49074888
B2A,c8cb8e85e7.jpg,0.7695178273997572,0.46028855
B2A,c8d05086f2.jpg,0.6237399269468001,0.41619667
B2A,c8d6f98b20.jpg,0.7216757091052121,0.44191793
B2A,c8da3631bf.jpg,0.767855942370359,0.37629333
B2A,c8ea1e9ef3.jpg,0.7928939180310214,0.36101806
B2A,c8ed12953b.jpg,0.7129219121120158,0.40905622
B2A,c8f1b865ca.jpg,0.7848901058993993,0.444715
B2A,c8f7e3f9ee.jpg,0.6610286869353738,0.4799452
B2A,c9020a4441.jpg,0.686555459020904,0.5892803
B2A,c90b0c1ad5.jpg,0.7984036951703626,0.4148834
B2A,c91473f497.jpg,0.6620780160543672,0.3651268
B2A,c91c752661.jpg,0.6177233922094293,0.33736044
B2A,c925172e83.jpg,0.8157170534514976,0.33934066
B2A,c9347e1e7b.jpg,0.8390362967698917,0.399328
B2A,c936589fe5.jpg,0.7471758067945174,0.37042677
B2A,c9377ac739.jpg,0.8227029517775072,0.38174576
B2A,c943d77639.jpg,0.7252029440473023,0.38793907
B2A,c950a3f6af.jpg,0.5286038923293263,0.47984868
B2A,c9596992ba.jpg,0.8013153913139555,0.36706072
B2A,c963de7b44.jpg,0.6215719390344675,0.46078962
B2A,c965459a49.jpg,0.7422374925852986,0.46769884
B2A,c9677c2983.jpg,0.6182838561644992,0.5627222
B2A,c96ca42d91.jpg,0.6024762414360008,0.5885644
B2A,c974562e36.jpg,0.8272648403127724,0.4639551
B2A,c97cfcba7e.jpg,0.5360820749867727,0.4446157
B2A,c9823e7ce1.jpg,0.6492230082017961,0.38886184
B2A,c983c41dd9.jpg,0.7379466767058189,0.3255814
B2A,c986b6924c.jpg,0.8253915746585431,0.39078122
B2A,c98a568b5d.jpg,0.6158527375041267,0.5930017
B2A,c9aea3d9d6.jpg,0.7232011694119792,0.35048524
B2A,c9afde6424.jpg,0.8979436156938088,0.33009458
B2A,c9bca1b8ea.jpg,0.7703653834244293,0.3675097
B2A,c9bdf7e5df.jpg,0.7222519443600695,0.5622644
B2A,c9c007ddc3.jpg,0.8046212033891297,0.49820107
B2A,c9c6d6eb3a.jpg,0.5819217254701129,0.47033212
B2A,c9cba4bd0e.jpg,0.7311167965565797,0.4476313
B2A,c9d20d84df.jpg,0.6672088885706106,0.41387188
B2A,c9d61587a2.jpg,0.8100800547010876,0.3089723
B2A,c9e242367f.jpg,0.8120387514948,0.28387716
B2A,c9e589eb2d.jpg,0.7595651422347619,0.40746266
B2A,c9ff68f5a2.jpg,0.6809141985588655,0.49959433
B2A,ca048034a1.jpg,0.5736684669261282,0.59867036
B2A,ca1c1e0ab4.jpg,0.6844377168773433,0.4969961
B2A,ca2d56ade5.jpg,0.7153260622441863,0.39668486
B2A,ca350be337.jpg,0.6798220077480834,0.48300228
B2A,ca386d38d2.jpg,0.6402943814472764,0.5418958
B2A,ca4170de40.jpg,0.7027006342723837,0.4600976
B2A,ca4a5b1d15.jpg,0.8393308493804789,0.46289128
B2A,ca6254d8af.jpg,0.893296596838973,0.30680615
B2A,ca62c55ebe.jpg,0.7826249478945272,0.42044237
B2A,ca66e77e70.jpg,0.5479643039730095,0.33579785
B2A,ca6833900f.jpg,0.5876217329474441,0.3708761
B2A,ca772b116e.jpg,0.8118313723258955,0.35953015
B2A,ca7b9ae1dd.jpg,0.8193183892252851,0.3800446
B2A,ca7ef68a39.jpg,0.7402956498908994,0.34232497
B2A,ca989796e8.jpg,0.5532398170857736,0.4659085
B2A,caa1dcc886.jpg,0.8070973261013309,0.42127293
B2A,caa6d72fa5.jpg,0.590880567284042,0.40208322
B2A,cac056399a.jpg,0.7694412162618812,0.48113722
B2A,cac112db80.jpg,0.7324106716282672,0.35230666
B2A,cacfe238bb.jpg,0.7913161016625336,0.30272084
B2A,cae6f0d5e8.jpg,0.8192154819864554,0.48524594
B2A,caf18820a4.jpg,0.8035664614680708,0.18932477
B2A,cafbfecee1.jpg,0.7300333851585951,0.3923527
B2A,cafe98985e.jpg,0.7894603939118904,0.27764165
B2A,caff162d50.jpg,0.8511417063711219,0.33530104
B2A,cb07b1bb83.jpg,0.6209833424818982,0.47002167
B2A,cb09a699d1.jpg,0.849628107792687,0.358943
B2A,cb0fc9a127.jpg,0.6695907305283834,0.69617325
B2A,cb15285d36.jpg,0.5612192248667845,0.4310157
B2A,cb165748bf.jpg,0.7599125089957006,0.5105098
B2A,cb324a9122.jpg,0.6630988708693286,0.48473895
B2A,cb4aa83692.jpg,0.7469974736440288,0.39814398
B2A,cb706347dd.jpg,0.5615759072710201,0.48024583
B2A,cb767cd641.jpg,0.48453270929876213,0.7712115
B2A,cb845e6db5.jpg,0.8224916776553507,0.40171912
B2A,cb88754eed.jpg,0.7733492502017942,0.31155726
B2A,cb91ecbdda.jpg,0.6330681906207476,0.5484882
B2A,cb9d6af792.jpg,0.7250625168719553,0.35430312
B2A,cb9dbaeffd.jpg,0.8159835576347245,0.4250214
B2A,cba38c093b.jpg,0.7954963144608279,0.3751508
B2A,cbafaf9b74.jpg,0.7822471319775414,0.3717597
B2A,cbb6e14382.jpg,0.7655998313274803,0.35095084
B2A,cbc4a88c49.jpg,0.6736910729593498,0.34420234
B2A,cbca2560a2.jpg,0.5488964747627748,0.34025496
B2A,cbca377969.jpg,0.697376129972954,0.41304216
B2A,cbcc092607.jpg,0.6994067709510217,0.47772554
B2A,cbd686ea00.jpg,0.6950245471388014,0.438995
B2A,cbdd08a030.jpg,0.7761041129395133,0.39378792
B2A,cbddae001d.jpg,0.7110570690907959,0.3384147
B2A,cbf582621e.jpg,0.6421726797819307,0.4664065
B2A,cbf635d566.jpg,0.7822702090214981,0.41386482
B2A,cbfb794656.jpg,0.75042099765918,0.34921652
B2A,cc03a70f14.jpg,0.7185915710496796,0.35014203
B2A,cc0a0dab48.jpg,0.6627924844356637,0.5158488
B2A,cc27c5fa12.jpg,0.5053332027480639,0.45512763
B2A,cc37cc11a3.jpg,0.6417276060143893,0.42505822
B2A,cc397c87b0.jpg,0.7987937509556988,0.47206578
B2A,cc3d775c49.jpg,0.7384123141545915,0.30650494
B2A,cc46b14bbf.jpg,0.7297329860721022,0.34024978
B2A,cc47cfe509.jpg,0.6109303685049443,0.49957377
B2A,cc48975f1d.jpg,0.8409440760441034,0.4631558
B2A,cc4e40864c.jpg,0.8307872392745298,0.3583454
B2A,cc5078a63b.jpg,0.6601139507043673,0.61403644
B2A,cc57246e94.jpg,0.7814988684750533,0.5051392
B2A,cc5ba51fab.jpg,0.7855613761257769,0.40658528
B2A,cc5fa7dcc6.jpg,0.6995460670755054,0.60655713
B2A,cc700e2ff5.jpg,0.7174976064209122,0.66598266
B2A,cc701e6899.jpg,0.7237734403821898,0.49594104
B2A,cc74028fc2.jpg,0.5195789079842817,0.48005182
B2A,cc79011331.jpg,0.7897831879213021,0.31047976
B2A,cc85351248.jpg,0.8358115784998171,0.3694572
B2A,cc8ce9bce8.jpg,0.7221420578078462,0.43388698
B2A,cc8ea5c3ef.jpg,0.8367847909417013,0.40662873
B2A,cc9c7d2ee1.jpg,0.7753746038247429,0.53249425
B2A,cca944dbaa.jpg,0.6530325200837985,0.35205197
B2A,ccac22a865.jpg,0.6034606290156612,0.4933359
B2A,ccb1c281ea.jpg,0.7061467846643275,0.46086758
B2A,ccdae48f44.jpg,0.6709589393486814,0.39865825
B2A,ccdb51d513.jpg,0.6068320424008421,0.38614422
B2A,cce7dc8ab2.jpg,0.7453942423463824,0.3014431
B2A,cceb177f89.jpg,0.7733704711337888,0.29557422
B2A,ccf03e66bc.jpg,0.6716953083007999,0.562345
B2A,ccf1814c56.jpg,0.7066961407458379,0.39518854
B2A,cd002af052.jpg,0.6599977845479392,0.622388
B2A,cd002f704d.jpg,0.6765621997935204,0.3816515
B2A,cd06750eef.jpg,0.824106685073932,0.29852796
B2A,cd06b978fe.jpg,0.8730601979473361,0.34497178
B2A,cd093d4318.jpg,0.657595378284754,0.56885433
B2A,cd0952c111.jpg,0.8537262375489117,0.32195622
B2A,cd1cb040fe.jpg,0.8268520367270181,0.4362259
B2A,cd303186fb.jpg,0.4512274247483085,0.6576731
B2A,cd34097029.jpg,0.5957792083277714,0.52514803
B2A,cd396d99a3.jpg,0.8135140553390104,0.41687867
B2A,cd3feb1181.jpg,0.5852915568256839,0.6408235
B2A,cd5d08f5be.jpg,0.7564440887280725,0.42293513
B2A,cd5e26b488.jpg,0.8474425838403487,0.38344854
B2A,cd697d2806.jpg,0.6861096618110546,0.4054728
B2A,cd6ebe93ba.jpg,0.6979327435039806,0.48546815
B2A,cd7c6b3be6.jpg,0.8443929236555131,0.367736
B2A,cd805dd2c1.jpg,0.833902815734227,0.4362796
B2A,cd813194f8.jpg,0.6351606804019405,0.54529184
B2A,cd8869c459.jpg,0.6361466450925868,0.36056447
B2A,cd8f124bd5.jpg,0.774091320835069,0.32424906
B2A,cd909a57e7.jpg,0.7611571087305099,0.51608455
B2A,cd91b78ba2.jpg,0.7876791101106291,0.43859208
B2A,cd9d87bc3d.jpg,0.7094067285287529,0.37764046
B2A,cdb10fd47a.jpg,0.6670434959683462,0.555519
B2A,cdb621d29d.jpg,0.529484461652259,0.3705042
B2A,cdd0aedc77.jpg,0.679291534565004,0.5652049
B2A,cddb43b9e7.jpg,0.6940158867595292,0.5115365
B2A,cddc890db6.jpg,0.7619758358189086,0.5029336
B2A,cde8917c39.jpg,0.660195194047617,0.43095338
B2A,ce09815c9c.jpg,0.6081704557248444,0.5115516
B2A,ce107a12eb.jpg,0.6910327812619691,0.37769198
B2A,ce15456147.jpg,0.6486965488900782,0.54298365
B2A,ce1740b144.jpg,0.6627355064310652,0.37923265
B2A,ce18e0a0f5.jpg,0.8061114551387825,0.49623048
B2A,ce2918591f.jpg,0.7669897743353178,0.3534256
B2A,ce2a521382.jpg,0.5924968927982464,0.42583087
B2A,ce4521380b.jpg,0.652097953119524,0.63488835
B2A,ce4868171a.jpg,0.47241135082629193,0.60827804
B2A,ce4c59ff3a.jpg,0.8528813180293233,0.42988598
B2A,ce55094dff.jpg,0.6755927774749582,0.51816124
B2A,ce56788f42.jpg,0.7714465445490222,0.3878654
B2A,ce5ac8d0da.jpg,0.7544613657164819,0.39050603
B2A,ce5b830de2.jpg,0.7576528667321693,0.29409772
B2A,ce5d913383.jpg,0.713684158254914,0.4919874
B2A,ce6578f48a.jpg,0.8907991621906467,0.3207184
B2A,ce7a05feca.jpg,0.7026803992296244,0.5170057
B2A,ce83fda480.jpg,0.7145896782537275,0.5084162
B2A,ce9872420a.jpg,0.5151127793910645,0.6463226
B2A,ce9998c68f.jpg,0.5587726062028892,0.4452868
B2A,cec03efc5b.jpg,0.7059529788504768,0.43161264
B2A,cec134e6c0.jpg,0.7763167403990747,0.37621588
B2A,ceca1f8fa9.jpg,0.6074112585394047,0.46269134
B2A,ced29e1b27.jpg,0.6400401546449199,0.34480548
B2A,ceed1c7fc6.jpg,0.8728336141013429,0.31186402
B2A,cefe679fa9.jpg,0.7740020825272442,0.28728014
B2A,cf019642a5.jpg,0.8116017828440293,0.40817615
B2A,cf02f9afe4.jpg,0.7017942831409376,0.44869065
B2A,cf137a4d6f.jpg,0.7622379166771204,0.3642912
B2A,cf1d695996.jpg,0.7742423543664894,0.36524612
B2A,cf32b9f4e9.jpg,0.6504843364283805,0.44191098
B2A,cf36c56c38.jpg,0.7391734586599813,0.50756705
B2A,cf38193966.jpg,0.8424028648535642,0.29512239
B2A,cf46e070e9.jpg,0.9207381748336938,0.48977172
B2A,cf476a1333.jpg,0.6622825201119827,0.48613128
B2A,cf510d8083.jpg,0.6266574979768439,0.60995626
B2A,cf5d68fd72.jpg,0.7155392524736834,0.35959882
B2A,cf6530e446.jpg,0.6804355272501932,0.50091773
B2A,cf6742d301.jpg,0.6497718297941978,0.5333934
B2A,cf8e66be82.jpg,0.7772663908054149,0.34157795
B2A,cfb3b9881d.jpg,0.6813079432584995,0.49651384
B2A,cfbca208c3.jpg,0.8205826823331488,0.44791532
B2A,cfbcd9372b.jpg,0.7915724683974917,0.3836144
B2A,cfc2bf0c47.jpg,0.6997984412761399,0.5839287
B2A,cfc6d4340f.jpg,0.43871236370867234,0.7128829
B2A,cfd44c64b5.jpg,0.7061807105562846,0.3570705
B2A,cfdaa19397.jpg,0.7844300887354995,0.3579231
B2A,cfe8899a0a.jpg,0.7806115371291079,0.35628113
B2A,cff53a63a5.jpg,0.6323144908460927,0.64810956
B2A,d003814d0e.jpg,0.7544237366972225,0.4263013
B2A,d00da2c9a6.jpg,0.6617897227673927,0.34905937
B2A,d01c505d6c.jpg,0.7102114664102313,0.48802397
B2A,d01ee012a8.jpg,0.6733069919768705,0.38172668
B2A,d03cc29634.jpg,0.7806402036216511,0.4230647
B2A,d03eda30db.jpg,0.7621831784621729,0.4048008
B2A,d053572af4.jpg,0.7709835597881143,0.41712806
B2A,d05f7b46c4.jpg,0.5596245784469497,0.6488114
B2A,d0765946b2.jpg,0.8145949310039091,0.36972117
B2A,d08cb8e751.jpg,0.7057399867530535,0.5250682
B2A,d09ad65e9a.jpg,0.5925935823396942,0.60206485
B2A,d0a1eed9dd.jpg,0.7578160336691177,0.44288936
B2A,d0b792d050.jpg,0.7491809836598465,0.44780755
B2A,d0be1cb49b.jpg,0.6818350218254152,0.4781648
B2A,d0bf5f6a79.jpg,0.7564118970729661,0.39495543
B2A,d0c2bf5ee4.jpg,0.6261996908145975,0.378411
B2A,d0c5001014.jpg,0.890148927642351,0.35955647
B2A,d0cb3e02c5.jpg,0.7605979547138154,0.3686884
B2A,d0de1d07ab.jpg,0.818870173720351,0.41126168
B2A,d0e02b3cca.jpg,0.6935118824833938,0.58659446
B2A,d0e5067af3.jpg,0.812222606422212,0.4584758
B2A,d0eda9c6a2.jpg,0.8191042809231428,0.39577758
B2A,d0f878cc17.jpg,0.5860494106455286,0.58794117
B2A,d0ff4dbd71.jpg,0.7215205313048754,0.6262215
B2A,d1015b409e.jpg,0.5551422787088198,0.6001578
B2A,d104600dfb.jpg,0.8150357151428901,0.4025442
B2A,d12a49b5f4.jpg,0.7339486964276243,0.29416743
B2A,d1340eb9e0.jpg,0.728977875905862,0.46489722
B2A,d14363b745.jpg,0.7513321593796741,0.55474746
B2A,d146966f14.jpg,0.8279997052365596,0.33122167
B2A,d161e72471.jpg,0.6934092649767858,0.4086303
B2A,d169a63b7f.jpg,0.7425876296745801,0.37179187
B2A,d17d89d337.jpg,0.6972884795772811,0.42797655
B2A,d1879069e7.jpg,0.6158692960520271,0.56359375
B2A,d188b93438.jpg,0.7612880684575604,0.45265952
B2A,d188df6a22.jpg,0.6382475180970127,0.52435535
B2A,d1893ab238.jpg,0.7830060143673969,0.37600413
B2A,d1a661c8da.jpg,0.8000370608497074,0.33329332
B2A,d1a6cb893d.jpg,0.5913967635084955,0.68893534
B2A,d1ad00d90c.jpg,0.6352356008732999,0.5736749
B2A,d1e043b730.jpg,0.7319179002024787,0.40036714
B2A,d1e060bfb6.jpg,0.7852711095493219,0.34938973
B2A,d1e18d7e5b.jpg,0.4911641812083521,0.5083091
B2A,d1e6fbffd7.jpg,0.7458131471922749,0.46768376
B2A,d1f62310c3.jpg,0.7709701023670616,0.31490463
B2A,d225c560e6.jpg,0.7367000684067144,0.38502637
B2A,d246393b8c.jpg,0.6307647764586776,0.46790007
B2A,d279169f0b.jpg,0.7275266773359361,0.44130194
B2A,d27b1e3c9b.jpg,0.7795909327453238,0.48543397
B2A,d2b5bc2fec.jpg,0.7612455487187982,0.4457643
B2A,d2c6728caf.jpg,0.7526318924783795,0.54447526
B2A,d2d4d23be2.jpg,0.7690687898580101,0.49198362
B2A,d2db5c1d58.jpg,0.6749471462222559,0.5586276
B2A,d2e17623a7.jpg,0.4709907223436315,0.54207337
B2A,d2e6f685fd.jpg,0.6376124858288161,0.5190975
B2A,d2e84b4d1e.jpg,0.6500432304354475,0.45963117
B2A,d2fc2edddc.jpg,0.8785544214022982,0.39039698
B2A,d314454c0e.jpg,0.7424917247283719,0.34025156
B2A,d314628676.jpg,0.821007841424541,0.49117285
B2A,d3154830df.jpg,0.7024101708883024,0.46095893
B2A,d31a8ff3a5.jpg,0.6374329926691706,0.4420375
B2A,d32205861f.jpg,0.6656629142442684,0.44504455
B2A,d3269848d4.jpg,0.7624349332134821,0.3656054
B2A,d3284f750d.jpg,0.6849846427316423,0.37973547
B2A,d32eb0c36c.jpg,0.7324690597289695,0.4187394
B2A,d32ed2129f.jpg,0.7657710167482874,0.3218203
B2A,d33072a436.jpg,0.7507279119080549,0.42522222
B2A,d336c14238.jpg,0.8727030779588295,0.27114636
B2A,d3394edae8.jpg,0.8006585009461443,0.365592
B2A,d33f9a1542.jpg,0.7558873209060327,0.3472041
B2A,d35ae2cbae.jpg,0.6764625133040822,0.5989416
B2A,d35bc5d14a.jpg,0.8378552077907077,0.5069902
B2A,d3650f6c75.jpg,0.8128513263791596,0.3632683
B2A,d3703e6c9e.jpg,0.8749615640687304,0.29194024
B2A,d37045ad87.jpg,0.6463078466573086,0.468756
B2A,d37e5269d1.jpg,0.9088326396542962,0.26667956
B2A,d38aea73cd.jpg,0.739138191734017,0.44946545
B2A,d38b20fe5c.jpg,0.5892094467438191,0.5732251
B2A,d3930d44de.jpg,0.5380454301438532,0.6043351
B2A,d3957c616c.jpg,0.6249375943614667,0.4704677
B2A,d39869db76.jpg,0.8221898653102273,0.36115575
B2A,d3a25f9804.jpg,0.5950261407233939,0.47734272
B2A,d3aab5add0.jpg,0.781536467912887,0.39624324
B2A,d3b6567912.jpg,0.6089440286002844,0.60676134
B2A,d3c463dd3b.jpg,0.762888014858751,0.43847665
B2A,d3c57387ec.jpg,0.5099164092414238,0.47836104
B2A,d3f0e309e0.jpg,0.8365208587140025,0.29649076
B2A,d3f0f026a8.jpg,0.5621802312642125,0.51815295
B2A,d3f2a0bb2c.jpg,0.662606024427839,0.4478249
B2A,d3f454681f.jpg,0.7674197591502544,0.4032112
B2A,d3f696828f.jpg,0.7610773799639423,0.39031687
B2A,d3ff9bca9e.jpg,0.6229503332868815,0.41823283
B2A,d415017bc2.jpg,0.7527587110854013,0.43281585
B2A,d418ba98f8.jpg,0.753882727939016,0.5697647
B2A,d41cc915ff.jpg,0.8335964158309868,0.38050044
B2A,d42372229a.jpg,0.6242087921916744,0.4881765
B2A,d42f03cd81.jpg,0.8070334169048171,0.38829532
B2A,d42f6d7652.jpg,0.8237592134331354,0.38954437
B2A,d4471a4a4e.jpg,0.6128220989759243,0.5790502
B2A,d44857998f.jpg,0.7808106578448193,0.498467
B2A,d4689bd3d9.jpg,0.8288223887072336,0.30211008
B2A,d47b4da779.jpg,0.8127786996351711,0.42386103
B2A,d4844e2dad.jpg,0.6341912332655606,0.5207197
B2A,d48a2d6bfd.jpg,0.7645829862034719,0.3360337
B2A,d48b8bf03a.jpg,0.6966899049131915,0.5548266
B2A,d492ae08d5.jpg,0.7672546756725453,0.6192683
B2A,d498591082.jpg,0.6857022975023285,0.46671176
B2A,d4a71919e4.jpg,0.6926643270932354,0.6573523
B2A,d4bb813fdc.jpg,0.7225340155003189,0.4041042
B2A,d4c215c09e.jpg,0.800295576302537,0.3625544
B2A,d4c2eb38da.jpg,0.5962767721208959,0.5949804
B2A,d4cbd9c9b0.jpg,0.7939757320489634,0.5890347
B2A,d4cdb47bdf.jpg,0.69209272984175,0.40727967
B2A,d4ce5e251f.jpg,0.7552388725513667,0.32486337
B2A,d4d578acf5.jpg,0.4650056358456138,0.42011058
B2A,d4dbddb77b.jpg,0.6633184974015336,0.42520702
B2A,d4de7602c5.jpg,0.8644146835204718,0.30772257
B2A,d4dee83e40.jpg,0.7054494508941009,0.46190512
B2A,d4e9f0b0ce.jpg,0.7839445150955361,0.3207782
B2A,d4f60f4701.jpg,0.7138463618458437,0.5661679
B2A,d4f9dfa248.jpg,0.7773686525582065,0.33302516
B2A,d509c85ae9.jpg,0.83073648335597,0.31901908
B2A,d5111e3439.jpg,0.8416553144732581,0.33786014
B2A,d52dea5485.jpg,0.8056330539578496,0.36520103
B2A,d532d31ce9.jpg,0.7203958473988628,0.3545615
B2A,d53b1a61cc.jpg,0.7796660629151604,0.3616165
B2A,d53c1a6896.jpg,0.8212792810803611,0.4861871
B2A,d53c658d5d.jpg,0.8083655716132427,0.30600178
B2A,d549b4831b.jpg,0.738881162546224,0.41194257
B2A,d5568c935b.jpg,0.7724117890417667,0.3493206
B2A,d565375662.jpg,0.6309251653918342,0.40282565
B2A,d5672156cb.jpg,0.7011411395226846,0.36329913
B2A,d5687d4334.jpg,0.49595245170837415,0.71823907
B2A,d573bdf312.jpg,0.8291083234691459,0.4075244
B2A,d587e73d3c.jpg,0.45226427224879895,0.40679997
B2A,d58ae30774.jpg,0.5800255487974303,0.3659899
B2A,d59e1972e6.jpg,0.6412717042557962,0.39216778
B2A,d5a509f069.jpg,0.5281944467760978,0.54613477
B2A,d5a787ca7f.jpg,0.8886299976372273,0.32415575
B2A,d5bdd46e8e.jpg,0.6247130186228621,0.39326102
B2A,d5c5f591ab.jpg,0.6681074974407303,0.5625938
B2A,d5c7781f64.jpg,0.8145598309080104,0.34720904
B2A,d5d2fad470.jpg,0.7671831856233551,0.33563882
B2A,d5d5790444.jpg,0.7425674446543761,0.3983867
B2A,d5d6b091be.jpg,0.7837399147503583,0.49788344
B2A,d5df90dea4.jpg,0.8172729632904461,0.34400204
B2A,d5f266c340.jpg,0.5607054005668282,0.6824413
B2A,d5f3633c07.jpg,0.8339650960813355,0.42671221
B2A,d5fa8c4e07.jpg,0.7069472119501437,0.45989883
B2A,d5fd16b1ae.jpg,0.7692439619003123,0.4667227
B2A,d604fa140f.jpg,0.6197176997678266,0.6299402
B2A,d6086a2b97.jpg,0.8515065335629307,0.33609843
B2A,d615a2ad47.jpg,0.8036285979492706,0.32379645
B2A,d62a9671f5.jpg,0.7101452296437258,0.29977953
B2A,d62e9d07dd.jpg,0.6945896250304098,0.50693136
B2A,d62eeaccb0.jpg,0.8500839729778285,0.38600385
B2A,d63d194a4d.jpg,0.6330310218006067,0.6847184
B2A,d64608c4e4.jpg,0.5599587341548226,0.5018422
B2A,d6485b0368.jpg,0.7164373400087377,0.35913557
B2A,d665568cdf.jpg,0.7725928233625415,0.5198804
B2A,d6711262bf.jpg,0.8347205431624849,0.3033871
B2A,d696cf4eaf.jpg,0.7240600642868628,0.4646489
B2A,d6970035e5.jpg,0.5525292096724581,0.28893968
B2A,d6a2175011.jpg,0.6582315798257111,0.47642326
B2A,d6a72784ba.jpg,0.7036377324280341,0.5300795
B2A,d6ae4d6c30.jpg,0.7028034437911331,0.5468067
B2A,d6b0733797.jpg,0.8293811377032279,0.41556317
B2A,d6c5343b4f.jpg,0.9190527105542243,0.42266798
B2A,d6d5bf2fc2.jpg,0.6860857522505185,0.41688716
B2A,d6d97e039e.jpg,0.6482024974216872,0.5302956
B2A,d6da10b7f5.jpg,0.8051408309929152,0.40515858
B2A,d6dcf25188.jpg,0.7766092676917374,0.32262808
B2A,d6e30ab5d6.jpg,0.8214420607489218,0.34768337
B2A,d6ec137527.jpg,0.7207963319785794,0.39788675
B2A,d6ffd07557.jpg,0.5754343929301905,0.43928573
B2A,d710d55142.jpg,0.7032408375753766,0.38900423
B2A,d711d39160.jpg,0.688247233003114,0.44798958
B2A,d725fc1f6c.jpg,0.7194003094461731,0.40966782
B2A,d735b2e3ba.jpg,0.6184286241218268,0.46759462
B2A,d73677d70a.jpg,0.801093205066764,0.47336876
B2A,d74102274f.jpg,0.6126675386528522,0.53549266
B2A,d744753df3.jpg,0.7564905700703218,0.39289567
B2A,d750bc223e.jpg,0.7549628554574597,0.39045858
B2A,d768b070fb.jpg,0.6238382697921596,0.56899136
B2A,d76a286580.jpg,0.8595873655021613,0.30838725
B2A,d77588d82a.jpg,0.6452888365708641,0.37477836
B2A,d780fc984e.jpg,0.7862695324344654,0.49180365
B2A,d782a6d8c3.jpg,0.8377576454572073,0.29580313
B2A,d782a9909e.jpg,0.44858277931725954,0.62911713
B2A,d7931ef243.jpg,0.7369383277883682,0.37344328
B2A,d796721fb5.jpg,0.6628572678936484,0.4041301
B2A,d7a476f83c.jpg,0.694246399774106,0.49606767
B2A,d7a5cd28b6.jpg,0.7732769115240476,0.4404496
B2A,d7a7a0f511.jpg,0.7084099036026686,0.51680267
B2A,d7a88b2a80.jpg,0.7453778123066161,0.3960653
B2A,d7aba83758.jpg,0.7705137718042843,0.31930554
B2A,d7b0822c4d.jpg,0.5998506605816348,0.38587347
B2A,d7ba967556.jpg,0.8305623431892603,0.4167503
B2A,d7c80f2f1c.jpg,0.5984714950511549,0.42565876
B2A,d7d2dcd8cb.jpg,0.7166540563803444,0.29776564
B2A,d7db542422.jpg,0.701884147515309,0.45993167
B2A,d7e12eb311.jpg,0.5305571285418388,0.49127918
B2A,d7e1b8775d.jpg,0.8020128082142728,0.3980068
B2A,d7e64f3b75.jpg,0.7013418758890928,0.53563654
B2A,d7e948b103.jpg,0.8762636723611084,0.36782303
B2A,d7f0767146.jpg,0.6941748357341635,0.32938585
B2A,d7f614f501.jpg,0.7217156808346259,0.3747763
B2A,d7f98bd210.jpg,0.5136179831662407,0.43475714
B2A,d7fa7571fb.jpg,0.9021920028185477,0.31658122
B2A,d7faed0983.jpg,0.8141470124690787,0.34358835
B2A,d7fe5c1813.jpg,0.6660471768861416,0.4987892
B2A,d8071daab5.jpg,0.8097459086445515,0.34325546
B2A,d80d4c93de.jpg,0.6165384425695877,0.5065852
B2A,d8203958e4.jpg,0.7094810802717091,0.3513183
B2A,d828712765.jpg,0.6119369829751607,0.42247984
B2A,d829b461da.jpg,0.7202914103096568,0.27937746
B2A,d8352d8b46.jpg,0.6136345976808586,0.46983945
B2A,d83783faee.jpg,0.8267276240266264,0.36995795
B2A,d83b284745.jpg,0.8356395199233106,0.39183846
B2A,d84246da4d.jpg,0.828560627532832,0.29537782
B2A,d842c67749.jpg,0.6609952010813347,0.608179
B2A,d84eb83137.jpg,0.7866770317121661,0.362905
B2A,d8520bbf71.jpg,0.7454444115789859,0.6600319
B2A,d860d82c66.jpg,0.6340852887506859,0.41255674
B2A,d86bcf2cb1.jpg,0.5664041313488454,0.61939114
B2A,d871a0f7d6.jpg,0.728004439298112,0.38341123
B2A,d8733f7b37.jpg,0.6657837963144909,0.5334985
B2A,d88df3e4db.jpg,0.5986528585200809,0.4300082
B2A,d896bafc3a.jpg,0.6371997693357365,0.47297263
B2A,d8a5d84b9c.jpg,0.7166896502176526,0.4332193
B2A,d8a82e544c.jpg,0.858625910086307,0.5255442
B2A,d8b5422831.jpg,0.679031092381613,0.57484156
B2A,d8b89867b7.jpg,0.6082200383251684,0.56854993
B2A,d8e591ee2c.jpg,0.6921485121670546,0.36729476
B2A,d8f841bc79.jpg,0.727094054479995,0.5712087
B2A,d8fbe8e68c.jpg,0.8246312338165477,0.34740058
B2A,d9081260de.jpg,0.7788657668646912,0.447575
B2A,d90bdfc690.jpg,0.5861794952030973,0.5101162
B2A,d910783d61.jpg,0.6463489146798498,0.522357
B2A,d91c1034e5.jpg,0.8150235168733903,0.45008397
B2A,d91c9eba83.jpg,0.8532885269154034,0.5874112
B2A,d9213433cf.jpg,0.7984937318373478,0.4134004
B2A,d925ef5aff.jpg,0.5997051751468472,0.61962783
B2A,d926f81b43.jpg,0.687226807796253,0.4348618
B2A,d939c19419.jpg,0.7800202227981792,0.34194505
B2A,d93e5f8eb7.jpg,0.6893545451540195,0.57482845
B2A,d93e6be372.jpg,0.8738251212517676,0.35369012
B2A,d94541fa5b.jpg,0.7470926435673483,0.3762136
B2A,d94766bf33.jpg,0.5643642138871254,0.5579965
B2A,d9543c27a3.jpg,0.612581577734106,0.35944006
B2A,d9553c2962.jpg,0.772558313043061,0.36691195
B2A,d95ef93115.jpg,0.8170739412796102,0.3509206
B2A,d961320e9a.jpg,0.7649610707145325,0.4180386
B2A,d9625e6971.jpg,0.7061540924289528,0.41871634
B2A,d9673840a1.jpg,0.5415704364610171,0.6266218
B2A,d96e82c6f6.jpg,0.6358773420333664,0.44674513
B2A,d971072ac0.jpg,0.6175725932429643,0.3763802
B2A,d97bbd8692.jpg,0.6775305010722114,0.4584865
B2A,d97f10bdd5.jpg,0.7113930712212376,0.42757604
B2A,d993fbb271.jpg,0.6843053329964252,0.34608716
B2A,d997322544.jpg,0.7707464930831728,0.3514122
B2A,d99ae9a1ca.jpg,0.6667067616403618,0.5428051
B2A,d9a87c0d5d.jpg,0.7215777221301262,0.4999113
B2A,d9bbbafa03.jpg,0.7774280923435786,0.4414301
B2A,d9c29a7cbf.jpg,0.6609742780006332,0.3653747
B2A,d9c5c047d2.jpg,0.7965904567282281,0.26121804
B2A,d9c9f0392c.jpg,0.7738668391302472,0.4360414
B2A,d9cbda5356.jpg,0.740703054719671,0.31804234
B2A,d9da605ace.jpg,0.6140537300486976,0.57426274
B2A,d9e227f734.jpg,0.775986699613106,0.41397747
B2A,d9e879879a.jpg,0.6459864412252835,0.49401474
B2A,da02be50b3.jpg,0.6383529969389653,0.40485135
B2A,da0471dd85.jpg,0.559811525435902,0.7006493
B2A,da10c654ce.jpg,0.8205734578753153,0.4038783
B2A,da2691d719.jpg,0.827888970511446,0.46231604
B2A,da28b99645.jpg,0.7493492790536067,0.32278094
B2A,da342ea116.jpg,0.8284305457883768,0.37227654
B2A,da392927b1.jpg,0.7979751284473731,0.33782768
B2A,da3b4dd28e.jpg,0.6210594753823018,0.61297905
B2A,da3bac3250.jpg,0.6366155412617818,0.39774585
B2A,da53718103.jpg,0.7271392829231943,0.5157051
B2A,da6c915502.jpg,0.8564995587399301,0.32232383
B2A,da6d4d9ea2.jpg,0.7323682392131725,0.40588337
B2A,da86565952.jpg,0.4036086126725913,0.6038397
B2A,da920bf4bc.jpg,0.692169554809829,0.43451852
B2A,daa4352f54.jpg,0.6338856496001938,0.62372357
B2A,daa8fa4579.jpg,0.7703746087124949,0.3848141
B2A,dabaad16e8.jpg,0.509914308909578,0.6035104
B2A,dabaf0f8aa.jpg,0.7872036450961014,0.3762968
B2A,dabcf502f4.jpg,0.561036014767316,0.6341582
B2A,dac8b251fd.jpg,0.7763526717788315,0.36657774
B2A,dae46a168b.jpg,0.8604979300125575,0.27817553
B2A,dae9ee7a11.jpg,0.5577113749837083,0.5090084
B2A,daee416ffe.jpg,0.8329801419902206,0.41276506
B2A,daf0f4bdc1.jpg,0.8093270804841116,0.4033626
B2A,dafda5c17a.jpg,0.5798612894870395,0.5441197
B2A,db00979196.jpg,0.7140710411628965,0.30300388
B2A,db052e5241.jpg,0.8534693932775486,0.41475278
B2A,db0d9fdaec.jpg,0.5519315653387895,0.41354647
B2A,db0ecb48c4.jpg,0.8170516258949092,0.42589974
B2A,db14eba4e1.jpg,0.7250010904961468,0.46492305
B2A,db18f28537.jpg,0.7344195061654039,0.40665004
B2A,db1f18b059.jpg,0.7309273913999551,0.36782897
B2A,db2b40dd94.jpg,0.7197596769185425,0.4327929
B2A,db2e0f3cdf.jpg,0.7411560831602296,0.49742
B2A,db4fd99e56.jpg,0.7354384724175883,0.462785
B2A,db58221d78.jpg,0.839954168307929,0.38064343
B2A,db59f96bfc.jpg,0.76564811403511,0.4079545
B2A,db70823e2b.jpg,0.7449650372170699,0.47628087
B2A,db7fd38aa5.jpg,0.5608435242613069,0.38333392
B2A,db86c73152.jpg,0.8146151358416824,0.35197723
B2A,db9cfcd293.jpg,0.7042950536680148,0.4001962
B2A,dba404b1bd.jpg,0.4321020240822319,0.46404156
B2A,dbba4e41d0.jpg,0.7342076124875478,0.4447801
B2A,dbbe9bbb8e.jpg,0.780272360112294,0.3360012
B2A,dbbed3a8c7.jpg,0.766240444173112,0.48798177
B2A,dbbfe0e846.jpg,0.723891480732481,0.46718615
B2A,dbc0d26415.jpg,0.7882953472973045,0.4017413
B2A,dbc5daad12.jpg,0.6784959973639597,0.5527493
B2A,dbd3bf1236.jpg,0.8419427261792276,0.40131497
B2A,dbef8e6c0a.jpg,0.7502636788063703,0.38005292
B2A,dbf9e7be99.jpg,0.8297126039281592,0.47276613
B2A,dc0f97a1aa.jpg,0.6779075902624713,0.40266258
B2A,dc121d7f9b.jpg,0.7088003353254098,0.5696124
B2A,dc258c8a0b.jpg,0.7157592206938258,0.330622
B2A,dc26513fe8.jpg,0.7457974834759533,0.36117578
B2A,dc2abc2e66.jpg,0.8339036061363182,0.3901947
B2A,dc307002d2.jpg,0.5990967184240462,0.5182525
B2A,dc549bebc4.jpg,0.7350479198255728,0.40317082
B2A,dc5829408f.jpg,0.7628275654906377,0.5614184
B2A,dc5f1c23a0.jpg,0.8305479714975409,0.2881962
B2A,dc629cae14.jpg,0.7541776969199463,0.3990206
B2A,dc631c9b2a.jpg,0.8183851212123578,0.35170704
B2A,dc74902b39.jpg,0.6880547177973334,0.46343273
B2A,dc8a5d64eb.jpg,0.6635599989336152,0.42971712
B2A,dc8b552cc5.jpg,0.8162164812540122,0.38655847
B2A,dc938fd3f7.jpg,0.7608074994408652,0.43271673
B2A,dc98f07caf.jpg,0.7821095308658939,0.33008677
B2A,dc9943d9eb.jpg,0.5718938972256247,0.66655207
B2A,dc9d581332.jpg,0.6057129836399079,0.47957492
B2A,dca4c17096.jpg,0.6971463717479495,0.3676933
B2A,dcbdd75640.jpg,0.8108004786881661,0.3525745
B2A,dcca4f8bb6.jpg,0.8275199793579006,0.25714073
B2A,dccb6e42ee.jpg,0.609142959193955,0.51502156
B2A,dce963b80b.jpg,0.670675282010839,0.6106316
B2A,dcf4c2cbb1.jpg,0.6034290256795581,0.4314136
B2A,dcfa634264.jpg,0.7858337175647825,0.3288822
B2A,dd036adfe5.jpg,0.797783352287842,0.4511247
B2A,dd232bb32f.jpg,0.6138699944717373,0.3621669
B2A,dd26e604b1.jpg,0.6002026921950145,0.46355706
B2A,dd2a4f5af6.jpg,0.7624008878663241,0.28116423
B2A,dd59da4b8e.jpg,0.7798460161349585,0.42029342
B2A,dd6a426ccb.jpg,0.763922620018081,0.32857066
B2A,dd80a0ae1c.jpg,0.8677247744125212,0.3953776
B2A,dd8cf7b53e.jpg,0.6824193867882716,0.44740617
B2A,dd98d8bda5.jpg,0.7964910645280885,0.27048635
B2A,dda084c63b.jpg,0.6758426339148599,0.51515937
B2A,ddb1124c29.jpg,0.8345529770131545,0.3248436
B2A,ddb17e566c.jpg,0.693932816726277,0.46044588
B2A,ddb386ce3e.jpg,0.7430119143394953,0.4375167
B2A,ddb8baf94a.jpg,0.776463800169585,0.4787747
B2A,ddc08a0803.jpg,0.8823310486538433,0.3670758
B2A,ddc5ea8270.jpg,0.7593038908777218,0.4298912
B2A,ddd674f433.jpg,0.7042444167010176,0.4189257
B2A,dde4567678.jpg,0.7961138814084809,0.31769663
B2A,de010cbbc2.jpg,0.7603542971821119,0.49450672
B2A,de059c7bbf.jpg,0.8428706622440995,0.2999545
B2A,de05b6bb2f.jpg,0.7768537446569145,0.3396976
B2A,de10876989.jpg,0.6914146593594748,0.38787267
B2A,de241d55fc.jpg,0.9539750591227524,0.30739108
B2A,de2f9d1599.jpg,0.6609770673171848,0.3564396
B2A,de31a67502.jpg,0.6666429518505848,0.5020541
B2A,de34c78357.jpg,0.6441869004571571,0.43898422
B2A,de37e2ad60.jpg,0.8063150880497655,0.371436
B2A,de457df144.jpg,0.8301275278926772,0.3768257
B2A,de4f73e2e6.jpg,0.5262693194116271,0.5143104
B2A,de59f8afb3.jpg,0.7632291919951417,0.44845882
B2A,de6510a7ab.jpg,0.869880284926253,0.29224062
B2A,de6bf0cb04.jpg,0.7283440999231386,0.46231478
B2A,de7ed78f5a.jpg,0.6537039593608914,0.5254464
B2A,de86577a5b.jpg,0.5942386538832202,0.28686798
B2A,de86feb03d.jpg,0.6099948753715878,0.41621247
B2A,dea009ab5b.jpg,0.7700239434738618,0.4683402
B2A,dea330a02f.jpg,0.824183632168639,0.40187284
B2A,deafff753c.jpg,0.6600950224169451,0.53086925
B2A,deb67f6b0e.jpg,0.7343160059714441,0.4417207
B2A,debf11d04c.jpg,0.8572388506824358,0.40081063
B2A,dec3ab2321.jpg,0.8113500306211431,0.41519365
B2A,ded7482c2c.jpg,0.798104286461015,0.34520668
B2A,ded8ffa3ca.jpg,0.8039979810104931,0.33129942
B2A,def0cd31b2.jpg,0.696237147849582,0.64152807
B2A,def8bd92f4.jpg,0.6681966399958285,0.64525986
B2A,df017c0778.jpg,0.7887043639653305,0.42542836
B2A,df04d84ca9.jpg,0.7563444624363954,0.44249645
B2A,df1b2ded30.jpg,0.7288686275768986,0.46698803
B2A,df21dd363b.jpg,0.8683462119534193,0.40302107
B2A,df26cc01aa.jpg,0.7668495866556437,0.33422598
B2A,df2c0d53a4.jpg,0.6278550336948336,0.5573415
B2A,df2eddf8b4.jpg,0.7861305647216419,0.29140654
B2A,df34b6c0e8.jpg,0.7544146292558492,0.41476363
B2A,df3688f698.jpg,0.6215245983584297,0.48814264
B2A,df36a9efd4.jpg,0.5790510756753509,0.59060913
B2A,df4975e8bf.jpg,0.8772711525537896,0.32407933
B2A,df571c611d.jpg,0.6697454935833597,0.40900254
B2A,df65517316.jpg,0.5199376172101411,0.51095474
B2A,df717b23e2.jpg,0.7016178021549363,0.407975
B2A,df71b50ac1.jpg,0.7171299162279293,0.36420965
B2A,df7438a2d8.jpg,0.62814905552822,0.47661692
B2A,df75caef2e.jpg,0.8314520027784763,0.28112215
B2A,df7ada692b.jpg,0.7308931252522781,0.4402266
B2A,df895d4f4f.jpg,0.8046280456752035,0.37314498
B2A,dfa6cb635d.jpg,0.637629069668495,0.44116008
B2A,dfb9e202de.jpg,0.6970487845425024,0.5565491
B2A,dfbd52ecf5.jpg,0.7390877689750717,0.4189597
B2A,dfcd9af740.jpg,0.8257735096162313,0.45050722
B2A,dfd3b1a8bf.jpg,0.7264893534819536,0.6844195
B2A,dfdb05692f.jpg,0.8394143021380355,0.3799052
B2A,dfdf679899.jpg,0.7433114251719944,0.39643824
B2A,dfe59079af.jpg,0.7017749072597897,0.40004966
B2A,dfedfba018.jpg,0.7237313471549447,0.33343345
B2A,dfee298b96.jpg,0.5861262017322795,0.6912641
B2A,dff450dda1.jpg,0.8302977781829658,0.37280157
B2A,dff66a7d64.jpg,0.6817608696409191,0.64682066
B2A,dff763c552.jpg,0.7229081522189201,0.48884156
B2A,e00bba74a2.jpg,0.7602984675727057,0.4450373
B2A,e01fe394d8.jpg,0.8314812132271598,0.41860762
B2A,e0216cf2a8.jpg,0.5866762313168884,0.5776419
B2A,e0316f1950.jpg,0.6133084981245979,0.57726526
B2A,e0328c7d7c.jpg,0.7134222854157818,0.46673504
B2A,e038af63fe.jpg,0.8081451606855536,0.41083267
B2A,e039712ade.jpg,0.7220745615272383,0.36960986
B2A,e03b2a6164.jpg,0.5755701260758158,0.31830764
B2A,e04291a057.jpg,0.7902841597145236,0.39322567
B2A,e048cbd49e.jpg,0.8344514405439492,0.36320418
B2A,e050f1a2a9.jpg,0.8011177914241586,0.4824171
B2A,e05899ed06.jpg,0.5794901159133217,0.42985573
B2A,e05c7f85ef.jpg,0.7968480985349679,0.3203634
B2A,e068415db1.jpg,0.6663848174977255,0.4312817
B2A,e068928755.jpg,0.8155073637132392,0.38335663
B2A,e071db584c.jpg,0.8126720617126054,0.33686325
B2A,e0839b3c2e.jpg,0.7356822600989347,0.3555889
B2A,e08fc2d70e.jpg,0.7963842183446328,0.5000516
B2A,e091476985.jpg,0.7943408072292251,0.29790103
B2A,e09576695b.jpg,0.7844587476009646,0.42228973
B2A,e0a9fecd26.jpg,0.6565632610282202,0.40103352
B2A,e0b1a4f104.jpg,0.6380967432368102,0.41087317
B2A,e0b6abfd6d.jpg,0.6657625972622205,0.3769864
B2A,e0c949a987.jpg,0.8363282912786693,0.4132294
B2A,e0cfa9d464.jpg,0.7116455688732655,0.34621966
B2A,e0d48fc860.jpg,0.8192025348841007,0.43630546
B2A,e0d7f40a24.jpg,0.701927587333825,0.54315066
B2A,e0d9fadae6.jpg,0.6713065300104203,0.24509397
B2A,e0db07d90e.jpg,0.6858171505128129,0.5458115
B2A,e0e0bd66eb.jpg,0.5209592415634181,0.33528787
B2A,e0edc2d1ff.jpg,0.7925898008017621,0.40088576
B2A,e0f0dc2983.jpg,0.6466835525347929,0.5135739
B2A,e0f7f0bb22.jpg,0.5584322512595311,0.34429562
B2A,e0fce775af.jpg,0.6800799135672705,0.38922304
B2A,e0ffb419d8.jpg,0.5582373340171067,0.5276811
B2A,e103e37ef6.jpg,0.5361280723017887,0.46918008
B2A,e10f4e0249.jpg,0.9278840086126291,0.2697475
B2A,e1107c721b.jpg,0.6448142429781647,0.6471375
B2A,e12532498c.jpg,0.7291987108048014,0.48416382
B2A,e13f5e00b9.jpg,0.8711217001735377,0.33224982
B2A,e1421bcb6d.jpg,0.6160555721858973,0.6334434
B2A,e14520fb9c.jpg,0.6827669290875497,0.58632267
B2A,e154b39c0c.jpg,0.6600453795080741,0.42697832
B2A,e158554d68.jpg,0.6135741598234673,0.73743474
B2A,e15ebb6b26.jpg,0.5724142684782152,0.51707387
B2A,e180ce65fe.jpg,0.8155104567668313,0.48751464
B2A,e18c605daf.jpg,0.7874888219676885,0.3780989
B2A,e191e362cc.jpg,0.8429418132588475,0.32359803
B2A,e195754758.jpg,0.5995755841617996,0.43715188
B2A,e1b8768630.jpg,0.4185275413312276,0.4449855
B2A,e1e42d1e1d.jpg,0.7583529982072256,0.43766606
B2A,e1e7add957.jpg,0.837545837570687,0.2695128
B2A,e1f01aed34.jpg,0.7140469965944246,0.31037927
B2A,e1f044dff1.jpg,0.5888173781990187,0.6025761
B2A,e2050f818f.jpg,0.7365005041701256,0.438264
B2A,e20e016680.jpg,0.6407736076540426,0.565515
B2A,e20f79f596.jpg,0.7052162778549953,0.5447066
B2A,e218d1a1ea.jpg,0.6364045108924407,0.45911103
B2A,e219f69873.jpg,0.8388672516953839,0.33490884
B2A,e22fbe22ff.jpg,0.5826561386616544,0.4574935
B2A,e239290d7a.jpg,0.7972850758663496,0.4195826
B2A,e23da13385.jpg,0.668663448057171,0.5012656
B2A,e23dd4b66b.jpg,0.7818308969052908,0.35610545
B2A,e24d11659e.jpg,0.7586083316199879,0.34156144
B2A,e25a309e7f.jpg,0.6860771768893078,0.50411344
B2A,e262ebdb71.jpg,0.7443660916679395,0.37845087
B2A,e26f08910a.jpg,0.8389036291800094,0.31311843
B2A,e276cfea71.jpg,0.7571956567552788,0.3796196
B2A,e278a31c95.jpg,0.7263364242862462,0.37492585
B2A,e2816c6358.jpg,0.6774610861925243,0.41043347
B2A,e2921fb3bc.jpg,0.7400875112011454,0.39893752
B2A,e29891901c.jpg,0.8104649269708084,0.38514227
B2A,e29923569e.jpg,0.7993066226346426,0.33702964
B2A,e2be127e28.jpg,0.5627732466595747,0.44823146
B2A,e2cc5d0740.jpg,0.7225065567165186,0.37267017
B2A,e2dd4bdeef.jpg,0.7150296737300726,0.48345238
B2A,e2e1192489.jpg,0.491010494980045,0.53353834
B2A,e2e85f68e0.jpg,0.8532237384666003,0.39783186
B2A,e2ebe675f8.jpg,0.8346288865265239,0.3729006
B2A,e2ec96f0b4.jpg,0.6634527210180563,0.45811725
B2A,e2f37052c1.jpg,0.6800312725509687,0.53337073
B2A,e3148aa017.jpg,0.876498155557989,0.321857
B2A,e31668e912.jpg,0.7488848321175637,0.43389836
B2A,e33556dc35.jpg,0.5828188889850107,0.7597309
B2A,e33bb81f2b.jpg,0.6605289130986517,0.38164294
B2A,e34010decc.jpg,0.7233228292442007,0.38518697
B2A,e340c22dc4.jpg,0.6851702635413329,0.4009835
B2A,e344e433cc.jpg,0.881583464694212,0.44338438
B2A,e347492218.jpg,0.7494207953794167,0.5173946
B2A,e3477e1ec7.jpg,0.8529207890827798,0.38372803
B2A,e34ae8c169.jpg,0.7377570362520663,0.4345508
B2A,e3557bd3e7.jpg,0.8050443718735821,0.44352627
B2A,e3618e9a11.jpg,0.7755620676184779,0.43796438
B2A,e365dae98b.jpg,0.47874007791106915,0.5933505
B2A,e37b3a49d9.jpg,0.5472886768714494,0.5006235
B2A,e37e071314.jpg,0.7597563726079238,0.42980498
B2A,e38186a614.jpg,0.682153459896548,0.341673
B2A,e388432c26.jpg,0.7172365780633227,0.53786874
B2A,e39562f090.jpg,0.7377900651973265,0.49707627
B2A,e3997e52e9.jpg,0.7509400827970574,0.487736
B2A,e3cb3ad674.jpg,0.8522430789180564,0.3419641
B2A,e3cea056cc.jpg,0.5892762600484667,0.4376213
B2A,e3ceb5d67a.jpg,0.7355225814602682,0.54997206
B2A,e3e6ca612f.jpg,0.8607507489146898,0.30246267
B2A,e3e87b3f1e.jpg,0.8062690424828913,0.3546996
B2A,e3f1be931a.jpg,0.6974051724953212,0.37367356
B2A,e3f34cdbfc.jpg,0.8111034234527187,0.4304835
B2A,e3fae55083.jpg,0.6958296355382902,0.45542085
B2A,e3fe190c35.jpg,0.8464503851847607,0.34549606
B2A,e4005ebfe6.jpg,0.7371418850221849,0.5168991
B2A,e40a02297a.jpg,0.8024465224697702,0.34501815
B2A,e40ba425ad.jpg,0.7700973120964166,0.36654106
B2A,e40ea38065.jpg,0.7916805123045529,0.3799875
B2A,e41de69603.jpg,0.6966116000189645,0.41242373
B2A,e428d47850.jpg,0.7214980067036081,0.47483483
B2A,e43625382b.jpg,0.8118607098986036,0.31655487
B2A,e43cfeffd7.jpg,0.7774548363802495,0.5084444
B2A,e452266e47.jpg,0.6475326426628176,0.3204125
B2A,e46722db3b.jpg,0.8917264102553176,0.42433962
B2A,e474730931.jpg,0.7861995948227554,0.29658836
B2A,e484852720.jpg,0.7824395342050517,0.39514935
B2A,e4a7646e26.jpg,0.6340416634996097,0.4668372
B2A,e4b6e49888.jpg,0.7706615813029444,0.2582032
B2A,e4baa84c9e.jpg,0.7401025688848328,0.51952785
B2A,e4c2f8062a.jpg,0.5978354617045295,0.59942603
B2A,e4c47323cb.jpg,0.6682823761504203,0.3982315
B2A,e4db596478.jpg,0.7838408976603345,0.25842142
B2A,e4df61af49.jpg,0.7178523636561815,0.39355308
B2A,e4e7fd51dd.jpg,0.6601960786870129,0.44622278
B2A,e4ec14322d.jpg,0.5657934161048962,0.43602848
B2A,e4edaddcef.jpg,0.588453322426278,0.5968214
B2A,e4f21cb9f8.jpg,0.7273542634665369,0.39897528
B2A,e4f5f401e0.jpg,0.7927728539247305,0.35415357
B2A,e50dc96e2b.jpg,0.7596920629929106,0.29832464
B2A,e517b6f313.jpg,0.6593299516140625,0.44832963
B2A,e5247c9272.jpg,0.664150844477099,0.3693968
B2A,e52816eec3.jpg,0.5641903800545769,0.74919736
B2A,e52b0badda.jpg,0.6425702958553249,0.38027883
B2A,e53184b315.jpg,0.7943674626421977,0.45981532
B2A,e536a8e4d0.jpg,0.6372201776087599,0.47570014
B2A,e53aaa0782.jpg,0.8008686331595587,0.41071823
B2A,e53aaac02c.jpg,0.5161788393013593,0.62543833
B2A,e53b41415d.jpg,0.6259045512736917,0.3693146
B2A,e545b38111.jpg,0.7630429615789851,0.44240704
B2A,e54604f159.jpg,0.7736304072344833,0.34087506
B2A,e552c9356b.jpg,0.6515447334914445,0.39999205
B2A,e55aa6a075.jpg,0.7115768643408733,0.38970584
B2A,e569d449aa.jpg,0.7745819751698552,0.32329863
B2A,e56a3b131d.jpg,0.8255558673955494,0.31087998
B2A,e56e3bcfee.jpg,0.7815352288512857,0.3824305
B2A,e576d76af6.jpg,0.8293253914159583,0.32811564
B2A,e58dcaf848.jpg,0.6308321247804419,0.577712
B2A,e58e1d7d58.jpg,0.8696859230381995,0.3856977
B2A,e58ef68e3f.jpg,0.7545934705342046,0.2954553
B2A,e59a45567d.jpg,0.6917181146678001,0.44086167
B2A,e5ae2eab59.jpg,0.8225969916884912,0.37446356
B2A,e5b0f574bf.jpg,0.6760867658667603,0.34120175
B2A,e5c7397b2d.jpg,0.7043625097940063,0.44052702
B2A,e5c842ca6e.jpg,0.8187664967649739,0.33288196
B2A,e5cb078996.jpg,0.7370296205193791,0.4945721
B2A,e5cb608eae.jpg,0.5622768392329552,0.41300458
B2A,e5cbe055f9.jpg,0.6870250964152188,0.40139753
B2A,e5cd922fa9.jpg,0.804527484745138,0.44663486
B2A,e5d38a2047.jpg,0.7735837905651103,0.3374325
B2A,e5e1d837f1.jpg,0.8345462838534121,0.36510274
B2A,e5ffaac462.jpg,0.8255867900129417,0.37592107
B2A,e614135f7d.jpg,0.7103081026167182,0.37831175
B2A,e629d7f736.jpg,0.587359620618063,0.67274433
B2A,e63a00fc4f.jpg,0.8184017381240097,0.48191494
B2A,e643c9bdbe.jpg,0.5938128378110461,0.43545124
B2A,e6636be041.jpg,0.6465935945225206,0.56185025
B2A,e67341c640.jpg,0.7341719283289304,0.35870045
B2A,e67601a231.jpg,0.6978132373443204,0.4537775
B2A,e6779d7ed5.jpg,0.5571740080481459,0.6910714
B2A,e67cc523e0.jpg,0.7739783347972521,0.4050188
B2A,e67e86bdb9.jpg,0.7808622580367661,0.2873477
B2A,e6836aa6da.jpg,0.7852825979259124,0.3793788
B2A,e686121a13.jpg,0.7224328652002198,0.48646742
B2A,e693f37abc.jpg,0.7206259331584367,0.6174018
B2A,e69c2d5a6d.jpg,0.7877319673090943,0.3106927
B2A,e69eb967c0.jpg,0.6991067630163255,0.48329687
B2A,e6a325d8fb.jpg,0.7929074496892407,0.48170993
B2A,e6a609cf76.jpg,0.8591747170733065,0.45651123
B2A,e6ad3eec60.jpg,0.6635735936786984,0.52957445
B2A,e6ba8f2334.jpg,0.7633783404358992,0.41741192
B2A,e6c25786d7.jpg,0.7616682243983683,0.45768246
B2A,e6cc103915.jpg,0.6229571052112836,0.40490317
B2A,e6d2f68fcf.jpg,0.7742880268560546,0.3861163
B2A,e6dc2ff40c.jpg,0.7441156098592863,0.36902273
B2A,e6e3f15b73.jpg,0.7812831245114777,0.36774024
B2A,e6e6959173.jpg,0.5978072731382675,0.5380509
B2A,e6ea2d4d47.jpg,0.7463367813702115,0.34644973
B2A,e6f8a63c9c.jpg,0.7610226355074439,0.4635463
B2A,e707bf37b1.jpg,0.5343638464378043,0.5057726
B2A,e710d6eaa6.jpg,0.7563263561727709,0.47754693
B2A,e714c3661f.jpg,0.7081516469551254,0.3892226
B2A,e715464acb.jpg,0.6884805634443635,0.37056798
B2A,e738568be6.jpg,0.7958511567874762,0.32437125
B2A,e73a598e28.jpg,0.8123936880101076,0.45273972
B2A,e73db0029b.jpg,0.6492413657604301,0.49847943
B2A,e744db3cd3.jpg,0.7180720117882404,0.55683345
B2A,e74a97ae14.jpg,0.7682208736339344,0.37599015
B2A,e764b3f35a.jpg,0.8427037902972453,0.38520277
B2A,e790229789.jpg,0.6856939656191161,0.4428874
B2A,e79618c3c9.jpg,0.6518576553336219,0.60927063
B2A,e7a2c2dfd5.jpg,0.5195583198088517,0.39471117
B2A,e7b73c75cb.jpg,0.5638775972227421,0.43084657
B2A,e7c3ac222b.jpg,0.6667552699322881,0.37989062
B2A,e7c99420a8.jpg,0.8465005054115955,0.41332287
B2A,e7cd8551d8.jpg,0.8823381690534065,0.37470713
B2A,e7cdd8fd59.jpg,0.5912597940135734,0.3946182
B2A,e7d445c059.jpg,0.6223570580920382,0.45373833
B2A,e7ddcd88d3.jpg,0.6257701651574598,0.39606655
B2A,e7e77d48b0.jpg,0.7535995929499468,0.40631464
B2A,e7fd336c2e.jpg,0.5103413774061707,0.662093
B2A,e80855ec86.jpg,0.5958882459606908,0.727145
B2A,e80a7530ea.jpg,0.46889388119299863,0.53312975
B2A,e80cebe6dd.jpg,0.7777211470335713,0.6032864
B2A,e80f526332.jpg,0.7521456448583099,0.3521768
B2A,e810cbaf55.jpg,0.8008425946486637,0.45470315
B2A,e8234e1e2e.jpg,0.8613014295669745,0.3053248
B2A,e8338afa09.jpg,0.4226193397346956,0.426006
B2A,e85bba618a.jpg,0.8071088721373137,0.30159062
B2A,e85ed2bc38.jpg,0.7283634240943014,0.5040689
B2A,e8605bf89a.jpg,0.6997755880631226,0.59530264
B2A,e862b2a488.jpg,0.6700599205623955,0.38152635
B2A,e86d465a2d.jpg,0.8841072904250364,0.2778565
B2A,e8718dba1c.jpg,0.8634355958719775,0.36258262
B2A,e876733707.jpg,0.6531250047974616,0.38239723
B2A,e87676e6e2.jpg,0.6870795570777487,0.49608392
B2A,e8789baa19.jpg,0.7429651133345215,0.4798978
B2A,e8882a7f33.jpg,0.6987551332640496,0.38244498
B2A,e89accad47.jpg,0.5831513108231051,0.4148529
B2A,e89b1f65b6.jpg,0.6050217009910484,0.36023518
B2A,e89e3ef99f.jpg,0.7817873413905658,0.46429655
B2A,e89f26b785.jpg,0.7868933412947824,0.44674408
B2A,e8a6213a64.jpg,0.5875741898182376,0.52197325
B2A,e8ca770df9.jpg,0.6998266984744883,0.4806693
B2A,e8cede65a7.jpg,0.8019246635514014,0.3839683
B2A,e8dc20c86e.jpg,0.8826101177073311,0.3788307
B2A,e8e02ca944.jpg,0.6074402791474472,0.5011292
B2A,e8f2542a00.jpg,0.5638030462880179,0.59249145
B2A,e8f8ff2e11.jpg,0.5002283554772275,0.5241414
B2A,e91a6a79ca.jpg,0.7608771221379216,0.4739495
B2A,e941a6971b.jpg,0.6732961240948276,0.3390637
B2A,e9425b919e.jpg,0.7228008867555162,0.7812803
B2A,e94ce61928.jpg,0.6537576319860902,0.33931684
B2A,e94fe9ef94.jpg,0.7650145599792982,0.34238994
B2A,e9652384d0.jpg,0.7443608239932048,0.30733886
B2A,e96e9bdf9f.jpg,0.8072862987371587,0.41273895
B2A,e975867ee1.jpg,0.7927080425404887,0.34394574
B2A,e97aab1e3a.jpg,0.49828619679786523,0.58181965
B2A,e97f72f75e.jpg,0.810864360863389,0.31601834
B2A,e9896641d2.jpg,0.6140276854512546,0.48437876
B2A,e98c174738.jpg,0.8121497748517007,0.31253755
B2A,e98cd4e13f.jpg,0.7980846250659183,0.3782107
B2A,e98d5c8d85.jpg,0.8216775135744013,0.44198164
B2A,e98e9b1620.jpg,0.6195764001864731,0.72043526
B2A,e991139f4b.jpg,0.706182098921353,0.47405857
B2A,e9ba0bafc4.jpg,0.697482386030936,0.46675146
B2A,e9c3e52cf1.jpg,0.7693372180838671,0.35117117
B2A,e9ca026ba3.jpg,0.6920217076943682,0.52498734
B2A,e9cbdee9bd.jpg,0.5970409776273926,0.42616883
B2A,e9d65fa272.jpg,0.5575728009649321,0.5234154
B2A,e9da2fab10.jpg,0.7569243333176556,0.37570983
B2A,e9da44faa6.jpg,0.6215469434906454,0.4855086
B2A,e9e303af60.jpg,0.7066688445610996,0.39425322
B2A,e9ebdfe8ec.jpg,0.6413490783070755,0.47000453
B2A,e9ec0b07bd.jpg,0.7909631460930987,0.3514797
B2A,e9ef067120.jpg,0.5320819449683905,0.6044351
B2A,ea0086b300.jpg,0.7531926922748553,0.33841485
B2A,ea2128c1b2.jpg,0.7018538511293554,0.4483476
B2A,ea29af7178.jpg,0.636527859166587,0.6981101
B2A,ea38729951.jpg,0.6949961278781637,0.46653306
B2A,ea437a682c.jpg,0.5489128723742015,0.44146165
B2A,ea4dc1e88e.jpg,0.8241691276131156,0.5243154
B2A,ea4f37e7e5.jpg,0.656643555307169,0.35807788
B2A,ea58d700d2.jpg,0.6856453699151258,0.34710997
B2A,ea60c54c69.jpg,0.5406783136988055,0.6143446
B2A,ea626ba3a9.jpg,0.7452297891921861,0.42536128
B2A,ea656cf2b6.jpg,0.6179071326134147,0.368603
B2A,ea6917e2db.jpg,0.8047950288368582,0.33308545
B2A,ea867fecaa.jpg,0.6156165742738742,0.5207841
B2A,ea90ff6da4.jpg,0.7403820652925066,0.43055874
B2A,ea942e0882.jpg,0.6541953856937159,0.41520053
B2A,ea965a1eba.jpg,0.6598650235497079,0.41532576
B2A,eaa17f1091.jpg,0.7276447123563041,0.5758009
B2A,eaac3f27b0.jpg,0.7592212829002241,0.3204905
B2A,eab48ed00d.jpg,0.8632381088191319,0.40817237
B2A,eab57199fa.jpg,0.7208423477467886,0.30651823
B2A,eabe91cae5.jpg,0.7892155283543559,0.35736203
B2A,eac7bd7368.jpg,0.7314023977300322,0.42513287
B2A,eacb6ead4a.jpg,0.7267532165181456,0.660028
B2A,eacdc1d18f.jpg,0.736599827537287,0.4467203
B2A,ead2fdbadc.jpg,0.6804001703059148,0.3085243
B2A,ead622126f.jpg,0.6572179579062766,0.45358914
B2A,eadb799684.jpg,0.6830758969726488,0.4231258
B2A,eadea8cf4c.jpg,0.5178748248414522,0.6469632
B2A,eae1d7b4a7.jpg,0.8446792724511472,0.41543242
B2A,eae8ac05b6.jpg,0.7371497240649703,0.4866648
B2A,eafc9d8929.jpg,0.6352508610973949,0.39032772
B2A,eb09186652.jpg,0.7318199346553634,0.33638704
B2A,eb143cd557.jpg,0.789145988734519,0.5488727
B2A,eb1ae4752c.jpg,0.43126259825213825,0.41990995
B2A,eb1ce8f38f.jpg,0.7748973480232123,0.33400872
B2A,eb1f220d40.jpg,0.7668202919423217,0.48476255
B2A,eb267343a7.jpg,0.7359614778832277,0.3447913
B2A,eb33d8e41b.jpg,0.7696221327734846,0.45271862
B2A,eb34f329c1.jpg,0.8033836649403507,0.41528168
B2A,eb396944a9.jpg,0.7098240163465255,0.48375833
B2A,eb48b08b2c.jpg,0.8328120617671335,0.34808677
B2A,eb4c747b35.jpg,0.7618587720032508,0.3726045
B2A,eb5a006cd8.jpg,0.7946536618238924,0.49215364
B2A,eb7323bae7.jpg,0.8585143737705176,0.57092
B2A,eb74e149ff.jpg,0.7680215416282434,0.40609902
B2A,eb74ee9751.jpg,0.7075998773317076,0.27328005
B2A,eb927ffcce.jpg,0.828361334392283,0.3267495
B2A,eb9630147d.jpg,0.8327376691434444,0.27987716
B2A,ebb0aa2f01.jpg,0.705488432034481,0.5270956
B2A,ebb3a60020.jpg,0.8580237695438049,0.3529132
B2A,ebb7fcea92.jpg,0.7749570259290892,0.37616363
B2A,ebb973284b.jpg,0.5523618128711238,0.47584352
B2A,ebc6398a40.jpg,0.5502744930626448,0.55275965
B2A,ebcc42e110.jpg,0.8520651005229206,0.3998703
B2A,ebcce1a075.jpg,0.6800753870535228,0.36672843
B2A,ebd677e4df.jpg,0.8316777479732993,0.29392743
B2A,ebfb842dbb.jpg,0.7363809779454444,0.44636506
B2A,ec22ac410a.jpg,0.6442658025434563,0.51176405
B2A,ec26ffe6d9.jpg,0.7238212841970804,0.40571916
B2A,ec2819dd4a.jpg,0.5614612485012478,0.33670098
B2A,ec361682b9.jpg,0.6562340147341205,0.42639858
B2A,ec3cedbafe.jpg,0.7742537269794151,0.47028825
B2A,ec4acecf3f.jpg,0.755213495631294,0.42488536
B2A,ec4fccd390.jpg,0.7912138787254085,0.32655948
B2A,ec509fe942.jpg,0.6642312783741448,0.51120746
B2A,ec5d51aaf0.jpg,0.5848849755708746,0.72195053
B2A,ec61770865.jpg,0.6979060377879882,0.3989272
B2A,ec673dd8d4.jpg,0.801158903038062,0.3995347
B2A,ec6c041436.jpg,0.7907638546030901,0.5883409
B2A,ec7228a986.jpg,0.5377878428044072,0.45605126
B2A,ec74224ef5.jpg,0.7188870231527715,0.48352847
B2A,ec99be1db6.jpg,0.7669275789707368,0.37588498
B2A,ecad06947b.jpg,0.5612635027382835,0.36007124
B2A,ecaf3bdf12.jpg,0.7446824514061123,0.36368448
B2A,ecb38a1051.jpg,0.6278624890731973,0.39341682
B2A,ecb3ccc9f4.jpg,0.8178514477891577,0.3777823
B2A,ecc3cd6e1b.jpg,0.8091855752801721,0.3282154
B2A,ece948ce97.jpg,0.7917978046319183,0.3461462
B2A,ecee77ae5a.jpg,0.700456406727061,0.35726416
B2A,ed04dbb114.jpg,0.7159379208416128,0.4269325
B2A,ed0ddbf26a.jpg,0.7049828111638967,0.36497515
B2A,ed22cf856f.jpg,0.619424904584496,0.45182973
B2A,ed27eb5c68.jpg,0.8083987046789664,0.26668403
B2A,ed31f8c196.jpg,0.7413747476130372,0.60390985
B2A,ed34d8d7f3.jpg,0.5807065247252803,0.4645508
B2A,ed3b265e09.jpg,0.5852165803536831,0.29566896
B2A,ed458bffb6.jpg,0.6816913161834294,0.524418
B2A,ed473bcf9b.jpg,0.7101025541215943,0.52317244
B2A,ed59cdccf1.jpg,0.8313670066731143,0.32363382
B2A,ed60c6410b.jpg,0.7508659412878531,0.33083215
B2A,ed65db5f88.jpg,0.7391658270036565,0.44966096
B2A,ed7b96a9c5.jpg,0.5459024895689899,0.43371797
B2A,ed848812da.jpg,0.8422801529624222,0.24862099
B2A,ed8dab0f96.jpg,0.5778896059906891,0.6896287
B2A,ed915c89a2.jpg,0.8099106255073377,0.3736748
B2A,ed94946d16.jpg,0.5246841498026046,0.42244482
B2A,ed9f0b8b5d.jpg,0.6752461572592409,0.54087186
B2A,eda8697979.jpg,0.8629804860556551,0.7048906
B2A,edb7d50936.jpg,0.8185532989435867,0.4173536
B2A,edba7f0a70.jpg,0.7754954273053226,0.39791363
B2A,edc66bfb66.jpg,0.7109004347972978,0.43887165
B2A,edd52342db.jpg,0.7069915533888488,0.43235826
B2A,ede0add355.jpg,0.85513965677715,0.4386363
B2A,edef4ef18d.jpg,0.4996597775228307,0.7516858
B2A,edef9cbabe.jpg,0.6322513125362185,0.47315943
B2A,edf15f0940.jpg,0.7173226859615057,0.3349715
B2A,edf42b9d0d.jpg,0.791821713009649,0.4093387
B2A,ee0e1d6569.jpg,0.536451556164327,0.44712964
B2A,ee24903251.jpg,0.7355754033222605,0.29919294
B2A,ee28cc4d68.jpg,0.6602695101395069,0.34891272
B2A,ee29105aba.jpg,0.616345518541166,0.48747396
B2A,ee2bf8c5fd.jpg,0.5385712370665549,0.52498466
B2A,ee2e0ec65d.jpg,0.5317876748132014,0.6778977
B2A,ee6c260d4f.jpg,0.6779427147427358,0.3083691
B2A,ee861e6fae.jpg,0.6966602262441908,0.3264556
B2A,ee8bdcd99f.jpg,0.7843231102526909,0.3668137
B2A,ee8c2e9e3c.jpg,0.8170937958496769,0.34465668
B2A,ee97a20e7c.jpg,0.7851695818714812,0.61776453
B2A,ee982ce7e3.jpg,0.8649001462102176,0.23023164
B2A,ee9b29e1b8.jpg,0.5082258134381319,0.41374516
B2A,eea8eff240.jpg,0.6964682642614068,0.49514008
B2A,eeb1e5f575.jpg,0.7906740752934713,0.45944524
B2A,eeb4ccb21f.jpg,0.7802323865701036,0.5000885
B2A,eec21ae61c.jpg,0.7495520237851494,0.3832245
B2A,eed4191e08.jpg,0.7434874469383048,0.3435462
B2A,eed8644829.jpg,0.6756384657530887,0.48139063
B2A,eedab28822.jpg,0.549057594256494,0.838662
B2A,eee8098608.jpg,0.6095892091459084,0.4081819
B2A,eeee68b7d8.jpg,0.5572947755872395,0.64271384
B2A,eef39ac09b.jpg,0.864639685006768,0.36456507
B2A,eef4bdae39.jpg,0.6727788675764779,0.47238314
B2A,ef129d082c.jpg,0.6915175150645434,0.3635336
B2A,ef15317c67.jpg,0.7266881757397257,0.5198281
B2A,ef1f3e84f9.jpg,0.7448391258265022,0.43088084
B2A,ef488233e3.jpg,0.7979214405787324,0.35973856
B2A,ef4a60107c.jpg,0.8570493148129207,0.470605
B2A,ef59ec0110.jpg,0.7467100481329877,0.53252757
B2A,ef6190ff9b.jpg,0.6997091272069964,0.51187676
B2A,ef674070d3.jpg,0.45500318582659427,0.39043248
B2A,ef77fe0cfc.jpg,0.6191808043023028,0.4554677
B2A,ef833e60b4.jpg,0.6460035994918907,0.38076097
B2A,ef893e33a9.jpg,0.7741636554704354,0.33456922
B2A,ef8a6e2a7a.jpg,0.7520853764620234,0.50350416
B2A,ef9ca94c15.jpg,0.7745039020624076,0.39322934
B2A,ef9e5bc080.jpg,0.8656425565769261,0.29472724
B2A,efa2ba7d02.jpg,0.8162784883605373,0.37676206
B2A,efa6c21576.jpg,0.6559929285205,0.508971
B2A,efa79c9c41.jpg,0.7916595864941242,0.41959274
B2A,efbb57a439.jpg,0.7183106137488369,0.38394353
B2A,efbfcfe793.jpg,0.7226567161313906,0.4326951
B2A,efc51bdcdf.jpg,0.6771996486075932,0.35150135
B2A,efcabd7b97.jpg,0.8079134757124741,0.36126935
B2A,efd9e949f5.jpg,0.6353824244778422,0.5847877
B2A,efeb94db8b.jpg,0.7322177987810138,0.39573443
B2A,effaa53ad8.jpg,0.5183428356337577,0.48854193
B2A,f005004e0c.jpg,0.5725334458917687,0.42516184
B2A,f01164b232.jpg,0.797049137660125,0.51864564
B2A,f01207f706.jpg,0.8294075165778663,0.37444875
B2A,f01a04bd03.jpg,0.6501872253388739,0.65605116
B2A,f020a207a8.jpg,0.6074744660546687,0.49626625
B2A,f0220aa3f5.jpg,0.7807662047919421,0.5716612
B2A,f024838b95.jpg,0.8392870179811056,0.3854233
B2A,f0367de132.jpg,0.816548515461943,0.3444737
B2A,f04f12da30.jpg,0.8408762456412703,0.50080955
B2A,f06b8cfef0.jpg,0.7334792708750392,0.5221851
B2A,f074cffca1.jpg,0.7091395088753744,0.40323254
B2A,f07cb0b75e.jpg,0.7359282736646436,0.4692227
B2A,f07e66c2d2.jpg,0.7732206507987894,0.39252162
B2A,f088a906d0.jpg,0.7919650419662889,0.3279242
B2A,f088b513bf.jpg,0.8065371910360787,0.33136532
B2A,f08926d339.jpg,0.6590270221072971,0.4350511
B2A,f08c39d24f.jpg,0.6549936166221001,0.58966345
B2A,f08e936c6b.jpg,0.7867971919558719,0.3938505
B2A,f0962b6de5.jpg,0.7971228128082566,0.4735379
B2A,f09c772bcc.jpg,0.6461781063267855,0.64797586
B2A,f09d0b81ba.jpg,0.854481422004572,0.36932555
B2A,f0a1187473.jpg,0.7604401070639579,0.44238532
B2A,f0a55ad775.jpg,0.7465973969984743,0.40742087
B2A,f0a679e095.jpg,0.7630930972549469,0.3712744
B2A,f0aa76ff07.jpg,0.7078398566291098,0.531165
B2A,f0b8c1d365.jpg,0.6828486360543544,0.4094404
B2A,f0e139a901.jpg,0.7500254545929079,0.4493392
B2A,f1032a4bd8.jpg,0.5903581911507094,0.49236476
B2A,f105adbfb1.jpg,0.6992503318984754,0.50897026
B2A,f10d2923bd.jpg,0.5737518385050406,0.506134
B2A,f10f748b4d.jpg,0.6530716978885321,0.49196365
B2A,f11454665a.jpg,0.7822917682647733,0.42423585
B2A,f11ee27f26.jpg,0.7111630122017045,0.48164237
B2A,f13184bb48.jpg,0.4782835695404912,0.6146256
B2A,f148707bb0.jpg,0.7336037340756886,0.3264595
B2A,f1591e50e1.jpg,0.8419196569071468,0.2772209
B2A,f15b7224fd.jpg,0.7351258990572801,0.43466118
B2A,f163b5185e.jpg,0.7081414053513245,0.41906014
B2A,f1670c265f.jpg,0.6750619259447965,0.5470468
B2A,f176a55e27.jpg,0.7010168144141906,0.47383842
B2A,f177cf7991.jpg,0.6327314060491361,0.48445827
B2A,f17a8c4aee.jpg,0.7820892427695576,0.36095446
B2A,f17e985728.jpg,0.8062597965769481,0.25374722
B2A,f180c8d8b9.jpg,0.8399557586637275,0.4032698
B2A,f188425ea5.jpg,0.6793147658916612,0.3013379
B2A,f18989ff8d.jpg,0.8213187438731949,0.52068686
B2A,f18d2c0a81.jpg,0.7576195991678099,0.3733231
B2A,f1ac127445.jpg,0.6423315160404467,0.65927774
B2A,f1b8dee326.jpg,0.6948095942381362,0.41521263
B2A,f1c198d735.jpg,0.8465698508026486,0.42411694
B2A,f1d4e7cd69.jpg,0.5462609502262797,0.42578846
B2A,f1d7343af8.jpg,0.731493641364657,0.41563615
B2A,f1dbada7a5.jpg,0.6202056000178423,0.44126117
B2A,f1fe522e6d.jpg,0.7187219623360563,0.39083794
B2A,f1ff4a822a.jpg,0.7862735251564048,0.2623155
B2A,f203101270.jpg,0.7269676997713462,0.42159235
B2A,f21ca704e5.jpg,0.7070038678112026,0.39185682
B2A,f21dd18a49.jpg,0.6562054573455931,0.5633923
B2A,f222ee8acc.jpg,0.808525752141171,0.41240346
B2A,f22dac0d03.jpg,0.6705688972399474,0.4065496
B2A,f230845d9a.jpg,0.8130710921471378,0.3755741
B2A,f23e5d0e29.jpg,0.7847551884550951,0.3185398
B2A,f247ca8a34.jpg,0.5396561600197246,0.6011735
B2A,f24a8f4c6c.jpg,0.6900151213935808,0.3747017
B2A,f24acd17d0.jpg,0.7520479584065223,0.48740306
B2A,f25716f164.jpg,0.660465959104275,0.44645137
B2A,f265b9c6d2.jpg,0.5183126171774193,0.7804177
B2A,f26d369fbd.jpg,0.8582037325644531,0.37396646
B2A,f270b20be4.jpg,0.7824631371338177,0.5320437
B2A,f27ac3fc28.jpg,0.5522323862328051,0.4819492
B2A,f27e7b74de.jpg,0.7023359147956499,0.3568164
B2A,f27f6894a1.jpg,0.7178997292612357,0.33184052
B2A,f28231f3f9.jpg,0.8620653651987549,0.39254028
B2A,f2876e0b28.jpg,0.7723711038176699,0.41928938
B2A,f298108b32.jpg,0.6390277570746051,0.61763114
B2A,f2a3dc33fe.jpg,0.7563851644184348,0.36056715
B2A,f2b162e74b.jpg,0.8198558555451536,0.41095313
B2A,f2b7c12b9c.jpg,0.6151691615951448,0.51519454
B2A,f2d042180c.jpg,0.6603390837855969,0.48474526
B2A,f2d2d4efbc.jpg,0.7145970223572622,0.35495877
B2A,f2d986db88.jpg,0.7354218689636339,0.39951426
B2A,f2f09c8f41.jpg,0.7263167447899722,0.39680022
B2A,f2f56add24.jpg,0.7758895260517931,0.35734197
B2A,f30e44407b.jpg,0.5482903593815524,0.5326133
B2A,f31217f986.jpg,0.7237760155685784,0.33254975
B2A,f3141801d8.jpg,0.7786430141512127,0.402036
B2A,f3230db890.jpg,0.8032398732820736,0.4439108
B2A,f32a18c7c6.jpg,0.713984033594401,0.4395106
B2A,f3356114c7.jpg,0.7195756553258669,0.24776389
B2A,f351ce3bc5.jpg,0.7988514009571075,0.30677488
B2A,f352a7a312.jpg,0.7162968618057219,0.3289883
B2A,f354013389.jpg,0.8082803418711092,0.4104656
B2A,f357fe1f0d.jpg,0.6676004655212665,0.7205485
B2A,f36fc36903.jpg,0.7279113695662397,0.51942587
B2A,f376a8789c.jpg,0.6821715845907771,0.45758367
B2A,f37a93cd01.jpg,0.7085985697862057,0.4796161
B2A,f384c39cd3.jpg,0.5950126529414999,0.43853486
B2A,f3b5806412.jpg,0.7167220464087549,0.38151568
B2A,f3bf66740a.jpg,0.6885887296182386,0.5563857
B2A,f3c61a9a05.jpg,0.600708956947413,0.6243419
B2A,f3c8ec10ae.jpg,0.43195262553838737,0.51211077
B2A,f3d15e5226.jpg,0.77394510104658,0.33013055
B2A,f3d86d0bdc.jpg,0.7407847073423033,0.4139552
B2A,f3e4ae010d.jpg,0.6121552125209044,0.40595013
B2A,f3e54bc081.jpg,0.7013067141711922,0.54291844
B2A,f3e9866cb8.jpg,0.7746124944291668,0.38566422
B2A,f3ec3e874d.jpg,0.6911864965943233,0.4421112
B2A,f3ecb32509.jpg,0.8485964913486016,0.3111804
B2A,f3ee6c1af3.jpg,0.7548076117243717,0.4001406
B2A,f3fa90a191.jpg,0.7169193977995089,0.4621269
B2A,f405d9a44e.jpg,0.8227946684671682,0.31596455
B2A,f40af60ddc.jpg,0.6928112410106366,0.51716703
B2A,f40b429650.jpg,0.7013136299641278,0.40011358
B2A,f40b719930.jpg,0.572565768197952,0.420736
B2A,f40d9b8368.jpg,0.5157062280451107,0.42515823
B2A,f417a4cc39.jpg,0.7637821395850951,0.36473113
B2A,f41b5dec17.jpg,0.8234060046351596,0.42402324
B2A,f41d5c2163.jpg,0.6016210799191648,0.4458277
B2A,f4219a5e81.jpg,0.6517539135979866,0.5077136
B2A,f42f6f0197.jpg,0.737236836885707,0.27893418
B2A,f43113c91b.jpg,0.7595616924608994,0.43394634
B2A,f43c6fb1de.jpg,0.8255357161100078,0.29355127
B2A,f44a3275c9.jpg,0.708290470184205,0.3848755
B2A,f46478e139.jpg,0.5926423004658739,0.635123
B2A,f46cfb67bd.jpg,0.7240772943371496,0.5053085
B2A,f482274abc.jpg,0.5941873355309811,0.7277119
B2A,f4831ea6fb.jpg,0.6896612579020123,0.38913023
B2A,f4919d3664.jpg,0.7167506351022315,0.474721
B2A,f494688de8.jpg,0.6070102582543625,0.3925459
B2A,f49ca09b7a.jpg,0.7296150926027629,0.51795805
B2A,f4a6936ec9.jpg,0.7790497015494914,0.37400678
B2A,f4a9c6100f.jpg,0.694799189764651,0.40011865
B2A,f4c509ad69.jpg,0.7127023214139434,0.3779865
B2A,f4cdc8fdbc.jpg,0.7672433791540404,0.49509078
B2A,f4dd7ea66e.jpg,0.6860474043937334,0.41469768
B2A,f4eb1866c7.jpg,0.6130710990948118,0.3605709
B2A,f4eb47f0dd.jpg,0.7224606072392905,0.51005167
B2A,f501fc4455.jpg,0.8498607160136646,0.34902573
B2A,f51503f974.jpg,0.6398679926424109,0.60696924
B2A,f51f06df8f.jpg,0.6293267292273023,0.47055855
B2A,f53328c040.jpg,0.7834591662498231,0.35544816
B2A,f54cf76011.jpg,0.6007578911054994,0.36976758
B2A,f54dd83443.jpg,0.8002484331719432,0.42764828
B2A,f54f45c2ea.jpg,0.7680834438476748,0.39660633
B2A,f55b066db1.jpg,0.5742354652340509,0.47932148
B2A,f56ae75fdd.jpg,0.5834231189933717,0.40525627
B2A,f56b12cf0b.jpg,0.790552413630052,0.5465911
B2A,f575a81ad6.jpg,0.6759607325755875,0.49098045
B2A,f58ec475cf.jpg,0.6336997114939595,0.58437586
B2A,f5b336d512.jpg,0.5621305636608499,0.33638644
B2A,f5b3c7c78c.jpg,0.8062392024926509,0.425615
B2A,f5c1d6af2a.jpg,0.643336005513051,0.2620276
B2A,f5c3514cca.jpg,0.7135759449468706,0.60975707
B2A,f5c7a8068c.jpg,0.6562168714864278,0.51371515
B2A,f5d163add7.jpg,0.8148219995482234,0.38319317
B2A,f5d1922ba9.jpg,0.8086751158215035,0.2476421
B2A,f5d652e997.jpg,0.7137884990260013,0.5726067
B2A,f5ddf6d767.jpg,0.7785352262784986,0.33997107
B2A,f5efcc2979.jpg,0.8357390521655904,0.42829776
B2A,f5f34241cc.jpg,0.7608762991908747,0.5389879
B2A,f5ffe2e92d.jpg,0.7665745822879877,0.33825493
B2A,f604e3e7e5.jpg,0.7991440211247305,0.33848864
B2A,f607a14dd9.jpg,0.5602073489168193,0.52341944
B2A,f6084689ed.jpg,0.7278809316880399,0.600937
B2A,f60910ed40.jpg,0.6486065497528176,0.3152208
B2A,f60b4c4d98.jpg,0.7247343281438401,0.41566402
B2A,f60b67ae6e.jpg,0.64156574277457,0.34485477
B2A,f62bb41c9c.jpg,0.650517338989141,0.4503747
B2A,f633c4ebed.jpg,0.6765734972622571,0.28488594
B2A,f639ee968c.jpg,0.7212074765669814,0.35570675
B2A,f63a1042f4.jpg,0.7241511028688598,0.41416255
B2A,f63a2b4fb9.jpg,0.7991573654370864,0.47955263
B2A,f64019e49d.jpg,0.7879491548001075,0.48189646
B2A,f647ce5fd1.jpg,0.7429662081556215,0.35131404
B2A,f651e57596.jpg,0.6726300417994381,0.5073844
B2A,f6574b10b7.jpg,0.6016018031737043,0.66336673
B2A,f6626c86e1.jpg,0.6001467970830935,0.3924684
B2A,f6798eb074.jpg,0.5497526196936087,0.7219837
B2A,f67f1708b6.jpg,0.7907424452966766,0.34607643
B2A,f68dae168d.jpg,0.6557230801828232,0.6761245
B2A,f68dcc7a8a.jpg,0.4498037523422895,0.663481
B2A,f68e29bd81.jpg,0.838930085958202,0.351374
B2A,f690980765.jpg,0.47476223112395893,0.53046805
B2A,f69731b55b.jpg,0.652726340607578,0.35494518
B2A,f69ff9b62b.jpg,0.6762301880779901,0.36442465
B2A,f6aa1d5154.jpg,0.7804047452344471,0.37405536
B2A,f6ab953224.jpg,0.8105814190463523,0.3518201
B2A,f6b61559e0.jpg,0.8292744160101351,0.396131
B2A,f6ca69a495.jpg,0.7668058564717253,0.38583723
B2A,f6cb2948da.jpg,0.7565865593289253,0.48989576
B2A,f6d01357b6.jpg,0.8034438025250232,0.3593619
B2A,f6e17b1a2a.jpg,0.7362442709125452,0.34772688
B2A,f6e422b697.jpg,0.847219646835567,0.32806352
B2A,f6e5895253.jpg,0.6544022036333297,0.58812946
B2A,f6e822d131.jpg,0.6545996240460329,0.47857708
B2A,f6e8f07d9d.jpg,0.8492898748296241,0.5745101
B2A,f6efddda9c.jpg,0.7284435924447028,0.4896525
B2A,f706c0860d.jpg,0.7341678831282548,0.46442026
B2A,f70871846a.jpg,0.6077229314959443,0.48261422
B2A,f71cc4d572.jpg,0.7825180023490866,0.4432826
B2A,f721bb7f6d.jpg,0.6845012375348173,0.4582464
B2A,f743f3bf62.jpg,0.8189916087694711,0.42365393
B2A,f74cdcd632.jpg,0.8114969940864918,0.33918512
B2A,f7531c3b99.jpg,0.8406935308147506,0.34362233
B2A,f75a997bb8.jpg,0.7950762120396988,0.3184249
B2A,f76e1ec9a3.jpg,0.6702162937145587,0.50694835
B2A,f771e1e1b0.jpg,0.722239997084999,0.49834234
B2A,f77377bd03.jpg,0.73508552420439,0.3553068
B2A,f77505c83f.jpg,0.6312624424061305,0.3862877
B2A,f77c59acb3.jpg,0.7551527287385693,0.42123267
B2A,f77e3cb703.jpg,0.6282364003095868,0.6062364
B2A,f77f395731.jpg,0.6640176783863284,0.44894564
B2A,f790a14012.jpg,0.7478755677302567,0.40220672
B2A,f79d9de05d.jpg,0.778655130982148,0.38752472
B2A,f7a011547d.jpg,0.8097552543926982,0.30916154
B2A,f7a821c3c8.jpg,0.745955106557964,0.32351178
B2A,f7ae6e1d31.jpg,0.7276402946564086,0.4465358
B2A,f7c4d8033d.jpg,0.6100058697046872,0.6195642
B2A,f7c78a4eef.jpg,0.7491466460633164,0.48694405
B2A,f7d0dba843.jpg,0.6123093543155943,0.53544116
B2A,f7d0f59566.jpg,0.6553748111496285,0.37821874
B2A,f7d17e77d6.jpg,0.5384773126660507,0.40423518
B2A,f7dbdb551f.jpg,0.6637151945566856,0.5769026
B2A,f7dc666b50.jpg,0.7135484643842025,0.4516938
B2A,f7eb84fdb7.jpg,0.7578129744584439,0.33376485
B2A,f7ee2469f6.jpg,0.7836510112204881,0.38024837
B2A,f7f1d58022.jpg,0.7097605087548269,0.45156682
B2A,f807c72b5d.jpg,0.5099492342396927,0.47296944
B2A,f819274637.jpg,0.8018828226379703,0.4293627
B2A,f81b1cc834.jpg,0.756501183532557,0.42915013
B2A,f82e8c30ac.jpg,0.7266129360837276,0.5467867
B2A,f82fc48ba4.jpg,0.7839911703428695,0.62539274
B2A,f8350e28db.jpg,0.7888694878873187,0.31737906
B2A,f8363ba521.jpg,0.6556061491258276,0.4158306
B2A,f83b161ca3.jpg,0.6167622964886733,0.523064
B2A,f83e5b4295.jpg,0.66642583467083,0.5434197
B2A,f843be17f5.jpg,0.4983233075554905,0.54168963
B2A,f84566ed02.jpg,0.5836678827713562,0.5510574
B2A,f84d77a2a6.jpg,0.7197545210477507,0.5902884
B2A,f85694dfe6.jpg,0.7873174565287555,0.29852104
B2A,f86b847b43.jpg,0.7907867277949708,0.42545256
B2A,f876ba92ea.jpg,0.8347890512009707,0.4329239
B2A,f87a1ab16d.jpg,0.8138403443423283,0.47140375
B2A,f87deecaa2.jpg,0.7047575194706368,0.48560077
B2A,f888dde817.jpg,0.6065925913140433,0.33700082
B2A,f8905451b4.jpg,0.6688200116389782,0.5088426
B2A,f895871068.jpg,0.6817608564824009,0.42837954
B2A,f89bc86075.jpg,0.7053633097659421,0.48822972
B2A,f8b6a915a9.jpg,0.8730029288836298,0.3614176
B2A,f8b73f1a33.jpg,0.5620796647557396,0.46301782
B2A,f8c19eaee6.jpg,0.6572788431470135,0.5254342
B2A,f8c63eea5a.jpg,0.6677957962037578,0.3749326
B2A,f8c8e456d7.jpg,0.7924051791575151,0.40491185
B2A,f8ca80aebb.jpg,0.7970524569415696,0.398956
B2A,f8e10ef432.jpg,0.8366381528309859,0.3483967
B2A,f8e488ce75.jpg,0.6804473395625412,0.56513476
B2A,f8e6d9f481.jpg,0.6585984602786212,0.8035987
B2A,f8f04744fd.jpg,0.5831615244614281,0.48858052
B2A,f8f98ae176.jpg,0.7157784180960202,0.37584776
B2A,f8fac4e7ff.jpg,0.5567164858782602,0.473185
B2A,f8ffd3ed06.jpg,0.7240648878672838,0.3448921
B2A,f901dfad23.jpg,0.7167975365884159,0.50875866
B2A,f904d3484c.jpg,0.7214993192396311,0.32834604
B2A,f9080ec43b.jpg,0.6023814535359941,0.375565
B2A,f90edb8380.jpg,0.8177985734111919,0.38395032
B2A,f90ee2b0db.jpg,0.8284260224278069,0.2909881
B2A,f9151bda3c.jpg,0.6323335271490786,0.68473935
B2A,f917b1c32a.jpg,0.580346197085859,0.5530966
B2A,f91c3d1f53.jpg,0.6003865618323446,0.44450098
B2A,f91eb42b36.jpg,0.787562479457104,0.4453947
B2A,f930392388.jpg,0.6830082449368455,0.43738654
B2A,f942443b5d.jpg,0.6954516402677494,0.494136
B2A,f954a8be77.jpg,0.8566430509404075,0.43502483
B2A,f969505f84.jpg,0.6101595929222631,0.42480364
B2A,f96a50841d.jpg,0.7343381572154636,0.54281425
B2A,f97072faf8.jpg,0.8096441931577012,0.36854893
B2A,f975a1e01e.jpg,0.6119306944030818,0.49823585
B2A,f982a98853.jpg,0.7943501257781288,0.2872553
B2A,f9843ad01b.jpg,0.6201715292081547,0.48989776
B2A,f98627c542.jpg,0.843640987430646,0.35590953
B2A,f9867ce748.jpg,0.7057236555886134,0.7869781
B2A,f9989c2bd5.jpg,0.8135554397450359,0.4236667
B2A,f99a7a3267.jpg,0.5801533857152849,0.4735695
B2A,f99f52c7f5.jpg,0.7986969690683952,0.4046633
B2A,f99fe506ed.jpg,0.7347492343830738,0.36614317
B2A,f9a20c7988.jpg,0.6452593125090578,0.599647
B2A,f9b4495f70.jpg,0.6171012219347904,0.37057626
B2A,f9b4d017a3.jpg,0.7823358198290463,0.49338922
B2A,f9ba7b025e.jpg,0.7445284442273136,0.5019907
B2A,f9c9afcd78.jpg,0.8285727930677582,0.32807827
B2A,f9cd461b5e.jpg,0.7820425346696264,0.37312475
B2A,f9cf6e7e27.jpg,0.8330375674638228,0.37440065
B2A,f9e8571801.jpg,0.6763619439315409,0.5818825
B2A,f9f59d905c.jpg,0.6287155215770776,0.40017807
B2A,f9f6bc6871.jpg,0.8430890528151445,0.37909266
B2A,fa0fde7844.jpg,0.732381651745935,0.4973609
B2A,fa24240abc.jpg,0.6928913872209542,0.34040487
B2A,fa307775e7.jpg,0.7638127169492689,0.52477413
B2A,fa3aba5483.jpg,0.8777034101863276,0.41283348
B2A,fa423fe5a3.jpg,0.8570240470355047,0.4026161
B2A,fa428459e2.jpg,0.700798179671526,0.50446177
B2A,fa4326ff01.jpg,0.5899350224128995,0.56144744
B2A,fa47656f02.jpg,0.7995505573073776,0.3423475
B2A,fa48b1ceb5.jpg,0.7628008088350905,0.3003387
B2A,fa60f9a0c9.jpg,0.8487994685654584,0.2860999
B2A,fa63566e6e.jpg,0.5900821877543417,0.59957093
B2A,fa728d214f.jpg,0.6431634331238409,0.42240566
B2A,fa751def39.jpg,0.6998758483208437,0.62990105
B2A,fa9a74e9a4.jpg,0.6032468654227083,0.50790656
B2A,fa9a768c9b.jpg,0.7356837454797188,0.46634048
B2A,faa4f82b52.jpg,0.7809702907613213,0.3394931
B2A,faaab4fb19.jpg,0.7554312314213455,0.40940294
B2A,fac89a2440.jpg,0.7925450423833913,0.40565854
B2A,facc9d2df2.jpg,0.748520203374212,0.36876374
B2A,fad67f0f19.jpg,0.765092216670904,0.40522343
B2A,fb1779d922.jpg,0.7494011898032326,0.3352926
B2A,fb24316c57.jpg,0.738091564641689,0.3910232
B2A,fb2a6a49d7.jpg,0.6550021988468161,0.6533283
B2A,fb362a6660.jpg,0.7705000666133899,0.35246465
B2A,fb3676a875.jpg,0.8130118443487507,0.5144534
B2A,fb546829cb.jpg,0.6792178242388702,0.50600696
B2A,fb562cd56b.jpg,0.7000071119331966,0.5156588
B2A,fb73e20575.jpg,0.8382930276028279,0.4140268
B2A,fb755692ce.jpg,0.7178135055528573,0.52619976
B2A,fb85264917.jpg,0.7793364537427273,0.27895218
B2A,fb8fb9b7c8.jpg,0.7585121481159282,0.33792835
B2A,fb97febc5f.jpg,0.8595427526873332,0.43402332
B2A,fb9c5403b8.jpg,0.8366876860825299,0.34846425
B2A,fbaa1647e7.jpg,0.8146499363762396,0.3750434
B2A,fbb5f72776.jpg,0.8261103219915616,0.33068246
B2A,fbb8e36b1c.jpg,0.8295137383449982,0.41151676
B2A,fbb8e5f081.jpg,0.7867161056394585,0.38900962
B2A,fbc1c4e45b.jpg,0.6128673695834826,0.52201444
B2A,fbc34e93dc.jpg,0.6489784884302054,0.3979578
B2A,fbc3754be3.jpg,0.7944481559622958,0.35269812
B2A,fbc70f973a.jpg,0.7535263263047803,0.338556
B2A,fbdaf94ace.jpg,0.48122643154515493,0.54217595
B2A,fbf3ab42e9.jpg,0.7625779286273152,0.37839738
B2A,fc02616c06.jpg,0.732846781737839,0.379786
B2A,fc043d38eb.jpg,0.8187344170274307,0.43102232
B2A,fc04ed2d42.jpg,0.7573683936223036,0.30594736
B2A,fc075619e7.jpg,0.7069073915093299,0.4263458
B2A,fc16c59788.jpg,0.7746909844784143,0.36596712
B2A,fc30e458d6.jpg,0.8539605484232069,0.31686765
B2A,fc458d4ee1.jpg,0.7316140488195514,0.30656296
B2A,fc49fb17f3.jpg,0.8848569540837917,0.2911786
B2A,fc51c26e2d.jpg,0.8502653569048053,0.35459295
B2A,fc59b308a8.jpg,0.7830986809815956,0.34002352
B2A,fc5feebdc8.jpg,0.7007837712059097,0.35763836
B2A,fc622b5577.jpg,0.8450652100593079,0.30153596
B2A,fc64e9fe13.jpg,0.6398936831715873,0.34857437
B2A,fc6d47c7b0.jpg,0.7483479969751747,0.5914065
B2A,fc9d809645.jpg,0.7244416290660574,0.42962062
B2A,fcaeb2fb17.jpg,0.7491655228251792,0.38642633
B2A,fcc0dc41b3.jpg,0.7212645595036843,0.546071
B2A,fcc59cb31d.jpg,0.8150619581624765,0.48520678
B2A,fcd35ead6e.jpg,0.6540916133376906,0.41135833
B2A,fcd5eaceb7.jpg,0.8456737916249637,0.44764835
B2A,fcdd5b1e31.jpg,0.5133093133088328,0.6381623
B2A,fce074b92c.jpg,0.5983342250681412,0.4124452
B2A,fd0071794a.jpg,0.6577879073876725,0.46171355
B2A,fd06d4e7e3.jpg,0.8193290569604734,0.4608359
B2A,fd0a02921a.jpg,0.6392562851125998,0.5192174
B2A,fd15f29d57.jpg,0.8309761483648259,0.2957539
B2A,fd1f9293ca.jpg,0.7659148415743106,0.44989872
B2A,fd20b4c41a.jpg,0.8127342320936,0.37418014
B2A,fd457c68d9.jpg,0.5750832856943785,0.5510317
B2A,fd48eb1f90.jpg,0.8675619825210008,0.37979043
B2A,fd49936788.jpg,0.6477528097483463,0.44192314
B2A,fd4debe229.jpg,0.7981955432602335,0.30031925
B2A,fd541f5f93.jpg,0.6869984679406951,0.5482031
B2A,fd5ce86649.jpg,0.7614881732828845,0.37079263
B2A,fd619e77af.jpg,0.6338706269472969,0.38741976
B2A,fd6b68436e.jpg,0.6908205896557248,0.44647765
B2A,fd6c9bcbfa.jpg,0.6111039808603985,0.51759773
B2A,fd7d170a69.jpg,0.7044272703703748,0.811124
B2A,fd85d15361.jpg,0.6331855409235996,0.48167974
B2A,fd8c99d93b.jpg,0.7522807713429883,0.39594325
B2A,fd9767f897.jpg,0.7921640891334744,0.40370315
B2A,fda550148e.jpg,0.6805904686003735,0.6120308
B2A,fdad36c1e0.jpg,0.7350382241400594,0.40983728
B2A,fdb01f9aba.jpg,0.6570159369056858,0.34177995
B2A,fdb031e406.jpg,0.5855854929261866,0.4057445
B2A,fdc2b3b936.jpg,0.7898866156371097,0.38579625
B2A,fdc6c88003.jpg,0.8286976858247124,0.32923365
B2A,fdce0c0d6d.jpg,0.6596785673918205,0.48787138
B2A,fdd33c1145.jpg,0.7734435784539292,0.2622617
B2A,fddc60bb99.jpg,0.6602600807970312,0.40730894
B2A,fddcadfd3a.jpg,0.7496488951789385,0.3893348
B2A,fde289be21.jpg,0.7539644895986636,0.43404597
B2A,fde28fae2a.jpg,0.6967500132097523,0.33956403
B2A,fde46f2be4.jpg,0.6196724859696602,0.4664619
B2A,fdf013342c.jpg,0.7944280554137886,0.6134555
B2A,fdf57fbe60.jpg,0.7220870034522954,0.37441605
B2A,fdf84c4887.jpg,0.8127347180703843,0.28784862
B2A,fdfc86a000.jpg,0.6367851705078154,0.40901503
B2A,fe00c3d087.jpg,0.7161256521213946,0.316036
B2A,fe0a4f0e5a.jpg,0.6960654589299202,0.37742388
B2A,fe1561993e.jpg,0.8932589413866443,0.29423004
B2A,fe1c9d9e5a.jpg,0.8609238984528202,0.3645194
B2A,fe283d4ae3.jpg,0.6872861727438805,0.45366457
B2A,fe381a7c17.jpg,0.7886786793950329,0.5384876
B2A,fe3c9d0016.jpg,0.7900220107092919,0.37625888
B2A,fe3de96780.jpg,0.6672770055287143,0.66543365
B2A,fe3feb7d1b.jpg,0.6840300104910538,0.510509
B2A,fe40ac1d8b.jpg,0.5846768296901683,0.2926294
B2A,fe4c4e4b6b.jpg,0.7899805649927192,0.37827623
B2A,fe5dc7ef05.jpg,0.7131718970507636,0.4097683
B2A,fe6152a619.jpg,0.6295251870905685,0.6448429
B2A,fe65abaafd.jpg,0.7825792407171142,0.40400875
B2A,fe702a794e.jpg,0.49987923641544313,0.71168554
B2A,fe714c846e.jpg,0.7071613622681052,0.36793345
B2A,fe7af9c427.jpg,0.7258424094064206,0.47291142
B2A,fe9cc12ae1.jpg,0.5596994251010086,0.41802692
B2A,fea227771f.jpg,0.6122696214475177,0.4450933
B2A,fea42e4505.jpg,0.7105218816329814,0.5594024
B2A,fea4d4f76c.jpg,0.7068470460175127,0.4676577
B2A,fea5afe679.jpg,0.752538529376673,0.40367
B2A,feb132e4c1.jpg,0.751768626382818,0.3679352
B2A,fee0c39907.jpg,0.7968786117872968,0.3879883
B2A,fefb86c469.jpg,0.5896942109509329,0.5350673
B2A,fefcd07a5e.jpg,0.7435977642010095,0.39805493
B2A,ff03c98f0e.jpg,0.7243458166632558,0.4157634
B2A,ff2152ac2a.jpg,0.5692155484616649,0.6123775
B2A,ff258e79ce.jpg,0.48966344924178073,0.44215292
B2A,ff2cb6658c.jpg,0.8459737296743465,0.33881778
B2A,ff2f57429f.jpg,0.6337980566041604,0.4732079
B2A,ff3867d938.jpg,0.8292112067016204,0.34687158
B2A,ff46474c6d.jpg,0.8038461969884403,0.40227553
B2A,ff48e8580b.jpg,0.8311532876245807,0.34985372
B2A,ff58af0f3b.jpg,0.6234208971941265,0.38701773
B2A,ff5c15ab50.jpg,0.6737512184386394,0.40481424
B2A,ff6ed45562.jpg,0.7165190999645304,0.4698034
B2A,ff757d7db3.jpg,0.8091379504622537,0.33995128
B2A,ff769c35c9.jpg,0.832115836196564,0.3352688
B2A,ff7d83bc1d.jpg,0.8574591093674413,0.33098626
B2A,ff853f993b.jpg,0.8450987038438121,0.3344848
B2A,ff9ca0e1bb.jpg,0.8261256923818313,0.31436208
B2A,ff9e94857b.jpg,0.8005595701830738,0.3428723
B2A,ffa1ee4875.jpg,0.5315933310674438,0.63432974
B2A,ffa5d376be.jpg,0.8048018294712335,0.41948557
B2A,ffbbb24b43.jpg,0.6234999568241064,0.430843
B2A,ffbdd43bfb.jpg,0.7066913732130745,0.50050205
B2A,ffc5b52a77.jpg,0.6986886915897612,0.42294568
B2A,ffcc20463a.jpg,0.7496946764135266,0.45392773
B2A,ffcdd249dd.jpg,0.8411742795785627,0.50752825
B2A,ffcf64f150.jpg,0.5021204084684929,0.5139712
B2A,ffd71fce61.jpg,0.8257352349469157,0.4299174
B2A,ffe1af8ca0.jpg,0.5651220930757229,0.44204822
B2A,fff5c33050.jpg,0.8253644310486967,0.3750574
B2A,fffaaaae65.jpg,0.6528680499707015,0.45409924
B2A,fffc0836d7.jpg,0.8145808021724722,0.42243746
