direction,file,content_cosine,lpips
A2B,000c1e3bff.jpg,0.7188694201261251,0.3675945
A2B,011835cfbf.jpg,0.8688343583965943,0.32931584
A2B,0260d15306.jpg,0.7621699831344982,0.3336333
A2B,049e293b93.jpg,0.8595907671265461,0.2812096
A2B,05144e306f.jpg,0.8415386935881256,0.40870604
A2B,052a77c020.jpg,0.8740763148207803,0.18441382
A2B,058f878b7c.jpg,0.8889359850025875,0.2770396
A2B,05b493ff42.jpg,0.9065725706921861,0.27817556
A2B,064487d630.jpg,0.855425414293209,0.26122832
A2B,066fe4cbaa.jpg,0.8664577178270677,0.22764584
A2B,07fcaee35f.jpg,0.6926668689172909,0.38493514
A2B,09b76b6471.jpg,0.7949002977284496,0.35605732
A2B,0a5075d42a.jpg,0.7114387532656449,0.32486147
A2B,0bd913dbc7.jpg,0.8010137964548317,0.2790654
A2B,0e3b3292da.jpg,0.8627814773871322,0.19209066
A2B,106757e5d8.jpg,0.842877435990607,0.23194724
A2B,1078363ff0.jpg,0.8925623555763535,0.28202224
A2B,10c555c1b1.jpg,0.9518681131791108,0.14815134
A2B,118da0690c.jpg,0.7900817369014397,0.31677955
A2B,11ab570c5e.jpg,0.8518790320749171,0.3394864
A2B,11be65b3e9.jpg,0.9002914340226822,0.25424308
A2B,133b42e498.jpg,0.8929288560455404,0.16118482
A2B,14162de938.jpg,0.8613972076364362,0.33115992
A2B,14ff6e6a99.jpg,0.764922821814478,0.23595521
A2B,158740962c.jpg,0.9032377990245104,0.25547853
A2B,16dabe418c.jpg,0.8445581789075778,0.3072139
A2B,17557a29cb.jpg,0.8579229122973709,0.27436835
A2B,1814cc6632.jpg,0.8889326454514314,0.3055601
A2B,184d6c66cd.jpg,0.86197817818731,0.3110221
A2B,1994b8d4a2.jpg,0.8174360557221843,0.14421067
A2B,19dc36ccb2.jpg,0.7735918994969799,0.35102585
A2B,1a127acf4d.jpg,0.9345102192799445,0.17733689
A2B,1e4e4e63c5.jpg,0.913256575613219,0.39464062
A2B,1f22663e72.jpg,0.888163009341478,0.2613558
A2B,1f9667f2a7.jpg,0.7751099113498507,0.26309663
A2B,22b1ac6b44.jpg,0.9521316743303465,0.1662723
A2B,23832dead5.jpg,0.8445167834595955,0.24234295
A2B,23b07c3769.jpg,0.8211441368971865,0.3370574
A2B,23d6aeb485.jpg,0.8397375615436391,0.4155211
A2B,23f0fbd77e.jpg,0.9281383139724099,0.1530706
A2B,24af733334.jpg,0.8814075110750998,0.27259198
A2B,252d9a4abc.jpg,0.802672185125785,0.29630184
A2B,2581464ddc.jpg,0.8467317307347101,0.22648801
A2B,25c9904782.jpg,0.8417880403392995,0.25231758
A2B,26b66eb819.jpg,0.7854394115720404,0.2448832
A2B,2759c1ed37.jpg,0.8110397307349309,0.2950781
A2B,281b73fb5e.jpg,0.8844235807073451,0.21607667
A2B,28deb43a71.jpg,0.7904468041067968,0.2020728
A2B,295eb5c521.jpg,0.8827297003866171,0.31344783
A2B,29696b4455.jpg,0.8016284954290557,0.33433765
A2B,2acfbab228.jpg,0.9021222377510631,0.26465556
A2B,2c00f5147f.jpg,0.8660904014581141,0.22526917
A2B,2cca56415e.jpg,0.8619450944874207,0.3003139
A2B,2e0d0e6e19.jpg,0.7832611572394401,0.4115456
A2B,2f20944b6a.jpg,0.8795481594200392,0.3013621
A2B,2f90c99e10.jpg,0.7607496801464327,0.3216256
A2B,3283442e33.jpg,0.7563200511272014,0.3955277
A2B,32cc820303.jpg,0.8302978074054891,0.19423053
A2B,32e33792cc.jpg,0.90716309098166,0.21315522
A2B,3417ace946.jpg,0.841779435923451,0.32171887
A2B,344d1829bb.jpg,0.8498769884857728,0.30749267
A2B,3545597386.jpg,0.8691636448028333,0.19333152
A2B,369f6d07e8.jpg,0.787655524865101,0.44790125
A2B,3843e221cc.jpg,0.7955950744939856,0.27989662
A2B,3b262c6726.jpg,0.8922318230424391,0.20831959
A2B,3c341ff93e.jpg,0.7422856076738236,0.29501128
A2B,3d13fe022e.jpg,0.7893384011913924,0.3448807
A2B,3deea9f4a4.jpg,0.7787089900238287,0.47576368
A2B,3eaef3ee43.jpg,0.8968307868213418,0.18589869
A2B,40d7d18ad3.jpg,0.8817724983497878,0.33288708
A2B,417e77e946.jpg,0.8541172556049246,0.23601536
A2B,4260d1c556.jpg,0.8249839815731742,0.28516108
A2B,429e382095.jpg,0.8237266818487613,0.20822608
A2B,463835bbc6.jpg,0.8518023048332055,0.28317595
A2B,4660310c3e.jpg,0.8890292993475093,0.22703953
A2B,47a0548067.jpg,0.6230365528014238,0.57434607
A2B,488600cb75.jpg,0.8105445756029852,0.2504049
A2B,49337b68f4.jpg,0.9027022217674329,0.22812434
A2B,4995c04b1a.jpg,0.876835902378193,0.13080512
A2B,4ab2583fe2.jpg,0.8940407528827783,0.23216769
A2B,4ad8b366c1.jpg,0.84138449243848,0.33839804
A2B,4b0adf7c6f.jpg,0.8884807758425748,0.18634833
A2B,4bb4ca7b03.jpg,0.9335140162481511,0.25174227
A2B,4c0e35882c.jpg,0.7977243164307841,0.36003396
A2B,4c74254ad3.jpg,0.8060823801591268,0.32901463
A2B,4e05523825.jpg,0.9088698873082969,0.19633344
A2B,4f045779b0.jpg,0.8323542053486462,0.35428882
A2B,4f3f4ff590.jpg,0.8702638732708597,0.20167625
A2B,4f4de0bbba.jpg,0.882510854231731,0.1700677
A2B,4f7e01f097.jpg,0.8537956137185181,0.51945716
A2B,50855dd324.jpg,0.8839966693264653,0.17718446
A2B,512cd171a9.jpg,0.8086502433591963,0.24102397
A2B,5185e8c56a.jpg,0.8537888162973306,0.2652814
A2B,51bdd25f76.jpg,0.8645607579827985,0.33480376
A2B,51db3fc011.jpg,0.9180262754422682,0.18469605
A2B,526a110636.jpg,0.8548844209082788,0.30156875
A2B,52aed0f943.jpg,0.8330245791061232,0.23923501
A2B,52d12dc627.jpg,0.8649822559980733,0.20500587
A2B,52fc351abf.jpg,0.8485332742445578,0.19034213
A2B,536aa87152.jpg,0.8095191464412758,0.31221694
A2B,565f19268b.jpg,0.8979242193293577,0.23082235
A2B,586acab7c5.jpg,0.809227247446532,0.39473307
A2B,5926f85cbf.jpg,0.7469112769774109,0.34027368
A2B,593db29cce.jpg,0.8660957439006661,0.33268893
A2B,599098859e.jpg,0.8796965549936612,0.24795784
A2B,59df696966.jpg,0.8567811858594501,0.29545182
A2B,5aa514ffac.jpg,0.928750965723035,0.19886409
A2B,5c79cfe0b3.jpg,0.844171309312575,0.2839505
A2B,5cb895b722.jpg,0.8482608733825748,0.29776293
A2B,5e357ad790.jpg,0.8712979518952576,0.31845358
A2B,5ffbfe68d4.jpg,0.8691340883528336,0.22918393
A2B,6043aadea0.jpg,0.8841234534295167,0.20019124
A2B,608ee0d370.jpg,0.837181949680872,0.29503995
A2B,61e735361a.jpg,0.8186555827258409,0.35346258
A2B,632ddbc784.jpg,0.6683439315679434,0.42934972
A2B,661e374153.jpg,0.8138891720707482,0.33100936
A2B,66226e18fc.jpg,0.8696395828445974,0.16399422
A2B,66a144f547.jpg,0.900960275192395,0.26559612
A2B,6742294320.jpg,0.8243352378128155,0.22766684
A2B,676a5a4c2e.jpg,0.8847214810787721,0.32578093
A2B,6782e7cb2a.jpg,0.7357587427614045,0.44104958
A2B,68729aac07.jpg,0.7804507436092861,0.56855214
A2B,68b60c04b7.jpg,0.8478487665643449,0.19857901
A2B,68d60af226.jpg,0.9248664174858933,0.18793403
A2B,695897bd4a.jpg,0.8588386742146207,0.28844276
A2B,69f4b75a37.jpg,0.8457137378411625,0.22518061
A2B,6a03aea8be.jpg,0.7547505355390942,0.45617563
A2B,6bbe0e63c6.jpg,0.8766682351050823,0.20120911
A2B,6bfbd1df5b.jpg,0.8193281170763979,0.25705367
A2B,6c6cc46498.jpg,0.8358007291919046,0.18045296
A2B,6d0e87f557.jpg,0.8164643508867242,0.46087202
A2B,6e0429f92e.jpg,0.9067001470499163,0.19425136
A2B,6ee7c39dbc.jpg,0.9224178217372143,0.2538062
A2B,6f0b9df5c5.jpg,0.7655337069126235,0.29255486
A2B,7017e6caa1.jpg,0.7908620322124478,0.38731784
A2B,7054793632.jpg,0.8151407492919972,0.3246879
A2B,70bc945f95.jpg,0.8295188123658079,0.39214247
A2B,718445ebe3.jpg,0.8639233764560555,0.30352426
A2B,7239ba0b55.jpg,0.7083014323533836,0.3509701
A2B,730f325b64.jpg,0.8106376138825673,0.21666753
A2B,732d76a469.jpg,0.5782166973203983,0.41346493
A2B,7341d96c1d.jpg,0.8833219584354071,0.20745468
A2B,73f33a12c5.jpg,0.9049388416976604,0.22493628
A2B,74e452fb31.jpg,0.8959314851345954,0.13731743
A2B,76cc7181f8.jpg,0.94431608214138,0.26996642
A2B,77b37629f2.jpg,0.900104891595378,0.1869885
A2B,79224da51f.jpg,0.8469981281257951,0.20728052
A2B,79292e1434.jpg,0.879712823693155,0.17771608
A2B,7952021d2f.jpg,0.8458179209763462,0.25473195
A2B,7960adbd50.jpg,0.8845340340369156,0.41355336
A2B,7cb36714d0.jpg,0.8944142479173094,0.22809207
A2B,7d64c3100c.jpg,0.8872116340667443,0.2828588
A2B,8044a92484.jpg,0.7483454419271789,0.20569135
A2B,8077b7e9e7.jpg,0.7694403365963136,0.32124618
A2B,8114fa2607.jpg,0.7628365848551814,0.31765774
A2B,815624563e.jpg,0.9388570664940439,0.22806907
A2B,82991e742a.jpg,0.9205990029410291,0.31297237
A2B,82b9fd68b1.jpg,0.825475758101338,0.2659318
A2B,8314acfd35.jpg,0.7867360609898428,0.38660824
A2B,853f8d711f.jpg,0.8797708589443133,0.31682652
A2B,85580214be.jpg,0.8490755004855611,0.18290594
A2B,88402296cc.jpg,0.8697890534176194,0.19280961
A2B,893db2701d.jpg,0.9367902082730346,0.22324497
A2B,89964efa86.jpg,0.8892640984136614,0.19963503
A2B,89d970411d.jpg,0.8699863333466623,0.15905002
A2B,89fcbf2f76.jpg,0.7836610964419747,0.34191516
A2B,8b54448a07.jpg,0.8852911118600668,0.18919222
A2B,8b7948248f.jpg,0.7869721709260182,0.18765736
A2B,8b841420b4.jpg,0.9363578768012318,0.12463475
A2B,8c48e112d0.jpg,0.8024802080672746,0.28539273
A2B,8c8011c291.jpg,0.8596704542270638,0.3144929
A2B,8cfd45a2e2.jpg,0.7850178408981194,0.48808876
A2B,8e5ff15568.jpg,0.8752043052972284,0.21342306
A2B,8ee2933868.jpg,0.8897185189877829,0.14998822
A2B,8f02369f42.jpg,0.8788020920935734,0.19455673
A2B,910610e827.jpg,0.878597189360564,0.21864009
A2B,910729e0ce.jpg,0.8990326578774214,0.23929283
A2B,92c0ba8c0d.jpg,0.913933978265297,0.20790958
A2B,93132f89ee.jpg,0.693093921823239,0.3406657
A2B,932d0dd808.jpg,0.7822376441210738,0.31159192
A2B,95a53d7b0b.jpg,0.9218734217010313,0.20188057
A2B,95b5f01a85.jpg,0.8923232795390373,0.14278781
A2B,9843bc25c5.jpg,0.8846669771849334,0.101532266
A2B,9908d1daa9.jpg,0.7895558177767489,0.282413
A2B,990ed28f62.jpg,0.8291309963550865,0.18837994
A2B,9963d64ebf.jpg,0.7594471593504163,0.33126807
A2B,99a51d3e25.jpg,0.8505368614802806,0.31895563
A2B,99d94af5dd.jpg,0.9343861314932945,0.14389491
A2B,9ae6552353.jpg,0.8921886597445569,0.2928783
A2B,9d58456cc3.jpg,0.624130826192457,0.32609618
A2B,9d9a4fccfb.jpg,0.6960626881683701,0.44283274
A2B,9db9843ed1.jpg,0.8573406102720329,0.236483
A2B,9f409e3376.jpg,0.8316698064183283,0.31454584
A2B,9fc868e864.jpg,0.8252583585872348,0.2219188
A2B,a030bc32e6.jpg,0.8375213189014644,0.24255954
A2B,a06b54dfe9.jpg,0.727686879262091,0.264163
A2B,a202b1b200.jpg,0.9174638196542526,0.17079754
A2B,a210ceedc7.jpg,0.8767258961799127,0.23382418
A2B,a4e4a61fb2.jpg,0.8374921099148482,0.24247333
A2B,a59f3f5b89.jpg,0.8537418313775754,0.26411074
A2B,a619072f82.jpg,0.6505811467708936,0.3937554
A2B,a6291c2a1c.jpg,0.8709108886187434,0.18215196
A2B,a642e9cb6f.jpg,0.819509204836221,0.279984
A2B,a7977705be.jpg,0.8824605613530981,0.23664829
A2B,a7d53885e8.jpg,0.803558407727249,0.29697818
A2B,a885da7b52.jpg,0.8713123809707196,0.21300448
A2B,a8fbbe3eb1.jpg,0.8519647466521044,0.16160332
A2B,a96b79a93f.jpg,0.7807329409375815,0.30632576
A2B,aa76c7625a.jpg,0.7610905466640394,0.32921842
A2B,ad0101d010.jpg,0.8137789441616428,0.3546724
A2B,ad8ce41fc0.jpg,0.91666533422328,0.22466326
A2B,b1310da865.jpg,0.8775018638495563,0.22050503
A2B,b13c0973ee.jpg,0.864178976876028,0.22323227
A2B,b1ea5d5a7d.jpg,0.7863483658086537,0.2723577
A2B,b256e61a5d.jpg,0.8632131807514255,0.19960396
A2B,b2ce76c750.jpg,0.848785835517644,0.32114887
A2B,b3adc75e7d.jpg,0.8758265872191047,0.19561753
A2B,b44f24c048.jpg,0.8768477083331739,0.2920913
A2B,b5c2fe7c4c.jpg,0.8253159232399289,0.53023684
A2B,b76d52e05a.jpg,0.7792871660436492,0.30806324
A2B,b99546090b.jpg,0.9021048799737085,0.19225436
A2B,ba52f976af.jpg,0.8010034305270132,0.23329145
A2B,baf6efabfe.jpg,0.8410599740093861,0.2311449
A2B,bbc5ac4564.jpg,0.7994633329445673,0.32164764
A2B,bc4b364a44.jpg,0.8431225019721347,0.25518802
A2B,bf6db09354.jpg,0.8553953182884436,0.16333021
A2B,c14505c1da.jpg,0.9029191015284086,0.235113
A2B,c1dc1a85a4.jpg,0.9469393138098303,0.16897105
A2B,c2576267d4.jpg,0.8784476880048288,0.23488209
A2B,c4622e3fb6.jpg,0.8718117786582409,0.25499573
A2B,c67ba2060c.jpg,0.755984999056126,0.35611665
A2B,c68c52e8fc.jpg,0.8403286238106554,0.26705477
A2B,c6c360756c.jpg,0.8414363856032118,0.30578268
A2B,c6c88ce9c4.jpg,0.8666141619229961,0.27481967
A2B,c78b4fa3a9.jpg,0.8546937418165848,0.18059212
A2B,c7d8142152.jpg,0.8849186098883671,0.17938149
A2B,cb50326950.jpg,0.8740329475299241,0.25372845
A2B,cb9c553ded.jpg,0.7772448904698617,0.33967263
A2B,cc2bb659f4.jpg,0.8540066885428091,0.2143323
A2B,cd6623d07d.jpg,0.7999525596001784,0.19342263
A2B,cdddf326e3.jpg,0.7991487314247511,0.2631165
A2B,ce3e0daddd.jpg,0.7214694703076242,0.35180843
A2B,ceb6cf5f31.jpg,0.9367608174105733,0.21332753
A2B,cf6488d84c.jpg,0.6498056464978114,0.36422262
A2B,cfc6fce7b5.jpg,0.8403351779332525,0.28035545
A2B,d05cab011d.jpg,0.9092216595424072,0.17950566
A2B,d087730b76.jpg,0.798472983667264,0.20338556
A2B,d14c1abdd4.jpg,0.8848995894573736,0.28767216
A2B,d1d9748a64.jpg,0.8591133674274658,0.30720627
A2B,d239dae42d.jpg,0.8591594219237554,0.29825947
A2B,d4116437bb.jpg,0.9167201018834067,0.23453039
A2B,d50049fbfc.jpg,0.885018141010023,0.20659217
A2B,d5b0c260a0.jpg,0.8801029503609792,0.27093822
A2B,d6d6e625bd.jpg,0.8091846560178092,0.3472344
A2B,d729785cb8.jpg,0.8717308262815072,0.1570493
A2B,d754850d01.jpg,0.9224721876948635,0.22127889
A2B,d7948c7635.jpg,0.9139532160616946,0.30384493
A2B,d88482796d.jpg,0.8486097462744101,0.29528502
A2B,d9e8704878.jpg,0.8700836632045993,0.22398573
A2B,da72006ef5.jpg,0.8390235840342584,0.2992406
A2B,dc33f0edbe.jpg,0.8092815624150457,0.34550798
A2B,dcab49d080.jpg,0.6851140684566677,0.37979513
A2B,dcf5ea1040.jpg,0.8041995790214396,0.3393996
A2B,dd46691bd7.jpg,0.9242690131092689,0.22523028
A2B,de6f71b00f.jpg,0.8969263612060341,0.1750824
A2B,df64ac2dcb.jpg,0.8827251364673313,0.22125801
A2B,e2253b87a0.jpg,0.8527885057758091,0.28954998
A2B,e291f8144f.jpg,0.705648262241706,0.3088926
A2B,e3112413b1.jpg,0.8235357861605177,0.3406834
A2B,e37407c747.jpg,0.8084026369089593,0.38868952
A2B,e510a74d3c.jpg,0.8283398048432543,0.34160236
A2B,e568f84fad.jpg,0.8589108350920013,0.28599325
A2B,e753318d04.jpg,0.8708588091184547,0.25114125
A2B,e88d9de918.jpg,0.8813370175977555,0.18419853
A2B,e9580cd500.jpg,0.8313394872114871,0.20545483
A2B,e9f5563817.jpg,0.8187611655048579,0.2145992
A2B,e9f686534b.jpg,0.8677015357041118,0.22336553
A2B,eb3cc5c559.jpg,0.8991128189237796,0.22792158
A2B,ec3398cef9.jpg,0.8544137162429534,0.21147643
A2B,ec78d80dbd.jpg,0.8116410525455928,0.28177655
A2B,ed597655a0.jpg,0.8124138412628826,0.33637118
A2B,ede9769cb3.jpg,0.8147590554637532,0.42373896
A2B,ee7adac58f.jpg,0.9316861381149211,0.19789933
A2B,f04c9d8e34.jpg,0.7391305428556074,0.26278117
A2B,f0884db067.jpg,0.864420661967621,0.35679713
A2B,f0d789c4bc.jpg,0.8719085209641032,0.25400466
A2B,f4413e97bd.jpg,0.7750900870635989,0.31064647
A2B,f486c1655f.jpg,0.8746218462205927,0.4553294
A2B,f7836c88eb.jpg,0.8885431500636262,0.21797538
A2B,f821791c85.jpg,0.8470958087752065,0.24176282
A2B,f84fb4516a.jpg,0.8137108830565672,0.2996497
A2B,f96a8de9f3.jpg,0.7008938668906753,0.5166762
A2B,fb3b06dcb2.jpg,0.8661942939960927,0.3158255
A2B,fb806a2a1c.jpg,0.9036384055449513,0.27625042
A2B,fb93438ff9.jpg,0.8256815973665306,0.28429136
A2B,fba982625d.jpg,0.8400800237274693,0.3255016
A2B,fc11d52502.jpg,0.8993666551156503,0.22251123
A2B,fd63a333f1.jpg,0.8284166138884341,0.19849193
A2B,fdf1530d95.jpg,0.8862891368246373,0.25061068
A2B,ffd74c77ea.jpg,0.7462725303670722,0.21172261
B2A,00068bc07f.jpg,0.7818067525634509,0.36532548
B2A,000910d219.jpg,0.7255634569557381,0.4145838
B2A,000ded5c41.jpg,0.6610868327876622,0.50972223
B2A,00104fd531.jpg,0.7061541507044877,0.45242125
B2A,001158d595.jpg,0.908966177949061,0.23216769
B2A,0033c5f971.jpg,0.8486868442571683,0.19014204
B2A,0039ebb598.jpg,0.566781260137441,0.49038032
B2A,003aab6fdd.jpg,0.855646178441013,0.39749548
B2A,003c6c30e0.jpg,0.8638830247938611,0.30332708
B2A,00479e2a21.jpg,0.8560680618111955,0.31459105
B2A,005f987f56.jpg,0.8106923200408561,0.2676918
B2A,0080f94ebc.jpg,0.7735353640341235,0.40739918
B2A,00882b7e1d.jpg,0.7730427766917314,0.24424651
B2A,009d534136.jpg,0.8154749275752046,0.36535132
B2A,009ddaed1f.jpg,0.8110412500443482,0.3275336
B2A,00aeb60e25.jpg,0.7345987182310132,0.3083669
B2A,00c6a0ad1e.jpg,0.8087062714481438,0.28306547
B2A,00dcf0f1e3.jpg,0.8145889006324432,0.24049349
B2A,00dff09ebe.jpg,0.7749728164783126,0.4544299
B2A,00e1798585.jpg,0.7779423474947964,0.35227537
B2A,00e64e1b2c.jpg,0.7647592092035111,0.36680055
B2A,00f78547f0.jpg,0.7948317268366487,0.39559063
B2A,00fcff630e.jpg,0.8941122063006297,0.33327407
B2A,01135e4771.jpg,0.8742696057095023,0.2420544
B2A,011f46de73.jpg,0.7521773664236231,0.34827673
B2A,012df5ce29.jpg,0.9450262671346079,0.20607473
B2A,01416e7ada.jpg,0.8656949819699283,0.35343283
B2A,01480da48f.jpg,0.5615243747654395,0.48869947
B2A,0159685c51.jpg,0.8737029938469095,0.30363262
B2A,015f79b672.jpg,0.8947143902027627,0.25240773
B2A,01622039ef.jpg,0.7725892388500724,0.38642046
B2A,0162322d2d.jpg,0.7085556332743678,0.39758882
B2A,016d408833.jpg,0.8740652829975875,0.30174655
B2A,016f524878.jpg,0.8631835620328759,0.23551354
B2A,017018f377.jpg,0.6790877034604227,0.57106745
B2A,01771d99c3.jpg,0.7736062434753848,0.4815336
B2A,017aacad6e.jpg,0.6997077268832322,0.4039437
B2A,018be60883.jpg,0.6750813900340121,0.38905406
B2A,018db0f253.jpg,0.7033249676195029,0.41099223
B2A,01952c7673.jpg,0.9083079367017338,0.4365688
B2A,01971e48e5.jpg,0.723406676297304,0.46933773
B2A,019cf7682d.jpg,0.8565253829596298,0.20274964
B2A,01ae8be57e.jpg,0.8788259110362445,0.17790437
B2A,01af5f8623.jpg,0.8385655868418667,0.24051428
B2A,01bce47d3f.jpg,0.6930990427461943,0.39493352
B2A,01c4f86e3e.jpg,0.590802826857314,0.4412711
B2A,01f7a6398e.jpg,0.9287847606972603,0.30910292
B2A,02001e59af.jpg,0.9112488272129514,0.21945882
B2A,0212257854.jpg,0.7192432192861073,0.4105866
B2A,021df2c226.jpg,0.7189594953778665,0.36595833
B2A,022ca16b0f.jpg,0.6149478637911618,0.42740458
B2A,023637f8fb.jpg,0.7332447688926845,0.48038846
B2A,023eed0385.jpg,0.694315398277595,0.42964894
B2A,023f3cbb75.jpg,0.8717282521530739,0.21516618
B2A,0240a597f5.jpg,0.7822526986739718,0.47247455
B2A,024d98032b.jpg,0.88703599508658,0.38914984
B2A,0254fc91bd.jpg,0.8445368463672629,0.31839457
B2A,02620a36f7.jpg,0.856961339973895,0.51173455
B2A,026ac33f9c.jpg,0.7695280098660238,0.35549587
B2A,029524fd91.jpg,0.7974073816819724,0.46873784
B2A,029854a790.jpg,0.6063985342878061,0.3673498
B2A,02a1366c74.jpg,0.8366717636599,0.22175804
B2A,02a4445906.jpg,0.8095378064555915,0.29439202
B2A,02b232fc78.jpg,0.725774535092158,0.25898895
B2A,02c43186c8.jpg,0.8173710095116714,0.36277634
B2A,02c6c1f6a9.jpg,0.8525177576974537,0.22334522
B2A,02cd89f56d.jpg,0.8869140420113147,0.39990103
B2A,02d763f1c2.jpg,0.6403641813122858,0.4698166
B2A,02ded12bbd.jpg,0.4323012849266535,0.66560274
B2A,02ea18a456.jpg,0.8535178538965204,0.26298857
B2A,02ec33e094.jpg,0.8140774851745379,0.25843716
B2A,0312af1e14.jpg,0.6901389329263978,0.49071187
B2A,032389e868.jpg,0.8445350977932633,0.33954427
B2A,03242238ae.jpg,0.832963190472772,0.4128523
B2A,0324f82fee.jpg,0.8483995521111128,0.25929213
B2A,0341fa51d0.jpg,0.7632649761564331,0.52747715
B2A,0344a47135.jpg,0.8884107205084392,0.2041367
B2A,034627340c.jpg,0.9081171645371896,0.14450604
B2A,0362dd81bb.jpg,0.8441393814819173,0.21787462
B2A,0378bcc7c9.jpg,0.8722714862130202,0.25352335
B2A,03950208ff.jpg,0.914455990145191,0.39573762
B2A,03a17d96e1.jpg,0.6722010999919275,0.47511268
B2A,03a21c1b9c.jpg,0.5659220883262691,0.3693324
B2A,03a2b7ce83.jpg,0.6743774103542558,0.428159
B2A,03ae080a47.jpg,0.6993178690794158,0.2889785
B2A,03ae26ed88.jpg,0.8999404314444731,0.29787117
B2A,03bac83f64.jpg,0.7672302547862543,0.38741857
B2A,03be88270f.jpg,0.8495153116120376,0.3102115
B2A,03c5d1d098.jpg,0.7245609132331707,0.4450945
B2A,03c9f2e3c2.jpg,0.8797388683484062,0.3493163
B2A,03c9f3d584.jpg,0.9100127360177045,0.10223435
B2A,03cc206144.jpg,0.7910712862115443,0.35965052
B2A,03d47c18a5.jpg,0.7245393717078694,0.43998933
B2A,03d6a4d860.jpg,0.7578152115178595,0.3765964
B2A,03dde7a28f.jpg,0.9224790877826593,0.36957312
B2A,03e48faafa.jpg,0.8013848192869726,0.25054786
B2A,03fd7067c1.jpg,0.8983927907585207,0.3983767
B2A,03fe5d2263.jpg,0.7344776549002031,0.48486665
B2A,0409e76de0.jpg,0.8096548723156181,0.44874796
B2A,0425fc7ce5.jpg,0.7869271009447243,0.25526324
B2A,042f0e804d.jpg,0.8827751963907554,0.19025704
B2A,0435dc46a4.jpg,0.7831195080960739,0.32511204
B2A,0436aaaf16.jpg,0.6723401013916248,0.46180406
B2A,04387e4338.jpg,0.6703502004045191,0.6088598
B2A,043b541b77.jpg,0.9357488473959322,0.2513201
B2A,044c1653cf.jpg,0.8356852718593382,0.3053594
B2A,0450d4f8ae.jpg,0.7664365911571257,0.36178917
B2A,0451cdb867.jpg,0.6516631641274491,0.52875006
B2A,045e937903.jpg,0.6124173185491446,0.47845176
B2A,0466d4cdf9.jpg,0.878741411424965,0.22329605
B2A,0473a25050.jpg,0.808431425462777,0.3181286
B2A,047acab66b.jpg,0.8410734986946862,0.46480948
B2A,047da870f6.jpg,0.8558261001892529,0.2994605
B2A,04838b8b1e.jpg,0.783283876395265,0.39745495
B2A,049576d31c.jpg,0.7985206759806055,0.42305607
B2A,049b0ece59.jpg,0.8842348690599839,0.2509532
B2A,04a5fc42e1.jpg,0.8870295482722673,0.26232922
B2A,04b8bfdb1c.jpg,0.8015875242631769,0.23795599
B2A,04cb1f4705.jpg,0.7886117352513762,0.28451324
B2A,04cf8e6d5f.jpg,0.7964321955506115,0.23944119
B2A,04d7e14fbe.jpg,0.8252492416419773,0.28082794
B2A,04d91d7bda.jpg,0.7606627712409871,0.62127477
B2A,04e32c4dc1.jpg,0.7940503018925474,0.47658134
B2A,04ec8c9ec2.jpg,0.8001724119187205,0.27217332
B2A,04f59976b5.jpg,0.8404394332271137,0.18358473
B2A,04f71da37b.jpg,0.6243246911975,0.4990024
B2A,04f72d81b0.jpg,0.8478562549837076,0.24352765
B2A,04f80539d7.jpg,0.9185683126624504,0.2869765
B2A,04fa2a606d.jpg,0.8164403425373863,0.34715915
B2A,04fa456bc9.jpg,0.7097842931218385,0.4644379
B2A,05057d04f7.jpg,0.8522358817668928,0.2412124
B2A,0506726dbd.jpg,0.7919457825054017,0.3990535
B2A,050da171c0.jpg,0.6347362753274658,0.56612706
B2A,051159e33a.jpg,0.8198555668686038,0.27299905
B2A,051a7c9ae6.jpg,0.6798364869986052,0.33498907
B2A,051bde8166.jpg,0.878313140291909,0.2743411
B2A,051c1b5ee3.jpg,0.8286287271598932,0.28415215
B2A,0529dd48c8.jpg,0.7582566153921689,0.26200932
B2A,053024baa2.jpg,0.7108896152125137,0.63691264
B2A,0541ce0c1a.jpg,0.7784165089356222,0.24164942
B2A,0547a52b93.jpg,0.6211725869856379,0.26481336
B2A,054f264b2e.jpg,0.9009590210313354,0.28063223
B2A,054f375c69.jpg,0.9146751072545374,0.21676181
B2A,05557b0148.jpg,0.6632490915000373,0.34044182
B2A,055c3026f8.jpg,0.8301835594931292,0.33880088
B2A,055dac1e18.jpg,0.889904304637118,0.21744086
B2A,055e5dca6e.jpg,0.7759935444743973,0.5663033
B2A,05646c5cdb.jpg,0.8037200817237241,0.29962128
B2A,0572f32305.jpg,0.7421714079115745,0.5638981
B2A,057d83cdee.jpg,0.87240330057864,0.29890466
B2A,058af422c6.jpg,0.8859601498667865,0.20110592
B2A,0597c38d69.jpg,0.9112993962152798,0.35086727
B2A,05a3801bed.jpg,0.8142391526155629,0.39639384
B2A,05a84fad61.jpg,0.8316229058836873,0.48073506
B2A,05c885c810.jpg,0.8515890876585909,0.27860555
B2A,05ca68299e.jpg,0.6421493629565083,0.30965695
B2A,05e37a8900.jpg,0.888463922618599,0.283489
B2A,05e88ecd0a.jpg,0.7539631756765176,0.26025823
B2A,05f0db4d14.jpg,0.7925699525049753,0.50306493
B2A,05f22b97da.jpg,0.9279877229083622,0.2762649
B2A,05f4b38e6e.jpg,0.7694999848466493,0.5186807
B2A,06058e6cb0.jpg,0.6530807957124628,0.57212925
B2A,0606110c45.jpg,0.7459973337207764,0.546173
B2A,061bb611e0.jpg,0.7628971428967839,0.36313468
B2A,061f0095f0.jpg,0.8822733071361246,0.36083525
B2A,062313a97c.jpg,0.867569029500685,0.15480031
B2A,06371834cb.jpg,0.5001261962665106,0.5869226
B2A,063ab57d41.jpg,0.9180624270417733,0.14200754
B2A,064b9119de.jpg,0.8379999749929432,0.42522985
B2A,064babb7f0.jpg,0.737318925614521,0.29061007
B2A,064f91250d.jpg,0.7848053387564037,0.52821434
B2A,065b649ac7.jpg,0.701221368083985,0.49369967
B2A,0665264678.jpg,0.9259606480750141,0.21442288
B2A,066b81e0f9.jpg,0.9031424480438688,0.33943117
B2A,068381ad63.jpg,0.7978960067882768,0.42100653
B2A,068cc6fe3f.jpg,0.6977858284561189,0.30428982
B2A,0696f8142e.jpg,0.8086473782218168,0.32705906
B2A,069e6e5b82.jpg,0.8390784152299419,0.3250716
B2A,06a5930183.jpg,0.9208203894999308,0.2950257
B2A,06a9cf2d11.jpg,0.6618309658098085,0.53107786
B2A,06b2c2dfca.jpg,0.7991190546077145,0.32495838
B2A,06b8114f82.jpg,0.8014311543492875,0.41138718
B2A,06c2d19658.jpg,0.8314602135282634,0.35955757
B2A,06c549794b.jpg,0.8645334600065121,0.3062784
B2A,06c89c4c23.jpg,0.7506825639551825,0.41491237
B2A,06c9326c86.jpg,0.7003890185841556,0.3757823
B2A,06e117b31e.jpg,0.8628119268026627,0.33453435
B2A,06e156d8ba.jpg,0.8368191760708213,0.25160167
B2A,06f749912b.jpg,0.91850178839336,0.21444237
B2A,07054731ab.jpg,0.576576015295133,0.5745503
B2A,0709ff32ee.jpg,0.770096909290513,0.27938867
B2A,0711866dcd.jpg,0.5657911103753428,0.4958691
B2A,071c375c2c.jpg,0.797065315987958,0.40453508
B2A,0723d52098.jpg,0.8659638276417368,0.26714247
B2A,0724805941.jpg,0.8216934923870569,0.30434537
B2A,072f1336c9.jpg,0.8468086978441366,0.44172198
B2A,07362b3f42.jpg,0.865336494546958,0.34588113
B2A,073e8b3056.jpg,0.8129419444108169,0.30352592
B2A,074218de82.jpg,0.7681866216124902,0.45543057
B2A,074ea8cb6e.jpg,0.781246350044237,0.3320834
B2A,07573a95f6.jpg,0.6838793632297161,0.4086774
B2A,075e8d4617.jpg,0.886907458421904,0.21990997
B2A,0761281e3b.jpg,0.7314416207345779,0.39696002
B2A,076c62582d.jpg,0.9115143115280103,0.15806375
B2A,0770ea1a07.jpg,0.7871633166588736,0.41349727
B2A,077bf7e451.jpg,0.7156471936637582,0.45449367
B2A,078cd3ce07.jpg,0.8479767023085722,0.2239798
B2A,078fd1bc42.jpg,0.7719199866365696,0.38779515
B2A,07939b1fde.jpg,0.8234293458126836,0.29884028
B2A,079da3af1e.jpg,0.8333189531968018,0.25987837
B2A,07b7fdff1b.jpg,0.7543030072912588,0.6200835
B2A,07bf7d7df1.jpg,0.793310720006228,0.38519204
B2A,07cb260548.jpg,0.85441746504031,0.20860425
B2A,07e9bc5956.jpg,0.7704698543937007,0.26997498
B2A,07ea3a38d2.jpg,0.6748972879749405,0.56426656
B2A,07f37dfe50.jpg,0.9016128669833366,0.3128978
B2A,07f730ef9a.jpg,0.7930945262411842,0.53889835
B2A,08009f0be5.jpg,0.8506305967223163,0.2804317
B2A,0811c84b0c.jpg,0.8749709332578405,0.24105395
B2A,081955febb.jpg,0.8759058307850663,0.17440929
B2A,08247a7020.jpg,0.7214858735743854,0.38520685
B2A,082786cc1f.jpg,0.8562439701445185,0.20838115
B2A,08341635fa.jpg,0.7225354258659991,0.5271814
B2A,0844c2cddf.jpg,0.8269225852830042,0.33645216
B2A,0845e8dc24.jpg,0.5476505059713305,0.43630114
B2A,085c73097f.jpg,0.6123191977408805,0.54375243
B2A,0860f1e141.jpg,0.9534419754804325,0.2711416
B2A,08645ef69b.jpg,0.6989217732735427,0.285826
B2A,087e779e73.jpg,0.7778388840158501,0.35450757
B2A,08874a6ee1.jpg,0.7081869400212347,0.37136224
B2A,088972cf3f.jpg,0.7658373233196234,0.2184872
B2A,089406822c.jpg,0.754807243981965,0.25686836
B2A,08a203b59d.jpg,0.8543272183289737,0.305988
B2A,08acc490a3.jpg,0.7178694770638707,0.32526478
B2A,08b790bca7.jpg,0.9321354907312269,0.4659007
B2A,08c1754f70.jpg,0.7130460097275222,0.27639383
B2A,08cbd0d6c4.jpg,0.9301148710293757,0.21766429
B2A,08cbd51033.jpg,0.8648765813225375,0.28655055
B2A,08d7603c9c.jpg,0.8773333776902,0.35375795
B2A,08da1e5774.jpg,0.9171145541584426,0.2918054
B2A,08e3354189.jpg,0.8431584231983762,0.27846378
B2A,08fa88c02c.jpg,0.7963575217721128,0.20390616
B2A,08fa8a6f26.jpg,0.8219775171636596,0.46899977
B2A,08fd7ac09b.jpg,0.9070554453271021,0.29340518
B2A,090d5b3cca.jpg,0.7745432779551725,0.3137527
B2A,091b6b9b07.jpg,0.8138192585813337,0.36897546
B2A,0922bbb3c1.jpg,0.7938074451438961,0.24523404
B2A,0932ad9605.jpg,0.8896317600349437,0.29846114
B2A,0938dc0298.jpg,0.7039093642246068,0.5931908
B2A,0939723138.jpg,0.8234502894765632,0.23238721
B2A,093be92a48.jpg,0.8850782576156442,0.1294638
B2A,093e24f728.jpg,0.7951509258379923,0.45984575
B2A,0945008455.jpg,0.7884906175063684,0.3178785
B2A,09591edd0a.jpg,0.9256584334781002,0.33600545
B2A,095bc5a33d.jpg,0.8091942015959829,0.35161945
B2A,096165f6f0.jpg,0.9150036545953784,0.23146003
B2A,0962094f25.jpg,0.9138679606501479,0.19901699
B2A,0963accefe.jpg,0.912082544468864,0.268903
B2A,096495c50c.jpg,0.7362583578938644,0.34595096
B2A,096bae8cd9.jpg,0.7717432961487494,0.2952322
B2A,096da37ff7.jpg,0.8813718908016294,0.28772074
B2A,096f009762.jpg,0.7377847525371801,0.37740004
B2A,09748274a3.jpg,0.8729833315412695,0.2797012
B2A,09756af6f7.jpg,0.769870251310783,0.40215355
B2A,097b3ce81a.jpg,0.8572996568363952,0.31442523
B2A,097d38ef3b.jpg,0.8398512509097534,0.34176278
B2A,09816286d3.jpg,0.8888121493782738,0.35843232
B2A,0984136f36.jpg,0.5454253479977117,0.62826884
B2A,098b35d919.jpg,0.7801683447325835,0.4294542
B2A,098c0ce670.jpg,0.7778739955645929,0.3902208
B2A,098fde2b22.jpg,0.8177814596704437,0.30216157
B2A,099159901a.jpg,0.7330778151305987,0.5570776
B2A,099395535c.jpg,0.8197082101234023,0.22921997
B2A,09986b5a14.jpg,0.8374426491763434,0.47961923
B2A,09a43d2264.jpg,0.9047583126372675,0.33422944
B2A,09bebf108f.jpg,0.7747657067280517,0.32258686
B2A,09c874df81.jpg,0.8758019992391903,0.31254476
B2A,09d34f7412.jpg,0.8583604823403903,0.3552751
B2A,09ddb5e4c9.jpg,0.7377588258464626,0.52213866
B2A,09e084658a.jpg,0.6775490644932574,0.4105067
B2A,09e1b696b4.jpg,0.9153520140017446,0.14078206
B2A,09e2982b82.jpg,0.5766251025058419,0.5447741
B2A,09e8393bd1.jpg,0.6822850230342296,0.47143662
B2A,09ec565e3a.jpg,0.8557492114787295,0.38129088
B2A,09f57ab8c5.jpg,0.9060633091820284,0.2372324
B2A,09fc404e31.jpg,0.6581099913235005,0.7229651
B2A,09fcd10b7e.jpg,0.8618554650261255,0.26578018
B2A,0a0c3a6d07.jpg,0.6914483128364256,0.523595
B2A,0a0d3e6ea7.jpg,0.7550208900994848,0.40793887
B2A,0a1d1b9f8e.jpg,0.7321751678599434,0.63526297
B2A,0a271892d0.jpg,0.7299976078168462,0.35627902
B2A,0a284dbed0.jpg,0.6957185397880211,0.1984223
B2A,0a2e5f728d.jpg,0.724543807778747,0.5094643
B2A,0a325fc655.jpg,0.7127931011065258,0.35634986
B2A,0a44c8287d.jpg,0.7947835961585946,0.5292096
B2A,0a49020ae5.jpg,0.8046447539180517,0.24071014
B2A,0a497f768d.jpg,0.8243121197083374,0.3479943
B2A,0a6091114d.jpg,0.781123587461253,0.5117775
B2A,0a6279ef66.jpg,0.8285643737608297,0.40878585
B2A,0a6e92d928.jpg,0.8477365467274401,0.17631115
B2A,0a74701f65.jpg,0.908767804160679,0.2829288
B2A,0a7a8e30bd.jpg,0.6633058133070536,0.4702724
B2A,0a7b607c9c.jpg,0.9207756520365152,0.19477212
B2A,0a8839fac9.jpg,0.804118925069992,0.2531784
B2A,0a996d988b.jpg,0.8504408584776996,0.20800768
B2A,0aa4202c77.jpg,0.8381855585437986,0.33603564
B2A,0aaf6960c4.jpg,0.9154108160912124,0.14453928
B2A,0abbeddf71.jpg,0.7934128039473725,0.39167765
B2A,0abbf2fd4b.jpg,0.7249693161627472,0.4492619
B2A,0ac4b6aaaa.jpg,0.7625762895137169,0.23276365
B2A,0ac84db7bc.jpg,0.5529717819554759,0.65122485
B2A,0ad13029a9.jpg,0.6684322145304114,0.44633776
B2A,0ad956708f.jpg,0.8563248636112852,0.28165656
B2A,0ae5e9bfe2.jpg,0.8028946584442943,0.22468615
B2A,0aec1f9701.jpg,0.9223314944440255,0.35591117
B2A,0b0bf6fe85.jpg,0.8067250181038783,0.3557956
B2A,0b1669c3ea.jpg,0.766846311896772,0.44169238
B2A,0b21ce3df6.jpg,0.857462586905547,0.33550575
B2A,0b2454f0e3.jpg,0.8571452490157402,0.20140396
B2A,0b2f2a3e59.jpg,0.9305038274648761,0.30615696
B2A,0b3fd12ac9.jpg,0.8543208674341453,0.27028027
B2A,0b461ab035.jpg,0.9637607143937028,0.28010008
B2A,0b48073b83.jpg,0.8088884797284921,0.33868757
B2A,0b4dbff7c8.jpg,0.9098256326447786,0.17440495
B2A,0b4f93c337.jpg,0.8506593514210997,0.392968
B2A,0b53fd3e90.jpg,0.849471516857367,0.3202471
B2A,0b68939003.jpg,0.8700669789355374,0.35203254
B2A,0b6b4bfc29.jpg,0.911522710225253,0.16998321
B2A,0b91f359c5.jpg,0.6683194325746415,0.5082578
B2A,0b97d70d93.jpg,0.837920562227111,0.2515421
B2A,0bb9d1a3cf.jpg,0.842341901674643,0.21663159
B2A,0bcecb1330.jpg,0.7094166663399292,0.48528016
B2A,0bddd37684.jpg,0.8107535889789091,0.34355208
B2A,0bde6ba99b.jpg,0.7997394984188185,0.35425
B2A,0bdf3110dc.jpg,0.8432060263423179,0.37124863
B2A,0bede4ba4e.jpg,0.5750559363418755,0.2522946
B2A,0c18bf8536.jpg,0.8922769241166746,0.34167588
B2A,0c21bed0d8.jpg,0.7321836544726011,0.22655848
B2A,0c272fcde8.jpg,0.8686797893309596,0.2580387
B2A,0c4ebc7f6a.jpg,0.7978050293015426,0.21773838
B2A,0c64451f58.jpg,0.8337063443505429,0.38015795
B2A,0c64b00832.jpg,0.780833088980818,0.30021253
B2A,0c696d12a2.jpg,0.8672760743466241,0.28637153
B2A,0c6b56bba9.jpg,0.7893859555351448,0.32223204
B2A,0c6b63c2c5.jpg,0.6290698864667267,0.45207268
B2A,0c6c9d8ce7.jpg,0.8987058607313021,0.25798437
B2A,0c6e6b52be.jpg,0.8089953532391428,0.29053122
B2A,0c6fcdf1f5.jpg,0.6931718494728164,0.39485422
B2A,0c781e1538.jpg,0.7958677090926196,0.289254
B2A,0c7e07acd3.jpg,0.8747601010733191,0.22362633
B2A,0c8a94c597.jpg,0.7644316202479682,0.28986877
B2A,0ca5b3c96a.jpg,0.7258087896679019,0.37834337
B2A,0cac1bcf2b.jpg,0.8338585297762505,0.4387268
B2A,0cae98323f.jpg,0.9132773458416252,0.2088423
B2A,0cb4144fbb.jpg,0.6472131354274899,0.61466193
B2A,0cb6683555.jpg,0.9432861605381541,0.22491898
B2A,0ccbcfcf65.jpg,0.8781204437075046,0.27037844
B2A,0cda2627bf.jpg,0.8787775459580728,0.35692522
B2A,0cdfbb28e6.jpg,0.533228282411123,0.44854337
B2A,0ce227ee32.jpg,0.6867987990432097,0.3413514
B2A,0cec4d02a7.jpg,0.684839536454764,0.42387417
B2A,0cecce2e24.jpg,0.7689734437388646,0.5037689
B2A,0cf495d82e.jpg,0.8237189526725716,0.4788535
B2A,0cf4dc75d0.jpg,0.7193047377522286,0.37481624
B2A,0cfe85f73d.jpg,0.8473144572908415,0.42302102
B2A,0d11463712.jpg,0.830618270244102,0.4731216
B2A,0d1a5b6882.jpg,0.8178973046703495,0.47753865
B2A,0d23431254.jpg,0.7988479218458625,0.330857
B2A,0d2583e3ea.jpg,0.7209609139565542,0.33195925
B2A,0d2ed7fb8e.jpg,0.7708355269442464,0.3004927
B2A,0d2f9d322d.jpg,0.6334517767382701,0.5014154
B2A,0d3752b4ad.jpg,0.8023314662015677,0.33460194
B2A,0d423f52fd.jpg,0.8861600652110152,0.2900284
B2A,0d59054b30.jpg,0.8421046815638819,0.24739927
B2A,0d593e3752.jpg,0.8606560628046869,0.2941695
B2A,0d64ca5ecf.jpg,0.8940242294686173,0.27623683
B2A,0d6ba5d215.jpg,0.6361288207753468,0.51119494
B2A,0d6c81cbc2.jpg,0.8039676470797215,0.4121079
B2A,0d6f893bc7.jpg,0.8866137901421497,0.27311298
B2A,0d7c5d97ac.jpg,0.9434409064852523,0.33236003
B2A,0d80b97eb4.jpg,0.8216332287554532,0.27839515
B2A,0d859e1630.jpg,0.7065423187446352,0.54348576
B2A,0d89393fe0.jpg,0.8678252573157933,0.2073392
B2A,0d8c66b24e.jpg,0.8348138338135881,0.2571761
B2A,0dd016afa5.jpg,0.8274790440183648,0.25106046
B2A,0dd4041294.jpg,0.8511275232181444,0.3650548
B2A,0dd5085fdf.jpg,0.9507581745274671,0.39143646
B2A,0dde3f8ee7.jpg,0.8146557115729045,0.2403717
B2A,0de8320918.jpg,0.8132089573387608,0.23772356
B2A,0de920c5bf.jpg,0.940937436173402,0.22083585
B2A,0debce885b.jpg,0.6725488611510195,0.37830552
B2A,0df35db4a2.jpg,0.7976331721292671,0.442237
B2A,0df9a45c26.jpg,0.6659801907210754,0.46240819
B2A,0e003670f7.jpg,0.6238883420642306,0.59154904
B2A,0e0577ec3a.jpg,0.7218538374143921,0.39630023
B2A,0e0a660bb8.jpg,0.601333593220715,0.46890852
B2A,0e0bdef20a.jpg,0.7587769895565051,0.31280482
B2A,0e1230a330.jpg,0.8123641261035703,0.4411
B2A,0e13d9c6f4.jpg,0.7813837499922998,0.32347757
B2A,0e23057337.jpg,0.9328875394335959,0.3224085
B2A,0e2610ef33.jpg,0.7205607663904015,0.5133318
B2A,0e441b3c17.jpg,0.8587561934593196,0.32641354
B2A,0e4c7d5e15.jpg,0.8527102575972372,0.2979421
B2A,0e4ec46846.jpg,0.8586133950831755,0.4178233
B2A,0e5afbada4.jpg,0.861904910487151,0.33356678
B2A,0e750aaed9.jpg,0.8948304262998705,0.30138236
B2A,0e8eb4587e.jpg,0.8486451491087986,0.27262157
B2A,0e95c87f76.jpg,0.8320482523813988,0.21748589
B2A,0e983a3ef5.jpg,0.7111601942027151,0.56464773
B2A,0eaa8d71f6.jpg,0.795606032764935,0.3421459
B2A,0eb3c8892a.jpg,0.47511434562015464,0.63264275
B2A,0eb810429d.jpg,0.5801344388209243,0.75622517
B2A,0eddbbb35c.jpg,0.8862772530100999,0.2028693
B2A,0f1e6530bc.jpg,0.7859416469139073,0.31212312
B2A,0f35be9cbb.jpg,0.8686278973281221,0.3453671
B2A,0f3757e6cd.jpg,0.7560703402124749,0.5544398
B2A,0f3ed210c0.jpg,0.9351492195860864,0.32120532
B2A,0f5228f2a6.jpg,0.9165520288534322,0.19033878
B2A,0f58899ce1.jpg,0.9085615013707653,0.22703932
B2A,0f819ab838.jpg,0.7493797316061627,0.39684775
B2A,0f8e316a87.jpg,0.8538376638806302,0.3283924
B2A,0fa29829f2.jpg,0.6454009526395417,0.55345714
B2A,0fa5629898.jpg,0.8865379413585256,0.20422356
B2A,0fb1ca7fe1.jpg,0.7780448375672158,0.34496304
B2A,0fbcbeddd5.jpg,0.7017461271707937,0.38718688
B2A,0fca1c304e.jpg,0.8235391725182407,0.30558258
B2A,0fccbd8558.jpg,0.8063234712164148,0.29348075
B2A,0fd7cd6092.jpg,0.8971050405322132,0.24612138
B2A,0fdcf56678.jpg,0.8605519809566746,0.3102919
B2A,0fe76a9ec9.jpg,0.8372834172364422,0.38942593
B2A,0fef77210a.jpg,0.716082901685156,0.5549747
B2A,10118ae431.jpg,0.78411008944476,0.3747592
B2A,101a1f34db.jpg,0.6801605916005162,0.49732465
B2A,101a5ad83d.jpg,0.8732322075067039,0.2869705
B2A,101c59feab.jpg,0.8817863962052105,0.27542812
B2A,101d00677e.jpg,0.8822778879473768,0.2527852
B2A,102c9065a7.jpg,0.7635518960774673,0.3797009
B2A,102da9e0bf.jpg,0.8760319796936377,0.42908502
B2A,10371b9044.jpg,0.768419519989784,0.35186756
B2A,1037993785.jpg,0.8426522833664828,0.35975856
B2A,104204fa3f.jpg,0.8694584539736776,0.27882603
B2A,105ac2e395.jpg,0.8542426214705285,0.36761576
B2A,106091e966.jpg,0.8042341131052614,0.38495037
B2A,1064e8c2fc.jpg,0.8980846807791832,0.27823317
B2A,10729e0962.jpg,0.7648944908579008,0.21759652
B2A,1076bdc405.jpg,0.6225638132176734,0.6012553
B2A,107769ed33.jpg,0.8361210568308153,0.33938676
B2A,1079a7abe1.jpg,0.8250629662325596,0.40228975
B2A,108d3336bd.jpg,0.9286325630051646,0.24565017
B2A,108f57c580.jpg,0.7832833397087424,0.44967994
B2A,1097dcc82e.jpg,0.7828244515942245,0.47126317
B2A,10ab9fcfcb.jpg,0.6911910368244513,0.6386675
B2A,10e101cae7.jpg,0.8301428660920037,0.25112936
B2A,10e79c0f04.jpg,0.7738025695963987,0.20438091
B2A,10f3bc8893.jpg,0.7795834824263033,0.5791895
B2A,1106610965.jpg,0.9266866558062518,0.39366138
B2A,11068aa40b.jpg,0.6936262135143229,0.40339196
B2A,110d660fee.jpg,0.899653549263281,0.2789307
B2A,112f088373.jpg,0.7986118332425767,0.4379536
B2A,113444c0c2.jpg,0.9281417014481207,0.19765997
B2A,1138db3be9.jpg,0.8547280329331639,0.23627008
B2A,114692dc5b.jpg,0.9149449565108617,0.21861628
B2A,1151c9b98d.jpg,0.7252223355638324,0.4647143
B2A,115cd21c1c.jpg,0.6078389361508809,0.45212528
B2A,115cd80f74.jpg,0.8592971634285067,0.3392871
B2A,115f221c2a.jpg,0.45540532545005885,0.47494972
B2A,115f43bae3.jpg,0.7736926987498131,0.40172255
B2A,117281b37b.jpg,0.8291646401269593,0.33623528
B2A,1172d3e228.jpg,0.7678085702333785,0.44513795
B2A,117d70bd19.jpg,0.6723437017700866,0.70085037
B2A,117e2a807d.jpg,0.5705385858425299,0.43600762
B2A,1193c043d7.jpg,0.7717013709467612,0.44318515
B2A,11bcbf0f67.jpg,0.9032821039395199,0.2454466
B2A,11c1de8b75.jpg,0.8337871299559177,0.27483535
B2A,11c24d756f.jpg,0.8012638143671809,0.30319375
B2A,11cc678dbf.jpg,0.8891100423508435,0.31864655
B2A,11d4cd762d.jpg,0.8286967247186194,0.3726568
B2A,11d713b4ee.jpg,0.5548885409723484,0.512383
B2A,11e25d3dc4.jpg,0.8634136644065348,0.26127127
B2A,11f13ca69e.jpg,0.7316184132570881,0.3555454
B2A,11f482a716.jpg,0.7820220257169281,0.38744095
B2A,11feb29e6a.jpg,0.8356427620119288,0.17428596
B2A,1216dc1ffe.jpg,0.8835659689929698,0.25682357
B2A,12193672ba.jpg,0.825666238012232,0.40469232
B2A,122f944d40.jpg,0.6712075127501831,0.39611027
B2A,1235e32fb2.jpg,0.8303520824080861,0.23087889
B2A,123714f71c.jpg,0.853505062106073,0.26648548
B2A,1240cc6f83.jpg,0.7688879530277581,0.55180097
B2A,124244310e.jpg,0.911626111951575,0.2848793
B2A,124dda3622.jpg,0.7997568692643634,0.3370728
B2A,125fd9187b.jpg,0.6399010136735808,0.60248035
B2A,12672ab41c.jpg,0.8378908185193171,0.40378743
B2A,126fb64cb8.jpg,0.7956221641279524,0.17797637
B2A,1285f93747.jpg,0.7420446864118037,0.43468535
B2A,129823154f.jpg,0.8514568954881837,0.43820924
B2A,129df5c60c.jpg,0.765600093435994,0.3626491
B2A,12ae4ffbb5.jpg,0.7205657219991902,0.40731037
B2A,12b2a8d1fc.jpg,0.8736103116457694,0.21809515
B2A,12b302b5f1.jpg,0.836383706759069,0.2933853
B2A,12c5ce9b42.jpg,0.8224045080501153,0.21660511
B2A,12c65cd54c.jpg,0.916592119494193,0.26879176
B2A,12cb4d2917.jpg,0.8040295468691714,0.45152664
B2A,12cc0ffc15.jpg,0.8043592965509733,0.49447364
B2A,12d0476b93.jpg,0.7074886914544612,0.31650555
B2A,12e9b80b70.jpg,0.8814256595364266,0.18336207
B2A,12f09c6efe.jpg,0.861633259084148,0.39804342
B2A,12f74378d4.jpg,0.8778199293047365,0.31704432
B2A,12f9c1a7b5.jpg,0.7475021322418373,0.364904
B2A,13048dfacf.jpg,0.8151770158981323,0.46809345
B2A,13173bc6b5.jpg,0.7442037904185403,0.35036176
B2A,13219b2462.jpg,0.8225019181891875,0.29581523
B2A,13328c1504.jpg,0.8929658249056761,0.3091145
B2A,133adbd41e.jpg,0.7898064501068365,0.27140304
B2A,134f611db2.jpg,0.7819975546435297,0.34895498
B2A,1355735108.jpg,0.9094945586810641,0.38429505
B2A,1363fc8268.jpg,0.7980375309952501,0.48479554
B2A,1365922bc1.jpg,0.8781990619399496,0.16874966
B2A,13671d11f9.jpg,0.9040680789365939,0.24592161
B2A,1379cdd516.jpg,0.7493459565426815,0.42595696
B2A,13829b20dd.jpg,0.8712267642871704,0.27428418
B2A,13888541b7.jpg,0.7688902240536404,0.4461636
B2A,13892d15e5.jpg,0.7679520314017888,0.4043501
B2A,138a069c6c.jpg,0.5869893520955118,0.2751366
B2A,138c350c89.jpg,0.9092581336554857,0.32198775
B2A,13bbd45d01.jpg,0.8613721811401363,0.5048457
B2A,13c0555eab.jpg,0.7923387141136867,0.25049403
B2A,13c3b0e711.jpg,0.9254142064159673,0.24772425
B2A,13e3480e01.jpg,0.9123821871270381,0.32769236
B2A,13f4f7168a.jpg,0.928742326655816,0.18729469
B2A,13fec527bb.jpg,0.7796299554285652,0.3346836
B2A,140f195fbc.jpg,0.8770489462204437,0.29319954
B2A,14135c74d7.jpg,0.7940227182986466,0.55650854
B2A,141ade2afb.jpg,0.617768874496795,0.51725703
B2A,1421d11393.jpg,0.7745633399674322,0.17282298
B2A,142cda27d9.jpg,0.8505681092799924,0.38680157
B2A,1432b7355d.jpg,0.8489389612823506,0.31578273
B2A,1437a4d5f9.jpg,0.705098310868329,0.60640526
B2A,1444ac5586.jpg,0.6768601918861638,0.39156508
B2A,1451c82e2f.jpg,0.8406411046609382,0.28112718
B2A,1467b3a6ac.jpg,0.734528117185236,0.42622635
B2A,1476b02998.jpg,0.8812489642805509,0.28584585
B2A,14804e18f9.jpg,0.6176087358321318,0.444197
B2A,14860c3bed.jpg,0.7854434991908462,0.40359622
B2A,1491d9367b.jpg,0.8570680002457423,0.3805017
B2A,1499400929.jpg,0.7550573084874931,0.29478565
B2A,149e367310.jpg,0.7926610145622744,0.5206353
B2A,14a7686f98.jpg,0.7834917079650359,0.3151816
B2A,14a95bb688.jpg,0.6476136742755401,0.52869046
B2A,14ac55e78e.jpg,0.9105269795474819,0.3250053
B2A,14b92a85f3.jpg,0.9035925127969748,0.19143236
B2A,14bcc3cdad.jpg,0.840226805844813,0.27801156
B2A,14c0e95507.jpg,0.9227678131213041,0.25140488
B2A,14c38e1c2e.jpg,0.8742390270751002,0.3217218
B2A,14fa7a9b31.jpg,0.8374849589116192,0.27932486
B2A,14fe889824.jpg,0.8419758769202554,0.21674159
B2A,151cb3c6ff.jpg,0.6514187222166271,0.33391905
B2A,1531eae642.jpg,0.6060208236423063,0.58255225
B2A,153bb660da.jpg,0.8524617653752867,0.23846416
B2A,153e1ec171.jpg,0.6980944242634787,0.34155947
B2A,153f59d4cb.jpg,0.7270105665911689,0.4243254
B2A,156540ebe1.jpg,0.8855274560586984,0.15096942
B2A,1569489edb.jpg,0.8633371666903181,0.3464114
B2A,156cf5822e.jpg,0.7524020750350414,0.43513793
B2A,15769de345.jpg,0.8554824159323555,0.29705065
B2A,157ee68b71.jpg,0.8540836957703468,0.42549193
B2A,1581f3755e.jpg,0.8860707183458457,0.2713078
B2A,1582ec589d.jpg,0.8732981480219907,0.3049306
B2A,159b3f002f.jpg,0.7905997337882343,0.34583178
B2A,159baa9c2b.jpg,0.7057734680933881,0.46705627
B2A,159c19456b.jpg,0.7541622534910015,0.42761242
B2A,159e0baf13.jpg,0.6242371301193073,0.4705798
B2A,15a51e4dbe.jpg,0.8030710486032705,0.17243513
B2A,15a9b54b5f.jpg,0.8140789279194802,0.30556756
B2A,15abe5af92.jpg,0.8679203886927512,0.5353668
B2A,15b1f01b86.jpg,0.8449677620544255,0.3576907
B2A,15b9563151.jpg,0.8364887491399711,0.3213297
B2A,15cb21df1a.jpg,0.7961832064665534,0.5388091
B2A,15cca6975b.jpg,0.8142655338381343,0.21502545
B2A,15d8655b4f.jpg,0.72653157794638,0.3277775
B2A,15f7238855.jpg,0.769277223113508,0.37041128
B2A,15f862b305.jpg,0.8384392926452516,0.2946143
B2A,160c560e5e.jpg,0.6228857020476577,0.5434722
B2A,160d920b63.jpg,0.8791052023384982,0.22905652
B2A,1615de2bd0.jpg,0.85307438785402,0.2921437
B2A,161b3c519e.jpg,0.7896980642499847,0.2866211
B2A,163669cbd0.jpg,0.8076518200826268,0.38856822
B2A,164492cfa7.jpg,0.7332402111292066,0.25532126
B2A,1645d08cab.jpg,0.7588813622565723,0.5321747
B2A,164ebc7900.jpg,0.952392939854252,0.1584773
B2A,165dfb6cd0.jpg,0.8220623596317811,0.35467863
B2A,1665a48def.jpg,0.7607137360550389,0.32532763
B2A,1675879297.jpg,0.748737563846401,0.41742945
B2A,1676f96061.jpg,0.7968428065381441,0.3514737
B2A,1688783462.jpg,0.8180471935345817,0.2923307
B2A,1694e5637b.jpg,0.8777013878198937,0.2987734
B2A,16963c4f89.jpg,0.863511057908215,0.3322332
B2A,169c381352.jpg,0.9124194304230373,0.3166241
B2A,169f8a8503.jpg,0.6980353218175918,0.47823232
B2A,16a0c8ed23.jpg,0.8380068739154459,0.3406456
B2A,16a3dd9695.jpg,0.6537889957901969,0.4108469
B2A,16a666edff.jpg,0.5683365465031546,0.6317755
B2A,16a7a9fc44.jpg,0.6283997227174446,0.43249512
B2A,16ab6bc622.jpg,0.9592986630576725,0.23069736
B2A,16b3067a86.jpg,0.7598634168020345,0.46043414
B2A,16b3ea1e00.jpg,0.6520549657426065,0.4705422
B2A,16b74bd37f.jpg,0.8686595642051129,0.33047375
B2A,16c119b3c7.jpg,0.7525422847014185,0.2373643
B2A,16cd6cbc68.jpg,0.9113865699425969,0.21129362
B2A,16d8cafb5b.jpg,0.6419067996928626,0.6807382
B2A,16d9624078.jpg,0.6233862779656699,0.30121452
B2A,16de17a9aa.jpg,0.8461286066555836,0.24603888
B2A,16de6b603c.jpg,0.8662340083711025,0.24580064
B2A,16ded6f738.jpg,0.7465661734989323,0.3649688
B2A,16dff1b77f.jpg,0.9422211067501725,0.21269128
B2A,16e764f509.jpg,0.8866564582786381,0.36568394
B2A,16f0c49f22.jpg,0.9292294953982647,0.2751671
B2A,16f3703756.jpg,0.9007191880136067,0.22319366
B2A,1701c26348.jpg,0.9065489261713838,0.20832619
B2A,17028b1e92.jpg,0.7450291568001299,0.6527073
B2A,170434d3dd.jpg,0.8727762093768463,0.3905062
B2A,170dbca136.jpg,0.8417956402264231,0.32593518
B2A,17167ea036.jpg,0.9110672242551585,0.1812624
B2A,172a0707b2.jpg,0.5593339405978227,0.5153423
B2A,17315bdc5b.jpg,0.8501757399419172,0.28266764
B2A,1735a91a3d.jpg,0.8885157837907368,0.33732274
B2A,17398e5a2a.jpg,0.763554131176748,0.30145162
B2A,17499b0283.jpg,0.8248473684649538,0.2880692
B2A,174ded9426.jpg,0.8512532934931457,0.21864197
B2A,174f0355a6.jpg,0.8392470505005041,0.24980602
B2A,17592a1017.jpg,0.7934892261049934,0.4812795
B2A,176050474a.jpg,0.8334028853408445,0.22862345
B2A,1764393c0e.jpg,0.646737767099601,0.46763694
B2A,17674de2d5.jpg,0.7928649954931419,0.39947632
B2A,176bec46aa.jpg,0.9095590573401742,0.18200876
B2A,176d0e5c75.jpg,0.7790865828745932,0.39941916
B2A,1771b7c478.jpg,0.7215410945989716,0.35517824
B2A,1774482049.jpg,0.8904333117066362,0.23252311
B2A,1779a8225f.jpg,0.8613261753549548,0.30962348
B2A,1789a61138.jpg,0.7106967051087365,0.4487737
B2A,178d33e084.jpg,0.801662715504965,0.34104726
B2A,17924dd78d.jpg,0.8718144574778504,0.27359706
B2A,179af606cb.jpg,0.87961771332701,0.2798074
B2A,17a199a709.jpg,0.7887026550249562,0.24512567
B2A,17a8bd8ba4.jpg,0.8183558525532738,0.32955366
B2A,17b7569c29.jpg,0.8258518951954401,0.4536438
B2A,17c8c9072a.jpg,0.8950174458626197,0.19565138
B2A,17ce3a201d.jpg,0.9308196349884308,0.25034016
B2A,17cf077f45.jpg,0.6882861418237916,0.5233493
B2A,17d4e23d9f.jpg,0.695269727955846,0.70234627
B2A,17d896fd14.jpg,0.7197915372797454,0.50302106
B2A,17dbf8cf56.jpg,0.8713279834634101,0.3465112
B2A,17e149928d.jpg,0.8955978826511337,0.21541023
B2A,17eb22711b.jpg,0.8722126150794659,0.28408822
B2A,17f8f4d5d9.jpg,0.8019098810608283,0.35007226
B2A,17f92dd71b.jpg,0.7331277198696968,0.42098865
B2A,180e1881bc.jpg,0.9301358921942842,0.20998687
B2A,18162a62a3.jpg,0.8410857671243357,0.39363986
B2A,181a53c38a.jpg,0.6811132676291527,0.45098907
B2A,181f424335.jpg,0.6567084880538311,0.3699588
B2A,182690bc45.jpg,0.6249561929847721,0.20623004
B2A,182846af47.jpg,0.6840967289015137,0.5763034
B2A,1838bcc8fa.jpg,0.7186352193356056,0.36849296
B2A,184a433ce3.jpg,0.7294664963600546,0.43981493
B2A,185f8da469.jpg,0.8211506830955995,0.3949215
B2A,186035e2a8.jpg,0.8881911291911188,0.22807218
B2A,1866c56f7a.jpg,0.7340886209320776,0.42559192
B2A,186e98dcb8.jpg,0.8060077528140759,0.4245897
B2A,1883fcfb3e.jpg,0.8889790029659347,0.307783
B2A,1884a2a37d.jpg,0.7096401447577281,0.38327348
B2A,18880e913d.jpg,0.5473109343990062,0.58840406
B2A,188b7f6310.jpg,0.8880241855029524,0.1602084
B2A,1893ce79ce.jpg,0.5837711713365563,0.6692458
B2A,1894c178ea.jpg,0.6641103994652755,0.43873835
B2A,1897b7b118.jpg,0.6903081215199087,0.46744874
B2A,189ae3f5a7.jpg,0.6583788452292831,0.44888023
B2A,189ee6859e.jpg,0.7609112631993944,0.27923018
B2A,18a275b358.jpg,0.9224040377461997,0.19225523
B2A,18a4ee0991.jpg,0.8576420768364775,0.24185851
B2A,18aca60c06.jpg,0.6485192054474241,0.5161197
B2A,18ae840f5d.jpg,0.9099480527008604,0.21708044
B2A,18b2d7a2ef.jpg,0.7921761324851903,0.39029682
B2A,18c6b5b73b.jpg,0.9233663655659612,0.20335113
B2A,18ca544c78.jpg,0.7354754674594123,0.4051924
B2A,18e384cfff.jpg,0.8008272516766186,0.27690828
B2A,18e571a627.jpg,0.8017246898792711,0.31549224
B2A,18ea7c98b1.jpg,0.9222474866876977,0.25644937
B2A,190633c073.jpg,0.8607996255241369,0.53172916
B2A,1912f08cb1.jpg,0.9068719381358163,0.33191368
B2A,19182d3849.jpg,0.8271672581244037,0.24961704
B2A,1921b26eea.jpg,0.7650570579576621,0.45180595
B2A,1925109fdd.jpg,0.6643109404015821,0.53060734
B2A,192682abdf.jpg,0.8267299084677167,0.4247245
B2A,192caaa1bf.jpg,0.8615320260846032,0.38834736
B2A,1936e1dcb4.jpg,0.9205884623219733,0.24965113
B2A,193b4cdb27.jpg,0.8162893544307734,0.300922
B2A,193f3266fb.jpg,0.6814763124689767,0.6770171
B2A,194bb9f6ed.jpg,0.8054692905848938,0.2983234
B2A,19525a17e2.jpg,0.7636797368210461,0.34199637
B2A,19592a5fbf.jpg,0.7837259108173988,0.5253866
B2A,1960283fd5.jpg,0.7105314451200029,0.3466438
B2A,1966101984.jpg,0.8118443959051539,0.30035755
B2A,196a6875a7.jpg,0.7992830932045266,0.45319057
B2A,196e2c07aa.jpg,0.8493877798233814,0.3996578
B2A,1970faab6a.jpg,0.8313083401346091,0.39948386
B2A,1977b66f96.jpg,0.831003686542207,0.36487937
B2A,197dc21bdb.jpg,0.7375963022937023,0.3887804
B2A,19801ae9ab.jpg,0.8802061546251306,0.28835982
B2A,1986fa52f5.jpg,0.6713492678152626,0.59632826
B2A,198cad00d4.jpg,0.7914705132649712,0.29772612
B2A,19918a1d5c.jpg,0.9246838742781985,0.23750684
B2A,1998700449.jpg,0.7219018810095639,0.34383637
B2A,1999225d11.jpg,0.7642306267763034,0.5070239
B2A,199a3e859f.jpg,0.8671916151663844,0.2502808
B2A,199d0b8782.jpg,0.7983280186187713,0.33147153
B2A,19a7361b2a.jpg,0.7324182666373401,0.48044515
B2A,19b0fbeba0.jpg,0.7771993105619323,0.5196009
B2A,19b944dbbf.jpg,0.8423485221012487,0.43667912
B2A,19b98e5663.jpg,0.787736290516881,0.4767934
B2A,19bad1225f.jpg,0.6373939178588133,0.357162
B2A,19bd14d30e.jpg,0.8039558677017681,0.2178183
B2A,19be535e5f.jpg,0.6723380260939943,0.45733234
B2A,19c277c363.jpg,0.6741721610640583,0.43518302
B2A,19c8301d67.jpg,0.8459663056741513,0.25706163
B2A,19e7940d94.jpg,0.7385818942395763,0.17754847
B2A,19e8b9b328.jpg,0.8363909158434126,0.28639424
B2A,1a23085db7.jpg,0.6092471454150469,0.4243122
B2A,1a2542d28b.jpg,0.8964092065700033,0.3029412
B2A,1a25f82753.jpg,0.8539836256235895,0.5144819
B2A,1a27cb4cba.jpg,0.8337672455578679,0.3783859
B2A,1a2cd9ea8c.jpg,0.540162729242769,0.5118386
B2A,1a3b1a3da9.jpg,0.723401664860253,0.4677244
B2A,1a4213d2ce.jpg,0.6129035905608217,0.30958188
B2A,1a4491cef2.jpg,0.6087684541488533,0.7108681
B2A,1a45b8c270.jpg,0.7140874353804877,0.48445183
B2A,1a5041d9ed.jpg,0.7314524337699129,0.5960816
B2A,1a5cf3b632.jpg,0.8698131443538936,0.29291844
B2A,1a6013cba4.jpg,0.8423852353544236,0.32049364
B2A,1a61870a06.jpg,0.8286447143416106,0.27584252
B2A,1a6b4e9e13.jpg,0.8485177605847751,0.3736113
B2A,1a7af9964c.jpg,0.7568184508878228,0.49151844
B2A,1a8633fbb9.jpg,0.9178377208406657,0.23263657
B2A,1a892680fb.jpg,0.818184336381881,0.33618525
B2A,1a8c1a7995.jpg,0.69643327256179,0.34664822
B2A,1a8c9e6c4c.jpg,0.80514551799636,0.32097578
B2A,1aa0d1c558.jpg,0.7999186851173811,0.49261653
B2A,1aa8abd685.jpg,0.7787834287990566,0.42768294
B2A,1ac1673452.jpg,0.9474327504220764,0.29667845
B2A,1ac35e7dc8.jpg,0.7146534153380505,0.4128357
B2A,1ac5876376.jpg,0.7686491066862526,0.32290584
B2A,1acb4c14ce.jpg,0.7153368014246028,0.48947448
B2A,1acb4d1d54.jpg,0.881721235826583,0.41542983
B2A,1ad17703ce.jpg,0.7509883500625106,0.2676137
B2A,1ad8701262.jpg,0.8074517318166959,0.2972654
B2A,1ae03b00e7.jpg,0.7684643452801473,0.2635489
B2A,1ae342cd57.jpg,0.7515812425498735,0.24576998
B2A,1b062b66a7.jpg,0.6674806109626754,0.5454307
B2A,1b118a066b.jpg,0.8492583321443778,0.33286953
B2A,1b129b65db.jpg,0.7257705456882646,0.43580344
B2A,1b12cf626f.jpg,0.893500380088629,0.24403259
B2A,1b3e398db7.jpg,0.8528090456398304,0.28034732
B2A,1b4e94ffbd.jpg,0.8877450218734119,0.28749958
B2A,1b4f115bdd.jpg,0.8225658034029668,0.40728694
B2A,1b5e8cedda.jpg,0.7132075752623407,0.37708825
B2A,1b66416060.jpg,0.870292453205444,0.25972992
B2A,1b6a1a7e94.jpg,0.8309266618579355,0.27981797
B2A,1b6d7b4e65.jpg,0.7157962003287851,0.46532363
B2A,1b72549327.jpg,0.6862913949220611,0.47395816
B2A,1b770229f3.jpg,0.8967920649716764,0.3057891
B2A,1b961a3a39.jpg,0.6678523353062767,0.50269425
B2A,1b98321823.jpg,0.752299315849706,0.36495617
B2A,1b987c577e.jpg,0.7839620671607068,0.28177732
B2A,1baa6a3895.jpg,0.7586708821493607,0.3362634
B2A,1baf74b1a7.jpg,0.852375123351006,0.3882232
B2A,1bb75f970a.jpg,0.7704484860798292,0.44794017
B2A,1bb8674fbf.jpg,0.7747429292443484,0.4388702
B2A,1bba0654b7.jpg,0.9012469862370456,0.19795193
B2A,1bbaea3e6b.jpg,0.7235022495562631,0.44298917
B2A,1bc105b0b9.jpg,0.690615681947899,0.49448103
B2A,1bc290729f.jpg,0.83072529178827,0.40666246
B2A,1bc9fc642d.jpg,0.6965172012814905,0.5887315
B2A,1bccaf17e5.jpg,0.6351657308066243,0.46941346
B2A,1bd527d6a0.jpg,0.8075750720708702,0.29032075
B2A,1bd7be0503.jpg,0.7183685064057435,0.41139054
B2A,1bd8b4f799.jpg,0.9218549833107453,0.3230294
B2A,1be016515b.jpg,0.8879444732929662,0.33053082
B2A,1be0fa86b5.jpg,0.6738012726301795,0.48528302
B2A,1be6584349.jpg,0.8295095917230395,0.38627946
B2A,1bf60182b2.jpg,0.9097769590749732,0.3700388
B2A,1c0ea0fe1b.jpg,0.7953658690106833,0.39181453
B2A,1c1f697d7e.jpg,0.7776239852764796,0.41682816
B2A,1c3c1aca33.jpg,0.83500239288814,0.23433344
B2A,1c434baf43.jpg,0.8614444483998329,0.23364949
B2A,1c4de511e1.jpg,0.782653646037261,0.7546084
B2A,1c5cc22c2c.jpg,0.9370748073207424,0.20427714
B2A,1c5ce714cc.jpg,0.8431371696692377,0.20300011
B2A,1c64f657f4.jpg,0.7151597696336672,0.5468873
B2A,1c69470718.jpg,0.620920397045857,0.47448316
B2A,1c6eed59f5.jpg,0.8184323764646887,0.5036626
B2A,1c707e6132.jpg,0.8305645621121919,0.2172216
B2A,1c75256206.jpg,0.8142446052428205,0.42586732
B2A,1c7b3cdedc.jpg,0.9031804475518277,0.22630107
B2A,1c807fee79.jpg,0.7613220853342929,0.27257246
B2A,1c84f1179c.jpg,0.7184842875835931,0.47961318
B2A,1c863100b1.jpg,0.8183706221429999,0.33286422
B2A,1c88080a3f.jpg,0.6473634508113363,0.290052
B2A,1c95a45486.jpg,0.7524508942566558,0.44940454
B2A,1cb96210e6.jpg,0.6852101869427358,0.48096484
B2A,1cb9d045d8.jpg,0.7372168776290906,0.5126808
B2A,1cc26c48b8.jpg,0.7799483418097725,0.37439242
B2A,1cd5acea15.jpg,0.8958628920109221,0.2980338
B2A,1cdb990c46.jpg,0.7767261320180245,0.32735622
B2A,1ce3cb350d.jpg,0.7627353947570616,0.2737838
B2A,1cea1bf43d.jpg,0.7970975425165534,0.420833
B2A,1cf711c1d1.jpg,0.6652204935196581,0.56137127
B2A,1cfe6aba33.jpg,0.9382953611009889,0.27016094
B2A,1d0aecbd16.jpg,0.8533862644604014,0.34232354
B2A,1d0f76765b.jpg,0.7955977469419969,0.51499635
B2A,1d17249a0f.jpg,0.7887282136845724,0.31458917
B2A,1d19c4bc7e.jpg,0.8450175463155017,0.25901455
B2A,1d205c56c5.jpg,0.8116882802904144,0.4451123
B2A,1d3446f22b.jpg,0.9111165611626879,0.43113235
B2A,1d38a9bee0.jpg,0.6908175119796794,0.4985805
B2A,1d3fb25bad.jpg,0.9133152602019405,0.33655
B2A,1d40d5d6ca.jpg,0.843027173519122,0.25310722
B2A,1d44f79c1c.jpg,0.8793256783833128,0.22879575
B2A,1d46709e18.jpg,0.7375144780619032,0.3974439
B2A,1d53ac5a9f.jpg,0.8233432821275212,0.3464914
B2A,1d57118b49.jpg,0.7539970181684189,0.41945896
B2A,1d584ad062.jpg,0.8731568588536265,0.14382365
B2A,1d5aa09f6b.jpg,0.6700413078607291,0.32816368
B2A,1d5c4b80c6.jpg,0.6460153977509199,0.5578142
B2A,1d5cf63313.jpg,0.7698658617770521,0.22065473
B2A,1d5d4a0729.jpg,0.8707477070625141,0.48007178
B2A,1d640e96a3.jpg,0.9398905391990401,0.37001252
B2A,1d67aef6c9.jpg,0.7312060196660155,0.6066199
B2A,1d726a097f.jpg,0.8305678601402079,0.26257056
B2A,1d76ab1c0c.jpg,0.8606028664693325,0.22258314
B2A,1d79ab97ec.jpg,0.7546092898530585,0.36335003
B2A,1d7d8ff0ac.jpg,0.7749675815547861,0.42069742
B2A,1d8a6d18f1.jpg,0.6665771764283012,0.54013944
B2A,1d939cb782.jpg,0.704320665655015,0.44236913
B2A,1d971deb73.jpg,0.7263915230903922,0.2599987
B2A,1da3631b3f.jpg,0.6465723529633477,0.51347935
B2A,1da538235f.jpg,0.626550082912238,0.53487027
B2A,1da6888f64.jpg,0.8604620517498249,0.2637177
B2A,1dafe2cf42.jpg,0.5683365465031546,0.6317755
B2A,1db0b33747.jpg,0.8075348132435808,0.4225843
B2A,1dba9a48ae.jpg,0.734996438874438,0.40787178
B2A,1dbbe43952.jpg,0.8307958457245642,0.26300701
B2A,1dc32da064.jpg,0.8988927781306488,0.2638328
B2A,1dc335fcac.jpg,0.8384949640086843,0.3599348
B2A,1dc3833078.jpg,0.8260064985843885,0.16767442
B2A,1dc3a7de89.jpg,0.8995915680484676,0.28504413
B2A,1dcbd84c73.jpg,0.7528184968302085,0.2528619
B2A,1dd0ec3618.jpg,0.6789057925537847,0.33923978
B2A,1dda02098b.jpg,0.785211814363745,0.30765495
B2A,1de54dbad6.jpg,0.897599138512611,0.25984445
B2A,1df4ff0436.jpg,0.8147898917791073,0.3021606
B2A,1dfa5b2910.jpg,0.7446780877905291,0.52096605
B2A,1dfe2f3b46.jpg,0.8404421691212254,0.14860567
B2A,1e39d0e97c.jpg,0.8279283458146197,0.38395083
B2A,1e3a931f96.jpg,0.6382966048559314,0.37899098
B2A,1e4ccca31e.jpg,0.9149068442597944,0.28653917
B2A,1e56d7de95.jpg,0.8590673666771151,0.25656566
B2A,1e59228328.jpg,0.8451819472167915,0.2553203
B2A,1e66879f90.jpg,0.8657107920006958,0.20254366
B2A,1e74d0da3b.jpg,0.6811093239962616,0.44422942
B2A,1e7e4f894f.jpg,0.870600988428103,0.26779383
B2A,1e7ed16969.jpg,0.8413207660511413,0.33383968
B2A,1e90517e22.jpg,0.9222976882325665,0.23572774
B2A,1e947e5fe9.jpg,0.7492813386087024,0.5378892
B2A,1e983237de.jpg,0.829682228755475,0.37793282
B2A,1ea86dc4d5.jpg,0.69652002255018,0.39614514
B2A,1eaa4a27c8.jpg,0.9111427221982065,0.2443783
B2A,1eb579374e.jpg,0.8712070378329884,0.423071
B2A,1ebd894c28.jpg,0.8958937203232283,0.22083786
B2A,1ece79b77f.jpg,0.7896820674787869,0.3221614
B2A,1ed7c273ba.jpg,0.8043975546431802,0.44835415
B2A,1ede9dadc3.jpg,0.8514690559074738,0.26600224
B2A,1ef162e31d.jpg,0.7966465897425077,0.29886866
B2A,1efdfce7c3.jpg,0.8161044809090997,0.23996721
B2A,1f006ed5eb.jpg,0.9273008248388416,0.44994912
B2A,1f086664d6.jpg,0.7655404549339652,0.57177615
B2A,1f1a19ad8b.jpg,0.7751779597373026,0.33879846
B2A,1f252ba827.jpg,0.6820118025049503,0.38733563
B2A,1f2d34b65b.jpg,0.8539181191588979,0.15834968
B2A,1f540d0ecb.jpg,0.8743290577374725,0.22229996
B2A,1f63ea8e1d.jpg,0.8676601639855096,0.36397493
B2A,1f67c932d8.jpg,0.8314250873749794,0.24522111
B2A,1f7b63917b.jpg,0.8456933201908283,0.1880199
B2A,1f8b43823c.jpg,0.8093037539060742,0.37268007
B2A,1f8fe4a8e4.jpg,0.7584910319536511,0.26005086
B2A,1f96108197.jpg,0.8994087195167902,0.26162273
B2A,1f979d49c6.jpg,0.8902236187423913,0.235217
B2A,1f98e7d475.jpg,0.7393829479277662,0.29847685
B2A,1fbc82db49.jpg,0.881923378590558,0.3020239
B2A,1fd7cebd1a.jpg,0.7738954660224963,0.37293637
B2A,1fe1ac40ef.jpg,0.7515693812719899,0.36550638
B2A,1fe223e960.jpg,0.748526582442299,0.2665118
B2A,1fedaf095f.jpg,0.8941583025748076,0.24334505
B2A,20043a8eaf.jpg,0.7837332456246704,0.50298125
B2A,2004919ebe.jpg,0.8173840274295999,0.26482734
B2A,2022ef77f2.jpg,0.6800673525715839,0.5904449
B2A,2037f91745.jpg,0.8506574546800204,0.32548356
B2A,20454954b2.jpg,0.7976581806590021,0.266088
B2A,204615862b.jpg,0.7973675383585944,0.5050896
B2A,2046adf2b6.jpg,0.8789093725150751,0.25547546
B2A,205f999ab3.jpg,0.8618877683561448,0.24856782
B2A,2061671c2b.jpg,0.7124760071132574,0.26420808
B2A,2063a6693c.jpg,0.8686240427708906,0.23371768
B2A,2066a2e091.jpg,0.9099914220735628,0.34219223
B2A,206adc3515.jpg,0.8580990512898393,0.3197844
B2A,206d18e819.jpg,0.8227374576879163,0.2711863
B2A,206e57e6d1.jpg,0.8119210905952244,0.28220782
B2A,2078d3f123.jpg,0.8239767631631266,0.43983638
B2A,2080efd0d6.jpg,0.8358476785954151,0.21192968
B2A,208c0535cf.jpg,0.7524423039816795,0.40169242
B2A,208f4b819b.jpg,0.8587857311224502,0.43689063
B2A,2096a57bfc.jpg,0.8013916928247758,0.25342333
B2A,209873c58f.jpg,0.9280856301675171,0.18450795
B2A,209bdb1587.jpg,0.6664753771034326,0.3858506
B2A,20b2d4f4bf.jpg,0.7578856223805313,0.5341043
B2A,20b3d168a6.jpg,0.4875740013781615,0.5747383
B2A,20b7eab911.jpg,0.8289796628879835,0.44370914
B2A,20c152f056.jpg,0.7705621773318044,0.52556205
B2A,20cac2191a.jpg,0.9175553954290435,0.28005576
B2A,20d2fd7d1b.jpg,0.8637772148398289,0.28979346
B2A,20d336b6c2.jpg,0.8591275090864624,0.3252743
B2A,20d927a07b.jpg,0.7928909828028589,0.39518905
B2A,20ddf9c49f.jpg,0.7407468361908339,0.45283312
B2A,20ea204105.jpg,0.7870698944687162,0.29920876
B2A,20f93c26b0.jpg,0.8031453908861419,0.31445244
B2A,20fa90d43e.jpg,0.9178552161047815,0.40060422
B2A,2103852756.jpg,0.8439844933518227,0.26737142
B2A,211ca2dfb4.jpg,0.8254949529718358,0.3127225
B2A,21243b9607.jpg,0.7420766672940129,0.590647
B2A,2129f6f2dc.jpg,0.6095362931926736,0.44168288
B2A,212cf8498d.jpg,0.7829893897843697,0.41392916
B2A,2145ce0f78.jpg,0.8350090275973052,0.22422335
B2A,21630a4fa1.jpg,0.7624110869866695,0.4141621
B2A,216a8d4e5c.jpg,0.8090327175669065,0.41822988
B2A,21747ccb08.jpg,0.7872845171866223,0.37116033
B2A,21757a4c07.jpg,0.8466108037241947,0.42137733
B2A,217b9b9aaf.jpg,0.8562133999402205,0.28730786
B2A,21927aa7d4.jpg,0.7216451776930697,0.4297712
B2A,219baac7b2.jpg,0.7207871081713382,0.44458634
B2A,21ac721374.jpg,0.7946808775233829,0.4128653
B2A,21b6fd99a5.jpg,0.818074398204897,0.31790695
B2A,21b9aafc49.jpg,0.7875798777450198,0.34658065
B2A,21c2589053.jpg,0.8583374594832227,0.24316613
B2A,21c2c68337.jpg,0.8817956213978911,0.45197815
B2A,21e2aea535.jpg,0.7997682961370303,0.37674087
B2A,21e5c1891c.jpg,0.8507052130051143,0.21388468
B2A,21e7463544.jpg,0.838916328818717,0.2033066
B2A,21fe71a93b.jpg,0.7129086567407573,0.5372908
B2A,2236c207aa.jpg,0.7542335987234645,0.32059106
B2A,223c77d56f.jpg,0.7989441345907733,0.23194411
B2A,2246ed23dc.jpg,0.6432956444208767,0.41670445
B2A,2257860322.jpg,0.8032296511256106,0.27262136
B2A,22661d9ec0.jpg,0.6001256365222986,0.42032945
B2A,2286c7067e.jpg,0.7022665721073851,0.49227446
B2A,228a291710.jpg,0.8759994843518658,0.38543344
B2A,228c986820.jpg,0.863263847817251,0.30750838
B2A,228d0b850f.jpg,0.8883142774127506,0.296071
B2A,2292200c80.jpg,0.9008067944272283,0.29001045
B2A,229221319f.jpg,0.7336796899745455,0.3944328
B2A,229eca589c.jpg,0.874609133086468,0.33423764
B2A,22b213f1e5.jpg,0.8326744909452932,0.49325386
B2A,22b305f62e.jpg,0.7319563129596226,0.33743244
B2A,22b389e1fd.jpg,0.9580999300800233,0.18646303
B2A,22b5b48553.jpg,0.8377703628297826,0.3220411
B2A,22bfe6445a.jpg,0.7595838225912205,0.39594793
B2A,22c2ebefea.jpg,0.8120256292684418,0.41422278
B2A,22c5bb63ac.jpg,0.8177482403876981,0.20640248
B2A,22cd40eed2.jpg,0.7468918147919201,0.36807257
B2A,22ce24836f.jpg,0.8498416004573293,0.30547413
B2A,22d49f3bb9.jpg,0.882719599480115,0.24391353
B2A,22e1784ae5.jpg,0.861434345746253,0.3239528
B2A,22fc4c2e5b.jpg,0.8558781113748586,0.222123
B2A,2304539c3c.jpg,0.7006674685799876,0.52225065
B2A,23060d93b3.jpg,0.7910550801099208,0.35033455
B2A,2308cd7f79.jpg,0.9441862061442204,0.17420015
B2A,230ce6af39.jpg,0.7989682342577807,0.35444626
B2A,2318dd451a.jpg,0.8403185439714042,0.3204531
B2A,23296f234d.jpg,0.8392900210944957,0.27932617
B2A,2339fbceb2.jpg,0.8647322265976055,0.5372122
B2A,2351d0e36d.jpg,0.8527754452330636,0.3833605
B2A,23568b7cf6.jpg,0.5240243849380917,0.48525864
B2A,235a2feea2.jpg,0.7019077221087804,0.5775247
B2A,235f2c8d2d.jpg,0.7776117608217656,0.24012414
B2A,236e24292a.jpg,0.7729115068516558,0.3713772
B2A,2372845016.jpg,0.9064858851003936,0.23211263
B2A,2379cb1f27.jpg,0.6761357968272781,0.44182834
B2A,238bd94fcb.jpg,0.8158127979517591,0.4520734
B2A,2398192c56.jpg,0.7919155200825615,0.37085617
B2A,23a2a896cb.jpg,0.786963406398048,0.40176454
B2A,23b1669fc4.jpg,0.9249855380875518,0.35103184
B2A,23be955aa3.jpg,0.790235513603015,0.34011132
B2A,23d0cd1621.jpg,0.7654672453842879,0.5081492
B2A,23e044ebbf.jpg,0.9070397418246577,0.19406301
B2A,23e490fde6.jpg,0.7286174256356078,0.4866907
B2A,23edb57cff.jpg,0.8764929468406567,0.28510457
B2A,23ee3c5507.jpg,0.7346475019436082,0.36902583
B2A,23f7a22314.jpg,0.7657111178366134,0.25892824
B2A,23fb1a1690.jpg,0.8011075266567805,0.26890472
B2A,23fb2c15d2.jpg,0.8775519115271843,0.26300353
B2A,2403efbfd3.jpg,0.7281012277137383,0.40918416
B2A,240a7c491a.jpg,0.7721172874248893,0.54300696
B2A,2410f7ebd1.jpg,0.6181489653125355,0.53680915
B2A,24166036c4.jpg,0.7206913370195138,0.3600956
B2A,241d87414d.jpg,0.892600990778862,0.2422916
B2A,2421fde7b1.jpg,0.8774116577888297,0.5526183
B2A,243ef6c04e.jpg,0.9168408201826614,0.26171213
B2A,244182635e.jpg,0.7686899211971568,0.2023278
B2A,244cb6321d.jpg,0.8766807296083804,0.32138988
B2A,2469dbd507.jpg,0.7252538210639777,0.4124748
B2A,2476944f5c.jpg,0.9362151174537999,0.23748021
B2A,247d71f468.jpg,0.6750746960787244,0.3244863
B2A,2489d5208e.jpg,0.8490814886292899,0.29276356
B2A,248e98e6e5.jpg,0.6987445512093415,0.60328645
B2A,24997d2394.jpg,0.7507935965647311,0.30109537
B2A,249c6f2b02.jpg,0.7889267642428662,0.43531466
B2A,24ad0a8279.jpg,0.7953804846498681,0.43662763
B2A,24af325930.jpg,0.839257868474983,0.40456423
B2A,24af541789.jpg,0.8855339882950105,0.24205165
B2A,24b21b5261.jpg,0.6787589324203481,0.5710209
B2A,24b535812d.jpg,0.8224804240819157,0.3636217
B2A,24b54b150b.jpg,0.671096431610625,0.3652924
B2A,24c4ed86a3.jpg,0.8358369735728587,0.3332337
B2A,24c5780a0c.jpg,0.7829615862506909,0.4203977
B2A,24d819c261.jpg,0.8412154301940563,0.37268898
B2A,24e8e3b180.jpg,0.8492085502179746,0.3752745
B2A,25082e762f.jpg,0.7033908538593325,0.45804864
B2A,250bd36c8c.jpg,0.9349597293169026,0.1973482
B2A,252bc3a3ab.jpg,0.9461015308388752,0.42451325
B2A,252f6d69ce.jpg,0.8162430563250138,0.29177433
B2A,25315f09a6.jpg,0.8427730740808611,0.270883
B2A,253340547f.jpg,0.803756635444229,0.3590522
B2A,25346ff439.jpg,0.8723904975166688,0.20254639
B2A,25462592ac.jpg,0.8642786489580679,0.22137341
B2A,2552f6c0e4.jpg,0.924244334619445,0.17524287
B2A,256f038a42.jpg,0.7305163898602064,0.39113194
B2A,258083f3e8.jpg,0.7449431928230981,0.6131067
B2A,2581451ca9.jpg,0.6324907455812212,0.54980564
B2A,259e4070d5.jpg,0.7728158097528302,0.36730167
B2A,25a9b86180.jpg,0.7012616185608807,0.3511281
B2A,25b6be053f.jpg,0.8436871776080741,0.23430192
B2A,25c04fbf2f.jpg,0.8581720191521827,0.29251352
B2A,25c2b346fe.jpg,0.9004840630995081,0.26497543
B2A,25c46710fc.jpg,0.8467680907179446,0.2715809
B2A,25c827dc83.jpg,0.7617484107668097,0.4443849
B2A,25cb295b1f.jpg,0.8507626237819026,0.19683723
B2A,25d70dd7b1.jpg,0.9191356120616827,0.27274424
B2A,25df1df7d9.jpg,0.6615681616460155,0.37175092
B2A,25e705548a.jpg,0.8359635021726229,0.37737387
B2A,25eba9fa76.jpg,0.7931893845651005,0.5108082
B2A,25f8328a2f.jpg,0.7324255573666898,0.44411415
B2A,2602597bb0.jpg,0.768091951461698,0.35826275
B2A,2605924561.jpg,0.8017393770130132,0.3559016
B2A,2606c25ce3.jpg,0.793147099933197,0.29993847
B2A,260d6a5c37.jpg,0.7973487827750918,0.36127043
B2A,26182c3d72.jpg,0.924727080048323,0.20595635
B2A,2621968d1b.jpg,0.8412144021255221,0.41407427
B2A,2629524a69.jpg,0.818634730213261,0.21811697
B2A,26296bb84f.jpg,0.8585818929800023,0.25935048
B2A,2641b8175f.jpg,0.7457542104191729,0.32989222
B2A,26494a01e1.jpg,0.8991397092240536,0.2900198
B2A,26582fc5a8.jpg,0.811663004495019,0.2978407
B2A,265f7accbd.jpg,0.6250374891382858,0.49947253
B2A,26722e2880.jpg,0.7486377051464892,0.25412506
B2A,26863f0716.jpg,0.8253272566390444,0.30588892
B2A,2688ed2270.jpg,0.9077341871416116,0.2925229
B2A,26892fcc02.jpg,0.7961429407004493,0.28804404
B2A,268b959d88.jpg,0.8328581185447618,0.37701514
B2A,26916da7ff.jpg,0.8108859300675219,0.31104124
B2A,2698bac269.jpg,0.8607519121023235,0.25211987
B2A,269b1b5690.jpg,0.814932335684197,0.3889221
B2A,26aaf299c0.jpg,0.9089755063743807,0.3233322
B2A,26b9449f10.jpg,0.8434189558945825,0.17862836
B2A,26bbb89fd6.jpg,0.6414958836678819,0.42042965
B2A,26c4de1515.jpg,0.8206234192797645,0.30750024
B2A,26cd0ec0e4.jpg,0.8822804675654882,0.3361963
B2A,26ce42c083.jpg,0.6610520885061993,0.569197
B2A,26d40b7147.jpg,0.8990176119339511,0.22551742
B2A,26d474464f.jpg,0.8713137499432559,0.33631775
B2A,26d4ecb9fd.jpg,0.7933028295664296,0.33262128
B2A,26d73ccce4.jpg,0.8614282798840404,0.26280034
B2A,26da6b82c6.jpg,0.7671079011786623,0.3550706
B2A,26db4dcdea.jpg,0.8979215489176119,0.22372212
B2A,26fe13cbea.jpg,0.8288292687690099,0.36909485
B2A,2706749d66.jpg,0.7738595413297937,0.30392796
B2A,270687abc3.jpg,0.792135296180492,0.2674315
B2A,270a7544e5.jpg,0.7956749157548327,0.47497502
B2A,270f62c6e8.jpg,0.6676720742714531,0.45738018
B2A,27159e6719.jpg,0.8350469033519331,0.22245114
B2A,271ec1348b.jpg,0.8824549320271141,0.27691588
B2A,2727db154e.jpg,0.7684070054556548,0.57152545
B2A,2734c9504b.jpg,0.8507076810429361,0.22598696
B2A,274ba0c4a2.jpg,0.8390873386591252,0.36072025
B2A,274cf83fa6.jpg,0.7660641228350561,0.4189483
B2A,27534f0e65.jpg,0.7170705247842375,0.44796005
B2A,27645084b6.jpg,0.7822018612967806,0.40695304
B2A,276543fbf7.jpg,0.5890626044005347,0.5304567
B2A,276c73bead.jpg,0.8851945619776899,0.23054203
B2A,276ee4b14f.jpg,0.7087030404537007,0.33658665
B2A,2775af1bba.jpg,0.7606076500355489,0.36012885
B2A,27777862fd.jpg,0.6373764095726888,0.56905067
B2A,2779835a1b.jpg,0.7661798200942918,0.47243768
B2A,277c068c4e.jpg,0.9366816790647293,0.22715539
B2A,277d120bb4.jpg,0.6846504202493632,0.52399087
B2A,2782335eef.jpg,0.7870591624359411,0.49580047
B2A,2784e8f91d.jpg,0.7038651790902004,0.41462213
B2A,2791df1515.jpg,0.6848675701352139,0.45230687
B2A,279eb2037c.jpg,0.9090750783596439,0.34814143
B2A,27a36df1f6.jpg,0.8632853726383278,0.25107336
B2A,27b2a0c66f.jpg,0.8830698441971849,0.18720572
B2A,27b87e7785.jpg,0.8786124783094843,0.2542171
B2A,27bc5c6810.jpg,0.8577117578764614,0.27052888
B2A,27c273f5ac.jpg,0.7989236785872624,0.30950573
B2A,27c67103f0.jpg,0.8442264438744977,0.26280168
B2A,27d994ba96.jpg,0.8472683740729652,0.2700749
B2A,27de05d60a.jpg,0.9259666560073034,0.44295895
B2A,27e341bcc2.jpg,0.840371036269937,0.25964057
B2A,27ea6d9992.jpg,0.7922254943985957,0.5906332
B2A,27ebfe0db6.jpg,0.8119450760523882,0.42694262
B2A,27f3a34b1d.jpg,0.686653555501914,0.42032295
B2A,27f4d80142.jpg,0.5491756583377346,0.5750919
B2A,27fa99ac5c.jpg,0.7009448805364069,0.45127213
B2A,2806a9db15.jpg,0.8446919518249332,0.33874008
B2A,281356f565.jpg,0.8414771520101711,0.30846536
B2A,2815c0ad33.jpg,0.8809520049758998,0.36878252
B2A,281b790739.jpg,0.7240399690920722,0.28967416
B2A,283a083739.jpg,0.8065821206794739,0.43509322
B2A,28430b5602.jpg,0.7789644894288289,0.20933664
B2A,2843919992.jpg,0.8709266819857098,0.25869834
B2A,285449b06a.jpg,0.8053917161904858,0.2810589
B2A,2854ebb127.jpg,0.9228909888060831,0.313957
B2A,28611884d0.jpg,0.6990315544518049,0.5582602
B2A,2861f74357.jpg,0.9243719306175557,0.45351803
B2A,2867b3bef0.jpg,0.8229221933582701,0.29076195
B2A,286c5026ff.jpg,0.7270380708110539,0.47886026
B2A,2879b6b734.jpg,0.8571964731240753,0.3451913
B2A,2881c907bb.jpg,0.7883734652523228,0.58287764
B2A,2885431ef9.jpg,0.8405197215542802,0.18375221
B2A,288c92df0c.jpg,0.6756643276689053,0.36551714
B2A,288d596137.jpg,0.7597869693872605,0.46102244
B2A,289a8f7970.jpg,0.9059922250918673,0.22596174
B2A,28a626558d.jpg,0.735058070058576,0.40682188
B2A,28a7737b48.jpg,0.7404396923106056,0.33253628
B2A,28aab35051.jpg,0.8909622690807661,0.43465745
B2A,28aacb7e4e.jpg,0.9086190622386524,0.36582118
B2A,28aec8dbd4.jpg,0.784905710606684,0.43911633
B2A,28b05820b1.jpg,0.722260599558289,0.41329604
B2A,28b57f757f.jpg,0.7380387459690229,0.38604015
B2A,28be9a8202.jpg,0.8654010882830043,0.33936265
B2A,28cf136409.jpg,0.8840726114565021,0.24731319
B2A,28e1c7681e.jpg,0.8533666849832487,0.2593797
B2A,28e27595dc.jpg,0.5921106443392867,0.5042493
B2A,28e7b09f15.jpg,0.7513905757826542,0.35539982
B2A,28f3814945.jpg,0.8239542023203313,0.35652918
B2A,28f9f1a13f.jpg,0.7675706871921639,0.31293783
B2A,28fbbb8f15.jpg,0.855694033562783,0.229984
B2A,28fd6bf605.jpg,0.8610933843232729,0.35552183
B2A,28ffa0bd39.jpg,0.6371568624218187,0.2748589
B2A,290560fba4.jpg,0.8737522999980557,0.14669761
B2A,290dd4249d.jpg,0.8408089426901909,0.26432332
B2A,291146558e.jpg,0.5748107016654009,0.57620424
B2A,292945e24e.jpg,0.9212846744071885,0.2226994
B2A,293b00c315.jpg,0.7731581270455056,0.31779948
B2A,293dadb732.jpg,0.8054424334188849,0.39505053
B2A,2951fe2fe1.jpg,0.8788797940429006,0.27354237
B2A,2959168184.jpg,0.7767148664745565,0.28824988
B2A,295b938a05.jpg,0.8526030214713752,0.3321412
B2A,2960920920.jpg,0.6097775438167893,0.53175175
B2A,296b177cad.jpg,0.8268734683398967,0.4100622
B2A,296b8c38bf.jpg,0.9209380247965653,0.25957423
B2A,2971c7ed92.jpg,0.7596923512243022,0.4054798
B2A,297f3a075f.jpg,0.8033655182976631,0.29794842
B2A,29864d1221.jpg,0.7691337511757624,0.3398819
B2A,29906262a0.jpg,0.846032541705644,0.3784779
B2A,299495fe20.jpg,0.6560562644695846,0.5080585
B2A,29a0754ddd.jpg,0.8376903905244094,0.3809061
B2A,29aacba212.jpg,0.7374642571180247,0.30442387
B2A,29afd0e0cb.jpg,0.7677773517723133,0.45182088
B2A,29b165f427.jpg,0.7727806253154086,0.42800543
B2A,29c0dfdae4.jpg,0.7804807622123981,0.39108628
B2A,29c34c1abd.jpg,0.8772691974100109,0.16917607
B2A,29d0386f3e.jpg,0.9343736654595457,0.18025306
B2A,29d335a6a9.jpg,0.7310417884889293,0.28134954
B2A,29d58214f1.jpg,0.7338621368278344,0.47112417
B2A,29d8295ed2.jpg,0.8391040708975195,0.3306924
B2A,29e01f8909.jpg,0.8652562238801065,0.45077273
B2A,29e7039a4d.jpg,0.8261318117166683,0.25450212
B2A,29eba6fe01.jpg,0.9350804884675672,0.22736904
B2A,29eefa93e2.jpg,0.876091112273712,0.15615445
B2A,29f28ef872.jpg,0.6949593668255398,0.6858383
B2A,29fe34f752.jpg,0.7546263631804531,0.3684883
B2A,29ff35dc7b.jpg,0.7597958373845988,0.48410106
B2A,2a0382cf4c.jpg,0.7737188384447451,0.3728786
B2A,2a114c7c94.jpg,0.6780197079227425,0.17344417
B2A,2a13df2bc3.jpg,0.6025414998793374,0.683002
B2A,2a14b928c4.jpg,0.5310024935217011,0.7456731
B2A,2a18193d91.jpg,0.8953572367906499,0.24568617
B2A,2a199d45e5.jpg,0.9229714023016209,0.2083008
B2A,2a26f69715.jpg,0.9080863110064036,0.27747652
B2A,2a3cd42798.jpg,0.8372008622026441,0.32495934
B2A,2a4211a6e4.jpg,0.7838909183033257,0.41849408
B2A,2a4988e4a7.jpg,0.9251974210258002,0.22790073
B2A,2a4a9d54a7.jpg,0.8872068319401368,0.25291216
B2A,2a4edec63e.jpg,0.9316996634082017,0.22827439
B2A,2a503386a2.jpg,0.8542648442771996,0.30102697
B2A,2a606d05d8.jpg,0.8273062097430782,0.16893132
B2A,2a6805c1a9.jpg,0.8948001600019956,0.2588444
B2A,2a791629c4.jpg,0.9209531180784479,0.27157447
B2A,2a87a4fbee.jpg,0.684056488818206,0.3709369
B2A,2a89dc7912.jpg,0.7927009681151518,0.35939115
B2A,2aa39bfaca.jpg,0.8162261887724438,0.17721808
B2A,2acc30abbe.jpg,0.7319315515291622,0.34925836
B2A,2ae4a137a6.jpg,0.8542159990467285,0.3060332
B2A,2af9ea0c85.jpg,0.9218951428676513,0.17857793
B2A,2b057c1cb8.jpg,0.885416288616544,0.4069213
B2A,2b086b077f.jpg,0.6451449752587063,0.42649952
B2A,2b0beb1f37.jpg,0.534315706807288,0.45637774
B2A,2b0c82824b.jpg,0.7527335731129661,0.29579875
B2A,2b1102f3b4.jpg,0.8122626200150892,0.23933527
B2A,2b19987d57.jpg,0.8500168727551937,0.38318476
B2A,2b19a7b5d3.jpg,0.7668295330827977,0.5434567
B2A,2b222ce74d.jpg,0.8442144352957448,0.37798017
B2A,2b22c8b439.jpg,0.7620562893190913,0.39269242
B2A,2b2486be40.jpg,0.8797657880800487,0.31703445
B2A,2b28a6f69a.jpg,0.8798701025869067,0.18850511
B2A,2b2ae4cd5f.jpg,0.8861012878359191,0.23486593
B2A,2b2b63d51c.jpg,0.9244226471741536,0.22733453
B2A,2b2efc29c6.jpg,0.87931448053147,0.1729531
B2A,2b3a026f51.jpg,0.6683265388357134,0.48391554
B2A,2b516f78d1.jpg,0.6978249394561752,0.3650426
B2A,2b62ea6ed1.jpg,0.8980319044035745,0.34460315
B2A,2b68e09fa5.jpg,0.8011722554002256,0.25636387
B2A,2b6cd9bbf2.jpg,0.7601269400628023,0.5173195
B2A,2b7402e62d.jpg,0.8590235076845176,0.50532806
B2A,2b83d60844.jpg,0.7025980323481882,0.60861087
B2A,2b977b06b6.jpg,0.7904746558937048,0.42644548
B2A,2ba042499d.jpg,0.6520057028230514,0.46631008
B2A,2ba2325c69.jpg,0.9141708182263005,0.34194762
B2A,2bb040da92.jpg,0.7457542104191729,0.32989222
B2A,2bb16be25b.jpg,0.7311381133124871,0.44379652
B2A,2bb4efac43.jpg,0.9276701012692207,0.32113507
B2A,2bba709f10.jpg,0.8583828063241687,0.3459382
B2A,2bd4e078d7.jpg,0.6948990120705212,0.32402694
B2A,2be00d7888.jpg,0.8882363768413046,0.26553878
B2A,2be5e776d7.jpg,0.7684280310687411,0.31612256
B2A,2c0394a36e.jpg,0.6435881612074241,0.53492916
B2A,2c060d43db.jpg,0.712418007701186,0.51397693
B2A,2c0a22b1bd.jpg,0.7805075441175117,0.45289838
B2A,2c1f8326a4.jpg,0.7544115521026395,0.5381015
B2A,2c28975fee.jpg,0.7588211154871006,0.41359085
B2A,2c2e9d9c74.jpg,0.8773234393103098,0.25785187
B2A,2c525980b1.jpg,0.844666117845655,0.17812072
B2A,2c5cd7dde6.jpg,0.7862727020407017,0.42533994
B2A,2c5deec20d.jpg,0.6181888180457824,0.53302944
B2A,2c64a2295e.jpg,0.8367108405826297,0.32023856
B2A,2c7f80aab7.jpg,0.7850561530495135,0.5222292
B2A,2c84e8d012.jpg,0.8998320959679542,0.2296952
B2A,2c8672a913.jpg,0.6882978840230687,0.5131717
B2A,2c885d1c89.jpg,0.7574489002641267,0.34386575
B2A,2c982c58a5.jpg,0.8781322347278476,0.24344376
B2A,2ca2d1287f.jpg,0.757255905819815,0.4243991
B2A,2ca79c8d4a.jpg,0.8074419848631418,0.41777003
B2A,2ca8ab24ef.jpg,0.8608061600592425,0.3186338
B2A,2cbb870493.jpg,0.8554868610678943,0.33287093
B2A,2cc7029c30.jpg,0.681010880505025,0.43363506
B2A,2cd1818a6f.jpg,0.8321300946340949,0.27257589
B2A,2cd4ca4ff7.jpg,0.9025037301609785,0.2926155
B2A,2cdbb209dd.jpg,0.8146161238404437,0.37457797
B2A,2ce0a774cc.jpg,0.6148825492300373,0.51254994
B2A,2ce4fe7434.jpg,0.7641140224401048,0.44403827
B2A,2ce941f6ea.jpg,0.8772221260408988,0.20576994
B2A,2cf4cac9df.jpg,0.8556419567656713,0.3092243
B2A,2cf4fcd902.jpg,0.6767269802806333,0.4838404
B2A,2cf96e5d1d.jpg,0.8877584484701376,0.23091564
B2A,2cfd8877ea.jpg,0.8516106001370386,0.25406188
B2A,2d0075fb17.jpg,0.8374606196195883,0.4466319
B2A,2d16d2379d.jpg,0.9362227083211873,0.21169497
B2A,2d1fc447a1.jpg,0.6470793137742465,0.3023631
B2A,2d21050a7e.jpg,0.7138970097700825,0.56881607
B2A,2d220cb18e.jpg,0.7278056376032662,0.3377484
B2A,2d25168671.jpg,0.8872169990873507,0.35241142
B2A,2d44d8ede7.jpg,0.906872474775387,0.26224688
B2A,2d48369700.jpg,0.6294450951111544,0.57868755
B2A,2d4e2c6a70.jpg,0.6519769743187436,0.4197478
B2A,2d4e5384ab.jpg,0.7521686152735936,0.41866767
B2A,2d5082427e.jpg,0.8219389342720417,0.35747498
B2A,2d5abca3d6.jpg,0.9052939557543395,0.24244106
B2A,2d6265411d.jpg,0.7828998529502885,0.3532899
B2A,2d637a7346.jpg,0.7000107654389655,0.32552186
B2A,2d7aba6183.jpg,0.7106584918215433,0.4882155
B2A,2d7deb9968.jpg,0.8724064658198983,0.30302083
B2A,2d903e93c5.jpg,0.7012083950612649,0.4759197
B2A,2d95ae6eb2.jpg,0.7511701461771048,0.42113093
B2A,2d9bfdb911.jpg,0.7554123446509727,0.45146477
B2A,2da40e05e0.jpg,0.8475260375048705,0.2816342
B2A,2da41f7e22.jpg,0.8514415571249948,0.29738706
B2A,2dac7d65e9.jpg,0.8769440180636486,0.3409595
B2A,2dacb0a259.jpg,0.9073458964532984,0.26364723
B2A,2daf4ce562.jpg,0.7825083289501302,0.3514731
B2A,2db034b46c.jpg,0.721513405208333,0.45929685
B2A,2db14aa0ac.jpg,0.7476297017266162,0.3961904
B2A,2db8fdcdb6.jpg,0.8284350776852387,0.33228657
B2A,2dd1d30221.jpg,0.9333093580277444,0.18115877
B2A,2dd4f95b88.jpg,0.7240604819550519,0.448301
B2A,2dd9275de3.jpg,0.8387914119237708,0.28992915
B2A,2ddc57dd19.jpg,0.8437307827116296,0.25894004
B2A,2ddd51611c.jpg,0.6748878343876388,0.59701884
B2A,2dec4e77ed.jpg,0.8876874171047486,0.23252058
B2A,2dec9e5cf3.jpg,0.9035109703727844,0.27715543
B2A,2dfec6a775.jpg,0.7928191111762545,0.37423313
B2A,2e00f465c3.jpg,0.59672664984376,0.619261
B2A,2e09380c2a.jpg,0.812016814884523,0.2642708
B2A,2e1753ba9b.jpg,0.8950007472120606,0.5159972
B2A,2e1c6fc11b.jpg,0.6968644693307431,0.3247629
B2A,2e2e206c28.jpg,0.8737230486594251,0.4814142
B2A,2e301d7558.jpg,0.7377337407790785,0.38559863
B2A,2e517b8314.jpg,0.9043711206520805,0.13723497
B2A,2e5fbd7286.jpg,0.7697725099026875,0.24576499
B2A,2e6ec4908b.jpg,0.7852177945696637,0.35521424
B2A,2e7742679f.jpg,0.8457280338216927,0.38463178
B2A,2e78e51950.jpg,0.7584050205150147,0.3361857
B2A,2e78e73bea.jpg,0.6828825934949768,0.4904809
B2A,2e7bf7b6d7.jpg,0.7995350474153101,0.38084126
B2A,2e90f3f80e.jpg,0.7881915491056336,0.34842378
B2A,2eaec67b91.jpg,0.6851224944581426,0.44492802
B2A,2ec41d4134.jpg,0.7573703277316094,0.3355218
B2A,2ecf4e49d6.jpg,0.8349337346173331,0.41047648
B2A,2ee3c2e52e.jpg,0.7818283531748504,0.3126556
B2A,2ee77c2635.jpg,0.7283506222537823,0.33492517
B2A,2ef2770a26.jpg,0.7166686529979127,0.5113165
B2A,2f109a6785.jpg,0.7583696122272992,0.40034097
B2A,2f16239804.jpg,0.8185617777988139,0.28954956
B2A,2f1aabf863.jpg,0.8985356496616439,0.393666
B2A,2f1cadb0b7.jpg,0.8286590247372775,0.4421766
B2A,2f220b23a4.jpg,0.703176967659974,0.5466568
B2A,2f23c7dfd2.jpg,0.8717371921922122,0.221944
B2A,2f33daf7c6.jpg,0.7136077671633786,0.30658552
B2A,2f5081e946.jpg,0.8859276234868102,0.27081037
B2A,2f8ca8f7dd.jpg,0.9190781893323454,0.3418871
B2A,2f9d43719d.jpg,0.8206937065617486,0.6074822
B2A,2f9dac2cfc.jpg,0.5378241047768327,0.54607445
B2A,2fa3a1847b.jpg,0.8830883620941293,0.34118354
B2A,2fa51ca1fa.jpg,0.7888036332021171,0.3579529
B2A,2fb1aee127.jpg,0.8435313751134966,0.29841936
B2A,2fb56b3050.jpg,0.8786747893015159,0.17173485
B2A,2fb9a62d4f.jpg,0.7649224408855401,0.3057965
B2A,2fbd381154.jpg,0.6744311954971463,0.5955384
B2A,2fcca3b171.jpg,0.91169684059153,0.24748172
B2A,2fd530981b.jpg,0.8411968397478456,0.3540893
B2A,2fde227d1f.jpg,0.7152350908372439,0.3868279
B2A,2ffdb7bb25.jpg,0.8012878554804971,0.36582762
B2A,2fffa9b80b.jpg,0.7667459792943275,0.3885757
B2A,2ffff1f4b7.jpg,0.7696964820194764,0.31137538
B2A,300bfa61ee.jpg,0.7158649220137047,0.63366646
B2A,300de48204.jpg,0.8580677293590488,0.30733722
B2A,30126b0c64.jpg,0.7518210654107492,0.5085352
B2A,3012de7eed.jpg,0.6910470378078643,0.45260856
B2A,3016a28e9d.jpg,0.8012219530481508,0.42517537
B2A,3023c7e91c.jpg,0.6965997754441247,0.56773865
B2A,3036b97556.jpg,0.816884580390911,0.21765396
B2A,303b61552d.jpg,0.8065338651803368,0.47035128
B2A,304070d771.jpg,0.8163189445277456,0.64057094
B2A,30466cabde.jpg,0.6369268218596473,0.33208558
B2A,3047c6263a.jpg,0.8730455620353416,0.40557563
B2A,304c2f4d34.jpg,0.7904980921407833,0.44363686
B2A,304fd99da4.jpg,0.54198522400069,0.41275704
B2A,305e8c1906.jpg,0.8062770447099733,0.23473608
B2A,305fc59b7e.jpg,0.7573444429674635,0.6476024
B2A,306397c35a.jpg,0.6911008019620292,0.279827
B2A,30647276ab.jpg,0.7714387776872988,0.4585148
B2A,306ebd4b5c.jpg,0.9252552105624554,0.28794384
B2A,306fdd232d.jpg,0.9198456889708868,0.39523357
B2A,30704449eb.jpg,0.7852444690618468,0.37330842
B2A,3070a4c8b0.jpg,0.8044656374090804,0.38033947
B2A,30718dc781.jpg,0.9026385935622736,0.5540033
B2A,307d716b38.jpg,0.9183657181849104,0.3471327
B2A,30821a129e.jpg,0.6438153020097407,0.3347587
B2A,30c43e2fe9.jpg,0.9199560235248307,0.2847554
B2A,30ca82141f.jpg,0.7674118670343255,0.5290749
B2A,30d24dd7c8.jpg,0.7075870009451638,0.58793014
B2A,30ea353d97.jpg,0.9044442580729037,0.3346753
B2A,30ea58dabb.jpg,0.7916103091590397,0.37507173
B2A,30f4a36c95.jpg,0.7973129791303558,0.2576973
B2A,30ff35c5af.jpg,0.8581117613848946,0.29762283
B2A,3116136a42.jpg,0.8208038774213184,0.24591795
B2A,312c2be90b.jpg,0.8442459428285607,0.223235
B2A,313cd1f3e0.jpg,0.7168330355570276,0.4353167
B2A,3150771433.jpg,0.6168017550764422,0.42931247
B2A,3165c39cd3.jpg,0.7438374223450861,0.38135704
B2A,3178a6117e.jpg,0.744028544943862,0.3550987
B2A,317b731059.jpg,0.8039690618290511,0.39491618
B2A,317ecf9e9d.jpg,0.9271584338109276,0.36014745
B2A,31819e2fb6.jpg,0.7732028200252572,0.407304
B2A,318d2dd948.jpg,0.7417795982217038,0.4225136
B2A,319031271d.jpg,0.794243468718556,0.37105536
B2A,319b17bbb4.jpg,0.877476438049085,0.27010378
B2A,319b8157e2.jpg,0.87732492012541,0.44861722
B2A,319de8a4c3.jpg,0.8324847702170655,0.49161023
B2A,31af3a1906.jpg,0.6485468228701821,0.6463202
B2A,31dd6a20fc.jpg,0.893403885614595,0.19169575
B2A,31e3562ead.jpg,0.8514903063987607,0.365452
B2A,31ebef8c4c.jpg,0.7121649246845447,0.6942512
B2A,31ecf73a02.jpg,0.9454779821770645,0.3130116
B2A,31fbb87d97.jpg,0.6503557027917738,0.31787992
B2A,31fdcfab86.jpg,0.8963718809690403,0.15953614
B2A,32076ecaf2.jpg,0.8264746382770378,0.24107873
B2A,3213f8108a.jpg,0.8145450000244289,0.28285545
B2A,3224e61375.jpg,0.9059053902476515,0.24438468
B2A,32277975c5.jpg,0.6683188638323921,0.41806203
B2A,3250368377.jpg,0.8925102057000146,0.25005314
B2A,325120c998.jpg,0.8703213670949627,0.22202364
B2A,32639bab15.jpg,0.7363841493672334,0.3850679
B2A,3277390c9b.jpg,0.74627309554408,0.46520168
B2A,3278d87456.jpg,0.8681598268864709,0.3585957
B2A,327bbda45b.jpg,0.8853271066340187,0.15615824
B2A,328321b466.jpg,0.7946215673919773,0.31987223
B2A,32882d9a83.jpg,0.7177913800056148,0.43645316
B2A,3291187d91.jpg,0.614409416532847,0.4431951
B2A,32a1470651.jpg,0.861340767324093,0.33104467
B2A,32ae69a50f.jpg,0.6699356422820159,0.5021405
B2A,32b537e6de.jpg,0.9221484414278964,0.26795593
B2A,32bb26374a.jpg,0.8060105562092178,0.39982897
B2A,32bcb20dae.jpg,0.8933744345695496,0.29453033
B2A,32cb5db524.jpg,0.7323211511875706,0.34096307
B2A,32d3f34515.jpg,0.8157189004104296,0.30168134
B2A,32d98e72dd.jpg,0.7167959891849103,0.47829401
B2A,32dde12686.jpg,0.7595711512062323,0.4849969
B2A,32df0e0408.jpg,0.6916909814946257,0.21116672
B2A,32edfa9c9d.jpg,0.9139555962225296,0.20435631
B2A,32f3055dff.jpg,0.9401238902599611,0.2559661
B2A,32fae726b3.jpg,0.5896256117497201,0.6195144
B2A,32fdfa3c24.jpg,0.6353486525957321,0.39995155
B2A,33032dc5ad.jpg,0.7744230836174486,0.42771816
B2A,33084e742e.jpg,0.7486138038465857,0.3502647
B2A,330fa8a7a8.jpg,0.728048064061653,0.5869049
B2A,3316c8daed.jpg,0.8420042181408862,0.27155685
B2A,331f082a0b.jpg,0.6652546540637311,0.2848752
B2A,33244a8ba9.jpg,0.8833989927873064,0.27401754
B2A,332da05c9c.jpg,0.8289212711568382,0.45157802
B2A,3335cea81d.jpg,0.7399240082236915,0.5245403
B2A,33392f6dea.jpg,0.864633088150734,0.47802216
B2A,333b2e7121.jpg,0.941772430683733,0.15381816
B2A,334259faa0.jpg,0.877195501446302,0.28569698
B2A,33439a9a62.jpg,0.8563584804774418,0.5397991
B2A,335adb946b.jpg,0.8996196166456941,0.17454481
B2A,335bf2f75a.jpg,0.8897994185549035,0.5093784
B2A,335d7fa61b.jpg,0.6952775994382132,0.41445473
B2A,336e786f25.jpg,0.6700084046045929,0.30225277
B2A,337a9d7475.jpg,0.6645502374211532,0.4123438
B2A,338fec22de.jpg,0.5370475473595067,0.6033652
B2A,339d590103.jpg,0.9209364225578968,0.26310915
B2A,339db96fd4.jpg,0.7262438062243103,0.287771
B2A,33a24fd568.jpg,0.8620869255792569,0.38130665
B2A,33b29070dc.jpg,0.831595087936086,0.3146879
B2A,33b5473fb6.jpg,0.6489034134542052,0.47377747
B2A,33bae37b7a.jpg,0.8465781111943832,0.24153578
B2A,33baf9fee5.jpg,0.6345963921161764,0.4065565
B2A,33bd2f6360.jpg,0.8840141713775803,0.28519374
B2A,33c737f426.jpg,0.8771816760625967,0.18697536
B2A,33ce5179c2.jpg,0.8283297992301174,0.23281929
B2A,33d7e16c5c.jpg,0.8614359910469803,0.16433653
B2A,33e21e0ee8.jpg,0.9586387314469094,0.2053046
B2A,33e4c897aa.jpg,0.9341005982256699,0.29836482
B2A,33f2df4cbe.jpg,0.7595548094427439,0.37371206
B2A,33ffdde2a0.jpg,0.7089826298792218,0.38717574
B2A,340c575487.jpg,0.6858430549926842,0.39920458
B2A,3414d1e597.jpg,0.6320027057174377,0.4292245
B2A,341acd12b6.jpg,0.941602646974191,0.191751
B2A,34300a53dd.jpg,0.5686159660306791,0.524011
B2A,343035e393.jpg,0.8754204715909344,0.33541152
B2A,3433e1373b.jpg,0.8814369257211644,0.21520717
B2A,3434712cc3.jpg,0.9113846999433572,0.30292174
B2A,34380cf889.jpg,0.7753492959431095,0.50909394
B2A,343e090a43.jpg,0.7903761306876957,0.37414372
B2A,343fa4c0eb.jpg,0.8946594576635984,0.37725893
B2A,3447169f2b.jpg,0.5908208237440853,0.56179917
B2A,344cac7fe0.jpg,0.8139335446583054,0.3210671
B2A,345ee88105.jpg,0.7917082194042151,0.14134617
B2A,346579c393.jpg,0.635302578947004,0.34134784
B2A,346a66651d.jpg,0.782067564389721,0.37728953
B2A,347519baef.jpg,0.7515404475507085,0.3942388
B2A,347a1a864e.jpg,0.9426286749155768,0.2649786
B2A,3480de8e9c.jpg,0.8191660693025021,0.3129315
B2A,3482a0b159.jpg,0.7701771001696518,0.47843114
B2A,34840c34c1.jpg,0.8303299204709104,0.24528816
B2A,348e12ab8b.jpg,0.891991890471873,0.24529482
B2A,3493315b15.jpg,0.808362230319946,0.29115152
B2A,34961a9ee6.jpg,0.8840619654003214,0.36482587
B2A,349afdf79d.jpg,0.8357731245512859,0.33240646
B2A,349eab5771.jpg,0.8365989748460474,0.28366295
B2A,34a0d6d394.jpg,0.7756572371743286,0.29776832
B2A,34a5e6c55b.jpg,0.7399949043673096,0.5531513
B2A,34a9eba898.jpg,0.702261056524584,0.53806967
B2A,34b514be69.jpg,0.802031011221293,0.3273211
B2A,34b51c7261.jpg,0.7013039457869606,0.49513587
B2A,34c5f04545.jpg,0.7148173731822193,0.46008456
B2A,34cbab9a5d.jpg,0.7958065759506824,0.38163587
B2A,34cf1b263e.jpg,0.8435046152247392,0.31707093
B2A,34daf62663.jpg,0.8397139901864797,0.40474188
B2A,34e314407f.jpg,0.9252348314640508,0.21604995
B2A,34e66708aa.jpg,0.6806055469537331,0.2578182
B2A,34e95595ce.jpg,0.8696663059607758,0.28743103
B2A,34eac9ab64.jpg,0.791479040446933,0.39809322
B2A,34f4d5c9d4.jpg,0.7732325419207078,0.3067977
B2A,34fb6596e1.jpg,0.7701352987158828,0.4995398
B2A,34fe687882.jpg,0.7563045100711395,0.33516487
B2A,350b5ebef7.jpg,0.8428851844888147,0.24451575
B2A,350d2a84d5.jpg,0.7448795945924063,0.5164175
B2A,351e2041bb.jpg,0.90746668135088,0.2671139
B2A,3528e213a3.jpg,0.6559943527965139,0.6038433
B2A,352c83ab74.jpg,0.9344166148587789,0.24898535
B2A,352e273208.jpg,0.8559117026669147,0.2006932
B2A,35395df60a.jpg,0.8686623127566511,0.21917893
B2A,353a61be7f.jpg,0.866725522113617,0.2305054
B2A,353dedb268.jpg,0.8295974033166968,0.34207535
B2A,353e6a68f4.jpg,0.7657209292640261,0.42315024
B2A,355475c717.jpg,0.8538396459267344,0.2747106
B2A,355c86cd3d.jpg,0.7337090615655013,0.49733132
B2A,356a62efca.jpg,0.767554491840269,0.39414293
B2A,356caca006.jpg,0.7965628133119289,0.36989614
B2A,358670e605.jpg,0.9120063352441958,0.38496011
B2A,358b265ed6.jpg,0.6983479229469494,0.47535783
B2A,35945cd71c.jpg,0.7959019237082949,0.3256355
B2A,359495f7a4.jpg,0.7096268012632694,0.4842939
B2A,35961ab226.jpg,0.8730502154690305,0.31132957
B2A,3596426373.jpg,0.7394673458276866,0.43857795
B2A,359b6a2430.jpg,0.8939306730314194,0.32731593
B2A,35b0c24b22.jpg,0.8641167062430527,0.23660547
B2A,35dd92bfb3.jpg,0.8436850627874795,0.3087422
B2A,35e792eb1a.jpg,0.7924455254424848,0.22590663
B2A,35e7c9ec58.jpg,0.8375862732623071,0.34644172
B2A,35ed01ca2e.jpg,0.78672321984323,0.33178997
B2A,35ed52c72f.jpg,0.8437880210757369,0.35644168
B2A,35fab228d4.jpg,0.8300437752773243,0.29513776
B2A,36000244a2.jpg,0.7478932562796956,0.46924073
B2A,3608d6b3ac.jpg,0.8765920613175782,0.34699827
B2A,360a1c7c80.jpg,0.8354933849666034,0.4893731
B2A,361f298a02.jpg,0.6093761897069481,0.44524997
B2A,3621a894db.jpg,0.849409583052183,0.31590003
B2A,362204f307.jpg,0.812546429189017,0.30330575
B2A,362511599b.jpg,0.7130287426670542,0.36915046
B2A,36261d4302.jpg,0.7654069485153882,0.3865508
B2A,3632f44a7c.jpg,0.7143878954430982,0.3771013
B2A,3648d77005.jpg,0.5960055344783816,0.50136304
B2A,3656053e31.jpg,0.8006544749444704,0.40754342
B2A,3657ef6b24.jpg,0.8184536166853751,0.3146038
B2A,368b9526b7.jpg,0.8036931494233266,0.28580296
B2A,368ee43922.jpg,0.9375233664453075,0.14094657
B2A,3691380fa5.jpg,0.8791597054766948,0.19669932
B2A,3695170ba2.jpg,0.8683116608853557,0.449404
B2A,369897af38.jpg,0.8171092045705429,0.32753056
B2A,36a77b49fe.jpg,0.8663577673265022,0.30627057
B2A,36a93aa776.jpg,0.8215129322113047,0.21490301
B2A,36a9509d21.jpg,0.741531983364745,0.28632906
B2A,36ad6eb2d8.jpg,0.7907542979026991,0.30620444
B2A,36b37b892a.jpg,0.8577352312032632,0.36210573
B2A,36bafe2801.jpg,0.7350089664613264,0.46589932
B2A,36bcc9afa9.jpg,0.9535859082921241,0.29967955
B2A,36d67864d9.jpg,0.8153407454625203,0.39457035
B2A,36d957036d.jpg,0.7130358438980653,0.2493996
B2A,36daf4d43d.jpg,0.8552698606632193,0.43691745
B2A,36e4004846.jpg,0.8838809557911028,0.27093372
B2A,36eb013265.jpg,0.9070453791136848,0.20162429
B2A,36eccca3ab.jpg,0.8444523106478932,0.27406594
B2A,36f18cca17.jpg,0.9181970569456774,0.27822864
B2A,36f6aeb966.jpg,0.7730030679385486,0.33415738
B2A,37075ca2ee.jpg,0.7743760984822267,0.37950894
B2A,371c59835b.jpg,0.8694683174483961,0.3795319
B2A,371f2829aa.jpg,0.5923342403284243,0.5881953
B2A,372d828feb.jpg,0.7203808965490974,0.51353693
B2A,372dc58821.jpg,0.5720297449586159,0.4190025
B2A,37322d9ff2.jpg,0.770901374801545,0.2840595
B2A,3744adb842.jpg,0.8118631536398783,0.31160593
B2A,374d5245d4.jpg,0.8349580409827285,0.29738992
B2A,3751b9831c.jpg,0.8876448732205051,0.24459256
B2A,376073b21e.jpg,0.8256300232941132,0.32505646
B2A,376ddd69e6.jpg,0.6840702221454406,0.58331037
B2A,376f1b5edb.jpg,0.6712865446244276,0.3339573
B2A,377329db11.jpg,0.7424853702865989,0.29364187
B2A,3778fecb0c.jpg,0.8920879710741245,0.23714821
B2A,3789eceb0c.jpg,0.9279040284664081,0.13011037
B2A,37911bdb2c.jpg,0.9198094317339265,0.2298691
B2A,37917ad369.jpg,0.8310402619641034,0.2754672
B2A,37928f6999.jpg,0.8669827815469275,0.49948362
B2A,379b25d4d3.jpg,0.7125389252827874,0.4625469
B2A,37a5918d6f.jpg,0.7348795334580218,0.22674823
B2A,37a90c2b86.jpg,0.8378699550075297,0.39808804
B2A,37aabb8541.jpg,0.8443415988368873,0.29145646
B2A,37b12b7bc9.jpg,0.7549369224020582,0.46853402
B2A,37b740d8f8.jpg,0.7389464873719336,0.3664249
B2A,37c5732454.jpg,0.885595533102905,0.34811604
B2A,37c6dc5971.jpg,0.7958554130894903,0.446565
B2A,37cc9acfc2.jpg,0.9168394186197526,0.3635428
B2A,37cfa76bf2.jpg,0.8615227859280574,0.22638561
B2A,37d0b619d1.jpg,0.6964781519239324,0.35338715
B2A,37d3e79b71.jpg,0.8518932783360187,0.2545382
B2A,37df208f9f.jpg,0.8040687252016089,0.5297042
B2A,37eb07f626.jpg,0.9138684549066859,0.25974524
B2A,37f738e7bc.jpg,0.8309298530072448,0.24642105
B2A,37fba790de.jpg,0.9423682212897357,0.20095307
B2A,38062f7d79.jpg,0.7108524092181285,0.5298251
B2A,38070f5dbb.jpg,0.7330503486434384,0.4810685
B2A,38086cf21f.jpg,0.8764184823432244,0.34322655
B2A,381267e62a.jpg,0.7033093893754466,0.40736386
B2A,381280b99b.jpg,0.8210231563741288,0.3657424
B2A,381d086c95.jpg,0.7897235963356904,0.37675714
B2A,3820d34bd5.jpg,0.7867639991962421,0.45489317
B2A,3833afaa5a.jpg,0.9157405999617206,0.257044
B2A,383bfdbd98.jpg,0.8435512191463592,0.33686832
B2A,3842636752.jpg,0.8076158155701527,0.5745833
B2A,385d53e164.jpg,0.7429676787983146,0.6526518
B2A,385f8eb28d.jpg,0.6237649743126376,0.4108842
B2A,3860dba6e7.jpg,0.826709058909557,0.2705642
B2A,38629959ac.jpg,0.8626892736013316,0.50986904
B2A,3865b242b9.jpg,0.8475788090452078,0.19865829
B2A,38662909dd.jpg,0.731940830389377,0.45542505
B2A,38684f015e.jpg,0.8870520517768654,0.533766
B2A,386a3c0897.jpg,0.6891947409233884,0.6441144
B2A,3876bbbae0.jpg,0.8009182792255776,0.33311298
B2A,3886187ed1.jpg,0.7496881872037793,0.40795237
B2A,3891ee053e.jpg,0.8478298794231937,0.3657521
B2A,38992f60c4.jpg,0.7918402403029035,0.33100563
B2A,38993b35f9.jpg,0.7995620322456318,0.26374793
B2A,389acc824c.jpg,0.6519464838267041,0.49448445
B2A,389cbe6e1a.jpg,0.9063289064614235,0.28772736
B2A,38bb0ec345.jpg,0.721520830286739,0.34367192
B2A,38c6532fe1.jpg,0.7455001935392072,0.29639995
B2A,38c88ad59d.jpg,0.9189844503697531,0.29161698
B2A,38cb53af79.jpg,0.8485377732715028,0.22890624
B2A,38d00950b6.jpg,0.6485215987937103,0.45886597
B2A,38d0de69d8.jpg,0.7885316459203293,0.3829406
B2A,38d5379f18.jpg,0.8646279917965288,0.48539943
B2A,38d71d4dfe.jpg,0.7897369683604195,0.52551943
B2A,38d9042083.jpg,0.8204299768244728,0.22100335
B2A,38deab6c01.jpg,0.856400625465113,0.39562148
B2A,38dfbc95b7.jpg,0.6761218423059626,0.44158664
B2A,38ebf8fc82.jpg,0.7516079799681319,0.4708658
B2A,38f185baa6.jpg,0.7534486972018138,0.32662126
B2A,390f3f16d6.jpg,0.8020845906322359,0.4866593
B2A,3915c24d8d.jpg,0.7442406991268956,0.48987058
B2A,3916d76a57.jpg,0.6994576033192815,0.45653942
B2A,392c032d0e.jpg,0.8663158696749028,0.25712875
B2A,3941a52677.jpg,0.893950907697537,0.15641609
B2A,394a38353e.jpg,0.7255050238269155,0.45527893
B2A,39545bce2e.jpg,0.9062950502455226,0.3369468
B2A,396b917aad.jpg,0.8605820140228119,0.39125103
B2A,39780192ea.jpg,0.8052089922659035,0.2882928
B2A,398849f59d.jpg,0.8377933093047241,0.32711753
B2A,39b7d694de.jpg,0.6892804677431996,0.48523748
B2A,39c1270676.jpg,0.8245745955100546,0.38290954
B2A,39db6bdbbe.jpg,0.7134004894488113,0.53559273
B2A,39ff1e8568.jpg,0.7464526779923708,0.25651205
B2A,3a0046ee0d.jpg,0.7015750271819461,0.45076203
B2A,3a00c416f6.jpg,0.7989956080517815,0.35115296
B2A,3a2f29ea97.jpg,0.8618099604822433,0.31555292
B2A,3a36ff8b4b.jpg,0.7254072289484541,0.36819923
B2A,3a423d3645.jpg,0.8885853585146141,0.4091425
B2A,3a4414aa6b.jpg,0.5977697662873933,0.4769246
B2A,3a582c9914.jpg,0.7865510324653335,0.28236532
B2A,3a5b6e28e0.jpg,0.8946235297213655,0.3477013
B2A,3a5c7e707a.jpg,0.6706187074981582,0.44725126
B2A,3a747d8723.jpg,0.840439016894107,0.2631883
B2A,3a7a0992dd.jpg,0.8439574665825718,0.4168045
B2A,3a82bd4f2a.jpg,0.6678451422100875,0.4019636
B2A,3a872d9357.jpg,0.7788412612158433,0.43154114
B2A,3a91a66bdd.jpg,0.8757632739970795,0.2645574
B2A,3a9483311f.jpg,0.754412254304031,0.5023032
B2A,3a9d528df2.jpg,0.6990156995976502,0.55360997
B2A,3ab31603e2.jpg,0.7635615127179696,0.29766956
B2A,3abca1ec15.jpg,0.8285276718036095,0.24461348
B2A,3ac5c5efeb.jpg,0.7544511854803804,0.5616436
B2A,3acafb52ae.jpg,0.8187720795978768,0.21116938
B2A,3ad0aa389f.jpg,0.7589868175249777,0.5303136
B2A,3ade5505ba.jpg,0.8031467728839596,0.38203722
B2A,3adf6a85e3.jpg,0.7932908543847489,0.21644634
B2A,3af0aaf3ee.jpg,0.7262948769983398,0.48227328
B2A,3af3151f7f.jpg,0.9001959079595169,0.2924804
B2A,3afa5083c1.jpg,0.7779975414476706,0.34826535
B2A,3b047fc766.jpg,0.6313147976181033,0.59884447
B2A,3b20ee7aa5.jpg,0.9136817828270749,0.25685695
B2A,3b28c6b97b.jpg,0.8274772706620308,0.2476609
B2A,3b312d0ac5.jpg,0.8249621422623025,0.28465182
B2A,3b368db4be.jpg,0.8701710707633943,0.3549248
B2A,3b3f9ecd9d.jpg,0.9451157986800983,0.14383247
B2A,3b3fd02a40.jpg,0.8474181103085764,0.3535702
B2A,3b465f08bf.jpg,0.8462268615573549,0.33993825
B2A,3b4b485df5.jpg,0.7276164134996218,0.3758785
B2A,3b4e045bb7.jpg,0.6421143296903784,0.5149849
B2A,3b57973eb2.jpg,0.8010799777304844,0.31933415
B2A,3b5d843f5a.jpg,0.6862085505766383,0.4083083
B2A,3b64a40750.jpg,0.7401001337924136,0.28950936
B2A,3b6a39a00d.jpg,0.6738714889050514,0.4077826
B2A,3b6c01176c.jpg,0.751737089583129,0.29984087
B2A,3b71b87d37.jpg,0.7660473149166676,0.24134615
B2A,3b76682887.jpg,0.7891890274628187,0.40422624
B2A,3b855caae4.jpg,0.7554156808663628,0.391353
B2A,3bae3d1712.jpg,0.8786131868376751,0.20026785
B2A,3bc75876be.jpg,0.8121693787881721,0.172705
B2A,3bcafe027c.jpg,0.8879489165956764,0.27049574
B2A,3bcc67701d.jpg,0.6566047157087503,0.5389681
B2A,3bd85aead5.jpg,0.7395315672586323,0.28883246
B2A,3bd8747102.jpg,0.8758395133097105,0.44548935
B2A,3bd9ddc108.jpg,0.85218030103225,0.20414601
B2A,3be1aea5fc.jpg,0.8632679351679035,0.23065794
B2A,3bed43f9f6.jpg,0.7570793244071038,0.4890108
B2A,3bf9ac1eb3.jpg,0.7985205092297931,0.2525439
B2A,3bff224652.jpg,0.8417004783855901,0.33564758
B2A,3c048f020d.jpg,0.735292187025284,0.4008905
B2A,3c07362391.jpg,0.7330015006308914,0.35813606
B2A,3c1963d1f8.jpg,0.7672002965315673,0.2746051
B2A,3c21346fb9.jpg,0.8464750234805597,0.5680878
B2A,3c327deaca.jpg,0.7882758410923764,0.36934498
B2A,3c3c78be02.jpg,0.9262668509181222,0.20511523
B2A,3c4406fa5a.jpg,0.704638989700934,0.47437012
B2A,3c52316f14.jpg,0.559384140255804,0.6154809
B2A,3c53ee8af8.jpg,0.9002559078150987,0.40608507
B2A,3c5cdd7090.jpg,0.7590019313918926,0.46423376
B2A,3c5e76d1e3.jpg,0.8130362017179191,0.32881472
B2A,3c65d848ee.jpg,0.8635461709181366,0.25691858
B2A,3c6fe5de40.jpg,0.7692899364006092,0.31152672
B2A,3c72375e57.jpg,0.8714048319049101,0.3935206
B2A,3c7383e41b.jpg,0.8148411154762352,0.27942315
B2A,3c750a98db.jpg,0.8452844755087365,0.42106915
B2A,3c7a019967.jpg,0.8598814629039082,0.15612675
B2A,3c840700fc.jpg,0.9092318183279414,0.1934225
B2A,3c8591595d.jpg,0.8959139719779772,0.41241115
B2A,3c8d055dde.jpg,0.8126830227619762,0.27126452
B2A,3c8de7efcc.jpg,0.736482590299659,0.3916617
B2A,3c92f9da89.jpg,0.7420583936250249,0.5021955
B2A,3ca88b5bae.jpg,0.7609738506272887,0.3047944
B2A,3caa03fcca.jpg,0.762348674800663,0.34221834
B2A,3cc4339658.jpg,0.9020094799592069,0.25539067
B2A,3cc6896a14.jpg,0.8074710805463029,0.49203944
B2A,3cc973e9c6.jpg,0.7478166833625,0.43964553
B2A,3cca867846.jpg,0.8801633669925429,0.32104504
B2A,3ccbf381cc.jpg,0.7644482670938131,0.32000026
B2A,3cd0ce8fcd.jpg,0.8054948595158234,0.22503263
B2A,3cd43a2690.jpg,0.8608457490012447,0.2688041
B2A,3cdbcd6c29.jpg,0.7502731084238108,0.33702117
B2A,3ce8fe7b80.jpg,0.7852612563564271,0.5697971
B2A,3cf977901c.jpg,0.581072925295215,0.5480318
B2A,3cff22e3c9.jpg,0.857742280310442,0.25959495
B2A,3d038050b2.jpg,0.5893336262694002,0.60678536
B2A,3d0982bebb.jpg,0.8834360321282025,0.5322841
B2A,3d0e0ead31.jpg,0.8574834887263815,0.41796666
B2A,3d14523c1f.jpg,0.8195192006212422,0.549511
B2A,3d165d2aad.jpg,0.7782225346593878,0.35840583
B2A,3d204371c7.jpg,0.9073352680248441,0.2873336
B2A,3d29c7439f.jpg,0.5704424462394148,0.4469978
B2A,3d2c394405.jpg,0.5871155956519691,0.47093832
B2A,3d3b9f4ba1.jpg,0.8323581872744991,0.37203228
B2A,3d69e148e8.jpg,0.7962018783138001,0.27130395
B2A,3d6b2aa9d4.jpg,0.9161693708912241,0.3375536
B2A,3d6ef1f43d.jpg,0.7061570460607118,0.53654623
B2A,3d70ef0d7c.jpg,0.7600463557954883,0.51899695
B2A,3d71b5934b.jpg,0.8456475379819535,0.23876399
B2A,3d8835b84d.jpg,0.8183416249770321,0.22323935
B2A,3d89a7a1c4.jpg,0.8198154384878957,0.3106869
B2A,3d89fa1a08.jpg,0.8261892322006021,0.23375873
B2A,3d8fd794f8.jpg,0.7472242113637563,0.29398054
B2A,3d961be033.jpg,0.7519314614176869,0.26823753
B2A,3da4c699b8.jpg,0.7084278137698329,0.44181177
B2A,3db43d9a04.jpg,0.6390151301507813,0.5445591
B2A,3db8bf2299.jpg,0.9128430221959429,0.30028397
B2A,3dc62c7550.jpg,0.7758657836984283,0.3577297
B2A,3dc69fb234.jpg,0.7457862764724176,0.32069245
B2A,3dcb9f50ff.jpg,0.8232452776897382,0.21433492
B2A,3dcdf82bcd.jpg,0.8212958817666318,0.3589383
B2A,3dcf18bba9.jpg,0.9226899494422421,0.16366494
B2A,3dd2d3096b.jpg,0.7269772535210125,0.38845062
B2A,3de3c8151d.jpg,0.5872504731063207,0.52040774
B2A,3dfd77c751.jpg,0.9250046895875093,0.32007548
B2A,3e0479c7a4.jpg,0.5202980259427786,0.5038724
B2A,3e097a4c02.jpg,0.8546517251331274,0.28677693
B2A,3e1cd24e83.jpg,0.753677730304695,0.34292492
B2A,3e1dfc9dc0.jpg,0.7478220675975805,0.40397844
B2A,3e2d480716.jpg,0.5611776589525992,0.50731486
B2A,3e31646935.jpg,0.8652076450006747,0.1609402
B2A,3e3b342a95.jpg,0.7961172265594614,0.38969588
B2A,3e4c86049d.jpg,0.9081370947372723,0.19847047
B2A,3e4e2f5b6e.jpg,0.7513060976033422,0.52100873
B2A,3e4edba19d.jpg,0.7799247897784616,0.36440367
B2A,3e60c7241a.jpg,0.8796452167829931,0.29839185
B2A,3e780ed289.jpg,0.9014177858171465,0.33034644
B2A,3e806e2a4a.jpg,0.8431854990199246,0.29967335
B2A,3e9809b35e.jpg,0.7587566679752149,0.3751272
B2A,3ea3ae5954.jpg,0.6117524485087156,0.53114647
B2A,3ea96d7fbd.jpg,0.7266202687049584,0.556203
B2A,3eaa214d3d.jpg,0.8714719125428627,0.29656902
B2A,3eab0e9d77.jpg,0.7801002421514098,0.4403093
B2A,3eb7c094c0.jpg,0.8028920077545335,0.4137217
B2A,3ebc8a4013.jpg,0.8695086170070309,0.2530189
B2A,3ec2bb5a0c.jpg,0.9282951239089958,0.2298354
B2A,3ec4f57f74.jpg,0.8942121534384325,0.18258536
B2A,3ecedf69d8.jpg,0.6909131808831892,0.47879943
B2A,3ed12a78ce.jpg,0.8074024510735223,0.41966707
B2A,3edae2ef79.jpg,0.7076061611210546,0.45247474
B2A,3edc9197e7.jpg,0.8812313100261788,0.32093737
B2A,3ee4497b2e.jpg,0.788438451829661,0.27191448
B2A,3ee7eb408c.jpg,0.7050535409306752,0.29098615
B2A,3f0362f12d.jpg,0.754795929496672,0.34192753
B2A,3f0738d8dc.jpg,0.8295481357392204,0.4718333
B2A,3f0a7330bd.jpg,0.8222640107220512,0.29109517
B2A,3f1191a447.jpg,0.7838462077599447,0.2778451
B2A,3f1942ac5e.jpg,0.840087810693748,0.14295681
B2A,3f220a6caa.jpg,0.8623908397016952,0.25304264
B2A,3f28319f81.jpg,0.7583404200110296,0.57606673
B2A,3f2a4b6406.jpg,0.7322854201933141,0.58718306
B2A,3f3e610d58.jpg,0.887623706438917,0.26657414
B2A,3f53c08114.jpg,0.6420831800421803,0.54213184
B2A,3f5bc8d85c.jpg,0.8898233387334185,0.33895618
B2A,3f615bc675.jpg,0.8145088028395835,0.4389031
B2A,3f6489dfa3.jpg,0.8318941907512309,0.30357337
B2A,3f6e1ac2ae.jpg,0.9178915137682284,0.36616802
B2A,3f70cec894.jpg,0.7981390936983683,0.28128257
B2A,3f7dc6a469.jpg,0.7814456419333697,0.3047435
B2A,3f844f5b59.jpg,0.8731075533851712,0.24577466
B2A,3f8fd85f1c.jpg,0.8871696643182584,0.26673743
B2A,3f91546f37.jpg,0.8217132725136412,0.42808062
B2A,3f97bcc230.jpg,0.7616616684970023,0.38141468
B2A,3f9d9b6972.jpg,0.8298435421692043,0.2495199
B2A,3fa1aa1d56.jpg,0.7586851917151306,0.314543
B2A,3fa61d1b59.jpg,0.892593962555961,0.25019535
B2A,3fa89cdb0f.jpg,0.8597051374879223,0.3453286
B2A,3facf2de42.jpg,0.9070259700415814,0.42535287
B2A,3fc01a1f5a.jpg,0.8808213066359515,0.2850226
B2A,3fc29d7b01.jpg,0.7336441529566101,0.38135296
B2A,3fcabb43e0.jpg,0.8843456766836203,0.2933222
B2A,3fce3b2092.jpg,0.8395542356076968,0.5746598
B2A,3fd5f45733.jpg,0.5753833740526246,0.31636944
B2A,3fe71e2f91.jpg,0.8931522993363585,0.29654872
B2A,3ff9d14627.jpg,0.6602102401815277,0.6039556
B2A,3ffcf75444.jpg,0.7516332202511117,0.44945684
B2A,4006643077.jpg,0.791108083142456,0.39726388
B2A,400dd42483.jpg,0.8093422976553186,0.3000009
B2A,401c79161f.jpg,0.9332153402559296,0.21124877
B2A,402358e99c.jpg,0.8713612572481552,0.2801262
B2A,402da39edd.jpg,0.7929197407781191,0.35243848
B2A,4033c4fd83.jpg,0.9068321360827586,0.1805224
B2A,4035bcf4c5.jpg,0.8770725245268576,0.26947585
B2A,40365d3029.jpg,0.7310684827067139,0.4110207
B2A,403a9eb385.jpg,0.8690883992576593,0.17121534
B2A,4044bcfa56.jpg,0.7353505502563086,0.50343674
B2A,40454944a3.jpg,0.8642047091220966,0.26205134
B2A,4051c9b480.jpg,0.7140663414417775,0.31886148
B2A,405d277475.jpg,0.8682838343588608,0.34685668
B2A,40634ec806.jpg,0.7270525783550835,0.41670617
B2A,4069034d1b.jpg,0.7194649030478816,0.38507757
B2A,4069c14970.jpg,0.685191157832757,0.5359946
B2A,4069eee71a.jpg,0.5725670150973617,0.4761439
B2A,406f7f455a.jpg,0.8971046692671403,0.26629686
B2A,40773a3569.jpg,0.7171931829964638,0.6332
B2A,407ded2317.jpg,0.8834004872856497,0.16612163
B2A,408a7ed2d4.jpg,0.6249189860671442,0.53987724
B2A,408ae2c4d3.jpg,0.8826478408523514,0.3330398
B2A,408c4b86d7.jpg,0.8043561392060584,0.25930756
B2A,409f830e91.jpg,0.7296609874259122,0.4832354
B2A,40a2829478.jpg,0.8643356338525799,0.50991154
B2A,40abbf6272.jpg,0.7916311966456819,0.37323776
B2A,40b341cce7.jpg,0.878607509357408,0.40500706
B2A,40b814831c.jpg,0.8382220228109729,0.24056147
B2A,40ba4c1ee0.jpg,0.8003571563602841,0.21775241
B2A,40cd40f4ce.jpg,0.6688000809693496,0.3698047
B2A,40d46c10bd.jpg,0.5861269668776801,0.5889329
B2A,40d6a5963b.jpg,0.6684884748966987,0.45489082
B2A,40dbef5e74.jpg,0.9057497955170009,0.28980005
B2A,40e2fb2f62.jpg,0.8879114204055385,0.20313254
B2A,410a15d160.jpg,0.8045118151061534,0.33372915
B2A,410c1279f0.jpg,0.7713748754464167,0.2877114
B2A,410f1753ab.jpg,0.7546695405788463,0.23954298
B2A,4113173d13.jpg,0.6414603311711136,0.42601913
B2A,411424ff38.jpg,0.9398320044051186,0.1963019
B2A,4115b492be.jpg,0.676793237531878,0.47581616
B2A,411728406b.jpg,0.7458793331574881,0.42450744
B2A,411cbac479.jpg,0.8760754443035915,0.2791605
B2A,41316be2ab.jpg,0.8725216113730222,0.2520381
B2A,4134a75abc.jpg,0.8574345725903674,0.21618083
B2A,413aa936b2.jpg,0.6243991687263579,0.46159357
B2A,414a144db4.jpg,0.8063777834792382,0.3110795
B2A,4151207d56.jpg,0.6013785378302937,0.59342253
B2A,415a165321.jpg,0.9192033018054043,0.24231125
B2A,4166c63775.jpg,0.7324589933738825,0.34996498
B2A,416e06ae04.jpg,0.7715589263451652,0.3471657
B2A,416e954665.jpg,0.8587171859442858,0.28035197
B2A,416fcde5d2.jpg,0.8668565247370885,0.2614226
B2A,4170ddf51d.jpg,0.7486057649953565,0.4006642
B2A,417769579b.jpg,0.8970084282806017,0.25786287
B2A,417c141022.jpg,0.8157619944540748,0.4629637
B2A,417f9dbce5.jpg,0.8682202085300892,0.31353453
B2A,4185e8411e.jpg,0.795938869157538,0.4613573
B2A,418d1c582c.jpg,0.8125680135910595,0.4330625
B2A,419385f134.jpg,0.7526993477479338,0.51896286
B2A,4197e5cf91.jpg,0.6363844886737666,0.63971144
B2A,419c88186c.jpg,0.9039701970069319,0.25279668
B2A,41a0c9b77b.jpg,0.8886348035346818,0.2648685
B2A,41a6a58a06.jpg,0.9225440752264146,0.2580521
B2A,41aab05613.jpg,0.9149157773349429,0.21925735
B2A,41c988e839.jpg,0.4837744354777679,0.6443752
B2A,41ca266a6d.jpg,0.7957927557160616,0.33919752
B2A,41d6d46378.jpg,0.8182872205319829,0.33857244
B2A,41da9742ed.jpg,0.6759565568345939,0.54610604
B2A,41df7d5e43.jpg,0.8989353221569172,0.29779404
B2A,41ec0c9e94.jpg,0.9121869962842886,0.23953256
B2A,41ed759f87.jpg,0.9472763196479749,0.21101563
B2A,41f062b74b.jpg,0.6787832629189796,0.60001415
B2A,41f4b96cdd.jpg,0.718944890836676,0.3162601
B2A,420386aab6.jpg,0.8539889758038237,0.31931493
B2A,421cf4d925.jpg,0.8648399764005945,0.13169503
B2A,4234c4fa4a.jpg,0.872495269866594,0.35015526
B2A,4246be6f2b.jpg,0.7165008151519071,0.5002558
B2A,4252a6b79d.jpg,0.8900780102358448,0.39819032
B2A,4255eb0cb0.jpg,0.7759799979028887,0.44805712
B2A,4262ee33cf.jpg,0.8356045587864535,0.41860878
B2A,4263de0622.jpg,0.7903767799476059,0.2815204
B2A,42703f8185.jpg,0.8150032152596017,0.3237648
B2A,428066cbb6.jpg,0.8468400263960434,0.28899857
B2A,428516308c.jpg,0.8040913525140072,0.2802313
B2A,428cfa30a0.jpg,0.7722215982601335,0.5956882
B2A,42a17f2513.jpg,0.8679984304638323,0.45022905
B2A,42a2c9c2a9.jpg,0.6862762561753252,0.4198475
B2A,42a90ee8fd.jpg,0.6680499472100377,0.3681117
B2A,42b38b3ecf.jpg,0.7598223564787957,0.2444612
B2A,42b7ed6caf.jpg,0.8109177726006275,0.43807462
B2A,42b9334189.jpg,0.8594793293120639,0.37948003
B2A,42d09ebeef.jpg,0.7532223599941268,0.42247474
B2A,42d7e15840.jpg,0.846556798536033,0.37560418
B2A,42d95f5656.jpg,0.5562241115913663,0.57310814
B2A,42d9791966.jpg,0.750923562829601,0.43491083
B2A,42db3f6bfb.jpg,0.7994973329837972,0.24799657
B2A,42e33a0f4e.jpg,0.848723750612663,0.40849876
B2A,42e6bc6527.jpg,0.8550862107422761,0.24840495
B2A,42f2c8badb.jpg,0.9327603533753003,0.41363946
B2A,42f67a0c9b.jpg,0.8231322619856074,0.31386188
B2A,430365e84b.jpg,0.8085397873633768,0.34917557
B2A,4308c43102.jpg,0.8558429887365533,0.3021792
B2A,4325d69fe4.jpg,0.762777454765304,0.26721796
B2A,4327a26f90.jpg,0.8148083991572934,0.27609253
B2A,432c4949ea.jpg,0.723519480103685,0.35785788
B2A,432c77e7ff.jpg,0.8936266131113478,0.27575505
B2A,433f72e01b.jpg,0.6509026634578953,0.43659472
B2A,43425f75c3.jpg,0.7355082751796536,0.46320018
B2A,4346c649be.jpg,0.8232408034578376,0.4172287
B2A,43519ebdda.jpg,0.8872617466183066,0.19224125
B2A,436544ba60.jpg,0.8106839139104209,0.25707778
B2A,436738950d.jpg,0.8999659014310285,0.28261897
B2A,4367fc0915.jpg,0.6948715363832023,0.59985113
B2A,437bce391c.jpg,0.7366874372434502,0.44344217
B2A,437d311cfe.jpg,0.6980148212978909,0.38397697
B2A,439be152be.jpg,0.7110411426445176,0.4488133
B2A,43a246cd29.jpg,0.903032209813249,0.26279378
B2A,43a3471132.jpg,0.6407299414168139,0.3276569
B2A,43a5271014.jpg,0.78719644226419,0.36140415
B2A,43b2557047.jpg,0.7707549011898853,0.30557567
B2A,43b5bdf41c.jpg,0.8735897826742287,0.21653199
B2A,43b6f98955.jpg,0.8310393905374309,0.5061057
B2A,43bcfa7f99.jpg,0.75768320006909,0.39064118
B2A,43be6f2003.jpg,0.798898634343551,0.5468273
B2A,43be7d5231.jpg,0.8726522021678162,0.4927672
B2A,43d6edb617.jpg,0.8840433234947078,0.17316687
B2A,43d7a934de.jpg,0.8698641788270739,0.22945419
B2A,43db8e440e.jpg,0.7808086169447312,0.38305724
B2A,43dbb8ae62.jpg,0.8738966183270858,0.15991707
B2A,43e7f05c27.jpg,0.63612476524457,0.7490554
B2A,43ecb78f04.jpg,0.6683048974760766,0.52609074
B2A,43ef5533dd.jpg,0.817843194641896,0.23924252
B2A,43f3d41042.jpg,0.8730125843915103,0.27377325
B2A,441ba0764f.jpg,0.8581569588412499,0.2526277
B2A,442465d291.jpg,0.6988010973131362,0.50973785
B2A,44263e569e.jpg,0.7580169686141113,0.49003434
B2A,442e55394f.jpg,0.8750990288564792,0.22865802
B2A,443367c605.jpg,0.8716405669120512,0.22112031
B2A,443cfcaf19.jpg,0.7046693467910888,0.5428914
B2A,444ea6a3df.jpg,0.9107587284435483,0.2317169
B2A,445c9de4ae.jpg,0.7389877268070727,0.40004894
B2A,44643764ef.jpg,0.6646925538933849,0.37751922
B2A,4473598289.jpg,0.8422586266182129,0.33010626
B2A,447a64dc90.jpg,0.8701662250516102,0.4553874
B2A,447ceb7434.jpg,0.8340434515761275,0.26828307
B2A,44811f744f.jpg,0.8807848064271111,0.28728518
B2A,44838c4894.jpg,0.5800039157580325,0.654186
B2A,44852d6fd3.jpg,0.7861754785099303,0.44128615
B2A,4494dace12.jpg,0.7883714598982932,0.3714392
B2A,449d31ec71.jpg,0.809567719393174,0.30987912
B2A,449ffd7d0e.jpg,0.8585925405413769,0.22681676
B2A,44b1c947c8.jpg,0.7438306276732809,0.35408813
B2A,44b7b27bdb.jpg,0.8247593301278849,0.4632295
B2A,44b948a11b.jpg,0.9192314714949492,0.19600472
B2A,44be21f482.jpg,0.7766677196224177,0.5042758
B2A,44ca9b838b.jpg,0.7491479865637146,0.4680443
B2A,44cd2a0855.jpg,0.8892994282289564,0.28473416
B2A,44d4bbf9c5.jpg,0.707271248632604,0.3603097
B2A,44e072e7f6.jpg,0.8942017093603464,0.35666135
B2A,44f0533b7d.jpg,0.6728456440942311,0.576568
B2A,44f9fc3d08.jpg,0.8285353891441143,0.26197487
B2A,450c48015c.jpg,0.6938225188733801,0.36845008
B2A,451fa08066.jpg,0.8073381583898184,0.32696265
B2A,45281596ce.jpg,0.8216086469074174,0.35104075
B2A,452c2eae3c.jpg,0.7894881243409756,0.48371592
B2A,452c5d0bb4.jpg,0.9054147589021816,0.28509724
B2A,452cb57460.jpg,0.8682106694029951,0.33813497
B2A,45342d5c70.jpg,0.7926619932782247,0.38873133
B2A,4534cb2584.jpg,0.8087304740571537,0.41120896
B2A,453afd0c27.jpg,0.7354009111603932,0.35506064
B2A,453bd33553.jpg,0.7162100932817868,0.35842136
B2A,453f5d81cf.jpg,0.8536812932352774,0.3157068
B2A,454cf7a157.jpg,0.628235047775624,0.44649756
B2A,4550c707f6.jpg,0.874617263849618,0.5131748
B2A,4551f3f54b.jpg,0.7820834673378828,0.35228914
B2A,4569404b70.jpg,0.8014302283750858,0.378686
B2A,4569953612.jpg,0.808091105499549,0.1751519
B2A,457b19a007.jpg,0.8970011999706947,0.24657483
B2A,4581966154.jpg,0.7367309941084758,0.5479451
B2A,4581a4faee.jpg,0.6714219906500665,0.5743534
B2A,458b9bddeb.jpg,0.8248545624724446,0.30577558
B2A,459a0e8a7b.jpg,0.7458554998102179,0.37125158
B2A,45a0cf81a7.jpg,0.9334208878187202,0.26812246
B2A,45a4fc418c.jpg,0.9504719535946775,0.17180152
B2A,45ae43ca11.jpg,0.7821357601338714,0.33784866
B2A,45b59ba108.jpg,0.8565498205730817,0.2071602
B2A,45bfc01241.jpg,0.6367860923361762,0.56095815
B2A,45cecf091d.jpg,0.8102958041215041,0.26812458
B2A,45d284a829.jpg,0.6901953923994634,0.47079104
B2A,45db826465.jpg,0.75008952166506,0.2086854
B2A,45e07afb6c.jpg,0.6985089717436351,0.35724708
B2A,45f3a9c5e3.jpg,0.7926631363051416,0.3595595
B2A,45f63c2653.jpg,0.5870256224500615,0.56244415
B2A,45f784213e.jpg,0.7257305379371563,0.5277427
B2A,45feda47bc.jpg,0.8935114628426144,0.22092041
B2A,46196f19d1.jpg,0.6962445092573756,0.46842065
B2A,461cc8da33.jpg,0.8160698566369163,0.34259266
B2A,463758c10d.jpg,0.6508514296648169,0.35257512
B2A,463ad92568.jpg,0.6232234233396774,0.5816132
B2A,463b8807e5.jpg,0.7854838019906346,0.48982424
B2A,463be5a1a1.jpg,0.6863372604973805,0.600676
B2A,464d4dd705.jpg,0.7303620121957936,0.22406961
B2A,4663bb2924.jpg,0.6896436736060717,0.41677284
B2A,466585f6df.jpg,0.6848437021608145,0.5018545
B2A,467657f396.jpg,0.8322508141066843,0.302173
B2A,467873c9df.jpg,0.808279531887281,0.29122642
B2A,468048412c.jpg,0.8767154569984904,0.29372814
B2A,4682dbbee5.jpg,0.8528933007749052,0.29828325
B2A,4690fd5a96.jpg,0.9260974402095082,0.18305953
B2A,4691625ad2.jpg,0.5474557747733932,0.53406584
B2A,46950ae4ea.jpg,0.8613579293527079,0.25320703
B2A,4695ac2040.jpg,0.8263343945117007,0.5186576
B2A,4698056301.jpg,0.9318082405442187,0.18405965
B2A,469836dad8.jpg,0.7391399296863869,0.37204415
B2A,469d7ad9cc.jpg,0.8370766759166005,0.22851734
B2A,46c95eebbe.jpg,0.8105259708926823,0.3612236
B2A,46cadbe0a9.jpg,0.7994484658979677,0.20611496
B2A,46db1d7f60.jpg,0.661736370476382,0.42518517
B2A,46e47f7efe.jpg,0.8898134268287016,0.32034174
B2A,46e71a4094.jpg,0.896758245987632,0.174325
B2A,46e84039a1.jpg,0.7920077256546657,0.3737554
B2A,46f391abec.jpg,0.6998411109807776,0.4784212
B2A,46f5ef1042.jpg,0.5457438365026605,0.59412074
B2A,4706619607.jpg,0.844011315788428,0.3610848
B2A,4707b03a08.jpg,0.7436165017640184,0.35463905
B2A,47100a9939.jpg,0.7330703114992532,0.3853221
B2A,471f4755b9.jpg,0.8330025148464928,0.3865401
B2A,472b351bc4.jpg,0.8365939327861487,0.29746956
B2A,472d5ac100.jpg,0.805285793202077,0.39212626
B2A,4758e5dd4c.jpg,0.8560253656935168,0.15928797
B2A,4762bb79ef.jpg,0.8368592892944318,0.2761729
B2A,4778b13518.jpg,0.8967212076245459,0.3355971
B2A,4787b82d37.jpg,0.8714620261347403,0.23388395
B2A,478e07feaa.jpg,0.6440069635115333,0.4364965
B2A,478eb12a82.jpg,0.9357671066552633,0.2943579
B2A,479698b371.jpg,0.6345693628129168,0.3632301
B2A,4796d67f61.jpg,0.6945584986917402,0.62174237
B2A,47aad493bd.jpg,0.8845827402321682,0.2103981
B2A,47ae0edd23.jpg,0.7145866631165749,0.4650711
B2A,47b94957ff.jpg,0.7898325790363621,0.3062721
B2A,47bb43fe3e.jpg,0.7335524317671309,0.45507687
B2A,47bb59d449.jpg,0.8171444859202103,0.31080225
B2A,47d391d94b.jpg,0.7705551811536945,0.5241885
B2A,47df262cc5.jpg,0.9383817058028865,0.31409782
B2A,47eea5bf33.jpg,0.6112220879617062,0.53813314
B2A,47f3b40cbc.jpg,0.8580627863360653,0.51161927
B2A,48122c9518.jpg,0.8348218935902484,0.28416628
B2A,481456b5a6.jpg,0.7904779667474058,0.3423067
B2A,481713d59d.jpg,0.8464256929918961,0.36017743
B2A,481bd32b6c.jpg,0.6759703872719707,0.5237042
B2A,482bf5a0d2.jpg,0.8740443107857301,0.32842854
B2A,482fd44fce.jpg,0.8618534052136926,0.15503903
B2A,4831466e23.jpg,0.8830620583544446,0.26760042
B2A,48502862cf.jpg,0.7665358427530867,0.5050315
B2A,485517e0c7.jpg,0.8283837813456257,0.32018295
B2A,48598ead29.jpg,0.851716413367308,0.37744868
B2A,4862d17fa4.jpg,0.9065642918358242,0.3882721
B2A,486a62a430.jpg,0.9117543495247828,0.25377244
B2A,486cafaa7f.jpg,0.7305927165124511,0.29772252
B2A,48735c69aa.jpg,0.8860632693016948,0.23690753
B2A,48793755cd.jpg,0.8491688184042958,0.30896348
B2A,4879579e02.jpg,0.6931918021608947,0.62616456
B2A,488a6cef0c.jpg,0.8983072617023459,0.27423602
B2A,489c841af4.jpg,0.6805771451966462,0.6002891
B2A,48a85bc072.jpg,0.8147378996523776,0.37640843
B2A,48ac1011db.jpg,0.703161512468052,0.7183289
B2A,48b6156f89.jpg,0.7587537986561796,0.35714316
B2A,48c641285b.jpg,0.8764279290714042,0.43197292
B2A,48e1a89d96.jpg,0.8365041690360939,0.34068602
B2A,48eac3916f.jpg,0.796678606188128,0.40564427
B2A,48eb5fa7bd.jpg,0.7616690668602939,0.22088176
B2A,48f120810d.jpg,0.8649697971992844,0.5204282
B2A,49095bdeb5.jpg,0.8421643739678575,0.3276986
B2A,491b2ba38c.jpg,0.9003773184825233,0.20304519
B2A,49205c171d.jpg,0.7635312016635797,0.3163978
B2A,4943c84af0.jpg,0.9192501810714422,0.28200653
B2A,494db50238.jpg,0.5062784068141386,0.6351227
B2A,4950bcf8c1.jpg,0.9288438435540542,0.2942201
B2A,496757508b.jpg,0.8439478527974438,0.35238472
B2A,499b445583.jpg,0.8664792469312845,0.26911527
B2A,499bc1a152.jpg,0.9092500154409275,0.33562195
B2A,499c1bd3b8.jpg,0.664169736760677,0.37537962
B2A,49a9692a0e.jpg,0.8985275032667448,0.15768917
B2A,49b093a9f3.jpg,0.7104814916221988,0.5290353
B2A,49b3383147.jpg,0.7317221919571328,0.28709704
B2A,49b8c4ea37.jpg,0.8250981422432728,0.27524945
B2A,49c2b1cdef.jpg,0.9300772577720825,0.19343764
B2A,49c538fce7.jpg,0.8335794690884925,0.4323963
B2A,49d2c9fc14.jpg,0.7570575763895935,0.2578346
B2A,49dc3fd195.jpg,0.5780009416359719,0.4723183
B2A,49e4129024.jpg,0.7583186681479152,0.4676445
B2A,49ee914a63.jpg,0.8127083733725855,0.33541253
B2A,4a06596662.jpg,0.7162325581042336,0.4006568
B2A,4a12f1780a.jpg,0.8209025538070064,0.36163557
B2A,4a16981927.jpg,0.8979519029289863,0.24461417
B2A,4a195405a0.jpg,0.7982526111942315,0.3518405
B2A,4a1bb1d46c.jpg,0.788715530621218,0.3168826
B2A,4a20622bde.jpg,0.7730858998407263,0.29934996
B2A,4a29db3c6b.jpg,0.7337821480458399,0.6090908
B2A,4a2c4db283.jpg,0.7629518325803947,0.44470024
B2A,4a55695a4d.jpg,0.5560823190705682,0.62796855
B2A,4a5ab8f970.jpg,0.8597748825282778,0.24785675
B2A,4a669c897c.jpg,0.6715871831864673,0.61811066
B2A,4a7cec06e7.jpg,0.8630395690201693,0.2937334
B2A,4a8a49028d.jpg,0.7883291753421907,0.26523176
B2A,4a916ceb98.jpg,0.857975833608691,0.23141398
B2A,4a9d34fa51.jpg,0.8327448167327709,0.3243718
B2A,4a9e982b39.jpg,0.8402555892842948,0.4606938
B2A,4aaf628a71.jpg,0.7280849028642726,0.5451401
B2A,4ab9478ef9.jpg,0.6957477431144456,0.5027377
B2A,4abaac9654.jpg,0.8881404270682072,0.26039818
B2A,4abd5654a3.jpg,0.8372430526794621,0.30860218
B2A,4abda75494.jpg,0.8146168119527755,0.31425172
B2A,4ac7c7bf44.jpg,0.9024908019207214,0.4049529
B2A,4ac8581018.jpg,0.7603097696650504,0.37804657
B2A,4ad0ccff25.jpg,0.7931562754766197,0.3570699
B2A,4adc8b7be7.jpg,0.7707736370868598,0.30890146
B2A,4ae0414bb9.jpg,0.895554100366907,0.16145809
B2A,4ae09366f5.jpg,0.7460411480619927,0.6253395
B2A,4ae0b6efb2.jpg,0.8501675774917835,0.30602473
B2A,4ae5e1fb1d.jpg,0.8852794088728051,0.29148278
B2A,4b0025406f.jpg,0.7556110982073004,0.40666667
B2A,4b09444fe2.jpg,0.9069429235243341,0.31476945
B2A,4b0c0d7145.jpg,0.912799000961651,0.27003488
B2A,4b0db938a7.jpg,0.891419345674127,0.32153493
B2A,4b0f73833c.jpg,0.8466577411850228,0.2868741
B2A,4b14030c98.jpg,0.6734890135093092,0.50184226
B2A,4b2555ba9c.jpg,0.6980617688717488,0.43926424
B2A,4b29d9c42c.jpg,0.8707266001217392,0.26470014
B2A,4b2d102def.jpg,0.7725811000726366,0.39803186
B2A,4b3835e8ba.jpg,0.7348396372189169,0.363837
B2A,4b3ccac37c.jpg,0.8328236824140455,0.44444945
B2A,4b47e76275.jpg,0.7729580769595346,0.48551774
B2A,4b497dc591.jpg,0.9103059810013516,0.22994906
B2A,4b59dd4ebc.jpg,0.8947251701355381,0.34597254
B2A,4b5a46b50f.jpg,0.8886658491736047,0.2586043
B2A,4b5b64dc18.jpg,0.9281505143977613,0.3062076
B2A,4b689e9b37.jpg,0.8416284210513039,0.42148486
B2A,4b7878976b.jpg,0.9031986697909378,0.26838565
B2A,4b7902dfa6.jpg,0.8142468369931986,0.30285713
B2A,4b7fc92bdc.jpg,0.901652344408147,0.3089323
B2A,4b91cd8fce.jpg,0.7866368775822592,0.38372186
B2A,4b9eb29c59.jpg,0.8399796284821492,0.3650546
B2A,4bab53c613.jpg,0.7618187611868489,0.3704482
B2A,4bad1549a1.jpg,0.5662519825658866,0.4324813
B2A,4bbe0cbb3c.jpg,0.669446076117226,0.5002087
B2A,4bd43d88d4.jpg,0.8237288888837363,0.4878232
B2A,4bd8ec5dd3.jpg,0.7167802577221333,0.7367374
B2A,4bdb933264.jpg,0.8152073891534128,0.42286164
B2A,4bdbdcc1e5.jpg,0.8813840827220997,0.38493696
B2A,4bdd197102.jpg,0.8382955038354755,0.51591045
B2A,4be248f682.jpg,0.8955177380977701,0.26812336
B2A,4bedb30dce.jpg,0.8415964872321506,0.4771515
B2A,4bef7510cb.jpg,0.8829064163242554,0.6246034
B2A,4bf1292d69.jpg,0.9124514435902242,0.36474088
B2A,4bfa3043e7.jpg,0.8485862383922964,0.20408045
B2A,4bfc3fbd84.jpg,0.8965767941773252,0.17689481
B2A,4bfed75eb2.jpg,0.8351077705216012,0.4221505
B2A,4c07909a8d.jpg,0.9362400814516054,0.20630246
B2A,4c1165be97.jpg,0.822213305206436,0.23059967
B2A,4c16835970.jpg,0.8705260833989341,0.44319236
B2A,4c1907f1a0.jpg,0.881788825721164,0.32355523
B2A,4c1b160563.jpg,0.8963991898030105,0.23077804
B2A,4c2d3216aa.jpg,0.853449352668184,0.27063978
B2A,4c30ff85a7.jpg,0.821730404468338,0.28717798
B2A,4c4574cfa8.jpg,0.7868647232685799,0.4076528
B2A,4c507b65b0.jpg,0.75300653032977,0.4260671
B2A,4c6550cff5.jpg,0.8810073929923145,0.22997443
B2A,4c712561ab.jpg,0.9101193128107922,0.25265214
B2A,4c72792844.jpg,0.8525503727051756,0.42885867
B2A,4c75385f85.jpg,0.8169362567589907,0.42806867
B2A,4c7692cb0c.jpg,0.7407004219448245,0.50566155
B2A,4c7b54e38c.jpg,0.7511101860736777,0.45571062
B2A,4c8a000abb.jpg,0.9271205523380136,0.27764797
B2A,4c8bf22d16.jpg,0.8630353467624271,0.33571053
B2A,4c9669b6b8.jpg,0.7313701070378957,0.37791044
B2A,4ca019a3d6.jpg,0.6856338892201201,0.5500644
B2A,4ca57d26c0.jpg,0.6219508941796168,0.36093763
B2A,4ca6e5451a.jpg,0.7769823675033113,0.39936376
B2A,4cac88b518.jpg,0.8483415406454522,0.32816586
B2A,4cb25fbf3d.jpg,0.717955875392899,0.47122353
B2A,4cb7c5e33d.jpg,0.7753218849008406,0.57038814
B2A,4cc42ebe97.jpg,0.7813935561264929,0.39151224
B2A,4ccc4a21e3.jpg,0.8950107878357996,0.1983797
B2A,4cd07a4561.jpg,0.858391042387728,0.35776109
B2A,4cdd74b1c7.jpg,0.9364223529803998,0.37778637
B2A,4cf9aac018.jpg,0.7772014883174772,0.29036844
B2A,4cfdd2e627.jpg,0.83970800543974,0.28712857
B2A,4d08cb65c3.jpg,0.6080560342849554,0.49845403
B2A,4d0a217b38.jpg,0.7015178749955459,0.3622834
B2A,4d0a274acb.jpg,0.794096008528475,0.30578506
B2A,4d0eb41723.jpg,0.86509699792778,0.3532632
B2A,4d1755ab04.jpg,0.7246277926765777,0.3520481
B2A,4d1c0b488e.jpg,0.8419027708272191,0.17763002
B2A,4d1c4d142e.jpg,0.8174081602830902,0.27031383
B2A,4d1d5efd4f.jpg,0.8864943135859178,0.10889528
B2A,4d3a7e5326.jpg,0.8634610650910785,0.6228337
B2A,4d42605a8b.jpg,0.835866175659782,0.27281564
B2A,4d4b6bcac4.jpg,0.8051313180427677,0.250695
B2A,4d4f0faddf.jpg,0.7771179367568466,0.491519
B2A,4d4f388e91.jpg,0.8981337546198496,0.25954422
B2A,4d4f6174f1.jpg,0.836553106147906,0.35956258
B2A,4d62a64806.jpg,0.8909748202053925,0.22992045
B2A,4d7188ff9e.jpg,0.876922738036871,0.25506955
B2A,4d7517df48.jpg,0.8003542006497817,0.67481166
B2A,4d77636dea.jpg,0.8062132971310533,0.22838745
B2A,4d7de87ec6.jpg,0.8712892393417109,0.23991013
B2A,4d7fefe879.jpg,0.8427554571905999,0.26936686
B2A,4d83b23265.jpg,0.8274996727650963,0.52942765
B2A,4d90220636.jpg,0.8316334284956991,0.3379271
B2A,4d91831344.jpg,0.6304466173507166,0.53828436
B2A,4dc37726d9.jpg,0.9447286621699583,0.2706743
B2A,4dc92c4b4a.jpg,0.918074315854861,0.21911728
B2A,4dd30f189a.jpg,0.7351856436062035,0.43559968
B2A,4df98eeceb.jpg,0.7665749983287784,0.38276127
B2A,4e093e9511.jpg,0.9015439624333861,0.444103
B2A,4e0951fde1.jpg,0.788260382184607,0.49150783
B2A,4e16ff77ac.jpg,0.7833382906340821,0.39995646
B2A,4e21145eb2.jpg,0.7506850746056719,0.27244905
B2A,4e2dba148d.jpg,0.831155571674963,0.3501511
B2A,4e3006bd6b.jpg,0.7452379605392823,0.39154625
B2A,4e341f8891.jpg,0.773152444956586,0.42281306
B2A,4e43b597e2.jpg,0.8033093002395665,0.3392875
B2A,4e4f75c4cc.jpg,0.8706030132994274,0.2915814
B2A,4e53db7c72.jpg,0.7301032939485217,0.49682015
B2A,4e5451ed74.jpg,0.6957212727584352,0.55194336
B2A,4e5b4fb2ab.jpg,0.9218488828291023,0.21387725
B2A,4e6e7f30da.jpg,0.7323080885383799,0.3421135
B2A,4e868f2a58.jpg,0.9203263570228357,0.22709519
B2A,4e880786c4.jpg,0.7099357591462498,0.35354865
B2A,4e8b01ac67.jpg,0.8094371636662437,0.2336865
B2A,4e8bd98343.jpg,0.8921955438204792,0.22456235
B2A,4e956f2cfb.jpg,0.7637356212488725,0.3614372
B2A,4ea19d4d05.jpg,0.8946844983851511,0.5163553
B2A,4eaa045ce6.jpg,0.8881246482966028,0.22151092
B2A,4eb3c1b0a7.jpg,0.7577303358908466,0.4325418
B2A,4ebb3df6e1.jpg,0.6733078987153274,0.43154308
B2A,4ec313a8cd.jpg,0.5762575293720386,0.4963289
B2A,4edd4fe6fa.jpg,0.7038774621238778,0.43663776
B2A,4ee02ffd2c.jpg,0.7500720968868113,0.2868203
B2A,4ef10f3299.jpg,0.9061458410944095,0.39076525
B2A,4f1249d8dc.jpg,0.6226921113380071,0.45056772
B2A,4f16e0bc95.jpg,0.6210168213111502,0.4231236
B2A,4f1fc68a47.jpg,0.8527316715111432,0.46084327
B2A,4f297a711e.jpg,0.6571558669834772,0.5448386
B2A,4f36d845b0.jpg,0.772736665288395,0.42241684
B2A,4f38f2b8f5.jpg,0.7900468837062975,0.41959634
B2A,4f397d38d7.jpg,0.8000501544514801,0.47806972
B2A,4f5245105c.jpg,0.8260643132412682,0.33985722
B2A,4f5d5e7da3.jpg,0.7970899969850815,0.3882235
B2A,4f5e363609.jpg,0.7310955660813554,0.36400884
B2A,4f6353e80e.jpg,0.5683716664718824,0.4968096
B2A,4f64339fea.jpg,0.8789727844469646,0.40714085
B2A,4f697daf2d.jpg,0.7264695714782846,0.27240846
B2A,4f79b373f4.jpg,0.7920298229994893,0.2435607
B2A,4f83d232c2.jpg,0.8967355756807068,0.5847719
B2A,4f86f80479.jpg,0.6655058425050027,0.57926136
B2A,4f882d4400.jpg,0.8115737063044289,0.4157132
B2A,4f99708506.jpg,0.8839471500887718,0.35687983
B2A,4f9aa92ca3.jpg,0.6841140625903026,0.41827428
B2A,4fb5c1ac0a.jpg,0.9085268614298391,0.1563098
B2A,4fb6bcd5e8.jpg,0.6175691666248526,0.4748073
B2A,4fc41e388a.jpg,0.7603753767362653,0.50403965
B2A,4fc90f8de5.jpg,0.8262013855590629,0.24589221
B2A,4fc9c537a7.jpg,0.6751519372502798,0.6482152
B2A,4fd1d8afbf.jpg,0.6540754348943881,0.39853314
B2A,4fdaff583d.jpg,0.8441413498768839,0.32347628
B2A,4fe122209b.jpg,0.7736235253034764,0.45453098
B2A,4fe72a654e.jpg,0.878712867400589,0.31149065
B2A,4ff4d77c99.jpg,0.8585354277739049,0.22449474
B2A,500d59cf86.jpg,0.6267401355383615,0.501405
B2A,50115558cd.jpg,0.8282959317293042,0.4911222
B2A,501719248c.jpg,0.7462392544871268,0.3531918
B2A,5019a8ffcf.jpg,0.7078208622258879,0.43287534
B2A,5019d1eac7.jpg,0.8276300385569735,0.35305429
B2A,503c9badbb.jpg,0.8917798582201377,0.31680182
B2A,5048bb66c8.jpg,0.7775935131564384,0.3274668
B2A,504cec61a2.jpg,0.8905446828385959,0.17919642
B2A,504db35d13.jpg,0.7315961636927384,0.40928972
B2A,5050bd632b.jpg,0.8605701232343818,0.3258779
B2A,505850ed9f.jpg,0.7751878416043132,0.3892287
B2A,5065b423b0.jpg,0.8241439684355026,0.1988556
B2A,506fdcb3c1.jpg,0.8527689634146556,0.29332227
B2A,5074e8a51e.jpg,0.8672164111696705,0.26222736
B2A,50779f1ae6.jpg,0.8772945107267279,0.3294965
B2A,508f9ce48d.jpg,0.748640395310755,0.43270034
B2A,50a42e1240.jpg,0.7973662697064786,0.27818772
B2A,50a5168133.jpg,0.8724705722865496,0.27546182
B2A,50b6593431.jpg,0.9138986571319156,0.29672036
B2A,50b8e79da2.jpg,0.8821239293637119,0.16741027
B2A,50c3f4beec.jpg,0.8987973196541889,0.33827132
B2A,50d9c1aa47.jpg,0.7217678196870595,0.31540823
B2A,50e2f57e76.jpg,0.5338973063926057,0.60440505
B2A,50e85855f5.jpg,0.854352947785999,0.33457464
B2A,50e9fc6fdd.jpg,0.6628492970866221,0.51467764
B2A,50eb328bb2.jpg,0.7860032230389843,0.30743438
B2A,50f52bf9a4.jpg,0.8638151310656188,0.24621573
B2A,50f598c729.jpg,0.8876535986686134,0.21374854
B2A,50f7a05ee7.jpg,0.872650485992116,0.32162055
B2A,51068cd053.jpg,0.8880085532700793,0.24454355
B2A,5116db8d92.jpg,0.7973905170992031,0.31376398
B2A,5117ec7f6b.jpg,0.8015340370972802,0.20665121
B2A,51279a61da.jpg,0.8973399469269898,0.3188552
B2A,5135f3ba21.jpg,0.8613168521231158,0.33971873
B2A,513cb0638a.jpg,0.8559485325709658,0.2744211
B2A,5140b80748.jpg,0.8739441477115926,0.3177575
B2A,514db4068a.jpg,0.860207500001133,0.2534566
B2A,5155be81bf.jpg,0.8927030079181376,0.36668807
B2A,51563bc8ab.jpg,0.7437769425789682,0.29389548
B2A,516670d194.jpg,0.868415370958011,0.42208463
B2A,51736e3772.jpg,0.8211174334118777,0.19623081
B2A,517eba9d0a.jpg,0.874573407349788,0.2881989
B2A,51867bc005.jpg,0.7705722142916794,0.37571087
B2A,5194f65634.jpg,0.8373737019702359,0.3143538
B2A,519d3674c2.jpg,0.7589294956481504,0.2757113
B2A,519fc7c17a.jpg,0.8849019071124783,0.35449755
B2A,51aa9c9a20.jpg,0.8802255658083505,0.288858
B2A,51dc50880b.jpg,0.9323918943074495,0.22041425
B2A,51e7037c03.jpg,0.5702977762201611,0.5542861
B2A,51ede123f3.jpg,0.8932466869737217,0.39818153
B2A,51ffb613ce.jpg,0.7646405381885898,0.38175997
B2A,52087dc0d6.jpg,0.7141500340802377,0.36907974
B2A,522a6dcbec.jpg,0.8248632085540576,0.4599708
B2A,523cbdab7d.jpg,0.9290539344901357,0.4717929
B2A,524223dfd9.jpg,0.7289152313149918,0.429599
B2A,524af04df1.jpg,0.6893553138148265,0.51762927
B2A,524d00561a.jpg,0.8975037091581919,0.22927788
B2A,524fdda784.jpg,0.8459983311147924,0.4746696
B2A,52592fe2c6.jpg,0.873577737987965,0.26858315
B2A,525952c058.jpg,0.8899580328539491,0.40036827
B2A,525f580c06.jpg,0.8772349796756524,0.30839846
B2A,5262b01633.jpg,0.8882081138148765,0.4499117
B2A,526b153062.jpg,0.6634984655547613,0.473953
B2A,526dc07146.jpg,0.8701925756878377,0.29009056
B2A,527dd222d6.jpg,0.6852455113010487,0.32816336
B2A,527ddb23d4.jpg,0.8712272380207874,0.24269758
B2A,528058909d.jpg,0.8462473880795675,0.19175367
B2A,5280e2e8de.jpg,0.7197678097415013,0.44262615
B2A,5286eb8945.jpg,0.7842976981898563,0.22007865
B2A,529fa39eb2.jpg,0.8194582233752016,0.34759563
B2A,52a2a7132e.jpg,0.7647534743826352,0.46971565
B2A,52ae3cd25d.jpg,0.8422132279414448,0.22956663
B2A,52b870f300.jpg,0.7946684239445281,0.5389776
B2A,52bb31919e.jpg,0.6395779398073747,0.5147761
B2A,52bd17daa7.jpg,0.8173096739957658,0.34356955
B2A,52bee900da.jpg,0.6650359256909297,0.607802
B2A,52cda09a5f.jpg,0.7695937731121071,0.3771265
B2A,52d8dbe113.jpg,0.6752427237474911,0.37032625
B2A,52e91ba9cf.jpg,0.6487028773917914,0.27015063
B2A,52f30bd94c.jpg,0.8926751647453697,0.23798797
B2A,52f641c328.jpg,0.783604894799711,0.2848029
B2A,52f7801904.jpg,0.8289541654026373,0.4123386
B2A,5305c4063a.jpg,0.8167624313992752,0.2494842
B2A,5319435b3f.jpg,0.8655203698488185,0.34322017
B2A,53194986bc.jpg,0.6292180349891261,0.5238174
B2A,53289e47ec.jpg,0.6985273014464523,0.41918755
B2A,532d743269.jpg,0.7276083050384691,0.34262457
B2A,532f9d0621.jpg,0.777570002676434,0.2910492
B2A,5338413448.jpg,0.7974807092397361,0.2829717
B2A,5338bd03be.jpg,0.7697679241946002,0.43999553
B2A,533be4e6eb.jpg,0.8262196115585121,0.27641585
B2A,5342ec67da.jpg,0.8615902367014471,0.32156718
B2A,534703a792.jpg,0.8694944290107895,0.20170818
B2A,53516d9b04.jpg,0.8415244468884346,0.32223976
B2A,53679e6985.jpg,0.6631726388797273,0.5882907
B2A,536c125b6f.jpg,0.5682183887923185,0.5013335
B2A,536c7edb2a.jpg,0.8011001795010759,0.3446547
B2A,537b155f3d.jpg,0.8077938769314724,0.5451502
B2A,537f558973.jpg,0.8379925004790033,0.31214625
B2A,53866d4a68.jpg,0.7989040839100823,0.2525272
B2A,5389fb4007.jpg,0.7187799985675647,0.6503277
B2A,53902a4799.jpg,0.9109422467284922,0.25085858
B2A,5395902bc7.jpg,0.8596496337727347,0.17584343
B2A,53988b72f6.jpg,0.8065336349739034,0.30928457
B2A,53989c56ff.jpg,0.7258111513565892,0.50023997
B2A,53998f50b2.jpg,0.7586916750306598,0.42523444
B2A,539e2ee021.jpg,0.7503782524942889,0.4636231
B2A,53b01e2132.jpg,0.6772334226403978,0.4597224
B2A,53b27f0c81.jpg,0.8465597375154693,0.43779013
B2A,53b835550d.jpg,0.6736567061998835,0.47018072
B2A,53bce35f0b.jpg,0.6982086480874293,0.4733667
B2A,53c245a6f3.jpg,0.8676370325469532,0.34080762
B2A,53d0160b46.jpg,0.686658609050296,0.49712333
B2A,53d62fccce.jpg,0.9344648697118217,0.22420043
B2A,53e5b6b1b3.jpg,0.7639142510350694,0.24497661
B2A,53e766ae2b.jpg,0.8819966221943145,0.15360454
B2A,53ea60da05.jpg,0.9132183302189886,0.2436644
B2A,540649ac8c.jpg,0.8456956709300302,0.26392728
B2A,5407972e58.jpg,0.8774393752385956,0.24554777
B2A,5418378939.jpg,0.6550070769020929,0.38862333
B2A,54199dc11f.jpg,0.8301780409389505,0.16994649
B2A,5420c594aa.jpg,0.8280193166139491,0.50663733
B2A,5429ab574f.jpg,0.7926029262216286,0.23905405
B2A,5432eef613.jpg,0.8704295632099119,0.39386466
B2A,5435fdfdc4.jpg,0.8864049970252181,0.24651644
B2A,54381f3114.jpg,0.8728135237227875,0.27614176
B2A,543ea28da6.jpg,0.7276433861025118,0.48019624
B2A,5447d2bd8d.jpg,0.8910038413120837,0.2922554
B2A,54510d8755.jpg,0.6877988294088253,0.47965494
B2A,5451321dd0.jpg,0.8145230560987068,0.3993335
B2A,5452e17b68.jpg,0.8319947086788202,0.3239253
B2A,54538aea8b.jpg,0.8237762816378122,0.26917696
B2A,54557ef4cf.jpg,0.5944708865378355,0.46670514
B2A,54796e9027.jpg,0.870488303089326,0.24865058
B2A,547ae945cb.jpg,0.8126985570983039,0.24729005
B2A,547c5615d1.jpg,0.735957213480746,0.36148527
B2A,5484662dfb.jpg,0.8505611206903984,0.38333258
B2A,54b556920a.jpg,0.7306317579129314,0.36974975
B2A,54b6416b3a.jpg,0.7049004747180118,0.43952608
B2A,54b6bbf683.jpg,0.9030095700715355,0.28446764
B2A,54b8be5c1e.jpg,0.8780572617503014,0.23084477
B2A,54bf5ab7fd.jpg,0.8082726011680121,0.5245293
B2A,54d2feb575.jpg,0.873616936711063,0.23313004
B2A,54e9e67501.jpg,0.841412394814775,0.21955901
B2A,54f65afd1c.jpg,0.7107152902145276,0.6166907
B2A,55004786ef.jpg,0.6853945803562848,0.40239584
B2A,550956b456.jpg,0.9164488027486066,0.545239
B2A,550b90e008.jpg,0.7742710122151496,0.2550085
B2A,55129db8f9.jpg,0.8962323092519953,0.17447098
B2A,5515a27184.jpg,0.8965553770233312,0.38173413
B2A,5519a2e240.jpg,0.7488461401905447,0.38930067
B2A,551afc0ef0.jpg,0.7320705804735745,0.29569015
B2A,55288a650b.jpg,0.8055011199019388,0.25796515
B2A,552aad92e5.jpg,0.8635835393512156,0.22118624
B2A,552b38a9bc.jpg,0.8178748740729163,0.24886951
B2A,55364f51f9.jpg,0.8933759393937485,0.2878653
B2A,5541538198.jpg,0.7732347104643802,0.23998311
B2A,5565d2e475.jpg,0.75869216687928,0.35168472
B2A,5587066bdc.jpg,0.8451035729860397,0.3620796
B2A,558e78d813.jpg,0.882343630236926,0.35574645
B2A,559359bcca.jpg,0.8937525343713035,0.22633287
B2A,55a74b7296.jpg,0.841374550905524,0.21502465
B2A,55a8a07dde.jpg,0.9264063387579682,0.3776207
B2A,55a9c23538.jpg,0.7241330926690224,0.41519916
B2A,55ac4415ef.jpg,0.7245227829164365,0.2616654
B2A,55b015b4df.jpg,0.8395597391630031,0.20091535
B2A,55d0d2d4a1.jpg,0.5669467131536499,0.4645891
B2A,55e5a039c3.jpg,0.8939501344820714,0.3779878
B2A,5602c749d0.jpg,0.7842580164040717,0.35435563
B2A,5604c7533d.jpg,0.923400343397504,0.69419503
B2A,5604ea3384.jpg,0.7609365800785305,0.38709638
B2A,5608b7a226.jpg,0.9383698383596379,0.16043979
B2A,5619b15af5.jpg,0.7587391736490091,0.3281247
B2A,561c1f7cde.jpg,0.7522736728582115,0.3121369
B2A,561d9722a4.jpg,0.7758544693164291,0.37478638
B2A,561e61d7f1.jpg,0.8497804597054859,0.34003282
B2A,561ec9ffaf.jpg,0.9002902299532636,0.30652952
B2A,5622447728.jpg,0.715137185214202,0.42399144
B2A,56270960dc.jpg,0.9434650169442256,0.25254294
B2A,563012ee88.jpg,0.9012515015106304,0.42003456
B2A,56539880a8.jpg,0.8341053210618731,0.18454263
B2A,5654801d96.jpg,0.8993564615930192,0.17340393
B2A,565702bc95.jpg,0.9124437109414727,0.28646868
B2A,5681f45127.jpg,0.7459418892974881,0.4274298
B2A,56849b394d.jpg,0.7126885503188702,0.48800206
B2A,56884e5824.jpg,0.7329698392450091,0.42190367
B2A,568885cc54.jpg,0.6619731989245282,0.6223304
B2A,56894c4948.jpg,0.7632721095321906,0.32350487
B2A,568d52aa05.jpg,0.7775885108808065,0.1732001
B2A,568d92c4a7.jpg,0.8795277959798368,0.19929597
B2A,5694abf7fa.jpg,0.6709385181444717,0.61394686
B2A,569ed795ec.jpg,0.737606659468406,0.38523927
B2A,56ac108ce7.jpg,0.6553114893771367,0.3417794
B2A,56ac1f673a.jpg,0.8966974779569138,0.2843058
B2A,56ac3dda09.jpg,0.8188065417143302,0.3268345
B2A,56bfd45d42.jpg,0.8186996443188919,0.34877658
B2A,56c6444a6d.jpg,0.8411640473286603,0.48702213
B2A,56c690f4ce.jpg,0.839539826741107,0.32272258
B2A,56cb23c291.jpg,0.8082618991731787,0.3971591
B2A,56d2ce77d3.jpg,0.8448889905712057,0.20887226
B2A,56df48f901.jpg,0.7140659270928402,0.41217938
B2A,56e14fc1c7.jpg,0.6964264006956618,0.40423152
B2A,56e28bc581.jpg,0.8755542154971335,0.28152993
B2A,56e473c0df.jpg,0.7101412022866675,0.44076312
B2A,56e858f7c3.jpg,0.6911039622927998,0.40248695
B2A,5707c424dd.jpg,0.8049773736475149,0.32440576
B2A,571325ea85.jpg,0.6970452821400533,0.32310945
B2A,571a8540a2.jpg,0.6049821651014393,0.38696128
B2A,571c0614e4.jpg,0.9186323859479831,0.172113
B2A,571da2a2b6.jpg,0.8043977369739085,0.38920543
B2A,572d08dd47.jpg,0.7479843584115438,0.38783574
B2A,5734dda15c.jpg,0.8382886082251173,0.31897965
B2A,573e2bc6ac.jpg,0.8668903767511323,0.35471135
B2A,573f3616e6.jpg,0.714098746802373,0.27625448
B2A,57509041fb.jpg,0.8624142082654012,0.33640233
B2A,575796635b.jpg,0.8652801458975928,0.3104895
B2A,5757d9bb28.jpg,0.8061473015772721,0.34191072
B2A,5764c388a6.jpg,0.9290734056493494,0.25449207
B2A,5777167029.jpg,0.6819553968412223,0.5771407
B2A,5784a2edfb.jpg,0.9144652705600126,0.4331094
B2A,57874888f9.jpg,0.8398828863369653,0.3116042
B2A,5794fc49e9.jpg,0.8324887810131018,0.44666064
B2A,57965b2143.jpg,0.633274109661475,0.40154836
B2A,579cd00684.jpg,0.6225929394215789,0.6878793
B2A,579d0d4e7d.jpg,0.8376260406142244,0.31659916
B2A,57a2330579.jpg,0.9279284585341505,0.24771309
B2A,57ba66fb37.jpg,0.768360432091724,0.44010377
B2A,57bd2abf4c.jpg,0.9077774898526797,0.3850904
B2A,57c47a8905.jpg,0.6630404541655905,0.6105669
B2A,57c528a4d5.jpg,0.8078862336171005,0.34757727
B2A,57c906c4cf.jpg,0.829908489231172,0.24396999
B2A,57cf047094.jpg,0.8026829973146066,0.42687273
B2A,57d109e9cf.jpg,0.8540190154361993,0.35818416
B2A,57dccccee3.jpg,0.9054906008429112,0.17671019
B2A,57e0bbe931.jpg,0.8147674423172282,0.38830066
B2A,57e301422d.jpg,0.8763948985093603,0.23963553
B2A,58111663f1.jpg,0.7603852311572122,0.33325455
B2A,581d539ad6.jpg,0.5990374733292955,0.39855647
B2A,5833188a28.jpg,0.9263681831864302,0.23313856
B2A,5834c44d37.jpg,0.8371435463607858,0.4393264
B2A,5847f64d5d.jpg,0.7673398006504539,0.329299
B2A,5852bbcf34.jpg,0.745710366378293,0.5102235
B2A,585a5eb514.jpg,0.8841786409621851,0.2957518
B2A,585aa1f933.jpg,0.9377089936739199,0.14522132
B2A,585efde177.jpg,0.6848924237077578,0.59042215
B2A,585f9cb26d.jpg,0.7839925032974496,0.33648983
B2A,586d359437.jpg,0.7625995942000411,0.49338692
B2A,5879d04028.jpg,0.8026854320628858,0.33633712
B2A,587a865f86.jpg,0.8724271370777498,0.4238605
B2A,587cc7c2fe.jpg,0.728472524670048,0.36729044
B2A,5894a8daaa.jpg,0.8452968499747189,0.3733098
B2A,589b4cbb6e.jpg,0.7354033965800649,0.22775874
B2A,589fdf111c.jpg,0.7403601299222096,0.45650437
B2A,58a038ba43.jpg,0.8632111921000182,0.25812232
B2A,58a4b16894.jpg,0.7577145502694115,0.5258209
B2A,58a776400d.jpg,0.9052862685237204,0.16229454
B2A,58a9467f2f.jpg,0.8211086843755439,0.2263861
B2A,58ae62fe43.jpg,0.5739868676692012,0.65735203
B2A,58bd31f329.jpg,0.6705465958484513,0.4723283
B2A,58c1e36fda.jpg,0.8814549279787447,0.46645433
B2A,58cb8ad323.jpg,0.8045143173384548,0.44385085
B2A,58d3d98397.jpg,0.7798820154671752,0.39123315
B2A,58e34a0489.jpg,0.7871851274955144,0.3914203
B2A,5901773791.jpg,0.8511018561450938,0.2381838
B2A,590530447f.jpg,0.8650575667101517,0.26719135
B2A,5913ac7eed.jpg,0.7681868609483049,0.40324894
B2A,591d527b4e.jpg,0.9059839241616888,0.36101526
B2A,591df1353a.jpg,0.9522134704009118,0.35120076
B2A,59245494b6.jpg,0.8510529194076648,0.2504232
B2A,592bf31bd5.jpg,0.8309185624455967,0.35936132
B2A,592dd67bf2.jpg,0.871488381560775,0.27171594
B2A,59344b7884.jpg,0.8927987641837418,0.26132724
B2A,593d5650ea.jpg,0.9040433996746364,0.1982095
B2A,593fa1789b.jpg,0.6602678476735173,0.4299373
B2A,594257c315.jpg,0.8081612851227152,0.51499695
B2A,5948efa988.jpg,0.6516789371602385,0.50284994
B2A,5966f03832.jpg,0.845383435267265,0.2759239
B2A,5979ddaf40.jpg,0.5784240002791375,0.37213048
B2A,597dc8102b.jpg,0.8741859132076882,0.2561735
B2A,599d5b2041.jpg,0.7680459149115308,0.4310022
B2A,59a4aa8ae0.jpg,0.8440261753110002,0.33274525
B2A,59a5b56086.jpg,0.7685225299427496,0.34396493
B2A,59bf7066cc.jpg,0.6869685301087407,0.4447444
B2A,59c0b11f7a.jpg,0.7334290792121837,0.4022537
B2A,59c73a71e2.jpg,0.7754373517637864,0.43926847
B2A,59d87604af.jpg,0.7922081424313423,0.21694419
B2A,59f40fedcd.jpg,0.6926315580629924,0.3568643
B2A,5a086eb4d4.jpg,0.8195677617124281,0.2153925
B2A,5a0e4d57e3.jpg,0.7359735252292263,0.3843841
B2A,5a114c6f90.jpg,0.7551166288248811,0.32545632
B2A,5a1f5ac407.jpg,0.8281431318405984,0.37106624
B2A,5a234f081a.jpg,0.9044359049131976,0.35621926
B2A,5a294c5685.jpg,0.8992594734289057,0.34218735
B2A,5a29db5e43.jpg,0.9215180557385978,0.31665257
B2A,5a30d613e5.jpg,0.7865964330408125,0.44363114
B2A,5a384bf8d9.jpg,0.7532999885008509,0.38153452
B2A,5a3c04abea.jpg,0.9283643091749533,0.31185386
B2A,5a5b14d79d.jpg,0.8754736760011695,0.2710293
B2A,5a648082a7.jpg,0.9035867503850499,0.26804304
B2A,5a722db12a.jpg,0.8285829538702437,0.38716003
B2A,5a7cd923cb.jpg,0.7871630685955436,0.32534158
B2A,5a7fe873f4.jpg,0.9147347332262207,0.61615616
B2A,5a885d5128.jpg,0.8697529898355756,0.33476323
B2A,5a90fcd546.jpg,0.8001900055929698,0.38319194
B2A,5a921a3ab6.jpg,0.9102797865517473,0.38118103
B2A,5a977985f9.jpg,0.7776438169616298,0.38732645
B2A,5a9f9c1a61.jpg,0.6439633339108843,0.49969298
B2A,5aac6a791e.jpg,0.8806646193404871,0.26707914
B2A,5abbc037e1.jpg,0.8756477677125775,0.2897556
B2A,5ac7e3d633.jpg,0.7939038991953623,0.26588154
B2A,5ad9efc598.jpg,0.854147140764243,0.17097339
B2A,5adb2c3de9.jpg,0.8124383111563932,0.30980054
B2A,5ae669f97f.jpg,0.761219763602969,0.29780373
B2A,5ae67d7741.jpg,0.8480625009182664,0.23532575
B2A,5b1ac7d453.jpg,0.8278686536845964,0.16712466
B2A,5b1c17961a.jpg,0.8531308900192742,0.24420649
B2A,5b1ca92c81.jpg,0.7872799524560555,0.33385128
B2A,5b1ce21999.jpg,0.8668287753569023,0.31150222
B2A,5b25e416af.jpg,0.9161624458269824,0.3168766
B2A,5b28e861e1.jpg,0.6525781783730574,0.4450871
B2A,5b2c1cbcc1.jpg,0.7980892474006535,0.19984964
B2A,5b36970405.jpg,0.9152808745311892,0.26561219
B2A,5b39ba9b27.jpg,0.8032814108004291,0.2417526
B2A,5b3c9ac58f.jpg,0.820104764821974,0.34399602
B2A,5b430536ec.jpg,0.9168334539821394,0.366107
B2A,5b45458ccf.jpg,0.8178345435833273,0.3408543
B2A,5b47729366.jpg,0.9371652347954014,0.321041
B2A,5b54acd95e.jpg,0.8709192811766386,0.37065503
B2A,5b5eae4414.jpg,0.8612053146811619,0.39242268
B2A,5b644de405.jpg,0.7613680283110523,0.4164082
B2A,5b67d44eea.jpg,0.8669781058707507,0.28424355
B2A,5b8f94e9ed.jpg,0.8075837862447723,0.21290709
B2A,5b960d2105.jpg,0.9124379995589499,0.29964375
B2A,5ba1f82d11.jpg,0.8783700115675152,0.30525658
B2A,5baec51613.jpg,0.8437654544382414,0.30184624
B2A,5bb0b7b0fd.jpg,0.9362022707224535,0.2818525
B2A,5bb7d3f1e2.jpg,0.8809582829279077,0.23229596
B2A,5bce397cd6.jpg,0.8794763576202259,0.20796934
B2A,5bdd158279.jpg,0.8702642526888478,0.2467385
B2A,5bddd2139f.jpg,0.7059076107613095,0.49473447
B2A,5bfc51adc2.jpg,0.7700028718141158,0.43279228
B2A,5c0287b212.jpg,0.9229512114002798,0.24610278
B2A,5c03d3796d.jpg,0.623861909310614,0.46641672
B2A,5c04deef4e.jpg,0.6752268984430081,0.26440507
B2A,5c068c34b2.jpg,0.9051866662971154,0.18092407
B2A,5c096f6c6b.jpg,0.7357773223310041,0.39423487
B2A,5c097be130.jpg,0.8909829859935826,0.30782652
B2A,5c2de90d27.jpg,0.8258736739767668,0.29688987
B2A,5c3849313d.jpg,0.9170227762275229,0.15913278
B2A,5c399c47f2.jpg,0.7488445730426166,0.33164465
B2A,5c3afc56ce.jpg,0.9341635603762866,0.1893377
B2A,5c3d598219.jpg,0.8401461277182768,0.37236464
B2A,5c50599656.jpg,0.8187152345610987,0.36607054
B2A,5c556d2c26.jpg,0.9108412402564031,0.3905818
B2A,5c55bd3c02.jpg,0.9033186081723608,0.27786645
B2A,5c574cd9b7.jpg,0.8138930359899673,0.3830281
B2A,5c6144e5be.jpg,0.791975949262872,0.41085216
B2A,5c6c72ff95.jpg,0.785626587856404,0.48206964
B2A,5c8a36d364.jpg,0.7690521668048537,0.4921464
B2A,5c9487be68.jpg,0.7808353146425908,0.23510656
B2A,5c9979287f.jpg,0.8375922642354913,0.25033063
B2A,5c9b9f20eb.jpg,0.8401112929875776,0.318228
B2A,5ca98fc2af.jpg,0.923941594623461,0.21265018
B2A,5cb9dcf772.jpg,0.7627116411200159,0.36133572
B2A,5cc20cb7e7.jpg,0.8897574633484926,0.28165522
B2A,5ce9aaf1e0.jpg,0.7925308474297034,0.38144428
B2A,5cf2ea15af.jpg,0.6223223091528023,0.6134786
B2A,5cff9ca17c.jpg,0.7596803139387084,0.55407166
B2A,5d03870821.jpg,0.794540960094187,0.23502927
B2A,5d10d088ee.jpg,0.799583898246682,0.48214626
B2A,5d1671f99b.jpg,0.655315179151313,0.32516634
B2A,5d1d521c3f.jpg,0.7904786367217452,0.25755858
B2A,5d23c3c935.jpg,0.8795720786859318,0.3477385
B2A,5d3ce96256.jpg,0.8782447541039948,0.39910185
B2A,5d4377db4a.jpg,0.8372711183997765,0.24766377
B2A,5d53f82763.jpg,0.899570172536879,0.22307089
B2A,5d5d5c6cec.jpg,0.7244332630337573,0.41741258
B2A,5d77349c0e.jpg,0.804919407475633,0.28032538
B2A,5d7b441aa9.jpg,0.6369344766406256,0.57099324
B2A,5d875c63ab.jpg,0.9118281402715648,0.20632106
B2A,5d87fdb2c6.jpg,0.8936852207234841,0.40547386
B2A,5d8939501e.jpg,0.7955522007931708,0.2509069
B2A,5d90dbd1ca.jpg,0.7860844774814019,0.36148936
B2A,5da725f8d7.jpg,0.8239590216661502,0.37377387
B2A,5da88da947.jpg,0.6666012130794449,0.57362527
B2A,5dcdf86cfb.jpg,0.9315597355224614,0.19932848
B2A,5dcfd3a36f.jpg,0.7712509975029277,0.37905708
B2A,5ddb1eae61.jpg,0.8912738505941037,0.30477467
B2A,5de7aa1645.jpg,0.661174104657571,0.40813652
B2A,5ded03d0f9.jpg,0.7592932370732355,0.3467558
B2A,5e0062d8c4.jpg,0.7870779269035247,0.22112152
B2A,5e0082e751.jpg,0.864412669316529,0.4072243
B2A,5e05579bfb.jpg,0.7922068390709697,0.41728783
B2A,5e0b43957f.jpg,0.8490423365829104,0.47472876
B2A,5e187eb93f.jpg,0.8382797507470398,0.26880825
B2A,5e23eef10f.jpg,0.675619464935376,0.39436626
B2A,5e49c27b03.jpg,0.8363098768678083,0.46480134
B2A,5e4de25a9c.jpg,0.8876408440067458,0.18025193
B2A,5e5c74bded.jpg,0.7669157599164976,0.31866556
B2A,5e62cdccf1.jpg,0.8999608748958636,0.18429449
B2A,5e64b64de8.jpg,0.8056166746082156,0.34684235
B2A,5e80458f0d.jpg,0.7237073010947558,0.35773462
B2A,5e8a5f5d3b.jpg,0.7154933991936322,0.339583
B2A,5e8afd118f.jpg,0.7942413469995876,0.299497
B2A,5e9b6ee1a4.jpg,0.7353259987620975,0.5032702
B2A,5e9d609ee7.jpg,0.7679499988055442,0.40409315
B2A,5e9f0eec0c.jpg,0.8733406735003418,0.29559088
B2A,5ea13d56aa.jpg,0.8145621995690481,0.28368202
B2A,5eaccc99bf.jpg,0.8858962135240627,0.205295
B2A,5eb792b2be.jpg,0.8801224734708024,0.25072142
B2A,5ed2785909.jpg,0.8029692754999537,0.3283093
B2A,5ed86a6d0b.jpg,0.948360642303007,0.19104795
B2A,5edefd0d0f.jpg,0.8113879292640037,0.25310686
B2A,5ee0ea499b.jpg,0.9152010326166004,0.244407
B2A,5ee88f0c5f.jpg,0.8475993449810811,0.3342864
B2A,5ee96ba98d.jpg,0.8476381016300747,0.43619925
B2A,5ef70f37ea.jpg,0.7878021620620534,0.39487773
B2A,5f02c26178.jpg,0.7337780921189413,0.42785785
B2A,5f0d21c2b1.jpg,0.8588512945645574,0.19543758
B2A,5f14f7641d.jpg,0.9253821533042157,0.27512968
B2A,5f24335241.jpg,0.7174820269153348,0.53156567
B2A,5f25cbc263.jpg,0.9497011372306159,0.2691549
B2A,5f2b8fa71a.jpg,0.699628389938098,0.45166636
B2A,5f34ec2686.jpg,0.7776721590684761,0.49116966
B2A,5f4018d615.jpg,0.9299810298160961,0.13518372
B2A,5f4612d92b.jpg,0.7680335975021801,0.28734413
B2A,5f477576c5.jpg,0.7398107029822117,0.490633
B2A,5f477a5c46.jpg,0.5451213888518485,0.72867614
B2A,5f674f802b.jpg,0.8482022350058067,0.32720116
B2A,5f6acdd885.jpg,0.8513838117638236,0.4167314
B2A,5f7a943ad3.jpg,0.6569624589603733,0.34043434
B2A,5f824e47e4.jpg,0.9316279748229164,0.23459242
B2A,5fb5327415.jpg,0.7613444629263977,0.25764334
B2A,5fcf902716.jpg,0.8973377467583153,0.23997627
B2A,5fd438d742.jpg,0.746349076169724,0.26776275
B2A,5ff7a6bd52.jpg,0.8083152280150173,0.3315737
B2A,5fffc71069.jpg,0.8231544324841088,0.35295492
B2A,600adb121f.jpg,0.7864518335250698,0.49592143
B2A,60149bcbbf.jpg,0.7503187993170017,0.5464368
B2A,60268cfb2f.jpg,0.6946184565655763,0.5129663
B2A,604547096b.jpg,0.9160171284494153,0.18824132
B2A,6045dd5804.jpg,0.789988432449881,0.3080297
B2A,604c154a10.jpg,0.9151550053941869,0.19534478
B2A,604d51ecdb.jpg,0.794696820906643,0.45077416
B2A,604eee6de2.jpg,0.7776028668531327,0.4860602
B2A,6058fe8ba4.jpg,0.7394150183536291,0.36026713
B2A,605c399821.jpg,0.7807010615683604,0.2837078
B2A,606bc88bf5.jpg,0.7096795802173657,0.44861257
B2A,606ea8c853.jpg,0.6708071623311187,0.4130427
B2A,606edf9e69.jpg,0.9049293136153105,0.17428431
B2A,607508ca60.jpg,0.8226256025373311,0.25691214
B2A,6090cac2ca.jpg,0.8034219946354745,0.32135874
B2A,609699b9f5.jpg,0.8582059830475826,0.19297594
B2A,6099732dd8.jpg,0.8742138574189408,0.33176297
B2A,60a6fdd5c0.jpg,0.7736104300124022,0.46909168
B2A,60ac278e96.jpg,0.7866472253920198,0.47197697
B2A,60adaaa8fa.jpg,0.8560532218394105,0.41301215
B2A,60ee84f0e3.jpg,0.7233333295817483,0.23062316
B2A,60f455c446.jpg,0.8883362966612874,0.33833078
B2A,60f7b3ce84.jpg,0.8284439657190349,0.43553954
B2A,60fa0dced3.jpg,0.885075106246957,0.3102457
B2A,610b2e40b1.jpg,0.846278577995577,0.20243892
B2A,610ff29105.jpg,0.8953558539911983,0.25926077
B2A,6113839c53.jpg,0.896904868951377,0.1769374
B2A,611ce907ee.jpg,0.8536306401955758,0.3548174
B2A,6127261426.jpg,0.7487338057860927,0.4368651
B2A,612de09c0e.jpg,0.8021643836689972,0.46982569
B2A,612eb28781.jpg,0.8352925623291856,0.39981526
B2A,613592c5ba.jpg,0.8638785006380448,0.26923728
B2A,614aebf996.jpg,0.9046885736566199,0.17134048
B2A,614dcbd1b6.jpg,0.7043565865504653,0.60775244
B2A,614e5368b3.jpg,0.84857368736052,0.32637864
B2A,6157aa63b5.jpg,0.8002925915020227,0.29340273
B2A,615f1a41e2.jpg,0.8753519613900442,0.3065502
B2A,6163883314.jpg,0.8215534321551061,0.22686324
B2A,6165bb7d20.jpg,0.7198678527957335,0.44755924
B2A,618573a4c0.jpg,0.86465749516941,0.22955416
B2A,618c3a93a6.jpg,0.6880565341526944,0.43995404
B2A,619868817c.jpg,0.8661150701206576,0.32889062
B2A,61c0bf55f3.jpg,0.8971608641690472,0.17264515
B2A,61ca26c3f0.jpg,0.647607159776904,0.5256866
B2A,61d1dacb0a.jpg,0.8441716104287644,0.35231215
B2A,61e0412438.jpg,0.8507949702763983,0.3139044
B2A,61efe98c2b.jpg,0.8312824556006717,0.3989796
B2A,61f0619994.jpg,0.7505773282356694,0.4046737
B2A,61f337301f.jpg,0.7292414407459735,0.42961276
B2A,61f79ea5e3.jpg,0.8334823557379852,0.21426201
B2A,61febf655e.jpg,0.7939370023012347,0.39297682
B2A,6203a47be6.jpg,0.7820670647773247,0.4301232
B2A,6203de934f.jpg,0.8412382133625315,0.20207804
B2A,6203e44a0b.jpg,0.7644611233687733,0.48769674
B2A,6216948548.jpg,0.7407444505390498,0.27110747
B2A,623226574f.jpg,0.8478123548767824,0.20273243
B2A,6233033047.jpg,0.8101975170643608,0.25848833
B2A,6233a14e7a.jpg,0.791274338847316,0.48296356
B2A,62428234ef.jpg,0.8129071419795939,0.28824186
B2A,62556af40e.jpg,0.8448122750971445,0.37636006
B2A,6256e7fb82.jpg,0.7977451862325586,0.29167736
B2A,62601c808e.jpg,0.9414997869394505,0.18327767
B2A,626caaa1ce.jpg,0.8904882593102524,0.36455914
B2A,627532c78c.jpg,0.7352223954962441,0.21150064
B2A,6276c2f781.jpg,0.8649084352157707,0.36123073
B2A,6280ca0cf1.jpg,0.7454518871697781,0.3122915
B2A,6297c1fc75.jpg,0.804944763566458,0.3232746
B2A,62a4327b05.jpg,0.6937877092857171,0.46722904
B2A,62a86886a4.jpg,0.9372380190237853,0.2023947
B2A,62ada6e480.jpg,0.8778232588641827,0.28618765
B2A,62ae12c529.jpg,0.7588011173017302,0.30127558
B2A,62b043985f.jpg,0.8977135745112154,0.25220007
B2A,62b1939e2e.jpg,0.820467165144159,0.4178702
B2A,62b6c6c11d.jpg,0.6564579427893847,0.46345103
B2A,62bb8501e8.jpg,0.6808544145989828,0.38690972
B2A,62bff6d96f.jpg,0.8803420254366502,0.289976
B2A,62c54774f6.jpg,0.7078044850071498,0.5170532
B2A,62c5a2a3c0.jpg,0.8584475792406975,0.27719852
B2A,62c8619eeb.jpg,0.6126890894536059,0.54055464
B2A,62e2c15e98.jpg,0.5359957678546273,0.5735567
B2A,62e79f1dd2.jpg,0.8229668211938618,0.4210394
B2A,630d324a16.jpg,0.8486790715564162,0.32635465
B2A,631cc9e7d1.jpg,0.8726375603217837,0.25015438
B2A,631f90f7a9.jpg,0.919211148699886,0.2350133
B2A,632020c3e8.jpg,0.8341441895443816,0.31110334
B2A,632858e7c4.jpg,0.8990286179527093,0.28667235
B2A,633128bbae.jpg,0.542436019106676,0.65320295
B2A,6334aea3e0.jpg,0.8669493399062342,0.38091666
B2A,63372e9038.jpg,0.775786433058761,0.24552193
B2A,633edb47c9.jpg,0.7734611236712484,0.42095703
B2A,634246cbc0.jpg,0.8928929740263414,0.5762291
B2A,634e2ff9c5.jpg,0.7815654782944162,0.3529254
B2A,634f5cf142.jpg,0.8283429222221373,0.29911777
B2A,635907bad9.jpg,0.6873881618368582,0.6174501
B2A,6360e41e69.jpg,0.7301235310015115,0.41929787
B2A,636280c73d.jpg,0.8412394942810213,0.18813658
B2A,636d76c49a.jpg,0.8294527839107443,0.26231146
B2A,6376737353.jpg,0.8236222389150247,0.38916612
B2A,6376c3ffa5.jpg,0.7273907468236107,0.47112498
B2A,6379773e3f.jpg,0.7754858596693965,0.38040823
B2A,637a28f9cf.jpg,0.9004647044134071,0.25940278
B2A,638093f853.jpg,0.8766899595408443,0.27830753
B2A,6383f39af4.jpg,0.734892571731672,0.42546424
B2A,63959943dd.jpg,0.6935002175795567,0.41943896
B2A,639ed4c744.jpg,0.7573130950329239,0.25040376
B2A,63a0582761.jpg,0.8332818125212684,0.34322676
B2A,63b4aeae20.jpg,0.7328339341547676,0.37746066
B2A,63b6bc086c.jpg,0.6753124464769806,0.43388358
B2A,63bf7ae1cf.jpg,0.7919977363313602,0.213529
B2A,63d194e1df.jpg,0.9242947179864923,0.16911161
B2A,63e007e789.jpg,0.7209889622611576,0.3979743
B2A,63e73c1dc9.jpg,0.7193218739383744,0.29020396
B2A,63e885e644.jpg,0.830274044029492,0.30038798
B2A,63f6cea734.jpg,0.6291942252546513,0.4588904
B2A,63fef59198.jpg,0.855082002106303,0.18929031
B2A,6401c2d6c0.jpg,0.8941353511999778,0.20694844
B2A,6417787af0.jpg,0.8793397068626392,0.436356
B2A,6421360d4f.jpg,0.6835319739326213,0.4157268
B2A,64247b3eb5.jpg,0.8947650955410549,0.19189703
B2A,6431f96d10.jpg,0.7885131716595123,0.35968944
B2A,64356423f2.jpg,0.7178172114886844,0.38776478
B2A,6438b04e89.jpg,0.9305000476557015,0.24904245
B2A,643916e05b.jpg,0.7749675815547861,0.42069742
B2A,64397cbb62.jpg,0.8408566984031542,0.3356401
B2A,6440dd45f8.jpg,0.7780568911740225,0.42819422
B2A,6444bc3ca4.jpg,0.6713146683713468,0.3649144
B2A,6447774e95.jpg,0.8217444049965115,0.510224
B2A,6457f79ca3.jpg,0.7403872994970645,0.55914426
B2A,646da34032.jpg,0.8324862849336825,0.36464828
B2A,64813f537a.jpg,0.7942575521154661,0.3886073
B2A,6493077860.jpg,0.869066729141856,0.21010903
B2A,649df99535.jpg,0.7365804374145716,0.61102116
B2A,64a519abd0.jpg,0.7757710413170932,0.3340397
B2A,64bd39e960.jpg,0.9077272803526555,0.23823112
B2A,64c68d0aa3.jpg,0.9173937101332499,0.22955449
B2A,64c6b6a511.jpg,0.7710830961375733,0.28337145
B2A,64cf019733.jpg,0.937009427732246,0.22628695
B2A,64d0a7acf2.jpg,0.866687475417591,0.51770294
B2A,64d362378f.jpg,0.7880517402607868,0.36772522
B2A,64e21dfda0.jpg,0.7333704312777375,0.3565277
B2A,64ee7530ff.jpg,0.8365379747023728,0.2444426
B2A,64f06b5ceb.jpg,0.9137995695382679,0.35529485
B2A,64fcd56944.jpg,0.9127837651633055,0.22022575
B2A,6533b9656e.jpg,0.725245444189987,0.47829393
B2A,65344ad883.jpg,0.6670026309630666,0.4957706
B2A,653774f59a.jpg,0.7486511945807082,0.61708224
B2A,654dce0bc5.jpg,0.740478927115446,0.39034355
B2A,6558098202.jpg,0.7255735479316209,0.5323997
B2A,6561bd46ba.jpg,0.8130259018791894,0.3955515
B2A,657337796d.jpg,0.7826568747373229,0.41203004
B2A,657a1ebe3d.jpg,0.6263913251514193,0.35388574
B2A,657bf0b295.jpg,0.9127619001373016,0.22767675
B2A,657d970481.jpg,0.8420194466296128,0.30505112
B2A,65881ff201.jpg,0.8972946433856571,0.21021113
B2A,6589904ec0.jpg,0.8719331600654513,0.3658655
B2A,65a09899f8.jpg,0.8146494416551658,0.4291195
B2A,65a6d3e7e2.jpg,0.8858138214795054,0.27561513
B2A,65ba65db68.jpg,0.7412598017330324,0.3250119
B2A,65cf11fe0e.jpg,0.8923542371844383,0.42530182
B2A,65e0307c38.jpg,0.6857745686901003,0.38064784
B2A,65e1c3f768.jpg,0.7466258165259068,0.31419474
B2A,65eb33194f.jpg,0.8204292306718394,0.4281184
B2A,65f48bdd36.jpg,0.7044865974397028,0.3958646
B2A,65ff1c4226.jpg,0.5960461076853518,0.62169397
B2A,660a638976.jpg,0.728549274482214,0.37875143
B2A,661aadc417.jpg,0.930037054412917,0.09410917
B2A,661d51efae.jpg,0.7955087008897481,0.3364628
B2A,662c5c4ff4.jpg,0.9239437287683726,0.22243452
B2A,6635a31ee1.jpg,0.8207374704116381,0.3958782
B2A,66361eea70.jpg,0.8717381442251058,0.22407122
B2A,6639b516d5.jpg,0.683672080866585,0.35078162
B2A,663b9a1924.jpg,0.869449125058612,0.15347548
B2A,66488583ab.jpg,0.7632762603408962,0.27889025
B2A,664b161ecc.jpg,0.7654107852403302,0.4764074
B2A,667c0fd61b.jpg,0.8533078351098978,0.32883334
B2A,6690a30a29.jpg,0.8138093519543641,0.43913478
B2A,66ad36a8d6.jpg,0.7693568238469966,0.22598118
B2A,66af3aa4b1.jpg,0.5890456238547004,0.2803332
B2A,66b54569e6.jpg,0.8569816069611309,0.47620493
B2A,66cb408c30.jpg,0.865821293794478,0.2314251
B2A,66db0fe6b4.jpg,0.6826789585537947,0.31156072
B2A,66dbf73abc.jpg,0.8454266384148597,0.2558025
B2A,66e71841a4.jpg,0.8586706345474673,0.3851388
B2A,66f8456cb7.jpg,0.8334397470120007,0.2526513
B2A,6700b4b7bb.jpg,0.92505251506978,0.3030355
B2A,670d9aa07f.jpg,0.8946719040308554,0.25560567
B2A,670dbb29d1.jpg,0.8468310546954687,0.22010086
B2A,6717eca3cc.jpg,0.6031368266766547,0.62294036
B2A,6728f4bba7.jpg,0.900877328384378,0.27080688
B2A,6731de7cdc.jpg,0.805089547723235,0.29637322
B2A,6736ee186d.jpg,0.8254461983294208,0.47009662
B2A,674bf68b95.jpg,0.868211691323402,0.307183
B2A,674c25f70e.jpg,0.7403817132194109,0.35162652
B2A,6751643b4b.jpg,0.7672510256566675,0.39683938
B2A,675e6b6065.jpg,0.7392775349571086,0.4475886
B2A,675eb73e32.jpg,0.7801930585082285,0.43787602
B2A,676a38fcf2.jpg,0.767765421615281,0.2761612
B2A,676d2377ea.jpg,0.8702230802479601,0.30128825
B2A,67811f844f.jpg,0.8665039490539902,0.39692312
B2A,6798a2a50d.jpg,0.872139239927999,0.24810702
B2A,679f2b8c09.jpg,0.7553929944292068,0.31540096
B2A,67ad9f90eb.jpg,0.9157112649890647,0.20685351
B2A,67ae13d8fd.jpg,0.726294672182722,0.57407594
B2A,67b03b9ae6.jpg,0.9269479622168597,0.3048418
B2A,67b2023cdc.jpg,0.9206049086057696,0.22082973
B2A,67b303bc1f.jpg,0.7367858647207696,0.39821365
B2A,67bf2caa0d.jpg,0.8342796130692114,0.40804988
B2A,67cb59fe1b.jpg,0.728909274720319,0.4577453
B2A,67d30c5976.jpg,0.8847864020654136,0.4142329
B2A,67e82318a8.jpg,0.8730177429987244,0.3005566
B2A,67fa0b1fff.jpg,0.6427437186227097,0.4930972
B2A,67ffae436a.jpg,0.7955368412168872,0.27483568
B2A,680e403ee6.jpg,0.8140502602884468,0.40032414
B2A,68161f940a.jpg,0.830125470838534,0.27648503
B2A,681747f03e.jpg,0.8777271548910734,0.12068224
B2A,681949c029.jpg,0.8379810835678795,0.25954497
B2A,681df42505.jpg,0.7736215194713436,0.34837717
B2A,682e0844c2.jpg,0.9062391297330028,0.44942904
B2A,6836334767.jpg,0.8132750712318807,0.3218712
B2A,683ff91f55.jpg,0.6755974654348936,0.48873878
B2A,684690671a.jpg,0.8336903813769281,0.33512235
B2A,684be8790c.jpg,0.6822049059625025,0.43083572
B2A,685174f022.jpg,0.7641492056962146,0.34413087
B2A,6852f4cb2d.jpg,0.7068844153098292,0.41255724
B2A,685923a424.jpg,0.877273831021798,0.20384449
B2A,68730b2016.jpg,0.7735905882156784,0.2931736
B2A,687cd30117.jpg,0.9153415740309829,0.2586971
B2A,6884abf5fe.jpg,0.8978216378974999,0.25124833
B2A,6887ee7059.jpg,0.8234543944821117,0.25441527
B2A,688fd65571.jpg,0.8893327520139176,0.19085789
B2A,689273b092.jpg,0.7028768524703619,0.37607396
B2A,68a0fd8800.jpg,0.911919087580919,0.22684051
B2A,68b8b35955.jpg,0.8733406064978751,0.24848667
B2A,68d3757ce1.jpg,0.8636555717713559,0.33038443
B2A,68d785f0cb.jpg,0.7254284770427409,0.36079356
B2A,68e40889bf.jpg,0.9159150605013999,0.23099065
B2A,68e93f1dd4.jpg,0.7862101795276963,0.25282204
B2A,68f7232a89.jpg,0.8370970330424446,0.29246753
B2A,6915fdb4e2.jpg,0.8725789427806668,0.1960975
B2A,692b29e496.jpg,0.8778230805675646,0.23734614
B2A,692d2be632.jpg,0.7022690690562925,0.5912128
B2A,6932043ee0.jpg,0.7809109259533809,0.4581502
B2A,693415a29b.jpg,0.8872687932232867,0.24625123
B2A,69552238b4.jpg,0.8748228349892803,0.22291997
B2A,695755652f.jpg,0.7246474047053149,0.26971143
B2A,6957a4b495.jpg,0.8734641378022829,0.20803294
B2A,6960ca7470.jpg,0.8385851079645915,0.3517938
B2A,6960d1ca6a.jpg,0.7997663513014901,0.38867107
B2A,696803e17c.jpg,0.7831983617290442,0.42175472
B2A,696f56514d.jpg,0.7412284634878759,0.46120107
B2A,6970d5e39a.jpg,0.891038369900272,0.30039343
B2A,697a7cac68.jpg,0.7252003983313806,0.3764796
B2A,6987bc04a8.jpg,0.842605338740863,0.35052615
B2A,69a48c1703.jpg,0.9207151747288411,0.19862936
B2A,69ae5108fc.jpg,0.668139824643084,0.4279434
B2A,69b2d90a15.jpg,0.8103234262770501,0.4217268
B2A,69b411b727.jpg,0.5770397091023138,0.47165835
B2A,69b590e268.jpg,0.7807358462428848,0.45469946
B2A,69ba3dbcbe.jpg,0.9562812975026992,0.2929809
B2A,69bc2bf220.jpg,0.8039664662367405,0.36610228
B2A,69c3dba202.jpg,0.856880029927269,0.3258284
B2A,69c50db73f.jpg,0.6328173359236895,0.51128757
B2A,69c5eb1184.jpg,0.8195725554415216,0.33273143
B2A,69ce40e8bd.jpg,0.8316441526570335,0.473018
B2A,69cf4ee0c1.jpg,0.7903778145636702,0.46662062
B2A,69e5be6684.jpg,0.7972296166344978,0.3540078
B2A,69ea18eac3.jpg,0.7217093237285096,0.45848957
B2A,69ff61709e.jpg,0.8630322271174816,0.2868656
B2A,6a0a168174.jpg,0.7987072827035301,0.49710742
B2A,6a0c1b662f.jpg,0.9198582053060581,0.23887394
B2A,6a19d6ed16.jpg,0.8025016889980752,0.2735424
B2A,6a1aea3e32.jpg,0.8872558473177041,0.28806633
B2A,6a24142aad.jpg,0.7911455930234649,0.31147686
B2A,6a3a6192c0.jpg,0.8289800917904252,0.32816407
B2A,6a4d3daafe.jpg,0.6798127323827197,0.50694466
B2A,6a4fe6590b.jpg,0.8180937651161997,0.3641726
B2A,6a55ec45aa.jpg,0.9392369084989912,0.2962008
B2A,6a5b3e97df.jpg,0.7440528103259977,0.50565314
B2A,6a62792333.jpg,0.7726310291105989,0.3772403
B2A,6a6fb64128.jpg,0.7270412186633323,0.6102153
B2A,6a75bc4fce.jpg,0.8100311819105322,0.31792566
B2A,6a95e80280.jpg,0.8810436792532971,0.29609948
B2A,6a9634ff0e.jpg,0.9102202171846374,0.25909907
B2A,6aa027975d.jpg,0.8687875288087508,0.2376755
B2A,6ab55e39e3.jpg,0.8811331860509589,0.2037026
B2A,6ab607ca91.jpg,0.6100175099983454,0.3575706
B2A,6ac584cbb4.jpg,0.7497371907867147,0.34016386
B2A,6ac922afab.jpg,0.778286385904458,0.28004935
B2A,6ae1292f67.jpg,0.7582087891223027,0.21375334
B2A,6afc612209.jpg,0.791454034679221,0.5080155
B2A,6b04d109cf.jpg,0.5814176742714864,0.35787368
B2A,6b240d89b8.jpg,0.8772905020971568,0.37243408
B2A,6b25e23139.jpg,0.8092382343824387,0.31718394
B2A,6b3e7692a0.jpg,0.7709150529961228,0.40563852
B2A,6b47c83dad.jpg,0.9240487139337509,0.2608999
B2A,6b53db36ed.jpg,0.8409455355098633,0.39431903
B2A,6b61c7852e.jpg,0.7471469157002643,0.34448665
B2A,6b66f3c48a.jpg,0.7964649418312516,0.33080038
B2A,6b6b85cd53.jpg,0.8062007551369934,0.61667943
B2A,6b6e1046b8.jpg,0.8772083931302023,0.27063856
B2A,6b70c93481.jpg,0.8704468123915237,0.40804404
B2A,6b7172639a.jpg,0.879499193603904,0.2781276
B2A,6b87a7b5dc.jpg,0.8890941766892966,0.37675866
B2A,6b87dc38dc.jpg,0.720678999718541,0.4890747
B2A,6b910e1321.jpg,0.5309690011472042,0.4836533
B2A,6ba72ca483.jpg,0.68924627928662,0.5289678
B2A,6bb4d6273a.jpg,0.8647963881152823,0.37828973
B2A,6bc014d8ea.jpg,0.8564955781021818,0.290416
B2A,6bc2744034.jpg,0.9246684997866057,0.28114927
B2A,6bc4af390a.jpg,0.9094344439163357,0.31096184
B2A,6bc7d64fb6.jpg,0.8472584286846794,0.32646388
B2A,6bc8104d76.jpg,0.557955980776743,0.6196426
B2A,6bcd8876a4.jpg,0.8539380232595661,0.37954926
B2A,6bcea12f74.jpg,0.8739983561533564,0.35581112
B2A,6be0fc09a5.jpg,0.6234305592387129,0.41228345
B2A,6bf0976dae.jpg,0.7035813822425235,0.4197702
B2A,6c0f6804c5.jpg,0.8780090731668262,0.23479958
B2A,6c19b70453.jpg,0.9285159642771449,0.18588153
B2A,6c1d743ded.jpg,0.8012152320644796,0.19327214
B2A,6c1f308e02.jpg,0.7477771990651777,0.39221942
B2A,6c28209b0b.jpg,0.8115505302656479,0.4046657
B2A,6c37caaa86.jpg,0.7200790231978381,0.3399153
B2A,6c38e65dd9.jpg,0.8588720200765785,0.15128016
B2A,6c5fb319c2.jpg,0.6566057411728572,0.62035394
B2A,6c650608d2.jpg,0.6650037072664339,0.64573586
B2A,6c66f26b82.jpg,0.7719167476448442,0.2627467
B2A,6c77b100ea.jpg,0.6844872683851141,0.50377065
B2A,6c7b92564c.jpg,0.8186718785656126,0.44303787
B2A,6c7bd28db6.jpg,0.9014119960971898,0.4561805
B2A,6c7e5b0199.jpg,0.8043667831611844,0.3754354
B2A,6c8aec68c1.jpg,0.8569435058597913,0.21175106
B2A,6c8c8234e4.jpg,0.7081865757986872,0.61682016
B2A,6c9c20101d.jpg,0.7542989407787515,0.20762622
B2A,6cad5acca6.jpg,0.901122380012493,0.14762864
B2A,6cada09ad0.jpg,0.8743251981632589,0.23250179
B2A,6cb683712d.jpg,0.5804813705220159,0.6782031
B2A,6cb7a4d1c0.jpg,0.8492453440538474,0.30617553
B2A,6cc9ba090d.jpg,0.8491845722432007,0.34325305
B2A,6cdb4ae67d.jpg,0.7792804738257084,0.29459664
B2A,6cf14b58ac.jpg,0.731614668713067,0.4925358
B2A,6d21dd8e8a.jpg,0.8391703475010904,0.43538147
B2A,6d2db478f1.jpg,0.9145515199063595,0.3062756
B2A,6d366256a0.jpg,0.7653903935430488,0.37351364
B2A,6d43871d17.jpg,0.8421435866282848,0.26465702
B2A,6d4cd97a65.jpg,0.8070768372046997,0.29437104
B2A,6d4ed509c4.jpg,0.8209127646006312,0.20977928
B2A,6d59401909.jpg,0.4276260192242638,0.6345875
B2A,6d6717a60d.jpg,0.8098295528941793,0.31702834
B2A,6d6bc1579a.jpg,0.808870793052644,0.40056947
B2A,6d75effae7.jpg,0.5833942653983964,0.49390155
B2A,6d76ac5983.jpg,0.8314176112135071,0.28687686
B2A,6d76db2739.jpg,0.9329330699141298,0.16368261
B2A,6d8ac0ab87.jpg,0.8131754083666114,0.33260223
B2A,6d8ff7415d.jpg,0.7001350186509677,0.41405427
B2A,6da5f24eb5.jpg,0.7309203152367733,0.29453704
B2A,6da926571e.jpg,0.9188454745810878,0.13485128
B2A,6db9d90f11.jpg,0.7275112094331856,0.37123302
B2A,6dc8ab590e.jpg,0.7005927536556785,0.6779439
B2A,6dce9829bb.jpg,0.8001727210525557,0.37579876
B2A,6dcf799703.jpg,0.8967805785833641,0.28019953
B2A,6ddc86d0e4.jpg,0.8510711834162843,0.32170677
B2A,6dee6d02d8.jpg,0.7630265871231391,0.3386184
B2A,6df48d411c.jpg,0.7018342656717974,0.317872
B2A,6dfff386db.jpg,0.7675313067297486,0.2525102
B2A,6e09fe8d32.jpg,0.8143856303089255,0.5044934
B2A,6e13b2f9b4.jpg,0.8475494212787359,0.25083447
B2A,6e17babca8.jpg,0.8257482966980635,0.3641544
B2A,6e2493f8d4.jpg,0.6517882452440666,0.3216579
B2A,6e2c4451e5.jpg,0.6227908647835241,0.6476418
B2A,6e3c226e32.jpg,0.8261079337404632,0.43044537
B2A,6e3e179ef8.jpg,0.8729245117899639,0.3821618
B2A,6e57dbfe6f.jpg,0.7449786000561792,0.53607154
B2A,6e5cd72d3c.jpg,0.8484962016793182,0.19623062
B2A,6e656030a0.jpg,0.7442618243190288,0.35612452
B2A,6e68264904.jpg,0.7303148668208463,0.56946784
B2A,6e72f8ad6c.jpg,0.905001150094144,0.46168002
B2A,6e84325bee.jpg,0.7088346641609322,0.41942805
B2A,6e89ef391e.jpg,0.5539651530898452,0.3227203
B2A,6e8ec08b46.jpg,0.8035786066556062,0.3295502
B2A,6e924c87a3.jpg,0.8014053126598206,0.25626332
B2A,6e9f6935ce.jpg,0.8733814479319929,0.35872653
B2A,6ea4aef23e.jpg,0.8251983175349022,0.24852785
B2A,6ebd91c7e5.jpg,0.7821453392744158,0.52911144
B2A,6ebfe9870b.jpg,0.6341044029079536,0.35486138
B2A,6ec425bb69.jpg,0.836604599945479,0.47074774
B2A,6ecc2d49cf.jpg,0.7615315279332339,0.3288132
B2A,6ed8cb6c73.jpg,0.8894691526198641,0.17520602
B2A,6edee61a9e.jpg,0.6239819729843095,0.39493334
B2A,6ee301dfa6.jpg,0.866401621347366,0.34082997
B2A,6ee4e3cfa0.jpg,0.7444621194300766,0.35675085
B2A,6ee582ddd3.jpg,0.8850658007326264,0.53164864
B2A,6ef0e038c4.jpg,0.7171269032940492,0.42725128
B2A,6efbef83a2.jpg,0.8184459931665521,0.2950938
B2A,6f28a81391.jpg,0.7481950126991799,0.4539531
B2A,6f2bf952a9.jpg,0.8697424583029877,0.25453222
B2A,6f40f67816.jpg,0.8803761152787649,0.2925224
B2A,6f48326e10.jpg,0.7757010797171948,0.48471823
B2A,6f48f32192.jpg,0.7896784567218126,0.4588777
B2A,6f5bf1e36c.jpg,0.7404255767686239,0.47508258
B2A,6f5ef8ad57.jpg,0.8920096248493085,0.3002956
B2A,6f68219972.jpg,0.7126839662642358,0.55157375
B2A,6f6d82abff.jpg,0.7603434248347761,0.2882682
B2A,6f7564d1a0.jpg,0.8382174380848514,0.5299318
B2A,6f77237bfc.jpg,0.5451987559026981,0.45851842
B2A,6f8cb591c0.jpg,0.8659289051780344,0.45885777
B2A,6f8d0b8187.jpg,0.5539161062736673,0.6492133
B2A,6f8e3c9a8b.jpg,0.920980400051413,0.30582404
B2A,6f923ef327.jpg,0.826892878099977,0.35692057
B2A,6f947d7eac.jpg,0.651901217780417,0.41544718
B2A,6fadc7344f.jpg,0.9043048333429409,0.3144383
B2A,6fc20169b5.jpg,0.6483757112435277,0.56712645
B2A,6fc42ec979.jpg,0.7798646846152915,0.2907189
B2A,6fc6fa664f.jpg,0.8975442592519295,0.4064395
B2A,6fd27b0261.jpg,0.9521393577746895,0.27805912
B2A,6fd58bb7ed.jpg,0.8355811061457884,0.32465702
B2A,6fd674c2bc.jpg,0.7389501978642482,0.5798115
B2A,6feaf858bb.jpg,0.7151085613528536,0.4225274
B2A,6ff650cc01.jpg,0.9640626944615556,0.11296581
B2A,6ff926036b.jpg,0.7268353577234115,0.41050416
B2A,7007638c04.jpg,0.9079614127748215,0.17335156
B2A,7018cf5472.jpg,0.9015920112410525,0.19369052
B2A,7023e05153.jpg,0.5094507512278034,0.6540897
B2A,7041df8f8d.jpg,0.7845933552695978,0.37205473
B2A,7048682787.jpg,0.7618803954116106,0.3899532
B2A,7056c4d0c9.jpg,0.8489497708327689,0.4099574
B2A,7058938d2d.jpg,0.7056530186726747,0.44042334
B2A,70688893ff.jpg,0.8342780266688654,0.35221308
B2A,7095de0c05.jpg,0.6738135839662751,0.41287014
B2A,709c87be1e.jpg,0.7184521522187658,0.47779697
B2A,70a6584991.jpg,0.9200017217495479,0.17582273
B2A,70adc33191.jpg,0.8796044521517216,0.34002587
B2A,70b1293521.jpg,0.4015883619936354,0.6253549
B2A,70bbdc328b.jpg,0.8546792431409003,0.48340768
B2A,70bfad4fb3.jpg,0.9194773379793079,0.21945745
B2A,70c35d97fa.jpg,0.7887733764260959,0.56801647
B2A,70c4ba13c5.jpg,0.8833723160157243,0.38466838
B2A,70c5926990.jpg,0.838016411037678,0.34221247
B2A,70d01a9f18.jpg,0.8678634312569347,0.27444515
B2A,70d2dd3347.jpg,0.7911238586172452,0.54283226
B2A,70e1a9d5d0.jpg,0.772391487834693,0.33029997
B2A,70f83908f4.jpg,0.6755361444637562,0.42473945
B2A,710afec54e.jpg,0.8631566490909127,0.34367976
B2A,710dddaa53.jpg,0.8214891221644051,0.21294942
B2A,710ff8d371.jpg,0.7985455953098268,0.36698717
B2A,711bdf7e70.jpg,0.8900475491879344,0.22070652
B2A,711e41a40a.jpg,0.8142943677934821,0.47893605
B2A,7124e69590.jpg,0.9385958473896855,0.20747012
B2A,7128cb2ee3.jpg,0.6579845912421259,0.5179848
B2A,7140fb929c.jpg,0.8945494153171779,0.2604601
B2A,714de5bcda.jpg,0.6561947621855208,0.45075655
B2A,716437e0a0.jpg,0.8268817094902706,0.48919347
B2A,71697466d8.jpg,0.906648999555508,0.24156305
B2A,716981b92d.jpg,0.9031933640439941,0.37124997
B2A,717bc1fc72.jpg,0.6238075230926168,0.6270926
B2A,718b15a998.jpg,0.8879420632633336,0.22788668
B2A,71990c1992.jpg,0.8353481747121524,0.3100469
B2A,71a1688eec.jpg,0.763085434040519,0.4932471
B2A,71ab7757d1.jpg,0.8282700769423158,0.17967746
B2A,71b9dfc246.jpg,0.7650234080654269,0.3309609
B2A,71c9f21e69.jpg,0.9000439886968886,0.3018018
B2A,71cd818b43.jpg,0.8534582232114379,0.16887324
B2A,71cde4e6b9.jpg,0.8740537406130361,0.29723966
B2A,71d0f6d808.jpg,0.7375366780004288,0.38453323
B2A,71d92823a7.jpg,0.8143201373950686,0.39908978
B2A,71e2160bc2.jpg,0.8326825173748137,0.33822855
B2A,71eb79bec9.jpg,0.8315861077828676,0.2965141
B2A,71f375fd61.jpg,0.8194999970559246,0.34484583
B2A,71f38526e3.jpg,0.740027827604029,0.36276707
B2A,71f84e59d9.jpg,0.6926285640216892,0.4317774
B2A,71fbc6fd17.jpg,0.7604525873641403,0.43416736
B2A,71feaf01d5.jpg,0.7398588455043199,0.49793565
B2A,720358ea9a.jpg,0.8222799715450302,0.45564893
B2A,7207f4dfb5.jpg,0.6819581313074456,0.47784173
B2A,720b03538d.jpg,0.8640043757396917,0.27765968
B2A,720b65616c.jpg,0.7990449752826079,0.3621003
B2A,720b79fcc2.jpg,0.5224289887755775,0.55866474
B2A,721f26a1d5.jpg,0.4816126990416759,0.7755407
B2A,721fb86cc5.jpg,0.6491609801864996,0.5149839
B2A,7226160b9d.jpg,0.8627736120451746,0.23146346
B2A,722cb1e56d.jpg,0.8608442270388877,0.25770345
B2A,7232765c25.jpg,0.8926856214331796,0.2730999
B2A,723451df4f.jpg,0.8538200975968405,0.2888029
B2A,7234b91e34.jpg,0.8288666896767135,0.45071372
B2A,7237fc1604.jpg,0.8447593441410947,0.2912328
B2A,723d373aa3.jpg,0.6526625341017371,0.3625254
B2A,7241d2c3d9.jpg,0.75983531661678,0.28335994
B2A,7261ec35d2.jpg,0.7495546308253269,0.3844752
B2A,72669a9943.jpg,0.8990501128544127,0.2479402
B2A,72812baf6e.jpg,0.7009894084113428,0.366675
B2A,7283cfab05.jpg,0.8399977469942477,0.5169695
B2A,728ea2432b.jpg,0.7392827679486366,0.46207577
B2A,7293694fa1.jpg,0.8503548509910268,0.37276688
B2A,72984fac2b.jpg,0.8662170168089232,0.26880783
B2A,72a4736675.jpg,0.7170459860974241,0.3195852
B2A,72a601d8f0.jpg,0.7866401399356472,0.2972365
B2A,72c7727920.jpg,0.7588079037646298,0.3299398
B2A,72d3a41349.jpg,0.8374643672218085,0.4102405
B2A,72d466fe84.jpg,0.6839225614222404,0.46178463
B2A,72e16d5fbd.jpg,0.8405841592853472,0.29996133
B2A,72e448ba0d.jpg,0.5660205643914478,0.5844661
B2A,72f617be7d.jpg,0.8687888887206783,0.5180497
B2A,730f4d3c17.jpg,0.8428983240601555,0.36586246
B2A,7310d880f1.jpg,0.821838534878858,0.4419372
B2A,731ebe59e9.jpg,0.879063751831653,0.27222797
B2A,73222f682f.jpg,0.8653618525497344,0.37479582
B2A,73256f9bc4.jpg,0.9279742620587124,0.37346274
B2A,7325a1d7d0.jpg,0.608097446077166,0.80199856
B2A,732a9c8c6b.jpg,0.7369840526314827,0.31707805
B2A,732becb4d6.jpg,0.7545596385501226,0.35141876
B2A,7333f63f5c.jpg,0.9257294707480014,0.24005088
B2A,7336afe63d.jpg,0.8637509050953418,0.2920375
B2A,73433b9176.jpg,0.7716239081947139,0.41404977
B2A,7347d4c64e.jpg,0.8544448021564496,0.19139391
B2A,734c1c2cb7.jpg,0.8067863458342662,0.22841828
B2A,734f9967b1.jpg,0.7609394518014692,0.42213044
B2A,7354bcca29.jpg,0.7527398181674355,0.2823295
B2A,736aca548d.jpg,0.7332298820636207,0.3874012
B2A,73849ee3fd.jpg,0.8787326586942716,0.19563638
B2A,7386076f73.jpg,0.8958694899853232,0.2559288
B2A,738cc4553d.jpg,0.9133239947090377,0.26340196
B2A,739659d0c4.jpg,0.8860230419802493,0.29635125
B2A,739b765f02.jpg,0.7232720581184365,0.41497457
B2A,73a7bab2d5.jpg,0.7167447852217078,0.4774624
B2A,73ae5bd0e4.jpg,0.8511521517271672,0.17630939
B2A,73b60d1a3f.jpg,0.9289573808440502,0.42054844
B2A,73bc721c0c.jpg,0.7135999115058415,0.42828456
B2A,73bdd8ab24.jpg,0.7482350769315173,0.3755671
B2A,73c083aefc.jpg,0.8334088116608277,0.2647646
B2A,73d0951809.jpg,0.7971005385984556,0.44862562
B2A,73d23b9664.jpg,0.7973388277050977,0.27365446
B2A,73e426eb88.jpg,0.7483501747446404,0.41801757
B2A,73eb34dde6.jpg,0.8499638619209797,0.36174077
B2A,73eed9e6c8.jpg,0.8137385637240979,0.28874642
B2A,73effc2726.jpg,0.8158551804286323,0.2915013
B2A,73f1c501ae.jpg,0.832647740601337,0.34043074
B2A,73ffa6505c.jpg,0.8840224247520783,0.20887935
B2A,740e5eeb86.jpg,0.7189279878708575,0.56265235
B2A,74342f9fbe.jpg,0.9243684195866825,0.2747922
B2A,743d265ef2.jpg,0.7483675841275249,0.3583129
B2A,7444113e88.jpg,0.8818038057411891,0.24655783
B2A,7448a942f2.jpg,0.8888576512609909,0.30445504
B2A,7450949ae7.jpg,0.77483505279103,0.35688978
B2A,745612e6f4.jpg,0.7319208153789118,0.39039877
B2A,745d4137b7.jpg,0.901986134874559,0.20462728
B2A,746f2cd1d2.jpg,0.8818784607164979,0.23091574
B2A,74875545e6.jpg,0.8485452533631096,0.38760024
B2A,748d5a0ab8.jpg,0.7317267230370197,0.30040768
B2A,748e1a440c.jpg,0.8952495980931158,0.21220233
B2A,7491908057.jpg,0.8696312749266176,0.2614011
B2A,749222e6d6.jpg,0.9294462102338168,0.20885263
B2A,74a47c4bf0.jpg,0.8288439005934224,0.24379292
B2A,74a537f1c6.jpg,0.794330900874045,0.3347862
B2A,74aea007fa.jpg,0.7710665873924402,0.4505732
B2A,74c1b398ad.jpg,0.9651980238649444,0.1349206
B2A,74cc091e10.jpg,0.7810880017764212,0.44913864
B2A,74d0ac959c.jpg,0.790157522684912,0.34733614
B2A,74d406c90e.jpg,0.7754659303245979,0.18141946
B2A,74e1d0f495.jpg,0.9306547074542018,0.25307333
B2A,74f3bf7113.jpg,0.7189284723749236,0.39879143
B2A,74f3c01037.jpg,0.864301615471258,0.25712082
B2A,74f46669b2.jpg,0.6545946321583759,0.515451
B2A,7500111c43.jpg,0.8027887953669579,0.24127032
B2A,750111ec4f.jpg,0.7401666308482747,0.45330176
B2A,7504776c00.jpg,0.9152836556201019,0.18926384
B2A,750d38f7fb.jpg,0.8077111537667274,0.46021172
B2A,7517680fdc.jpg,0.6253135249706709,0.58805263
B2A,7524651de3.jpg,0.673157704380933,0.32837024
B2A,7533dedc3a.jpg,0.7589815862012572,0.3959607
B2A,7542d63fe4.jpg,0.8502656723608879,0.3555097
B2A,754324f8f4.jpg,0.8412475716493356,0.17840184
B2A,7550e074f1.jpg,0.707862692622981,0.3769369
B2A,7552fc948e.jpg,0.9057026095916175,0.3599724
B2A,7556df8481.jpg,0.5853495613544537,0.36893007
B2A,755af1c3a4.jpg,0.8099936906453763,0.28052214
B2A,7567cc9f18.jpg,0.7954523284627443,0.320541
B2A,756f63c794.jpg,0.8528039723707943,0.2733306
B2A,7571b0e8bb.jpg,0.9013688678055409,0.21971625
B2A,75720815fb.jpg,0.8164915261001705,0.55909616
B2A,7588e6d09e.jpg,0.8393929905262487,0.26632726
B2A,75942c4668.jpg,0.8187389923126674,0.464905
B2A,7594f0f494.jpg,0.6429209234575284,0.17837922
B2A,75979a026b.jpg,0.838774264464515,0.32007062
B2A,759dcb713c.jpg,0.5313459892091494,0.5129241
B2A,75aafd3f82.jpg,0.7750688811349642,0.39113957
B2A,75ae690a9b.jpg,0.8049131290724524,0.40029952
B2A,75aeffdcf8.jpg,0.6640272202416101,0.4284325
B2A,75b200e2f2.jpg,0.7893908513223581,0.3537843
B2A,75c89b8f5e.jpg,0.8564559663942152,0.31351146
B2A,75c92b7fca.jpg,0.8617225210601326,0.28422618
B2A,75ce72e60d.jpg,0.9176150336252492,0.21321893
B2A,761d963561.jpg,0.805658079066888,0.2512033
B2A,7622bccb99.jpg,0.9424089411065336,0.23638847
B2A,76354e710e.jpg,0.6031039327451876,0.4891311
B2A,76461faf34.jpg,0.8615058582930979,0.2708673
B2A,7659aebdef.jpg,0.7793585386090198,0.4935372
B2A,7664753e1a.jpg,0.7472310516053913,0.36998934
B2A,76665f40b9.jpg,0.8695399789492357,0.38726336
B2A,7669df8ee6.jpg,0.9133307032555854,0.23621334
B2A,7679305237.jpg,0.875006002893493,0.24898067
B2A,768650ced7.jpg,0.8804622298834369,0.51698244
B2A,7689871557.jpg,0.828111618661826,0.18796755
B2A,768c95d325.jpg,0.8176801460202898,0.30892038
B2A,76916c1438.jpg,0.5517514076565986,0.45477468
B2A,76a03653aa.jpg,0.8623019418158789,0.31786942
B2A,76a510b033.jpg,0.6688274633722363,0.56806
B2A,76a75521fa.jpg,0.6022127849020894,0.5147909
B2A,76b398536a.jpg,0.812031235985678,0.4163816
B2A,76c2eea825.jpg,0.8693380617520972,0.2817705
B2A,76ceecc865.jpg,0.8348519853349928,0.26886216
B2A,76edc30013.jpg,0.7355999126135007,0.4257544
B2A,76ef022161.jpg,0.8374051607489936,0.26276925
B2A,76f978fec2.jpg,0.7572436908572312,0.43358845
B2A,7703813883.jpg,0.736124667638219,0.49658477
B2A,77102d5829.jpg,0.8942738204438081,0.40754038
B2A,7727666e8d.jpg,0.881812963053608,0.25730973
B2A,772787cb7c.jpg,0.914079715397935,0.17199206
B2A,7729898908.jpg,0.7982264390163385,0.39586607
B2A,774082dd9e.jpg,0.872629765035327,0.18407823
B2A,77419070a6.jpg,0.8516391055400602,0.3812074
B2A,774f853b60.jpg,0.7636297333853274,0.30375502
B2A,7750286d66.jpg,0.7940146676304302,0.3460672
B2A,77573ba17e.jpg,0.942842797858491,0.20013376
B2A,7759594268.jpg,0.8521939606109656,0.40817964
B2A,776a168a2e.jpg,0.7337313502374213,0.39104873
B2A,776b0e0213.jpg,0.8520898223071038,0.22076957
B2A,776dbabcb1.jpg,0.8162220791315322,0.38795477
B2A,776e857956.jpg,0.9112053460052597,0.19386919
B2A,77740b1ba2.jpg,0.8060628480373072,0.28419036
B2A,777e0d9afc.jpg,0.7396759159879124,0.3129255
B2A,777f896f3b.jpg,0.91282171677585,0.3785221
B2A,778a55d424.jpg,0.7713480685983092,0.463188
B2A,77a2df3751.jpg,0.753005337075052,0.26252076
B2A,77a6d1f419.jpg,0.8032814708538123,0.33307463
B2A,77b1ed8168.jpg,0.8958518535617499,0.27600008
B2A,77b8c928ae.jpg,0.879303183433558,0.28385633
B2A,77c637c87c.jpg,0.84644069958741,0.290776
B2A,77c63d6765.jpg,0.8956359268820397,0.34374988
B2A,77cc149318.jpg,0.7178109120186078,0.5424586
B2A,77d268dafa.jpg,0.8015277654594959,0.2794576
B2A,77d27a89f3.jpg,0.8375969473421669,0.33595753
B2A,77d554c049.jpg,0.9143556646943224,0.25693506
B2A,77d9910a45.jpg,0.8344363710983386,0.22283648
B2A,77dcb3f91c.jpg,0.7631298681381962,0.52235377
B2A,77e77fd4d9.jpg,0.7705475015992885,0.44762716
B2A,77e82445c9.jpg,0.8878965497465838,0.37319613
B2A,7801bb9581.jpg,0.5792443125284121,0.6460008
B2A,7805d03ce4.jpg,0.7826402784556344,0.34590286
B2A,7807bdaae8.jpg,0.7364689809999518,0.4907349
B2A,781764cd26.jpg,0.7123583234632042,0.45080718
B2A,78216eacbb.jpg,0.7254610271230848,0.32672513
B2A,78233f97ed.jpg,0.8552739560798254,0.23911196
B2A,7827929b12.jpg,0.651754849368025,0.40038747
B2A,7828416c2b.jpg,0.8756441056788327,0.2701387
B2A,7838b0b023.jpg,0.8960638648001817,0.2065828
B2A,7870db5306.jpg,0.9254388172009964,0.14718238
B2A,7881e712fb.jpg,0.46997412556780616,0.5302366
B2A,7885b18fe7.jpg,0.7244082509160755,0.39746597
B2A,7885f87ccd.jpg,0.7960923259008759,0.30164674
B2A,788782c439.jpg,0.6726428741622169,0.37153327
B2A,7888781c57.jpg,0.8219519232609216,0.389282
B2A,788e9005c2.jpg,0.8110824911681334,0.40717393
B2A,78969b7789.jpg,0.741571232646279,0.42737573
B2A,789c663ce2.jpg,0.9210496884574967,0.21575369
B2A,789d474691.jpg,0.7992585738703278,0.19084106
B2A,789fe43c3b.jpg,0.8054038651191494,0.28757986
B2A,78b260b084.jpg,0.636305929286733,0.48292193
B2A,78b3c9e843.jpg,0.8330919754386072,0.36121717
B2A,78b7b08af3.jpg,0.6673168885351127,0.38774374
B2A,78ba4238cb.jpg,0.8721043387839263,0.22637379
B2A,78ce4c4608.jpg,0.6788182669341196,0.1425463
B2A,78d517ae49.jpg,0.7339236786595916,0.4777292
B2A,78f2b2e678.jpg,0.859640720073493,0.27702317
B2A,78f6992d04.jpg,0.6692970060913473,0.45745957
B2A,78fcba3055.jpg,0.7906655131450743,0.4319083
B2A,79109e8c61.jpg,0.7370298386478188,0.38588277
B2A,7913d3ab4b.jpg,0.6944329861255841,0.44706994
B2A,7926b2a5bd.jpg,0.7706328509854429,0.34295368
B2A,79419a7227.jpg,0.93003892595477,0.16176584
B2A,7965d8c651.jpg,0.6775795363570424,0.38988048
B2A,796c7e723b.jpg,0.8513796279342439,0.33570415
B2A,79733e8783.jpg,0.8299142152892444,0.2801811
B2A,797adf61af.jpg,0.9257054852571561,0.2702631
B2A,797e703d91.jpg,0.8608556109117518,0.2989595
B2A,7980d5b29a.jpg,0.9420057936289861,0.20523964
B2A,7981b8e217.jpg,0.8747904454028687,0.3283047
B2A,799d7e401d.jpg,0.6899676614555779,0.43595165
B2A,79a49efeb3.jpg,0.7885889303594359,0.353406
B2A,79a5164707.jpg,0.7526426590594248,0.37402207
B2A,79ab6fdc8e.jpg,0.780460035787238,0.30981028
B2A,79b9d8bfb5.jpg,0.7354807886572775,0.43275583
B2A,79c459542d.jpg,0.8220830592677031,0.36089802
B2A,79dc9b3fc8.jpg,0.9162228987315533,0.28708142
B2A,79dd5cd9b8.jpg,0.8320562322110605,0.37490165
B2A,79e4e783df.jpg,0.9279409183274595,0.22125699
B2A,79f08e8403.jpg,0.8453521231196086,0.46462816
B2A,7a06011cda.jpg,0.8438062574040442,0.23818071
B2A,7a16ecde25.jpg,0.8523254832405464,0.33745676
B2A,7a21514dd6.jpg,0.7214948968764914,0.37962273
B2A,7a235d7c2e.jpg,0.8014498311088258,0.18843919
B2A,7a317ade8c.jpg,0.7543233704078344,0.38367954
B2A,7a384aae43.jpg,0.8646616950511613,0.29640755
B2A,7a41220ce3.jpg,0.8435433767290373,0.28350216
B2A,7a4248c339.jpg,0.8476928163607776,0.3557779
B2A,7a4936b4d3.jpg,0.7709920889325576,0.24859357
B2A,7a50f1f877.jpg,0.8697029628935475,0.19028425
B2A,7a672fc939.jpg,0.9000017146557661,0.22016513
B2A,7a67d01ecb.jpg,0.8515813514990555,0.2656434
B2A,7a790425a3.jpg,0.7430840162417065,0.34392178
B2A,7a7c8a41da.jpg,0.7952174115279109,0.37392905
B2A,7a7c978501.jpg,0.6083249971487057,0.6588129
B2A,7a89081006.jpg,0.9045718423650051,0.21307658
B2A,7a92dc3b48.jpg,0.821824543956206,0.3948182
B2A,7a938425d7.jpg,0.7074366418337215,0.53594947
B2A,7a9c9957a2.jpg,0.8888699738857746,0.3617731
B2A,7adce96691.jpg,0.7268699552389634,0.3554738
B2A,7ade5f17b6.jpg,0.9142559786968361,0.46677187
B2A,7ae14d0df4.jpg,0.8918351020624161,0.31624484
B2A,7ae24e7c92.jpg,0.7295312483467922,0.4928397
B2A,7ae27065e4.jpg,0.632882783412311,0.55519485
B2A,7aec020dba.jpg,0.804625247135664,0.25538844
B2A,7aef765d7c.jpg,0.8681484925148378,0.21757613
B2A,7afb68c270.jpg,0.8343488572616855,0.37678266
B2A,7b2c14d64c.jpg,0.7772925220442014,0.42998633
B2A,7b2df8fad8.jpg,0.7509851830365226,0.435399
B2A,7b2e948dd2.jpg,0.8950883720389445,0.37212598
B2A,7b38a10760.jpg,0.8912601276850421,0.3195041
B2A,7b3dcfc234.jpg,0.7916767356875022,0.3212213
B2A,7b42fe0738.jpg,0.7954810563936671,0.41096258
B2A,7b4f952cda.jpg,0.8109849686438612,0.2632456
B2A,7b563f3da5.jpg,0.8172018382067787,0.2788741
B2A,7b58d64ffe.jpg,0.7723722471916752,0.5144519
B2A,7b6c956002.jpg,0.8302704247761039,0.2539498
B2A,7b78d025c5.jpg,0.849541802196649,0.47223502
B2A,7b7a60c254.jpg,0.8393048384402373,0.21178436
B2A,7b7def398f.jpg,0.85461602451781,0.22921208
B2A,7b8226f09f.jpg,0.7946307085995228,0.5204237
B2A,7b8bc9e046.jpg,0.6616788135751556,0.64484537
B2A,7b8e783020.jpg,0.6916716045041379,0.3017601
B2A,7b95afc20a.jpg,0.8412879793984398,0.2514038
B2A,7b9b6563a7.jpg,0.82555327311105,0.4893148
B2A,7bb4e1593a.jpg,0.6058669725596482,0.4225394
B2A,7bb60f2e2d.jpg,0.7989499745025802,0.29869902
B2A,7bbd0f8f52.jpg,0.9259727435187454,0.31809616
B2A,7bc83c1b56.jpg,0.9113796728365501,0.20321935
B2A,7bdf9996ea.jpg,0.8756254987076719,0.38017797
B2A,7be0db443f.jpg,0.8205441811317,0.3267913
B2A,7be0dc51f4.jpg,0.7923410640709778,0.2352078
B2A,7be0f69dcb.jpg,0.7974727213120779,0.336155
B2A,7bf5288c2b.jpg,0.6787789358203561,0.41398296
B2A,7c008f564f.jpg,0.8103736661886191,0.2350561
B2A,7c0124f967.jpg,0.9413040755424735,0.20579544
B2A,7c0461f641.jpg,0.8433585033195703,0.38438356
B2A,7c049eff70.jpg,0.8523825456497771,0.3467456
B2A,7c0c7a783b.jpg,0.7351390201876392,0.37463444
B2A,7c0d9a98f6.jpg,0.7125491159138283,0.48814818
B2A,7c10f3f57f.jpg,0.7837201654676577,0.44448978
B2A,7c1125ebeb.jpg,0.6620959750771779,0.38494545
B2A,7c1218f676.jpg,0.7047505326546992,0.48016924
B2A,7c15235fb8.jpg,0.832711846210556,0.45127076
B2A,7c156b004d.jpg,0.7965756928730165,0.41017956
B2A,7c1d7c9aa3.jpg,0.8536509864488077,0.23507823
B2A,7c1f2ef952.jpg,0.8872099739185966,0.20614679
B2A,7c1fcdc180.jpg,0.8422390206449424,0.31379893
B2A,7c25e34189.jpg,0.680211027918936,0.4512449
B2A,7c384a7ede.jpg,0.7793916208107374,0.5028446
B2A,7c3b2c256c.jpg,0.7268258584333085,0.551486
B2A,7c3ee3e388.jpg,0.807247183971908,0.2289655
B2A,7c3fbdac59.jpg,0.755885138876424,0.34895223
B2A,7c4766fb03.jpg,0.8596664671355458,0.30792603
B2A,7c5d962322.jpg,0.8873126587651274,0.4832507
B2A,7c63c281ef.jpg,0.7573330328868695,0.32536376
B2A,7c68ca1865.jpg,0.8555952323184991,0.33879828
B2A,7c68ccf32f.jpg,0.7343208377597499,0.40642554
B2A,7c6ab18691.jpg,0.5722988571387518,0.6672207
B2A,7c6cf5181a.jpg,0.7040615427623134,0.36694345
B2A,7c79a1e83e.jpg,0.7660888016090214,0.357416
B2A,7c872ca222.jpg,0.654009966150558,0.5201418
B2A,7c955126e8.jpg,0.770641931898524,0.5087023
B2A,7c9a4f10b2.jpg,0.7527136972506779,0.3483617
B2A,7c9af80795.jpg,0.7281524086199068,0.44609815
B2A,7cb0522881.jpg,0.6540380499918294,0.52669555
B2A,7cb0db442a.jpg,0.8870103266933935,0.4181197
B2A,7cb82fa990.jpg,0.8514325864333353,0.37655264
B2A,7cbf0363dd.jpg,0.8197718585570144,0.4073647
B2A,7cc41853c4.jpg,0.876130905869912,0.20812295
B2A,7ccec75d11.jpg,0.7603547362638156,0.23746632
B2A,7cd2ad5db4.jpg,0.8600965237523367,0.26366198
B2A,7cd7629560.jpg,0.7678205287284477,0.39139253
B2A,7cda318854.jpg,0.7381968604567566,0.37275225
B2A,7cdd5a8c97.jpg,0.7029505776113087,0.43456107
B2A,7ce956f84e.jpg,0.899327512757851,0.21282807
B2A,7cf3257fe1.jpg,0.8420203260264488,0.11736334
B2A,7cf972ca4e.jpg,0.8361070699879569,0.2610129
B2A,7d0b63d4d1.jpg,0.8688863200571026,0.295408
B2A,7d11bc4bb1.jpg,0.9292997462688666,0.33243042
B2A,7d14ae2c83.jpg,0.8522182788255602,0.54181975
B2A,7d1867e979.jpg,0.7501398876327685,0.3278758
B2A,7d33e5e3ac.jpg,0.9043061615568184,0.13692167
B2A,7d3556655c.jpg,0.7760943142829185,0.46456596
B2A,7d438b5b3e.jpg,0.8361986790848395,0.38558364
B2A,7d4e10f395.jpg,0.9103059810013516,0.22994906
B2A,7d65234f6f.jpg,0.6582987791388343,0.493149
B2A,7d696fbb2f.jpg,0.8013345201293081,0.48250195
B2A,7d6dc43485.jpg,0.8659651307730154,0.29962498
B2A,7d71d359f0.jpg,0.8934313047203303,0.22811395
B2A,7d72c4ba28.jpg,0.8836130187659686,0.41077152
B2A,7d7556d1dd.jpg,0.8316302817976009,0.34653437
B2A,7d7d58cea7.jpg,0.6318974018668455,0.5295828
B2A,7d8abbfdbd.jpg,0.8911775520926694,0.45638955
B2A,7d940c442d.jpg,0.8462402879410706,0.39939496
B2A,7d95240653.jpg,0.7840365959099607,0.45472205
B2A,7da4680104.jpg,0.7689363410682323,0.3916797
B2A,7db236abe0.jpg,0.6179149368019569,0.70880014
B2A,7dca327fe8.jpg,0.82252870924492,0.52917653
B2A,7dcb0d04e3.jpg,0.8424553978153725,0.38636017
B2A,7dd8b4a45b.jpg,0.5234583534991302,0.6174506
B2A,7de01293ea.jpg,0.834482968284395,0.44242606
B2A,7dfb072885.jpg,0.7879980532423394,0.3771115
B2A,7e2519dcf1.jpg,0.568632712473606,0.47223675
B2A,7e26c9f22d.jpg,0.8192321682313078,0.3215878
B2A,7e2ad883dd.jpg,0.7094929558352221,0.46159345
B2A,7e2e2533ee.jpg,0.8941496154750368,0.29037234
B2A,7e304fd432.jpg,0.7574425018963907,0.18861723
B2A,7e37685707.jpg,0.8719851204173451,0.18258056
B2A,7e3c9753d2.jpg,0.7615008691655134,0.3327312
B2A,7e6b458841.jpg,0.8582498748501237,0.35609457
B2A,7e77e7ff01.jpg,0.9453915960304269,0.3149615
B2A,7e83030c67.jpg,0.8675886417321983,0.35620874
B2A,7e838e4c19.jpg,0.603992285042568,0.67289436
B2A,7e889d8813.jpg,0.7520967921074763,0.35327074
B2A,7e8e158ba5.jpg,0.7843121799252437,0.38472766
B2A,7e91553d4c.jpg,0.7080027137573714,0.51321816
B2A,7e947e8473.jpg,0.7255167209357141,0.45629126
B2A,7ea12ecf5b.jpg,0.8090219340263534,0.25009874
B2A,7ea8555873.jpg,0.5896160019931198,0.5024948
B2A,7eb9a0d805.jpg,0.7127869559464104,0.53696835
B2A,7ebc0b2351.jpg,0.7942967132021187,0.2861282
B2A,7ebcd7c679.jpg,0.684196209185729,0.430906
B2A,7ec20e8b9a.jpg,0.8668326227706131,0.3258979
B2A,7ede634def.jpg,0.8413309177280163,0.4693869
B2A,7edf7ca60d.jpg,0.6930916830483399,0.59650266
B2A,7ef4f1446b.jpg,0.8754373501269628,0.33689225
B2A,7f019e5373.jpg,0.8504180455632832,0.32443622
B2A,7f02d9fa8f.jpg,0.6845482790665723,0.6057784
B2A,7f12c1cca1.jpg,0.87552571999946,0.32177228
B2A,7f299427bb.jpg,0.7203028300783897,0.37192053
B2A,7f324200d3.jpg,0.8062861373291349,0.47024566
B2A,7f43e66a43.jpg,0.8549110030498237,0.41080588
B2A,7f4e8f04c5.jpg,0.6864149112561061,0.49698508
B2A,7f59dbd120.jpg,0.9053406596272963,0.28840202
B2A,7f60fd12e1.jpg,0.8745198470575103,0.15990365
B2A,7f640e04dc.jpg,0.8264714611343673,0.30935964
B2A,7f78a7aa8c.jpg,0.8135825231379946,0.42389435
B2A,7f7f9dcc20.jpg,0.9115895187169715,0.23661381
B2A,7f9ac1520f.jpg,0.7817613423298905,0.25988248
B2A,7fa151a456.jpg,0.7254995960915706,0.25889197
B2A,7fa2d1f946.jpg,0.8319368103137863,0.20511436
B2A,7fa318179b.jpg,0.7664685961268334,0.32608655
B2A,7fa6e56ff7.jpg,0.8955945183242651,0.28213513
B2A,7fb0f42377.jpg,0.8272726881974304,0.41783124
B2A,7fb171451a.jpg,0.5905480979043943,0.54945433
B2A,7fb1cad955.jpg,0.759896339387405,0.21251842
B2A,7fb9eff147.jpg,0.8963516997883937,0.24837013
B2A,7fc9c15d6c.jpg,0.7756229465129815,0.28006464
B2A,7fd24aaafe.jpg,0.8577040044504667,0.36066622
B2A,7fe10b4018.jpg,0.7050356752995615,0.44592014
B2A,7fe3df6004.jpg,0.8468308829040311,0.25233775
B2A,7ff003370d.jpg,0.7761718163655174,0.31686264
B2A,7ff8dfa2ee.jpg,0.8923655772371344,0.29433945
B2A,7ffc13fa6c.jpg,0.697532716926773,0.67331725
B2A,80056780a6.jpg,0.8962062135326312,0.37180406
B2A,802eeb0575.jpg,0.8292182920635652,0.30029213
B2A,803918db32.jpg,0.9200641807294608,0.3013732
B2A,803cdfa30d.jpg,0.6844933932589733,0.51427644
B2A,8040facbe6.jpg,0.8598259032207226,0.37452823
B2A,80504a22b9.jpg,0.8564388800691841,0.47870398
B2A,805cc692e2.jpg,0.6970660317861861,0.43183497
B2A,805d252a48.jpg,0.8562257220384784,0.37497333
B2A,806723cc78.jpg,0.8356250670581553,0.20389053
B2A,806806cb9a.jpg,0.8622252521346175,0.36928275
B2A,806bcffeb8.jpg,0.8952233852871158,0.28991413
B2A,807412a8c6.jpg,0.7972210950005176,0.48596504
B2A,80ae498dc4.jpg,0.8342999751155373,0.22621104
B2A,80bdb3ebb3.jpg,0.879975294764678,0.20792714
B2A,80c662984e.jpg,0.8276496814213847,0.25462535
B2A,80c7bd98c6.jpg,0.9027718077608557,0.23059008
B2A,80cb714bef.jpg,0.8556453036060677,0.8690754
B2A,80e9db68d7.jpg,0.7076089463279164,0.381578
B2A,80f21f8d80.jpg,0.839465341888425,0.2724873
B2A,80f94c28a2.jpg,0.7318507278353531,0.46206284
B2A,80f9a9d388.jpg,0.5918380055755502,0.40486586
B2A,8101ece7f2.jpg,0.8103454871498947,0.29863143
B2A,8102f2aa02.jpg,0.9419317735199553,0.20104812
B2A,8107391f58.jpg,0.808986885586971,0.3525775
B2A,81167cf39f.jpg,0.8494308859348254,0.27950457
B2A,811d974e6d.jpg,0.7985929381969965,0.53703475
B2A,811f8878b8.jpg,0.7958493159018475,0.47356492
B2A,81212b5fb3.jpg,0.7371852213584384,0.44411272
B2A,812c304d83.jpg,0.6219158353579746,0.5867036
B2A,81389aa2a9.jpg,0.9146541592610824,0.1844266
B2A,81598667e6.jpg,0.6995113216991901,0.39684337
B2A,8159e774de.jpg,0.825332624009327,0.3075547
B2A,815a938f69.jpg,0.8572313414471007,0.22979574
B2A,815ab85a6e.jpg,0.6900837981521392,0.38379171
B2A,816320a79c.jpg,0.6968976032134137,0.5440972
B2A,816941fe05.jpg,0.7287708230677765,0.4258011
B2A,816cf329c2.jpg,0.8343696414743885,0.27517313
B2A,8173072883.jpg,0.9021435442149418,0.241705
B2A,817699d6f7.jpg,0.8459601963828272,0.42442003
B2A,8178110f5e.jpg,0.7946636782038231,0.23301306
B2A,8195d86c30.jpg,0.9055966422378655,0.27428922
B2A,819ced9dae.jpg,0.888236316393808,0.21799918
B2A,81a3f846ba.jpg,0.9422138896161092,0.31742826
B2A,81a5890567.jpg,0.6242551397667548,0.32746926
B2A,81ac7dcf8c.jpg,0.7377636001284,0.29408324
B2A,81acc80772.jpg,0.8240658010813612,0.26219028
B2A,81c035fb44.jpg,0.8738637850111235,0.31601563
B2A,81c57f7151.jpg,0.7352568720775376,0.47774512
B2A,81ce13c3df.jpg,0.9227851907444433,0.28255036
B2A,81da4f11ed.jpg,0.8916678732658123,0.24938932
B2A,81ea0e81ce.jpg,0.7523369902122956,0.32443866
B2A,81ed4d9ff3.jpg,0.6831156904109814,0.41716576
B2A,81fb53e37a.jpg,0.5252521150456968,0.38377482
B2A,81ff0aefc6.jpg,0.8232486745196845,0.27126032
B2A,82040426b5.jpg,0.7856083162607757,0.65479344
B2A,8220d80950.jpg,0.7541012570230831,0.5437729
B2A,822552115b.jpg,0.7343419849209517,0.36310422
B2A,822947ecb1.jpg,0.8039494929591554,0.26539066
B2A,82367ab4d2.jpg,0.7400575789626059,0.53490806
B2A,8248de6066.jpg,0.7969115226673603,0.3499965
B2A,824bed3f95.jpg,0.9194918867947423,0.32514918
B2A,82634a2ae8.jpg,0.8827662386501345,0.2813797
B2A,82693740f1.jpg,0.6213933932464385,0.67642915
B2A,8277fe2e16.jpg,0.6888070370345082,0.42806077
B2A,827d49d009.jpg,0.9353764144929003,0.17994028
B2A,8296beac40.jpg,0.8316975983741037,0.27752548
B2A,829836a509.jpg,0.7070928218999929,0.3438623
B2A,8298b9a8d8.jpg,0.8161252655916676,0.29957962
B2A,829903c6c6.jpg,0.8073179509515849,0.34361002
B2A,82af83a14d.jpg,0.6750526305366246,0.3604031
B2A,82b669c385.jpg,0.7909680182527251,0.32395652
B2A,82bef71a05.jpg,0.7498270451420925,0.2827389
B2A,82c327e9d4.jpg,0.7886021712170891,0.46123874
B2A,82decad964.jpg,0.597399249440845,0.48952234
B2A,82e260b45d.jpg,0.9207921454055495,0.27343503
B2A,82e41780fb.jpg,0.6527127322174615,0.41905153
B2A,82e82a8357.jpg,0.8386968725284079,0.31993175
B2A,82eed08641.jpg,0.8278888572893746,0.35857165
B2A,82f5266958.jpg,0.8645266949161239,0.46741238
B2A,82fcbee767.jpg,0.8559906650253728,0.32439107
B2A,8304fdf299.jpg,0.7551076382404155,0.53613216
B2A,830926071b.jpg,0.7445735381623527,0.5109865
B2A,8309cebb11.jpg,0.8579627515933477,0.3197152
B2A,830d6a9af8.jpg,0.7911264897297067,0.38686296
B2A,8310e4a528.jpg,0.8421177494376675,0.2689946
B2A,831831cd60.jpg,0.7702919710503772,0.51318324
B2A,833684a09f.jpg,0.8658500473771124,0.20425308
B2A,8340918985.jpg,0.9346239499783021,0.12916428
B2A,834324b28d.jpg,0.6956476970359081,0.56506616
B2A,834d25dc3a.jpg,0.6471345372032838,0.42255783
B2A,835bec911b.jpg,0.8577378705793218,0.24520436
B2A,8369977ac5.jpg,0.8734301188380764,0.23615183
B2A,8371a80fc5.jpg,0.7899529825634851,0.31818384
B2A,838707bb83.jpg,0.6221687564794535,0.64425474
B2A,83871aecf1.jpg,0.9000775356373316,0.29442233
B2A,839167629f.jpg,0.739311745349178,0.34108058
B2A,8399fa40c0.jpg,0.7899023117658442,0.4263112
B2A,83a22608d9.jpg,0.6537613394473535,0.44817024
B2A,83b450115e.jpg,0.8865496246193552,0.15981476
B2A,83b513a9f5.jpg,0.9378806098166644,0.17568268
B2A,83b5cb7823.jpg,0.9176040317109734,0.19977854
B2A,83ca4e5d68.jpg,0.7840556625641458,0.51553863
B2A,83cf828aa6.jpg,0.8589013886534909,0.39643183
B2A,83d2597f51.jpg,0.7027567716706326,0.3240537
B2A,83e571e3af.jpg,0.49472177456714744,0.6028403
B2A,83e9d62ff0.jpg,0.7013524607564753,0.5255916
B2A,83ed90d1d7.jpg,0.8749913771975427,0.29743993
B2A,83f5024bcd.jpg,0.8048290269581809,0.23947778
B2A,83f55b4d2e.jpg,0.7619433019970112,0.36822796
B2A,83f5a65548.jpg,0.8906810100029704,0.2126434
B2A,83f6286883.jpg,0.5457354529776309,0.5124049
B2A,8400927e5f.jpg,0.9202271264150083,0.24352324
B2A,840a22679d.jpg,0.7310205693177484,0.4078492
B2A,8410764670.jpg,0.7409937526934949,0.27571106
B2A,8417b9ba5d.jpg,0.7249902754324001,0.37862587
B2A,842796e8dd.jpg,0.7849150506796073,0.31754452
B2A,84356275c7.jpg,0.8672077442591569,0.30542213
B2A,843b6f2a18.jpg,0.8916470837427092,0.4561519
B2A,843d7a0966.jpg,0.6377791351600437,0.46098134
B2A,843f66f77e.jpg,0.7311785380008791,0.4185286
B2A,84484a24e0.jpg,0.7925080945923377,0.51742274
B2A,84553b740b.jpg,0.8555060024593965,0.3816014
B2A,84637eb98b.jpg,0.913629718804711,0.21035422
B2A,8474d317e3.jpg,0.7299351924516796,0.41064918
B2A,847da6b705.jpg,0.723599964288499,0.45435542
B2A,8480e5bae2.jpg,0.8983394586354863,0.2995798
B2A,849b958fa3.jpg,0.8961554601245554,0.27245516
B2A,849d054ce5.jpg,0.8870263871113233,0.47663
B2A,84acf0ee3f.jpg,0.6902553425755975,0.5906788
B2A,84c2400c39.jpg,0.8615589404346381,0.2056812
B2A,84c4d10f39.jpg,0.932531166639362,0.1906996
B2A,84cae20e39.jpg,0.8315066472873445,0.2729424
B2A,84cb45938b.jpg,0.7357740503845528,0.56255066
B2A,84cd781c32.jpg,0.8357053170276187,0.30576885
B2A,84dad4b872.jpg,0.8619449030505324,0.43737
B2A,84df271806.jpg,0.6028487112668216,0.54973084
B2A,84ee633e7a.jpg,0.871631356481262,0.20959546
B2A,84f1a78c0a.jpg,0.6544042040179017,0.45834237
B2A,84f5b38537.jpg,0.7874164927409062,0.42993495
B2A,84fd2747e7.jpg,0.8573628580427652,0.32161498
B2A,85011baf6a.jpg,0.7135499887620625,0.3714019
B2A,850cb18db0.jpg,0.7613052716628312,0.47571573
B2A,8511eb45e8.jpg,0.8281272159972441,0.44646606
B2A,851c2742d9.jpg,0.8737601743348885,0.17231393
B2A,8526c7d445.jpg,0.6283993629272011,0.59354514
B2A,852771e943.jpg,0.7780284389021622,0.5572176
B2A,8527919cc8.jpg,0.6671261794157682,0.6334143
B2A,852ced6303.jpg,0.8740203925012991,0.27544293
B2A,85377f86af.jpg,0.6252503921351587,0.5031326
B2A,8562b1ef80.jpg,0.8508353605952932,0.27078593
B2A,8565668373.jpg,0.8500365901136527,0.3366026
B2A,8574055650.jpg,0.8074476428718949,0.30805078
B2A,8576320b13.jpg,0.7059877021548635,0.4195646
B2A,8584d4b75f.jpg,0.6857222150286041,0.23384005
B2A,8593b23e01.jpg,0.7490166510930705,0.3547388
B2A,8597aec3c1.jpg,0.6546136028445025,0.5534431
B2A,8598af15a5.jpg,0.6770708839160865,0.48077545
B2A,85b3353572.jpg,0.9036927980328588,0.2870901
B2A,85d1493cb9.jpg,0.8621472171863569,0.2990151
B2A,85d4c7d44e.jpg,0.904617292291597,0.2457784
B2A,860986c993.jpg,0.8832686961415909,0.19490987
B2A,8609912dd5.jpg,0.8419183244169492,0.25420555
B2A,8610a242cf.jpg,0.7151804389435141,0.40166205
B2A,86146960bc.jpg,0.6111743831519695,0.71503186
B2A,86149e3c8a.jpg,0.8270260890960733,0.35254776
B2A,8623f11b69.jpg,0.8996810629961165,0.2442444
B2A,8635c1c560.jpg,0.8737203668778026,0.14649765
B2A,8656e512bc.jpg,0.8417281927983978,0.23687106
B2A,866ca5455c.jpg,0.712250832886645,0.5274246
B2A,8676768de2.jpg,0.8202864815809844,0.43085873
B2A,86777200f8.jpg,0.609163421553868,0.5119917
B2A,868b7d7c85.jpg,0.7887928915252571,0.40376443
B2A,868fdaaa01.jpg,0.7672705326645443,0.36981824
B2A,86913ad2d6.jpg,0.8660799397099362,0.20281124
B2A,869e7e9177.jpg,0.8790700983305284,0.33142903
B2A,869f7517fb.jpg,0.8728216142298466,0.34299487
B2A,86a8147985.jpg,0.6032112350948721,0.6291999
B2A,86b0a365e5.jpg,0.6576461215765794,0.40878803
B2A,86c26de778.jpg,0.8876495724650445,0.16626766
B2A,86c699eff0.jpg,0.8291050683325645,0.33309093
B2A,86cb9f2483.jpg,0.8735428934557923,0.27626237
B2A,86d8a1d9ba.jpg,0.7245943930721082,0.49681082
B2A,86e66ceaf1.jpg,0.7803394721777773,0.46333966
B2A,86ecbea286.jpg,0.7579858398703198,0.54285336
B2A,86f8a2e90f.jpg,0.7897841292252813,0.25529662
B2A,86f9aceace.jpg,0.6448445767820727,0.4035952
B2A,87016c0800.jpg,0.7119909732329065,0.4176392
B2A,8705ef9d26.jpg,0.6732747673302057,0.46967912
B2A,87139410be.jpg,0.7812984471705589,0.34449515
B2A,8728db54dc.jpg,0.8415710334324232,0.21834624
B2A,8738881ad2.jpg,0.7613781852448457,0.36778966
B2A,873e430467.jpg,0.7189648016495863,0.37673652
B2A,87483aa57b.jpg,0.918486298139434,0.44062078
B2A,875b07f673.jpg,0.8665456297455725,0.23249707
B2A,87673f1feb.jpg,0.7912778590124658,0.46207625
B2A,877501f570.jpg,0.6764232816308613,0.41123703
B2A,8783576bd7.jpg,0.8206060846962006,0.3824462
B2A,878f3c49e1.jpg,0.6954771230885008,0.41045657
B2A,8795783436.jpg,0.6272330847521403,0.30916452
B2A,87991ccf48.jpg,0.8573192167241953,0.41930318
B2A,87a4e88d93.jpg,0.5671922691593484,0.47776082
B2A,87a97f497a.jpg,0.8309031009607477,0.33142096
B2A,87cc143c4d.jpg,0.7421585514953275,0.25866455
B2A,87cdccc1ec.jpg,0.8365432481184915,0.1649231
B2A,87dbe31f97.jpg,0.7056984595484188,0.26546186
B2A,87dec6234c.jpg,0.7577749913589176,0.25665915
B2A,87e1ce5b0e.jpg,0.8271909482249662,0.37757495
B2A,87e821d849.jpg,0.8454289491942065,0.25270578
B2A,87edc083e0.jpg,0.5399284674820557,0.66870326
B2A,87f1d5e9a7.jpg,0.8462787933075891,0.27511185
B2A,8802d98b14.jpg,0.740489775633135,0.42746595
B2A,8802f617cf.jpg,0.6443983201739186,0.56237173
B2A,8803b67dfb.jpg,0.5800562461151969,0.32379797
B2A,880c9f0f1c.jpg,0.9006918161689759,0.18879743
B2A,880e0f6c15.jpg,0.8556419567656713,0.3092243
B2A,880f24ca7d.jpg,0.7946184718321022,0.44505262
B2A,881359fdc7.jpg,0.7838786653464035,0.35806924
B2A,882ad01587.jpg,0.8529989879025527,0.1967078
B2A,882d8f1a40.jpg,0.921146472605111,0.2708298
B2A,882fc1371a.jpg,0.7437590843474458,0.53278774
B2A,8833519aba.jpg,0.6799642608719051,0.54219157
B2A,883cda372c.jpg,0.9037599717689537,0.43588015
B2A,884d210d61.jpg,0.6579428145087234,0.39048457
B2A,88536f79ce.jpg,0.7863699285418285,0.36606336
B2A,885e53b9d5.jpg,0.7036218984891713,0.45439598
B2A,8868ba6b14.jpg,0.8616552534805113,0.28548437
B2A,888af43803.jpg,0.7882887862920068,0.31793997
B2A,88985ea668.jpg,0.7696392627969135,0.34408927
B2A,88a1e7af18.jpg,0.8227807237862617,0.35243234
B2A,88b06853f1.jpg,0.8962514522057875,0.22613353
B2A,88bd59eca7.jpg,0.9274618856457918,0.116951145
B2A,88c8c49c36.jpg,0.8182356047882262,0.32506612
B2A,88ca143dc7.jpg,0.8316369888515511,0.49115357
B2A,88d3d38aed.jpg,0.704261883542157,0.2121401
B2A,88eced0e8e.jpg,0.805074114602394,0.3424961
B2A,88f733fe78.jpg,0.6831751479112019,0.34528026
B2A,8914946e64.jpg,0.9346644297675448,0.25588697
B2A,891913c343.jpg,0.9201210802397228,0.13160902
B2A,8936c9c89c.jpg,0.7462648590144771,0.4070088
B2A,893f5b62a6.jpg,0.6567693021490209,0.5605925
B2A,89578c6353.jpg,0.7956794241796351,0.47857663
B2A,8973eff964.jpg,0.8109428778094285,0.28700763
B2A,898a35149a.jpg,0.8411376049009504,0.31694877
B2A,899b7f7521.jpg,0.6837413628392299,0.4483282
B2A,899e306a16.jpg,0.7845563378321939,0.24526227
B2A,899f4a9c68.jpg,0.6415295824778653,0.39111692
B2A,89ab7af8ec.jpg,0.9489561180478224,0.21343155
B2A,89b5450ec4.jpg,0.9019440733675396,0.1646538
B2A,89c7dcd73a.jpg,0.8468319218910221,0.4565461
B2A,89ce60258b.jpg,0.817333083624021,0.44981283
B2A,89deacf521.jpg,0.7321957082749146,0.42128187
B2A,8a01bb88d9.jpg,0.7795019430928649,0.36727405
B2A,8a09c3fbff.jpg,0.5940239827182557,0.47260576
B2A,8a0d049fdb.jpg,0.8200336831992538,0.3157816
B2A,8a38d33eb9.jpg,0.8951920059657743,0.17253947
B2A,8a4c8c7581.jpg,0.8521058396939283,0.28789234
B2A,8a68577ae9.jpg,0.726482799322562,0.52501404
B2A,8a6a134b6e.jpg,0.8818438005191311,0.1941628
B2A,8a6a17661a.jpg,0.9201800439867628,0.23272541
B2A,8a6f40ebc6.jpg,0.6948135477324859,0.6151438
B2A,8a70493b60.jpg,0.855484034729177,0.37753183
B2A,8a7c211597.jpg,0.7946303382329784,0.570292
B2A,8a8801feb9.jpg,0.6780043624586629,0.48375148
B2A,8a935bef79.jpg,0.8093567740076035,0.42877805
B2A,8a987f711b.jpg,0.8419809235320547,0.3020573
B2A,8a9d3ff7fa.jpg,0.7571547765384937,0.5846564
B2A,8ab1eaa5f0.jpg,0.6987756452893735,0.40733403
B2A,8ae4265cd3.jpg,0.8846102131980341,0.22815984
B2A,8ae8564344.jpg,0.8257478100103024,0.28263077
B2A,8af0546eb3.jpg,0.741882333817353,0.3912011
B2A,8af291a241.jpg,0.7995919094642914,0.46213487
B2A,8afd46824b.jpg,0.7120497680961576,0.5069622
B2A,8afd5933d9.jpg,0.9604706766546878,0.1953498
B2A,8b10c7ce5b.jpg,0.8930798839042627,0.19917825
B2A,8b34d93323.jpg,0.7634820658376945,0.5204843
B2A,8b3830949d.jpg,0.8768513386222002,0.40512136
B2A,8b3fb4a823.jpg,0.9390986625550554,0.23965426
B2A,8b41c19587.jpg,0.7885746149232087,0.44641757
B2A,8b4acbb780.jpg,0.854836106101606,0.3287755
B2A,8b554cd034.jpg,0.783604894799711,0.2848029
B2A,8b62a7dd7a.jpg,0.8395808448303975,0.26957554
B2A,8b641a3afe.jpg,0.69680003440793,0.39835277
B2A,8b6a8bf9f6.jpg,0.7307093039308735,0.46641418
B2A,8b6dd12ee0.jpg,0.5319703948021365,0.5341785
B2A,8b6f332ed2.jpg,0.9129629051188102,0.23438394
B2A,8b85d214a5.jpg,0.8102019711518396,0.3775247
B2A,8b8987492f.jpg,0.5677061273094219,0.47383037
B2A,8b8fc600dc.jpg,0.7937377300234675,0.54877025
B2A,8b997cbee6.jpg,0.7173792598486327,0.51391333
B2A,8bb6428221.jpg,0.806305219212812,0.19490045
B2A,8bb91472c8.jpg,0.9018364861669256,0.21154808
B2A,8be1dad77a.jpg,0.8626981098080553,0.21539539
B2A,8be3f02dae.jpg,0.7297781595244152,0.3688196
B2A,8be8d9c7fe.jpg,0.9166759252845204,0.2172717
B2A,8bf1c2db03.jpg,0.8930103843359889,0.14748235
B2A,8bfb3ef6f7.jpg,0.8386815436762693,0.3167356
B2A,8bfc8d6970.jpg,0.8565866273067719,0.31564265
B2A,8c03f9790e.jpg,0.7733830734982835,0.4836769
B2A,8c1f68d7c0.jpg,0.6859266423382697,0.5450369
B2A,8c2dcd04ce.jpg,0.5951598293330155,0.31319535
B2A,8c38df7eda.jpg,0.8034801615551184,0.31130564
B2A,8c39fccc0c.jpg,0.8573205886974523,0.36481887
B2A,8c3f71bb3d.jpg,0.8588656264153319,0.41077074
B2A,8c5385298d.jpg,0.8114652377715846,0.1934421
B2A,8c56566f1b.jpg,0.8824328092038948,0.33175963
B2A,8c58319212.jpg,0.9153476396161873,0.23202986
B2A,8c587af1d9.jpg,0.8031428249691386,0.19512405
B2A,8c59a24ec4.jpg,0.6662493984980216,0.41689375
B2A,8c69c81d62.jpg,0.8102828399777573,0.65128607
B2A,8c6fe9b698.jpg,0.5195718066923378,0.61781186
B2A,8c7de9cb64.jpg,0.8796440503304002,0.3042816
B2A,8c81e05b8b.jpg,0.7241491382124595,0.38647583
B2A,8c8961cabb.jpg,0.7936014125787512,0.34385395
B2A,8c967453de.jpg,0.8663672491765628,0.42237183
B2A,8c97b5d5f3.jpg,0.7736038432423774,0.39814743
B2A,8c98a42872.jpg,0.8399573587725928,0.3569858
B2A,8c9b7944d9.jpg,0.7187585860628596,0.36194438
B2A,8c9da54f5e.jpg,0.8357637915080548,0.3009873
B2A,8cbb7fead2.jpg,0.8421434842667286,0.37085536
B2A,8cc036746a.jpg,0.6653616115867558,0.21456358
B2A,8cc1fedf0f.jpg,0.5278471958878358,0.5643287
B2A,8ccb1f6067.jpg,0.845069108915557,0.22312994
B2A,8cefb5476f.jpg,0.8207833675990706,0.3553115
B2A,8cf1ff221a.jpg,0.9425515697580118,0.27998444
B2A,8cf3dc8532.jpg,0.6300429949655451,0.4870674
B2A,8d05da85a2.jpg,0.7753814920573509,0.50548774
B2A,8d1d0c152a.jpg,0.7828656495519639,0.3831698
B2A,8d297a6fba.jpg,0.6757226317252085,0.5138284
B2A,8d373e4f08.jpg,0.854119894500478,0.2870459
B2A,8d395f773d.jpg,0.8577307826585708,0.29700977
B2A,8d398d8077.jpg,0.7315616680283159,0.4321023
B2A,8d4d305053.jpg,0.7706735556569329,0.36636704
B2A,8d511d593a.jpg,0.780086734294113,0.41107872
B2A,8d7cc55987.jpg,0.818284648613325,0.29400617
B2A,8d8535b155.jpg,0.7961594230776335,0.26051766
B2A,8d868ee80d.jpg,0.6235070940981747,0.42971718
B2A,8d8cf10470.jpg,0.7296310704564769,0.53017783
B2A,8da436b074.jpg,0.7452139456942068,0.57146364
B2A,8dac996304.jpg,0.6211641715321172,0.5073193
B2A,8db1c9c782.jpg,0.7699885482619898,0.26161045
B2A,8de4267ea0.jpg,0.7339485080367064,0.25416762
B2A,8defb17876.jpg,0.7683744483958398,0.25762317
B2A,8dfd4b4562.jpg,0.8609579527117909,0.26705962
B2A,8e042bb3e6.jpg,0.6895252279849264,0.37636423
B2A,8e1472c0ac.jpg,0.8321057511378539,0.5404067
B2A,8e19cd143b.jpg,0.7389104029603896,0.56226
B2A,8e218bbeee.jpg,0.8823176818073382,0.2000825
B2A,8e27c58e8b.jpg,0.893174489595804,0.2609931
B2A,8e27cd8afb.jpg,0.7796511159019289,0.34196764
B2A,8e30baf5ae.jpg,0.8793716090857038,0.20051265
B2A,8e3b41a3a0.jpg,0.9052592047414739,0.20091929
B2A,8e3fd7ff09.jpg,0.693207846776131,0.54047066
B2A,8e51d5867f.jpg,0.8135736416251168,0.3893842
B2A,8e6e5f8078.jpg,0.6831366797930624,0.39100164
B2A,8e79534b0c.jpg,0.6723882032743935,0.42721036
B2A,8e876bd586.jpg,0.890418490786326,0.27821022
B2A,8e95ef6636.jpg,0.8561009750140653,0.4490579
B2A,8ea3121111.jpg,0.6017144894175899,0.42855233
B2A,8ea33353d8.jpg,0.8678868160146209,0.3078652
B2A,8eabde45df.jpg,0.8190915477411567,0.4212436
B2A,8eaf38146d.jpg,0.7726383392520264,0.36372745
B2A,8ebecab630.jpg,0.745408106214351,0.25608233
B2A,8ec934ab7a.jpg,0.871277908803344,0.19392525
B2A,8ed9adc2f8.jpg,0.7129242130454484,0.44706133
B2A,8edfe6d708.jpg,0.8568530111317096,0.3547731
B2A,8ee24544da.jpg,0.8147902029775528,0.3360601
B2A,8ef3c11446.jpg,0.7787061919787511,0.290424
B2A,8ef6d21430.jpg,0.863882137738804,0.41076458
B2A,8ef84910a6.jpg,0.8547271111768899,0.2984448
B2A,8f0403e2cf.jpg,0.7442876899773998,0.42370665
B2A,8f0aa160cb.jpg,0.8196551955498845,0.5091069
B2A,8f250ece01.jpg,0.8785718457742061,0.45540753
B2A,8f2af16e7b.jpg,0.8812183489780604,0.21332979
B2A,8f3be0fbeb.jpg,0.7746597080900709,0.5339724
B2A,8f564a0a48.jpg,0.8455792226421226,0.29769975
B2A,8f59672761.jpg,0.855707212932835,0.3419712
B2A,8f62691292.jpg,0.9260514570340276,0.21559137
B2A,8f651ee326.jpg,0.7033167487709826,0.4326425
B2A,8f67825151.jpg,0.6679363161842795,0.33612332
B2A,8f6daedb85.jpg,0.8685000981138045,0.38144788
B2A,8f78274408.jpg,0.7473580034159957,0.2910707
B2A,8f7bb4da8c.jpg,0.9067238460215737,0.31408396
B2A,8f8bdab0d3.jpg,0.8904344377841278,0.19313899
B2A,8f9c1bf59c.jpg,0.86117437903098,0.34171778
B2A,8f9cc89fc1.jpg,0.732298013914812,0.46152753
B2A,8fa21cc3ae.jpg,0.8442618456761145,0.3713323
B2A,8fbd39a41f.jpg,0.8267122941203435,0.1975348
B2A,8fbfe7bc3e.jpg,0.6243139937025849,0.42160937
B2A,8fc153c94e.jpg,0.9012567132736848,0.24558556
B2A,8fc1a3d804.jpg,0.9039507352484676,0.43230575
B2A,8fc60f7bef.jpg,0.763433060524499,0.45951337
B2A,8fc6680c4a.jpg,0.741038508694211,0.5493095
B2A,8fc9fce9f2.jpg,0.6666735127572743,0.458732
B2A,8fd6e74ab9.jpg,0.7923400377653302,0.3381842
B2A,8fdc8f747e.jpg,0.9047171954532479,0.30627614
B2A,8fe1fb621d.jpg,0.8317948088002002,0.46272865
B2A,8ff2ab81b2.jpg,0.8775231317171623,0.3004412
B2A,8ffa6382e9.jpg,0.7053135861219887,0.38525566
B2A,900c842af7.jpg,0.9190223228784358,0.30617952
B2A,9010105f3d.jpg,0.6944564401363836,0.4792983
B2A,90268e092b.jpg,0.8094972487661755,0.21243885
B2A,9028fc10c7.jpg,0.8300013999075068,0.43350336
B2A,9048e6e0d1.jpg,0.7683814658603343,0.45319748
B2A,904a21697e.jpg,0.7217081062447119,0.45903486
B2A,904f5a5276.jpg,0.9326662905557107,0.2795943
B2A,9050e1c0e6.jpg,0.873112097695057,0.17780852
B2A,9071c99f67.jpg,0.9167087924683763,0.2750962
B2A,9079fe9d9c.jpg,0.6962039182641079,0.38851753
B2A,907cd5e630.jpg,0.7152094496048031,0.42624468
B2A,907d9cf180.jpg,0.8294831447455783,0.3425637
B2A,909ae89f4d.jpg,0.9105542392099091,0.23899087
B2A,90a6484491.jpg,0.744644076925505,0.38941118
B2A,90aa881d59.jpg,0.8559169559497322,0.39174017
B2A,90b3c6c885.jpg,0.8105525011163346,0.3743305
B2A,90b9257df4.jpg,0.7045844819658548,0.5244969
B2A,90bc360c57.jpg,0.8693452484904978,0.24923725
B2A,90bdbd6631.jpg,0.5182930850027041,0.6260203
B2A,90c00b0a8c.jpg,0.8743262763948952,0.3065573
B2A,90c9cd3fe8.jpg,0.8264147117170759,0.3029259
B2A,90cbc5b0a2.jpg,0.7624060069308307,0.43574965
B2A,90d00e4130.jpg,0.6567444872711878,0.38506323
B2A,90d2b880b2.jpg,0.65603565711384,0.47594503
B2A,90e072864e.jpg,0.8329276918300744,0.4311996
B2A,90e1c5d57a.jpg,0.6854733694016414,0.6035782
B2A,90e5ba5fe4.jpg,0.7124325099015039,0.5151215
B2A,90fa0a2900.jpg,0.7298259148942078,0.37721545
B2A,90fc280b72.jpg,0.8790868720703594,0.3205391
B2A,9105102bc4.jpg,0.8285265934620669,0.52102774
B2A,910e1f900e.jpg,0.7172622799743626,0.39412296
B2A,911af8c237.jpg,0.7814538611813432,0.36486706
B2A,9128a67589.jpg,0.8286411446580931,0.4402523
B2A,912f47efb6.jpg,0.6348036281434967,0.44790867
B2A,912f7c8917.jpg,0.8664072683725195,0.29662436
B2A,9138142611.jpg,0.6983950144777289,0.36004204
B2A,914d6701fb.jpg,0.9577497310464017,0.23946409
B2A,915666f75a.jpg,0.7849813882261077,0.35081825
B2A,915b936cdd.jpg,0.7599003749351255,0.37853447
B2A,91633d4951.jpg,0.8264895087083521,0.40458405
B2A,916ae3f734.jpg,0.8011907287110496,0.37030733
B2A,916ba9d722.jpg,0.7188299299632019,0.39394864
B2A,916caf5698.jpg,0.7054661706393608,0.62006646
B2A,917f384f27.jpg,0.8534794902040412,0.34442496
B2A,91847ec212.jpg,0.6861703452656365,0.5648811
B2A,9186f2f6bf.jpg,0.9168136149616117,0.12647662
B2A,91916e6337.jpg,0.8252864992571736,0.23739444
B2A,9194cac2c2.jpg,0.8626432971251159,0.2443083
B2A,91a6a513e8.jpg,0.8901245446760332,0.36457908
B2A,91bd17ebc1.jpg,0.6400532650948538,0.5623403
B2A,91c0fb330a.jpg,0.8364790824345253,0.2823286
B2A,91c4ec2938.jpg,0.8096199629418385,0.294483
B2A,91caa42854.jpg,0.8376664103659992,0.3109486
B2A,91cdf3c9ec.jpg,0.7591485197440897,0.3077057
B2A,91cef72c5d.jpg,0.7231646571373826,0.3961144
B2A,91cf22742c.jpg,0.7444000162458037,0.4786848
B2A,91d1476220.jpg,0.6748088082911304,0.31646183
B2A,91dbb69203.jpg,0.8366907472114747,0.30867913
B2A,91e43a72c3.jpg,0.7878071004956146,0.21210523
B2A,91edaa90e8.jpg,0.6881880879492355,0.45866132
B2A,9203f9070e.jpg,0.8155401025243978,0.44025186
B2A,921e0c98a4.jpg,0.8830997683645483,0.37770402
B2A,922e075696.jpg,0.823865374262906,0.29560927
B2A,924309267b.jpg,0.8345375739011598,0.32199213
B2A,9258ed4e17.jpg,0.6543151070190556,0.54019535
B2A,926fabe094.jpg,0.5674624411466,0.5737715
B2A,92884da831.jpg,0.8447318896735476,0.272651
B2A,9293bb3ab1.jpg,0.9116902307482256,0.19992849
B2A,9295c73f10.jpg,0.9103022921656478,0.28064355
B2A,92a4544fb1.jpg,0.729350716689051,0.3206053
B2A,92a77e056a.jpg,0.8485695421234178,0.29490492
B2A,92ad835b19.jpg,0.48169586896239375,0.5131686
B2A,92b15f83a3.jpg,0.7886788357076522,0.407943
B2A,92b4f542a8.jpg,0.8772319322015276,0.22911336
B2A,92c3fd59e9.jpg,0.9206203551091408,0.18859667
B2A,92c7aa40d9.jpg,0.8591634324468487,0.2944048
B2A,92cb1b612c.jpg,0.8671181970268333,0.25204378
B2A,92d2f773ea.jpg,0.720294970774524,0.39358243
B2A,92d9a71a35.jpg,0.828185511436805,0.5736481
B2A,92dacc55c5.jpg,0.8665853894316597,0.55278486
B2A,93132bc39a.jpg,0.6009914440886726,0.45192802
B2A,931e9f62be.jpg,0.5402526262513744,0.4113497
B2A,93228e23b7.jpg,0.8755359584744877,0.21218257
B2A,932f681182.jpg,0.8363634049208629,0.4071652
B2A,93404abb02.jpg,0.806372697872213,0.23110396
B2A,935b664420.jpg,0.8970516372109235,0.24123663
B2A,935b850c7b.jpg,0.8873562135797795,0.21584377
B2A,936086c2fb.jpg,0.762527160492695,0.29470667
B2A,9368bfbb0d.jpg,0.6672319323356444,0.5560368
B2A,9384f0381d.jpg,0.8341868240369972,0.27474964
B2A,938d0ba34c.jpg,0.7948446679895143,0.5363951
B2A,938fb66016.jpg,0.9038875043566716,0.24321623
B2A,9394218ff6.jpg,0.6822555547433999,0.3901027
B2A,9395512e4e.jpg,0.7665357900218754,0.45026696
B2A,939f31a928.jpg,0.7129239381799156,0.39103293
B2A,93a901666e.jpg,0.7466647254450506,0.3419733
B2A,93b37e6702.jpg,0.8719310655743311,0.30548885
B2A,93b7f31cb9.jpg,0.9639208092249262,0.16740236
B2A,93bd999d11.jpg,0.5682853296111336,0.7891959
B2A,93c641ad5b.jpg,0.8441464700968426,0.24734707
B2A,93d77f649a.jpg,0.9060818932973214,0.52011204
B2A,93fa7e2d2e.jpg,0.49292313445964836,0.635968
B2A,93fd6bcbb4.jpg,0.7529125076914016,0.30795935
B2A,9404bff3b5.jpg,0.9028525323010926,0.17735474
B2A,9406f2a468.jpg,0.7708511672781777,0.38460797
B2A,940ebfcf33.jpg,0.9356736277892851,0.39801022
B2A,9412b74bf7.jpg,0.6476082359545321,0.3649144
B2A,941fe1adf7.jpg,0.8891872073543622,0.25077027
B2A,94224752b4.jpg,0.8783878346905206,0.29921174
B2A,94263d971f.jpg,0.9344921063542422,0.3205107
B2A,9427fc76b9.jpg,0.8514066866163046,0.27246433
B2A,944398f81d.jpg,0.8414947011524685,0.26925868
B2A,944bee3f77.jpg,0.583075777004659,0.58565825
B2A,94502f184f.jpg,0.8398665584016566,0.38428208
B2A,946dd1bb4b.jpg,0.8282140601754427,0.48322654
B2A,946e0d3cf2.jpg,0.8592712385547672,0.30437678
B2A,9470dd8aac.jpg,0.7707608553340485,0.4214776
B2A,947ecf90b9.jpg,0.8822340603591999,0.32786357
B2A,94882d1992.jpg,0.8931299033130891,0.23463856
B2A,94979ec8c0.jpg,0.940846684298935,0.16137323
B2A,949d934747.jpg,0.8692337094524794,0.23302671
B2A,94af688583.jpg,0.7549789575254464,0.5579783
B2A,94b20d92c2.jpg,0.675407119279414,0.6510091
B2A,94b3dc2840.jpg,0.5944265505013421,0.5919564
B2A,94cc7a8697.jpg,0.68838390567216,0.4175446
B2A,94cf38462b.jpg,0.7465234080980266,0.18476304
B2A,94e066f2b3.jpg,0.9223068046156706,0.22236815
B2A,94e1a09e64.jpg,0.7392444047427152,0.39563802
B2A,94ed902431.jpg,0.8370990525558039,0.3268653
B2A,94ef9bc8f4.jpg,0.8506282931459584,0.3927082
B2A,94f272fbc2.jpg,0.9204098598596907,0.36806172
B2A,94f6b65afa.jpg,0.8934406233214165,0.5644827
B2A,951804d699.jpg,0.7834430363051432,0.30476838
B2A,95186389f6.jpg,0.8182214510917603,0.36020696
B2A,9525ce824a.jpg,0.8516884426078375,0.27058628
B2A,952d99f5b0.jpg,0.7000024128026814,0.42173624
B2A,953b1317cb.jpg,0.7572077447292017,0.624719
B2A,9549a2e85c.jpg,0.6247952041995463,0.54497325
B2A,954cbfbad6.jpg,0.6892296587016211,0.6054657
B2A,955d88b9a7.jpg,0.717108878301614,0.41607004
B2A,9562727728.jpg,0.7723136594265999,0.2805386
B2A,957ae02f79.jpg,0.7688537844468264,0.43674704
B2A,957b22a3a7.jpg,0.8544811178645055,0.36142778
B2A,9588a52282.jpg,0.6872065190461766,0.6283029
B2A,95900a984f.jpg,0.5777777305758348,0.5276149
B2A,9593d730f2.jpg,0.7466871574736609,0.24040997
B2A,95a66b0d9b.jpg,0.9165549277548832,0.24428646
B2A,95a6bdb3bf.jpg,0.8330960149173886,0.33643588
B2A,95a7ed2155.jpg,0.7958068300577181,0.31075543
B2A,95a9fadd8f.jpg,0.8771267656453213,0.23181497
B2A,95aaf0fbbd.jpg,0.6883462242841893,0.41081643
B2A,95b2119fa9.jpg,0.768427685181777,0.4663051
B2A,95b317a33d.jpg,0.80716098085625,0.3186459
B2A,95b6abfcee.jpg,0.8737385623690731,0.30297932
B2A,95c438e906.jpg,0.8297575241701093,0.34501314
B2A,95d494f4ae.jpg,0.9242557709939092,0.121170275
B2A,95d4cb8eca.jpg,0.9289114028928207,0.2709238
B2A,95deeeec90.jpg,0.8962595918205015,0.22265966
B2A,95dff55b08.jpg,0.8511325278430436,0.27366704
B2A,95e33c18db.jpg,0.884824080642384,0.33178863
B2A,95f5aeda51.jpg,0.8697285960154029,0.39927268
B2A,95f5d9ab48.jpg,0.7173393869929183,0.31626514
B2A,9606c7644b.jpg,0.8262932644311156,0.28467783
B2A,960b5fa7e8.jpg,0.6969674995860328,0.37025753
B2A,96183e38ec.jpg,0.9101194971505313,0.6422839
B2A,9622e7f973.jpg,0.8614454054229346,0.5330218
B2A,962d0ff537.jpg,0.840710399346213,0.47980312
B2A,963134b323.jpg,0.9177950149749677,0.3325742
B2A,96324aa924.jpg,0.6906136392955269,0.5152698
B2A,963770bacd.jpg,0.6571771883204116,0.4843699
B2A,963c0eb500.jpg,0.8242731423594548,0.3391721
B2A,96486253fb.jpg,0.7132970148301765,0.43661213
B2A,9652937cf0.jpg,0.7348522050581653,0.44072786
B2A,965c4ddd61.jpg,0.7235684497174655,0.34083492
B2A,9670ea6664.jpg,0.9442054231601719,0.2551089
B2A,9681f39ae8.jpg,0.9217117336263313,0.41809785
B2A,9693678067.jpg,0.8149219759058054,0.27837735
B2A,9698946dfb.jpg,0.8158486865859523,0.28138
B2A,969d45bb23.jpg,0.7451051237996515,0.38479197
B2A,96a933541d.jpg,0.9252024274586947,0.23890498
B2A,96ae66347a.jpg,0.8897168647294067,0.23529275
B2A,96b2ac1a1b.jpg,0.862203920010837,0.29338187
B2A,96b9ee7ec4.jpg,0.8300130707773464,0.27724826
B2A,96baf57a50.jpg,0.7944442726063754,0.66344
B2A,96c65e76e1.jpg,0.7243879515173831,0.2832211
B2A,96c686ddf6.jpg,0.7376009858100322,0.28940096
B2A,96cb35f032.jpg,0.6387331231148533,0.523371
B2A,96cda40153.jpg,0.9038424278648463,0.4110623
B2A,96d223307c.jpg,0.8580271974266154,0.29696846
B2A,96d3517f11.jpg,0.9342607280843458,0.18849958
B2A,96da1fc826.jpg,0.5682033576016348,0.59114414
B2A,96e1bb4403.jpg,0.5655708696011794,0.5316583
B2A,96e42a29c9.jpg,0.7082360517422788,0.43394613
B2A,96e7b2c267.jpg,0.6435091514185519,0.3579412
B2A,96e860fd62.jpg,0.8421584046687633,0.3809052
B2A,970d8c0b4c.jpg,0.7541921477979212,0.38196248
B2A,97123776ca.jpg,0.8810306025199066,0.2677416
B2A,971c33b707.jpg,0.9058760019287421,0.30062988
B2A,971fcc6bcc.jpg,0.7918673359069764,0.41325542
B2A,97268dc895.jpg,0.6684292666615003,0.36256194
B2A,973372e3d0.jpg,0.9216168280763353,0.30254158
B2A,973dd4a928.jpg,0.8034959888182398,0.46447903
B2A,973f82a644.jpg,0.8532869801338321,0.29522067
B2A,9743bd2705.jpg,0.737093797676444,0.26832873
B2A,975538e5c1.jpg,0.8120259199962346,0.3703863
B2A,976f6eafdd.jpg,0.8006517626755808,0.4009091
B2A,977938602b.jpg,0.7278178496194959,0.402102
B2A,977b1bd3a2.jpg,0.6912532396600524,0.61295605
B2A,977bff16d4.jpg,0.6408572851394734,0.37003908
B2A,978424d552.jpg,0.9609382589919688,0.12640528
B2A,979103c46c.jpg,0.6955827150694742,0.364069
B2A,979e42841f.jpg,0.6106407261412723,0.47703537
B2A,97a87bca91.jpg,0.6859893014581339,0.2890939
B2A,97b5d7b81c.jpg,0.7990314741106433,0.28086594
B2A,97bf9704b5.jpg,0.7634432316804366,0.29767156
B2A,97c6fda363.jpg,0.6855911316081217,0.639862
B2A,97c8c523df.jpg,0.7682935268538282,0.29137957
B2A,97cef7f737.jpg,0.8450911130613384,0.2821966
B2A,97d4460077.jpg,0.784851801939524,0.38146716
B2A,97d76023a7.jpg,0.635608880251419,0.3443432
B2A,97dddb7cbb.jpg,0.896678084909413,0.24813765
B2A,97e4b5f75c.jpg,0.8181068013841585,0.2208219
B2A,97e948fb9d.jpg,0.8985912490307968,0.32893622
B2A,9801846b65.jpg,0.6459648863857749,0.46002424
B2A,9806c55f8e.jpg,0.8651911229049521,0.3118087
B2A,9811ee90ac.jpg,0.893531106457122,0.36904103
B2A,981f9ee7ce.jpg,0.9416353226145667,0.41410398
B2A,982068245a.jpg,0.8771549633239956,0.3532791
B2A,9820d446a4.jpg,0.868891249454784,0.28686094
B2A,9827d36539.jpg,0.8878498132590192,0.38395107
B2A,982ca3c520.jpg,0.8525254828943436,0.2415779
B2A,9835ba0013.jpg,0.8159886910538563,0.32496354
B2A,983821c850.jpg,0.8602540835921102,0.28357407
B2A,98426ffd66.jpg,0.8169643480167809,0.43092567
B2A,984c6baa94.jpg,0.8727086383368878,0.3431415
B2A,98507e2f68.jpg,0.8536986691334932,0.24524099
B2A,9863a4aa56.jpg,0.5739965234654144,0.446473
B2A,986d6d5bf9.jpg,0.840405186102146,0.18805104
B2A,988ba0650a.jpg,0.8793965804454839,0.19716479
B2A,9894d1438d.jpg,0.6502541274034761,0.46835557
B2A,9895a5216b.jpg,0.7045083321043173,0.29895094
B2A,98a00fe3fc.jpg,0.6016738584624057,0.4685232
B2A,98af1d51cf.jpg,0.8317503620438956,0.3555524
B2A,98b9fbb3fb.jpg,0.8916960967794274,0.22920793
B2A,98c28eedfa.jpg,0.8086122450194466,0.37787202
B2A,98cbab58d6.jpg,0.8164094992400643,0.16981938
B2A,98d335025e.jpg,0.7933073379658399,0.35586715
B2A,98d4348692.jpg,0.8175508325191654,0.42933697
B2A,98de268fe8.jpg,0.5477088256772702,0.6110133
B2A,98e7d7b48a.jpg,0.7581271150102432,0.34389138
B2A,98ef46be31.jpg,0.8621062312678949,0.27406895
B2A,98fcc9f6fc.jpg,0.9015113158394154,0.2398091
B2A,98ff290926.jpg,0.6871528275522718,0.55605763
B2A,99038bde22.jpg,0.8902766825623678,0.27728462
B2A,99045d3f04.jpg,0.7453892597820724,0.3635757
B2A,9906756ae6.jpg,0.752910128685093,0.318908
B2A,990e8ef2f2.jpg,0.8446225475201341,0.2989954
B2A,9912bab8cf.jpg,0.8197578665577954,0.39321357
B2A,9912e8a5a3.jpg,0.6696506121244978,0.34339085
B2A,991eb1e448.jpg,0.8381778649426225,0.2102178
B2A,9921ef9e3c.jpg,0.7149595845499497,0.51526
B2A,99283f98de.jpg,0.7481017838962739,0.3769012
B2A,99294cd9e3.jpg,0.9042858367661214,0.31318414
B2A,993fb1e69b.jpg,0.8221888549944201,0.28397104
B2A,9945957ec7.jpg,0.6924775965115727,0.42479724
B2A,994a54185f.jpg,0.8497442072163169,0.3048468
B2A,994b994977.jpg,0.8221100949341669,0.27667913
B2A,99676e0f39.jpg,0.7206735312562919,0.54524124
B2A,996de8f5ec.jpg,0.9171526500493898,0.3863148
B2A,997f0ed940.jpg,0.7497924084779031,0.25830448
B2A,9991f94f1d.jpg,0.6627745229819839,0.53096956
B2A,999985c001.jpg,0.7598622427122401,0.5093845
B2A,9999c76d32.jpg,0.8919775378074336,0.21871975
B2A,999e87f7a6.jpg,0.8779574803397093,0.1852263
B2A,99a109ea2b.jpg,0.6149687966790143,0.6237354
B2A,99a6c4d326.jpg,0.8118451054706993,0.433359
B2A,99b3b1736b.jpg,0.6940863645517079,0.3756932
B2A,99baee78f2.jpg,0.85608636262394,0.18908447
B2A,99c0ccba50.jpg,0.710194481683921,0.3682722
B2A,99c9687c14.jpg,0.7511300782964399,0.31593695
B2A,99cbbc5052.jpg,0.7430320722384501,0.5919689
B2A,99d04bd95f.jpg,0.8582371020030628,0.21744138
B2A,99dacbf106.jpg,0.6478885514997142,0.43449762
B2A,99ed3dc7b2.jpg,0.9120304466634176,0.4570204
B2A,99f621bbdb.jpg,0.8724854316477819,0.23318422
B2A,99fb63fada.jpg,0.8684512154196393,0.31296754
B2A,99fc1c27b2.jpg,0.6043505856854074,0.5192187
B2A,99fcebb45b.jpg,0.6720210349443092,0.43841982
B2A,9a0bfe6c86.jpg,0.9099690577236271,0.26305866
B2A,9a2b9dec3a.jpg,0.7094149085191804,0.4508357
B2A,9a4b2f8bd8.jpg,0.8605598994096602,0.20817685
B2A,9a507f5ef4.jpg,0.7725661501436651,0.3398349
B2A,9a5477aaeb.jpg,0.8304911176002967,0.3087436
B2A,9a59323542.jpg,0.7313099762656152,0.34648955
B2A,9a780093c6.jpg,0.9039355285287402,0.48904088
B2A,9a9d4aeb7a.jpg,0.8495467081730261,0.345365
B2A,9ab17ed33a.jpg,0.8798131121851234,0.26776236
B2A,9adf6d52d3.jpg,0.8555663836866982,0.30180296
B2A,9aeb8bd419.jpg,0.7815787263862185,0.44742888
B2A,9af5a24f65.jpg,0.8356393401383234,0.34954736
B2A,9afdeb8ed2.jpg,0.6477818205805832,0.5051905
B2A,9b048364b8.jpg,0.8878111384347358,0.27927798
B2A,9b186b8f81.jpg,0.8539857812150963,0.33169356
B2A,9b1b974368.jpg,0.6284560973979317,0.6206606
B2A,9b1c51d91c.jpg,0.8940658913425739,0.24491696
B2A,9b3053dc34.jpg,0.7329008677575114,0.49355257
B2A,9b3abf3a98.jpg,0.8702085817294218,0.24031562
B2A,9b513c7a1c.jpg,0.8187468599426402,0.30329877
B2A,9b5be07782.jpg,0.7296993555364106,0.38615727
B2A,9b5d6d5b9b.jpg,0.6668067814531602,0.41839474
B2A,9b5e41ac82.jpg,0.8847860373806238,0.34456283
B2A,9b6bec8314.jpg,0.9148273201042441,0.16073102
B2A,9b7d65decf.jpg,0.7858617203754756,0.32825342
B2A,9b85a6c570.jpg,0.7428851152136465,0.40751484
B2A,9b87bd9191.jpg,0.7086968634088072,0.4250853
B2A,9b95a6cc9b.jpg,0.8917860854094282,0.33197883
B2A,9b9cdde1ce.jpg,0.7348418045779914,0.2957772
B2A,9ba4ae09af.jpg,0.9255027684106704,0.44271073
B2A,9ba9376b9d.jpg,0.9167151777770475,0.2782231
B2A,9baca6d979.jpg,0.8895898330173846,0.23841721
B2A,9bd1b8c1be.jpg,0.9430659546511666,0.21016657
B2A,9bd28a56c1.jpg,0.8756159624367055,0.3373038
B2A,9be2b6c083.jpg,0.7791251366545014,0.53386986
B2A,9bf556f160.jpg,0.7847478136028647,0.5009975
B2A,9bf931ead4.jpg,0.8974695929849585,0.39436102
B2A,9bfcbc6fe3.jpg,0.806813205081293,0.24380513
B2A,9c0c63914a.jpg,0.7352617669433937,0.52663326
B2A,9c0e343a29.jpg,0.7719260705619666,0.28605002
B2A,9c102e25d3.jpg,0.784126791393935,0.35993305
B2A,9c10716ffd.jpg,0.7305521149482085,0.6509941
B2A,9c204faa1f.jpg,0.7472969655261494,0.42395657
B2A,9c25e78088.jpg,0.8768363800190819,0.36805695
B2A,9c2fed3088.jpg,0.8750811083164898,0.3392469
B2A,9c4050f532.jpg,0.7435800071156562,0.36912268
B2A,9c4dd0a48f.jpg,0.5870256224500615,0.56244415
B2A,9c564000e7.jpg,0.6740716825981953,0.46184826
B2A,9c70f10a5a.jpg,0.8906230641037425,0.27330258
B2A,9c77707e49.jpg,0.7741016889088129,0.49220228
B2A,9c92f8345f.jpg,0.8341674869986624,0.27458197
B2A,9ca436a170.jpg,0.8232386501189186,0.24073447
B2A,9caa11517e.jpg,0.8082218860988137,0.34372702
B2A,9cac2116d7.jpg,0.8796976378148453,0.31099215
B2A,9cb836306d.jpg,0.841940729392166,0.36626405
B2A,9cbcbdcbb3.jpg,0.7577503459823988,0.34834528
B2A,9cc0e6163f.jpg,0.8749479070422846,0.19169912
B2A,9cc35ff83e.jpg,0.7876253108259893,0.28893375
B2A,9cc789cfef.jpg,0.8613101007402038,0.31227878
B2A,9ccca8eac7.jpg,0.8364928555669696,0.31818396
B2A,9ce382c263.jpg,0.7635723209392686,0.3308822
B2A,9cef1e6708.jpg,0.8885460834961503,0.18184464
B2A,9cf972ea28.jpg,0.7662900262942096,0.63938886
B2A,9cfb0b75ab.jpg,0.8311829344482834,0.3239052
B2A,9d09a34740.jpg,0.9177254493297399,0.21039894
B2A,9d3885ad89.jpg,0.7066443993618764,0.5466075
B2A,9d3c6b28c4.jpg,0.8988345300147673,0.24816658
B2A,9d438a0bb2.jpg,0.8751683990744025,0.3714618
B2A,9d4711f6ef.jpg,0.7836010579832363,0.4435157
B2A,9d59515745.jpg,0.8687658297584209,0.24143799
B2A,9d6df08287.jpg,0.7454678263508987,0.39441678
B2A,9d74f4e539.jpg,0.5388019277788065,0.4313931
B2A,9d766ffc5c.jpg,0.7954570911276003,0.27478126
B2A,9d7b548d1f.jpg,0.8752150567968836,0.24510483
B2A,9d7c3c3eea.jpg,0.8948737400959077,0.1916895
B2A,9d82fd9e98.jpg,0.7876247076795014,0.43693244
B2A,9d92ef2ffc.jpg,0.7922148168162173,0.3232886
B2A,9da065344d.jpg,0.8357811465752167,0.36172688
B2A,9dad30bdf5.jpg,0.7766257536300494,0.42615175
B2A,9dbc604a03.jpg,0.8070695483449865,0.37769848
B2A,9dc4a07f48.jpg,0.6542369308477021,0.2065983
B2A,9dc4a40f1a.jpg,0.6854203689821516,0.5111561
B2A,9dcebd8348.jpg,0.7071526822879489,0.36669838
B2A,9dd9044174.jpg,0.8307202409278572,0.575985
B2A,9dfd1f8a09.jpg,0.5681275168596056,0.59358436
B2A,9e0a0d54b5.jpg,0.9051134565145048,0.25893927
B2A,9e13541480.jpg,0.9217968394665942,0.1613967
B2A,9e176db9cd.jpg,0.9297948320635374,0.25054383
B2A,9e1842231b.jpg,0.7321201564089832,0.4242136
B2A,9e2f4c39d2.jpg,0.7921437123129156,0.40872616
B2A,9e3b34bb13.jpg,0.8371309990435359,0.3344176
B2A,9e456ef2a7.jpg,0.8458326706247105,0.40241838
B2A,9e4b9f428b.jpg,0.6004065823185623,0.5598631
B2A,9e5dabe2b2.jpg,0.8781061922889484,0.288672
B2A,9e65828ee9.jpg,0.858679098994298,0.3319318
B2A,9e664ae2ef.jpg,0.5822616829774669,0.35029823
B2A,9e72cedb73.jpg,0.7984636570989271,0.52079964
B2A,9e7fcf4aaf.jpg,0.6101409630383918,0.5402471
B2A,9e81e8d2fe.jpg,0.7629014378550927,0.3025244
B2A,9e8554fade.jpg,0.8133205608005545,0.272193
B2A,9e85d95d05.jpg,0.9170225663566621,0.15644431
B2A,9ea148fcc4.jpg,0.6581533103094749,0.47824493
B2A,9ea60e0936.jpg,0.816048280479246,0.21759224
B2A,9eacea8aca.jpg,0.8693933190243798,0.32950813
B2A,9ebccc0a7d.jpg,0.733491793651463,0.4147791
B2A,9ebcfa05af.jpg,0.7194234287180937,0.4251302
B2A,9ecf061dad.jpg,0.8786306464515798,0.2594129
B2A,9edf01ed43.jpg,0.7796677214953558,0.43165493
B2A,9ef7c05e0f.jpg,0.8484376232395651,0.20506154
B2A,9f0c9920f5.jpg,0.7598007368638388,0.5068223
B2A,9f15606758.jpg,0.8531883477608371,0.22710626
B2A,9f19e8f425.jpg,0.8320040198682729,0.3166701
B2A,9f24f894f6.jpg,0.8853616064312376,0.24811064
B2A,9f27c688cf.jpg,0.7906041751801367,0.3216678
B2A,9f29c11732.jpg,0.8652685294648793,0.3623537
B2A,9f335bade6.jpg,0.778848647833927,0.36676973
B2A,9f34fc3c60.jpg,0.6739976313545842,0.24421361
B2A,9f37f0dae8.jpg,0.866819783583206,0.2516628
B2A,9f41d8a922.jpg,0.7709266243150584,0.4644038
B2A,9f52b55c2b.jpg,0.8768405168906304,0.20806333
B2A,9f52dd1c0b.jpg,0.9234448751541734,0.17071083
B2A,9f56a6400d.jpg,0.6889921629761173,0.3523202
B2A,9f740de87d.jpg,0.7949429791919864,0.33641508
B2A,9f777a3144.jpg,0.8905109917620789,0.39179587
B2A,9f80b1bc48.jpg,0.7262147831598741,0.4744634
B2A,9f8ae5b166.jpg,0.6717233221128394,0.36580878
B2A,9f9796d6b3.jpg,0.8451963850022326,0.2149661
B2A,9f98b589a1.jpg,0.8283044990749326,0.35375306
B2A,9f9c46fa6b.jpg,0.9249161885190116,0.3162938
B2A,9fb63bf849.jpg,0.6840602752920002,0.4933208
B2A,9fbbbf4aec.jpg,0.7423089710859567,0.53892803
B2A,9fe12f7bca.jpg,0.8088658507729906,0.54235536
B2A,9ff0e57941.jpg,0.684428618105646,0.42515355
B2A,9ff990e66c.jpg,0.7074716838999,0.5142081
B2A,a0077f9248.jpg,0.8414563169941844,0.33690777
B2A,a01c871721.jpg,0.6399900462738434,0.6406566
B2A,a01ee31b6c.jpg,0.8325140553361373,0.19977358
B2A,a0227b5ace.jpg,0.932370678404997,0.2790379
B2A,a0235aa7f0.jpg,0.8949688175982611,0.2850759
B2A,a03dd34359.jpg,0.6629264743596651,0.620642
B2A,a0465f0aa6.jpg,0.9178315218792243,0.19776636
B2A,a04e9f4231.jpg,0.7368321321052034,0.45239878
B2A,a0522f278a.jpg,0.7536382156717215,0.3171054
B2A,a059321061.jpg,0.5928639449541179,0.4391149
B2A,a05aa88f6d.jpg,0.7394266373759445,0.69767743
B2A,a05e1485c1.jpg,0.6935346816301359,0.33441317
B2A,a0875579e8.jpg,0.8729282441822189,0.3662362
B2A,a095ec94a6.jpg,0.8243494424475364,0.29952052
B2A,a0cfc9ae82.jpg,0.8454164889868369,0.3238678
B2A,a0d15eb976.jpg,0.5932324100272586,0.5215373
B2A,a0d3357912.jpg,0.866518449538271,0.5116329
B2A,a0d4bc2b72.jpg,0.8381542143483115,0.31098294
B2A,a0db0509a4.jpg,0.6147711100031319,0.31455928
B2A,a0e2fcf6d8.jpg,0.7339029664354421,0.5836866
B2A,a0ecda5d45.jpg,0.7557210958034912,0.2135716
B2A,a0f0dee611.jpg,0.9170068762023587,0.18462934
B2A,a0f2fad96f.jpg,0.759678656386461,0.4923248
B2A,a1076aac63.jpg,0.8219790891935082,0.39098307
B2A,a1126aa060.jpg,0.83426178958859,0.3363706
B2A,a114ee8b43.jpg,0.8426626937771178,0.30297443
B2A,a12235c7d1.jpg,0.8714479839705487,0.44802824
B2A,a13915ca96.jpg,0.7222602737706122,0.35274613
B2A,a13aca724a.jpg,0.7024796294628187,0.33631697
B2A,a146cdb74b.jpg,0.7375744178082452,0.20206581
B2A,a157f8c6e2.jpg,0.8632957753034417,0.20871583
B2A,a15ecd5efe.jpg,0.717706512365747,0.23631151
B2A,a16537d464.jpg,0.7691627677224566,0.2639163
B2A,a177641de7.jpg,0.8097698300265807,0.3536779
B2A,a179e79a0c.jpg,0.8525425087500916,0.25495243
B2A,a17e7e49b0.jpg,0.8613212096257219,0.20742789
B2A,a181b6250e.jpg,0.7853373209568177,0.27765283
B2A,a1885fbac2.jpg,0.6822355528491882,0.34610295
B2A,a18cb10e08.jpg,0.7105251049419748,0.4840156
B2A,a18e92742a.jpg,0.6349651512516136,0.59668326
B2A,a197fed5c3.jpg,0.7610076763454682,0.31125516
B2A,a19962fefc.jpg,0.8657686230522688,0.30609894
B2A,a19cf2cdbb.jpg,0.6842927443018799,0.35385835
B2A,a1a84d3eda.jpg,0.7638578784116703,0.4071873
B2A,a1c54d6c61.jpg,0.7249604466524717,0.42663538
B2A,a1c88d3e35.jpg,0.823971240155822,0.30622876
B2A,a1cc606af8.jpg,0.911231051490066,0.23668282
B2A,a1e45dc986.jpg,0.7657913941491192,0.39427006
B2A,a1faf9de15.jpg,0.9195239500787985,0.23167203
B2A,a1fc123777.jpg,0.8879063511904837,0.2467458
B2A,a20a19b515.jpg,0.8933823086005731,0.28262976
B2A,a229109704.jpg,0.9120305247442958,0.22151147
B2A,a2307719e1.jpg,0.6379882819232067,0.513036
B2A,a23e7dfef5.jpg,0.8290931181324707,0.41237107
B2A,a25b63eadf.jpg,0.759896688620583,0.4943928
B2A,a25eb81721.jpg,0.7210697467303792,0.41538808
B2A,a263521820.jpg,0.8864092447108622,0.2766113
B2A,a2635ee772.jpg,0.8736860747262752,0.2731436
B2A,a26b0f2735.jpg,0.902874124598015,0.2430912
B2A,a2711f0830.jpg,0.8908374796285972,0.22018147
B2A,a2820db109.jpg,0.7251588864110246,0.5437428
B2A,a283654df3.jpg,0.7745364426986887,0.31758857
B2A,a290773de7.jpg,0.8867608629914172,0.37640485
B2A,a2bc2b83eb.jpg,0.6747751636694975,0.21286964
B2A,a2c884fda1.jpg,0.9188621169930178,0.24653074
B2A,a2ccf1f748.jpg,0.6730038875795706,0.60334885
B2A,a2cfeba0e4.jpg,0.6742437270702202,0.34712908
B2A,a301643a27.jpg,0.8383161885336267,0.14101224
B2A,a31e04cec3.jpg,0.7063231856999714,0.52555096
B2A,a32b552866.jpg,0.8550768448658947,0.27610692
B2A,a32d4ea5ac.jpg,0.6997020120174401,0.46351618
B2A,a32e116556.jpg,0.718146429312721,0.41457275
B2A,a32f6b942f.jpg,0.9401358163324929,0.25210705
B2A,a359bc69a6.jpg,0.8625967331418104,0.5105375
B2A,a362f89cd1.jpg,0.8709339434740794,0.28137302
B2A,a366accb3c.jpg,0.9232096194417547,0.21404268
B2A,a37515911a.jpg,0.608252868850594,0.4394659
B2A,a37b1c52f2.jpg,0.537685579919797,0.60233617
B2A,a38abc41c8.jpg,0.9449538682930506,0.23714216
B2A,a3a4e42632.jpg,0.7569296846656098,0.5632285
B2A,a3ac3b8f7e.jpg,0.7431340156221893,0.44736385
B2A,a3b40d246d.jpg,0.8244089405029076,0.48827899
B2A,a3bc08b40b.jpg,0.7720396987992074,0.26909918
B2A,a3d3b5d93a.jpg,0.7851970369588357,0.48141962
B2A,a3d574e6e3.jpg,0.759914441558939,0.46263707
B2A,a3df896182.jpg,0.8437570713552739,0.22849196
B2A,a3e41f7a46.jpg,0.6959584112348209,0.4941284
B2A,a3e4a4c73b.jpg,0.888530219760827,0.27529854
B2A,a3f8364c10.jpg,0.6163542384267576,0.6580329
B2A,a3fba584f9.jpg,0.8918454758082813,0.30008057
B2A,a40511031a.jpg,0.8960995486989924,0.2576208
B2A,a40db75ec2.jpg,0.9088461418567528,0.2860776
B2A,a40ec56a84.jpg,0.742710594174324,0.4710235
B2A,a412f13a5b.jpg,0.7530422981988438,0.3641435
B2A,a42d5a72ff.jpg,0.8310506658052518,0.24462202
B2A,a4314f85dd.jpg,0.9046971128301159,0.29541227
B2A,a43c11f6e4.jpg,0.8202089274274124,0.3516876
B2A,a43e096ce5.jpg,0.8386359420748035,0.19004045
B2A,a4418037c4.jpg,0.7822327272283031,0.433067
B2A,a448539aa0.jpg,0.8096168231025974,0.45652848
B2A,a4490bd462.jpg,0.9002592233447683,0.21621692
B2A,a456fc158f.jpg,0.9112623193931543,0.20992908
B2A,a45c5b6869.jpg,0.873239167739224,0.3487352
B2A,a467ebbd05.jpg,0.8627236774835683,0.21175596
B2A,a485cebc5d.jpg,0.8737105854058763,0.22801481
B2A,a48886307d.jpg,0.8402013969455746,0.37727332
B2A,a4963511f4.jpg,0.9478174564537658,0.2590599
B2A,a49bfc7f31.jpg,0.7757764508401538,0.5654064
B2A,a49df48149.jpg,0.9096594742876445,0.5221344
B2A,a4a867e38f.jpg,0.7475201608952492,0.44282234
B2A,a4b3c66449.jpg,0.8821731878641909,0.2668616
B2A,a4ba621177.jpg,0.8347338786798311,0.38347214
B2A,a4ba843961.jpg,0.6671092333039252,0.38787907
B2A,a4cd276f26.jpg,0.840140959939002,0.34128094
B2A,a4e346e887.jpg,0.7187537942981873,0.56697065
B2A,a4e3e280d9.jpg,0.8172689721879041,0.33188406
B2A,a4f4d25e61.jpg,0.8933296909123571,0.21414472
B2A,a4f8537cd9.jpg,0.7805979476687319,0.2345523
B2A,a50aba1d24.jpg,0.943105378568222,0.21218818
B2A,a5181cd01f.jpg,0.9114715678085338,0.24495147
B2A,a519ab666c.jpg,0.494073426685372,0.75969684
B2A,a51b62995b.jpg,0.8288811391082053,0.25941783
B2A,a51c7b2303.jpg,0.7427596685311084,0.33186287
B2A,a53008cac1.jpg,0.9170577262397971,0.1737654
B2A,a53383dc25.jpg,0.6312850400341748,0.3645023
B2A,a53affbb0b.jpg,0.7912481660050771,0.54558617
B2A,a542e05538.jpg,0.8526850046585994,0.3621413
B2A,a54454c5ea.jpg,0.6840737600494118,0.43190953
B2A,a546e53fbe.jpg,0.8506469255428426,1.0185006
B2A,a552d6a455.jpg,0.733897652775837,0.3058793
B2A,a55a1a091c.jpg,0.8086579063243704,0.3118597
B2A,a562192a23.jpg,0.8930345050499511,0.26182175
B2A,a577c91fc1.jpg,0.8293998387506429,0.41058087
B2A,a57c43fffc.jpg,0.8129182312880834,0.33754763
B2A,a588de330c.jpg,0.7294010464312892,0.43606758
B2A,a590f768fe.jpg,0.8385789541337609,0.39196387
B2A,a595719ef9.jpg,0.9097054922610713,0.31453213
B2A,a598e08f68.jpg,0.7085211427293087,0.5214529
B2A,a598e5aef5.jpg,0.48156934600451057,0.6048218
B2A,a59c317767.jpg,0.6388158211804351,0.61476284
B2A,a5a55a6605.jpg,0.8769011849146022,0.31528908
B2A,a5af8b893b.jpg,0.8777978857691949,0.2772001
B2A,a5b1cfbcfd.jpg,0.6176731392133067,0.3298456
B2A,a5bc67adcd.jpg,0.865384561070708,0.28133923
B2A,a5d272747e.jpg,0.858641934630397,0.31430852
B2A,a5da7f96c4.jpg,0.85671349797878,0.25165766
B2A,a604002e2a.jpg,0.8763115041579431,0.26893204
B2A,a617bbf356.jpg,0.7089731459833907,0.457378
B2A,a61beb8d14.jpg,0.7319388182938695,0.2899636
B2A,a61d366d2d.jpg,0.6557084412072514,0.71272635
B2A,a62e7a5101.jpg,0.8148446281418984,0.29948378
B2A,a62ea8db0f.jpg,0.8997059885543911,0.2801963
B2A,a6323ca7f3.jpg,0.7387120967054877,0.42688665
B2A,a632e5523e.jpg,0.7913806388518699,0.45503867
B2A,a638326b1d.jpg,0.7793119059836395,0.36746997
B2A,a63a202a57.jpg,0.9146227335080597,0.16555446
B2A,a63a32e180.jpg,0.9078516820519518,0.16861714
B2A,a63d70c4a3.jpg,0.7870715948399499,0.38499725
B2A,a64fb4de85.jpg,0.8584734453962396,0.27990758
B2A,a6561cf2e0.jpg,0.8067382059653375,0.4561592
B2A,a658eef56c.jpg,0.8158641892182648,0.34444866
B2A,a65bfd0e43.jpg,0.5765874108506697,0.6839838
B2A,a65e118960.jpg,0.6689406460346091,0.41076106
B2A,a67feba233.jpg,0.9489843906645251,0.19774656
B2A,a682ce11f5.jpg,0.7679774254912614,0.23127162
B2A,a6838bdf94.jpg,0.8367021594259622,0.29675522
B2A,a68efb6c07.jpg,0.8002544582080152,0.31741533
B2A,a694999074.jpg,0.6200673376993249,0.67049515
B2A,a6959d7c87.jpg,0.7772888158142901,0.288832
B2A,a6a316bffd.jpg,0.8445911920389703,0.16786963
B2A,a6c9c35a31.jpg,0.7916080443008203,0.40282935
B2A,a6cc5973c2.jpg,0.8187223359017279,0.20767608
B2A,a6d026b823.jpg,0.5779968878092214,0.44936875
B2A,a6df272807.jpg,0.7639670241147923,0.41585335
B2A,a6e2dd35f8.jpg,0.9031932175987459,0.27669808
B2A,a6e519d471.jpg,0.8501611100694972,0.31470275
B2A,a708982f02.jpg,0.7894957186417318,0.50741947
B2A,a70ea207cc.jpg,0.682359705915066,0.5057726
B2A,a71799de73.jpg,0.831937682677449,0.3513074
B2A,a71f15712f.jpg,0.6703339805639317,0.54378486
B2A,a739ea92ae.jpg,0.8077604280464268,0.351154
B2A,a74f4e06aa.jpg,0.90051102868431,0.37899122
B2A,a75469e52f.jpg,0.9045375026995564,0.22858617
B2A,a7594e87fd.jpg,0.726601157094893,0.25251758
B2A,a76093c3dd.jpg,0.914513967718826,0.2483522
B2A,a760bc4309.jpg,0.7699467706616444,0.29495564
B2A,a777303bee.jpg,0.9470901448790876,0.40196767
B2A,a786ecfabb.jpg,0.8514974570081874,0.37905717
B2A,a7883bc50e.jpg,0.700984448602716,0.7464232
B2A,a7976448c0.jpg,0.7112421124156842,0.5652262
B2A,a798e840cc.jpg,0.7723355289905262,0.54026484
B2A,a79f8d5a7d.jpg,0.8037790577501718,0.43156803
B2A,a7a21f3ccd.jpg,0.7090609263741937,0.43240348
B2A,a7a2534308.jpg,0.8677458896228352,0.3952235
B2A,a7ae4aab24.jpg,0.9060736922749403,0.21390188
B2A,a7b11a83ba.jpg,0.8570002489801495,0.25033075
B2A,a7b5f480d3.jpg,0.8944874921439416,0.34347305
B2A,a7ba1fdb8d.jpg,0.8319906779137575,0.1920485
B2A,a7c3243254.jpg,0.7992193863936607,0.29170063
B2A,a7c5642b9b.jpg,0.839682010088684,0.28182387
B2A,a7c972a651.jpg,0.7542850587497296,0.5789363
B2A,a7e09af64a.jpg,0.8125141421503674,0.2787608
B2A,a7e86fbe21.jpg,0.8490473901139453,0.3206669
B2A,a7fb6b9ffa.jpg,0.6380949100581481,0.5091988
B2A,a7ffac0edb.jpg,0.7856518227755334,0.2506208
B2A,a80594f85b.jpg,0.8150620374597817,0.24755152
B2A,a8089a9f66.jpg,0.9370604633428397,0.18533343
B2A,a8095aa2f5.jpg,0.8797829121665248,0.1660757
B2A,a80c7ee69a.jpg,0.7560962863991665,0.47099072
B2A,a828255ebc.jpg,0.7310226350488637,0.3239387
B2A,a82a9c378a.jpg,0.8137457057171879,0.32074594
B2A,a82c3afbbd.jpg,0.8341470733227694,0.33196846
B2A,a84921e7be.jpg,0.9177784322790504,0.15750858
B2A,a84f3fbf3f.jpg,0.7707978668912538,0.4421776
B2A,a85633910c.jpg,0.7234210362025622,0.23321116
B2A,a85a8cee92.jpg,0.7825660675695002,0.44608748
B2A,a8686f237c.jpg,0.6886811818810651,0.30415472
B2A,a86f13ae99.jpg,0.7833003096514195,0.3999742
B2A,a876481147.jpg,0.8374100199854525,0.36040294
B2A,a88e5ab869.jpg,0.7666118571788999,0.4680061
B2A,a8911b1283.jpg,0.7333350546708081,0.4213879
B2A,a89631a70e.jpg,0.7418287745876673,0.4780193
B2A,a89c8773ae.jpg,0.859978019050663,0.19446224
B2A,a8a27b4e1a.jpg,0.7316813049179947,0.7116613
B2A,a8a4ee4f79.jpg,0.8477787484620223,0.3361252
B2A,a8b7358e0e.jpg,0.7582509982168816,0.40512228
B2A,a8c04e4f33.jpg,0.7398932411361059,0.5193189
B2A,a8d022d99c.jpg,0.8056145702079093,0.37714773
B2A,a8d3c5c2d3.jpg,0.7368350590584902,0.5305958
B2A,a8d61b91a4.jpg,0.5787951835574837,0.5761469
B2A,a8e351db00.jpg,0.6806478815481148,0.6176298
B2A,a8e62405d3.jpg,0.9204001481462285,0.32234257
B2A,a908f29569.jpg,0.9350366530814612,0.42850095
B2A,a90b8ea6ed.jpg,0.6127831589270142,0.62200016
B2A,a91402ed9b.jpg,0.8009182266857924,0.27198276
B2A,a917afed2a.jpg,0.7063660588416054,0.5050924
B2A,a92d0cde38.jpg,0.8636455597520004,0.22600824
B2A,a92eed65ce.jpg,0.8156731977636366,0.21008717
B2A,a93e11ed37.jpg,0.8527488557033437,0.28214815
B2A,a945149eb0.jpg,0.9038844827993798,0.23073328
B2A,a9460f4e16.jpg,0.732065244101796,0.41868243
B2A,a946a049f9.jpg,0.5080559158921082,0.48827773
B2A,a9542998ad.jpg,0.8344973572216275,0.47241187
B2A,a95a086609.jpg,0.7244588901586735,0.45639604
B2A,a962271585.jpg,0.798006328896433,0.5274619
B2A,a963d0573b.jpg,0.7239168360413043,0.5013027
B2A,a965ac5835.jpg,0.884479473765707,0.3322342
B2A,a97237c4b1.jpg,0.845692705430201,0.29529557
B2A,a97e50a8d4.jpg,0.8191697637888864,0.3779335
B2A,a98179e505.jpg,0.8480802749723193,0.21946321
B2A,a99dbf6b17.jpg,0.791551170645891,0.3828205
B2A,a99f495968.jpg,0.8316467223844372,0.2838957
B2A,a9a61131fc.jpg,0.7972582733256719,0.440316
B2A,a9a7cc1b1c.jpg,0.8480344386538946,0.7805838
B2A,a9a881577b.jpg,0.5100571060131628,0.64439094
B2A,a9d597ca20.jpg,0.6414618770618945,0.4633637
B2A,a9d902fc38.jpg,0.8313683368024383,0.32507673
B2A,a9de4c4d69.jpg,0.7922665761929527,0.3465845
B2A,a9ef8c2bcd.jpg,0.7189493197413481,0.39945304
B2A,a9efa619e0.jpg,0.8353327915286719,0.3975535
B2A,a9faa93d67.jpg,0.7496710966463439,0.4831401
B2A,a9fe1f88ab.jpg,0.6988700516252991,0.60963786
B2A,a9ff892ea7.jpg,0.8850117861864546,0.23302072
B2A,aa0485a59f.jpg,0.8398245797737994,0.2845537
B2A,aa09a96ed1.jpg,0.7432199846040085,0.5667212
B2A,aa102a3ea1.jpg,0.7968787498667849,0.30853337
B2A,aa108bb6da.jpg,0.8302879210423256,0.21924637
B2A,aa238a7170.jpg,0.8686167595748473,0.28128695
B2A,aa26ff7c15.jpg,0.8185282128481877,0.49641347
B2A,aa2afa7cfe.jpg,0.765340323014465,0.44917578
B2A,aa2b315b55.jpg,0.8570466928766401,0.4404564
B2A,aa387dcb3e.jpg,0.7297935752765315,0.2828138
B2A,aa3f9768ff.jpg,0.7009416356308488,0.29484046
B2A,aa44603744.jpg,0.6692722906333879,0.32700154
B2A,aa4c6e40e5.jpg,0.7028354409502657,0.46013027
B2A,aa64f54007.jpg,0.8097527626525202,0.35322884
B2A,aa72b9cc61.jpg,0.7243472798397242,0.43826693
B2A,aa778409e9.jpg,0.8007138080634634,0.28595847
B2A,aa8e5f3af4.jpg,0.7448290575574228,0.4597224
B2A,aa99d68834.jpg,0.8848017454512922,0.260837
B2A,aa9acfe3e7.jpg,0.8644155325601116,0.30795255
B2A,aaaffcb550.jpg,0.7088216718248359,0.54741603
B2A,aab0eaf7cd.jpg,0.9260537646264283,0.34777984
B2A,aab746580f.jpg,0.6121314970322511,0.5484027
B2A,aabffc2182.jpg,0.8638137503552751,0.19716959
B2A,aac1f31a2d.jpg,0.7674055217628484,0.53319156
B2A,aaca9f8d52.jpg,0.8596137632936875,0.24359107
B2A,aacc4a4e82.jpg,0.8066016834291959,0.25999135
B2A,aadee76463.jpg,0.6541322346021609,0.28040704
B2A,aaeb9e1228.jpg,0.758636103714652,0.4331074
B2A,ab001a0dce.jpg,0.8279522232925339,0.38800785
B2A,ab04be8f33.jpg,0.6113482134481248,0.46980637
B2A,ab0917a3f9.jpg,0.8547527089759586,0.36949244
B2A,ab0d0dfe08.jpg,0.7996836394858869,0.3887627
B2A,ab1141671d.jpg,0.5364832493412379,0.38942066
B2A,ab3576b164.jpg,0.9044481203211906,0.1691965
B2A,ab36e4f5d7.jpg,0.9299256964902651,0.3328656
B2A,ab4450580b.jpg,0.771354682949977,0.479882
B2A,ab45414f0a.jpg,0.7751535040933366,0.3782902
B2A,ab808be34d.jpg,0.6684099467374943,0.570871
B2A,ab8999b3d4.jpg,0.6695411741333347,0.22872412
B2A,abaa2d0caf.jpg,0.7061196575663398,0.34823385
B2A,abaf585ce0.jpg,0.7296918835640125,0.26607752
B2A,abb7c92cd2.jpg,0.7488876567497376,0.38888425
B2A,abc2244ad0.jpg,0.7783897415177125,0.35872406
B2A,abc26dd865.jpg,0.8872603046619871,0.32982957
B2A,abc76b33c5.jpg,0.747687569482887,0.43630475
B2A,abd58494e7.jpg,0.8039945729834915,0.22020724
B2A,abe159882d.jpg,0.8121067898475403,0.23048162
B2A,abe813f1cb.jpg,0.910737809729307,0.21144953
B2A,abeca4498a.jpg,0.6577139347127317,0.50001186
B2A,abee44db3e.jpg,0.7228494824871915,0.4993861
B2A,abfbbbd0ca.jpg,0.7897002326110206,0.23120657
B2A,ac049a3c0d.jpg,0.8141864032331166,0.41496995
B2A,ac22f8134b.jpg,0.49802741348821583,0.8059668
B2A,ac36bd24bb.jpg,0.8680796729058032,0.34409088
B2A,ac50e0ca26.jpg,0.9436472574442665,0.31986323
B2A,ac5181086c.jpg,0.8114698984509269,0.41388884
B2A,ac5b1ab8f0.jpg,0.753901981781093,0.36055374
B2A,ac5d1dd7a1.jpg,0.6241744878284863,0.7540287
B2A,ac91124a63.jpg,0.7424966239129235,0.47230008
B2A,ac91ac81c3.jpg,0.9265645795307924,0.33031335
B2A,ac932a461b.jpg,0.9048278166735533,0.23750262
B2A,ac9afdb0a8.jpg,0.8265751692846225,0.29685012
B2A,ac9c8211cb.jpg,0.7191036393807524,0.48567015
B2A,aca32eb466.jpg,0.8702861868399197,0.30588716
B2A,aca45f78be.jpg,0.8943159451013057,0.2550561
B2A,acab996be8.jpg,0.9389383379050329,0.32394812
B2A,acae006873.jpg,0.6586869412962609,0.41176778
B2A,acaf4ef81e.jpg,0.8002388647344821,0.35401142
B2A,acbede97b1.jpg,0.7125389252827874,0.4625469
B2A,acc787b868.jpg,0.7455060318026904,0.53365946
B2A,acc8b354fc.jpg,0.8696849005923903,0.31277603
B2A,acccbeb5a3.jpg,0.909855963459904,0.30280522
B2A,accfade258.jpg,0.7787068070303893,0.5299651
B2A,acda36155d.jpg,0.8472840935795514,0.34390986
B2A,ace63e2d37.jpg,0.8393857067480159,0.21739063
B2A,acf0aeda10.jpg,0.8629166186331797,0.22583954
B2A,acf43bbda9.jpg,0.8991800973538192,0.22613105
B2A,ad08c8c439.jpg,0.8755232695909615,0.4130984
B2A,ad122b9a0c.jpg,0.7432943417535302,0.46982828
B2A,ad1819b0e6.jpg,0.8599459318921331,0.32396695
B2A,ad1a8669c9.jpg,0.6660334393835724,0.4746924
B2A,ad24506f8b.jpg,0.8578381128291311,0.3560299
B2A,ad31237f7b.jpg,0.8735555827264078,0.24440634
B2A,ad3d8eb941.jpg,0.5746721771228598,0.69592714
B2A,ad4208f91f.jpg,0.7403888599092545,0.38743106
B2A,ad5065585a.jpg,0.8883415495393691,0.17407578
B2A,ad5385ebb1.jpg,0.7048280401485912,0.43887112
B2A,ad5c6dd37f.jpg,0.7124061783875479,0.4200468
B2A,ad673d759f.jpg,0.6452083213606685,0.51836026
B2A,ad67e71b94.jpg,0.8585799018178738,0.21841994
B2A,ad7d5b8945.jpg,0.9181232112287449,0.264335
B2A,ad8139d30e.jpg,0.8430001317903043,0.392549
B2A,ad8f6db4da.jpg,0.9391320540414875,0.21786383
B2A,ad8fca5a81.jpg,0.7414406899916302,0.34818444
B2A,ad95d06611.jpg,0.7905721849918377,0.3883675
B2A,ada37edd54.jpg,0.7729451791284871,0.59085554
B2A,ada576bcf5.jpg,0.9186573682404028,0.34749794
B2A,ada64f6f98.jpg,0.8523088266721732,0.40659082
B2A,adb5589a4a.jpg,0.8309754850246334,0.438477
B2A,adbb6706f4.jpg,0.8075326753824845,0.3420785
B2A,adc015d394.jpg,0.8902294777869064,0.3062682
B2A,adc7df4c09.jpg,0.8123879701381177,0.23811157
B2A,adc8bca42b.jpg,0.8898253738638466,0.20154986
B2A,add673f629.jpg,0.8806904370825951,0.24867661
B2A,addb9e11be.jpg,0.9110197108610228,0.24975407
B2A,addf00ca3f.jpg,0.9078015440907556,0.26424965
B2A,ade0f46a3f.jpg,0.7530693708858721,0.14841655
B2A,adee0e7444.jpg,0.8823254322342546,0.30486378
B2A,adf0ac7938.jpg,0.7994347678560307,0.34229004
B2A,adf316819b.jpg,0.904792851347144,0.56009805
B2A,adf3ad1301.jpg,0.8713189131303433,0.20014001
B2A,ae073bf16d.jpg,0.712263096131668,0.51824373
B2A,ae15831d3a.jpg,0.7981745233962572,0.43765777
B2A,ae16d6d012.jpg,0.8359136180828248,0.37942395
B2A,ae1951459d.jpg,0.8526534454511796,0.35206273
B2A,ae1ee21b01.jpg,0.8011149484387057,0.40554434
B2A,ae2923b68c.jpg,0.8699034289791414,0.34608185
B2A,ae2c1ea2d6.jpg,0.8796920629522548,0.21546547
B2A,ae32973f1b.jpg,0.6732413627208005,0.45717284
B2A,ae33f34419.jpg,0.88944774550369,0.30296114
B2A,ae3bb4751d.jpg,0.8121495664310657,0.3606186
B2A,ae48a41403.jpg,0.8562042013187917,0.32880434
B2A,ae56d20cb9.jpg,0.8700267749163771,0.26523682
B2A,ae5ac0bf8a.jpg,0.6453336971271918,0.5087175
B2A,ae667757b8.jpg,0.6836402721167597,0.3721367
B2A,ae7f0cf2c7.jpg,0.8832810832986058,0.24337973
B2A,ae91238c7d.jpg,0.8861906515276458,0.24101834
B2A,ae97673634.jpg,0.6571236123828157,0.5680621
B2A,aea3c83ebe.jpg,0.8305657968301949,0.19898364
B2A,aea4a60c4e.jpg,0.7469865784020766,0.38132563
B2A,aea6b06ea6.jpg,0.7872117668103729,0.15069543
B2A,aed2032c56.jpg,0.7217323768434896,0.5694144
B2A,aedf554224.jpg,0.8126813800547598,0.29887542
B2A,aee36ebffb.jpg,0.8363118371619591,0.4027481
B2A,aeff6a1ad9.jpg,0.8699268691115272,0.3369078
B2A,af2075bcf5.jpg,0.9362069462328276,0.16331825
B2A,af24d79cda.jpg,0.7379352274351025,0.24765891
B2A,af2acf5f58.jpg,0.6267136527632348,0.5032921
B2A,af4232e4ad.jpg,0.820924271260866,0.3969748
B2A,af4456d9ce.jpg,0.8039359450231034,0.28987855
B2A,af51aca135.jpg,0.4926834367182367,0.46987897
B2A,af5f718ec0.jpg,0.7616911913879046,0.30333477
B2A,af672cd7de.jpg,0.9208333257644754,0.3303948
B2A,af6af0e073.jpg,0.8663868553592764,0.27456185
B2A,af87640174.jpg,0.9360249275167227,0.18648759
B2A,af890fdb8b.jpg,0.7717114535171734,0.3171458
B2A,af899de250.jpg,0.7185930328134047,0.4732721
B2A,af8b38d918.jpg,0.8830048854065407,0.2119606
B2A,af97db63a5.jpg,0.8858987777337087,0.4398583
B2A,af98779f2f.jpg,0.9227304129450888,0.20977508
B2A,af9f206c68.jpg,0.7389921791088186,0.50014275
B2A,afa167a1a5.jpg,0.870023107104655,0.25719473
B2A,afa1a71c3d.jpg,0.7501252301125972,0.49598396
B2A,afa576e383.jpg,0.9082032505177636,0.5537942
B2A,afabae968b.jpg,0.8131863732822441,0.32440954
B2A,afaf808be0.jpg,0.7672181179757326,0.54313
B2A,afb21c0a01.jpg,0.854218148178482,0.38033763
B2A,afb5f05573.jpg,0.6996839705281135,0.32546443
B2A,afb5fd0067.jpg,0.7676510842827092,0.46227387
B2A,afd6a4c506.jpg,0.8811437949802119,0.17604005
B2A,afe09342a4.jpg,0.8616600259179659,0.45758414
B2A,afec9d2ce5.jpg,0.7025444289064133,0.44530863
B2A,afee15fa99.jpg,0.8107148380733369,0.43005577
B2A,aff47b8492.jpg,0.7808305182993343,0.46004266
B2A,aff8f6d136.jpg,0.9227993425191559,0.19017175
B2A,b003895ce9.jpg,0.8632870811055618,0.27434602
B2A,b01acadfd9.jpg,0.6254584757717692,0.35123014
B2A,b0238fb4d6.jpg,0.7293448708866305,0.4577642
B2A,b023dae26b.jpg,0.8274685223148514,0.42351073
B2A,b02697eec9.jpg,0.8286928911832364,0.29503557
B2A,b027a80904.jpg,0.7555986789312518,0.48361596
B2A,b028f604ed.jpg,0.9258614210493072,0.24942912
B2A,b03262df8a.jpg,0.7908422000437582,0.29401106
B2A,b03646ab9d.jpg,0.9014890675578906,0.18880774
B2A,b036b0bd6e.jpg,0.8567455526718677,0.41928
B2A,b043e97f3c.jpg,0.9208266009221737,0.20325221
B2A,b048d6b4a6.jpg,0.8000935617412486,0.34596732
B2A,b04af1a7a5.jpg,0.9051992631713088,0.16720079
B2A,b04b5604c4.jpg,0.8550245095822321,0.34211364
B2A,b05f08496f.jpg,0.9165579046109489,0.39737707
B2A,b069343f1c.jpg,0.732179116462061,0.45259538
B2A,b06a3053e1.jpg,0.8214268612424873,0.31190598
B2A,b07115bda9.jpg,0.9475327985204488,0.17779633
B2A,b0771d4c61.jpg,0.6374264472941242,0.43988207
B2A,b07a462689.jpg,0.7226405767522508,0.3378111
B2A,b08e49c7b8.jpg,0.8893003852765703,0.2728899
B2A,b09cf0dffc.jpg,0.9359991070516297,0.15073566
B2A,b0a4fcb39d.jpg,0.931241555503311,0.39794055
B2A,b0b01c67cb.jpg,0.7648625053118848,0.5091759
B2A,b0bc5786a5.jpg,0.7036472738067573,0.25337744
B2A,b0c59def26.jpg,0.7276675624835669,0.53830785
B2A,b0c99529c9.jpg,0.673809155080278,0.5872794
B2A,b0ccf80417.jpg,0.8120670876605985,0.25821
B2A,b0dc34e8e6.jpg,0.6670139031006774,0.62176853
B2A,b0e936e41b.jpg,0.7978587163701361,0.35970226
B2A,b0f66caebb.jpg,0.6943975279066692,0.51648784
B2A,b10839181d.jpg,0.7660783456734185,0.32659185
B2A,b10dabf94e.jpg,0.7756623251399053,0.36471027
B2A,b112237bbf.jpg,0.8554092786325022,0.2779784
B2A,b11afb309d.jpg,0.5814396544005415,0.46400768
B2A,b128c9759f.jpg,0.8518685656795428,0.33218086
B2A,b12bf44d38.jpg,0.7968679072574328,0.19268209
B2A,b12d6de1d9.jpg,0.6643659333730466,0.34123445
B2A,b13aecdf79.jpg,0.714636598692998,0.34629336
B2A,b140da8120.jpg,0.8577146736016587,0.32169253
B2A,b150248c5b.jpg,0.7862925934953702,0.32013616
B2A,b1512c76c7.jpg,0.7950156043732147,0.50795305
B2A,b15cbb80b4.jpg,0.9202778403884279,0.17856656
B2A,b161a5d3cb.jpg,0.9241982895874863,0.3126823
B2A,b164b7525c.jpg,0.7449368584303733,0.41775614
B2A,b1654bdb7e.jpg,0.8576625978183641,0.49927026
B2A,b16bafe652.jpg,0.8576789415828825,0.26240513
B2A,b16dcdc688.jpg,0.817448796473961,0.4112221
B2A,b16e9f4263.jpg,0.884456425475155,0.34074062
B2A,b17c40b1ea.jpg,0.7987291213112726,0.2925926
B2A,b181897b98.jpg,0.7930198634949748,0.3309143
B2A,b18beb6d72.jpg,0.8499941510662004,0.37470964
B2A,b1e3ea9ca5.jpg,0.8659229143729209,0.34905875
B2A,b1eb87490e.jpg,0.8038226917554663,0.42391327
B2A,b20d1d38d7.jpg,0.9335602488267261,0.30844915
B2A,b21a369bbd.jpg,0.7370754224173567,0.6062997
B2A,b21c4fc9bd.jpg,0.8727101638741792,0.27497864
B2A,b220f59b09.jpg,0.5434428652062641,0.7258788
B2A,b23933adf6.jpg,0.7998108109058012,0.4538353
B2A,b23ae1573f.jpg,0.6586592069587502,0.64344037
B2A,b2400fe0a5.jpg,0.7062404657841425,0.46627656
B2A,b242ae6db1.jpg,0.8100766159060386,0.26120606
B2A,b2442c013f.jpg,0.8359299073679001,0.39558935
B2A,b244d049e3.jpg,0.8266497275802628,0.34598547
B2A,b245d8b8ff.jpg,0.6591652684598989,0.49049518
B2A,b2633e0b11.jpg,0.879833951882492,0.3673072
B2A,b263b335f4.jpg,0.6565823269733913,0.5216895
B2A,b265520a3d.jpg,0.7810140001244376,0.3959026
B2A,b275f883d7.jpg,0.9096622575473144,0.19326973
B2A,b27811638c.jpg,0.7874681689104968,0.40419704
B2A,b2883a87cb.jpg,0.827945102058829,0.42006016
B2A,b288896b0a.jpg,0.6942894932020854,0.44620347
B2A,b29034b730.jpg,0.7464797620499819,0.2488793
B2A,b29d413ab1.jpg,0.7449813752649567,0.34796485
B2A,b2a7070656.jpg,0.6567427475747967,0.4684498
B2A,b2a9652a6f.jpg,0.8107194314368085,0.5053864
B2A,b2abb2ae39.jpg,0.8070291757241171,0.44043836
B2A,b2bb2119a9.jpg,0.8238186255392139,0.31870937
B2A,b2cb0fe346.jpg,0.9126872992126328,0.17688568
B2A,b2cbeec8f9.jpg,0.9149730872297257,0.22656173
B2A,b2cbf1cf7a.jpg,0.753075363001455,0.35143596
B2A,b2de093e02.jpg,0.8505458369773865,0.31359038
B2A,b2e2ffcd0a.jpg,0.6962085385044237,0.34585157
B2A,b2ee6d8bc5.jpg,0.8785024232439879,0.23592468
B2A,b2f7fa511e.jpg,0.8560968517798033,0.6065226
B2A,b2fd16828f.jpg,0.7764293734295395,0.3959158
B2A,b2fe82b23e.jpg,0.8999555703274749,0.15734637
B2A,b30876c470.jpg,0.7303421061325864,0.54048014
B2A,b31c7ff3e0.jpg,0.8601067055568088,0.25096524
B2A,b326ea0088.jpg,0.8583506202735011,0.285207
B2A,b34c11aa77.jpg,0.8165053108018471,0.36951417
B2A,b3544a41dd.jpg,0.8053286939088359,0.39328477
B2A,b398a41374.jpg,0.8709429443351866,0.23803934
B2A,b39ad63238.jpg,0.809510261543652,0.39343968
B2A,b3a246218c.jpg,0.8130400079369439,0.27406278
B2A,b3ad362dc3.jpg,0.8297201132262839,0.51175463
B2A,b3bfca1f8b.jpg,0.9337943103777819,0.22515714
B2A,b3c28798bd.jpg,0.7843667912884957,0.26308697
B2A,b3c422ffa6.jpg,0.557800449487027,0.48653898
B2A,b3cc0df141.jpg,0.9179450287393834,0.25552422
B2A,b3d3d9921d.jpg,0.7658809030281998,0.33784306
B2A,b3d83e557e.jpg,0.8772625848114696,0.1977639
B2A,b3daba3e38.jpg,0.8968818309943913,0.3156921
B2A,b3db7e6aae.jpg,0.7316387456066564,0.38490203
B2A,b3e5c31249.jpg,0.8612926091099795,0.29410008
B2A,b3e9f5d03a.jpg,0.7532175551688541,0.49160826
B2A,b3efa6f13f.jpg,0.8667726410566727,0.3097504
B2A,b404fb513f.jpg,0.7219080688801509,0.47297588
B2A,b4166bd020.jpg,0.7882710468885152,0.44107705
B2A,b41d24db10.jpg,0.7515453169520763,0.42094168
B2A,b4217286ca.jpg,0.8278829248003112,0.26653367
B2A,b43d7dcae4.jpg,0.8685960714739067,0.31795394
B2A,b44289846b.jpg,0.8486540780158188,0.39725685
B2A,b443916aa7.jpg,0.8436904903869384,0.35531864
B2A,b46106fd89.jpg,0.7536246753738026,0.23916273
B2A,b461cd6b95.jpg,0.7494355837754334,0.47193503
B2A,b463392033.jpg,0.7299171064430497,0.4391502
B2A,b469541ab9.jpg,0.8869942191052581,0.3530475
B2A,b475f64439.jpg,0.8476819703717392,0.29352885
B2A,b47834dd52.jpg,0.8339766371971925,0.42184702
B2A,b47b2f88c3.jpg,0.6587004291272148,0.3597147
B2A,b482bd55c5.jpg,0.818854651707942,0.2775988
B2A,b489bdec64.jpg,0.7738561795481681,0.35296434
B2A,b492a7d919.jpg,0.9063692621654919,0.1614118
B2A,b4a1b33eae.jpg,0.8304746378067643,0.32739753
B2A,b4ba4bd4b0.jpg,0.6374598879532142,0.42817032
B2A,b4c752721a.jpg,0.799700756228449,0.31155112
B2A,b4c7f33b35.jpg,0.7374439900019257,0.4098244
B2A,b4c8e36705.jpg,0.908911750102226,0.24019815
B2A,b4cc9f5870.jpg,0.8022082680488428,0.23852855
B2A,b4d64206dd.jpg,0.8770298166418602,0.3512524
B2A,b4ef669e4d.jpg,0.9417110312615087,0.19247645
B2A,b4f2211991.jpg,0.6266081100285209,0.54969394
B2A,b4f9b0e86b.jpg,0.8591976899576986,0.35930958
B2A,b5237c39a7.jpg,0.9091411702816266,0.29767233
B2A,b5268447c0.jpg,0.6787160940296877,0.32017273
B2A,b544e584f6.jpg,0.9220405220976586,0.28868845
B2A,b54c9ff9f0.jpg,0.4508197312418204,0.37484503
B2A,b54ecfe1d1.jpg,0.8089567085069687,0.36450413
B2A,b55174c53d.jpg,0.8052279985091753,0.3087173
B2A,b553a553a4.jpg,0.8250038822444137,0.24152687
B2A,b56100a754.jpg,0.9187002784320143,0.3925385
B2A,b56f780872.jpg,0.948956638784145,0.23350486
B2A,b571fc78d5.jpg,0.862538087834496,0.3909818
B2A,b58bdc0c7f.jpg,0.8089423297302687,0.34770703
B2A,b597d0c58b.jpg,0.8653734007191227,0.16251723
B2A,b5a144143b.jpg,0.6391522052237337,0.39942706
B2A,b5ae36d4c7.jpg,0.905925317385702,0.22823063
B2A,b5b93e7f12.jpg,0.7799910674610647,0.4464443
B2A,b5bd2caebc.jpg,0.8142063084419034,0.46880162
B2A,b5bdb76769.jpg,0.8088385659425199,0.3729066
B2A,b5d3195dc8.jpg,0.8298782143511214,0.1598659
B2A,b5d87c828d.jpg,0.9305947159658995,0.19481699
B2A,b5d90eb11d.jpg,0.5636708875828575,0.31199846
B2A,b5d995b5d8.jpg,0.8578455476066499,0.2969044
B2A,b5f2c61061.jpg,0.9072275451702452,0.31772098
B2A,b60488d40f.jpg,0.9126925029802017,0.18025474
B2A,b60f74cca9.jpg,0.9150630488035246,0.25258017
B2A,b60fa62c00.jpg,0.8898205154808099,0.19110957
B2A,b612a7c29e.jpg,0.9019516389976503,0.31871706
B2A,b612ea84b8.jpg,0.7390756705837196,0.38348284
B2A,b61461c172.jpg,0.8265998780454735,0.3971855
B2A,b61731a239.jpg,0.9002321812623797,0.20231381
B2A,b61b89590d.jpg,0.8619088537302736,0.38940698
B2A,b61e2b3b0d.jpg,0.8258137451799985,0.3769127
B2A,b62b0c6d0c.jpg,0.8259927771067906,0.42808712
B2A,b62f2cfc5d.jpg,0.8204179942362594,0.33641928
B2A,b631fa3f71.jpg,0.8374054179545487,0.30024517
B2A,b635c95844.jpg,0.692699205514213,0.70375925
B2A,b6398ab782.jpg,0.5517547900282629,0.6823781
B2A,b6429002b9.jpg,0.7689971725525776,0.60392874
B2A,b64bb5b36d.jpg,0.6346553629869931,0.54380107
B2A,b660902f57.jpg,0.7955517569390201,0.4088627
B2A,b664354223.jpg,0.8696267743920448,0.29145145
B2A,b665863dfb.jpg,0.8854715589780326,0.25089633
B2A,b66913e00b.jpg,0.8618065281015439,0.39739203
B2A,b66c734954.jpg,0.7231879575340366,0.35809708
B2A,b66c82cf2a.jpg,0.7703720573285019,0.42051476
B2A,b66f508c68.jpg,0.822962726770864,0.30735084
B2A,b678b74dae.jpg,0.8583736351317371,0.38546893
B2A,b679bcea19.jpg,0.7827619626958635,0.26411256
B2A,b67c9613c8.jpg,0.8917110696821132,0.13109094
B2A,b697267bfb.jpg,0.7896706577788378,0.2863383
B2A,b69f383965.jpg,0.7490216917524609,0.28089577
B2A,b69fe86234.jpg,0.831086684633674,0.3285721
B2A,b6c8f98eaf.jpg,0.7971240295825509,0.41891158
B2A,b6ccadba44.jpg,0.8647685443461122,0.20574288
B2A,b6d52caca3.jpg,0.9301409967867397,0.1485483
B2A,b6d84ce05d.jpg,0.8132792364119442,0.30324474
B2A,b6dd6a5484.jpg,0.7039106060323761,0.37122807
B2A,b6e02f524c.jpg,0.8887543377401214,0.36788958
B2A,b6ebb5febd.jpg,0.8079377026010426,0.29363853
B2A,b6f00064cc.jpg,0.6458047278576478,0.39438695
B2A,b70c20c5bb.jpg,0.8619860715185602,0.42020655
B2A,b70ec20b75.jpg,0.8391517625766518,0.47462428
B2A,b7126e52cb.jpg,0.7514450406424774,0.63106513
B2A,b7139c915b.jpg,0.8313057436407189,0.36657274
B2A,b734350f7a.jpg,0.8020516112484488,0.48756218
B2A,b743015621.jpg,0.6880741769682227,0.5300304
B2A,b74ada0d43.jpg,0.9219928012243799,0.22902068
B2A,b74cab8840.jpg,0.7029642590080528,0.31932455
B2A,b76253bc63.jpg,0.952791171844398,0.24032035
B2A,b7634902cd.jpg,0.7873779549761176,0.5113848
B2A,b763d10895.jpg,0.8735622718230546,0.29064178
B2A,b76490cea4.jpg,0.5683365465031546,0.6317755
B2A,b76838eaa3.jpg,0.6525344613579266,0.5202267
B2A,b76eca8315.jpg,0.8876775000067375,0.26943704
B2A,b7771cc3a7.jpg,0.749324342221639,0.4103074
B2A,b78443d274.jpg,0.7059136480722279,0.5791067
B2A,b7907e76c4.jpg,0.8701997933072693,0.21110749
B2A,b79198e3b3.jpg,0.8344521423957958,0.23993134
B2A,b79628b2db.jpg,0.864424171532897,0.33005095
B2A,b79649047f.jpg,0.6772695156295115,0.49316454
B2A,b79a2b6c99.jpg,0.9054390043325541,0.315069
B2A,b7a7a7cc17.jpg,0.9059734395962424,0.20527706
B2A,b7cb7f4110.jpg,0.710053761702817,0.41725692
B2A,b7d05fd7dc.jpg,0.8569334724275228,0.21398008
B2A,b7f7aaeb71.jpg,0.6754703062028802,0.37678957
B2A,b8009cb56d.jpg,0.8985883262535672,0.36150616
B2A,b804d8ffff.jpg,0.7900930910801162,0.3275671
B2A,b81a0b8027.jpg,0.9416736574731263,0.25387853
B2A,b81b0d4833.jpg,0.9323399398276057,0.2493125
B2A,b82c2d7664.jpg,0.7890796845534008,0.2847283
B2A,b8513f2cc6.jpg,0.6334874844941969,0.6517818
B2A,b85242ba7b.jpg,0.8245831202132211,0.2853313
B2A,b85d1ea25e.jpg,0.716474303045135,0.37651935
B2A,b87678f817.jpg,0.7734872062174587,0.36639675
B2A,b877c006b7.jpg,0.7978490790589411,0.34220275
B2A,b879c75442.jpg,0.882791752921859,0.23521563
B2A,b87f267ffd.jpg,0.7971827141966177,0.29979086
B2A,b8800075ea.jpg,0.8854446455796428,0.2650776
B2A,b8846a57ce.jpg,0.663070565930168,0.4788962
B2A,b885222b39.jpg,0.8037826297442501,0.27300608
B2A,b88710452e.jpg,0.8977104884654861,0.14708783
B2A,b88fa19b4b.jpg,0.8665012221716529,0.18620089
B2A,b88fd25d37.jpg,0.7653982576691265,0.4158009
B2A,b892e182db.jpg,0.8640258183302886,0.22212207
B2A,b893e3aa24.jpg,0.6935670430707688,0.44280574
B2A,b89aa727f4.jpg,0.7039062926355694,0.34654492
B2A,b89d1cc4f1.jpg,0.7918208716340966,0.40842053
B2A,b8b21378ef.jpg,0.8641859786695958,0.2440818
B2A,b8b5848caa.jpg,0.7770547634964805,0.37848023
B2A,b8c23eb503.jpg,0.6574728732614926,0.6408325
B2A,b8c6874f96.jpg,0.6958690150751634,0.59088105
B2A,b8d30c2ede.jpg,0.8720556015525768,0.14323644
B2A,b8dda4b0ed.jpg,0.8533294057507291,0.3130496
B2A,b8e1eafdef.jpg,0.8493045970678734,0.24531114
B2A,b8e7658517.jpg,0.8766479918400534,0.308235
B2A,b8eb81d31d.jpg,0.7006481805030133,0.39252824
B2A,b8f7816f6b.jpg,0.8823894195554769,0.42901552
B2A,b90dc41d5d.jpg,0.870362867997298,0.29340863
B2A,b91926eb90.jpg,0.8243461030181212,0.2381804
B2A,b924b090f7.jpg,0.861522899044813,0.265745
B2A,b938642e78.jpg,0.7992664548333465,0.49130034
B2A,b939486166.jpg,0.8585565433820509,0.31348768
B2A,b952bd214e.jpg,0.8693026647240979,0.33306512
B2A,b955e39acf.jpg,0.8316462865635613,0.30745536
B2A,b9768c7e52.jpg,0.8653540674009146,0.32307434
B2A,b983599509.jpg,0.8967168248413345,0.20364907
B2A,b985c8d0f9.jpg,0.7708713705843628,0.4266012
B2A,b989430548.jpg,0.5495860726959652,0.56159574
B2A,b9902d5a97.jpg,0.8420423378778608,0.37851873
B2A,b99379d9e0.jpg,0.5390774240464801,0.51263195
B2A,b9973b92ba.jpg,0.6913453090579078,0.4594755
B2A,b99824d883.jpg,0.6954399167716814,0.38053152
B2A,b9a991202d.jpg,0.9286713294177102,0.28600425
B2A,b9bc2a225e.jpg,0.7999824656010192,0.47631556
B2A,b9cad6e8c0.jpg,0.7166197905957659,0.47307524
B2A,b9cd30a1eb.jpg,0.8071181804649031,0.28976485
B2A,b9d2ba2502.jpg,0.871692031313134,0.21034455
B2A,b9d441588e.jpg,0.7481677296944179,0.39101478
B2A,b9d6b906b5.jpg,0.8521800562108293,0.3528107
B2A,b9de8e1e60.jpg,0.830750748504603,0.25192282
B2A,b9ea51b317.jpg,0.7371492635072188,0.41326657
B2A,b9eb4c4e23.jpg,0.9033330119150773,0.24928275
B2A,b9f955e5da.jpg,0.7729728078963244,0.54811954
B2A,ba3fc5aaf6.jpg,0.8782231377594317,0.31794044
B2A,ba4f07f939.jpg,0.8465240975518987,0.37033874
B2A,ba57ad5d60.jpg,0.7480744897678723,0.35845053
B2A,ba6cdd170e.jpg,0.6315049586837554,0.57272166
B2A,ba7c346ee6.jpg,0.8303128811718381,0.24365713
B2A,ba7d2f82f3.jpg,0.6929011857813673,0.45861658
B2A,ba8511d50b.jpg,0.8488257123818803,0.4068245
B2A,ba861fc7fc.jpg,0.6393927458840435,0.49556822
B2A,ba900f7b05.jpg,0.6065336806104696,0.6048077
B2A,ba93309fda.jpg,0.6518098398776819,0.37651783
B2A,baa1ec6741.jpg,0.938891350916043,0.37433824
B2A,baa5eaf58a.jpg,0.7249602327354202,0.34860262
B2A,baa60c9bed.jpg,0.9067097283877356,0.21654147
B2A,baac2fc0d9.jpg,0.7115067842806507,0.2786943
B2A,bab560daee.jpg,0.7362398315991845,0.3996877
B2A,bac7bbda07.jpg,0.8883864925653225,0.2682435
B2A,baca7c1baf.jpg,0.889983129380986,0.31441978
B2A,bad95e0688.jpg,0.8308830972675575,0.40717754
B2A,bae17c2143.jpg,0.817008719189975,0.29956928
B2A,bae6056ca8.jpg,0.7112974923873356,0.37315065
B2A,baef9a3993.jpg,0.8446090155531609,0.29179296
B2A,bafb1adc1f.jpg,0.8541654316077625,0.3543403
B2A,bb017d43a9.jpg,0.7829567761175685,0.38352114
B2A,bb15fcc4ff.jpg,0.8639190809525592,0.44942
B2A,bb313a5e16.jpg,0.6454708222773919,0.5416571
B2A,bb3377f200.jpg,0.8257271356661771,0.1837798
B2A,bb38cedde5.jpg,0.7907679577785456,0.4166811
B2A,bb3ef64acd.jpg,0.9122217080924242,0.20543364
B2A,bb40b8dd7f.jpg,0.8370305014844129,0.22611876
B2A,bb5faf30e9.jpg,0.8773918835400417,0.25006992
B2A,bb64125bc2.jpg,0.9059788860223288,0.35361302
B2A,bb77850a04.jpg,0.7424319631938908,0.46682915
B2A,bb8552f1b5.jpg,0.8269722458932233,0.23158427
B2A,bb9d316b1a.jpg,0.7510099059793062,0.34827903
B2A,bba5052be8.jpg,0.9214692869459281,0.3497117
B2A,bbac847eec.jpg,0.8250917798028109,0.23132755
B2A,bbaff218f3.jpg,0.8091294215568743,0.5470349
B2A,bbbfda6b8f.jpg,0.90129071116481,0.34551027
B2A,bbc433fec1.jpg,0.8808845765030913,0.29857558
B2A,bbc5447377.jpg,0.8001371995671187,0.35496956
B2A,bbc6c20473.jpg,0.6832669370198116,0.37177163
B2A,bbca95e065.jpg,0.7910084175547826,0.4936263
B2A,bbd1178911.jpg,0.8837600235896947,0.20838979
B2A,bbe716a5ba.jpg,0.6540117600812111,0.68554497
B2A,bbf7c36959.jpg,0.9152921299778906,0.16684492
B2A,bbfe762240.jpg,0.9028626181761884,0.37872308
B2A,bc00b49aa2.jpg,0.950699330362223,0.44485635
B2A,bc05774cb8.jpg,0.8454929978039927,0.27146623
B2A,bc1296f186.jpg,0.7850369578684029,0.37779596
B2A,bc1fa09301.jpg,0.5733616076756278,0.5417861
B2A,bc320f44ee.jpg,0.7831506787435955,0.42501253
B2A,bc34a98e62.jpg,0.6074799620296829,0.44199038
B2A,bc3f932980.jpg,0.6877140647095249,0.53427535
B2A,bc47393bbe.jpg,0.7597859227992902,0.44086492
B2A,bc4cc5e31c.jpg,0.743792175707862,0.48042473
B2A,bc57ed5fda.jpg,0.7793640987005094,0.23292898
B2A,bc59db0454.jpg,0.8508998993875372,0.21357438
B2A,bc76a34f9d.jpg,0.9032049660967554,0.22614624
B2A,bc8579edc4.jpg,0.8220156247949147,0.2898768
B2A,bc89a879fd.jpg,0.7956124317817972,0.5930709
B2A,bc8e187f4f.jpg,0.8371433360347684,0.23914132
B2A,bc97e28ac0.jpg,0.7566220050720683,0.35299584
B2A,bc9defc927.jpg,0.6831764268308241,0.610487
B2A,bca6fd9039.jpg,0.8425779106699277,0.43938193
B2A,bcad190025.jpg,0.8316122258773463,0.3473931
B2A,bcade75bec.jpg,0.8075356550214324,0.3308971
B2A,bcae56fbed.jpg,0.7079115408030475,0.4119166
B2A,bcc1a87147.jpg,0.8185381180500656,0.38076353
B2A,bcc29192c1.jpg,0.758711943379977,0.22261284
B2A,bcde913d1d.jpg,0.8388066143582714,0.29191226
B2A,bce46c265e.jpg,0.8690046286785582,0.32573646
B2A,bceb077f5d.jpg,0.8377104099956864,0.24731204
B2A,bcef4b66e6.jpg,0.8423333505374011,0.34184504
B2A,bcf39bcec2.jpg,0.8374025022913174,0.2637351
B2A,bcf3ab621b.jpg,0.7286758083012451,0.4758273
B2A,bcf3af118c.jpg,0.7481672944439984,0.35356557
B2A,bd2893da68.jpg,0.9006069904649111,0.34703317
B2A,bd2be5968a.jpg,0.8470216938129141,0.2648624
B2A,bd4ff109f0.jpg,0.9135660278993024,0.39589655
B2A,bd5056d32e.jpg,0.6714597429580517,0.50060034
B2A,bd58f14f67.jpg,0.6005771316080304,0.4528805
B2A,bd6006597f.jpg,0.8536936791491477,0.33056957
B2A,bd6261963a.jpg,0.8210664016023594,0.35126424
B2A,bd6550715b.jpg,0.761385582163401,0.48793963
B2A,bd6902ee43.jpg,0.8530764196846435,0.33699948
B2A,bd6a7ec51e.jpg,0.5715379433844583,0.4411382
B2A,bd7003b6b6.jpg,0.7791553997517717,0.285238
B2A,bd76d694d4.jpg,0.7344283614213779,0.40392303
B2A,bd7e521e90.jpg,0.9258637413078459,0.23518655
B2A,bd7e852fb1.jpg,0.6186665197827322,0.38274255
B2A,bd81e32444.jpg,0.782575677064541,0.45804358
B2A,bd856bd7d2.jpg,0.8948130515496294,0.19857547
B2A,bd9dbd110c.jpg,0.7318708776357027,0.3124435
B2A,bda011a946.jpg,0.9114472608701959,0.1701134
B2A,bda7612626.jpg,0.6640327770024244,0.604316
B2A,bda7b5b92a.jpg,0.8612058836247286,0.31557915
B2A,bda920ef3a.jpg,0.7573330484793785,0.52376205
B2A,bdb71b5252.jpg,0.7530967379664306,0.31965116
B2A,bdb764be42.jpg,0.6095711153420799,0.73246217
B2A,bdb80159b3.jpg,0.8240044957590362,0.36860508
B2A,bdcfea4c8d.jpg,0.6933012726419426,0.252744
B2A,bdd2bc2e77.jpg,0.9090896436468493,0.2354967
B2A,bdd6cb73e5.jpg,0.7737938108298696,0.26338923
B2A,bde2a9e1fa.jpg,0.9090081293724633,0.31559098
B2A,bdf3d3a8e5.jpg,0.8216550714537031,0.2540551
B2A,bdf8b0c5ad.jpg,0.8793591846660885,0.28203058
B2A,be0140dde6.jpg,0.7513020934279081,0.51119614
B2A,be17aa711c.jpg,0.5901884150332721,0.3948986
B2A,be19b2eac9.jpg,0.7662784565072641,0.44792157
B2A,be307d9b2d.jpg,0.8088651757198383,0.25582176
B2A,be30ee9635.jpg,0.8834570919354202,0.27211922
B2A,be58cca5c2.jpg,0.6735234686597659,0.5020213
B2A,be5a727d8a.jpg,0.595681602998684,0.47148484
B2A,be5e1ffaf7.jpg,0.9206363925051516,0.20099291
B2A,be66a96894.jpg,0.9357311049823086,0.19521177
B2A,be6d9981a3.jpg,0.9020470667306557,0.14585689
B2A,be74caa0c9.jpg,0.4725294016454867,0.71243334
B2A,be76e135d1.jpg,0.7232037123688934,0.582792
B2A,be7c00594f.jpg,0.8217379332913619,0.2985343
B2A,be8015beea.jpg,0.8543261877877929,0.44314775
B2A,be87bba931.jpg,0.6379539294427768,0.5888389
B2A,be9710f956.jpg,0.7298590388542457,0.72196484
B2A,beb00f6bd4.jpg,0.8094162328983864,0.30432776
B2A,beb8830662.jpg,0.8694399624209875,0.1864962
B2A,bebbb8b76e.jpg,0.9141122308792877,0.14333047
B2A,bec2bc2d65.jpg,0.9352338048432701,0.31059924
B2A,bec49b01dd.jpg,0.7337526204992791,0.3941377
B2A,bec4efcf0e.jpg,0.7775292915092002,0.22595778
B2A,becea1ec0d.jpg,0.8514974209491064,0.31357574
B2A,bed5847c27.jpg,0.7678154617054078,0.57713777
B2A,bed803c046.jpg,0.7337898497913332,0.62575245
B2A,bedb0b8e17.jpg,0.8272750550764981,0.22908604
B2A,bee0d00197.jpg,0.6291211581352237,0.4597958
B2A,bee8605fcd.jpg,0.9219951155106717,0.3196339
B2A,bee867c967.jpg,0.603707371991378,0.57320696
B2A,beebd3d7ff.jpg,0.8541052751521008,0.25295177
B2A,beec4e482c.jpg,0.7615925924134246,0.18983468
B2A,bf07ab5c4a.jpg,0.8092260124080431,0.4630154
B2A,bf0e0a58a4.jpg,0.576616589500417,0.66944396
B2A,bf2216d133.jpg,0.8206866107684094,0.25049412
B2A,bf28de635c.jpg,0.6996333468671481,0.31704968
B2A,bf36a527ab.jpg,0.7301873246366435,0.41757601
B2A,bf3ece26c1.jpg,0.6367177630099317,0.62356704
B2A,bf6062190e.jpg,0.7449744437547277,0.6253786
B2A,bf61f9adb1.jpg,0.8395009469837172,0.2816756
B2A,bf6ed52f2c.jpg,0.8860985045973432,0.21566544
B2A,bf72b298bc.jpg,0.7201712816277475,0.4426844
B2A,bf7b0e4b1f.jpg,0.735399413905908,0.44727847
B2A,bf8f3d28ae.jpg,0.7912434067473709,0.3090845
B2A,bf918a456c.jpg,0.8196152066038584,0.4175626
B2A,bf94cca435.jpg,0.7750401401041637,0.355472
B2A,bf964262b6.jpg,0.741265040189885,0.57279146
B2A,bfc6144838.jpg,0.92157597367549,0.30110973
B2A,bfc622bb44.jpg,0.9309640107217729,0.29317594
B2A,c006c643f8.jpg,0.8787558858241111,0.24381757
B2A,c009f9904a.jpg,0.6725079137218475,0.49928325
B2A,c013680118.jpg,0.7086014306056792,0.38942733
B2A,c015570ab7.jpg,0.6333615813770339,0.6329285
B2A,c017fac753.jpg,0.7506602328147184,0.4590653
B2A,c018d5dbf7.jpg,0.8752947820041553,0.3286181
B2A,c0287a48f4.jpg,0.8296674732865754,0.26321536
B2A,c02e89c4d3.jpg,0.740083760684605,0.3551542
B2A,c0301eeaaf.jpg,0.7938419041914149,0.46289715
B2A,c031d1622c.jpg,0.7671245370525726,0.3702329
B2A,c03cf43784.jpg,0.8454167353544236,0.35335824
B2A,c0511e5414.jpg,0.6685143704643853,0.44144115
B2A,c06ff30cd5.jpg,0.9211655314924866,0.23399659
B2A,c0757c90f9.jpg,0.8564122662799256,0.2917456
B2A,c081f34667.jpg,0.8297926457903909,0.24138644
B2A,c0876f3b2b.jpg,0.8877420603051469,0.26614076
B2A,c08ee1f5aa.jpg,0.797989972674924,0.48937428
B2A,c09421b98c.jpg,0.795046361003376,0.35594964
B2A,c09cd67282.jpg,0.8567259266594112,0.1788873
B2A,c0a3fb3571.jpg,0.9415952127229484,0.1514172
B2A,c0a72ce31e.jpg,0.8909978608561906,0.28831035
B2A,c0b55c941e.jpg,0.8044806416400848,0.24458317
B2A,c0b977acfb.jpg,0.8015092291907685,0.24243721
B2A,c0be01b9c9.jpg,0.8062243064618843,0.53686124
B2A,c0c0e3575b.jpg,0.8872742917058284,0.20909154
B2A,c0e7dfa5ed.jpg,0.773554895763879,0.43770427
B2A,c0f19d6031.jpg,0.8101833761522661,0.38592625
B2A,c0fe7fd0a7.jpg,0.6840472385030112,0.44084346
B2A,c10183721e.jpg,0.8276653936878237,0.311361
B2A,c1114abb60.jpg,0.8867854300891593,0.40323165
B2A,c123f051ca.jpg,0.7474222527247508,0.4773328
B2A,c125e1a1f6.jpg,0.6558907250780244,0.41858935
B2A,c1294c7cd9.jpg,0.8460320656553671,0.24049969
B2A,c12c1c978e.jpg,0.7582377148827523,0.53393024
B2A,c12e14b962.jpg,0.7711475950213227,0.38427022
B2A,c1339587e8.jpg,0.7469394171347566,0.36867145
B2A,c137e13300.jpg,0.879859323901889,0.44756445
B2A,c14426ebfc.jpg,0.7790095377112779,0.348029
B2A,c15a72a99a.jpg,0.9019682543602368,0.23643032
B2A,c16ed7863f.jpg,0.788203152438236,0.40026233
B2A,c190aa34f8.jpg,0.9487447891143538,0.4697672
B2A,c19312ad74.jpg,0.671655783293124,0.4879916
B2A,c1972547d1.jpg,0.8790926727850655,0.18547034
B2A,c1a8c428f6.jpg,0.8110476527219849,0.5014775
B2A,c1b1ad3d68.jpg,0.6880944570132387,0.42399168
B2A,c1b2b47959.jpg,0.7111359931358197,0.23720856
B2A,c1b7f78159.jpg,0.7435280187465556,0.4157275
B2A,c1c634b4eb.jpg,0.8963223597481591,0.15854011
B2A,c1d0fe9abe.jpg,0.7827383346719372,0.36676013
B2A,c1d5a31a74.jpg,0.6740771776704457,0.387717
B2A,c1e5b119c4.jpg,0.7959382003507334,0.33152944
B2A,c1f932fee3.jpg,0.9107611867797695,0.28846434
B2A,c1f9da41e1.jpg,0.8923605404952624,0.26107776
B2A,c1fb81bcfa.jpg,0.7553493995751847,0.4629089
B2A,c2266bed41.jpg,0.8599880615575768,0.63415873
B2A,c2307e363e.jpg,0.8310357519969047,0.3475502
B2A,c236cbe5eb.jpg,0.8362027449162293,0.4307306
B2A,c236d99e18.jpg,0.8600787329507545,0.2855953
B2A,c23e040ff8.jpg,0.8246296059863472,0.53956974
B2A,c2607646ad.jpg,0.9493481984729583,0.28524873
B2A,c262fe08f9.jpg,0.9118382398441663,0.22818081
B2A,c2656884dd.jpg,0.9049883373530008,0.25982326
B2A,c26e1a3dea.jpg,0.8601513481196172,0.32384458
B2A,c2708f8a47.jpg,0.8092909804474063,0.31927967
B2A,c27ca11d75.jpg,0.714842904386718,0.4758378
B2A,c280ccdd9b.jpg,0.9065308446173477,0.23459682
B2A,c284ce5f6f.jpg,0.7634484496541939,0.39378121
B2A,c2869dc39f.jpg,0.7652075490830087,0.3944047
B2A,c287068c8b.jpg,0.8668107724464066,0.24338406
B2A,c29a81a99d.jpg,0.7622995698581472,0.47485974
B2A,c2acbc2675.jpg,0.8148630040316073,0.38722134
B2A,c2b79f204d.jpg,0.6908054495492326,0.53542614
B2A,c2c2cd230b.jpg,0.7862058744252969,0.53650415
B2A,c2d01b1977.jpg,0.7979399564202625,0.52591497
B2A,c2d909e551.jpg,0.8666576787874126,0.27575013
B2A,c2dfec8e9a.jpg,0.8163269284238346,0.38426694
B2A,c2e0f637ed.jpg,0.833079208581772,0.2677581
B2A,c2f49209fa.jpg,0.6853437509448099,0.5471301
B2A,c2fe4fa436.jpg,0.9267487463809047,0.21144776
B2A,c303744625.jpg,0.8748956065930603,0.30621803
B2A,c315adb658.jpg,0.8766037932373455,0.53203005
B2A,c31cad8dc1.jpg,0.7933436516777148,0.2944128
B2A,c329a43ef8.jpg,0.6849658499340548,0.3755958
B2A,c362a50b71.jpg,0.8705141765647136,0.31074613
B2A,c36ee485ab.jpg,0.8397772283628615,0.37526104
B2A,c373467807.jpg,0.8933253927438515,0.17069381
B2A,c37e6749d1.jpg,0.756635147542774,0.37383562
B2A,c38cd66489.jpg,0.9307259194825862,0.19186164
B2A,c398543807.jpg,0.8297830166168643,0.41332227
B2A,c39ac686c7.jpg,0.7842350134363156,0.22165148
B2A,c3ae8d9885.jpg,0.7317375824725424,0.38411447
B2A,c3b0c7adb5.jpg,0.6521567043164824,0.66658187
B2A,c3b262e6c5.jpg,0.5876109342010468,0.507392
B2A,c3b45ccdf0.jpg,0.7741148094763337,0.44811988
B2A,c3c8443027.jpg,0.8926134607810252,0.26223722
B2A,c3d7a24d73.jpg,0.9361191099670743,0.25204456
B2A,c3e565166e.jpg,0.8716667701326454,0.31637287
B2A,c3e6b45f00.jpg,0.8470962623152999,0.3049485
B2A,c3f82846fa.jpg,0.8614167375219693,0.40209872
B2A,c40157edb5.jpg,0.8340904543213639,0.41140914
B2A,c419f70dc7.jpg,0.8771996895205821,0.31046802
B2A,c41d11bc49.jpg,0.7310168951037304,0.21674311
B2A,c428c52f81.jpg,0.6112302582349828,0.48465478
B2A,c456016d2d.jpg,0.8768468926389479,0.3356866
B2A,c458ed7411.jpg,0.8386129990886373,0.36854467
B2A,c45ddef2b3.jpg,0.9368035315918967,0.44804603
B2A,c46fcd1a80.jpg,0.6712551672050248,0.47228462
B2A,c470eb30ef.jpg,0.8455227087204449,0.29711145
B2A,c47e602b0b.jpg,0.8083324661457607,0.37059146
B2A,c47e788e86.jpg,0.9210858782734752,0.29531044
B2A,c4808eb22d.jpg,0.8384194142847179,0.44431904
B2A,c48dd873be.jpg,0.9245383632055402,0.255714
B2A,c4bdcb6dd9.jpg,0.8811717335499033,0.2513634
B2A,c4c39ac3f9.jpg,0.6856483152617117,0.3454544
B2A,c4ced9cad1.jpg,0.8652808274594791,0.2951773
B2A,c4d6a7c8a9.jpg,0.8395520583141706,0.32406783
B2A,c4d73047e1.jpg,0.8450768566055762,0.35338557
B2A,c4d8884b3c.jpg,0.8668735193230506,0.29427657
B2A,c4d8c03cf8.jpg,0.8403589364034516,0.2322946
B2A,c4d9fbfb1f.jpg,0.7931716933025738,0.47566205
B2A,c4db21f52d.jpg,0.8592865470994344,0.27709293
B2A,c4e15cdce1.jpg,0.9013585711348654,0.36228117
B2A,c4e6130960.jpg,0.7220882255351712,0.59795916
B2A,c4f7170246.jpg,0.7925645529385739,0.52547526
B2A,c4fd20f2ce.jpg,0.763342069415086,0.42279938
B2A,c50547f5fc.jpg,0.7144216352776742,0.5562533
B2A,c50837aa54.jpg,0.7964109543725519,0.3859773
B2A,c52044fdd2.jpg,0.8597436918802722,0.4161759
B2A,c524c49931.jpg,0.8417228387478071,0.24461795
B2A,c525d82983.jpg,0.7687023901875638,0.23859505
B2A,c525dc1668.jpg,0.8459006485036178,0.6018604
B2A,c526e4cab7.jpg,0.8985640618343568,0.19045886
B2A,c52cb8c926.jpg,0.8552654144033605,0.29552978
B2A,c531391a54.jpg,0.5882180861465598,0.28507507
B2A,c5440d3858.jpg,0.8900388182383527,0.26319134
B2A,c5496898d9.jpg,0.718540766669468,0.42429048
B2A,c54c5368af.jpg,0.7321401973119404,0.3280834
B2A,c5656a3bc2.jpg,0.7521318519319308,0.37687504
B2A,c570a774e2.jpg,0.8545876467701282,0.20094733
B2A,c57cb4cc7d.jpg,0.6819054384058688,0.44964293
B2A,c57ecc2387.jpg,0.8800732096077601,0.22342601
B2A,c58fea646b.jpg,0.8133235462537527,0.2325401
B2A,c5921d07d4.jpg,0.7652524422385626,0.48808333
B2A,c595a52c39.jpg,0.6692662278129191,0.2689934
B2A,c598a0b020.jpg,0.7606136189832665,0.44468305
B2A,c59d7d374c.jpg,0.8591308503303788,0.43690312
B2A,c5a2b9c91c.jpg,0.8327486497757635,0.24506393
B2A,c5acb37086.jpg,0.8752551168995365,0.32602006
B2A,c5b7abcf1a.jpg,0.6158387390309338,0.5419346
B2A,c5c1ce91be.jpg,0.7896987657141548,0.5157535
B2A,c5c637557c.jpg,0.904702295259642,0.37401944
B2A,c5df072a87.jpg,0.8747993962825812,0.31422776
B2A,c5e14d505f.jpg,0.8405431187074904,0.29240662
B2A,c5e6a04538.jpg,0.8882825214998105,0.28555435
B2A,c5ec21dc91.jpg,0.8245800305768688,0.31426927
B2A,c5edeee0c7.jpg,0.8434636876178422,0.33656615
B2A,c5f84dbc49.jpg,0.8646376360690711,0.14514902
B2A,c6023eafa9.jpg,0.8546243035402575,0.23716134
B2A,c602fe2139.jpg,0.8628629779551726,0.3936076
B2A,c60ce9a7c7.jpg,0.911338087641888,0.4228258
B2A,c6145ae196.jpg,0.7269274604572683,0.38581562
B2A,c61687bbf7.jpg,0.7974793202630468,0.40025017
B2A,c61c78d0ca.jpg,0.7230373088838372,0.40188217
B2A,c62219be8a.jpg,0.7536018516902401,0.34805417
B2A,c63612e996.jpg,0.8355438765615535,0.4602852
B2A,c6500baba8.jpg,0.7487310292467265,0.47757664
B2A,c65d66d192.jpg,0.9374063830235589,0.22494283
B2A,c6677c412d.jpg,0.8917445619461948,0.27295992
B2A,c673cb8573.jpg,0.7804859900905778,0.47412118
B2A,c67451f208.jpg,0.8110436142057721,0.35785526
B2A,c68341c3b7.jpg,0.7474904207918175,0.41287488
B2A,c686b36f96.jpg,0.883250713058015,0.20497982
B2A,c6881f63ec.jpg,0.710372733831743,0.42459813
B2A,c6a2fbabf7.jpg,0.8135789458274892,0.30510047
B2A,c6a4a9aeb2.jpg,0.7635947927852563,0.35074756
B2A,c6a58d81ef.jpg,0.872199726328195,0.35813758
B2A,c6ad8bd40d.jpg,0.7346895522807696,0.46851838
B2A,c6aea7cf4f.jpg,0.8042589328432267,0.33006433
B2A,c6af326883.jpg,0.8090297737397102,0.27065313
B2A,c6b10318be.jpg,0.7780770351955909,0.38575187
B2A,c6c4b33994.jpg,0.8616786711059976,0.59818894
B2A,c6d9ef38ee.jpg,0.7839596840074778,0.22153756
B2A,c6e35b7a8e.jpg,0.8047283287938986,0.48977962
B2A,c6f400cade.jpg,0.8218427407497224,0.3111094
B2A,c6f871bb47.jpg,0.797707170158639,0.46627256
B2A,c7043864d2.jpg,0.6491798351980826,0.5942426
B2A,c72720ffb0.jpg,0.5733128975158682,0.4525137
B2A,c736950d4e.jpg,0.742945703695769,0.41269404
B2A,c7380a0fa2.jpg,0.7284694962802938,0.39564043
B2A,c73d060b7f.jpg,0.9272028949382729,0.21377528
B2A,c7427a066e.jpg,0.8623444410590424,0.250609
B2A,c74314fb5c.jpg,0.6010065582522557,0.34691042
B2A,c748dcc2c7.jpg,0.9427920207202893,0.25456914
B2A,c74ae24a89.jpg,0.7373545424308311,0.39794624
B2A,c7608e5539.jpg,0.5890077630849538,0.33775213
B2A,c7622b657d.jpg,0.5574293904888047,0.737251
B2A,c76acdaaa5.jpg,0.917216258107536,0.32481086
B2A,c7736d8864.jpg,0.8512716746315611,0.26952022
B2A,c7736e2c50.jpg,0.8017192267883142,0.3111442
B2A,c77ecc882a.jpg,0.827847623044161,0.2814368
B2A,c78308fb1e.jpg,0.5967877853865216,0.3270416
B2A,c7880ba0c2.jpg,0.7743539100189851,0.34898967
B2A,c788baf225.jpg,0.7646576726738223,0.39947605
B2A,c78a6e867e.jpg,0.7450491283803821,0.18626547
B2A,c78bc2db57.jpg,0.8075649923471758,0.34279358
B2A,c793220e43.jpg,0.8986017644998916,0.2688706
B2A,c7bf31ca58.jpg,0.691676806401094,0.4475483
B2A,c7cc509a06.jpg,0.8387841182630063,0.3740952
B2A,c7d0dc1d10.jpg,0.6576934429193284,0.5063477
B2A,c7eaf9c07a.jpg,0.9121171514019304,0.3322099
B2A,c7f524e16e.jpg,0.6989312331368794,0.4174793
B2A,c7f9e63db6.jpg,0.7737829677897509,0.4890709
B2A,c80007786e.jpg,0.6001999789428301,0.7065387
B2A,c81299eae0.jpg,0.8155847470656763,0.3519058
B2A,c8185b191d.jpg,0.7384440713913567,0.29285136
B2A,c81b6373f2.jpg,0.6834463017581306,0.5496917
B2A,c81c856677.jpg,0.8575438315108964,0.3425008
B2A,c82080c8de.jpg,0.7645360105319239,0.44642976
B2A,c82b51e41e.jpg,0.7118422646729156,0.4806149
B2A,c840700a72.jpg,0.8273480860728847,0.1683412
B2A,c84627330d.jpg,0.883393541808161,0.23376237
B2A,c84660744f.jpg,0.7637425072894912,0.39045477
B2A,c851e6f6e0.jpg,0.8519572819879042,0.26446438
B2A,c8549dd38b.jpg,0.697016763418645,0.4796075
B2A,c86587b1e8.jpg,0.6328614927064121,0.52487427
B2A,c8694cefc7.jpg,0.8486328154601308,0.2994859
B2A,c86a62e6d2.jpg,0.8778900574429184,0.33236545
B2A,c86f9ec4f7.jpg,0.8573134755299798,0.34591305
B2A,c87264d97f.jpg,0.5560784201384696,0.5419607
B2A,c88254adbe.jpg,0.8307026525157103,0.29002458
B2A,c882d8abac.jpg,0.8228058891945701,0.21023475
B2A,c8840a2e27.jpg,0.5608189280620064,0.6274828
B2A,c889794bf7.jpg,0.7782773451026257,0.2511535
B2A,c891a570bb.jpg,0.914477778334366,0.2410238
B2A,c893f6e167.jpg,0.8174809532080661,0.25071225
B2A,c898f3300d.jpg,0.8462987861987045,0.2776106
B2A,c89c107b5b.jpg,0.8303505493489437,0.21939525
B2A,c8a8274cb3.jpg,0.842140006706766,0.32869425
B2A,c8a9cfa14c.jpg,0.8244665517129458,0.49466383
B2A,c8baedacff.jpg,0.8646893932129792,0.23657101
B2A,c8bd9caef0.jpg,0.8858246413861934,0.3038785
B2A,c8c45ad5f1.jpg,0.7898281146420348,0.46722382
B2A,c8cb8e85e7.jpg,0.782621687150878,0.43862498
B2A,c8d05086f2.jpg,0.7680029598319332,0.3620391
B2A,c8d6f98b20.jpg,0.8533208427178511,0.18973634
B2A,c8da3631bf.jpg,0.8456992778173796,0.25401732
B2A,c8ea1e9ef3.jpg,0.7095471591283634,0.47923875
B2A,c8ed12953b.jpg,0.6223199583449702,0.4117021
B2A,c8f1b865ca.jpg,0.7931143684503917,0.4271608
B2A,c8f7e3f9ee.jpg,0.7533017853320446,0.40191427
B2A,c9020a4441.jpg,0.7511545197928757,0.5550704
B2A,c90b0c1ad5.jpg,0.8708297067798068,0.19246234
B2A,c91473f497.jpg,0.8309294357241774,0.25010026
B2A,c91c752661.jpg,0.8397790969530405,0.21492171
B2A,c925172e83.jpg,0.8880406705516825,0.21471277
B2A,c9347e1e7b.jpg,0.9142856238343938,0.33446616
B2A,c936589fe5.jpg,0.79649292688056,0.35194474
B2A,c9377ac739.jpg,0.7485801538341463,0.40257984
B2A,c943d77639.jpg,0.7172244073810916,0.3819968
B2A,c950a3f6af.jpg,0.5927994908724846,0.41187406
B2A,c9596992ba.jpg,0.9425022858708698,0.26252505
B2A,c963de7b44.jpg,0.730313103177299,0.46682155
B2A,c965459a49.jpg,0.839792952934231,0.3502007
B2A,c9677c2983.jpg,0.6549439408864121,0.520397
B2A,c96ca42d91.jpg,0.7037836903579637,0.5807208
B2A,c974562e36.jpg,0.92054925254483,0.24654098
B2A,c97cfcba7e.jpg,0.6503164995338266,0.44563383
B2A,c9823e7ce1.jpg,0.6761140952804751,0.2758044
B2A,c983c41dd9.jpg,0.903334537685226,0.20434764
B2A,c986b6924c.jpg,0.913721101445698,0.32297912
B2A,c98a568b5d.jpg,0.7214608511882898,0.51875246
B2A,c9aea3d9d6.jpg,0.9077264403272415,0.26131505
B2A,c9afde6424.jpg,0.9133442956127513,0.29861736
B2A,c9bca1b8ea.jpg,0.9138593266082864,0.18860658
B2A,c9bdf7e5df.jpg,0.7959000155334347,0.509042
B2A,c9c007ddc3.jpg,0.8392067837624535,0.41418004
B2A,c9c6d6eb3a.jpg,0.7264353388828648,0.33166897
B2A,c9cba4bd0e.jpg,0.7749839326432562,0.4222964
B2A,c9d20d84df.jpg,0.784209484764796,0.29047048
B2A,c9d61587a2.jpg,0.9220070029252385,0.20244348
B2A,c9e242367f.jpg,0.8833076210177611,0.25291625
B2A,c9e589eb2d.jpg,0.8553157125500473,0.3747326
B2A,c9ff68f5a2.jpg,0.6739066336368764,0.5004772
B2A,ca048034a1.jpg,0.6816602793303989,0.38953945
B2A,ca1c1e0ab4.jpg,0.7103317732712777,0.36607096
B2A,ca2d56ade5.jpg,0.8957152230324494,0.25390205
B2A,ca350be337.jpg,0.661843666807597,0.4707989
B2A,ca386d38d2.jpg,0.8326895423682541,0.45410472
B2A,ca4170de40.jpg,0.9027035586300131,0.34923598
B2A,ca4a5b1d15.jpg,0.868316543602631,0.37313452
B2A,ca6254d8af.jpg,0.8926729900979282,0.2475023
B2A,ca62c55ebe.jpg,0.742008426202695,0.37871656
B2A,ca66e77e70.jpg,0.6165006873188106,0.2680607
B2A,ca6833900f.jpg,0.7955020240421118,0.2347165
B2A,ca772b116e.jpg,0.7506243093397864,0.40738997
B2A,ca7b9ae1dd.jpg,0.861010922667849,0.36415696
B2A,ca7ef68a39.jpg,0.7836310727434466,0.27485344
B2A,ca989796e8.jpg,0.8189826885136937,0.34374988
B2A,caa1dcc886.jpg,0.8464660795964609,0.24262387
B2A,caa6d72fa5.jpg,0.7602445823563657,0.23499283
B2A,cac056399a.jpg,0.8253620993767916,0.40589952
B2A,cac112db80.jpg,0.7781374318574669,0.28844383
B2A,cacfe238bb.jpg,0.8271373764789447,0.20800716
B2A,cae6f0d5e8.jpg,0.8193922763824224,0.50820005
B2A,caf18820a4.jpg,0.8454401263282606,0.13480103
B2A,cafbfecee1.jpg,0.707020892126738,0.394833
B2A,cafe98985e.jpg,0.8578218224416709,0.21290335
B2A,caff162d50.jpg,0.9120269998973723,0.23423804
B2A,cb07b1bb83.jpg,0.7985141206621815,0.38629633
B2A,cb09a699d1.jpg,0.8350997096533671,0.38214564
B2A,cb0fc9a127.jpg,0.7515144746317157,0.6028747
B2A,cb15285d36.jpg,0.7893975532466968,0.31203228
B2A,cb165748bf.jpg,0.7996583262844771,0.47720113
B2A,cb324a9122.jpg,0.6615924911653563,0.5175294
B2A,cb4aa83692.jpg,0.8486618292624762,0.2803097
B2A,cb706347dd.jpg,0.7572489317654891,0.35820267
B2A,cb767cd641.jpg,0.6837368786136876,0.50859845
B2A,cb845e6db5.jpg,0.874693187005349,0.27489775
B2A,cb88754eed.jpg,0.9070762552686542,0.20162082
B2A,cb91ecbdda.jpg,0.7556738401175576,0.4855679
B2A,cb9d6af792.jpg,0.896122412469734,0.2712169
B2A,cb9dbaeffd.jpg,0.8097614097025835,0.336676
B2A,cba38c093b.jpg,0.8398298594538058,0.35085377
B2A,cbafaf9b74.jpg,0.8660809499454463,0.30608353
B2A,cbb6e14382.jpg,0.9325203841810372,0.2229466
B2A,cbc4a88c49.jpg,0.9305948559228333,0.2340679
B2A,cbca2560a2.jpg,0.7284597276079331,0.25501376
B2A,cbca377969.jpg,0.7443492312088885,0.32864693
B2A,cbcc092607.jpg,0.8608142841126476,0.33701903
B2A,cbd686ea00.jpg,0.6576339738128247,0.45053655
B2A,cbdd08a030.jpg,0.9067395682618905,0.2365926
B2A,cbddae001d.jpg,0.7844904360192135,0.34674162
B2A,cbf582621e.jpg,0.7179474939190511,0.4099427
B2A,cbf635d566.jpg,0.8324699996610014,0.3978717
B2A,cbfb794656.jpg,0.741580524990195,0.34991205
B2A,cc03a70f14.jpg,0.8624240233089042,0.21364439
B2A,cc0a0dab48.jpg,0.750671193816591,0.44633588
B2A,cc27c5fa12.jpg,0.5483545806022828,0.41720518
B2A,cc37cc11a3.jpg,0.7910385217985394,0.3614161
B2A,cc397c87b0.jpg,0.9030531751881249,0.3479521
B2A,cc3d775c49.jpg,0.8741689524000439,0.19437875
B2A,cc46b14bbf.jpg,0.8241106762628444,0.20104751
B2A,cc47cfe509.jpg,0.7218123033020882,0.46669105
B2A,cc48975f1d.jpg,0.8733077246533423,0.30775982
B2A,cc4e40864c.jpg,0.8762332748239766,0.3542175
B2A,cc5078a63b.jpg,0.6601331018845037,0.66315496
B2A,cc57246e94.jpg,0.784540626003143,0.5888332
B2A,cc5ba51fab.jpg,0.8836946584149487,0.301785
B2A,cc5fa7dcc6.jpg,0.655552925031762,0.48242745
B2A,cc700e2ff5.jpg,0.5956752134038883,0.5925384
B2A,cc701e6899.jpg,0.8974692271513407,0.30450958
B2A,cc74028fc2.jpg,0.7537905959812508,0.38318092
B2A,cc79011331.jpg,0.8157571912807257,0.25877935
B2A,cc85351248.jpg,0.9070995738388097,0.24124677
B2A,cc8ce9bce8.jpg,0.7632478656343168,0.37486553
B2A,cc8ea5c3ef.jpg,0.9449679849122494,0.3041937
B2A,cc9c7d2ee1.jpg,0.7936697647351696,0.3597776
B2A,cca944dbaa.jpg,0.7731938686041837,0.28421986
B2A,ccac22a865.jpg,0.6760400023599288,0.44114017
B2A,ccb1c281ea.jpg,0.8441733149504166,0.3318173
B2A,ccdae48f44.jpg,0.865463915093646,0.28027657
B2A,ccdb51d513.jpg,0.749674942321823,0.29113385
B2A,cce7dc8ab2.jpg,0.8658745744645006,0.21405059
B2A,cceb177f89.jpg,0.8806679774113119,0.1924976
B2A,ccf03e66bc.jpg,0.7745736127843976,0.43688026
B2A,ccf1814c56.jpg,0.8818047323397513,0.26744318
B2A,cd002af052.jpg,0.7438703012618868,0.49473843
B2A,cd002f704d.jpg,0.7859607061787186,0.36314338
B2A,cd06750eef.jpg,0.9263288150102409,0.17619962
B2A,cd06b978fe.jpg,0.8931925049256544,0.2731346
B2A,cd093d4318.jpg,0.6898349214012922,0.54106647
B2A,cd0952c111.jpg,0.923158355877341,0.23968506
B2A,cd1cb040fe.jpg,0.7595932529061342,0.51312894
B2A,cd303186fb.jpg,0.6395231499079689,0.65808636
B2A,cd34097029.jpg,0.684905381702985,0.45100766
B2A,cd396d99a3.jpg,0.8693899596623655,0.34094235
B2A,cd3feb1181.jpg,0.7515655245318607,0.52336854
B2A,cd5d08f5be.jpg,0.7581069879584174,0.39005038
B2A,cd5e26b488.jpg,0.8580746675686677,0.32185978
B2A,cd697d2806.jpg,0.8776685983238899,0.27565774
B2A,cd6ebe93ba.jpg,0.723605349984838,0.39136344
B2A,cd7c6b3be6.jpg,0.9180478591910506,0.2743481
B2A,cd805dd2c1.jpg,0.8296591535978763,0.39048982
B2A,cd813194f8.jpg,0.7009062220607705,0.5331841
B2A,cd8869c459.jpg,0.7736915603996225,0.28500783
B2A,cd8f124bd5.jpg,0.8362519670977984,0.3009936
B2A,cd909a57e7.jpg,0.619459707199176,0.5127179
B2A,cd91b78ba2.jpg,0.7858845184934663,0.2008503
B2A,cd9d87bc3d.jpg,0.7018875700842776,0.34148932
B2A,cdb10fd47a.jpg,0.6933860848707879,0.46983445
B2A,cdb621d29d.jpg,0.7968504260713748,0.28082472
B2A,cdd0aedc77.jpg,0.7867129645012746,0.39446098
B2A,cddb43b9e7.jpg,0.7774987239310621,0.5074551
B2A,cddc890db6.jpg,0.7266613741482942,0.49169886
B2A,cde8917c39.jpg,0.6907818405767903,0.32001796
B2A,ce09815c9c.jpg,0.7184895828947918,0.49475905
B2A,ce107a12eb.jpg,0.8980294288073238,0.33780885
B2A,ce15456147.jpg,0.7581694332552827,0.4758353
B2A,ce1740b144.jpg,0.7771136461068586,0.16275902
B2A,ce18e0a0f5.jpg,0.8900137160676825,0.46855706
B2A,ce2918591f.jpg,0.7666846318223993,0.25509298
B2A,ce2a521382.jpg,0.6684663077234609,0.3386941
B2A,ce4521380b.jpg,0.8094809642027531,0.6935516
B2A,ce4868171a.jpg,0.6376066781064854,0.52811414
B2A,ce4c59ff3a.jpg,0.8992150107999048,0.22902726
B2A,ce55094dff.jpg,0.6750113567204199,0.5214562
B2A,ce56788f42.jpg,0.846879572706927,0.30277705
B2A,ce5ac8d0da.jpg,0.8782624401399498,0.29997402
B2A,ce5b830de2.jpg,0.8995661988181529,0.20207965
B2A,ce5d913383.jpg,0.8035186775728222,0.46116155
B2A,ce6578f48a.jpg,0.9260144535855384,0.24823691
B2A,ce7a05feca.jpg,0.8145114337740867,0.42862827
B2A,ce83fda480.jpg,0.829170951183142,0.357719
B2A,ce9872420a.jpg,0.6815088059921575,0.5492139
B2A,ce9998c68f.jpg,0.6645323711326766,0.43554536
B2A,cec03efc5b.jpg,0.8043076446077017,0.4684863
B2A,cec134e6c0.jpg,0.8855224349806213,0.2728669
B2A,ceca1f8fa9.jpg,0.6561279978468435,0.45620456
B2A,ced29e1b27.jpg,0.8535482393774083,0.19031304
B2A,ceed1c7fc6.jpg,0.9110169045287366,0.19515727
B2A,cefe679fa9.jpg,0.6854752428570551,0.2797446
B2A,cf019642a5.jpg,0.8712166508314227,0.32378608
B2A,cf02f9afe4.jpg,0.7948800136537217,0.32459286
B2A,cf137a4d6f.jpg,0.9150493356482119,0.19223236
B2A,cf1d695996.jpg,0.826449760802165,0.3272176
B2A,cf32b9f4e9.jpg,0.7784412940423487,0.43823698
B2A,cf36c56c38.jpg,0.7635319846257407,0.44414318
B2A,cf38193966.jpg,0.8690596575567674,0.20663992
B2A,cf46e070e9.jpg,0.9257427295680283,0.44175223
B2A,cf476a1333.jpg,0.7189188732758066,0.523749
B2A,cf510d8083.jpg,0.7312767536460404,0.4716354
B2A,cf5d68fd72.jpg,0.7533416948699024,0.28747416
B2A,cf6530e446.jpg,0.6923592038183405,0.48128542
B2A,cf6742d301.jpg,0.7181109376442496,0.53065336
B2A,cf8e66be82.jpg,0.8792759163121434,0.24256793
B2A,cfb3b9881d.jpg,0.6605583069124042,0.5024544
B2A,cfbca208c3.jpg,0.7186397958249886,0.355502
B2A,cfbcd9372b.jpg,0.8652508144780044,0.30776945
B2A,cfc2bf0c47.jpg,0.7109374251186357,0.5399064
B2A,cfc6d4340f.jpg,0.5604027822518483,0.70003974
B2A,cfd44c64b5.jpg,0.8939311095203695,0.2069082
B2A,cfdaa19397.jpg,0.9130481094488294,0.22853458
B2A,cfe8899a0a.jpg,0.8883799067384742,0.34693104
B2A,cff53a63a5.jpg,0.759331487572385,0.35448542
B2A,d003814d0e.jpg,0.7638132460693676,0.346006
B2A,d00da2c9a6.jpg,0.787023616668742,0.1691721
B2A,d01c505d6c.jpg,0.7541192038183689,0.43150273
B2A,d01ee012a8.jpg,0.7346791219624677,0.2834812
B2A,d03cc29634.jpg,0.8695405638354416,0.32067934
B2A,d03eda30db.jpg,0.7930861474394681,0.34880805
B2A,d053572af4.jpg,0.8638539393927412,0.2780605
B2A,d05f7b46c4.jpg,0.6357393862653933,0.5680624
B2A,d0765946b2.jpg,0.8819080634404306,0.2612758
B2A,d08cb8e751.jpg,0.8132020081739282,0.39015105
B2A,d09ad65e9a.jpg,0.690740156198939,0.5276418
B2A,d0a1eed9dd.jpg,0.8413545064496586,0.3300566
B2A,d0b792d050.jpg,0.8488305906314272,0.37287247
B2A,d0be1cb49b.jpg,0.808338979139009,0.24502392
B2A,d0bf5f6a79.jpg,0.8935844994431802,0.44004837
B2A,d0c2bf5ee4.jpg,0.7788964002304822,0.3079124
B2A,d0c5001014.jpg,0.9307544148708577,0.21073253
B2A,d0cb3e02c5.jpg,0.8659447467162922,0.25101945
B2A,d0de1d07ab.jpg,0.8052919529297486,0.3609068
B2A,d0e02b3cca.jpg,0.7004252935765908,0.45727277
B2A,d0e5067af3.jpg,0.8638782129564712,0.4185401
B2A,d0eda9c6a2.jpg,0.7555270448100528,0.38118494
B2A,d0f878cc17.jpg,0.6045631155926275,0.50611186
B2A,d0ff4dbd71.jpg,0.7550761204698513,0.6056527
B2A,d1015b409e.jpg,0.8072684474901037,0.47727704
B2A,d104600dfb.jpg,0.7971561864461824,0.36596748
B2A,d12a49b5f4.jpg,0.8808053051348432,0.20428202
B2A,d1340eb9e0.jpg,0.787022374692554,0.40061373
B2A,d14363b745.jpg,0.8532562200563019,0.4425316
B2A,d146966f14.jpg,0.9077503983264231,0.25451407
B2A,d161e72471.jpg,0.7424375520667721,0.3160447
B2A,d169a63b7f.jpg,0.8168867390334724,0.4147887
B2A,d17d89d337.jpg,0.8361287687854129,0.46380344
B2A,d1879069e7.jpg,0.7036646044159166,0.53345346
B2A,d188b93438.jpg,0.7682777148692477,0.3443477
B2A,d188df6a22.jpg,0.560085183211158,0.58875835
B2A,d1893ab238.jpg,0.8212478015920749,0.28607568
B2A,d1a661c8da.jpg,0.8317796246422225,0.273945
B2A,d1a6cb893d.jpg,0.6912782469590597,0.7347584
B2A,d1ad00d90c.jpg,0.6108382792518652,0.5179462
B2A,d1e043b730.jpg,0.8574646885362375,0.2859062
B2A,d1e060bfb6.jpg,0.9047062595844027,0.23665252
B2A,d1e18d7e5b.jpg,0.5644228912663677,0.51257384
B2A,d1e6fbffd7.jpg,0.7882845153070938,0.39052668
B2A,d1f62310c3.jpg,0.798465414241557,0.30499938
B2A,d225c560e6.jpg,0.8632124577811642,0.2218996
B2A,d246393b8c.jpg,0.598869380352049,0.4349739
B2A,d279169f0b.jpg,0.8032325329622314,0.36661035
B2A,d27b1e3c9b.jpg,0.844455605958288,0.32948935
B2A,d2b5bc2fec.jpg,0.8064357857076042,0.3561552
B2A,d2c6728caf.jpg,0.8199793635611344,0.41841042
B2A,d2d4d23be2.jpg,0.8451866211235151,0.45951438
B2A,d2db5c1d58.jpg,0.8153261644199882,0.572746
B2A,d2e17623a7.jpg,0.4694955554437996,0.54057145
B2A,d2e6f685fd.jpg,0.7961423947086197,0.3897555
B2A,d2e84b4d1e.jpg,0.7204094581570301,0.44529712
B2A,d2fc2edddc.jpg,0.8665691088001655,0.22536768
B2A,d314454c0e.jpg,0.9213517959936762,0.20623904
B2A,d314628676.jpg,0.8514511534948945,0.39066482
B2A,d3154830df.jpg,0.8698705689199658,0.41007262
B2A,d31a8ff3a5.jpg,0.7700883572733236,0.2980606
B2A,d32205861f.jpg,0.8505003628111603,0.2924651
B2A,d3269848d4.jpg,0.8311249923836942,0.307164
B2A,d3284f750d.jpg,0.7644957756851634,0.35662866
B2A,d32eb0c36c.jpg,0.8287814471071464,0.2960983
B2A,d32ed2129f.jpg,0.8930731962563933,0.20428208
B2A,d33072a436.jpg,0.7710030161753777,0.35574946
B2A,d336c14238.jpg,0.8632441405636561,0.18389654
B2A,d3394edae8.jpg,0.7882981088264851,0.3694536
B2A,d33f9a1542.jpg,0.8405063853395088,0.275526
B2A,d35ae2cbae.jpg,0.788146218739754,0.57302266
B2A,d35bc5d14a.jpg,0.7938100961747008,0.46159273
B2A,d3650f6c75.jpg,0.8956745700253033,0.31122482
B2A,d3703e6c9e.jpg,0.8991125833696427,0.20064385
B2A,d37045ad87.jpg,0.734446071782877,0.3626495
B2A,d37e5269d1.jpg,0.9642364527559459,0.203509
B2A,d38aea73cd.jpg,0.8338290912356949,0.31582415
B2A,d38b20fe5c.jpg,0.6890192247559439,0.5103181
B2A,d3930d44de.jpg,0.6423237703976059,0.6860869
B2A,d3957c616c.jpg,0.739226251172812,0.37544152
B2A,d39869db76.jpg,0.8440472589975956,0.34169853
B2A,d3a25f9804.jpg,0.6218138535542882,0.43105525
B2A,d3aab5add0.jpg,0.8659671708010258,0.31920755
B2A,d3b6567912.jpg,0.8593973694709628,0.42322022
B2A,d3c463dd3b.jpg,0.732037459344565,0.47537524
B2A,d3c57387ec.jpg,0.49483006756285686,0.4745494
B2A,d3f0e309e0.jpg,0.9128681537192782,0.1925962
B2A,d3f0f026a8.jpg,0.6623873287850383,0.46660444
B2A,d3f2a0bb2c.jpg,0.7798183509343638,0.28020898
B2A,d3f454681f.jpg,0.7906140737061411,0.35903224
B2A,d3f696828f.jpg,0.7382594554957415,0.3111077
B2A,d3ff9bca9e.jpg,0.7447516374878053,0.24405254
B2A,d415017bc2.jpg,0.8459918436331232,0.38204908
B2A,d418ba98f8.jpg,0.7797592806824116,0.5262138
B2A,d41cc915ff.jpg,0.855639532658372,0.35275495
B2A,d42372229a.jpg,0.7332851681923024,0.4205063
B2A,d42f03cd81.jpg,0.8180859877486805,0.36916062
B2A,d42f6d7652.jpg,0.8760235090691307,0.3381545
B2A,d4471a4a4e.jpg,0.8140259829525464,0.50786763
B2A,d44857998f.jpg,0.8734655287903279,0.45791167
B2A,d4689bd3d9.jpg,0.8849475913132387,0.20492305
B2A,d47b4da779.jpg,0.8632994709057898,0.3151095
B2A,d4844e2dad.jpg,0.8463806659372818,0.29267415
B2A,d48a2d6bfd.jpg,0.8660602147645812,0.23373789
B2A,d48b8bf03a.jpg,0.7808206096410543,0.6100207
B2A,d492ae08d5.jpg,0.8695276623713614,0.47711548
B2A,d498591082.jpg,0.8166632123103296,0.3651573
B2A,d4a71919e4.jpg,0.8025565686041729,0.5504226
B2A,d4bb813fdc.jpg,0.8352374468842323,0.32590204
B2A,d4c215c09e.jpg,0.8162734990918452,0.31950223
B2A,d4c2eb38da.jpg,0.5598186438173934,0.60334826
B2A,d4cbd9c9b0.jpg,0.8655408760444417,0.5237619
B2A,d4cdb47bdf.jpg,0.7612002016845034,0.31661072
B2A,d4ce5e251f.jpg,0.7903195319405182,0.19108722
B2A,d4d578acf5.jpg,0.6496184811657817,0.35239062
B2A,d4dbddb77b.jpg,0.8341842907950849,0.18469201
B2A,d4de7602c5.jpg,0.8755528086991626,0.23713621
B2A,d4dee83e40.jpg,0.8927985850347061,0.2938061
B2A,d4e9f0b0ce.jpg,0.8755685780020382,0.18857968
B2A,d4f60f4701.jpg,0.6782255747064444,0.504866
B2A,d4f9dfa248.jpg,0.8868924798655993,0.24272525
B2A,d509c85ae9.jpg,0.8619569747661825,0.19382367
B2A,d5111e3439.jpg,0.9295426813842598,0.25202355
B2A,d52dea5485.jpg,0.8972822022304991,0.23632795
B2A,d532d31ce9.jpg,0.7768562889896533,0.39174584
B2A,d53b1a61cc.jpg,0.8150485762642362,0.33383718
B2A,d53c1a6896.jpg,0.7927114208662361,0.452223
B2A,d53c658d5d.jpg,0.8884981731658598,0.18442065
B2A,d549b4831b.jpg,0.8965829672717683,0.29305384
B2A,d5568c935b.jpg,0.9104480148257279,0.17593256
B2A,d565375662.jpg,0.7206695347373901,0.31720054
B2A,d5672156cb.jpg,0.7520861208787176,0.37680018
B2A,d5687d4334.jpg,0.5976128173406744,0.5163081
B2A,d573bdf312.jpg,0.929320794283254,0.36245415
B2A,d587e73d3c.jpg,0.5889158747917663,0.3040542
B2A,d58ae30774.jpg,0.6691130804348709,0.33039117
B2A,d59e1972e6.jpg,0.6486426666969236,0.3953266
B2A,d5a509f069.jpg,0.5942513376895646,0.5283247
B2A,d5a787ca7f.jpg,0.8440106416945924,0.33344233
B2A,d5bdd46e8e.jpg,0.6858040849557568,0.29275554
B2A,d5c5f591ab.jpg,0.7698337908297168,0.47185677
B2A,d5c7781f64.jpg,0.8333020637175546,0.25351065
B2A,d5d2fad470.jpg,0.833124034061772,0.31749088
B2A,d5d5790444.jpg,0.8268980460257911,0.21178493
B2A,d5d6b091be.jpg,0.8718569147300121,0.38815907
B2A,d5df90dea4.jpg,0.8873010665614324,0.3221644
B2A,d5f266c340.jpg,0.6812086498167615,0.64651626
B2A,d5f3633c07.jpg,0.8676811848015626,0.30258316
B2A,d5fa8c4e07.jpg,0.8282043447549126,0.4492614
B2A,d5fd16b1ae.jpg,0.8726563087743657,0.35553944
B2A,d604fa140f.jpg,0.6762784503539693,0.6066186
B2A,d6086a2b97.jpg,0.8569773521138598,0.27725184
B2A,d615a2ad47.jpg,0.8100500043574903,0.22978465
B2A,d62a9671f5.jpg,0.8439134519328463,0.19205828
B2A,d62e9d07dd.jpg,0.8200697475339155,0.44065613
B2A,d62eeaccb0.jpg,0.9276612605639873,0.24014139
B2A,d63d194a4d.jpg,0.7251091348095681,0.5664413
B2A,d64608c4e4.jpg,0.6444611082300112,0.44508725
B2A,d6485b0368.jpg,0.840959898017073,0.26811135
B2A,d665568cdf.jpg,0.8344925348185267,0.5178489
B2A,d6711262bf.jpg,0.8415472592919632,0.28046292
B2A,d696cf4eaf.jpg,0.8505442401713883,0.4681377
B2A,d6970035e5.jpg,0.6546199302101792,0.1984553
B2A,d6a2175011.jpg,0.7812130378827523,0.3107888
B2A,d6a72784ba.jpg,0.7521919967826256,0.5168675
B2A,d6ae4d6c30.jpg,0.7351598388362494,0.34829056
B2A,d6b0733797.jpg,0.9025054017477216,0.34170467
B2A,d6c5343b4f.jpg,0.9527433799025007,0.3287309
B2A,d6d5bf2fc2.jpg,0.8395944924456612,0.36764473
B2A,d6d97e039e.jpg,0.6600876116689292,0.51046634
B2A,d6da10b7f5.jpg,0.8494411363758122,0.3060352
B2A,d6dcf25188.jpg,0.8504151817475831,0.2178427
B2A,d6e30ab5d6.jpg,0.8845335999376531,0.25899994
B2A,d6ec137527.jpg,0.8604696606578196,0.18882868
B2A,d6ffd07557.jpg,0.8145502102583109,0.26716626
B2A,d710d55142.jpg,0.9164694838456662,0.27054617
B2A,d711d39160.jpg,0.7883283097961995,0.4120785
B2A,d725fc1f6c.jpg,0.7814814367166741,0.36475262
B2A,d735b2e3ba.jpg,0.724209449953931,0.35904104
B2A,d73677d70a.jpg,0.8339026642895314,0.35989547
B2A,d74102274f.jpg,0.7516313533953711,0.54379404
B2A,d744753df3.jpg,0.9348757228647048,0.24500024
B2A,d750bc223e.jpg,0.8403629592419681,0.4285646
B2A,d768b070fb.jpg,0.6298444112265921,0.5462959
B2A,d76a286580.jpg,0.876387334940392,0.31350988
B2A,d77588d82a.jpg,0.7402565113065792,0.28545332
B2A,d780fc984e.jpg,0.8594683812816072,0.5917651
B2A,d782a6d8c3.jpg,0.8963201945175621,0.23614904
B2A,d782a9909e.jpg,0.604678857950865,0.54638857
B2A,d7931ef243.jpg,0.8672586862560084,0.25811267
B2A,d796721fb5.jpg,0.8495080501264523,0.28212744
B2A,d7a476f83c.jpg,0.7359741568840937,0.40768713
B2A,d7a5cd28b6.jpg,0.7487843265027958,0.44812137
B2A,d7a7a0f511.jpg,0.8106769028308005,0.44100544
B2A,d7a88b2a80.jpg,0.7851498787176472,0.3485649
B2A,d7aba83758.jpg,0.8120352672727694,0.19261932
B2A,d7b0822c4d.jpg,0.7149206274383948,0.40934455
B2A,d7ba967556.jpg,0.8792689264243948,0.27120697
B2A,d7c80f2f1c.jpg,0.7577034768076847,0.3793672
B2A,d7d2dcd8cb.jpg,0.857331537286024,0.1928986
B2A,d7db542422.jpg,0.7718807892057659,0.39602244
B2A,d7e12eb311.jpg,0.5931591376459856,0.5200876
B2A,d7e1b8775d.jpg,0.8398069361365889,0.28883177
B2A,d7e64f3b75.jpg,0.6845032785418061,0.52138555
B2A,d7e948b103.jpg,0.9160318807083792,0.3109289
B2A,d7f0767146.jpg,0.8499788296446833,0.24027728
B2A,d7f614f501.jpg,0.8545854688470467,0.3120439
B2A,d7f98bd210.jpg,0.7226064078644084,0.41518977
B2A,d7fa7571fb.jpg,0.923002948493339,0.27693552
B2A,d7faed0983.jpg,0.8856247779015214,0.20985232
B2A,d7fe5c1813.jpg,0.8166509866738972,0.42712182
B2A,d8071daab5.jpg,0.8872197103566831,0.20653805
B2A,d80d4c93de.jpg,0.7467138849832845,0.47076958
B2A,d8203958e4.jpg,0.9200922972763147,0.22097641
B2A,d828712765.jpg,0.7636641555757214,0.36119273
B2A,d829b461da.jpg,0.9310770866053699,0.22767325
B2A,d8352d8b46.jpg,0.8028048269123108,0.33572003
B2A,d83783faee.jpg,0.8805695475594897,0.22336058
B2A,d83b284745.jpg,0.8435509325399497,0.25200355
B2A,d84246da4d.jpg,0.8371729435700899,0.18324989
B2A,d842c67749.jpg,0.7415914648868706,0.545354
B2A,d84eb83137.jpg,0.8015177979852931,0.2827025
B2A,d8520bbf71.jpg,0.7608868460740371,0.56940764
B2A,d860d82c66.jpg,0.5864686907523163,0.43976957
B2A,d86bcf2cb1.jpg,0.719038236437249,0.56668
B2A,d871a0f7d6.jpg,0.6834912853492955,0.39658263
B2A,d8733f7b37.jpg,0.842232010270762,0.3432567
B2A,d88df3e4db.jpg,0.9010275839041624,0.23598437
B2A,d896bafc3a.jpg,0.6917182574115498,0.41458106
B2A,d8a5d84b9c.jpg,0.8145309106507373,0.38152102
B2A,d8a82e544c.jpg,0.8655123130377369,0.5569352
B2A,d8b5422831.jpg,0.7064590614553211,0.44614205
B2A,d8b89867b7.jpg,0.6846085027335356,0.5216633
B2A,d8e591ee2c.jpg,0.8223472623134548,0.2233672
B2A,d8f841bc79.jpg,0.8640711748206735,0.3020234
B2A,d8fbe8e68c.jpg,0.8087137707650989,0.37398627
B2A,d9081260de.jpg,0.8015208889765526,0.44302297
B2A,d90bdfc690.jpg,0.7413149169387985,0.50557697
B2A,d910783d61.jpg,0.5818984948962904,0.5122993
B2A,d91c1034e5.jpg,0.8859940250943135,0.35758623
B2A,d91c9eba83.jpg,0.903322143278879,0.5084793
B2A,d9213433cf.jpg,0.7986002994170913,0.34223592
B2A,d925ef5aff.jpg,0.6373670430540529,0.5411185
B2A,d926f81b43.jpg,0.8606760462485857,0.262248
B2A,d939c19419.jpg,0.8835840627141585,0.21818033
B2A,d93e5f8eb7.jpg,0.7956913759490261,0.5149685
B2A,d93e6be372.jpg,0.9317865863764427,0.24486803
B2A,d94541fa5b.jpg,0.9448122625352133,0.24924035
B2A,d94766bf33.jpg,0.6513073326072896,0.44989648
B2A,d9543c27a3.jpg,0.7855892248905416,0.27176014
B2A,d9553c2962.jpg,0.9077469358046564,0.25420836
B2A,d95ef93115.jpg,0.8557542153504221,0.26065215
B2A,d961320e9a.jpg,0.7410455042521196,0.38999718
B2A,d9625e6971.jpg,0.8748433014597501,0.252932
B2A,d9673840a1.jpg,0.626364921380148,0.5453886
B2A,d96e82c6f6.jpg,0.917696208519406,0.21200402
B2A,d971072ac0.jpg,0.8557237812758951,0.1624291
B2A,d97bbd8692.jpg,0.8003576745404509,0.3897939
B2A,d97f10bdd5.jpg,0.7951723950732078,0.2846914
B2A,d993fbb271.jpg,0.8178121471346392,0.15527156
B2A,d997322544.jpg,0.878159889115998,0.2446894
B2A,d99ae9a1ca.jpg,0.7013897920693378,0.6621596
B2A,d9a87c0d5d.jpg,0.8222062108254495,0.369776
B2A,d9bbbafa03.jpg,0.7920738000161538,0.39837337
B2A,d9c29a7cbf.jpg,0.9019263337379121,0.29060507
B2A,d9c5c047d2.jpg,0.8895698458112745,0.23336692
B2A,d9c9f0392c.jpg,0.7352760493315437,0.3307265
B2A,d9cbda5356.jpg,0.8114704370410278,0.26157627
B2A,d9da605ace.jpg,0.6817170280986624,0.4529683
B2A,d9e227f734.jpg,0.7600293585036283,0.3970193
B2A,d9e879879a.jpg,0.7279694788152146,0.44758618
B2A,da02be50b3.jpg,0.7448443194030836,0.30442226
B2A,da0471dd85.jpg,0.6314054308506872,0.64959633
B2A,da10c654ce.jpg,0.8976576069720412,0.2625344
B2A,da2691d719.jpg,0.849190622891654,0.40806282
B2A,da28b99645.jpg,0.8422793344918956,0.30278912
B2A,da342ea116.jpg,0.9215338369526989,0.2243925
B2A,da392927b1.jpg,0.8631925196262614,0.2272028
B2A,da3b4dd28e.jpg,0.6021523464686077,0.5859928
B2A,da3bac3250.jpg,0.70081218653943,0.33595273
B2A,da53718103.jpg,0.6727254893245312,0.51231456
B2A,da6c915502.jpg,0.788783108047489,0.29032016
B2A,da6d4d9ea2.jpg,0.9058531888300236,0.26360318
B2A,da86565952.jpg,0.6410449054511849,0.493059
B2A,da920bf4bc.jpg,0.7889372791420401,0.38022503
B2A,daa4352f54.jpg,0.7505698602942186,0.43521392
B2A,daa8fa4579.jpg,0.7832395712739428,0.33997226
B2A,dabaad16e8.jpg,0.6714525913957664,0.46761262
B2A,dabaf0f8aa.jpg,0.8510003440444948,0.31545058
B2A,dabcf502f4.jpg,0.6205314244051194,0.6195267
B2A,dac8b251fd.jpg,0.8330866227474093,0.2951728
B2A,dae46a168b.jpg,0.9059429205613467,0.21679513
B2A,dae9ee7a11.jpg,0.6861609833853985,0.51964337
B2A,daee416ffe.jpg,0.8580521777037864,0.32799962
B2A,daf0f4bdc1.jpg,0.8670513912906284,0.20292482
B2A,dafda5c17a.jpg,0.7259876159712982,0.44643492
B2A,db00979196.jpg,0.8065333459327698,0.22179623
B2A,db052e5241.jpg,0.8839439930792178,0.3183611
B2A,db0d9fdaec.jpg,0.715311199832737,0.301978
B2A,db0ecb48c4.jpg,0.8407015132037777,0.3485111
B2A,db14eba4e1.jpg,0.8636175871681178,0.29778165
B2A,db18f28537.jpg,0.833872814419458,0.29059422
B2A,db1f18b059.jpg,0.8298905722314397,0.26816136
B2A,db2b40dd94.jpg,0.8355464671332085,0.40784416
B2A,db2e0f3cdf.jpg,0.8006371156932103,0.33509496
B2A,db4fd99e56.jpg,0.8549485744031037,0.23711373
B2A,db58221d78.jpg,0.8484219728572256,0.30331805
B2A,db59f96bfc.jpg,0.8473531217933714,0.32112032
B2A,db70823e2b.jpg,0.8697560102329968,0.28852114
B2A,db7fd38aa5.jpg,0.7028381129286206,0.36036697
B2A,db86c73152.jpg,0.8949280815796958,0.19914877
B2A,db9cfcd293.jpg,0.5971540887848634,0.43211028
B2A,dba404b1bd.jpg,0.46695976241136217,0.37175554
B2A,dbba4e41d0.jpg,0.8299989066410938,0.37953764
B2A,dbbe9bbb8e.jpg,0.8917918501771999,0.16389364
B2A,dbbed3a8c7.jpg,0.7529760534503308,0.38771284
B2A,dbbfe0e846.jpg,0.7668174237745038,0.4353297
B2A,dbc0d26415.jpg,0.8790502353464135,0.3375241
B2A,dbc5daad12.jpg,0.7355372076988671,0.56584114
B2A,dbd3bf1236.jpg,0.8896910467218244,0.31114838
B2A,dbef8e6c0a.jpg,0.9229423751667272,0.25781175
B2A,dbf9e7be99.jpg,0.8134792454458079,0.3961375
B2A,dc0f97a1aa.jpg,0.8099371999532163,0.2796693
B2A,dc121d7f9b.jpg,0.8028355681187245,0.5255484
B2A,dc258c8a0b.jpg,0.776005328001803,0.23759145
B2A,dc26513fe8.jpg,0.7253816713083687,0.42283922
B2A,dc2abc2e66.jpg,0.8307786914816742,0.3168874
B2A,dc307002d2.jpg,0.6998427363505068,0.44530633
B2A,dc549bebc4.jpg,0.6441343639020233,0.44400418
B2A,dc5829408f.jpg,0.8412711422073902,0.52209514
B2A,dc5f1c23a0.jpg,0.9003847836200283,0.26456857
B2A,dc629cae14.jpg,0.9339215922721128,0.26793993
B2A,dc631c9b2a.jpg,0.9265700807757441,0.27260533
B2A,dc74902b39.jpg,0.7492465200535922,0.36590365
B2A,dc8a5d64eb.jpg,0.7945277971132135,0.26671052
B2A,dc8b552cc5.jpg,0.859010019574914,0.26482648
B2A,dc938fd3f7.jpg,0.7666722221531507,0.35600585
B2A,dc98f07caf.jpg,0.8938942941285664,0.25525782
B2A,dc9943d9eb.jpg,0.6512991771794346,0.44443396
B2A,dc9d581332.jpg,0.700839131457919,0.44780642
B2A,dca4c17096.jpg,0.6860948948369692,0.33184487
B2A,dcbdd75640.jpg,0.8538280656196345,0.28670728
B2A,dcca4f8bb6.jpg,0.8688295844974218,0.20167445
B2A,dccb6e42ee.jpg,0.5909066143579548,0.5033531
B2A,dce963b80b.jpg,0.75624281095836,0.4570712
B2A,dcf4c2cbb1.jpg,0.7356006227057884,0.41058636
B2A,dcfa634264.jpg,0.868149328160652,0.23767257
B2A,dd036adfe5.jpg,0.8543205150864217,0.34985468
B2A,dd232bb32f.jpg,0.8114346952997179,0.25412205
B2A,dd26e604b1.jpg,0.7302923480937795,0.46537387
B2A,dd2a4f5af6.jpg,0.8429391809691408,0.23480329
B2A,dd59da4b8e.jpg,0.8728813734368349,0.29318097
B2A,dd6a426ccb.jpg,0.7953939258852701,0.25305066
B2A,dd80a0ae1c.jpg,0.8495469573500034,0.31793952
B2A,dd8cf7b53e.jpg,0.7899892267898249,0.3322894
B2A,dd98d8bda5.jpg,0.8732627927186417,0.28922945
B2A,dda084c63b.jpg,0.6887674408179669,0.5017481
B2A,ddb1124c29.jpg,0.8417831596349947,0.19435287
B2A,ddb17e566c.jpg,0.700272132063047,0.45483127
B2A,ddb386ce3e.jpg,0.8094247960555786,0.40679047
B2A,ddb8baf94a.jpg,0.7250059490127067,0.4453413
B2A,ddc08a0803.jpg,0.9177962558634939,0.31826353
B2A,ddc5ea8270.jpg,0.7952027907869494,0.3487645
B2A,ddd674f433.jpg,0.8037294184824916,0.32157013
B2A,dde4567678.jpg,0.8781878656824562,0.22879504
B2A,de010cbbc2.jpg,0.8121790033047136,0.37951267
B2A,de059c7bbf.jpg,0.9251249321179773,0.27354905
B2A,de05b6bb2f.jpg,0.8015912773831603,0.28047916
B2A,de10876989.jpg,0.7093202063124567,0.3678377
B2A,de241d55fc.jpg,0.9673305788566628,0.21543783
B2A,de2f9d1599.jpg,0.728888884620407,0.31641433
B2A,de31a67502.jpg,0.7785650600674451,0.4520032
B2A,de34c78357.jpg,0.6953517751463256,0.44959915
B2A,de37e2ad60.jpg,0.8679819874330065,0.32131535
B2A,de457df144.jpg,0.8549405583042106,0.32678354
B2A,de4f73e2e6.jpg,0.730203369010463,0.4968394
B2A,de59f8afb3.jpg,0.86562580253023,0.2948887
B2A,de6510a7ab.jpg,0.9123117103018069,0.27446935
B2A,de6bf0cb04.jpg,0.8490553385624854,0.33661646
B2A,de7ed78f5a.jpg,0.8275078893968746,0.43220693
B2A,de86577a5b.jpg,0.8344098477954504,0.16659802
B2A,de86feb03d.jpg,0.6523360793978326,0.17503443
B2A,dea009ab5b.jpg,0.9087037073072816,0.32283
B2A,dea330a02f.jpg,0.85155552971106,0.35218975
B2A,deafff753c.jpg,0.7853631185118315,0.5249639
B2A,deb67f6b0e.jpg,0.894385538732667,0.34891093
B2A,debf11d04c.jpg,0.8953502678593926,0.33365703
B2A,dec3ab2321.jpg,0.9007697985569363,0.2919287
B2A,ded7482c2c.jpg,0.9318309355218459,0.22793463
B2A,ded8ffa3ca.jpg,0.8933213918164653,0.2520444
B2A,def0cd31b2.jpg,0.7454717089105302,0.5650566
B2A,def8bd92f4.jpg,0.7485912815220844,0.47383064
B2A,df017c0778.jpg,0.8236195070612565,0.3570537
B2A,df04d84ca9.jpg,0.8254304131658058,0.34255975
B2A,df1b2ded30.jpg,0.7454227126266273,0.4974458
B2A,df21dd363b.jpg,0.9142602982818452,0.3032549
B2A,df26cc01aa.jpg,0.8308154821535513,0.25364193
B2A,df2c0d53a4.jpg,0.6097775438167893,0.5317517
B2A,df2eddf8b4.jpg,0.8458088794322894,0.25972393
B2A,df34b6c0e8.jpg,0.8591541869741877,0.26143146
B2A,df3688f698.jpg,0.690980850656318,0.4875476
B2A,df36a9efd4.jpg,0.6920830119685503,0.49036568
B2A,df4975e8bf.jpg,0.894684196485215,0.21911384
B2A,df571c611d.jpg,0.80561876310988,0.3349977
B2A,df65517316.jpg,0.5079800128365477,0.5276932
B2A,df717b23e2.jpg,0.900657392135935,0.21747077
B2A,df71b50ac1.jpg,0.8009334342229967,0.30711317
B2A,df7438a2d8.jpg,0.7802743394408715,0.35156983
B2A,df75caef2e.jpg,0.812743515013438,0.28815722
B2A,df7ada692b.jpg,0.7077277632718861,0.5514969
B2A,df895d4f4f.jpg,0.8570319257414982,0.3475316
B2A,dfa6cb635d.jpg,0.7221320498089407,0.29424724
B2A,dfb9e202de.jpg,0.8593302441112609,0.4146685
B2A,dfbd52ecf5.jpg,0.8089923890031165,0.31872264
B2A,dfcd9af740.jpg,0.8648432821642331,0.25187472
B2A,dfd3b1a8bf.jpg,0.773417166538621,0.55252737
B2A,dfdb05692f.jpg,0.8178144963484971,0.25294495
B2A,dfdf679899.jpg,0.744408193003187,0.5011807
B2A,dfe59079af.jpg,0.8612613256344669,0.24838689
B2A,dfedfba018.jpg,0.8537487506139614,0.28705472
B2A,dfee298b96.jpg,0.6619460812682532,0.620646
B2A,dff450dda1.jpg,0.9017933508231979,0.30755743
B2A,dff66a7d64.jpg,0.5767643652817522,0.6503391
B2A,dff763c552.jpg,0.7470846795012904,0.38919088
B2A,e00bba74a2.jpg,0.8096286054548241,0.40234917
B2A,e01fe394d8.jpg,0.9050151406628868,0.2435509
B2A,e0216cf2a8.jpg,0.7570011897782694,0.54796946
B2A,e0316f1950.jpg,0.5925452596781793,0.62431395
B2A,e0328c7d7c.jpg,0.6671220746522014,0.45034164
B2A,e038af63fe.jpg,0.8957543203317214,0.305551
B2A,e039712ade.jpg,0.9049672350167234,0.26436776
B2A,e03b2a6164.jpg,0.5643748117921911,0.2763841
B2A,e04291a057.jpg,0.8404110329958215,0.2733389
B2A,e048cbd49e.jpg,0.8218749971762787,0.3124265
B2A,e050f1a2a9.jpg,0.782643426182774,0.40576047
B2A,e05899ed06.jpg,0.6136503258482432,0.44966847
B2A,e05c7f85ef.jpg,0.8985481180476306,0.24783133
B2A,e068415db1.jpg,0.7143436631491803,0.39521018
B2A,e068928755.jpg,0.7598466124104074,0.3303398
B2A,e071db584c.jpg,0.8841460551541681,0.2457437
B2A,e0839b3c2e.jpg,0.871794304076582,0.18898211
B2A,e08fc2d70e.jpg,0.8584500407779355,0.5532999
B2A,e091476985.jpg,0.9203482024213179,0.15604559
B2A,e09576695b.jpg,0.8524619147412522,0.36088482
B2A,e0a9fecd26.jpg,0.7290994528669278,0.31480882
B2A,e0b1a4f104.jpg,0.8606130203599944,0.30021912
B2A,e0b6abfd6d.jpg,0.8261708716011704,0.23190597
B2A,e0c949a987.jpg,0.8065513329194344,0.35363197
B2A,e0cfa9d464.jpg,0.7722018383386359,0.31904426
B2A,e0d48fc860.jpg,0.9066656771835782,0.3275945
B2A,e0d7f40a24.jpg,0.888203737974127,0.33500308
B2A,e0d9fadae6.jpg,0.6641562380995235,0.20090234
B2A,e0db07d90e.jpg,0.6784780990583105,0.5349215
B2A,e0e0bd66eb.jpg,0.7955289001629022,0.2431678
B2A,e0edc2d1ff.jpg,0.9095218639545525,0.29184324
B2A,e0f0dc2983.jpg,0.7449183042252958,0.50152147
B2A,e0f7f0bb22.jpg,0.8885083200028213,0.16420797
B2A,e0fce775af.jpg,0.7169749706956798,0.4244917
B2A,e0ffb419d8.jpg,0.7665545469984537,0.37700698
B2A,e103e37ef6.jpg,0.6367353932281354,0.40189064
B2A,e10f4e0249.jpg,0.9446264896456593,0.1919167
B2A,e1107c721b.jpg,0.6854021984475703,0.60058653
B2A,e12532498c.jpg,0.8429583980067262,0.44811475
B2A,e13f5e00b9.jpg,0.9473957244749864,0.16308308
B2A,e1421bcb6d.jpg,0.6732471302700738,0.5949462
B2A,e14520fb9c.jpg,0.6678106745966307,0.5879803
B2A,e154b39c0c.jpg,0.6932624022261991,0.44330585
B2A,e158554d68.jpg,0.7419520244565685,0.63722897
B2A,e15ebb6b26.jpg,0.6219933060648706,0.4815282
B2A,e180ce65fe.jpg,0.9141152530469269,0.6283835
B2A,e18c605daf.jpg,0.8967677846677314,0.3171686
B2A,e191e362cc.jpg,0.883026385534987,0.24761166
B2A,e195754758.jpg,0.7943586781615304,0.34970537
B2A,e1b8768630.jpg,0.6251974483794487,0.4460677
B2A,e1e42d1e1d.jpg,0.8318193337833678,0.33517477
B2A,e1e7add957.jpg,0.844137618090792,0.27892977
B2A,e1f01aed34.jpg,0.8642507315332418,0.24860692
B2A,e1f044dff1.jpg,0.7739651917317228,0.50426835
B2A,e2050f818f.jpg,0.8329501611341508,0.3852273
B2A,e20e016680.jpg,0.7572580228430703,0.5176805
B2A,e20f79f596.jpg,0.7714168830606619,0.47717133
B2A,e218d1a1ea.jpg,0.8147322162146065,0.20659605
B2A,e219f69873.jpg,0.9301385413603196,0.21455441
B2A,e22fbe22ff.jpg,0.6015363005033058,0.4428274
B2A,e239290d7a.jpg,0.8119254922637148,0.3396758
B2A,e23da13385.jpg,0.7277643771975265,0.4575677
B2A,e23dd4b66b.jpg,0.8808800004554783,0.33946046
B2A,e24d11659e.jpg,0.8784027726045915,0.2638209
B2A,e25a309e7f.jpg,0.8365262967608464,0.30394042
B2A,e262ebdb71.jpg,0.8727211812242475,0.18206409
B2A,e26f08910a.jpg,0.8112552052158812,0.3101036
B2A,e276cfea71.jpg,0.7854188670102338,0.34593487
B2A,e278a31c95.jpg,0.7105735489844766,0.39631855
B2A,e2816c6358.jpg,0.7205681925576872,0.35724676
B2A,e2921fb3bc.jpg,0.8569432924261575,0.31662273
B2A,e29891901c.jpg,0.8860946086573559,0.4667654
B2A,e29923569e.jpg,0.9465818444364452,0.1479688
B2A,e2be127e28.jpg,0.6053155305634319,0.31693456
B2A,e2cc5d0740.jpg,0.7798744220934959,0.2945961
B2A,e2dd4bdeef.jpg,0.8661152424822289,0.3779574
B2A,e2e1192489.jpg,0.6489993059989094,0.40845925
B2A,e2e85f68e0.jpg,0.9080787103816698,0.2683444
B2A,e2ebe675f8.jpg,0.8864877031788108,0.31477535
B2A,e2ec96f0b4.jpg,0.7798525847091649,0.33637702
B2A,e2f37052c1.jpg,0.6489032339261781,0.5864086
B2A,e3148aa017.jpg,0.9168447445519353,0.23401323
B2A,e31668e912.jpg,0.8478866093074975,0.30378512
B2A,e33556dc35.jpg,0.6388420378892494,0.6670508
B2A,e33bb81f2b.jpg,0.7947485533424864,0.3242762
B2A,e34010decc.jpg,0.8725077606502001,0.26733977
B2A,e340c22dc4.jpg,0.8236555739986912,0.35487792
B2A,e344e433cc.jpg,0.9434043720951152,0.34218785
B2A,e347492218.jpg,0.7774800147907662,0.50169635
B2A,e3477e1ec7.jpg,0.9362022408982555,0.25971013
B2A,e34ae8c169.jpg,0.9018305524624715,0.3092316
B2A,e3557bd3e7.jpg,0.7878750360118417,0.40420943
B2A,e3618e9a11.jpg,0.736117105104471,0.3707276
B2A,e365dae98b.jpg,0.5621735495060647,0.56684566
B2A,e37b3a49d9.jpg,0.7421681555374439,0.47414792
B2A,e37e071314.jpg,0.8899057673075248,0.3050382
B2A,e38186a614.jpg,0.7859992096414787,0.2592148
B2A,e388432c26.jpg,0.7830042771834208,0.54328936
B2A,e39562f090.jpg,0.7832953481462557,0.35767603
B2A,e3997e52e9.jpg,0.8867367974153786,0.37519583
B2A,e3cb3ad674.jpg,0.9199484855616402,0.22364445
B2A,e3cea056cc.jpg,0.7083879149879325,0.32225052
B2A,e3ceb5d67a.jpg,0.7028813416417252,0.53955126
B2A,e3e6ca612f.jpg,0.8591676882201703,0.22049473
B2A,e3e87b3f1e.jpg,0.8927400444703323,0.21980834
B2A,e3f1be931a.jpg,0.5824324548896774,0.3811037
B2A,e3f34cdbfc.jpg,0.9307887711792769,0.29171583
B2A,e3fae55083.jpg,0.7280160544906024,0.38025337
B2A,e3fe190c35.jpg,0.8716516295635114,0.27409834
B2A,e4005ebfe6.jpg,0.6658265432287829,0.6090731
B2A,e40a02297a.jpg,0.8411711428577467,0.19787735
B2A,e40ba425ad.jpg,0.8526206994140353,0.33900845
B2A,e40ea38065.jpg,0.8029783874717682,0.35240993
B2A,e41de69603.jpg,0.8351002734273149,0.26614136
B2A,e428d47850.jpg,0.8590510677711388,0.42441744
B2A,e43625382b.jpg,0.9543268730619769,0.22987866
B2A,e43cfeffd7.jpg,0.8334254861806172,0.43250808
B2A,e452266e47.jpg,0.8610922392958293,0.17064089
B2A,e46722db3b.jpg,0.8806530045299307,0.34265727
B2A,e474730931.jpg,0.948457101703132,0.19231687
B2A,e484852720.jpg,0.8385850773716604,0.28924477
B2A,e4a7646e26.jpg,0.7586362343135685,0.37224102
B2A,e4b6e49888.jpg,0.886110129379642,0.1918201
B2A,e4baa84c9e.jpg,0.8351620429203376,0.3716463
B2A,e4c2f8062a.jpg,0.6954361048921002,0.46796963
B2A,e4c47323cb.jpg,0.8318986338119606,0.28501898
B2A,e4db596478.jpg,0.8307019643423579,0.26523766
B2A,e4df61af49.jpg,0.7896742081428489,0.35578778
B2A,e4e7fd51dd.jpg,0.9085590079126221,0.19303915
B2A,e4ec14322d.jpg,0.6124501773164983,0.4123285
B2A,e4edaddcef.jpg,0.631148418616067,0.48396602
B2A,e4f21cb9f8.jpg,0.9175478663785275,0.2486403
B2A,e4f5f401e0.jpg,0.8499654889266023,0.2798324
B2A,e50dc96e2b.jpg,0.8067070976513848,0.21783878
B2A,e517b6f313.jpg,0.860652664255231,0.2784917
B2A,e5247c9272.jpg,0.7188008040175206,0.34877655
B2A,e52816eec3.jpg,0.5331507008882098,0.6990516
B2A,e52b0badda.jpg,0.7582130608101264,0.34188864
B2A,e53184b315.jpg,0.8448695524117583,0.3284564
B2A,e536a8e4d0.jpg,0.8757911619045642,0.33411402
B2A,e53aaa0782.jpg,0.9237437607503526,0.39134476
B2A,e53aaac02c.jpg,0.6317031268960384,0.47931167
B2A,e53b41415d.jpg,0.7716802424497093,0.30999106
B2A,e545b38111.jpg,0.8588845854748751,0.3730775
B2A,e54604f159.jpg,0.8592090749943965,0.3080093
B2A,e552c9356b.jpg,0.8383188887370451,0.18840685
B2A,e55aa6a075.jpg,0.7523019087197851,0.35823
B2A,e569d449aa.jpg,0.8182340662863392,0.24726887
B2A,e56a3b131d.jpg,0.9046454917864046,0.22462042
B2A,e56e3bcfee.jpg,0.935222114086539,0.36889598
B2A,e576d76af6.jpg,0.870681457816471,0.20176065
B2A,e58dcaf848.jpg,0.7907592105210843,0.41589063
B2A,e58e1d7d58.jpg,0.9001970729129201,0.35752106
B2A,e58ef68e3f.jpg,0.9530227445252856,0.14324744
B2A,e59a45567d.jpg,0.7215930584866914,0.346357
B2A,e5ae2eab59.jpg,0.908148688375383,0.32851735
B2A,e5b0f574bf.jpg,0.8907173489813593,0.2596683
B2A,e5c7397b2d.jpg,0.6942421370614281,0.38407803
B2A,e5c842ca6e.jpg,0.8783721863672135,0.25871658
B2A,e5cb078996.jpg,0.8167576340079744,0.46506667
B2A,e5cb608eae.jpg,0.8074900518872431,0.22476248
B2A,e5cbe055f9.jpg,0.8074178102454771,0.32566124
B2A,e5cd922fa9.jpg,0.7884743087693473,0.40618262
B2A,e5d38a2047.jpg,0.9128562489026907,0.22472739
B2A,e5e1d837f1.jpg,0.8973540402650364,0.2866062
B2A,e5ffaac462.jpg,0.9307095813257047,0.23034097
B2A,e614135f7d.jpg,0.7969374895355732,0.315218
B2A,e629d7f736.jpg,0.720552570214907,0.5536236
B2A,e63a00fc4f.jpg,0.8493336402865601,0.43836933
B2A,e643c9bdbe.jpg,0.652948288023309,0.40948528
B2A,e6636be041.jpg,0.7838255530460644,0.4374835
B2A,e67341c640.jpg,0.7718289928176063,0.3192885
B2A,e67601a231.jpg,0.7566297148972065,0.39782828
B2A,e6779d7ed5.jpg,0.6516217293597252,0.6500932
B2A,e67cc523e0.jpg,0.8637996380683347,0.28583091
B2A,e67e86bdb9.jpg,0.8372876350314735,0.19995154
B2A,e6836aa6da.jpg,0.7095330721871763,0.39566606
B2A,e686121a13.jpg,0.7831649358405178,0.47479558
B2A,e693f37abc.jpg,0.810912475161886,0.46111736
B2A,e69c2d5a6d.jpg,0.8724819155876926,0.16958779
B2A,e69eb967c0.jpg,0.7895576887489077,0.3532918
B2A,e6a325d8fb.jpg,0.8333653065567387,0.41282186
B2A,e6a609cf76.jpg,0.8350884142718871,0.4702913
B2A,e6ad3eec60.jpg,0.8006519458007169,0.36909556
B2A,e6ba8f2334.jpg,0.646796453327342,0.40049076
B2A,e6c25786d7.jpg,0.7151173276154342,0.37533593
B2A,e6cc103915.jpg,0.7027629471432206,0.29551685
B2A,e6d2f68fcf.jpg,0.8073948510537188,0.33948782
B2A,e6dc2ff40c.jpg,0.8385485180776024,0.25412717
B2A,e6e3f15b73.jpg,0.8747308790253094,0.32657194
B2A,e6e6959173.jpg,0.5683074690676923,0.63502735
B2A,e6ea2d4d47.jpg,0.8498054458098666,0.22173046
B2A,e6f8a63c9c.jpg,0.7508061236358694,0.41234902
B2A,e707bf37b1.jpg,0.779392272543306,0.37846395
B2A,e710d6eaa6.jpg,0.8483191371720955,0.44898775
B2A,e714c3661f.jpg,0.9028523690482649,0.21618663
B2A,e715464acb.jpg,0.774270096714642,0.30961552
B2A,e738568be6.jpg,0.884203074898136,0.2378409
B2A,e73a598e28.jpg,0.8020207152547425,0.41274005
B2A,e73db0029b.jpg,0.7166972659716802,0.47630405
B2A,e744db3cd3.jpg,0.7731251391972798,0.47199607
B2A,e74a97ae14.jpg,0.780626805025002,0.37162182
B2A,e764b3f35a.jpg,0.8825234655730467,0.28665423
B2A,e790229789.jpg,0.6851679180344376,0.49113682
B2A,e79618c3c9.jpg,0.7247040180150152,0.56099427
B2A,e7a2c2dfd5.jpg,0.8905203701252908,0.2865405
B2A,e7b73c75cb.jpg,0.7608736568024752,0.31271744
B2A,e7c3ac222b.jpg,0.7604252774805553,0.29965162
B2A,e7c99420a8.jpg,0.8939490583791093,0.43902352
B2A,e7cd8551d8.jpg,0.936786173584658,0.28403333
B2A,e7cdd8fd59.jpg,0.6453371688229007,0.40383437
B2A,e7d445c059.jpg,0.6076450026797796,0.54027575
B2A,e7ddcd88d3.jpg,0.8934504096729985,0.23516767
B2A,e7e77d48b0.jpg,0.8817546068995192,0.34123248
B2A,e7fd336c2e.jpg,0.7196064379699111,0.29595652
B2A,e80855ec86.jpg,0.7459227505030428,0.6732366
B2A,e80a7530ea.jpg,0.7007872493053097,0.47318295
B2A,e80cebe6dd.jpg,0.8263284414725087,0.5183953
B2A,e80f526332.jpg,0.8588515029282413,0.2717294
B2A,e810cbaf55.jpg,0.771801550004697,0.40640536
B2A,e8234e1e2e.jpg,0.9475085058872201,0.24737602
B2A,e8338afa09.jpg,0.7815168801456179,0.21227048
B2A,e85bba618a.jpg,0.8741588737580746,0.18969117
B2A,e85ed2bc38.jpg,0.7861374797876327,0.37881538
B2A,e8605bf89a.jpg,0.6949775073168215,0.5259664
B2A,e862b2a488.jpg,0.7949870498545886,0.25696346
B2A,e86d465a2d.jpg,0.9342296958824017,0.24169834
B2A,e8718dba1c.jpg,0.9261055618206057,0.26322982
B2A,e876733707.jpg,0.6770158692892299,0.24624184
B2A,e87676e6e2.jpg,0.6833501998768015,0.44041607
B2A,e8789baa19.jpg,0.7122031737131324,0.38293302
B2A,e8882a7f33.jpg,0.8035403321607099,0.2867482
B2A,e89accad47.jpg,0.8360273349482107,0.32756963
B2A,e89b1f65b6.jpg,0.8940159219027431,0.23034754
B2A,e89e3ef99f.jpg,0.8742278664320617,0.408631
B2A,e89f26b785.jpg,0.8325084392332636,0.40497944
B2A,e8a6213a64.jpg,0.728483390587347,0.4670282
B2A,e8ca770df9.jpg,0.7501761114683855,0.49586043
B2A,e8cede65a7.jpg,0.8442394332199885,0.33518884
B2A,e8dc20c86e.jpg,0.8767434663628426,0.33625144
B2A,e8e02ca944.jpg,0.8171210356960071,0.38330388
B2A,e8f2542a00.jpg,0.7026166565337927,0.5998545
B2A,e8f8ff2e11.jpg,0.63634467407619,0.5243555
B2A,e91a6a79ca.jpg,0.8700373990828821,0.43303594
B2A,e941a6971b.jpg,0.7798289643241411,0.24358484
B2A,e9425b919e.jpg,0.6992596685959478,0.64065874
B2A,e94ce61928.jpg,0.8134170988252954,0.19745134
B2A,e94fe9ef94.jpg,0.7872495003559992,0.37969637
B2A,e9652384d0.jpg,0.7513296033535206,0.3039179
B2A,e96e9bdf9f.jpg,0.8935898367843711,0.3912307
B2A,e975867ee1.jpg,0.8525919984286601,0.24447429
B2A,e97aab1e3a.jpg,0.5795026391610844,0.56563604
B2A,e97f72f75e.jpg,0.8799736330413965,0.26722324
B2A,e9896641d2.jpg,0.7919150349238644,0.42367658
B2A,e98c174738.jpg,0.8943476890247801,0.21530163
B2A,e98cd4e13f.jpg,0.8690406293350917,0.28550363
B2A,e98d5c8d85.jpg,0.8720137556503582,0.39743966
B2A,e98e9b1620.jpg,0.7249780171066973,0.46676487
B2A,e991139f4b.jpg,0.7404730213561229,0.45140857
B2A,e9ba0bafc4.jpg,0.7650067535600406,0.3917003
B2A,e9c3e52cf1.jpg,0.7607776662372248,0.38978362
B2A,e9ca026ba3.jpg,0.8120052786322192,0.35235575
B2A,e9cbdee9bd.jpg,0.6618723612790041,0.4362213
B2A,e9d65fa272.jpg,0.5251855009216677,0.506522
B2A,e9da2fab10.jpg,0.8640468313500301,0.2993923
B2A,e9da44faa6.jpg,0.7018548314881446,0.4575015
B2A,e9e303af60.jpg,0.6746171012686768,0.4004679
B2A,e9ebdfe8ec.jpg,0.6833753177690801,0.40214375
B2A,e9ec0b07bd.jpg,0.8694945997073446,0.27703354
B2A,e9ef067120.jpg,0.5248366705338348,0.67127895
B2A,ea0086b300.jpg,0.9004365015677095,0.22169843
B2A,ea2128c1b2.jpg,0.7679818371540189,0.38006026
B2A,ea29af7178.jpg,0.573004453848326,0.63854414
B2A,ea38729951.jpg,0.7970289253651244,0.33840638
B2A,ea437a682c.jpg,0.7473636066490567,0.26250094
B2A,ea4dc1e88e.jpg,0.8506040537918538,0.5742538
B2A,ea4f37e7e5.jpg,0.8021929647620533,0.28732386
B2A,ea58d700d2.jpg,0.8214141137962302,0.23354349
B2A,ea60c54c69.jpg,0.6287787923463126,0.63969487
B2A,ea626ba3a9.jpg,0.7912195912508021,0.32499772
B2A,ea656cf2b6.jpg,0.7139313387922807,0.30504376
B2A,ea6917e2db.jpg,0.8884739789379027,0.34198767
B2A,ea867fecaa.jpg,0.6356180331139264,0.47679532
B2A,ea90ff6da4.jpg,0.8731496359288089,0.39266473
B2A,ea942e0882.jpg,0.6464002417203709,0.4516515
B2A,ea965a1eba.jpg,0.7330224802835033,0.2907564
B2A,eaa17f1091.jpg,0.777083249841318,0.5167394
B2A,eaac3f27b0.jpg,0.9054455555516719,0.17262766
B2A,eab48ed00d.jpg,0.8866793713707032,0.37011373
B2A,eab57199fa.jpg,0.8341343547838728,0.24927722
B2A,eabe91cae5.jpg,0.8445158454998896,0.28602743
B2A,eac7bd7368.jpg,0.8741357577301541,0.2351258
B2A,eacb6ead4a.jpg,0.7237724818971948,0.5269803
B2A,eacdc1d18f.jpg,0.7783497351263816,0.3907399
B2A,ead2fdbadc.jpg,0.862488029002167,0.29198155
B2A,ead622126f.jpg,0.7397109780772086,0.4037496
B2A,eadb799684.jpg,0.7513432279095683,0.3416982
B2A,eadea8cf4c.jpg,0.7535841864587721,0.45729518
B2A,eae1d7b4a7.jpg,0.91582309637411,0.3383239
B2A,eae8ac05b6.jpg,0.8451948095491062,0.29419804
B2A,eafc9d8929.jpg,0.6045485780999483,0.42873517
B2A,eb09186652.jpg,0.8358688682224722,0.26458552
B2A,eb143cd557.jpg,0.7505629033692417,0.5034529
B2A,eb1ae4752c.jpg,0.5649862560293443,0.42632246
B2A,eb1ce8f38f.jpg,0.8080405598157807,0.30538714
B2A,eb1f220d40.jpg,0.7983442078729533,0.33997557
B2A,eb267343a7.jpg,0.902989821409019,0.17938589
B2A,eb33d8e41b.jpg,0.8683623665300915,0.37769675
B2A,eb34f329c1.jpg,0.8264492486456423,0.40112454
B2A,eb396944a9.jpg,0.7725684330592218,0.3697803
B2A,eb48b08b2c.jpg,0.8447076842445039,0.32310718
B2A,eb4c747b35.jpg,0.859261455234765,0.2968893
B2A,eb5a006cd8.jpg,0.8159487254851993,0.3882733
B2A,eb7323bae7.jpg,0.9140966588840777,0.5046131
B2A,eb74e149ff.jpg,0.8777463708788517,0.33336383
B2A,eb74ee9751.jpg,0.904989246229874,0.22218053
B2A,eb927ffcce.jpg,0.8222195559734632,0.28583997
B2A,eb9630147d.jpg,0.8372659914735866,0.20861405
B2A,ebb0aa2f01.jpg,0.7684734094154982,0.50136447
B2A,ebb3a60020.jpg,0.8466027441173686,0.30116707
B2A,ebb7fcea92.jpg,0.9108850018192626,0.27527872
B2A,ebb973284b.jpg,0.6358911048001316,0.39553964
B2A,ebc6398a40.jpg,0.5875164178581902,0.40852904
B2A,ebcc42e110.jpg,0.8194962624711745,0.37258002
B2A,ebcce1a075.jpg,0.7137747377655522,0.36307225
B2A,ebd677e4df.jpg,0.8896755762275629,0.2254036
B2A,ebfb842dbb.jpg,0.8591768972124987,0.37526843
B2A,ec22ac410a.jpg,0.6738281473056997,0.48604807
B2A,ec26ffe6d9.jpg,0.7158251438310959,0.41331908
B2A,ec2819dd4a.jpg,0.8285597206143591,0.20815298
B2A,ec361682b9.jpg,0.7512279607212734,0.36907125
B2A,ec3cedbafe.jpg,0.7238862096038079,0.49519336
B2A,ec4acecf3f.jpg,0.9055452848220904,0.29256392
B2A,ec4fccd390.jpg,0.856776721645262,0.3589388
B2A,ec509fe942.jpg,0.776222222452822,0.47203937
B2A,ec5d51aaf0.jpg,0.6796583505746243,0.5800437
B2A,ec61770865.jpg,0.8342905357696361,0.37626234
B2A,ec673dd8d4.jpg,0.8467294665390865,0.33800495
B2A,ec6c041436.jpg,0.81832984801162,0.47613752
B2A,ec7228a986.jpg,0.5712221191159907,0.42490378
B2A,ec74224ef5.jpg,0.8233507754012138,0.4151672
B2A,ec99be1db6.jpg,0.808321692860513,0.23895602
B2A,ecad06947b.jpg,0.5387973678542554,0.36775345
B2A,ecaf3bdf12.jpg,0.8653046143049204,0.20272258
B2A,ecb38a1051.jpg,0.8649828409106655,0.25131366
B2A,ecb3ccc9f4.jpg,0.8251744892344379,0.2310034
B2A,ecc3cd6e1b.jpg,0.8554093337248717,0.20550603
B2A,ece948ce97.jpg,0.8441489907995885,0.25717473
B2A,ecee77ae5a.jpg,0.9335245715996853,0.25672564
B2A,ed04dbb114.jpg,0.7778139694589449,0.33146262
B2A,ed0ddbf26a.jpg,0.8792781117999832,0.2764549
B2A,ed22cf856f.jpg,0.6934259084884477,0.37972924
B2A,ed27eb5c68.jpg,0.8970570978424344,0.22273652
B2A,ed31f8c196.jpg,0.8164797808024866,0.46959266
B2A,ed34d8d7f3.jpg,0.6703601577825191,0.40825784
B2A,ed3b265e09.jpg,0.8348596913147643,0.18017784
B2A,ed458bffb6.jpg,0.8318387694767992,0.4341136
B2A,ed473bcf9b.jpg,0.809734793380073,0.4712066
B2A,ed59cdccf1.jpg,0.8849994303893798,0.32145688
B2A,ed60c6410b.jpg,0.842350606501431,0.2735309
B2A,ed65db5f88.jpg,0.7265917396799634,0.39788997
B2A,ed7b96a9c5.jpg,0.6975920140531519,0.35158107
B2A,ed848812da.jpg,0.8455327663001955,0.20748931
B2A,ed8dab0f96.jpg,0.7304154873924549,0.5526114
B2A,ed915c89a2.jpg,0.8223597681714643,0.27568275
B2A,ed94946d16.jpg,0.5429253937083032,0.4553095
B2A,ed9f0b8b5d.jpg,0.8345060274190912,0.41427085
B2A,eda8697979.jpg,0.8670628201262698,0.87539923
B2A,edb7d50936.jpg,0.8177900110066999,0.38426402
B2A,edba7f0a70.jpg,0.8314254434397716,0.33478191
B2A,edc66bfb66.jpg,0.8798629638082549,0.34830773
B2A,edd52342db.jpg,0.7072466755674045,0.36757058
B2A,ede0add355.jpg,0.9265506719609677,0.35053688
B2A,edef4ef18d.jpg,0.5660541354117081,0.73543507
B2A,edef9cbabe.jpg,0.7786033415354845,0.26795575
B2A,edf15f0940.jpg,0.7738204042201454,0.26567486
B2A,edf42b9d0d.jpg,0.8823349810841956,0.2957559
B2A,ee0e1d6569.jpg,0.7294007354637243,0.3787133
B2A,ee24903251.jpg,0.8016521588992663,0.21831244
B2A,ee28cc4d68.jpg,0.7595394203665725,0.32918173
B2A,ee29105aba.jpg,0.7283837836456889,0.38631612
B2A,ee2bf8c5fd.jpg,0.7566741732590012,0.3912112
B2A,ee2e0ec65d.jpg,0.5779103237279526,0.6366729
B2A,ee6c260d4f.jpg,0.8201426362431987,0.2289847
B2A,ee861e6fae.jpg,0.8455167543917369,0.22298415
B2A,ee8bdcd99f.jpg,0.8707235808816527,0.31349635
B2A,ee8c2e9e3c.jpg,0.8925438600620647,0.21424437
B2A,ee97a20e7c.jpg,0.8959926034339816,0.6448146
B2A,ee982ce7e3.jpg,0.8997929080080327,0.14110371
B2A,ee9b29e1b8.jpg,0.5380379156249818,0.46856347
B2A,eea8eff240.jpg,0.8159483567199406,0.20199987
B2A,eeb1e5f575.jpg,0.8867736423084674,0.28893763
B2A,eeb4ccb21f.jpg,0.8480642266171207,0.51437056
B2A,eec21ae61c.jpg,0.8806063674798965,0.34141508
B2A,eed4191e08.jpg,0.8862519203060065,0.21010353
B2A,eed8644829.jpg,0.8886281446671199,0.4162632
B2A,eedab28822.jpg,0.6157666715373831,1.0629892
B2A,eee8098608.jpg,0.7162999078848076,0.34332544
B2A,eeee68b7d8.jpg,0.7355934208935333,0.45183098
B2A,eef39ac09b.jpg,0.9300218788037364,0.25462803
B2A,eef4bdae39.jpg,0.8412653856569946,0.33341634
B2A,ef129d082c.jpg,0.7855708184503121,0.28670692
B2A,ef15317c67.jpg,0.6866755443862925,0.5047958
B2A,ef1f3e84f9.jpg,0.7879080584899869,0.24126962
B2A,ef488233e3.jpg,0.8937798422934731,0.21956554
B2A,ef4a60107c.jpg,0.9392901553841205,0.26037183
B2A,ef59ec0110.jpg,0.8396576398841722,0.42439908
B2A,ef6190ff9b.jpg,0.7194784654520433,0.5289235
B2A,ef674070d3.jpg,0.8891349163568318,0.28842986
B2A,ef77fe0cfc.jpg,0.807459816757416,0.3105772
B2A,ef833e60b4.jpg,0.8646515894388764,0.30278748
B2A,ef893e33a9.jpg,0.839035868332071,0.27736312
B2A,ef8a6e2a7a.jpg,0.7813895297482706,0.47227567
B2A,ef9ca94c15.jpg,0.8322534322179853,0.334609
B2A,ef9e5bc080.jpg,0.8909589417160539,0.27031788
B2A,efa2ba7d02.jpg,0.8770004526597367,0.31513107
B2A,efa6c21576.jpg,0.6229506690103157,0.50423753
B2A,efa79c9c41.jpg,0.8812274394312938,0.2904786
B2A,efbb57a439.jpg,0.7849672832634705,0.33245212
B2A,efbfcfe793.jpg,0.7404049724075138,0.43383104
B2A,efc51bdcdf.jpg,0.754034121855754,0.32595998
B2A,efcabd7b97.jpg,0.9258877116721962,0.22137558
B2A,efd9e949f5.jpg,0.6674298599385008,0.6447743
B2A,efeb94db8b.jpg,0.8578504302542934,0.25939968
B2A,effaa53ad8.jpg,0.6307544064583408,0.4122944
B2A,f005004e0c.jpg,0.7556342680167658,0.30161524
B2A,f01164b232.jpg,0.8199527564500669,0.573222
B2A,f01207f706.jpg,0.777297581279036,0.40585798
B2A,f01a04bd03.jpg,0.6504026526134229,0.55856067
B2A,f020a207a8.jpg,0.739270964270391,0.39176694
B2A,f0220aa3f5.jpg,0.7602908200382518,0.5285694
B2A,f024838b95.jpg,0.8926644620713565,0.28707033
B2A,f0367de132.jpg,0.8907382509178688,0.23059389
B2A,f04f12da30.jpg,0.828580422577787,0.48708856
B2A,f06b8cfef0.jpg,0.7811363434249985,0.431275
B2A,f074cffca1.jpg,0.878069817645787,0.294133
B2A,f07cb0b75e.jpg,0.7034428558917052,0.529802
B2A,f07e66c2d2.jpg,0.73536696558327,0.39113402
B2A,f088a906d0.jpg,0.868534703280014,0.24959025
B2A,f088b513bf.jpg,0.8627907668093654,0.20095314
B2A,f08926d339.jpg,0.7986058116759738,0.21712315
B2A,f08c39d24f.jpg,0.8206447024123423,0.45370844
B2A,f08e936c6b.jpg,0.931942806157107,0.21895856
B2A,f0962b6de5.jpg,0.7078819328405469,0.4124637
B2A,f09c772bcc.jpg,0.6074630784121973,0.6565715
B2A,f09d0b81ba.jpg,0.8981418863303638,0.23334701
B2A,f0a1187473.jpg,0.793623510696132,0.46876714
B2A,f0a55ad775.jpg,0.7800801236386724,0.34453687
B2A,f0a679e095.jpg,0.8592618188095246,0.41202325
B2A,f0aa76ff07.jpg,0.6974650523881578,0.38952583
B2A,f0b8c1d365.jpg,0.7828965584370657,0.42035106
B2A,f0e139a901.jpg,0.8606702301605631,0.3869903
B2A,f1032a4bd8.jpg,0.7027595950823381,0.42664242
B2A,f105adbfb1.jpg,0.8478310593866016,0.19333254
B2A,f10d2923bd.jpg,0.7146498246222053,0.45125717
B2A,f10f748b4d.jpg,0.7372340535768314,0.44726557
B2A,f11454665a.jpg,0.7339203661861171,0.4738738
B2A,f11ee27f26.jpg,0.8097045349596173,0.39942425
B2A,f13184bb48.jpg,0.5202000355892297,0.55131054
B2A,f148707bb0.jpg,0.7944321890437854,0.25082576
B2A,f1591e50e1.jpg,0.9544324034006693,0.20430976
B2A,f15b7224fd.jpg,0.7368522429740325,0.442039
B2A,f163b5185e.jpg,0.8457362753298818,0.27192536
B2A,f1670c265f.jpg,0.6649020568425423,0.5373967
B2A,f176a55e27.jpg,0.7702517031642908,0.40370572
B2A,f177cf7991.jpg,0.8399104467447343,0.36257336
B2A,f17a8c4aee.jpg,0.8213091766093275,0.31969985
B2A,f17e985728.jpg,0.9248936969897651,0.1367771
B2A,f180c8d8b9.jpg,0.825746898662546,0.37246686
B2A,f188425ea5.jpg,0.7413163781061513,0.27476975
B2A,f18989ff8d.jpg,0.8511581355329232,0.69335425
B2A,f18d2c0a81.jpg,0.7490800505481245,0.3733462
B2A,f1ac127445.jpg,0.6725653225188911,0.582801
B2A,f1b8dee326.jpg,0.8748344487717701,0.3399908
B2A,f1c198d735.jpg,0.8983331135871867,0.4005951
B2A,f1d4e7cd69.jpg,0.5671620017844898,0.3943187
B2A,f1d7343af8.jpg,0.8881290433992517,0.22938785
B2A,f1dbada7a5.jpg,0.6406866578031015,0.41146302
B2A,f1fe522e6d.jpg,0.9159388574286902,0.23219472
B2A,f1ff4a822a.jpg,0.8183877519076661,0.21999335
B2A,f203101270.jpg,0.8159997135278655,0.38330504
B2A,f21ca704e5.jpg,0.7167653726561503,0.40541747
B2A,f21dd18a49.jpg,0.7007382889034854,0.49932066
B2A,f222ee8acc.jpg,0.8067837233076658,0.39999518
B2A,f22dac0d03.jpg,0.8912805350388496,0.28597942
B2A,f230845d9a.jpg,0.9020403750724626,0.39892387
B2A,f23e5d0e29.jpg,0.9300283695319527,0.2881102
B2A,f247ca8a34.jpg,0.6428875211864064,0.5792449
B2A,f24a8f4c6c.jpg,0.7673141271307985,0.28243598
B2A,f24acd17d0.jpg,0.7842944861705307,0.42966664
B2A,f25716f164.jpg,0.696466778674284,0.42712873
B2A,f265b9c6d2.jpg,0.5438555706222419,0.8381948
B2A,f26d369fbd.jpg,0.8764731828660938,0.30586523
B2A,f270b20be4.jpg,0.7843405117231593,0.5452715
B2A,f27ac3fc28.jpg,0.6985223251939684,0.33265284
B2A,f27e7b74de.jpg,0.7490260816330158,0.26791605
B2A,f27f6894a1.jpg,0.7818931102067158,0.17773801
B2A,f28231f3f9.jpg,0.8836662900064114,0.3942544
B2A,f2876e0b28.jpg,0.8100538643927271,0.33667555
B2A,f298108b32.jpg,0.8442161843303756,0.49044618
B2A,f2a3dc33fe.jpg,0.88582846311257,0.26707527
B2A,f2b162e74b.jpg,0.7530619587096791,0.39625645
B2A,f2b7c12b9c.jpg,0.7441495420596835,0.44285974
B2A,f2d042180c.jpg,0.6904606385159603,0.47375938
B2A,f2d2d4efbc.jpg,0.8766160168232647,0.24361336
B2A,f2d986db88.jpg,0.7934752067019593,0.32770807
B2A,f2f09c8f41.jpg,0.7653559713189892,0.3648485
B2A,f2f56add24.jpg,0.832241456634292,0.27524543
B2A,f30e44407b.jpg,0.607027439719857,0.47038278
B2A,f31217f986.jpg,0.8534001871290667,0.2529947
B2A,f3141801d8.jpg,0.8212944577060691,0.2611483
B2A,f3230db890.jpg,0.8130149554967032,0.40036982
B2A,f32a18c7c6.jpg,0.8815711675138295,0.31949413
B2A,f3356114c7.jpg,0.8651212104834433,0.20358548
B2A,f351ce3bc5.jpg,0.8657076028174178,0.22655658
B2A,f352a7a312.jpg,0.792414567735555,0.25388527
B2A,f354013389.jpg,0.8302528962998166,0.28094286
B2A,f357fe1f0d.jpg,0.6980168623777376,0.57577854
B2A,f36fc36903.jpg,0.7498526867085554,0.4286176
B2A,f376a8789c.jpg,0.891339231911675,0.29238102
B2A,f37a93cd01.jpg,0.838520532122576,0.33369553
B2A,f384c39cd3.jpg,0.7264666060846156,0.35425717
B2A,f3b5806412.jpg,0.7702844278912669,0.24283716
B2A,f3bf66740a.jpg,0.7970765094923309,0.41738456
B2A,f3c61a9a05.jpg,0.6634762439471122,0.54207724
B2A,f3c8ec10ae.jpg,0.5782908161513985,0.4189222
B2A,f3d15e5226.jpg,0.8927839600098088,0.21804199
B2A,f3d86d0bdc.jpg,0.7417973768631745,0.4582438
B2A,f3e4ae010d.jpg,0.7508789519397987,0.22099236
B2A,f3e54bc081.jpg,0.9190189615156028,0.3573927
B2A,f3e9866cb8.jpg,0.9116103080278652,0.3872449
B2A,f3ec3e874d.jpg,0.75815081111956,0.3078123
B2A,f3ecb32509.jpg,0.9285737587772362,0.23110212
B2A,f3ee6c1af3.jpg,0.9041047754909083,0.24117067
B2A,f3fa90a191.jpg,0.865478380663221,0.37949106
B2A,f405d9a44e.jpg,0.8775383097990413,0.19827452
B2A,f40af60ddc.jpg,0.7716968934126144,0.27920154
B2A,f40b429650.jpg,0.813495097568642,0.28889057
B2A,f40b719930.jpg,0.729035820601731,0.35251647
B2A,f40d9b8368.jpg,0.5951292411344332,0.44456673
B2A,f417a4cc39.jpg,0.7877442965350039,0.29541832
B2A,f41b5dec17.jpg,0.8061103496180053,0.34051564
B2A,f41d5c2163.jpg,0.7372592920970917,0.41022563
B2A,f4219a5e81.jpg,0.7848081043041143,0.4609108
B2A,f42f6f0197.jpg,0.8745435644493884,0.19618624
B2A,f43113c91b.jpg,0.7273804110295768,0.4711936
B2A,f43c6fb1de.jpg,0.9204212956587041,0.27114582
B2A,f44a3275c9.jpg,0.8474919827503656,0.32101843
B2A,f46478e139.jpg,0.5931912366430964,0.67301816
B2A,f46cfb67bd.jpg,0.8066363321019012,0.43104243
B2A,f482274abc.jpg,0.8194887639808086,0.49253103
B2A,f4831ea6fb.jpg,0.7061733944842599,0.22158656
B2A,f4919d3664.jpg,0.7975729383147315,0.46442643
B2A,f494688de8.jpg,0.7563238671605804,0.3430493
B2A,f49ca09b7a.jpg,0.7947970485866876,0.485697
B2A,f4a6936ec9.jpg,0.8139839386379957,0.26951927
B2A,f4a9c6100f.jpg,0.7148505168521646,0.3267022
B2A,f4c509ad69.jpg,0.8537448841681088,0.26825437
B2A,f4cdc8fdbc.jpg,0.6811173300713361,0.4247983
B2A,f4dd7ea66e.jpg,0.8303493859999408,0.39429313
B2A,f4eb1866c7.jpg,0.67245060248068,0.35098445
B2A,f4eb47f0dd.jpg,0.7189204793969788,0.4506756
B2A,f501fc4455.jpg,0.8719733308052302,0.32973394
B2A,f51503f974.jpg,0.7511867169803486,0.66278183
B2A,f51f06df8f.jpg,0.6656904465696967,0.5368692
B2A,f53328c040.jpg,0.8568644854966274,0.32043648
B2A,f54cf76011.jpg,0.773675401075652,0.24823359
B2A,f54dd83443.jpg,0.8924917335986562,0.32714283
B2A,f54f45c2ea.jpg,0.8142794178555396,0.37729362
B2A,f55b066db1.jpg,0.7494038268318988,0.3448854
B2A,f56ae75fdd.jpg,0.755602763273567,0.3316829
B2A,f56b12cf0b.jpg,0.7832985732021475,0.47643876
B2A,f575a81ad6.jpg,0.8370444010569644,0.4099399
B2A,f58ec475cf.jpg,0.7452204608524285,0.58668846
B2A,f5b336d512.jpg,0.7869264647128745,0.15973717
B2A,f5b3c7c78c.jpg,0.8542336450160646,0.31583348
B2A,f5c1d6af2a.jpg,0.8396187384260556,0.12098643
B2A,f5c3514cca.jpg,0.7164231786783294,0.59822965
B2A,f5c7a8068c.jpg,0.7186583123443683,0.53729814
B2A,f5d163add7.jpg,0.84201477630516,0.276994
B2A,f5d1922ba9.jpg,0.8544346790512622,0.2296828
B2A,f5d652e997.jpg,0.8100515966406479,0.5026488
B2A,f5ddf6d767.jpg,0.8513232431107411,0.21182056
B2A,f5efcc2979.jpg,0.8737202656893216,0.32584518
B2A,f5f34241cc.jpg,0.8031342879573861,0.39558208
B2A,f5ffe2e92d.jpg,0.9047432978356451,0.19527182
B2A,f604e3e7e5.jpg,0.8892436529756943,0.34627193
B2A,f607a14dd9.jpg,0.7090552590425105,0.5268427
B2A,f6084689ed.jpg,0.8674221758167527,0.6660426
B2A,f60910ed40.jpg,0.737588702933053,0.26753175
B2A,f60b4c4d98.jpg,0.70771834450733,0.38941488
B2A,f60b67ae6e.jpg,0.7548082859143832,0.26514226
B2A,f62bb41c9c.jpg,0.6849899844130231,0.41646796
B2A,f633c4ebed.jpg,0.6800226061328425,0.269898
B2A,f639ee968c.jpg,0.7906047175584666,0.34722814
B2A,f63a1042f4.jpg,0.8132458080989511,0.30233377
B2A,f63a2b4fb9.jpg,0.8410522536067939,0.50005287
B2A,f64019e49d.jpg,0.8659769174740702,0.3960558
B2A,f647ce5fd1.jpg,0.8897704768508223,0.24969167
B2A,f651e57596.jpg,0.6448600046317934,0.46730748
B2A,f6574b10b7.jpg,0.7287932753604086,0.56742287
B2A,f6626c86e1.jpg,0.7140405106156061,0.38330597
B2A,f6798eb074.jpg,0.7322163931020267,0.5432796
B2A,f67f1708b6.jpg,0.8105435588018565,0.23871833
B2A,f68dae168d.jpg,0.6930141523547114,0.63206303
B2A,f68dcc7a8a.jpg,0.6721076185169385,0.6050312
B2A,f68e29bd81.jpg,0.8423087004857301,0.17356472
B2A,f690980765.jpg,0.5425121381100025,0.500573
B2A,f69731b55b.jpg,0.7518494267948953,0.3198699
B2A,f69ff9b62b.jpg,0.8537788644221321,0.19844732
B2A,f6aa1d5154.jpg,0.837234720510719,0.2998772
B2A,f6ab953224.jpg,0.8620667758535737,0.24970472
B2A,f6b61559e0.jpg,0.8515517827158484,0.268636
B2A,f6ca69a495.jpg,0.8749183096626721,0.26249048
B2A,f6cb2948da.jpg,0.7850320009119185,0.405401
B2A,f6d01357b6.jpg,0.8251274749352715,0.30821836
B2A,f6e17b1a2a.jpg,0.7377784486370611,0.28363535
B2A,f6e422b697.jpg,0.9005292835377199,0.30169255
B2A,f6e5895253.jpg,0.7119810714411912,0.3355216
B2A,f6e822d131.jpg,0.7475652435092246,0.4654793
B2A,f6e8f07d9d.jpg,0.8436604670514132,0.5020569
B2A,f6efddda9c.jpg,0.7371051513192838,0.4130047
B2A,f706c0860d.jpg,0.7595932306306484,0.38219523
B2A,f70871846a.jpg,0.6798731107377646,0.48275584
B2A,f71cc4d572.jpg,0.8514932466942229,0.2795845
B2A,f721bb7f6d.jpg,0.8022993061630282,0.3517838
B2A,f743f3bf62.jpg,0.8918461854053541,0.32639173
B2A,f74cdcd632.jpg,0.8907489020889072,0.25766966
B2A,f7531c3b99.jpg,0.8790437061850292,0.20306675
B2A,f75a997bb8.jpg,0.8849838114430058,0.23974034
B2A,f76e1ec9a3.jpg,0.6506286812758676,0.5366694
B2A,f771e1e1b0.jpg,0.6946600649114435,0.48301852
B2A,f77377bd03.jpg,0.7970878239701823,0.31767547
B2A,f77505c83f.jpg,0.7915662289932348,0.1506615
B2A,f77c59acb3.jpg,0.8368836994670402,0.35508963
B2A,f77e3cb703.jpg,0.7579550765769297,0.55263156
B2A,f77f395731.jpg,0.7538477336783577,0.36731434
B2A,f790a14012.jpg,0.8440775118902657,0.33079168
B2A,f79d9de05d.jpg,0.8219732513067671,0.26917404
B2A,f7a011547d.jpg,0.9362379899026221,0.20164967
B2A,f7a821c3c8.jpg,0.7915512698538362,0.26073822
B2A,f7ae6e1d31.jpg,0.8302566043305596,0.43415523
B2A,f7c4d8033d.jpg,0.850268202048547,0.49605685
B2A,f7c78a4eef.jpg,0.8571419054623602,0.429911
B2A,f7d0dba843.jpg,0.7088980232492637,0.51783764
B2A,f7d0f59566.jpg,0.8064595025409722,0.25116998
B2A,f7d17e77d6.jpg,0.7788702077802975,0.36002067
B2A,f7dbdb551f.jpg,0.7244200675622818,0.48448503
B2A,f7dc666b50.jpg,0.7738659992822207,0.29670545
B2A,f7eb84fdb7.jpg,0.8421550473193109,0.2487077
B2A,f7ee2469f6.jpg,0.8592724859297916,0.3050727
B2A,f7f1d58022.jpg,0.7154283245043639,0.37421113
B2A,f807c72b5d.jpg,0.6617621706937225,0.4108168
B2A,f819274637.jpg,0.8319891555089758,0.43161795
B2A,f81b1cc834.jpg,0.8246640923607811,0.37640753
B2A,f82e8c30ac.jpg,0.8536110921742485,0.43510082
B2A,f82fc48ba4.jpg,0.8113392429507024,0.61010015
B2A,f8350e28db.jpg,0.8279132268549536,0.2820344
B2A,f8363ba521.jpg,0.7416625515114174,0.38687503
B2A,f83b161ca3.jpg,0.8256391764144924,0.39114675
B2A,f83e5b4295.jpg,0.6913421145670429,0.50892645
B2A,f843be17f5.jpg,0.7332183263473652,0.42839915
B2A,f84566ed02.jpg,0.6307707879448986,0.5987454
B2A,f84d77a2a6.jpg,0.8788152552690155,0.37987602
B2A,f85694dfe6.jpg,0.8760082761572799,0.20107234
B2A,f86b847b43.jpg,0.8870474173889158,0.2553717
B2A,f876ba92ea.jpg,0.8474297621432316,0.43601936
B2A,f87a1ab16d.jpg,0.9001642817359988,0.30917943
B2A,f87deecaa2.jpg,0.7600537058036149,0.42217645
B2A,f888dde817.jpg,0.7411099058051407,0.2801293
B2A,f8905451b4.jpg,0.7430764776271124,0.5000778
B2A,f895871068.jpg,0.7551177712635072,0.3909645
B2A,f89bc86075.jpg,0.7552022617554526,0.36649457
B2A,f8b6a915a9.jpg,0.9045436749572936,0.30832195
B2A,f8b73f1a33.jpg,0.6693931214787541,0.3660111
B2A,f8c19eaee6.jpg,0.7179556045806226,0.49691325
B2A,f8c63eea5a.jpg,0.6993855088159286,0.3163952
B2A,f8c8e456d7.jpg,0.8883262547698941,0.20125279
B2A,f8ca80aebb.jpg,0.8613430740366983,0.3057986
B2A,f8e10ef432.jpg,0.9106192692151869,0.13912423
B2A,f8e488ce75.jpg,0.8309700668352669,0.38156796
B2A,f8e6d9f481.jpg,0.7969454089472142,0.5677723
B2A,f8f04744fd.jpg,0.627314055671153,0.46274614
B2A,f8f98ae176.jpg,0.7770439462549081,0.2292322
B2A,f8fac4e7ff.jpg,0.6975754914082174,0.47798136
B2A,f8ffd3ed06.jpg,0.7288053187749131,0.3138767
B2A,f901dfad23.jpg,0.7472044259149524,0.45094693
B2A,f904d3484c.jpg,0.7705656511666974,0.3341152
B2A,f9080ec43b.jpg,0.6274260088102324,0.36175525
B2A,f90edb8380.jpg,0.8750328636026983,0.3212176
B2A,f90ee2b0db.jpg,0.878861357469469,0.19021104
B2A,f9151bda3c.jpg,0.6058987564056313,0.67194355
B2A,f917b1c32a.jpg,0.6525683308146916,0.4906178
B2A,f91c3d1f53.jpg,0.8305350005762488,0.30043155
B2A,f91eb42b36.jpg,0.817526105926961,0.32086802
B2A,f930392388.jpg,0.7225417506687981,0.38640183
B2A,f942443b5d.jpg,0.6746582672100264,0.49079835
B2A,f954a8be77.jpg,0.9077409739655048,0.33842403
B2A,f969505f84.jpg,0.7722464844045237,0.24381784
B2A,f96a50841d.jpg,0.8067642689763224,0.50078815
B2A,f97072faf8.jpg,0.8389807716270836,0.33138722
B2A,f975a1e01e.jpg,0.6526538438794437,0.4336722
B2A,f982a98853.jpg,0.8617519539426629,0.2029509
B2A,f9843ad01b.jpg,0.8301332761471151,0.2292227
B2A,f98627c542.jpg,0.9226018070903251,0.25848213
B2A,f9867ce748.jpg,0.6281037567635054,0.6509373
B2A,f9989c2bd5.jpg,0.8812512345016638,0.3552179
B2A,f99a7a3267.jpg,0.6516705662040331,0.48014838
B2A,f99f52c7f5.jpg,0.7301387046176354,0.4335064
B2A,f99fe506ed.jpg,0.9242483909507122,0.22778812
B2A,f9a20c7988.jpg,0.6666856314920343,0.6651146
B2A,f9b4495f70.jpg,0.8083026047615792,0.2880674
B2A,f9b4d017a3.jpg,0.7620990382540245,0.39214653
B2A,f9ba7b025e.jpg,0.7918075129005298,0.42337203
B2A,f9c9afcd78.jpg,0.8172801863398695,0.22547767
B2A,f9cd461b5e.jpg,0.9024830001146609,0.1919159
B2A,f9cf6e7e27.jpg,0.8485245004562444,0.26767018
B2A,f9e8571801.jpg,0.6678203324197537,0.50685155
B2A,f9f59d905c.jpg,0.8310689706268359,0.18145052
B2A,f9f6bc6871.jpg,0.8519760717953061,0.28261173
B2A,fa0fde7844.jpg,0.8248912995155613,0.39497614
B2A,fa24240abc.jpg,0.8367108168619859,0.24105129
B2A,fa307775e7.jpg,0.7842126277327126,0.52979946
B2A,fa3aba5483.jpg,0.8719722122537168,0.34187174
B2A,fa423fe5a3.jpg,0.847508519634347,0.3469419
B2A,fa428459e2.jpg,0.7282498299568323,0.46311688
B2A,fa4326ff01.jpg,0.7463582331077961,0.54474044
B2A,fa47656f02.jpg,0.7909458444323881,0.22461507
B2A,fa48b1ceb5.jpg,0.7204222906605517,0.2617394
B2A,fa60f9a0c9.jpg,0.9052974018855183,0.22259094
B2A,fa63566e6e.jpg,0.7019558943160241,0.5477594
B2A,fa728d214f.jpg,0.7958576963838062,0.25588778
B2A,fa751def39.jpg,0.8630145659323598,0.53893054
B2A,fa9a74e9a4.jpg,0.6767078009898476,0.43091476
B2A,fa9a768c9b.jpg,0.7454496764897917,0.39018065
B2A,faa4f82b52.jpg,0.8870941337733746,0.19174592
B2A,faaab4fb19.jpg,0.9049498581669655,0.30288067
B2A,fac89a2440.jpg,0.8173527958316182,0.36227006
B2A,facc9d2df2.jpg,0.7459992160192266,0.406622
B2A,fad67f0f19.jpg,0.7755202852804354,0.35866082
B2A,fb1779d922.jpg,0.7821915415226427,0.32351017
B2A,fb24316c57.jpg,0.8604799763738837,0.22645488
B2A,fb2a6a49d7.jpg,0.6902215532262957,0.57764
B2A,fb362a6660.jpg,0.8064596648775149,0.29011562
B2A,fb3676a875.jpg,0.8679705588289515,0.33876574
B2A,fb546829cb.jpg,0.5559872619657434,0.5339147
B2A,fb562cd56b.jpg,0.7572518759897648,0.43105635
B2A,fb73e20575.jpg,0.8705457853840266,0.42028555
B2A,fb755692ce.jpg,0.7245880881106759,0.41735727
B2A,fb85264917.jpg,0.8536043009656131,0.23435028
B2A,fb8fb9b7c8.jpg,0.8958857868590706,0.28937685
B2A,fb97febc5f.jpg,0.9262334501052348,0.26658857
B2A,fb9c5403b8.jpg,0.9342864779226205,0.23528272
B2A,fbaa1647e7.jpg,0.8622476589622923,0.30105734
B2A,fbb5f72776.jpg,0.856067904119298,0.21455535
B2A,fbb8e36b1c.jpg,0.914646165991025,0.26064444
B2A,fbb8e5f081.jpg,0.8803475668710321,0.29463243
B2A,fbc1c4e45b.jpg,0.7372748835418145,0.46747905
B2A,fbc34e93dc.jpg,0.7869216762978749,0.3328142
B2A,fbc3754be3.jpg,0.845459241435957,0.27813467
B2A,fbc70f973a.jpg,0.8396395706601365,0.23631263
B2A,fbdaf94ace.jpg,0.5943936257364252,0.38653013
B2A,fbf3ab42e9.jpg,0.8758046170029715,0.27407435
B2A,fc02616c06.jpg,0.8450453742952354,0.32733494
B2A,fc043d38eb.jpg,0.8323464216265414,0.33562303
B2A,fc04ed2d42.jpg,0.9230375242549562,0.17704025
B2A,fc075619e7.jpg,0.7522352352504201,0.3689211
B2A,fc16c59788.jpg,0.8062745602987558,0.3856129
B2A,fc30e458d6.jpg,0.818941896595755,0.29132086
B2A,fc458d4ee1.jpg,0.8229654631832939,0.22631323
B2A,fc49fb17f3.jpg,0.804951405674805,0.35512352
B2A,fc51c26e2d.jpg,0.9192605176390101,0.37014025
B2A,fc59b308a8.jpg,0.8768957782999935,0.26759806
B2A,fc5feebdc8.jpg,0.7428863244756067,0.36837405
B2A,fc622b5577.jpg,0.9162309368677127,0.17998868
B2A,fc64e9fe13.jpg,0.915518069943318,0.2606583
B2A,fc6d47c7b0.jpg,0.7429985826554563,0.4802976
B2A,fc9d809645.jpg,0.751063827780636,0.32619244
B2A,fcaeb2fb17.jpg,0.8668207049179286,0.29967463
B2A,fcc0dc41b3.jpg,0.7802238241901508,0.38264197
B2A,fcc59cb31d.jpg,0.9077098712415617,0.48277846
B2A,fcd35ead6e.jpg,0.7681621417285445,0.31723145
B2A,fcd5eaceb7.jpg,0.8669603049626041,0.381067
B2A,fcdd5b1e31.jpg,0.6403000150000728,0.55873144
B2A,fce074b92c.jpg,0.5734494484992044,0.42647633
B2A,fd0071794a.jpg,0.757240826436654,0.35747993
B2A,fd06d4e7e3.jpg,0.9045733858322356,0.27988902
B2A,fd0a02921a.jpg,0.6924259036362089,0.49805516
B2A,fd15f29d57.jpg,0.8436159520629734,0.20529488
B2A,fd1f9293ca.jpg,0.769915055085252,0.34958288
B2A,fd20b4c41a.jpg,0.8727433807263287,0.27773625
B2A,fd457c68d9.jpg,0.6704594429518609,0.64277613
B2A,fd48eb1f90.jpg,0.9167767649309317,0.2872399
B2A,fd49936788.jpg,0.7887562376797274,0.31007957
B2A,fd4debe229.jpg,0.9064030263726489,0.19047165
B2A,fd541f5f93.jpg,0.7937840622632801,0.3709164
B2A,fd5ce86649.jpg,0.8909518934980761,0.23687935
B2A,fd619e77af.jpg,0.7474409727133814,0.27449453
B2A,fd6b68436e.jpg,0.7226007033665695,0.4284543
B2A,fd6c9bcbfa.jpg,0.6164004766878809,0.38768354
B2A,fd7d170a69.jpg,0.8012789975893777,0.61994654
B2A,fd85d15361.jpg,0.7403439884053108,0.39413443
B2A,fd8c99d93b.jpg,0.8164880188818333,0.34571725
B2A,fd9767f897.jpg,0.7914819143729744,0.34774986
B2A,fda550148e.jpg,0.6971247879068748,0.55488604
B2A,fdad36c1e0.jpg,0.7406517026743992,0.3718881
B2A,fdb01f9aba.jpg,0.7055205904940272,0.28554216
B2A,fdb031e406.jpg,0.6676162912177809,0.42920244
B2A,fdc2b3b936.jpg,0.8868108053287369,0.380304
B2A,fdc6c88003.jpg,0.7968786681814388,0.32852075
B2A,fdce0c0d6d.jpg,0.7241627880839374,0.48167983
B2A,fdd33c1145.jpg,0.9014198011202045,0.11047311
B2A,fddc60bb99.jpg,0.9189777305309734,0.16331466
B2A,fddcadfd3a.jpg,0.7825305490801396,0.3965316
B2A,fde289be21.jpg,0.7637053074900085,0.3494512
B2A,fde28fae2a.jpg,0.7061572438955709,0.34193048
B2A,fde46f2be4.jpg,0.6882163211166378,0.5075244
B2A,fdf013342c.jpg,0.830086438187655,0.5333748
B2A,fdf57fbe60.jpg,0.858154388421488,0.33797964
B2A,fdf84c4887.jpg,0.7850619405091454,0.25145316
B2A,fdfc86a000.jpg,0.7626466596558633,0.2903951
B2A,fe00c3d087.jpg,0.9263486681030112,0.19467852
B2A,fe0a4f0e5a.jpg,0.8766203836455915,0.3106674
B2A,fe1561993e.jpg,0.9147281681578354,0.17155369
B2A,fe1c9d9e5a.jpg,0.8845450800638001,0.24977878
B2A,fe283d4ae3.jpg,0.7525910518062894,0.4527482
B2A,fe381a7c17.jpg,0.8721766622697779,0.44635865
B2A,fe3c9d0016.jpg,0.9136111722793966,0.2326858
B2A,fe3de96780.jpg,0.7354714409433811,0.63586205
B2A,fe3feb7d1b.jpg,0.7081361625434857,0.4566782
B2A,fe40ac1d8b.jpg,0.7958487728464417,0.22849974
B2A,fe4c4e4b6b.jpg,0.8317872561164927,0.34384704
B2A,fe5dc7ef05.jpg,0.5926840652397499,0.39390463
B2A,fe6152a619.jpg,0.7622894721129311,0.5972827
B2A,fe65abaafd.jpg,0.7888988833036162,0.40108243
B2A,fe702a794e.jpg,0.5541863958215852,0.67594844
B2A,fe714c846e.jpg,0.7569805810522058,0.3591706
B2A,fe7af9c427.jpg,0.7961365695460597,0.40862498
B2A,fe9cc12ae1.jpg,0.7203032153342384,0.14325689
B2A,fea227771f.jpg,0.7729273330149502,0.4370043
B2A,fea42e4505.jpg,0.727705218064239,0.54886705
B2A,fea4d4f76c.jpg,0.7799749348325226,0.35698336
B2A,fea5afe679.jpg,0.8181062979971818,0.35689902
B2A,feb132e4c1.jpg,0.7931408195847384,0.24899481
B2A,fee0c39907.jpg,0.7935100485694284,0.28142667
B2A,fefb86c469.jpg,0.6913494256280472,0.43537724
B2A,fefcd07a5e.jpg,0.8522367809485504,0.24155214
B2A,ff03c98f0e.jpg,0.7387058085864292,0.38233477
B2A,ff2152ac2a.jpg,0.7329473580483884,0.5868868
B2A,ff258e79ce.jpg,0.6521502840458899,0.4505394
B2A,ff2cb6658c.jpg,0.9280908986430034,0.19390863
B2A,ff2f57429f.jpg,0.7949638099188111,0.28005743
B2A,ff3867d938.jpg,0.8280584078287426,0.25648
B2A,ff46474c6d.jpg,0.8907106566115564,0.23112547
B2A,ff48e8580b.jpg,0.8157463859475537,0.39786014
B2A,ff58af0f3b.jpg,0.6657225282214944,0.3528327
B2A,ff5c15ab50.jpg,0.8034892090777138,0.2737263
B2A,ff6ed45562.jpg,0.7460341190853046,0.43255746
B2A,ff757d7db3.jpg,0.9149442296856615,0.19310296
B2A,ff769c35c9.jpg,0.8552972510647253,0.2402645
B2A,ff7d83bc1d.jpg,0.8863440794710912,0.346611
B2A,ff853f993b.jpg,0.8632751250712996,0.29329044
B2A,ff9ca0e1bb.jpg,0.9183244386022452,0.22572434
B2A,ff9e94857b.jpg,0.8653352677361146,0.25255984
B2A,ffa1ee4875.jpg,0.5901755936031123,0.47457767
B2A,ffa5d376be.jpg,0.8455770375756151,0.36925933
B2A,ffbbb24b43.jpg,0.5931782602783386,0.48348945
B2A,ffbdd43bfb.jpg,0.8099046767722682,0.4667251
B2A,ffc5b52a77.jpg,0.7228666132408024,0.32381582
B2A,ffcc20463a.jpg,0.8373236120383012,0.33440176
B2A,ffcdd249dd.jpg,0.925693704448357,0.47258398
B2A,ffcf64f150.jpg,0.6295595289760366,0.40472814
B2A,ffd71fce61.jpg,0.8494588949360735,0.34403408
B2A,ffe1af8ca0.jpg,0.7365475361078797,0.39881352
B2A,fff5c33050.jpg,0.8502340268901437,0.2786855
B2A,fffaaaae65.jpg,0.7701803579120565,0.32823306
B2A,fffc0836d7.jpg,0.7720929847102221,0.34973264
