g_adv,cycle,identity,d_a,d_b,grad_g,grad_d_a,grad_d_b,step,lr,nan_count,images_per_sec,seconds
1.02324459284544,0.6613369080424308,0.6335650718212128,0.5612529462575913,0.5193647316098213,69.92151106834412,20.31512683391571,19.426982910633086,200,0.0002,0,11.472450311858651,34.86613488197327
0.6401428198814392,0.5697067368030548,0.5246833892166615,0.2962738198041916,0.2890955079346895,63.242027854919435,13.756670600175857,13.64996631860733,400,0.0002,0,24.392281338814705,16.398630142211914
0.6373857878148556,0.5418205031752586,0.49905831918120386,0.28415966518223285,0.2818236593902111,57.85679039955139,13.449379900693893,13.60509125828743,600,0.0002,0,23.85437623279911,16.76841163635254
0.6488250447809696,0.542265702188015,0.4925108703970909,0.2745494107156992,0.278786262050271,56.06661316871643,11.858118014335632,14.21280313372612,800,0.0002,0,24.353753802584947,16.424572706222534
0.6663070130348205,0.5173710389435291,0.47507507741451266,0.2802144791930914,0.2818623175472021,54.14135763168335,12.51774055838585,15.644111266732216,1000,0.0002,0,24.805501028445867,16.125455379486084
0.6562027896940709,0.47418173238635064,0.43626709304749967,0.27814925521612166,0.27142452254891397,48.259018440246585,13.646102811098098,13.500894186496735,1200,0.0002,0,24.776144794669438,16.144561767578125
0.6607463979721069,0.4729640054702759,0.4369752618670464,0.26657805979251864,0.2741801450401545,47.128348140716554,11.732930175065995,14.236643525362014,1400,0.0002,0,24.5178466128491,16.31464648246765
0.7088263499736785,0.45236356288194657,0.41532903403043747,0.27091741517186163,0.26450489908456803,43.64156099319458,12.969560822248459,14.712482034564019,1600,0.0002,0,24.80129359469345,16.128190994262695
0.698107521533966,0.4641490721702576,0.4163035341352224,0.2623225040733814,0.2685065448284149,45.31940829277038,12.80852951169014,14.326911706924438,1800,0.0002,0,24.505096036187794,16.323135375976562
0.7110576018691063,0.442140920907259,0.4036985305696726,0.262686376683414,0.2735158511251211,42.337877397537234,13.632859487533569,13.27746559023857,2000,0.0002,0,24.732997775577285,16.172726154327393
0.6924506381899118,0.4399106100201607,0.3984216509759426,0.25667133804410697,0.2606483842432499,42.524595432281494,13.672285021543503,13.808305733203888,2200,0.0002,0,24.689205795103156,16.201412200927734
0.7248644210398197,0.4417341369390488,0.405617835149169,0.2610292797908187,0.2608240734785795,41.428818168640134,13.992957184314728,14.565891361236572,2400,0.0002,0,24.77051543136588,16.14823079109192
0.6885164673626423,0.4219672464579344,0.3884929201006889,0.2603179059922695,0.29256793230772016,38.56193675041199,12.920832363367081,14.015559750795365,2600,0.0002,0,24.788518334261973,16.136502981185913
0.6775942458212376,0.4067757711559534,0.3657965625822544,0.2573898805305362,0.2704634869843721,39.21914601325989,12.772208132743835,11.187363579273224,2800,0.0002,0,24.706082834068855,16.19034481048584
0.7088524642586708,0.4179771663993597,0.3724467235058546,0.2728601900860667,0.2777899981290102,39.160961141586306,13.346587024927139,12.032047416567803,3000,0.0002,0,24.67756710650477,16.20905327796936
0.6727613165974617,0.4095183549821377,0.36796076215803625,0.24321683883666992,0.27101936310529706,37.01331386566162,11.972073391675949,11.970567367076875,3200,0.0002,0,24.286000137141684,16.470394372940063
0.6719487862288952,0.3887697863578796,0.3520096856355667,0.25197715125977993,0.28306915260851384,36.13039675712585,11.851954776048661,13.268031598329545,3400,0.0002,0,24.46974467403765,16.346717357635498
0.698165675252676,0.41549500860273836,0.372761100679636,0.24753197815269232,0.2734331837296486,37.02582169532776,12.138291193246841,12.178744339942932,3600,0.0002,0,24.307602996364295,16.455756664276123
0.6964950263500214,0.38238551646471025,0.3507456357777119,0.251847562789917,0.2689905263483524,34.84910851478577,12.028397538661956,11.060774112939834,3800,0.0002,0,24.489426767368098,16.333579540252686
0.6880884078145028,0.3822949965298176,0.349058370962739,0.24651918806135653,0.27147910587489604,34.37127716064453,12.44435592532158,11.45860781610012,4000,0.0002,0,24.76767044686299,16.15008568763733
0.7094787217676639,0.39211336731910706,0.3594313762336969,0.24319530270993708,0.26303881019353864,34.73052065849304,13.060929911136627,11.664296686649323,4200,0.0002,0,24.712191081151143,16.18634295463562
0.7305017012357712,0.4053054684400558,0.3646704061329365,0.24637028809636832,0.2684392786026001,35.65192094802856,12.461887117624283,12.174484670162201,4400,0.0002,0,24.489087892258624,16.333805561065674
0.7251880318671465,0.3837103135883808,0.3520251467823982,0.2517844084277749,0.25069496244192124,33.59771546363831,13.435315638780594,11.432361950874329,4600,0.0002,0,24.165054255444108,16.552828550338745
0.7579125067591668,0.36472796626389026,0.3391276231408119,0.23837406672537326,0.2642559676989913,31.120072503089904,12.383718817234039,12.966715515851975,4800,0.0002,0,24.39388759888561,16.397550344467163
0.6947800820320844,0.39539026193320753,0.361963542252779,0.2467546559870243,0.27004202745854855,33.473273673057555,10.766319047212601,11.675807361602784,5000,0.0002,0,24.69134014603628,16.200011730194092
0.7207192893326283,0.37034130066633225,0.3387396710366011,0.24841264102607966,0.2513791996613145,31.513633184432983,11.623493908643722,9.945123069286346,5200,0.0002,0,24.613907219895047,16.250975370407104
0.7383674820512534,0.373632737621665,0.3398808766901493,0.2498116860538721,0.24980837643146514,32.850593266487124,10.967588931322098,10.854187257289887,5400,0.0002,0,24.086039733371244,16.60713028907776
0.7802148042619228,0.3722687518596649,0.33715240269899366,0.25052182348445057,0.24611017724499107,31.274348669052124,11.799550232887269,13.053297634124755,5600,0.0002,0,24.675176740278012,16.210623502731323
0.7457763742655515,0.37737471885979174,0.34312078431248666,0.25860334750264885,0.24144671883434057,31.580689592361452,11.560229192972184,10.968522645235062,5800,0.0002,0,24.297953933543628,16.462291479110718
0.7898902483284473,0.3603253358602524,0.33121893644332884,0.24464459370821715,0.24888784013688564,30.670023050308227,10.883877823352814,13.216264972686767,6000,0.0002,0,24.58345702197547,16.27110457420349
0.7654156725853681,0.3591511569917202,0.3256340143829584,0.2498524647951126,0.24294711381196976,30.61173680782318,12.61848216176033,11.789537514448165,6200,0.0002,0,24.66598943026635,16.21666145324707
0.7652601799741388,0.35678544513881205,0.3249585717916489,0.23956043228507043,0.2461256443709135,30.870296821594238,12.117987234592437,12.195776889324188,6400,0.0002,0,24.618150288167463,16.24817442893982
0.7691750138998031,0.3641598266363144,0.33376719273626804,0.2436394115909934,0.24031708093360066,30.337204995155336,11.307908518314362,11.705393339395522,6600,0.0002,0,24.519650419205796,16.313446283340454
0.7274109347164631,0.3520909041166306,0.32136911027133463,0.24786545276641847,0.25192232850939034,30.092133550643922,11.177902081012725,11.428395819067955,6800,0.0002,0,24.715782837261386,16.183990716934204
0.7946131573617459,0.3529705584049225,0.33163829617202284,0.2413217749260366,0.24675574243068696,29.119385628700257,11.181802661418915,12.382294166088105,7000,0.0002,0,24.71934067322936,16.181661367416382
0.7661519947648049,0.35214414954185486,0.3245546831935644,0.2518601982668042,0.24485291507095097,30.47789737701416,11.237243486642837,11.291551409959792,7200,0.0002,0,24.711843101067927,16.18657088279724
0.765222335010767,0.3552340994030237,0.32202636867761614,0.24681584432721138,0.2467535048350692,30.12744215965271,11.3334013068676,11.89149293422699,7400,0.0002,0,24.63711930362244,16.23566436767578
0.7684064526855946,0.3462190786004066,0.31821641720831395,0.24869011722505094,0.26476645162329077,29.682124042510985,11.824450962543487,12.724174478054046,7600,0.0002,0,24.62880847059212,16.241142988204956
0.7492940756678581,0.3533663449436426,0.3222032962739468,0.23188042793422936,0.24211063653230666,30.1696315908432,10.628652101755142,10.67244034409523,7800,0.0002,0,24.534554333225877,16.303536415100098
0.7664188591390848,0.35177665427327154,0.3219252709299326,0.2395099538564682,0.24925802670419217,30.763179154396056,11.540914560556411,11.841412452459336,8000,0.0002,0,24.70705609386752,16.189707040786743
0.8163668611645698,0.35029570616781713,0.32715697184205056,0.22894230304285884,0.24987074913457036,28.544434485435485,11.79682491183281,11.641666207313538,8200,0.0002,0,24.593657237172067,16.26435613632202
0.7901770555227995,0.3555870208889246,0.32984818413853645,0.23271899312734604,0.2568208879977465,30.10165801525116,11.056437540054322,11.185395332574844,8400,0.0002,0,24.531032628836158,16.305876970291138
0.7509162195026875,0.32319202318787577,0.2953815166652203,0.25117090353742244,0.24781267600134016,28.61367124080658,10.964823852777482,11.187127557992936,8600,0.0002,0,24.732361175507492,16.173142433166504
0.7738727372139692,0.3288307485729456,0.30653887771070004,0.2453135633468628,0.24082633301615716,29.009646649360658,11.398724691867828,11.424687179923058,8800,0.0002,0,24.613762415067693,16.251070976257324
0.755308305323124,0.3283295776695013,0.3052639866620302,0.24101265197619795,0.2398357167467475,28.451167349815368,10.060287474393844,9.839737334251403,9000,0.0002,0,24.561557612236836,16.285612106323242
0.767514327839017,0.3315647407621145,0.29978236585855483,0.24761140571907161,0.23915208561345935,28.659545187950133,10.141838761568069,11.808884675502776,9200,0.0002,0,24.556536067447478,16.288942337036133
0.7453840161114931,0.33802088379859924,0.30925297148525716,0.25128202974796293,0.24970406122505664,29.46742934703827,11.022201405763626,11.705609835386277,9400,0.0002,0,24.750057802745093,16.16157841682434
0.7494144216924906,0.3312383550405502,0.30439794100821016,0.24178707957267762,0.24361233485862613,29.202655067443846,9.825468083620072,11.252198176383972,9600,0.0002,0,24.725824248622132,16.17741823196411
0.7896800464391709,0.33254723697900773,0.3038673929125071,0.23247480882331728,0.24468410660512746,29.26367661476135,10.194636055231094,10.527573226690292,9800,0.0002,0,24.39692017314741,16.395512104034424
0.8076949352771043,0.3210756758600473,0.29463291838765143,0.24405152209103106,0.24611239142715932,28.666244192123415,10.203297085762024,10.84172072649002,10000,0.0002,0,24.637472780289865,16.235431432724
0.8003773418068886,0.3208984535932541,0.2957346573472023,0.2383075544051826,0.2525460993312299,28.721554651260377,11.064737461805343,11.406846091747283,10200,0.0002,0,24.421941314235216,16.378714323043823
0.7990633669495583,0.3217210692167282,0.29613244242966175,0.26057542994618416,0.2458550598099828,28.19895625591278,11.954003511667251,10.975599664449692,10400,0.0002,0,24.48101235715611,16.33919358253479
0.7403891824185849,0.3238003021478653,0.29671814657747747,0.2401463913358748,0.2454918777383864,28.57622254371643,10.245937213897705,10.465903594493867,10600,0.0002,0,24.829943641474735,16.109581470489502
0.8005595646798611,0.31834594130516053,0.29603172838687897,0.23609342992305757,0.2414757047407329,28.268514294624328,10.372739462852477,11.269044247865677,10800,0.0002,0,24.713708330586705,16.185349225997925
0.6938484963029623,0.30956739202141764,0.2843110701441765,0.24948063906282186,0.2441448834910989,27.401507606506346,10.375802792310715,10.246801517009736,11000,0.0002,0,24.715708923792565,16.18403911590576
0.7775398536771536,0.30574402324855326,0.28305006854236126,0.25234170980751514,0.258094094004482,28.567553696632384,9.33211807847023,10.729050250053406,11200,0.0002,0,24.562928036671657,16.284703493118286
0.7695441590622067,0.3204356052726507,0.29596235856413844,0.24582800727337598,0.23367158296518029,27.892947130203247,10.663129535913468,10.383952135443687,11400,0.0002,0,24.595175830593625,16.263351917266846
0.7549837100505828,0.30902107641100884,0.2883282664418221,0.26019560784101486,0.24923111528158187,27.402045302391052,10.077247488498688,10.384290511608123,11600,0.0002,0,24.4810427211094,16.339173316955566
0.7610693566501141,0.3010308182239532,0.2770806147903204,0.23312851544469596,0.24323590319603683,28.339085059165953,9.32802170753479,10.329325059652328,11800,0.0002,0,24.749252745048747,16.16210412979126
0.7885426754131913,0.32391336672008036,0.29969478599727156,0.2353073924034834,0.24152087982743978,28.52408324241638,9.05861614704132,10.791496679782867,12000,0.0002,0,24.042026015238037,16.637532949447632
0.7705507553368807,0.2885990185290575,0.2658483775705099,0.24604815922677517,0.2524859249033034,26.597894883155824,10.095149804949761,10.554753963947297,12200,0.0002,0,24.656955720398866,16.22260284423828
0.8044982392340898,0.3014322827756405,0.28096175082027913,0.2359500501677394,0.23600421372801064,27.236415724754334,9.268496026396752,11.807384519577026,12400,0.0002,0,24.928163253965266,16.04610800743103
0.7846764490008354,0.2862075196951628,0.263840184956789,0.2447576707787812,0.24220260879024863,26.79387809276581,10.672972624301911,10.307364315986634,12600,0.0002,0,24.557969557936477,16.287991523742676
0.7743536608666182,0.3097924602776766,0.2858716656267643,0.24183969609439374,0.241854662951082,27.561009068489074,9.96168148636818,10.802054924964905,12800,0.0002,0,24.79699889379347,16.13098430633545
0.7884555867314339,0.3060588803142309,0.2848617821931839,0.2420996522344649,0.24817174963653088,28.470015959739683,9.878256934881211,9.908690067529678,13000,0.0002,0,24.610359089516745,16.253318309783936
0.7714590193331241,0.30309656642377375,0.2794797474145889,0.23767347743734718,0.24104049433022737,27.347692499160768,9.743158707618713,10.93438889145851,13200,0.0002,0,24.733867411105653,16.172157526016235
0.747281671538949,0.2925653177499771,0.2725263997912407,0.24320092843845487,0.24442971423268317,26.796194825172424,9.58933696269989,9.472450734972954,13400,0.0002,0,24.682482495259308,16.205825328826904
0.7846921195834875,0.29948473058640956,0.27552671544253826,0.23570157393813132,0.23732874497771264,27.717347412109376,9.467901526689529,10.238297950029374,13600,0.0002,0,24.855115667170153,16.093266487121582
0.8114139880239963,0.28751120045781137,0.26843730725348,0.24176020534709097,0.25135489474982026,27.001159439086916,10.315772881507874,10.432989636659622,13800,0.0002,0,24.243653835310532,16.499163150787354
0.7878321334719658,0.2946226083487272,0.2783383424580097,0.2367571135610342,0.23802550632506608,27.590224957466127,9.172137490510941,10.38267892241478,14000,0.0002,0,19.95437159899468,20.045732736587524
0.7929697705060244,0.2938784141838551,0.2742953273653984,0.23980748446658254,0.23878424935042858,27.203745946884155,10.25038213968277,9.999251437187194,14200,0.0002,0,23.794526070044583,16.8105890750885
0.7773328237235546,0.298528855368495,0.2790076093375683,0.23850977636873721,0.22680477248504757,28.197447638511658,9.01087075829506,9.901403626799583,14400,0.0002,0,24.25215229479043,16.49338150024414
0.815804158076644,0.2922277843207121,0.2690146493166685,0.23684254374355077,0.24362788818776607,27.0311812210083,9.281357941627503,9.739778833389282,14600,0.0002,0,24.099525434928204,16.597837209701538
0.7555823959782719,0.2901315429061651,0.27284804321825507,0.2502571888826787,0.24248689208179713,28.642496356964113,10.580084594488143,9.603015624284744,14800,0.0002,0,24.293423711370792,16.46536135673523
0.7356485662609339,0.28216045036911963,0.26667760014534,0.2319079260341823,0.247970454916358,26.130444536209108,9.008245060443878,8.855392903089523,15000,0.0002,0,24.393833686969334,16.397586584091187
0.761950786486268,0.28559072360396387,0.26331787049770355,0.23689966613426805,0.24411941349506378,27.49553503513336,9.807581587433814,10.607276178598404,15200,0.0002,0,24.336183194196863,16.436431169509888
0.7315758211165666,0.2795392499119043,0.261208233460784,0.24765663450583816,0.24223980631679295,25.951434082984925,9.868369924426078,9.627594156265259,15400,0.0002,0,24.218190659852535,16.516510486602783
0.7357872413098812,0.2854834385216236,0.2651356014609337,0.24233441065996886,0.2379652806930244,27.05963108062744,9.784580206871032,9.527910768985748,15600,0.0002,0,24.16918923419029,16.549996614456177
0.7454713831096887,0.2716535359621048,0.25898417092859743,0.24269378604367375,0.23784356908872722,25.921376399993896,9.02977889418602,9.561909456253051,15800,0.0002,0,24.136652812882996,16.572306156158447
0.8246563179045916,0.28348012171685694,0.2616384853422642,0.2206719127483666,0.23465072132647039,26.68414276123047,9.350956249833107,10.134421360492706,16000,0.0002,0,24.1295312132689,16.577197313308716
0.7959807772934436,0.2673941249400377,0.2502428888529539,0.24602964827790857,0.23749878602102398,25.310889954566957,9.942986532449723,10.169427644014359,16200,0.0002,0,24.129027323639498,16.57754349708557
0.7911212275922298,0.2872232721745968,0.2679612723737955,0.224663573410362,0.23571197850629688,27.358541865348815,8.867707687616349,9.724665303230285,16400,0.0002,0,24.132008629645924,16.57549548149109
0.721714428588748,0.2791162023693323,0.2642400088906288,0.2472938503138721,0.2427296122070402,26.625686497688292,8.914771422147751,9.15218124628067,16600,0.0002,0,24.278424402204134,16.475533723831177
0.7426908706128598,0.28353625647723674,0.26001896962523463,0.24317404203116894,0.24550005093216895,26.90026421070099,9.325326551198959,9.349011306166648,16800,0.0002,0,24.234968085137734,16.50507640838623
0.7633053285628557,0.2853635613620281,0.2643091447651386,0.24074100345373153,0.2462693079188466,26.837548308372497,8.361741616725922,9.262707668542863,17000,0.0002,0,24.11409232437928,16.587810754776
0.7949805770814419,0.2800383560359478,0.2591041924804449,0.23562209157273173,0.2270427306741476,25.85686056137085,9.133439277410508,10.110456610918044,17200,0.0002,0,24.19984879941043,16.52902889251709
0.7456510578095913,0.26824590235948564,0.24955488502979278,0.24581790460273623,0.2417995973303914,25.055128951072692,8.788440800905228,9.137882316112519,17400,0.0002,0,24.049377695064898,16.632447004318237
0.7710130597651005,0.2877858664095402,0.2677472822368145,0.23536135941743852,0.23024002015590667,27.470579738616944,9.659472159147263,8.889111315011979,17600,0.0002,0,24.150884642698113,16.562540292739868
0.8258356229960918,0.27817671835422514,0.26306486964225767,0.23753434285521507,0.24322114907205106,26.094729642868042,9.783992258310318,9.509334440231322,17800,0.0002,0,23.999777071162537,16.666821479797363
0.7929310431331396,0.2815958191454411,0.25875185199081896,0.24394118923693894,0.23692995291203262,26.853595175743102,9.407601044178008,9.067763035297395,18000,0.0002,0,23.73007373795278,16.856247663497925
0.7898067640513182,0.2795744227617979,0.2607807829976082,0.2249942477233708,0.22609743427485227,26.583404393196105,9.32342591047287,9.14046160697937,18200,0.0002,0,24.23263293880596,16.506666898727417
0.8014677289128304,0.27781051337718965,0.2633008888363838,0.23914513528347014,0.23774506382644175,26.444110169410706,8.612608222961425,10.232472027540206,18400,0.0002,0,24.362194856075256,16.41888189315796
0.810309276804328,0.2740918755531311,0.25267107851803305,0.22883081464096905,0.23924239108338952,26.0674777841568,9.28225071310997,8.876986898183823,18600,0.0002,0,24.137332734912054,16.571839332580566
0.7765124606341124,0.27411923721432685,0.25653111577034,0.2284669771976769,0.23190461304038762,25.75179612159729,9.302237154245377,8.641984848976135,18800,0.0002,0,24.287368110952915,16.46946668624878
0.7480124991387129,0.2686291433125734,0.25301006622612476,0.24052560314536095,0.23840933825820684,25.553024969100953,8.775626312494278,10.228021215200425,19000,0.0002,0,24.01566046538965,16.65579843521118
0.7787976366281509,0.2826356220245361,0.26315076716244223,0.23462775668129324,0.2472344516776502,25.827569398880005,9.597192803621292,10.061277624964713,19200,0.0002,0,24.3124577069832,16.452470779418945
0.7693471620231866,0.2734141617268324,0.2574677822738886,0.22854199431836605,0.24159606121480465,25.99517273426056,8.38741027891636,8.992049734592438,19400,0.0002,0,24.243878048028357,16.49901056289673
0.7651836947351695,0.2724864862859249,0.25509342305362226,0.24513038008473814,0.23167938394472004,26.184737997055052,9.094157135486602,8.255983237028122,19600,0.0002,0,24.042119382195562,16.637468338012695
0.7813249507546425,0.25653752394020557,0.24301325403153895,0.23781151928007602,0.23184466521255673,24.281152873039247,8.156968930959701,8.974307516813278,19800,0.0002,0,24.068067296244312,16.619531393051147
0.8328043541125953,0.25966994650661945,0.24989310700446368,0.23883834887295963,0.24519018992781638,25.611700234413146,9.403177256584167,9.602137525081634,20000,0.0002,0,23.99321156879218,16.671382188796997
0.7066785652190447,0.25919104285538197,0.24212141372263432,0.24933964923024177,0.24424878407269715,25.039410014152526,7.9767569422721865,9.11324994802475,20200,0.0002,0,24.099840805485403,16.597620010375977
0.7627033136785031,0.2704983229190111,0.2432531625032425,0.22867195846512914,0.23477905951440334,25.702181386947633,8.125766361951827,9.027460587024688,20400,0.0002,0,24.25085628906718,16.49426293373108
0.7666007786989212,0.26286118410527703,0.24407873533666133,0.2354354105889797,0.22673481645062565,25.239333810806276,8.433480377197265,8.729160858392715,20600,0.0002,0,23.949331364461077,16.701927661895752
0.8065328672528267,0.2669273019582033,0.2511645410209894,0.23557590998709202,0.23653332063928245,25.679511914253236,8.241607893705368,9.819126650094987,20800,0.0002,0,24.22082583362882,16.514713525772095
0.8130359774082899,0.2749987345188856,0.2555203979089856,0.2337660267204046,0.2273306263424456,25.81301528453827,9.200756803750991,8.925517745018006,21000,0.0002,0,24.279801361162235,16.474599361419678
0.7850582218170166,0.259751114025712,0.2437315785884857,0.22454245937988163,0.23676892207935452,24.721262946128846,8.415683602094651,9.083637005090713,21200,0.0002,0,24.341097004021968,16.43311309814453
0.8024501568824053,0.2648220554739237,0.25310022577643393,0.22631152343004943,0.23960255780257284,25.264571895599364,8.699243869781494,9.019992753267289,21400,0.0002,0,23.34120100362116,17.137078762054443
0.7895672900974751,0.25903355091810226,0.24326933816075325,0.24602558409795164,0.22250443605706097,25.5253334236145,9.799087703227997,8.76028650522232,21600,0.0002,0,22.579550337213846,17.715144634246826
0.7621831822395325,0.2568429497629404,0.2389235684275627,0.23211193252354861,0.2395975591801107,26.01259579658508,7.972644356489181,8.651919772028924,21800,0.0002,0,22.79099492204913,17.5507915019989
0.7957865875586867,0.26759248442947864,0.25178914830088617,0.21907136761583387,0.2354046454653144,25.55271237373352,7.659271192550659,9.65824836730957,22000,0.0002,0,22.911983730939287,17.458112955093384
0.8153826953470706,0.2584319731593132,0.24091174878180027,0.23854790415614843,0.23319935895502567,24.686380786895754,9.545151890516282,8.843352693319321,22200,0.0002,0,20.66781549349241,19.35376286506653
0.8104242338240146,0.25481042176485064,0.24418128199875355,0.23194984865374862,0.23835081046447157,24.637832632064818,8.805788427591324,9.411570867300034,22400,0.0002,0,21.41513287129389,18.678380489349365
0.8095606540888548,0.252775888517499,0.24208508647978305,0.2282939685881138,0.2327914080582559,23.753420491218566,8.860127469301224,8.436160109043122,22600,0.0002,0,21.691508901769307,18.44039535522461
0.7785865630209446,0.26640594519674776,0.2529071333259344,0.2282602213975042,0.2204914408735931,24.773995385169982,7.628978469371796,9.181596103906632,22800,0.0002,0,21.91423906276134,18.25297236442566
0.8005490869283676,0.257808096781373,0.2438675919920206,0.24303757848218083,0.2331017266213894,24.48619517326355,8.864661251306535,8.499440718889236,23000,0.0002,0,19.62121060527223,20.386101961135864
0.7984883093833923,0.25775927044451236,0.24364953376352788,0.22458263598382472,0.2172855180175975,24.35234631538391,7.93502449631691,8.517069165706635,23200,0.0002,0,21.670325421788007,18.45842146873474
0.7495414908975363,0.25093322336673735,0.23687523677945138,0.2287800581753254,0.23704483456909656,24.750569410324097,8.050127923488617,8.968151249885558,23400,0.0002,0,22.951706917001626,17.427897691726685
0.8014003398269415,0.2526371193677187,0.2368246041983366,0.24371357644908132,0.2229248626716435,24.759485683441163,8.827633363008498,8.499921993017196,23600,0.0002,0,23.419282636559902,17.07994246482849
0.7889307495951653,0.2525361346453428,0.24090124644339084,0.22800487025640906,0.24204707462340594,24.090562868118287,8.476716569662095,9.370910323262216,23800,0.0002,0,24.051674551730628,16.630858659744263
0.8248131725937128,0.27505785822868345,0.25864158153533934,0.23286006601527334,0.22061677685007453,25.753328590393068,9.369033156633376,8.82175056695938,24000,0.0002,0,24.42340393174037,16.3777334690094
0.8079136098921299,0.2580251375585794,0.24255322568118573,0.22881653297692536,0.236396301202476,24.738591799736025,7.661526942253113,8.241298402547836,24200,0.0002,0,24.118697714622883,16.584643363952637
0.8117485684156418,0.25710738979279996,0.24245678901672363,0.23294141391292214,0.2171478070318699,25.082906494140627,8.740325109958649,8.867413477897644,24400,0.0002,0,24.189323506128456,16.536221027374268
0.8111538924276829,0.24665237866342068,0.23517897065728902,0.2357273242250085,0.23606093963608146,23.92011929988861,8.434297454357147,8.99375387609005,24600,0.0002,0,24.377297883461132,16.40870952606201
0.8173581724613905,0.2669819601625204,0.25254582591354846,0.22123595943674446,0.23128945507109167,24.818255972862243,7.50507928609848,9.105980471968651,24800,0.0002,0,24.1967875439074,16.53112006187439
0.849216329678893,0.23806387796998024,0.22756552338600158,0.22685432331636549,0.2202078566327691,24.229115920066832,8.099414125680923,8.467624133229256,25000,0.0002,0,24.087460317471713,16.60615086555481
0.7744270918518305,0.25434260368347167,0.23471313282847406,0.2354914680868387,0.22535122660920023,24.796630635261536,7.8629193377494815,8.684314023256302,25200,0.0002,0,23.381255300677093,17.10772132873535
0.781329488903284,0.25941685900092126,0.24419044367969037,0.2346693933568895,0.23052314050495626,25.187885255813597,7.58980737388134,7.881480386257172,25400,0.0002,0,24.221588137560275,16.514193773269653
0.7673889332264662,0.2551154607534409,0.24203490253537893,0.22840356646105647,0.24092297822237016,24.098140716552734,8.98136575460434,8.528249094486236,25600,0.0002,0,24.394170640355675,16.39736008644104
0.8562542238086462,0.24261143919080497,0.23636063888669015,0.22677764544263482,0.23330045493319632,24.04285846233368,8.364184190034866,8.928284113407136,25800,0.0002,0,24.228631927267614,16.509392738342285
0.8006721656024456,0.2442569375038147,0.23407105058431626,0.23319042697548867,0.23358496157452463,24.268353567123413,9.49441289782524,8.991243779659271,26000,0.0002,0,23.847197167415302,16.773459672927856
0.7599743870645761,0.24050240352749824,0.2266067473962903,0.2268016517162323,0.22999963803216816,23.266776475906372,7.075112260580063,8.413761771917343,26200,0.0002,0,23.698960153530333,16.878377676010132
0.8666300152242183,0.25256104439496996,0.2376749312132597,0.21516710379160942,0.22719037702772765,24.293234987258913,8.272786078453064,8.145200916528701,26400,0.0002,0,23.738670332367104,16.850143432617188
0.8300573609769344,0.25158019915223123,0.2393320421129465,0.21797363542951642,0.2288328151963651,24.20798680305481,8.842937558889389,8.298332352638244,26600,0.0002,0,24.323163094937026,16.445229530334473
0.7912144795060158,0.23786236301064492,0.2290879126638174,0.2440892016235739,0.23050032308325172,23.122526426315307,8.918049994111062,8.420937893390656,26800,0.0002,0,24.380644136550195,16.40645742416382
0.7761820661276579,0.2353146228939295,0.2267249594628811,0.23934629214927555,0.23157411264255642,23.412337594032287,7.875359719991684,8.047574810385704,27000,0.0002,0,24.20301871824125,16.526864051818848
0.8107346513867378,0.24389950770884752,0.2323043567687273,0.21084404282271862,0.22023000359535216,23.09615472793579,7.8957029461860655,7.768225955963135,27200,0.0002,0,23.737173379489754,16.851206064224243
0.8296413046866655,0.2424783328175545,0.22842655334621667,0.23409029312431812,0.24215919739566744,23.450266695022584,8.329260685443877,8.86637176156044,27400,0.0002,0,24.106535116060762,16.593010902404785
0.7820382091403008,0.23937488175928592,0.22513711407780648,0.22228084664791822,0.22387308053672314,23.32732159614563,7.7304666650295255,8.538439769744873,27600,0.0002,0,24.38058674017747,16.406496047973633
0.8253853087872267,0.24370133817195894,0.23469584301114083,0.2305537791363895,0.21301643853075802,23.06095603942871,8.09173243522644,8.188150924444198,27800,0.0002,0,23.905844360095152,16.7323100566864
0.8107493320852518,0.2450634117424488,0.23081658735871316,0.2278539755381644,0.227669088114053,24.673215165138245,7.671920989751816,8.317989082932472,28000,0.0002,0,23.78016024534539,16.820744514465332
0.7899571618437767,0.23609587788581848,0.22346217408776284,0.23949504625052215,0.23111370231956244,22.88772159099579,7.518388534784317,8.918920678496361,28200,0.0002,0,24.063912308600806,16.622400999069214
0.7954336185380817,0.23500521861016752,0.22204085614532232,0.21359135817736388,0.23068811163306235,23.48593755722046,7.282051181197167,7.597776574492454,28400,0.0002,0,23.98507463348034,16.677037954330444
0.8087088982760906,0.2460577307641506,0.23587021216750145,0.22929338354617357,0.22342805702239274,24.76912492275238,8.486650453805924,8.171320004463196,28600,0.0002,0,23.9127847529589,16.72745370864868
0.7981978342682123,0.24100058306008576,0.2311074174195528,0.23076492825523018,0.2291131296567619,23.632803916931152,8.040726373195648,8.559417396783829,28800,0.0002,0,24.129762690283894,16.577038288116455
0.772606750279665,0.24385037109255792,0.22807959482073784,0.23344119593501092,0.25315166752785445,25.315139751434327,7.2865587639808655,9.012442257404327,29000,0.0002,0,24.07980884865104,16.611427545547485
0.7953095176070929,0.2440184459835291,0.2255798115581274,0.2265395518578589,0.2251097761467099,24.823290853500367,8.090056750774384,7.909122434854507,29200,0.0002,0,24.13237796027229,16.575241804122925
0.7955379576981068,0.23271619118750095,0.2191187185049057,0.22957509484142066,0.23426563888788224,22.623088874816894,8.495096966028214,8.288862570524216,29400,0.0002,0,24.23631245981493,16.50416088104248
0.8135319342464209,0.24528989262878895,0.235514015853405,0.2249755046516657,0.2208415037021041,23.452369709014892,7.6648192369937895,7.923726580142975,29600,0.0002,0,24.054806113331907,16.62869358062744
0.7777679056674242,0.24623927272856236,0.23084522947669028,0.2192237201705575,0.22998927623964846,24.63011505126953,6.949790700674057,7.978175529241562,29800,0.0002,0,24.195381601409345,16.53208065032959
0.791339575946331,0.2326890653371811,0.22276792734861373,0.2330657140724361,0.22162800246849657,23.09596526145935,7.864057065248489,8.259422304034233,30000,0.0002,0,24.00169327283846,16.665490865707397
0.7887643927335739,0.2406792624294758,0.22948040910065173,0.22408152297139167,0.22558341268450022,23.10924968242645,7.734141970872879,7.42460684299469,30200,0.00019866666666666668,0,24.02462798391933,16.64958143234253
0.7693418877571822,0.23189923010766506,0.22163776688277723,0.2348527575470507,0.23956773595884442,23.518321261405944,7.96877893269062,8.289245282411576,30400,0.00019733333333333335,0,23.955815404577557,16.697407007217407
0.8236785856634379,0.24533420704305173,0.2354525887593627,0.22281574146822095,0.227451591771096,23.711404423713685,8.073953357338905,8.228400197029114,30600,0.000196,0,24.25908759502938,16.48866629600525
0.8079476013779641,0.23939945198595525,0.22853023353964091,0.2219954733736813,0.22533144490793347,25.23911271572113,7.902538923621178,7.320768017768859,30800,0.0001946666666666667,0,24.13694241748083,16.572107315063477
0.7751014284789562,0.2330668979138136,0.2235449168086052,0.22879771526902914,0.23001506716012954,23.128335843086244,7.196424887180329,8.337399065494537,31000,0.00019333333333333333,0,24.70337484660163,16.192119598388672
0.7566447713971138,0.232136704698205,0.21893927212804556,0.22416103333234788,0.22102148588746787,23.92176749229431,7.393964343070984,6.83721471786499,31200,0.000192,0,24.405954964704776,16.389442682266235
0.859769138917327,0.23236360162496567,0.2169682266563177,0.22193776546046137,0.22516824174672365,24.142615571022034,8.16850272655487,8.431126759648324,31400,0.00019066666666666668,0,23.93979993365663,16.708577394485474
0.8133236615359783,0.23297606378793717,0.22146617900580168,0.2247161236964166,0.22059778986498713,23.31666872024536,7.853218073248863,7.846884207129478,31600,0.00018933333333333335,0,24.668061736378053,16.215299129486084
0.8214396745711565,0.2270395714789629,0.21917086765170096,0.2192427009344101,0.21791239246726035,23.29633213996887,7.737493438720703,7.892361946105957,31800,0.000188,0,24.27108267280826,16.480517387390137
0.7935822434723377,0.23017807599157095,0.21979804378002882,0.22549005307257175,0.21946556344628335,22.66071189403534,7.1795645475387575,8.151008831262589,32000,0.0001866666666666667,0,24.2763738345009,16.476925373077393
0.7985671178251504,0.23392796017229556,0.23114662759006024,0.21802943482995032,0.2307885004580021,23.31833806991577,7.110018226504326,8.229695444107056,32200,0.00018533333333333333,0,24.366894802177043,16.415714979171753
0.797725980207324,0.22599202856421471,0.22123079787939787,0.22821755887940526,0.22425745161250232,23.477192664146422,8.081103553771973,7.44550859451294,32400,0.00018400000000000003,0,24.23048826311028,16.50812792778015
0.7621543388813734,0.22696680217981338,0.21681524701416494,0.22712115306407213,0.22803035508841277,23.545744647979735,7.61571151137352,7.4648688280582425,32600,0.00018266666666666667,0,24.270443998165153,16.480951070785522
0.8556891025602817,0.2218480582535267,0.21381592851132156,0.21864869493991138,0.2209365936741233,22.810562806129454,8.134307441711426,7.653306276798248,32800,0.00018133333333333334,0,24.521213287640112,16.312406539916992
0.8048320946097374,0.2256835553050041,0.21709274135529996,0.20668967915698885,0.22563006456941367,22.64504471063614,7.258609722852707,7.461647298336029,33000,0.00018,0,24.421040153192784,16.379318714141846
0.8136372400820255,0.23085634205490352,0.22038020357489585,0.2268789006769657,0.21549702365882695,23.86692394733429,7.71210337638855,7.324059864282608,33200,0.00017866666666666668,0,24.50239685765808,16.324933528900146
0.8473792707920075,0.2349891321361065,0.22635516483336687,0.21894568435847758,0.2171975089237094,24.150029969215392,8.10548151731491,7.458715701699257,33400,0.00017733333333333335,0,24.27353656345895,16.478851318359375
0.8103333326801657,0.2371931017935276,0.22447074245661497,0.21691647469997405,0.2162299058865756,24.73125973701477,7.655592925548554,7.704478404521942,33600,0.00017600000000000002,0,24.02521697382853,16.649173259735107
0.7868418525904417,0.2263978359848261,0.21721240341663361,0.23541981412097812,0.22525920351035894,23.609899616241456,7.876834896206856,7.433522500991821,33800,0.00017466666666666667,0,24.519211088719775,16.313738584518433
0.8050256542116404,0.23622738994657994,0.22767629012465476,0.21438519207760692,0.22971132600679994,24.97456636428833,7.164904522895813,7.52736127614975,34000,0.00017333333333333334,0,24.231053793474498,16.507742643356323
0.7978616697341203,0.21817456696182488,0.21245753508061171,0.22859084211289882,0.21021665488369762,22.729459385871888,7.926089678406715,7.931377249956131,34200,0.000172,0,23.24133887893326,17.210712432861328
0.7664492611587047,0.22843552649021148,0.2212821625545621,0.22193428695201875,0.22495871882885696,23.782408299446107,7.957314391732216,7.802776906490326,34400,0.00017066666666666668,0,23.737205284750406,16.85118341445923
0.8371749436855316,0.22112495213747024,0.21356477752327918,0.21799727474339306,0.22751088083721696,22.652852988243104,7.3992687404155735,8.221345122456551,34600,0.00016933333333333335,0,23.72291494353589,16.861334323883057
0.7914349987357855,0.21685631364583968,0.21191486924886704,0.20248596659861506,0.21725899481214583,23.05887125015259,7.244396344423294,7.08699697136879,34800,0.000168,0,23.059606576866436,17.346349716186523
0.7349465180188417,0.2261736012995243,0.21661811146885157,0.2296284985356033,0.22193136012181638,24.00399765968323,7.8985473716259005,6.687186989784241,35000,0.0001666666666666667,0,23.551555519013547,16.984016180038452
0.7648347928375006,0.22074282236397266,0.21253101456910373,0.2125534864794463,0.2229014787822962,22.987667598724364,7.106137063503265,7.4707668197155,35200,0.00016533333333333333,0,23.85044692819311,16.77117419242859
0.8182137361913919,0.22071790717542172,0.21043264228850603,0.21239681530743837,0.21299849929288028,22.910500164031983,7.630297565460205,7.153417912125588,35400,0.000164,0,23.40213540446005,17.09245729446411
0.7710996917635202,0.2242734681814909,0.21743383791297674,0.22326145108789205,0.23070508271455764,22.427259659767152,7.242790911793708,7.480291199684143,35600,0.00016266666666666667,0,23.479858950240597,17.035877466201782
0.7688016503304244,0.2040545306354761,0.20061257921159267,0.2097242616303265,0.2182504476979375,21.27487105846405,7.207302075624466,7.567711795568466,35800,0.00016133333333333334,0,23.554429223031416,16.98194408416748
0.8179311637580394,0.21453435763716697,0.20655895832926036,0.21295297224074602,0.20630241349339484,22.653181629180906,7.740674140453339,7.56514886379242,36000,0.00016,0,23.72040175003045,16.863120794296265
0.8116280714422465,0.21470480993390084,0.2069617797061801,0.219965755995363,0.22460061974823475,22.98824728012085,7.424317545890808,7.533325493335724,36200,0.00015866666666666668,0,23.7885786488111,16.814791917800903
0.8098933827131987,0.21093454625457525,0.20704267889261246,0.2106328277569264,0.21484386430121957,22.429655351638793,7.61570694565773,7.450158444046974,36400,0.00015733333333333333,0,23.92134576847079,16.72146725654602
0.8316049986332655,0.2090020466223359,0.20092371325939895,0.22100922347977758,0.21308823382481934,22.53272201538086,7.9496283900737765,7.731478471755981,36600,0.00015600000000000002,0,23.689960765287292,16.88478946685791
0.8172801983356476,0.20666382689028978,0.20557109363377093,0.21803934475407005,0.22029664349742234,22.091287994384764,7.412192962169647,7.457324750423432,36800,0.00015466666666666667,0,23.406003268874066,17.089632749557495
0.7725527214258909,0.21312574051320554,0.20592343240976332,0.22021974194794894,0.21729812024161219,22.09428264379501,7.336711399555206,6.8237973868846895,37000,0.00015333333333333334,0,23.559523330571864,16.978272199630737
0.8460169573128223,0.21481211967766284,0.20424520526081325,0.2070940569974482,0.21433960444293917,23.228897366523743,7.121501380205155,7.607863521575927,37200,0.000152,0,23.693930388589155,16.88196063041687
0.8259078131616115,0.21755367666482925,0.2088374574109912,0.21155599297955632,0.21220401542261244,23.50444450378418,7.55224338889122,7.0025612491369245,37400,0.00015066666666666668,0,23.836455124746298,16.78101873397827
0.8130981674790383,0.20766948338598012,0.20745501365512609,0.2068189569376409,0.2185820344462991,22.733034267425538,7.121015263795853,7.0652889388799665,37600,0.00014933333333333335,0,23.758533479678842,16.836055994033813
0.8142708306759596,0.2065075984597206,0.20229784160852432,0.2116051191650331,0.21095372293144465,23.315834226608278,7.671158312559128,6.588072508573532,37800,0.000148,0,24.011469941309837,16.658705234527588
0.7957615892589093,0.2072300520539284,0.20132797170430422,0.22354526618495585,0.21709491031244396,22.666185564994812,7.432677266597747,7.177686970233918,38000,0.00014666666666666666,0,23.845944757714847,16.774340629577637
0.822291876077652,0.21241901617497205,0.20895262397825717,0.21560201972723006,0.2164167474862188,22.916445469856264,7.3153227984905245,7.316155502796173,38200,0.00014533333333333333,0,23.959401754136376,16.694907665252686
0.8313352819532156,0.20655745059251784,0.196792578920722,0.21218741012737155,0.20804677694104612,23.647629442214967,7.538304307460785,7.141024121046066,38400,0.000144,0,23.88525612033834,16.746732711791992
0.8370488993823528,0.20694365799427034,0.20148933812975883,0.2082585614733398,0.22127640475519,23.120459351539612,7.687829171419144,7.296491292715072,38600,0.00014266666666666667,0,23.9108070682098,16.728837251663208
0.8248799283802509,0.20168043628335,0.1978409918770194,0.1993624260649085,0.21480803046375513,22.643804955482484,7.567228041887283,6.855615739822388,38800,0.00014133333333333334,0,23.650757314227118,16.91277766227722
0.7752074301987887,0.19740316268056632,0.19441837027668954,0.21945304840803145,0.22492050159722565,22.268079113960265,7.446081094741821,6.796331505179405,39000,0.00014,0,23.780877871774766,16.820236921310425
0.8174344432353974,0.2125842987000942,0.20739743661135435,0.21120647886767985,0.2263574384711683,22.47952992916107,8.099218823909759,6.749858998656273,39200,0.00013866666666666669,0,23.89418503035834,16.740474700927734
0.7869884118437767,0.19888714343309402,0.194247205555439,0.21617779830470682,0.209552059751004,22.194943222999573,7.4592064297199245,6.8099959045648575,39400,0.00013733333333333333,0,23.39128465646011,17.100386142730713
0.7723738776892424,0.20094044253230095,0.19668568462133407,0.2190352993272245,0.22154480051249265,22.07682415008545,6.87326726436615,6.450392001867295,39600,0.00013600000000000003,0,23.77123482699363,16.827060222625732
0.824934439882636,0.20241823144257068,0.1994298670440912,0.2186096016690135,0.2156578700337559,22.711042613983153,7.446612728834152,6.873593053221702,39800,0.00013466666666666667,0,23.643358737626343,16.918070077896118
0.757485366165638,0.20601183533668518,0.1986197379976511,0.2217477071285248,0.21728124966844917,22.693556790351867,7.013215715289116,6.614523400664329,40000,0.00013333333333333334,0,23.885127582979496,16.746822834014893
0.7916689606010914,0.1920653247088194,0.18934540402144193,0.21473050190135837,0.20823304393328726,21.871571097373963,6.884597623944282,6.58031543135643,40200,0.000132,0,23.583614955724396,16.960928201675415
0.7874258188903331,0.20213641792535783,0.19496827498078345,0.21411709615960717,0.2125057256501168,22.597324266433716,7.978354501724243,6.818154276013375,40400,0.00013066666666666668,0,23.330610096429677,17.14485812187195
0.8531178138405084,0.20327362280339004,0.1992545834928751,0.2119145581498742,0.20491791284643113,23.678626227378846,7.17473329782486,7.012723832130432,40600,0.00012933333333333332,0,23.99588483811282,16.669524908065796
0.7951779718697071,0.19817863941192626,0.19307144477963448,0.20553772032260895,0.21946076557040214,22.628608593940736,6.653086495399475,6.824498962163926,40800,0.00012800000000000002,0,23.530649956515774,16.99910545349121
0.8185381116718053,0.188960406370461,0.18788718536496163,0.21025510798208416,0.20577526349574327,21.26827492237091,7.09719871878624,7.046539732217789,41000,0.00012666666666666666,0,23.792415724461364,16.812080144882202
0.8145643522590399,0.19222807109355927,0.190722971893847,0.21907819395884873,0.21277505130507052,22.17933228492737,7.156309456825256,7.013830109834671,41200,0.00012533333333333334,0,24.068766494252333,16.619048595428467
0.8080382850766182,0.19530448369681835,0.1943268683925271,0.2060839301533997,0.22000893853604794,22.857078075408936,7.01994374871254,6.663924224972725,41400,0.000124,0,23.524934637363813,17.003235340118408
0.8224488148093223,0.1937155007943511,0.19081617951393126,0.2152107241936028,0.21101067073643207,22.75959614276886,7.844722955226898,6.19388112962246,41600,0.00012266666666666668,0,23.67993941446165,16.891935110092163
0.7681216544285416,0.18805295776575803,0.18637229207903147,0.22299129134044052,0.21922028465196491,22.487406654357912,7.679705501794815,6.50896339058876,41800,0.00012133333333333335,0,23.9565994312662,16.696860551834106
0.795964158475399,0.19554470732808113,0.19050339564681054,0.20868270011618734,0.2204350165836513,23.50071614265442,6.829180130958557,6.697112385034561,42000,0.00012,0,23.679786673796812,16.892044067382812
0.7884345198422671,0.19502965334802866,0.1954301442578435,0.1993238465487957,0.2120458631031215,22.09178858757019,6.952095744609832,6.548921368122101,42200,0.00011866666666666669,0,23.215674492454422,17.229738473892212
0.831200690716505,0.18600200098007919,0.1829191068932414,0.2050959625467658,0.19697569848038257,21.992012314796447,7.5831925690174105,6.789460214972496,42400,0.00011733333333333334,0,23.917051026942353,16.724469900131226
0.7810274554789066,0.1957209515199065,0.19559392716735602,0.20720050589181482,0.2121895701624453,22.565356726646424,7.164480501413346,7.079386430978775,42600,0.000116,0,23.763615284188898,16.8324556350708
0.7717692723870277,0.19124174527823926,0.18840330582112075,0.21148524463176727,0.21510899268090725,22.078139977455137,6.76285336136818,6.438580814599991,42800,0.00011466666666666667,0,23.815505779923427,16.795780181884766
0.7782222495228052,0.1920896429568529,0.18921423580497504,0.20892611355520785,0.2129114349000156,22.790040678977967,7.30783380150795,6.6626420342922215,43000,0.00011333333333333334,0,23.685053186003103,16.888288021087646
0.8014553984999657,0.17912529442459346,0.17541101973503828,0.21091729229316114,0.21777010729536414,21.94766704082489,7.304565572738648,6.473477642536164,43200,0.00011200000000000001,0,23.611611955971476,16.94081711769104
0.7975836259126663,0.1894443107396364,0.18606467109173536,0.2000009207148105,0.2155666309967637,23.83851855754852,7.6337515437603,6.459226122498512,43400,0.00011066666666666667,0,23.8373969744187,16.78035569190979
0.7726223658770323,0.19183974321931602,0.18871084127575158,0.21686637109145523,0.21289092641323804,22.67356997013092,7.649441328048706,6.711807522177696,43600,0.00010933333333333333,0,23.77802144294407,16.82225751876831
0.8162307395040989,0.19704790651798249,0.19396444648504257,0.1977457402460277,0.19654958774801343,23.346526741981506,7.255283571481705,6.608048509955406,43800,0.00010800000000000001,0,23.834172777329695,16.782625675201416
0.8077744377404451,0.19420250225812197,0.1873079254105687,0.20398813650012015,0.21150744097307325,23.20947872161865,7.600002510547638,6.4787726277112965,44000,0.00010666666666666667,0,23.514186593131015,17.01100730895996
0.8024076233059168,0.1866110285744071,0.18952486366033555,0.20184184027835728,0.20986469222232698,22.377635679244996,7.005746366977692,6.454958375692367,44200,0.00010533333333333332,0,23.17783683012949,17.25786590576172
0.8245543444156647,0.18236990820616483,0.17920034095644952,0.20579611452296376,0.2086572608537972,21.62672905921936,7.080860613584519,6.257562965750695,44400,0.00010400000000000001,0,24.09770814743264,16.59908890724182
0.7566668395698071,0.18234252020716668,0.1796827744692564,0.2123977468907833,0.21681870618835092,22.027493376731872,7.1597627222538,6.076704145669937,44600,0.00010266666666666666,0,23.66927436345292,16.8995463848114
0.8272751908004284,0.19162000082433223,0.18910698220133781,0.2051016142871231,0.1963195158634335,22.435179448127748,7.3110988283157345,6.834500540494918,44800,0.00010133333333333335,0,23.87459018684298,16.7542142868042
0.7813262919336558,0.1924662584066391,0.1897387268766761,0.1980182043556124,0.2085124263819307,22.840524907112123,6.936654071807862,6.840507280826569,45000,0.0001,0,23.978639861931004,16.68151330947876
0.8432219620049,0.18833204422146083,0.18270958002656698,0.20675614573061465,0.20241287875920533,23.32856194972992,8.045528982877732,6.980249200463295,45200,9.866666666666668e-05,0,23.47952608046764,17.036118984222412
0.7709016488492488,0.18907990723848342,0.19085034508258103,0.2039618303067982,0.20763523827306926,23.17058657169342,7.032774235010147,6.539343281984329,45400,9.733333333333335e-05,0,24.186375093771993,16.53823685646057
0.8577021980285644,0.18256995994597675,0.1800014712661505,0.18907880794256926,0.19794410759583114,22.311703481674193,7.307043935060501,6.413588230013847,45600,9.6e-05,0,23.71108179255449,16.869749069213867
0.7959651713073254,0.17902794539928435,0.18023226123303174,0.20909960847347975,0.2258232501707971,22.699719886779786,7.198237769603729,6.5689373409748075,45800,9.466666666666667e-05,0,22.4936748498774,17.782776832580566
0.8080229726433754,0.17983837198466063,0.17989965334534644,0.21198025507852436,0.2147426306270063,22.934636487960816,7.228622652888298,6.7067067539691925,46000,9.333333333333334e-05,0,24.153666188364873,16.560632944107056
0.7687951616942883,0.17969473954290152,0.17780367717146872,0.19890736772678794,0.2090260920766741,21.96770435333252,7.066484146118164,6.223990129232407,46200,9.200000000000001e-05,0,24.449308530081524,16.36038088798523
0.8056539675034583,0.18013742744922637,0.1767087100073695,0.20583981689065695,0.19862311830744148,22.35456031322479,7.097743325233459,6.4360915517807005,46400,9.066666666666667e-05,0,24.45800136923392,16.35456609725952
0.7776014133542776,0.18346042927354575,0.186253353767097,0.204034376218915,0.20725041218101978,22.880294256210327,7.498189495801926,6.477755466103554,46600,8.933333333333334e-05,0,24.597531607831694,16.261794328689575
0.8107481269538402,0.18722935292869805,0.18234977286309004,0.20687459503300487,0.19880346641875804,23.345903396606445,6.990108066797257,6.788327963352203,46800,8.800000000000001e-05,0,24.45549685278556,16.35624098777771
0.8122994202375412,0.18004748363047837,0.18314634129405022,0.21206686749123038,0.20409661713056265,22.863530254364015,7.519648768901825,6.471009428501129,47000,8.666666666666667e-05,0,24.528881790675086,16.30730676651001
0.788981476277113,0.17901170276105405,0.17901385843753814,0.20976124366745352,0.21472092863172293,22.440612716674806,7.38098422408104,6.493805068731308,47200,8.533333333333334e-05,0,24.597351654236736,16.261913299560547
0.7885656303539872,0.17213975496590136,0.17472767632454633,0.20084997061640025,0.20003335678949952,21.497083287239075,7.281670715808868,6.155006480813026,47400,8.4e-05,0,24.22012966127191,16.515188217163086
0.7880474197119475,0.17878890953958035,0.18187843691557645,0.20355606574565172,0.20527739454992117,22.6642503118515,7.293715406656265,6.5797725045681,47600,8.266666666666667e-05,0,24.517042976097176,16.315181255340576
0.7724940752983094,0.17521297693252563,0.17237250603735446,0.20585888251662254,0.21162714678794145,21.850146560668946,6.99383453965187,6.275734503865242,47800,8.133333333333334e-05,0,24.733653004716846,16.172297716140747
0.7905912685394287,0.18733897522091866,0.18869053684175013,0.20227455619722604,0.20315489295870065,23.77656419277191,7.189239885807037,6.2256203413009645,48000,8e-05,0,24.423410687064774,16.377728939056396
0.7920296515524388,0.1699778877198696,0.17264739960432052,0.203227097466588,0.20736382476985454,21.954299793243408,6.937383819818496,5.881028631925583,48200,7.866666666666666e-05,0,24.628017065732195,16.24166488647461
0.843957852870226,0.17272120252251624,0.17739016495645046,0.2013259601313621,0.19178262098692359,22.47466001033783,7.086355925798416,5.800304213762283,48400,7.733333333333333e-05,0,24.23052325803491,16.50810408592224
0.7930762322247028,0.17348410796374084,0.17296730399131774,0.215597209231928,0.20378642998635768,22.459306869506836,7.683774251937866,6.013304024338722,48600,7.6e-05,0,24.326235249573273,16.44315266609192
0.8101349954120814,0.18924765523523093,0.18693921014666556,0.20665019894018768,0.1928319044224918,23.55755356788635,7.41441571354866,6.8190984612703325,48800,7.466666666666667e-05,0,24.29872039635443,16.461772203445435
0.7609519625455141,0.17047030303627253,0.17130065705627204,0.20341289466246962,0.20714021632447838,22.182979588508605,7.120101706981659,5.860067697167397,49000,7.333333333333333e-05,0,24.584739106479255,16.27025604248047
0.8203744731843472,0.17931068558245897,0.17845765750855208,0.21009690484032034,0.20992326781153678,23.489455347061156,7.375776273012161,6.288101785778999,49200,7.2e-05,0,24.592592314627275,16.265060424804688
0.798947892934084,0.1733441473543644,0.17406666543334723,0.20007289046421647,0.20175336406566202,22.32150465488434,7.0236771714687345,6.483040905594826,49400,7.066666666666667e-05,0,24.53322043644618,16.304422855377197
0.8396624153107405,0.1673041968792677,0.16429369878023864,0.20341344845481216,0.20204168688505889,23.03753756046295,7.589761736989021,6.274718386530876,49600,6.933333333333334e-05,0,24.568665269710667,16.280900716781616
0.8126123286783695,0.16942587144672872,0.17051745135337115,0.2004693734832108,0.19925457635894417,22.435214776992797,7.1430486392974855,6.382912142276764,49800,6.800000000000001e-05,0,24.691083234075535,16.200180292129517
0.8439138066023588,0.1722670766711235,0.17190996252000332,0.20586734361946582,0.20206636223942043,23.13165309906006,7.171605602502823,6.062165286540985,50000,6.666666666666667e-05,0,24.427261118890726,16.375147342681885
0.7935790260136127,0.16515328995883466,0.1663206386193633,0.20468934338539838,0.200848550805822,21.759587264060976,7.590239210128784,6.200572029352188,50200,6.533333333333334e-05,0,24.54716930171145,16.29515790939331
0.7963590148091316,0.17058564346283675,0.1717569513991475,0.21044353316538036,0.20164924607612192,22.646092965602875,7.246454342603683,5.990100942850113,50400,6.400000000000001e-05,0,24.268086916096728,16.48255181312561
0.8419617259502411,0.16754011351615192,0.16738891944289208,0.20312739592045545,0.19498677091673017,22.35278398513794,6.966336544752121,6.413295435905456,50600,6.266666666666667e-05,0,24.681415676117616,16.206525802612305
0.7854100761562586,0.16412297755479813,0.1640909207612276,0.20264272985979914,0.20157279106322676,22.6898743724823,7.279772237539292,6.738781728744507,50800,6.133333333333334e-05,0,24.50007429368971,16.326481103897095
0.7833255343139172,0.16012929763644934,0.16375259537249803,0.20623126543127002,0.20819650721736252,22.30019823074341,6.919123065471649,5.769478223323822,51000,6e-05,0,24.419274283707356,16.380503177642822
0.8366757616400718,0.17431426901370287,0.17577215172350408,0.21006198048591615,0.20623318796046078,24.035030817985536,7.285789985060692,6.379157087802887,51200,5.866666666666667e-05,0,23.3729048314155,17.1138334274292
0.7773975753784179,0.166226945258677,0.16997899800539018,0.19631049673072995,0.20299159379675985,23.232143020629884,7.272812449932099,5.811180558204651,51400,5.7333333333333336e-05,0,23.730511760844106,16.855936527252197
0.7565899674594402,0.16630781453102828,0.16947580341249704,0.20992204496636988,0.19648962236009537,22.658008680343627,7.1418640625476835,5.6981363618373875,51600,5.6000000000000006e-05,0,23.33538388681123,17.141350746154785
0.7807280130684375,0.167236007489264,0.1698743326216936,0.21437117553316057,0.19738608228974044,22.650197076797486,6.976206283569336,6.29734637260437,51800,5.466666666666666e-05,0,24.52368109732069,16.310765027999878
0.8685832281410694,0.16517864748835565,0.16863946188241244,0.19115283591672777,0.1803096362389624,22.524814715385435,6.7220168054103855,6.338415576219559,52000,5.333333333333333e-05,0,24.119724764087056,16.583937168121338
0.8000907120108605,0.16153088688850403,0.16704974193125963,0.20651234383694828,0.1915380987152457,22.48110978603363,7.123874857425689,5.8871556121110915,52200,5.2000000000000004e-05,0,24.081567094584926,16.610214710235596
0.7886855221539736,0.16550686057657005,0.16839590307325125,0.20387668259441852,0.2160445042513311,23.3837570810318,7.191296819448471,6.123127181529998,52400,5.0666666666666674e-05,0,24.88713783057324,16.072559356689453
0.7983102238178253,0.1627386236190796,0.16622986037284135,0.20209714827127756,0.19601969351060688,22.444479944705964,7.091239862442016,6.0763740187883375,52600,4.933333333333334e-05,0,24.668206818100483,16.215203762054443
0.807085762321949,0.16704563349485396,0.16946161918342115,0.19886809257790447,0.19147507818881424,22.999306507110596,6.787370227575302,5.8903515523672105,52800,4.8e-05,0,24.492000450972842,16.331863164901733
0.7695659247040748,0.1659858914837241,0.17139292366802691,0.21932128470391035,0.19371640593744816,22.59154947757721,7.060003420114517,5.903815795779228,53000,4.666666666666667e-05,0,24.64568265921274,16.23002314567566
0.8215469234436751,0.1633014513552189,0.16706995401531458,0.20314453506842256,0.19445171452127397,23.219036684036254,6.894166569709778,6.42785140812397,53200,4.5333333333333335e-05,0,23.97678422056654,16.682804346084595
0.7890641649067401,0.16221789952367544,0.16324907712638378,0.19806589883752168,0.1988812819495797,23.277720503807068,7.605573233366012,6.214365368485451,53400,4.4000000000000006e-05,0,24.077986240003412,16.612684965133667
0.7775326073169708,0.1586641788855195,0.16309655535966158,0.2036603728402406,0.19656576844863594,22.66132694721222,7.247608691453934,6.177342292070389,53600,4.266666666666667e-05,0,24.72693937136284,16.17668867111206
0.7877232575416565,0.16244483511894942,0.16682005677372216,0.19331072725355625,0.20567198066972195,22.80615872859955,6.8623080313205715,6.271188019514084,53800,4.133333333333333e-05,0,24.529273410957924,16.30704641342163
0.800405889749527,0.16701510857790708,0.17312421187758445,0.19850326696410775,0.19780663138255478,25.70145049571991,7.6344058179855345,5.911337375640869,54000,4e-05,0,24.61724759267782,16.248770236968994
0.7935230439901352,0.15380049962550402,0.15626044873148204,0.20780847809277475,0.20449613307602704,22.952389931678773,7.272424895763397,6.038211501836777,54200,3.866666666666667e-05,0,24.809749513038962,16.12269401550293
0.7776586198806763,0.15885417580604552,0.16388414844870566,0.20627430081367493,0.19344603395089507,22.715498757362365,6.992084827423096,6.2969010668992995,54400,3.733333333333334e-05,0,24.0413328485483,16.638012647628784
0.7835307689011097,0.1531680504977703,0.15726913496851921,0.2024163614027202,0.20407258646562695,22.24163818836212,6.977539752721786,5.952529000043869,54600,3.6e-05,0,24.32752697827396,16.44227957725525
0.8045964996516705,0.15547876950353384,0.1593685131520033,0.20053209925070406,0.20412485932931304,22.855680899620054,6.637630345821381,6.062824010848999,54800,3.466666666666667e-05,0,24.70185341022018,16.193116903305054
0.777847838178277,0.15084684919565916,0.15747073784470558,0.19728853654116393,0.19325048626400532,22.705454120635988,7.020137881040573,5.766395507454872,55000,3.3333333333333335e-05,0,24.1366854538211,16.57228374481201
0.8041573716700077,0.15584773506969213,0.15714269395917654,0.19726178317330778,0.20025726908817887,22.300490789413452,6.983754665255547,5.978087100386619,55200,3.2000000000000005e-05,0,24.40846461328125,16.387757539749146
0.794858950227499,0.15183231592178345,0.15690367572009564,0.18890127836726606,0.19116428261622787,22.17855269432068,7.101087146997452,6.032501334547996,55400,3.066666666666667e-05,0,23.23696715790537,17.213950395584106
0.8080123007297516,0.1582244433090091,0.16487018760293723,0.18967732485383748,0.19305897985585033,22.60588945865631,6.889447495937348,6.1102250975370405,55600,2.9333333333333336e-05,0,22.00475434028584,18.177889823913574
0.7928242249786854,0.15513333395123483,0.15700682792812587,0.21072315480560064,0.19638794280588626,22.870739719867707,7.491605088710785,6.194755493402481,55800,2.8000000000000003e-05,0,23.03657913689419,17.363689184188843
0.7637178730219603,0.15728914987295867,0.16694405660033226,0.2078529733978212,0.2046102649718523,23.47515733242035,7.5024673986434935,5.960630563497543,56000,2.6666666666666667e-05,0,23.91691396435415,16.724565744400024
0.777806901037693,0.15277337938547134,0.15913164243102074,0.20288911601528525,0.19306715548038483,23.30617769241333,7.343165870904922,5.966398499011993,56200,2.5333333333333337e-05,0,24.40480896409662,16.390212297439575
0.8507389721274375,0.15324915930628777,0.15867715694010256,0.19898676607292146,0.1951912683621049,22.995065913200378,7.307420512437821,6.666220563650131,56400,2.4e-05,0,24.414146250538476,16.383943796157837
0.7763446311652661,0.14775861479341984,0.1545482486858964,0.20615816071629525,0.20366924507543444,23.11084243774414,7.642383486032486,5.95565192759037,56600,2.2666666666666668e-05,0,23.999006007355785,16.667356967926025
0.7989976108074188,0.15322163850069045,0.15579597070813178,0.20177896978333593,0.19334810249507428,22.703383855819702,7.739983056783676,6.020802469849587,56800,2.1333333333333335e-05,0,24.261032449309635,16.48734450340271
0.8277988721430302,0.1507207353413105,0.1597280801087618,0.20156787410378457,0.19322790717706084,23.191134865283967,7.613267246484757,5.448592631816864,57000,2e-05,0,24.470233985195037,16.34639048576355
0.7815880522131919,0.14906048849225045,0.15286972995847464,0.1960152445267886,0.1968007053155452,23.273236479759216,7.443411927223206,5.693723972439766,57200,1.866666666666667e-05,0,24.164235991196076,16.553389072418213
0.7645859569311142,0.15168303646147252,0.15751091942191123,0.21149985277093947,0.21232963360846044,23.024891743659975,8.091648018956185,6.082834634780884,57400,1.7333333333333336e-05,0,24.18025982267711,16.54241943359375
0.7688899935781955,0.14795737326145172,0.15378902334719896,0.20861982231028378,0.20105813439935447,22.76560554265976,7.664352647066116,5.9230853492021565,57600,1.6000000000000003e-05,0,24.172890958266503,16.547462224960327
0.778684686422348,0.14514545850455762,0.15151290338486434,0.20087391587905587,0.19272618984803558,22.107819459438325,7.558195728063583,5.50431556224823,57800,1.4666666666666668e-05,0,24.199942698066017,16.52896475791931
0.7949274045228958,0.15073798891156912,0.15618222061544657,0.19660414580255747,0.19596320047974586,22.879134993553162,7.336275413036346,5.777329431772232,58000,1.3333333333333333e-05,0,23.733034818970783,16.85414457321167
0.8191201101243496,0.150847059302032,0.1565619896352291,0.20338281054981053,0.19790557784959673,22.706198983192444,7.589729950428009,5.561648724079132,58200,1.2e-05,0,24.151961024877007,16.56180214881897
0.8092108033597469,0.14844250287860633,0.15455381598323584,0.19820566521957517,0.19363889540545642,23.51608928203583,7.854173640012741,6.008432375192642,58400,1.0666666666666667e-05,0,24.2940973676699,16.46490478515625
0.7859741044789552,0.14607034549117087,0.15454243924468755,0.1860752102173865,0.18927610881626605,22.4704746055603,7.666519756317139,5.4927012342214585,58600,9.333333333333334e-06,0,24.236114645328453,16.504295587539673
0.767130216062069,0.1439942018315196,0.14916705042123796,0.20345191789790987,0.1956476356834173,22.581052374839782,7.277461773157119,5.681479238271713,58800,8.000000000000001e-06,0,24.095299019859457,16.600748538970947
0.7792650712281466,0.1489178778976202,0.15333984088152647,0.19774973100051285,0.1964920028951019,22.6344419670105,7.363416811227799,5.670444014072419,59000,6.666666666666667e-06,0,24.196965522962643,16.530998468399048
0.8163068792223931,0.14690080851316453,0.15132173836231233,0.19052121847867964,0.1922436251398176,22.68526008605957,7.284778668880462,5.587982888221741,59200,5.333333333333334e-06,0,23.880971607246842,16.74973726272583
0.8137561395764351,0.14936780206859113,0.15471252985298634,0.1997425766661763,0.18093558445572852,22.872882037162782,7.512280465364456,5.715209700465202,59400,4.000000000000001e-06,0,23.94726354330066,16.703369855880737
0.7694918371737003,0.14554714977741243,0.1537334944680333,0.1859269971586764,0.19777250919491052,22.894689168930054,7.126604715585708,5.5334690541028975,59600,2.666666666666667e-06,0,24.314518251494302,16.45107650756836
0.8320723693072796,0.14835090145468713,0.15294922918081283,0.18888705941848458,0.19494537906721235,23.322823338508606,7.334615014791488,5.491779126524925,59800,1.3333333333333334e-06,0,24.14948298647861,16.563501596450806
0.7900905004143715,0.1472187592089176,0.15309488639235497,0.19192822705488652,0.19499937500804662,22.033277459144593,7.264049992561341,5.548501102924347,60000,0.0,0,23.51681417249045,17.009106636047363
0.8076742181926966,0.1769972174987197,0.16983583848923445,0.23173722390085458,0.2164564152993262,26.828306245803834,9.548669188022613,7.704538415670395,60200,9.900000000000001e-05,0,11.563854226760037,34.590543270111084
0.88889234572649,0.18278587471693755,0.17519568283110856,0.22394233437255026,0.21031181783415376,26.70876338481903,9.191143054962158,7.729559106230735,60400,9.8e-05,0,23.455526848291502,17.053550004959106
0.7553787695616484,0.18045582868158816,0.1772823028638959,0.22454961584880948,0.2069970488548279,23.58702392101288,8.195577000379563,6.878231474161148,60600,9.7e-05,0,23.6542895854029,16.9102520942688
0.8200887759774923,0.17312143523246049,0.1698164404183626,0.21327907430939377,0.21236314718611538,24.257251992225648,7.775401850938797,7.152158250808716,60800,9.6e-05,0,23.603450811876083,16.946674585342407
0.7787081053107977,0.17888703051954508,0.1742998092621565,0.21860102245584132,0.20278048023581505,25.455544328689577,7.87615747332573,6.486398802995682,61000,9.5e-05,0,23.697247959629234,16.879597187042236
0.8095770914107561,0.1697614722698927,0.16302096746861935,0.20223263693973423,0.21757318465039133,23.228469066619873,7.535660445690155,6.873479523062706,61200,9.4e-05,0,23.61944056673764,16.93520212173462
0.7899359009414911,0.1745411340892315,0.16848026905208827,0.21184270795434712,0.21240957969799637,23.586785097122192,7.863080302476883,7.0383632665872575,61400,9.300000000000001e-05,0,23.5975410938918,16.950918674468994
0.8445986615121365,0.16540734022855758,0.164746766500175,0.2141797063872218,0.18861851235851645,22.837790036201476,7.755410096645355,6.693651303052902,61600,9.200000000000001e-05,0,23.674462035927004,16.895843267440796
0.7782602870464325,0.1633282684534788,0.16340664010494949,0.21437392262741922,0.21536397223360837,23.11643545627594,7.785417103767395,7.192807902097702,61800,9.1e-05,0,22.757125725620746,17.57691216468811
0.7883370268344879,0.1715166015923023,0.16919173024594783,0.21215473065152765,0.21734488552436232,24.453321175575255,7.271850062608719,6.660986655950547,62000,9e-05,0,22.373735117430257,17.878105640411377
0.7968639258295298,0.17075195673853158,0.16826433070003988,0.20650814631953834,0.19634393285959958,23.996367087364195,7.8148706340789795,6.8379406487941745,62200,8.900000000000001e-05,0,23.333687800917875,17.14259672164917
0.8009230493381619,0.16776582904160023,0.16658460341393946,0.2011105783097446,0.1930500765144825,24.653147764205933,8.531193519830703,6.818583776950836,62400,8.800000000000001e-05,0,23.50167080762073,17.020066499710083
0.8166385287046433,0.16926860846579075,0.16668778847903012,0.20867885677143932,0.21117468697950245,24.686297721862793,8.182263073921204,6.785356627702713,62600,8.7e-05,0,23.533271973960645,16.997211456298828
0.7985644064098597,0.16598962392657995,0.16305692955851556,0.21453172523528338,0.21661243118345738,22.737118458747865,7.658483847975731,6.654931428432465,62800,8.6e-05,0,23.625880264645318,16.930586099624634
0.7969313070178032,0.1712369829043746,0.1684760657697916,0.21478071833029388,0.20804507657885551,23.29499207019806,7.684109981060028,6.237495141029358,63000,8.5e-05,0,23.55514916414695,16.981425046920776
0.7698059016466141,0.16913185928016902,0.16651832234114408,0.2181177054066211,0.19929894019849598,23.841450729370116,7.9370348465442655,6.464120539426804,63200,8.4e-05,0,23.4060114323438,17.089626789093018
0.7732772691547871,0.1672722153365612,0.16267000041902066,0.21282512854784727,0.20736435055732727,24.008929328918455,7.258059741258621,6.142453657388687,63400,8.3e-05,0,23.547963300739397,16.98660707473755
0.7716608806699514,0.17134388774633408,0.16936256296932697,0.21784657696262003,0.20443374833092093,23.242188720703126,7.704401412010193,6.271006968021393,63600,8.2e-05,0,23.553629303330744,16.982520818710327
0.7860497350990773,0.17238292962312698,0.17129058945924044,0.2186190365999937,0.22322386236861347,22.862997312545776,7.779872888326645,6.263089037537575,63800,8.1e-05,0,23.547543888894527,16.98690962791443
0.7250288767367601,0.169052031673491,0.1644839759171009,0.22041426714509726,0.21392436504364012,22.74882926940918,7.389341949224472,5.915075415372849,64000,8e-05,0,23.282032063234833,17.180630922317505
0.7931937521696091,0.16611284017562866,0.16672221049666405,0.21099650479853152,0.20170564528554677,24.14776686668396,7.32612273812294,6.404928860664367,64200,7.900000000000001e-05,0,23.604681199508132,16.945791244506836
0.7963109301030635,0.16737178318202495,0.1652850841358304,0.20942269314080478,0.2100920606032014,23.50867621421814,7.571106605529785,6.299412918686866,64400,7.800000000000001e-05,0,23.563928908217324,16.97509789466858
0.7982627488672733,0.1675212199613452,0.16299014437943696,0.1991845328733325,0.2027610092703253,24.011144375801088,7.034420237541199,6.405139294266701,64600,7.7e-05,0,23.428331712139347,17.07334542274475
0.7965746816247702,0.16557192169129847,0.16180881313979625,0.19195304554887116,0.20143189385533333,24.073478407859803,7.832246788740158,6.44191821873188,64800,7.6e-05,0,23.623395570799193,16.932366847991943
0.7781353653222323,0.1667641257122159,0.1625071368739009,0.20755972811952234,0.21040392346680165,23.951550440788267,7.832722033262253,6.415317180156708,65000,7.500000000000001e-05,0,23.517601044377184,17.008537530899048
0.7645637489110232,0.16662979558110236,0.1657340335473418,0.20600231394171714,0.2115098082832992,23.62476553440094,7.71972457408905,6.561604039669037,65200,7.4e-05,0,21.514530340976872,18.59208607673645
0.7851100286096334,0.16053682267665864,0.16029588855803012,0.20743318108841777,0.19720580579712987,23.458782019615175,7.515269060134887,6.44639338850975,65400,7.3e-05,0,21.3094213636208,18.771039962768555
0.7999231630563736,0.16658400729298592,0.16363148991018533,0.21028797909617425,0.19554455215111374,23.773169317245483,8.044483294487,6.365247004032135,65600,7.2e-05,0,21.356779755280957,18.72941541671753
0.8024660800397396,0.16467071007937192,0.1651255051791668,0.2117490270920098,0.20270371420308947,22.94236044406891,7.902521960735321,6.762782348394394,65800,7.1e-05,0,21.302810930470347,18.776864767074585
0.788407838344574,0.16529499098658562,0.165689128190279,0.21450265472754837,0.2037398815341294,24.343638100624084,8.07204796552658,6.330413982868195,66000,7e-05,0,21.681814901044795,18.44864010810852
0.7696145752072334,0.156366975158453,0.154426399320364,0.19873300388455392,0.20865201640874148,22.977348375320435,7.471932971477509,6.188479952216149,66200,6.9e-05,0,21.97585215420701,18.201797008514404
0.7648101698607206,0.15577076558023692,0.155075273104012,0.1991623861528933,0.21372703463770448,22.326752257347106,7.809834579229355,6.346719247102738,66400,6.800000000000001e-05,0,21.67584151782735,18.453724145889282
0.7858613095059991,0.1730025627464056,0.1709059626981616,0.2076242947205901,0.20458787443116308,24.970596351623534,8.129873487949371,5.836391294598579,66600,6.7e-05,0,23.115792966066504,17.304186820983887
0.7588402225822211,0.15998632207512856,0.1589307688176632,0.21649698738008738,0.19752955192700028,24.239927048683167,8.0760240650177,6.152484107613564,66800,6.6e-05,0,23.442587631524713,17.062962770462036
0.7834809671342373,0.16129632823169232,0.159026390761137,0.21444245856255292,0.21108987975865603,23.133624768257143,7.535832858085632,6.05835065484047,67000,6.500000000000001e-05,0,23.218977730440233,17.22728729248047
0.785698761343956,0.1610727671533823,0.15774693012237548,0.2151661540567875,0.20601742189377548,24.01035228729248,7.596678948402404,6.390722560882568,67200,6.400000000000001e-05,0,23.205360857595583,17.237396240234375
0.7623485872894525,0.16311170969158412,0.16282843306660652,0.21645285693928598,0.20567249558866024,23.532212467193602,7.4497944152355196,6.079940202236176,67400,6.3e-05,0,23.25150600312007,17.203186750411987
0.774514840990305,0.16889626793563367,0.16667820136994124,0.2090639309026301,0.20891806402243673,23.78858733654022,7.462538849115372,6.455493285655975,67600,6.2e-05,0,23.50235855466152,17.01956844329834
0.8180798058956862,0.15939366556704043,0.15589002959430218,0.1995933084655553,0.20139402380213142,23.285286827087404,7.274658119678497,6.186018612384796,67800,6.1e-05,0,23.66863123981246,16.90000557899475
0.7758116036653518,0.15445140600204468,0.15364328771829605,0.2058511959388852,0.19633703967556357,23.35757474899292,7.724636793136597,5.9972292393445965,68000,6e-05,0,23.48986587819094,17.02862000465393
0.7884505854547024,0.166756195910275,0.16498944077640773,0.19710587108507752,0.20693272849544883,26.219073209762573,7.863163846731186,6.333044592142105,68200,5.9e-05,0,23.590877662717308,16.95570659637451
0.8085531483590603,0.16213894505053758,0.16260391425341367,0.19135913411155342,0.20977864310145378,24.926757445335387,7.682998617887497,5.840176248550415,68400,5.8e-05,0,23.20823320182401,17.235262870788574
0.7623720086365938,0.1559278217330575,0.15672873929142953,0.22200683692470194,0.20267921462655067,23.00965269088745,7.900452406406402,6.213539335727692,68600,5.6999999999999996e-05,0,22.27261962036273,17.959270477294922
0.8058795867115259,0.15832689851522447,0.1577451667189598,0.1927511055022478,0.191533092148602,24.962279357910155,7.590256419181824,6.423631378412247,68800,5.6000000000000006e-05,0,23.078559604987966,17.332104206085205
0.7891413380205631,0.15919419087469577,0.15912864308804273,0.20600876454263925,0.19919383463449777,23.493530712127686,7.646360210180283,6.385320038199425,69000,5.500000000000001e-05,0,22.942313166651967,17.435033559799194
0.8148250803351402,0.15665984828025104,0.15706118784844875,0.19739765712991356,0.19744207996409385,23.789306654930115,7.642948466539383,6.8487223887443545,69200,5.4000000000000005e-05,0,23.42214311539559,17.07785654067993
0.7840033377707004,0.15803876791149377,0.15795237760990857,0.20177021787501873,0.20430335894227028,24.00146520137787,8.071151782274246,6.628180018663406,69400,5.300000000000001e-05,0,23.451238085583938,17.056668758392334
0.8017568190395832,0.15871279999613763,0.15801962580531836,0.19830317031592132,0.1945242732297629,23.007719378471375,7.391424622535705,6.225843027830124,69600,5.2000000000000004e-05,0,23.780012950209755,16.8208487033844
0.7984031976759434,0.15878044456243515,0.15523291762918234,0.20228762567043304,0.20380968464538454,22.37685690164566,7.881289438009262,6.495270271301269,69800,5.1000000000000006e-05,0,23.74824158828777,16.84335231781006
0.7794130302965641,0.15225955549627543,0.1511183488368988,0.2124171342421323,0.20748658390715718,23.243021631240843,7.943308683037758,6.403253699541092,70000,5e-05,0,23.901775155161868,16.735158681869507
0.7784766282886266,0.15003374490886925,0.14913766618818045,0.197368845641613,0.1969635736104101,22.16813235282898,7.970678544044494,6.064756025075912,70200,4.9e-05,0,23.866982343525684,16.759554862976074
0.7893788555264473,0.1554389723390341,0.1540756321698427,0.19875099854543804,0.20588814384303988,24.015092997550965,7.886177868843078,6.060931127667427,70400,4.8e-05,0,23.664882050693823,16.90268301963806
0.7847729946672917,0.15391106866300105,0.1545069118589163,0.2067163529805839,0.20241284222342074,23.71003924369812,8.275755597352981,5.915699102878571,70600,4.7e-05,0,23.799962929449602,16.806748867034912
0.8139117708802224,0.15234233312308787,0.15379891522228717,0.2028255610913038,0.2037258835695684,23.89927989244461,7.871863206624985,6.00728688120842,70800,4.600000000000001e-05,0,23.950141634777335,16.70136260986328
0.7535281933844089,0.15581829842180014,0.1552535593509674,0.21153974037617446,0.20161591744050383,23.76869010925293,7.83377003788948,6.06674694776535,71000,4.5e-05,0,23.95028181368608,16.70126485824585
0.7954000625014305,0.14910198010504247,0.14823344204574823,0.19791320307180285,0.21090979247353972,24.445876355171205,8.183555892705918,6.2001405853033065,71200,4.4000000000000006e-05,0,24.087116221962138,16.606388092041016
0.7841883413493633,0.15384875290095806,0.1528306880965829,0.20951252609491347,0.19930226099677384,23.430069193840026,8.139705038070678,6.368991953134537,71400,4.3e-05,0,23.90299972159355,16.734301328659058
0.7701222033798695,0.15004748422652484,0.15106468874961138,0.21308821441605688,0.19898448795080184,23.599904084205626,8.32438954949379,5.7577337568998335,71600,4.2e-05,0,24.00216129691091,16.665165901184082
0.777990665435791,0.1494429747015238,0.15410516809672117,0.19359158720821143,0.19895664382725953,23.390817940235138,7.848829320669174,5.92717649102211,71800,4.1e-05,0,24.065664091318503,16.621191024780273
0.7938657015562057,0.15856796514242888,0.16055394377559423,0.19998056143522264,0.1989549696445465,24.6551158618927,7.813192150592804,5.908734548091888,72000,4e-05,0,23.852699159689767,16.769590616226196
0.7901888836920261,0.14888119269162417,0.1470958238467574,0.19662906408309935,0.20259991475380956,23.99309467792511,8.511257246732711,6.29637078166008,72200,3.9000000000000006e-05,0,23.941328019512422,16.707510948181152
0.8207330398261548,0.14967395082116128,0.15202915910631418,0.20183560447767376,0.19618847316130997,23.905352416038514,8.663164352178574,6.413686535358429,72400,3.8e-05,0,24.102334288995753,16.595902919769287
0.8062568574398756,0.13948364391922952,0.13790942959487437,0.20556571710854768,0.19621055226773024,23.887276225090027,8.689291570186615,6.034873292446137,72600,3.7e-05,0,23.606231903077497,16.94467806816101
0.8059482600539922,0.14807689093053342,0.1503946416825056,0.19707743746228515,0.18900545028038324,25.370562462806703,8.196881413459778,5.894116191864014,72800,3.6e-05,0,23.67521305406528,16.895307302474976
0.8030618250370025,0.1533899884298444,0.15649315632879734,0.19582564402371644,0.19520185065455734,24.044365315437318,8.174101001024246,6.429935439229012,73000,3.5e-05,0,24.096139962114236,16.60016918182373
0.7764883869886399,0.14894899554550647,0.14959263432770967,0.20484608001075685,0.21329734297469258,23.703873348236083,8.895637247562409,6.056639595031738,73200,3.4000000000000007e-05,0,23.979487075698824,16.68092393875122
0.7513272499293089,0.14891279209405184,0.1479842210933566,0.21299804892390967,0.20097624465823175,25.388201355934143,9.241171346902847,5.7664765667915345,73400,3.3e-05,0,23.752893913143396,16.84005331993103
0.8211523182690144,0.14812913160771132,0.1477802611142397,0.1903612098749727,0.19315418392419814,24.36369788169861,8.32591231048107,5.891084882020951,73600,3.2000000000000005e-05,0,23.806176148167438,16.8023624420166
0.8051629936695099,0.1454450338333845,0.14702671077102422,0.20302562305703759,0.2069599511101842,24.21306978225708,8.022318427562714,6.462395526170731,73800,3.1e-05,0,24.047591745749262,16.633682250976562
0.7519569171965123,0.1498642323166132,0.1475048664957285,0.20106908516958355,0.1985116275213659,24.181452054977417,8.500820449590684,5.906856788396835,74000,3e-05,0,23.378336062466133,17.1098575592041
0.7913298071920871,0.13875915262848137,0.1413024677336216,0.18432065175846218,0.19920620068907738,23.089487891197205,8.139919493198395,5.9093963754177095,74200,2.9e-05,0,22.04027497375222,18.14859390258789
0.8083629375696182,0.14445297721773387,0.14283067297190427,0.20224051985889674,0.19021020195446908,24.807562894821167,9.153554035425186,5.9624370515346525,74400,2.8000000000000003e-05,0,21.792230378201452,18.355165719985962
0.7895345281064511,0.1424326591193676,0.14512106001377106,0.19725974811241032,0.20322840128093958,23.433733320236207,8.445219691991806,5.908664566278458,74600,2.7000000000000002e-05,0,22.330152045254945,17.912999391555786
0.7657917492091656,0.1447100092843175,0.14779251851141453,0.1980014407262206,0.20772749648429453,24.500157504081727,8.865426968336106,5.6192342877388,74800,2.6000000000000002e-05,0,22.504544479182638,17.774187803268433
0.7791743263602257,0.14206665717065334,0.14491448484361172,0.18759592495858668,0.2023402670584619,24.606528644561767,8.093614460229874,5.669554724097252,75000,2.5e-05,0,21.680538095317722,18.449726581573486
0.7472021353244781,0.14384083352983,0.14411087773740291,0.2051970356795937,0.1966739223804325,24.082964458465575,9.45971656680107,5.925035299062729,75200,2.4e-05,0,22.36387948182264,17.885984420776367
0.7812594213336707,0.1424344238638878,0.14737910948693753,0.2061527024395764,0.2018603822030127,24.54855948448181,9.287266111373901,5.52802876830101,75400,2.3000000000000003e-05,0,21.77446086547572,18.370144844055176
0.7902198766171932,0.1445398425683379,0.14685100477188825,0.19239932358264922,0.2054576543159783,24.777374453544617,8.489902355074882,5.794392288923263,75600,2.2000000000000003e-05,0,23.21053531407668,17.233553409576416
0.7671159788966179,0.14125199150294065,0.14426833249628543,0.20702074732631445,0.21522881479933859,23.87326961517334,9.210970916748046,5.9572037565708165,75800,2.1e-05,0,23.498911993512664,17.022064685821533
0.8112021220475435,0.1436611546203494,0.14648201575502753,0.19062991186976433,0.18823106983676552,25.976900420188905,8.90258797287941,5.701280874013901,76000,2e-05,0,23.385039014195236,17.104953289031982
0.7939177723228932,0.14208999399095773,0.1422175320982933,0.2043756703287363,0.19629260644316673,24.90512230873108,8.661518230438233,5.963330082893371,76200,1.9e-05,0,22.868665935102324,17.49118208885193
0.8035479760169983,0.14197206955403088,0.14407434921711684,0.1973427628725767,0.19713894570246338,23.308016159534453,8.446099503040314,5.736987423300743,76400,1.8e-05,0,23.385318360101582,17.104748964309692
0.747726536989212,0.13896115597337486,0.14045336201786995,0.20509703252464534,0.2024374011158943,23.563680939674377,8.619354654550552,5.705796029567718,76600,1.7000000000000003e-05,0,23.305601964196462,17.16325545310974
0.7814725877344608,0.1409809470549226,0.14413246855139733,0.19454561788588762,0.20050666261464356,23.29616075515747,8.465643932819367,5.759146845936775,76800,1.6000000000000003e-05,0,23.433681050210957,17.069447994232178
0.7667223964631558,0.1391049973666668,0.14170691933482885,0.19492290504276752,0.1966500659659505,24.211842746734618,8.373555178642272,5.904822950959206,77000,1.5e-05,0,23.501203333808057,17.020405054092407
0.7577491261065006,0.13989276953041554,0.14023056745529175,0.20980923168361187,0.19436519335955382,23.609076189994813,9.010017198324203,5.762428377866745,77200,1.4000000000000001e-05,0,23.447775368368305,17.059187650680542
0.7644604930281639,0.14002372838556768,0.1449265119805932,0.20204951733350754,0.19917651575058698,23.306962375640868,8.481207679510117,5.670711675882339,77400,1.3000000000000001e-05,0,22.681933717502147,17.635180711746216
0.8205633194744587,0.14366748303174973,0.14597697649151087,0.1798942642379552,0.186838437654078,25.23737853050232,8.245788091421128,5.707690055370331,77600,1.2e-05,0,23.50299827126235,17.019105195999146
0.7913379609584809,0.13912726383656263,0.14166695799678564,0.19082910714671017,0.2074799656867981,23.403682861328125,8.622999027967452,6.211860529184341,77800,1.1000000000000001e-05,0,22.898390352734946,17.46847677230835
0.7766036172956228,0.13435445744544267,0.13881341345608234,0.19913450866937638,0.19285899544134735,24.25184237241745,8.738515272140503,5.556624338626862,78000,1e-05,0,22.90623907702739,17.462491273880005
0.7557977989315987,0.14500178772956132,0.14338204592466355,0.19030571948736907,0.1871658786945045,24.76219985485077,8.687480027079582,5.39641434431076,78200,9e-06,0,23.19011833083445,17.24872612953186
0.8140117508172989,0.13964159917086363,0.14442173294723035,0.19489500097930432,0.20227747301571072,24.425679416656493,8.371440595388412,6.062769213914871,78400,8.000000000000001e-06,0,22.687139343259517,17.631134271621704
0.8027064223587513,0.13474331207573415,0.13857047758996488,0.19410512706264854,0.19754583069123327,23.977632389068603,8.581820043325424,5.67932319521904,78600,7.000000000000001e-06,0,22.578675179477095,17.71583127975464
0.7850720322877168,0.13961041647940875,0.14028104957193135,0.193861722946167,0.1973291477560997,23.86121091365814,8.679999154806136,5.815444658994675,78800,6e-06,0,22.62865516964509,17.67670226097107
0.7809827649593353,0.13831962820142507,0.14044298078864814,0.19522999804466962,0.19217681762762368,24.90699923992157,8.622923270463943,5.6682792723178865,79000,5e-06,0,23.3439839729619,17.135035753250122
0.8142713532596827,0.13941744554787874,0.1437083562463522,0.18820942865684628,0.18506301620975138,25.23608789205551,8.772213563919067,5.6153473192453385,79200,4.000000000000001e-06,0,23.28227082828835,17.18045473098755
0.7761242641508579,0.14122768051922321,0.14508204620331525,0.19675859440118074,0.2004962732642889,26.17211199760437,8.868372668027877,5.790963076353073,79400,3e-06,0,22.90718422555442,17.46177077293396
0.7569272370636463,0.1397676907107234,0.14596809465438126,0.19673400022089482,0.19073022056370972,24.881315965652465,8.977269774675369,5.894231812953949,79600,2.0000000000000003e-06,0,23.158524818338986,17.272257328033447
0.8076454074680806,0.13815171796828507,0.14167099360376598,0.20286660293117165,0.18869486844167113,25.141870341300965,8.692761471271515,5.363092392683029,79800,1.0000000000000002e-06,0,23.02620086329368,17.37151527404785
0.7703607982397079,0.1359115558490157,0.14073827233165503,0.18949577596969902,0.1967928428389132,24.31661127090454,8.31620589852333,5.939011150598526,80000,0.0,0,22.946011371375462,17.432223558425903
0.7964657813310623,0.1649391607940197,0.1546698846668005,0.2279121565632522,0.22119694624096156,28.0461585187912,10.852520735263825,7.938872383832932,80200,9.900000000000001e-05,0,11.337466401691744,35.281251192092896
0.902528953552246,0.16994853906333446,0.16048293206840752,0.2143695329129696,0.2084477589651942,27.696104164123536,10.393964661359787,7.897910847663879,80400,9.8e-05,0,22.921573119676108,17.450809240341187
0.7639396934956312,0.1727930089831352,0.1663680662214756,0.22463041327893735,0.20543886097148062,25.73554289340973,9.612163535356522,6.774628828763962,80600,9.7e-05,0,20.49887763461466,19.513263463974
0.8368206828832626,0.1649896316602826,0.15933262668550013,0.2082190461270511,0.2118880173098296,25.270756454467772,8.826904482841492,7.372614932060242,80800,9.6e-05,0,22.14601128570071,18.061943292617798
0.7908006025850773,0.17055592548102141,0.1625691705197096,0.22141666688024997,0.19909920409321785,26.423264484405518,8.897659685611725,6.655609248876572,81000,9.5e-05,0,21.69090426259503,18.440909385681152
0.8000747817009688,0.1602225610986352,0.15192694555968045,0.19909920715726911,0.21500868787057698,23.90889219760895,8.361579679250717,6.8748062741756435,81200,9.4e-05,0,22.36290083437459,17.886767148971558
0.8049708314239978,0.16526860471814872,0.15882527135312557,0.20778802705928684,0.20763141946867109,25.069462213516235,9.157750391960144,7.090998052358628,81400,9.300000000000001e-05,0,22.63653749978783,17.670547008514404
0.8444042465090752,0.15895623151212931,0.15439492035657168,0.2156745412759483,0.19170524983666837,24.275265526771545,8.985982182025909,6.919442202448845,81600,9.200000000000001e-05,0,21.933202081819346,18.237191200256348
0.7732191528379917,0.15474504355341195,0.15230861850082875,0.21127809705212713,0.21354857835918664,24.671450366973875,8.720893543958663,7.185202440619468,81800,9.1e-05,0,22.76578422537231,17.57022714614868
0.7781936901807786,0.1623146740347147,0.15783647041767834,0.21699691101908683,0.2151062540896237,25.8504497051239,8.09663270831108,6.843479942083359,82000,9e-05,0,23.1179420272533,17.30257821083069
0.7957202512770891,0.16110521916300058,0.15444748360663652,0.1942839771322906,0.19121869961731136,24.53292649745941,8.253364522457122,7.036365624666214,82200,8.900000000000001e-05,0,23.221260119360473,17.22559404373169
0.7798182425275445,0.15930826622992755,0.15387575749307872,0.20002973418682812,0.19417788038495928,24.899405550956725,9.102053948640823,7.339393568038941,82400,8.800000000000001e-05,0,23.354799649525212,17.127100467681885
0.7858901038765908,0.1598288443312049,0.15612733494490386,0.20615589551627636,0.2137644830532372,25.8096662402153,9.25500915646553,6.996070876121521,82600,8.7e-05,0,23.282107020072022,17.180575609207153
0.7983005174994469,0.16251801483333111,0.15479060783982276,0.21264167875051498,0.21585983565077185,24.72446014404297,8.601533796787262,6.912261502146721,82800,8.6e-05,0,16.99820214690294,23.53190040588379
0.7921608424186707,0.1628841845318675,0.1560007132962346,0.21414042197167873,0.20418210841715337,24.07172100543976,8.632898910045624,6.251113036870956,83000,8.5e-05,0,14.48325720937427,27.618096828460693
0.7565565779060125,0.159790813177824,0.15557807382196187,0.21414765689522028,0.20002002723515033,24.30324233531952,8.508645986318589,6.4618532210588455,83200,8.4e-05,0,14.950668997064879,26.754655599594116
0.7655040568113327,0.1594305606558919,0.15128798961639403,0.21164470590651036,0.20566647419705986,24.817048497200012,7.81123863697052,6.368256647586822,83400,8.3e-05,0,14.880320375550077,26.881141662597656
0.7828834989666938,0.16364013776183128,0.1597391800954938,0.21081027856096626,0.20290404258295894,24.889609346389772,8.09070899605751,6.448373998999596,83600,8.2e-05,0,14.753760212562566,27.111732482910156
0.7951532614231109,0.16449039947241545,0.160264742821455,0.21234595188871025,0.22165858844295144,24.113139700889587,8.841826952695847,6.424497865438461,83800,8.1e-05,0,14.462957774801776,27.65686011314392
0.7319174435734749,0.1592700668796897,0.15466338071972133,0.21161875251680612,0.21336285976693034,23.42443204879761,8.072487273216247,6.226272021532059,84000,8e-05,0,15.006824184263216,26.654540300369263
0.7922438747435808,0.1551461847126484,0.15537080857902766,0.20856032133102417,0.20086618768051268,24.11731454849243,8.086366242170334,6.517884916067123,84200,7.900000000000001e-05,0,14.927704864718626,26.79581379890442
0.805484296232462,0.1576263041421771,0.15392171911895275,0.2099454996176064,0.2110222052503377,24.664478287696838,9.03196090221405,6.507505490779876,84400,7.800000000000001e-05,0,14.391047619266555,27.795057773590088
0.7908039255440236,0.15943632524460555,0.15437387093901633,0.19884903251193464,0.20358895683661105,25.22968876361847,8.121204096078873,6.421323619484902,84600,7.7e-05,0,14.6875908578895,27.233874082565308
0.7942316046357155,0.1551306540518999,0.15129734873771666,0.18967237612232565,0.20288061825558543,23.71305631637573,8.42922889649868,6.553272632360458,84800,7.6e-05,0,14.803817922284036,27.02005672454834
0.7717092091590166,0.1574561481177807,0.15159925032407046,0.20715051939710974,0.208635315336287,24.370453729629517,8.545502967834473,6.43727603316307,85000,7.500000000000001e-05,0,14.784756300880273,27.054893016815186
0.7601986031234265,0.1579252440482378,0.15620272804051638,0.20201536318287253,0.21163246916607023,24.68977596282959,8.433616313934326,6.70609555721283,85200,7.4e-05,0,14.681060366864449,27.245988368988037
0.7827822633832693,0.15222840584814548,0.14985940672457218,0.2084701974503696,0.19827861064113678,24.189596934318544,8.371521785259247,6.568106490373611,85400,7.3e-05,0,14.13123317010286,28.306092977523804
0.7833242493867875,0.1572770683094859,0.15356303997337817,0.2059345687367022,0.19227054895833134,24.801776785850524,9.00301325917244,6.430723396539688,85600,7.2e-05,0,15.09125929598855,26.505409002304077
0.7976293641328812,0.15355244070291518,0.15346227146685124,0.20639076326042413,0.20547931268811226,24.56858268737793,8.796636369228363,6.780273419618607,85800,7.1e-05,0,22.063557429752404,18.12944269180298
0.7904029165953398,0.1527457544580102,0.1521477361023426,0.20730761060491204,0.20862150153145195,24.486423625946045,8.919284442663193,6.479870669841766,86000,7e-05,0,23.305352037069493,17.163439512252808
0.7789329509437084,0.14785845760256053,0.1455462097749114,0.19576988089829683,0.20623904144391417,25.215589728355408,8.227588136196136,6.3298661744594575,86200,6.9e-05,0,23.026020729108318,17.37165117263794
0.7591741645336151,0.15161277379840613,0.1468859752640128,0.19676854737102986,0.21355708586983382,25.941525182724,8.867595537304878,6.556040930747986,86400,6.800000000000001e-05,0,23.333698510216006,17.14258885383606
0.7775097209960222,0.16432117383927106,0.16151989951729775,0.20521442148834468,0.20440320135094225,26.59176010608673,9.210202904939651,5.967492697238922,86600,6.7e-05,0,23.59318266066136,16.954050064086914
0.758497855886817,0.1509040616452694,0.14866229943931103,0.2098436402063817,0.19251214880496265,25.65253029823303,9.18138593673706,6.193206802606583,86800,6.6e-05,0,23.08401337559427,17.328009366989136
0.770863441452384,0.15267120070755483,0.1500075889751315,0.2078379445243627,0.21176338735967876,24.44287281036377,8.926875888109207,6.0467012345790865,87000,6.500000000000001e-05,0,23.42740915167521,17.074017763137817
0.7761820250749588,0.1526759187504649,0.1489903275296092,0.21114776585251094,0.2056424218416214,25.569638209342955,8.37903299689293,6.454271454811096,87200,6.400000000000001e-05,0,22.946963571230846,17.43150019645691
0.7666252943873405,0.15420675478875637,0.1523758514598012,0.21390917275100946,0.2029400523006916,24.484457483291624,8.972819471359253,5.96005793094635,87400,6.3e-05,0,20.362262277562717,19.644182682037354
0.7780116531997919,0.15647049121558665,0.15604278545826675,0.20864663485437632,0.20638234965503216,24.41477680206299,8.872964329719544,6.655909836292267,87600,6.2e-05,0,20.802490404344024,19.228466987609863
0.8077861976623535,0.14964948602020742,0.14680686835199594,0.19913903187960386,0.20089609529823066,24.031854519844057,8.111306855678558,6.298246062994004,87800,6.1e-05,0,21.245967709204205,18.827101945877075
0.7674856816232204,0.14411582443863152,0.1439073234796524,0.20127178631722928,0.20044337207451463,23.78684284210205,8.6421368932724,6.117163787484169,88000,6e-05,0,21.254959131003762,18.819137573242188
0.7771288312226534,0.15515531871467828,0.1529865023493767,0.19494644626043736,0.20654455855488776,24.645384583473206,8.546561393737793,6.305718183517456,88200,5.9e-05,0,18.505650614483486,21.61501955986023
0.7984917945414781,0.15200771611183883,0.15164466470479965,0.1922383243776858,0.20782122172415257,26.779160656929015,8.793361778259277,5.988871940374374,88400,5.8e-05,0,21.51207791393,18.594205617904663
0.7511701191961765,0.1492725158855319,0.14846050187945367,0.21668977772817016,0.20206556590273977,23.930963513851164,8.71823617696762,6.192149478197098,88600,5.6999999999999996e-05,0,22.658793153677813,17.653190851211548
0.8027770562469959,0.14985807612538338,0.1475144363939762,0.18976561564952135,0.1918565393704921,26.738229813575746,8.434595897197724,6.57324464738369,88800,5.6000000000000006e-05,0,22.89656220535232,17.469871520996094
0.7848227658867836,0.1502372593060136,0.14786069504916668,0.20311174245551228,0.19734781817533076,24.828756785392763,9.057963703870774,6.454735188484192,89000,5.500000000000001e-05,0,23.57338922493178,16.96828556060791
0.8060729044675827,0.14652809776365758,0.14581748481839896,0.1947853891737759,0.19701431090943516,24.61484920501709,8.944509305953979,6.945645840167999,89200,5.4000000000000005e-05,0,22.386449077862167,17.86795210838318
0.7863276297599078,0.14829719979315997,0.14529857877641916,0.19623740566894413,0.20436649886891245,25.82930483341217,9.269698379039765,6.562705388069153,89400,5.300000000000001e-05,0,22.88369000417908,17.479698419570923
0.7932335264235735,0.14909749664366245,0.14716808907687665,0.19014482831582427,0.1938545386120677,23.972845692634582,8.621153374910355,6.268051553964614,89600,5.2000000000000004e-05,0,22.69841360466164,17.622376918792725
0.81571344204247,0.1493816167488694,0.14545148313045503,0.19773915279656648,0.20365436118096114,24.50910343170166,9.505697456598282,6.57254830121994,89800,5.1000000000000006e-05,0,22.90265497694823,17.465224027633667
0.7935436003655195,0.14332659918814897,0.14014484573155642,0.20857583383098244,0.20814767476171256,23.923916220664978,9.3478253531456,6.49782051384449,90000,5e-05,0,22.972803218544556,17.411893367767334
0.779824566245079,0.14269457008689643,0.13882971853017806,0.19173666037619114,0.19820984732359648,24.061228861808775,9.695510892868041,6.040386927127838,90200,4.9e-05,0,22.65148493511352,17.658886432647705
0.7828253002464771,0.14717727184295654,0.14385097283869983,0.19598139190115035,0.2040013510733843,25.815834970474242,9.174985939264298,6.133861962556839,90400,4.8e-05,0,22.851980324639687,17.503953456878662
0.7941112358868122,0.14655636098235847,0.14445680893957616,0.2031619113124907,0.2010581038147211,25.547181420326233,9.378124338388442,6.154865931272507,90600,4.7e-05,0,23.078873265863795,17.331868648529053
0.8057688433676958,0.14152981325984001,0.14240570973604919,0.19699261801317333,0.20720342561602592,24.547927927970886,9.143298419713974,6.104061490297317,90800,4.600000000000001e-05,0,22.96391395430797,17.418633460998535
0.7689756442606449,0.1483148293942213,0.1474347372353077,0.20656666958704592,0.19838381228968502,25.959555439949035,9.142536336183548,6.090331095457077,91000,4.5e-05,0,22.948619909351862,17.43024206161499
0.7937159031629563,0.14116252899169923,0.13829244628548623,0.1926642964221537,0.21038457960821688,26.25249436855316,9.642618891000748,6.220310474634171,91200,4.4000000000000006e-05,0,22.699684430146352,17.621390342712402
0.7852769187092781,0.14643735341727734,0.14316464457660913,0.20623696005903183,0.19801555588841438,25.377454648017885,9.632435810565948,6.307268507480622,91400,4.3e-05,0,22.83963545051319,17.51341438293457
0.7578081578016281,0.14163009513169528,0.14149513356387616,0.20827852718532086,0.20084469238296151,25.402918004989623,10.166655665636062,5.837316969633102,91600,4.2e-05,0,22.579323336659648,17.715322732925415
0.7648147631436586,0.1402659999206662,0.14359640583395958,0.19464557783678174,0.1987806461006403,24.49732924938202,9.476498699188232,5.967174017429352,91800,4.1e-05,0,21.796443173394987,18.35161805152893
0.788809395879507,0.15066789012402296,0.1495316445454955,0.1953404002636671,0.19960379956290125,24.98660801410675,8.854916384220124,6.0901383519172665,92000,4e-05,0,23.18969522205129,17.249040842056274
0.7829457820206881,0.14065541058778763,0.1379326944053173,0.1926081868261099,0.2019433838594705,26.007815804481506,10.479927119016647,6.336775022745132,92200,3.9000000000000006e-05,0,23.174634918557686,17.260250329971313
0.8089277882874012,0.1415252348035574,0.142022612914443,0.19514020072296262,0.198144768550992,26.809219512939453,9.988355075120927,6.393537112474442,92400,3.8e-05,0,23.282804917239556,17.180060625076294
0.8094110333919525,0.13365578517317772,0.12934469532221557,0.20382961777970196,0.19427326260134578,25.687415466308593,10.219342299699782,6.186077234745025,92600,3.7e-05,0,23.15733346952142,17.27314591407776
0.811362296640873,0.1388735458999872,0.14011617980897426,0.19464991891756653,0.18972506443969905,26.92456081390381,10.228818945884704,5.916715478897094,92800,3.6e-05,0,23.056948665629776,17.34834933280945
0.8031611782312393,0.14492371905595064,0.14494666449725627,0.19409748419187964,0.19473793162964284,25.840775470733643,9.566902552843095,6.413759602308273,93000,3.5e-05,0,23.28479156840753,17.178594827651978
0.7924397318810225,0.14123798847198488,0.1392423052340746,0.19966848010197283,0.2125493654049933,25.709486231803893,11.060511860847473,6.034809855222702,93200,3.4000000000000007e-05,0,23.30003426284464,17.167356729507446
0.750787113904953,0.14047529272735118,0.13818991985172033,0.20906197937205434,0.20138517865911126,28.066492397785186,10.864474714994431,5.850690571069717,93400,3.3e-05,0,23.435954448422,17.067792177200317
0.8317480583488941,0.1405129227042198,0.1383118926733732,0.18716704885475338,0.19169382486492395,26.508804745674134,9.545224204063416,6.05302484035492,93600,3.2000000000000005e-05,0,23.28024810372214,17.181947469711304
0.8088610365986824,0.13773568764328956,0.13763937091454864,0.20003295330330728,0.20729705192148684,25.918272733688354,9.35336734175682,6.528859521150589,93800,3.1e-05,0,23.33759053058818,17.139729976654053
0.745915373712778,0.14318668480962515,0.14025219257920982,0.2026411758735776,0.2013439092040062,26.235297379493712,9.852432787418365,5.976582111120224,94000,3e-05,0,23.360790716034174,17.122708082199097
0.7880586145818234,0.1323554329946637,0.1318619106337428,0.18588543536141514,0.19778331708163022,23.924268202781676,9.418255417346954,6.108262091875076,94200,2.9e-05,0,23.398638547863232,17.095011711120605
0.8167496252059937,0.13634800359606744,0.1333080802485347,0.19370821483433245,0.19076940964907407,25.955699272155762,10.115028094053269,6.01247633755207,94400,2.8000000000000003e-05,0,23.30223519684739,17.165735244750977
0.7963763673603534,0.13597783915698528,0.13505476377904416,0.19196806302294134,0.20559593789279462,25.125248522758483,9.740746301412582,6.016363927125931,94600,2.7000000000000002e-05,0,23.10290094036836,17.31384301185608
0.7662446739524603,0.1382653585448861,0.13855578698217869,0.19444390390068292,0.20887284753844143,26.198799476623535,10.420139731168748,5.625470841526985,94800,2.6000000000000002e-05,0,23.44326176991483,17.062472105026245
0.7879941476881505,0.1352046323567629,0.13589758142828942,0.18340475967153907,0.2036303798109293,25.8123717880249,9.48651649594307,5.775481090545655,95000,2.5e-05,0,23.090511409775313,17.32313299179077
0.7695711810886859,0.1362462204322219,0.1349481135047972,0.19540531587786972,0.19492807785049082,25.108480100631713,10.809859828948975,5.871042830944061,95200,2.4e-05,0,23.05624776622714,17.34887671470642
0.782195775359869,0.136632655672729,0.1371844955906272,0.20640778785571456,0.20011401250958444,27.168701777458192,11.388669921159744,5.522027494311333,95400,2.3000000000000003e-05,0,22.58837802858359,17.708221435546875
0.7848324072360993,0.13747673392295837,0.13781421065330504,0.18996934038586916,0.20593571120873094,26.74760721683502,9.871632016897202,5.859222685098648,95600,2.2000000000000003e-05,0,23.243472384043,17.2091326713562
0.7715811408311128,0.13577011089771987,0.13565677672624588,0.2047807287517935,0.2178192844800651,25.851743054389953,10.769474424123764,6.222829743623733,95800,2.1e-05,0,23.202357983088426,17.23962712287903
0.8110403885692358,0.13714292898774147,0.13730067195370793,0.18784154674038292,0.18953883346170186,26.444350209236145,10.285344347953796,5.681848941445351,96000,2e-05,0,23.267452448406367,17.191396474838257
0.7820571555197239,0.1362360602244735,0.1345759643986821,0.20104957370087503,0.19896998781710862,27.19627371311188,10.184236233234406,6.046822035312653,96200,1.9e-05,0,22.967420099780842,17.415974378585815
0.8025892369449139,0.13467736825346946,0.13483200211077928,0.19535096272826194,0.1998792480211705,24.041145887374878,9.686972506046295,5.779238182902336,96400,1.8e-05,0,23.329113557938108,17.145957946777344
0.7591965718567372,0.1330477249622345,0.13075554683804513,0.19903935326263308,0.20277268861420453,25.752414655685424,10.177384444475173,5.737767291069031,96600,1.7000000000000003e-05,0,23.328130352638173,17.1466805934906
0.7800025978684425,0.13323009625077248,0.1344799169525504,0.19303902184590696,0.2001875621266663,24.964660165309905,10.075435525178909,5.7636005818843845,96800,1.6000000000000003e-05,0,23.308000501191273,17.161489248275757
0.7630556727945804,0.13187697175890206,0.133240802641958,0.19241239219903947,0.19595558832399548,24.83895062446594,10.183851611614227,5.879546715021133,97000,1.5e-05,0,23.273508226101946,17.186923265457153
0.7602040430903435,0.13266403555870057,0.13175229601562022,0.20830833291634918,0.1960627740994096,25.21872528553009,10.896921143531799,5.9418084585666655,97200,1.4000000000000001e-05,0,23.150099465356462,17.27854347229004
0.7811819316446781,0.13436481937766076,0.13646858908236026,0.1968903673812747,0.19930626146495342,26.11703076839447,10.326679841279983,5.741282604932785,97400,1.3000000000000001e-05,0,23.271438281623723,17.188452005386353
0.8289368359744549,0.13659076642245055,0.1361982986330986,0.17867858357727529,0.190027463324368,27.57809410095215,9.443556663990021,5.793497350215912,97600,1.2e-05,0,23.218852729420092,17.22738003730774
0.8008323800563812,0.13175359085202218,0.13234167490154505,0.18966776305809618,0.2085466413293034,24.648159408569335,9.925970333814622,6.200522978305816,97800,1.1000000000000001e-05,0,23.269146664096557,17.190144777297974
0.7744661682844162,0.12822135899215936,0.12933733262121677,0.19457329304888846,0.19443899050354957,25.04824779510498,10.1878233730793,5.634485656023026,98000,1e-05,0,23.316488058163472,17.155242204666138
0.7532175588607788,0.13873451344668866,0.13573442462831736,0.1892767872288823,0.1884550143405795,26.049420957565307,10.083529280424118,5.405487483143807,98200,9e-06,0,22.909768613496723,17.459800958633423
0.8077313843369484,0.13518490355461835,0.13677274785935878,0.19262381717562677,0.20142035380005838,25.945159940719606,9.963811966180801,6.088543938398361,98400,8.000000000000001e-06,0,23.172539315739208,17.26181125640869
0.8035817818343639,0.1290639740973711,0.12949809931218625,0.19146016013808548,0.19787588698789477,25.09174812793732,9.931105514764786,5.743651500940323,98600,7.000000000000001e-06,0,23.298883962136337,17.168204307556152
0.7834055333584548,0.13186483033001423,0.13181423518806695,0.1936557986214757,0.1971863472647965,24.778266282081603,10.064738570451736,5.785196170210838,98800,6e-06,0,23.20174254916201,17.240084409713745
0.7817962782084942,0.13266510006040336,0.13214434389024973,0.19432260209694505,0.19340247998014093,25.66980532646179,10.363685812950134,5.741967837810517,99000,5e-06,0,22.80040054910518,17.543551445007324
0.8220372366905212,0.13279695760458707,0.13435338079929351,0.18620642354711892,0.18699816215783358,27.70014943122864,10.410787675380707,5.689577654600144,99200,4.000000000000001e-06,0,23.411045785594364,17.085951805114746
0.7809079103171825,0.13395159743726254,0.13560134356841444,0.19116728993132712,0.20130755180492999,27.665803780555724,10.551300705671311,5.829348766803742,99400,3e-06,0,23.26694294112617,17.191772937774658
0.7493772618472576,0.1334491654485464,0.13683525584638118,0.1929474076256156,0.1910398025624454,26.00060803413391,10.517233281135558,5.924080758094788,99600,2.0000000000000003e-06,0,23.296298384290523,17.170109748840332
0.7987611611187458,0.1330562789365649,0.1327033791691065,0.202242452185601,0.18946609318256377,26.809452562332154,10.43365560412407,5.425906085968018,99800,1.0000000000000002e-06,0,22.988897479716467,17.39970350265503
0.7716510717570781,0.12973192151635884,0.13234618596732617,0.18735494498163463,0.19887228786945343,26.25549915790558,10.020425633192062,5.949736021757126,100000,0.0,0,23.147699141843596,17.280335187911987
0.788988064005971,0.15420892421156168,0.148431464843452,0.2215093589760363,0.22127116208896042,26.074368910789488,12.134489794969559,8.071684966087341,100200,9.900000000000001e-05,0,5.300808159205222,75.46019172668457
0.8531040073931218,0.16236052967607975,0.16230167459696532,0.21724688954651356,0.2139010681025684,25.397274260520934,11.406156083345413,7.783716540336609,100400,9.8e-05,0,10.419301850678814,38.39028811454773
0.7508080757409334,0.16553469315171243,0.1658960948511958,0.22101884424686433,0.21251258715987206,24.76458486318588,10.950599073171615,6.726236001253128,100600,9.7e-05,0,10.170029464821411,39.33125281333923
0.7980252628028393,0.16120399475097658,0.16128409404307603,0.20741150250658394,0.21176487136632205,22.44736307621002,9.451030682325364,7.369045490026474,100800,9.6e-05,0,10.308763935331426,38.80193614959717
0.7941214521229267,0.16094213169068097,0.16417113214731216,0.2181200629658997,0.202360925655812,23.87692611217499,10.435616805553437,6.827317757606506,101000,9.5e-05,0,9.53183417205993,41.964641094207764
0.772098014689982,0.15418483316898346,0.1612862463667989,0.1993433555215597,0.22351553458720447,21.842674608230592,9.566935118436813,6.878837893009186,101200,9.4e-05,0,11.822867911485808,33.832738637924194
0.7941151417791843,0.1622809727117419,0.1712374234572053,0.20988291127607225,0.211354118604213,24.704469599723815,9.869699667692185,7.023465905189514,101400,9.300000000000001e-05,0,10.862499381599145,36.82393765449524
0.8080566760152579,0.15565208286046983,0.16409946221858263,0.21353107634931803,0.20389976317062974,22.038802137374876,10.003056244850159,7.040777646303177,101600,9.200000000000001e-05,0,10.599793706927205,37.73658347129822
0.7437428653240203,0.14666076730936767,0.1626441553607583,0.20962974643334747,0.21779241002164781,21.04434115886688,9.502415246963501,6.7205958330631255,101800,9.1e-05,0,10.461016296628179,38.237202644348145
0.7429146241396666,0.15480892956256867,0.1649563581869006,0.21200841248035432,0.21940838757902384,22.476796445846556,8.81683442234993,6.673712961673736,102000,9e-05,0,10.477737916421878,38.17617917060852
0.7872713352739811,0.15338913198560478,0.1602914119884372,0.19370251186192036,0.1983977155201137,21.651389355659486,9.032031401395798,7.124429973363877,102200,8.900000000000001e-05,0,10.340845842316662,38.68155527114868
0.7461849194020033,0.14999155748635531,0.16376701734960078,0.20102548522874714,0.20218527077697218,22.564581427574158,9.88321323633194,7.125241287946701,102400,8.800000000000001e-05,0,10.120037895998765,39.52554368972778
0.7606630584597588,0.15583532534539699,0.16719803631305694,0.20890780521556734,0.21834190325811506,23.612681584358214,10.145027405023574,6.9410737299919125,102600,8.7e-05,0,10.588719747360956,37.77604937553406
0.7743691267073154,0.15534476980566977,0.16179503615945579,0.2134506567940116,0.21704726623371243,22.530692105293273,9.466002657413483,6.69343414068222,102800,8.6e-05,0,9.833091098093629,40.67896819114685
0.7599062730371952,0.15985775101929903,0.16428409848362208,0.2114798832498491,0.21226035425439477,21.671956939697267,9.119108197689057,6.250684018135071,103000,8.5e-05,0,10.146242317655664,39.42346215248108
0.7389942288398743,0.1553877415880561,0.16964838948100805,0.2123182768188417,0.20848254777491093,21.46131430864334,9.694641424417496,6.493349716663361,103200,8.4e-05,0,10.40875951010061,38.429171085357666
0.7322713056206703,0.15576846186071636,0.16222820367664098,0.20883719321340322,0.21017353858798743,21.499568076133727,8.374936279058456,6.416688208580017,103400,8.3e-05,0,10.844121480467951,36.88634443283081
0.7399206306785345,0.15449215345084666,0.169543882869184,0.21060327114537358,0.21058359863236548,21.027616753578187,8.660675861835479,6.307293602228165,103600,8.2e-05,0,10.346188941227625,38.6615788936615
0.7662776730954647,0.15775382462888957,0.176163690648973,0.21472131654620172,0.22980620073154567,21.79893660783768,9.589104918241501,6.355913138389587,103800,8.1e-05,0,9.96150474533388,40.15457606315613
0.7014846847951413,0.15434445302933456,0.16409895099699498,0.21567000150680543,0.2233554358780384,20.776896560192107,8.537101154327393,6.214006004333496,104000,8e-05,0,10.535804346308415,37.96577715873718
0.7611791659519076,0.14990836270153524,0.16503199376165867,0.20730072047561407,0.2049889968521893,21.087871842384338,8.628918645381928,6.270025328993797,104200,7.900000000000001e-05,0,10.585729311994186,37.786720991134644
0.7637024916708469,0.1533620547503233,0.1689013133198023,0.20992329224944115,0.21726637728512288,21.469429552555084,9.854389754533768,6.370558765530586,104400,7.800000000000001e-05,0,10.483625140785394,38.15474081039429
0.7502411876618862,0.14969170346856117,0.16335464790463447,0.19989438639953733,0.21410964198410512,21.760697226524353,8.99262899518013,6.232943838834762,104600,7.7e-05,0,10.497928411269713,38.102755546569824
0.7684090772271156,0.1503810454532504,0.16355893276631833,0.188779082512483,0.21071706341579557,21.61121650695801,9.500989882349968,6.3159466183185575,104800,7.6e-05,0,10.812027735893551,36.99583554267883
0.7416417019441723,0.15372284799814223,0.16230960249900817,0.20848798386752607,0.209543372746557,21.658302340507507,9.268609721660614,6.191974494457245,105000,7.500000000000001e-05,0,10.831501388941238,36.92932176589966
0.733370095193386,0.15262967079877854,0.16976073153316976,0.20844170393422246,0.2158527242206037,22.800441915988923,9.693934285640717,6.44528036236763,105200,7.4e-05,0,9.50874527773207,42.0665385723114
0.7618193094432354,0.14823020707815884,0.16476204026490449,0.20725644571706653,0.20097857931628824,22.430923409461975,9.339133489131928,6.236937111616134,105400,7.3e-05,0,9.850269089365238,40.6080276966095
0.7666515388339757,0.15240894377231598,0.16527286369353533,0.20909106252714993,0.20050761388614774,22.662698409557343,10.097566566467286,6.373889923095703,105600,7.2e-05,0,10.373563620471653,38.55955529212952
0.7687129954993724,0.14753992859274148,0.167985022328794,0.20556751020252706,0.21315286269411446,21.735493581295014,9.391702265739442,6.518594584465027,105800,7.1e-05,0,10.676472969185125,37.465556383132935
0.7661735163629055,0.14817714978009464,0.16471296068280936,0.20645092686638236,0.21203040884807706,23.1612211227417,9.819165196418762,6.345460320711136,106000,7e-05,0,10.564720456574426,37.861863136291504
0.7328005336225033,0.14371469397097825,0.1642970483377576,0.19838184060528874,0.21532974857836962,22.811518678665163,9.311438366174698,6.546305737495422,106200,6.9e-05,0,10.670122511424871,37.48785448074341
0.7120069710910321,0.14303071934729814,0.15851282585412263,0.19936115470714866,0.22351760703139006,21.787034497261047,9.660801123380661,6.334391548037529,106400,6.800000000000001e-05,0,10.743870200503384,37.23053169250488
0.7426839777454733,0.1588849263265729,0.17498235821723937,0.20402753960341216,0.2107854993827641,23.95159516334534,9.242168270349502,5.961203793287277,106600,6.7e-05,0,9.895482413892141,40.42248606681824
0.7194245752692222,0.1429294979944825,0.15995213475078343,0.21242270512506367,0.20132226530462505,21.536414461135863,9.508862986564637,6.099965773820877,106800,6.6e-05,0,9.879897980133657,40.48624801635742
0.7331275650858879,0.14596797935664654,0.15933055408298968,0.21283488683402538,0.21959137495607137,22.486236414909364,9.36587015390396,5.837760158777237,107000,6.500000000000001e-05,0,10.20810888093917,39.18453502655029
0.7490755827724933,0.14562494125217199,0.15958159539848565,0.21562512914650142,0.2092649082839489,22.314142622947692,9.526901017427445,6.129363970756531,107200,6.400000000000001e-05,0,10.355534429832275,38.62668824195862
0.7204800237715244,0.14699786115437746,0.16434459295123816,0.21268766870722175,0.21196116419509053,21.6079244184494,9.363374606370925,5.904121391773224,107400,6.3e-05,0,10.52027683102741,38.02181315422058
0.7434350144863129,0.14999729480594395,0.16751905843615533,0.20895856840535998,0.20822624012827873,21.73582218885422,9.462593367099762,6.469757597446442,107600,6.2e-05,0,10.439048390168512,38.31766891479492
0.7798478601872921,0.14280119463801383,0.159252892434597,0.2007033553160727,0.20268280766904354,21.657757561206818,9.182080401182175,6.03436137676239,107800,6.1e-05,0,10.111015678676601,39.56081295013428
0.7436745749413967,0.14052776083350182,0.15487567849457265,0.20386370610445737,0.20621708488091828,22.83289161205292,9.491305547952653,6.232003154754639,108000,6e-05,0,10.24778860706004,39.032811403274536
0.7470166125148535,0.1492084340751171,0.16350279569625856,0.19643005959689616,0.2142676455527544,23.095043067932128,9.582032915353775,6.230335323810578,108200,5.9e-05,0,10.602077311814428,37.72845530509949
0.7593017352372408,0.14403094161301852,0.16486072219908238,0.19408183306455612,0.21562004417181016,23.130323991775512,9.435013719797134,5.881268688440323,108400,5.8e-05,0,10.390181628341777,38.497883319854736
0.7265649591386318,0.1452014731988311,0.1638889389485121,0.22407658265903593,0.20739355980418622,21.71185540676117,9.66304917216301,5.997999181747437,108600,5.6999999999999996e-05,0,9.885979070879248,40.46134400367737
0.7625999312102795,0.1424374584108591,0.1615346482023597,0.19078018398955465,0.19828878289088606,23.968715300559996,9.097083097696304,6.378952240943908,108800,5.6000000000000006e-05,0,9.803268287048084,40.80271887779236
0.7552827820926905,0.14130088590085507,0.16295667003840208,0.20560198858380319,0.19926870606839656,21.112895069122313,9.558269948959351,6.121487842798233,109000,5.500000000000001e-05,0,9.905077961736781,40.38332676887512
0.7681809374690056,0.14230335462838412,0.16613126218318938,0.19820118678733706,0.20296060953289272,23.130279746055603,9.897550481557847,6.7319495964050295,109200,5.4000000000000005e-05,0,9.857853254902018,40.57678580284119
0.7633039239048958,0.1432250651344657,0.15899321105331182,0.198950821608305,0.2117086361348629,23.03831328868866,9.748428947925568,6.372707226276398,109400,5.300000000000001e-05,0,9.734891568241249,41.08931231498718
0.7607425551116467,0.14131662767380476,0.15796068742871283,0.19585468774661421,0.2033962969016284,20.284973459243773,8.898562099933624,6.1891142427921295,109600,5.2000000000000004e-05,0,9.833215180366345,40.678454875946045
0.7848131449520588,0.14356955613940955,0.15594630051404237,0.1990385758690536,0.2082930757664144,21.47743498802185,10.04560512304306,6.401635577678681,109800,5.1000000000000006e-05,0,9.69751237415433,41.24769163131714
0.768549093157053,0.14036295920610428,0.15651442799717188,0.20928036341443657,0.21261151310056448,22.527588863372802,9.43742951631546,6.328684021234512,110000,5e-05,0,9.69278025886918,41.267829179763794
0.7605238482356071,0.1368804406374693,0.15460154175758362,0.1907716077566147,0.20609830350615085,21.559617059230803,9.74667408823967,5.888532351255417,110200,4.9e-05,0,9.887535898654114,40.454973220825195
0.7475523410737515,0.14105850629508496,0.1568800015375018,0.19927106001414358,0.20953238630667329,22.603928990364075,9.251408338546753,5.976951971054077,110400,4.8e-05,0,9.91046699188592,40.36136746406555
0.7729087025672198,0.13992838501930238,0.15680605724453925,0.2001132017560303,0.2049965718295425,23.10816023349762,9.839413599967957,5.912709903717041,110600,4.7e-05,0,9.191272951302484,43.519543170928955
0.7652318537980318,0.13744874380528926,0.15810431756079196,0.1984779080748558,0.21344741091132163,21.848187696933746,10.015386176109313,6.011922274827957,110800,4.600000000000001e-05,0,9.921522224943768,40.316394090652466
0.7464844073355198,0.14088470172137021,0.16244129598140716,0.20582975126802922,0.20203090460971,22.992209610939025,9.83587375164032,5.871247695684433,111000,4.5e-05,0,9.940865734744476,40.23794412612915
0.770013618171215,0.1350484249740839,0.1499652475863695,0.19566008780151606,0.2154413776472211,23.969909913539887,10.10418121099472,5.9867926585674285,111200,4.4000000000000006e-05,0,9.84725754326783,40.62044668197632
0.7533425781875849,0.14000313401222228,0.1566532365232706,0.2053516430594027,0.20316799918189646,23.526783094406127,10.379888556003571,6.201295512914657,111400,4.3e-05,0,9.340468943293288,42.82440233230591
0.7195080441236495,0.13553857028484345,0.156870003528893,0.21067761020734907,0.2066478366777301,22.393972487449645,10.41062329530716,5.932687780857086,111600,4.2e-05,0,9.9132834331963,40.34990048408508
0.7357268705964088,0.13627582784742118,0.15837013930082322,0.19303735626861454,0.20571084577590226,23.393978214263917,9.899983981847763,5.93622985959053,111800,4.1e-05,0,10.039932769401613,39.840904235839844
0.7629953429102898,0.14367371927946807,0.1626263849809766,0.1990468838624656,0.20837333591654897,22.14277591705322,9.616608092784881,6.236077427864075,112000,4e-05,0,9.930624145335539,40.27944207191467
0.7545769642293453,0.1363351831585169,0.15182968020439147,0.1924904770590365,0.2045940862223506,24.44294135093689,10.940001256465912,6.165157732963562,112200,3.9000000000000006e-05,0,9.92803518724473,40.28994584083557
0.7591277045011521,0.1352386002615094,0.1579244838654995,0.19557191969826818,0.2056877108104527,22.596279423236847,9.946697082519531,6.306532278060913,112400,3.8e-05,0,10.01014915938562,39.959444522857666
0.7652857431024312,0.1265294287726283,0.147789065875113,0.2058099485374987,0.20264048987999558,22.38753981113434,10.506078075170517,5.987896107435226,112600,3.7e-05,0,9.723376090754947,41.13797473907471
0.7751222842931748,0.1338908363878727,0.15712294921278955,0.19661183077841998,0.19757559372112155,24.22358457326889,10.824796764850616,5.857565780878067,112800,3.6e-05,0,9.651679640732256,41.44356369972229
0.7815230433642865,0.13750197410583495,0.15914706323295832,0.19694458119105548,0.20034573009237647,22.73440694332123,10.268926258087157,6.272015540599823,113000,3.5e-05,0,9.53371353477526,41.95636868476868
0.7590954858064651,0.1351350761577487,0.155728546269238,0.2015871318615973,0.2159755031950772,22.68383467435837,12.337004704475403,5.939523599147797,113200,3.4000000000000007e-05,0,9.622141581260147,41.57078719139099
0.7202907461673022,0.1343984880670905,0.1556190574914217,0.2153206016123295,0.210957264713943,24.368547434806825,10.842616146802902,5.84995001912117,113400,3.3e-05,0,9.538709306155305,41.9343945980072
0.7913328233361244,0.13454358115792275,0.15188480328768492,0.19431727005168795,0.20052145428955556,23.81853147506714,10.082929804325104,5.850100568532944,113600,3.2000000000000005e-05,0,9.691116827251571,41.2749125957489
0.7813077457994223,0.13165655191987752,0.1505245191603899,0.20511717032641172,0.21217562410980462,23.13494574546814,9.556205495595933,6.215562366247177,113800,3.1e-05,0,9.768436422897388,40.948211431503296
0.7268952590227127,0.13637232135981323,0.15646023191511632,0.20171626718714833,0.20604475136846304,23.366996371746062,10.0466734957695,5.731025459766388,114000,3e-05,0,9.935424304311027,40.259981632232666
0.7559631786495448,0.12898707572370768,0.1484611288458109,0.19135297054424882,0.2072750368528068,22.09419904470444,9.924101500511169,5.934603769779205,114200,2.9e-05,0,9.876159371245532,40.50157403945923
0.7873064696788787,0.13020581927150487,0.14797650158405304,0.1921875954885036,0.1976072912476957,23.321263008117675,10.187638461589813,5.89025792658329,114400,2.8000000000000003e-05,0,9.911513425429053,40.35710620880127
0.7700502124428749,0.13115644708275795,0.1533680370077491,0.2021207209303975,0.21138029830530286,22.95542049884796,10.20881594657898,5.752904478311539,114600,2.7000000000000002e-05,0,9.901627823889957,40.39739799499512
0.7511756505444646,0.13229480132460594,0.15575867980718613,0.19690630516037344,0.21322924870997667,23.073521723747252,11.057595074176788,5.547796339988708,114800,2.6000000000000002e-05,0,9.913685100884525,40.348265647888184
0.7626463542878628,0.13014626126736403,0.14961059845983982,0.18533038651570677,0.20895041391253472,22.453722755908966,9.74795520544052,5.569708127975463,115000,2.5e-05,0,9.853485369063513,40.594772815704346
0.7434293904900551,0.13045499477535485,0.14775713838636875,0.19800127886235713,0.20121282309293748,21.303802764415742,10.671144961118697,5.684404928684234,115200,2.4e-05,0,9.89210089739899,40.43630409240723
0.751354278922081,0.13074706114828585,0.15199462085962295,0.20756454550661146,0.2072204248700291,23.807122530937196,11.176086770892143,5.388982194066048,115400,2.3000000000000003e-05,0,9.875689003211338,40.50350308418274
0.7510201509296894,0.1321191055327654,0.15235685151070355,0.19600919521413743,0.20931860126554966,23.694790685176848,10.368851310014724,5.544647101163864,115600,2.2000000000000003e-05,0,9.814007215217623,40.75807070732117
0.7460432226210832,0.1302690364792943,0.15110859755426645,0.20789149602875112,0.22176618043333293,22.893087792396546,10.983085391521454,6.146772221326828,115800,2.1e-05,0,9.886756287364499,40.458163261413574
0.7713239549100399,0.13168925497680903,0.15604052323848008,0.19265813357196748,0.19738272020593287,23.14098575592041,10.403411337733269,5.661828159093857,116000,2e-05,0,9.950064096044134,40.200746059417725
0.7507137100398541,0.12843939229846002,0.14973592024296523,0.20359694052487612,0.2083129588328302,22.65845917224884,10.715168597698211,5.953533017635346,116200,1.9e-05,0,10.017667996329724,39.929452657699585
0.7740679548680782,0.12954305861145257,0.15079483818262815,0.20132125329226255,0.2061661651171744,21.24871280670166,9.968533524274825,5.651710385084153,116400,1.8e-05,0,9.243874977211554,43.27189636230469
0.7327727971971035,0.1283885746076703,0.14939287073910237,0.19768944596871735,0.20633527817204594,24.139438610076905,10.496039031744003,5.549180520772934,116600,1.7000000000000003e-05,0,9.976826195215319,40.09291052818298
0.7534227211028337,0.12723725873976946,0.14984938383102417,0.19617378734052182,0.20381040895357727,22.491659240722655,10.469495296478271,5.648675091266632,116800,1.6000000000000003e-05,0,9.935289274478402,40.260528802871704
0.7389982074499131,0.12673610813915728,0.1496950880996883,0.1957010407373309,0.20109464189037682,22.42168520450592,10.831055538654327,5.712828801870346,117000,1.5e-05,0,9.870412222101642,40.52515649795532
0.7254693752527237,0.12619977440685035,0.1474468271806836,0.20829933105036616,0.20530466666445135,21.684470777511596,11.267705875635148,5.869275039434433,117200,1.4000000000000001e-05,0,9.995998851639737,40.016010999679565
0.7587064385414124,0.12759241200983523,0.1509985101222992,0.20023088708519934,0.2027869315445423,23.061780467033387,10.788142153024673,5.635371491909027,117400,1.3000000000000001e-05,0,9.956260019221856,40.17572855949402
0.7869256669282914,0.13063999831676484,0.15438560340553523,0.18382403133437036,0.20059267005883158,24.949835629463195,9.690709927082061,5.739100315570831,117600,1.2e-05,0,9.990131411141753,40.03951334953308
0.7739926066994667,0.12578485663980246,0.14941625755280255,0.19593229666352271,0.21373319271951913,21.514750170707703,10.284366817474366,5.978089909553528,117800,1.1000000000000001e-05,0,10.068478575793304,39.7279486656189
0.7484560999274253,0.12383533407002688,0.14862867087125778,0.2004849450197071,0.20358251748606562,22.688051476478577,10.647248301506043,5.549753432273865,118000,1e-05,0,9.907076339775168,40.37518095970154
0.7334130263328552,0.1323744411394,0.15200129631906747,0.19259963378310205,0.19778053438290955,23.40533093929291,10.3380974984169,5.391527661085129,118200,9e-06,0,10.087152610004358,39.654401540756226
0.7712371896207333,0.1294724653661251,0.15459617767482997,0.19573600869625807,0.20367616575211286,22.721726927757263,10.498190503120423,5.920998556613922,118400,8.000000000000001e-06,0,10.027551534030072,39.89009666442871
0.7729214304685592,0.12303211748600006,0.14477913454174995,0.19408183677121996,0.20311575991101563,21.78543505191803,10.26534518957138,5.681463792920113,118600,7.000000000000001e-06,0,9.991881589062137,40.03250002861023
0.7554904274642468,0.12633120898157357,0.147967664077878,0.19749325910583138,0.20194124011322856,22.415404999256133,10.270391665697097,5.642018449306488,118800,6e-06,0,9.963108823581269,40.14811110496521
0.754750209748745,0.12614935006946326,0.14957585733383894,0.19871768040582538,0.20062306948006153,23.468709280490874,10.627983176708222,5.669571061134338,119000,5e-06,0,9.992721494721783,40.02913522720337
0.7866290502250195,0.12697355791926385,0.15256620693951845,0.191382006239146,0.19207464737817645,25.22111384391785,10.922518815994263,5.638091434240341,119200,4.000000000000001e-06,0,10.037194334888289,39.85177397727966
0.754469999819994,0.12739670000970363,0.15520466685295106,0.19481377128511668,0.2064430144522339,24.79800847530365,10.889093179702758,5.752596286535263,119400,3e-06,0,10.071597831250374,39.7156445980072
0.7199738518893719,0.12818193614482878,0.15577532447874545,0.1967627744562924,0.19657284636050462,23.36903095960617,10.79033554315567,5.813642973899841,119600,2.0000000000000003e-06,0,9.97668048602774,40.09349608421326
0.7601604776084423,0.1278307680040598,0.15075869962573052,0.2061279566027224,0.1976890843734145,23.777036628723145,11.187131774425506,5.416562175750732,119800,1.0000000000000002e-06,0,10.006534790860568,39.973877906799316
0.7462601101398468,0.1246291184425354,0.1503249764442444,0.1930685800779611,0.20506077624857424,23.70776645183563,10.653414977788925,5.734197062253952,120000,0.0,0,9.992112247026657,40.03157591819763
0.7840935588628054,0.13972212724387645,0.1827235196530819,0.22074724409729243,0.2298240751773119,18.04386626005173,12.172566430568695,7.758022761344909,120200,9.900000000000001e-05,0,5.483473105896253,72.94646883010864
0.7969098395109177,0.15147830352187155,0.21875414609909058,0.22413239165209234,0.22666958982124924,17.659780757427214,11.612550541162491,7.430398073196411,120400,9.8e-05,0,10.613774324190206,37.68687629699707
0.695779831558466,0.15485183890908957,0.20296873684972525,0.22898743426427245,0.23268964763730765,15.350729856491089,11.087050251960754,6.598143796920777,120600,9.7e-05,0,10.565859117604363,37.85778284072876
0.7150622379034758,0.15557361040264367,0.20188077345490454,0.2171235810033977,0.22989618198946118,13.660317306518555,9.926829810142516,7.131732705831528,120800,9.6e-05,0,10.745751578946074,37.224013328552246
0.7341145984083414,0.1569305720180273,0.20825143110007047,0.22774019453674554,0.21371187986806034,16.51175915956497,10.874434781074523,6.203236203789711,121000,9.5e-05,0,10.480165360225545,38.1673367023468
0.70441645976156,0.15104329369962216,0.2087195736542344,0.2150317035894841,0.23711357101798058,13.955690495967865,9.434506155252457,6.516236634254455,121200,9.4e-05,0,10.577088865410468,37.81758904457092
0.7059441490471363,0.15624229665845632,0.23423067010939122,0.22124892825260759,0.23099807424470784,16.258347733020784,10.232466274499894,6.679900107383728,121400,9.300000000000001e-05,0,10.600064202316045,37.73562049865723
0.7093568552657962,0.15385676056146622,0.2552713081240654,0.23117347670719027,0.22287413207814097,13.262775402069092,10.141698956489563,6.598835235834121,121600,9.200000000000001e-05,0,10.499969280302993,38.09534955024719
0.6804570651054382,0.1501983942463994,0.2431182925403118,0.22257449926808476,0.23132613442838193,13.93471534729004,9.928112161159515,6.012687356472015,121800,9.1e-05,0,10.609006620176457,37.70381283760071
0.6596013966202736,0.15583405673503875,0.2229814198985696,0.22073623006232082,0.23082964083179833,13.428215907812119,8.538110930919647,6.2443829536437985,122000,9e-05,0,10.797091640630128,37.04701352119446
0.7037841095030308,0.1571366886794567,0.20038116917014123,0.20902668547816575,0.2133015145175159,14.42262813091278,9.58545070052147,6.618904730081558,122200,8.900000000000001e-05,0,10.667761139307053,37.49615263938904
0.6652338179945946,0.14970819499343635,0.2563884100690484,0.206846506819129,0.23064129320904614,13.165476081371308,9.082014442682267,7.119249802827835,122400,8.800000000000001e-05,0,10.57792279684824,37.81460762023926
0.692588660940528,0.15518145177513362,0.2633008598536253,0.21866912355646492,0.22463522378355263,15.460117917060852,9.730677946805955,6.201316857337952,122600,8.7e-05,0,10.356024834164845,38.62485909461975
0.6953103391826153,0.15707711592316628,0.22986094407737256,0.22158891964703797,0.22929641919210553,14.163368113040924,10.140146731138229,6.267116669416428,122800,8.6e-05,0,10.304377453484475,38.818453788757324
0.6810379576683044,0.15779081400483846,0.22966749966144562,0.22588152144104243,0.22469685409218074,13.192570054531098,9.16253233075142,5.802563365697861,123000,8.5e-05,0,9.607440906982054,41.63439607620239
0.6617832426726818,0.1570604932308197,0.23936105236411095,0.22308067882433533,0.2286131520010531,12.532980859279633,9.35232235789299,5.982607532739639,123200,8.4e-05,0,9.7490393539891,41.0296835899353
0.6755675203353166,0.15733800876885654,0.23695967137813567,0.22108403246849775,0.23115804452449085,13.594390707015991,8.577924402952194,6.053023964166641,123400,8.3e-05,0,9.68406923125094,41.30495047569275
0.6740740299969912,0.1573132184147835,0.23617381174117327,0.2232847647368908,0.22577615931630135,13.270317583084106,8.54830310344696,5.767761255502701,123600,8.2e-05,0,9.58844979589301,41.71685814857483
0.6551344409584999,0.16241882540285588,0.2770542377233505,0.22215298730880023,0.2432906860858202,14.08993904352188,9.615666080713272,5.823657410144806,123800,8.1e-05,0,9.701551571366279,41.23051834106445
0.6264326685667038,0.1562719913199544,0.238287383466959,0.2209646936133504,0.23830930911004544,13.236282863616943,8.835389331579208,5.319364550113678,124000,8e-05,0,9.822163348675623,40.724225997924805
0.6683665268868207,0.15503290068358183,0.23640987247228623,0.2142830770649016,0.2190728008747101,13.287574973106384,8.488141187429427,5.564141646623612,124200,7.900000000000001e-05,0,10.133777734366173,39.47195315361023
0.6819235183298588,0.15786712307482959,0.26443442776799203,0.22103385236114265,0.231001994702965,14.601847341060639,9.954485422372818,5.825123912096023,124400,7.800000000000001e-05,0,10.40035798046134,38.460214614868164
0.6794488456100225,0.15338356796652078,0.2513528510183096,0.21109407506883143,0.22929130986332893,13.893928031921387,10.031551314592361,5.579535895586014,124600,7.7e-05,0,10.523268546473194,38.011003732681274
0.6757876408100129,0.15123987656086682,0.24075500041246414,0.20054095878265799,0.22440184257924556,13.616812024116516,9.282158321142196,5.6016931939125065,124800,7.6e-05,0,10.540241520270637,37.94979453086853
0.6554066422209144,0.16231403436511754,0.23868729650974274,0.22016789449378849,0.22268274519592524,13.742280569076538,9.366799445152283,5.729567909240723,125000,7.500000000000001e-05,0,10.465981584239259,38.219062089920044
0.6525857058912515,0.15898781899362802,0.26777378015220166,0.22131279097869994,0.23403570715337993,14.323203907012939,9.482937602996826,5.803093752861023,125200,7.4e-05,0,10.423595824370096,38.374473333358765
0.6693908301740885,0.15040521688759326,0.24141489684581757,0.21789662435650825,0.21897077716886998,13.461643304824829,9.163737235069275,5.580400451421737,125400,7.3e-05,0,10.421902528009038,38.38070821762085
0.6699841137230397,0.1541854438185692,0.2684220476448536,0.21983427356928587,0.22148263853043318,14.004466724395751,9.760032229423523,5.666088277101517,125600,7.2e-05,0,10.404548854597765,38.44472312927246
0.6878286156803369,0.15349098805338143,0.2608659490197897,0.2107053431123495,0.233037570733577,15.161975469589233,9.655252408981323,5.769106494188309,125800,7.1e-05,0,9.65430344976558,41.432300329208374
0.673507921025157,0.15489228293299676,0.2663759170472622,0.2199737907014787,0.23280692856758833,15.68510500907898,10.460586552619935,5.803303763866425,126000,7e-05,0,9.578804541759933,41.758864402770996
0.6634565695375204,0.14868906747549773,0.2805893911421299,0.21330700445920228,0.23295410916209222,15.52420425415039,9.992433774471284,5.706662166118622,126200,6.9e-05,0,9.924081781378433,40.30599594116211
0.6346805404126644,0.14865282867103816,0.2538509833812714,0.21768622361123563,0.2345008753798902,14.207779495716094,9.903745577335357,5.424756859540939,126400,6.800000000000001e-05,0,10.573495228769342,37.83044219017029
0.6739386635273695,0.16410531103610992,0.29386379435658455,0.21499591941013932,0.22446112096309662,15.183685655593871,9.100932763814926,5.537529536485672,126600,6.7e-05,0,10.098296565642265,39.61064100265503
0.6418232633173466,0.14772591691464185,0.25076123237609865,0.21873108461499213,0.2193942191824317,12.916896812915802,9.37168104171753,5.5293337500095365,126800,6.6e-05,0,10.077530089422346,39.69226551055908
0.6413797028362751,0.1518892078846693,0.25053256683051583,0.2200098564568907,0.23745248951017855,14.740944472551346,9.67839338541031,5.2252355527877805,127000,6.500000000000001e-05,0,10.06432893218023,39.74432897567749
0.6624882489442825,0.15145329881459474,0.2670106976479292,0.2250242212973535,0.22520926930010318,14.255111191272736,9.74714156150818,5.383060038089752,127200,6.400000000000001e-05,0,10.077363748972756,39.69292068481445
0.6398817064613104,0.15237386789172888,0.2605248833447695,0.22141538808122277,0.22824559420347212,14.12345207452774,9.349311621189118,5.228524210453034,127400,6.3e-05,0,9.55085889562729,41.88105010986328
0.6740320005267858,0.1550956939905882,0.2770998178422451,0.2146384816430509,0.2248617709055543,14.219077796936036,9.595837230682372,5.640490198731422,127600,6.2e-05,0,9.612652395563375,41.61182403564453
0.6830980711430311,0.1499966061860323,0.2575946559756994,0.21070446524769068,0.21584447775036097,13.99297367334366,9.31800443649292,5.262678632736206,127800,6.1e-05,0,10.183990662001131,39.27733373641968
0.651887624412775,0.14650995820760726,0.2604477788135409,0.2132629762403667,0.2279988933354616,14.106192927360535,9.927325491905213,5.331801567077637,128000,6e-05,0,9.95318273436851,40.18814992904663
0.673060501664877,0.1520049462839961,0.25056715242564676,0.2104828120023012,0.22993365239351987,15.197817616462707,9.845130074024201,5.420897825956344,128200,5.9e-05,0,10.044547837302044,39.822598934173584
0.6824051037430763,0.15208205923438073,0.24131607085466386,0.20371641516685485,0.22985517628490926,15.499235792160034,8.947137501239776,5.25520760178566,128400,5.8e-05,0,10.300339974991193,38.833669662475586
0.6527188016474247,0.1506422967836261,0.2675360000133514,0.2274210226163268,0.22218970954418182,14.569525978565217,9.964603687524795,5.17522585272789,128600,5.6999999999999996e-05,0,9.903450072139835,40.38996481895447
0.6655088444054127,0.14877650123089553,0.25193065896630285,0.20566389918327332,0.22161388399079443,15.85864651441574,9.373618413209915,5.561731432676315,128800,5.6000000000000006e-05,0,9.978119076032717,40.08771562576294
0.6606317745894194,0.14570184756070376,0.2846958189457655,0.2166797616146505,0.21711350305005908,13.40407958984375,10.12972546696663,5.4452695882320405,129000,5.500000000000001e-05,0,10.232747764862303,39.090184688568115
0.6841971880197525,0.14626746952533723,0.27709650337696073,0.21403286829590798,0.21934395451098682,15.274715113639832,10.124025613069534,5.8124457192420955,129200,5.4000000000000005e-05,0,10.283692827346854,38.896533250808716
0.6756418170034886,0.14533862296491862,0.26021805584430696,0.21418212324380875,0.2284017402678728,14.792612030506135,9.681400529146195,5.63989765882492,129400,5.300000000000001e-05,0,10.264009789207716,38.97112417221069
0.674751798659563,0.1479894307255745,0.2442054346948862,0.2085103972442448,0.21865475874394177,13.435401282310487,9.0670361161232,5.383175484538079,129600,5.2000000000000004e-05,0,10.184565603365247,39.27511644363403
0.680489277690649,0.1468285273015499,0.24763443596661092,0.21213579513132572,0.22816503224894405,14.20091596364975,10.050907156467439,5.646441094875335,129800,5.1000000000000006e-05,0,10.00399182577596,39.984039068222046
0.6926618127524853,0.1453071827068925,0.26909046158194544,0.22248339146375656,0.22923598730936645,15.115913271903992,9.842497063875198,5.327122269868851,130000,5e-05,0,10.174815970532919,39.31275033950806
0.6458501145243645,0.14283978808671235,0.28277848914265635,0.2048872648179531,0.2286022325605154,13.691477843523025,9.932068274021148,5.1501483058929445,130200,4.9e-05,0,10.021087855628236,39.915826082229614
0.6626031665503979,0.1434085464850068,0.2761076384410262,0.21431409198790788,0.22395980060100557,14.551620988845825,9.615443868637085,5.26566657781601,130400,4.8e-05,0,10.330790523194079,38.719205379486084
0.6744619119167328,0.14586870245635508,0.268068997785449,0.21185872506350278,0.22045297373086215,14.759094741344452,9.592743492126464,5.350464804172516,130600,4.7e-05,0,10.33866897793365,38.68969988822937
0.6471205098927021,0.14453050911426543,0.260727811679244,0.21258972600102424,0.233503013253212,13.815132509469986,10.42771029829979,5.259550117254257,130800,4.600000000000001e-05,0,10.282550327952563,38.90085506439209
0.6666128551959991,0.14810519315302373,0.27344702996313575,0.21625844931229948,0.21873827546834945,15.687544000148772,9.693344779014588,5.0866614818573,131000,4.5e-05,0,10.192802484409093,39.243377923965454
0.6817811742424965,0.14150563675910235,0.23975490435957908,0.21499434296041728,0.23059325989335774,15.918895952701568,10.122136509418487,5.154192838668823,131200,4.4000000000000006e-05,0,10.291572373196772,38.8667528629303
0.6665659226477146,0.14254888892173767,0.25108896009624004,0.21440887864679098,0.22342103105038405,15.072415142059326,9.484002249240875,5.2576495242118835,131400,4.3e-05,0,10.40599331351744,38.43938660621643
0.6668750101327896,0.1405675581097603,0.27538762889802454,0.22262947147712112,0.22359807711094618,16.541094858646392,10.512169703245164,5.262639893293381,131600,4.2e-05,0,10.293445562206223,38.85967993736267
0.6617110380530358,0.13977973718196154,0.2513446757942438,0.2039862161129713,0.22494869701564313,14.89372130870819,9.646756204366683,5.144420440196991,131800,4.1e-05,0,10.14754897871288,39.41838574409485
0.6759977100789547,0.1485896499082446,0.2554629322886467,0.21193758804351093,0.22806285303086044,14.672344944477082,10.263285185098647,5.492786412835121,132000,4e-05,0,10.297043951731306,38.846100091934204
0.6735628364980221,0.14062669359147548,0.2548346093297005,0.20615465516224504,0.22084565488621594,15.3923579454422,10.820370272397994,5.322921785116196,132200,3.9000000000000006e-05,0,10.323357520477744,38.74708390235901
0.6541702511161566,0.14170050464570522,0.2624260398745537,0.20668043840676545,0.2265161594003439,14.405748608112335,9.901068674325943,5.2703568983078,132400,3.8e-05,0,10.174300559499278,39.31474184989929
0.6625019187480211,0.13151754539459945,0.2723159930855036,0.21298868717625738,0.21837662624195217,14.780999121665955,9.775111479759216,5.188541758060455,132600,3.7e-05,0,10.18516404407887,39.27280879020691
0.6931591066718101,0.13912341270595788,0.2687255360931158,0.21002349874004722,0.2213065604493022,16.498546533584594,10.433348734378814,5.1937295794487,132800,3.6e-05,0,11.079394219252398,36.10305690765381
0.6828785252571106,0.14348199114203453,0.25537229381501675,0.2089658196642995,0.22430854823440313,15.270105288028716,10.013068752288818,5.373238490819931,133000,3.5e-05,0,9.04533344467014,44.22169756889343
0.6831791563332081,0.14120842274278403,0.2514403010904789,0.2130459624156356,0.23041882131248712,14.471600418090821,12.275449662208556,5.230295140743255,133200,3.4000000000000007e-05,0,7.606954065724724,52.58346462249756
0.6555744866281747,0.13862700674682857,0.2762058040499687,0.22152294255793095,0.22761316232383252,16.261714630126953,10.029365757703781,5.12344331741333,133400,3.3e-05,0,9.637016013640054,41.50662398338318
0.6961801200360059,0.14015460651367903,0.2420935033261776,0.2118651677854359,0.220461332090199,15.56448661327362,9.919650597572327,5.123593063354492,133600,3.2000000000000005e-05,0,10.584946305511712,37.78951621055603
0.6896571530401707,0.13618153922259807,0.24505327343940736,0.21153083739802242,0.2265573157556355,14.925388753414154,9.126066477298737,5.126876045465469,133800,3.1e-05,0,8.378533860349663,47.74104952812195
0.6545194897055626,0.14278175834566353,0.2803095979988575,0.21006868166849016,0.22706238109618426,15.321605806350709,9.68013063788414,4.896561414003372,134000,3e-05,0,9.508923718408896,42.065749168395996
0.6555546043813228,0.1329522990435362,0.259410689920187,0.2057333716750145,0.2252532910183072,13.547282750606536,9.572105062007903,5.104822680950165,134200,2.9e-05,0,9.87683346331943,40.498809814453125
0.7111117504537106,0.1362457474693656,0.24980853833258151,0.20191959366202356,0.2203279173374176,16.29824224948883,10.028478323221206,5.2255513691902165,134400,2.8000000000000003e-05,0,9.64675273335325,41.46473026275635
0.6826791889220476,0.13921604759991169,0.2748046196997166,0.2104344902187586,0.23028167445212602,16.419086854457856,10.39047117948532,5.059982123374939,134600,2.7000000000000002e-05,0,8.661070511155739,46.18366742134094
0.687515457123518,0.13774022553116083,0.2650750683993101,0.2029899002239108,0.22740703094750642,15.703323574066163,11.04681435585022,4.903099015951157,134800,2.6000000000000002e-05,0,8.592357015279049,46.55300045013428
0.6818713776767253,0.13563573405146598,0.2517706010863185,0.19753714360296726,0.2232523502036929,15.42574392080307,9.958158857822418,4.797806701660156,135000,2.5e-05,0,9.038667132431012,44.25431251525879
0.6736146176606417,0.13710914395749568,0.24502646140754222,0.2133144693635404,0.21843470595777034,13.077810715436936,10.126727567911148,4.9256255292892455,135200,2.4e-05,0,8.796471348053807,45.472779273986816
0.678226958066225,0.13800617158412934,0.24565615087747575,0.21200743173249065,0.22602938160300254,16.42103980779648,11.483629305362701,4.611415388584137,135400,2.3000000000000003e-05,0,9.025830651128285,44.31725072860718
0.6491802074760199,0.13840905535966158,0.2324514138326049,0.2081647251546383,0.22465009400621055,15.821237077713013,10.618286130428315,4.6900572586059575,135600,2.2000000000000003e-05,0,9.447113731345203,42.3409743309021
0.6731808801740408,0.13627201728522778,0.2441268702968955,0.21417633727192878,0.2337899834662676,15.307013115882874,10.300221455097198,5.304556444883347,135800,2.1e-05,0,9.564118775168945,41.82298541069031
0.692231635004282,0.1372413893416524,0.2620449922978878,0.19818828152492643,0.21963413033634424,16.892824640274046,10.973785603046418,4.945834590196609,136000,2e-05,0,9.250716345088533,43.23989462852478
0.6737265826761722,0.1337137110903859,0.26016744032502176,0.2090316978096962,0.22640308318659663,14.546368520259858,10.308610008955002,4.953249333500862,136200,1.9e-05,0,9.88756258707641,40.45486402511597
0.681737237945199,0.13576269574463368,0.2662417199462652,0.21021137945353985,0.22998258857056497,13.868395929336549,9.736266560554505,5.058618649244308,136400,1.8e-05,0,8.790973770496992,45.501216411590576
0.6779685570299625,0.13294468395411968,0.28223380364477635,0.20393984574824572,0.22491959985345603,17.552184710502626,10.212122542858124,4.704054189920425,136600,1.7000000000000003e-05,0,8.784191594925401,45.53634738922119
0.6959624354541302,0.1328634935989976,0.2570727914571762,0.20649058643728493,0.22132222153246403,14.525098462104797,9.913359369039535,4.919491599798203,136800,1.6000000000000003e-05,0,9.0118716572588,44.3858962059021
0.669131368175149,0.13473602574318647,0.27583088271319867,0.2031898745894432,0.22334099244326353,15.839494448900222,10.478346821069717,4.887280546426773,137000,1.5e-05,0,7.942196362574864,50.36390209197998
0.6594424638897181,0.13178459487855435,0.27018977724015714,0.2150480577722192,0.22716509066522123,14.767985426187515,11.172534115314484,4.856788849830627,137200,1.4000000000000001e-05,0,8.177428764262975,48.91513109207153
0.689288379251957,0.13284795012325049,0.26758485279977323,0.2072534254193306,0.21702024679630993,16.50004781961441,10.836053336858749,4.818220887184143,137400,1.3000000000000001e-05,0,8.384372843667343,47.707802057266235
0.7061280424892903,0.13630485948175192,0.2690470004081726,0.19737749700434506,0.21983877785503864,18.040046398639678,10.02333544254303,4.989399790763855,137600,1.2e-05,0,9.23441397042671,43.316230058670044
0.69171187505126,0.1310508443787694,0.26464773632586003,0.20478540435433387,0.23390652984380722,14.756362154483796,9.928592573404313,5.138532861471176,137800,1.1000000000000001e-05,0,8.502618204573118,47.04433274269104
0.6787657456099987,0.12913925595581532,0.2681034702062607,0.21347111489623785,0.22901877779513596,15.183657569885254,10.228478500843048,4.748488961458206,138000,1e-05,0,9.498663679160163,42.11118674278259
0.667283469736576,0.13791234694421292,0.27281346268951895,0.20302225526422263,0.22093436874449254,16.54236787557602,10.625448098182678,4.649094845056534,138200,9e-06,0,9.403436611690536,42.5376398563385
0.6930570317804814,0.13370205204933883,0.26835393734276297,0.1999710800498724,0.22071795348078013,15.58678116798401,10.36681512594223,4.856876422166824,138400,8.000000000000001e-06,0,8.961485524572259,44.635456800460815
0.68487220287323,0.12797032482922077,0.26109022960066797,0.20473588015884162,0.22181119695305823,14.355593836307525,10.380286791324615,4.784496933221817,138600,7.000000000000001e-06,0,8.636600557533082,46.31451892852783
0.6864061795175076,0.13229322031140328,0.2643255429714918,0.20406337924301624,0.22059347692877054,16.194353981018068,10.360843638181686,4.743089064359665,138800,6e-06,0,8.599217674498968,46.51585936546326
0.6809281648695469,0.13355950612574816,0.28256663888692857,0.21028645135462284,0.22334436401724816,17.317954490184785,11.343277537822724,4.906133037805557,139000,5e-06,0,9.097897956574547,43.96619987487793
0.6955533491075039,0.13283322896808386,0.2964822560548782,0.20593177057802678,0.21255007568746806,18.344547753334044,11.645495805740357,4.81460869550705,139200,4.000000000000001e-06,0,8.910305590389822,44.89183855056763
0.6796368004381657,0.13425774101167917,0.2859478410333395,0.20883324325084687,0.22522353645414114,18.449060156345368,11.28127447128296,4.830842306613922,139400,3e-06,0,8.606585175353286,46.47604036331177
0.6746405461430549,0.13580360122025012,0.28154559329152107,0.2053520514257252,0.21525873482227326,16.78371259212494,10.961819694042205,4.931461546421051,139600,2.0000000000000003e-06,0,9.309690999424829,42.96598029136658
0.6870504705607892,0.1326663563400507,0.28876785904169083,0.213081622030586,0.22122731894254685,16.9627202129364,11.227388241291045,4.764946197271347,139800,1.0000000000000002e-06,0,9.822967198620791,40.72089338302612
0.6729864102602005,0.13103037156164646,0.2793286097049713,0.20259108010679483,0.2260403237119317,17.114153180122376,10.519650614261627,4.774804611206054,140000,0.0,0,8.772194210041533,45.59862565994263
