direction,file,content_cosine,lpips
A2B,000c1e3bff.jpg,0.7532539958532581,0.38382483
A2B,011835cfbf.jpg,0.8769829053078352,0.2659511
A2B,0260d15306.jpg,0.7670905643462004,0.45987767
A2B,049e293b93.jpg,0.7389974701878638,0.39651138
A2B,05144e306f.jpg,0.781891124105839,0.5220737
A2B,052a77c020.jpg,0.8729166974577146,0.20336677
A2B,058f878b7c.jpg,0.8951392453913178,0.29630512
A2B,05b493ff42.jpg,0.92239592799015,0.33716553
A2B,064487d630.jpg,0.792233855860715,0.26880363
A2B,066fe4cbaa.jpg,0.9029283334731532,0.230084
A2B,07fcaee35f.jpg,0.6998071188971811,0.38224322
A2B,09b76b6471.jpg,0.8238771375414193,0.39007813
A2B,0a5075d42a.jpg,0.8512492765752988,0.24418107
A2B,0bd913dbc7.jpg,0.7652626882604012,0.29676116
A2B,0e3b3292da.jpg,0.8023018337951274,0.32839292
A2B,106757e5d8.jpg,0.7808355919102876,0.25796613
A2B,1078363ff0.jpg,0.8159716323820368,0.26428723
A2B,10c555c1b1.jpg,0.948117291165774,0.1614273
A2B,118da0690c.jpg,0.8241880556790401,0.31022194
A2B,11ab570c5e.jpg,0.8623731787749844,0.42107818
A2B,11be65b3e9.jpg,0.8622797347847128,0.23809895
A2B,133b42e498.jpg,0.817839415428813,0.2216995
A2B,14162de938.jpg,0.8288122063863466,0.31305498
A2B,14ff6e6a99.jpg,0.8386870791932464,0.22619566
A2B,158740962c.jpg,0.8158545229847609,0.3877121
A2B,16dabe418c.jpg,0.8608678273766488,0.30030677
A2B,17557a29cb.jpg,0.818843263400765,0.2764202
A2B,1814cc6632.jpg,0.8646170873445286,0.36100075
A2B,184d6c66cd.jpg,0.8247148070031329,0.28282958
A2B,1994b8d4a2.jpg,0.7617555031838633,0.23101023
A2B,19dc36ccb2.jpg,0.7081399966524016,0.31239405
A2B,1a127acf4d.jpg,0.8632186581988588,0.21579325
A2B,1e4e4e63c5.jpg,0.8799388788097801,0.38896674
A2B,1f22663e72.jpg,0.8037480829093945,0.3461492
A2B,1f9667f2a7.jpg,0.7405501236959647,0.45578864
A2B,22b1ac6b44.jpg,0.9260353558193962,0.21272407
A2B,23832dead5.jpg,0.8432287805311774,0.3213834
A2B,23b07c3769.jpg,0.8897272008423808,0.2565595
A2B,23d6aeb485.jpg,0.7347663213245107,0.5479278
A2B,23f0fbd77e.jpg,0.9136628288647491,0.17091337
A2B,24af733334.jpg,0.8282799097188321,0.29294837
A2B,252d9a4abc.jpg,0.8281648755210789,0.29845864
A2B,2581464ddc.jpg,0.8771184758077095,0.20439959
A2B,25c9904782.jpg,0.7777110217702642,0.28389412
A2B,26b66eb819.jpg,0.8221038753122246,0.30555385
A2B,2759c1ed37.jpg,0.7175581196783252,0.37065032
A2B,281b73fb5e.jpg,0.7592912153360917,0.22200355
A2B,28deb43a71.jpg,0.8516551527224434,0.20685288
A2B,295eb5c521.jpg,0.8653144270553128,0.33769894
A2B,29696b4455.jpg,0.7025156792292232,0.4047504
A2B,2acfbab228.jpg,0.8752986501194279,0.26166207
A2B,2c00f5147f.jpg,0.8306999664535032,0.291756
A2B,2cca56415e.jpg,0.7926031562030325,0.46333164
A2B,2e0d0e6e19.jpg,0.7148420757948862,0.50076735
A2B,2f20944b6a.jpg,0.8130653285176244,0.26483545
A2B,2f90c99e10.jpg,0.7552336115454084,0.35081604
A2B,3283442e33.jpg,0.7226150820817658,0.35147208
A2B,32cc820303.jpg,0.8672992815073071,0.20367265
A2B,32e33792cc.jpg,0.8964891759269725,0.23737106
A2B,3417ace946.jpg,0.7572248050834574,0.38063207
A2B,344d1829bb.jpg,0.858869316057267,0.32067448
A2B,3545597386.jpg,0.8934737869004272,0.21426584
A2B,369f6d07e8.jpg,0.7521936767930733,0.36938876
A2B,3843e221cc.jpg,0.738397691818382,0.25296077
A2B,3b262c6726.jpg,0.8253058572644585,0.2753948
A2B,3c341ff93e.jpg,0.7804228014662216,0.3406665
A2B,3d13fe022e.jpg,0.7328032764469785,0.32550317
A2B,3deea9f4a4.jpg,0.763860721425902,0.44553715
A2B,3eaef3ee43.jpg,0.8286620628386154,0.29737753
A2B,40d7d18ad3.jpg,0.8748115536242427,0.3054217
A2B,417e77e946.jpg,0.7233331062400998,0.37220228
A2B,4260d1c556.jpg,0.7914720765275959,0.2637809
A2B,429e382095.jpg,0.7111798650540088,0.26149267
A2B,463835bbc6.jpg,0.8266574554803858,0.30870324
A2B,4660310c3e.jpg,0.8463637055431575,0.263977
A2B,47a0548067.jpg,0.5235330864506772,0.6341491
A2B,488600cb75.jpg,0.7939137324286356,0.30227658
A2B,49337b68f4.jpg,0.8652523539033709,0.27827275
A2B,4995c04b1a.jpg,0.8421637135065445,0.13761753
A2B,4ab2583fe2.jpg,0.8176191898771901,0.25984734
A2B,4ad8b366c1.jpg,0.769204944914366,0.39144823
A2B,4b0adf7c6f.jpg,0.8572555558804156,0.24680945
A2B,4bb4ca7b03.jpg,0.9075832363409135,0.25172675
A2B,4c0e35882c.jpg,0.7797236785464362,0.33404434
A2B,4c74254ad3.jpg,0.8325024165657903,0.35195464
A2B,4e05523825.jpg,0.8629223850244039,0.28443483
A2B,4f045779b0.jpg,0.8116530317461653,0.35671464
A2B,4f3f4ff590.jpg,0.8471237067383334,0.22376084
A2B,4f4de0bbba.jpg,0.871013782513348,0.20438054
A2B,4f7e01f097.jpg,0.8489884696681183,0.5109698
A2B,50855dd324.jpg,0.8916117930512614,0.19557042
A2B,512cd171a9.jpg,0.7011942086232001,0.32481185
A2B,5185e8c56a.jpg,0.8136250352995508,0.33647394
A2B,51bdd25f76.jpg,0.8789161037670149,0.26556778
A2B,51db3fc011.jpg,0.902301426642144,0.16160622
A2B,526a110636.jpg,0.7791692836804889,0.2910338
A2B,52aed0f943.jpg,0.8121252985049328,0.2517115
A2B,52d12dc627.jpg,0.8558792339809586,0.24818496
A2B,52fc351abf.jpg,0.879443024192225,0.20447531
A2B,536aa87152.jpg,0.7445189219255798,0.4185747
A2B,565f19268b.jpg,0.8248340427712466,0.29545683
A2B,586acab7c5.jpg,0.7720303941158241,0.49211028
A2B,5926f85cbf.jpg,0.7205037347336892,0.3859986
A2B,593db29cce.jpg,0.8545380160346309,0.29569316
A2B,599098859e.jpg,0.7140166394144566,0.25060958
A2B,59df696966.jpg,0.7880627099515314,0.2879169
A2B,5aa514ffac.jpg,0.7969405393764879,0.2987999
A2B,5c79cfe0b3.jpg,0.828289108424941,0.2879736
A2B,5cb895b722.jpg,0.8368341807372607,0.314878
A2B,5e357ad790.jpg,0.8620166926215524,0.30702895
A2B,5ffbfe68d4.jpg,0.8504070375517513,0.2651623
A2B,6043aadea0.jpg,0.8761465335366511,0.21175681
A2B,608ee0d370.jpg,0.7683379636416693,0.3867657
A2B,61e735361a.jpg,0.7740245776365097,0.3276205
A2B,632ddbc784.jpg,0.6297069725945611,0.44568136
A2B,661e374153.jpg,0.7214641394684742,0.3888568
A2B,66226e18fc.jpg,0.849810976568539,0.28360662
A2B,66a144f547.jpg,0.830103406902392,0.42080244
A2B,6742294320.jpg,0.735762013843297,0.23231658
A2B,676a5a4c2e.jpg,0.8485294731841008,0.30507183
A2B,6782e7cb2a.jpg,0.8019750398363196,0.3715979
A2B,68729aac07.jpg,0.6990398938466895,0.6860762
A2B,68b60c04b7.jpg,0.8103069287841563,0.194934
A2B,68d60af226.jpg,0.9305445400677981,0.18299347
A2B,695897bd4a.jpg,0.8913849800618687,0.28844023
A2B,69f4b75a37.jpg,0.8621751706239534,0.30016062
A2B,6a03aea8be.jpg,0.7394551245529791,0.48848924
A2B,6bbe0e63c6.jpg,0.8357016331359991,0.23539723
A2B,6bfbd1df5b.jpg,0.7773894968243651,0.24844874
A2B,6c6cc46498.jpg,0.7926001285943585,0.22504348
A2B,6d0e87f557.jpg,0.8475795064096728,0.50557166
A2B,6e0429f92e.jpg,0.8532593116096958,0.2045903
A2B,6ee7c39dbc.jpg,0.9184670861715367,0.25167516
A2B,6f0b9df5c5.jpg,0.7496167324503145,0.28251767
A2B,7017e6caa1.jpg,0.8576469000008102,0.3623268
A2B,7054793632.jpg,0.8023441718806271,0.3955548
A2B,70bc945f95.jpg,0.7078620867098656,0.51431406
A2B,718445ebe3.jpg,0.8221663088985687,0.33708712
A2B,7239ba0b55.jpg,0.7408641637578774,0.36110926
A2B,730f325b64.jpg,0.8188370047596634,0.21012238
A2B,732d76a469.jpg,0.5611368946995173,0.30172676
A2B,7341d96c1d.jpg,0.8021411577436633,0.2552732
A2B,73f33a12c5.jpg,0.9031579046367528,0.24943505
A2B,74e452fb31.jpg,0.8208443744396705,0.21451756
A2B,76cc7181f8.jpg,0.9211057384376398,0.2570145
A2B,77b37629f2.jpg,0.8113692268132635,0.29785767
A2B,79224da51f.jpg,0.8494427796315044,0.20321988
A2B,79292e1434.jpg,0.8887967642429367,0.20811
A2B,7952021d2f.jpg,0.8200096869562122,0.33083636
A2B,7960adbd50.jpg,0.8711512100154879,0.3965178
A2B,7cb36714d0.jpg,0.8524884768984098,0.26138982
A2B,7d64c3100c.jpg,0.7381188210644285,0.44311112
A2B,8044a92484.jpg,0.7808017280623252,0.1649423
A2B,8077b7e9e7.jpg,0.8346039714549641,0.29233646
A2B,8114fa2607.jpg,0.7708078163707462,0.35237902
A2B,815624563e.jpg,0.9446860536241503,0.21867096
A2B,82991e742a.jpg,0.8324521742718276,0.35282215
A2B,82b9fd68b1.jpg,0.8272895974527957,0.30462435
A2B,8314acfd35.jpg,0.7442793287724004,0.40025702
A2B,853f8d711f.jpg,0.8595577585387084,0.34084347
A2B,85580214be.jpg,0.7982294015640968,0.26886964
A2B,88402296cc.jpg,0.8536864169223989,0.2211943
A2B,893db2701d.jpg,0.9135365681300015,0.24170741
A2B,89964efa86.jpg,0.8865845905525322,0.22168513
A2B,89d970411d.jpg,0.7802244776672336,0.30118397
A2B,89fcbf2f76.jpg,0.7283648726042328,0.313207
A2B,8b54448a07.jpg,0.8549742823826068,0.22044466
A2B,8b7948248f.jpg,0.741226495373919,0.20809917
A2B,8b841420b4.jpg,0.9243959867479125,0.1425862
A2B,8c48e112d0.jpg,0.7974240336516912,0.28271726
A2B,8c8011c291.jpg,0.8696813017856826,0.25888947
A2B,8cfd45a2e2.jpg,0.7771666364996743,0.4976793
A2B,8e5ff15568.jpg,0.8588638255267478,0.20447522
A2B,8ee2933868.jpg,0.8742079697321292,0.11377004
A2B,8f02369f42.jpg,0.8969199242778553,0.16495061
A2B,910610e827.jpg,0.7727123987606125,0.2610957
A2B,910729e0ce.jpg,0.8430494596308092,0.28746855
A2B,92c0ba8c0d.jpg,0.9059836419509361,0.19429559
A2B,93132f89ee.jpg,0.6190330353466198,0.36005056
A2B,932d0dd808.jpg,0.8062618699384394,0.2926547
A2B,95a53d7b0b.jpg,0.9651397534862034,0.2043
A2B,95b5f01a85.jpg,0.8614674305075609,0.20472538
A2B,9843bc25c5.jpg,0.891308009112073,0.13173422
A2B,9908d1daa9.jpg,0.8218706274288172,0.26257637
A2B,990ed28f62.jpg,0.7875380093226003,0.21498106
A2B,9963d64ebf.jpg,0.6611389236403182,0.40509528
A2B,99a51d3e25.jpg,0.8584205761227697,0.314039
A2B,99d94af5dd.jpg,0.8712337988621792,0.20964073
A2B,9ae6552353.jpg,0.7940482256083031,0.31532347
A2B,9d58456cc3.jpg,0.7356807634736512,0.33613974
A2B,9d9a4fccfb.jpg,0.6300205638930041,0.5543462
A2B,9db9843ed1.jpg,0.796309266828036,0.30312875
A2B,9f409e3376.jpg,0.830236963560977,0.28444386
A2B,9fc868e864.jpg,0.779685322100932,0.29449406
A2B,a030bc32e6.jpg,0.7927507625450845,0.28520158
A2B,a06b54dfe9.jpg,0.743895652047763,0.32059413
A2B,a202b1b200.jpg,0.9082354164951326,0.22041371
A2B,a210ceedc7.jpg,0.8795395377841336,0.25515932
A2B,a4e4a61fb2.jpg,0.7858769866846008,0.27420604
A2B,a59f3f5b89.jpg,0.8603900853876885,0.26243627
A2B,a619072f82.jpg,0.7120514177088032,0.4611168
A2B,a6291c2a1c.jpg,0.8227872211043038,0.20152712
A2B,a642e9cb6f.jpg,0.8095442627618606,0.27809834
A2B,a7977705be.jpg,0.8472259636933002,0.26040253
A2B,a7d53885e8.jpg,0.7578156002404639,0.29828712
A2B,a885da7b52.jpg,0.8581932607514414,0.23283395
A2B,a8fbbe3eb1.jpg,0.8099624098298568,0.17332822
A2B,a96b79a93f.jpg,0.7538670421285193,0.32576805
A2B,aa76c7625a.jpg,0.6951236254288645,0.3469428
A2B,ad0101d010.jpg,0.8319282737853682,0.345796
A2B,ad8ce41fc0.jpg,0.8592257416424453,0.21182752
A2B,b1310da865.jpg,0.9166431499925503,0.2747816
A2B,b13c0973ee.jpg,0.7724740309630933,0.27272063
A2B,b1ea5d5a7d.jpg,0.7173511568522002,0.3458176
A2B,b256e61a5d.jpg,0.8518998005120539,0.19143954
A2B,b2ce76c750.jpg,0.7503522671182248,0.3845031
A2B,b3adc75e7d.jpg,0.8680687674819522,0.2650874
A2B,b44f24c048.jpg,0.8517048167045164,0.23112133
A2B,b5c2fe7c4c.jpg,0.7102968987814906,0.53972024
A2B,b76d52e05a.jpg,0.833663696126763,0.36206275
A2B,b99546090b.jpg,0.7591150417179287,0.30157816
A2B,ba52f976af.jpg,0.7551178721184345,0.2676801
A2B,baf6efabfe.jpg,0.840732607888188,0.19968566
A2B,bbc5ac4564.jpg,0.7857304470331422,0.2754599
A2B,bc4b364a44.jpg,0.8070707148600135,0.29957157
A2B,bf6db09354.jpg,0.8457157758187589,0.19904336
A2B,c14505c1da.jpg,0.9002051021351443,0.19969262
A2B,c1dc1a85a4.jpg,0.9232964236034168,0.20832172
A2B,c2576267d4.jpg,0.8017048633311457,0.30381262
A2B,c4622e3fb6.jpg,0.7876733032093824,0.2961051
A2B,c67ba2060c.jpg,0.7234363942238637,0.34802896
A2B,c68c52e8fc.jpg,0.859661190361877,0.22509587
A2B,c6c360756c.jpg,0.8327560840356142,0.30317116
A2B,c6c88ce9c4.jpg,0.8336041773913497,0.25844947
A2B,c78b4fa3a9.jpg,0.7979746623203747,0.16969256
A2B,c7d8142152.jpg,0.8337493581148893,0.28869173
A2B,cb50326950.jpg,0.8253985056657251,0.2007044
A2B,cb9c553ded.jpg,0.8486921426537452,0.38690653
A2B,cc2bb659f4.jpg,0.8751033611743817,0.20810544
A2B,cd6623d07d.jpg,0.7508289057413927,0.22312704
A2B,cdddf326e3.jpg,0.6490618429912188,0.47803855
A2B,ce3e0daddd.jpg,0.7306657723574504,0.4677352
A2B,ceb6cf5f31.jpg,0.9270605058761361,0.23350903
A2B,cf6488d84c.jpg,0.6180697545179656,0.40158373
A2B,cfc6fce7b5.jpg,0.8614400346773853,0.28859612
A2B,d05cab011d.jpg,0.8710632845309098,0.21900553
A2B,d087730b76.jpg,0.7976269774537179,0.16594663
A2B,d14c1abdd4.jpg,0.861630077345796,0.32428578
A2B,d1d9748a64.jpg,0.8159883196261613,0.30350742
A2B,d239dae42d.jpg,0.7962265736884261,0.34869668
A2B,d4116437bb.jpg,0.829715207751915,0.32974082
A2B,d50049fbfc.jpg,0.8590671286120326,0.19839382
A2B,d5b0c260a0.jpg,0.8432276057538917,0.33414936
A2B,d6d6e625bd.jpg,0.8570210933872852,0.371847
A2B,d729785cb8.jpg,0.8062420725054389,0.2755229
A2B,d754850d01.jpg,0.886169185296738,0.21475853
A2B,d7948c7635.jpg,0.833252780550209,0.3718502
A2B,d88482796d.jpg,0.8394268225884515,0.3020268
A2B,d9e8704878.jpg,0.87193323831894,0.22563864
A2B,da72006ef5.jpg,0.8302661724641383,0.29830152
A2B,dc33f0edbe.jpg,0.7543828738312937,0.38835317
A2B,dcab49d080.jpg,0.6476923929826455,0.4819988
A2B,dcf5ea1040.jpg,0.729995451928513,0.33189967
A2B,dd46691bd7.jpg,0.8785345968011186,0.273027
A2B,de6f71b00f.jpg,0.8480025998414784,0.2210397
A2B,df64ac2dcb.jpg,0.8833374294998013,0.25418568
A2B,e2253b87a0.jpg,0.7915509206653133,0.27794227
A2B,e291f8144f.jpg,0.6687949374811899,0.31686318
A2B,e3112413b1.jpg,0.8161119105503588,0.35588267
A2B,e37407c747.jpg,0.7988029760567614,0.4084502
A2B,e510a74d3c.jpg,0.8000848588811812,0.39145088
A2B,e568f84fad.jpg,0.7822046688135079,0.35447395
A2B,e753318d04.jpg,0.8586663146847129,0.28767845
A2B,e88d9de918.jpg,0.8846860932632522,0.18926005
A2B,e9580cd500.jpg,0.788649869084835,0.28541166
A2B,e9f5563817.jpg,0.8780073489673094,0.20919493
A2B,e9f686534b.jpg,0.8279254832204653,0.22795045
A2B,eb3cc5c559.jpg,0.8266276707602618,0.31126568
A2B,ec3398cef9.jpg,0.8608371199554045,0.22393066
A2B,ec78d80dbd.jpg,0.7906893797952514,0.34301886
A2B,ed597655a0.jpg,0.8136869804971768,0.40585846
A2B,ede9769cb3.jpg,0.7435709517791569,0.52041835
A2B,ee7adac58f.jpg,0.8778410419753638,0.2919042
A2B,f04c9d8e34.jpg,0.7697328412527975,0.28651503
A2B,f0884db067.jpg,0.7582186025168949,0.30611554
A2B,f0d789c4bc.jpg,0.8920915454373173,0.20751846
A2B,f4413e97bd.jpg,0.7577154146509801,0.30445257
A2B,f486c1655f.jpg,0.8599439296900927,0.4482515
A2B,f7836c88eb.jpg,0.8160271562423272,0.23137622
A2B,f821791c85.jpg,0.7697004195739803,0.3111518
A2B,f84fb4516a.jpg,0.735606792128201,0.48219734
A2B,f96a8de9f3.jpg,0.636517953654418,0.5851428
A2B,fb3b06dcb2.jpg,0.7943360832489083,0.34998524
A2B,fb806a2a1c.jpg,0.8879341437242684,0.28668928
A2B,fb93438ff9.jpg,0.802588838894842,0.32200772
A2B,fba982625d.jpg,0.8164527183917517,0.3271867
A2B,fc11d52502.jpg,0.8857661756970305,0.20550512
A2B,fd63a333f1.jpg,0.8383233891251533,0.20134863
A2B,fdf1530d95.jpg,0.8498807704190249,0.32813704
A2B,ffd74c77ea.jpg,0.6439765016265251,0.28058264
B2A,00068bc07f.jpg,0.6958893157961193,0.37605357
B2A,000910d219.jpg,0.6851834222498602,0.38376072
B2A,000ded5c41.jpg,0.6450810513188541,0.48503152
B2A,00104fd531.jpg,0.7017697713737668,0.39249712
B2A,001158d595.jpg,0.8144767635962624,0.3148362
B2A,0033c5f971.jpg,0.7410835969149773,0.37501886
B2A,0039ebb598.jpg,0.600512404017719,0.52605677
B2A,003aab6fdd.jpg,0.8382014166821475,0.39905885
B2A,003c6c30e0.jpg,0.8592826728527125,0.30891567
B2A,00479e2a21.jpg,0.7613326506242464,0.45707926
B2A,005f987f56.jpg,0.7311196125128632,0.35615492
B2A,0080f94ebc.jpg,0.7040332320720505,0.45380682
B2A,00882b7e1d.jpg,0.6176194933396246,0.29667437
B2A,009d534136.jpg,0.7774376889232432,0.38278842
B2A,009ddaed1f.jpg,0.7897447385024221,0.3807908
B2A,00aeb60e25.jpg,0.7806407271073269,0.3282684
B2A,00c6a0ad1e.jpg,0.7943043896210109,0.3379412
B2A,00dcf0f1e3.jpg,0.7386111920576937,0.30117366
B2A,00dff09ebe.jpg,0.7186766137864287,0.44376716
B2A,00e1798585.jpg,0.7677114236933058,0.33074072
B2A,00e64e1b2c.jpg,0.7444675090218318,0.33072457
B2A,00f78547f0.jpg,0.7889500875479589,0.37707812
B2A,00fcff630e.jpg,0.8614857178629263,0.42216474
B2A,01135e4771.jpg,0.8633835178320995,0.26266176
B2A,011f46de73.jpg,0.6842056591908188,0.3846229
B2A,012df5ce29.jpg,0.9497241740555213,0.20668519
B2A,01416e7ada.jpg,0.745846537725083,0.34533936
B2A,01480da48f.jpg,0.5319232905584075,0.51005393
B2A,0159685c51.jpg,0.7539757033293658,0.46472254
B2A,015f79b672.jpg,0.8486484135912317,0.23249452
B2A,01622039ef.jpg,0.6528154513827445,0.48120037
B2A,0162322d2d.jpg,0.6321075417033458,0.38669083
B2A,016d408833.jpg,0.78727464493854,0.31356865
B2A,016f524878.jpg,0.8197887551203049,0.24840088
B2A,017018f377.jpg,0.5523422229776667,0.5592666
B2A,01771d99c3.jpg,0.6530823578575987,0.51757234
B2A,017aacad6e.jpg,0.7450185962512293,0.45372748
B2A,018be60883.jpg,0.7152823583288551,0.40580016
B2A,018db0f253.jpg,0.6785597833195323,0.41539073
B2A,01952c7673.jpg,0.8194910588109229,0.32629105
B2A,01971e48e5.jpg,0.5002668209483271,0.46657258
B2A,019cf7682d.jpg,0.8761507160646196,0.21669655
B2A,01ae8be57e.jpg,0.8538027610401611,0.24190998
B2A,01af5f8623.jpg,0.8163387682354483,0.22618078
B2A,01bce47d3f.jpg,0.6490003294904328,0.40668523
B2A,01c4f86e3e.jpg,0.5545257183090765,0.42710972
B2A,01f7a6398e.jpg,0.8938994980447389,0.28038228
B2A,02001e59af.jpg,0.8592464575185745,0.26155776
B2A,0212257854.jpg,0.7906095839416947,0.39276105
B2A,021df2c226.jpg,0.643943285381247,0.3561154
B2A,022ca16b0f.jpg,0.5685795589183217,0.4352057
B2A,023637f8fb.jpg,0.696762089770599,0.48710102
B2A,023eed0385.jpg,0.6422530561831943,0.40705174
B2A,023f3cbb75.jpg,0.765884069509338,0.21633159
B2A,0240a597f5.jpg,0.7876669607069664,0.4730765
B2A,024d98032b.jpg,0.8940296559129375,0.4047756
B2A,0254fc91bd.jpg,0.80894117406596,0.3506091
B2A,02620a36f7.jpg,0.8293353543594068,0.53806806
B2A,026ac33f9c.jpg,0.8074526878246168,0.3513021
B2A,029524fd91.jpg,0.7370851193661083,0.4847166
B2A,029854a790.jpg,0.6978738443708032,0.3773932
B2A,02a1366c74.jpg,0.8249537677124438,0.2888655
B2A,02a4445906.jpg,0.6118048155047862,0.38702938
B2A,02b232fc78.jpg,0.7365612571296923,0.25601527
B2A,02c43186c8.jpg,0.8167285157043825,0.35851994
B2A,02c6c1f6a9.jpg,0.7855792555266388,0.3417626
B2A,02cd89f56d.jpg,0.8840991457446226,0.40420738
B2A,02d763f1c2.jpg,0.7158445379544377,0.40984622
B2A,02ded12bbd.jpg,0.38679342859869703,0.7236359
B2A,02ea18a456.jpg,0.8274058388044354,0.3113551
B2A,02ec33e094.jpg,0.7196573666866936,0.34950486
B2A,0312af1e14.jpg,0.6469603596518158,0.5067241
B2A,032389e868.jpg,0.8540329696034618,0.4387388
B2A,03242238ae.jpg,0.7686155119542071,0.4261378
B2A,0324f82fee.jpg,0.8657972449741412,0.30953258
B2A,0341fa51d0.jpg,0.6858038701745247,0.6011622
B2A,0344a47135.jpg,0.8353739198077911,0.23243153
B2A,034627340c.jpg,0.8485335720011135,0.17055336
B2A,0362dd81bb.jpg,0.7944725648028951,0.22256757
B2A,0378bcc7c9.jpg,0.8296263272387742,0.22206567
B2A,03950208ff.jpg,0.8218086495618889,0.3705819
B2A,03a17d96e1.jpg,0.5406903078785285,0.47544265
B2A,03a21c1b9c.jpg,0.5376247306018204,0.3999658
B2A,03a2b7ce83.jpg,0.6234017293234473,0.44249558
B2A,03ae080a47.jpg,0.7110693129922231,0.32714164
B2A,03ae26ed88.jpg,0.8783389360435412,0.30000225
B2A,03bac83f64.jpg,0.7783246917916944,0.43652764
B2A,03be88270f.jpg,0.8181933467022674,0.29529124
B2A,03c5d1d098.jpg,0.6404598629769747,0.5265844
B2A,03c9f2e3c2.jpg,0.8258730623118975,0.3106112
B2A,03c9f3d584.jpg,0.7519739796121006,0.20661673
B2A,03cc206144.jpg,0.7962994458626129,0.3742619
B2A,03d47c18a5.jpg,0.7899304491890755,0.4121367
B2A,03d6a4d860.jpg,0.6920874653760279,0.48648804
B2A,03dde7a28f.jpg,0.8999455742911056,0.34062725
B2A,03e48faafa.jpg,0.7953228091913741,0.28795904
B2A,03fd7067c1.jpg,0.8569882046639915,0.362107
B2A,03fe5d2263.jpg,0.7112920968010283,0.491349
B2A,0409e76de0.jpg,0.8063548849058687,0.44642356
B2A,0425fc7ce5.jpg,0.7228889277715983,0.3243472
B2A,042f0e804d.jpg,0.8403539217642941,0.25496292
B2A,0435dc46a4.jpg,0.7657433309085703,0.35470018
B2A,0436aaaf16.jpg,0.6346749031004044,0.48044592
B2A,04387e4338.jpg,0.589665387034819,0.6283665
B2A,043b541b77.jpg,0.894006892551996,0.28185305
B2A,044c1653cf.jpg,0.7535768489060957,0.29753062
B2A,0450d4f8ae.jpg,0.7613211103632125,0.33027002
B2A,0451cdb867.jpg,0.6593469099042125,0.55291915
B2A,045e937903.jpg,0.6557885936129948,0.47679904
B2A,0466d4cdf9.jpg,0.5940712721789129,0.3409567
B2A,0473a25050.jpg,0.8096743939662506,0.33471552
B2A,047acab66b.jpg,0.8221014804585358,0.49656284
B2A,047da870f6.jpg,0.7782102415244041,0.3320958
B2A,04838b8b1e.jpg,0.7763212423652804,0.35484183
B2A,049576d31c.jpg,0.7881915621825757,0.43956816
B2A,049b0ece59.jpg,0.8946476288889068,0.25040114
B2A,04a5fc42e1.jpg,0.8388541345243606,0.28128037
B2A,04b8bfdb1c.jpg,0.7826839901571516,0.21416147
B2A,04cb1f4705.jpg,0.7150038391390555,0.3106787
B2A,04cf8e6d5f.jpg,0.7782247655092714,0.257522
B2A,04d7e14fbe.jpg,0.6925136025543045,0.31930408
B2A,04d91d7bda.jpg,0.7068288229880156,0.6005108
B2A,04e32c4dc1.jpg,0.7434978720494619,0.50450855
B2A,04ec8c9ec2.jpg,0.6832052197532508,0.33627138
B2A,04f59976b5.jpg,0.7436980791915339,0.22582325
B2A,04f71da37b.jpg,0.6091800968683144,0.43970948
B2A,04f72d81b0.jpg,0.8642127681969337,0.2673205
B2A,04f80539d7.jpg,0.8707724962948261,0.27941135
B2A,04fa2a606d.jpg,0.8008147773078538,0.3653923
B2A,04fa456bc9.jpg,0.6990889669679062,0.48813647
B2A,05057d04f7.jpg,0.8681107441520789,0.29614016
B2A,0506726dbd.jpg,0.6822886040106998,0.45762742
B2A,050da171c0.jpg,0.6977102868750894,0.5741559
B2A,051159e33a.jpg,0.7110539227758446,0.4316088
B2A,051a7c9ae6.jpg,0.6007010239784877,0.3673174
B2A,051bde8166.jpg,0.7791370498079655,0.30044955
B2A,051c1b5ee3.jpg,0.7062099641200673,0.31682476
B2A,0529dd48c8.jpg,0.6472775835263525,0.31395704
B2A,053024baa2.jpg,0.7039901619685494,0.64831406
B2A,0541ce0c1a.jpg,0.7191135510400175,0.30125046
B2A,0547a52b93.jpg,0.6565604475375083,0.3389889
B2A,054f264b2e.jpg,0.8157561023137252,0.28551334
B2A,054f375c69.jpg,0.8607131698573187,0.33799684
B2A,05557b0148.jpg,0.6594658936123512,0.37900633
B2A,055c3026f8.jpg,0.8372140629591496,0.36839604
B2A,055dac1e18.jpg,0.7909114985033179,0.3367273
B2A,055e5dca6e.jpg,0.7525522154589737,0.5827234
B2A,05646c5cdb.jpg,0.7217417244747714,0.3173129
B2A,0572f32305.jpg,0.659746471418664,0.55101216
B2A,057d83cdee.jpg,0.7745351381161769,0.3354468
B2A,058af422c6.jpg,0.848751474847689,0.25514567
B2A,0597c38d69.jpg,0.8347951566329498,0.3551305
B2A,05a3801bed.jpg,0.8242990185442325,0.4351467
B2A,05a84fad61.jpg,0.8376755371553254,0.5573532
B2A,05c885c810.jpg,0.8501233106862057,0.27075982
B2A,05ca68299e.jpg,0.5757154300047499,0.33269125
B2A,05e37a8900.jpg,0.8848254268655854,0.3250256
B2A,05e88ecd0a.jpg,0.6905792242415587,0.3396148
B2A,05f0db4d14.jpg,0.6110399291898789,0.5002773
B2A,05f22b97da.jpg,0.8692646882822076,0.23696741
B2A,05f4b38e6e.jpg,0.7417108007239738,0.577602
B2A,06058e6cb0.jpg,0.642963454764771,0.57991266
B2A,0606110c45.jpg,0.7955397478296804,0.44983006
B2A,061bb611e0.jpg,0.6884837947238414,0.3517606
B2A,061f0095f0.jpg,0.8024695197194858,0.34176707
B2A,062313a97c.jpg,0.8166456573809656,0.26231018
B2A,06371834cb.jpg,0.4551849679551482,0.6205944
B2A,063ab57d41.jpg,0.8678866716741658,0.19767822
B2A,064b9119de.jpg,0.8325448632740774,0.37698802
B2A,064babb7f0.jpg,0.7036905918880653,0.34985077
B2A,064f91250d.jpg,0.7311537582033799,0.51231265
B2A,065b649ac7.jpg,0.6572553255734348,0.4373674
B2A,0665264678.jpg,0.8821370756223373,0.30234018
B2A,066b81e0f9.jpg,0.8483840762742776,0.2836681
B2A,068381ad63.jpg,0.8157085764170426,0.43020272
B2A,068cc6fe3f.jpg,0.690664228145229,0.28330392
B2A,0696f8142e.jpg,0.7579501629804478,0.33886766
B2A,069e6e5b82.jpg,0.7903955024157827,0.33257914
B2A,06a5930183.jpg,0.9061261184629736,0.31508246
B2A,06a9cf2d11.jpg,0.5729711099396769,0.5984594
B2A,06b2c2dfca.jpg,0.7638189978201114,0.35509646
B2A,06b8114f82.jpg,0.7137981894272399,0.4551533
B2A,06c2d19658.jpg,0.7994068380311128,0.33265197
B2A,06c549794b.jpg,0.8727607680612879,0.34697592
B2A,06c89c4c23.jpg,0.6663785156807313,0.43217486
B2A,06c9326c86.jpg,0.7762289383786711,0.4401788
B2A,06e117b31e.jpg,0.8229882296888014,0.34330603
B2A,06e156d8ba.jpg,0.833889468967936,0.2873153
B2A,06f749912b.jpg,0.5381026377225261,0.2632252
B2A,07054731ab.jpg,0.5418356381620208,0.6392212
B2A,0709ff32ee.jpg,0.7344152808210503,0.3007321
B2A,0711866dcd.jpg,0.5122975377973132,0.548703
B2A,071c375c2c.jpg,0.7830650250874792,0.404643
B2A,0723d52098.jpg,0.7967268265257857,0.33161467
B2A,0724805941.jpg,0.7472041262139266,0.35415095
B2A,072f1336c9.jpg,0.7726841004721231,0.3763493
B2A,07362b3f42.jpg,0.8165243943900138,0.36494723
B2A,073e8b3056.jpg,0.7837951553468163,0.36117914
B2A,074218de82.jpg,0.7273720538120704,0.47359154
B2A,074ea8cb6e.jpg,0.5616685242051919,0.35455695
B2A,07573a95f6.jpg,0.6765153639746148,0.4182738
B2A,075e8d4617.jpg,0.8243160172904627,0.2567037
B2A,0761281e3b.jpg,0.6993412341284876,0.42383122
B2A,076c62582d.jpg,0.8572707451777245,0.25395536
B2A,0770ea1a07.jpg,0.6959678721563944,0.38033584
B2A,077bf7e451.jpg,0.6785271202591481,0.52443665
B2A,078cd3ce07.jpg,0.6405824362067923,0.33812785
B2A,078fd1bc42.jpg,0.7381088399457686,0.4551804
B2A,07939b1fde.jpg,0.8203741374781058,0.33158517
B2A,079da3af1e.jpg,0.7545663575681133,0.31849742
B2A,07b7fdff1b.jpg,0.7261989195762356,0.6873615
B2A,07bf7d7df1.jpg,0.83435981678481,0.35157967
B2A,07cb260548.jpg,0.7807644463725376,0.26477548
B2A,07e9bc5956.jpg,0.7478521943911683,0.28112924
B2A,07ea3a38d2.jpg,0.6668862113666273,0.5870692
B2A,07f37dfe50.jpg,0.8922701538281401,0.31842527
B2A,07f730ef9a.jpg,0.7779378743463407,0.62112427
B2A,08009f0be5.jpg,0.707272666483783,0.38103208
B2A,0811c84b0c.jpg,0.8250667889255113,0.28176504
B2A,081955febb.jpg,0.7845187072349057,0.2447768
B2A,08247a7020.jpg,0.6921280574668383,0.41924626
B2A,082786cc1f.jpg,0.5745975100489887,0.3050326
B2A,08341635fa.jpg,0.6830852358118387,0.6009791
B2A,0844c2cddf.jpg,0.6169769202297045,0.4037955
B2A,0845e8dc24.jpg,0.5314920250809609,0.37762856
B2A,085c73097f.jpg,0.6987603820988759,0.5168543
B2A,0860f1e141.jpg,0.9179750346007545,0.22421776
B2A,08645ef69b.jpg,0.6240576437674759,0.35569942
B2A,087e779e73.jpg,0.7425414576677078,0.39149523
B2A,08874a6ee1.jpg,0.7130316014422289,0.4453289
B2A,088972cf3f.jpg,0.6804904698117838,0.27244893
B2A,089406822c.jpg,0.7902253344878628,0.27301627
B2A,08a203b59d.jpg,0.8300485543187295,0.36255008
B2A,08acc490a3.jpg,0.6579531629693923,0.2893252
B2A,08b790bca7.jpg,0.9237398304965628,0.3944454
B2A,08c1754f70.jpg,0.6937865812041558,0.30650875
B2A,08cbd0d6c4.jpg,0.8669971096551166,0.24026681
B2A,08cbd51033.jpg,0.8132394409031648,0.34477124
B2A,08d7603c9c.jpg,0.812272160166646,0.33728427
B2A,08da1e5774.jpg,0.9045710900233633,0.23711036
B2A,08e3354189.jpg,0.7880319732647725,0.2977279
B2A,08fa88c02c.jpg,0.7859819927261933,0.21951133
B2A,08fa8a6f26.jpg,0.8031506814225523,0.40477407
B2A,08fd7ac09b.jpg,0.8727492968049935,0.31703058
B2A,090d5b3cca.jpg,0.7738549800340131,0.35599786
B2A,091b6b9b07.jpg,0.8517144674575888,0.37408882
B2A,0922bbb3c1.jpg,0.7901212346728442,0.28717068
B2A,0932ad9605.jpg,0.8682494411599392,0.28146937
B2A,0938dc0298.jpg,0.6397559116965382,0.5868077
B2A,0939723138.jpg,0.7911726022467667,0.28330958
B2A,093be92a48.jpg,0.8652617928058836,0.16139756
B2A,093e24f728.jpg,0.8061911981634345,0.48810035
B2A,0945008455.jpg,0.819996987980731,0.31361333
B2A,09591edd0a.jpg,0.8422346264979981,0.2667109
B2A,095bc5a33d.jpg,0.789785557504441,0.33084854
B2A,096165f6f0.jpg,0.8892403453937663,0.2547922
B2A,0962094f25.jpg,0.8655547402077316,0.17229502
B2A,0963accefe.jpg,0.89567707090646,0.2819489
B2A,096495c50c.jpg,0.8033781278295166,0.35638496
B2A,096bae8cd9.jpg,0.7291205445483564,0.37073725
B2A,096da37ff7.jpg,0.8961848720277027,0.32404155
B2A,096f009762.jpg,0.7523993106138905,0.38089365
B2A,09748274a3.jpg,0.8374436486951684,0.32687408
B2A,09756af6f7.jpg,0.7554976001651267,0.39032042
B2A,097b3ce81a.jpg,0.8217643361007663,0.3147928
B2A,097d38ef3b.jpg,0.8027764676369032,0.3338212
B2A,09816286d3.jpg,0.8331912534829556,0.3350145
B2A,0984136f36.jpg,0.6170084682266918,0.6613459
B2A,098b35d919.jpg,0.7700121911864894,0.4644053
B2A,098c0ce670.jpg,0.6948630052871473,0.3946187
B2A,098fde2b22.jpg,0.7820620104248585,0.29930723
B2A,099159901a.jpg,0.7389473136460958,0.58336437
B2A,099395535c.jpg,0.67328259986054,0.2868562
B2A,09986b5a14.jpg,0.7586457004672148,0.5476464
B2A,09a43d2264.jpg,0.8751294470113288,0.3092978
B2A,09bebf108f.jpg,0.7003970778604175,0.34712029
B2A,09c874df81.jpg,0.8813220868388094,0.29613456
B2A,09d34f7412.jpg,0.8022704406546528,0.42277694
B2A,09ddb5e4c9.jpg,0.6951359782670905,0.51595896
B2A,09e084658a.jpg,0.7232636636737788,0.48700505
B2A,09e1b696b4.jpg,0.8760618798885735,0.2102564
B2A,09e2982b82.jpg,0.642588282149471,0.58328074
B2A,09e8393bd1.jpg,0.623962458410328,0.5654976
B2A,09ec565e3a.jpg,0.8444973536059043,0.36515415
B2A,09f57ab8c5.jpg,0.8780640306549095,0.25742027
B2A,09fc404e31.jpg,0.6632172123106373,0.7332419
B2A,09fcd10b7e.jpg,0.8234345712413856,0.28560877
B2A,0a0c3a6d07.jpg,0.7080179396077942,0.5250334
B2A,0a0d3e6ea7.jpg,0.7809416770922528,0.39466128
B2A,0a1d1b9f8e.jpg,0.7094302755498745,0.6682011
B2A,0a271892d0.jpg,0.7181081529199019,0.35420716
B2A,0a284dbed0.jpg,0.6614550368343589,0.2583087
B2A,0a2e5f728d.jpg,0.6259379937100097,0.55865693
B2A,0a325fc655.jpg,0.6681753684035666,0.3224805
B2A,0a44c8287d.jpg,0.7418081188534424,0.6085373
B2A,0a49020ae5.jpg,0.7348793673120457,0.26321405
B2A,0a497f768d.jpg,0.7981641290748083,0.3651491
B2A,0a6091114d.jpg,0.7583242230381774,0.48978108
B2A,0a6279ef66.jpg,0.772593208173687,0.4150406
B2A,0a6e92d928.jpg,0.7043589357891282,0.3012289
B2A,0a74701f65.jpg,0.8776320018322836,0.3115482
B2A,0a7a8e30bd.jpg,0.6878629302170302,0.44381174
B2A,0a7b607c9c.jpg,0.8609874615869402,0.21703504
B2A,0a8839fac9.jpg,0.7511751566063094,0.2891463
B2A,0a996d988b.jpg,0.8574915380892566,0.18934153
B2A,0aa4202c77.jpg,0.7977671701546394,0.3424632
B2A,0aaf6960c4.jpg,0.8170801532192762,0.24775872
B2A,0abbeddf71.jpg,0.7800561194609208,0.45465654
B2A,0abbf2fd4b.jpg,0.7359748729262362,0.4499332
B2A,0ac4b6aaaa.jpg,0.8608082436994382,0.22275825
B2A,0ac84db7bc.jpg,0.5657952133272537,0.6674133
B2A,0ad13029a9.jpg,0.6209430766144328,0.43178126
B2A,0ad956708f.jpg,0.8736862731700211,0.3011846
B2A,0ae5e9bfe2.jpg,0.6659338341520484,0.24945155
B2A,0aec1f9701.jpg,0.9027475913305288,0.36025667
B2A,0b0bf6fe85.jpg,0.739464469466815,0.369075
B2A,0b1669c3ea.jpg,0.7781803841787911,0.4444759
B2A,0b21ce3df6.jpg,0.834103257606282,0.36237958
B2A,0b2454f0e3.jpg,0.7638203192123717,0.2734119
B2A,0b2f2a3e59.jpg,0.8717875140926898,0.31070516
B2A,0b3fd12ac9.jpg,0.8257764813587447,0.30664954
B2A,0b461ab035.jpg,0.9319391913748005,0.24709511
B2A,0b48073b83.jpg,0.7495952199967342,0.32799053
B2A,0b4dbff7c8.jpg,0.8690943453913555,0.21909422
B2A,0b4f93c337.jpg,0.8408115978494894,0.37791374
B2A,0b53fd3e90.jpg,0.7367966621605739,0.33984435
B2A,0b68939003.jpg,0.8408017411911433,0.35343516
B2A,0b6b4bfc29.jpg,0.9189100391880284,0.15957637
B2A,0b91f359c5.jpg,0.6396279041248553,0.49697658
B2A,0b97d70d93.jpg,0.7533098704766492,0.30837968
B2A,0bb9d1a3cf.jpg,0.8136748625262016,0.2999587
B2A,0bcecb1330.jpg,0.7347995485387985,0.48549908
B2A,0bddd37684.jpg,0.7327628700975972,0.3590576
B2A,0bde6ba99b.jpg,0.6346653577175205,0.3916151
B2A,0bdf3110dc.jpg,0.8305452638777348,0.2528055
B2A,0bede4ba4e.jpg,0.5654903059435116,0.23767063
B2A,0c18bf8536.jpg,0.8547596311143499,0.34696007
B2A,0c21bed0d8.jpg,0.6202573907516056,0.2564474
B2A,0c272fcde8.jpg,0.7962729517902319,0.28843787
B2A,0c4ebc7f6a.jpg,0.7238927114410024,0.38239723
B2A,0c64451f58.jpg,0.6350521998634454,0.49887308
B2A,0c64b00832.jpg,0.795708322128009,0.28011584
B2A,0c696d12a2.jpg,0.8417995873329692,0.35332605
B2A,0c6b56bba9.jpg,0.7717490681723639,0.36030322
B2A,0c6b63c2c5.jpg,0.659862649667676,0.42376465
B2A,0c6c9d8ce7.jpg,0.8597401420888662,0.32040673
B2A,0c6e6b52be.jpg,0.7807505899205301,0.29171243
B2A,0c6fcdf1f5.jpg,0.7025284048829002,0.33196402
B2A,0c781e1538.jpg,0.8134773265489672,0.28373224
B2A,0c7e07acd3.jpg,0.8111810803823017,0.23047744
B2A,0c8a94c597.jpg,0.6872716450060752,0.34281814
B2A,0ca5b3c96a.jpg,0.7932623633599112,0.32301685
B2A,0cac1bcf2b.jpg,0.7996992368861712,0.38004276
B2A,0cae98323f.jpg,0.8406839658963541,0.23262846
B2A,0cb4144fbb.jpg,0.5706116545866475,0.6330366
B2A,0cb6683555.jpg,0.8614369082205514,0.24730557
B2A,0ccbcfcf65.jpg,0.7618813022786516,0.32696348
B2A,0cda2627bf.jpg,0.8073826710812634,0.41884968
B2A,0cdfbb28e6.jpg,0.45619522050293054,0.5243529
B2A,0ce227ee32.jpg,0.6267499262250287,0.34994408
B2A,0cec4d02a7.jpg,0.5442808404244062,0.41326874
B2A,0cecce2e24.jpg,0.7865066231925459,0.46870202
B2A,0cf495d82e.jpg,0.8073220228006672,0.46758455
B2A,0cf4dc75d0.jpg,0.7738034835354092,0.3923208
B2A,0cfe85f73d.jpg,0.8463613095024275,0.41317743
B2A,0d11463712.jpg,0.7439818531527598,0.43364194
B2A,0d1a5b6882.jpg,0.8057676475763599,0.4491061
B2A,0d23431254.jpg,0.80748692547031,0.31782854
B2A,0d2583e3ea.jpg,0.7647035708626825,0.34804386
B2A,0d2ed7fb8e.jpg,0.7535449689583705,0.32486278
B2A,0d2f9d322d.jpg,0.6229637876093576,0.5048375
B2A,0d3752b4ad.jpg,0.7539694059766539,0.36676484
B2A,0d423f52fd.jpg,0.8835983269575347,0.32644585
B2A,0d59054b30.jpg,0.7909433509804075,0.2937851
B2A,0d593e3752.jpg,0.7747051906954154,0.37753513
B2A,0d64ca5ecf.jpg,0.8580965050482459,0.34435412
B2A,0d6ba5d215.jpg,0.668032034704845,0.522527
B2A,0d6c81cbc2.jpg,0.8272142950737063,0.4307024
B2A,0d6f893bc7.jpg,0.8051768634068546,0.31239757
B2A,0d7c5d97ac.jpg,0.8588658814092943,0.39749724
B2A,0d80b97eb4.jpg,0.7344353453431046,0.35212225
B2A,0d859e1630.jpg,0.6205431605697825,0.5610905
B2A,0d89393fe0.jpg,0.8334997851193433,0.18502973
B2A,0d8c66b24e.jpg,0.8173531845168718,0.30737823
B2A,0dd016afa5.jpg,0.8407591823265061,0.26295492
B2A,0dd4041294.jpg,0.8737196971491015,0.33141747
B2A,0dd5085fdf.jpg,0.9515492286509563,0.38604894
B2A,0dde3f8ee7.jpg,0.7873250044240521,0.32194373
B2A,0de8320918.jpg,0.6420331822052329,0.37856874
B2A,0de920c5bf.jpg,0.9084062656489055,0.30584997
B2A,0debce885b.jpg,0.5980657932190225,0.500689
B2A,0df35db4a2.jpg,0.8011636283278775,0.49501652
B2A,0df9a45c26.jpg,0.5671201979981673,0.42612162
B2A,0e003670f7.jpg,0.5985125449321358,0.6197386
B2A,0e0577ec3a.jpg,0.6017448711272861,0.4586963
B2A,0e0a660bb8.jpg,0.8209023604148019,0.44391632
B2A,0e0bdef20a.jpg,0.7047894745407781,0.33659196
B2A,0e1230a330.jpg,0.770028564485729,0.5111913
B2A,0e13d9c6f4.jpg,0.8027260484169684,0.36509272
B2A,0e23057337.jpg,0.8838473683865595,0.3469994
B2A,0e2610ef33.jpg,0.7186409812307234,0.5003549
B2A,0e441b3c17.jpg,0.8149246459534554,0.38116294
B2A,0e4c7d5e15.jpg,0.830087381512801,0.31489384
B2A,0e4ec46846.jpg,0.7841082283395303,0.44866484
B2A,0e5afbada4.jpg,0.8174856176737038,0.3644297
B2A,0e750aaed9.jpg,0.8840315178361967,0.29515705
B2A,0e8eb4587e.jpg,0.826730813737245,0.27620873
B2A,0e95c87f76.jpg,0.7569304667929817,0.31115305
B2A,0e983a3ef5.jpg,0.7992732060604916,0.5360047
B2A,0eaa8d71f6.jpg,0.8396248762278168,0.39592957
B2A,0eb3c8892a.jpg,0.46706727566250367,0.64787555
B2A,0eb810429d.jpg,0.5996141918875645,0.7191198
B2A,0eddbbb35c.jpg,0.8590517637476554,0.2821622
B2A,0f1e6530bc.jpg,0.7859034247733436,0.30493712
B2A,0f35be9cbb.jpg,0.8158577610961278,0.34360066
B2A,0f3757e6cd.jpg,0.7984773883507149,0.582309
B2A,0f3ed210c0.jpg,0.8786658136360732,0.2883447
B2A,0f5228f2a6.jpg,0.8480171181386584,0.20873812
B2A,0f58899ce1.jpg,0.8882870318874984,0.31053302
B2A,0f819ab838.jpg,0.815634560178065,0.45234185
B2A,0f8e316a87.jpg,0.848312779030696,0.36607224
B2A,0fa29829f2.jpg,0.5165427781709047,0.55590093
B2A,0fa5629898.jpg,0.8604488403118473,0.25220755
B2A,0fb1ca7fe1.jpg,0.7477350731823453,0.38775504
B2A,0fbcbeddd5.jpg,0.7052485476937465,0.3419996
B2A,0fca1c304e.jpg,0.8026248593890605,0.33903188
B2A,0fccbd8558.jpg,0.7582309712311814,0.289518
B2A,0fd7cd6092.jpg,0.8575663246066768,0.270255
B2A,0fdcf56678.jpg,0.8488615620988202,0.30385938
B2A,0fe76a9ec9.jpg,0.8220860166251769,0.33881837
B2A,0fef77210a.jpg,0.754627515485674,0.6003816
B2A,10118ae431.jpg,0.6609569840516635,0.51964134
B2A,101a1f34db.jpg,0.6769814763779943,0.48707068
B2A,101a5ad83d.jpg,0.8480773873914335,0.2869818
B2A,101c59feab.jpg,0.8318533798750251,0.28618872
B2A,101d00677e.jpg,0.8617177174424276,0.28461212
B2A,102c9065a7.jpg,0.7437507559017846,0.3438803
B2A,102da9e0bf.jpg,0.8234441817040802,0.45513117
B2A,10371b9044.jpg,0.7736497586329837,0.35120398
B2A,1037993785.jpg,0.8173511975951645,0.3218271
B2A,104204fa3f.jpg,0.7962844444371847,0.32075647
B2A,105ac2e395.jpg,0.8455238549145956,0.3855577
B2A,106091e966.jpg,0.8074944478475818,0.3465724
B2A,1064e8c2fc.jpg,0.8651192204740679,0.29964674
B2A,10729e0962.jpg,0.7227553116043339,0.2614354
B2A,1076bdc405.jpg,0.6254803934281209,0.5607861
B2A,107769ed33.jpg,0.8064917953497749,0.3643768
B2A,1079a7abe1.jpg,0.7823617345725382,0.41553342
B2A,108d3336bd.jpg,0.7993822896772795,0.2693926
B2A,108f57c580.jpg,0.8020142587047907,0.44113338
B2A,1097dcc82e.jpg,0.7780778468546551,0.44637454
B2A,10ab9fcfcb.jpg,0.6457167338364678,0.7053189
B2A,10e101cae7.jpg,0.7849321417681628,0.29381192
B2A,10e79c0f04.jpg,0.6516529343556251,0.31453198
B2A,10f3bc8893.jpg,0.7306285308551751,0.5838577
B2A,1106610965.jpg,0.9025046452969018,0.34310752
B2A,11068aa40b.jpg,0.6199913011104712,0.41444033
B2A,110d660fee.jpg,0.870926066735234,0.28815833
B2A,112f088373.jpg,0.7393896308910375,0.4281281
B2A,113444c0c2.jpg,0.8599430724775757,0.23655841
B2A,1138db3be9.jpg,0.7803944315827634,0.2328896
B2A,114692dc5b.jpg,0.8990652459323603,0.28934234
B2A,1151c9b98d.jpg,0.6670904051914439,0.47350383
B2A,115cd21c1c.jpg,0.5941760535731269,0.43822372
B2A,115cd80f74.jpg,0.7928262488500658,0.3528376
B2A,115f221c2a.jpg,0.5072241562950219,0.46609208
B2A,115f43bae3.jpg,0.7952311997062623,0.3670586
B2A,117281b37b.jpg,0.8222972563521627,0.29514056
B2A,1172d3e228.jpg,0.7353719464904007,0.46029356
B2A,117d70bd19.jpg,0.6276311413848082,0.72046417
B2A,117e2a807d.jpg,0.6075190598518736,0.45719308
B2A,1193c043d7.jpg,0.7202181889534336,0.40908343
B2A,11bcbf0f67.jpg,0.8770747065388286,0.24478345
B2A,11c1de8b75.jpg,0.8476904073746637,0.28993207
B2A,11c24d756f.jpg,0.6638663582641118,0.42026693
B2A,11cc678dbf.jpg,0.8372634339508447,0.3528362
B2A,11d4cd762d.jpg,0.760949408682538,0.42805663
B2A,11d713b4ee.jpg,0.61729290240271,0.5255455
B2A,11e25d3dc4.jpg,0.8356879168197294,0.24012424
B2A,11f13ca69e.jpg,0.7855271658529934,0.33535454
B2A,11f482a716.jpg,0.6334136187023744,0.3726555
B2A,11feb29e6a.jpg,0.7391007432345886,0.29112422
B2A,1216dc1ffe.jpg,0.7808974233160972,0.2961832
B2A,12193672ba.jpg,0.758713706173245,0.45167562
B2A,122f944d40.jpg,0.6777163305296626,0.40998626
B2A,1235e32fb2.jpg,0.6725997494692467,0.32113636
B2A,123714f71c.jpg,0.8610568933798877,0.25590307
B2A,1240cc6f83.jpg,0.5854264223603248,0.6044755
B2A,124244310e.jpg,0.7891004300615488,0.24352375
B2A,124dda3622.jpg,0.8114668939732034,0.40429318
B2A,125fd9187b.jpg,0.74062179514512,0.66259354
B2A,12672ab41c.jpg,0.7975088993686423,0.3284117
B2A,126fb64cb8.jpg,0.7729919970772046,0.22428808
B2A,1285f93747.jpg,0.832518048032534,0.41452467
B2A,129823154f.jpg,0.8319963392171681,0.44602793
B2A,129df5c60c.jpg,0.6896669174222011,0.39674854
B2A,12ae4ffbb5.jpg,0.674710661148164,0.3915614
B2A,12b2a8d1fc.jpg,0.775839699476751,0.38523412
B2A,12b302b5f1.jpg,0.7866965492648721,0.29691827
B2A,12c5ce9b42.jpg,0.7602172026916737,0.29987767
B2A,12c65cd54c.jpg,0.8782275603398765,0.28647566
B2A,12cb4d2917.jpg,0.7905493730229121,0.4595468
B2A,12cc0ffc15.jpg,0.7967437405501822,0.5214199
B2A,12d0476b93.jpg,0.6657339131126337,0.3548847
B2A,12e9b80b70.jpg,0.8148783674297819,0.2272618
B2A,12f09c6efe.jpg,0.8641412163134271,0.33760333
B2A,12f74378d4.jpg,0.8841041398533541,0.29881155
B2A,12f9c1a7b5.jpg,0.7844710505887801,0.3741684
B2A,13048dfacf.jpg,0.7174477637841574,0.49707812
B2A,13173bc6b5.jpg,0.6473990091386048,0.36711726
B2A,13219b2462.jpg,0.7803669982994468,0.2648601
B2A,13328c1504.jpg,0.9214494757133251,0.31609493
B2A,133adbd41e.jpg,0.8095061789643413,0.3250234
B2A,134f611db2.jpg,0.7998793549315361,0.42350763
B2A,1355735108.jpg,0.9130768962987105,0.3201335
B2A,1363fc8268.jpg,0.7745450224211683,0.5697056
B2A,1365922bc1.jpg,0.8243283626622242,0.21073496
B2A,13671d11f9.jpg,0.8260297565114316,0.2901871
B2A,1379cdd516.jpg,0.7133187594211844,0.47797054
B2A,13829b20dd.jpg,0.7997906503596024,0.3135406
B2A,13888541b7.jpg,0.8496205395334686,0.5031444
B2A,13892d15e5.jpg,0.7515545890035039,0.46215364
B2A,138a069c6c.jpg,0.6483474962802512,0.27301052
B2A,138c350c89.jpg,0.8685087127579981,0.24256608
B2A,13bbd45d01.jpg,0.8223349634868824,0.41057757
B2A,13c0555eab.jpg,0.7141417320838526,0.32169524
B2A,13c3b0e711.jpg,0.8952399665576053,0.26614225
B2A,13e3480e01.jpg,0.8544740340505069,0.3031242
B2A,13f4f7168a.jpg,0.8495989417258448,0.23755307
B2A,13fec527bb.jpg,0.7994143042902673,0.33494797
B2A,140f195fbc.jpg,0.8495663155047121,0.28223854
B2A,14135c74d7.jpg,0.7405197808717813,0.57700247
B2A,141ade2afb.jpg,0.5753813119359799,0.56999266
B2A,1421d11393.jpg,0.7517307378765159,0.3222502
B2A,142cda27d9.jpg,0.8753280787765253,0.36561653
B2A,1432b7355d.jpg,0.828998566632981,0.34714878
B2A,1437a4d5f9.jpg,0.637417362642918,0.61245984
B2A,1444ac5586.jpg,0.6915084621825086,0.37266672
B2A,1451c82e2f.jpg,0.9068989232882253,0.29584247
B2A,1467b3a6ac.jpg,0.7476092973083792,0.4468471
B2A,1476b02998.jpg,0.8486936110856262,0.3004802
B2A,14804e18f9.jpg,0.5961225546552053,0.3923285
B2A,14860c3bed.jpg,0.7339782210826832,0.41732347
B2A,1491d9367b.jpg,0.8702436230107425,0.33460033
B2A,1499400929.jpg,0.700211335624542,0.30910322
B2A,149e367310.jpg,0.680811492781738,0.43958402
B2A,14a7686f98.jpg,0.7531936636130968,0.32211155
B2A,14a95bb688.jpg,0.5932363920536108,0.5550573
B2A,14ac55e78e.jpg,0.8725701988751181,0.35107356
B2A,14b92a85f3.jpg,0.846374061337154,0.25608367
B2A,14bcc3cdad.jpg,0.7358026075522112,0.28549716
B2A,14c0e95507.jpg,0.8458108020674225,0.34224504
B2A,14c38e1c2e.jpg,0.8390878849550926,0.37367207
B2A,14fa7a9b31.jpg,0.7441290613050807,0.40425777
B2A,14fe889824.jpg,0.8032109532991756,0.25522584
B2A,151cb3c6ff.jpg,0.6950790371374022,0.33192995
B2A,1531eae642.jpg,0.5731046646391752,0.5440111
B2A,153bb660da.jpg,0.8271488163178125,0.2989599
B2A,153e1ec171.jpg,0.738539993666202,0.33799285
B2A,153f59d4cb.jpg,0.7274305581833455,0.41687268
B2A,156540ebe1.jpg,0.8276916796656192,0.23984347
B2A,1569489edb.jpg,0.8251195378419014,0.29848418
B2A,156cf5822e.jpg,0.6976773038567459,0.40387282
B2A,15769de345.jpg,0.8427597416374121,0.37649235
B2A,157ee68b71.jpg,0.7809375691942287,0.39057142
B2A,1581f3755e.jpg,0.8087846111873207,0.34587502
B2A,1582ec589d.jpg,0.8322696237392754,0.28715092
B2A,159b3f002f.jpg,0.7662920143024218,0.4275785
B2A,159baa9c2b.jpg,0.701729566350934,0.52495694
B2A,159c19456b.jpg,0.8191592966466001,0.3895731
B2A,159e0baf13.jpg,0.6225616251113149,0.47593683
B2A,15a51e4dbe.jpg,0.7328153777019852,0.30729207
B2A,15a9b54b5f.jpg,0.7193609090624263,0.35192984
B2A,15abe5af92.jpg,0.8569113477461798,0.5301389
B2A,15b1f01b86.jpg,0.8725532947811129,0.3315506
B2A,15b9563151.jpg,0.6697611341169638,0.35279545
B2A,15cb21df1a.jpg,0.7711367947484359,0.5922661
B2A,15cca6975b.jpg,0.7736646557954483,0.226488
B2A,15d8655b4f.jpg,0.5700028868367963,0.37348056
B2A,15f7238855.jpg,0.7444779397965087,0.3801239
B2A,15f862b305.jpg,0.8090251119545115,0.29693225
B2A,160c560e5e.jpg,0.5108159508776833,0.5319836
B2A,160d920b63.jpg,0.8541839106731821,0.2694124
B2A,1615de2bd0.jpg,0.7879329077630016,0.32509375
B2A,161b3c519e.jpg,0.7476697839359033,0.31262445
B2A,163669cbd0.jpg,0.7338691941554335,0.42902458
B2A,164492cfa7.jpg,0.6670451558788225,0.32199758
B2A,1645d08cab.jpg,0.7334204719738466,0.59268236
B2A,164ebc7900.jpg,0.9121080159776642,0.21818973
B2A,165dfb6cd0.jpg,0.7367074290874404,0.34015307
B2A,1665a48def.jpg,0.7627570142301618,0.32513893
B2A,1675879297.jpg,0.7839498557717454,0.43760657
B2A,1676f96061.jpg,0.7359020285711898,0.3673917
B2A,1688783462.jpg,0.8108623683264453,0.27888536
B2A,1694e5637b.jpg,0.8885265428558822,0.3193675
B2A,16963c4f89.jpg,0.7952267032516823,0.379066
B2A,169c381352.jpg,0.8717546494049877,0.3411975
B2A,169f8a8503.jpg,0.661531839836431,0.5006584
B2A,16a0c8ed23.jpg,0.8677979119634583,0.3303205
B2A,16a3dd9695.jpg,0.48421182415771075,0.42545217
B2A,16a666edff.jpg,0.5200621020628632,0.67282665
B2A,16a7a9fc44.jpg,0.6614584667289602,0.3870787
B2A,16ab6bc622.jpg,0.9487045423146245,0.26229167
B2A,16b3067a86.jpg,0.7352585793088825,0.50336564
B2A,16b3ea1e00.jpg,0.6869976156702144,0.5227888
B2A,16b74bd37f.jpg,0.8619614721060274,0.34351173
B2A,16c119b3c7.jpg,0.7093371521753535,0.26744747
B2A,16cd6cbc68.jpg,0.9043667788659531,0.2235068
B2A,16d8cafb5b.jpg,0.6988221904247611,0.7662191
B2A,16d9624078.jpg,0.674952607282061,0.40480775
B2A,16de17a9aa.jpg,0.783839637989056,0.2935441
B2A,16de6b603c.jpg,0.8656205045140704,0.27450937
B2A,16ded6f738.jpg,0.6952768877571346,0.43163398
B2A,16dff1b77f.jpg,0.893034097778351,0.21753566
B2A,16e764f509.jpg,0.8561792269352517,0.41599137
B2A,16f0c49f22.jpg,0.904425923390374,0.3132241
B2A,16f3703756.jpg,0.8342735218440576,0.26503405
B2A,1701c26348.jpg,0.8343417773438987,0.23526263
B2A,17028b1e92.jpg,0.6077648983077424,0.4031026
B2A,170434d3dd.jpg,0.8494170810100206,0.41050807
B2A,170dbca136.jpg,0.8615991424917597,0.32984084
B2A,17167ea036.jpg,0.8563459989340629,0.21125413
B2A,172a0707b2.jpg,0.5596952624403443,0.5343188
B2A,17315bdc5b.jpg,0.8407957201907186,0.2656989
B2A,1735a91a3d.jpg,0.8787222691187971,0.36118412
B2A,17398e5a2a.jpg,0.6839428720475862,0.36552256
B2A,17499b0283.jpg,0.8323475955642957,0.29853702
B2A,174ded9426.jpg,0.8120150334560813,0.2758894
B2A,174f0355a6.jpg,0.8404407282568052,0.27911732
B2A,17592a1017.jpg,0.8161589542115418,0.51968306
B2A,176050474a.jpg,0.6358162758384527,0.35238218
B2A,1764393c0e.jpg,0.6551079588468148,0.55593705
B2A,17674de2d5.jpg,0.8006050629694683,0.3935955
B2A,176bec46aa.jpg,0.8967199118842286,0.20795472
B2A,176d0e5c75.jpg,0.8171339406884831,0.40205625
B2A,1771b7c478.jpg,0.7209093841819202,0.39359283
B2A,1774482049.jpg,0.8634973636399138,0.26982293
B2A,1779a8225f.jpg,0.797762145588391,0.34016377
B2A,1789a61138.jpg,0.6508933012007979,0.4755001
B2A,178d33e084.jpg,0.7880796775035154,0.3347623
B2A,17924dd78d.jpg,0.8815385237112989,0.33087975
B2A,179af606cb.jpg,0.8787413742221875,0.288696
B2A,17a199a709.jpg,0.7410408920072035,0.30289796
B2A,17a8bd8ba4.jpg,0.7599088240073295,0.34391284
B2A,17b7569c29.jpg,0.7801868268806416,0.48889464
B2A,17c8c9072a.jpg,0.8372985475235036,0.23039564
B2A,17ce3a201d.jpg,0.8923734361042928,0.27314308
B2A,17cf077f45.jpg,0.6693484997319215,0.47198296
B2A,17d4e23d9f.jpg,0.7117964756356102,0.8594189
B2A,17d896fd14.jpg,0.7527492588890208,0.4864388
B2A,17dbf8cf56.jpg,0.8519139334146179,0.39629695
B2A,17e149928d.jpg,0.8810188645513486,0.25102523
B2A,17eb22711b.jpg,0.8750799704977572,0.28397378
B2A,17f8f4d5d9.jpg,0.736880493637843,0.37991068
B2A,17f92dd71b.jpg,0.8338688358650846,0.38784125
B2A,180e1881bc.jpg,0.8364800375658896,0.23719767
B2A,18162a62a3.jpg,0.7834038085424623,0.42588073
B2A,181a53c38a.jpg,0.6878094065089687,0.5194868
B2A,181f424335.jpg,0.6619065582368532,0.35927412
B2A,182690bc45.jpg,0.6260644924142953,0.30767515
B2A,182846af47.jpg,0.66790981469426,0.5764084
B2A,1838bcc8fa.jpg,0.6420159900931438,0.40037668
B2A,184a433ce3.jpg,0.761964459658656,0.45392898
B2A,185f8da469.jpg,0.8238127492169112,0.35960114
B2A,186035e2a8.jpg,0.8581407346752363,0.2638517
B2A,1866c56f7a.jpg,0.626557375075832,0.43271053
B2A,186e98dcb8.jpg,0.7572469002878947,0.44762725
B2A,1883fcfb3e.jpg,0.9026185074661618,0.36348414
B2A,1884a2a37d.jpg,0.5514160316007013,0.42498344
B2A,18880e913d.jpg,0.46028989754853517,0.59071416
B2A,188b7f6310.jpg,0.8757643907221969,0.25120622
B2A,1893ce79ce.jpg,0.5668509012325817,0.6332907
B2A,1894c178ea.jpg,0.556038289685664,0.45696154
B2A,1897b7b118.jpg,0.6723401341619325,0.46201295
B2A,189ae3f5a7.jpg,0.6591164197996169,0.40775585
B2A,189ee6859e.jpg,0.8165747954409983,0.33781058
B2A,18a275b358.jpg,0.8612281935021873,0.26723948
B2A,18a4ee0991.jpg,0.8559679984888314,0.25228423
B2A,18aca60c06.jpg,0.6694631632370415,0.50346875
B2A,18ae840f5d.jpg,0.7897313874917666,0.31709912
B2A,18b2d7a2ef.jpg,0.7493099015464065,0.486464
B2A,18c6b5b73b.jpg,0.8712457634652323,0.24994695
B2A,18ca544c78.jpg,0.7129033711478188,0.37818775
B2A,18e384cfff.jpg,0.73076685941324,0.28718856
B2A,18e571a627.jpg,0.8239553233091588,0.3144298
B2A,18ea7c98b1.jpg,0.9102123016743748,0.20051415
B2A,190633c073.jpg,0.865303264498552,0.43909177
B2A,1912f08cb1.jpg,0.8714417905196833,0.3160991
B2A,19182d3849.jpg,0.7740448739310278,0.26476726
B2A,1921b26eea.jpg,0.7238845729036503,0.46594104
B2A,1925109fdd.jpg,0.6319085035232499,0.62873167
B2A,192682abdf.jpg,0.772249634707476,0.4253068
B2A,192caaa1bf.jpg,0.8105983170357763,0.36513755
B2A,1936e1dcb4.jpg,0.8310777092560645,0.32281977
B2A,193b4cdb27.jpg,0.8058677683649573,0.37753993
B2A,193f3266fb.jpg,0.5711656259851672,0.7347038
B2A,194bb9f6ed.jpg,0.7496090744231894,0.37128747
B2A,19525a17e2.jpg,0.7162600904857254,0.3719334
B2A,19592a5fbf.jpg,0.7665625641327587,0.48419276
B2A,1960283fd5.jpg,0.6694459033977762,0.35426575
B2A,1966101984.jpg,0.7470304109243588,0.3197774
B2A,196a6875a7.jpg,0.7142594607046621,0.46597794
B2A,196e2c07aa.jpg,0.8246218187270898,0.440624
B2A,1970faab6a.jpg,0.8538697744210072,0.36870536
B2A,1977b66f96.jpg,0.7230019185801022,0.42754793
B2A,197dc21bdb.jpg,0.7842252605024513,0.42466447
B2A,19801ae9ab.jpg,0.7569923346728317,0.35030627
B2A,1986fa52f5.jpg,0.6528148395473208,0.59537387
B2A,198cad00d4.jpg,0.7532344848435245,0.2840678
B2A,19918a1d5c.jpg,0.8938925611579661,0.25775206
B2A,1998700449.jpg,0.6948587138149351,0.4131491
B2A,1999225d11.jpg,0.7279705940371592,0.48447287
B2A,199a3e859f.jpg,0.7636821656560376,0.37494582
B2A,199d0b8782.jpg,0.7861660879589025,0.3383512
B2A,19a7361b2a.jpg,0.6622865301717292,0.52098894
B2A,19b0fbeba0.jpg,0.7843736716946359,0.45808098
B2A,19b944dbbf.jpg,0.80902265374552,0.49675226
B2A,19b98e5663.jpg,0.7787766304046666,0.5142399
B2A,19bad1225f.jpg,0.5989039758595253,0.38508308
B2A,19bd14d30e.jpg,0.6294737433764899,0.3444821
B2A,19be535e5f.jpg,0.7730900721980563,0.45763427
B2A,19c277c363.jpg,0.7331467027320159,0.3845408
B2A,19c8301d67.jpg,0.802219778255704,0.33706403
B2A,19e7940d94.jpg,0.7955967029257114,0.1783562
B2A,19e8b9b328.jpg,0.7935901614570087,0.32396635
B2A,1a23085db7.jpg,0.5665272823359565,0.38092983
B2A,1a2542d28b.jpg,0.7448835351164872,0.33684608
B2A,1a25f82753.jpg,0.8257783827962879,0.44241887
B2A,1a27cb4cba.jpg,0.7239516368630858,0.44017458
B2A,1a2cd9ea8c.jpg,0.5044729694947511,0.4459366
B2A,1a3b1a3da9.jpg,0.6184319208935207,0.50270015
B2A,1a4213d2ce.jpg,0.6332815764574626,0.32604027
B2A,1a4491cef2.jpg,0.603451977284258,0.63767946
B2A,1a45b8c270.jpg,0.7477757593407082,0.39463222
B2A,1a5041d9ed.jpg,0.7184449584475651,0.6348757
B2A,1a5cf3b632.jpg,0.8605204767944274,0.29621184
B2A,1a6013cba4.jpg,0.8079095056091123,0.41592824
B2A,1a61870a06.jpg,0.7720876961934192,0.30849257
B2A,1a6b4e9e13.jpg,0.8187904391344907,0.42686784
B2A,1a7af9964c.jpg,0.7879901650084878,0.41888386
B2A,1a8633fbb9.jpg,0.851339347519614,0.31843686
B2A,1a892680fb.jpg,0.7681114774760318,0.3033973
B2A,1a8c1a7995.jpg,0.6994276088347277,0.32525584
B2A,1a8c9e6c4c.jpg,0.7761509355939332,0.3531056
B2A,1aa0d1c558.jpg,0.6970222218319275,0.5089444
B2A,1aa8abd685.jpg,0.7380297679431906,0.47022069
B2A,1ac1673452.jpg,0.9069157270255125,0.31118822
B2A,1ac35e7dc8.jpg,0.6534811781774884,0.40245667
B2A,1ac5876376.jpg,0.7609079777477934,0.2983802
B2A,1acb4c14ce.jpg,0.6864189926214327,0.5027436
B2A,1acb4d1d54.jpg,0.7627225195742442,0.40558636
B2A,1ad17703ce.jpg,0.677848611142636,0.28145382
B2A,1ad8701262.jpg,0.7109285327305406,0.35655403
B2A,1ae03b00e7.jpg,0.6954822383151565,0.39591372
B2A,1ae342cd57.jpg,0.7249741525735418,0.2364645
B2A,1b062b66a7.jpg,0.6059381731125641,0.6614486
B2A,1b118a066b.jpg,0.7638264763680376,0.41280684
B2A,1b129b65db.jpg,0.7108592337935791,0.41369173
B2A,1b12cf626f.jpg,0.9091353945716099,0.27887177
B2A,1b3e398db7.jpg,0.8128871605619148,0.28991753
B2A,1b4e94ffbd.jpg,0.7847793209168135,0.32520366
B2A,1b4f115bdd.jpg,0.6991015003002393,0.48212513
B2A,1b5e8cedda.jpg,0.6147638902229787,0.36546853
B2A,1b66416060.jpg,0.8199637179772512,0.3145818
B2A,1b6a1a7e94.jpg,0.6513999770753884,0.34232455
B2A,1b6d7b4e65.jpg,0.6301153653413675,0.46274763
B2A,1b72549327.jpg,0.6272422937692652,0.5123085
B2A,1b770229f3.jpg,0.8506067942326876,0.35620564
B2A,1b961a3a39.jpg,0.6563459286862509,0.50079894
B2A,1b98321823.jpg,0.7167647869882526,0.3878407
B2A,1b987c577e.jpg,0.7985791411885595,0.2982733
B2A,1baa6a3895.jpg,0.6052546397070193,0.3194151
B2A,1baf74b1a7.jpg,0.8153686869254,0.39258423
B2A,1bb75f970a.jpg,0.7387611388265097,0.48450905
B2A,1bb8674fbf.jpg,0.6855252850226238,0.457156
B2A,1bba0654b7.jpg,0.8319474413425179,0.27419245
B2A,1bbaea3e6b.jpg,0.5739506543538573,0.52771425
B2A,1bc105b0b9.jpg,0.6620896247761621,0.52363837
B2A,1bc290729f.jpg,0.8096318363084712,0.38657358
B2A,1bc9fc642d.jpg,0.6456867034158792,0.6184575
B2A,1bccaf17e5.jpg,0.6841896406665239,0.43501818
B2A,1bd527d6a0.jpg,0.7921106615082739,0.36288196
B2A,1bd7be0503.jpg,0.6370365052060575,0.47557756
B2A,1bd8b4f799.jpg,0.8721274215614062,0.34001017
B2A,1be016515b.jpg,0.8921854757709234,0.33215234
B2A,1be0fa86b5.jpg,0.6464597434905724,0.4666887
B2A,1be6584349.jpg,0.8073330090250612,0.3993415
B2A,1bf60182b2.jpg,0.8644156166107726,0.3402557
B2A,1c0ea0fe1b.jpg,0.779575510634557,0.39273053
B2A,1c1f697d7e.jpg,0.6732147250699076,0.49619374
B2A,1c3c1aca33.jpg,0.8463838802559164,0.29432264
B2A,1c434baf43.jpg,0.7303999129483238,0.37060636
B2A,1c4de511e1.jpg,0.7232575772525064,0.77969545
B2A,1c5cc22c2c.jpg,0.8708692350538701,0.222232
B2A,1c5ce714cc.jpg,0.7640687017699478,0.22990787
B2A,1c64f657f4.jpg,0.46988472462149605,0.62260157
B2A,1c69470718.jpg,0.7150079971063859,0.4119377
B2A,1c6eed59f5.jpg,0.6669370581931656,0.50349224
B2A,1c707e6132.jpg,0.7641875397934672,0.29613218
B2A,1c75256206.jpg,0.76727832498859,0.49299788
B2A,1c7b3cdedc.jpg,0.7269457212259717,0.27146775
B2A,1c807fee79.jpg,0.7066750196955182,0.29424208
B2A,1c84f1179c.jpg,0.6514409199988817,0.48468405
B2A,1c863100b1.jpg,0.6381226758793827,0.29774264
B2A,1c88080a3f.jpg,0.5795789642434294,0.31779087
B2A,1c95a45486.jpg,0.7770657297443462,0.44399753
B2A,1cb96210e6.jpg,0.6622131648214872,0.5143785
B2A,1cb9d045d8.jpg,0.6483486061532613,0.54432726
B2A,1cc26c48b8.jpg,0.7926112275116629,0.37851018
B2A,1cd5acea15.jpg,0.8411920518341077,0.34986776
B2A,1cdb990c46.jpg,0.7371546225039315,0.3317331
B2A,1ce3cb350d.jpg,0.7719450093466561,0.3045438
B2A,1cea1bf43d.jpg,0.7590746836943417,0.4483413
B2A,1cf711c1d1.jpg,0.6499727090120319,0.5406803
B2A,1cfe6aba33.jpg,0.9098620657519266,0.30917382
B2A,1d0aecbd16.jpg,0.8072226463221358,0.3673556
B2A,1d0f76765b.jpg,0.6187308338534907,0.61295104
B2A,1d17249a0f.jpg,0.7379394420352249,0.36313915
B2A,1d19c4bc7e.jpg,0.7583513477280014,0.30124626
B2A,1d205c56c5.jpg,0.7357163051322017,0.4252841
B2A,1d3446f22b.jpg,0.8461640621412819,0.35380363
B2A,1d38a9bee0.jpg,0.7028062636836885,0.51474273
B2A,1d3fb25bad.jpg,0.861304966138679,0.3074931
B2A,1d40d5d6ca.jpg,0.8289619084224293,0.2826759
B2A,1d44f79c1c.jpg,0.8403387467814049,0.27390477
B2A,1d46709e18.jpg,0.8267927709066701,0.42653942
B2A,1d53ac5a9f.jpg,0.8396736157064945,0.41800508
B2A,1d57118b49.jpg,0.6837760420399884,0.42289227
B2A,1d584ad062.jpg,0.871919400750009,0.2346929
B2A,1d5aa09f6b.jpg,0.5898441932231722,0.32796198
B2A,1d5c4b80c6.jpg,0.6022836554504977,0.560988
B2A,1d5cf63313.jpg,0.6334678314868012,0.26530495
B2A,1d5d4a0729.jpg,0.7791079035694509,0.41245377
B2A,1d640e96a3.jpg,0.9199245554293379,0.38599443
B2A,1d67aef6c9.jpg,0.695130322311874,0.670424
B2A,1d726a097f.jpg,0.7519498885247408,0.32245353
B2A,1d76ab1c0c.jpg,0.8256974559478885,0.25654867
B2A,1d79ab97ec.jpg,0.7715395402070976,0.35426125
B2A,1d7d8ff0ac.jpg,0.795884128583798,0.46880046
B2A,1d8a6d18f1.jpg,0.6531559000471681,0.55001
B2A,1d939cb782.jpg,0.6335231869309346,0.41526154
B2A,1d971deb73.jpg,0.6657703355853659,0.43646616
B2A,1da3631b3f.jpg,0.7472500166285244,0.6012807
B2A,1da538235f.jpg,0.5300836922856362,0.5301994
B2A,1da6888f64.jpg,0.7914498246182908,0.359372
B2A,1dafe2cf42.jpg,0.5200621020628632,0.67282665
B2A,1db0b33747.jpg,0.7826236312598857,0.45775986
B2A,1dba9a48ae.jpg,0.6759381305786345,0.40927806
B2A,1dbbe43952.jpg,0.87424705542149,0.2839473
B2A,1dc32da064.jpg,0.7415859472239948,0.30561417
B2A,1dc335fcac.jpg,0.7405526174468634,0.4111039
B2A,1dc3833078.jpg,0.8961378379302218,0.22870706
B2A,1dc3a7de89.jpg,0.7426750140385563,0.37740585
B2A,1dcbd84c73.jpg,0.6875593351968717,0.3121733
B2A,1dd0ec3618.jpg,0.6687803517678073,0.40099838
B2A,1dda02098b.jpg,0.6712460453862629,0.32916248
B2A,1de54dbad6.jpg,0.7768304929338211,0.36860088
B2A,1df4ff0436.jpg,0.737378297614153,0.2953896
B2A,1dfa5b2910.jpg,0.6728774839389497,0.49561584
B2A,1dfe2f3b46.jpg,0.7695575229815836,0.26997262
B2A,1e39d0e97c.jpg,0.8321373652399976,0.4075626
B2A,1e3a931f96.jpg,0.6207484024074964,0.39525092
B2A,1e4ccca31e.jpg,0.7940172927846493,0.3677004
B2A,1e56d7de95.jpg,0.7967239420363835,0.3250947
B2A,1e59228328.jpg,0.8149892223702639,0.2688273
B2A,1e66879f90.jpg,0.8505121810410373,0.27227566
B2A,1e74d0da3b.jpg,0.6968540404869256,0.46232617
B2A,1e7e4f894f.jpg,0.8654679761404991,0.3188501
B2A,1e7ed16969.jpg,0.7521532009457785,0.38652962
B2A,1e90517e22.jpg,0.8801967613048984,0.23702657
B2A,1e947e5fe9.jpg,0.7269774436047157,0.5904766
B2A,1e983237de.jpg,0.7584530910799168,0.32088017
B2A,1ea86dc4d5.jpg,0.7077355415845276,0.42115593
B2A,1eaa4a27c8.jpg,0.866454482495706,0.24124078
B2A,1eb579374e.jpg,0.8333641348868018,0.26919386
B2A,1ebd894c28.jpg,0.8678041587204094,0.22631478
B2A,1ece79b77f.jpg,0.7327440181720333,0.3539071
B2A,1ed7c273ba.jpg,0.8313033892416202,0.41496536
B2A,1ede9dadc3.jpg,0.8175929530895557,0.26309907
B2A,1ef162e31d.jpg,0.8282350667530497,0.32463217
B2A,1efdfce7c3.jpg,0.6716588495153004,0.3277458
B2A,1f006ed5eb.jpg,0.9350337221496092,0.38467565
B2A,1f086664d6.jpg,0.7804005317527698,0.53839034
B2A,1f1a19ad8b.jpg,0.7363830993218538,0.36915365
B2A,1f252ba827.jpg,0.6026136258742284,0.42855418
B2A,1f2d34b65b.jpg,0.8576250580926505,0.20835046
B2A,1f540d0ecb.jpg,0.7782254917839406,0.29669625
B2A,1f63ea8e1d.jpg,0.8387663790430754,0.4000869
B2A,1f67c932d8.jpg,0.7812239638159622,0.2704489
B2A,1f7b63917b.jpg,0.7913969930559419,0.21024743
B2A,1f8b43823c.jpg,0.7930855863543113,0.41486168
B2A,1f8fe4a8e4.jpg,0.7632020761237361,0.28119045
B2A,1f96108197.jpg,0.8873866914063689,0.26801535
B2A,1f979d49c6.jpg,0.8799886194360894,0.31848186
B2A,1f98e7d475.jpg,0.671394993229592,0.3514286
B2A,1fbc82db49.jpg,0.8166831337747557,0.2522623
B2A,1fd7cebd1a.jpg,0.7478402012221722,0.4129631
B2A,1fe1ac40ef.jpg,0.6739220559369123,0.37689614
B2A,1fe223e960.jpg,0.6949817314334639,0.31274036
B2A,1fedaf095f.jpg,0.8734073551367304,0.25122952
B2A,20043a8eaf.jpg,0.7653459908424912,0.5687771
B2A,2004919ebe.jpg,0.8447227108798684,0.31283087
B2A,2022ef77f2.jpg,0.6405174177436413,0.6105286
B2A,2037f91745.jpg,0.8370787202249594,0.34976172
B2A,20454954b2.jpg,0.6897319188025753,0.35324633
B2A,204615862b.jpg,0.7637728089376357,0.51775026
B2A,2046adf2b6.jpg,0.7517180276075827,0.27546328
B2A,205f999ab3.jpg,0.7901840949379448,0.27551666
B2A,2061671c2b.jpg,0.5867630324305801,0.32049692
B2A,2063a6693c.jpg,0.7973872383191837,0.30841812
B2A,2066a2e091.jpg,0.8565233939615585,0.29208857
B2A,206adc3515.jpg,0.7092101402768406,0.300214
B2A,206d18e819.jpg,0.7562468434986931,0.2766322
B2A,206e57e6d1.jpg,0.784338369966909,0.33827686
B2A,2078d3f123.jpg,0.7931385636093872,0.4834532
B2A,2080efd0d6.jpg,0.7368382049636666,0.2418755
B2A,208c0535cf.jpg,0.7386677656181461,0.36159378
B2A,208f4b819b.jpg,0.8632955092409732,0.4862088
B2A,2096a57bfc.jpg,0.7819199323516386,0.275905
B2A,209873c58f.jpg,0.88354607011471,0.22549143
B2A,209bdb1587.jpg,0.5968150435854452,0.4115698
B2A,20b2d4f4bf.jpg,0.6954645409392824,0.59846747
B2A,20b3d168a6.jpg,0.4795691948147264,0.5646978
B2A,20b7eab911.jpg,0.870478126151986,0.35953605
B2A,20c152f056.jpg,0.6057015783135944,0.6298426
B2A,20cac2191a.jpg,0.8956388075500379,0.25304854
B2A,20d2fd7d1b.jpg,0.8005779461175746,0.3125219
B2A,20d336b6c2.jpg,0.8078217860717062,0.3207528
B2A,20d927a07b.jpg,0.7535607884408978,0.38673177
B2A,20ddf9c49f.jpg,0.7364704208093629,0.52766347
B2A,20ea204105.jpg,0.777284848836297,0.3175501
B2A,20f93c26b0.jpg,0.7512200218989386,0.3173102
B2A,20fa90d43e.jpg,0.8995092471325514,0.43974328
B2A,2103852756.jpg,0.7428622447290426,0.37022048
B2A,211ca2dfb4.jpg,0.7817464800345189,0.34846035
B2A,21243b9607.jpg,0.7330079746930617,0.56949455
B2A,2129f6f2dc.jpg,0.5036984742832828,0.41013423
B2A,212cf8498d.jpg,0.6652242721249844,0.46432644
B2A,2145ce0f78.jpg,0.8549878125976234,0.26496422
B2A,21630a4fa1.jpg,0.7306720886134405,0.41273084
B2A,216a8d4e5c.jpg,0.8019466634382444,0.3891061
B2A,21747ccb08.jpg,0.6899302559723905,0.4140643
B2A,21757a4c07.jpg,0.762958846007754,0.44849622
B2A,217b9b9aaf.jpg,0.835230573422365,0.28376663
B2A,21927aa7d4.jpg,0.6996059631280764,0.43146685
B2A,219baac7b2.jpg,0.6726605196150711,0.42996907
B2A,21ac721374.jpg,0.6744623524322456,0.4615639
B2A,21b6fd99a5.jpg,0.7233531974081597,0.32689565
B2A,21b9aafc49.jpg,0.7332648816410038,0.34362143
B2A,21c2589053.jpg,0.7406279495509125,0.3364216
B2A,21c2c68337.jpg,0.8264804982828701,0.37547275
B2A,21e2aea535.jpg,0.7961561904043667,0.38839298
B2A,21e5c1891c.jpg,0.8288677890014058,0.2289511
B2A,21e7463544.jpg,0.7728610841892993,0.24339274
B2A,21fe71a93b.jpg,0.7125665655478336,0.5368098
B2A,2236c207aa.jpg,0.7271617984184183,0.31304705
B2A,223c77d56f.jpg,0.7526150613128705,0.21723367
B2A,2246ed23dc.jpg,0.645214756368909,0.42969477
B2A,2257860322.jpg,0.708009154385697,0.27068734
B2A,22661d9ec0.jpg,0.576053512350557,0.41235316
B2A,2286c7067e.jpg,0.7798638271405164,0.48004454
B2A,228a291710.jpg,0.8090741621589544,0.50831676
B2A,228c986820.jpg,0.830394003202263,0.30862767
B2A,228d0b850f.jpg,0.8826189543690712,0.26533008
B2A,2292200c80.jpg,0.8817638396447472,0.36827633
B2A,229221319f.jpg,0.6719483884928599,0.44992512
B2A,229eca589c.jpg,0.8389121493662592,0.339943
B2A,22b213f1e5.jpg,0.7630282288020668,0.5569098
B2A,22b305f62e.jpg,0.6643171278698354,0.3914865
B2A,22b389e1fd.jpg,0.9463825955450927,0.21372752
B2A,22b5b48553.jpg,0.8468235551030436,0.31774157
B2A,22bfe6445a.jpg,0.7219044147664847,0.40968537
B2A,22c2ebefea.jpg,0.7870475746942559,0.38548738
B2A,22c5bb63ac.jpg,0.5564438337213368,0.33192816
B2A,22cd40eed2.jpg,0.7234428576505615,0.36527267
B2A,22ce24836f.jpg,0.8027557279875982,0.31788638
B2A,22d49f3bb9.jpg,0.7529729308971054,0.2885136
B2A,22e1784ae5.jpg,0.7457043781712459,0.35669246
B2A,22fc4c2e5b.jpg,0.826053950210654,0.26715535
B2A,2304539c3c.jpg,0.7376057351775851,0.49870127
B2A,23060d93b3.jpg,0.7258120178206556,0.40511662
B2A,2308cd7f79.jpg,0.849788876002282,0.20547509
B2A,230ce6af39.jpg,0.7061667942754019,0.37127125
B2A,2318dd451a.jpg,0.7884849224152406,0.36494622
B2A,23296f234d.jpg,0.754057336059813,0.30822593
B2A,2339fbceb2.jpg,0.797359008545912,0.42661956
B2A,2351d0e36d.jpg,0.791022882951031,0.4215721
B2A,23568b7cf6.jpg,0.5218134801521233,0.46045777
B2A,235a2feea2.jpg,0.6620007818100823,0.64991826
B2A,235f2c8d2d.jpg,0.7884515760610445,0.25990492
B2A,236e24292a.jpg,0.7017576337493786,0.37896985
B2A,2372845016.jpg,0.847844863681016,0.27582315
B2A,2379cb1f27.jpg,0.7443952420829306,0.3989461
B2A,238bd94fcb.jpg,0.7592882448469059,0.34700564
B2A,2398192c56.jpg,0.8317478366779952,0.3801401
B2A,23a2a896cb.jpg,0.7013556133244964,0.42271304
B2A,23b1669fc4.jpg,0.905439485182055,0.33475107
B2A,23be955aa3.jpg,0.7227921527181687,0.3806396
B2A,23d0cd1621.jpg,0.7642888233090456,0.5732892
B2A,23e044ebbf.jpg,0.870678493589072,0.23403883
B2A,23e490fde6.jpg,0.7676629905304972,0.4872266
B2A,23edb57cff.jpg,0.8121997789978207,0.28935975
B2A,23ee3c5507.jpg,0.630964000738618,0.434341
B2A,23f7a22314.jpg,0.7333899708574155,0.28897193
B2A,23fb1a1690.jpg,0.7607964495839582,0.29760396
B2A,23fb2c15d2.jpg,0.8153211659658905,0.28917873
B2A,2403efbfd3.jpg,0.8113228644193259,0.37039658
B2A,240a7c491a.jpg,0.7397020098411615,0.5273913
B2A,2410f7ebd1.jpg,0.6301017672106315,0.56919396
B2A,24166036c4.jpg,0.682790844096235,0.3751794
B2A,241d87414d.jpg,0.8500098437437001,0.286664
B2A,2421fde7b1.jpg,0.8814223690246519,0.5246935
B2A,243ef6c04e.jpg,0.8674296708779001,0.32836068
B2A,244182635e.jpg,0.8060096389675309,0.27212477
B2A,244cb6321d.jpg,0.8313510013080123,0.39861864
B2A,2469dbd507.jpg,0.7363938482276834,0.5079341
B2A,2476944f5c.jpg,0.9138561492901534,0.27029052
B2A,247d71f468.jpg,0.601724765055919,0.35433048
B2A,2489d5208e.jpg,0.829924910940761,0.35471702
B2A,248e98e6e5.jpg,0.7195154864621987,0.6358496
B2A,24997d2394.jpg,0.6540871740633919,0.2950666
B2A,249c6f2b02.jpg,0.7970361022413859,0.42497954
B2A,24ad0a8279.jpg,0.7000628805549836,0.4512257
B2A,24af325930.jpg,0.7939433761257908,0.46286154
B2A,24af541789.jpg,0.8157901401317496,0.2697828
B2A,24b21b5261.jpg,0.6978408143637468,0.6102353
B2A,24b535812d.jpg,0.8057792585719908,0.3573193
B2A,24b54b150b.jpg,0.6025730807573987,0.37690154
B2A,24c4ed86a3.jpg,0.838331099124945,0.29019672
B2A,24c5780a0c.jpg,0.6717898289174158,0.4693073
B2A,24d819c261.jpg,0.7827557977895424,0.40850103
B2A,24e8e3b180.jpg,0.816600117549497,0.41587245
B2A,25082e762f.jpg,0.688135988267124,0.43190137
B2A,250bd36c8c.jpg,0.8363940748143005,0.21055211
B2A,252bc3a3ab.jpg,0.9117771055189486,0.3342849
B2A,252f6d69ce.jpg,0.7832400285272005,0.37048304
B2A,25315f09a6.jpg,0.6888030144629737,0.26285702
B2A,253340547f.jpg,0.7672835224027081,0.47678
B2A,25346ff439.jpg,0.8324178104284797,0.25865072
B2A,25462592ac.jpg,0.801121429400024,0.23473096
B2A,2552f6c0e4.jpg,0.8634242688012667,0.22323242
B2A,256f038a42.jpg,0.7054813211271207,0.41332775
B2A,258083f3e8.jpg,0.695098432135096,0.674639
B2A,2581451ca9.jpg,0.7008392355180293,0.51684624
B2A,259e4070d5.jpg,0.7447166562590103,0.47491032
B2A,25a9b86180.jpg,0.7013310659946499,0.36161983
B2A,25b6be053f.jpg,0.7318335067928932,0.30685914
B2A,25c04fbf2f.jpg,0.8524260506389579,0.30896333
B2A,25c2b346fe.jpg,0.7938603958802781,0.3090035
B2A,25c46710fc.jpg,0.7661530498818219,0.37254715
B2A,25c827dc83.jpg,0.7422270764704753,0.4234429
B2A,25cb295b1f.jpg,0.7053172861042719,0.28317255
B2A,25d70dd7b1.jpg,0.8366021052011324,0.28992015
B2A,25df1df7d9.jpg,0.5350693165749448,0.43144053
B2A,25e705548a.jpg,0.7830564414144697,0.38535145
B2A,25eba9fa76.jpg,0.7415556292041964,0.5159332
B2A,25f8328a2f.jpg,0.7319715093843107,0.41224375
B2A,2602597bb0.jpg,0.692845058959608,0.38488758
B2A,2605924561.jpg,0.7776887307757375,0.3755929
B2A,2606c25ce3.jpg,0.7259831693172415,0.3176283
B2A,260d6a5c37.jpg,0.6869657988783918,0.43760085
B2A,26182c3d72.jpg,0.9245064014749254,0.23651192
B2A,2621968d1b.jpg,0.7700040825922618,0.3968441
B2A,2629524a69.jpg,0.8503640063737377,0.24643208
B2A,26296bb84f.jpg,0.8072733698862716,0.2571267
B2A,2641b8175f.jpg,0.7327922763686437,0.2867409
B2A,26494a01e1.jpg,0.8900819540284403,0.3368012
B2A,26582fc5a8.jpg,0.7613367373417574,0.40720248
B2A,265f7accbd.jpg,0.6090388517367691,0.5493738
B2A,26722e2880.jpg,0.7584532067287553,0.2873176
B2A,26863f0716.jpg,0.7855248196055044,0.37280595
B2A,2688ed2270.jpg,0.8622112021187951,0.30153942
B2A,26892fcc02.jpg,0.8099204106815305,0.29946628
B2A,268b959d88.jpg,0.7890205151997531,0.3271808
B2A,26916da7ff.jpg,0.7417587552301962,0.32450932
B2A,2698bac269.jpg,0.8078432704139566,0.2732683
B2A,269b1b5690.jpg,0.8072801352169976,0.37872145
B2A,26aaf299c0.jpg,0.8915880830762125,0.31266928
B2A,26b9449f10.jpg,0.7200827129973372,0.36080676
B2A,26bbb89fd6.jpg,0.6166356251167558,0.47325063
B2A,26c4de1515.jpg,0.7260395637216992,0.38653824
B2A,26cd0ec0e4.jpg,0.8516371370271731,0.32945454
B2A,26ce42c083.jpg,0.6441874800963583,0.5709806
B2A,26d40b7147.jpg,0.8228819070037041,0.26322493
B2A,26d474464f.jpg,0.8393721421626932,0.32370642
B2A,26d4ecb9fd.jpg,0.8208539550857693,0.37529445
B2A,26d73ccce4.jpg,0.8251491581198719,0.29335132
B2A,26da6b82c6.jpg,0.7571143398105628,0.35619485
B2A,26db4dcdea.jpg,0.8651787778307927,0.2659421
B2A,26fe13cbea.jpg,0.8552154214695552,0.37703535
B2A,2706749d66.jpg,0.8481877377533907,0.29308265
B2A,270687abc3.jpg,0.7715832941566365,0.28761908
B2A,270a7544e5.jpg,0.7931084395438331,0.4987121
B2A,270f62c6e8.jpg,0.6809796761682125,0.45917135
B2A,27159e6719.jpg,0.7735802979944844,0.29893443
B2A,271ec1348b.jpg,0.8535053656016434,0.26329783
B2A,2727db154e.jpg,0.779254077857214,0.5410959
B2A,2734c9504b.jpg,0.8427060405414925,0.27079618
B2A,274ba0c4a2.jpg,0.7349837358392232,0.35727185
B2A,274cf83fa6.jpg,0.7537380236487846,0.44924265
B2A,27534f0e65.jpg,0.6928557061893774,0.39405832
B2A,27645084b6.jpg,0.742647687876828,0.32643315
B2A,276543fbf7.jpg,0.4942768350386098,0.562265
B2A,276c73bead.jpg,0.8586945624721859,0.28670275
B2A,276ee4b14f.jpg,0.6552258832768894,0.34763864
B2A,2775af1bba.jpg,0.7682191789133949,0.39132077
B2A,27777862fd.jpg,0.6778007654088386,0.5511486
B2A,2779835a1b.jpg,0.7475168208237811,0.41491282
B2A,277c068c4e.jpg,0.8737626828841091,0.23259373
B2A,277d120bb4.jpg,0.7147265694100978,0.542151
B2A,2782335eef.jpg,0.7320080293295969,0.5576798
B2A,2784e8f91d.jpg,0.8131043246162671,0.30786753
B2A,2791df1515.jpg,0.5444749518463345,0.5162893
B2A,279eb2037c.jpg,0.9090546507717503,0.27317047
B2A,27a36df1f6.jpg,0.8107749443388923,0.26694232
B2A,27b2a0c66f.jpg,0.8620542042034985,0.21043645
B2A,27b87e7785.jpg,0.8558074167493498,0.2841257
B2A,27bc5c6810.jpg,0.8129461526855386,0.2900988
B2A,27c273f5ac.jpg,0.8062745046250218,0.30593517
B2A,27c67103f0.jpg,0.788024088746072,0.26294544
B2A,27d994ba96.jpg,0.8192096407284127,0.29061452
B2A,27de05d60a.jpg,0.9229876574872585,0.4530982
B2A,27e341bcc2.jpg,0.8326782604501729,0.24327417
B2A,27ea6d9992.jpg,0.7288053409894928,0.675216
B2A,27ebfe0db6.jpg,0.6544134635190404,0.4385245
B2A,27f3a34b1d.jpg,0.6062729759265497,0.4491623
B2A,27f4d80142.jpg,0.5590359992776331,0.5820538
B2A,27fa99ac5c.jpg,0.6358374784452748,0.47065154
B2A,2806a9db15.jpg,0.8148968174947353,0.33265588
B2A,281356f565.jpg,0.8167545459385961,0.29645923
B2A,2815c0ad33.jpg,0.8333522059248217,0.36222994
B2A,281b790739.jpg,0.6892589047978576,0.3022706
B2A,283a083739.jpg,0.7781970139647428,0.4100715
B2A,28430b5602.jpg,0.7166933452696175,0.20588183
B2A,2843919992.jpg,0.8614803057810972,0.31712726
B2A,285449b06a.jpg,0.8631197275966908,0.23953816
B2A,2854ebb127.jpg,0.8815498044435559,0.32001063
B2A,28611884d0.jpg,0.6641356719712558,0.5530145
B2A,2861f74357.jpg,0.8955063365850779,0.32998684
B2A,2867b3bef0.jpg,0.8674424752837421,0.32538882
B2A,286c5026ff.jpg,0.7475787101210845,0.48569232
B2A,2879b6b734.jpg,0.7007834263155587,0.2981702
B2A,2881c907bb.jpg,0.7630388489825495,0.626739
B2A,2885431ef9.jpg,0.691611268174382,0.25334263
B2A,288c92df0c.jpg,0.642692847469617,0.42375153
B2A,288d596137.jpg,0.655228061268768,0.45969728
B2A,289a8f7970.jpg,0.8442385367752809,0.2529813
B2A,28a626558d.jpg,0.677678685056216,0.3716567
B2A,28a7737b48.jpg,0.7415731023031968,0.3628846
B2A,28aab35051.jpg,0.8399660946088496,0.4185119
B2A,28aacb7e4e.jpg,0.8525984265722939,0.2948685
B2A,28aec8dbd4.jpg,0.7846449432086017,0.52287894
B2A,28b05820b1.jpg,0.7748030832028467,0.39804068
B2A,28b57f757f.jpg,0.6627178803462328,0.43080425
B2A,28be9a8202.jpg,0.7489010041170245,0.42912763
B2A,28cf136409.jpg,0.7671299076899097,0.30841023
B2A,28e1c7681e.jpg,0.827776234370943,0.2828462
B2A,28e27595dc.jpg,0.5122537563939284,0.48281127
B2A,28e7b09f15.jpg,0.7690630096086475,0.3378478
B2A,28f3814945.jpg,0.7514592187323896,0.46959057
B2A,28f9f1a13f.jpg,0.6832889067824339,0.3151214
B2A,28fbbb8f15.jpg,0.7812207030231757,0.26858053
B2A,28fd6bf605.jpg,0.8215038859837231,0.34443963
B2A,28ffa0bd39.jpg,0.4988660147205304,0.34660226
B2A,290560fba4.jpg,0.7535095834341682,0.21581739
B2A,290dd4249d.jpg,0.8144109015583136,0.30965257
B2A,291146558e.jpg,0.5460911344495706,0.5804599
B2A,292945e24e.jpg,0.9178008669727495,0.26290584
B2A,293b00c315.jpg,0.7721486638675377,0.3291623
B2A,293dadb732.jpg,0.8341129848387127,0.41931152
B2A,2951fe2fe1.jpg,0.8551980796744282,0.306075
B2A,2959168184.jpg,0.45657499917188266,0.3837176
B2A,295b938a05.jpg,0.737806458480165,0.47232598
B2A,2960920920.jpg,0.6560888382782942,0.56172806
B2A,296b177cad.jpg,0.7735253522152977,0.37632203
B2A,296b8c38bf.jpg,0.8856486537027723,0.28326434
B2A,2971c7ed92.jpg,0.7213763963961549,0.3963061
B2A,297f3a075f.jpg,0.7672333266257465,0.29774857
B2A,29864d1221.jpg,0.7936377229218995,0.39885193
B2A,29906262a0.jpg,0.8319221989570875,0.39897096
B2A,299495fe20.jpg,0.7454955192716577,0.4792678
B2A,29a0754ddd.jpg,0.8772241112813833,0.3191086
B2A,29aacba212.jpg,0.6759254900243925,0.33382767
B2A,29afd0e0cb.jpg,0.6922060749703154,0.4773795
B2A,29b165f427.jpg,0.7045816498861811,0.48756367
B2A,29c0dfdae4.jpg,0.8072450729176222,0.38938254
B2A,29c34c1abd.jpg,0.938684747732743,0.16120535
B2A,29d0386f3e.jpg,0.8835268156144607,0.23838185
B2A,29d335a6a9.jpg,0.7565271746231135,0.2806443
B2A,29d58214f1.jpg,0.6898812030140763,0.50433487
B2A,29d8295ed2.jpg,0.7656083373171206,0.4243535
B2A,29e01f8909.jpg,0.816935561669402,0.44241846
B2A,29e7039a4d.jpg,0.8077118023359369,0.26678503
B2A,29eba6fe01.jpg,0.8124227841810694,0.30607456
B2A,29eefa93e2.jpg,0.7499735782567203,0.2686075
B2A,29f28ef872.jpg,0.6556136316628935,0.67655534
B2A,29fe34f752.jpg,0.6176662992269166,0.41264287
B2A,29ff35dc7b.jpg,0.6846473540552858,0.48844746
B2A,2a0382cf4c.jpg,0.7905315287073177,0.39858928
B2A,2a114c7c94.jpg,0.7314474158316391,0.2981455
B2A,2a13df2bc3.jpg,0.5737065845815358,0.6929539
B2A,2a14b928c4.jpg,0.5648665428606985,0.79756314
B2A,2a18193d91.jpg,0.8390077360197362,0.3018851
B2A,2a199d45e5.jpg,0.8979238739260466,0.22763637
B2A,2a26f69715.jpg,0.8165033171652639,0.32979617
B2A,2a3cd42798.jpg,0.7922718269191226,0.31839696
B2A,2a4211a6e4.jpg,0.7560396762802074,0.4695396
B2A,2a4988e4a7.jpg,0.8630403429334885,0.26098996
B2A,2a4a9d54a7.jpg,0.8233815118884807,0.23372944
B2A,2a4edec63e.jpg,0.904915923667098,0.28921944
B2A,2a503386a2.jpg,0.8723007215124057,0.32673174
B2A,2a606d05d8.jpg,0.8029375319895187,0.21794623
B2A,2a6805c1a9.jpg,0.8483757136675522,0.28132302
B2A,2a791629c4.jpg,0.7607756936597723,0.22885099
B2A,2a87a4fbee.jpg,0.5945918915473916,0.40523863
B2A,2a89dc7912.jpg,0.6947170411041327,0.376618
B2A,2aa39bfaca.jpg,0.7796893387732933,0.20005229
B2A,2acc30abbe.jpg,0.6860029580590856,0.3648943
B2A,2ae4a137a6.jpg,0.8069633181255482,0.3691971
B2A,2af9ea0c85.jpg,0.8483156841140593,0.20151798
B2A,2b057c1cb8.jpg,0.8721103046452706,0.46566638
B2A,2b086b077f.jpg,0.6405418870457117,0.44050333
B2A,2b0beb1f37.jpg,0.5594886412038946,0.37684566
B2A,2b0c82824b.jpg,0.7214638617470382,0.2950058
B2A,2b1102f3b4.jpg,0.7068518240745238,0.31702328
B2A,2b19987d57.jpg,0.8422244347924408,0.41282463
B2A,2b19a7b5d3.jpg,0.7946170623348046,0.5742199
B2A,2b222ce74d.jpg,0.8212121868945369,0.37247977
B2A,2b22c8b439.jpg,0.5498964760273377,0.42198002
B2A,2b2486be40.jpg,0.7580686564613693,0.4091008
B2A,2b28a6f69a.jpg,0.6826349216466194,0.27805647
B2A,2b2ae4cd5f.jpg,0.809447423717596,0.31096694
B2A,2b2b63d51c.jpg,0.876004278179068,0.26504838
B2A,2b2efc29c6.jpg,0.8244774091504833,0.2821994
B2A,2b3a026f51.jpg,0.6616457773917314,0.5024794
B2A,2b516f78d1.jpg,0.6676456218910042,0.34831393
B2A,2b62ea6ed1.jpg,0.8284437118313736,0.34577602
B2A,2b68e09fa5.jpg,0.8305622328749738,0.28929996
B2A,2b6cd9bbf2.jpg,0.6810051207728218,0.6266606
B2A,2b7402e62d.jpg,0.8179325356789499,0.5775946
B2A,2b83d60844.jpg,0.6678061229163451,0.65174794
B2A,2b977b06b6.jpg,0.7817358896261322,0.4171294
B2A,2ba042499d.jpg,0.6899696017459996,0.49298066
B2A,2ba2325c69.jpg,0.8434031671717674,0.36602542
B2A,2bb040da92.jpg,0.7327922763686437,0.2867409
B2A,2bb16be25b.jpg,0.6674721539586871,0.483135
B2A,2bb4efac43.jpg,0.9147515429497749,0.2956147
B2A,2bba709f10.jpg,0.8490397673470004,0.35777044
B2A,2bd4e078d7.jpg,0.5987462253948362,0.39183205
B2A,2be00d7888.jpg,0.6961286709977883,0.37109244
B2A,2be5e776d7.jpg,0.6805252549827168,0.3320812
B2A,2c0394a36e.jpg,0.6648623070006978,0.59554887
B2A,2c060d43db.jpg,0.6108262034824041,0.5033322
B2A,2c0a22b1bd.jpg,0.721302139844035,0.5173667
B2A,2c1f8326a4.jpg,0.5971666027673053,0.57462025
B2A,2c28975fee.jpg,0.7405071279024427,0.37025756
B2A,2c2e9d9c74.jpg,0.832116306447577,0.25573933
B2A,2c525980b1.jpg,0.8357382593757964,0.21979377
B2A,2c5cd7dde6.jpg,0.8104035612038928,0.40534166
B2A,2c5deec20d.jpg,0.6538840442093776,0.5046537
B2A,2c64a2295e.jpg,0.8081597906501236,0.36019063
B2A,2c7f80aab7.jpg,0.767891200791764,0.53314275
B2A,2c84e8d012.jpg,0.9051071435409055,0.27851138
B2A,2c8672a913.jpg,0.6630489570653717,0.47717395
B2A,2c885d1c89.jpg,0.7620026457231843,0.3423178
B2A,2c982c58a5.jpg,0.8419278978198959,0.30391383
B2A,2ca2d1287f.jpg,0.7913856762307065,0.41075894
B2A,2ca79c8d4a.jpg,0.8114177629566857,0.42508164
B2A,2ca8ab24ef.jpg,0.8360904499036977,0.3050248
B2A,2cbb870493.jpg,0.8162961931865828,0.36028448
B2A,2cc7029c30.jpg,0.6937182591042415,0.4423525
B2A,2cd1818a6f.jpg,0.8095658151204311,0.34799662
B2A,2cd4ca4ff7.jpg,0.8525179497919676,0.34065038
B2A,2cdbb209dd.jpg,0.6302292978749318,0.49406517
B2A,2ce0a774cc.jpg,0.5872344903442824,0.48343873
B2A,2ce4fe7434.jpg,0.7243804806680693,0.33955336
B2A,2ce941f6ea.jpg,0.8051974575549904,0.26865357
B2A,2cf4cac9df.jpg,0.8837570328469929,0.28602976
B2A,2cf4fcd902.jpg,0.4953986752038612,0.5170656
B2A,2cf96e5d1d.jpg,0.8300930054696564,0.2580999
B2A,2cfd8877ea.jpg,0.7016335963972069,0.29687032
B2A,2d0075fb17.jpg,0.7828785497020595,0.4722791
B2A,2d16d2379d.jpg,0.8873853260352521,0.28758222
B2A,2d1fc447a1.jpg,0.6048377879328266,0.31408393
B2A,2d21050a7e.jpg,0.637609948258013,0.5738287
B2A,2d220cb18e.jpg,0.7460006215628868,0.35470325
B2A,2d25168671.jpg,0.8420964863808251,0.39163798
B2A,2d44d8ede7.jpg,0.8839311547797039,0.32478687
B2A,2d48369700.jpg,0.6615752655234957,0.55778897
B2A,2d4e2c6a70.jpg,0.5661080417435934,0.38642615
B2A,2d4e5384ab.jpg,0.8092684286823297,0.3914392
B2A,2d5082427e.jpg,0.7974206809137846,0.40953264
B2A,2d5abca3d6.jpg,0.9008067145447763,0.25573498
B2A,2d6265411d.jpg,0.7881428020519685,0.36538517
B2A,2d637a7346.jpg,0.6716645458844313,0.333457
B2A,2d7aba6183.jpg,0.7626834343172895,0.5022954
B2A,2d7deb9968.jpg,0.8380358665611319,0.2762334
B2A,2d903e93c5.jpg,0.6809639195082264,0.53474724
B2A,2d95ae6eb2.jpg,0.7532939811129391,0.44192618
B2A,2d9bfdb911.jpg,0.695754772409587,0.511145
B2A,2da40e05e0.jpg,0.5991202985448009,0.37756458
B2A,2da41f7e22.jpg,0.8780561699869263,0.29671177
B2A,2dac7d65e9.jpg,0.8177681598965527,0.35578597
B2A,2dacb0a259.jpg,0.8607288337932121,0.27808666
B2A,2daf4ce562.jpg,0.7418923480151401,0.31128222
B2A,2db034b46c.jpg,0.8037225101011091,0.4189414
B2A,2db14aa0ac.jpg,0.540003130777492,0.44084316
B2A,2db8fdcdb6.jpg,0.8098169597904115,0.29608622
B2A,2dd1d30221.jpg,0.9028150079901369,0.2110069
B2A,2dd4f95b88.jpg,0.6246738886093587,0.48051596
B2A,2dd9275de3.jpg,0.8267532925769411,0.318629
B2A,2ddc57dd19.jpg,0.8179640418796035,0.31987017
B2A,2ddd51611c.jpg,0.697099177846038,0.565103
B2A,2dec4e77ed.jpg,0.8228048227842483,0.360296
B2A,2dec9e5cf3.jpg,0.8781958437459413,0.2838169
B2A,2dfec6a775.jpg,0.7759014186673996,0.4574656
B2A,2e00f465c3.jpg,0.5418969901691701,0.66804236
B2A,2e09380c2a.jpg,0.8254342177705529,0.3153965
B2A,2e1753ba9b.jpg,0.8332665699708888,0.4429976
B2A,2e1c6fc11b.jpg,0.6296161032937899,0.3531374
B2A,2e2e206c28.jpg,0.8036605902465562,0.52128685
B2A,2e301d7558.jpg,0.6672492060893811,0.5810058
B2A,2e517b8314.jpg,0.8030054673385902,0.23221076
B2A,2e5fbd7286.jpg,0.7552685394668514,0.28996274
B2A,2e6ec4908b.jpg,0.7485814250684649,0.36592954
B2A,2e7742679f.jpg,0.8151869437873493,0.36872897
B2A,2e78e51950.jpg,0.7582091276081403,0.3017239
B2A,2e78e73bea.jpg,0.6519439101394314,0.47960567
B2A,2e7bf7b6d7.jpg,0.754161498660523,0.4045435
B2A,2e90f3f80e.jpg,0.8009714600463106,0.35162482
B2A,2eaec67b91.jpg,0.6952471682630728,0.47905493
B2A,2ec41d4134.jpg,0.8155132544853918,0.30927208
B2A,2ecf4e49d6.jpg,0.7260117952772864,0.46312577
B2A,2ee3c2e52e.jpg,0.7565182029102399,0.39194405
B2A,2ee77c2635.jpg,0.7286701534038746,0.3448537
B2A,2ef2770a26.jpg,0.5743269025116208,0.5075913
B2A,2f109a6785.jpg,0.7059568679169095,0.40174985
B2A,2f16239804.jpg,0.7339908670437847,0.31053033
B2A,2f1aabf863.jpg,0.8315666735743806,0.3441831
B2A,2f1cadb0b7.jpg,0.7804142222580278,0.4746948
B2A,2f220b23a4.jpg,0.6574748040943086,0.6525635
B2A,2f23c7dfd2.jpg,0.7884139580022588,0.33075094
B2A,2f33daf7c6.jpg,0.7036287863185363,0.32392356
B2A,2f5081e946.jpg,0.8320753345120891,0.23689258
B2A,2f8ca8f7dd.jpg,0.8861175689316855,0.29912096
B2A,2f9d43719d.jpg,0.8097972187271475,0.68017805
B2A,2f9dac2cfc.jpg,0.4516209791326907,0.511783
B2A,2fa3a1847b.jpg,0.8634046671454771,0.36876327
B2A,2fa51ca1fa.jpg,0.6085554277405321,0.35843194
B2A,2fb1aee127.jpg,0.7651010877346388,0.33115256
B2A,2fb56b3050.jpg,0.8769294372464554,0.18648091
B2A,2fb9a62d4f.jpg,0.7131415973502924,0.32731396
B2A,2fbd381154.jpg,0.6243711931983115,0.66100603
B2A,2fcca3b171.jpg,0.881759877624749,0.2662866
B2A,2fd530981b.jpg,0.7813453535143491,0.33894372
B2A,2fde227d1f.jpg,0.5982736512316702,0.40788126
B2A,2ffdb7bb25.jpg,0.7577035177748858,0.4062008
B2A,2fffa9b80b.jpg,0.6453486629146248,0.40605175
B2A,2ffff1f4b7.jpg,0.7518392928551972,0.36745462
B2A,300bfa61ee.jpg,0.6811915772204938,0.63401157
B2A,300de48204.jpg,0.7809104959083741,0.34742382
B2A,30126b0c64.jpg,0.6580108848157231,0.50571793
B2A,3012de7eed.jpg,0.7633921746075032,0.45424145
B2A,3016a28e9d.jpg,0.7737520895579352,0.4056962
B2A,3023c7e91c.jpg,0.6970438980561109,0.5139517
B2A,3036b97556.jpg,0.7890779273960409,0.30832702
B2A,303b61552d.jpg,0.8305885875491051,0.39415938
B2A,304070d771.jpg,0.7988134927182057,0.6008133
B2A,30466cabde.jpg,0.6328614254429724,0.35327414
B2A,3047c6263a.jpg,0.8135216754491019,0.3790399
B2A,304c2f4d34.jpg,0.7663123614693487,0.48742905
B2A,304fd99da4.jpg,0.6212346555953502,0.37331557
B2A,305e8c1906.jpg,0.7405979744825094,0.31298682
B2A,305fc59b7e.jpg,0.6374729114601021,0.6262876
B2A,306397c35a.jpg,0.7276168759116042,0.31123915
B2A,30647276ab.jpg,0.7029945182337419,0.50612044
B2A,306ebd4b5c.jpg,0.8654021185393046,0.3182905
B2A,306fdd232d.jpg,0.7613645774665685,0.36261684
B2A,30704449eb.jpg,0.7519837211096669,0.3678666
B2A,3070a4c8b0.jpg,0.7264974505195373,0.39501864
B2A,30718dc781.jpg,0.8366264763526834,0.40536842
B2A,307d716b38.jpg,0.8928704988220071,0.29205865
B2A,30821a129e.jpg,0.648387305003738,0.33584046
B2A,30c43e2fe9.jpg,0.8956553338161368,0.2713793
B2A,30ca82141f.jpg,0.785857728227823,0.5540159
B2A,30d24dd7c8.jpg,0.8030760901614692,0.66288066
B2A,30ea353d97.jpg,0.8205209551139231,0.37487796
B2A,30ea58dabb.jpg,0.6422843369264696,0.44587564
B2A,30f4a36c95.jpg,0.8568867096625854,0.26997146
B2A,30ff35c5af.jpg,0.8176444143488738,0.3142429
B2A,3116136a42.jpg,0.7289671148110579,0.31647927
B2A,312c2be90b.jpg,0.810566115789794,0.26507023
B2A,313cd1f3e0.jpg,0.6621996238747325,0.4466226
B2A,3150771433.jpg,0.504376046692712,0.4241059
B2A,3165c39cd3.jpg,0.6686418294351892,0.37939447
B2A,3178a6117e.jpg,0.6717361970915675,0.38287055
B2A,317b731059.jpg,0.8087086458317395,0.40492573
B2A,317ecf9e9d.jpg,0.8883147467863864,0.4019767
B2A,31819e2fb6.jpg,0.8001275284605182,0.39840308
B2A,318d2dd948.jpg,0.7718030781125964,0.4081281
B2A,319031271d.jpg,0.766895787902986,0.30732554
B2A,319b17bbb4.jpg,0.8505966522391588,0.28797668
B2A,319b8157e2.jpg,0.8450065101384716,0.482892
B2A,319de8a4c3.jpg,0.78350914755863,0.6133376
B2A,31af3a1906.jpg,0.6165474978921881,0.71043676
B2A,31dd6a20fc.jpg,0.8208418767188824,0.23807363
B2A,31e3562ead.jpg,0.801391623682568,0.39918447
B2A,31ebef8c4c.jpg,0.661064247805309,0.68303
B2A,31ecf73a02.jpg,0.9374977533766958,0.30610627
B2A,31fbb87d97.jpg,0.5864427794978399,0.33632967
B2A,31fdcfab86.jpg,0.8233823478183124,0.24565116
B2A,32076ecaf2.jpg,0.8208304654670373,0.2671572
B2A,3213f8108a.jpg,0.7923881700309504,0.32531586
B2A,3224e61375.jpg,0.900118289012633,0.25402153
B2A,32277975c5.jpg,0.5625649929260023,0.44465837
B2A,3250368377.jpg,0.7538148156221083,0.32338777
B2A,325120c998.jpg,0.8435056178299707,0.2950066
B2A,32639bab15.jpg,0.6414462577308874,0.41604403
B2A,3277390c9b.jpg,0.5676847121304109,0.4647617
B2A,3278d87456.jpg,0.8765809776497816,0.36599922
B2A,327bbda45b.jpg,0.7865330105303188,0.334939
B2A,328321b466.jpg,0.7938977209768363,0.33003217
B2A,32882d9a83.jpg,0.7543793948707272,0.393004
B2A,3291187d91.jpg,0.5315046148797181,0.4197367
B2A,32a1470651.jpg,0.8689403669159427,0.36111054
B2A,32ae69a50f.jpg,0.5637502079326878,0.5321634
B2A,32b537e6de.jpg,0.8942103120349137,0.29812807
B2A,32bb26374a.jpg,0.8221491948872132,0.3969844
B2A,32bcb20dae.jpg,0.830371349092805,0.36259836
B2A,32cb5db524.jpg,0.7048396956097327,0.37353265
B2A,32d3f34515.jpg,0.7821795606971544,0.30949986
B2A,32d98e72dd.jpg,0.640221387375701,0.5192572
B2A,32dde12686.jpg,0.7532238441665902,0.56172454
B2A,32df0e0408.jpg,0.6397993810648341,0.24419239
B2A,32edfa9c9d.jpg,0.8990284545846776,0.24374732
B2A,32f3055dff.jpg,0.8163916294716739,0.31489193
B2A,32fae726b3.jpg,0.5791841338225195,0.60232055
B2A,32fdfa3c24.jpg,0.7205342797871899,0.381257
B2A,33032dc5ad.jpg,0.6253153226222433,0.4423495
B2A,33084e742e.jpg,0.6528977160809927,0.42552188
B2A,330fa8a7a8.jpg,0.6977962757099758,0.5902145
B2A,3316c8daed.jpg,0.8024201087116938,0.26962388
B2A,331f082a0b.jpg,0.6540523161472739,0.2917874
B2A,33244a8ba9.jpg,0.5889933941083207,0.38483274
B2A,332da05c9c.jpg,0.8066720425405827,0.45688218
B2A,3335cea81d.jpg,0.6782123378645555,0.55559653
B2A,33392f6dea.jpg,0.6664675303590709,0.5458545
B2A,333b2e7121.jpg,0.8918082158820637,0.21262906
B2A,334259faa0.jpg,0.7062111015533672,0.42451566
B2A,33439a9a62.jpg,0.699113274342156,0.57027674
B2A,335adb946b.jpg,0.8128661529156443,0.22798549
B2A,335bf2f75a.jpg,0.8905689369923273,0.41241062
B2A,335d7fa61b.jpg,0.6403735042007227,0.40683103
B2A,336e786f25.jpg,0.6041393526666886,0.3237306
B2A,337a9d7475.jpg,0.5716450152158011,0.4885504
B2A,338fec22de.jpg,0.5293608403193183,0.6325229
B2A,339d590103.jpg,0.9002741122545082,0.2544452
B2A,339db96fd4.jpg,0.6267134652412202,0.34922215
B2A,33a24fd568.jpg,0.7931577454204333,0.38240346
B2A,33b29070dc.jpg,0.8187033546252619,0.35880858
B2A,33b5473fb6.jpg,0.6143040712269757,0.49731037
B2A,33bae37b7a.jpg,0.6974612168114783,0.3465073
B2A,33baf9fee5.jpg,0.7467210073161242,0.42859632
B2A,33bd2f6360.jpg,0.8381308527565087,0.26920354
B2A,33c737f426.jpg,0.7918627315124982,0.21174388
B2A,33ce5179c2.jpg,0.7135536799692281,0.29821503
B2A,33d7e16c5c.jpg,0.791070026614994,0.25892603
B2A,33e21e0ee8.jpg,0.9250157537260368,0.24753961
B2A,33e4c897aa.jpg,0.9188366460616869,0.29257447
B2A,33f2df4cbe.jpg,0.7137170605689874,0.33653513
B2A,33ffdde2a0.jpg,0.7491152454060345,0.45511654
B2A,340c575487.jpg,0.6744814066693084,0.4421193
B2A,3414d1e597.jpg,0.6137013585073311,0.5101484
B2A,341acd12b6.jpg,0.8196826866515806,0.26777214
B2A,34300a53dd.jpg,0.6260389769561512,0.52812624
B2A,343035e393.jpg,0.7615086252036201,0.30514786
B2A,3433e1373b.jpg,0.8138888051450031,0.28484154
B2A,3434712cc3.jpg,0.8452054530756489,0.3023306
B2A,34380cf889.jpg,0.7361636429851767,0.4238698
B2A,343e090a43.jpg,0.7494457561881096,0.37153682
B2A,343fa4c0eb.jpg,0.7882667683825931,0.36327842
B2A,3447169f2b.jpg,0.5302304490788431,0.57680225
B2A,344cac7fe0.jpg,0.7056727707072236,0.35108042
B2A,345ee88105.jpg,0.634385799512316,0.2197237
B2A,346579c393.jpg,0.599144808808674,0.3350324
B2A,346a66651d.jpg,0.6572747036147598,0.36878332
B2A,347519baef.jpg,0.7581472211179969,0.4430586
B2A,347a1a864e.jpg,0.9003889643376102,0.25088426
B2A,3480de8e9c.jpg,0.7418267624183216,0.3599945
B2A,3482a0b159.jpg,0.8814744258534231,0.46717146
B2A,34840c34c1.jpg,0.821177598384601,0.24997757
B2A,348e12ab8b.jpg,0.8566430752943547,0.33838052
B2A,3493315b15.jpg,0.7700501812287108,0.33238173
B2A,34961a9ee6.jpg,0.8368088307849127,0.35162932
B2A,349afdf79d.jpg,0.8687303338413134,0.35597205
B2A,349eab5771.jpg,0.8182276412987206,0.317427
B2A,34a0d6d394.jpg,0.7710589634545086,0.3307451
B2A,34a5e6c55b.jpg,0.6472031045899964,0.6243323
B2A,34a9eba898.jpg,0.6967744711747563,0.564906
B2A,34b514be69.jpg,0.733554776583211,0.3953528
B2A,34b51c7261.jpg,0.7584123315093293,0.516251
B2A,34c5f04545.jpg,0.7160195843890738,0.49124768
B2A,34cbab9a5d.jpg,0.8258593594919641,0.3673149
B2A,34cf1b263e.jpg,0.8092926764280273,0.33857316
B2A,34daf62663.jpg,0.8082132987209257,0.39030114
B2A,34e314407f.jpg,0.884204889408697,0.27611178
B2A,34e66708aa.jpg,0.6383875093539604,0.43546307
B2A,34e95595ce.jpg,0.8373372952272964,0.33796975
B2A,34eac9ab64.jpg,0.7523902533788548,0.37093845
B2A,34f4d5c9d4.jpg,0.6991676158064096,0.36531463
B2A,34fb6596e1.jpg,0.7837115903563777,0.5171925
B2A,34fe687882.jpg,0.824291912408428,0.3089141
B2A,350b5ebef7.jpg,0.7996720826545055,0.28466266
B2A,350d2a84d5.jpg,0.7634173416705674,0.4140513
B2A,351e2041bb.jpg,0.8773671466888702,0.30693322
B2A,3528e213a3.jpg,0.6317582722439213,0.60899293
B2A,352c83ab74.jpg,0.8039450016668274,0.26799294
B2A,352e273208.jpg,0.8260582807868262,0.27368867
B2A,35395df60a.jpg,0.859817848206345,0.25989178
B2A,353a61be7f.jpg,0.743447395866183,0.27760214
B2A,353dedb268.jpg,0.8034185161319679,0.34950504
B2A,353e6a68f4.jpg,0.7445115804498094,0.35462835
B2A,355475c717.jpg,0.7867102897493579,0.31046373
B2A,355c86cd3d.jpg,0.6559074368536216,0.48492402
B2A,356a62efca.jpg,0.756459044035133,0.42554295
B2A,356caca006.jpg,0.6803265342527693,0.35240382
B2A,358670e605.jpg,0.8977194225686925,0.39510876
B2A,358b265ed6.jpg,0.7568951988349569,0.490107
B2A,35945cd71c.jpg,0.7795644539199393,0.34840026
B2A,359495f7a4.jpg,0.7379765157852064,0.39858902
B2A,35961ab226.jpg,0.8285848029147728,0.34459376
B2A,3596426373.jpg,0.6143492426416896,0.4628064
B2A,359b6a2430.jpg,0.911144648116828,0.3642759
B2A,35b0c24b22.jpg,0.8291524333610589,0.2543351
B2A,35dd92bfb3.jpg,0.8133747243584062,0.3922594
B2A,35e792eb1a.jpg,0.7135815546558079,0.2756033
B2A,35e7c9ec58.jpg,0.8179943875957733,0.3712217
B2A,35ed01ca2e.jpg,0.8804143025050536,0.26309028
B2A,35ed52c72f.jpg,0.7293157827653483,0.40754512
B2A,35fab228d4.jpg,0.8046693582771098,0.30349338
B2A,36000244a2.jpg,0.6473043215464509,0.45828855
B2A,3608d6b3ac.jpg,0.8689122350581053,0.37025872
B2A,360a1c7c80.jpg,0.8289522365876959,0.42896533
B2A,361f298a02.jpg,0.6058407559704203,0.43982
B2A,3621a894db.jpg,0.8272402952344913,0.35186043
B2A,362204f307.jpg,0.8080116414064146,0.3366011
B2A,362511599b.jpg,0.8063319906728249,0.3288235
B2A,36261d4302.jpg,0.7530489505868958,0.39840376
B2A,3632f44a7c.jpg,0.6698529701453337,0.37512285
B2A,3648d77005.jpg,0.5454144127600223,0.4583292
B2A,3656053e31.jpg,0.6648871227059624,0.45269
B2A,3657ef6b24.jpg,0.7982448065842769,0.33301818
B2A,368b9526b7.jpg,0.7203821579921466,0.2998947
B2A,368ee43922.jpg,0.8783703737949435,0.20462528
B2A,3691380fa5.jpg,0.7581810879893508,0.23234275
B2A,3695170ba2.jpg,0.8258812421639016,0.45345563
B2A,369897af38.jpg,0.8765676533956549,0.34603032
B2A,36a77b49fe.jpg,0.8151534021584482,0.3608805
B2A,36a93aa776.jpg,0.6536278772597468,0.3052002
B2A,36a9509d21.jpg,0.7579599826749311,0.314303
B2A,36ad6eb2d8.jpg,0.7236409483648633,0.30671132
B2A,36b37b892a.jpg,0.7509713503407005,0.4161461
B2A,36bafe2801.jpg,0.6247806640166791,0.51994026
B2A,36bcc9afa9.jpg,0.9299714753622643,0.32532084
B2A,36d67864d9.jpg,0.7983863727662583,0.4174902
B2A,36d957036d.jpg,0.6833378319671943,0.2907145
B2A,36daf4d43d.jpg,0.8739214868856763,0.46523803
B2A,36e4004846.jpg,0.8642113316984905,0.29277343
B2A,36eb013265.jpg,0.8455719884617675,0.22215053
B2A,36eccca3ab.jpg,0.8255193773987313,0.30801272
B2A,36f18cca17.jpg,0.911475483164484,0.25829664
B2A,36f6aeb966.jpg,0.799416038648958,0.31336817
B2A,37075ca2ee.jpg,0.7583478640927654,0.41846788
B2A,371c59835b.jpg,0.8145468928974299,0.3260815
B2A,371f2829aa.jpg,0.595493627680002,0.60907096
B2A,372d828feb.jpg,0.659879098495051,0.5826258
B2A,372dc58821.jpg,0.6393999994528995,0.4614736
B2A,37322d9ff2.jpg,0.835810724994091,0.305947
B2A,3744adb842.jpg,0.7683825795537457,0.34032103
B2A,374d5245d4.jpg,0.6697052804190549,0.32920465
B2A,3751b9831c.jpg,0.7799567525330258,0.28536567
B2A,376073b21e.jpg,0.7779721693475806,0.30243516
B2A,376ddd69e6.jpg,0.6853799716770412,0.59352565
B2A,376f1b5edb.jpg,0.7069973068603512,0.3415386
B2A,377329db11.jpg,0.5758339834784189,0.39157996
B2A,3778fecb0c.jpg,0.8709605349568323,0.2660351
B2A,3789eceb0c.jpg,0.7382464706030218,0.2256238
B2A,37911bdb2c.jpg,0.864573997158527,0.2757208
B2A,37917ad369.jpg,0.7626588695293951,0.33528706
B2A,37928f6999.jpg,0.9004240102980542,0.38179475
B2A,379b25d4d3.jpg,0.6950024278155594,0.4602669
B2A,37a5918d6f.jpg,0.7612373281679324,0.25346348
B2A,37a90c2b86.jpg,0.7595330594490807,0.4660797
B2A,37aabb8541.jpg,0.8379019048746482,0.31575295
B2A,37b12b7bc9.jpg,0.7422264549707177,0.45073193
B2A,37b740d8f8.jpg,0.7152050809916685,0.43540114
B2A,37c5732454.jpg,0.7453153996753322,0.3509508
B2A,37c6dc5971.jpg,0.7228197961603159,0.5684378
B2A,37cc9acfc2.jpg,0.8729093471891675,0.3783975
B2A,37cfa76bf2.jpg,0.7964198179763262,0.29510644
B2A,37d0b619d1.jpg,0.5839416783327559,0.38601485
B2A,37d3e79b71.jpg,0.7205800065522432,0.4001196
B2A,37df208f9f.jpg,0.7805327574002496,0.60845566
B2A,37eb07f626.jpg,0.8574475383959719,0.2164561
B2A,37f738e7bc.jpg,0.7609869046005315,0.30288047
B2A,37fba790de.jpg,0.8915855561470265,0.2419285
B2A,38062f7d79.jpg,0.6498197775272082,0.5774359
B2A,38070f5dbb.jpg,0.7285596232843026,0.45405027
B2A,38086cf21f.jpg,0.8349001961715342,0.3888746
B2A,381267e62a.jpg,0.6810069220034614,0.3735104
B2A,381280b99b.jpg,0.8185096586073439,0.40839246
B2A,381d086c95.jpg,0.7174970571596941,0.3833977
B2A,3820d34bd5.jpg,0.7978635871370428,0.39364487
B2A,3833afaa5a.jpg,0.7207067257219169,0.2929019
B2A,383bfdbd98.jpg,0.7117012059521426,0.46048182
B2A,3842636752.jpg,0.8185131473761665,0.5575701
B2A,385d53e164.jpg,0.6396496688190706,0.6863714
B2A,385f8eb28d.jpg,0.5538401816753176,0.425329
B2A,3860dba6e7.jpg,0.8099288509784353,0.2836611
B2A,38629959ac.jpg,0.8356654895768022,0.4320013
B2A,3865b242b9.jpg,0.8072667653747364,0.19489273
B2A,38662909dd.jpg,0.5446847966253272,0.5092677
B2A,38684f015e.jpg,0.8784585952262263,0.49356934
B2A,386a3c0897.jpg,0.6095699279362756,0.6133434
B2A,3876bbbae0.jpg,0.7777599887337634,0.37798005
B2A,3886187ed1.jpg,0.7476326130580024,0.43403333
B2A,3891ee053e.jpg,0.8865595153841276,0.34912962
B2A,38992f60c4.jpg,0.8147133929623087,0.3540277
B2A,38993b35f9.jpg,0.8230865298456456,0.25305974
B2A,389acc824c.jpg,0.6995350070136415,0.5427849
B2A,389cbe6e1a.jpg,0.8172362593478002,0.32046354
B2A,38bb0ec345.jpg,0.6695234424188273,0.40442297
B2A,38c6532fe1.jpg,0.7685632860700352,0.35931563
B2A,38c88ad59d.jpg,0.8759604577376784,0.2982242
B2A,38cb53af79.jpg,0.8584887372468436,0.24350493
B2A,38d00950b6.jpg,0.6033526373539231,0.38983408
B2A,38d0de69d8.jpg,0.8219102568239958,0.38791528
B2A,38d5379f18.jpg,0.8599617007168853,0.45459878
B2A,38d71d4dfe.jpg,0.6533310157944333,0.5314668
B2A,38d9042083.jpg,0.7374471272002789,0.22765692
B2A,38deab6c01.jpg,0.7207941200698474,0.4258333
B2A,38dfbc95b7.jpg,0.632413204097504,0.4717312
B2A,38ebf8fc82.jpg,0.7007925801536686,0.4374156
B2A,38f185baa6.jpg,0.8867988886821073,0.30851972
B2A,390f3f16d6.jpg,0.7582272937977889,0.50215834
B2A,3915c24d8d.jpg,0.702662237556859,0.5052325
B2A,3916d76a57.jpg,0.732330921933618,0.4735714
B2A,392c032d0e.jpg,0.8297912760979811,0.3161106
B2A,3941a52677.jpg,0.8341906391141376,0.17340422
B2A,394a38353e.jpg,0.7796760787198905,0.5044438
B2A,39545bce2e.jpg,0.8732250112977918,0.3452824
B2A,396b917aad.jpg,0.7898449475129432,0.3752991
B2A,39780192ea.jpg,0.6680128177450505,0.36854148
B2A,398849f59d.jpg,0.7791397528628831,0.322773
B2A,39b7d694de.jpg,0.7317857164047328,0.4190849
B2A,39c1270676.jpg,0.7768433890950193,0.38044262
B2A,39db6bdbbe.jpg,0.7260285050289172,0.5086927
B2A,39ff1e8568.jpg,0.698170170230541,0.31162682
B2A,3a0046ee0d.jpg,0.691233350559165,0.40020895
B2A,3a00c416f6.jpg,0.7120221505111964,0.34936786
B2A,3a2f29ea97.jpg,0.825445058691171,0.35872623
B2A,3a36ff8b4b.jpg,0.8556045708402419,0.38621372
B2A,3a423d3645.jpg,0.8146670388583354,0.43329495
B2A,3a4414aa6b.jpg,0.611359509944861,0.52157915
B2A,3a582c9914.jpg,0.7594146013894542,0.3168506
B2A,3a5b6e28e0.jpg,0.861311749178954,0.3527094
B2A,3a5c7e707a.jpg,0.6837718402291179,0.45955482
B2A,3a747d8723.jpg,0.7258643417807358,0.35631183
B2A,3a7a0992dd.jpg,0.7609457622630915,0.46145698
B2A,3a82bd4f2a.jpg,0.6165163900529105,0.50522584
B2A,3a872d9357.jpg,0.7851422991663177,0.423312
B2A,3a91a66bdd.jpg,0.856545972119652,0.32284817
B2A,3a9483311f.jpg,0.7805179194797353,0.48419017
B2A,3a9d528df2.jpg,0.6666071351423682,0.5604668
B2A,3ab31603e2.jpg,0.7548257923551571,0.39123362
B2A,3abca1ec15.jpg,0.8122066723433057,0.2400015
B2A,3ac5c5efeb.jpg,0.8339767064012109,0.59440744
B2A,3acafb52ae.jpg,0.7777733664022499,0.23723301
B2A,3ad0aa389f.jpg,0.7961869042632596,0.5510282
B2A,3ade5505ba.jpg,0.692389150885045,0.4033429
B2A,3adf6a85e3.jpg,0.755355244513591,0.2515456
B2A,3af0aaf3ee.jpg,0.6785319841678594,0.48619014
B2A,3af3151f7f.jpg,0.828113462784781,0.35711554
B2A,3afa5083c1.jpg,0.7153603278799572,0.39055538
B2A,3b047fc766.jpg,0.5659462034927447,0.64422894
B2A,3b20ee7aa5.jpg,0.8404986995948862,0.29565609
B2A,3b28c6b97b.jpg,0.7733258465166658,0.3029389
B2A,3b312d0ac5.jpg,0.7874536394489832,0.34387547
B2A,3b368db4be.jpg,0.8447585652749933,0.31749392
B2A,3b3f9ecd9d.jpg,0.9096593988863345,0.17588925
B2A,3b3fd02a40.jpg,0.8056697629060339,0.3764317
B2A,3b465f08bf.jpg,0.8388129230787601,0.3730274
B2A,3b4b485df5.jpg,0.8106608596339879,0.37588668
B2A,3b4e045bb7.jpg,0.5933575043399059,0.5481599
B2A,3b57973eb2.jpg,0.837940218313225,0.3658849
B2A,3b5d843f5a.jpg,0.7907020503503503,0.4045585
B2A,3b64a40750.jpg,0.5939897558707548,0.32077593
B2A,3b6a39a00d.jpg,0.6899797422953894,0.49572933
B2A,3b6c01176c.jpg,0.7335034143356861,0.3828021
B2A,3b71b87d37.jpg,0.802984444271311,0.24865404
B2A,3b76682887.jpg,0.7352497659572751,0.40924513
B2A,3b855caae4.jpg,0.6811460175478856,0.36910957
B2A,3bae3d1712.jpg,0.7585459912997142,0.19259086
B2A,3bc75876be.jpg,0.725669545082654,0.2624875
B2A,3bcafe027c.jpg,0.8516232478610252,0.25606447
B2A,3bcc67701d.jpg,0.6787825364624541,0.48661086
B2A,3bd85aead5.jpg,0.730554730351594,0.42826444
B2A,3bd8747102.jpg,0.8424257401101162,0.41136986
B2A,3bd9ddc108.jpg,0.7936452082066177,0.28022087
B2A,3be1aea5fc.jpg,0.8659264329853764,0.26788712
B2A,3bed43f9f6.jpg,0.741466510328765,0.5322089
B2A,3bf9ac1eb3.jpg,0.684734409514809,0.33046877
B2A,3bff224652.jpg,0.8265098595997808,0.3541832
B2A,3c048f020d.jpg,0.6532423002608774,0.4123857
B2A,3c07362391.jpg,0.7171188722351692,0.40921772
B2A,3c1963d1f8.jpg,0.7435086972045096,0.31012157
B2A,3c21346fb9.jpg,0.8630552693421288,0.5396639
B2A,3c327deaca.jpg,0.6869072301220085,0.41725278
B2A,3c3c78be02.jpg,0.776545782626562,0.25403935
B2A,3c4406fa5a.jpg,0.7375069114798881,0.5401329
B2A,3c52316f14.jpg,0.5409814570969251,0.6861621
B2A,3c53ee8af8.jpg,0.8705525517407433,0.31967703
B2A,3c5cdd7090.jpg,0.7505256732784621,0.5932523
B2A,3c5e76d1e3.jpg,0.8511588429343032,0.33510402
B2A,3c65d848ee.jpg,0.859065009884531,0.25558352
B2A,3c6fe5de40.jpg,0.6421087884329095,0.47392225
B2A,3c72375e57.jpg,0.7533570918277276,0.44366074
B2A,3c7383e41b.jpg,0.5617392151907399,0.37322378
B2A,3c750a98db.jpg,0.6640643231557833,0.4196776
B2A,3c7a019967.jpg,0.7620562889652531,0.26071763
B2A,3c840700fc.jpg,0.8767399896038518,0.26233062
B2A,3c8591595d.jpg,0.9127762870296605,0.37948754
B2A,3c8d055dde.jpg,0.7609546932400589,0.34651682
B2A,3c8de7efcc.jpg,0.6593495480672532,0.43449473
B2A,3c92f9da89.jpg,0.7517031694739597,0.5316362
B2A,3ca88b5bae.jpg,0.7506538368440315,0.30341378
B2A,3caa03fcca.jpg,0.7262216209419587,0.37713253
B2A,3cc4339658.jpg,0.8345646336144873,0.29048106
B2A,3cc6896a14.jpg,0.8158583002623397,0.52321434
B2A,3cc973e9c6.jpg,0.6429959319577495,0.4607638
B2A,3cca867846.jpg,0.8052951580872978,0.35160023
B2A,3ccbf381cc.jpg,0.7636447513223421,0.3585393
B2A,3cd0ce8fcd.jpg,0.6309880772664261,0.40878034
B2A,3cd43a2690.jpg,0.799241318575579,0.28832132
B2A,3cdbcd6c29.jpg,0.7446973703321053,0.4497382
B2A,3ce8fe7b80.jpg,0.8368996912682694,0.4706824
B2A,3cf977901c.jpg,0.49727975779937517,0.64042723
B2A,3cff22e3c9.jpg,0.7641327077366137,0.28838962
B2A,3d038050b2.jpg,0.4696650904484292,0.5344299
B2A,3d0982bebb.jpg,0.8720786359870739,0.43698856
B2A,3d0e0ead31.jpg,0.842669719516353,0.3911897
B2A,3d14523c1f.jpg,0.7835280008354374,0.6375463
B2A,3d165d2aad.jpg,0.8879989224217831,0.4077379
B2A,3d204371c7.jpg,0.8458777414440685,0.27692914
B2A,3d29c7439f.jpg,0.5407542918460001,0.4727658
B2A,3d2c394405.jpg,0.5531103567677417,0.52292496
B2A,3d3b9f4ba1.jpg,0.8217535092300695,0.3752612
B2A,3d69e148e8.jpg,0.654363327432532,0.30812892
B2A,3d6b2aa9d4.jpg,0.8441770243554915,0.27719828
B2A,3d6ef1f43d.jpg,0.623829894002584,0.56589246
B2A,3d70ef0d7c.jpg,0.5838884799795357,0.5346539
B2A,3d71b5934b.jpg,0.7471354274699147,0.40451738
B2A,3d8835b84d.jpg,0.6898256303626885,0.271855
B2A,3d89a7a1c4.jpg,0.7640098834709065,0.33686268
B2A,3d89fa1a08.jpg,0.776767880004676,0.28571054
B2A,3d8fd794f8.jpg,0.6817070101184884,0.32744786
B2A,3d961be033.jpg,0.667041088368353,0.29139417
B2A,3da4c699b8.jpg,0.7687033872313919,0.4400795
B2A,3db43d9a04.jpg,0.6151418678399704,0.5976337
B2A,3db8bf2299.jpg,0.8293011920659698,0.28236657
B2A,3dc62c7550.jpg,0.7765834311916815,0.3635631
B2A,3dc69fb234.jpg,0.7601107806490552,0.36014253
B2A,3dcb9f50ff.jpg,0.6600346394445951,0.2639434
B2A,3dcdf82bcd.jpg,0.6310145986671727,0.52630675
B2A,3dcf18bba9.jpg,0.8948940819251215,0.28623343
B2A,3dd2d3096b.jpg,0.7240121587161333,0.41606763
B2A,3de3c8151d.jpg,0.6261606721333965,0.49798822
B2A,3dfd77c751.jpg,0.887804455455781,0.27671447
B2A,3e0479c7a4.jpg,0.46868924180575094,0.47284317
B2A,3e097a4c02.jpg,0.8111935680350837,0.26684824
B2A,3e1cd24e83.jpg,0.7611808856005382,0.3938796
B2A,3e1dfc9dc0.jpg,0.7646539624434656,0.4170952
B2A,3e2d480716.jpg,0.5172697346920548,0.5184312
B2A,3e31646935.jpg,0.7553191410842266,0.19365717
B2A,3e3b342a95.jpg,0.7965285944086438,0.3913691
B2A,3e4c86049d.jpg,0.8398577326950595,0.253084
B2A,3e4e2f5b6e.jpg,0.7818663890153118,0.4887099
B2A,3e4edba19d.jpg,0.7366055927476085,0.38210493
B2A,3e60c7241a.jpg,0.8621338159198535,0.3139129
B2A,3e780ed289.jpg,0.8758780291046014,0.31600899
B2A,3e806e2a4a.jpg,0.8421704600546512,0.3422109
B2A,3e9809b35e.jpg,0.8054321533308268,0.41643637
B2A,3ea3ae5954.jpg,0.6145359770217421,0.54552186
B2A,3ea96d7fbd.jpg,0.7162115796834007,0.63236874
B2A,3eaa214d3d.jpg,0.7751077079441907,0.33687824
B2A,3eab0e9d77.jpg,0.6332701434774054,0.4468374
B2A,3eb7c094c0.jpg,0.7874108089016423,0.38342237
B2A,3ebc8a4013.jpg,0.812025418221789,0.25761616
B2A,3ec2bb5a0c.jpg,0.8556015030032015,0.28408498
B2A,3ec4f57f74.jpg,0.8726619531647992,0.22173545
B2A,3ecedf69d8.jpg,0.7144708540169734,0.4705299
B2A,3ed12a78ce.jpg,0.8541169743767804,0.42771754
B2A,3edae2ef79.jpg,0.6958040541962819,0.44089246
B2A,3edc9197e7.jpg,0.8270505446717633,0.29380873
B2A,3ee4497b2e.jpg,0.7813981902077585,0.3149383
B2A,3ee7eb408c.jpg,0.6959351249627004,0.30023986
B2A,3f0362f12d.jpg,0.8124989792510121,0.32902095
B2A,3f0738d8dc.jpg,0.7977176649452592,0.42052436
B2A,3f0a7330bd.jpg,0.7591754754087605,0.32789093
B2A,3f1191a447.jpg,0.7914418885753093,0.27832353
B2A,3f1942ac5e.jpg,0.6849568407471891,0.21840002
B2A,3f220a6caa.jpg,0.8745096480024785,0.2867036
B2A,3f28319f81.jpg,0.7679559278357375,0.5858244
B2A,3f2a4b6406.jpg,0.6994894626176051,0.67473364
B2A,3f3e610d58.jpg,0.7909373904631213,0.28491598
B2A,3f53c08114.jpg,0.7542184847192421,0.543745
B2A,3f5bc8d85c.jpg,0.8517410899913377,0.3145488
B2A,3f615bc675.jpg,0.8067060335630253,0.48920667
B2A,3f6489dfa3.jpg,0.7687170308945651,0.41593614
B2A,3f6e1ac2ae.jpg,0.8420075493803801,0.37120378
B2A,3f70cec894.jpg,0.7888335670692548,0.277755
B2A,3f7dc6a469.jpg,0.765177923043798,0.3192565
B2A,3f844f5b59.jpg,0.7924438945180303,0.18210019
B2A,3f8fd85f1c.jpg,0.8148621422122092,0.34619078
B2A,3f91546f37.jpg,0.8168845333033558,0.45599103
B2A,3f97bcc230.jpg,0.8001056217207803,0.28406405
B2A,3f9d9b6972.jpg,0.8173332011841314,0.22497214
B2A,3fa1aa1d56.jpg,0.723814469195558,0.38321033
B2A,3fa61d1b59.jpg,0.745676605332137,0.34630683
B2A,3fa89cdb0f.jpg,0.8490549162383353,0.3477138
B2A,3facf2de42.jpg,0.8660157022493183,0.39056808
B2A,3fc01a1f5a.jpg,0.833325958006922,0.31024888
B2A,3fc29d7b01.jpg,0.7168719532275102,0.42784184
B2A,3fcabb43e0.jpg,0.8707278057744703,0.28560647
B2A,3fce3b2092.jpg,0.8143656094986563,0.42375615
B2A,3fd5f45733.jpg,0.5854683475726904,0.24084643
B2A,3fe71e2f91.jpg,0.8395433183949598,0.3002373
B2A,3ff9d14627.jpg,0.7867853322616684,0.5620878
B2A,3ffcf75444.jpg,0.8123966384199729,0.4769672
B2A,4006643077.jpg,0.6374785075022968,0.40153503
B2A,400dd42483.jpg,0.7944593116911134,0.30333626
B2A,401c79161f.jpg,0.885818502398932,0.24577984
B2A,402358e99c.jpg,0.7207137622970239,0.36879808
B2A,402da39edd.jpg,0.6543936179702151,0.45660895
B2A,4033c4fd83.jpg,0.7996747882604482,0.26055917
B2A,4035bcf4c5.jpg,0.7761039387569532,0.2595013
B2A,40365d3029.jpg,0.7425886884098027,0.43122396
B2A,403a9eb385.jpg,0.7592189214508888,0.25103438
B2A,4044bcfa56.jpg,0.6114781286846361,0.57236195
B2A,40454944a3.jpg,0.8486150287470708,0.2922572
B2A,4051c9b480.jpg,0.7141766427618255,0.33925757
B2A,405d277475.jpg,0.831262978665603,0.36368018
B2A,40634ec806.jpg,0.8073097467185383,0.426841
B2A,4069034d1b.jpg,0.7075515914315263,0.42735282
B2A,4069c14970.jpg,0.6900470592654843,0.5899521
B2A,4069eee71a.jpg,0.574065634468738,0.48414832
B2A,406f7f455a.jpg,0.8372692408493655,0.33091936
B2A,40773a3569.jpg,0.77530793971279,0.6227956
B2A,407ded2317.jpg,0.8525967799780585,0.33329216
B2A,408a7ed2d4.jpg,0.5319623136438117,0.5938615
B2A,408ae2c4d3.jpg,0.875654427325834,0.312064
B2A,408c4b86d7.jpg,0.7991806606472883,0.3174113
B2A,409f830e91.jpg,0.7079654593567781,0.5516036
B2A,40a2829478.jpg,0.7661971754316773,0.55715597
B2A,40abbf6272.jpg,0.7300915539549909,0.47828263
B2A,40b341cce7.jpg,0.8500743425816242,0.42904168
B2A,40b814831c.jpg,0.778334683899115,0.27195084
B2A,40ba4c1ee0.jpg,0.7377274866987927,0.2820621
B2A,40cd40f4ce.jpg,0.6342771793484572,0.37823343
B2A,40d46c10bd.jpg,0.6779284412493929,0.59316856
B2A,40d6a5963b.jpg,0.7044406628537524,0.4080559
B2A,40dbef5e74.jpg,0.8139414546376532,0.3232244
B2A,40e2fb2f62.jpg,0.8955218416143805,0.20265856
B2A,410a15d160.jpg,0.739503708085759,0.4021187
B2A,410c1279f0.jpg,0.7280176312134141,0.31486836
B2A,410f1753ab.jpg,0.7539523179622405,0.2875948
B2A,4113173d13.jpg,0.6261238935982014,0.44938755
B2A,411424ff38.jpg,0.8369248402335304,0.27697492
B2A,4115b492be.jpg,0.6822955253576163,0.47407848
B2A,411728406b.jpg,0.6875601919616674,0.5066213
B2A,411cbac479.jpg,0.8586687002756734,0.32134527
B2A,41316be2ab.jpg,0.8388698420987927,0.2230331
B2A,4134a75abc.jpg,0.7857784647695387,0.22351055
B2A,413aa936b2.jpg,0.41276778389214297,0.49683675
B2A,414a144db4.jpg,0.7381828398786441,0.32476044
B2A,4151207d56.jpg,0.5490538771929425,0.5868979
B2A,415a165321.jpg,0.8290556587074512,0.2986486
B2A,4166c63775.jpg,0.693199126484366,0.36315703
B2A,416e06ae04.jpg,0.7177604904113929,0.36568856
B2A,416e954665.jpg,0.7929196912292941,0.30000025
B2A,416fcde5d2.jpg,0.8226778508160341,0.25774375
B2A,4170ddf51d.jpg,0.7279893949011111,0.38814503
B2A,417769579b.jpg,0.8271086384574813,0.32323843
B2A,417c141022.jpg,0.7885715349177782,0.42254356
B2A,417f9dbce5.jpg,0.832178723520548,0.3620949
B2A,4185e8411e.jpg,0.8191119527113438,0.42157984
B2A,418d1c582c.jpg,0.7659874064709975,0.46924517
B2A,419385f134.jpg,0.7119360916093727,0.53855836
B2A,4197e5cf91.jpg,0.635036878585764,0.69925094
B2A,419c88186c.jpg,0.8408405368172756,0.2385837
B2A,41a0c9b77b.jpg,0.7517059519997402,0.27188566
B2A,41a6a58a06.jpg,0.9030576431054745,0.27720693
B2A,41aab05613.jpg,0.8573328401354636,0.23698065
B2A,41c988e839.jpg,0.5034447282774662,0.67477214
B2A,41ca266a6d.jpg,0.7383268467003371,0.35899177
B2A,41d6d46378.jpg,0.8041854154183099,0.36777797
B2A,41da9742ed.jpg,0.6465123835835905,0.5512162
B2A,41df7d5e43.jpg,0.8242256907229994,0.32415166
B2A,41ec0c9e94.jpg,0.9187114849601724,0.2656974
B2A,41ed759f87.jpg,0.8900162862188995,0.24804613
B2A,41f062b74b.jpg,0.7262408391988517,0.6216689
B2A,41f4b96cdd.jpg,0.5241108930442745,0.44348383
B2A,420386aab6.jpg,0.8126240832303473,0.33493096
B2A,421cf4d925.jpg,0.8513794705219683,0.15702239
B2A,4234c4fa4a.jpg,0.8269418593336275,0.39781973
B2A,4246be6f2b.jpg,0.6382013957588895,0.55670893
B2A,4252a6b79d.jpg,0.8924414330611851,0.37659544
B2A,4255eb0cb0.jpg,0.7280367076069182,0.43753412
B2A,4262ee33cf.jpg,0.6973983050214153,0.49789262
B2A,4263de0622.jpg,0.8001155619606235,0.28420115
B2A,42703f8185.jpg,0.8178323312112871,0.34304607
B2A,428066cbb6.jpg,0.8544154811351486,0.32833862
B2A,428516308c.jpg,0.8296081225350368,0.3212067
B2A,428cfa30a0.jpg,0.6167722584067328,0.6402646
B2A,42a17f2513.jpg,0.8004417102181884,0.43298092
B2A,42a2c9c2a9.jpg,0.5948692581879115,0.44182736
B2A,42a90ee8fd.jpg,0.6932357055971023,0.3703227
B2A,42b38b3ecf.jpg,0.7234038779991715,0.33234808
B2A,42b7ed6caf.jpg,0.7440338702064035,0.42617914
B2A,42b9334189.jpg,0.772679011276918,0.35693228
B2A,42d09ebeef.jpg,0.6741144391318846,0.44780028
B2A,42d7e15840.jpg,0.833560772105225,0.3827376
B2A,42d95f5656.jpg,0.6138011388635208,0.56384057
B2A,42d9791966.jpg,0.7405914861909259,0.4000546
B2A,42db3f6bfb.jpg,0.6461829398927453,0.31838995
B2A,42e33a0f4e.jpg,0.8268173648080605,0.32825515
B2A,42e6bc6527.jpg,0.8193990652830839,0.2525209
B2A,42f2c8badb.jpg,0.8643151296434952,0.36482477
B2A,42f67a0c9b.jpg,0.7990530415326269,0.37431657
B2A,430365e84b.jpg,0.724945985432144,0.382824
B2A,4308c43102.jpg,0.8704892400161452,0.29011604
B2A,4325d69fe4.jpg,0.6963241497371304,0.3193947
B2A,4327a26f90.jpg,0.7760353284506964,0.30532888
B2A,432c4949ea.jpg,0.692518246614045,0.40608504
B2A,432c77e7ff.jpg,0.9168800947837339,0.28312153
B2A,433f72e01b.jpg,0.6070774392545282,0.3813154
B2A,43425f75c3.jpg,0.7182114310286293,0.45454058
B2A,4346c649be.jpg,0.7891266982462541,0.37279072
B2A,43519ebdda.jpg,0.8191106453977676,0.23474686
B2A,436544ba60.jpg,0.8150840650785316,0.3102929
B2A,436738950d.jpg,0.8596951736209162,0.2874155
B2A,4367fc0915.jpg,0.613166918312654,0.6661054
B2A,437bce391c.jpg,0.7096342361414499,0.46072093
B2A,437d311cfe.jpg,0.6066139140300768,0.4156456
B2A,439be152be.jpg,0.7248980313903206,0.44376883
B2A,43a246cd29.jpg,0.8876641985117484,0.2511694
B2A,43a3471132.jpg,0.7207511294078451,0.31649476
B2A,43a5271014.jpg,0.8217070213922956,0.3352666
B2A,43b2557047.jpg,0.8126434056625592,0.45164227
B2A,43b5bdf41c.jpg,0.7570302222108133,0.27075025
B2A,43b6f98955.jpg,0.8160820940148351,0.49993575
B2A,43bcfa7f99.jpg,0.6894458910497697,0.44336855
B2A,43be6f2003.jpg,0.7259750225747874,0.54142636
B2A,43be7d5231.jpg,0.8529624440882225,0.47080845
B2A,43d6edb617.jpg,0.8456476298464001,0.26154944
B2A,43d7a934de.jpg,0.7991781568296008,0.2857135
B2A,43db8e440e.jpg,0.7221042966480963,0.39573532
B2A,43dbb8ae62.jpg,0.8414301175471486,0.2681657
B2A,43e7f05c27.jpg,0.5192172274612519,0.6970021
B2A,43ecb78f04.jpg,0.6790349223516894,0.520886
B2A,43ef5533dd.jpg,0.7860367473412054,0.31715012
B2A,43f3d41042.jpg,0.8777380580510843,0.24125665
B2A,441ba0764f.jpg,0.8272184791166899,0.2814379
B2A,442465d291.jpg,0.6122679613963986,0.5357815
B2A,44263e569e.jpg,0.7908125413350492,0.49214023
B2A,442e55394f.jpg,0.8269000359669192,0.27000007
B2A,443367c605.jpg,0.7645598479054574,0.24329618
B2A,443cfcaf19.jpg,0.7025619062508752,0.532773
B2A,444ea6a3df.jpg,0.8756531550914693,0.24813503
B2A,445c9de4ae.jpg,0.7117440678832118,0.49288088
B2A,44643764ef.jpg,0.5919494348978009,0.40794322
B2A,4473598289.jpg,0.7189759720749029,0.32184124
B2A,447a64dc90.jpg,0.8700079894844926,0.3587553
B2A,447ceb7434.jpg,0.8397471494337307,0.3020116
B2A,44811f744f.jpg,0.8133721303363969,0.32761866
B2A,44838c4894.jpg,0.5851205250813194,0.63316137
B2A,44852d6fd3.jpg,0.7666301920648341,0.43312305
B2A,4494dace12.jpg,0.8058523606223976,0.38004023
B2A,449d31ec71.jpg,0.827145526735601,0.370991
B2A,449ffd7d0e.jpg,0.8432392842859902,0.25753298
B2A,44b1c947c8.jpg,0.7089789048317401,0.3919102
B2A,44b7b27bdb.jpg,0.8417695139899579,0.4354946
B2A,44b948a11b.jpg,0.8027802124411668,0.22369605
B2A,44be21f482.jpg,0.7598995018296032,0.4865002
B2A,44ca9b838b.jpg,0.7914545796921385,0.47264257
B2A,44cd2a0855.jpg,0.8494288714049701,0.31232223
B2A,44d4bbf9c5.jpg,0.6903085435562255,0.3705271
B2A,44e072e7f6.jpg,0.8852225712200097,0.36141253
B2A,44f0533b7d.jpg,0.532881216948031,0.578913
B2A,44f9fc3d08.jpg,0.7855313848591396,0.31890282
B2A,450c48015c.jpg,0.6266067794501953,0.3898638
B2A,451fa08066.jpg,0.8154824039000905,0.2927464
B2A,45281596ce.jpg,0.7511228967896921,0.35815126
B2A,452c2eae3c.jpg,0.6836890864104468,0.49255916
B2A,452c5d0bb4.jpg,0.8164971954001978,0.2871139
B2A,452cb57460.jpg,0.827709708282625,0.33737952
B2A,45342d5c70.jpg,0.6795988129914299,0.44319797
B2A,4534cb2584.jpg,0.8176455759007606,0.46104866
B2A,453afd0c27.jpg,0.6768000030759064,0.37566367
B2A,453bd33553.jpg,0.6521943292534789,0.4064772
B2A,453f5d81cf.jpg,0.8208889766449893,0.33714148
B2A,454cf7a157.jpg,0.6027296779299522,0.38127917
B2A,4550c707f6.jpg,0.804403142377648,0.4529109
B2A,4551f3f54b.jpg,0.6877468714845573,0.3717988
B2A,4569404b70.jpg,0.7223255332830738,0.39668745
B2A,4569953612.jpg,0.6682796171602012,0.23912017
B2A,457b19a007.jpg,0.8788344490735069,0.3518855
B2A,4581966154.jpg,0.7053407533008274,0.60530865
B2A,4581a4faee.jpg,0.5674360723603451,0.74424183
B2A,458b9bddeb.jpg,0.8096310481945336,0.34432077
B2A,459a0e8a7b.jpg,0.5947424956866915,0.38140604
B2A,45a0cf81a7.jpg,0.8602020545587353,0.41309586
B2A,45a4fc418c.jpg,0.8928825342986034,0.23904015
B2A,45ae43ca11.jpg,0.6500847890011704,0.37311238
B2A,45b59ba108.jpg,0.8076404520624836,0.2662384
B2A,45bfc01241.jpg,0.6318343497039246,0.56973135
B2A,45cecf091d.jpg,0.7715597938132955,0.3085947
B2A,45d284a829.jpg,0.5602068393943312,0.4148094
B2A,45db826465.jpg,0.7691055115415993,0.27223307
B2A,45e07afb6c.jpg,0.6817288082989035,0.3670901
B2A,45f3a9c5e3.jpg,0.8010744671013715,0.3490473
B2A,45f63c2653.jpg,0.6115927528761499,0.5930031
B2A,45f784213e.jpg,0.7238548785575581,0.54875124
B2A,45feda47bc.jpg,0.8937229284130165,0.23647076
B2A,46196f19d1.jpg,0.6950963922600548,0.5033805
B2A,461cc8da33.jpg,0.8283126409881683,0.34485725
B2A,463758c10d.jpg,0.6046732598765462,0.42409995
B2A,463ad92568.jpg,0.68821238107816,0.5958841
B2A,463b8807e5.jpg,0.7664575401332,0.46368793
B2A,463be5a1a1.jpg,0.6734065807398302,0.63842225
B2A,464d4dd705.jpg,0.6611939492517984,0.27149618
B2A,4663bb2924.jpg,0.6558697909764744,0.4365278
B2A,466585f6df.jpg,0.6614766684451007,0.521574
B2A,467657f396.jpg,0.8396099161702695,0.3694307
B2A,467873c9df.jpg,0.8424029624351446,0.29283434
B2A,468048412c.jpg,0.8323164548066638,0.32202977
B2A,4682dbbee5.jpg,0.8581608515422339,0.31979787
B2A,4690fd5a96.jpg,0.8487674992553061,0.21568632
B2A,4691625ad2.jpg,0.57958500222486,0.48905653
B2A,46950ae4ea.jpg,0.8177705016510052,0.28529605
B2A,4695ac2040.jpg,0.8005444429485281,0.5371595
B2A,4698056301.jpg,0.8886462377132182,0.21056747
B2A,469836dad8.jpg,0.5498315626099407,0.5063559
B2A,469d7ad9cc.jpg,0.7393859781006302,0.2607899
B2A,46c95eebbe.jpg,0.7890227533437184,0.36061543
B2A,46cadbe0a9.jpg,0.7447833032788367,0.38009
B2A,46db1d7f60.jpg,0.6424055258342151,0.4329887
B2A,46e47f7efe.jpg,0.7822573377112442,0.37796298
B2A,46e71a4094.jpg,0.8779009884623352,0.2140079
B2A,46e84039a1.jpg,0.8649886231050369,0.37107652
B2A,46f391abec.jpg,0.7534225822517238,0.4668568
B2A,46f5ef1042.jpg,0.5091956982911515,0.5881349
B2A,4706619607.jpg,0.9016637744357062,0.31708258
B2A,4707b03a08.jpg,0.515832660793665,0.44575745
B2A,47100a9939.jpg,0.734560473896604,0.41240704
B2A,471f4755b9.jpg,0.7740850564176784,0.400883
B2A,472b351bc4.jpg,0.8216777730317122,0.3163008
B2A,472d5ac100.jpg,0.7376296205152082,0.40968797
B2A,4758e5dd4c.jpg,0.6635705331835327,0.34155667
B2A,4762bb79ef.jpg,0.7905346442374623,0.27296275
B2A,4778b13518.jpg,0.8858856074798226,0.3622526
B2A,4787b82d37.jpg,0.8191924258488709,0.25761294
B2A,478e07feaa.jpg,0.6134157953955067,0.39708468
B2A,478eb12a82.jpg,0.9377674122838549,0.30562198
B2A,479698b371.jpg,0.6148161972142677,0.37824026
B2A,4796d67f61.jpg,0.6942586073119188,0.6175679
B2A,47aad493bd.jpg,0.8084164382534891,0.28612292
B2A,47ae0edd23.jpg,0.7310001442557134,0.44700235
B2A,47b94957ff.jpg,0.7509109458479664,0.34058586
B2A,47bb43fe3e.jpg,0.7238006247719216,0.4590873
B2A,47bb59d449.jpg,0.8119491822473563,0.35261598
B2A,47d391d94b.jpg,0.7358449469534192,0.5514237
B2A,47df262cc5.jpg,0.874896536645443,0.30802026
B2A,47eea5bf33.jpg,0.5283371101646221,0.48799467
B2A,47f3b40cbc.jpg,0.8337647821189644,0.48189333
B2A,48122c9518.jpg,0.6734847279089727,0.30942982
B2A,481456b5a6.jpg,0.7470688302042116,0.35171527
B2A,481713d59d.jpg,0.7870898048308197,0.34004498
B2A,481bd32b6c.jpg,0.6580817372536052,0.56526566
B2A,482bf5a0d2.jpg,0.8339050298817008,0.28518948
B2A,482fd44fce.jpg,0.7483206984130247,0.31003505
B2A,4831466e23.jpg,0.8409717847696058,0.2500437
B2A,48502862cf.jpg,0.8648372244702106,0.46082795
B2A,485517e0c7.jpg,0.7862203000340724,0.37195435
B2A,48598ead29.jpg,0.8382769250601168,0.35479528
B2A,4862d17fa4.jpg,0.8987090613807484,0.2809474
B2A,486a62a430.jpg,0.8565734148136247,0.24964058
B2A,486cafaa7f.jpg,0.7468713004610773,0.33089706
B2A,48735c69aa.jpg,0.8476547859541658,0.2559477
B2A,48793755cd.jpg,0.8248090652877624,0.33769137
B2A,4879579e02.jpg,0.5900491960029494,0.5076333
B2A,488a6cef0c.jpg,0.9221911669544905,0.2812356
B2A,489c841af4.jpg,0.6527168564727964,0.55790746
B2A,48a85bc072.jpg,0.5892844896023454,0.40229928
B2A,48ac1011db.jpg,0.6683399011624631,0.72592807
B2A,48b6156f89.jpg,0.694330563537009,0.40557766
B2A,48c641285b.jpg,0.8920038031209271,0.41075855
B2A,48e1a89d96.jpg,0.7578176747601262,0.38564143
B2A,48eac3916f.jpg,0.7480636214296311,0.43930483
B2A,48eb5fa7bd.jpg,0.6837562198683365,0.2809801
B2A,48f120810d.jpg,0.8740911205389635,0.45068902
B2A,49095bdeb5.jpg,0.6929441871347499,0.4970262
B2A,491b2ba38c.jpg,0.8800372209851871,0.22213107
B2A,49205c171d.jpg,0.7882383316011208,0.28674927
B2A,4943c84af0.jpg,0.8793360197533991,0.31745872
B2A,494db50238.jpg,0.5326875209361948,0.6375532
B2A,4950bcf8c1.jpg,0.8641422008274552,0.2421525
B2A,496757508b.jpg,0.8185987554411623,0.31182528
B2A,499b445583.jpg,0.8477261407792206,0.296447
B2A,499bc1a152.jpg,0.88216217692791,0.31469506
B2A,499c1bd3b8.jpg,0.5615697985541926,0.46022782
B2A,49a9692a0e.jpg,0.8264250726553655,0.22439668
B2A,49b093a9f3.jpg,0.7611792395401745,0.55584615
B2A,49b3383147.jpg,0.7730534806161801,0.33231303
B2A,49b8c4ea37.jpg,0.5755961735627657,0.3281365
B2A,49c2b1cdef.jpg,0.8802449061717007,0.2626331
B2A,49c538fce7.jpg,0.8164799534182697,0.41433406
B2A,49d2c9fc14.jpg,0.6466709168997884,0.48496407
B2A,49dc3fd195.jpg,0.6150728779703614,0.49661064
B2A,49e4129024.jpg,0.7273002275732247,0.4759134
B2A,49ee914a63.jpg,0.803811473093884,0.3395486
B2A,4a06596662.jpg,0.7261919980583145,0.39978775
B2A,4a12f1780a.jpg,0.8502431859096795,0.3837935
B2A,4a16981927.jpg,0.7906038502364933,0.25811857
B2A,4a195405a0.jpg,0.6474832443719505,0.3922078
B2A,4a1bb1d46c.jpg,0.6789683639547863,0.40203744
B2A,4a20622bde.jpg,0.7564659909794974,0.34755653
B2A,4a29db3c6b.jpg,0.7462172607270224,0.6080825
B2A,4a2c4db283.jpg,0.7372849548744348,0.4324904
B2A,4a55695a4d.jpg,0.618237732445313,0.6797642
B2A,4a5ab8f970.jpg,0.8558916616187928,0.3005532
B2A,4a669c897c.jpg,0.5320117472012755,0.60725856
B2A,4a7cec06e7.jpg,0.7951450360129299,0.32452133
B2A,4a8a49028d.jpg,0.7091809110664112,0.31381282
B2A,4a916ceb98.jpg,0.8230031442455176,0.29875112
B2A,4a9d34fa51.jpg,0.7170157024786553,0.33678922
B2A,4a9e982b39.jpg,0.8080077834946434,0.49950972
B2A,4aaf628a71.jpg,0.7058884141065044,0.56999266
B2A,4ab9478ef9.jpg,0.7001970766430777,0.52840596
B2A,4abaac9654.jpg,0.8675985515566246,0.27155322
B2A,4abd5654a3.jpg,0.7878335454930778,0.32437032
B2A,4abda75494.jpg,0.7993476331408192,0.30768105
B2A,4ac7c7bf44.jpg,0.8123085935035725,0.34830973
B2A,4ac8581018.jpg,0.6175558621241476,0.41431904
B2A,4ad0ccff25.jpg,0.7454749078477146,0.44586125
B2A,4adc8b7be7.jpg,0.6679834145153994,0.4078815
B2A,4ae0414bb9.jpg,0.850487295393785,0.20262045
B2A,4ae09366f5.jpg,0.7598122580650101,0.6539886
B2A,4ae0b6efb2.jpg,0.830784165799506,0.32375953
B2A,4ae5e1fb1d.jpg,0.8567877654532234,0.29485846
B2A,4b0025406f.jpg,0.625488627912549,0.4921619
B2A,4b09444fe2.jpg,0.8940385629775371,0.3234371
B2A,4b0c0d7145.jpg,0.8252314697751196,0.20770383
B2A,4b0db938a7.jpg,0.8670921099357456,0.37083495
B2A,4b0f73833c.jpg,0.7552416814334977,0.27733082
B2A,4b14030c98.jpg,0.6845027694558176,0.50816834
B2A,4b2555ba9c.jpg,0.6778792607400869,0.41737357
B2A,4b29d9c42c.jpg,0.8428390231892294,0.29060113
B2A,4b2d102def.jpg,0.7962770434618253,0.37121958
B2A,4b3835e8ba.jpg,0.7647766713099323,0.38080576
B2A,4b3ccac37c.jpg,0.7698294146828999,0.42952138
B2A,4b47e76275.jpg,0.7754316076827389,0.4230067
B2A,4b497dc591.jpg,0.8611277909964014,0.26013526
B2A,4b59dd4ebc.jpg,0.8226886346291875,0.3431732
B2A,4b5a46b50f.jpg,0.831707830569067,0.27417344
B2A,4b5b64dc18.jpg,0.8385883835709905,0.2620654
B2A,4b689e9b37.jpg,0.8196075142457926,0.41797492
B2A,4b7878976b.jpg,0.8120334214484525,0.33528006
B2A,4b7902dfa6.jpg,0.8359181071581862,0.32201278
B2A,4b7fc92bdc.jpg,0.8614178471700533,0.34354687
B2A,4b91cd8fce.jpg,0.7487542621505958,0.46810752
B2A,4b9eb29c59.jpg,0.775515930387957,0.44257313
B2A,4bab53c613.jpg,0.6653152805780417,0.4726145
B2A,4bad1549a1.jpg,0.5562952547978873,0.45836276
B2A,4bbe0cbb3c.jpg,0.6412329239359137,0.5168343
B2A,4bd43d88d4.jpg,0.8452571770491503,0.45531455
B2A,4bd8ec5dd3.jpg,0.664030639349309,0.8204013
B2A,4bdb933264.jpg,0.728385564303414,0.41781372
B2A,4bdbdcc1e5.jpg,0.8397230587104372,0.3437371
B2A,4bdd197102.jpg,0.7638827090910804,0.5244879
B2A,4be248f682.jpg,0.8386959793635451,0.2733882
B2A,4bedb30dce.jpg,0.8439826909102818,0.5288718
B2A,4bef7510cb.jpg,0.8728373688526957,0.43337604
B2A,4bf1292d69.jpg,0.9025297648671006,0.32844517
B2A,4bfa3043e7.jpg,0.7995316758904193,0.22139567
B2A,4bfc3fbd84.jpg,0.8646760509465524,0.26592317
B2A,4bfed75eb2.jpg,0.8178991637357952,0.4450903
B2A,4c07909a8d.jpg,0.7862975533475688,0.23030646
B2A,4c1165be97.jpg,0.7148533820599435,0.3595721
B2A,4c16835970.jpg,0.8551511554765457,0.4460333
B2A,4c1907f1a0.jpg,0.8389327054875726,0.32711872
B2A,4c1b160563.jpg,0.9080615408983331,0.24924543
B2A,4c2d3216aa.jpg,0.7709393086795535,0.2539399
B2A,4c30ff85a7.jpg,0.7512773857174811,0.2693582
B2A,4c4574cfa8.jpg,0.7903581278653887,0.35010028
B2A,4c507b65b0.jpg,0.6532854893855444,0.47719842
B2A,4c6550cff5.jpg,0.8198684422660717,0.20161109
B2A,4c712561ab.jpg,0.8581245093094382,0.29453662
B2A,4c72792844.jpg,0.7565332766255931,0.4140257
B2A,4c75385f85.jpg,0.7554702737526846,0.40527505
B2A,4c7692cb0c.jpg,0.727290388546526,0.565557
B2A,4c7b54e38c.jpg,0.6344737707509854,0.47460553
B2A,4c8a000abb.jpg,0.7976005428632456,0.27648285
B2A,4c8bf22d16.jpg,0.8401482805803367,0.34681368
B2A,4c9669b6b8.jpg,0.7406835197687693,0.34527466
B2A,4ca019a3d6.jpg,0.666064908058906,0.5527401
B2A,4ca57d26c0.jpg,0.6312242999870905,0.42758292
B2A,4ca6e5451a.jpg,0.6821808713296462,0.4443298
B2A,4cac88b518.jpg,0.7793576387233305,0.39312443
B2A,4cb25fbf3d.jpg,0.7183801979046907,0.44846842
B2A,4cb7c5e33d.jpg,0.7738309441585357,0.5758332
B2A,4cc42ebe97.jpg,0.6767213440846598,0.38617682
B2A,4ccc4a21e3.jpg,0.8717859216788841,0.2662129
B2A,4cd07a4561.jpg,0.8712104357604294,0.3928999
B2A,4cdd74b1c7.jpg,0.8934837327952286,0.32986856
B2A,4cf9aac018.jpg,0.7708662004537535,0.39150906
B2A,4cfdd2e627.jpg,0.8322518983921405,0.3122247
B2A,4d08cb65c3.jpg,0.7102434969935227,0.5021817
B2A,4d0a217b38.jpg,0.6632276799057356,0.34736645
B2A,4d0a274acb.jpg,0.7672788091296556,0.30277538
B2A,4d0eb41723.jpg,0.8606722750670982,0.331222
B2A,4d1755ab04.jpg,0.6786900190219034,0.39430928
B2A,4d1c0b488e.jpg,0.8053557812539837,0.2510332
B2A,4d1c4d142e.jpg,0.7769705323574838,0.32245666
B2A,4d1d5efd4f.jpg,0.729475458886009,0.2379703
B2A,4d3a7e5326.jpg,0.8356020198081643,0.59134465
B2A,4d42605a8b.jpg,0.7556885829132579,0.3194973
B2A,4d4b6bcac4.jpg,0.6420938104075242,0.3200562
B2A,4d4f0faddf.jpg,0.7037867546864482,0.50593466
B2A,4d4f388e91.jpg,0.8567198380956914,0.2949532
B2A,4d4f6174f1.jpg,0.863011012839064,0.41804564
B2A,4d62a64806.jpg,0.8612252680455785,0.24301992
B2A,4d7188ff9e.jpg,0.8906896507104048,0.26990184
B2A,4d7517df48.jpg,0.7373849280301891,0.45485777
B2A,4d77636dea.jpg,0.8285337102467053,0.2587268
B2A,4d7de87ec6.jpg,0.7769932800841187,0.27055222
B2A,4d7fefe879.jpg,0.7572534679066099,0.2821937
B2A,4d83b23265.jpg,0.7943548749214066,0.51868105
B2A,4d90220636.jpg,0.8333012723737463,0.47593635
B2A,4d91831344.jpg,0.6517340440887477,0.5180577
B2A,4dc37726d9.jpg,0.9206491968062277,0.2339068
B2A,4dc92c4b4a.jpg,0.8394217273674266,0.25550923
B2A,4dd30f189a.jpg,0.6161460258645808,0.46748394
B2A,4df98eeceb.jpg,0.7888494740049274,0.352782
B2A,4e093e9511.jpg,0.8540549430872916,0.38624778
B2A,4e0951fde1.jpg,0.7933521145265294,0.53899676
B2A,4e16ff77ac.jpg,0.785425122340353,0.4777938
B2A,4e21145eb2.jpg,0.6101034372579012,0.40786505
B2A,4e2dba148d.jpg,0.7567458178496225,0.4000756
B2A,4e3006bd6b.jpg,0.7465277268785808,0.44877726
B2A,4e341f8891.jpg,0.7217120755048871,0.45112368
B2A,4e43b597e2.jpg,0.7851882048179363,0.3781283
B2A,4e4f75c4cc.jpg,0.8448888496120907,0.27762684
B2A,4e53db7c72.jpg,0.7693322115716691,0.49916142
B2A,4e5451ed74.jpg,0.5719073488367968,0.52803576
B2A,4e5b4fb2ab.jpg,0.8503853263306874,0.28380245
B2A,4e6e7f30da.jpg,0.7116478481196931,0.42213884
B2A,4e868f2a58.jpg,0.7911032847804912,0.3133683
B2A,4e880786c4.jpg,0.693502864684436,0.40421107
B2A,4e8b01ac67.jpg,0.6889161860613872,0.3160898
B2A,4e8bd98343.jpg,0.846297102873344,0.3460558
B2A,4e956f2cfb.jpg,0.7442015075075776,0.35278437
B2A,4ea19d4d05.jpg,0.8829140210635205,0.46166587
B2A,4eaa045ce6.jpg,0.8385827938390659,0.25607398
B2A,4eb3c1b0a7.jpg,0.6161551827416895,0.40525353
B2A,4ebb3df6e1.jpg,0.7261846095265944,0.41830984
B2A,4ec313a8cd.jpg,0.5605541359476103,0.5234401
B2A,4edd4fe6fa.jpg,0.7260082716311751,0.4179356
B2A,4ee02ffd2c.jpg,0.6594651870183166,0.363999
B2A,4ef10f3299.jpg,0.8773467632606847,0.30162317
B2A,4f1249d8dc.jpg,0.6205721717009777,0.4418747
B2A,4f16e0bc95.jpg,0.5699378292129141,0.41463566
B2A,4f1fc68a47.jpg,0.8327631325023467,0.4020961
B2A,4f297a711e.jpg,0.5569790691289737,0.55030054
B2A,4f36d845b0.jpg,0.7557084721522284,0.4599789
B2A,4f38f2b8f5.jpg,0.7451306401275556,0.40742806
B2A,4f397d38d7.jpg,0.6465240237184606,0.5003114
B2A,4f5245105c.jpg,0.6669019899756566,0.46144474
B2A,4f5d5e7da3.jpg,0.7600754742095831,0.4039582
B2A,4f5e363609.jpg,0.7138798506996064,0.4329305
B2A,4f6353e80e.jpg,0.6045451371864239,0.46770123
B2A,4f64339fea.jpg,0.838057136390362,0.3907823
B2A,4f697daf2d.jpg,0.7084151978558054,0.2714642
B2A,4f79b373f4.jpg,0.7954740519715542,0.29423615
B2A,4f83d232c2.jpg,0.758317772612294,0.37407973
B2A,4f86f80479.jpg,0.6426016762679923,0.5880321
B2A,4f882d4400.jpg,0.7685904845199933,0.47703567
B2A,4f99708506.jpg,0.8223459075460136,0.4041144
B2A,4f9aa92ca3.jpg,0.6338704315193594,0.5165397
B2A,4fb5c1ac0a.jpg,0.8311212295209925,0.21824078
B2A,4fb6bcd5e8.jpg,0.6793306277455783,0.4940663
B2A,4fc41e388a.jpg,0.7131527586927234,0.5013415
B2A,4fc90f8de5.jpg,0.7523308025818802,0.3498057
B2A,4fc9c537a7.jpg,0.6986133686393922,0.57726264
B2A,4fd1d8afbf.jpg,0.6728298839657278,0.48017016
B2A,4fdaff583d.jpg,0.8203741297879682,0.3328572
B2A,4fe122209b.jpg,0.6067988574399443,0.48729324
B2A,4fe72a654e.jpg,0.8700004814703961,0.32575852
B2A,4ff4d77c99.jpg,0.8625933185238629,0.2412774
B2A,500d59cf86.jpg,0.5809020322812228,0.5732251
B2A,50115558cd.jpg,0.8480593131432996,0.44674402
B2A,501719248c.jpg,0.649777615604272,0.35307235
B2A,5019a8ffcf.jpg,0.6756948596475612,0.47382122
B2A,5019d1eac7.jpg,0.8147931646766363,0.3531475
B2A,503c9badbb.jpg,0.8645487619081804,0.3611734
B2A,5048bb66c8.jpg,0.6595358613862761,0.39122897
B2A,504cec61a2.jpg,0.7987287557235715,0.28569427
B2A,504db35d13.jpg,0.6583108538450082,0.47870567
B2A,5050bd632b.jpg,0.8625405683045111,0.3515991
B2A,505850ed9f.jpg,0.554315065140024,0.47288382
B2A,5065b423b0.jpg,0.6991842297771629,0.24528298
B2A,506fdcb3c1.jpg,0.8590331398387365,0.3409552
B2A,5074e8a51e.jpg,0.80773382918863,0.28942567
B2A,50779f1ae6.jpg,0.7994557292459796,0.36006352
B2A,508f9ce48d.jpg,0.7513785004846278,0.40698984
B2A,50a42e1240.jpg,0.7567342475512115,0.3554139
B2A,50a5168133.jpg,0.8321990730158572,0.32202852
B2A,50b6593431.jpg,0.804582275194436,0.3455013
B2A,50b8e79da2.jpg,0.8553763251219773,0.2464646
B2A,50c3f4beec.jpg,0.9035994111293055,0.35180005
B2A,50d9c1aa47.jpg,0.6888593263925794,0.32080933
B2A,50e2f57e76.jpg,0.5630874601028916,0.61609256
B2A,50e85855f5.jpg,0.7084774380040523,0.33854413
B2A,50e9fc6fdd.jpg,0.696954161298259,0.523214
B2A,50eb328bb2.jpg,0.8033718009726101,0.2744549
B2A,50f52bf9a4.jpg,0.7893728126353319,0.30537194
B2A,50f598c729.jpg,0.8006418776323856,0.28784806
B2A,50f7a05ee7.jpg,0.8928553469405272,0.31623685
B2A,51068cd053.jpg,0.8488115401825458,0.31352875
B2A,5116db8d92.jpg,0.8179273250751548,0.32796738
B2A,5117ec7f6b.jpg,0.5573360159189317,0.31372362
B2A,51279a61da.jpg,0.8673851352309694,0.26060984
B2A,5135f3ba21.jpg,0.8131689592013537,0.42412022
B2A,513cb0638a.jpg,0.8333999651919388,0.25184783
B2A,5140b80748.jpg,0.729998787758,0.27847052
B2A,514db4068a.jpg,0.8444828997891427,0.24219573
B2A,5155be81bf.jpg,0.8440434216330455,0.3865948
B2A,51563bc8ab.jpg,0.7755813571812007,0.31574476
B2A,516670d194.jpg,0.8329801599950829,0.4241115
B2A,51736e3772.jpg,0.8066186437627866,0.23486763
B2A,517eba9d0a.jpg,0.7889575249421802,0.3088324
B2A,51867bc005.jpg,0.7874897519699944,0.41500744
B2A,5194f65634.jpg,0.8081106651117582,0.38761085
B2A,519d3674c2.jpg,0.76798653471124,0.2625259
B2A,519fc7c17a.jpg,0.7731859985696236,0.40527686
B2A,51aa9c9a20.jpg,0.8317136430849604,0.3507426
B2A,51dc50880b.jpg,0.916191606063564,0.26449683
B2A,51e7037c03.jpg,0.49451501660185804,0.53234816
B2A,51ede123f3.jpg,0.7214746136590631,0.3401612
B2A,51ffb613ce.jpg,0.6871408061727686,0.37766987
B2A,52087dc0d6.jpg,0.7188699209230972,0.41641378
B2A,522a6dcbec.jpg,0.8347419656340362,0.41027427
B2A,523cbdab7d.jpg,0.883219671067056,0.3737227
B2A,524223dfd9.jpg,0.6709565744937979,0.46269822
B2A,524af04df1.jpg,0.7844248127114749,0.522151
B2A,524d00561a.jpg,0.8235605724858391,0.30487344
B2A,524fdda784.jpg,0.8450325011150904,0.5055884
B2A,52592fe2c6.jpg,0.8615082018677328,0.3452005
B2A,525952c058.jpg,0.8720599718758072,0.4115282
B2A,525f580c06.jpg,0.8267564474925825,0.38862187
B2A,5262b01633.jpg,0.8074389839953312,0.43040755
B2A,526b153062.jpg,0.7147151569211049,0.47876498
B2A,526dc07146.jpg,0.8572578725924773,0.3306789
B2A,527dd222d6.jpg,0.6881589624784701,0.30737004
B2A,527ddb23d4.jpg,0.6905035194915145,0.3821801
B2A,528058909d.jpg,0.7898302911255025,0.24767351
B2A,5280e2e8de.jpg,0.6510619820982265,0.45736635
B2A,5286eb8945.jpg,0.7090399831180759,0.3622892
B2A,529fa39eb2.jpg,0.7607637240131225,0.37442082
B2A,52a2a7132e.jpg,0.7748675411942042,0.5321297
B2A,52ae3cd25d.jpg,0.7882263520304202,0.25338483
B2A,52b870f300.jpg,0.7954463678885489,0.5140539
B2A,52bb31919e.jpg,0.5655296429290467,0.49872684
B2A,52bd17daa7.jpg,0.7951395440596213,0.35015073
B2A,52bee900da.jpg,0.7080877809925673,0.6404016
B2A,52cda09a5f.jpg,0.7133010453281131,0.44070625
B2A,52d8dbe113.jpg,0.5761121939045748,0.3982459
B2A,52e91ba9cf.jpg,0.7090077258540055,0.32665306
B2A,52f30bd94c.jpg,0.8257751934801039,0.25504822
B2A,52f641c328.jpg,0.7066357016674508,0.2520621
B2A,52f7801904.jpg,0.85124239336652,0.45629627
B2A,5305c4063a.jpg,0.8021268288489514,0.24455029
B2A,5319435b3f.jpg,0.8443482161538658,0.3229284
B2A,53194986bc.jpg,0.5488050186239353,0.55874145
B2A,53289e47ec.jpg,0.6252289940990604,0.43511945
B2A,532d743269.jpg,0.7047423103717267,0.33678707
B2A,532f9d0621.jpg,0.7218339165351004,0.30993044
B2A,5338413448.jpg,0.7937100760612188,0.34865212
B2A,5338bd03be.jpg,0.6724158072582113,0.5427931
B2A,533be4e6eb.jpg,0.8372426757252612,0.29150736
B2A,5342ec67da.jpg,0.795728402229154,0.3461708
B2A,534703a792.jpg,0.8714818789536535,0.1838328
B2A,53516d9b04.jpg,0.8385746848382095,0.29180363
B2A,53679e6985.jpg,0.6097767002320739,0.55309594
B2A,536c125b6f.jpg,0.605058569060962,0.5490476
B2A,536c7edb2a.jpg,0.7989736918024752,0.3434708
B2A,537b155f3d.jpg,0.7203356455749096,0.5737836
B2A,537f558973.jpg,0.8708223653103951,0.24908537
B2A,53866d4a68.jpg,0.8354858237536218,0.3067082
B2A,5389fb4007.jpg,0.6819097354449276,0.6343697
B2A,53902a4799.jpg,0.8539790055164864,0.30334768
B2A,5395902bc7.jpg,0.6984192421202061,0.24930155
B2A,53988b72f6.jpg,0.7876993775025051,0.35399532
B2A,53989c56ff.jpg,0.7253537436702466,0.48296723
B2A,53998f50b2.jpg,0.7284119410601435,0.3808633
B2A,539e2ee021.jpg,0.7835514704324168,0.45567653
B2A,53b01e2132.jpg,0.6521845852433478,0.44156235
B2A,53b27f0c81.jpg,0.704338341834279,0.55076194
B2A,53b835550d.jpg,0.738877728586563,0.4079146
B2A,53bce35f0b.jpg,0.7559846262766478,0.46933386
B2A,53c245a6f3.jpg,0.8931292917774688,0.38355443
B2A,53d0160b46.jpg,0.5544080378289641,0.48790103
B2A,53d62fccce.jpg,0.9071858209751861,0.26460794
B2A,53e5b6b1b3.jpg,0.7374952072195521,0.29605776
B2A,53e766ae2b.jpg,0.8124637741016315,0.29544407
B2A,53ea60da05.jpg,0.9013469750964525,0.26246202
B2A,540649ac8c.jpg,0.7177058622432785,0.3286217
B2A,5407972e58.jpg,0.8104038902511399,0.3021786
B2A,5418378939.jpg,0.6093106667866834,0.4504077
B2A,54199dc11f.jpg,0.8170749379967895,0.3457631
B2A,5420c594aa.jpg,0.7591483501885952,0.5729968
B2A,5429ab574f.jpg,0.8342304086907687,0.2768538
B2A,5432eef613.jpg,0.7918709042203527,0.43111658
B2A,5435fdfdc4.jpg,0.7830210254395772,0.28521907
B2A,54381f3114.jpg,0.8521689267972861,0.26574662
B2A,543ea28da6.jpg,0.5546877617532117,0.56507367
B2A,5447d2bd8d.jpg,0.8740955339409817,0.34158367
B2A,54510d8755.jpg,0.6923495967665217,0.5055735
B2A,5451321dd0.jpg,0.7957666058607278,0.38141513
B2A,5452e17b68.jpg,0.7442973442385824,0.40412584
B2A,54538aea8b.jpg,0.7044863596648444,0.30849862
B2A,54557ef4cf.jpg,0.5675123108615167,0.46403253
B2A,54796e9027.jpg,0.837997723580794,0.30328768
B2A,547ae945cb.jpg,0.6814154416925953,0.36176124
B2A,547c5615d1.jpg,0.5539014143771966,0.43979126
B2A,5484662dfb.jpg,0.8316483397285193,0.3864708
B2A,54b556920a.jpg,0.5704902270852988,0.43112302
B2A,54b6416b3a.jpg,0.6987475419219911,0.4488256
B2A,54b6bbf683.jpg,0.8351104767633815,0.3308577
B2A,54b8be5c1e.jpg,0.8491905842730604,0.25055552
B2A,54bf5ab7fd.jpg,0.7513985799635221,0.5941266
B2A,54d2feb575.jpg,0.8248024231739189,0.2751083
B2A,54e9e67501.jpg,0.7935839048367825,0.26081523
B2A,54f65afd1c.jpg,0.6686982602591165,0.5894449
B2A,55004786ef.jpg,0.729216792690145,0.4272089
B2A,550956b456.jpg,0.871481138972394,0.3899513
B2A,550b90e008.jpg,0.7766712807170388,0.2647755
B2A,55129db8f9.jpg,0.861061183314141,0.25474373
B2A,5515a27184.jpg,0.8653462836225518,0.34581652
B2A,5519a2e240.jpg,0.6842459169316694,0.46255794
B2A,551afc0ef0.jpg,0.8025645271258944,0.32321835
B2A,55288a650b.jpg,0.7948191457711709,0.30027983
B2A,552aad92e5.jpg,0.8154006862794118,0.27569064
B2A,552b38a9bc.jpg,0.8147327119589782,0.29354927
B2A,55364f51f9.jpg,0.824078335722777,0.29172364
B2A,5541538198.jpg,0.6367781238729997,0.37173003
B2A,5565d2e475.jpg,0.6050954001984383,0.41295522
B2A,5587066bdc.jpg,0.8249924918718792,0.321195
B2A,558e78d813.jpg,0.854549041377662,0.3775129
B2A,559359bcca.jpg,0.8279119137229639,0.26251277
B2A,55a74b7296.jpg,0.7800659654248805,0.26344478
B2A,55a8a07dde.jpg,0.9066301138346358,0.31856874
B2A,55a9c23538.jpg,0.696932130101839,0.44099468
B2A,55ac4415ef.jpg,0.7105793103038713,0.32644802
B2A,55b015b4df.jpg,0.7976268494866018,0.2515557
B2A,55d0d2d4a1.jpg,0.5642292930364508,0.46252185
B2A,55e5a039c3.jpg,0.8627166844832411,0.3716995
B2A,5602c749d0.jpg,0.7260629592041711,0.40231
B2A,5604c7533d.jpg,0.9077135923362163,0.54141915
B2A,5604ea3384.jpg,0.7182251572137694,0.4038148
B2A,5608b7a226.jpg,0.8254880505113602,0.25459367
B2A,5619b15af5.jpg,0.7263344670692551,0.4335671
B2A,561c1f7cde.jpg,0.7169157679424525,0.33903992
B2A,561d9722a4.jpg,0.7604419768691577,0.3820232
B2A,561e61d7f1.jpg,0.8041276579532445,0.32814372
B2A,561ec9ffaf.jpg,0.8599378517639191,0.3007202
B2A,5622447728.jpg,0.7680782244186224,0.36070383
B2A,56270960dc.jpg,0.9025867849904338,0.25874174
B2A,563012ee88.jpg,0.7954442660422072,0.35122874
B2A,56539880a8.jpg,0.7766648850912171,0.29856682
B2A,5654801d96.jpg,0.6913941908265521,0.20016775
B2A,565702bc95.jpg,0.8871216039395835,0.29567724
B2A,5681f45127.jpg,0.6958378552989266,0.4109155
B2A,56849b394d.jpg,0.7372532721732532,0.47509715
B2A,56884e5824.jpg,0.6325552413628951,0.44697058
B2A,568885cc54.jpg,0.7162356672049097,0.6008615
B2A,56894c4948.jpg,0.7178463302598621,0.33755362
B2A,568d52aa05.jpg,0.7080478252217388,0.31345624
B2A,568d92c4a7.jpg,0.8463126137382707,0.2551479
B2A,5694abf7fa.jpg,0.6413389768991677,0.64650667
B2A,569ed795ec.jpg,0.7297731156412292,0.40544602
B2A,56ac108ce7.jpg,0.6353741721522242,0.40376642
B2A,56ac1f673a.jpg,0.8890478541274984,0.31366134
B2A,56ac3dda09.jpg,0.7824628449304214,0.36188674
B2A,56bfd45d42.jpg,0.7366294190874241,0.3547257
B2A,56c6444a6d.jpg,0.8404961671917397,0.36917627
B2A,56c690f4ce.jpg,0.8271928571625027,0.3244453
B2A,56cb23c291.jpg,0.718081043056751,0.37882447
B2A,56d2ce77d3.jpg,0.7746058491895228,0.31583896
B2A,56df48f901.jpg,0.6634939625079289,0.41476423
B2A,56e14fc1c7.jpg,0.5850968184764038,0.5359209
B2A,56e28bc581.jpg,0.7887202559233768,0.20874012
B2A,56e473c0df.jpg,0.7097973725200722,0.45865583
B2A,56e858f7c3.jpg,0.704872067958856,0.37331614
B2A,5707c424dd.jpg,0.7472573761320638,0.36339092
B2A,571325ea85.jpg,0.7787065976499347,0.40061077
B2A,571a8540a2.jpg,0.5964492765732075,0.36791337
B2A,571c0614e4.jpg,0.8962938921227249,0.23734616
B2A,571da2a2b6.jpg,0.7959065722876643,0.41215277
B2A,572d08dd47.jpg,0.48545880851483014,0.5418337
B2A,5734dda15c.jpg,0.8383995043394451,0.31914973
B2A,573e2bc6ac.jpg,0.8416405688854965,0.38256544
B2A,573f3616e6.jpg,0.7728583738636092,0.3525175
B2A,57509041fb.jpg,0.8003883076461495,0.35394946
B2A,575796635b.jpg,0.7565780148241074,0.40540367
B2A,5757d9bb28.jpg,0.64837427422821,0.43019754
B2A,5764c388a6.jpg,0.8510221592481746,0.32221454
B2A,5777167029.jpg,0.6880033246056766,0.6087446
B2A,5784a2edfb.jpg,0.853608954733982,0.3697925
B2A,57874888f9.jpg,0.7770840002718202,0.24159093
B2A,5794fc49e9.jpg,0.8051672389530897,0.4134283
B2A,57965b2143.jpg,0.6086655699616007,0.424021
B2A,579cd00684.jpg,0.6984877190346336,0.6847259
B2A,579d0d4e7d.jpg,0.7928871319659055,0.3641023
B2A,57a2330579.jpg,0.9162473561193251,0.28301302
B2A,57ba66fb37.jpg,0.707441895386888,0.5281037
B2A,57bd2abf4c.jpg,0.8772199640851621,0.40530777
B2A,57c47a8905.jpg,0.5759686719022499,0.6021872
B2A,57c528a4d5.jpg,0.7507865945295636,0.42317963
B2A,57c906c4cf.jpg,0.7994501845917255,0.25760975
B2A,57cf047094.jpg,0.7236960953001942,0.38741958
B2A,57d109e9cf.jpg,0.8158644295300076,0.30945534
B2A,57dccccee3.jpg,0.8485446765331233,0.23756248
B2A,57e0bbe931.jpg,0.806632537590577,0.45726103
B2A,57e301422d.jpg,0.8113379186634242,0.32551295
B2A,58111663f1.jpg,0.7893188890814856,0.29762274
B2A,581d539ad6.jpg,0.6216111183729891,0.40192497
B2A,5833188a28.jpg,0.8668590099045465,0.2526863
B2A,5834c44d37.jpg,0.8038257850106086,0.5096806
B2A,5847f64d5d.jpg,0.7186262846851781,0.29885328
B2A,5852bbcf34.jpg,0.7156157999783732,0.5132026
B2A,585a5eb514.jpg,0.8592283043828929,0.30753493
B2A,585aa1f933.jpg,0.8324744815965783,0.24692899
B2A,585efde177.jpg,0.6223929713552976,0.6417693
B2A,585f9cb26d.jpg,0.7465188947070028,0.3324757
B2A,586d359437.jpg,0.7309919007781699,0.5416758
B2A,5879d04028.jpg,0.760058677554794,0.3466169
B2A,587a865f86.jpg,0.8543475953084962,0.3602702
B2A,587cc7c2fe.jpg,0.6715886922460799,0.42233783
B2A,5894a8daaa.jpg,0.8236907060035964,0.3821246
B2A,589b4cbb6e.jpg,0.7433605127031246,0.28219897
B2A,589fdf111c.jpg,0.7298755950567217,0.4190655
B2A,58a038ba43.jpg,0.7366426303928458,0.39831197
B2A,58a4b16894.jpg,0.7514682241490728,0.58236116
B2A,58a776400d.jpg,0.8869201062084084,0.1919586
B2A,58a9467f2f.jpg,0.703438445249344,0.34758797
B2A,58ae62fe43.jpg,0.6135704789824107,0.7009077
B2A,58bd31f329.jpg,0.5320553287577471,0.60367906
B2A,58c1e36fda.jpg,0.8813807475122332,0.43464297
B2A,58cb8ad323.jpg,0.7434079815611399,0.4602637
B2A,58d3d98397.jpg,0.7977058916843635,0.41716936
B2A,58e34a0489.jpg,0.7516761057861383,0.3476134
B2A,5901773791.jpg,0.8416040027283699,0.27728832
B2A,590530447f.jpg,0.8521758895563536,0.28603747
B2A,5913ac7eed.jpg,0.7446609013796673,0.41854906
B2A,591d527b4e.jpg,0.8766803438571555,0.37091553
B2A,591df1353a.jpg,0.9038138772724577,0.3844741
B2A,59245494b6.jpg,0.7876446109179981,0.26900062
B2A,592bf31bd5.jpg,0.7717138416053337,0.42900681
B2A,592dd67bf2.jpg,0.7481289330559023,0.3314135
B2A,59344b7884.jpg,0.7947824092932845,0.32527462
B2A,593d5650ea.jpg,0.8416774477933948,0.22769372
B2A,593fa1789b.jpg,0.6670874634214342,0.50318843
B2A,594257c315.jpg,0.7725991274885396,0.53424484
B2A,5948efa988.jpg,0.6230053678285276,0.51398945
B2A,5966f03832.jpg,0.8254795997744042,0.3046138
B2A,5979ddaf40.jpg,0.6174682337818315,0.3602122
B2A,597dc8102b.jpg,0.8361918939135895,0.3308857
B2A,599d5b2041.jpg,0.7399722059230607,0.4718185
B2A,59a4aa8ae0.jpg,0.7809490184312693,0.34969878
B2A,59a5b56086.jpg,0.7216994103686337,0.41964912
B2A,59bf7066cc.jpg,0.5960307462323348,0.48056823
B2A,59c0b11f7a.jpg,0.695875091854476,0.37084043
B2A,59c73a71e2.jpg,0.7456096730232443,0.4354269
B2A,59d87604af.jpg,0.7240676327510589,0.25798768
B2A,59f40fedcd.jpg,0.6661451914685852,0.39714357
B2A,5a086eb4d4.jpg,0.6896598409578364,0.2344652
B2A,5a0e4d57e3.jpg,0.7035940076257988,0.37163183
B2A,5a114c6f90.jpg,0.724608772984673,0.35137263
B2A,5a1f5ac407.jpg,0.8211910744230836,0.3570702
B2A,5a234f081a.jpg,0.8956431478280711,0.32973614
B2A,5a294c5685.jpg,0.5889635081849693,0.27891368
B2A,5a29db5e43.jpg,0.8911129392198209,0.26634365
B2A,5a30d613e5.jpg,0.7769190243547689,0.41359314
B2A,5a384bf8d9.jpg,0.7609394018294497,0.38553298
B2A,5a3c04abea.jpg,0.7899692245772106,0.3506653
B2A,5a5b14d79d.jpg,0.8050783729139609,0.25717184
B2A,5a648082a7.jpg,0.8530109785858127,0.24321008
B2A,5a722db12a.jpg,0.8658805846421925,0.4182011
B2A,5a7cd923cb.jpg,0.7813666633389156,0.33691987
B2A,5a7fe873f4.jpg,0.887368470878506,0.48292682
B2A,5a885d5128.jpg,0.7824749499868516,0.47223157
B2A,5a90fcd546.jpg,0.6446497588797684,0.37640968
B2A,5a921a3ab6.jpg,0.810564500971406,0.34717244
B2A,5a977985f9.jpg,0.8085498561109415,0.364143
B2A,5a9f9c1a61.jpg,0.6026466179510347,0.50034356
B2A,5aac6a791e.jpg,0.7942365627963944,0.3266212
B2A,5abbc037e1.jpg,0.845413067349283,0.32757807
B2A,5ac7e3d633.jpg,0.7545755760439232,0.2791738
B2A,5ad9efc598.jpg,0.8509999782062956,0.20040485
B2A,5adb2c3de9.jpg,0.7552498083560648,0.32898888
B2A,5ae669f97f.jpg,0.7604839584182739,0.33059192
B2A,5ae67d7741.jpg,0.8153951093078176,0.29963058
B2A,5b1ac7d453.jpg,0.8254809961086338,0.17165133
B2A,5b1c17961a.jpg,0.7216498205545796,0.3377182
B2A,5b1ca92c81.jpg,0.7992600868193008,0.31341016
B2A,5b1ce21999.jpg,0.8777122496233741,0.30936658
B2A,5b25e416af.jpg,0.8492800236817318,0.36925092
B2A,5b28e861e1.jpg,0.6287737130498154,0.47041383
B2A,5b2c1cbcc1.jpg,0.7201362113340706,0.2580072
B2A,5b36970405.jpg,0.9111783713726148,0.27534044
B2A,5b39ba9b27.jpg,0.70354340209245,0.31394798
B2A,5b3c9ac58f.jpg,0.7388507629485619,0.33242828
B2A,5b430536ec.jpg,0.8717987374367271,0.32001323
B2A,5b45458ccf.jpg,0.760269781514315,0.38001114
B2A,5b47729366.jpg,0.9115191466580835,0.33696783
B2A,5b54acd95e.jpg,0.7726527576152771,0.3662733
B2A,5b5eae4414.jpg,0.8075031202732208,0.4147496
B2A,5b644de405.jpg,0.6255983919128297,0.4407657
B2A,5b67d44eea.jpg,0.8478617460086819,0.2700693
B2A,5b8f94e9ed.jpg,0.7084243833523293,0.25987166
B2A,5b960d2105.jpg,0.8284631935820258,0.2816664
B2A,5ba1f82d11.jpg,0.8310906675208919,0.3094376
B2A,5baec51613.jpg,0.8061116382771769,0.25789815
B2A,5bb0b7b0fd.jpg,0.8838195583370834,0.27265832
B2A,5bb7d3f1e2.jpg,0.867259954300458,0.2713676
B2A,5bce397cd6.jpg,0.8386841636214555,0.25749287
B2A,5bdd158279.jpg,0.8142056762633917,0.2953279
B2A,5bddd2139f.jpg,0.6813873997953,0.5161027
B2A,5bfc51adc2.jpg,0.7103508150104553,0.46348977
B2A,5c0287b212.jpg,0.9187977682110309,0.27855432
B2A,5c03d3796d.jpg,0.5686927881577223,0.49092925
B2A,5c04deef4e.jpg,0.6848756377229329,0.3064654
B2A,5c068c34b2.jpg,0.7859155294389437,0.3150941
B2A,5c096f6c6b.jpg,0.7536386288958595,0.47891414
B2A,5c097be130.jpg,0.8507104267442249,0.3422774
B2A,5c2de90d27.jpg,0.7686810391458211,0.40774354
B2A,5c3849313d.jpg,0.871659711230674,0.24141745
B2A,5c399c47f2.jpg,0.8063304613511931,0.36319467
B2A,5c3afc56ce.jpg,0.8753453755941794,0.26822737
B2A,5c3d598219.jpg,0.8296518410703022,0.36619604
B2A,5c50599656.jpg,0.790902670516614,0.46234202
B2A,5c556d2c26.jpg,0.8163952439195585,0.49169832
B2A,5c55bd3c02.jpg,0.8900820644259375,0.3035481
B2A,5c574cd9b7.jpg,0.8662868372399204,0.33836028
B2A,5c6144e5be.jpg,0.7292440743163701,0.4082247
B2A,5c6c72ff95.jpg,0.7653276961124307,0.48391986
B2A,5c8a36d364.jpg,0.7404040694131594,0.50114846
B2A,5c9487be68.jpg,0.6775962110487309,0.34553802
B2A,5c9979287f.jpg,0.8054860384761787,0.26409352
B2A,5c9b9f20eb.jpg,0.8073656446617858,0.31269416
B2A,5ca98fc2af.jpg,0.8746456438842967,0.23533064
B2A,5cb9dcf772.jpg,0.666802243972258,0.37403604
B2A,5cc20cb7e7.jpg,0.826327614114412,0.3218391
B2A,5ce9aaf1e0.jpg,0.8318146793525147,0.40476087
B2A,5cf2ea15af.jpg,0.5891921563893723,0.6663619
B2A,5cff9ca17c.jpg,0.8204662079466226,0.50203776
B2A,5d03870821.jpg,0.7337467457631627,0.37388825
B2A,5d10d088ee.jpg,0.7077356867841919,0.48483533
B2A,5d1671f99b.jpg,0.6322966131847612,0.32623145
B2A,5d1d521c3f.jpg,0.6238785129194906,0.3087077
B2A,5d23c3c935.jpg,0.829301562774322,0.382399
B2A,5d3ce96256.jpg,0.8503005097578273,0.3180972
B2A,5d4377db4a.jpg,0.6642442034796223,0.29500347
B2A,5d53f82763.jpg,0.8683961591312964,0.2908036
B2A,5d5d5c6cec.jpg,0.675427270279846,0.40342867
B2A,5d77349c0e.jpg,0.69727894524748,0.31395763
B2A,5d7b441aa9.jpg,0.6630679856816314,0.527658
B2A,5d875c63ab.jpg,0.9020056989576298,0.2251396
B2A,5d87fdb2c6.jpg,0.8767635092699922,0.36719006
B2A,5d8939501e.jpg,0.7616097343414778,0.28584716
B2A,5d90dbd1ca.jpg,0.7531300356516558,0.4432323
B2A,5da725f8d7.jpg,0.8078255383365339,0.39623213
B2A,5da88da947.jpg,0.7009556147458662,0.5636736
B2A,5dcdf86cfb.jpg,0.8760100706661288,0.26262188
B2A,5dcfd3a36f.jpg,0.5544999181553202,0.4585899
B2A,5ddb1eae61.jpg,0.8237076448600299,0.3743639
B2A,5de7aa1645.jpg,0.6139549343465789,0.42437094
B2A,5ded03d0f9.jpg,0.7488779192698232,0.33719048
B2A,5e0062d8c4.jpg,0.5969449350037728,0.38415882
B2A,5e0082e751.jpg,0.8358066045234253,0.44444025
B2A,5e05579bfb.jpg,0.7455807344848778,0.44428962
B2A,5e0b43957f.jpg,0.8153338934076757,0.51519704
B2A,5e187eb93f.jpg,0.8395328823988072,0.2648261
B2A,5e23eef10f.jpg,0.7133118726157108,0.4369082
B2A,5e49c27b03.jpg,0.8042112927111803,0.41483343
B2A,5e4de25a9c.jpg,0.7683701783362374,0.2648119
B2A,5e5c74bded.jpg,0.6687551234964676,0.34143472
B2A,5e62cdccf1.jpg,0.8425700397006707,0.28216517
B2A,5e64b64de8.jpg,0.7987308384394937,0.31802952
B2A,5e80458f0d.jpg,0.7049028855485246,0.30621263
B2A,5e8a5f5d3b.jpg,0.7204086261687476,0.33693784
B2A,5e8afd118f.jpg,0.7649815702994581,0.38880065
B2A,5e9b6ee1a4.jpg,0.7354520456229376,0.48703083
B2A,5e9d609ee7.jpg,0.791271265326277,0.46260887
B2A,5e9f0eec0c.jpg,0.8416370840597035,0.35921252
B2A,5ea13d56aa.jpg,0.7699662716235798,0.32592607
B2A,5eaccc99bf.jpg,0.8771176325379716,0.22293477
B2A,5eb792b2be.jpg,0.8212641773574673,0.26898038
B2A,5ed2785909.jpg,0.8162610968049158,0.35365635
B2A,5ed86a6d0b.jpg,0.9268639838716233,0.32080182
B2A,5edefd0d0f.jpg,0.6867220119155468,0.34814855
B2A,5ee0ea499b.jpg,0.8192247978541286,0.32063302
B2A,5ee88f0c5f.jpg,0.848753996321079,0.31801623
B2A,5ee96ba98d.jpg,0.7487302799275367,0.46243188
B2A,5ef70f37ea.jpg,0.7700621898637144,0.41076073
B2A,5f02c26178.jpg,0.6824845619445372,0.42665955
B2A,5f0d21c2b1.jpg,0.671340920908341,0.30017236
B2A,5f14f7641d.jpg,0.8270587110175349,0.31974995
B2A,5f24335241.jpg,0.6556310095550623,0.60860276
B2A,5f25cbc263.jpg,0.9154803681003106,0.26208428
B2A,5f2b8fa71a.jpg,0.5501270477928139,0.57467806
B2A,5f34ec2686.jpg,0.702876536420456,0.46125272
B2A,5f4018d615.jpg,0.8655200593280841,0.17706543
B2A,5f4612d92b.jpg,0.791049418083713,0.2876252
B2A,5f477576c5.jpg,0.7235692260242388,0.54350746
B2A,5f477a5c46.jpg,0.6171981901479024,0.7560348
B2A,5f674f802b.jpg,0.818456131579441,0.3422696
B2A,5f6acdd885.jpg,0.8491339046685189,0.48040554
B2A,5f7a943ad3.jpg,0.5608971426019016,0.34606272
B2A,5f824e47e4.jpg,0.8738645599597722,0.2831431
B2A,5fb5327415.jpg,0.7651201419961988,0.26512873
B2A,5fcf902716.jpg,0.8343667927246408,0.31142908
B2A,5fd438d742.jpg,0.6482091523319444,0.3498923
B2A,5ff7a6bd52.jpg,0.7424358487750258,0.35424954
B2A,5fffc71069.jpg,0.7022729258384469,0.32071337
B2A,600adb121f.jpg,0.7948526712366143,0.50302327
B2A,60149bcbbf.jpg,0.7141189114777322,0.56163865
B2A,60268cfb2f.jpg,0.5856694763185262,0.60374254
B2A,604547096b.jpg,0.8388604318457781,0.19601715
B2A,6045dd5804.jpg,0.7545394366663571,0.3470918
B2A,604c154a10.jpg,0.7540925691961392,0.28580317
B2A,604d51ecdb.jpg,0.7505818748492674,0.4409872
B2A,604eee6de2.jpg,0.8195803254352542,0.4041464
B2A,6058fe8ba4.jpg,0.648119469568137,0.43518353
B2A,605c399821.jpg,0.7766101470358958,0.31123543
B2A,606bc88bf5.jpg,0.6695193925126125,0.46798307
B2A,606ea8c853.jpg,0.6722944848479685,0.40178615
B2A,606edf9e69.jpg,0.8334448196982209,0.24823156
B2A,607508ca60.jpg,0.6998463701963665,0.28094566
B2A,6090cac2ca.jpg,0.8134005527262125,0.36069843
B2A,609699b9f5.jpg,0.8097372399538755,0.2349692
B2A,6099732dd8.jpg,0.8497444078789811,0.27551755
B2A,60a6fdd5c0.jpg,0.7949857780293444,0.42682922
B2A,60ac278e96.jpg,0.7117947883660963,0.48112506
B2A,60adaaa8fa.jpg,0.8532611141542795,0.36500666
B2A,60ee84f0e3.jpg,0.6951968037168571,0.27773133
B2A,60f455c446.jpg,0.867191938420189,0.36096042
B2A,60f7b3ce84.jpg,0.821172247502631,0.46242023
B2A,60fa0dced3.jpg,0.8535332705296697,0.37277287
B2A,610b2e40b1.jpg,0.8387699888545745,0.20942113
B2A,610ff29105.jpg,0.8965675841473147,0.26485664
B2A,6113839c53.jpg,0.893443461113972,0.24118622
B2A,611ce907ee.jpg,0.7687124352971404,0.467601
B2A,6127261426.jpg,0.7425546595894836,0.44123644
B2A,612de09c0e.jpg,0.8164544025518559,0.46892342
B2A,612eb28781.jpg,0.7465297554523088,0.41854435
B2A,613592c5ba.jpg,0.7889703083342676,0.2887129
B2A,614aebf996.jpg,0.7892762918064214,0.2645827
B2A,614dcbd1b6.jpg,0.6585474448638962,0.58078665
B2A,614e5368b3.jpg,0.8035479087801553,0.3251978
B2A,6157aa63b5.jpg,0.6794424711822132,0.27758744
B2A,615f1a41e2.jpg,0.8837974013811499,0.35484204
B2A,6163883314.jpg,0.7432798980003041,0.2408684
B2A,6165bb7d20.jpg,0.6798901218169295,0.5514801
B2A,618573a4c0.jpg,0.7626495358382761,0.28320596
B2A,618c3a93a6.jpg,0.654768009106402,0.4086608
B2A,619868817c.jpg,0.7106845535555341,0.36568582
B2A,61c0bf55f3.jpg,0.8843565099932811,0.22978145
B2A,61ca26c3f0.jpg,0.6033057395000876,0.5062261
B2A,61d1dacb0a.jpg,0.66855013937623,0.45479578
B2A,61e0412438.jpg,0.7960331125148981,0.30672875
B2A,61efe98c2b.jpg,0.8433584090875089,0.42659962
B2A,61f0619994.jpg,0.7124961976586921,0.44226497
B2A,61f337301f.jpg,0.6643285174992469,0.46491724
B2A,61f79ea5e3.jpg,0.8148438598797229,0.26633614
B2A,61febf655e.jpg,0.7320832616680194,0.40971255
B2A,6203a47be6.jpg,0.7755930973467317,0.52857476
B2A,6203de934f.jpg,0.7873139718313704,0.2657922
B2A,6203e44a0b.jpg,0.7379073934719794,0.51337194
B2A,6216948548.jpg,0.704421420854531,0.29257628
B2A,623226574f.jpg,0.7753093187830548,0.25995082
B2A,6233033047.jpg,0.7008355260855107,0.3235599
B2A,6233a14e7a.jpg,0.8208331692433951,0.55485594
B2A,62428234ef.jpg,0.8195508323621453,0.30652875
B2A,62556af40e.jpg,0.8144556071790349,0.43174523
B2A,6256e7fb82.jpg,0.7865631667380348,0.29815227
B2A,62601c808e.jpg,0.9243653915682789,0.2237514
B2A,626caaa1ce.jpg,0.8781390695614106,0.33614558
B2A,627532c78c.jpg,0.7217264994733182,0.2764612
B2A,6276c2f781.jpg,0.8813500328817312,0.33910578
B2A,6280ca0cf1.jpg,0.6770393610816239,0.4087643
B2A,6297c1fc75.jpg,0.8122449053767875,0.33710238
B2A,62a4327b05.jpg,0.7095607704975251,0.53079695
B2A,62a86886a4.jpg,0.8664955998946612,0.2425735
B2A,62ada6e480.jpg,0.7980761923855821,0.3433516
B2A,62ae12c529.jpg,0.7135035841261729,0.33269042
B2A,62b043985f.jpg,0.7583979152657951,0.28991833
B2A,62b1939e2e.jpg,0.827791792286629,0.45601827
B2A,62b6c6c11d.jpg,0.7004160361488594,0.46367288
B2A,62bb8501e8.jpg,0.7044612287117202,0.39542216
B2A,62bff6d96f.jpg,0.8579306501342427,0.3269959
B2A,62c54774f6.jpg,0.7291514754910764,0.50717103
B2A,62c5a2a3c0.jpg,0.8060596559561704,0.36172986
B2A,62c8619eeb.jpg,0.682861944515431,0.5210203
B2A,62e2c15e98.jpg,0.6639451013145964,0.60464376
B2A,62e79f1dd2.jpg,0.8224264873094432,0.41707802
B2A,630d324a16.jpg,0.8306821629322954,0.3491509
B2A,631cc9e7d1.jpg,0.8559709819297527,0.27403134
B2A,631f90f7a9.jpg,0.9167446676245004,0.24757521
B2A,632020c3e8.jpg,0.7714019697350254,0.393286
B2A,632858e7c4.jpg,0.8574832499674798,0.31763944
B2A,633128bbae.jpg,0.5839649544176232,0.62021834
B2A,6334aea3e0.jpg,0.8404434196205304,0.40002722
B2A,63372e9038.jpg,0.7347181349569475,0.2847362
B2A,633edb47c9.jpg,0.806084236767093,0.42583045
B2A,634246cbc0.jpg,0.7907194928993326,0.54839474
B2A,634e2ff9c5.jpg,0.7527744404148624,0.34243786
B2A,634f5cf142.jpg,0.7921057280804911,0.3804763
B2A,635907bad9.jpg,0.593007408510701,0.63337547
B2A,6360e41e69.jpg,0.6724834052975965,0.42663187
B2A,636280c73d.jpg,0.7504121098962885,0.2237753
B2A,636d76c49a.jpg,0.8460320391621456,0.258239
B2A,6376737353.jpg,0.8093101609644024,0.37478438
B2A,6376c3ffa5.jpg,0.7608934652919315,0.5134365
B2A,6379773e3f.jpg,0.7628119620955164,0.39056242
B2A,637a28f9cf.jpg,0.8743157910051987,0.28658062
B2A,638093f853.jpg,0.8616611284988606,0.27623534
B2A,6383f39af4.jpg,0.6407670289343858,0.39441448
B2A,63959943dd.jpg,0.6179702998510982,0.50707173
B2A,639ed4c744.jpg,0.6744994448172416,0.3270224
B2A,63a0582761.jpg,0.805694772080383,0.35591555
B2A,63b4aeae20.jpg,0.7130027625072393,0.41043213
B2A,63b6bc086c.jpg,0.7003998410225688,0.43552414
B2A,63bf7ae1cf.jpg,0.77343058175178,0.27189872
B2A,63d194e1df.jpg,0.9156016451721577,0.23195113
B2A,63e007e789.jpg,0.699082402995168,0.42972058
B2A,63e73c1dc9.jpg,0.7905875338090654,0.32910973
B2A,63e885e644.jpg,0.7552485926366201,0.34776622
B2A,63f6cea734.jpg,0.7016334178057981,0.4518984
B2A,63fef59198.jpg,0.6766004725244212,0.31841046
B2A,6401c2d6c0.jpg,0.8487110048244686,0.24515659
B2A,6417787af0.jpg,0.7963209048431225,0.40914866
B2A,6421360d4f.jpg,0.6390796166409456,0.50185984
B2A,64247b3eb5.jpg,0.8471738125760112,0.23048733
B2A,6431f96d10.jpg,0.7537933452329714,0.40897626
B2A,64356423f2.jpg,0.6845123582676128,0.3966733
B2A,6438b04e89.jpg,0.9228087990041351,0.23914082
B2A,643916e05b.jpg,0.795884128583798,0.46880046
B2A,64397cbb62.jpg,0.7953488033186366,0.39164382
B2A,6440dd45f8.jpg,0.7788197083964873,0.43184513
B2A,6444bc3ca4.jpg,0.6378148923042157,0.34254846
B2A,6447774e95.jpg,0.7431546187874573,0.5648303
B2A,6457f79ca3.jpg,0.7519423957070509,0.59887475
B2A,646da34032.jpg,0.8445314678347169,0.3861506
B2A,64813f537a.jpg,0.8370515687543058,0.42580676
B2A,6493077860.jpg,0.7652729078965116,0.25512087
B2A,649df99535.jpg,0.7388707371813693,0.68575096
B2A,64a519abd0.jpg,0.6993188224729098,0.3978955
B2A,64bd39e960.jpg,0.8553325753713887,0.24591199
B2A,64c68d0aa3.jpg,0.9143983419030369,0.23118189
B2A,64c6b6a511.jpg,0.7190032084786294,0.27539122
B2A,64cf019733.jpg,0.8991461611515748,0.26215875
B2A,64d0a7acf2.jpg,0.8209396999277437,0.4645108
B2A,64d362378f.jpg,0.7104808403708582,0.40194595
B2A,64e21dfda0.jpg,0.7817481780564743,0.30262405
B2A,64ee7530ff.jpg,0.8459148308507645,0.2618121
B2A,64f06b5ceb.jpg,0.8652151714211042,0.36944938
B2A,64fcd56944.jpg,0.8787251503122578,0.21491115
B2A,6533b9656e.jpg,0.7792166605377844,0.49297303
B2A,65344ad883.jpg,0.67613673110555,0.55443895
B2A,653774f59a.jpg,0.7355418547283405,0.5245645
B2A,654dce0bc5.jpg,0.7439329811483781,0.3827172
B2A,6558098202.jpg,0.7501075664105025,0.62590384
B2A,6561bd46ba.jpg,0.7857097797640877,0.41693845
B2A,657337796d.jpg,0.8541525223697629,0.42200744
B2A,657a1ebe3d.jpg,0.6886836159502879,0.33362854
B2A,657bf0b295.jpg,0.8554555516847441,0.23702069
B2A,657d970481.jpg,0.8112187961895838,0.28846395
B2A,65881ff201.jpg,0.858617768337786,0.23565969
B2A,6589904ec0.jpg,0.8323781297198679,0.3789221
B2A,65a09899f8.jpg,0.7552666998344416,0.4023332
B2A,65a6d3e7e2.jpg,0.8370348506489167,0.3233444
B2A,65ba65db68.jpg,0.6453183608286347,0.34113756
B2A,65cf11fe0e.jpg,0.8321593254285498,0.36651465
B2A,65e0307c38.jpg,0.6733775418097561,0.3830984
B2A,65e1c3f768.jpg,0.6254031938067015,0.3558128
B2A,65eb33194f.jpg,0.7978889016218513,0.43156123
B2A,65f48bdd36.jpg,0.6425139376124217,0.4183755
B2A,65ff1c4226.jpg,0.5942110431503982,0.63131404
B2A,660a638976.jpg,0.7164527049059002,0.3770889
B2A,661aadc417.jpg,0.8904874589492537,0.14050794
B2A,661d51efae.jpg,0.729161185306234,0.42884374
B2A,662c5c4ff4.jpg,0.7971458024516832,0.29030216
B2A,6635a31ee1.jpg,0.766496417720218,0.43184564
B2A,66361eea70.jpg,0.8564025911909485,0.3156614
B2A,6639b516d5.jpg,0.6410257262904344,0.41173726
B2A,663b9a1924.jpg,0.7710776448474348,0.24785158
B2A,66488583ab.jpg,0.7760284990007378,0.3037831
B2A,664b161ecc.jpg,0.6641692662892775,0.5106834
B2A,667c0fd61b.jpg,0.8309826569731045,0.37155706
B2A,6690a30a29.jpg,0.7032693166825181,0.47856668
B2A,66ad36a8d6.jpg,0.718917091728067,0.30843288
B2A,66af3aa4b1.jpg,0.4714001974423319,0.30799907
B2A,66b54569e6.jpg,0.8188699351612639,0.49600387
B2A,66cb408c30.jpg,0.8225738761340786,0.26759166
B2A,66db0fe6b4.jpg,0.6232167684579314,0.3229995
B2A,66dbf73abc.jpg,0.83099194139641,0.26617056
B2A,66e71841a4.jpg,0.8423277187227857,0.3165838
B2A,66f8456cb7.jpg,0.7680717481937915,0.31237894
B2A,6700b4b7bb.jpg,0.9204057200902319,0.32363057
B2A,670d9aa07f.jpg,0.7514911177518862,0.3183347
B2A,670dbb29d1.jpg,0.7839915856072199,0.27108335
B2A,6717eca3cc.jpg,0.7046496762572696,0.618418
B2A,6728f4bba7.jpg,0.8888566310153475,0.2405546
B2A,6731de7cdc.jpg,0.7186949917914641,0.29942122
B2A,6736ee186d.jpg,0.778479258375704,0.48631284
B2A,674bf68b95.jpg,0.7727422795357723,0.44546437
B2A,674c25f70e.jpg,0.7399125268926117,0.3205909
B2A,6751643b4b.jpg,0.6715080208275881,0.46277788
B2A,675e6b6065.jpg,0.7721235768929656,0.3980768
B2A,675eb73e32.jpg,0.8087543753508944,0.44303733
B2A,676a38fcf2.jpg,0.6121176734528935,0.3389458
B2A,676d2377ea.jpg,0.8390152146894818,0.27234498
B2A,67811f844f.jpg,0.8112968653919485,0.35004193
B2A,6798a2a50d.jpg,0.7783853731011666,0.3455904
B2A,679f2b8c09.jpg,0.8323448419436736,0.317323
B2A,67ad9f90eb.jpg,0.8487896258886368,0.2498551
B2A,67ae13d8fd.jpg,0.6732407391158964,0.6303911
B2A,67b03b9ae6.jpg,0.883735790221078,0.30767417
B2A,67b2023cdc.jpg,0.7987098790315272,0.28771037
B2A,67b303bc1f.jpg,0.7132105661840473,0.41230896
B2A,67bf2caa0d.jpg,0.8176531303670959,0.32533824
B2A,67cb59fe1b.jpg,0.7994142297550318,0.46619713
B2A,67d30c5976.jpg,0.7336549788656753,0.45685595
B2A,67e82318a8.jpg,0.706945425895217,0.36129546
B2A,67fa0b1fff.jpg,0.5510890130428966,0.49524376
B2A,67ffae436a.jpg,0.7133835823787681,0.3202193
B2A,680e403ee6.jpg,0.7625722590837214,0.3862049
B2A,68161f940a.jpg,0.816491093248743,0.33915293
B2A,681747f03e.jpg,0.804625263501281,0.2006601
B2A,681949c029.jpg,0.8054101857571047,0.29437998
B2A,681df42505.jpg,0.6551829189096762,0.38716933
B2A,682e0844c2.jpg,0.8797886962663743,0.36045873
B2A,6836334767.jpg,0.6596341089631979,0.4582137
B2A,683ff91f55.jpg,0.6676225695008262,0.47286016
B2A,684690671a.jpg,0.8410036440822863,0.3678539
B2A,684be8790c.jpg,0.7047452681023519,0.44662127
B2A,685174f022.jpg,0.7633554442595571,0.38363978
B2A,6852f4cb2d.jpg,0.7643810345487818,0.3752712
B2A,685923a424.jpg,0.8742543655401777,0.26125723
B2A,68730b2016.jpg,0.7325049211816608,0.35778332
B2A,687cd30117.jpg,0.8867492167412516,0.26980436
B2A,6884abf5fe.jpg,0.905977392477102,0.30751035
B2A,6887ee7059.jpg,0.760591936127836,0.3237421
B2A,688fd65571.jpg,0.8261624588314148,0.26994473
B2A,689273b092.jpg,0.6974890985850073,0.3808962
B2A,68a0fd8800.jpg,0.8854247415798325,0.22831097
B2A,68b8b35955.jpg,0.8447008054090726,0.3207636
B2A,68d3757ce1.jpg,0.9194066057839161,0.28794187
B2A,68d785f0cb.jpg,0.5577298366110187,0.40810892
B2A,68e40889bf.jpg,0.8597585350248911,0.26044175
B2A,68e93f1dd4.jpg,0.6223800994175446,0.39854926
B2A,68f7232a89.jpg,0.6935747478021929,0.33200532
B2A,6915fdb4e2.jpg,0.6121072131276996,0.30232456
B2A,692b29e496.jpg,0.9095046111180622,0.25723588
B2A,692d2be632.jpg,0.7311398104991447,0.5548687
B2A,6932043ee0.jpg,0.8033370538277139,0.43684614
B2A,693415a29b.jpg,0.8471592774856396,0.28099352
B2A,69552238b4.jpg,0.8427860933423384,0.24918665
B2A,695755652f.jpg,0.6650930923495173,0.3022543
B2A,6957a4b495.jpg,0.7854513064415656,0.27553117
B2A,6960ca7470.jpg,0.7251107675837454,0.41580588
B2A,6960d1ca6a.jpg,0.7373278833192135,0.4094156
B2A,696803e17c.jpg,0.7091801550276451,0.4064511
B2A,696f56514d.jpg,0.6608211411803426,0.49774933
B2A,6970d5e39a.jpg,0.8780569581245409,0.3164786
B2A,697a7cac68.jpg,0.585274037249016,0.39716226
B2A,6987bc04a8.jpg,0.8459625765108507,0.34416574
B2A,69a48c1703.jpg,0.8685038381817444,0.21476877
B2A,69ae5108fc.jpg,0.6435859441516278,0.45768815
B2A,69b2d90a15.jpg,0.8069066352322509,0.43945354
B2A,69b411b727.jpg,0.5507083706250601,0.40772143
B2A,69b590e268.jpg,0.8269464779617949,0.4893396
B2A,69ba3dbcbe.jpg,0.9226221124561502,0.27234247
B2A,69bc2bf220.jpg,0.7838105724361853,0.36379766
B2A,69c3dba202.jpg,0.7601113191259464,0.33956152
B2A,69c50db73f.jpg,0.5588752721409526,0.47867438
B2A,69c5eb1184.jpg,0.7222719648614614,0.37623715
B2A,69ce40e8bd.jpg,0.8218506399682575,0.40934104
B2A,69cf4ee0c1.jpg,0.7382058160803798,0.43205878
B2A,69e5be6684.jpg,0.7573691317021788,0.45481923
B2A,69ea18eac3.jpg,0.5902163981064587,0.538844
B2A,69ff61709e.jpg,0.8633818096620551,0.27591223
B2A,6a0a168174.jpg,0.7324115396459357,0.45649695
B2A,6a0c1b662f.jpg,0.8623976978289579,0.27918854
B2A,6a19d6ed16.jpg,0.7150835003058766,0.30811507
B2A,6a1aea3e32.jpg,0.8062875004668855,0.33250073
B2A,6a24142aad.jpg,0.7863830359907952,0.39821157
B2A,6a3a6192c0.jpg,0.8087216177395243,0.3333226
B2A,6a4d3daafe.jpg,0.6742935075799334,0.53499377
B2A,6a4fe6590b.jpg,0.6553394639347065,0.3909907
B2A,6a55ec45aa.jpg,0.9177062711636131,0.2848335
B2A,6a5b3e97df.jpg,0.7242473978645316,0.48795366
B2A,6a62792333.jpg,0.8033632781205989,0.43330097
B2A,6a6fb64128.jpg,0.7312400148641794,0.62175226
B2A,6a75bc4fce.jpg,0.8000927231190995,0.35379693
B2A,6a95e80280.jpg,0.8112259938866921,0.34079367
B2A,6a9634ff0e.jpg,0.8671900894346847,0.23857167
B2A,6aa027975d.jpg,0.7976401237427413,0.2880343
B2A,6ab55e39e3.jpg,0.855694560307239,0.25067806
B2A,6ab607ca91.jpg,0.5910014632609016,0.324598
B2A,6ac584cbb4.jpg,0.6663237800821266,0.44487405
B2A,6ac922afab.jpg,0.8140100986887534,0.3044495
B2A,6ae1292f67.jpg,0.7216698464816558,0.2097215
B2A,6afc612209.jpg,0.7756750100276149,0.5582177
B2A,6b04d109cf.jpg,0.6168453252315664,0.36375868
B2A,6b240d89b8.jpg,0.7381624776526172,0.37667108
B2A,6b25e23139.jpg,0.80758291709465,0.2968334
B2A,6b3e7692a0.jpg,0.7624828014633174,0.45014954
B2A,6b47c83dad.jpg,0.9133986100187108,0.25137943
B2A,6b53db36ed.jpg,0.8335677834478286,0.39788452
B2A,6b61c7852e.jpg,0.7806086873072307,0.31250724
B2A,6b66f3c48a.jpg,0.727428610442835,0.3863635
B2A,6b6b85cd53.jpg,0.7856441976928994,0.58141774
B2A,6b6e1046b8.jpg,0.874604746842517,0.24808177
B2A,6b70c93481.jpg,0.8253105609156481,0.35249206
B2A,6b7172639a.jpg,0.8213952486981141,0.2952723
B2A,6b87a7b5dc.jpg,0.8532565541965687,0.33971864
B2A,6b87dc38dc.jpg,0.6686650030510791,0.5200053
B2A,6b910e1321.jpg,0.5146683382455194,0.5344099
B2A,6ba72ca483.jpg,0.6908696282860058,0.5411828
B2A,6bb4d6273a.jpg,0.7702940360579887,0.2997564
B2A,6bc014d8ea.jpg,0.8490500293779517,0.3272406
B2A,6bc2744034.jpg,0.891346704071119,0.29061386
B2A,6bc4af390a.jpg,0.8680789435357361,0.29799253
B2A,6bc7d64fb6.jpg,0.7494379424199491,0.36686665
B2A,6bc8104d76.jpg,0.5233364135723083,0.6698374
B2A,6bcd8876a4.jpg,0.7788468725531745,0.43757468
B2A,6bcea12f74.jpg,0.7733589433625857,0.33589137
B2A,6be0fc09a5.jpg,0.692626151184008,0.37873498
B2A,6bf0976dae.jpg,0.7933259750702605,0.38139588
B2A,6c0f6804c5.jpg,0.7753187559492032,0.32215378
B2A,6c19b70453.jpg,0.925578505966762,0.18929973
B2A,6c1d743ded.jpg,0.794461624444475,0.17731252
B2A,6c1f308e02.jpg,0.8262071074339046,0.35128474
B2A,6c28209b0b.jpg,0.7395758417205451,0.44694132
B2A,6c37caaa86.jpg,0.7595402312859957,0.32300726
B2A,6c38e65dd9.jpg,0.8143924947845408,0.23946974
B2A,6c5fb319c2.jpg,0.5507314902804072,0.60400265
B2A,6c650608d2.jpg,0.4697656436514365,0.71126527
B2A,6c66f26b82.jpg,0.7685815321176631,0.2742237
B2A,6c77b100ea.jpg,0.6978417863959077,0.55950713
B2A,6c7b92564c.jpg,0.7229091944797904,0.5396577
B2A,6c7bd28db6.jpg,0.8736193324216471,0.49365762
B2A,6c7e5b0199.jpg,0.7713306265043129,0.38435036
B2A,6c8aec68c1.jpg,0.8597371918499093,0.27008167
B2A,6c8c8234e4.jpg,0.7261681726517645,0.6482115
B2A,6c9c20101d.jpg,0.6276577931075678,0.25262073
B2A,6cad5acca6.jpg,0.872510701488397,0.19253297
B2A,6cada09ad0.jpg,0.8628004983171348,0.28487754
B2A,6cb683712d.jpg,0.5646426620708427,0.66402584
B2A,6cb7a4d1c0.jpg,0.7628397932757137,0.3603974
B2A,6cc9ba090d.jpg,0.7825692644119314,0.36969522
B2A,6cdb4ae67d.jpg,0.7883201215233585,0.33048996
B2A,6cf14b58ac.jpg,0.6423653984183304,0.6026049
B2A,6d21dd8e8a.jpg,0.7676199248934978,0.44330314
B2A,6d2db478f1.jpg,0.8673050428667646,0.2694441
B2A,6d366256a0.jpg,0.7365828379118547,0.3767952
B2A,6d43871d17.jpg,0.7098129136886476,0.31993556
B2A,6d4cd97a65.jpg,0.6724440877685642,0.30159268
B2A,6d4ed509c4.jpg,0.663299475964411,0.4260511
B2A,6d59401909.jpg,0.4776152019502753,0.6001195
B2A,6d6717a60d.jpg,0.6833440663806867,0.37889168
B2A,6d6bc1579a.jpg,0.8095576143263129,0.40144384
B2A,6d75effae7.jpg,0.569642097733642,0.46976662
B2A,6d76ac5983.jpg,0.7694855324097866,0.3272364
B2A,6d76db2739.jpg,0.8921379332262247,0.21284212
B2A,6d8ac0ab87.jpg,0.7165975184129076,0.34177887
B2A,6d8ff7415d.jpg,0.6770377538347097,0.4323116
B2A,6da5f24eb5.jpg,0.7194284573275836,0.3448126
B2A,6da926571e.jpg,0.9200221579973712,0.15358254
B2A,6db9d90f11.jpg,0.7069920809795635,0.34976697
B2A,6dc8ab590e.jpg,0.7011915969943888,0.74208033
B2A,6dce9829bb.jpg,0.7416341204802905,0.4074599
B2A,6dcf799703.jpg,0.8219949713531056,0.33374906
B2A,6ddc86d0e4.jpg,0.8438087930988303,0.34816894
B2A,6dee6d02d8.jpg,0.7535291328908184,0.3733843
B2A,6df48d411c.jpg,0.5735750399387569,0.4429578
B2A,6dfff386db.jpg,0.7792957558886524,0.31230757
B2A,6e09fe8d32.jpg,0.824798177262824,0.52985626
B2A,6e13b2f9b4.jpg,0.8471693338044578,0.32702264
B2A,6e17babca8.jpg,0.7848376947570086,0.40840334
B2A,6e2493f8d4.jpg,0.5067053490926169,0.40387473
B2A,6e2c4451e5.jpg,0.6898603018397773,0.58427787
B2A,6e3c226e32.jpg,0.7597388582886907,0.45682397
B2A,6e3e179ef8.jpg,0.8971261657039475,0.32223707
B2A,6e57dbfe6f.jpg,0.5870625762434994,0.5182422
B2A,6e5cd72d3c.jpg,0.8195438722196334,0.23906727
B2A,6e656030a0.jpg,0.7210887644290925,0.37822944
B2A,6e68264904.jpg,0.6250862365196419,0.53444964
B2A,6e72f8ad6c.jpg,0.8821768991978141,0.3800256
B2A,6e84325bee.jpg,0.6983435893741087,0.3686835
B2A,6e89ef391e.jpg,0.6636577615632682,0.3223723
B2A,6e8ec08b46.jpg,0.8430265698295527,0.33564788
B2A,6e924c87a3.jpg,0.7149650650213045,0.31462973
B2A,6e9f6935ce.jpg,0.7990272325789001,0.35386276
B2A,6ea4aef23e.jpg,0.7912460134348711,0.30145887
B2A,6ebd91c7e5.jpg,0.7869085527833779,0.5130396
B2A,6ebfe9870b.jpg,0.6805072987708845,0.3447277
B2A,6ec425bb69.jpg,0.7252893956364356,0.48159966
B2A,6ecc2d49cf.jpg,0.7227684322871717,0.28965572
B2A,6ed8cb6c73.jpg,0.8571943042771637,0.15374902
B2A,6edee61a9e.jpg,0.5723388473679255,0.41784155
B2A,6ee301dfa6.jpg,0.779153261238272,0.35827926
B2A,6ee4e3cfa0.jpg,0.626137857929369,0.40325496
B2A,6ee582ddd3.jpg,0.8257024228195667,0.43382412
B2A,6ef0e038c4.jpg,0.7241508082872968,0.41329154
B2A,6efbef83a2.jpg,0.720006642387597,0.33968228
B2A,6f28a81391.jpg,0.689208766555612,0.43666047
B2A,6f2bf952a9.jpg,0.790029113812844,0.2695827
B2A,6f40f67816.jpg,0.8342359122699337,0.26540574
B2A,6f48326e10.jpg,0.8078377515628437,0.48242795
B2A,6f48f32192.jpg,0.817715095148295,0.4194159
B2A,6f5bf1e36c.jpg,0.7276804973604434,0.4912965
B2A,6f5ef8ad57.jpg,0.8701187595640071,0.35231292
B2A,6f68219972.jpg,0.6929382761089882,0.61069524
B2A,6f6d82abff.jpg,0.5280785414816369,0.4005327
B2A,6f7564d1a0.jpg,0.8162921249591026,0.5309858
B2A,6f77237bfc.jpg,0.5292866938380394,0.48199308
B2A,6f8cb591c0.jpg,0.8468934250214374,0.43617928
B2A,6f8d0b8187.jpg,0.5828381345478583,0.6345618
B2A,6f8e3c9a8b.jpg,0.8653595771605322,0.2676609
B2A,6f923ef327.jpg,0.8126211156558135,0.40169057
B2A,6f947d7eac.jpg,0.6214645211288744,0.47202092
B2A,6fadc7344f.jpg,0.8979593376087995,0.2832116
B2A,6fc20169b5.jpg,0.7242520893826976,0.57825273
B2A,6fc42ec979.jpg,0.8267769394865566,0.28845328
B2A,6fc6fa664f.jpg,0.8810327804301273,0.40191978
B2A,6fd27b0261.jpg,0.9175982184483248,0.31022152
B2A,6fd58bb7ed.jpg,0.7379306441093676,0.38340923
B2A,6fd674c2bc.jpg,0.757559550690624,0.57253855
B2A,6feaf858bb.jpg,0.5940268837238133,0.4724787
B2A,6ff650cc01.jpg,0.9276367797561963,0.14828126
B2A,6ff926036b.jpg,0.6257740412376565,0.41067985
B2A,7007638c04.jpg,0.8554193369872445,0.22516787
B2A,7018cf5472.jpg,0.8239719248134504,0.21107961
B2A,7023e05153.jpg,0.46034003329180195,0.58505076
B2A,7041df8f8d.jpg,0.7548074063829238,0.39640197
B2A,7048682787.jpg,0.7045990608271512,0.4347664
B2A,7056c4d0c9.jpg,0.8084520767218606,0.4196971
B2A,7058938d2d.jpg,0.6536834217031692,0.43027458
B2A,70688893ff.jpg,0.7902087474976421,0.35373825
B2A,7095de0c05.jpg,0.6595470196761131,0.5293585
B2A,709c87be1e.jpg,0.7080318815760345,0.47264558
B2A,70a6584991.jpg,0.8739344386875395,0.27698374
B2A,70adc33191.jpg,0.8462257206231936,0.37315044
B2A,70b1293521.jpg,0.3562236424585013,0.6735794
B2A,70bbdc328b.jpg,0.8264767025155318,0.4937554
B2A,70bfad4fb3.jpg,0.8788394697356833,0.27042505
B2A,70c35d97fa.jpg,0.7662106114392773,0.68194175
B2A,70c4ba13c5.jpg,0.7020492343202558,0.40158448
B2A,70c5926990.jpg,0.7616930786641638,0.36803997
B2A,70d01a9f18.jpg,0.77986839865347,0.40133157
B2A,70d2dd3347.jpg,0.8078793667014853,0.5104109
B2A,70e1a9d5d0.jpg,0.780152228646008,0.3631227
B2A,70f83908f4.jpg,0.6208718800973493,0.5435993
B2A,710afec54e.jpg,0.863153502790885,0.36842707
B2A,710dddaa53.jpg,0.8384546632583532,0.24332353
B2A,710ff8d371.jpg,0.7271318124269209,0.38923413
B2A,711bdf7e70.jpg,0.8454043025496697,0.25875202
B2A,711e41a40a.jpg,0.7909282351205278,0.52343637
B2A,7124e69590.jpg,0.8527867992164174,0.28147745
B2A,7128cb2ee3.jpg,0.6083391800279428,0.53134024
B2A,7140fb929c.jpg,0.8917163499529158,0.30712467
B2A,714de5bcda.jpg,0.6961689230162132,0.55146325
B2A,716437e0a0.jpg,0.6623116381561062,0.4976046
B2A,71697466d8.jpg,0.8779677854924928,0.27058974
B2A,716981b92d.jpg,0.8616366326254918,0.32731417
B2A,717bc1fc72.jpg,0.5929512508508028,0.6241809
B2A,718b15a998.jpg,0.8776666584922171,0.2170848
B2A,71990c1992.jpg,0.8663569587858259,0.31318966
B2A,71a1688eec.jpg,0.7616965046769479,0.49379474
B2A,71ab7757d1.jpg,0.7901439049279639,0.19172677
B2A,71b9dfc246.jpg,0.7415181273898146,0.31185126
B2A,71c9f21e69.jpg,0.8717233379929915,0.3499101
B2A,71cd818b43.jpg,0.7329986883346599,0.25241005
B2A,71cde4e6b9.jpg,0.7853556042660018,0.37956426
B2A,71d0f6d808.jpg,0.6737640847790022,0.38950846
B2A,71d92823a7.jpg,0.8464378253790766,0.35159987
B2A,71e2160bc2.jpg,0.8332773951197195,0.3340013
B2A,71eb79bec9.jpg,0.7513478224734412,0.2797664
B2A,71f375fd61.jpg,0.8329691681186351,0.3279552
B2A,71f38526e3.jpg,0.7271368620124534,0.41729116
B2A,71f84e59d9.jpg,0.5515509962159718,0.44393045
B2A,71fbc6fd17.jpg,0.6800696080445804,0.45559484
B2A,71feaf01d5.jpg,0.7246688303455688,0.4930699
B2A,720358ea9a.jpg,0.8059601506796391,0.3812162
B2A,7207f4dfb5.jpg,0.7670740872230938,0.4799555
B2A,720b03538d.jpg,0.7959649207306145,0.29707256
B2A,720b65616c.jpg,0.7323307749785493,0.3755462
B2A,720b79fcc2.jpg,0.5359113738184664,0.59768456
B2A,721f26a1d5.jpg,0.5055784309787348,0.8069084
B2A,721fb86cc5.jpg,0.5289019543365788,0.5772939
B2A,7226160b9d.jpg,0.8431491919664837,0.29128462
B2A,722cb1e56d.jpg,0.8489267898109085,0.23858881
B2A,7232765c25.jpg,0.8185555004768289,0.32851622
B2A,723451df4f.jpg,0.735198848816421,0.39404655
B2A,7234b91e34.jpg,0.8139696062366043,0.42322785
B2A,7237fc1604.jpg,0.8475644582099449,0.3069023
B2A,723d373aa3.jpg,0.648513295212686,0.42572933
B2A,7241d2c3d9.jpg,0.8088011479482167,0.31115186
B2A,7261ec35d2.jpg,0.7664203491424711,0.41654125
B2A,72669a9943.jpg,0.8087203372298507,0.32456768
B2A,72812baf6e.jpg,0.7262266888993933,0.39286503
B2A,7283cfab05.jpg,0.7579640718042168,0.57134575
B2A,728ea2432b.jpg,0.6998398713864071,0.5045336
B2A,7293694fa1.jpg,0.7844855063041348,0.38346323
B2A,72984fac2b.jpg,0.7975183527760024,0.32843965
B2A,72a4736675.jpg,0.6183658674038628,0.3413368
B2A,72a601d8f0.jpg,0.7363478227141158,0.32505652
B2A,72c7727920.jpg,0.7655812889325152,0.35194713
B2A,72d3a41349.jpg,0.7882289382738524,0.43440992
B2A,72d466fe84.jpg,0.7069316987800612,0.43378413
B2A,72e16d5fbd.jpg,0.7496838555712111,0.35581985
B2A,72e448ba0d.jpg,0.5862064684432394,0.5033889
B2A,72f617be7d.jpg,0.8465532972407576,0.56224215
B2A,730f4d3c17.jpg,0.7914278214579284,0.42338538
B2A,7310d880f1.jpg,0.7569122215468913,0.43367988
B2A,731ebe59e9.jpg,0.587382005713756,0.4271602
B2A,73222f682f.jpg,0.8788920560682175,0.37509683
B2A,73256f9bc4.jpg,0.9191073838958528,0.37258357
B2A,7325a1d7d0.jpg,0.6342262496033141,0.80444175
B2A,732a9c8c6b.jpg,0.6876844525298306,0.41866118
B2A,732becb4d6.jpg,0.6848172662060144,0.48561186
B2A,7333f63f5c.jpg,0.896052275938929,0.21437117
B2A,7336afe63d.jpg,0.8276682780425598,0.3357012
B2A,73433b9176.jpg,0.8402606715744388,0.34667787
B2A,7347d4c64e.jpg,0.7996963045092885,0.20925313
B2A,734c1c2cb7.jpg,0.8667466582878596,0.2570235
B2A,734f9967b1.jpg,0.739165896094976,0.34565958
B2A,7354bcca29.jpg,0.7101910201370342,0.3868237
B2A,736aca548d.jpg,0.8248823039478657,0.3895519
B2A,73849ee3fd.jpg,0.8081189768270838,0.2270111
B2A,7386076f73.jpg,0.8277546119633119,0.2776782
B2A,738cc4553d.jpg,0.9182472987540534,0.2593037
B2A,739659d0c4.jpg,0.794378155407433,0.368622
B2A,739b765f02.jpg,0.7131388555445035,0.42638248
B2A,73a7bab2d5.jpg,0.682563665886143,0.51066345
B2A,73ae5bd0e4.jpg,0.8193072121088025,0.21581511
B2A,73b60d1a3f.jpg,0.8957754445687185,0.3504187
B2A,73bc721c0c.jpg,0.7126440237091104,0.3734624
B2A,73bdd8ab24.jpg,0.7984807210556013,0.32129416
B2A,73c083aefc.jpg,0.7707639010906148,0.29618984
B2A,73d0951809.jpg,0.7799248594852431,0.3966199
B2A,73d23b9664.jpg,0.7663743778838475,0.28793952
B2A,73e426eb88.jpg,0.6275480103102864,0.45513254
B2A,73eb34dde6.jpg,0.8019224350068627,0.32042524
B2A,73eed9e6c8.jpg,0.7674146415362588,0.29002878
B2A,73effc2726.jpg,0.778725294945838,0.35579172
B2A,73f1c501ae.jpg,0.8831415531183503,0.38316697
B2A,73ffa6505c.jpg,0.825093444222423,0.23320901
B2A,740e5eeb86.jpg,0.799301184031813,0.5729575
B2A,74342f9fbe.jpg,0.8560406686365196,0.32624412
B2A,743d265ef2.jpg,0.7406073776950874,0.37704554
B2A,7444113e88.jpg,0.7957698384681318,0.29231194
B2A,7448a942f2.jpg,0.8516170866875463,0.35917404
B2A,7450949ae7.jpg,0.8131633125996689,0.33154342
B2A,745612e6f4.jpg,0.7339094548020955,0.3749483
B2A,745d4137b7.jpg,0.8276573615416173,0.24797432
B2A,746f2cd1d2.jpg,0.8672573916746161,0.282609
B2A,74875545e6.jpg,0.8057449252424295,0.36726254
B2A,748d5a0ab8.jpg,0.7432734686616317,0.32661372
B2A,748e1a440c.jpg,0.829851414859276,0.278683
B2A,7491908057.jpg,0.7714893377141331,0.2831019
B2A,749222e6d6.jpg,0.7801553418845929,0.25049925
B2A,74a47c4bf0.jpg,0.8900157149547198,0.27742067
B2A,74a537f1c6.jpg,0.7050876279131022,0.36038005
B2A,74aea007fa.jpg,0.6539555970492759,0.38048774
B2A,74c1b398ad.jpg,0.9492377445422677,0.19415304
B2A,74cc091e10.jpg,0.7479643570030896,0.49223274
B2A,74d0ac959c.jpg,0.7582800404950808,0.42765963
B2A,74d406c90e.jpg,0.5311694227410633,0.33932257
B2A,74e1d0f495.jpg,0.8776468687032579,0.307123
B2A,74f3bf7113.jpg,0.7040476866165841,0.32276976
B2A,74f3c01037.jpg,0.8426185786321456,0.2945609
B2A,74f46669b2.jpg,0.669867600087369,0.5339427
B2A,7500111c43.jpg,0.7404020981475247,0.31070405
B2A,750111ec4f.jpg,0.7237778378408428,0.42026317
B2A,7504776c00.jpg,0.8893010141088297,0.22480677
B2A,750d38f7fb.jpg,0.7779544903109519,0.54043
B2A,7517680fdc.jpg,0.5942282534254044,0.605455
B2A,7524651de3.jpg,0.6376916036035527,0.35249212
B2A,7533dedc3a.jpg,0.652083335982416,0.45215288
B2A,7542d63fe4.jpg,0.8215978972666882,0.27513623
B2A,754324f8f4.jpg,0.7740257810466709,0.20874506
B2A,7550e074f1.jpg,0.7051801111221183,0.4035486
B2A,7552fc948e.jpg,0.8563291067716118,0.3803662
B2A,7556df8481.jpg,0.5648068128830456,0.41535416
B2A,755af1c3a4.jpg,0.775133014085145,0.38665527
B2A,7567cc9f18.jpg,0.7691004305585845,0.30930656
B2A,756f63c794.jpg,0.7630797229008236,0.29851267
B2A,7571b0e8bb.jpg,0.8242866953970219,0.32599565
B2A,75720815fb.jpg,0.8040004508506604,0.575773
B2A,7588e6d09e.jpg,0.7643218416673998,0.31159568
B2A,75942c4668.jpg,0.7183708885158745,0.4178459
B2A,7594f0f494.jpg,0.5914202559708115,0.24009876
B2A,75979a026b.jpg,0.8118299527600913,0.33990917
B2A,759dcb713c.jpg,0.4641250865963067,0.49163738
B2A,75aafd3f82.jpg,0.7498247676863733,0.46016178
B2A,75ae690a9b.jpg,0.734334389166798,0.42891994
B2A,75aeffdcf8.jpg,0.6934937502645135,0.40815818
B2A,75b200e2f2.jpg,0.6426899572034473,0.35971528
B2A,75c89b8f5e.jpg,0.7553035590466253,0.35762918
B2A,75c92b7fca.jpg,0.803070859009662,0.28404626
B2A,75ce72e60d.jpg,0.8666767465270963,0.2516266
B2A,761d963561.jpg,0.8073533302182286,0.30184805
B2A,7622bccb99.jpg,0.8880994031086623,0.27862287
B2A,76354e710e.jpg,0.5793248385047284,0.41992393
B2A,76461faf34.jpg,0.814285467975816,0.3228925
B2A,7659aebdef.jpg,0.7055796085314502,0.4913342
B2A,7664753e1a.jpg,0.7264368649392643,0.38694042
B2A,76665f40b9.jpg,0.8304010787912767,0.3849922
B2A,7669df8ee6.jpg,0.817122083911722,0.2908128
B2A,7679305237.jpg,0.8894885152827176,0.29899162
B2A,768650ced7.jpg,0.8562440367707388,0.43648645
B2A,7689871557.jpg,0.7358582693664127,0.2568967
B2A,768c95d325.jpg,0.7761627341455127,0.33432427
B2A,76916c1438.jpg,0.45847632883850004,0.47188848
B2A,76a03653aa.jpg,0.8601224716034845,0.30711418
B2A,76a510b033.jpg,0.7155275393467301,0.5485021
B2A,76a75521fa.jpg,0.6176434249817278,0.51990896
B2A,76b398536a.jpg,0.7820117283794168,0.48039487
B2A,76c2eea825.jpg,0.840546021103995,0.3405641
B2A,76ceecc865.jpg,0.7506215530537445,0.34793708
B2A,76edc30013.jpg,0.7013254261527275,0.45879582
B2A,76ef022161.jpg,0.7947411017089242,0.3294725
B2A,76f978fec2.jpg,0.6921689738271909,0.4513771
B2A,7703813883.jpg,0.7494543081246596,0.5478323
B2A,77102d5829.jpg,0.8116084996940868,0.47764105
B2A,7727666e8d.jpg,0.7762202513149805,0.35666114
B2A,772787cb7c.jpg,0.8715825717855721,0.2591428
B2A,7729898908.jpg,0.6603866585504897,0.4489717
B2A,774082dd9e.jpg,0.7629043758978699,0.22038245
B2A,77419070a6.jpg,0.7033740122556249,0.42590198
B2A,774f853b60.jpg,0.746173247173968,0.31042805
B2A,7750286d66.jpg,0.8012806612447035,0.36335427
B2A,77573ba17e.jpg,0.8558243380930558,0.21783693
B2A,7759594268.jpg,0.785661554165543,0.39220017
B2A,776a168a2e.jpg,0.743151118482467,0.34273362
B2A,776b0e0213.jpg,0.7716009997824836,0.27596647
B2A,776dbabcb1.jpg,0.7596904197131511,0.39134982
B2A,776e857956.jpg,0.797736331683693,0.23798707
B2A,77740b1ba2.jpg,0.7025341825195991,0.3207267
B2A,777e0d9afc.jpg,0.6753948032305646,0.36927572
B2A,777f896f3b.jpg,0.8094336995739901,0.3474847
B2A,778a55d424.jpg,0.7649239367140059,0.47579208
B2A,77a2df3751.jpg,0.7205318103603395,0.2906279
B2A,77a6d1f419.jpg,0.7795697199027971,0.39504138
B2A,77b1ed8168.jpg,0.9032617806341278,0.33373287
B2A,77b8c928ae.jpg,0.8434992161158081,0.2573413
B2A,77c637c87c.jpg,0.7822279482937173,0.37318763
B2A,77c63d6765.jpg,0.9098389516271645,0.3232628
B2A,77cc149318.jpg,0.6267503004992896,0.5823963
B2A,77d268dafa.jpg,0.7849235604725759,0.30167028
B2A,77d27a89f3.jpg,0.7524099717266446,0.35301858
B2A,77d554c049.jpg,0.8186945581957352,0.28309494
B2A,77d9910a45.jpg,0.8247980949412863,0.27183366
B2A,77dcb3f91c.jpg,0.7168050886663432,0.48944122
B2A,77e77fd4d9.jpg,0.7549343473940001,0.4519809
B2A,77e82445c9.jpg,0.8649024308622725,0.3241108
B2A,7801bb9581.jpg,0.47209735349936616,0.6235629
B2A,7805d03ce4.jpg,0.7460929888141457,0.36519817
B2A,7807bdaae8.jpg,0.7112504476265207,0.5416175
B2A,781764cd26.jpg,0.6221022498629274,0.43527192
B2A,78216eacbb.jpg,0.7771689486435176,0.3785373
B2A,78233f97ed.jpg,0.7527682255650517,0.30688566
B2A,7827929b12.jpg,0.6029002561926606,0.43579477
B2A,7828416c2b.jpg,0.8265106704380232,0.2678265
B2A,7838b0b023.jpg,0.8142469714033734,0.274632
B2A,7870db5306.jpg,0.8643132627543547,0.20401242
B2A,7881e712fb.jpg,0.5183790064281886,0.5202827
B2A,7885b18fe7.jpg,0.6383822670710703,0.4899814
B2A,7885f87ccd.jpg,0.8102470672685219,0.33906755
B2A,788782c439.jpg,0.6044162520279618,0.44218978
B2A,7888781c57.jpg,0.6844594232977971,0.46428114
B2A,788e9005c2.jpg,0.7593290588332059,0.41969907
B2A,78969b7789.jpg,0.7319462663153582,0.40974435
B2A,789c663ce2.jpg,0.878588623126729,0.22123466
B2A,789d474691.jpg,0.6977464948155838,0.21244967
B2A,789fe43c3b.jpg,0.7499766554839089,0.31895187
B2A,78b260b084.jpg,0.575114379445433,0.44142678
B2A,78b3c9e843.jpg,0.7713233468054432,0.35600156
B2A,78b7b08af3.jpg,0.6837762487859349,0.38023323
B2A,78ba4238cb.jpg,0.8355260851979257,0.22990449
B2A,78ce4c4608.jpg,0.6216978341447217,0.21201766
B2A,78d517ae49.jpg,0.8071246299874366,0.48886225
B2A,78f2b2e678.jpg,0.7925296707761218,0.36724788
B2A,78f6992d04.jpg,0.7030586016484962,0.53077775
B2A,78fcba3055.jpg,0.7643208292680205,0.48094618
B2A,79109e8c61.jpg,0.7585605675703071,0.4012369
B2A,7913d3ab4b.jpg,0.637044645768952,0.48373553
B2A,7926b2a5bd.jpg,0.742786903044991,0.32340252
B2A,79419a7227.jpg,0.8259284456329596,0.24960512
B2A,7965d8c651.jpg,0.7974205554963831,0.40061265
B2A,796c7e723b.jpg,0.8563594747777161,0.27182457
B2A,79733e8783.jpg,0.8213126519185779,0.31265467
B2A,797adf61af.jpg,0.8882555286416187,0.28854436
B2A,797e703d91.jpg,0.6182310328706854,0.43338627
B2A,7980d5b29a.jpg,0.8145756276500953,0.27074054
B2A,7981b8e217.jpg,0.86231916494367,0.32630488
B2A,799d7e401d.jpg,0.6453799192514563,0.43326586
B2A,79a49efeb3.jpg,0.864121579847892,0.35962328
B2A,79a5164707.jpg,0.7774092442836589,0.38689053
B2A,79ab6fdc8e.jpg,0.8281896468442371,0.2606557
B2A,79b9d8bfb5.jpg,0.7460464410599033,0.43168253
B2A,79c459542d.jpg,0.7808916626892561,0.33933058
B2A,79dc9b3fc8.jpg,0.841398336840169,0.34630534
B2A,79dd5cd9b8.jpg,0.8335770417442478,0.42933002
B2A,79e4e783df.jpg,0.8595674151165675,0.23354903
B2A,79f08e8403.jpg,0.8052751361190936,0.41724804
B2A,7a06011cda.jpg,0.8124309125720742,0.27548367
B2A,7a16ecde25.jpg,0.7969543326892587,0.3386892
B2A,7a21514dd6.jpg,0.5565243255363769,0.3968109
B2A,7a235d7c2e.jpg,0.7854283381767796,0.24515063
B2A,7a317ade8c.jpg,0.6593219759246424,0.39637882
B2A,7a384aae43.jpg,0.8608953610849582,0.30293974
B2A,7a41220ce3.jpg,0.7859151389853017,0.36773416
B2A,7a4248c339.jpg,0.8292090689241872,0.41226432
B2A,7a4936b4d3.jpg,0.8308500203031873,0.2583733
B2A,7a50f1f877.jpg,0.8455904657957599,0.26142612
B2A,7a672fc939.jpg,0.8489809013532299,0.26709676
B2A,7a67d01ecb.jpg,0.7801985478194452,0.29977962
B2A,7a790425a3.jpg,0.7602775840159393,0.31133538
B2A,7a7c8a41da.jpg,0.8085148263996377,0.3609255
B2A,7a7c978501.jpg,0.658907054817113,0.6214904
B2A,7a89081006.jpg,0.8594850398604024,0.2555918
B2A,7a92dc3b48.jpg,0.817184213270763,0.36906648
B2A,7a938425d7.jpg,0.5760661104536479,0.58234346
B2A,7a9c9957a2.jpg,0.8473538241838887,0.44264483
B2A,7adce96691.jpg,0.6654524419125368,0.34443033
B2A,7ade5f17b6.jpg,0.8974001233222341,0.40161037
B2A,7ae14d0df4.jpg,0.8788778565384128,0.31571242
B2A,7ae24e7c92.jpg,0.719596400626583,0.49523807
B2A,7ae27065e4.jpg,0.5592273337907822,0.581875
B2A,7aec020dba.jpg,0.7811964498756329,0.28439674
B2A,7aef765d7c.jpg,0.8579172054534039,0.23261768
B2A,7afb68c270.jpg,0.7771910310180429,0.37735417
B2A,7b2c14d64c.jpg,0.7556040146644735,0.44143805
B2A,7b2df8fad8.jpg,0.6747264816522928,0.4581286
B2A,7b2e948dd2.jpg,0.9000764092262683,0.3857331
B2A,7b38a10760.jpg,0.8695477175784099,0.27745262
B2A,7b3dcfc234.jpg,0.741009681503623,0.38516256
B2A,7b42fe0738.jpg,0.7442474942070748,0.4373321
B2A,7b4f952cda.jpg,0.8855194356748666,0.25813508
B2A,7b563f3da5.jpg,0.7806579741646206,0.3406742
B2A,7b58d64ffe.jpg,0.699666608752228,0.570771
B2A,7b6c956002.jpg,0.7927008736776652,0.29002932
B2A,7b78d025c5.jpg,0.8032861299393815,0.49546498
B2A,7b7a60c254.jpg,0.7234600414998266,0.3045329
B2A,7b7def398f.jpg,0.8068228004605204,0.35294473
B2A,7b8226f09f.jpg,0.8148394000245059,0.5054817
B2A,7b8bc9e046.jpg,0.6517523865064112,0.662282
B2A,7b8e783020.jpg,0.566017754808014,0.45745078
B2A,7b95afc20a.jpg,0.8369816463397658,0.26549137
B2A,7b9b6563a7.jpg,0.7854935859176156,0.49589118
B2A,7bb4e1593a.jpg,0.637069424139064,0.38696212
B2A,7bb60f2e2d.jpg,0.700178610654254,0.42668346
B2A,7bbd0f8f52.jpg,0.9230086563238454,0.2938962
B2A,7bc83c1b56.jpg,0.8828279729192791,0.18195832
B2A,7bdf9996ea.jpg,0.8488928615533958,0.3834979
B2A,7be0db443f.jpg,0.7831919633359863,0.32791772
B2A,7be0dc51f4.jpg,0.7878786424703171,0.36016586
B2A,7be0f69dcb.jpg,0.7076891360439239,0.34533754
B2A,7bf5288c2b.jpg,0.7098912781047143,0.39274663
B2A,7c008f564f.jpg,0.6061232740554905,0.3023277
B2A,7c0124f967.jpg,0.8878308916948044,0.24192064
B2A,7c0461f641.jpg,0.8046937942202017,0.36491925
B2A,7c049eff70.jpg,0.8251962209754856,0.32965225
B2A,7c0c7a783b.jpg,0.6522541617861529,0.36881325
B2A,7c0d9a98f6.jpg,0.626469353242442,0.47422463
B2A,7c10f3f57f.jpg,0.7656640007815612,0.43398353
B2A,7c1125ebeb.jpg,0.7299856298228063,0.36632138
B2A,7c1218f676.jpg,0.6481612034101553,0.50007534
B2A,7c15235fb8.jpg,0.8486918251988532,0.46074763
B2A,7c156b004d.jpg,0.7954904250195282,0.41976762
B2A,7c1d7c9aa3.jpg,0.7964333743268452,0.27760682
B2A,7c1f2ef952.jpg,0.8373562742727735,0.28318596
B2A,7c1fcdc180.jpg,0.8171690047862035,0.38945058
B2A,7c25e34189.jpg,0.687262968898198,0.45960855
B2A,7c384a7ede.jpg,0.7013370717672684,0.578448
B2A,7c3b2c256c.jpg,0.5425923509023624,0.60977864
B2A,7c3ee3e388.jpg,0.8127406530798613,0.24221551
B2A,7c3fbdac59.jpg,0.6887082773506153,0.37432477
B2A,7c4766fb03.jpg,0.8575182705020211,0.3411344
B2A,7c5d962322.jpg,0.8079070793060048,0.5080501
B2A,7c63c281ef.jpg,0.7232426848856539,0.41112778
B2A,7c68ca1865.jpg,0.8239745115728762,0.31126162
B2A,7c68ccf32f.jpg,0.7455177544679636,0.40784833
B2A,7c6ab18691.jpg,0.4753092414615096,0.65494764
B2A,7c6cf5181a.jpg,0.8001530110414858,0.38140404
B2A,7c79a1e83e.jpg,0.7692192500659546,0.33751833
B2A,7c872ca222.jpg,0.6439714269756611,0.54037535
B2A,7c955126e8.jpg,0.720659416774964,0.52123743
B2A,7c9a4f10b2.jpg,0.7202405605156068,0.32545984
B2A,7c9af80795.jpg,0.7604949001018022,0.49217176
B2A,7cb0522881.jpg,0.711721326125482,0.5668261
B2A,7cb0db442a.jpg,0.882149120660641,0.3355618
B2A,7cb82fa990.jpg,0.8052354872806866,0.38362944
B2A,7cbf0363dd.jpg,0.7830936900447218,0.41251847
B2A,7cc41853c4.jpg,0.7790778411366048,0.26419556
B2A,7ccec75d11.jpg,0.7167945885247435,0.27326593
B2A,7cd2ad5db4.jpg,0.7532055052417599,0.31091347
B2A,7cd7629560.jpg,0.7737624353418157,0.40684342
B2A,7cda318854.jpg,0.6918412915393093,0.37394723
B2A,7cdd5a8c97.jpg,0.7125162288935111,0.46588218
B2A,7ce956f84e.jpg,0.9024542985212997,0.22147779
B2A,7cf3257fe1.jpg,0.74099353189387,0.28288484
B2A,7cf972ca4e.jpg,0.651727762700372,0.3579055
B2A,7d0b63d4d1.jpg,0.81688798729339,0.37879378
B2A,7d11bc4bb1.jpg,0.8701623934132249,0.26028574
B2A,7d14ae2c83.jpg,0.8355407479062301,0.4875809
B2A,7d1867e979.jpg,0.7022546917098355,0.34833974
B2A,7d33e5e3ac.jpg,0.8491807945176839,0.30678338
B2A,7d3556655c.jpg,0.6784545380333551,0.4269968
B2A,7d438b5b3e.jpg,0.8001556366579209,0.36006293
B2A,7d4e10f395.jpg,0.8611277909964014,0.26013526
B2A,7d65234f6f.jpg,0.526129953489362,0.5562289
B2A,7d696fbb2f.jpg,0.7257848657168596,0.4176462
B2A,7d6dc43485.jpg,0.8253085129984461,0.28992677
B2A,7d71d359f0.jpg,0.7557693451417418,0.28235227
B2A,7d72c4ba28.jpg,0.8399454535317075,0.41757768
B2A,7d7556d1dd.jpg,0.7928622966328993,0.36985737
B2A,7d7d58cea7.jpg,0.5915013228047556,0.5289621
B2A,7d8abbfdbd.jpg,0.810361863927271,0.39670077
B2A,7d940c442d.jpg,0.8293807792117823,0.3964396
B2A,7d95240653.jpg,0.7787706599707003,0.503184
B2A,7da4680104.jpg,0.7748249304190211,0.41880125
B2A,7db236abe0.jpg,0.5940135790255666,0.65826064
B2A,7dca327fe8.jpg,0.7572440596135555,0.5504281
B2A,7dcb0d04e3.jpg,0.8222678716942695,0.42878854
B2A,7dd8b4a45b.jpg,0.4585742157803548,0.72122204
B2A,7de01293ea.jpg,0.7699199975959379,0.4576357
B2A,7dfb072885.jpg,0.8002518403483219,0.3572675
B2A,7e2519dcf1.jpg,0.6132638569723998,0.51732635
B2A,7e26c9f22d.jpg,0.7456965947208087,0.30018395
B2A,7e2ad883dd.jpg,0.760407159049237,0.44869253
B2A,7e2e2533ee.jpg,0.8575061477184664,0.29218304
B2A,7e304fd432.jpg,0.7229260870489941,0.2545207
B2A,7e37685707.jpg,0.7458811242836232,0.28436157
B2A,7e3c9753d2.jpg,0.7238391426553246,0.40004814
B2A,7e6b458841.jpg,0.7632533229647933,0.3952682
B2A,7e77e7ff01.jpg,0.8078992636150019,0.38248643
B2A,7e83030c67.jpg,0.8338322309333362,0.3410885
B2A,7e838e4c19.jpg,0.612694450361428,0.68759704
B2A,7e889d8813.jpg,0.6289214937995142,0.47193524
B2A,7e8e158ba5.jpg,0.6903347777177332,0.43927324
B2A,7e91553d4c.jpg,0.6417657703858681,0.5579276
B2A,7e947e8473.jpg,0.641837792454835,0.38549674
B2A,7ea12ecf5b.jpg,0.7608097888258436,0.28290814
B2A,7ea8555873.jpg,0.5251251363302719,0.5558505
B2A,7eb9a0d805.jpg,0.7379683876339828,0.43521985
B2A,7ebc0b2351.jpg,0.7452036641556604,0.3192927
B2A,7ebcd7c679.jpg,0.6439684037819592,0.43564487
B2A,7ec20e8b9a.jpg,0.6394543322635388,0.3533841
B2A,7ede634def.jpg,0.6905109856685363,0.52056795
B2A,7edf7ca60d.jpg,0.5691219216498945,0.7141496
B2A,7ef4f1446b.jpg,0.8232433607081371,0.35501254
B2A,7f019e5373.jpg,0.7831713502294502,0.31681332
B2A,7f02d9fa8f.jpg,0.6978645986582142,0.63640934
B2A,7f12c1cca1.jpg,0.8585907776745183,0.38121128
B2A,7f299427bb.jpg,0.6945706715937815,0.35546428
B2A,7f324200d3.jpg,0.739272996199431,0.5592587
B2A,7f43e66a43.jpg,0.8046238630218314,0.42265722
B2A,7f4e8f04c5.jpg,0.678195027624305,0.46943736
B2A,7f59dbd120.jpg,0.8513128120697319,0.31103647
B2A,7f60fd12e1.jpg,0.8513299814621639,0.18837956
B2A,7f640e04dc.jpg,0.7272380162501161,0.35755324
B2A,7f78a7aa8c.jpg,0.8080560847220343,0.3722197
B2A,7f7f9dcc20.jpg,0.8747017276703736,0.19801113
B2A,7f9ac1520f.jpg,0.7369803666655692,0.27565733
B2A,7fa151a456.jpg,0.6236518262541998,0.39892066
B2A,7fa2d1f946.jpg,0.7966757328733525,0.3409926
B2A,7fa318179b.jpg,0.7779942106863436,0.37475845
B2A,7fa6e56ff7.jpg,0.8379757282355977,0.33242196
B2A,7fb0f42377.jpg,0.7700676480372083,0.42606717
B2A,7fb171451a.jpg,0.6188026161424249,0.59317136
B2A,7fb1cad955.jpg,0.7008822967016657,0.25939155
B2A,7fb9eff147.jpg,0.7977768619985494,0.32263148
B2A,7fc9c15d6c.jpg,0.7097747668046517,0.28896314
B2A,7fd24aaafe.jpg,0.694366537592092,0.43999043
B2A,7fe10b4018.jpg,0.7571960791782443,0.4527809
B2A,7fe3df6004.jpg,0.7371688246691128,0.2925425
B2A,7ff003370d.jpg,0.6733279817689979,0.35902253
B2A,7ff8dfa2ee.jpg,0.7890654417110022,0.38588506
B2A,7ffc13fa6c.jpg,0.643741985427296,0.6838446
B2A,80056780a6.jpg,0.9059232532569975,0.27458557
B2A,802eeb0575.jpg,0.8230217223764649,0.3381789
B2A,803918db32.jpg,0.9035631784559032,0.2940501
B2A,803cdfa30d.jpg,0.6366948050654887,0.5443949
B2A,8040facbe6.jpg,0.7567089756461817,0.3245572
B2A,80504a22b9.jpg,0.819606800840901,0.48332667
B2A,805cc692e2.jpg,0.7046247600210106,0.45651972
B2A,805d252a48.jpg,0.8441986370254265,0.35475284
B2A,806723cc78.jpg,0.8278616884513352,0.2296964
B2A,806806cb9a.jpg,0.8174440657856638,0.42254925
B2A,806bcffeb8.jpg,0.8622219626387488,0.25766885
B2A,807412a8c6.jpg,0.7718734878479339,0.51959443
B2A,80ae498dc4.jpg,0.7270072210495158,0.35168
B2A,80bdb3ebb3.jpg,0.8940897819133098,0.22699663
B2A,80c662984e.jpg,0.6743049361407925,0.30138558
B2A,80c7bd98c6.jpg,0.8698517550789913,0.23077255
B2A,80cb714bef.jpg,0.8402717341690233,0.6560176
B2A,80e9db68d7.jpg,0.6972497054090626,0.41624165
B2A,80f21f8d80.jpg,0.7964091713588749,0.3260883
B2A,80f94c28a2.jpg,0.6407847575131239,0.51797307
B2A,80f9a9d388.jpg,0.5721912312558718,0.42815945
B2A,8101ece7f2.jpg,0.7571560345991836,0.34046513
B2A,8102f2aa02.jpg,0.9182284666021324,0.21309483
B2A,8107391f58.jpg,0.764093708843848,0.3771854
B2A,81167cf39f.jpg,0.8051457900134522,0.31184858
B2A,811d974e6d.jpg,0.8363763691980328,0.51017505
B2A,811f8878b8.jpg,0.8139837706958992,0.44924575
B2A,81212b5fb3.jpg,0.7120030172833153,0.4698462
B2A,812c304d83.jpg,0.6708471262424563,0.63141066
B2A,81389aa2a9.jpg,0.8794337795010374,0.24784876
B2A,81598667e6.jpg,0.7119737533040891,0.38480276
B2A,8159e774de.jpg,0.7868057698346382,0.44378248
B2A,815a938f69.jpg,0.8646313509358211,0.22397321
B2A,815ab85a6e.jpg,0.668644172001431,0.35905167
B2A,816320a79c.jpg,0.7388742570358581,0.520635
B2A,816941fe05.jpg,0.8280711013569247,0.34963012
B2A,816cf329c2.jpg,0.7907410730503396,0.27213693
B2A,8173072883.jpg,0.7724134091889943,0.3749471
B2A,817699d6f7.jpg,0.8037534092231394,0.4009282
B2A,8178110f5e.jpg,0.7613533535277699,0.29611135
B2A,8195d86c30.jpg,0.8933295592199637,0.33004346
B2A,819ced9dae.jpg,0.8699271726870536,0.2590244
B2A,81a3f846ba.jpg,0.9235670137062195,0.31131858
B2A,81a5890567.jpg,0.617853033843208,0.32756642
B2A,81ac7dcf8c.jpg,0.7549230076991419,0.32297385
B2A,81acc80772.jpg,0.7129199746187859,0.32585123
B2A,81c035fb44.jpg,0.8495640788030865,0.3493323
B2A,81c57f7151.jpg,0.6718415071848872,0.506953
B2A,81ce13c3df.jpg,0.8361606638922163,0.3035924
B2A,81da4f11ed.jpg,0.7050742177689177,0.26559415
B2A,81ea0e81ce.jpg,0.7802530794807566,0.33119223
B2A,81ed4d9ff3.jpg,0.6274504998468159,0.4490318
B2A,81fb53e37a.jpg,0.41431167725696216,0.5111875
B2A,81ff0aefc6.jpg,0.7708033663643089,0.3075369
B2A,82040426b5.jpg,0.7410032161696021,0.765557
B2A,8220d80950.jpg,0.6782798089176368,0.5546501
B2A,822552115b.jpg,0.7691366219696713,0.35297725
B2A,822947ecb1.jpg,0.7802194001398632,0.33030522
B2A,82367ab4d2.jpg,0.6805229595087372,0.51898277
B2A,8248de6066.jpg,0.7430107350187338,0.35141203
B2A,824bed3f95.jpg,0.8348921270271148,0.3023892
B2A,82634a2ae8.jpg,0.8545422747410214,0.30502415
B2A,82693740f1.jpg,0.5690052782714743,0.7041702
B2A,8277fe2e16.jpg,0.7303266002546049,0.4491984
B2A,827d49d009.jpg,0.8892149030884496,0.22706318
B2A,8296beac40.jpg,0.8131540183783033,0.29493773
B2A,829836a509.jpg,0.6938541256305772,0.4444477
B2A,8298b9a8d8.jpg,0.7701803003470166,0.3803311
B2A,829903c6c6.jpg,0.7437586563813576,0.43767852
B2A,82af83a14d.jpg,0.6981171962151745,0.3615357
B2A,82b669c385.jpg,0.7043213632606863,0.3437895
B2A,82bef71a05.jpg,0.5332435730496459,0.36314633
B2A,82c327e9d4.jpg,0.6548136654946068,0.53826064
B2A,82decad964.jpg,0.656427006621102,0.4714557
B2A,82e260b45d.jpg,0.9019375633958825,0.33745277
B2A,82e41780fb.jpg,0.5938807823620867,0.52376485
B2A,82e82a8357.jpg,0.8128378878751632,0.37852037
B2A,82eed08641.jpg,0.7807655711066032,0.37397832
B2A,82f5266958.jpg,0.8197978794364703,0.45782351
B2A,82fcbee767.jpg,0.8124120673403277,0.32215968
B2A,8304fdf299.jpg,0.739045710874608,0.5743676
B2A,830926071b.jpg,0.6347976942374668,0.5552593
B2A,8309cebb11.jpg,0.8079505689090671,0.28674918
B2A,830d6a9af8.jpg,0.7599351311487832,0.40248293
B2A,8310e4a528.jpg,0.801341107172691,0.3232022
B2A,831831cd60.jpg,0.601817520075071,0.52315766
B2A,833684a09f.jpg,0.8005137224939177,0.35423234
B2A,8340918985.jpg,0.9088256959283038,0.20617035
B2A,834324b28d.jpg,0.6690415073946246,0.5646528
B2A,834d25dc3a.jpg,0.567250976875069,0.44232407
B2A,835bec911b.jpg,0.8276263812668939,0.3195682
B2A,8369977ac5.jpg,0.8814420731214919,0.3032564
B2A,8371a80fc5.jpg,0.71076484694927,0.35097796
B2A,838707bb83.jpg,0.5725629366954775,0.6927078
B2A,83871aecf1.jpg,0.8734694216650923,0.3206461
B2A,839167629f.jpg,0.7608675391497983,0.34006214
B2A,8399fa40c0.jpg,0.7532289077527293,0.41853517
B2A,83a22608d9.jpg,0.6371511931765373,0.43904144
B2A,83b450115e.jpg,0.8824933368712286,0.23837529
B2A,83b513a9f5.jpg,0.8478263799269242,0.28688237
B2A,83b5cb7823.jpg,0.8072786679919557,0.25668168
B2A,83ca4e5d68.jpg,0.775059591760648,0.5364019
B2A,83cf828aa6.jpg,0.791299294588223,0.4220261
B2A,83d2597f51.jpg,0.6921896453859121,0.33153534
B2A,83e571e3af.jpg,0.7190960579254437,0.5343178
B2A,83e9d62ff0.jpg,0.7146402383458389,0.48322606
B2A,83ed90d1d7.jpg,0.8030781829572459,0.30997282
B2A,83f5024bcd.jpg,0.7747761103025343,0.28930557
B2A,83f55b4d2e.jpg,0.7811009654938857,0.3826344
B2A,83f5a65548.jpg,0.9012219808760339,0.24114528
B2A,83f6286883.jpg,0.4799805494640313,0.54403704
B2A,8400927e5f.jpg,0.9043163815919035,0.31544274
B2A,840a22679d.jpg,0.6746949863634889,0.43437797
B2A,8410764670.jpg,0.7488367378023577,0.3266272
B2A,8417b9ba5d.jpg,0.768500899225751,0.41246435
B2A,842796e8dd.jpg,0.781913339925338,0.32312906
B2A,84356275c7.jpg,0.8480091634064111,0.30778825
B2A,843b6f2a18.jpg,0.8413846142741274,0.38970405
B2A,843d7a0966.jpg,0.7104396538899438,0.4679014
B2A,843f66f77e.jpg,0.7637942407882174,0.40815383
B2A,84484a24e0.jpg,0.7819063043112567,0.5209127
B2A,84553b740b.jpg,0.755397146251032,0.35522896
B2A,84637eb98b.jpg,0.8755447403203701,0.25469708
B2A,8474d317e3.jpg,0.7429848366562665,0.4215731
B2A,847da6b705.jpg,0.6719096518407786,0.48301739
B2A,8480e5bae2.jpg,0.8419896000971373,0.27173203
B2A,849b958fa3.jpg,0.8180993230452449,0.24460138
B2A,849d054ce5.jpg,0.8574189150037556,0.4781422
B2A,84acf0ee3f.jpg,0.6111417819361524,0.57701373
B2A,84c2400c39.jpg,0.7611454630708441,0.30373842
B2A,84c4d10f39.jpg,0.8670008763190377,0.21087855
B2A,84cae20e39.jpg,0.717686272778532,0.3035527
B2A,84cb45938b.jpg,0.7057466124633427,0.5331324
B2A,84cd781c32.jpg,0.6293344291629097,0.38165534
B2A,84dad4b872.jpg,0.786404873684704,0.49125466
B2A,84df271806.jpg,0.6778381237012192,0.52973354
B2A,84ee633e7a.jpg,0.8547431734736148,0.25057018
B2A,84f1a78c0a.jpg,0.7083705503718158,0.45509282
B2A,84f5b38537.jpg,0.7886281973707946,0.43792522
B2A,84fd2747e7.jpg,0.8315807432625378,0.3132436
B2A,85011baf6a.jpg,0.6361360969922776,0.4637262
B2A,850cb18db0.jpg,0.7720496871622772,0.43004245
B2A,8511eb45e8.jpg,0.8233643731153032,0.4313188
B2A,851c2742d9.jpg,0.806572714636503,0.17918591
B2A,8526c7d445.jpg,0.6582691456294243,0.6009145
B2A,852771e943.jpg,0.7772707247394641,0.5455845
B2A,8527919cc8.jpg,0.6253857887996307,0.51573676
B2A,852ced6303.jpg,0.8010315735338354,0.29867533
B2A,85377f86af.jpg,0.544990905180178,0.45240626
B2A,8562b1ef80.jpg,0.7923825103426613,0.28854322
B2A,8565668373.jpg,0.8158311103843717,0.41925916
B2A,8574055650.jpg,0.7726740870383004,0.32302868
B2A,8576320b13.jpg,0.7128535170718621,0.385465
B2A,8584d4b75f.jpg,0.6613551492532438,0.30773753
B2A,8593b23e01.jpg,0.7853408569125764,0.38429925
B2A,8597aec3c1.jpg,0.6905782536419436,0.61901414
B2A,8598af15a5.jpg,0.6993642941986966,0.4596581
B2A,85b3353572.jpg,0.8908810564065438,0.21131366
B2A,85d1493cb9.jpg,0.844325758357253,0.32319775
B2A,85d4c7d44e.jpg,0.8910687444877932,0.28699064
B2A,860986c993.jpg,0.7165963976938126,0.28422347
B2A,8609912dd5.jpg,0.7788824437023676,0.3081641
B2A,8610a242cf.jpg,0.6068718800379863,0.52615076
B2A,86146960bc.jpg,0.7333202441256932,0.7222697
B2A,86149e3c8a.jpg,0.7863505834851245,0.37754375
B2A,8623f11b69.jpg,0.8436512229695922,0.29218796
B2A,8635c1c560.jpg,0.7558456811515516,0.26614562
B2A,8656e512bc.jpg,0.6177104402335436,0.34487838
B2A,866ca5455c.jpg,0.7086293335213855,0.56293535
B2A,8676768de2.jpg,0.8099117953888295,0.48047572
B2A,86777200f8.jpg,0.7185380643705475,0.5349296
B2A,868b7d7c85.jpg,0.7540658389090432,0.3762278
B2A,868fdaaa01.jpg,0.7354590676818974,0.36029753
B2A,86913ad2d6.jpg,0.8548147090225462,0.22649185
B2A,869e7e9177.jpg,0.8322848345442184,0.36375588
B2A,869f7517fb.jpg,0.8634842366983477,0.3561606
B2A,86a8147985.jpg,0.5654724269253933,0.59578496
B2A,86b0a365e5.jpg,0.6383095279728103,0.4278707
B2A,86c26de778.jpg,0.838657346263121,0.21144934
B2A,86c699eff0.jpg,0.8751226131211426,0.38402644
B2A,86cb9f2483.jpg,0.8201508113300922,0.29853374
B2A,86d8a1d9ba.jpg,0.704607900381111,0.47261083
B2A,86e66ceaf1.jpg,0.7063282459055845,0.45803723
B2A,86ecbea286.jpg,0.718703791300703,0.57905626
B2A,86f8a2e90f.jpg,0.7533547578961788,0.3344967
B2A,86f9aceace.jpg,0.5805055216046202,0.39974126
B2A,87016c0800.jpg,0.5557848493772745,0.4190176
B2A,8705ef9d26.jpg,0.7127959364230988,0.4842803
B2A,87139410be.jpg,0.6944744680936986,0.37091273
B2A,8728db54dc.jpg,0.8460775011690624,0.18692741
B2A,8738881ad2.jpg,0.8146825261317405,0.3417962
B2A,873e430467.jpg,0.7073772261493295,0.37892815
B2A,87483aa57b.jpg,0.9212747506088648,0.40871832
B2A,875b07f673.jpg,0.8120613188803416,0.3190201
B2A,87673f1feb.jpg,0.7502929255473677,0.4552742
B2A,877501f570.jpg,0.7337541038522579,0.36434233
B2A,8783576bd7.jpg,0.7686822933472683,0.3185281
B2A,878f3c49e1.jpg,0.6658618510482867,0.4665775
B2A,8795783436.jpg,0.7551924560862969,0.35349542
B2A,87991ccf48.jpg,0.7418202572056263,0.36157426
B2A,87a4e88d93.jpg,0.6368315886672534,0.5535764
B2A,87a97f497a.jpg,0.7951222936747498,0.38133076
B2A,87cc143c4d.jpg,0.7208842574300443,0.33324
B2A,87cdccc1ec.jpg,0.7901178147566414,0.21636233
B2A,87dbe31f97.jpg,0.602306100815871,0.30561042
B2A,87dec6234c.jpg,0.6504540121969284,0.35177717
B2A,87e1ce5b0e.jpg,0.7981253043123878,0.37685382
B2A,87e821d849.jpg,0.8592744966428362,0.25591105
B2A,87edc083e0.jpg,0.6472148084250295,0.64573723
B2A,87f1d5e9a7.jpg,0.7388895137259435,0.39543158
B2A,8802d98b14.jpg,0.743054655075551,0.36268368
B2A,8802f617cf.jpg,0.6030313422132472,0.5557345
B2A,8803b67dfb.jpg,0.5973472749591632,0.40127245
B2A,880c9f0f1c.jpg,0.862765804554895,0.2669987
B2A,880e0f6c15.jpg,0.8837570328469929,0.28602976
B2A,880f24ca7d.jpg,0.8331745071049268,0.46044344
B2A,881359fdc7.jpg,0.7373153903299305,0.37440765
B2A,882ad01587.jpg,0.6666092172801892,0.27668905
B2A,882d8f1a40.jpg,0.9277088622609364,0.26605728
B2A,882fc1371a.jpg,0.7121290287106768,0.49524614
B2A,8833519aba.jpg,0.5755161434361923,0.55811477
B2A,883cda372c.jpg,0.9253988009499645,0.41639945
B2A,884d210d61.jpg,0.611995288455283,0.4639761
B2A,88536f79ce.jpg,0.7127363965800392,0.3863051
B2A,885e53b9d5.jpg,0.7150626964327109,0.48286718
B2A,8868ba6b14.jpg,0.7719866942662424,0.32240647
B2A,888af43803.jpg,0.7042931426376686,0.39265847
B2A,88985ea668.jpg,0.7357294464022479,0.34612635
B2A,88a1e7af18.jpg,0.8627325896840631,0.32299486
B2A,88b06853f1.jpg,0.8548391763027379,0.26746163
B2A,88bd59eca7.jpg,0.8670714066538673,0.16185474
B2A,88c8c49c36.jpg,0.7875185883098166,0.35668355
B2A,88ca143dc7.jpg,0.8536869927744065,0.45548993
B2A,88d3d38aed.jpg,0.5837136699288062,0.28522575
B2A,88eced0e8e.jpg,0.7725460343760532,0.32784504
B2A,88f733fe78.jpg,0.6677564539474955,0.3928733
B2A,8914946e64.jpg,0.8547888294928798,0.284492
B2A,891913c343.jpg,0.8904891792068511,0.19663936
B2A,8936c9c89c.jpg,0.7767784559392468,0.40923885
B2A,893f5b62a6.jpg,0.6448105242476402,0.5623681
B2A,89578c6353.jpg,0.7914929821161268,0.55015945
B2A,8973eff964.jpg,0.6914321805643554,0.485287
B2A,898a35149a.jpg,0.8241045661815428,0.3569688
B2A,899b7f7521.jpg,0.6930202485734551,0.43237934
B2A,899e306a16.jpg,0.7298214453879073,0.2560179
B2A,899f4a9c68.jpg,0.6204312336731673,0.393745
B2A,89ab7af8ec.jpg,0.896615062123764,0.24323052
B2A,89b5450ec4.jpg,0.7928809478874326,0.22145018
B2A,89c7dcd73a.jpg,0.7388933149090271,0.47083318
B2A,89ce60258b.jpg,0.8161686107814904,0.43310857
B2A,89deacf521.jpg,0.7384431386671572,0.44768494
B2A,8a01bb88d9.jpg,0.6910421873918068,0.42679536
B2A,8a09c3fbff.jpg,0.6637075476434706,0.48226625
B2A,8a0d049fdb.jpg,0.8022615322600073,0.3933403
B2A,8a38d33eb9.jpg,0.8197580545757218,0.24886544
B2A,8a4c8c7581.jpg,0.8096664579228439,0.40281883
B2A,8a68577ae9.jpg,0.7528643530267519,0.5438728
B2A,8a6a134b6e.jpg,0.7360331066787849,0.27484486
B2A,8a6a17661a.jpg,0.821284138240477,0.26527065
B2A,8a6f40ebc6.jpg,0.7147379399997019,0.6247726
B2A,8a70493b60.jpg,0.7432816928044027,0.41630238
B2A,8a7c211597.jpg,0.7887866177315236,0.5261499
B2A,8a8801feb9.jpg,0.6964388469314591,0.501353
B2A,8a935bef79.jpg,0.7911888714892805,0.43739563
B2A,8a987f711b.jpg,0.7867225816236572,0.27874735
B2A,8a9d3ff7fa.jpg,0.6562100578677089,0.61143726
B2A,8ab1eaa5f0.jpg,0.6587800008093334,0.41095528
B2A,8ae4265cd3.jpg,0.8775678751963604,0.25936243
B2A,8ae8564344.jpg,0.6976353918119533,0.3607158
B2A,8af0546eb3.jpg,0.8151507904495231,0.50420594
B2A,8af291a241.jpg,0.6322559590347664,0.49970528
B2A,8afd46824b.jpg,0.7895351444836349,0.5182532
B2A,8afd5933d9.jpg,0.9061787127512364,0.26554978
B2A,8b10c7ce5b.jpg,0.8353073688171938,0.30329204
B2A,8b34d93323.jpg,0.7602914889935943,0.5092058
B2A,8b3830949d.jpg,0.8074969237730649,0.377482
B2A,8b3fb4a823.jpg,0.9196318830511944,0.27264982
B2A,8b41c19587.jpg,0.6959221447638932,0.59217197
B2A,8b4acbb780.jpg,0.8373886650451159,0.34094873
B2A,8b554cd034.jpg,0.7066357016674508,0.2520621
B2A,8b62a7dd7a.jpg,0.7578527206620203,0.32296163
B2A,8b641a3afe.jpg,0.6909673621530533,0.39568272
B2A,8b6a8bf9f6.jpg,0.5553126908139053,0.46824163
B2A,8b6dd12ee0.jpg,0.5631217946155055,0.50080276
B2A,8b6f332ed2.jpg,0.8462967490598741,0.2698164
B2A,8b85d214a5.jpg,0.7896023907949031,0.37579483
B2A,8b8987492f.jpg,0.5994740906791569,0.5531963
B2A,8b8fc600dc.jpg,0.6997261567633941,0.55487865
B2A,8b997cbee6.jpg,0.6207596966555635,0.547572
B2A,8bb6428221.jpg,0.7402648115693831,0.29634178
B2A,8bb91472c8.jpg,0.8961669082463067,0.27112758
B2A,8be1dad77a.jpg,0.8200067393717594,0.23909773
B2A,8be3f02dae.jpg,0.6879570389337335,0.44864312
B2A,8be8d9c7fe.jpg,0.8568221220806066,0.23679565
B2A,8bf1c2db03.jpg,0.8835543789736314,0.24000031
B2A,8bfb3ef6f7.jpg,0.7773538818500769,0.38880277
B2A,8bfc8d6970.jpg,0.7968070750045703,0.28641188
B2A,8c03f9790e.jpg,0.750491773880684,0.47099793
B2A,8c1f68d7c0.jpg,0.6318745014070913,0.5710395
B2A,8c2dcd04ce.jpg,0.5686848940271387,0.31719714
B2A,8c38df7eda.jpg,0.9161457026033796,0.31428885
B2A,8c39fccc0c.jpg,0.787021835903272,0.36953628
B2A,8c3f71bb3d.jpg,0.8038187399453589,0.46244794
B2A,8c5385298d.jpg,0.7219196022996327,0.2168884
B2A,8c56566f1b.jpg,0.8255755465189766,0.38963252
B2A,8c58319212.jpg,0.8406030826587712,0.27449834
B2A,8c587af1d9.jpg,0.7866914244602118,0.21535747
B2A,8c59a24ec4.jpg,0.6385750849679183,0.34171724
B2A,8c69c81d62.jpg,0.8081315634538594,0.5714855
B2A,8c6fe9b698.jpg,0.5041765310854462,0.5856782
B2A,8c7de9cb64.jpg,0.8208303689859134,0.28577504
B2A,8c81e05b8b.jpg,0.6681232348237648,0.4110191
B2A,8c8961cabb.jpg,0.7553284317162517,0.37973523
B2A,8c967453de.jpg,0.859068746998801,0.3067923
B2A,8c97b5d5f3.jpg,0.7501062909088972,0.41645944
B2A,8c98a42872.jpg,0.7775225261334106,0.31795245
B2A,8c9b7944d9.jpg,0.6217985297183911,0.39270967
B2A,8c9da54f5e.jpg,0.8127943480892895,0.3409598
B2A,8cbb7fead2.jpg,0.8346274354480473,0.37109262
B2A,8cc036746a.jpg,0.8825066800248094,0.24384484
B2A,8cc1fedf0f.jpg,0.5296848329430937,0.5695053
B2A,8ccb1f6067.jpg,0.7409353454473204,0.2693238
B2A,8cefb5476f.jpg,0.7843257017270303,0.33230066
B2A,8cf1ff221a.jpg,0.8380809359254668,0.2323892
B2A,8cf3dc8532.jpg,0.6430088347281906,0.46122488
B2A,8d05da85a2.jpg,0.7593997600423682,0.50322163
B2A,8d1d0c152a.jpg,0.7513901343410501,0.4142353
B2A,8d297a6fba.jpg,0.5940684525433262,0.5741
B2A,8d373e4f08.jpg,0.7187009894665776,0.2997917
B2A,8d395f773d.jpg,0.8354430622165469,0.32113838
B2A,8d398d8077.jpg,0.6853094738251693,0.4665271
B2A,8d4d305053.jpg,0.7587096610468604,0.40352142
B2A,8d511d593a.jpg,0.7197340230299563,0.52587557
B2A,8d7cc55987.jpg,0.7730611009616418,0.29669878
B2A,8d8535b155.jpg,0.8064493808401599,0.2760274
B2A,8d868ee80d.jpg,0.6239900543923979,0.47515061
B2A,8d8cf10470.jpg,0.6846540340347269,0.53473914
B2A,8da436b074.jpg,0.7667335987310118,0.6649898
B2A,8dac996304.jpg,0.5914939476887057,0.562388
B2A,8db1c9c782.jpg,0.7952929946619716,0.29619476
B2A,8de4267ea0.jpg,0.7774726115624815,0.3255529
B2A,8defb17876.jpg,0.7307276660952325,0.28655612
B2A,8dfd4b4562.jpg,0.8068716611211102,0.32218802
B2A,8e042bb3e6.jpg,0.6941164682495081,0.43230858
B2A,8e1472c0ac.jpg,0.7686365711639742,0.5956368
B2A,8e19cd143b.jpg,0.6705643478923728,0.6296029
B2A,8e218bbeee.jpg,0.795133241772585,0.21787675
B2A,8e27c58e8b.jpg,0.8531552654647337,0.33208615
B2A,8e27cd8afb.jpg,0.7714457595124828,0.32851583
B2A,8e30baf5ae.jpg,0.8176770995463042,0.22634247
B2A,8e3b41a3a0.jpg,0.8760667199111094,0.2359615
B2A,8e3fd7ff09.jpg,0.556522509104768,0.5460038
B2A,8e51d5867f.jpg,0.7972515855413503,0.33853137
B2A,8e6e5f8078.jpg,0.6124942770812284,0.39417827
B2A,8e79534b0c.jpg,0.6849540481671238,0.39786577
B2A,8e876bd586.jpg,0.8640419187010416,0.31443888
B2A,8e95ef6636.jpg,0.828913173514611,0.42810225
B2A,8ea3121111.jpg,0.5411879174487885,0.5434066
B2A,8ea33353d8.jpg,0.8915288348225198,0.37655336
B2A,8eabde45df.jpg,0.8057254887039303,0.45021123
B2A,8eaf38146d.jpg,0.6889458831645549,0.40761405
B2A,8ebecab630.jpg,0.7178574615160195,0.2660444
B2A,8ec934ab7a.jpg,0.6776458896181731,0.23285131
B2A,8ed9adc2f8.jpg,0.708122236975848,0.43451375
B2A,8edfe6d708.jpg,0.7732851539361261,0.41632235
B2A,8ee24544da.jpg,0.8042415867649999,0.39360937
B2A,8ef3c11446.jpg,0.6883692176157745,0.39040256
B2A,8ef6d21430.jpg,0.8543723242897311,0.37634292
B2A,8ef84910a6.jpg,0.7999178988450537,0.31749862
B2A,8f0403e2cf.jpg,0.708460978660855,0.41504234
B2A,8f0aa160cb.jpg,0.8015397887304854,0.47542393
B2A,8f250ece01.jpg,0.8668730492421575,0.35876244
B2A,8f2af16e7b.jpg,0.8786501679526658,0.23404059
B2A,8f3be0fbeb.jpg,0.797727013826421,0.5286766
B2A,8f564a0a48.jpg,0.8072063669455394,0.32507828
B2A,8f59672761.jpg,0.7332274142343902,0.34062758
B2A,8f62691292.jpg,0.8987250940413376,0.26714182
B2A,8f651ee326.jpg,0.7278233736400131,0.44905838
B2A,8f67825151.jpg,0.5128009732991626,0.46164748
B2A,8f6daedb85.jpg,0.8351329145124773,0.4054759
B2A,8f78274408.jpg,0.7511057895071734,0.3028893
B2A,8f7bb4da8c.jpg,0.8679784640070601,0.35314435
B2A,8f8bdab0d3.jpg,0.8479581458237078,0.22474909
B2A,8f9c1bf59c.jpg,0.7874058828844571,0.32736436
B2A,8f9cc89fc1.jpg,0.6890548842017165,0.5096247
B2A,8fa21cc3ae.jpg,0.8573539626154439,0.35827112
B2A,8fbd39a41f.jpg,0.7848013021771827,0.23790704
B2A,8fbfe7bc3e.jpg,0.6012475562553466,0.51010597
B2A,8fc153c94e.jpg,0.8617323857425947,0.3086438
B2A,8fc1a3d804.jpg,0.9056874841627897,0.3804806
B2A,8fc60f7bef.jpg,0.6651873269261661,0.51632696
B2A,8fc6680c4a.jpg,0.7164632962897115,0.54807705
B2A,8fc9fce9f2.jpg,0.5975510931614704,0.40880424
B2A,8fd6e74ab9.jpg,0.7889043096871649,0.37310934
B2A,8fdc8f747e.jpg,0.8669654271423729,0.33071452
B2A,8fe1fb621d.jpg,0.8096811351408246,0.4432087
B2A,8ff2ab81b2.jpg,0.7496735106411877,0.3657738
B2A,8ffa6382e9.jpg,0.5796201904283267,0.35647792
B2A,900c842af7.jpg,0.8690461163201009,0.3263582
B2A,9010105f3d.jpg,0.7000615624482518,0.47582796
B2A,90268e092b.jpg,0.8214254776308767,0.24194881
B2A,9028fc10c7.jpg,0.7552833014612993,0.5533757
B2A,9048e6e0d1.jpg,0.8858414647034746,0.379541
B2A,904a21697e.jpg,0.6824955879905777,0.56101364
B2A,904f5a5276.jpg,0.8932457704272543,0.2944793
B2A,9050e1c0e6.jpg,0.7473205611396747,0.22696692
B2A,9071c99f67.jpg,0.8847834680246851,0.22226399
B2A,9079fe9d9c.jpg,0.7580343912568239,0.3514762
B2A,907cd5e630.jpg,0.6442463802435286,0.4945069
B2A,907d9cf180.jpg,0.8060655072244454,0.34098145
B2A,909ae89f4d.jpg,0.9112300051784245,0.20896119
B2A,90a6484491.jpg,0.7187137545058843,0.41578084
B2A,90aa881d59.jpg,0.7775747300380174,0.37620756
B2A,90b3c6c885.jpg,0.7131859007642861,0.3792721
B2A,90b9257df4.jpg,0.6437541012377921,0.51667875
B2A,90bc360c57.jpg,0.7236751781705355,0.2713633
B2A,90bdbd6631.jpg,0.5010419511937957,0.722556
B2A,90c00b0a8c.jpg,0.8161577807249795,0.2999986
B2A,90c9cd3fe8.jpg,0.7530682977707838,0.39924937
B2A,90cbc5b0a2.jpg,0.647520187830521,0.48572877
B2A,90d00e4130.jpg,0.5469725251366062,0.39371866
B2A,90d2b880b2.jpg,0.6889837675384124,0.46252182
B2A,90e072864e.jpg,0.7288338150052621,0.52735716
B2A,90e1c5d57a.jpg,0.6423974905968886,0.617689
B2A,90e5ba5fe4.jpg,0.6941003242145578,0.4912755
B2A,90fa0a2900.jpg,0.7706136687403794,0.3837478
B2A,90fc280b72.jpg,0.8547739763267921,0.32762656
B2A,9105102bc4.jpg,0.7317906033215347,0.52128017
B2A,910e1f900e.jpg,0.6092136587787104,0.39592883
B2A,911af8c237.jpg,0.7570765951032574,0.36901036
B2A,9128a67589.jpg,0.7551198482338725,0.504567
B2A,912f47efb6.jpg,0.6349655801551753,0.45884892
B2A,912f7c8917.jpg,0.8018364614675089,0.2803112
B2A,9138142611.jpg,0.5278909503091336,0.42068788
B2A,914d6701fb.jpg,0.955307581186926,0.25537974
B2A,915666f75a.jpg,0.7787993278414826,0.42928407
B2A,915b936cdd.jpg,0.6385467653717124,0.42898148
B2A,91633d4951.jpg,0.8157541873291745,0.374909
B2A,916ae3f734.jpg,0.6732354311670831,0.41862798
B2A,916ba9d722.jpg,0.7122866516212644,0.3983597
B2A,916caf5698.jpg,0.7150534293838474,0.59862643
B2A,917f384f27.jpg,0.8794455453486512,0.30721155
B2A,91847ec212.jpg,0.7100654714776294,0.597427
B2A,9186f2f6bf.jpg,0.8411856044037457,0.21002528
B2A,91916e6337.jpg,0.7821953995417339,0.31630015
B2A,9194cac2c2.jpg,0.7239999147382555,0.3018289
B2A,91a6a513e8.jpg,0.8224024303256273,0.3349402
B2A,91bd17ebc1.jpg,0.6064117067644039,0.60341656
B2A,91c0fb330a.jpg,0.8053272129895283,0.26287937
B2A,91c4ec2938.jpg,0.710747734914679,0.34260136
B2A,91caa42854.jpg,0.7813591611626661,0.2977438
B2A,91cdf3c9ec.jpg,0.6894351051094929,0.31391525
B2A,91cef72c5d.jpg,0.7253457852241659,0.3540419
B2A,91cf22742c.jpg,0.6375650689001996,0.46765682
B2A,91d1476220.jpg,0.5851688808910153,0.33457953
B2A,91dbb69203.jpg,0.7528960889697696,0.3355086
B2A,91e43a72c3.jpg,0.7182558189687732,0.33089155
B2A,91edaa90e8.jpg,0.6914249522864441,0.48505226
B2A,9203f9070e.jpg,0.7203959618173822,0.46836647
B2A,921e0c98a4.jpg,0.8428199095161125,0.3669786
B2A,922e075696.jpg,0.7962326538565793,0.38932738
B2A,924309267b.jpg,0.8100582534015561,0.34805343
B2A,9258ed4e17.jpg,0.6679639513666965,0.62102234
B2A,926fabe094.jpg,0.549909249716285,0.5915073
B2A,92884da831.jpg,0.8648231033685666,0.32237998
B2A,9293bb3ab1.jpg,0.8505274231389047,0.22339895
B2A,9295c73f10.jpg,0.881887064705197,0.3197459
B2A,92a4544fb1.jpg,0.7817640926205918,0.30490357
B2A,92a77e056a.jpg,0.8271332407673685,0.33290687
B2A,92ad835b19.jpg,0.6240456979959119,0.55370873
B2A,92b15f83a3.jpg,0.6663718003583367,0.44412148
B2A,92b4f542a8.jpg,0.799169174505111,0.3028733
B2A,92c3fd59e9.jpg,0.9186528128967908,0.1815976
B2A,92c7aa40d9.jpg,0.797894037530442,0.30075306
B2A,92cb1b612c.jpg,0.802552193382657,0.2791238
B2A,92d2f773ea.jpg,0.6993066264474296,0.40427732
B2A,92d9a71a35.jpg,0.8385137652018543,0.6506884
B2A,92dacc55c5.jpg,0.8811307862027055,0.52116114
B2A,93132bc39a.jpg,0.5437926993644503,0.48005137
B2A,931e9f62be.jpg,0.5117788057052847,0.4630752
B2A,93228e23b7.jpg,0.8582322855519179,0.25875905
B2A,932f681182.jpg,0.7573319377187886,0.466545
B2A,93404abb02.jpg,0.7689920773573006,0.30333865
B2A,935b664420.jpg,0.7245252510420298,0.31167173
B2A,935b850c7b.jpg,0.8782074082656018,0.24631122
B2A,936086c2fb.jpg,0.7113754356676674,0.33957183
B2A,9368bfbb0d.jpg,0.6901536742513834,0.54832995
B2A,9384f0381d.jpg,0.7960858750566349,0.3384568
B2A,938d0ba34c.jpg,0.7261320817338965,0.6336666
B2A,938fb66016.jpg,0.8830852837162002,0.26761064
B2A,9394218ff6.jpg,0.7332159573190324,0.38524503
B2A,9395512e4e.jpg,0.7543876227915878,0.4567265
B2A,939f31a928.jpg,0.6506427572206163,0.40016404
B2A,93a901666e.jpg,0.7881879012600347,0.3285197
B2A,93b37e6702.jpg,0.508060039485237,0.47759992
B2A,93b7f31cb9.jpg,0.9227604414768175,0.2673207
B2A,93bd999d11.jpg,0.5867224076275483,0.8214561
B2A,93c641ad5b.jpg,0.7210685660617068,0.26766825
B2A,93d77f649a.jpg,0.8609386675056044,0.44150147
B2A,93fa7e2d2e.jpg,0.6285123875125835,0.640364
B2A,93fd6bcbb4.jpg,0.6943837426428674,0.3772047
B2A,9404bff3b5.jpg,0.7585578271538285,0.22665036
B2A,9406f2a468.jpg,0.7067207193794756,0.37675363
B2A,940ebfcf33.jpg,0.7829788219235527,0.26294264
B2A,9412b74bf7.jpg,0.6575368042983419,0.44321692
B2A,941fe1adf7.jpg,0.8093907616754056,0.2614634
B2A,94224752b4.jpg,0.8299496047850898,0.26575595
B2A,94263d971f.jpg,0.9145659779386947,0.32414
B2A,9427fc76b9.jpg,0.761888675072848,0.3050496
B2A,944398f81d.jpg,0.7410210785228605,0.2619395
B2A,944bee3f77.jpg,0.51598335329073,0.59717894
B2A,94502f184f.jpg,0.7891265295676381,0.3707042
B2A,946dd1bb4b.jpg,0.7747581914776076,0.4495889
B2A,946e0d3cf2.jpg,0.8271002877031718,0.31331286
B2A,9470dd8aac.jpg,0.6957088652613167,0.39069164
B2A,947ecf90b9.jpg,0.8729677466909821,0.2896811
B2A,94882d1992.jpg,0.8159074827035201,0.30536038
B2A,94979ec8c0.jpg,0.717197147225757,0.23194243
B2A,949d934747.jpg,0.8628346776234348,0.30537668
B2A,94af688583.jpg,0.6941420080994528,0.60470843
B2A,94b20d92c2.jpg,0.6634350591806654,0.6611308
B2A,94b3dc2840.jpg,0.650866880717256,0.5341605
B2A,94cc7a8697.jpg,0.6086893433161229,0.47504917
B2A,94cf38462b.jpg,0.7390036061455658,0.3095824
B2A,94e066f2b3.jpg,0.8679598309747969,0.2891064
B2A,94e1a09e64.jpg,0.6245270062374725,0.3844956
B2A,94ed902431.jpg,0.798393104978437,0.37922066
B2A,94ef9bc8f4.jpg,0.8175483693315088,0.4079123
B2A,94f272fbc2.jpg,0.8800149455096802,0.32182646
B2A,94f6b65afa.jpg,0.8760884458341142,0.54731387
B2A,951804d699.jpg,0.6685005546501307,0.35629398
B2A,95186389f6.jpg,0.7766065263566484,0.37655583
B2A,9525ce824a.jpg,0.819975304366416,0.28666693
B2A,952d99f5b0.jpg,0.6174865033302517,0.4821633
B2A,953b1317cb.jpg,0.7493873634140193,0.6840296
B2A,9549a2e85c.jpg,0.6709493476974365,0.5814078
B2A,954cbfbad6.jpg,0.6760060766891921,0.6869885
B2A,955d88b9a7.jpg,0.6958784154283475,0.44230333
B2A,9562727728.jpg,0.8004592773577099,0.2710189
B2A,957ae02f79.jpg,0.7165375905647089,0.43960148
B2A,957b22a3a7.jpg,0.8143673748876962,0.33235586
B2A,9588a52282.jpg,0.6239615328518668,0.6157905
B2A,95900a984f.jpg,0.5586774708440215,0.53825706
B2A,9593d730f2.jpg,0.6220914386620431,0.41469622
B2A,95a66b0d9b.jpg,0.8750975878332414,0.2800868
B2A,95a6bdb3bf.jpg,0.8087412291250418,0.3435496
B2A,95a7ed2155.jpg,0.7387862115787501,0.34742773
B2A,95a9fadd8f.jpg,0.7710382759587562,0.30441165
B2A,95aaf0fbbd.jpg,0.628429998919421,0.47394094
B2A,95b2119fa9.jpg,0.6552652769717345,0.53766865
B2A,95b317a33d.jpg,0.7164309052267778,0.36309844
B2A,95b6abfcee.jpg,0.8519169705329481,0.3413593
B2A,95c438e906.jpg,0.8143520243963461,0.32761604
B2A,95d494f4ae.jpg,0.8183297789853787,0.1781351
B2A,95d4cb8eca.jpg,0.8835294441317013,0.2591639
B2A,95deeeec90.jpg,0.8514576586025726,0.26058328
B2A,95dff55b08.jpg,0.8607074495527063,0.2889448
B2A,95e33c18db.jpg,0.7571582099376943,0.32911885
B2A,95f5aeda51.jpg,0.8239803821848029,0.44569042
B2A,95f5d9ab48.jpg,0.6638083147244281,0.29869857
B2A,9606c7644b.jpg,0.772450870349935,0.3032636
B2A,960b5fa7e8.jpg,0.5651460617488255,0.47563472
B2A,96183e38ec.jpg,0.8954582579068535,0.60509574
B2A,9622e7f973.jpg,0.7831706012986683,0.47723305
B2A,962d0ff537.jpg,0.804353863698674,0.44901693
B2A,963134b323.jpg,0.8435386889916648,0.2931865
B2A,96324aa924.jpg,0.7184167154176199,0.52275103
B2A,963770bacd.jpg,0.6737131447275879,0.49372655
B2A,963c0eb500.jpg,0.7847220410092521,0.3035976
B2A,96486253fb.jpg,0.7487986120725569,0.49339005
B2A,9652937cf0.jpg,0.7459595024349149,0.40501627
B2A,965c4ddd61.jpg,0.5873552669708811,0.3651704
B2A,9670ea6664.jpg,0.9113140389170369,0.27015078
B2A,9681f39ae8.jpg,0.817234415493362,0.38676676
B2A,9693678067.jpg,0.8790015211052754,0.2792823
B2A,9698946dfb.jpg,0.8328002896904908,0.28178182
B2A,969d45bb23.jpg,0.6716891750385047,0.43860063
B2A,96a933541d.jpg,0.8588621185133198,0.26756048
B2A,96ae66347a.jpg,0.8610284055372216,0.30736327
B2A,96b2ac1a1b.jpg,0.806698829277937,0.34679902
B2A,96b9ee7ec4.jpg,0.8067438015120147,0.32090953
B2A,96baf57a50.jpg,0.8243828175160018,0.49843708
B2A,96c65e76e1.jpg,0.5654155944888474,0.3709021
B2A,96c686ddf6.jpg,0.7551696869679771,0.33549294
B2A,96cb35f032.jpg,0.6679747071816575,0.48739195
B2A,96cda40153.jpg,0.8806876221940028,0.40903717
B2A,96d223307c.jpg,0.7154282666461452,0.36649677
B2A,96d3517f11.jpg,0.8717714967879009,0.14585835
B2A,96da1fc826.jpg,0.5332349134164832,0.5791338
B2A,96e1bb4403.jpg,0.5661960458238505,0.48705772
B2A,96e42a29c9.jpg,0.6076954713542777,0.47387427
B2A,96e7b2c267.jpg,0.730900627318093,0.35324216
B2A,96e860fd62.jpg,0.7927033183538965,0.39485207
B2A,970d8c0b4c.jpg,0.6378647965291825,0.42450774
B2A,97123776ca.jpg,0.812419306175584,0.32648116
B2A,971c33b707.jpg,0.8563824480479624,0.2659687
B2A,971fcc6bcc.jpg,0.7678860995249724,0.3943542
B2A,97268dc895.jpg,0.6092824994327493,0.37724748
B2A,973372e3d0.jpg,0.9232687104847134,0.31490344
B2A,973dd4a928.jpg,0.8456928828056939,0.47992736
B2A,973f82a644.jpg,0.8058974499961055,0.33112788
B2A,9743bd2705.jpg,0.6872736078397103,0.34363818
B2A,975538e5c1.jpg,0.7220200180282983,0.3719196
B2A,976f6eafdd.jpg,0.6896011219877259,0.44029254
B2A,977938602b.jpg,0.6203393869934225,0.45312715
B2A,977b1bd3a2.jpg,0.6786511385433325,0.58092016
B2A,977bff16d4.jpg,0.5780446601325093,0.40444398
B2A,978424d552.jpg,0.8969086205030569,0.17104186
B2A,979103c46c.jpg,0.7544903021891367,0.40025786
B2A,979e42841f.jpg,0.580119587340547,0.44728774
B2A,97a87bca91.jpg,0.6778726993962977,0.3250249
B2A,97b5d7b81c.jpg,0.7659626599792073,0.31959236
B2A,97bf9704b5.jpg,0.6967635076579559,0.26830125
B2A,97c6fda363.jpg,0.573607362587072,0.64937055
B2A,97c8c523df.jpg,0.7116692767020979,0.3361163
B2A,97cef7f737.jpg,0.8631988699015577,0.25250506
B2A,97d4460077.jpg,0.7970924959966512,0.4454943
B2A,97d76023a7.jpg,0.550855084295858,0.36055017
B2A,97dddb7cbb.jpg,0.8481878585186632,0.28958136
B2A,97e4b5f75c.jpg,0.733741336019681,0.3712332
B2A,97e948fb9d.jpg,0.8966184767181569,0.35492766
B2A,9801846b65.jpg,0.6628465164082941,0.41968203
B2A,9806c55f8e.jpg,0.7812634127399843,0.35806215
B2A,9811ee90ac.jpg,0.8510166974593005,0.36780548
B2A,981f9ee7ce.jpg,0.9256969047036193,0.3595361
B2A,982068245a.jpg,0.7537309114825406,0.3710533
B2A,9820d446a4.jpg,0.8582031282894067,0.28716034
B2A,9827d36539.jpg,0.8328767553613271,0.41178143
B2A,982ca3c520.jpg,0.7674891700019473,0.36520222
B2A,9835ba0013.jpg,0.7838173877823139,0.31673217
B2A,983821c850.jpg,0.7915949077795696,0.3489619
B2A,98426ffd66.jpg,0.7491553108512142,0.43925592
B2A,984c6baa94.jpg,0.6838111536148063,0.39217764
B2A,98507e2f68.jpg,0.7843531869593655,0.36495796
B2A,9863a4aa56.jpg,0.5361077652815577,0.44324273
B2A,986d6d5bf9.jpg,0.8207128260457063,0.1997257
B2A,988ba0650a.jpg,0.8334578717892118,0.24387935
B2A,9894d1438d.jpg,0.5375196915426552,0.46614888
B2A,9895a5216b.jpg,0.6596758183452076,0.35939696
B2A,98a00fe3fc.jpg,0.5925808907242228,0.43973595
B2A,98af1d51cf.jpg,0.7379044479234336,0.4095628
B2A,98b9fbb3fb.jpg,0.8060146548684474,0.28329992
B2A,98c28eedfa.jpg,0.7826405815011167,0.42761508
B2A,98cbab58d6.jpg,0.702640030132257,0.23295224
B2A,98d335025e.jpg,0.7034221089194324,0.39218318
B2A,98d4348692.jpg,0.8178232028933914,0.38356936
B2A,98de268fe8.jpg,0.5797364711809172,0.58105314
B2A,98e7d7b48a.jpg,0.7053738157534041,0.33212763
B2A,98ef46be31.jpg,0.8500459237060564,0.31748247
B2A,98fcc9f6fc.jpg,0.8756568617948771,0.26999056
B2A,98ff290926.jpg,0.6604517170983917,0.50701845
B2A,99038bde22.jpg,0.8175104974604369,0.3013572
B2A,99045d3f04.jpg,0.7447519157857931,0.32411978
B2A,9906756ae6.jpg,0.7609006049781225,0.3398133
B2A,990e8ef2f2.jpg,0.8100155521117617,0.36520195
B2A,9912bab8cf.jpg,0.754702378190348,0.4119314
B2A,9912e8a5a3.jpg,0.5766948103422607,0.42675892
B2A,991eb1e448.jpg,0.872031959360775,0.3106451
B2A,9921ef9e3c.jpg,0.741354949079722,0.50129354
B2A,99283f98de.jpg,0.7449239366326439,0.3152637
B2A,99294cd9e3.jpg,0.8799960051496533,0.2782943
B2A,993fb1e69b.jpg,0.8035647576068078,0.31415427
B2A,9945957ec7.jpg,0.5991487104691473,0.5575781
B2A,994a54185f.jpg,0.8487030267636712,0.33595797
B2A,994b994977.jpg,0.8210952543171276,0.28056854
B2A,99676e0f39.jpg,0.7506800237859452,0.5431792
B2A,996de8f5ec.jpg,0.8908773029786405,0.35751733
B2A,997f0ed940.jpg,0.7909092213012184,0.30792245
B2A,9991f94f1d.jpg,0.664936264357244,0.4789417
B2A,999985c001.jpg,0.8217022005371052,0.5076713
B2A,9999c76d32.jpg,0.8639665964033992,0.23770855
B2A,999e87f7a6.jpg,0.8640517582107917,0.17948917
B2A,99a109ea2b.jpg,0.610454076841902,0.5686822
B2A,99a6c4d326.jpg,0.7827650772439368,0.49967963
B2A,99b3b1736b.jpg,0.6475781893747564,0.37220722
B2A,99baee78f2.jpg,0.864576364164083,0.31130606
B2A,99c0ccba50.jpg,0.7662882637320845,0.36807513
B2A,99c9687c14.jpg,0.6862502734599097,0.2581911
B2A,99cbbc5052.jpg,0.6598027487824765,0.5910163
B2A,99d04bd95f.jpg,0.7722000157244443,0.20780244
B2A,99dacbf106.jpg,0.5877598966294922,0.462228
B2A,99ed3dc7b2.jpg,0.8763294319148442,0.4973721
B2A,99f621bbdb.jpg,0.8691261899003188,0.2272937
B2A,99fb63fada.jpg,0.900177490745243,0.30461615
B2A,99fc1c27b2.jpg,0.597599824282491,0.5013378
B2A,99fcebb45b.jpg,0.6984162073653334,0.5466093
B2A,9a0bfe6c86.jpg,0.89972661090234,0.25570488
B2A,9a2b9dec3a.jpg,0.6371919970892376,0.5156398
B2A,9a4b2f8bd8.jpg,0.7815758967615376,0.28399956
B2A,9a507f5ef4.jpg,0.7669124233625577,0.37893024
B2A,9a5477aaeb.jpg,0.8864108484942583,0.29944158
B2A,9a59323542.jpg,0.6586978328272562,0.338264
B2A,9a780093c6.jpg,0.8515192900255404,0.34367388
B2A,9a9d4aeb7a.jpg,0.7790042800555497,0.31334993
B2A,9ab17ed33a.jpg,0.8269900087046832,0.2999435
B2A,9adf6d52d3.jpg,0.8433582690084095,0.31699654
B2A,9aeb8bd419.jpg,0.7817854216973253,0.43580684
B2A,9af5a24f65.jpg,0.7670554240006033,0.36879686
B2A,9afdeb8ed2.jpg,0.572912338464928,0.48171914
B2A,9b048364b8.jpg,0.8541210013529096,0.31403235
B2A,9b186b8f81.jpg,0.8686360826553269,0.29741484
B2A,9b1b974368.jpg,0.6010620290598957,0.5766771
B2A,9b1c51d91c.jpg,0.8553752836320446,0.28923503
B2A,9b3053dc34.jpg,0.6662140707133104,0.5684324
B2A,9b3abf3a98.jpg,0.7583076462015249,0.3073234
B2A,9b513c7a1c.jpg,0.7269504048219637,0.28559956
B2A,9b5be07782.jpg,0.7217927562978008,0.39689142
B2A,9b5d6d5b9b.jpg,0.4763111820581344,0.48922288
B2A,9b5e41ac82.jpg,0.8720037496172228,0.30989528
B2A,9b6bec8314.jpg,0.8193282754640907,0.21591124
B2A,9b7d65decf.jpg,0.7662142819743957,0.302361
B2A,9b85a6c570.jpg,0.7233898043210293,0.4015158
B2A,9b87bd9191.jpg,0.7185092617136728,0.40125245
B2A,9b95a6cc9b.jpg,0.8796628063061991,0.36748788
B2A,9b9cdde1ce.jpg,0.696433837184854,0.31306678
B2A,9ba4ae09af.jpg,0.8211237103915422,0.46422368
B2A,9ba9376b9d.jpg,0.8729546257801802,0.22218889
B2A,9baca6d979.jpg,0.8796648062263476,0.32196125
B2A,9bd1b8c1be.jpg,0.9423061435436655,0.21774626
B2A,9bd28a56c1.jpg,0.7767186765364027,0.3411139
B2A,9be2b6c083.jpg,0.7177641335964281,0.5413646
B2A,9bf556f160.jpg,0.7768633239698625,0.48145014
B2A,9bf931ead4.jpg,0.8246385593426021,0.30782264
B2A,9bfcbc6fe3.jpg,0.72450477645835,0.38161469
B2A,9c0c63914a.jpg,0.7703631245424089,0.5396179
B2A,9c0e343a29.jpg,0.8368975733205577,0.33483168
B2A,9c102e25d3.jpg,0.8089724219961042,0.35304233
B2A,9c10716ffd.jpg,0.7629173678552341,0.6358412
B2A,9c204faa1f.jpg,0.6268215519735088,0.48662284
B2A,9c25e78088.jpg,0.8312978801158383,0.38497797
B2A,9c2fed3088.jpg,0.8673702457514635,0.33663994
B2A,9c4050f532.jpg,0.7214324524141222,0.41104004
B2A,9c4dd0a48f.jpg,0.6115927528761499,0.5930031
B2A,9c564000e7.jpg,0.6192794558702133,0.49075145
B2A,9c70f10a5a.jpg,0.8880791531958396,0.3248476
B2A,9c77707e49.jpg,0.7899621367526358,0.51424974
B2A,9c92f8345f.jpg,0.791200181556707,0.27670327
B2A,9ca436a170.jpg,0.8112047620471928,0.23386699
B2A,9caa11517e.jpg,0.8363678366016515,0.33035654
B2A,9cac2116d7.jpg,0.850202628934765,0.32235354
B2A,9cb836306d.jpg,0.8108623292028101,0.38226932
B2A,9cbcbdcbb3.jpg,0.6338918122161842,0.38655826
B2A,9cc0e6163f.jpg,0.8723838803442265,0.22125913
B2A,9cc35ff83e.jpg,0.7422802650342254,0.33589238
B2A,9cc789cfef.jpg,0.8087054582259177,0.36000195
B2A,9ccca8eac7.jpg,0.8263053280450583,0.3269353
B2A,9ce382c263.jpg,0.7500403777535254,0.39663932
B2A,9cef1e6708.jpg,0.7810986714588313,0.24236405
B2A,9cf972ea28.jpg,0.758474678294051,0.60635376
B2A,9cfb0b75ab.jpg,0.7481207618385055,0.33249542
B2A,9d09a34740.jpg,0.8841496262352025,0.2387569
B2A,9d3885ad89.jpg,0.7013257216566591,0.5781011
B2A,9d3c6b28c4.jpg,0.865359194403697,0.2693276
B2A,9d438a0bb2.jpg,0.8391475890940072,0.3507376
B2A,9d4711f6ef.jpg,0.7784409954844191,0.422292
B2A,9d59515745.jpg,0.7800547285739882,0.32935545
B2A,9d6df08287.jpg,0.7279862046777189,0.3995762
B2A,9d74f4e539.jpg,0.6369239939719796,0.39830524
B2A,9d766ffc5c.jpg,0.6865612383174372,0.27925175
B2A,9d7b548d1f.jpg,0.8559914430997595,0.25261933
B2A,9d7c3c3eea.jpg,0.8556052135569608,0.21224402
B2A,9d82fd9e98.jpg,0.7780803158046395,0.49041077
B2A,9d92ef2ffc.jpg,0.6879400086806773,0.41468072
B2A,9da065344d.jpg,0.7671254466111124,0.43175027
B2A,9dad30bdf5.jpg,0.7190578963225409,0.42271894
B2A,9dbc604a03.jpg,0.8091384752975886,0.36086267
B2A,9dc4a07f48.jpg,0.5754939676340031,0.20945905
B2A,9dc4a40f1a.jpg,0.6747868222066552,0.5397818
B2A,9dcebd8348.jpg,0.741546483492138,0.3980919
B2A,9dd9044174.jpg,0.8124509361507389,0.44409207
B2A,9dfd1f8a09.jpg,0.6675408452064931,0.5682168
B2A,9e0a0d54b5.jpg,0.7741466792196616,0.32396
B2A,9e13541480.jpg,0.866058964042051,0.20483422
B2A,9e176db9cd.jpg,0.8578046510262995,0.25130817
B2A,9e1842231b.jpg,0.6881865056559772,0.40574062
B2A,9e2f4c39d2.jpg,0.7012420685871706,0.47827566
B2A,9e3b34bb13.jpg,0.7566765279440105,0.44192165
B2A,9e456ef2a7.jpg,0.862988257869876,0.38713142
B2A,9e4b9f428b.jpg,0.5510721519661524,0.61432993
B2A,9e5dabe2b2.jpg,0.7173862504878656,0.29547212
B2A,9e65828ee9.jpg,0.8825625058000689,0.3314176
B2A,9e664ae2ef.jpg,0.6545575730287387,0.37542787
B2A,9e72cedb73.jpg,0.8359722417507027,0.5153771
B2A,9e7fcf4aaf.jpg,0.7222591273851959,0.6042775
B2A,9e81e8d2fe.jpg,0.6441766871370369,0.35884985
B2A,9e8554fade.jpg,0.7761456218914546,0.33632663
B2A,9e85d95d05.jpg,0.8791319839828688,0.19650313
B2A,9ea148fcc4.jpg,0.584979405620888,0.49660495
B2A,9ea60e0936.jpg,0.7609297144954228,0.22483227
B2A,9eacea8aca.jpg,0.8664160771219828,0.3509553
B2A,9ebccc0a7d.jpg,0.7108951895857462,0.40563574
B2A,9ebcfa05af.jpg,0.670431283044987,0.4039098
B2A,9ecf061dad.jpg,0.82566060714868,0.29959443
B2A,9edf01ed43.jpg,0.7703859180004887,0.40725365
B2A,9ef7c05e0f.jpg,0.8914362975286348,0.22713712
B2A,9f0c9920f5.jpg,0.7328384026345519,0.5540468
B2A,9f15606758.jpg,0.756689581168833,0.3404561
B2A,9f19e8f425.jpg,0.7305788801416847,0.37976402
B2A,9f24f894f6.jpg,0.8527364131909739,0.2437591
B2A,9f27c688cf.jpg,0.7970977939403378,0.34803933
B2A,9f29c11732.jpg,0.7683907019742104,0.40881366
B2A,9f335bade6.jpg,0.7158955423905953,0.4110899
B2A,9f34fc3c60.jpg,0.5728669324139117,0.33394754
B2A,9f37f0dae8.jpg,0.8786846753927124,0.29660368
B2A,9f41d8a922.jpg,0.73065277167605,0.46598056
B2A,9f52b55c2b.jpg,0.8456172003013889,0.29427975
B2A,9f52dd1c0b.jpg,0.8648774883744619,0.21666324
B2A,9f56a6400d.jpg,0.6389017150534861,0.38865092
B2A,9f740de87d.jpg,0.8261179635786008,0.2854398
B2A,9f777a3144.jpg,0.8185573903165847,0.41249377
B2A,9f80b1bc48.jpg,0.6998565873031057,0.5016714
B2A,9f8ae5b166.jpg,0.5866952034854404,0.3544523
B2A,9f9796d6b3.jpg,0.779389848033789,0.26747185
B2A,9f98b589a1.jpg,0.8889024746712807,0.36819994
B2A,9f9c46fa6b.jpg,0.9133784850035529,0.2677501
B2A,9fb63bf849.jpg,0.7037815478918953,0.5311747
B2A,9fbbbf4aec.jpg,0.704688026851154,0.56553805
B2A,9fe12f7bca.jpg,0.7294759334762394,0.5614741
B2A,9ff0e57941.jpg,0.7246379588261743,0.45210773
B2A,9ff990e66c.jpg,0.6281531378009436,0.52916807
B2A,a0077f9248.jpg,0.8138396591527719,0.32274425
B2A,a01c871721.jpg,0.6446908548483995,0.5458399
B2A,a01ee31b6c.jpg,0.8054883028379278,0.24665017
B2A,a0227b5ace.jpg,0.9231695816097267,0.28614077
B2A,a0235aa7f0.jpg,0.9022041441230529,0.31538135
B2A,a03dd34359.jpg,0.6785631411446511,0.6115183
B2A,a0465f0aa6.jpg,0.792111774508138,0.32315874
B2A,a04e9f4231.jpg,0.6782106746858512,0.4699446
B2A,a0522f278a.jpg,0.7126827265087051,0.34514707
B2A,a059321061.jpg,0.5467103538837925,0.44184017
B2A,a05aa88f6d.jpg,0.691588551790019,0.7229111
B2A,a05e1485c1.jpg,0.67988259676904,0.3336264
B2A,a0875579e8.jpg,0.869601668993806,0.38403136
B2A,a095ec94a6.jpg,0.825174019769175,0.31924492
B2A,a0cfc9ae82.jpg,0.7232121423711528,0.34317338
B2A,a0d15eb976.jpg,0.5773237941420792,0.54151666
B2A,a0d3357912.jpg,0.8271369891591577,0.5372762
B2A,a0d4bc2b72.jpg,0.8140845946187397,0.34668663
B2A,a0db0509a4.jpg,0.5900422723991182,0.38184756
B2A,a0e2fcf6d8.jpg,0.5969506417434851,0.6878723
B2A,a0ecda5d45.jpg,0.8090167430043091,0.27134383
B2A,a0f0dee611.jpg,0.8130432298122741,0.2576775
B2A,a0f2fad96f.jpg,0.7187160633737075,0.46407425
B2A,a1076aac63.jpg,0.7638031340289348,0.39950144
B2A,a1126aa060.jpg,0.797977074719815,0.32413113
B2A,a114ee8b43.jpg,0.7655506834061216,0.30856812
B2A,a12235c7d1.jpg,0.7787745874852844,0.3735853
B2A,a13915ca96.jpg,0.7270228694141638,0.39360148
B2A,a13aca724a.jpg,0.6635244034789103,0.33820933
B2A,a146cdb74b.jpg,0.6578493644444939,0.34457657
B2A,a157f8c6e2.jpg,0.8378789671229802,0.19663702
B2A,a15ecd5efe.jpg,0.7755763691769791,0.25966102
B2A,a16537d464.jpg,0.7296621765205545,0.33493286
B2A,a177641de7.jpg,0.8306742365883758,0.3542794
B2A,a179e79a0c.jpg,0.8608449291768436,0.28385472
B2A,a17e7e49b0.jpg,0.775425660078205,0.42701948
B2A,a181b6250e.jpg,0.7231510104778761,0.30734292
B2A,a1885fbac2.jpg,0.6853052906524542,0.40389284
B2A,a18cb10e08.jpg,0.7137284920561339,0.43003356
B2A,a18e92742a.jpg,0.6273780998622921,0.6538212
B2A,a197fed5c3.jpg,0.6535793637827383,0.41128397
B2A,a19962fefc.jpg,0.8575999873470946,0.291344
B2A,a19cf2cdbb.jpg,0.595680223976552,0.44093627
B2A,a1a84d3eda.jpg,0.7310163077657462,0.40050834
B2A,a1c54d6c61.jpg,0.6120371275027411,0.40313378
B2A,a1c88d3e35.jpg,0.7966332309968203,0.3506912
B2A,a1cc606af8.jpg,0.877346145883266,0.29177105
B2A,a1e45dc986.jpg,0.7220622122072866,0.3653554
B2A,a1faf9de15.jpg,0.8612087802919043,0.22875035
B2A,a1fc123777.jpg,0.811022224785382,0.25876176
B2A,a20a19b515.jpg,0.8564977649368034,0.31901824
B2A,a229109704.jpg,0.888608852025319,0.20842631
B2A,a2307719e1.jpg,0.6011602912067564,0.49436072
B2A,a23e7dfef5.jpg,0.8214193617863552,0.34833705
B2A,a25b63eadf.jpg,0.726529170695459,0.50731874
B2A,a25eb81721.jpg,0.6126506572743111,0.43900582
B2A,a263521820.jpg,0.8644855223375604,0.26356757
B2A,a2635ee772.jpg,0.7633036857738147,0.2518371
B2A,a26b0f2735.jpg,0.9033545960503258,0.270783
B2A,a2711f0830.jpg,0.8437877306474819,0.27417836
B2A,a2820db109.jpg,0.678303970315063,0.4546401
B2A,a283654df3.jpg,0.7430590833411865,0.39905223
B2A,a290773de7.jpg,0.849412075958167,0.42861342
B2A,a2bc2b83eb.jpg,0.659472648345176,0.30135065
B2A,a2c884fda1.jpg,0.8685712794435277,0.34594902
B2A,a2ccf1f748.jpg,0.6856729522846474,0.63531446
B2A,a2cfeba0e4.jpg,0.5901117961989516,0.34797347
B2A,a301643a27.jpg,0.7943154945464477,0.24314198
B2A,a31e04cec3.jpg,0.6376088803821273,0.5056075
B2A,a32b552866.jpg,0.8104928526185773,0.29169714
B2A,a32d4ea5ac.jpg,0.7569467130876225,0.4828267
B2A,a32e116556.jpg,0.6867138048517583,0.4333075
B2A,a32f6b942f.jpg,0.8647695482618113,0.271368
B2A,a359bc69a6.jpg,0.8243908756959448,0.3935824
B2A,a362f89cd1.jpg,0.8734593526461187,0.26971754
B2A,a366accb3c.jpg,0.8701182906833995,0.24926329
B2A,a37515911a.jpg,0.6171370889285225,0.43057498
B2A,a37b1c52f2.jpg,0.6699019792850237,0.51641625
B2A,a38abc41c8.jpg,0.8957290566402658,0.25912657
B2A,a3a4e42632.jpg,0.6530504908686111,0.6324128
B2A,a3ac3b8f7e.jpg,0.7233645481526311,0.4364883
B2A,a3b40d246d.jpg,0.809816900499102,0.54664636
B2A,a3bc08b40b.jpg,0.8124356681248698,0.27736676
B2A,a3d3b5d93a.jpg,0.7189434610540476,0.44833416
B2A,a3d574e6e3.jpg,0.7140923551833667,0.51102126
B2A,a3df896182.jpg,0.8078235034474581,0.25842893
B2A,a3e41f7a46.jpg,0.6763044492820549,0.52165616
B2A,a3e4a4c73b.jpg,0.6982639066306212,0.3278301
B2A,a3f8364c10.jpg,0.6090101547206547,0.6882131
B2A,a3fba584f9.jpg,0.886628402232756,0.3336848
B2A,a40511031a.jpg,0.7959359353710908,0.34078205
B2A,a40db75ec2.jpg,0.8659634296171713,0.36763388
B2A,a40ec56a84.jpg,0.8147114373307022,0.5466335
B2A,a412f13a5b.jpg,0.7224823269912024,0.37378132
B2A,a42d5a72ff.jpg,0.6916656995680659,0.304948
B2A,a4314f85dd.jpg,0.8974208086808219,0.2739823
B2A,a43c11f6e4.jpg,0.8412459098472979,0.42631358
B2A,a43e096ce5.jpg,0.7509013496116665,0.31258142
B2A,a4418037c4.jpg,0.7106610446393286,0.4643463
B2A,a448539aa0.jpg,0.7294549695760567,0.4937219
B2A,a4490bd462.jpg,0.8727327626640458,0.21530497
B2A,a456fc158f.jpg,0.8348054068351077,0.25596184
B2A,a45c5b6869.jpg,0.7684404684049234,0.3634883
B2A,a467ebbd05.jpg,0.8617530888796867,0.20616545
B2A,a485cebc5d.jpg,0.8344719375409483,0.3091566
B2A,a48886307d.jpg,0.8479592851447777,0.43398106
B2A,a4963511f4.jpg,0.8911227472008283,0.24647668
B2A,a49bfc7f31.jpg,0.64166398227631,0.57780194
B2A,a49df48149.jpg,0.8842317723249786,0.47486016
B2A,a4a867e38f.jpg,0.7763532012424621,0.51666105
B2A,a4b3c66449.jpg,0.823933478089798,0.2960604
B2A,a4ba621177.jpg,0.7645146034140294,0.39119303
B2A,a4ba843961.jpg,0.734971699020483,0.3602299
B2A,a4cd276f26.jpg,0.7849123070344287,0.3492804
B2A,a4e346e887.jpg,0.6891741259548969,0.5339416
B2A,a4e3e280d9.jpg,0.8006106259986008,0.36894447
B2A,a4f4d25e61.jpg,0.8137903979717498,0.29719323
B2A,a4f8537cd9.jpg,0.7597986648262641,0.25042686
B2A,a50aba1d24.jpg,0.9045250548360053,0.2848519
B2A,a5181cd01f.jpg,0.8753164214537529,0.27368906
B2A,a519ab666c.jpg,0.48227094730940234,0.80021524
B2A,a51b62995b.jpg,0.7382058922722634,0.29635972
B2A,a51c7b2303.jpg,0.8124010836920722,0.34100854
B2A,a53008cac1.jpg,0.863894001350275,0.2339445
B2A,a53383dc25.jpg,0.6336152810407196,0.37975115
B2A,a53affbb0b.jpg,0.7810039353828463,0.5679287
B2A,a542e05538.jpg,0.8364888218574295,0.34115973
B2A,a54454c5ea.jpg,0.7283421371165769,0.3934639
B2A,a546e53fbe.jpg,0.7432794132111236,0.80816543
B2A,a552d6a455.jpg,0.6819302684127482,0.36514473
B2A,a55a1a091c.jpg,0.6732206391258148,0.3703706
B2A,a562192a23.jpg,0.8752800625723495,0.2667067
B2A,a577c91fc1.jpg,0.8031116109350491,0.44271237
B2A,a57c43fffc.jpg,0.8021246618542902,0.4058354
B2A,a588de330c.jpg,0.7451106127584239,0.5134531
B2A,a590f768fe.jpg,0.8112503439604264,0.41804993
B2A,a595719ef9.jpg,0.8654963161928825,0.3091102
B2A,a598e08f68.jpg,0.7230793116756958,0.54446596
B2A,a598e5aef5.jpg,0.4372550869368021,0.62386185
B2A,a59c317767.jpg,0.6724937808513317,0.63628197
B2A,a5a55a6605.jpg,0.8672536511635183,0.3791905
B2A,a5af8b893b.jpg,0.8858673766787957,0.2950818
B2A,a5b1cfbcfd.jpg,0.5509208613741291,0.3691645
B2A,a5bc67adcd.jpg,0.7965410329455384,0.32112664
B2A,a5d272747e.jpg,0.8339193561157295,0.33768496
B2A,a5da7f96c4.jpg,0.8117954400609829,0.28969824
B2A,a604002e2a.jpg,0.895681386642345,0.23734
B2A,a617bbf356.jpg,0.7994021775454907,0.51081324
B2A,a61beb8d14.jpg,0.6334642004243801,0.36046523
B2A,a61d366d2d.jpg,0.6332642114987506,0.643844
B2A,a62e7a5101.jpg,0.8206773465307721,0.35973847
B2A,a62ea8db0f.jpg,0.8478432803810475,0.31617916
B2A,a6323ca7f3.jpg,0.6704241101126153,0.3781371
B2A,a632e5523e.jpg,0.7340049679336469,0.43243128
B2A,a638326b1d.jpg,0.7570532090313025,0.4039433
B2A,a63a202a57.jpg,0.8138896418193573,0.23831925
B2A,a63a32e180.jpg,0.818635232244824,0.20943734
B2A,a63d70c4a3.jpg,0.7729449176004343,0.48032054
B2A,a64fb4de85.jpg,0.784225853573903,0.2964996
B2A,a6561cf2e0.jpg,0.7516073368606904,0.47622868
B2A,a658eef56c.jpg,0.8299273444204184,0.3607875
B2A,a65bfd0e43.jpg,0.5435479589478825,0.67209923
B2A,a65e118960.jpg,0.6611327638930625,0.4117052
B2A,a67feba233.jpg,0.8831583071737905,0.22445792
B2A,a682ce11f5.jpg,0.7834525644816631,0.22540432
B2A,a6838bdf94.jpg,0.7630157441586385,0.35251263
B2A,a68efb6c07.jpg,0.7432402752111036,0.3328791
B2A,a694999074.jpg,0.6453708914091081,0.6907406
B2A,a6959d7c87.jpg,0.708818804428729,0.34877166
B2A,a6a316bffd.jpg,0.7789327081554948,0.21086723
B2A,a6c9c35a31.jpg,0.7852299148494986,0.3951456
B2A,a6cc5973c2.jpg,0.8151478017268674,0.24650894
B2A,a6d026b823.jpg,0.6306242597603149,0.44026208
B2A,a6df272807.jpg,0.7370627669981875,0.3908728
B2A,a6e2dd35f8.jpg,0.8540347866426814,0.2894941
B2A,a6e519d471.jpg,0.7367343377430291,0.36575428
B2A,a708982f02.jpg,0.6919540547909703,0.5773579
B2A,a70ea207cc.jpg,0.6671153964994598,0.5133476
B2A,a71799de73.jpg,0.8400191944430643,0.41422042
B2A,a71f15712f.jpg,0.6604214178266077,0.5461501
B2A,a739ea92ae.jpg,0.8041631396195321,0.41070035
B2A,a74f4e06aa.jpg,0.8167879725658143,0.35568213
B2A,a75469e52f.jpg,0.8982181076628997,0.2626509
B2A,a7594e87fd.jpg,0.7685331788417449,0.33705735
B2A,a76093c3dd.jpg,0.765905638123415,0.35252345
B2A,a760bc4309.jpg,0.8621917495341677,0.312276
B2A,a777303bee.jpg,0.946579287722988,0.320929
B2A,a786ecfabb.jpg,0.8014642392340275,0.38416213
B2A,a7883bc50e.jpg,0.6434755788091452,0.79915786
B2A,a7976448c0.jpg,0.706592481132559,0.46908772
B2A,a798e840cc.jpg,0.673615153003765,0.5432265
B2A,a79f8d5a7d.jpg,0.8389661703400101,0.42021248
B2A,a7a21f3ccd.jpg,0.756325851283732,0.43948263
B2A,a7a2534308.jpg,0.772667951647048,0.4767279
B2A,a7ae4aab24.jpg,0.8175639656039358,0.26517558
B2A,a7b11a83ba.jpg,0.8734771405161099,0.22836602
B2A,a7b5f480d3.jpg,0.8392935136319472,0.33099937
B2A,a7ba1fdb8d.jpg,0.6396033611992139,0.20952523
B2A,a7c3243254.jpg,0.7659919418226476,0.3324394
B2A,a7c5642b9b.jpg,0.8749984082458654,0.25123692
B2A,a7c972a651.jpg,0.6410099999982136,0.6153101
B2A,a7e09af64a.jpg,0.84820675085274,0.31559932
B2A,a7e86fbe21.jpg,0.7970896990744909,0.3220755
B2A,a7fb6b9ffa.jpg,0.6986833838634048,0.5137012
B2A,a7ffac0edb.jpg,0.8586830653916804,0.25672558
B2A,a80594f85b.jpg,0.7732984028215747,0.3000657
B2A,a8089a9f66.jpg,0.9141440024175144,0.24913324
B2A,a8095aa2f5.jpg,0.8490061628305702,0.21576557
B2A,a80c7ee69a.jpg,0.5965666841939614,0.52163935
B2A,a828255ebc.jpg,0.6814178528173687,0.35064048
B2A,a82a9c378a.jpg,0.7277363808626408,0.3289248
B2A,a82c3afbbd.jpg,0.7385734758138158,0.39168808
B2A,a84921e7be.jpg,0.8449841043352982,0.19912446
B2A,a84f3fbf3f.jpg,0.7116746854571935,0.44110218
B2A,a85633910c.jpg,0.6714920972326145,0.24444422
B2A,a85a8cee92.jpg,0.7447896051790539,0.45959845
B2A,a8686f237c.jpg,0.6169745639442107,0.3360302
B2A,a86f13ae99.jpg,0.7904918540010825,0.39879915
B2A,a876481147.jpg,0.8389970057509211,0.3467849
B2A,a88e5ab869.jpg,0.6904805377969326,0.49361125
B2A,a8911b1283.jpg,0.684543289977847,0.40536916
B2A,a89631a70e.jpg,0.7017798823982868,0.537114
B2A,a89c8773ae.jpg,0.8225132481687378,0.2232463
B2A,a8a27b4e1a.jpg,0.7756276068099296,0.7091265
B2A,a8a4ee4f79.jpg,0.8633579538272582,0.38109553
B2A,a8b7358e0e.jpg,0.7405170541445407,0.3788399
B2A,a8c04e4f33.jpg,0.7311307249686045,0.5448942
B2A,a8d022d99c.jpg,0.7487255026719446,0.4509192
B2A,a8d3c5c2d3.jpg,0.6584364299521884,0.55281204
B2A,a8d61b91a4.jpg,0.6430768150803998,0.55363137
B2A,a8e351db00.jpg,0.6500784491467829,0.62589836
B2A,a8e62405d3.jpg,0.8785614647970146,0.2853547
B2A,a908f29569.jpg,0.8634067141609011,0.45678544
B2A,a90b8ea6ed.jpg,0.5870657455272981,0.58463776
B2A,a91402ed9b.jpg,0.6565941702454821,0.3896801
B2A,a917afed2a.jpg,0.7280043037113737,0.47872365
B2A,a92d0cde38.jpg,0.782027545889558,0.25347358
B2A,a92eed65ce.jpg,0.7244331149855798,0.3400036
B2A,a93e11ed37.jpg,0.889650836901727,0.2805987
B2A,a945149eb0.jpg,0.8593105233764503,0.21271846
B2A,a9460f4e16.jpg,0.7525427453968023,0.3946358
B2A,a946a049f9.jpg,0.5352857738344222,0.5163204
B2A,a9542998ad.jpg,0.7797582208422741,0.41807413
B2A,a95a086609.jpg,0.7403209684353949,0.42748913
B2A,a962271585.jpg,0.7669795098360631,0.48909897
B2A,a963d0573b.jpg,0.7074576978960354,0.4686799
B2A,a965ac5835.jpg,0.7626766331284942,0.4276151
B2A,a97237c4b1.jpg,0.8187552435196572,0.33266264
B2A,a97e50a8d4.jpg,0.7167236218048664,0.41114458
B2A,a98179e505.jpg,0.7683560657793806,0.24951845
B2A,a99dbf6b17.jpg,0.7681161196793181,0.3711665
B2A,a99f495968.jpg,0.7044764390820412,0.35933098
B2A,a9a61131fc.jpg,0.8085208019677227,0.44997257
B2A,a9a7cc1b1c.jpg,0.8685715595801077,0.5979338
B2A,a9a881577b.jpg,0.5450915773814556,0.607935
B2A,a9d597ca20.jpg,0.6315833586455228,0.44716907
B2A,a9d902fc38.jpg,0.6857884713212543,0.37651366
B2A,a9de4c4d69.jpg,0.7653080560710526,0.34883785
B2A,a9ef8c2bcd.jpg,0.6689737086763151,0.3783919
B2A,a9efa619e0.jpg,0.7692806736768174,0.4060967
B2A,a9faa93d67.jpg,0.730732197338806,0.447277
B2A,a9fe1f88ab.jpg,0.7314015671807186,0.657874
B2A,a9ff892ea7.jpg,0.7039907797616286,0.30340773
B2A,aa0485a59f.jpg,0.7904453681444649,0.33605656
B2A,aa09a96ed1.jpg,0.6398222190769393,0.65300727
B2A,aa102a3ea1.jpg,0.8514354195008376,0.31192744
B2A,aa108bb6da.jpg,0.8301568036347287,0.25527394
B2A,aa238a7170.jpg,0.7570002040846399,0.3215635
B2A,aa26ff7c15.jpg,0.7526226189245188,0.5207839
B2A,aa2afa7cfe.jpg,0.7349855872458773,0.4964195
B2A,aa2b315b55.jpg,0.7585259798445949,0.5153991
B2A,aa387dcb3e.jpg,0.6675507061780928,0.3401556
B2A,aa3f9768ff.jpg,0.6868497060915144,0.30348745
B2A,aa44603744.jpg,0.6739707179111786,0.3535678
B2A,aa4c6e40e5.jpg,0.6760731445526764,0.46530503
B2A,aa64f54007.jpg,0.8095837189826736,0.36456966
B2A,aa72b9cc61.jpg,0.7631829370514016,0.44848132
B2A,aa778409e9.jpg,0.7563289353250586,0.2905167
B2A,aa8e5f3af4.jpg,0.7424716665532414,0.47213745
B2A,aa99d68834.jpg,0.8026398021925307,0.3459111
B2A,aa9acfe3e7.jpg,0.812583599204496,0.34032348
B2A,aaaffcb550.jpg,0.6582523254587009,0.5848421
B2A,aab0eaf7cd.jpg,0.9037399114278168,0.31542206
B2A,aab746580f.jpg,0.5371211831005354,0.5874349
B2A,aabffc2182.jpg,0.8038448831855363,0.28183082
B2A,aac1f31a2d.jpg,0.6849796080778715,0.6094321
B2A,aaca9f8d52.jpg,0.8268322424358918,0.25192395
B2A,aacc4a4e82.jpg,0.8788475233990427,0.27271092
B2A,aadee76463.jpg,0.7673626297802585,0.27711642
B2A,aaeb9e1228.jpg,0.7841355541188967,0.47121045
B2A,ab001a0dce.jpg,0.7728432696489801,0.4293293
B2A,ab04be8f33.jpg,0.5516220119232901,0.4362374
B2A,ab0917a3f9.jpg,0.7536613470211317,0.43441504
B2A,ab0d0dfe08.jpg,0.7005657813066021,0.45514518
B2A,ab1141671d.jpg,0.5065373441414885,0.35523129
B2A,ab3576b164.jpg,0.8331357051305869,0.25018573
B2A,ab36e4f5d7.jpg,0.8821917889099767,0.25779858
B2A,ab4450580b.jpg,0.6745243765626753,0.6089673
B2A,ab45414f0a.jpg,0.8073039672567364,0.36933982
B2A,ab808be34d.jpg,0.6621489592185406,0.5984937
B2A,ab8999b3d4.jpg,0.6212388960339433,0.29080844
B2A,abaa2d0caf.jpg,0.5461619908595562,0.50290614
B2A,abaf585ce0.jpg,0.7394208563557984,0.29064602
B2A,abb7c92cd2.jpg,0.7424663518303185,0.40043578
B2A,abc2244ad0.jpg,0.6740722504139377,0.43691272
B2A,abc26dd865.jpg,0.7707174600146275,0.29459614
B2A,abc76b33c5.jpg,0.7457099316318873,0.47399378
B2A,abd58494e7.jpg,0.8043745502712636,0.25014392
B2A,abe159882d.jpg,0.7048800382107512,0.301609
B2A,abe813f1cb.jpg,0.8510530957116257,0.21466762
B2A,abeca4498a.jpg,0.6590056374181019,0.53590757
B2A,abee44db3e.jpg,0.7437104358234434,0.54308254
B2A,abfbbbd0ca.jpg,0.7737941177327545,0.33518592
B2A,ac049a3c0d.jpg,0.7686755514480038,0.44090798
B2A,ac22f8134b.jpg,0.4990911598744475,0.7756895
B2A,ac36bd24bb.jpg,0.8476749121714447,0.31534463
B2A,ac50e0ca26.jpg,0.9173991414623737,0.3579939
B2A,ac5181086c.jpg,0.7939579382721067,0.41829222
B2A,ac5b1ab8f0.jpg,0.7651462893534918,0.35434377
B2A,ac5d1dd7a1.jpg,0.6126569361801858,0.7747725
B2A,ac91124a63.jpg,0.713157173895286,0.4406011
B2A,ac91ac81c3.jpg,0.8821351726130807,0.25088912
B2A,ac932a461b.jpg,0.8383813835186529,0.24356669
B2A,ac9afdb0a8.jpg,0.8400047489505259,0.28949243
B2A,ac9c8211cb.jpg,0.7530716370841514,0.5190591
B2A,aca32eb466.jpg,0.7646421945735773,0.30022594
B2A,aca45f78be.jpg,0.849646584454413,0.2916609
B2A,acab996be8.jpg,0.889798561160006,0.3242345
B2A,acae006873.jpg,0.677694565043165,0.4273559
B2A,acaf4ef81e.jpg,0.7840917537117577,0.39123455
B2A,acbede97b1.jpg,0.6950024278155594,0.46026692
B2A,acc787b868.jpg,0.6981971125704326,0.5584528
B2A,acc8b354fc.jpg,0.8641803235914943,0.34254622
B2A,acccbeb5a3.jpg,0.7910174574256065,0.349385
B2A,accfade258.jpg,0.6764131677269299,0.57342416
B2A,acda36155d.jpg,0.7339538088310584,0.42113402
B2A,ace63e2d37.jpg,0.7576108530743375,0.25109446
B2A,acf0aeda10.jpg,0.8816154588637637,0.29865968
B2A,acf43bbda9.jpg,0.756590620270408,0.34200832
B2A,ad08c8c439.jpg,0.8347525093239875,0.44850624
B2A,ad122b9a0c.jpg,0.6212511763923495,0.43580663
B2A,ad1819b0e6.jpg,0.8409648162483777,0.31129587
B2A,ad1a8669c9.jpg,0.6423650510917442,0.45392707
B2A,ad24506f8b.jpg,0.7631925648864831,0.48349237
B2A,ad31237f7b.jpg,0.8142624428833595,0.22682801
B2A,ad3d8eb941.jpg,0.6278827050736386,0.6876428
B2A,ad4208f91f.jpg,0.7727459550920875,0.34667766
B2A,ad5065585a.jpg,0.7533241248176903,0.27636316
B2A,ad5385ebb1.jpg,0.6292780402886106,0.45981854
B2A,ad5c6dd37f.jpg,0.7360379412562937,0.39155167
B2A,ad673d759f.jpg,0.6850864657702801,0.49555412
B2A,ad67e71b94.jpg,0.7392036869898596,0.25173524
B2A,ad7d5b8945.jpg,0.8533124308064772,0.24743256
B2A,ad8139d30e.jpg,0.7831338552338664,0.43822718
B2A,ad8f6db4da.jpg,0.9353902365889473,0.20723993
B2A,ad8fca5a81.jpg,0.7016738809000743,0.37405312
B2A,ad95d06611.jpg,0.8864381161812195,0.3691868
B2A,ada37edd54.jpg,0.780364208385353,0.54036087
B2A,ada576bcf5.jpg,0.8202668753344738,0.32077974
B2A,ada64f6f98.jpg,0.6487654789332901,0.435229
B2A,adb5589a4a.jpg,0.7872670845288278,0.41945413
B2A,adbb6706f4.jpg,0.7135340843590219,0.36311507
B2A,adc015d394.jpg,0.8404723518862017,0.29486632
B2A,adc7df4c09.jpg,0.7800630999696572,0.26767665
B2A,adc8bca42b.jpg,0.7695247136616953,0.29454303
B2A,add673f629.jpg,0.8567040005181447,0.27079916
B2A,addb9e11be.jpg,0.8491606856298146,0.26326618
B2A,addf00ca3f.jpg,0.8772049178155529,0.27465016
B2A,ade0f46a3f.jpg,0.6096435751179801,0.28233942
B2A,adee0e7444.jpg,0.8414224799355249,0.32018927
B2A,adf0ac7938.jpg,0.854345269817883,0.2999966
B2A,adf316819b.jpg,0.8348009641826667,0.4369803
B2A,adf3ad1301.jpg,0.8425482198927454,0.23084176
B2A,ae073bf16d.jpg,0.751057069031822,0.5250996
B2A,ae15831d3a.jpg,0.8442998857859811,0.41957855
B2A,ae16d6d012.jpg,0.7893511690468169,0.3893513
B2A,ae1951459d.jpg,0.8288134288030905,0.33539313
B2A,ae1ee21b01.jpg,0.7935659375388906,0.40251952
B2A,ae2923b68c.jpg,0.8459414005430055,0.32883027
B2A,ae2c1ea2d6.jpg,0.8434480234431657,0.3464097
B2A,ae32973f1b.jpg,0.8157762457367336,0.42540318
B2A,ae33f34419.jpg,0.7838547307137104,0.29919922
B2A,ae3bb4751d.jpg,0.7237553440254842,0.29408687
B2A,ae48a41403.jpg,0.7714834009053774,0.2901106
B2A,ae56d20cb9.jpg,0.8138554642849344,0.34104306
B2A,ae5ac0bf8a.jpg,0.6126512131210141,0.51830745
B2A,ae667757b8.jpg,0.637297112966015,0.4510415
B2A,ae7f0cf2c7.jpg,0.7910328519801816,0.2935785
B2A,ae91238c7d.jpg,0.9006895254469434,0.2563126
B2A,ae97673634.jpg,0.5931575449027295,0.6319655
B2A,aea3c83ebe.jpg,0.7898030363209507,0.26066434
B2A,aea4a60c4e.jpg,0.7389745618296281,0.36806926
B2A,aea6b06ea6.jpg,0.6690893848367152,0.21052188
B2A,aed2032c56.jpg,0.6261211258371875,0.53058714
B2A,aedf554224.jpg,0.8014132120300009,0.3370505
B2A,aee36ebffb.jpg,0.7491335918952996,0.39215088
B2A,aeff6a1ad9.jpg,0.8341415349522351,0.3486114
B2A,af2075bcf5.jpg,0.8436010426755135,0.24534735
B2A,af24d79cda.jpg,0.6997901985103447,0.27555794
B2A,af2acf5f58.jpg,0.6552695408319477,0.48250708
B2A,af4232e4ad.jpg,0.7914818902299717,0.37788203
B2A,af4456d9ce.jpg,0.6729302818190427,0.32284924
B2A,af51aca135.jpg,0.506144315278512,0.5332126
B2A,af5f718ec0.jpg,0.7391452903615672,0.29195833
B2A,af672cd7de.jpg,0.9015039003579808,0.25113016
B2A,af6af0e073.jpg,0.8460869491373469,0.32256073
B2A,af87640174.jpg,0.7945104354907825,0.25717404
B2A,af890fdb8b.jpg,0.6097764733072951,0.4333419
B2A,af899de250.jpg,0.7129985466045818,0.51193255
B2A,af8b38d918.jpg,0.837535432668023,0.20422238
B2A,af97db63a5.jpg,0.8462671621842397,0.3064762
B2A,af98779f2f.jpg,0.8747078674238943,0.26337487
B2A,af9f206c68.jpg,0.7449983057891503,0.5032439
B2A,afa167a1a5.jpg,0.8144895524509232,0.30085304
B2A,afa1a71c3d.jpg,0.686354395472396,0.55980575
B2A,afa576e383.jpg,0.7915165745557861,0.49519828
B2A,afabae968b.jpg,0.7752835827106027,0.3427332
B2A,afaf808be0.jpg,0.705651448169072,0.50771075
B2A,afb21c0a01.jpg,0.8722546271390034,0.38828796
B2A,afb5f05573.jpg,0.7360825877754222,0.31115252
B2A,afb5fd0067.jpg,0.6796978108940561,0.5097743
B2A,afd6a4c506.jpg,0.7195623616366249,0.35857844
B2A,afe09342a4.jpg,0.8309592694714536,0.4434445
B2A,afec9d2ce5.jpg,0.5523636730411364,0.53021795
B2A,afee15fa99.jpg,0.7472075119113524,0.47480884
B2A,aff47b8492.jpg,0.7387512198732692,0.44998527
B2A,aff8f6d136.jpg,0.8787204949036156,0.23747718
B2A,b003895ce9.jpg,0.797780311305686,0.33121336
B2A,b01acadfd9.jpg,0.5812896050382297,0.3476559
B2A,b0238fb4d6.jpg,0.7844901943197303,0.4788606
B2A,b023dae26b.jpg,0.8080201418130619,0.40593445
B2A,b02697eec9.jpg,0.7530509823000208,0.33766785
B2A,b027a80904.jpg,0.677349233859189,0.47783887
B2A,b028f604ed.jpg,0.8875578087088509,0.2633028
B2A,b03262df8a.jpg,0.7542111978366236,0.32434872
B2A,b03646ab9d.jpg,0.8664282351620621,0.23851933
B2A,b036b0bd6e.jpg,0.8318390137451596,0.43951747
B2A,b043e97f3c.jpg,0.8946394363326874,0.25094253
B2A,b048d6b4a6.jpg,0.7937659690660872,0.35256323
B2A,b04af1a7a5.jpg,0.8774723986391066,0.24530995
B2A,b04b5604c4.jpg,0.7245193328324755,0.30131632
B2A,b05f08496f.jpg,0.9003005116232664,0.3745408
B2A,b069343f1c.jpg,0.7935884309828546,0.45644173
B2A,b06a3053e1.jpg,0.716335173993036,0.38178682
B2A,b07115bda9.jpg,0.9050911865517646,0.25860977
B2A,b0771d4c61.jpg,0.6685771625454843,0.4072337
B2A,b07a462689.jpg,0.573459891529406,0.39093998
B2A,b08e49c7b8.jpg,0.8248961248365485,0.3239634
B2A,b09cf0dffc.jpg,0.8844014952313161,0.19755858
B2A,b0a4fcb39d.jpg,0.9116974188723785,0.32091892
B2A,b0b01c67cb.jpg,0.7249412395787901,0.47795594
B2A,b0bc5786a5.jpg,0.5515127030570378,0.3177521
B2A,b0c59def26.jpg,0.7405445778808654,0.5714257
B2A,b0c99529c9.jpg,0.6704104574975657,0.64118624
B2A,b0ccf80417.jpg,0.7279365646607838,0.30101743
B2A,b0dc34e8e6.jpg,0.7391394580905684,0.5417572
B2A,b0e936e41b.jpg,0.8202834206321437,0.37027147
B2A,b0f66caebb.jpg,0.7106072045508067,0.54478806
B2A,b10839181d.jpg,0.7658772476335204,0.35798323
B2A,b10dabf94e.jpg,0.7724657926654844,0.41350874
B2A,b112237bbf.jpg,0.787191411512901,0.26425505
B2A,b11afb309d.jpg,0.5554941418637716,0.47105888
B2A,b128c9759f.jpg,0.7370569401134281,0.24424644
B2A,b12bf44d38.jpg,0.6677080181365262,0.19117196
B2A,b12d6de1d9.jpg,0.5693233368137396,0.34820554
B2A,b13aecdf79.jpg,0.6753625995201818,0.32194075
B2A,b140da8120.jpg,0.8071345458452731,0.40115806
B2A,b150248c5b.jpg,0.7468507856714777,0.3137954
B2A,b1512c76c7.jpg,0.7920106824622638,0.5248369
B2A,b15cbb80b4.jpg,0.8271754182940029,0.22196369
B2A,b161a5d3cb.jpg,0.862212446056517,0.31815723
B2A,b164b7525c.jpg,0.7236235602157788,0.44923642
B2A,b1654bdb7e.jpg,0.8223587630410153,0.4059837
B2A,b16bafe652.jpg,0.8456551346720442,0.27064937
B2A,b16dcdc688.jpg,0.7792371747521206,0.3506739
B2A,b16e9f4263.jpg,0.8452308750868242,0.34391162
B2A,b17c40b1ea.jpg,0.8061186599500095,0.43697292
B2A,b181897b98.jpg,0.8644673118940038,0.30991718
B2A,b18beb6d72.jpg,0.8040523105809333,0.4087296
B2A,b1e3ea9ca5.jpg,0.7898007582286601,0.35192752
B2A,b1eb87490e.jpg,0.696518897230901,0.4583231
B2A,b20d1d38d7.jpg,0.8944980627731406,0.31312788
B2A,b21a369bbd.jpg,0.6373527214502877,0.66564757
B2A,b21c4fc9bd.jpg,0.9281174939829528,0.27256757
B2A,b220f59b09.jpg,0.46991410129171796,0.79103875
B2A,b23933adf6.jpg,0.7192272225255637,0.5315242
B2A,b23ae1573f.jpg,0.6717151820706707,0.65794206
B2A,b2400fe0a5.jpg,0.6340361816768859,0.50031245
B2A,b242ae6db1.jpg,0.8223018217167459,0.37554765
B2A,b2442c013f.jpg,0.8239774218261868,0.40955892
B2A,b244d049e3.jpg,0.7976202036418307,0.39279354
B2A,b245d8b8ff.jpg,0.6795751824949668,0.449274
B2A,b2633e0b11.jpg,0.8172107357514882,0.403713
B2A,b263b335f4.jpg,0.6851979121034198,0.5417013
B2A,b265520a3d.jpg,0.7699423462565561,0.32113385
B2A,b275f883d7.jpg,0.8783680635599933,0.18767743
B2A,b27811638c.jpg,0.7879825124147444,0.434636
B2A,b2883a87cb.jpg,0.8090896872273118,0.4127704
B2A,b288896b0a.jpg,0.6849477063892171,0.45494816
B2A,b29034b730.jpg,0.7197159827193944,0.35114384
B2A,b29d413ab1.jpg,0.7557667776834577,0.38348365
B2A,b2a7070656.jpg,0.5719611474805381,0.47784063
B2A,b2a9652a6f.jpg,0.7389856262150096,0.55052
B2A,b2abb2ae39.jpg,0.7951198421326807,0.46891272
B2A,b2bb2119a9.jpg,0.8610763134304529,0.30995512
B2A,b2cb0fe346.jpg,0.8452319075564771,0.22995323
B2A,b2cbeec8f9.jpg,0.8833227780838876,0.28072473
B2A,b2cbf1cf7a.jpg,0.719869138475665,0.39664203
B2A,b2de093e02.jpg,0.8248804808938927,0.3582655
B2A,b2e2ffcd0a.jpg,0.7061771403887543,0.44110245
B2A,b2ee6d8bc5.jpg,0.8551846724473617,0.2704598
B2A,b2f7fa511e.jpg,0.8515140528665204,0.5177476
B2A,b2fd16828f.jpg,0.7393519042472733,0.3936966
B2A,b2fe82b23e.jpg,0.7988173004693984,0.2479105
B2A,b30876c470.jpg,0.7123914503919119,0.5464483
B2A,b31c7ff3e0.jpg,0.8529475684055067,0.25296983
B2A,b326ea0088.jpg,0.8849135500953904,0.2873305
B2A,b34c11aa77.jpg,0.7326251324898506,0.44682696
B2A,b3544a41dd.jpg,0.7112645205271205,0.48934725
B2A,b398a41374.jpg,0.8410533903374983,0.3147493
B2A,b39ad63238.jpg,0.8222268589563504,0.3686348
B2A,b3a246218c.jpg,0.8034337949720233,0.29528773
B2A,b3ad362dc3.jpg,0.8253244082574066,0.45789093
B2A,b3bfca1f8b.jpg,0.8923867964211659,0.26524898
B2A,b3c28798bd.jpg,0.7422088408675375,0.3164708
B2A,b3c422ffa6.jpg,0.6287498972527455,0.47523257
B2A,b3cc0df141.jpg,0.8216008485505154,0.26772216
B2A,b3d3d9921d.jpg,0.7526153908542518,0.3236801
B2A,b3d83e557e.jpg,0.7630310475645168,0.2799674
B2A,b3daba3e38.jpg,0.8163232812920224,0.4452936
B2A,b3db7e6aae.jpg,0.627312622848115,0.38808203
B2A,b3e5c31249.jpg,0.8558030832932583,0.3329834
B2A,b3e9f5d03a.jpg,0.7431554077467284,0.5411945
B2A,b3efa6f13f.jpg,0.8516051283338856,0.27267623
B2A,b404fb513f.jpg,0.6929242381204187,0.45072845
B2A,b4166bd020.jpg,0.8176612021448808,0.437121
B2A,b41d24db10.jpg,0.6926217372959648,0.56231654
B2A,b4217286ca.jpg,0.8287757364873263,0.3193305
B2A,b43d7dcae4.jpg,0.8541839701209586,0.36208153
B2A,b44289846b.jpg,0.8410054547950294,0.39440864
B2A,b443916aa7.jpg,0.8277927769574054,0.4111629
B2A,b46106fd89.jpg,0.6894068923299009,0.33544827
B2A,b461cd6b95.jpg,0.7332351662281441,0.5075283
B2A,b463392033.jpg,0.6374537028045983,0.4745707
B2A,b469541ab9.jpg,0.9025828991921264,0.38490295
B2A,b475f64439.jpg,0.7632258317475504,0.3563465
B2A,b47834dd52.jpg,0.8342484765135056,0.37752932
B2A,b47b2f88c3.jpg,0.7565796387281153,0.34473175
B2A,b482bd55c5.jpg,0.779588463339697,0.31792435
B2A,b489bdec64.jpg,0.7915863107065649,0.38967162
B2A,b492a7d919.jpg,0.656665486526792,0.23354274
B2A,b4a1b33eae.jpg,0.7745539388411155,0.34541887
B2A,b4ba4bd4b0.jpg,0.5973750762887707,0.44121912
B2A,b4c752721a.jpg,0.7879732038882918,0.2827408
B2A,b4c7f33b35.jpg,0.5131703023307856,0.438103
B2A,b4c8e36705.jpg,0.887806465641581,0.29477128
B2A,b4cc9f5870.jpg,0.7013246049958296,0.35935795
B2A,b4d64206dd.jpg,0.840348447327091,0.33256084
B2A,b4ef669e4d.jpg,0.9220871503014582,0.19507565
B2A,b4f2211991.jpg,0.545720656963792,0.5311111
B2A,b4f9b0e86b.jpg,0.8168878203937271,0.42504767
B2A,b5237c39a7.jpg,0.9270818259996071,0.28983054
B2A,b5268447c0.jpg,0.6033289663133571,0.4244721
B2A,b544e584f6.jpg,0.9056678498255507,0.30184865
B2A,b54c9ff9f0.jpg,0.4417732158458088,0.39752543
B2A,b54ecfe1d1.jpg,0.7718590332720617,0.36256787
B2A,b55174c53d.jpg,0.6669693889421537,0.38076088
B2A,b553a553a4.jpg,0.7721962114278026,0.3055242
B2A,b56100a754.jpg,0.8515750064842772,0.37907165
B2A,b56f780872.jpg,0.8347016731503609,0.26443496
B2A,b571fc78d5.jpg,0.8655137668232991,0.419308
B2A,b58bdc0c7f.jpg,0.7375060548481404,0.3712512
B2A,b597d0c58b.jpg,0.7669953526359169,0.2671005
B2A,b5a144143b.jpg,0.5874249957318523,0.41872346
B2A,b5ae36d4c7.jpg,0.8909870852812669,0.25493455
B2A,b5b93e7f12.jpg,0.6070009888909703,0.5125952
B2A,b5bd2caebc.jpg,0.7385185934284298,0.50263643
B2A,b5bdb76769.jpg,0.7689751640901338,0.45823026
B2A,b5d3195dc8.jpg,0.7653317944096516,0.2604431
B2A,b5d87c828d.jpg,0.8663399739070157,0.29629165
B2A,b5d90eb11d.jpg,0.5189072050708953,0.29845628
B2A,b5d995b5d8.jpg,0.7665205170611751,0.3001301
B2A,b5f2c61061.jpg,0.8303665234559156,0.26587078
B2A,b60488d40f.jpg,0.874922902520886,0.23289925
B2A,b60f74cca9.jpg,0.8769901328603016,0.24390906
B2A,b60fa62c00.jpg,0.8215330207968571,0.23550013
B2A,b612a7c29e.jpg,0.889845628238238,0.31123728
B2A,b612ea84b8.jpg,0.6871490671836,0.39436162
B2A,b61461c172.jpg,0.7261090727469475,0.45577648
B2A,b61731a239.jpg,0.8742093610130093,0.23374046
B2A,b61b89590d.jpg,0.7365770827923191,0.3205031
B2A,b61e2b3b0d.jpg,0.7666111859699679,0.3758994
B2A,b62b0c6d0c.jpg,0.761806895613307,0.4811234
B2A,b62f2cfc5d.jpg,0.7364879694589059,0.30034226
B2A,b631fa3f71.jpg,0.7805461702044386,0.28194842
B2A,b635c95844.jpg,0.6382042614110534,0.7701592
B2A,b6398ab782.jpg,0.5869454679766861,0.6757127
B2A,b6429002b9.jpg,0.7099886866086699,0.6126115
B2A,b64bb5b36d.jpg,0.5254190858164602,0.5435969
B2A,b660902f57.jpg,0.7060039259533205,0.43948835
B2A,b664354223.jpg,0.8007416385591523,0.3074246
B2A,b665863dfb.jpg,0.8337852895753995,0.25182056
B2A,b66913e00b.jpg,0.8446877375392339,0.44572374
B2A,b66c734954.jpg,0.5873872560976264,0.43470648
B2A,b66c82cf2a.jpg,0.6859764600350352,0.38686284
B2A,b66f508c68.jpg,0.6422985421488451,0.39454067
B2A,b678b74dae.jpg,0.842511243000055,0.38067317
B2A,b679bcea19.jpg,0.8361742709079769,0.29675722
B2A,b67c9613c8.jpg,0.8321416235842821,0.26040828
B2A,b697267bfb.jpg,0.7137250444221455,0.36815828
B2A,b69f383965.jpg,0.8491871435275815,0.29624394
B2A,b69fe86234.jpg,0.7999459132565914,0.37249565
B2A,b6c8f98eaf.jpg,0.7766091456610191,0.4486531
B2A,b6ccadba44.jpg,0.8573619148973917,0.23189619
B2A,b6d52caca3.jpg,0.8821217531982305,0.19462228
B2A,b6d84ce05d.jpg,0.7214690900042614,0.36990356
B2A,b6dd6a5484.jpg,0.6922898995126039,0.3965159
B2A,b6e02f524c.jpg,0.8753852715092229,0.32642013
B2A,b6ebb5febd.jpg,0.6581626292290992,0.29804903
B2A,b6f00064cc.jpg,0.6014578273551047,0.4248299
B2A,b70c20c5bb.jpg,0.8093623649147001,0.42842805
B2A,b70ec20b75.jpg,0.8106981844969225,0.5302931
B2A,b7126e52cb.jpg,0.719892469899731,0.667564
B2A,b7139c915b.jpg,0.7506402287356572,0.4307849
B2A,b734350f7a.jpg,0.8361584829852888,0.47440556
B2A,b743015621.jpg,0.6099109273723897,0.4937057
B2A,b74ada0d43.jpg,0.8701198481094903,0.3384053
B2A,b74cab8840.jpg,0.674041125296486,0.4000641
B2A,b76253bc63.jpg,0.9243083921330262,0.25138634
B2A,b7634902cd.jpg,0.8051685937130167,0.48129737
B2A,b763d10895.jpg,0.8881757736922126,0.29764614
B2A,b76490cea4.jpg,0.5200621020628632,0.67282665
B2A,b76838eaa3.jpg,0.631293233457413,0.54224664
B2A,b76eca8315.jpg,0.8947342660105225,0.30935895
B2A,b7771cc3a7.jpg,0.7754611883327243,0.46927044
B2A,b78443d274.jpg,0.7026396957802179,0.6696914
B2A,b7907e76c4.jpg,0.8474635493511851,0.2743766
B2A,b79198e3b3.jpg,0.8574889818598421,0.26219058
B2A,b79628b2db.jpg,0.8793049117530394,0.3500126
B2A,b79649047f.jpg,0.5892554607132648,0.5751416
B2A,b79a2b6c99.jpg,0.8997003225355213,0.34260535
B2A,b7a7a7cc17.jpg,0.8389019910817533,0.23650153
B2A,b7cb7f4110.jpg,0.648875411220333,0.43648905
B2A,b7d05fd7dc.jpg,0.7855422877172915,0.2793031
B2A,b7f7aaeb71.jpg,0.7412389197808807,0.37964132
B2A,b8009cb56d.jpg,0.8555514037343501,0.36883485
B2A,b804d8ffff.jpg,0.7889812590648008,0.3567672
B2A,b81a0b8027.jpg,0.8940660903070854,0.27761525
B2A,b81b0d4833.jpg,0.87322122532688,0.2691525
B2A,b82c2d7664.jpg,0.7233906118392854,0.2833346
B2A,b8513f2cc6.jpg,0.6297449337135252,0.7045436
B2A,b85242ba7b.jpg,0.6764903495833137,0.40022606
B2A,b85d1ea25e.jpg,0.7125701502340551,0.4129089
B2A,b87678f817.jpg,0.6530005952696573,0.39396456
B2A,b877c006b7.jpg,0.7754148580212632,0.37503475
B2A,b879c75442.jpg,0.7577488290024821,0.33835143
B2A,b87f267ffd.jpg,0.8066319157010013,0.33044446
B2A,b8800075ea.jpg,0.8502506734362053,0.28322583
B2A,b8846a57ce.jpg,0.5521347619181881,0.48408014
B2A,b885222b39.jpg,0.7236929752540647,0.32875603
B2A,b88710452e.jpg,0.8179010430212408,0.21702167
B2A,b88fa19b4b.jpg,0.774371814149282,0.30816925
B2A,b88fd25d37.jpg,0.7941626699264831,0.42387685
B2A,b892e182db.jpg,0.7880004425216852,0.28517678
B2A,b893e3aa24.jpg,0.6880441268143255,0.53167695
B2A,b89aa727f4.jpg,0.6689963691722607,0.32813227
B2A,b89d1cc4f1.jpg,0.7188848887014563,0.46506286
B2A,b8b21378ef.jpg,0.8570380940748749,0.28003904
B2A,b8b5848caa.jpg,0.7456349535589899,0.39948806
B2A,b8c23eb503.jpg,0.7582129889807572,0.57304037
B2A,b8c6874f96.jpg,0.7170122860462547,0.6002159
B2A,b8d30c2ede.jpg,0.825781397620093,0.15476397
B2A,b8dda4b0ed.jpg,0.8142693581867911,0.34722108
B2A,b8e1eafdef.jpg,0.7648870429885808,0.27541786
B2A,b8e7658517.jpg,0.8387246204710804,0.30181187
B2A,b8eb81d31d.jpg,0.7285391360825223,0.4354695
B2A,b8f7816f6b.jpg,0.8383338529577159,0.4010668
B2A,b90dc41d5d.jpg,0.7948473987215873,0.33479372
B2A,b91926eb90.jpg,0.7687142914741341,0.25032994
B2A,b924b090f7.jpg,0.792751777807166,0.3049626
B2A,b938642e78.jpg,0.8012619223510252,0.50948143
B2A,b939486166.jpg,0.8497883321787076,0.34171152
B2A,b952bd214e.jpg,0.8167294531598899,0.3616324
B2A,b955e39acf.jpg,0.7872553212495174,0.32005814
B2A,b9768c7e52.jpg,0.8049552463621118,0.28056547
B2A,b983599509.jpg,0.7382773267402843,0.2750436
B2A,b985c8d0f9.jpg,0.7337512774422211,0.49208182
B2A,b989430548.jpg,0.5938602718833049,0.530862
B2A,b9902d5a97.jpg,0.8330848921001758,0.37605757
B2A,b99379d9e0.jpg,0.524343313136801,0.5263369
B2A,b9973b92ba.jpg,0.6220091364478475,0.47958192
B2A,b99824d883.jpg,0.6778321924154788,0.38831538
B2A,b9a991202d.jpg,0.8681364459859069,0.31641942
B2A,b9bc2a225e.jpg,0.7534335458292609,0.48129627
B2A,b9cad6e8c0.jpg,0.6626779204164648,0.5002864
B2A,b9cd30a1eb.jpg,0.588389055616956,0.37859988
B2A,b9d2ba2502.jpg,0.795798603777494,0.25084445
B2A,b9d441588e.jpg,0.6964057370790824,0.30757087
B2A,b9d6b906b5.jpg,0.7795953322919089,0.38319263
B2A,b9de8e1e60.jpg,0.7937703148886457,0.37296346
B2A,b9ea51b317.jpg,0.6949474112911382,0.44003165
B2A,b9eb4c4e23.jpg,0.8350599971463881,0.29377156
B2A,b9f955e5da.jpg,0.7934843832652348,0.5213576
B2A,ba3fc5aaf6.jpg,0.8158691063117564,0.3089761
B2A,ba4f07f939.jpg,0.8802264429687884,0.3365898
B2A,ba57ad5d60.jpg,0.7781219261988236,0.3829066
B2A,ba6cdd170e.jpg,0.7379321116510295,0.5114595
B2A,ba7c346ee6.jpg,0.7684271100867235,0.29285103
B2A,ba7d2f82f3.jpg,0.7818068757839838,0.42589355
B2A,ba8511d50b.jpg,0.8295053900443343,0.42726886
B2A,ba861fc7fc.jpg,0.6429242388773183,0.47229445
B2A,ba900f7b05.jpg,0.5623429354224041,0.58312404
B2A,ba93309fda.jpg,0.664161658510382,0.37184685
B2A,baa1ec6741.jpg,0.8894628670579192,0.2948771
B2A,baa5eaf58a.jpg,0.72398116371063,0.33789137
B2A,baa60c9bed.jpg,0.8583108167446066,0.2458867
B2A,baac2fc0d9.jpg,0.785134178256233,0.30898535
B2A,bab560daee.jpg,0.7891713811049101,0.3714059
B2A,bac7bbda07.jpg,0.8000484296926719,0.28321993
B2A,baca7c1baf.jpg,0.8511951611255318,0.3556584
B2A,bad95e0688.jpg,0.7579516136814446,0.46178484
B2A,bae17c2143.jpg,0.8916737825362244,0.34035367
B2A,bae6056ca8.jpg,0.6293031208333687,0.30032593
B2A,baef9a3993.jpg,0.836715966367413,0.2858519
B2A,bafb1adc1f.jpg,0.7433029908901043,0.4096362
B2A,bb017d43a9.jpg,0.7714454373466633,0.4054183
B2A,bb15fcc4ff.jpg,0.860652673304383,0.36106783
B2A,bb313a5e16.jpg,0.6545199117027795,0.54810315
B2A,bb3377f200.jpg,0.8588942939689819,0.2275051
B2A,bb38cedde5.jpg,0.7243733463250266,0.47772264
B2A,bb3ef64acd.jpg,0.9101130095889414,0.22182766
B2A,bb40b8dd7f.jpg,0.7632968827228926,0.27968916
B2A,bb5faf30e9.jpg,0.7847646617632321,0.3554621
B2A,bb64125bc2.jpg,0.8776933231052197,0.37160045
B2A,bb77850a04.jpg,0.738008713735331,0.5102951
B2A,bb8552f1b5.jpg,0.742453455375143,0.26970544
B2A,bb9d316b1a.jpg,0.7363925452069346,0.3559357
B2A,bba5052be8.jpg,0.9253150631728357,0.26243842
B2A,bbac847eec.jpg,0.7606053540315668,0.316379
B2A,bbaff218f3.jpg,0.7742422722297653,0.534941
B2A,bbbfda6b8f.jpg,0.9073138071952861,0.33246535
B2A,bbc433fec1.jpg,0.8701249906048778,0.31006384
B2A,bbc5447377.jpg,0.7888819518133839,0.30998847
B2A,bbc6c20473.jpg,0.5613293720337128,0.5314839
B2A,bbca95e065.jpg,0.7342531304157522,0.46792758
B2A,bbd1178911.jpg,0.8582878441457311,0.25820187
B2A,bbe716a5ba.jpg,0.6418097558439262,0.6808372
B2A,bbf7c36959.jpg,0.8075382278764757,0.27178
B2A,bbfe762240.jpg,0.8402982520517771,0.4135301
B2A,bc00b49aa2.jpg,0.9475780527691083,0.43190265
B2A,bc05774cb8.jpg,0.8487851860240166,0.2895504
B2A,bc1296f186.jpg,0.7113035827705017,0.41089934
B2A,bc1fa09301.jpg,0.6003158328657439,0.51243365
B2A,bc320f44ee.jpg,0.7492186819406346,0.4541289
B2A,bc34a98e62.jpg,0.5623848774231367,0.42947677
B2A,bc3f932980.jpg,0.6293122453763449,0.5766109
B2A,bc47393bbe.jpg,0.7644502083806415,0.5084346
B2A,bc4cc5e31c.jpg,0.7257414005924683,0.5033091
B2A,bc57ed5fda.jpg,0.8003722669842166,0.26796797
B2A,bc59db0454.jpg,0.794305599557321,0.276636
B2A,bc76a34f9d.jpg,0.8156987376319282,0.25249594
B2A,bc8579edc4.jpg,0.7526163814882897,0.32377476
B2A,bc89a879fd.jpg,0.7775373218177829,0.5478411
B2A,bc8e187f4f.jpg,0.8544736014785661,0.27848548
B2A,bc97e28ac0.jpg,0.7245487937637576,0.36861014
B2A,bc9defc927.jpg,0.6262272520361529,0.642263
B2A,bca6fd9039.jpg,0.7869005040024583,0.43091774
B2A,bcad190025.jpg,0.8258461415171521,0.41814733
B2A,bcade75bec.jpg,0.7455347834575531,0.36686227
B2A,bcae56fbed.jpg,0.711103403698812,0.40631968
B2A,bcc1a87147.jpg,0.7872827705212843,0.36313033
B2A,bcc29192c1.jpg,0.7669660768561164,0.2706882
B2A,bcde913d1d.jpg,0.8421276361736915,0.30983186
B2A,bce46c265e.jpg,0.8239658879981696,0.34154415
B2A,bceb077f5d.jpg,0.7156076025246795,0.36095902
B2A,bcef4b66e6.jpg,0.7589135241176752,0.38239238
B2A,bcf39bcec2.jpg,0.758161340765844,0.32052055
B2A,bcf3ab621b.jpg,0.7546478033450923,0.5030644
B2A,bcf3af118c.jpg,0.6824100779604045,0.38797885
B2A,bd2893da68.jpg,0.8458501032180971,0.29588678
B2A,bd2be5968a.jpg,0.8157869217512496,0.33076245
B2A,bd4ff109f0.jpg,0.8736272482167918,0.35582983
B2A,bd5056d32e.jpg,0.6523577429984937,0.58647925
B2A,bd58f14f67.jpg,0.6686029003155564,0.4664446
B2A,bd6006597f.jpg,0.8065161697741507,0.33644307
B2A,bd6261963a.jpg,0.7739510608673639,0.33608314
B2A,bd6550715b.jpg,0.8123440316600964,0.48076978
B2A,bd6902ee43.jpg,0.7864013971150617,0.40264916
B2A,bd6a7ec51e.jpg,0.5142797563685124,0.47821632
B2A,bd7003b6b6.jpg,0.7522970699837256,0.2696126
B2A,bd76d694d4.jpg,0.6664599970437226,0.4885326
B2A,bd7e521e90.jpg,0.8908772006881596,0.27604032
B2A,bd7e852fb1.jpg,0.6670735010955009,0.41152585
B2A,bd81e32444.jpg,0.7855136008752351,0.4934876
B2A,bd856bd7d2.jpg,0.8324626040757837,0.27837226
B2A,bd9dbd110c.jpg,0.6450045086464572,0.33965033
B2A,bda011a946.jpg,0.8429179065156269,0.21783774
B2A,bda7612626.jpg,0.6689612568668217,0.6395136
B2A,bda7b5b92a.jpg,0.8414869030905869,0.35211718
B2A,bda920ef3a.jpg,0.7389937547619894,0.5798826
B2A,bdb71b5252.jpg,0.8133125622726131,0.34938407
B2A,bdb764be42.jpg,0.6220008578748853,0.66027296
B2A,bdb80159b3.jpg,0.7663052935187358,0.43127578
B2A,bdcfea4c8d.jpg,0.6459650070934166,0.30178756
B2A,bdd2bc2e77.jpg,0.8559005395926778,0.2914145
B2A,bdd6cb73e5.jpg,0.7126668548786638,0.34133947
B2A,bde2a9e1fa.jpg,0.8779485248902852,0.28040993
B2A,bdf3d3a8e5.jpg,0.8500698808508397,0.28248322
B2A,bdf8b0c5ad.jpg,0.8086748520062158,0.34667534
B2A,be0140dde6.jpg,0.7997891938392767,0.48127964
B2A,be17aa711c.jpg,0.5320389114900947,0.47347584
B2A,be19b2eac9.jpg,0.7798134956798752,0.43259963
B2A,be307d9b2d.jpg,0.8084649437426622,0.29571226
B2A,be30ee9635.jpg,0.8165174680328963,0.3071196
B2A,be58cca5c2.jpg,0.7291129802007567,0.4535667
B2A,be5a727d8a.jpg,0.6887014821135526,0.47205523
B2A,be5e1ffaf7.jpg,0.8448830191252678,0.24234039
B2A,be66a96894.jpg,0.8988746575367,0.21575701
B2A,be6d9981a3.jpg,0.8691634250532346,0.198493
B2A,be74caa0c9.jpg,0.4982163466498494,0.766034
B2A,be76e135d1.jpg,0.6102248676801906,0.60151505
B2A,be7c00594f.jpg,0.7904630996329457,0.31411764
B2A,be8015beea.jpg,0.7404786910095272,0.3764092
B2A,be87bba931.jpg,0.630505165034087,0.57740605
B2A,be9710f956.jpg,0.7421350164165343,0.70107853
B2A,beb00f6bd4.jpg,0.7864173817133439,0.33339232
B2A,beb8830662.jpg,0.7529641912182452,0.23847073
B2A,bebbb8b76e.jpg,0.8432395354262365,0.26352364
B2A,bec2bc2d65.jpg,0.8477684890215968,0.2880997
B2A,bec49b01dd.jpg,0.7374296423211293,0.3810932
B2A,bec4efcf0e.jpg,0.6771705517519957,0.38872012
B2A,becea1ec0d.jpg,0.8073344720241805,0.31908232
B2A,bed5847c27.jpg,0.6680665607428485,0.62450844
B2A,bed803c046.jpg,0.6505911816895475,0.621153
B2A,bedb0b8e17.jpg,0.7694516082653258,0.28550968
B2A,bee0d00197.jpg,0.5539352427787664,0.4368868
B2A,bee8605fcd.jpg,0.8525232105807694,0.26061475
B2A,bee867c967.jpg,0.6342213413527703,0.5453547
B2A,beebd3d7ff.jpg,0.8538624699735401,0.2371667
B2A,beec4e482c.jpg,0.7703345812710155,0.26372045
B2A,bf07ab5c4a.jpg,0.7927267903683329,0.50397974
B2A,bf0e0a58a4.jpg,0.6119200639395032,0.6450209
B2A,bf2216d133.jpg,0.6725943113533526,0.36278883
B2A,bf28de635c.jpg,0.7128838653727989,0.36348236
B2A,bf36a527ab.jpg,0.6674470531694734,0.41918212
B2A,bf3ece26c1.jpg,0.6721506331094209,0.6039684
B2A,bf6062190e.jpg,0.7363208011351048,0.636866
B2A,bf61f9adb1.jpg,0.7939785009799815,0.35673854
B2A,bf6ed52f2c.jpg,0.870979402229771,0.20049271
B2A,bf72b298bc.jpg,0.6913921926204893,0.5511002
B2A,bf7b0e4b1f.jpg,0.7425459311807646,0.43780726
B2A,bf8f3d28ae.jpg,0.7049131258568282,0.46125022
B2A,bf918a456c.jpg,0.7261044840510502,0.43991885
B2A,bf94cca435.jpg,0.7800230881479361,0.3283297
B2A,bf964262b6.jpg,0.7274420651049828,0.624577
B2A,bfc6144838.jpg,0.8537945122645603,0.31215465
B2A,bfc622bb44.jpg,0.9206244800553555,0.27015072
B2A,c006c643f8.jpg,0.8292285758891274,0.24452233
B2A,c009f9904a.jpg,0.786532038452916,0.5484892
B2A,c013680118.jpg,0.7535847188380752,0.3934574
B2A,c015570ab7.jpg,0.568680007657466,0.641412
B2A,c017fac753.jpg,0.7574856012165395,0.47890502
B2A,c018d5dbf7.jpg,0.7399577498122004,0.31737524
B2A,c0287a48f4.jpg,0.7936945879468021,0.3585094
B2A,c02e89c4d3.jpg,0.7423457537575446,0.34533036
B2A,c0301eeaaf.jpg,0.7796649975662119,0.45855874
B2A,c031d1622c.jpg,0.7242479499378873,0.370237
B2A,c03cf43784.jpg,0.8367948418479255,0.34315556
B2A,c0511e5414.jpg,0.6532157368926573,0.4126599
B2A,c06ff30cd5.jpg,0.8413018701950093,0.29277185
B2A,c0757c90f9.jpg,0.8562579943807773,0.307426
B2A,c081f34667.jpg,0.6583929363086017,0.31637058
B2A,c0876f3b2b.jpg,0.7797887271618866,0.29462203
B2A,c08ee1f5aa.jpg,0.7212569502831719,0.42386043
B2A,c09421b98c.jpg,0.7869434419194665,0.41514662
B2A,c09cd67282.jpg,0.7376668764476084,0.23529685
B2A,c0a3fb3571.jpg,0.887524989217848,0.2330906
B2A,c0a72ce31e.jpg,0.8509626056929712,0.32982332
B2A,c0b55c941e.jpg,0.6699174702024497,0.3760413
B2A,c0b977acfb.jpg,0.7697659497730638,0.32747146
B2A,c0be01b9c9.jpg,0.7503864806254543,0.50078917
B2A,c0c0e3575b.jpg,0.8411620750001598,0.25094888
B2A,c0e7dfa5ed.jpg,0.6789254000390983,0.44854262
B2A,c0f19d6031.jpg,0.715144622513459,0.43926746
B2A,c0fe7fd0a7.jpg,0.6064033547632725,0.4910646
B2A,c10183721e.jpg,0.796855570774557,0.27832648
B2A,c1114abb60.jpg,0.8168182437352861,0.3971899
B2A,c123f051ca.jpg,0.6587082223806559,0.52789223
B2A,c125e1a1f6.jpg,0.6861826229601051,0.42809746
B2A,c1294c7cd9.jpg,0.7762262147744182,0.27954268
B2A,c12c1c978e.jpg,0.7534167420806553,0.58108556
B2A,c12e14b962.jpg,0.7627364856172657,0.39893225
B2A,c1339587e8.jpg,0.7677176082965095,0.39992124
B2A,c137e13300.jpg,0.8524842123621107,0.39150575
B2A,c14426ebfc.jpg,0.7055884540779305,0.32854536
B2A,c15a72a99a.jpg,0.8114477150276611,0.26279035
B2A,c16ed7863f.jpg,0.7164735527153795,0.36908507
B2A,c190aa34f8.jpg,0.9428231311911086,0.42057344
B2A,c19312ad74.jpg,0.7628090173459294,0.47813046
B2A,c1972547d1.jpg,0.8118849784938673,0.2514723
B2A,c1a8c428f6.jpg,0.7708067883690394,0.54508364
B2A,c1b1ad3d68.jpg,0.7885483025590336,0.43288383
B2A,c1b2b47959.jpg,0.6743535672400832,0.28241664
B2A,c1b7f78159.jpg,0.6857712490585798,0.46448585
B2A,c1c634b4eb.jpg,0.7892347338737125,0.2626371
B2A,c1d0fe9abe.jpg,0.7306879255316807,0.41079432
B2A,c1d5a31a74.jpg,0.5586938342303592,0.43270868
B2A,c1e5b119c4.jpg,0.7434953514613182,0.3142648
B2A,c1f932fee3.jpg,0.858222631869313,0.33049303
B2A,c1f9da41e1.jpg,0.8207805901094378,0.35632855
B2A,c1fb81bcfa.jpg,0.7073527509718618,0.47200948
B2A,c2266bed41.jpg,0.8101887491871951,0.47908336
B2A,c2307e363e.jpg,0.792153280727519,0.3609463
B2A,c236cbe5eb.jpg,0.7569216785554491,0.48158947
B2A,c236d99e18.jpg,0.8858112585458355,0.28824443
B2A,c23e040ff8.jpg,0.828104348511048,0.47210097
B2A,c2607646ad.jpg,0.8981533657097862,0.20837867
B2A,c262fe08f9.jpg,0.8288367414197668,0.29431927
B2A,c2656884dd.jpg,0.8557002378513449,0.30217746
B2A,c26e1a3dea.jpg,0.8024812614727226,0.38261777
B2A,c2708f8a47.jpg,0.7503948870012148,0.32454857
B2A,c27ca11d75.jpg,0.6994339708606847,0.44527683
B2A,c280ccdd9b.jpg,0.8950371162417724,0.2351177
B2A,c284ce5f6f.jpg,0.6195988514175065,0.4101931
B2A,c2869dc39f.jpg,0.7100266515772635,0.42105272
B2A,c287068c8b.jpg,0.7481413411262096,0.252536
B2A,c29a81a99d.jpg,0.7360180471232121,0.45674118
B2A,c2acbc2675.jpg,0.8206288864386104,0.39290202
B2A,c2b79f204d.jpg,0.6903814212567774,0.5393213
B2A,c2c2cd230b.jpg,0.7523778487318974,0.45768502
B2A,c2d01b1977.jpg,0.7815676607111987,0.47419238
B2A,c2d909e551.jpg,0.8392986451555157,0.3001217
B2A,c2dfec8e9a.jpg,0.7981874550135373,0.39874262
B2A,c2e0f637ed.jpg,0.820014791494036,0.318635
B2A,c2f49209fa.jpg,0.6141532870749732,0.59985423
B2A,c2fe4fa436.jpg,0.8888700124983487,0.23492505
B2A,c303744625.jpg,0.8615721404031386,0.23697779
B2A,c315adb658.jpg,0.8526915639441591,0.51570386
B2A,c31cad8dc1.jpg,0.7936769557804265,0.25626528
B2A,c329a43ef8.jpg,0.7185384912668245,0.3911575
B2A,c362a50b71.jpg,0.862260627766636,0.33084172
B2A,c36ee485ab.jpg,0.7663690107349149,0.37912697
B2A,c373467807.jpg,0.8696878433009118,0.26135895
B2A,c37e6749d1.jpg,0.7506374333463324,0.36155164
B2A,c38cd66489.jpg,0.8345403765877841,0.25654492
B2A,c398543807.jpg,0.8337145372945273,0.39712957
B2A,c39ac686c7.jpg,0.6579650758307987,0.3488158
B2A,c3ae8d9885.jpg,0.691091192859156,0.38275304
B2A,c3b0c7adb5.jpg,0.7052255231889294,0.72819763
B2A,c3b262e6c5.jpg,0.5970980824269186,0.52204716
B2A,c3b45ccdf0.jpg,0.691387940376843,0.45449182
B2A,c3c8443027.jpg,0.8587370525952973,0.24932069
B2A,c3d7a24d73.jpg,0.9043673421284067,0.25581113
B2A,c3e565166e.jpg,0.8403702096198238,0.34063485
B2A,c3e6b45f00.jpg,0.8379044478471015,0.2891724
B2A,c3f82846fa.jpg,0.8025931150641472,0.3758696
B2A,c40157edb5.jpg,0.7766008470664546,0.4210205
B2A,c419f70dc7.jpg,0.8761627075337239,0.23431037
B2A,c41d11bc49.jpg,0.6292111185574935,0.2967763
B2A,c428c52f81.jpg,0.6387130113246402,0.42969054
B2A,c456016d2d.jpg,0.872493582943282,0.28284755
B2A,c458ed7411.jpg,0.7733801469993312,0.36319637
B2A,c45ddef2b3.jpg,0.9291165360828353,0.40035218
B2A,c46fcd1a80.jpg,0.7460333437990527,0.42502344
B2A,c470eb30ef.jpg,0.7865087222622984,0.3113431
B2A,c47e602b0b.jpg,0.8127830529720179,0.39435038
B2A,c47e788e86.jpg,0.8018595651202941,0.34071013
B2A,c4808eb22d.jpg,0.7799556463325275,0.40129176
B2A,c48dd873be.jpg,0.9120564133917463,0.32156152
B2A,c4bdcb6dd9.jpg,0.8540057893848731,0.29785568
B2A,c4c39ac3f9.jpg,0.6347945106270223,0.4139804
B2A,c4ced9cad1.jpg,0.8426440294374843,0.29368457
B2A,c4d6a7c8a9.jpg,0.8255698332052888,0.3336391
B2A,c4d73047e1.jpg,0.8436635136720672,0.3392842
B2A,c4d8884b3c.jpg,0.7741343532198971,0.30993038
B2A,c4d8c03cf8.jpg,0.7770763575978826,0.2649848
B2A,c4d9fbfb1f.jpg,0.6879874306151346,0.4861615
B2A,c4db21f52d.jpg,0.7731277643915835,0.25805146
B2A,c4e15cdce1.jpg,0.8740161022408973,0.35804558
B2A,c4e6130960.jpg,0.7118673930094656,0.6261256
B2A,c4f7170246.jpg,0.7395512444167759,0.5070682
B2A,c4fd20f2ce.jpg,0.7409824211245689,0.4863491
B2A,c50547f5fc.jpg,0.6023861103405325,0.58072287
B2A,c50837aa54.jpg,0.7587013669170936,0.43321782
B2A,c52044fdd2.jpg,0.8478008066031554,0.4290061
B2A,c524c49931.jpg,0.8050967694497867,0.3054765
B2A,c525d82983.jpg,0.6613606851342635,0.35703868
B2A,c525dc1668.jpg,0.8125139550081023,0.60475075
B2A,c526e4cab7.jpg,0.8493715340518628,0.21167114
B2A,c52cb8c926.jpg,0.7961028279668473,0.33187363
B2A,c531391a54.jpg,0.5460080422124503,0.3446696
B2A,c5440d3858.jpg,0.8265523749716447,0.2783326
B2A,c5496898d9.jpg,0.5263833461580462,0.47008103
B2A,c54c5368af.jpg,0.7272698518664916,0.36575985
B2A,c5656a3bc2.jpg,0.7954323367905944,0.36021155
B2A,c570a774e2.jpg,0.7389764980567457,0.29505643
B2A,c57cb4cc7d.jpg,0.6882569446337448,0.55744207
B2A,c57ecc2387.jpg,0.8684344736858888,0.27044415
B2A,c58fea646b.jpg,0.7795284879224111,0.3499903
B2A,c5921d07d4.jpg,0.7916637557850835,0.48327506
B2A,c595a52c39.jpg,0.6592306082345746,0.408633
B2A,c598a0b020.jpg,0.724022093635313,0.5669734
B2A,c59d7d374c.jpg,0.8105283940258399,0.44071868
B2A,c5a2b9c91c.jpg,0.6926985134434955,0.2861759
B2A,c5acb37086.jpg,0.8386245830351129,0.3176942
B2A,c5b7abcf1a.jpg,0.6612155934774745,0.52785903
B2A,c5c1ce91be.jpg,0.8055642044317153,0.4664503
B2A,c5c637557c.jpg,0.70208986523366,0.397586
B2A,c5df072a87.jpg,0.8213072522301905,0.2856531
B2A,c5e14d505f.jpg,0.8106390575273953,0.35101044
B2A,c5e6a04538.jpg,0.7748574683600964,0.3304747
B2A,c5ec21dc91.jpg,0.7699722342710409,0.3334111
B2A,c5edeee0c7.jpg,0.8275064769833544,0.334539
B2A,c5f84dbc49.jpg,0.8143702895765381,0.19429311
B2A,c6023eafa9.jpg,0.7845096982018945,0.41078684
B2A,c602fe2139.jpg,0.7682085575788011,0.4316702
B2A,c60ce9a7c7.jpg,0.9000983269381487,0.37818122
B2A,c6145ae196.jpg,0.6222212600324498,0.4757657
B2A,c61687bbf7.jpg,0.8030473864368238,0.3926426
B2A,c61c78d0ca.jpg,0.7120773552962533,0.3819424
B2A,c62219be8a.jpg,0.5126349474027462,0.37623465
B2A,c63612e996.jpg,0.7940586961293701,0.48930565
B2A,c6500baba8.jpg,0.6221323122576942,0.44777638
B2A,c65d66d192.jpg,0.8402869237954473,0.23449248
B2A,c6677c412d.jpg,0.8062997295956916,0.26873493
B2A,c673cb8573.jpg,0.7566417926756241,0.46667403
B2A,c67451f208.jpg,0.7694571498969712,0.37000445
B2A,c68341c3b7.jpg,0.7510503787027525,0.3768319
B2A,c686b36f96.jpg,0.8018394321701684,0.22683975
B2A,c6881f63ec.jpg,0.6885627477335123,0.4373966
B2A,c6a2fbabf7.jpg,0.7263085981244267,0.291162
B2A,c6a4a9aeb2.jpg,0.7543836355162918,0.35649788
B2A,c6a58d81ef.jpg,0.8675990191304822,0.36393988
B2A,c6ad8bd40d.jpg,0.7408280254003653,0.43854862
B2A,c6aea7cf4f.jpg,0.7799902836850943,0.39413378
B2A,c6af326883.jpg,0.7933458990052161,0.3322672
B2A,c6b10318be.jpg,0.8473676765494116,0.44323182
B2A,c6c4b33994.jpg,0.8345442623871716,0.41166973
B2A,c6d9ef38ee.jpg,0.7733499524060836,0.23388359
B2A,c6e35b7a8e.jpg,0.7673319341887697,0.5560506
B2A,c6f400cade.jpg,0.8186436389137604,0.29870993
B2A,c6f871bb47.jpg,0.7842175727630987,0.46885097
B2A,c7043864d2.jpg,0.5922448456561772,0.60640883
B2A,c72720ffb0.jpg,0.610536704113464,0.4896099
B2A,c736950d4e.jpg,0.700045981894636,0.42235988
B2A,c7380a0fa2.jpg,0.8236148484491864,0.3796629
B2A,c73d060b7f.jpg,0.8781662420261434,0.24085489
B2A,c7427a066e.jpg,0.8058763140085411,0.27930018
B2A,c74314fb5c.jpg,0.5940213460319915,0.33166635
B2A,c748dcc2c7.jpg,0.9399833466179727,0.29647714
B2A,c74ae24a89.jpg,0.7498083491558812,0.4316136
B2A,c7608e5539.jpg,0.5869787041658838,0.32607815
B2A,c7622b657d.jpg,0.5848694760344207,0.7707859
B2A,c76acdaaa5.jpg,0.9430351648379898,0.26210403
B2A,c7736d8864.jpg,0.7754937853837878,0.31907013
B2A,c7736e2c50.jpg,0.8418273015244536,0.29490644
B2A,c77ecc882a.jpg,0.8226398809005537,0.3251726
B2A,c78308fb1e.jpg,0.6442482692401139,0.33191916
B2A,c7880ba0c2.jpg,0.7402685442633086,0.38371837
B2A,c788baf225.jpg,0.6497851311677877,0.41836062
B2A,c78a6e867e.jpg,0.7302844419066506,0.21137002
B2A,c78bc2db57.jpg,0.8142288152829653,0.36768806
B2A,c793220e43.jpg,0.7712898687340339,0.27099714
B2A,c7bf31ca58.jpg,0.6957894251139415,0.42936993
B2A,c7cc509a06.jpg,0.6747635985597453,0.52826846
B2A,c7d0dc1d10.jpg,0.6426335968497937,0.49790525
B2A,c7eaf9c07a.jpg,0.8349702927398266,0.3563953
B2A,c7f524e16e.jpg,0.6363106498815373,0.4751922
B2A,c7f9e63db6.jpg,0.8377925477038828,0.4284178
B2A,c80007786e.jpg,0.5969923793644193,0.7099473
B2A,c81299eae0.jpg,0.7997033017567771,0.35871118
B2A,c8185b191d.jpg,0.7231091651634952,0.2851855
B2A,c81b6373f2.jpg,0.6828767114225696,0.5002246
B2A,c81c856677.jpg,0.8186039385730751,0.3996678
B2A,c82080c8de.jpg,0.6242493896010646,0.48541027
B2A,c82b51e41e.jpg,0.6090975888757212,0.532469
B2A,c840700a72.jpg,0.7002311759397075,0.22978592
B2A,c84627330d.jpg,0.8538838789137422,0.2511725
B2A,c84660744f.jpg,0.7465689042063587,0.39048818
B2A,c851e6f6e0.jpg,0.788530719807246,0.29059526
B2A,c8549dd38b.jpg,0.6774046338820449,0.46079227
B2A,c86587b1e8.jpg,0.5015097892995738,0.5345638
B2A,c8694cefc7.jpg,0.8343129812309465,0.31546083
B2A,c86a62e6d2.jpg,0.8665418141159923,0.36325893
B2A,c86f9ec4f7.jpg,0.8483857575984981,0.3840323
B2A,c87264d97f.jpg,0.6403648804423528,0.5702242
B2A,c88254adbe.jpg,0.819558466776325,0.3658521
B2A,c882d8abac.jpg,0.6787675934500919,0.37098128
B2A,c8840a2e27.jpg,0.5644090165560113,0.5913925
B2A,c889794bf7.jpg,0.7066876632822015,0.28472036
B2A,c891a570bb.jpg,0.7926459515255386,0.27799827
B2A,c893f6e167.jpg,0.7885882127347036,0.36086607
B2A,c898f3300d.jpg,0.7193925881680492,0.28159618
B2A,c89c107b5b.jpg,0.7731255978968852,0.25583288
B2A,c8a8274cb3.jpg,0.8003401563584626,0.3296467
B2A,c8a9cfa14c.jpg,0.8189049313772389,0.558247
B2A,c8baedacff.jpg,0.7696297644672409,0.2485407
B2A,c8bd9caef0.jpg,0.7424409933287431,0.35470378
B2A,c8c45ad5f1.jpg,0.8131118308583888,0.47209954
B2A,c8cb8e85e7.jpg,0.7458197186527736,0.4633401
B2A,c8d05086f2.jpg,0.7332836368882674,0.31931135
B2A,c8d6f98b20.jpg,0.7807151505736923,0.33481675
B2A,c8da3631bf.jpg,0.8060759808759641,0.2940683
B2A,c8ea1e9ef3.jpg,0.7113769321357559,0.46348545
B2A,c8ed12953b.jpg,0.7520984770039785,0.40846932
B2A,c8f1b865ca.jpg,0.8318665361754048,0.4353942
B2A,c8f7e3f9ee.jpg,0.7505519650426582,0.45049787
B2A,c9020a4441.jpg,0.705898821122028,0.577739
B2A,c90b0c1ad5.jpg,0.8122383394305456,0.28533855
B2A,c91473f497.jpg,0.7096712470918115,0.3245365
B2A,c91c752661.jpg,0.673640885459553,0.2648657
B2A,c925172e83.jpg,0.8778639954798,0.2762541
B2A,c9347e1e7b.jpg,0.8982239849577146,0.3196513
B2A,c936589fe5.jpg,0.7758984147786542,0.36097226
B2A,c9377ac739.jpg,0.7568159589133713,0.40595156
B2A,c943d77639.jpg,0.7266172439348318,0.38992906
B2A,c950a3f6af.jpg,0.5340110932063291,0.4544467
B2A,c9596992ba.jpg,0.903049246932701,0.27837238
B2A,c963de7b44.jpg,0.6538033689479882,0.4875011
B2A,c965459a49.jpg,0.7632908732799778,0.3980551
B2A,c9677c2983.jpg,0.6560239452468992,0.5481801
B2A,c96ca42d91.jpg,0.6967140313230913,0.58125126
B2A,c974562e36.jpg,0.870600339061838,0.30552292
B2A,c97cfcba7e.jpg,0.6363680939259433,0.44138625
B2A,c9823e7ce1.jpg,0.6415447229637676,0.33649907
B2A,c983c41dd9.jpg,0.866363434922963,0.25206298
B2A,c986b6924c.jpg,0.8576957506745365,0.3505148
B2A,c98a568b5d.jpg,0.6745755952047895,0.55620825
B2A,c9aea3d9d6.jpg,0.7775600465053009,0.29394272
B2A,c9afde6424.jpg,0.8830872851869349,0.30866078
B2A,c9bca1b8ea.jpg,0.7505000106012399,0.3285593
B2A,c9bdf7e5df.jpg,0.744472008344692,0.49606448
B2A,c9c007ddc3.jpg,0.795815364349532,0.43764678
B2A,c9c6d6eb3a.jpg,0.6632366044467858,0.34213352
B2A,c9cba4bd0e.jpg,0.7866111235847304,0.38817716
B2A,c9d20d84df.jpg,0.5624227122553191,0.34015664
B2A,c9d61587a2.jpg,0.7917373135911756,0.236666
B2A,c9e242367f.jpg,0.8712651971755431,0.21492654
B2A,c9e589eb2d.jpg,0.7935614812620854,0.3228811
B2A,c9ff68f5a2.jpg,0.6748957890553605,0.44049877
B2A,ca048034a1.jpg,0.5272118769744115,0.46983263
B2A,ca1c1e0ab4.jpg,0.7143196066586789,0.43473938
B2A,ca2d56ade5.jpg,0.7333685806163376,0.33920607
B2A,ca350be337.jpg,0.6727749255504641,0.4906416
B2A,ca386d38d2.jpg,0.7740429626101872,0.4470095
B2A,ca4170de40.jpg,0.7719598164493667,0.3707163
B2A,ca4a5b1d15.jpg,0.8249635125170891,0.41582844
B2A,ca6254d8af.jpg,0.8881244457965528,0.23169403
B2A,ca62c55ebe.jpg,0.7839711428628693,0.3592735
B2A,ca66e77e70.jpg,0.5500534196940284,0.29879642
B2A,ca6833900f.jpg,0.7097514388033966,0.28884944
B2A,ca772b116e.jpg,0.809139080854019,0.3236654
B2A,ca7b9ae1dd.jpg,0.8686916652347555,0.34339038
B2A,ca7ef68a39.jpg,0.8022860521730826,0.2889893
B2A,ca989796e8.jpg,0.6937708963368366,0.35676333
B2A,caa1dcc886.jpg,0.8755014486556888,0.3968122
B2A,caa6d72fa5.jpg,0.6312011103819319,0.34357628
B2A,cac056399a.jpg,0.833640163825238,0.43140605
B2A,cac112db80.jpg,0.7623432979812909,0.31057283
B2A,cacfe238bb.jpg,0.7893230411121912,0.25229567
B2A,cae6f0d5e8.jpg,0.8121482825019715,0.41849196
B2A,caf18820a4.jpg,0.8413264511119901,0.12247339
B2A,cafbfecee1.jpg,0.7279673523211783,0.4244615
B2A,cafe98985e.jpg,0.8645355768061094,0.21407694
B2A,caff162d50.jpg,0.9020576932753438,0.25667772
B2A,cb07b1bb83.jpg,0.6544693416281026,0.3886836
B2A,cb09a699d1.jpg,0.8116424229931187,0.36288878
B2A,cb0fc9a127.jpg,0.7095279293279416,0.66731536
B2A,cb15285d36.jpg,0.6582530796635897,0.34752908
B2A,cb165748bf.jpg,0.7943224122159946,0.41768152
B2A,cb324a9122.jpg,0.6666079767045396,0.45624027
B2A,cb4aa83692.jpg,0.7826239411412088,0.2950419
B2A,cb706347dd.jpg,0.7436685014747129,0.3538682
B2A,cb767cd641.jpg,0.5860059500059444,0.60942805
B2A,cb845e6db5.jpg,0.8251531331772558,0.33977765
B2A,cb88754eed.jpg,0.8294941431519429,0.27557215
B2A,cb91ecbdda.jpg,0.7017543082953154,0.50253475
B2A,cb9d6af792.jpg,0.818499937894274,0.28659695
B2A,cb9dbaeffd.jpg,0.7672044355112074,0.37305444
B2A,cba38c093b.jpg,0.8686347166302728,0.33662918
B2A,cbafaf9b74.jpg,0.8605913392937506,0.3137417
B2A,cbb6e14382.jpg,0.8098742934137433,0.30459017
B2A,cbc4a88c49.jpg,0.8278378669197809,0.29563773
B2A,cbca2560a2.jpg,0.6287560253081014,0.28449616
B2A,cbca377969.jpg,0.6878171220999046,0.35228372
B2A,cbcc092607.jpg,0.8062741044175088,0.40114307
B2A,cbd686ea00.jpg,0.6858979477997956,0.43395254
B2A,cbdd08a030.jpg,0.8722929350920322,0.2813856
B2A,cbddae001d.jpg,0.7164812485107058,0.31729227
B2A,cbf582621e.jpg,0.7321330247624199,0.38460568
B2A,cbf635d566.jpg,0.8048961044669726,0.41058224
B2A,cbfb794656.jpg,0.7464280104324799,0.31915167
B2A,cc03a70f14.jpg,0.8258370515405244,0.26548827
B2A,cc0a0dab48.jpg,0.6928244151996018,0.46947026
B2A,cc27c5fa12.jpg,0.4846252285519314,0.48187423
B2A,cc37cc11a3.jpg,0.7624094040951446,0.38339883
B2A,cc397c87b0.jpg,0.8510495375951012,0.32170814
B2A,cc3d775c49.jpg,0.7665412563544756,0.22388251
B2A,cc46b14bbf.jpg,0.7772196747911192,0.30661732
B2A,cc47cfe509.jpg,0.7046684723851879,0.45702153
B2A,cc48975f1d.jpg,0.8806051522967853,0.30743673
B2A,cc4e40864c.jpg,0.8637766008616484,0.29909858
B2A,cc5078a63b.jpg,0.6853969243057187,0.62509346
B2A,cc57246e94.jpg,0.7444538003275688,0.54434055
B2A,cc5ba51fab.jpg,0.8854030598343922,0.35426897
B2A,cc5fa7dcc6.jpg,0.6661205448010687,0.5206459
B2A,cc700e2ff5.jpg,0.7218586198378835,0.64003897
B2A,cc701e6899.jpg,0.8541767240108123,0.36409128
B2A,cc74028fc2.jpg,0.6274540517874047,0.44329703
B2A,cc79011331.jpg,0.8217609166144134,0.2329558
B2A,cc85351248.jpg,0.8632639877158188,0.28374928
B2A,cc8ce9bce8.jpg,0.7234504915652069,0.3869325
B2A,cc8ea5c3ef.jpg,0.8975176800571129,0.27018595
B2A,cc9c7d2ee1.jpg,0.7982341880615873,0.424379
B2A,cca944dbaa.jpg,0.7747235104761709,0.30200034
B2A,ccac22a865.jpg,0.6646271633273995,0.44979978
B2A,ccb1c281ea.jpg,0.777523272014062,0.40207148
B2A,ccdae48f44.jpg,0.6961738798477858,0.3317745
B2A,ccdb51d513.jpg,0.6765245916024761,0.28748214
B2A,cce7dc8ab2.jpg,0.821587739117392,0.24428709
B2A,cceb177f89.jpg,0.8434819242124587,0.22476764
B2A,ccf03e66bc.jpg,0.7544285918920192,0.4852721
B2A,ccf1814c56.jpg,0.7792259550472374,0.34778774
B2A,cd002af052.jpg,0.6314873019128029,0.5232654
B2A,cd002f704d.jpg,0.783529771330035,0.3648756
B2A,cd06750eef.jpg,0.8623657055405515,0.28139895
B2A,cd06b978fe.jpg,0.8369845138081843,0.27820447
B2A,cd093d4318.jpg,0.659410141106669,0.56123495
B2A,cd0952c111.jpg,0.8768890425882084,0.26424557
B2A,cd1cb040fe.jpg,0.8262570583406119,0.50961584
B2A,cd303186fb.jpg,0.5323287221301548,0.6475327
B2A,cd34097029.jpg,0.7361639204671571,0.4772665
B2A,cd396d99a3.jpg,0.8153845015855752,0.37738752
B2A,cd3feb1181.jpg,0.6656624727577599,0.53310937
B2A,cd5d08f5be.jpg,0.7467516514015085,0.38815835
B2A,cd5e26b488.jpg,0.7648714914124456,0.32739198
B2A,cd697d2806.jpg,0.7541206536717764,0.32188183
B2A,cd6ebe93ba.jpg,0.7554051052232437,0.37319773
B2A,cd7c6b3be6.jpg,0.882482564087949,0.2721078
B2A,cd805dd2c1.jpg,0.8646112297528721,0.41569024
B2A,cd813194f8.jpg,0.6834475283292515,0.5423297
B2A,cd8869c459.jpg,0.759499791391251,0.31975073
B2A,cd8f124bd5.jpg,0.8340538173275064,0.24937792
B2A,cd909a57e7.jpg,0.7770255657574723,0.47897702
B2A,cd91b78ba2.jpg,0.7766921809501662,0.35389364
B2A,cd9d87bc3d.jpg,0.5785208408239424,0.34745187
B2A,cdb10fd47a.jpg,0.6951289188500872,0.51572335
B2A,cdb621d29d.jpg,0.7115434996254827,0.30397877
B2A,cdd0aedc77.jpg,0.7583988465394673,0.5339536
B2A,cddb43b9e7.jpg,0.7623209589068036,0.4950773
B2A,cddc890db6.jpg,0.7612361003545464,0.5073181
B2A,cde8917c39.jpg,0.7712289040185661,0.3435995
B2A,ce09815c9c.jpg,0.6541181836389321,0.51075214
B2A,ce107a12eb.jpg,0.8473064320612694,0.2924344
B2A,ce15456147.jpg,0.7586479988853531,0.53313875
B2A,ce1740b144.jpg,0.6945145176890493,0.2786318
B2A,ce18e0a0f5.jpg,0.7977429981175489,0.42882144
B2A,ce2918591f.jpg,0.8080857325090868,0.2868892
B2A,ce2a521382.jpg,0.6386185779835574,0.3706817
B2A,ce4521380b.jpg,0.6014006682266619,0.69516134
B2A,ce4868171a.jpg,0.5517085361282176,0.57273626
B2A,ce4c59ff3a.jpg,0.8527435578319266,0.30490214
B2A,ce55094dff.jpg,0.6842491482640175,0.54862887
B2A,ce56788f42.jpg,0.7923040633526977,0.2925336
B2A,ce5ac8d0da.jpg,0.785267130146449,0.3305836
B2A,ce5b830de2.jpg,0.8804396947792968,0.23291562
B2A,ce5d913383.jpg,0.6813532727108802,0.4590308
B2A,ce6578f48a.jpg,0.8582719027445284,0.23636176
B2A,ce7a05feca.jpg,0.721028074825197,0.4832212
B2A,ce83fda480.jpg,0.7484158683555346,0.4505313
B2A,ce9872420a.jpg,0.5838578278158818,0.58151
B2A,ce9998c68f.jpg,0.5413391437972731,0.42045772
B2A,cec03efc5b.jpg,0.761374821643834,0.47101477
B2A,cec134e6c0.jpg,0.8468690694752048,0.2848081
B2A,ceca1f8fa9.jpg,0.5677180444940448,0.4579629
B2A,ced29e1b27.jpg,0.78698064759565,0.24199036
B2A,ceed1c7fc6.jpg,0.8884976187123979,0.22682251
B2A,cefe679fa9.jpg,0.7588115929967919,0.27766234
B2A,cf019642a5.jpg,0.8165721470103419,0.3554306
B2A,cf02f9afe4.jpg,0.7316041995966787,0.37975508
B2A,cf137a4d6f.jpg,0.787884253109845,0.29347444
B2A,cf1d695996.jpg,0.837256274370159,0.31272063
B2A,cf32b9f4e9.jpg,0.7406527413705056,0.43447345
B2A,cf36c56c38.jpg,0.739125092617357,0.4504877
B2A,cf38193966.jpg,0.7996384253488041,0.25007403
B2A,cf46e070e9.jpg,0.9474621976968465,0.40987122
B2A,cf476a1333.jpg,0.7465000472939507,0.52367634
B2A,cf510d8083.jpg,0.6998224177957915,0.52829784
B2A,cf5d68fd72.jpg,0.6863178497165842,0.35150778
B2A,cf6530e446.jpg,0.6456662725376375,0.48654568
B2A,cf6742d301.jpg,0.6203816996767751,0.52865964
B2A,cf8e66be82.jpg,0.7759723236926301,0.280831
B2A,cfb3b9881d.jpg,0.7086246777131171,0.51314104
B2A,cfbca208c3.jpg,0.7691168317663406,0.4091864
B2A,cfbcd9372b.jpg,0.8339758109429689,0.29811537
B2A,cfc2bf0c47.jpg,0.7650477170668755,0.5633073
B2A,cfc6d4340f.jpg,0.48640835327650883,0.77474767
B2A,cfd44c64b5.jpg,0.7648895592102618,0.2791646
B2A,cfdaa19397.jpg,0.8512248587950075,0.2647563
B2A,cfe8899a0a.jpg,0.8694579426004092,0.32388985
B2A,cff53a63a5.jpg,0.7129085602493603,0.5580149
B2A,d003814d0e.jpg,0.7931838439118066,0.36179325
B2A,d00da2c9a6.jpg,0.728887152323549,0.27355787
B2A,d01c505d6c.jpg,0.7447982143724531,0.5207322
B2A,d01ee012a8.jpg,0.665050001494118,0.32228202
B2A,d03cc29634.jpg,0.8141364988252493,0.36495358
B2A,d03eda30db.jpg,0.7618817928156835,0.39024246
B2A,d053572af4.jpg,0.8783747585971655,0.32977813
B2A,d05f7b46c4.jpg,0.6338797391974902,0.55649185
B2A,d0765946b2.jpg,0.7355203485218881,0.31408286
B2A,d08cb8e751.jpg,0.7995205169024092,0.41529167
B2A,d09ad65e9a.jpg,0.6472516563219162,0.5833216
B2A,d0a1eed9dd.jpg,0.8070466694104629,0.32700962
B2A,d0b792d050.jpg,0.7321417310575282,0.35826573
B2A,d0be1cb49b.jpg,0.6810276616515838,0.3846144
B2A,d0bf5f6a79.jpg,0.804662360870191,0.31663337
B2A,d0c2bf5ee4.jpg,0.7735304285554095,0.3513229
B2A,d0c5001014.jpg,0.9169234803500115,0.25491044
B2A,d0cb3e02c5.jpg,0.8859296307984866,0.27031404
B2A,d0de1d07ab.jpg,0.8507009339870786,0.37828255
B2A,d0e02b3cca.jpg,0.7440555348747866,0.48382798
B2A,d0e5067af3.jpg,0.8328885135658082,0.37933755
B2A,d0eda9c6a2.jpg,0.801520604805263,0.4029799
B2A,d0f878cc17.jpg,0.6004248105595279,0.51748997
B2A,d0ff4dbd71.jpg,0.7151979380540523,0.63983166
B2A,d1015b409e.jpg,0.7117285291650514,0.58209604
B2A,d104600dfb.jpg,0.8382235074099583,0.40080893
B2A,d12a49b5f4.jpg,0.7986126710159445,0.24893594
B2A,d1340eb9e0.jpg,0.8159004055134745,0.41765168
B2A,d14363b745.jpg,0.8000659079154127,0.42527086
B2A,d146966f14.jpg,0.8271977340970328,0.27767253
B2A,d161e72471.jpg,0.7072955133293347,0.32944694
B2A,d169a63b7f.jpg,0.7987539380569076,0.33516395
B2A,d17d89d337.jpg,0.669986289120958,0.40923944
B2A,d1879069e7.jpg,0.6844771746696063,0.5459347
B2A,d188b93438.jpg,0.8055130797632255,0.4035421
B2A,d188df6a22.jpg,0.5788088095582435,0.6475723
B2A,d1893ab238.jpg,0.8472367823037399,0.30173346
B2A,d1a661c8da.jpg,0.7704884434756974,0.27557608
B2A,d1a6cb893d.jpg,0.6208322293236817,0.7391421
B2A,d1ad00d90c.jpg,0.6665006274907199,0.5444758
B2A,d1e043b730.jpg,0.8073982645240022,0.2736811
B2A,d1e060bfb6.jpg,0.8609310987115888,0.26805776
B2A,d1e18d7e5b.jpg,0.5009040618377546,0.4912407
B2A,d1e6fbffd7.jpg,0.7530143320269884,0.40126637
B2A,d1f62310c3.jpg,0.7576572452055915,0.2953529
B2A,d225c560e6.jpg,0.8027452363098808,0.3105548
B2A,d246393b8c.jpg,0.6940408479728056,0.45029652
B2A,d279169f0b.jpg,0.8173406828600444,0.3798311
B2A,d27b1e3c9b.jpg,0.8249481307544323,0.33137023
B2A,d2b5bc2fec.jpg,0.7733803989753016,0.43525258
B2A,d2c6728caf.jpg,0.8212447160694424,0.4729158
B2A,d2d4d23be2.jpg,0.8475315041196922,0.37995145
B2A,d2db5c1d58.jpg,0.7354073687845711,0.5930985
B2A,d2e17623a7.jpg,0.4646539935571962,0.50693446
B2A,d2e6f685fd.jpg,0.6275173548763593,0.49286762
B2A,d2e84b4d1e.jpg,0.6543094561358376,0.521655
B2A,d2fc2edddc.jpg,0.8563989756736246,0.3184867
B2A,d314454c0e.jpg,0.8617782275305029,0.27342612
B2A,d314628676.jpg,0.8361694601896704,0.41865227
B2A,d3154830df.jpg,0.8279214654805729,0.40848026
B2A,d31a8ff3a5.jpg,0.7255855596441056,0.37989506
B2A,d32205861f.jpg,0.7865478597616519,0.37728158
B2A,d3269848d4.jpg,0.8232742503865135,0.30612808
B2A,d3284f750d.jpg,0.7226971873047444,0.35708937
B2A,d32eb0c36c.jpg,0.8244316937963572,0.3167826
B2A,d32ed2129f.jpg,0.8420954207938615,0.24583042
B2A,d33072a436.jpg,0.7189433392556878,0.37295827
B2A,d336c14238.jpg,0.8704353702863751,0.21777967
B2A,d3394edae8.jpg,0.7729789685732182,0.36480665
B2A,d33f9a1542.jpg,0.811495840260216,0.2919548
B2A,d35ae2cbae.jpg,0.7496773447631331,0.57703483
B2A,d35bc5d14a.jpg,0.773382986280638,0.47203362
B2A,d3650f6c75.jpg,0.8793138021841045,0.303706
B2A,d3703e6c9e.jpg,0.8861675317185144,0.22981626
B2A,d37045ad87.jpg,0.6657857052782237,0.39287654
B2A,d37e5269d1.jpg,0.9418606816600571,0.2388704
B2A,d38aea73cd.jpg,0.762097229315998,0.3708486
B2A,d38b20fe5c.jpg,0.6956573739677003,0.5678581
B2A,d3930d44de.jpg,0.534917354974531,0.73290825
B2A,d3957c616c.jpg,0.6168887128488609,0.36458746
B2A,d39869db76.jpg,0.8339010313130842,0.336343
B2A,d3a25f9804.jpg,0.6488478712358249,0.44118193
B2A,d3aab5add0.jpg,0.8460313188006755,0.34453446
B2A,d3b6567912.jpg,0.7348608581585497,0.5333051
B2A,d3c463dd3b.jpg,0.7443652801182618,0.40950346
B2A,d3c57387ec.jpg,0.5496047887012134,0.44498956
B2A,d3f0e309e0.jpg,0.8881739084875943,0.2551937
B2A,d3f0f026a8.jpg,0.6878225055526442,0.45825216
B2A,d3f2a0bb2c.jpg,0.6200157699783341,0.35965443
B2A,d3f454681f.jpg,0.8125395936532678,0.36156583
B2A,d3f696828f.jpg,0.8235943807155478,0.3357401
B2A,d3ff9bca9e.jpg,0.6595415603171019,0.33931053
B2A,d415017bc2.jpg,0.7370748032363811,0.4052066
B2A,d418ba98f8.jpg,0.6543048121065279,0.566723
B2A,d41cc915ff.jpg,0.8546012805160523,0.36806095
B2A,d42372229a.jpg,0.6597445345161759,0.42955312
B2A,d42f03cd81.jpg,0.8458318926617502,0.35405853
B2A,d42f6d7652.jpg,0.8694425034414396,0.36047828
B2A,d4471a4a4e.jpg,0.6675125606942311,0.5524907
B2A,d44857998f.jpg,0.7876114338792288,0.46025982
B2A,d4689bd3d9.jpg,0.8320027151534178,0.24972627
B2A,d47b4da779.jpg,0.7794934968107426,0.3257188
B2A,d4844e2dad.jpg,0.7431336243842593,0.38798183
B2A,d48a2d6bfd.jpg,0.8305278041465982,0.24234645
B2A,d48b8bf03a.jpg,0.8265607030788563,0.62452286
B2A,d492ae08d5.jpg,0.8352974393479801,0.47577503
B2A,d498591082.jpg,0.7656314273246715,0.39274445
B2A,d4a71919e4.jpg,0.7609447434918729,0.6061736
B2A,d4bb813fdc.jpg,0.8177268990883397,0.3377746
B2A,d4c215c09e.jpg,0.8077393121272053,0.32174033
B2A,d4c2eb38da.jpg,0.5232131497899222,0.642445
B2A,d4cbd9c9b0.jpg,0.821826767309638,0.5777784
B2A,d4cdb47bdf.jpg,0.720020468467889,0.3471861
B2A,d4ce5e251f.jpg,0.7614487506098454,0.20858234
B2A,d4d578acf5.jpg,0.43863832352284277,0.37261498
B2A,d4dbddb77b.jpg,0.7584592008295907,0.32743758
B2A,d4de7602c5.jpg,0.850898885128277,0.2461808
B2A,d4dee83e40.jpg,0.775083592331788,0.3597456
B2A,d4e9f0b0ce.jpg,0.8316971882625437,0.23786037
B2A,d4f60f4701.jpg,0.6378486314547215,0.53967035
B2A,d4f9dfa248.jpg,0.738699196987484,0.27685258
B2A,d509c85ae9.jpg,0.7923919247132861,0.22354573
B2A,d5111e3439.jpg,0.8916389559132282,0.2934385
B2A,d52dea5485.jpg,0.8356218067134554,0.28343332
B2A,d532d31ce9.jpg,0.6940790831557043,0.36790115
B2A,d53b1a61cc.jpg,0.8378687385309288,0.30325857
B2A,d53c1a6896.jpg,0.7981232174078275,0.47986996
B2A,d53c658d5d.jpg,0.8045767771086566,0.23139292
B2A,d549b4831b.jpg,0.8261538760229952,0.30613893
B2A,d5568c935b.jpg,0.7199327603738265,0.31883946
B2A,d565375662.jpg,0.6227280744517468,0.33884123
B2A,d5672156cb.jpg,0.7205923700460745,0.39779675
B2A,d5687d4334.jpg,0.48060702467832317,0.6737352
B2A,d573bdf312.jpg,0.8999886336716533,0.30502284
B2A,d587e73d3c.jpg,0.4805314681297795,0.359613
B2A,d58ae30774.jpg,0.4832348506665951,0.35348177
B2A,d59e1972e6.jpg,0.6021763389047334,0.36137217
B2A,d5a509f069.jpg,0.5576063309147092,0.54390705
B2A,d5a787ca7f.jpg,0.8993061593141572,0.31712383
B2A,d5bdd46e8e.jpg,0.6896859372655676,0.34692916
B2A,d5c5f591ab.jpg,0.6843110020018273,0.5063957
B2A,d5c7781f64.jpg,0.8026347047440889,0.29579177
B2A,d5d2fad470.jpg,0.8039124303000231,0.26907676
B2A,d5d5790444.jpg,0.7967357725406419,0.28109005
B2A,d5d6b091be.jpg,0.80998317464683,0.37463406
B2A,d5df90dea4.jpg,0.879870066834503,0.26633042
B2A,d5f266c340.jpg,0.6629322733542056,0.7161835
B2A,d5f3633c07.jpg,0.8180739137691689,0.35751632
B2A,d5fa8c4e07.jpg,0.8239554121581948,0.46520174
B2A,d5fd16b1ae.jpg,0.8423502586827503,0.3830142
B2A,d604fa140f.jpg,0.7091229702923144,0.66821015
B2A,d6086a2b97.jpg,0.8428706069666348,0.25908846
B2A,d615a2ad47.jpg,0.7268216735469907,0.23798159
B2A,d62a9671f5.jpg,0.7108461820535635,0.23181413
B2A,d62e9d07dd.jpg,0.7771810412269081,0.48913148
B2A,d62eeaccb0.jpg,0.8864824431999692,0.2845064
B2A,d63d194a4d.jpg,0.6314705680045026,0.6422043
B2A,d64608c4e4.jpg,0.6296260319862149,0.44108748
B2A,d6485b0368.jpg,0.7844066905422129,0.28704473
B2A,d665568cdf.jpg,0.8085531287196015,0.41786122
B2A,d6711262bf.jpg,0.801090376614155,0.2720344
B2A,d696cf4eaf.jpg,0.7955912192903646,0.3535459
B2A,d6970035e5.jpg,0.628568328630816,0.21968001
B2A,d6a2175011.jpg,0.7528128828422996,0.41732353
B2A,d6a72784ba.jpg,0.7083560755468404,0.5487505
B2A,d6ae4d6c30.jpg,0.7473131360805614,0.5224894
B2A,d6b0733797.jpg,0.8531128272911112,0.35124138
B2A,d6c5343b4f.jpg,0.8892541838459539,0.32655
B2A,d6d5bf2fc2.jpg,0.7439458027981897,0.41169322
B2A,d6d97e039e.jpg,0.6235952365540396,0.55056435
B2A,d6da10b7f5.jpg,0.7458413408563974,0.38809377
B2A,d6dcf25188.jpg,0.7533946233497587,0.23870152
B2A,d6e30ab5d6.jpg,0.8497209499731971,0.29461497
B2A,d6ec137527.jpg,0.8129877292935734,0.30709726
B2A,d6ffd07557.jpg,0.6612003848393926,0.39747754
B2A,d710d55142.jpg,0.7900334504194948,0.3264064
B2A,d711d39160.jpg,0.7166200831355053,0.4306073
B2A,d725fc1f6c.jpg,0.7577913061413245,0.36936995
B2A,d735b2e3ba.jpg,0.6471216386591455,0.44389692
B2A,d73677d70a.jpg,0.840021373830917,0.40501395
B2A,d74102274f.jpg,0.618996803527991,0.55141836
B2A,d744753df3.jpg,0.8962393824905573,0.3059112
B2A,d750bc223e.jpg,0.7769320068935652,0.41304457
B2A,d768b070fb.jpg,0.6680261222078477,0.56720936
B2A,d76a286580.jpg,0.8569552367850468,0.2857924
B2A,d77588d82a.jpg,0.6605246154236182,0.32010788
B2A,d780fc984e.jpg,0.7751588068125763,0.4591739
B2A,d782a6d8c3.jpg,0.8481634605282079,0.2234434
B2A,d782a9909e.jpg,0.5268038002698887,0.6113523
B2A,d7931ef243.jpg,0.8614796528534806,0.2733116
B2A,d796721fb5.jpg,0.7312389374477958,0.31456244
B2A,d7a476f83c.jpg,0.7678441963313396,0.44414213
B2A,d7a5cd28b6.jpg,0.811102291289324,0.4338931
B2A,d7a7a0f511.jpg,0.7498333815396299,0.43136048
B2A,d7a88b2a80.jpg,0.7779577925908197,0.34490448
B2A,d7aba83758.jpg,0.7776515244358019,0.24584238
B2A,d7b0822c4d.jpg,0.6255207281805051,0.36580968
B2A,d7ba967556.jpg,0.8581103001861082,0.34409225
B2A,d7c80f2f1c.jpg,0.7009296915340875,0.363134
B2A,d7d2dcd8cb.jpg,0.8357391493351437,0.22291438
B2A,d7db542422.jpg,0.7468474979660659,0.40826654
B2A,d7e12eb311.jpg,0.5275761001460251,0.47178197
B2A,d7e1b8775d.jpg,0.7929569367168109,0.3494285
B2A,d7e64f3b75.jpg,0.7008165226855861,0.5720812
B2A,d7e948b103.jpg,0.8700765210097247,0.2805669
B2A,d7f0767146.jpg,0.7514447880812458,0.26355517
B2A,d7f614f501.jpg,0.8039957757325168,0.35205245
B2A,d7f98bd210.jpg,0.6520007509690204,0.4140934
B2A,d7fa7571fb.jpg,0.8666976039279,0.25639638
B2A,d7faed0983.jpg,0.8382198601947946,0.27872315
B2A,d7fe5c1813.jpg,0.8234551000222097,0.3906019
B2A,d8071daab5.jpg,0.7453949887484321,0.27177352
B2A,d80d4c93de.jpg,0.6851847496685696,0.52227813
B2A,d8203958e4.jpg,0.8675787549230559,0.29020324
B2A,d828712765.jpg,0.7256937776754329,0.3488539
B2A,d829b461da.jpg,0.8196461509356103,0.23291017
B2A,d8352d8b46.jpg,0.7020546606819312,0.33864886
B2A,d83783faee.jpg,0.8288209083065071,0.2849197
B2A,d83b284745.jpg,0.8521185774251638,0.37666357
B2A,d84246da4d.jpg,0.8470441231323135,0.2037767
B2A,d842c67749.jpg,0.7283027437606859,0.56338584
B2A,d84eb83137.jpg,0.7380385661774834,0.29808137
B2A,d8520bbf71.jpg,0.7186141766747647,0.6395523
B2A,d860d82c66.jpg,0.6718833404100085,0.42223376
B2A,d86bcf2cb1.jpg,0.6622315779139176,0.6173997
B2A,d871a0f7d6.jpg,0.7106746499791791,0.37254828
B2A,d8733f7b37.jpg,0.7674481946525769,0.38352725
B2A,d88df3e4db.jpg,0.7401924769314074,0.379793
B2A,d896bafc3a.jpg,0.7256684717615868,0.43161887
B2A,d8a5d84b9c.jpg,0.8010865540666242,0.38133597
B2A,d8a82e544c.jpg,0.8650694808835269,0.45798308
B2A,d8b5422831.jpg,0.6741930430302219,0.4973849
B2A,d8b89867b7.jpg,0.5748231798466478,0.57103926
B2A,d8e591ee2c.jpg,0.7383656706742352,0.2900442
B2A,d8f841bc79.jpg,0.7692985040334407,0.4783726
B2A,d8fbe8e68c.jpg,0.8261452744139919,0.3921714
B2A,d9081260de.jpg,0.8107702152170029,0.42526442
B2A,d90bdfc690.jpg,0.6708040108080828,0.5759183
B2A,d910783d61.jpg,0.643485005618535,0.49995977
B2A,d91c1034e5.jpg,0.8542248857171919,0.33189535
B2A,d91c9eba83.jpg,0.8741922593973238,0.47139052
B2A,d9213433cf.jpg,0.8219628353286053,0.356243
B2A,d925ef5aff.jpg,0.5761517093747784,0.571751
B2A,d926f81b43.jpg,0.762126480318113,0.29772526
B2A,d939c19419.jpg,0.854555422991958,0.22102371
B2A,d93e5f8eb7.jpg,0.7793503652623193,0.511854
B2A,d93e6be372.jpg,0.8939469740282693,0.27340412
B2A,d94541fa5b.jpg,0.8875137803717029,0.31738123
B2A,d94766bf33.jpg,0.5084147285972054,0.525815
B2A,d9543c27a3.jpg,0.695050957570153,0.2808701
B2A,d9553c2962.jpg,0.8400736364273306,0.3073059
B2A,d95ef93115.jpg,0.8428230706784864,0.297983
B2A,d961320e9a.jpg,0.7532403824622831,0.42191237
B2A,d9625e6971.jpg,0.6999963152468945,0.3793376
B2A,d9673840a1.jpg,0.6027851067810214,0.56466115
B2A,d96e82c6f6.jpg,0.8229329063401205,0.33316737
B2A,d971072ac0.jpg,0.7215863550160236,0.29627013
B2A,d97bbd8692.jpg,0.7041890848180515,0.40604925
B2A,d97f10bdd5.jpg,0.7164316266319287,0.34117097
B2A,d993fbb271.jpg,0.7290778817143677,0.20026657
B2A,d997322544.jpg,0.8443829282876896,0.2715391
B2A,d99ae9a1ca.jpg,0.5941865533242446,0.41495183
B2A,d9a87c0d5d.jpg,0.766591732386466,0.47061983
B2A,d9bbbafa03.jpg,0.7988762474705257,0.3976648
B2A,d9c29a7cbf.jpg,0.7738591034040481,0.32918513
B2A,d9c5c047d2.jpg,0.8617725884942589,0.23999017
B2A,d9c9f0392c.jpg,0.7826148023344159,0.3863507
B2A,d9cbda5356.jpg,0.7725249625553217,0.2574996
B2A,d9da605ace.jpg,0.7036835809129699,0.44934684
B2A,d9e227f734.jpg,0.767466911717802,0.41374284
B2A,d9e879879a.jpg,0.6558443717120781,0.50089216
B2A,da02be50b3.jpg,0.6968219471519997,0.31869337
B2A,da0471dd85.jpg,0.5834764309601498,0.71508306
B2A,da10c654ce.jpg,0.857100751491864,0.30723825
B2A,da2691d719.jpg,0.8585705078555835,0.36795574
B2A,da28b99645.jpg,0.7433180077974844,0.2859555
B2A,da342ea116.jpg,0.8367084996668196,0.3259462
B2A,da392927b1.jpg,0.8700181401774872,0.273632
B2A,da3b4dd28e.jpg,0.6496500487988102,0.5837128
B2A,da3bac3250.jpg,0.6757657691446394,0.32524735
B2A,da53718103.jpg,0.7024985745316046,0.48367992
B2A,da6c915502.jpg,0.7207793081446062,0.3313349
B2A,da6d4d9ea2.jpg,0.8173396387248187,0.29873395
B2A,da86565952.jpg,0.5907031031859278,0.56384087
B2A,da920bf4bc.jpg,0.7210921106546857,0.40518394
B2A,daa4352f54.jpg,0.6467984424220197,0.5668478
B2A,daa8fa4579.jpg,0.7590537940502962,0.3377622
B2A,dabaad16e8.jpg,0.5610171263760937,0.5052035
B2A,dabaf0f8aa.jpg,0.841652675430134,0.32465145
B2A,dabcf502f4.jpg,0.5516183909823105,0.6421201
B2A,dac8b251fd.jpg,0.7989449765570265,0.34896168
B2A,dae46a168b.jpg,0.9064084869567137,0.26090103
B2A,dae9ee7a11.jpg,0.6250351768287664,0.5185246
B2A,daee416ffe.jpg,0.8298828164374271,0.38108855
B2A,daf0f4bdc1.jpg,0.8008754805724505,0.26844072
B2A,dafda5c17a.jpg,0.5824239827564301,0.5611448
B2A,db00979196.jpg,0.7530306052446334,0.24764778
B2A,db052e5241.jpg,0.9015844813663295,0.3502807
B2A,db0d9fdaec.jpg,0.6946129415143216,0.3432451
B2A,db0ecb48c4.jpg,0.7641720255170166,0.40705958
B2A,db14eba4e1.jpg,0.7656584972554887,0.38085562
B2A,db18f28537.jpg,0.8011054509578238,0.34625313
B2A,db1f18b059.jpg,0.882157748358715,0.28029886
B2A,db2b40dd94.jpg,0.7584162660637894,0.40901864
B2A,db2e0f3cdf.jpg,0.78404900316602,0.41558588
B2A,db4fd99e56.jpg,0.7476052712395622,0.3781855
B2A,db58221d78.jpg,0.7973975401522861,0.36081624
B2A,db59f96bfc.jpg,0.8455932043687022,0.36384887
B2A,db70823e2b.jpg,0.8462130177062976,0.33544904
B2A,db7fd38aa5.jpg,0.5607544484278005,0.32753792
B2A,db86c73152.jpg,0.856284344250206,0.2768936
B2A,db9cfcd293.jpg,0.656688037370831,0.38226295
B2A,dba404b1bd.jpg,0.5057974118060683,0.42001882
B2A,dbba4e41d0.jpg,0.7916436194866405,0.4191697
B2A,dbbe9bbb8e.jpg,0.8681733071767104,0.2278394
B2A,dbbed3a8c7.jpg,0.721111425528965,0.4284107
B2A,dbbfe0e846.jpg,0.7609945091466468,0.3895988
B2A,dbc0d26415.jpg,0.8271728343540131,0.34419537
B2A,dbc5daad12.jpg,0.6884219962998079,0.54971284
B2A,dbd3bf1236.jpg,0.8867761225050668,0.3177681
B2A,dbef8e6c0a.jpg,0.8222353478420085,0.30813828
B2A,dbf9e7be99.jpg,0.8374079788897735,0.39701802
B2A,dc0f97a1aa.jpg,0.782657739424348,0.35089588
B2A,dc121d7f9b.jpg,0.7626494010800869,0.5796556
B2A,dc258c8a0b.jpg,0.7531803749170757,0.29794037
B2A,dc26513fe8.jpg,0.7097528593056496,0.42960852
B2A,dc2abc2e66.jpg,0.7474985219663987,0.38806528
B2A,dc307002d2.jpg,0.6489267845333755,0.45254636
B2A,dc549bebc4.jpg,0.5569939462926741,0.43759647
B2A,dc5829408f.jpg,0.7947296366884604,0.5755501
B2A,dc5f1c23a0.jpg,0.854111170380816,0.25590792
B2A,dc629cae14.jpg,0.8188726994502857,0.33058348
B2A,dc631c9b2a.jpg,0.904954676032303,0.25135446
B2A,dc74902b39.jpg,0.6954728748497576,0.4040385
B2A,dc8a5d64eb.jpg,0.6724720177109845,0.392321
B2A,dc8b552cc5.jpg,0.8419047497299754,0.3069854
B2A,dc938fd3f7.jpg,0.7643707927600084,0.38573366
B2A,dc98f07caf.jpg,0.8969301957507259,0.26259744
B2A,dc9943d9eb.jpg,0.6534686714048669,0.53502876
B2A,dc9d581332.jpg,0.663280195090419,0.46134898
B2A,dca4c17096.jpg,0.6514567702562687,0.3617538
B2A,dcbdd75640.jpg,0.8346768785152788,0.27617466
B2A,dcca4f8bb6.jpg,0.8349899590088632,0.21740745
B2A,dccb6e42ee.jpg,0.5403034548562622,0.5564019
B2A,dce963b80b.jpg,0.673923632350447,0.49984527
B2A,dcf4c2cbb1.jpg,0.6368137657641327,0.3909477
B2A,dcfa634264.jpg,0.8196471431000112,0.29909268
B2A,dd036adfe5.jpg,0.739559642210848,0.35736102
B2A,dd232bb32f.jpg,0.6820635649779546,0.29351413
B2A,dd26e604b1.jpg,0.7090239623909794,0.44630533
B2A,dd2a4f5af6.jpg,0.7056604392847873,0.28661206
B2A,dd59da4b8e.jpg,0.8211887001932374,0.34994274
B2A,dd6a426ccb.jpg,0.8054219376500064,0.24366677
B2A,dd80a0ae1c.jpg,0.8519472645991326,0.33512205
B2A,dd8cf7b53e.jpg,0.7657722435023518,0.35286814
B2A,dd98d8bda5.jpg,0.8355077698770379,0.27034497
B2A,dda084c63b.jpg,0.754400245453382,0.5218556
B2A,ddb1124c29.jpg,0.8741790490175654,0.23422441
B2A,ddb17e566c.jpg,0.7543888868397882,0.49343354
B2A,ddb386ce3e.jpg,0.7478955080877996,0.41080597
B2A,ddb8baf94a.jpg,0.751055732644871,0.45660514
B2A,ddc08a0803.jpg,0.8604136443406222,0.35933387
B2A,ddc5ea8270.jpg,0.6761510086538602,0.39139575
B2A,ddd674f433.jpg,0.7123513915307567,0.394857
B2A,dde4567678.jpg,0.7725792159109288,0.2590839
B2A,de010cbbc2.jpg,0.7404768589364442,0.39992604
B2A,de059c7bbf.jpg,0.8930348388752142,0.21623737
B2A,de05b6bb2f.jpg,0.7717323102182119,0.25631452
B2A,de10876989.jpg,0.6946897921696824,0.38277608
B2A,de241d55fc.jpg,0.9657754883700769,0.21228501
B2A,de2f9d1599.jpg,0.7525943320479339,0.3383067
B2A,de31a67502.jpg,0.7534785050152686,0.49135426
B2A,de34c78357.jpg,0.614654052964031,0.44294965
B2A,de37e2ad60.jpg,0.8702565391642083,0.25070718
B2A,de457df144.jpg,0.8181361833143052,0.29998687
B2A,de4f73e2e6.jpg,0.6917579753506394,0.53877133
B2A,de59f8afb3.jpg,0.8005877221637981,0.3714986
B2A,de6510a7ab.jpg,0.911200121564996,0.2291117
B2A,de6bf0cb04.jpg,0.7270351466344525,0.44082487
B2A,de7ed78f5a.jpg,0.7350611678281592,0.44815424
B2A,de86577a5b.jpg,0.7764369331001214,0.1693793
B2A,de86feb03d.jpg,0.6493452326014431,0.30365935
B2A,dea009ab5b.jpg,0.8860709067252734,0.32092124
B2A,dea330a02f.jpg,0.8778428481712937,0.38390404
B2A,deafff753c.jpg,0.6807865903055828,0.5652275
B2A,deb67f6b0e.jpg,0.8114156316421851,0.38138038
B2A,debf11d04c.jpg,0.8847793417468919,0.28973183
B2A,dec3ab2321.jpg,0.8512534938906102,0.29294378
B2A,ded7482c2c.jpg,0.8345675448251175,0.2626709
B2A,ded8ffa3ca.jpg,0.9118170560326448,0.24355285
B2A,def0cd31b2.jpg,0.7174115410649359,0.57392716
B2A,def8bd92f4.jpg,0.7769103571966466,0.5378018
B2A,df017c0778.jpg,0.7535852329802573,0.40580827
B2A,df04d84ca9.jpg,0.7266166982165103,0.3607638
B2A,df1b2ded30.jpg,0.8374479234871028,0.4091519
B2A,df21dd363b.jpg,0.8956025793304966,0.3216299
B2A,df26cc01aa.jpg,0.7749398635435906,0.3001498
B2A,df2c0d53a4.jpg,0.6560888382782942,0.561728
B2A,df2eddf8b4.jpg,0.8380615661480558,0.23513368
B2A,df34b6c0e8.jpg,0.7857626829179352,0.2767854
B2A,df3688f698.jpg,0.6394851330596788,0.49858415
B2A,df36a9efd4.jpg,0.6213028310385003,0.5305418
B2A,df4975e8bf.jpg,0.9006574838772526,0.24433184
B2A,df571c611d.jpg,0.7293247028786348,0.38146564
B2A,df65517316.jpg,0.5459303523687419,0.5024163
B2A,df717b23e2.jpg,0.7960372825716332,0.3402488
B2A,df71b50ac1.jpg,0.7027462480228732,0.30604646
B2A,df7438a2d8.jpg,0.644960272904128,0.4221428
B2A,df75caef2e.jpg,0.8024176512945778,0.27923036
B2A,df7ada692b.jpg,0.7731745145998178,0.5036882
B2A,df895d4f4f.jpg,0.8604474147433999,0.32980937
B2A,dfa6cb635d.jpg,0.7116349709918658,0.31378618
B2A,dfb9e202de.jpg,0.7974171767925579,0.49566218
B2A,dfbd52ecf5.jpg,0.7896648424377317,0.36330667
B2A,dfcd9af740.jpg,0.8219885368788046,0.33253786
B2A,dfd3b1a8bf.jpg,0.7885489340588712,0.59832674
B2A,dfdb05692f.jpg,0.8820069265767997,0.2506716
B2A,dfdf679899.jpg,0.7486174065792869,0.45844796
B2A,dfe59079af.jpg,0.7080289260407798,0.3110795
B2A,dfedfba018.jpg,0.8343776154083835,0.28369647
B2A,dfee298b96.jpg,0.6292136521247919,0.6375004
B2A,dff450dda1.jpg,0.8904318177551439,0.3387768
B2A,dff66a7d64.jpg,0.6838468918811343,0.64696157
B2A,dff763c552.jpg,0.7845638844251931,0.43679646
B2A,e00bba74a2.jpg,0.8143853111153873,0.41233537
B2A,e01fe394d8.jpg,0.8604779344575698,0.2764588
B2A,e0216cf2a8.jpg,0.7325154748564208,0.6029568
B2A,e0316f1950.jpg,0.6568798301058286,0.59007
B2A,e0328c7d7c.jpg,0.7254599605468937,0.47772384
B2A,e038af63fe.jpg,0.8198107529867088,0.30753157
B2A,e039712ade.jpg,0.8189007186234067,0.30805758
B2A,e03b2a6164.jpg,0.6417745428134248,0.24747653
B2A,e04291a057.jpg,0.8242730498204384,0.2770177
B2A,e048cbd49e.jpg,0.8299678158962054,0.32004684
B2A,e050f1a2a9.jpg,0.8234906546748354,0.418105
B2A,e05899ed06.jpg,0.573618570287764,0.46851644
B2A,e05c7f85ef.jpg,0.8272465368641742,0.26728258
B2A,e068415db1.jpg,0.6775651585715846,0.43014577
B2A,e068928755.jpg,0.7803748898278473,0.33116707
B2A,e071db584c.jpg,0.8503620037552517,0.28344226
B2A,e0839b3c2e.jpg,0.8323306407490925,0.2719918
B2A,e08fc2d70e.jpg,0.8169297754624245,0.48911223
B2A,e091476985.jpg,0.8802570788765729,0.21305117
B2A,e09576695b.jpg,0.7686516309731248,0.41053027
B2A,e0a9fecd26.jpg,0.7179894949769053,0.38584197
B2A,e0b1a4f104.jpg,0.8262771094905653,0.38188818
B2A,e0b6abfd6d.jpg,0.7969858468691567,0.30438122
B2A,e0c949a987.jpg,0.8326265346869521,0.39156747
B2A,e0cfa9d464.jpg,0.7271812581508373,0.38406634
B2A,e0d48fc860.jpg,0.8667935250618032,0.3222106
B2A,e0d7f40a24.jpg,0.8405323971595238,0.4521883
B2A,e0d9fadae6.jpg,0.6947124645211524,0.21835856
B2A,e0db07d90e.jpg,0.6545623512186425,0.55148524
B2A,e0e0bd66eb.jpg,0.5489601774527122,0.31641918
B2A,e0edc2d1ff.jpg,0.8534620912211442,0.3485773
B2A,e0f0dc2983.jpg,0.7079280401304232,0.46699685
B2A,e0f7f0bb22.jpg,0.6913851309465892,0.23052181
B2A,e0fce775af.jpg,0.7540903662583001,0.3904133
B2A,e0ffb419d8.jpg,0.5563597559520679,0.45615885
B2A,e103e37ef6.jpg,0.7041160432012432,0.46326283
B2A,e10f4e0249.jpg,0.9201347408073236,0.24779096
B2A,e1107c721b.jpg,0.6192460993834552,0.6037924
B2A,e12532498c.jpg,0.7506937140520845,0.40960225
B2A,e13f5e00b9.jpg,0.8944726319584414,0.27249032
B2A,e1421bcb6d.jpg,0.5993671630574128,0.5994976
B2A,e14520fb9c.jpg,0.6598394347226784,0.6169957
B2A,e154b39c0c.jpg,0.6721297110104008,0.42696357
B2A,e158554d68.jpg,0.6390417445154982,0.71087706
B2A,e15ebb6b26.jpg,0.6275956480462368,0.51262915
B2A,e180ce65fe.jpg,0.8693313839761275,0.5013013
B2A,e18c605daf.jpg,0.8685152948704561,0.38756692
B2A,e191e362cc.jpg,0.8610228559098918,0.27456832
B2A,e195754758.jpg,0.6854356442351054,0.40860248
B2A,e1b8768630.jpg,0.6880918344138345,0.387353
B2A,e1e42d1e1d.jpg,0.8181965954398595,0.35990942
B2A,e1e7add957.jpg,0.7647346759751749,0.27173594
B2A,e1f01aed34.jpg,0.7895633632741813,0.27134508
B2A,e1f044dff1.jpg,0.683848627513412,0.5532989
B2A,e2050f818f.jpg,0.7805267463484554,0.39670998
B2A,e20e016680.jpg,0.5924183884918826,0.56748366
B2A,e20f79f596.jpg,0.7419847127344427,0.4414103
B2A,e218d1a1ea.jpg,0.7349659719873919,0.314092
B2A,e219f69873.jpg,0.8906491675743903,0.24082369
B2A,e22fbe22ff.jpg,0.6390897238250597,0.4096052
B2A,e239290d7a.jpg,0.8336978967390332,0.33946803
B2A,e23da13385.jpg,0.6898562218418514,0.41896802
B2A,e23dd4b66b.jpg,0.857407985067741,0.3591831
B2A,e24d11659e.jpg,0.7175277838573754,0.31788647
B2A,e25a309e7f.jpg,0.750093051354798,0.44854254
B2A,e262ebdb71.jpg,0.7942922843715443,0.32982194
B2A,e26f08910a.jpg,0.8022592472269725,0.3206023
B2A,e276cfea71.jpg,0.77419746588077,0.30859792
B2A,e278a31c95.jpg,0.6125581842308808,0.39618415
B2A,e2816c6358.jpg,0.7046872151924671,0.38191262
B2A,e2921fb3bc.jpg,0.8386200497270976,0.3222007
B2A,e29891901c.jpg,0.8707602001632765,0.3282767
B2A,e29923569e.jpg,0.9169523402462877,0.19810963
B2A,e2be127e28.jpg,0.5617626016402857,0.43248668
B2A,e2cc5d0740.jpg,0.7784429257507957,0.30186146
B2A,e2dd4bdeef.jpg,0.8159151989815543,0.42149526
B2A,e2e1192489.jpg,0.639723650037665,0.38324875
B2A,e2e85f68e0.jpg,0.9003958914451152,0.2795812
B2A,e2ebe675f8.jpg,0.872337566220452,0.32364038
B2A,e2ec96f0b4.jpg,0.8104468382238408,0.3619781
B2A,e2f37052c1.jpg,0.6113837231374579,0.57140684
B2A,e3148aa017.jpg,0.8991584471064727,0.21328053
B2A,e31668e912.jpg,0.8330046671719632,0.35021454
B2A,e33556dc35.jpg,0.581904218349861,0.75516826
B2A,e33bb81f2b.jpg,0.7831852757128674,0.32337067
B2A,e34010decc.jpg,0.7871222703266489,0.2696734
B2A,e340c22dc4.jpg,0.762329742437732,0.36973688
B2A,e344e433cc.jpg,0.9112616123779116,0.36743122
B2A,e347492218.jpg,0.7301592846550182,0.49396312
B2A,e3477e1ec7.jpg,0.8163255266180003,0.32266045
B2A,e34ae8c169.jpg,0.8368415269323465,0.34191212
B2A,e3557bd3e7.jpg,0.7045027125362968,0.40525326
B2A,e3618e9a11.jpg,0.76541511842657,0.39685643
B2A,e365dae98b.jpg,0.4235995103859399,0.54049605
B2A,e37b3a49d9.jpg,0.6051631853058609,0.47898704
B2A,e37e071314.jpg,0.7898158561877179,0.32937247
B2A,e38186a614.jpg,0.7070340599837995,0.2817509
B2A,e388432c26.jpg,0.7537474480091085,0.6099167
B2A,e39562f090.jpg,0.7700866499251197,0.3919323
B2A,e3997e52e9.jpg,0.8432288782396542,0.381935
B2A,e3cb3ad674.jpg,0.8869378175147251,0.2896593
B2A,e3cea056cc.jpg,0.657885257879268,0.33202654
B2A,e3ceb5d67a.jpg,0.7277817464792531,0.60207415
B2A,e3e6ca612f.jpg,0.8113787413501045,0.24463288
B2A,e3e87b3f1e.jpg,0.8572734801986893,0.26181358
B2A,e3f1be931a.jpg,0.5636358592084253,0.35459322
B2A,e3f34cdbfc.jpg,0.902940299775863,0.33787748
B2A,e3fae55083.jpg,0.6976260656758099,0.40321982
B2A,e3fe190c35.jpg,0.8298107827411553,0.26568508
B2A,e4005ebfe6.jpg,0.7001480992617373,0.62349755
B2A,e40a02297a.jpg,0.8158727834351215,0.25953203
B2A,e40ba425ad.jpg,0.8539449424191081,0.31056404
B2A,e40ea38065.jpg,0.7885817540563757,0.36209586
B2A,e41de69603.jpg,0.8597136436384545,0.3611763
B2A,e428d47850.jpg,0.8031016102071934,0.41837466
B2A,e43625382b.jpg,0.8869976132567183,0.26545548
B2A,e43cfeffd7.jpg,0.8111147912596556,0.4378208
B2A,e452266e47.jpg,0.6391456767808332,0.25812364
B2A,e46722db3b.jpg,0.8656050913234943,0.35934326
B2A,e474730931.jpg,0.8736289884799057,0.25712588
B2A,e484852720.jpg,0.7623132467528209,0.31733117
B2A,e4a7646e26.jpg,0.69260123626372,0.46318585
B2A,e4b6e49888.jpg,0.8840605723779603,0.21609166
B2A,e4baa84c9e.jpg,0.7460729499061113,0.41834927
B2A,e4c2f8062a.jpg,0.5934242665631206,0.4982066
B2A,e4c47323cb.jpg,0.7679897945581059,0.36549935
B2A,e4db596478.jpg,0.7880787543432233,0.29496834
B2A,e4df61af49.jpg,0.707460405378018,0.3182985
B2A,e4e7fd51dd.jpg,0.7772497120175701,0.3263523
B2A,e4ec14322d.jpg,0.6386410147656543,0.43059433
B2A,e4edaddcef.jpg,0.6136909703896907,0.5644659
B2A,e4f21cb9f8.jpg,0.8374202203172085,0.25671744
B2A,e4f5f401e0.jpg,0.8679683662868455,0.27539366
B2A,e50dc96e2b.jpg,0.7684155280566646,0.23771161
B2A,e517b6f313.jpg,0.7719685540706486,0.31705207
B2A,e5247c9272.jpg,0.6185762029852849,0.3169852
B2A,e52816eec3.jpg,0.5373603199987322,0.78467304
B2A,e52b0badda.jpg,0.6653509678385712,0.32097286
B2A,e53184b315.jpg,0.837151587513282,0.3746006
B2A,e536a8e4d0.jpg,0.7940543596317398,0.43132222
B2A,e53aaa0782.jpg,0.8370811303122374,0.33681023
B2A,e53aaac02c.jpg,0.6231568925125536,0.48086864
B2A,e53b41415d.jpg,0.7693191195014354,0.34491536
B2A,e545b38111.jpg,0.7649296232042602,0.38154685
B2A,e54604f159.jpg,0.7813825542347633,0.28493387
B2A,e552c9356b.jpg,0.7831899402410905,0.2786986
B2A,e55aa6a075.jpg,0.702253299360856,0.29252195
B2A,e569d449aa.jpg,0.8288365430457102,0.32088625
B2A,e56a3b131d.jpg,0.8560452436660003,0.2717585
B2A,e56e3bcfee.jpg,0.8827544441646907,0.31272304
B2A,e576d76af6.jpg,0.7862136753016026,0.27517533
B2A,e58dcaf848.jpg,0.6869812308839738,0.5214934
B2A,e58e1d7d58.jpg,0.859153497488499,0.3652317
B2A,e58ef68e3f.jpg,0.8499659167598874,0.2171368
B2A,e59a45567d.jpg,0.7789465985027675,0.3830117
B2A,e5ae2eab59.jpg,0.8864566678485045,0.30244744
B2A,e5b0f574bf.jpg,0.7071221898624035,0.31356257
B2A,e5c7397b2d.jpg,0.7105118898589127,0.41087425
B2A,e5c842ca6e.jpg,0.8487634018869877,0.30255604
B2A,e5cb078996.jpg,0.7730803224136544,0.4238727
B2A,e5cb608eae.jpg,0.6412794593112128,0.33559018
B2A,e5cbe055f9.jpg,0.7894783916058707,0.28379908
B2A,e5cd922fa9.jpg,0.7929721986691125,0.43140447
B2A,e5d38a2047.jpg,0.853083386598082,0.2611958
B2A,e5e1d837f1.jpg,0.9007442469642555,0.28185067
B2A,e5ffaac462.jpg,0.8866252311701335,0.22697237
B2A,e614135f7d.jpg,0.812301652739319,0.31463465
B2A,e629d7f736.jpg,0.6497231619893601,0.6830323
B2A,e63a00fc4f.jpg,0.7981855050763976,0.41319212
B2A,e643c9bdbe.jpg,0.6305821914890284,0.42366654
B2A,e6636be041.jpg,0.7137173504672846,0.4622413
B2A,e67341c640.jpg,0.7858150286862374,0.29482517
B2A,e67601a231.jpg,0.7633172443745516,0.40450683
B2A,e6779d7ed5.jpg,0.6787147077739615,0.65549374
B2A,e67cc523e0.jpg,0.8745873228048422,0.2936965
B2A,e67e86bdb9.jpg,0.8701469761641328,0.20165612
B2A,e6836aa6da.jpg,0.7230178148825002,0.40057594
B2A,e686121a13.jpg,0.7650847728087049,0.46884355
B2A,e693f37abc.jpg,0.8473128741177371,0.5278844
B2A,e69c2d5a6d.jpg,0.8267900285892672,0.22210754
B2A,e69eb967c0.jpg,0.720133819475714,0.36469796
B2A,e6a325d8fb.jpg,0.7981442587994323,0.43767184
B2A,e6a609cf76.jpg,0.8231323740754234,0.40790612
B2A,e6ad3eec60.jpg,0.7044164436210391,0.42657173
B2A,e6ba8f2334.jpg,0.6303639253986338,0.39707616
B2A,e6c25786d7.jpg,0.6285397935365842,0.41249937
B2A,e6cc103915.jpg,0.6752391965848493,0.2903815
B2A,e6d2f68fcf.jpg,0.8634066884078303,0.37023425
B2A,e6dc2ff40c.jpg,0.7031288896467061,0.32802922
B2A,e6e3f15b73.jpg,0.866139557245347,0.31403664
B2A,e6e6959173.jpg,0.6578429210111456,0.62477887
B2A,e6ea2d4d47.jpg,0.7301759728506547,0.29243016
B2A,e6f8a63c9c.jpg,0.8148896205292188,0.44362634
B2A,e707bf37b1.jpg,0.6514574374036272,0.52795124
B2A,e710d6eaa6.jpg,0.8355754515529907,0.39277145
B2A,e714c3661f.jpg,0.812390564778616,0.24534822
B2A,e715464acb.jpg,0.711683401981511,0.3304472
B2A,e738568be6.jpg,0.8789504326161264,0.25877357
B2A,e73a598e28.jpg,0.8495456968015578,0.36997148
B2A,e73db0029b.jpg,0.6398107833118865,0.48284137
B2A,e744db3cd3.jpg,0.7902829125486123,0.49627662
B2A,e74a97ae14.jpg,0.7606815689061877,0.36998415
B2A,e764b3f35a.jpg,0.879273797868809,0.3063034
B2A,e790229789.jpg,0.6747319801301201,0.40806967
B2A,e79618c3c9.jpg,0.6894631773455169,0.6044433
B2A,e7a2c2dfd5.jpg,0.7259152598530092,0.3420653
B2A,e7b73c75cb.jpg,0.5446729874322819,0.40563527
B2A,e7c3ac222b.jpg,0.6740312280200007,0.30893806
B2A,e7c99420a8.jpg,0.8782614047448317,0.3486096
B2A,e7cd8551d8.jpg,0.941699995091285,0.26621696
B2A,e7cdd8fd59.jpg,0.5462504941899178,0.3709308
B2A,e7d445c059.jpg,0.6118295175240555,0.491939
B2A,e7ddcd88d3.jpg,0.7909190395011028,0.33338875
B2A,e7e77d48b0.jpg,0.8577379687982277,0.36106697
B2A,e7fd336c2e.jpg,0.6609864453893155,0.51307225
B2A,e80855ec86.jpg,0.7096617082186767,0.68912584
B2A,e80a7530ea.jpg,0.4851902530346738,0.5227723
B2A,e80cebe6dd.jpg,0.8047936654341185,0.5568053
B2A,e80f526332.jpg,0.7926013963104944,0.30569717
B2A,e810cbaf55.jpg,0.7692581068367698,0.40408996
B2A,e8234e1e2e.jpg,0.892508834584514,0.2781202
B2A,e8338afa09.jpg,0.5458175086971578,0.35010198
B2A,e85bba618a.jpg,0.8571140847025067,0.2499135
B2A,e85ed2bc38.jpg,0.7386737863951379,0.40926555
B2A,e8605bf89a.jpg,0.6867203555934078,0.5907141
B2A,e862b2a488.jpg,0.6782735917706736,0.29390585
B2A,e86d465a2d.jpg,0.9092705774469468,0.245443
B2A,e8718dba1c.jpg,0.8600733988364251,0.2932689
B2A,e876733707.jpg,0.6619149357056979,0.2974965
B2A,e87676e6e2.jpg,0.7248718845826913,0.4806685
B2A,e8789baa19.jpg,0.7673189486262653,0.4600731
B2A,e8882a7f33.jpg,0.7712430675936478,0.3403045
B2A,e89accad47.jpg,0.606253108586022,0.38401902
B2A,e89b1f65b6.jpg,0.8566141027813347,0.23147093
B2A,e89e3ef99f.jpg,0.7909453072100932,0.42141736
B2A,e89f26b785.jpg,0.8206451832937711,0.38432074
B2A,e8a6213a64.jpg,0.657308491041791,0.5423396
B2A,e8ca770df9.jpg,0.6738838038806159,0.49532014
B2A,e8cede65a7.jpg,0.8802161530722658,0.3339219
B2A,e8dc20c86e.jpg,0.9026899612277176,0.3509717
B2A,e8e02ca944.jpg,0.5687025759839939,0.47985047
B2A,e8f2542a00.jpg,0.5440848241598059,0.6090365
B2A,e8f8ff2e11.jpg,0.5305452336181214,0.51023376
B2A,e91a6a79ca.jpg,0.8405015758034203,0.44889253
B2A,e941a6971b.jpg,0.7194936922370054,0.27095848
B2A,e9425b919e.jpg,0.7132919825426365,0.7148434
B2A,e94ce61928.jpg,0.7942692335907903,0.19832464
B2A,e94fe9ef94.jpg,0.7584361373546445,0.37039497
B2A,e9652384d0.jpg,0.745006771434554,0.31429482
B2A,e96e9bdf9f.jpg,0.7973299276863095,0.36624745
B2A,e975867ee1.jpg,0.8425434872785339,0.25462404
B2A,e97aab1e3a.jpg,0.5095988871034864,0.5899387
B2A,e97f72f75e.jpg,0.8241328649952208,0.29175514
B2A,e9896641d2.jpg,0.7405021298948193,0.4433695
B2A,e98c174738.jpg,0.7710251325649027,0.25439736
B2A,e98cd4e13f.jpg,0.8543919556444493,0.2903398
B2A,e98d5c8d85.jpg,0.8482431658499804,0.35435033
B2A,e98e9b1620.jpg,0.6973329219266328,0.6169797
B2A,e991139f4b.jpg,0.7431100634552144,0.4120095
B2A,e9ba0bafc4.jpg,0.719211882034024,0.46639314
B2A,e9c3e52cf1.jpg,0.7989597220591045,0.32601202
B2A,e9ca026ba3.jpg,0.7542609083673106,0.39379278
B2A,e9cbdee9bd.jpg,0.5822844245055944,0.4350861
B2A,e9d65fa272.jpg,0.5837230998431425,0.48346713
B2A,e9da2fab10.jpg,0.7342714563413917,0.34022364
B2A,e9da44faa6.jpg,0.6356284499618464,0.46029362
B2A,e9e303af60.jpg,0.6998504958863049,0.39232498
B2A,e9ebdfe8ec.jpg,0.6036306179536539,0.41541868
B2A,e9ec0b07bd.jpg,0.864315538721199,0.30125988
B2A,e9ef067120.jpg,0.5441955275838481,0.6307687
B2A,ea0086b300.jpg,0.8863880630052957,0.23683792
B2A,ea2128c1b2.jpg,0.6283263667876261,0.41886324
B2A,ea29af7178.jpg,0.7083812279898112,0.6817658
B2A,ea38729951.jpg,0.7663674206989263,0.3633536
B2A,ea437a682c.jpg,0.6465474718113271,0.3644658
B2A,ea4dc1e88e.jpg,0.7852724833329905,0.44674742
B2A,ea4f37e7e5.jpg,0.7333884831811188,0.3386185
B2A,ea58d700d2.jpg,0.8025113012595567,0.25379205
B2A,ea60c54c69.jpg,0.6303869446286833,0.571589
B2A,ea626ba3a9.jpg,0.7606103416614552,0.35588217
B2A,ea656cf2b6.jpg,0.628778937100108,0.32072613
B2A,ea6917e2db.jpg,0.8295859093697803,0.32703263
B2A,ea867fecaa.jpg,0.6767191556480686,0.5021904
B2A,ea90ff6da4.jpg,0.7927991195785772,0.39638647
B2A,ea942e0882.jpg,0.6616358505062604,0.42112464
B2A,ea965a1eba.jpg,0.6212937925443143,0.38304675
B2A,eaa17f1091.jpg,0.7554668043255532,0.55403423
B2A,eaac3f27b0.jpg,0.8004499628883109,0.22754161
B2A,eab48ed00d.jpg,0.7806780261940605,0.36494532
B2A,eab57199fa.jpg,0.7790804695212011,0.24933682
B2A,eabe91cae5.jpg,0.802049343321262,0.26419452
B2A,eac7bd7368.jpg,0.8334067518921638,0.29865116
B2A,eacb6ead4a.jpg,0.703854993291119,0.62296206
B2A,eacdc1d18f.jpg,0.6900087216153517,0.4034075
B2A,ead2fdbadc.jpg,0.716560840613988,0.2391462
B2A,ead622126f.jpg,0.6405158050739108,0.42203164
B2A,eadb799684.jpg,0.7485086932537677,0.3790812
B2A,eadea8cf4c.jpg,0.831296823292912,0.53288877
B2A,eae1d7b4a7.jpg,0.9001979385341828,0.3214157
B2A,eae8ac05b6.jpg,0.8100530469932564,0.4034507
B2A,eafc9d8929.jpg,0.609249910870765,0.3967139
B2A,eb09186652.jpg,0.7732315067989778,0.24874063
B2A,eb143cd557.jpg,0.7689033605350025,0.5656718
B2A,eb1ae4752c.jpg,0.5522026067007021,0.42293265
B2A,eb1ce8f38f.jpg,0.8200155404422975,0.2802572
B2A,eb1f220d40.jpg,0.7314503829653254,0.3734777
B2A,eb267343a7.jpg,0.7567986832665741,0.2700357
B2A,eb33d8e41b.jpg,0.7863410109010508,0.42110172
B2A,eb34f329c1.jpg,0.781209066535143,0.39488542
B2A,eb396944a9.jpg,0.7022188982771956,0.37994167
B2A,eb48b08b2c.jpg,0.8529608977237125,0.3333854
B2A,eb4c747b35.jpg,0.799689760234817,0.3326057
B2A,eb5a006cd8.jpg,0.8200341820800499,0.39628276
B2A,eb7323bae7.jpg,0.8723793394523424,0.43913102
B2A,eb74e149ff.jpg,0.8606427862244073,0.36859334
B2A,eb74ee9751.jpg,0.8503699605042094,0.18967071
B2A,eb927ffcce.jpg,0.805938506171945,0.2835452
B2A,eb9630147d.jpg,0.7793750272787433,0.25089327
B2A,ebb0aa2f01.jpg,0.787705120697296,0.5323993
B2A,ebb3a60020.jpg,0.8805744028278308,0.30112243
B2A,ebb7fcea92.jpg,0.8644654054355047,0.27416587
B2A,ebb973284b.jpg,0.5943453291228289,0.38761008
B2A,ebc6398a40.jpg,0.5852481516404414,0.4665737
B2A,ebcc42e110.jpg,0.8671202523763684,0.37172964
B2A,ebcce1a075.jpg,0.7296843923709153,0.34771398
B2A,ebd677e4df.jpg,0.8843618667178216,0.21475904
B2A,ebfb842dbb.jpg,0.79503401522552,0.3664263
B2A,ec22ac410a.jpg,0.6992164246222993,0.5365325
B2A,ec26ffe6d9.jpg,0.6979932718278649,0.40761808
B2A,ec2819dd4a.jpg,0.6609785644802343,0.27851826
B2A,ec361682b9.jpg,0.6749166075186371,0.40054527
B2A,ec3cedbafe.jpg,0.7358388130690464,0.49851257
B2A,ec4acecf3f.jpg,0.7613994546177899,0.3291304
B2A,ec4fccd390.jpg,0.7833579023176854,0.36462998
B2A,ec509fe942.jpg,0.6491442576721621,0.4748032
B2A,ec5d51aaf0.jpg,0.6090045656650183,0.7092934
B2A,ec61770865.jpg,0.7480062994609448,0.31142023
B2A,ec673dd8d4.jpg,0.8159466222918794,0.3382176
B2A,ec6c041436.jpg,0.7798544608936135,0.55158067
B2A,ec7228a986.jpg,0.5268230633390129,0.45856375
B2A,ec74224ef5.jpg,0.6615161604401166,0.45026687
B2A,ec99be1db6.jpg,0.8500510599589545,0.33311355
B2A,ecad06947b.jpg,0.48851348562490665,0.3520821
B2A,ecaf3bdf12.jpg,0.8281887025110493,0.20960882
B2A,ecb38a1051.jpg,0.776865361192845,0.30366716
B2A,ecb3ccc9f4.jpg,0.8141858430111182,0.29396912
B2A,ecc3cd6e1b.jpg,0.8121218699206584,0.26059842
B2A,ece948ce97.jpg,0.8355474142967281,0.2981882
B2A,ecee77ae5a.jpg,0.7800319086609,0.27812308
B2A,ed04dbb114.jpg,0.7146209897454793,0.37020537
B2A,ed0ddbf26a.jpg,0.8312342961630808,0.31102794
B2A,ed22cf856f.jpg,0.6666629747637729,0.4066832
B2A,ed27eb5c68.jpg,0.8565762522321825,0.2152125
B2A,ed31f8c196.jpg,0.7831127762448168,0.46899432
B2A,ed34d8d7f3.jpg,0.6064700954944467,0.46554384
B2A,ed3b265e09.jpg,0.5905237976317002,0.22430702
B2A,ed458bffb6.jpg,0.7356865820913644,0.48396242
B2A,ed473bcf9b.jpg,0.7610197608515856,0.48999104
B2A,ed59cdccf1.jpg,0.8222040578589546,0.2222308
B2A,ed60c6410b.jpg,0.7278486789724125,0.2620186
B2A,ed65db5f88.jpg,0.7826467083647198,0.4104148
B2A,ed7b96a9c5.jpg,0.5761471072980777,0.3887171
B2A,ed848812da.jpg,0.8108985856554101,0.24201795
B2A,ed8dab0f96.jpg,0.6901837966810567,0.57138056
B2A,ed915c89a2.jpg,0.7598624889826154,0.2981523
B2A,ed94946d16.jpg,0.5378601470540185,0.4333679
B2A,ed9f0b8b5d.jpg,0.6876938370237461,0.52136356
B2A,eda8697979.jpg,0.84361050911021,0.6263845
B2A,edb7d50936.jpg,0.8093277312729734,0.42093557
B2A,edba7f0a70.jpg,0.75532732500997,0.35310733
B2A,edc66bfb66.jpg,0.7905356256493447,0.3711558
B2A,edd52342db.jpg,0.6947122369400367,0.39230502
B2A,ede0add355.jpg,0.8746057458205735,0.33727407
B2A,edef4ef18d.jpg,0.5087156931121835,0.7688262
B2A,edef9cbabe.jpg,0.6997244682674725,0.38931197
B2A,edf15f0940.jpg,0.7297276258254793,0.28279576
B2A,edf42b9d0d.jpg,0.8429174688705906,0.32246327
B2A,ee0e1d6569.jpg,0.7975855308882965,0.368713
B2A,ee24903251.jpg,0.7683017571305956,0.22428268
B2A,ee28cc4d68.jpg,0.7621478210239754,0.3126365
B2A,ee29105aba.jpg,0.6673910378731284,0.40209085
B2A,ee2bf8c5fd.jpg,0.5766893507472602,0.4776395
B2A,ee2e0ec65d.jpg,0.56766342913513,0.663488
B2A,ee6c260d4f.jpg,0.7687629352121652,0.24668083
B2A,ee861e6fae.jpg,0.7715500870030844,0.30939895
B2A,ee8bdcd99f.jpg,0.8102194571899947,0.3284111
B2A,ee8c2e9e3c.jpg,0.8204607401454809,0.31804925
B2A,ee97a20e7c.jpg,0.859677917071032,0.46130115
B2A,ee982ce7e3.jpg,0.8756710684476989,0.16743942
B2A,ee9b29e1b8.jpg,0.5039889410397699,0.42476097
B2A,eea8eff240.jpg,0.8070082451082056,0.4071005
B2A,eeb1e5f575.jpg,0.8313355802297121,0.34325308
B2A,eeb4ccb21f.jpg,0.8226239866629013,0.5006793
B2A,eec21ae61c.jpg,0.8108263964398841,0.35152718
B2A,eed4191e08.jpg,0.8191907953829208,0.28735086
B2A,eed8644829.jpg,0.7562266408234396,0.46428117
B2A,eedab28822.jpg,0.5944289529995506,0.8984592
B2A,eee8098608.jpg,0.701508526066199,0.3844561
B2A,eeee68b7d8.jpg,0.6767840831890504,0.526961
B2A,eef39ac09b.jpg,0.8909832352236257,0.29656568
B2A,eef4bdae39.jpg,0.6538605621403909,0.36823156
B2A,ef129d082c.jpg,0.7869958333472769,0.32294947
B2A,ef15317c67.jpg,0.67803348211032,0.5031373
B2A,ef1f3e84f9.jpg,0.7381728531362901,0.3330637
B2A,ef488233e3.jpg,0.8208311564946117,0.26597816
B2A,ef4a60107c.jpg,0.878697329668613,0.30907336
B2A,ef59ec0110.jpg,0.7992220528385142,0.46388072
B2A,ef6190ff9b.jpg,0.6471390133178052,0.5083496
B2A,ef674070d3.jpg,0.6762774583410701,0.32188508
B2A,ef77fe0cfc.jpg,0.6521995141544716,0.43707356
B2A,ef833e60b4.jpg,0.7645476008710314,0.3264572
B2A,ef893e33a9.jpg,0.8234790949667167,0.27033624
B2A,ef8a6e2a7a.jpg,0.8036820730330494,0.49060544
B2A,ef9ca94c15.jpg,0.772370709638384,0.3370342
B2A,ef9e5bc080.jpg,0.8486037999421041,0.27119878
B2A,efa2ba7d02.jpg,0.8707483899019625,0.3100805
B2A,efa6c21576.jpg,0.6593773595275259,0.48133808
B2A,efa79c9c41.jpg,0.8070353662534366,0.32194436
B2A,efbb57a439.jpg,0.7926957046810472,0.29430717
B2A,efbfcfe793.jpg,0.7400952266263612,0.44376916
B2A,efc51bdcdf.jpg,0.756152823453487,0.3641768
B2A,efcabd7b97.jpg,0.8635984429786022,0.2683735
B2A,efd9e949f5.jpg,0.6010711540205562,0.62122726
B2A,efeb94db8b.jpg,0.7723749357265363,0.27824196
B2A,effaa53ad8.jpg,0.581083723526097,0.44124424
B2A,f005004e0c.jpg,0.6215564023764196,0.39335567
B2A,f01164b232.jpg,0.8227171744343017,0.5110578
B2A,f01207f706.jpg,0.8017755547398486,0.4024682
B2A,f01a04bd03.jpg,0.5887079591471699,0.6265777
B2A,f020a207a8.jpg,0.7522204449649693,0.39476448
B2A,f0220aa3f5.jpg,0.7235315486217996,0.59114885
B2A,f024838b95.jpg,0.8699239679056888,0.2815004
B2A,f0367de132.jpg,0.7940924712550155,0.2706143
B2A,f04f12da30.jpg,0.8492934059393797,0.40657282
B2A,f06b8cfef0.jpg,0.7942095061359936,0.5127147
B2A,f074cffca1.jpg,0.8341728988111476,0.30984792
B2A,f07cb0b75e.jpg,0.7050394429161956,0.5134026
B2A,f07e66c2d2.jpg,0.8335504043922429,0.4011957
B2A,f088a906d0.jpg,0.8417074301210887,0.23001154
B2A,f088b513bf.jpg,0.852047974078864,0.23330107
B2A,f08926d339.jpg,0.6295977166021997,0.3087749
B2A,f08c39d24f.jpg,0.7074971343664314,0.556863
B2A,f08e936c6b.jpg,0.8964794583921918,0.2629805
B2A,f0962b6de5.jpg,0.7791090823483359,0.43161845
B2A,f09c772bcc.jpg,0.6734802383464668,0.6709318
B2A,f09d0b81ba.jpg,0.8694324323077053,0.3050108
B2A,f0a1187473.jpg,0.7273814909869879,0.45630026
B2A,f0a55ad775.jpg,0.829083510866976,0.36456278
B2A,f0a679e095.jpg,0.7730949133492017,0.4116465
B2A,f0aa76ff07.jpg,0.6819488768101197,0.44485763
B2A,f0b8c1d365.jpg,0.7460849563576128,0.44675294
B2A,f0e139a901.jpg,0.8559014558635654,0.39183518
B2A,f1032a4bd8.jpg,0.6108899287870275,0.4649014
B2A,f105adbfb1.jpg,0.7359745870977403,0.33419836
B2A,f10d2923bd.jpg,0.6307457473195259,0.48159912
B2A,f10f748b4d.jpg,0.74027358907762,0.4918162
B2A,f11454665a.jpg,0.8239934768681891,0.4498724
B2A,f11ee27f26.jpg,0.7300655734999777,0.44897568
B2A,f13184bb48.jpg,0.5281483035150668,0.62360495
B2A,f148707bb0.jpg,0.7815496946288227,0.2946496
B2A,f1591e50e1.jpg,0.8977736587542164,0.20642531
B2A,f15b7224fd.jpg,0.6732823379153594,0.47015354
B2A,f163b5185e.jpg,0.7415715946956046,0.35767218
B2A,f1670c265f.jpg,0.6471723804703113,0.5371189
B2A,f176a55e27.jpg,0.811012207507954,0.39903155
B2A,f177cf7991.jpg,0.6880704421164534,0.4730874
B2A,f17a8c4aee.jpg,0.8325191146616606,0.34690598
B2A,f17e985728.jpg,0.8561842778425186,0.2065717
B2A,f180c8d8b9.jpg,0.7898097641143188,0.36284828
B2A,f188425ea5.jpg,0.6729163431109836,0.27015647
B2A,f18989ff8d.jpg,0.8660433418987241,0.45745873
B2A,f18d2c0a81.jpg,0.8342861367954093,0.33422658
B2A,f1ac127445.jpg,0.6373618916754141,0.6163245
B2A,f1b8dee326.jpg,0.8423997685441607,0.32727632
B2A,f1c198d735.jpg,0.8585485842520493,0.3295892
B2A,f1d4e7cd69.jpg,0.6051474114423678,0.4026718
B2A,f1d7343af8.jpg,0.7813742776040105,0.3490072
B2A,f1dbada7a5.jpg,0.6017550708934963,0.38821593
B2A,f1fe522e6d.jpg,0.7684639499211637,0.32342303
B2A,f1ff4a822a.jpg,0.7583728988722568,0.24267559
B2A,f203101270.jpg,0.7809867248944546,0.39419025
B2A,f21ca704e5.jpg,0.7088637081436074,0.37513655
B2A,f21dd18a49.jpg,0.6494258192738567,0.5620183
B2A,f222ee8acc.jpg,0.7656862008231361,0.38504273
B2A,f22dac0d03.jpg,0.782087918632634,0.34375536
B2A,f230845d9a.jpg,0.9061966098543385,0.30758387
B2A,f23e5d0e29.jpg,0.7972062009407689,0.28147393
B2A,f247ca8a34.jpg,0.6521430518967448,0.5812944
B2A,f24a8f4c6c.jpg,0.7560163280614213,0.31769407
B2A,f24acd17d0.jpg,0.79841213307588,0.46950173
B2A,f25716f164.jpg,0.7595586755981013,0.36955905
B2A,f265b9c6d2.jpg,0.521397508369707,0.8075852
B2A,f26d369fbd.jpg,0.8746658167281272,0.28919733
B2A,f270b20be4.jpg,0.7837727890440224,0.55605197
B2A,f27ac3fc28.jpg,0.5064040487683787,0.43858534
B2A,f27e7b74de.jpg,0.7514438005773904,0.30794007
B2A,f27f6894a1.jpg,0.7839350209104857,0.241434
B2A,f28231f3f9.jpg,0.8638103777725814,0.35136038
B2A,f2876e0b28.jpg,0.7510432067101976,0.3884336
B2A,f298108b32.jpg,0.7906754996677671,0.55277777
B2A,f2a3dc33fe.jpg,0.7904338307625975,0.26948762
B2A,f2b162e74b.jpg,0.7822123623578123,0.40863222
B2A,f2b7c12b9c.jpg,0.7728032618017678,0.381742
B2A,f2d042180c.jpg,0.7255450205464155,0.47482604
B2A,f2d2d4efbc.jpg,0.6809902301405021,0.3187248
B2A,f2d986db88.jpg,0.7192012085905788,0.34596708
B2A,f2f09c8f41.jpg,0.739386401274763,0.36278233
B2A,f2f56add24.jpg,0.7711627183509134,0.3321182
B2A,f30e44407b.jpg,0.49913091884563604,0.5030243
B2A,f31217f986.jpg,0.8380890139863576,0.26725957
B2A,f3141801d8.jpg,0.7630606312754622,0.31227064
B2A,f3230db890.jpg,0.7830653568248522,0.4260146
B2A,f32a18c7c6.jpg,0.751867159214896,0.3674156
B2A,f3356114c7.jpg,0.827062576510413,0.18441492
B2A,f351ce3bc5.jpg,0.8323905892364162,0.29177648
B2A,f352a7a312.jpg,0.7746908667294071,0.26312205
B2A,f354013389.jpg,0.8020327913992231,0.3401873
B2A,f357fe1f0d.jpg,0.7229413142163165,0.66497976
B2A,f36fc36903.jpg,0.7266070437806068,0.5300003
B2A,f376a8789c.jpg,0.8239635424029668,0.29833648
B2A,f37a93cd01.jpg,0.7526202620928972,0.41626742
B2A,f384c39cd3.jpg,0.7278603025013718,0.4027231
B2A,f3b5806412.jpg,0.7654514222674361,0.2677644
B2A,f3bf66740a.jpg,0.7490152369821741,0.4502645
B2A,f3c61a9a05.jpg,0.5956384957816168,0.54989547
B2A,f3c8ec10ae.jpg,0.5139717207701091,0.42555922
B2A,f3d15e5226.jpg,0.8554146439072913,0.20873392
B2A,f3d86d0bdc.jpg,0.7945212758624938,0.38373291
B2A,f3e4ae010d.jpg,0.761226304714165,0.2687173
B2A,f3e54bc081.jpg,0.900132696791587,0.38853118
B2A,f3e9866cb8.jpg,0.8881402966232856,0.27146494
B2A,f3ec3e874d.jpg,0.7160828684109084,0.37038276
B2A,f3ecb32509.jpg,0.8739992067842176,0.2603809
B2A,f3ee6c1af3.jpg,0.860908105989861,0.3150621
B2A,f3fa90a191.jpg,0.815897193730541,0.42855856
B2A,f405d9a44e.jpg,0.8107731592588889,0.26872003
B2A,f40af60ddc.jpg,0.6987370186721832,0.34892783
B2A,f40b429650.jpg,0.8444331257221527,0.29572812
B2A,f40b719930.jpg,0.674434632629099,0.3699761
B2A,f40d9b8368.jpg,0.6691916220671326,0.35977352
B2A,f417a4cc39.jpg,0.8548524248715528,0.31527317
B2A,f41b5dec17.jpg,0.7604769032934945,0.36597964
B2A,f41d5c2163.jpg,0.6989794424652107,0.43858695
B2A,f4219a5e81.jpg,0.7811086243259535,0.39818567
B2A,f42f6f0197.jpg,0.8397592633498144,0.18878083
B2A,f43113c91b.jpg,0.6310023659412853,0.46338007
B2A,f43c6fb1de.jpg,0.8883513587385976,0.22761893
B2A,f44a3275c9.jpg,0.7593770365895748,0.3511594
B2A,f46478e139.jpg,0.5918773143398919,0.68122363
B2A,f46cfb67bd.jpg,0.8200596574841945,0.4923956
B2A,f482274abc.jpg,0.7522322428635299,0.58696586
B2A,f4831ea6fb.jpg,0.6977273709071671,0.32927945
B2A,f4919d3664.jpg,0.7718366128593884,0.4449947
B2A,f494688de8.jpg,0.7233448260705537,0.37454465
B2A,f49ca09b7a.jpg,0.8204307158065517,0.50049996
B2A,f4a6936ec9.jpg,0.7984840699150714,0.3109716
B2A,f4a9c6100f.jpg,0.6506029948117419,0.32748342
B2A,f4c509ad69.jpg,0.822997403130115,0.22586034
B2A,f4cdc8fdbc.jpg,0.7543863076336379,0.4640101
B2A,f4dd7ea66e.jpg,0.7872006463567872,0.3702099
B2A,f4eb1866c7.jpg,0.6278256056874776,0.41443878
B2A,f4eb47f0dd.jpg,0.7376352198971938,0.47063386
B2A,f501fc4455.jpg,0.8757376619867331,0.30790752
B2A,f51503f974.jpg,0.7715098155570883,0.700261
B2A,f51f06df8f.jpg,0.6517339258233209,0.55981815
B2A,f53328c040.jpg,0.7199332797020948,0.30468482
B2A,f54cf76011.jpg,0.7497150133953173,0.27824533
B2A,f54dd83443.jpg,0.8106453068833541,0.36726952
B2A,f54f45c2ea.jpg,0.7734182084205136,0.3588203
B2A,f55b066db1.jpg,0.6092630874241187,0.41917664
B2A,f56ae75fdd.jpg,0.7358820290800633,0.35620216
B2A,f56b12cf0b.jpg,0.7595212865180583,0.52942115
B2A,f575a81ad6.jpg,0.7419121665231373,0.43929136
B2A,f58ec475cf.jpg,0.7086931606227502,0.5557487
B2A,f5b336d512.jpg,0.6222841558575823,0.31135148
B2A,f5b3c7c78c.jpg,0.8247320056737781,0.34001586
B2A,f5c1d6af2a.jpg,0.7882630790232221,0.16108826
B2A,f5c3514cca.jpg,0.7378160553753071,0.59751904
B2A,f5c7a8068c.jpg,0.606448392613271,0.5611819
B2A,f5d163add7.jpg,0.8291560495438957,0.29598492
B2A,f5d1922ba9.jpg,0.850177306758209,0.21459904
B2A,f5d652e997.jpg,0.6953897642851165,0.54806495
B2A,f5ddf6d767.jpg,0.8336979055170851,0.2494559
B2A,f5efcc2979.jpg,0.8585264078997182,0.36674222
B2A,f5f34241cc.jpg,0.7965298066015568,0.41794363
B2A,f5ffe2e92d.jpg,0.873027871225074,0.27010566
B2A,f604e3e7e5.jpg,0.8658601815354109,0.30545986
B2A,f607a14dd9.jpg,0.5666042551660663,0.6324992
B2A,f6084689ed.jpg,0.8154461764429735,0.49853525
B2A,f60910ed40.jpg,0.6730697680816818,0.2708268
B2A,f60b4c4d98.jpg,0.7956153908704476,0.39645073
B2A,f60b67ae6e.jpg,0.6238821649272073,0.31959724
B2A,f62bb41c9c.jpg,0.6584986539255546,0.42104715
B2A,f633c4ebed.jpg,0.716944853966713,0.24933696
B2A,f639ee968c.jpg,0.7449898515501643,0.3321627
B2A,f63a1042f4.jpg,0.7778415786609363,0.3291502
B2A,f63a2b4fb9.jpg,0.769601891965329,0.53403085
B2A,f64019e49d.jpg,0.7652492462399961,0.39668822
B2A,f647ce5fd1.jpg,0.8449422591809156,0.29784015
B2A,f651e57596.jpg,0.6294250961320361,0.45279765
B2A,f6574b10b7.jpg,0.7399014637196298,0.6165011
B2A,f6626c86e1.jpg,0.6758817302990466,0.38347828
B2A,f6798eb074.jpg,0.6349306229433835,0.630814
B2A,f67f1708b6.jpg,0.8570966924295244,0.25572056
B2A,f68dae168d.jpg,0.6075958452394957,0.6575739
B2A,f68dcc7a8a.jpg,0.49605319192857067,0.66825044
B2A,f68e29bd81.jpg,0.872051957139213,0.21746458
B2A,f690980765.jpg,0.47251439839604104,0.53691286
B2A,f69731b55b.jpg,0.6870447223237119,0.3313353
B2A,f69ff9b62b.jpg,0.770888589955613,0.29384905
B2A,f6aa1d5154.jpg,0.8358906824232164,0.31326893
B2A,f6ab953224.jpg,0.8958999017134126,0.2574641
B2A,f6b61559e0.jpg,0.8187951859744217,0.3192924
B2A,f6ca69a495.jpg,0.86470733246834,0.27451885
B2A,f6cb2948da.jpg,0.8027117480169486,0.45186704
B2A,f6d01357b6.jpg,0.8095770023638202,0.34396422
B2A,f6e17b1a2a.jpg,0.6971704284680215,0.30467921
B2A,f6e422b697.jpg,0.892444727673099,0.27447164
B2A,f6e5895253.jpg,0.7129181655672273,0.49448895
B2A,f6e822d131.jpg,0.7396703246234092,0.45343474
B2A,f6e8f07d9d.jpg,0.8472442719882634,0.55973184
B2A,f6efddda9c.jpg,0.6818823845017904,0.47430164
B2A,f706c0860d.jpg,0.7809256584827338,0.42048568
B2A,f70871846a.jpg,0.6228910130177596,0.47314215
B2A,f71cc4d572.jpg,0.8452514261588244,0.36346954
B2A,f721bb7f6d.jpg,0.7574737941106678,0.42061794
B2A,f743f3bf62.jpg,0.8604049486931461,0.36652777
B2A,f74cdcd632.jpg,0.7899609657209355,0.32023036
B2A,f7531c3b99.jpg,0.8498641910575763,0.24559373
B2A,f75a997bb8.jpg,0.868665143030097,0.252106
B2A,f76e1ec9a3.jpg,0.711547812845211,0.5308945
B2A,f771e1e1b0.jpg,0.6565273623259443,0.47962615
B2A,f77377bd03.jpg,0.8005039714218041,0.3090799
B2A,f77505c83f.jpg,0.6919363891871344,0.3095206
B2A,f77c59acb3.jpg,0.7753390546698163,0.3944143
B2A,f77e3cb703.jpg,0.6470548735366847,0.6049073
B2A,f77f395731.jpg,0.5444970488039397,0.43268475
B2A,f790a14012.jpg,0.7625011271165534,0.32130337
B2A,f79d9de05d.jpg,0.7724771957053841,0.30821615
B2A,f7a011547d.jpg,0.8717024755559291,0.24327312
B2A,f7a821c3c8.jpg,0.7610083429454321,0.2538005
B2A,f7ae6e1d31.jpg,0.7835212344981267,0.45452154
B2A,f7c4d8033d.jpg,0.6449766502546231,0.5958001
B2A,f7c78a4eef.jpg,0.8225849990375627,0.4045838
B2A,f7d0dba843.jpg,0.6521024845294743,0.51717734
B2A,f7d0f59566.jpg,0.6652870204246002,0.32216942
B2A,f7d17e77d6.jpg,0.7664900934229526,0.40469354
B2A,f7dbdb551f.jpg,0.7569126619751263,0.5285499
B2A,f7dc666b50.jpg,0.7422721112711691,0.3936455
B2A,f7eb84fdb7.jpg,0.7841901649226923,0.25844222
B2A,f7ee2469f6.jpg,0.8564064012542265,0.29091817
B2A,f7f1d58022.jpg,0.7692029222002846,0.32225236
B2A,f807c72b5d.jpg,0.5641320524882307,0.4517457
B2A,f819274637.jpg,0.8026380659203605,0.3660223
B2A,f81b1cc834.jpg,0.8262202456418228,0.36111316
B2A,f82e8c30ac.jpg,0.7895797054902912,0.5087954
B2A,f82fc48ba4.jpg,0.8147836664909467,0.63583064
B2A,f8350e28db.jpg,0.7842038906890776,0.2930714
B2A,f8363ba521.jpg,0.7239114434930825,0.40942055
B2A,f83b161ca3.jpg,0.7014339592463236,0.4624231
B2A,f83e5b4295.jpg,0.6825595711305893,0.52289903
B2A,f843be17f5.jpg,0.6359280850018741,0.4628278
B2A,f84566ed02.jpg,0.6016697347912593,0.535736
B2A,f84d77a2a6.jpg,0.8415879590319003,0.48508167
B2A,f85694dfe6.jpg,0.8630683704014048,0.20983928
B2A,f86b847b43.jpg,0.8432732157684055,0.29923737
B2A,f876ba92ea.jpg,0.8429411628206578,0.40818927
B2A,f87a1ab16d.jpg,0.8344513627101824,0.416414
B2A,f87deecaa2.jpg,0.7454239142534701,0.39256793
B2A,f888dde817.jpg,0.6427671248212093,0.2803136
B2A,f8905451b4.jpg,0.7526369413832377,0.5055809
B2A,f895871068.jpg,0.651271714137067,0.46629423
B2A,f89bc86075.jpg,0.7524338436039927,0.43731174
B2A,f8b6a915a9.jpg,0.9199015577426752,0.3077047
B2A,f8b73f1a33.jpg,0.5921097639120394,0.37440178
B2A,f8c19eaee6.jpg,0.6385829826468287,0.5121634
B2A,f8c63eea5a.jpg,0.7003976170780173,0.3582365
B2A,f8c8e456d7.jpg,0.8525699566427266,0.2826938
B2A,f8ca80aebb.jpg,0.8046656670663637,0.37245688
B2A,f8e10ef432.jpg,0.8500090166049465,0.27717376
B2A,f8e488ce75.jpg,0.8171379896967341,0.4618719
B2A,f8e6d9f481.jpg,0.6901487986936566,0.64225996
B2A,f8f04744fd.jpg,0.6129814232080054,0.5420872
B2A,f8f98ae176.jpg,0.7445356031636167,0.29176793
B2A,f8fac4e7ff.jpg,0.5988585450800222,0.45764336
B2A,f8ffd3ed06.jpg,0.724383417761717,0.32473773
B2A,f901dfad23.jpg,0.7128835607974535,0.48358333
B2A,f904d3484c.jpg,0.82259806325768,0.29477686
B2A,f9080ec43b.jpg,0.6252687540167366,0.35531208
B2A,f90edb8380.jpg,0.8442973172900833,0.34360945
B2A,f90ee2b0db.jpg,0.8639096961675996,0.22956644
B2A,f9151bda3c.jpg,0.6079616644975627,0.7160486
B2A,f917b1c32a.jpg,0.6078744635280269,0.52730906
B2A,f91c3d1f53.jpg,0.6591768550673434,0.3474431
B2A,f91eb42b36.jpg,0.8312441485458499,0.31580842
B2A,f930392388.jpg,0.6885452020784911,0.42454812
B2A,f942443b5d.jpg,0.6521299966504208,0.49044254
B2A,f954a8be77.jpg,0.8665464142406193,0.3263295
B2A,f969505f84.jpg,0.5951283456358343,0.35534927
B2A,f96a50841d.jpg,0.7778844161198717,0.52562183
B2A,f97072faf8.jpg,0.853511410174468,0.34739697
B2A,f975a1e01e.jpg,0.6303784034076918,0.47344786
B2A,f982a98853.jpg,0.8423571994909935,0.2113372
B2A,f9843ad01b.jpg,0.64481686212326,0.3700909
B2A,f98627c542.jpg,0.897993185445335,0.27312043
B2A,f9867ce748.jpg,0.7071439417069407,0.73380804
B2A,f9989c2bd5.jpg,0.8536813161254699,0.3490398
B2A,f99a7a3267.jpg,0.6544027577880418,0.4658656
B2A,f99f52c7f5.jpg,0.7626517172651653,0.37368444
B2A,f99fe506ed.jpg,0.7554430467472081,0.29121703
B2A,f9a20c7988.jpg,0.6849826878885985,0.6398499
B2A,f9b4495f70.jpg,0.7629835687419194,0.31862593
B2A,f9b4d017a3.jpg,0.7914866458691284,0.39854395
B2A,f9ba7b025e.jpg,0.7776058052078908,0.4507319
B2A,f9c9afcd78.jpg,0.836556914436761,0.2478498
B2A,f9cd461b5e.jpg,0.8595562741283166,0.26239082
B2A,f9cf6e7e27.jpg,0.8552080402684944,0.29426014
B2A,f9e8571801.jpg,0.67193116858512,0.53597
B2A,f9f59d905c.jpg,0.8008083014276055,0.24290085
B2A,f9f6bc6871.jpg,0.865588633962521,0.28507936
B2A,fa0fde7844.jpg,0.7469371952197571,0.4353959
B2A,fa24240abc.jpg,0.7307664511060954,0.29359168
B2A,fa307775e7.jpg,0.8280677258769479,0.5181503
B2A,fa3aba5483.jpg,0.8679430941901424,0.3352678
B2A,fa423fe5a3.jpg,0.8439232554905989,0.35881454
B2A,fa428459e2.jpg,0.6726396177489414,0.49578425
B2A,fa4326ff01.jpg,0.7281723559496185,0.54180217
B2A,fa47656f02.jpg,0.8408801024881455,0.30701265
B2A,fa48b1ceb5.jpg,0.7275237979033579,0.26700735
B2A,fa60f9a0c9.jpg,0.8572825183506131,0.22091201
B2A,fa63566e6e.jpg,0.686054798886982,0.59304047
B2A,fa728d214f.jpg,0.6939516774300188,0.30399144
B2A,fa751def39.jpg,0.781876454915966,0.5906755
B2A,fa9a74e9a4.jpg,0.5647875179267459,0.5284307
B2A,fa9a768c9b.jpg,0.6826402996369871,0.3914334
B2A,faa4f82b52.jpg,0.8457538571685412,0.25494072
B2A,faaab4fb19.jpg,0.8730683485864953,0.28404322
B2A,fac89a2440.jpg,0.8380851096696683,0.3690865
B2A,facc9d2df2.jpg,0.7981473654749494,0.37959087
B2A,fad67f0f19.jpg,0.7504320768648854,0.3231312
B2A,fb1779d922.jpg,0.776935151979306,0.30687958
B2A,fb24316c57.jpg,0.7133005114544081,0.28880277
B2A,fb2a6a49d7.jpg,0.6765096852432491,0.6609212
B2A,fb362a6660.jpg,0.755368454037599,0.27581125
B2A,fb3676a875.jpg,0.8342735434393606,0.38745454
B2A,fb546829cb.jpg,0.6946446810536203,0.5372477
B2A,fb562cd56b.jpg,0.7124428931542268,0.4620533
B2A,fb73e20575.jpg,0.7944190573810654,0.35693863
B2A,fb755692ce.jpg,0.7182106379288326,0.44783053
B2A,fb85264917.jpg,0.8483661710148125,0.21162891
B2A,fb8fb9b7c8.jpg,0.8022633667173582,0.2788305
B2A,fb97febc5f.jpg,0.9110318829582675,0.30388203
B2A,fb9c5403b8.jpg,0.8820478289395812,0.25230777
B2A,fbaa1647e7.jpg,0.8933427863280283,0.29012665
B2A,fbb5f72776.jpg,0.8311366916844012,0.2824826
B2A,fbb8e36b1c.jpg,0.8609399115199643,0.32158136
B2A,fbb8e5f081.jpg,0.7951073106405931,0.28338143
B2A,fbc1c4e45b.jpg,0.6752295606449314,0.47268707
B2A,fbc34e93dc.jpg,0.660709485398497,0.39704773
B2A,fbc3754be3.jpg,0.846020059156896,0.28182465
B2A,fbc70f973a.jpg,0.8332995372966082,0.24887866
B2A,fbdaf94ace.jpg,0.5941388108111836,0.4372791
B2A,fbf3ab42e9.jpg,0.885708728745422,0.27987242
B2A,fc02616c06.jpg,0.7713480723043629,0.37891728
B2A,fc043d38eb.jpg,0.7921808242645384,0.34700075
B2A,fc04ed2d42.jpg,0.8247227791914762,0.20942001
B2A,fc075619e7.jpg,0.6520800450710391,0.4037242
B2A,fc16c59788.jpg,0.8032753242466285,0.3212431
B2A,fc30e458d6.jpg,0.8741115774821814,0.27282828
B2A,fc458d4ee1.jpg,0.8015080682478705,0.2887158
B2A,fc49fb17f3.jpg,0.8894713528739806,0.30223075
B2A,fc51c26e2d.jpg,0.8778563521113204,0.2841822
B2A,fc59b308a8.jpg,0.8633214360761762,0.26844543
B2A,fc5feebdc8.jpg,0.6945281793686154,0.3229029
B2A,fc622b5577.jpg,0.8409449617507492,0.23248105
B2A,fc64e9fe13.jpg,0.695675991395716,0.27626336
B2A,fc6d47c7b0.jpg,0.7804724962306996,0.46842802
B2A,fc9d809645.jpg,0.7557261563792617,0.3495484
B2A,fcaeb2fb17.jpg,0.8352483578512151,0.305777
B2A,fcc0dc41b3.jpg,0.7398588720201361,0.39375073
B2A,fcc59cb31d.jpg,0.8056407731589086,0.39083883
B2A,fcd35ead6e.jpg,0.6666970625854913,0.32824016
B2A,fcd5eaceb7.jpg,0.8550775291372961,0.40092376
B2A,fcdd5b1e31.jpg,0.6518060171614359,0.57901967
B2A,fce074b92c.jpg,0.5724554863345743,0.45290622
B2A,fd0071794a.jpg,0.7102817763198932,0.42883724
B2A,fd06d4e7e3.jpg,0.8595757288176389,0.33315536
B2A,fd0a02921a.jpg,0.71548777323297,0.49133548
B2A,fd15f29d57.jpg,0.7601849470742579,0.24269913
B2A,fd1f9293ca.jpg,0.6925298272631819,0.42115122
B2A,fd20b4c41a.jpg,0.8348898359719883,0.30938917
B2A,fd457c68d9.jpg,0.5804482976629005,0.67843896
B2A,fd48eb1f90.jpg,0.8700863974732271,0.3397634
B2A,fd49936788.jpg,0.7477126535016222,0.36708617
B2A,fd4debe229.jpg,0.8318269291518584,0.25211382
B2A,fd541f5f93.jpg,0.6777612179854601,0.49661756
B2A,fd5ce86649.jpg,0.7541957470647647,0.29197454
B2A,fd619e77af.jpg,0.7562528231522009,0.31439096
B2A,fd6b68436e.jpg,0.712568377052193,0.4014436
B2A,fd6c9bcbfa.jpg,0.5624074189743655,0.41749242
B2A,fd7d170a69.jpg,0.7296922924492139,0.69895136
B2A,fd85d15361.jpg,0.670512203864581,0.48664397
B2A,fd8c99d93b.jpg,0.7587046044237172,0.3483721
B2A,fd9767f897.jpg,0.8079675329079695,0.37265104
B2A,fda550148e.jpg,0.7059255105837197,0.60755265
B2A,fdad36c1e0.jpg,0.7677851097698991,0.38781172
B2A,fdb01f9aba.jpg,0.697386021723897,0.30446303
B2A,fdb031e406.jpg,0.643401204592001,0.4216206
B2A,fdc2b3b936.jpg,0.8590281002041252,0.30188298
B2A,fdc6c88003.jpg,0.8083598482687712,0.2951545
B2A,fdce0c0d6d.jpg,0.6841389028207606,0.46094954
B2A,fdd33c1145.jpg,0.8555563718540792,0.14900695
B2A,fddc60bb99.jpg,0.8150715738950606,0.33360246
B2A,fddcadfd3a.jpg,0.7374872217906497,0.3762242
B2A,fde289be21.jpg,0.7922470658612215,0.35157824
B2A,fde28fae2a.jpg,0.7187058884757569,0.3102367
B2A,fde46f2be4.jpg,0.7225432344344982,0.44874594
B2A,fdf013342c.jpg,0.8652559433464014,0.6052072
B2A,fdf57fbe60.jpg,0.8393834246992816,0.31969574
B2A,fdf84c4887.jpg,0.8237319231632332,0.22054149
B2A,fdfc86a000.jpg,0.744498948874841,0.32414708
B2A,fe00c3d087.jpg,0.8314928214697216,0.288121
B2A,fe0a4f0e5a.jpg,0.7942697473518905,0.3400995
B2A,fe1561993e.jpg,0.8911290248870869,0.22191396
B2A,fe1c9d9e5a.jpg,0.8665430006480874,0.2838867
B2A,fe283d4ae3.jpg,0.6588857949730903,0.42930022
B2A,fe381a7c17.jpg,0.8361475543329406,0.45720923
B2A,fe3c9d0016.jpg,0.7983933641807731,0.283416
B2A,fe3de96780.jpg,0.6651773328215758,0.6682408
B2A,fe3feb7d1b.jpg,0.7451471671296831,0.47828647
B2A,fe40ac1d8b.jpg,0.700812325439482,0.24342467
B2A,fe4c4e4b6b.jpg,0.7854414590203846,0.37583005
B2A,fe5dc7ef05.jpg,0.7058084412130912,0.38886303
B2A,fe6152a619.jpg,0.7949702954552316,0.6314991
B2A,fe65abaafd.jpg,0.7903804095067732,0.3791267
B2A,fe702a794e.jpg,0.537115384645106,0.49999198
B2A,fe714c846e.jpg,0.7195876128547942,0.3382259
B2A,fe7af9c427.jpg,0.7798084867692406,0.38353834
B2A,fe9cc12ae1.jpg,0.6516644141495788,0.3259884
B2A,fea227771f.jpg,0.6884115228997487,0.44108498
B2A,fea42e4505.jpg,0.7103895410785451,0.5711457
B2A,fea4d4f76c.jpg,0.6916545214429876,0.41222808
B2A,fea5afe679.jpg,0.7821214355766414,0.329397
B2A,feb132e4c1.jpg,0.760395094254087,0.30445826
B2A,fee0c39907.jpg,0.7973065669480398,0.30097812
B2A,fefb86c469.jpg,0.6744866573416889,0.4794662
B2A,fefcd07a5e.jpg,0.8131261634397057,0.24443525
B2A,ff03c98f0e.jpg,0.6885187733288249,0.3924172
B2A,ff2152ac2a.jpg,0.6464542659617691,0.617526
B2A,ff258e79ce.jpg,0.5265680468351615,0.4556563
B2A,ff2cb6658c.jpg,0.846407591742849,0.30230007
B2A,ff2f57429f.jpg,0.7563980206181926,0.40202093
B2A,ff3867d938.jpg,0.8211659611189474,0.30944496
B2A,ff46474c6d.jpg,0.8339979689952693,0.30359995
B2A,ff48e8580b.jpg,0.8158692286710884,0.37042555
B2A,ff58af0f3b.jpg,0.6526903100798368,0.3715944
B2A,ff5c15ab50.jpg,0.712725142665382,0.34163597
B2A,ff6ed45562.jpg,0.7879077707717329,0.38942376
B2A,ff757d7db3.jpg,0.8855710354827969,0.24718758
B2A,ff769c35c9.jpg,0.7893838658853578,0.27327353
B2A,ff7d83bc1d.jpg,0.8537183537643217,0.30463207
B2A,ff853f993b.jpg,0.838217511145108,0.30087793
B2A,ff9ca0e1bb.jpg,0.8593943344998114,0.22947975
B2A,ff9e94857b.jpg,0.7929417313333884,0.29384816
B2A,ffa1ee4875.jpg,0.5803295240277655,0.5335302
B2A,ffa5d376be.jpg,0.8369302275513335,0.36445892
B2A,ffbbb24b43.jpg,0.707306916646234,0.43448108
B2A,ffbdd43bfb.jpg,0.7562747938040306,0.47788358
B2A,ffc5b52a77.jpg,0.6809239431947525,0.37801847
B2A,ffcc20463a.jpg,0.7647968917180445,0.36548
B2A,ffcdd249dd.jpg,0.8808802077985114,0.3877671
B2A,ffcf64f150.jpg,0.5619264419192559,0.42070922
B2A,ffd71fce61.jpg,0.7409450942599883,0.36804527
B2A,ffe1af8ca0.jpg,0.6359089625077957,0.42377263
B2A,fff5c33050.jpg,0.7703101638049172,0.36035022
B2A,fffaaaae65.jpg,0.6752270371189646,0.36949614
B2A,fffc0836d7.jpg,0.8506858938242947,0.33041072
