direction,file,content_cosine,lpips
A2B,000c1e3bff.jpg,0.7381113457380837,0.39577824
A2B,011835cfbf.jpg,0.8983982368701995,0.30637145
A2B,0260d15306.jpg,0.7739266581480845,0.49178314
A2B,049e293b93.jpg,0.7751405983234247,0.34926963
A2B,05144e306f.jpg,0.7966386696613046,0.44447407
A2B,052a77c020.jpg,0.8686762658003961,0.16297643
A2B,058f878b7c.jpg,0.8987271944918207,0.23431112
A2B,05b493ff42.jpg,0.92994553823906,0.28284267
A2B,064487d630.jpg,0.8014173836180836,0.26818198
A2B,066fe4cbaa.jpg,0.8981470648848185,0.20528959
A2B,07fcaee35f.jpg,0.7313768778432658,0.38283646
A2B,09b76b6471.jpg,0.8314627125234587,0.3489003
A2B,0a5075d42a.jpg,0.787477365209725,0.24675344
A2B,0bd913dbc7.jpg,0.7806212255158639,0.29698938
A2B,0e3b3292da.jpg,0.8650078254967333,0.21633527
A2B,106757e5d8.jpg,0.8771518284645615,0.24041404
A2B,1078363ff0.jpg,0.806756827560474,0.26224208
A2B,10c555c1b1.jpg,0.9748265350879863,0.1403699
A2B,118da0690c.jpg,0.7896968846674762,0.28039688
A2B,11ab570c5e.jpg,0.8843440721500914,0.32460627
A2B,11be65b3e9.jpg,0.8682558962824557,0.22829193
A2B,133b42e498.jpg,0.8729893088664371,0.15670185
A2B,14162de938.jpg,0.8853549718052909,0.2979768
A2B,14ff6e6a99.jpg,0.842137221978046,0.21432798
A2B,158740962c.jpg,0.8704154297747981,0.3093478
A2B,16dabe418c.jpg,0.8877593635260472,0.2678722
A2B,17557a29cb.jpg,0.802640764815688,0.2657219
A2B,1814cc6632.jpg,0.8695824590358449,0.31862134
A2B,184d6c66cd.jpg,0.8368891931694443,0.29988527
A2B,1994b8d4a2.jpg,0.8156279534575833,0.1516906
A2B,19dc36ccb2.jpg,0.7686982381998873,0.3886145
A2B,1a127acf4d.jpg,0.8919107889670522,0.16362652
A2B,1e4e4e63c5.jpg,0.9068603279455935,0.36611545
A2B,1f22663e72.jpg,0.9070609316887602,0.24970675
A2B,1f9667f2a7.jpg,0.7341812282602044,0.3564365
A2B,22b1ac6b44.jpg,0.9377148637292406,0.16366258
A2B,23832dead5.jpg,0.8674140974300426,0.24199888
A2B,23b07c3769.jpg,0.8771869536643956,0.25705248
A2B,23d6aeb485.jpg,0.8076014058255976,0.49124813
A2B,23f0fbd77e.jpg,0.9365053745792652,0.1397296
A2B,24af733334.jpg,0.8436784206939979,0.26805884
A2B,252d9a4abc.jpg,0.8611272969254233,0.27582082
A2B,2581464ddc.jpg,0.8887976919751919,0.21116377
A2B,25c9904782.jpg,0.8114134031515996,0.2953151
A2B,26b66eb819.jpg,0.8395291631793141,0.3242727
A2B,2759c1ed37.jpg,0.7506840390752758,0.33895975
A2B,281b73fb5e.jpg,0.8837133214122106,0.17313915
A2B,28deb43a71.jpg,0.8308415163349366,0.15667135
A2B,295eb5c521.jpg,0.9067907053368296,0.29297224
A2B,29696b4455.jpg,0.6974258787461178,0.40227947
A2B,2acfbab228.jpg,0.9188931067780055,0.21979937
A2B,2c00f5147f.jpg,0.8634404097568635,0.19595627
A2B,2cca56415e.jpg,0.8674246617578368,0.33533728
A2B,2e0d0e6e19.jpg,0.7896468629557607,0.4236545
A2B,2f20944b6a.jpg,0.8672683639318363,0.23976418
A2B,2f90c99e10.jpg,0.7782333649522438,0.30512485
A2B,3283442e33.jpg,0.7377303093903298,0.35792777
A2B,32cc820303.jpg,0.8612849817943116,0.18205288
A2B,32e33792cc.jpg,0.8799466021317663,0.26895043
A2B,3417ace946.jpg,0.829280019565326,0.31451657
A2B,344d1829bb.jpg,0.8632409611644357,0.29117027
A2B,3545597386.jpg,0.8970562402971647,0.18112631
A2B,369f6d07e8.jpg,0.7685674335506628,0.36746156
A2B,3843e221cc.jpg,0.750082532663482,0.24730091
A2B,3b262c6726.jpg,0.8693520773296562,0.23508178
A2B,3c341ff93e.jpg,0.7913117702506908,0.3076425
A2B,3d13fe022e.jpg,0.7589597980512053,0.34127852
A2B,3deea9f4a4.jpg,0.7866555804529638,0.43134168
A2B,3eaef3ee43.jpg,0.8474254539783945,0.23692384
A2B,40d7d18ad3.jpg,0.8700112894039057,0.30097085
A2B,417e77e946.jpg,0.8321992618828611,0.33230066
A2B,4260d1c556.jpg,0.8322855742009434,0.24919303
A2B,429e382095.jpg,0.7906621702954238,0.21489926
A2B,463835bbc6.jpg,0.8211659004149425,0.31892532
A2B,4660310c3e.jpg,0.8642512047523194,0.2435454
A2B,47a0548067.jpg,0.5971519662165657,0.6444144
A2B,488600cb75.jpg,0.8392674194369263,0.2189449
A2B,49337b68f4.jpg,0.917091782607817,0.22280607
A2B,4995c04b1a.jpg,0.8918954063804423,0.123324625
A2B,4ab2583fe2.jpg,0.8756440228870049,0.25338492
A2B,4ad8b366c1.jpg,0.8279274491544197,0.35522527
A2B,4b0adf7c6f.jpg,0.8845707627442393,0.18663487
A2B,4bb4ca7b03.jpg,0.932727540814294,0.20348829
A2B,4c0e35882c.jpg,0.7520695740895262,0.342747
A2B,4c74254ad3.jpg,0.8107784659536155,0.33357438
A2B,4e05523825.jpg,0.9028946323842582,0.19690935
A2B,4f045779b0.jpg,0.8210855285907761,0.34556028
A2B,4f3f4ff590.jpg,0.8739783045474234,0.17456365
A2B,4f4de0bbba.jpg,0.8902231612588806,0.16552703
A2B,4f7e01f097.jpg,0.8710249623534543,0.47483963
A2B,50855dd324.jpg,0.8629917548183841,0.16603409
A2B,512cd171a9.jpg,0.7705894693686773,0.24453504
A2B,5185e8c56a.jpg,0.8231491186098039,0.3180815
A2B,51bdd25f76.jpg,0.874980123537751,0.23551522
A2B,51db3fc011.jpg,0.9247306639665365,0.1657405
A2B,526a110636.jpg,0.822457026691659,0.25509042
A2B,52aed0f943.jpg,0.8845803639208216,0.200237
A2B,52d12dc627.jpg,0.8444064778600359,0.2147857
A2B,52fc351abf.jpg,0.8594147372374411,0.18741162
A2B,536aa87152.jpg,0.7720488647134742,0.36196932
A2B,565f19268b.jpg,0.9007345646577043,0.20873345
A2B,586acab7c5.jpg,0.8210480368889618,0.4433691
A2B,5926f85cbf.jpg,0.7076015827903828,0.35943937
A2B,593db29cce.jpg,0.8631353027335364,0.30215222
A2B,599098859e.jpg,0.8172087743111788,0.23565522
A2B,59df696966.jpg,0.8046112034942046,0.26795265
A2B,5aa514ffac.jpg,0.8594839261230893,0.24299383
A2B,5c79cfe0b3.jpg,0.8575879813416675,0.24672183
A2B,5cb895b722.jpg,0.8106578939395735,0.28771573
A2B,5e357ad790.jpg,0.8783864736095671,0.26104623
A2B,5ffbfe68d4.jpg,0.8724679561953768,0.25714022
A2B,6043aadea0.jpg,0.8972925416668072,0.20738845
A2B,608ee0d370.jpg,0.813938076759571,0.32229975
A2B,61e735361a.jpg,0.8166711899473782,0.34267938
A2B,632ddbc784.jpg,0.6674156107582322,0.43146366
A2B,661e374153.jpg,0.7675916778573253,0.3675646
A2B,66226e18fc.jpg,0.8768451854532244,0.19156447
A2B,66a144f547.jpg,0.9056695688880486,0.2820503
A2B,6742294320.jpg,0.7884398823550766,0.23444685
A2B,676a5a4c2e.jpg,0.8650958766671175,0.28023624
A2B,6782e7cb2a.jpg,0.8138107167043538,0.3539699
A2B,68729aac07.jpg,0.7373250276301885,0.6670285
A2B,68b60c04b7.jpg,0.8433443633791858,0.18203704
A2B,68d60af226.jpg,0.9358911111082823,0.15250546
A2B,695897bd4a.jpg,0.8432809936775609,0.30358434
A2B,69f4b75a37.jpg,0.8828175934163476,0.23202682
A2B,6a03aea8be.jpg,0.7565378370263298,0.45351282
A2B,6bbe0e63c6.jpg,0.8746719788819761,0.20999947
A2B,6bfbd1df5b.jpg,0.7860848555321636,0.23701292
A2B,6c6cc46498.jpg,0.8473723311309673,0.1763992
A2B,6d0e87f557.jpg,0.8493693467068606,0.47277066
A2B,6e0429f92e.jpg,0.8926408835858076,0.16923103
A2B,6ee7c39dbc.jpg,0.8956736027510841,0.24729027
A2B,6f0b9df5c5.jpg,0.7557021749519947,0.26230538
A2B,7017e6caa1.jpg,0.8194737593432241,0.3519616
A2B,7054793632.jpg,0.7974625729528064,0.40638682
A2B,70bc945f95.jpg,0.7739479417335979,0.42874664
A2B,718445ebe3.jpg,0.8339514401794752,0.32292065
A2B,7239ba0b55.jpg,0.6900957626787579,0.34392324
A2B,730f325b64.jpg,0.8584781522720604,0.19057968
A2B,732d76a469.jpg,0.5560863508725249,0.33427078
A2B,7341d96c1d.jpg,0.8996353072203918,0.18896043
A2B,73f33a12c5.jpg,0.9248827272329837,0.21338709
A2B,74e452fb31.jpg,0.8541222760218151,0.14774767
A2B,76cc7181f8.jpg,0.9191875921734044,0.24669339
A2B,77b37629f2.jpg,0.8067594508894185,0.19688469
A2B,79224da51f.jpg,0.8686659202410192,0.18859473
A2B,79292e1434.jpg,0.8880163884579688,0.19552116
A2B,7952021d2f.jpg,0.8347892707131712,0.26853323
A2B,7960adbd50.jpg,0.8947367669025366,0.40413204
A2B,7cb36714d0.jpg,0.9003559969774254,0.21712898
A2B,7d64c3100c.jpg,0.8594557558524334,0.34778932
A2B,8044a92484.jpg,0.7709322661974652,0.14840513
A2B,8077b7e9e7.jpg,0.8087992107116223,0.2680313
A2B,8114fa2607.jpg,0.7753503197163045,0.30297816
A2B,815624563e.jpg,0.9353410351766048,0.19889715
A2B,82991e742a.jpg,0.8753314533076498,0.38901395
A2B,82b9fd68b1.jpg,0.8174840871950686,0.2355417
A2B,8314acfd35.jpg,0.793866449912573,0.3926118
A2B,853f8d711f.jpg,0.8592865101226967,0.287216
A2B,85580214be.jpg,0.8353977281448509,0.21168461
A2B,88402296cc.jpg,0.8907084439390904,0.17138717
A2B,893db2701d.jpg,0.9375698726998986,0.20989418
A2B,89964efa86.jpg,0.8965803467274516,0.17599699
A2B,89d970411d.jpg,0.8782663243655285,0.16797408
A2B,89fcbf2f76.jpg,0.7351655128787022,0.33028913
A2B,8b54448a07.jpg,0.9173992049932247,0.14938647
A2B,8b7948248f.jpg,0.8181651058194339,0.17713796
A2B,8b841420b4.jpg,0.9453099709723616,0.08951339
A2B,8c48e112d0.jpg,0.7613046958920187,0.2828954
A2B,8c8011c291.jpg,0.8684437210536089,0.2562418
A2B,8cfd45a2e2.jpg,0.7592958224826741,0.4711966
A2B,8e5ff15568.jpg,0.880228755857265,0.18245174
A2B,8ee2933868.jpg,0.9137955835819901,0.109901786
A2B,8f02369f42.jpg,0.8515505493412467,0.19648913
A2B,910610e827.jpg,0.7991449608635738,0.22739245
A2B,910729e0ce.jpg,0.8976129775312476,0.21330424
A2B,92c0ba8c0d.jpg,0.9034317593656471,0.17455417
A2B,93132f89ee.jpg,0.638795454570494,0.31782758
A2B,932d0dd808.jpg,0.8074442404993377,0.2938652
A2B,95a53d7b0b.jpg,0.96954933480579,0.18084113
A2B,95b5f01a85.jpg,0.8685299215252735,0.15868753
A2B,9843bc25c5.jpg,0.9115624518392462,0.08721797
A2B,9908d1daa9.jpg,0.8434688673426088,0.2307856
A2B,990ed28f62.jpg,0.8137076568187106,0.18819508
A2B,9963d64ebf.jpg,0.7546438529467587,0.35238555
A2B,99a51d3e25.jpg,0.859713525972721,0.30575356
A2B,99d94af5dd.jpg,0.9368208266379539,0.13606095
A2B,9ae6552353.jpg,0.886425654628251,0.25674993
A2B,9d58456cc3.jpg,0.766347635053914,0.28158307
A2B,9d9a4fccfb.jpg,0.6880738230790925,0.53617406
A2B,9db9843ed1.jpg,0.8503254706022298,0.20842028
A2B,9f409e3376.jpg,0.7998026995827359,0.29021668
A2B,9fc868e864.jpg,0.7924386546099362,0.2090396
A2B,a030bc32e6.jpg,0.7722503369305356,0.31811786
A2B,a06b54dfe9.jpg,0.726019253666236,0.3260453
A2B,a202b1b200.jpg,0.921451069113607,0.15011619
A2B,a210ceedc7.jpg,0.87356206663708,0.21321222
A2B,a4e4a61fb2.jpg,0.7969267737533885,0.25656733
A2B,a59f3f5b89.jpg,0.8457818751495061,0.22950813
A2B,a619072f82.jpg,0.7033892362948109,0.4118985
A2B,a6291c2a1c.jpg,0.8410742461443611,0.1716412
A2B,a642e9cb6f.jpg,0.8627584419165494,0.25378928
A2B,a7977705be.jpg,0.8842031698259017,0.22087997
A2B,a7d53885e8.jpg,0.8192299607134602,0.2982333
A2B,a885da7b52.jpg,0.8487316419885842,0.222364
A2B,a8fbbe3eb1.jpg,0.8758147885858846,0.1498059
A2B,a96b79a93f.jpg,0.7590038356433104,0.36349517
A2B,aa76c7625a.jpg,0.7879799647197736,0.29952067
A2B,ad0101d010.jpg,0.8073094674043032,0.3129595
A2B,ad8ce41fc0.jpg,0.8776924262442332,0.2199378
A2B,b1310da865.jpg,0.9226659829370492,0.22348383
A2B,b13c0973ee.jpg,0.8397584934748434,0.20516273
A2B,b1ea5d5a7d.jpg,0.7862230441277795,0.29255706
A2B,b256e61a5d.jpg,0.8254951935840863,0.186389
A2B,b2ce76c750.jpg,0.7920647379279672,0.34483516
A2B,b3adc75e7d.jpg,0.9085314947494453,0.19228366
A2B,b44f24c048.jpg,0.899047504259675,0.22963959
A2B,b5c2fe7c4c.jpg,0.7928666149054102,0.51742953
A2B,b76d52e05a.jpg,0.8273583615272591,0.32447416
A2B,b99546090b.jpg,0.8127410554837287,0.22463202
A2B,ba52f976af.jpg,0.7434309920538346,0.29950702
A2B,baf6efabfe.jpg,0.8568369386825285,0.20476952
A2B,bbc5ac4564.jpg,0.8084738603283116,0.21990162
A2B,bc4b364a44.jpg,0.8213163908159898,0.2373218
A2B,bf6db09354.jpg,0.8771598199392097,0.17197165
A2B,c14505c1da.jpg,0.904188705421675,0.18897419
A2B,c1dc1a85a4.jpg,0.9428590905602964,0.18354584
A2B,c2576267d4.jpg,0.8495727942235723,0.22228839
A2B,c4622e3fb6.jpg,0.808124214376568,0.2569191
A2B,c67ba2060c.jpg,0.7286689646745605,0.34403116
A2B,c68c52e8fc.jpg,0.8352271029547026,0.22895835
A2B,c6c360756c.jpg,0.835318028386128,0.272508
A2B,c6c88ce9c4.jpg,0.8733938997199967,0.21536036
A2B,c78b4fa3a9.jpg,0.8252521060674326,0.1691064
A2B,c7d8142152.jpg,0.9026092949434513,0.18388888
A2B,cb50326950.jpg,0.8793883613568407,0.19001617
A2B,cb9c553ded.jpg,0.8272730527279446,0.34739205
A2B,cc2bb659f4.jpg,0.8715364266325903,0.19042665
A2B,cd6623d07d.jpg,0.8090278129248578,0.20040676
A2B,cdddf326e3.jpg,0.7677492373890461,0.31853375
A2B,ce3e0daddd.jpg,0.7428050913453799,0.43717262
A2B,ceb6cf5f31.jpg,0.9374798405911303,0.19327527
A2B,cf6488d84c.jpg,0.6770155187564495,0.37250146
A2B,cfc6fce7b5.jpg,0.8440462071349862,0.27961257
A2B,d05cab011d.jpg,0.9035288213820073,0.2028302
A2B,d087730b76.jpg,0.8133203581203858,0.14448763
A2B,d14c1abdd4.jpg,0.9079632973471412,0.30325043
A2B,d1d9748a64.jpg,0.8631642322329105,0.2756399
A2B,d239dae42d.jpg,0.840254157692483,0.3067107
A2B,d4116437bb.jpg,0.889971982396838,0.21316886
A2B,d50049fbfc.jpg,0.8993923002026194,0.16851178
A2B,d5b0c260a0.jpg,0.8913906498184927,0.2585243
A2B,d6d6e625bd.jpg,0.8165735808745805,0.37638226
A2B,d729785cb8.jpg,0.8560115266200637,0.17717434
A2B,d754850d01.jpg,0.9132681481584667,0.21350858
A2B,d7948c7635.jpg,0.8952579644176927,0.27957872
A2B,d88482796d.jpg,0.8539192140139387,0.29890653
A2B,d9e8704878.jpg,0.892980267779865,0.19289199
A2B,da72006ef5.jpg,0.8357421401536089,0.26334843
A2B,dc33f0edbe.jpg,0.7701685338765236,0.3542798
A2B,dcab49d080.jpg,0.6754638236342854,0.39508688
A2B,dcf5ea1040.jpg,0.7533715257338254,0.2981702
A2B,dd46691bd7.jpg,0.9231112182862985,0.20622824
A2B,de6f71b00f.jpg,0.8918368203952539,0.14561062
A2B,df64ac2dcb.jpg,0.8898661734905372,0.21855438
A2B,e2253b87a0.jpg,0.8089400092891943,0.28893757
A2B,e291f8144f.jpg,0.6372192776000198,0.30881482
A2B,e3112413b1.jpg,0.8534898728636592,0.32963353
A2B,e37407c747.jpg,0.8196126970027678,0.4059735
A2B,e510a74d3c.jpg,0.8628217551947033,0.3569241
A2B,e568f84fad.jpg,0.8516324176454048,0.2541353
A2B,e753318d04.jpg,0.8923407417876413,0.24171196
A2B,e88d9de918.jpg,0.8897587980361484,0.17363423
A2B,e9580cd500.jpg,0.8169471426397477,0.211959
A2B,e9f5563817.jpg,0.8571165679054736,0.18098967
A2B,e9f686534b.jpg,0.8653646021567,0.19544818
A2B,eb3cc5c559.jpg,0.8702594395267903,0.28303483
A2B,ec3398cef9.jpg,0.8530720001871327,0.20569065
A2B,ec78d80dbd.jpg,0.8347796659636187,0.27275956
A2B,ed597655a0.jpg,0.7856369541546848,0.3609355
A2B,ede9769cb3.jpg,0.7854752995283891,0.44684827
A2B,ee7adac58f.jpg,0.9193320916052389,0.17803761
A2B,f04c9d8e34.jpg,0.8096551536737671,0.21366493
A2B,f0884db067.jpg,0.8268748225302418,0.27503663
A2B,f0d789c4bc.jpg,0.856003563057993,0.21162073
A2B,f4413e97bd.jpg,0.7993432895114633,0.2846588
A2B,f486c1655f.jpg,0.8933454529750515,0.42617404
A2B,f7836c88eb.jpg,0.8682017865914219,0.19314566
A2B,f821791c85.jpg,0.8664305089583192,0.2605384
A2B,f84fb4516a.jpg,0.7995115269667119,0.36906445
A2B,f96a8de9f3.jpg,0.637777672105265,0.5510463
A2B,fb3b06dcb2.jpg,0.8290113823690274,0.34065527
A2B,fb806a2a1c.jpg,0.8922911886751542,0.27494943
A2B,fb93438ff9.jpg,0.8160912301151216,0.2854522
A2B,fba982625d.jpg,0.8628129594079225,0.3054558
A2B,fc11d52502.jpg,0.8861480573766097,0.19569732
A2B,fd63a333f1.jpg,0.8057628447558917,0.21562201
A2B,fdf1530d95.jpg,0.8814650971107768,0.26557875
A2B,ffd74c77ea.jpg,0.6624122270599423,0.2203914
B2A,00068bc07f.jpg,0.687002488968326,0.39419574
B2A,000910d219.jpg,0.7405283537239721,0.41245943
B2A,000ded5c41.jpg,0.622468208607657,0.5367974
B2A,00104fd531.jpg,0.7571377273872049,0.40404078
B2A,001158d595.jpg,0.844739807717649,0.28386405
B2A,0033c5f971.jpg,0.8323509554175935,0.18152085
B2A,0039ebb598.jpg,0.5995112854286535,0.53603417
B2A,003aab6fdd.jpg,0.8818584566970413,0.35604852
B2A,003c6c30e0.jpg,0.8927564165965092,0.26147407
B2A,00479e2a21.jpg,0.8765555327487037,0.2880793
B2A,005f987f56.jpg,0.8277086257098594,0.2538217
B2A,0080f94ebc.jpg,0.7092534400629923,0.45321992
B2A,00882b7e1d.jpg,0.6861809264326668,0.256085
B2A,009d534136.jpg,0.8232107124405402,0.3908819
B2A,009ddaed1f.jpg,0.8248972206036691,0.3373173
B2A,00aeb60e25.jpg,0.7743801208880132,0.33343267
B2A,00c6a0ad1e.jpg,0.8396367811086136,0.30598298
B2A,00dcf0f1e3.jpg,0.7934346751594898,0.24969494
B2A,00dff09ebe.jpg,0.7295784283672858,0.43516907
B2A,00e1798585.jpg,0.7493595818351165,0.3799913
B2A,00e64e1b2c.jpg,0.8056350031492038,0.3520878
B2A,00f78547f0.jpg,0.7777632817091498,0.38160244
B2A,00fcff630e.jpg,0.8745578985375985,0.3900885
B2A,01135e4771.jpg,0.8538260539358417,0.2404595
B2A,011f46de73.jpg,0.7562415342514853,0.33494145
B2A,012df5ce29.jpg,0.9645655876164179,0.17300743
B2A,01416e7ada.jpg,0.8673270007850633,0.29727006
B2A,01480da48f.jpg,0.5351654830301331,0.49768394
B2A,0159685c51.jpg,0.8666790530571774,0.3281695
B2A,015f79b672.jpg,0.8897392514948501,0.20021045
B2A,01622039ef.jpg,0.7072966076141588,0.44108605
B2A,0162322d2d.jpg,0.7219183224550626,0.40249875
B2A,016d408833.jpg,0.8302681467766159,0.28497052
B2A,016f524878.jpg,0.8544880744818113,0.2499034
B2A,017018f377.jpg,0.6084012441766612,0.5585512
B2A,01771d99c3.jpg,0.7018217724777979,0.5280433
B2A,017aacad6e.jpg,0.725146886631983,0.4460848
B2A,018be60883.jpg,0.7334635512039579,0.36970142
B2A,018db0f253.jpg,0.6887164887551758,0.46618852
B2A,01952c7673.jpg,0.8938681966480266,0.34476525
B2A,01971e48e5.jpg,0.5425547746832183,0.43878895
B2A,019cf7682d.jpg,0.8874867083833521,0.18619406
B2A,01ae8be57e.jpg,0.8913131495982265,0.20014927
B2A,01af5f8623.jpg,0.7808736064086578,0.21350509
B2A,01bce47d3f.jpg,0.7317019218006849,0.3977067
B2A,01c4f86e3e.jpg,0.5813464098081211,0.4648141
B2A,01f7a6398e.jpg,0.9143735366278514,0.2566638
B2A,02001e59af.jpg,0.852554067746347,0.25298858
B2A,0212257854.jpg,0.804374327994476,0.3955035
B2A,021df2c226.jpg,0.6856257284393397,0.35745358
B2A,022ca16b0f.jpg,0.549029560697856,0.4687291
B2A,023637f8fb.jpg,0.7126584913606484,0.49894804
B2A,023eed0385.jpg,0.6768228260423562,0.407403
B2A,023f3cbb75.jpg,0.8539876500937537,0.16982472
B2A,0240a597f5.jpg,0.7779308274654798,0.45649183
B2A,024d98032b.jpg,0.8762974100084516,0.43105066
B2A,0254fc91bd.jpg,0.8362204767903638,0.30249745
B2A,02620a36f7.jpg,0.8323514570042251,0.55565655
B2A,026ac33f9c.jpg,0.800923766300745,0.37554407
B2A,029524fd91.jpg,0.7794250084367097,0.4708291
B2A,029854a790.jpg,0.7630495583700644,0.290487
B2A,02a1366c74.jpg,0.8917158922692716,0.21562721
B2A,02a4445906.jpg,0.7014008832054162,0.367952
B2A,02b232fc78.jpg,0.7871888905863099,0.2622409
B2A,02c43186c8.jpg,0.7764386463375811,0.35501716
B2A,02c6c1f6a9.jpg,0.8439855918701947,0.29093218
B2A,02cd89f56d.jpg,0.8874939577956747,0.38213012
B2A,02d763f1c2.jpg,0.6478900315808852,0.47754747
B2A,02ded12bbd.jpg,0.4072184875836268,0.70639277
B2A,02ea18a456.jpg,0.8351101222568745,0.29269993
B2A,02ec33e094.jpg,0.7941124431271831,0.3566194
B2A,0312af1e14.jpg,0.640723673302838,0.51224315
B2A,032389e868.jpg,0.8608769945523727,0.4016184
B2A,03242238ae.jpg,0.7963934028125669,0.3968157
B2A,0324f82fee.jpg,0.8466404722589506,0.26571417
B2A,0341fa51d0.jpg,0.7088976379859793,0.5720885
B2A,0344a47135.jpg,0.9096886638078937,0.18020442
B2A,034627340c.jpg,0.9091971253966818,0.12983374
B2A,0362dd81bb.jpg,0.8308773877854463,0.19551548
B2A,0378bcc7c9.jpg,0.9159222565566384,0.21518621
B2A,03950208ff.jpg,0.9190650268578338,0.34488958
B2A,03a17d96e1.jpg,0.5266172029927717,0.46855387
B2A,03a21c1b9c.jpg,0.6240458526612379,0.36620635
B2A,03a2b7ce83.jpg,0.6447092172776483,0.44695908
B2A,03ae080a47.jpg,0.6524368125881922,0.33328238
B2A,03ae26ed88.jpg,0.9006432384457548,0.2859178
B2A,03bac83f64.jpg,0.7825015859271286,0.45949468
B2A,03be88270f.jpg,0.7942808875080938,0.31547624
B2A,03c5d1d098.jpg,0.6601544234249415,0.5417011
B2A,03c9f2e3c2.jpg,0.8521509403697444,0.2925838
B2A,03c9f3d584.jpg,0.8403035939817534,0.13603489
B2A,03cc206144.jpg,0.7994515679505171,0.37021202
B2A,03d47c18a5.jpg,0.7699212355269563,0.4340188
B2A,03d6a4d860.jpg,0.720075022016667,0.44839025
B2A,03dde7a28f.jpg,0.9192624596239265,0.3192386
B2A,03e48faafa.jpg,0.8060611954601344,0.26810312
B2A,03fd7067c1.jpg,0.9120012194798928,0.34498018
B2A,03fe5d2263.jpg,0.7008857330181962,0.48221594
B2A,0409e76de0.jpg,0.7627067202174557,0.5039347
B2A,0425fc7ce5.jpg,0.7817451191964321,0.2871285
B2A,042f0e804d.jpg,0.8323242311564168,0.2617106
B2A,0435dc46a4.jpg,0.7298177486595863,0.3463075
B2A,0436aaaf16.jpg,0.6418156016136186,0.47150952
B2A,04387e4338.jpg,0.6356816834334986,0.6434483
B2A,043b541b77.jpg,0.9104277019136285,0.25026625
B2A,044c1653cf.jpg,0.8317604810179439,0.2678178
B2A,0450d4f8ae.jpg,0.7709574952338326,0.37137902
B2A,0451cdb867.jpg,0.6756039309248801,0.53524435
B2A,045e937903.jpg,0.6834886554509765,0.49758902
B2A,0466d4cdf9.jpg,0.7728295456020017,0.2477197
B2A,0473a25050.jpg,0.8008523984524779,0.3661594
B2A,047acab66b.jpg,0.831616582227955,0.4804415
B2A,047da870f6.jpg,0.8203359074012605,0.34356266
B2A,04838b8b1e.jpg,0.7932446788039139,0.3554016
B2A,049576d31c.jpg,0.8053441821225313,0.4399289
B2A,049b0ece59.jpg,0.910443122959061,0.23137364
B2A,04a5fc42e1.jpg,0.8308581918240896,0.29397607
B2A,04b8bfdb1c.jpg,0.8488586516228191,0.18190265
B2A,04cb1f4705.jpg,0.7307732295175124,0.29496694
B2A,04cf8e6d5f.jpg,0.8252284195422395,0.22126101
B2A,04d7e14fbe.jpg,0.8198045831098622,0.28484073
B2A,04d91d7bda.jpg,0.7136262508253303,0.6335605
B2A,04e32c4dc1.jpg,0.8099841230277722,0.52217525
B2A,04ec8c9ec2.jpg,0.6987259782221867,0.3243869
B2A,04f59976b5.jpg,0.8301825138244209,0.16361696
B2A,04f71da37b.jpg,0.6450591738042702,0.4931242
B2A,04f72d81b0.jpg,0.8689632848936083,0.24406877
B2A,04f80539d7.jpg,0.9274279176683636,0.26377708
B2A,04fa2a606d.jpg,0.7963314280891507,0.3613534
B2A,04fa456bc9.jpg,0.7190096026010433,0.4708767
B2A,05057d04f7.jpg,0.8465154323642841,0.3071704
B2A,0506726dbd.jpg,0.7859459026633729,0.41056037
B2A,050da171c0.jpg,0.6506559424291231,0.58936465
B2A,051159e33a.jpg,0.759280982894976,0.33843145
B2A,051a7c9ae6.jpg,0.6484797979389303,0.30320698
B2A,051bde8166.jpg,0.8423131553146775,0.2704507
B2A,051c1b5ee3.jpg,0.7826510666963552,0.2852321
B2A,0529dd48c8.jpg,0.7175317752774001,0.26218444
B2A,053024baa2.jpg,0.7068646905689454,0.6601784
B2A,0541ce0c1a.jpg,0.7729159453561746,0.27385965
B2A,0547a52b93.jpg,0.6477159290436297,0.27242118
B2A,054f264b2e.jpg,0.8897376049567657,0.2575169
B2A,054f375c69.jpg,0.8469602071793618,0.28521258
B2A,05557b0148.jpg,0.6839157468750602,0.37371308
B2A,055c3026f8.jpg,0.8323561429515978,0.32171646
B2A,055dac1e18.jpg,0.8208149676152212,0.31315807
B2A,055e5dca6e.jpg,0.6900554181588048,0.5641951
B2A,05646c5cdb.jpg,0.7465704243049043,0.28310478
B2A,0572f32305.jpg,0.6591518176034031,0.5870452
B2A,057d83cdee.jpg,0.8487373927474278,0.31577867
B2A,058af422c6.jpg,0.9015544083269583,0.17083043
B2A,0597c38d69.jpg,0.8309136764716933,0.35281414
B2A,05a3801bed.jpg,0.7748579229852454,0.44005376
B2A,05a84fad61.jpg,0.8382397192618667,0.5257233
B2A,05c885c810.jpg,0.8469885326789844,0.24770436
B2A,05ca68299e.jpg,0.6421479395510198,0.28931776
B2A,05e37a8900.jpg,0.8910460816224586,0.29391292
B2A,05e88ecd0a.jpg,0.7237977606348724,0.31860504
B2A,05f0db4d14.jpg,0.6944591344992624,0.5268405
B2A,05f22b97da.jpg,0.8913243592529763,0.23689072
B2A,05f4b38e6e.jpg,0.734227518361537,0.5809104
B2A,06058e6cb0.jpg,0.6846087062723263,0.6054356
B2A,0606110c45.jpg,0.7243221218253157,0.5035162
B2A,061bb611e0.jpg,0.683777748509554,0.3730749
B2A,061f0095f0.jpg,0.8131538512221461,0.3218856
B2A,062313a97c.jpg,0.8453657548874636,0.2117138
B2A,06371834cb.jpg,0.455734711010781,0.62303394
B2A,063ab57d41.jpg,0.9241986928886182,0.12891012
B2A,064b9119de.jpg,0.8258510188565445,0.36050335
B2A,064babb7f0.jpg,0.675474994497394,0.3276881
B2A,064f91250d.jpg,0.7374459831736005,0.5277938
B2A,065b649ac7.jpg,0.660149488331207,0.46041197
B2A,0665264678.jpg,0.8987116334740668,0.2700947
B2A,066b81e0f9.jpg,0.8872406371864606,0.2387962
B2A,068381ad63.jpg,0.797500800834573,0.406188
B2A,068cc6fe3f.jpg,0.6850630520235104,0.2895451
B2A,0696f8142e.jpg,0.8124870046689275,0.30274472
B2A,069e6e5b82.jpg,0.8394027665788648,0.3145774
B2A,06a5930183.jpg,0.8787238746757573,0.30673802
B2A,06a9cf2d11.jpg,0.6182673808318613,0.5675457
B2A,06b2c2dfca.jpg,0.7832365064342189,0.35288092
B2A,06b8114f82.jpg,0.7491048434023876,0.43351257
B2A,06c2d19658.jpg,0.8286396055385529,0.3416326
B2A,06c549794b.jpg,0.8881988414020298,0.32690337
B2A,06c89c4c23.jpg,0.6386132221855788,0.43463477
B2A,06c9326c86.jpg,0.7327361006298381,0.41785833
B2A,06e117b31e.jpg,0.8856575228694794,0.2996154
B2A,06e156d8ba.jpg,0.840607504972545,0.2523211
B2A,06f749912b.jpg,0.8315509326271613,0.22470033
B2A,07054731ab.jpg,0.6063921694603095,0.6350809
B2A,0709ff32ee.jpg,0.7645800288134726,0.2991533
B2A,0711866dcd.jpg,0.5821776708728903,0.5403632
B2A,071c375c2c.jpg,0.8219754424293915,0.40648517
B2A,0723d52098.jpg,0.8404346875555331,0.28691572
B2A,0724805941.jpg,0.7979481384915356,0.30669895
B2A,072f1336c9.jpg,0.8330457372311726,0.35726205
B2A,07362b3f42.jpg,0.8900066148045243,0.29919386
B2A,073e8b3056.jpg,0.7981092376651072,0.2928586
B2A,074218de82.jpg,0.7246731011214326,0.50714386
B2A,074ea8cb6e.jpg,0.6524276133496907,0.31911257
B2A,07573a95f6.jpg,0.622894672572088,0.43274927
B2A,075e8d4617.jpg,0.8867600329503323,0.21169338
B2A,0761281e3b.jpg,0.7423259604935243,0.42989343
B2A,076c62582d.jpg,0.8747501446540442,0.18849777
B2A,0770ea1a07.jpg,0.7565820903020875,0.39699504
B2A,077bf7e451.jpg,0.6867842946091134,0.50373536
B2A,078cd3ce07.jpg,0.8190487622938047,0.19207703
B2A,078fd1bc42.jpg,0.7422729303356527,0.4274819
B2A,07939b1fde.jpg,0.8489383568496726,0.3249663
B2A,079da3af1e.jpg,0.8188141068964878,0.2819517
B2A,07b7fdff1b.jpg,0.7703374626700646,0.67104924
B2A,07bf7d7df1.jpg,0.8237965583364728,0.37262064
B2A,07cb260548.jpg,0.8447542568386746,0.21231423
B2A,07e9bc5956.jpg,0.7673377493270044,0.29671726
B2A,07ea3a38d2.jpg,0.6650321931237908,0.5938833
B2A,07f37dfe50.jpg,0.9034817838698407,0.37925208
B2A,07f730ef9a.jpg,0.7906890298613517,0.5804555
B2A,08009f0be5.jpg,0.7906501519344828,0.31291977
B2A,0811c84b0c.jpg,0.8297317700327336,0.27265882
B2A,081955febb.jpg,0.8355571175353697,0.19711113
B2A,08247a7020.jpg,0.7142682300619243,0.4297173
B2A,082786cc1f.jpg,0.7226395995647644,0.30166504
B2A,08341635fa.jpg,0.683359411853568,0.63967097
B2A,0844c2cddf.jpg,0.7718782107678711,0.35209414
B2A,0845e8dc24.jpg,0.622794408477152,0.36405063
B2A,085c73097f.jpg,0.6277685917357698,0.5643543
B2A,0860f1e141.jpg,0.9636640690378436,0.2325272
B2A,08645ef69b.jpg,0.6681710898491581,0.33379233
B2A,087e779e73.jpg,0.7865712068694491,0.40681013
B2A,08874a6ee1.jpg,0.7214032770793566,0.4366845
B2A,088972cf3f.jpg,0.815843039450502,0.21790256
B2A,089406822c.jpg,0.7588943136010253,0.22321796
B2A,08a203b59d.jpg,0.8415377244727218,0.35621884
B2A,08acc490a3.jpg,0.6977418565069746,0.3035323
B2A,08b790bca7.jpg,0.9279523894652686,0.3944935
B2A,08c1754f70.jpg,0.6886205796944972,0.27970937
B2A,08cbd0d6c4.jpg,0.9096495670743284,0.19189861
B2A,08cbd51033.jpg,0.8384037898926749,0.32981128
B2A,08d7603c9c.jpg,0.8699956358663125,0.32782546
B2A,08da1e5774.jpg,0.9240631521022435,0.23329926
B2A,08e3354189.jpg,0.8087089732761521,0.27578002
B2A,08fa88c02c.jpg,0.8222183408803939,0.1964852
B2A,08fa8a6f26.jpg,0.827812528720314,0.410565
B2A,08fd7ac09b.jpg,0.880730784505723,0.3071292
B2A,090d5b3cca.jpg,0.7847799536429616,0.33760214
B2A,091b6b9b07.jpg,0.8319111149233221,0.37990135
B2A,0922bbb3c1.jpg,0.7988956950256377,0.25951812
B2A,0932ad9605.jpg,0.8830181899315807,0.28131396
B2A,0938dc0298.jpg,0.6964803982980602,0.5991886
B2A,0939723138.jpg,0.7937959436032149,0.24583481
B2A,093be92a48.jpg,0.912300714617715,0.11518983
B2A,093e24f728.jpg,0.8117397087418771,0.5071033
B2A,0945008455.jpg,0.846608435088474,0.32130834
B2A,09591edd0a.jpg,0.9361621459026358,0.27650917
B2A,095bc5a33d.jpg,0.8049693777029302,0.39536217
B2A,096165f6f0.jpg,0.9033482094475118,0.23760001
B2A,0962094f25.jpg,0.9125197503230101,0.13917041
B2A,0963accefe.jpg,0.8755690587960002,0.2660724
B2A,096495c50c.jpg,0.7842355148479262,0.33786398
B2A,096bae8cd9.jpg,0.7902430963054877,0.31008908
B2A,096da37ff7.jpg,0.8942453587282814,0.31852502
B2A,096f009762.jpg,0.812904037604215,0.3990223
B2A,09748274a3.jpg,0.8823339815167076,0.2719171
B2A,09756af6f7.jpg,0.7254854517891157,0.41098425
B2A,097b3ce81a.jpg,0.8603884906207446,0.3051908
B2A,097d38ef3b.jpg,0.8096834204907927,0.3426233
B2A,09816286d3.jpg,0.8995962170458783,0.29138815
B2A,0984136f36.jpg,0.5345953814038779,0.59536886
B2A,098b35d919.jpg,0.7728588906285936,0.43667725
B2A,098c0ce670.jpg,0.7449990220562206,0.39249948
B2A,098fde2b22.jpg,0.8231136717965909,0.2453811
B2A,099159901a.jpg,0.7512790039701055,0.5767983
B2A,099395535c.jpg,0.7412199423748128,0.29976022
B2A,09986b5a14.jpg,0.8061595363606014,0.5160024
B2A,09a43d2264.jpg,0.9073581777072416,0.3074477
B2A,09bebf108f.jpg,0.7235681158621309,0.32756767
B2A,09c874df81.jpg,0.8798724099567377,0.29926616
B2A,09d34f7412.jpg,0.8389373318938795,0.39657056
B2A,09ddb5e4c9.jpg,0.6923402323417183,0.549918
B2A,09e084658a.jpg,0.6548813212318538,0.50146824
B2A,09e1b696b4.jpg,0.9272210886274296,0.11137968
B2A,09e2982b82.jpg,0.6428604451360599,0.5457972
B2A,09e8393bd1.jpg,0.6392950366420627,0.5457419
B2A,09ec565e3a.jpg,0.8639772096886553,0.34087345
B2A,09f57ab8c5.jpg,0.8888217029323083,0.19758615
B2A,09fc404e31.jpg,0.6659152442360055,0.7244866
B2A,09fcd10b7e.jpg,0.8350367029006576,0.25272948
B2A,0a0c3a6d07.jpg,0.7133163548206134,0.52719396
B2A,0a0d3e6ea7.jpg,0.7857299940856424,0.36649936
B2A,0a1d1b9f8e.jpg,0.690816050083838,0.7141106
B2A,0a271892d0.jpg,0.7149836580627522,0.3271028
B2A,0a284dbed0.jpg,0.6715412815618607,0.21293978
B2A,0a2e5f728d.jpg,0.6779358415749694,0.5389017
B2A,0a325fc655.jpg,0.7212624113114311,0.3568881
B2A,0a44c8287d.jpg,0.8083161125894255,0.6032598
B2A,0a49020ae5.jpg,0.7915012963515249,0.23899677
B2A,0a497f768d.jpg,0.7994035592516486,0.4008664
B2A,0a6091114d.jpg,0.7413342423198321,0.54503787
B2A,0a6279ef66.jpg,0.8037919713217893,0.35912082
B2A,0a6e92d928.jpg,0.8040110381291273,0.19453245
B2A,0a74701f65.jpg,0.8961015383292693,0.28604937
B2A,0a7a8e30bd.jpg,0.6817775329031228,0.46513486
B2A,0a7b607c9c.jpg,0.9016795841726883,0.16916084
B2A,0a8839fac9.jpg,0.7511394339159664,0.2709642
B2A,0a996d988b.jpg,0.9135319861437006,0.15943807
B2A,0aa4202c77.jpg,0.8184040167733623,0.32802677
B2A,0aaf6960c4.jpg,0.907777021147016,0.14839981
B2A,0abbeddf71.jpg,0.7632178561367942,0.45071882
B2A,0abbf2fd4b.jpg,0.7509223570772765,0.4676374
B2A,0ac4b6aaaa.jpg,0.8410493212642862,0.25757965
B2A,0ac84db7bc.jpg,0.545186197062226,0.7052243
B2A,0ad13029a9.jpg,0.6129952997155265,0.45955133
B2A,0ad956708f.jpg,0.8642061482725039,0.31334317
B2A,0ae5e9bfe2.jpg,0.7782175786341271,0.19612819
B2A,0aec1f9701.jpg,0.8918632155734625,0.35583192
B2A,0b0bf6fe85.jpg,0.8054914289351941,0.3678252
B2A,0b1669c3ea.jpg,0.7599974329627457,0.44886664
B2A,0b21ce3df6.jpg,0.8381065194991882,0.3393523
B2A,0b2454f0e3.jpg,0.7998486624022167,0.20094395
B2A,0b2f2a3e59.jpg,0.9023053511081061,0.25741747
B2A,0b3fd12ac9.jpg,0.766959042065611,0.30739614
B2A,0b461ab035.jpg,0.9712515016441574,0.24815455
B2A,0b48073b83.jpg,0.7863134737885932,0.35315198
B2A,0b4dbff7c8.jpg,0.9000735009389873,0.18430422
B2A,0b4f93c337.jpg,0.8489292149162193,0.40325123
B2A,0b53fd3e90.jpg,0.8178363400499018,0.3300074
B2A,0b68939003.jpg,0.8079610827725613,0.36159918
B2A,0b6b4bfc29.jpg,0.9403187165269304,0.14662443
B2A,0b91f359c5.jpg,0.6291041489720487,0.54501516
B2A,0b97d70d93.jpg,0.829519877941704,0.2765723
B2A,0bb9d1a3cf.jpg,0.7471176697055604,0.26266253
B2A,0bcecb1330.jpg,0.7574144141517646,0.4881832
B2A,0bddd37684.jpg,0.767838994337532,0.34631076
B2A,0bde6ba99b.jpg,0.708270613355764,0.3586904
B2A,0bdf3110dc.jpg,0.8491046988703029,0.29126585
B2A,0bede4ba4e.jpg,0.5722059356406437,0.24475256
B2A,0c18bf8536.jpg,0.8670596599142254,0.39779535
B2A,0c21bed0d8.jpg,0.6677320446352369,0.26005998
B2A,0c272fcde8.jpg,0.8565001889178231,0.27373183
B2A,0c4ebc7f6a.jpg,0.7879849852756274,0.274468
B2A,0c64451f58.jpg,0.7575289420803238,0.45370182
B2A,0c64b00832.jpg,0.7976225791923361,0.2542393
B2A,0c696d12a2.jpg,0.8674273916605452,0.29352194
B2A,0c6b56bba9.jpg,0.8178584902304177,0.32956392
B2A,0c6b63c2c5.jpg,0.6432778432439573,0.43453848
B2A,0c6c9d8ce7.jpg,0.8814224292715286,0.25695062
B2A,0c6e6b52be.jpg,0.7898135664135211,0.28112087
B2A,0c6fcdf1f5.jpg,0.6473374819722246,0.36841032
B2A,0c781e1538.jpg,0.7671378144885259,0.29256624
B2A,0c7e07acd3.jpg,0.8442671082522129,0.21636611
B2A,0c8a94c597.jpg,0.7451950847347959,0.30548465
B2A,0ca5b3c96a.jpg,0.7817676080896245,0.35918435
B2A,0cac1bcf2b.jpg,0.8181494770361704,0.45789364
B2A,0cae98323f.jpg,0.9207637240550525,0.19591531
B2A,0cb4144fbb.jpg,0.6288570917355295,0.6108605
B2A,0cb6683555.jpg,0.9184175343584358,0.21775873
B2A,0ccbcfcf65.jpg,0.8181643738793306,0.30588198
B2A,0cda2627bf.jpg,0.8966386152683093,0.31186455
B2A,0cdfbb28e6.jpg,0.4920290654369593,0.5083226
B2A,0ce227ee32.jpg,0.6005213285068605,0.3343782
B2A,0cec4d02a7.jpg,0.5432367813336777,0.42296988
B2A,0cecce2e24.jpg,0.790309247752771,0.51940393
B2A,0cf495d82e.jpg,0.7932194690688001,0.47072077
B2A,0cf4dc75d0.jpg,0.7701040042058583,0.40546417
B2A,0cfe85f73d.jpg,0.8383940006149184,0.43397164
B2A,0d11463712.jpg,0.8100839279746422,0.40735412
B2A,0d1a5b6882.jpg,0.8161295321597599,0.4497792
B2A,0d23431254.jpg,0.7876247129410356,0.31850117
B2A,0d2583e3ea.jpg,0.7606926813961339,0.3560001
B2A,0d2ed7fb8e.jpg,0.7096867745674549,0.3804064
B2A,0d2f9d322d.jpg,0.5880698216936298,0.52761286
B2A,0d3752b4ad.jpg,0.7378817029065021,0.3355725
B2A,0d423f52fd.jpg,0.8575043569876548,0.32766962
B2A,0d59054b30.jpg,0.8437953486347294,0.22844839
B2A,0d593e3752.jpg,0.8555846263122273,0.28337616
B2A,0d64ca5ecf.jpg,0.8987130760271178,0.29938897
B2A,0d6ba5d215.jpg,0.638406374284996,0.5420531
B2A,0d6c81cbc2.jpg,0.7841458094061352,0.41591823
B2A,0d6f893bc7.jpg,0.882011416754657,0.27683663
B2A,0d7c5d97ac.jpg,0.9494014082236248,0.3137543
B2A,0d80b97eb4.jpg,0.7965805886589014,0.2855494
B2A,0d859e1630.jpg,0.6341626988976317,0.5179354
B2A,0d89393fe0.jpg,0.8573609280600811,0.17659925
B2A,0d8c66b24e.jpg,0.7677510107363059,0.3043297
B2A,0dd016afa5.jpg,0.8439883720205199,0.25310284
B2A,0dd4041294.jpg,0.8611633297369654,0.33189368
B2A,0dd5085fdf.jpg,0.9579763908114264,0.3892807
B2A,0dde3f8ee7.jpg,0.7297654628513922,0.31845114
B2A,0de8320918.jpg,0.7400104690612701,0.27567357
B2A,0de920c5bf.jpg,0.9371310002734474,0.22640802
B2A,0debce885b.jpg,0.6342692959825386,0.4702094
B2A,0df35db4a2.jpg,0.7395527095041018,0.4931959
B2A,0df9a45c26.jpg,0.6269458745324759,0.43462035
B2A,0e003670f7.jpg,0.5989672466161007,0.5827958
B2A,0e0577ec3a.jpg,0.6672309074957552,0.4403348
B2A,0e0a660bb8.jpg,0.799656975337405,0.48596382
B2A,0e0bdef20a.jpg,0.7518301097295719,0.33279133
B2A,0e1230a330.jpg,0.7847895989537846,0.5092511
B2A,0e13d9c6f4.jpg,0.7662919003014853,0.36969566
B2A,0e23057337.jpg,0.9355273270027192,0.31629544
B2A,0e2610ef33.jpg,0.6726488457350976,0.5050632
B2A,0e441b3c17.jpg,0.8170790187883914,0.37501746
B2A,0e4c7d5e15.jpg,0.8343495931332024,0.34361592
B2A,0e4ec46846.jpg,0.7995932501335696,0.49532622
B2A,0e5afbada4.jpg,0.8059641882805454,0.37395534
B2A,0e750aaed9.jpg,0.8818308242279335,0.28086445
B2A,0e8eb4587e.jpg,0.8830146122396596,0.22806561
B2A,0e95c87f76.jpg,0.7535199189567854,0.29539436
B2A,0e983a3ef5.jpg,0.6977615067226082,0.59995043
B2A,0eaa8d71f6.jpg,0.8223101442256718,0.37236816
B2A,0eb3c8892a.jpg,0.45500570924750555,0.6500784
B2A,0eb810429d.jpg,0.588668068524291,0.755882
B2A,0eddbbb35c.jpg,0.8390708149995022,0.24411587
B2A,0f1e6530bc.jpg,0.7898172075299865,0.32262653
B2A,0f35be9cbb.jpg,0.8616022061915832,0.2983611
B2A,0f3757e6cd.jpg,0.7970612164633549,0.59493256
B2A,0f3ed210c0.jpg,0.9383270599131127,0.2864349
B2A,0f5228f2a6.jpg,0.9040433108173394,0.17707503
B2A,0f58899ce1.jpg,0.9063730861776831,0.25783092
B2A,0f819ab838.jpg,0.7626641217567028,0.39035982
B2A,0f8e316a87.jpg,0.8726636766023612,0.38928372
B2A,0fa29829f2.jpg,0.5936022464468034,0.5273714
B2A,0fa5629898.jpg,0.8679956085866352,0.2037329
B2A,0fb1ca7fe1.jpg,0.8267749322261972,0.36690104
B2A,0fbcbeddd5.jpg,0.7223019890821735,0.38476175
B2A,0fca1c304e.jpg,0.8440254866796817,0.3184628
B2A,0fccbd8558.jpg,0.796032467386632,0.28717256
B2A,0fd7cd6092.jpg,0.8781455795266445,0.2441874
B2A,0fdcf56678.jpg,0.8152579020872243,0.3217705
B2A,0fe76a9ec9.jpg,0.8665110408688145,0.31254655
B2A,0fef77210a.jpg,0.7332516730399892,0.5925968
B2A,10118ae431.jpg,0.6961793385973589,0.4518487
B2A,101a1f34db.jpg,0.6283061347514736,0.51431227
B2A,101a5ad83d.jpg,0.8749987988998228,0.25826156
B2A,101c59feab.jpg,0.858569495702392,0.26878875
B2A,101d00677e.jpg,0.8660914534709098,0.24586795
B2A,102c9065a7.jpg,0.7703403557834028,0.36313212
B2A,102da9e0bf.jpg,0.810252093178567,0.4453869
B2A,10371b9044.jpg,0.7615335518593563,0.35294998
B2A,1037993785.jpg,0.7871629067100604,0.36349127
B2A,104204fa3f.jpg,0.804337687343076,0.29274237
B2A,105ac2e395.jpg,0.8601663688470623,0.39529955
B2A,106091e966.jpg,0.7731342994453246,0.37777913
B2A,1064e8c2fc.jpg,0.9148534982083861,0.2684285
B2A,10729e0962.jpg,0.7418262575206207,0.23449597
B2A,1076bdc405.jpg,0.5394921870389401,0.6123884
B2A,107769ed33.jpg,0.8234285215971353,0.34519625
B2A,1079a7abe1.jpg,0.7651187734324574,0.3844032
B2A,108d3336bd.jpg,0.8805449225836437,0.20277019
B2A,108f57c580.jpg,0.8050749616239867,0.41370258
B2A,1097dcc82e.jpg,0.8022084064843795,0.45056382
B2A,10ab9fcfcb.jpg,0.648977295438508,0.7164394
B2A,10e101cae7.jpg,0.8594670534542603,0.23926869
B2A,10e79c0f04.jpg,0.764508582242748,0.2092663
B2A,10f3bc8893.jpg,0.766987310309692,0.6025473
B2A,1106610965.jpg,0.9338089325967721,0.34152585
B2A,11068aa40b.jpg,0.7392149906581383,0.3898095
B2A,110d660fee.jpg,0.8635067118184909,0.26030135
B2A,112f088373.jpg,0.7818997181900189,0.41753298
B2A,113444c0c2.jpg,0.9160122510951151,0.1926671
B2A,1138db3be9.jpg,0.8536525367192864,0.20632192
B2A,114692dc5b.jpg,0.9085075785616996,0.22451168
B2A,1151c9b98d.jpg,0.7060954589209137,0.48286825
B2A,115cd21c1c.jpg,0.6093485502620511,0.45963356
B2A,115cd80f74.jpg,0.8138691858404931,0.38156974
B2A,115f221c2a.jpg,0.4591221421042395,0.46413213
B2A,115f43bae3.jpg,0.7779863165265855,0.36784127
B2A,117281b37b.jpg,0.8271269463332471,0.3235501
B2A,1172d3e228.jpg,0.7391691421951172,0.48755014
B2A,117d70bd19.jpg,0.6259992772743211,0.7400004
B2A,117e2a807d.jpg,0.5971881911458161,0.4914524
B2A,1193c043d7.jpg,0.6682048777634019,0.42981282
B2A,11bcbf0f67.jpg,0.9302731658767432,0.2074379
B2A,11c1de8b75.jpg,0.8330059768786003,0.26912588
B2A,11c24d756f.jpg,0.7086293383466331,0.3814376
B2A,11cc678dbf.jpg,0.8573971840033736,0.34314486
B2A,11d4cd762d.jpg,0.8146612940947968,0.36469948
B2A,11d713b4ee.jpg,0.5817313528668435,0.56573564
B2A,11e25d3dc4.jpg,0.8717627079183072,0.24574766
B2A,11f13ca69e.jpg,0.7433642116766024,0.36294416
B2A,11f482a716.jpg,0.6785608558264995,0.39681762
B2A,11feb29e6a.jpg,0.8619390303001166,0.16022192
B2A,1216dc1ffe.jpg,0.8345340344541511,0.24203311
B2A,12193672ba.jpg,0.7794659672415309,0.4186119
B2A,122f944d40.jpg,0.6469337854237635,0.38781828
B2A,1235e32fb2.jpg,0.7548021187798797,0.21123683
B2A,123714f71c.jpg,0.8251555516757586,0.21902055
B2A,1240cc6f83.jpg,0.6575157655907476,0.6339738
B2A,124244310e.jpg,0.9214074929942921,0.21501726
B2A,124dda3622.jpg,0.7513962226850038,0.3698262
B2A,125fd9187b.jpg,0.6950032069553074,0.6585845
B2A,12672ab41c.jpg,0.8026521237424963,0.32452115
B2A,126fb64cb8.jpg,0.8070874646032303,0.15780713
B2A,1285f93747.jpg,0.782539122400044,0.42961723
B2A,129823154f.jpg,0.8227014662213549,0.48374453
B2A,129df5c60c.jpg,0.7626928193995699,0.38034043
B2A,12ae4ffbb5.jpg,0.6449349246011884,0.42609265
B2A,12b2a8d1fc.jpg,0.8010718746982666,0.31098968
B2A,12b302b5f1.jpg,0.8264116921347417,0.29289514
B2A,12c5ce9b42.jpg,0.8101441727081328,0.23922113
B2A,12c65cd54c.jpg,0.9050535203105169,0.3076952
B2A,12cb4d2917.jpg,0.7636927159495644,0.45705205
B2A,12cc0ffc15.jpg,0.8185406933301832,0.52049017
B2A,12d0476b93.jpg,0.6465411670865486,0.35063994
B2A,12e9b80b70.jpg,0.8562449417295098,0.19557844
B2A,12f09c6efe.jpg,0.8898063634833261,0.3327598
B2A,12f74378d4.jpg,0.8884506353922597,0.31149203
B2A,12f9c1a7b5.jpg,0.7647365484404767,0.36452052
B2A,13048dfacf.jpg,0.7556786335950622,0.5224617
B2A,13173bc6b5.jpg,0.727901021893031,0.36025983
B2A,13219b2462.jpg,0.8801854563251797,0.25946468
B2A,13328c1504.jpg,0.9113461337200184,0.31385288
B2A,133adbd41e.jpg,0.7584787277289413,0.30475816
B2A,134f611db2.jpg,0.8314303735021256,0.3786145
B2A,1355735108.jpg,0.9154998652591204,0.31526828
B2A,1363fc8268.jpg,0.7947663317817983,0.54516715
B2A,1365922bc1.jpg,0.8855353541613378,0.14632553
B2A,13671d11f9.jpg,0.8780890312781049,0.2752083
B2A,1379cdd516.jpg,0.7346161383216256,0.45536622
B2A,13829b20dd.jpg,0.8022580257058853,0.28299168
B2A,13888541b7.jpg,0.7690894530654746,0.48575163
B2A,13892d15e5.jpg,0.7683137909310845,0.4406476
B2A,138a069c6c.jpg,0.5869299488969526,0.28902504
B2A,138c350c89.jpg,0.9141428705734994,0.28280282
B2A,13bbd45d01.jpg,0.8671989453673795,0.37601602
B2A,13c0555eab.jpg,0.75181119613416,0.27904364
B2A,13c3b0e711.jpg,0.8852453180079024,0.28700876
B2A,13e3480e01.jpg,0.9038525571165149,0.2709567
B2A,13f4f7168a.jpg,0.9286260743223227,0.1633363
B2A,13fec527bb.jpg,0.8037159283571429,0.35254478
B2A,140f195fbc.jpg,0.8545467657902361,0.27202278
B2A,14135c74d7.jpg,0.7450459743390655,0.57860655
B2A,141ade2afb.jpg,0.5884193354943491,0.5449798
B2A,1421d11393.jpg,0.7533736742099685,0.27840856
B2A,142cda27d9.jpg,0.8230918167038906,0.3734691
B2A,1432b7355d.jpg,0.8071008445548591,0.3606767
B2A,1437a4d5f9.jpg,0.5540869960167216,0.6280509
B2A,1444ac5586.jpg,0.6617646775259964,0.40711161
B2A,1451c82e2f.jpg,0.8150929640325022,0.26565993
B2A,1467b3a6ac.jpg,0.6958051361832914,0.45229036
B2A,1476b02998.jpg,0.9176409462042333,0.2654148
B2A,14804e18f9.jpg,0.5990364871896328,0.422075
B2A,14860c3bed.jpg,0.7287734647649451,0.45169574
B2A,1491d9367b.jpg,0.9080627635241866,0.3388406
B2A,1499400929.jpg,0.7561067411504959,0.29690713
B2A,149e367310.jpg,0.7798191247743729,0.43750113
B2A,14a7686f98.jpg,0.7741941194661041,0.30649483
B2A,14a95bb688.jpg,0.5927326673384644,0.59442675
B2A,14ac55e78e.jpg,0.9021933114631493,0.33984256
B2A,14b92a85f3.jpg,0.8998083685737412,0.22179891
B2A,14bcc3cdad.jpg,0.7517300262970458,0.24934147
B2A,14c0e95507.jpg,0.8802739156283703,0.29522935
B2A,14c38e1c2e.jpg,0.8625771937251833,0.34094185
B2A,14fa7a9b31.jpg,0.7974906265311531,0.30070263
B2A,14fe889824.jpg,0.8189758853665052,0.19948657
B2A,151cb3c6ff.jpg,0.7304236495605827,0.35998654
B2A,1531eae642.jpg,0.5756596232345714,0.561501
B2A,153bb660da.jpg,0.8639800662751707,0.28922445
B2A,153e1ec171.jpg,0.5970891581096877,0.3485407
B2A,153f59d4cb.jpg,0.7069564648027457,0.46407905
B2A,156540ebe1.jpg,0.8814411825632041,0.13589165
B2A,1569489edb.jpg,0.8478640170422862,0.29702586
B2A,156cf5822e.jpg,0.6355024506863775,0.427992
B2A,15769de345.jpg,0.8612820827712405,0.31119683
B2A,157ee68b71.jpg,0.7742316172602896,0.3894961
B2A,1581f3755e.jpg,0.8711572210926749,0.289462
B2A,1582ec589d.jpg,0.8158537957849904,0.3280671
B2A,159b3f002f.jpg,0.8114348628214558,0.41612923
B2A,159baa9c2b.jpg,0.7457109192592697,0.51390463
B2A,159c19456b.jpg,0.7781620368004382,0.43658555
B2A,159e0baf13.jpg,0.7291420198261178,0.51016825
B2A,15a51e4dbe.jpg,0.7347045946676451,0.23463582
B2A,15a9b54b5f.jpg,0.8036702437472962,0.3167558
B2A,15abe5af92.jpg,0.8463937731908576,0.5184547
B2A,15b1f01b86.jpg,0.839466042263494,0.36956576
B2A,15b9563151.jpg,0.7135127270521591,0.33833352
B2A,15cb21df1a.jpg,0.8278765917544371,0.631002
B2A,15cca6975b.jpg,0.7821795467682374,0.17970748
B2A,15d8655b4f.jpg,0.6562062050331446,0.3814882
B2A,15f7238855.jpg,0.7901168567804833,0.4017883
B2A,15f862b305.jpg,0.7943413899448833,0.30522296
B2A,160c560e5e.jpg,0.5332978295857439,0.55432075
B2A,160d920b63.jpg,0.9163631559958828,0.2013051
B2A,1615de2bd0.jpg,0.795936610374375,0.31198534
B2A,161b3c519e.jpg,0.7903474383563391,0.27732718
B2A,163669cbd0.jpg,0.7557273358457249,0.41808823
B2A,164492cfa7.jpg,0.7415400010179813,0.29519308
B2A,1645d08cab.jpg,0.71826722172399,0.5934481
B2A,164ebc7900.jpg,0.9350543008894213,0.1589039
B2A,165dfb6cd0.jpg,0.7734669329973167,0.31648085
B2A,1665a48def.jpg,0.6829981035658063,0.33769965
B2A,1675879297.jpg,0.7496005017990689,0.44497472
B2A,1676f96061.jpg,0.7692941838063827,0.38229194
B2A,1688783462.jpg,0.8337923108957758,0.32448733
B2A,1694e5637b.jpg,0.880998806733975,0.28052732
B2A,16963c4f89.jpg,0.8266743011519121,0.3736785
B2A,169c381352.jpg,0.8989710788330708,0.31142145
B2A,169f8a8503.jpg,0.6593511079814846,0.49377644
B2A,16a0c8ed23.jpg,0.8596286235815528,0.3798744
B2A,16a3dd9695.jpg,0.5530751643425438,0.37222973
B2A,16a666edff.jpg,0.5694841348784487,0.65347284
B2A,16a7a9fc44.jpg,0.6003575747511078,0.41081095
B2A,16ab6bc622.jpg,0.9258429244161543,0.26978692
B2A,16b3067a86.jpg,0.7212591788143565,0.48412335
B2A,16b3ea1e00.jpg,0.7301625440712227,0.5048904
B2A,16b74bd37f.jpg,0.8774565796359078,0.3528883
B2A,16c119b3c7.jpg,0.6948038664299864,0.27502176
B2A,16cd6cbc68.jpg,0.9137255556871353,0.20822915
B2A,16d8cafb5b.jpg,0.6675966644142748,0.7559607
B2A,16d9624078.jpg,0.6225582287875424,0.34012476
B2A,16de17a9aa.jpg,0.769512157862886,0.28686336
B2A,16de6b603c.jpg,0.8804596400740842,0.23109056
B2A,16ded6f738.jpg,0.7738826823414422,0.44669628
B2A,16dff1b77f.jpg,0.942573000602857,0.18583569
B2A,16e764f509.jpg,0.8720257827904914,0.39301556
B2A,16f0c49f22.jpg,0.909132283051007,0.27324253
B2A,16f3703756.jpg,0.8230191039563192,0.24576536
B2A,1701c26348.jpg,0.8896309072902303,0.17831476
B2A,17028b1e92.jpg,0.699610355482836,0.5581547
B2A,170434d3dd.jpg,0.853108338043765,0.4279342
B2A,170dbca136.jpg,0.8709647998664435,0.3263722
B2A,17167ea036.jpg,0.9234732506267003,0.15940532
B2A,172a0707b2.jpg,0.6086631665983441,0.5206434
B2A,17315bdc5b.jpg,0.8604767812558879,0.27986687
B2A,1735a91a3d.jpg,0.864313061433688,0.3611095
B2A,17398e5a2a.jpg,0.745897341392917,0.31767362
B2A,17499b0283.jpg,0.8046711839380464,0.3209255
B2A,174ded9426.jpg,0.8026810128072481,0.24189351
B2A,174f0355a6.jpg,0.8692559160516681,0.2236529
B2A,17592a1017.jpg,0.7793174963385722,0.51531005
B2A,176050474a.jpg,0.7316846657549367,0.28717756
B2A,1764393c0e.jpg,0.6551283417827161,0.5402296
B2A,17674de2d5.jpg,0.7913452338158931,0.40814015
B2A,176bec46aa.jpg,0.8676043229577757,0.2011673
B2A,176d0e5c75.jpg,0.7937465296619347,0.4036271
B2A,1771b7c478.jpg,0.7119023348760782,0.3740064
B2A,1774482049.jpg,0.8401983064825669,0.28230658
B2A,1779a8225f.jpg,0.8270976616026772,0.31938916
B2A,1789a61138.jpg,0.7151691514188737,0.4509706
B2A,178d33e084.jpg,0.7852419834963855,0.33174872
B2A,17924dd78d.jpg,0.8674679779717659,0.30191624
B2A,179af606cb.jpg,0.8990576431964581,0.2690762
B2A,17a199a709.jpg,0.8288466393098111,0.17368175
B2A,17a8bd8ba4.jpg,0.7747966321229932,0.338151
B2A,17b7569c29.jpg,0.7570443512040655,0.47188005
B2A,17c8c9072a.jpg,0.8997725598744056,0.20543759
B2A,17ce3a201d.jpg,0.9043703093029481,0.23551208
B2A,17cf077f45.jpg,0.6867364112817566,0.5137763
B2A,17d4e23d9f.jpg,0.6984490368991345,0.84322286
B2A,17d896fd14.jpg,0.7463533776214393,0.5039915
B2A,17dbf8cf56.jpg,0.8574307222505646,0.39276022
B2A,17e149928d.jpg,0.8850445102243618,0.22352102
B2A,17eb22711b.jpg,0.8566280353131965,0.28122106
B2A,17f8f4d5d9.jpg,0.7383743008918848,0.4235565
B2A,17f92dd71b.jpg,0.7307380815079104,0.38219404
B2A,180e1881bc.jpg,0.8920686324462491,0.23730044
B2A,18162a62a3.jpg,0.8255215783379041,0.45375854
B2A,181a53c38a.jpg,0.6562319849637943,0.49618462
B2A,181f424335.jpg,0.6681014427272453,0.4100264
B2A,182690bc45.jpg,0.6437227745760228,0.24849357
B2A,182846af47.jpg,0.7076866589588906,0.5985868
B2A,1838bcc8fa.jpg,0.6701013678117155,0.42495596
B2A,184a433ce3.jpg,0.749193669253165,0.46962672
B2A,185f8da469.jpg,0.8153419274467711,0.40464592
B2A,186035e2a8.jpg,0.8837099490928865,0.25346458
B2A,1866c56f7a.jpg,0.6621451929552443,0.44166106
B2A,186e98dcb8.jpg,0.8454702057307447,0.43380153
B2A,1883fcfb3e.jpg,0.8792301281504886,0.31294715
B2A,1884a2a37d.jpg,0.5873912194594593,0.38496768
B2A,18880e913d.jpg,0.47063731049559915,0.6256099
B2A,188b7f6310.jpg,0.909962517132436,0.15759699
B2A,1893ce79ce.jpg,0.6455600973174328,0.6559129
B2A,1894c178ea.jpg,0.67765991348324,0.45727137
B2A,1897b7b118.jpg,0.693069734411902,0.45362204
B2A,189ae3f5a7.jpg,0.6199995701581443,0.4221436
B2A,189ee6859e.jpg,0.7828008468707796,0.30502954
B2A,18a275b358.jpg,0.9287471993412342,0.21357316
B2A,18a4ee0991.jpg,0.8829236703658829,0.2552799
B2A,18aca60c06.jpg,0.6461201815477413,0.52667344
B2A,18ae840f5d.jpg,0.8869564671070284,0.22438222
B2A,18b2d7a2ef.jpg,0.7316826618488398,0.47934192
B2A,18c6b5b73b.jpg,0.9113092527720441,0.18635911
B2A,18ca544c78.jpg,0.7063429436899471,0.41503972
B2A,18e384cfff.jpg,0.7961937012781881,0.24898784
B2A,18e571a627.jpg,0.817872194858633,0.31241903
B2A,18ea7c98b1.jpg,0.9232169383206233,0.20135307
B2A,190633c073.jpg,0.867200866610053,0.45301273
B2A,1912f08cb1.jpg,0.9298574209515754,0.28928834
B2A,19182d3849.jpg,0.8091748468298787,0.22879103
B2A,1921b26eea.jpg,0.7336118735101113,0.47137594
B2A,1925109fdd.jpg,0.7036026406146622,0.60844254
B2A,192682abdf.jpg,0.7811942366542054,0.4406531
B2A,192caaa1bf.jpg,0.8421207742028809,0.36924386
B2A,1936e1dcb4.jpg,0.8856935640309439,0.25981098
B2A,193b4cdb27.jpg,0.7980214588431895,0.35485083
B2A,193f3266fb.jpg,0.5421703104926406,0.75459546
B2A,194bb9f6ed.jpg,0.8227253629115553,0.28667963
B2A,19525a17e2.jpg,0.7293647683050533,0.42704776
B2A,19592a5fbf.jpg,0.7981668028986139,0.49752316
B2A,1960283fd5.jpg,0.6597810338151393,0.34960783
B2A,1966101984.jpg,0.816685139502468,0.30651996
B2A,196a6875a7.jpg,0.7528499586534134,0.4692342
B2A,196e2c07aa.jpg,0.8209814021713056,0.43994257
B2A,1970faab6a.jpg,0.8176542717682971,0.40996432
B2A,1977b66f96.jpg,0.7698022996885052,0.378498
B2A,197dc21bdb.jpg,0.7671486791893967,0.4249466
B2A,19801ae9ab.jpg,0.7657985152133361,0.3638662
B2A,1986fa52f5.jpg,0.6056206473172762,0.5773518
B2A,198cad00d4.jpg,0.7424995728572097,0.28663677
B2A,19918a1d5c.jpg,0.9215764794892025,0.20084095
B2A,1998700449.jpg,0.6942392474821677,0.3889735
B2A,1999225d11.jpg,0.6875249333228912,0.54353213
B2A,199a3e859f.jpg,0.8017168689938249,0.33389828
B2A,199d0b8782.jpg,0.8004016451222351,0.34674832
B2A,19a7361b2a.jpg,0.7258091312210517,0.46768776
B2A,19b0fbeba0.jpg,0.8050299731884232,0.4323234
B2A,19b944dbbf.jpg,0.8722034358335378,0.45202956
B2A,19b98e5663.jpg,0.7415495479351885,0.5204313
B2A,19bad1225f.jpg,0.6183900605439141,0.37973446
B2A,19bd14d30e.jpg,0.7845685236740128,0.24593198
B2A,19be535e5f.jpg,0.7502836013800763,0.4965626
B2A,19c277c363.jpg,0.7430726976271907,0.39831477
B2A,19c8301d67.jpg,0.8344279242304157,0.3093027
B2A,19e7940d94.jpg,0.7277872201165962,0.17972042
B2A,19e8b9b328.jpg,0.8317837658784952,0.3072315
B2A,1a23085db7.jpg,0.5656299195612379,0.40229756
B2A,1a2542d28b.jpg,0.8367065751131146,0.29649842
B2A,1a25f82753.jpg,0.8376553579487426,0.43203616
B2A,1a27cb4cba.jpg,0.7270288937615871,0.4052671
B2A,1a2cd9ea8c.jpg,0.506561477844,0.48776057
B2A,1a3b1a3da9.jpg,0.6285097279896098,0.4869712
B2A,1a4213d2ce.jpg,0.6497486112860861,0.31246138
B2A,1a4491cef2.jpg,0.5589514315729863,0.6819891
B2A,1a45b8c270.jpg,0.7072640806061101,0.45900014
B2A,1a5041d9ed.jpg,0.7018852369697672,0.6330241
B2A,1a5cf3b632.jpg,0.8544688582420998,0.2613487
B2A,1a6013cba4.jpg,0.7940004901424444,0.3644114
B2A,1a61870a06.jpg,0.7741121835085022,0.28759924
B2A,1a6b4e9e13.jpg,0.8185494104176015,0.40863085
B2A,1a7af9964c.jpg,0.7266411690921055,0.46647644
B2A,1a8633fbb9.jpg,0.8444432203854529,0.2828127
B2A,1a892680fb.jpg,0.7557647330333688,0.31079882
B2A,1a8c1a7995.jpg,0.7329702307122004,0.32619843
B2A,1a8c9e6c4c.jpg,0.7831958968561987,0.33007002
B2A,1aa0d1c558.jpg,0.7332158495906883,0.5112796
B2A,1aa8abd685.jpg,0.7296558622631103,0.45445594
B2A,1ac1673452.jpg,0.9463852839511876,0.30045998
B2A,1ac35e7dc8.jpg,0.6693557121409444,0.4222682
B2A,1ac5876376.jpg,0.7836185608753156,0.3177399
B2A,1acb4c14ce.jpg,0.7191159796342738,0.5141858
B2A,1acb4d1d54.jpg,0.8609258246969813,0.36326426
B2A,1ad17703ce.jpg,0.7684155981432381,0.27149883
B2A,1ad8701262.jpg,0.7575012981010962,0.3454267
B2A,1ae03b00e7.jpg,0.702769705824242,0.282932
B2A,1ae342cd57.jpg,0.755947255980249,0.23826194
B2A,1b062b66a7.jpg,0.6569566604575788,0.6355822
B2A,1b118a066b.jpg,0.7824355765723772,0.3896325
B2A,1b129b65db.jpg,0.7184518716024825,0.4175976
B2A,1b12cf626f.jpg,0.8981720296518408,0.26531506
B2A,1b3e398db7.jpg,0.8385939514776631,0.25565028
B2A,1b4e94ffbd.jpg,0.8592937257745005,0.32326937
B2A,1b4f115bdd.jpg,0.8528919947716584,0.41083097
B2A,1b5e8cedda.jpg,0.6411762175535419,0.35561728
B2A,1b66416060.jpg,0.8486343819135153,0.27603725
B2A,1b6a1a7e94.jpg,0.7132371729751836,0.26054776
B2A,1b6d7b4e65.jpg,0.6801197974262169,0.46834072
B2A,1b72549327.jpg,0.6228046737007593,0.53622735
B2A,1b770229f3.jpg,0.853650811948142,0.29808372
B2A,1b961a3a39.jpg,0.6694306458027637,0.5150878
B2A,1b98321823.jpg,0.7221527754303066,0.3749376
B2A,1b987c577e.jpg,0.8506128269833465,0.275261
B2A,1baa6a3895.jpg,0.6990592939716085,0.34081995
B2A,1baf74b1a7.jpg,0.8305471595348661,0.4000523
B2A,1bb75f970a.jpg,0.7397203802445026,0.45777324
B2A,1bb8674fbf.jpg,0.6745588022098744,0.48584065
B2A,1bba0654b7.jpg,0.8723899977813638,0.17821363
B2A,1bbaea3e6b.jpg,0.6675607974692911,0.46436805
B2A,1bc105b0b9.jpg,0.657192501944179,0.4846413
B2A,1bc290729f.jpg,0.7533944261519339,0.42167014
B2A,1bc9fc642d.jpg,0.7013757466617665,0.63645244
B2A,1bccaf17e5.jpg,0.6818087156075864,0.44773042
B2A,1bd527d6a0.jpg,0.7704910437096992,0.3236518
B2A,1bd7be0503.jpg,0.6971318573960007,0.43886682
B2A,1bd8b4f799.jpg,0.921743286915897,0.27212116
B2A,1be016515b.jpg,0.8879349735533584,0.3343034
B2A,1be0fa86b5.jpg,0.6714419204681003,0.47807965
B2A,1be6584349.jpg,0.8197823772379413,0.42937756
B2A,1bf60182b2.jpg,0.8985824023012395,0.32087877
B2A,1c0ea0fe1b.jpg,0.8166410946756713,0.34609377
B2A,1c1f697d7e.jpg,0.7519395227509749,0.4462972
B2A,1c3c1aca33.jpg,0.833820763145583,0.26506743
B2A,1c434baf43.jpg,0.8030202829080775,0.25887385
B2A,1c4de511e1.jpg,0.7035289358419898,0.8157042
B2A,1c5cc22c2c.jpg,0.8910458327494334,0.19016534
B2A,1c5ce714cc.jpg,0.7967252169435194,0.18915823
B2A,1c64f657f4.jpg,0.5650100926718683,0.51770484
B2A,1c69470718.jpg,0.6773621684502268,0.4842162
B2A,1c6eed59f5.jpg,0.7158927335961771,0.5180067
B2A,1c707e6132.jpg,0.7975917935182458,0.30149904
B2A,1c75256206.jpg,0.7449949746872248,0.48090994
B2A,1c7b3cdedc.jpg,0.8741838917058941,0.19911693
B2A,1c807fee79.jpg,0.7475512740465933,0.29715666
B2A,1c84f1179c.jpg,0.5942009393264176,0.487832
B2A,1c863100b1.jpg,0.706542519081796,0.30014136
B2A,1c88080a3f.jpg,0.6631938102638177,0.28914514
B2A,1c95a45486.jpg,0.7995974080182504,0.4326751
B2A,1cb96210e6.jpg,0.6727045615707047,0.521692
B2A,1cb9d045d8.jpg,0.6958513529732473,0.5521824
B2A,1cc26c48b8.jpg,0.7754164711935989,0.38535118
B2A,1cd5acea15.jpg,0.9111181903769285,0.30196697
B2A,1cdb990c46.jpg,0.7425690239250206,0.33746153
B2A,1ce3cb350d.jpg,0.7578464924204417,0.29490343
B2A,1cea1bf43d.jpg,0.7253379737474535,0.4762423
B2A,1cf711c1d1.jpg,0.6905299929695418,0.55703056
B2A,1cfe6aba33.jpg,0.9226112974768638,0.28455365
B2A,1d0aecbd16.jpg,0.845684799829859,0.31767017
B2A,1d0f76765b.jpg,0.7182946551121722,0.64020365
B2A,1d17249a0f.jpg,0.8180815978772882,0.29444757
B2A,1d19c4bc7e.jpg,0.8302007138052779,0.24124703
B2A,1d205c56c5.jpg,0.7980415270002696,0.43545508
B2A,1d3446f22b.jpg,0.9086063710331644,0.38768452
B2A,1d38a9bee0.jpg,0.6753727020411946,0.5158153
B2A,1d3fb25bad.jpg,0.9256030731939385,0.29263157
B2A,1d40d5d6ca.jpg,0.8475057881323735,0.28365892
B2A,1d44f79c1c.jpg,0.9019305353714482,0.21261877
B2A,1d46709e18.jpg,0.7666624581135376,0.4325324
B2A,1d53ac5a9f.jpg,0.8576791813191036,0.40583903
B2A,1d57118b49.jpg,0.7152178356437734,0.429449
B2A,1d584ad062.jpg,0.8862744352535313,0.1634735
B2A,1d5aa09f6b.jpg,0.653965788670508,0.3016368
B2A,1d5c4b80c6.jpg,0.6153282315406551,0.5776024
B2A,1d5cf63313.jpg,0.7132676266632517,0.22416061
B2A,1d5d4a0729.jpg,0.888051416289756,0.43259585
B2A,1d640e96a3.jpg,0.9384563246930674,0.3603291
B2A,1d67aef6c9.jpg,0.7104635636096209,0.62954766
B2A,1d726a097f.jpg,0.8095678244998277,0.28618982
B2A,1d76ab1c0c.jpg,0.8463663414406023,0.2367542
B2A,1d79ab97ec.jpg,0.7569569784058761,0.36346376
B2A,1d7d8ff0ac.jpg,0.7801414396032521,0.4763528
B2A,1d8a6d18f1.jpg,0.6243562964121153,0.55883026
B2A,1d939cb782.jpg,0.6367945199058448,0.41979465
B2A,1d971deb73.jpg,0.7021716403505027,0.3464555
B2A,1da3631b3f.jpg,0.7128091018768765,0.58379394
B2A,1da538235f.jpg,0.5674008451705972,0.5192337
B2A,1da6888f64.jpg,0.8178180111955919,0.34786463
B2A,1dafe2cf42.jpg,0.5694841348784487,0.65347284
B2A,1db0b33747.jpg,0.8063487094907208,0.45658675
B2A,1dba9a48ae.jpg,0.6407510329052847,0.40893784
B2A,1dbbe43952.jpg,0.823954693050446,0.26981306
B2A,1dc32da064.jpg,0.8522961028103662,0.31601396
B2A,1dc335fcac.jpg,0.7946923688641151,0.37787682
B2A,1dc3833078.jpg,0.8588582233667837,0.21841434
B2A,1dc3a7de89.jpg,0.8666110994747103,0.33889198
B2A,1dcbd84c73.jpg,0.7288181718871826,0.2872254
B2A,1dd0ec3618.jpg,0.6624107123626187,0.40457448
B2A,1dda02098b.jpg,0.7799405893389597,0.29521707
B2A,1de54dbad6.jpg,0.820589298456403,0.27304026
B2A,1df4ff0436.jpg,0.8025653142535073,0.31714326
B2A,1dfa5b2910.jpg,0.679737431773908,0.543204
B2A,1dfe2f3b46.jpg,0.805555012737011,0.15484533
B2A,1e39d0e97c.jpg,0.8298344415974288,0.39585882
B2A,1e3a931f96.jpg,0.6911618379180595,0.41861403
B2A,1e4ccca31e.jpg,0.7967875833728146,0.34708226
B2A,1e56d7de95.jpg,0.8215833758166994,0.29071826
B2A,1e59228328.jpg,0.834217993490925,0.28376195
B2A,1e66879f90.jpg,0.8544536819308536,0.24556394
B2A,1e74d0da3b.jpg,0.6839257685606844,0.397451
B2A,1e7e4f894f.jpg,0.8736362287135764,0.27411318
B2A,1e7ed16969.jpg,0.7198666003929665,0.40021196
B2A,1e90517e22.jpg,0.92137576188671,0.21588962
B2A,1e947e5fe9.jpg,0.7172843613482236,0.5584749
B2A,1e983237de.jpg,0.8554585904630921,0.28577727
B2A,1ea86dc4d5.jpg,0.7136889069256741,0.41033608
B2A,1eaa4a27c8.jpg,0.9053857013888406,0.22809085
B2A,1eb579374e.jpg,0.8802237752467369,0.31196982
B2A,1ebd894c28.jpg,0.8749096029452523,0.21030833
B2A,1ece79b77f.jpg,0.7949487650670386,0.32011607
B2A,1ed7c273ba.jpg,0.794399686276919,0.41694593
B2A,1ede9dadc3.jpg,0.802429655331629,0.27876657
B2A,1ef162e31d.jpg,0.7985751706614219,0.2876547
B2A,1efdfce7c3.jpg,0.7278927049632676,0.24601683
B2A,1f006ed5eb.jpg,0.9283102622646976,0.3603867
B2A,1f086664d6.jpg,0.6959631295344463,0.5720244
B2A,1f1a19ad8b.jpg,0.7636753212086331,0.34520888
B2A,1f252ba827.jpg,0.666466262558301,0.4269565
B2A,1f2d34b65b.jpg,0.8885120029193029,0.14250547
B2A,1f540d0ecb.jpg,0.8712913171138937,0.18936439
B2A,1f63ea8e1d.jpg,0.8519494908117576,0.383442
B2A,1f67c932d8.jpg,0.7905871861319579,0.24008021
B2A,1f7b63917b.jpg,0.7912167480187248,0.17956236
B2A,1f8b43823c.jpg,0.8050468416643562,0.4026125
B2A,1f8fe4a8e4.jpg,0.7315356524070752,0.24720918
B2A,1f96108197.jpg,0.8845925332503535,0.26852855
B2A,1f979d49c6.jpg,0.8845787180812662,0.23446608
B2A,1f98e7d475.jpg,0.6761930145111369,0.3482497
B2A,1fbc82db49.jpg,0.8544587215909079,0.24866667
B2A,1fd7cebd1a.jpg,0.7249379386339383,0.4128951
B2A,1fe1ac40ef.jpg,0.698795804505051,0.37769476
B2A,1fe223e960.jpg,0.7638448321285567,0.27487853
B2A,1fedaf095f.jpg,0.9051921666773585,0.2608228
B2A,20043a8eaf.jpg,0.7881862562766311,0.5341118
B2A,2004919ebe.jpg,0.8627168026432055,0.24819355
B2A,2022ef77f2.jpg,0.6473699033878895,0.5915754
B2A,2037f91745.jpg,0.840058402375666,0.37797138
B2A,20454954b2.jpg,0.778741165734302,0.27807394
B2A,204615862b.jpg,0.7911399391454809,0.5681505
B2A,2046adf2b6.jpg,0.9123564468371265,0.20063955
B2A,205f999ab3.jpg,0.7907030760144889,0.2612287
B2A,2061671c2b.jpg,0.6148121055225808,0.333129
B2A,2063a6693c.jpg,0.8026699621863321,0.27866316
B2A,2066a2e091.jpg,0.875739654014905,0.23547532
B2A,206adc3515.jpg,0.7560872769445774,0.30150932
B2A,206d18e819.jpg,0.8667080059464032,0.26029974
B2A,206e57e6d1.jpg,0.8012735536490792,0.3232382
B2A,2078d3f123.jpg,0.7748169910402113,0.4850796
B2A,2080efd0d6.jpg,0.777824153836412,0.21105053
B2A,208c0535cf.jpg,0.7388301885290051,0.39334613
B2A,208f4b819b.jpg,0.8277284116211701,0.4762604
B2A,2096a57bfc.jpg,0.7897318412634975,0.25411808
B2A,209873c58f.jpg,0.9150551370057829,0.18163216
B2A,209bdb1587.jpg,0.654154214635025,0.38386366
B2A,20b2d4f4bf.jpg,0.8065508965849797,0.5561903
B2A,20b3d168a6.jpg,0.4768883973598948,0.56336504
B2A,20b7eab911.jpg,0.8830128775930537,0.34000173
B2A,20c152f056.jpg,0.7498106619461355,0.52053434
B2A,20cac2191a.jpg,0.8889125114872939,0.24218184
B2A,20d2fd7d1b.jpg,0.8582143918375821,0.28578532
B2A,20d336b6c2.jpg,0.8597086054998772,0.33580709
B2A,20d927a07b.jpg,0.78000085537255,0.39640173
B2A,20ddf9c49f.jpg,0.7603953813268101,0.5182511
B2A,20ea204105.jpg,0.8117507204363266,0.3054505
B2A,20f93c26b0.jpg,0.7212617682646925,0.29269472
B2A,20fa90d43e.jpg,0.9254840868655196,0.43139198
B2A,2103852756.jpg,0.8468083273797032,0.29194784
B2A,211ca2dfb4.jpg,0.7885363588529508,0.35857648
B2A,21243b9607.jpg,0.7251256544709219,0.61022115
B2A,2129f6f2dc.jpg,0.5503818903497286,0.45698294
B2A,212cf8498d.jpg,0.7015152581457433,0.4559957
B2A,2145ce0f78.jpg,0.8516153300565101,0.28171328
B2A,21630a4fa1.jpg,0.726977382347196,0.40473038
B2A,216a8d4e5c.jpg,0.7646372576412876,0.4111307
B2A,21747ccb08.jpg,0.7960375335532716,0.40556237
B2A,21757a4c07.jpg,0.7950388007568098,0.4203368
B2A,217b9b9aaf.jpg,0.8728111250935708,0.25662178
B2A,21927aa7d4.jpg,0.6985138680345052,0.43265054
B2A,219baac7b2.jpg,0.7050015357900346,0.4803422
B2A,21ac721374.jpg,0.6705475530037467,0.4596064
B2A,21b6fd99a5.jpg,0.8072614325363207,0.32079577
B2A,21b9aafc49.jpg,0.787063262421143,0.3695737
B2A,21c2589053.jpg,0.8049184069289446,0.30682957
B2A,21c2c68337.jpg,0.8706415696008025,0.36689085
B2A,21e2aea535.jpg,0.7710914817373308,0.38192582
B2A,21e5c1891c.jpg,0.8812245387837556,0.1791377
B2A,21e7463544.jpg,0.8543346925379349,0.22183684
B2A,21fe71a93b.jpg,0.7357372609437642,0.5560646
B2A,2236c207aa.jpg,0.7707302752396497,0.32806146
B2A,223c77d56f.jpg,0.7735290545976465,0.21742198
B2A,2246ed23dc.jpg,0.6819037223211829,0.4254847
B2A,2257860322.jpg,0.7673239161411003,0.25274318
B2A,22661d9ec0.jpg,0.5912187669719158,0.40947393
B2A,2286c7067e.jpg,0.75263997098536,0.46131432
B2A,228a291710.jpg,0.8431862765383032,0.42528677
B2A,228c986820.jpg,0.8465370657056905,0.28220135
B2A,228d0b850f.jpg,0.898093518950826,0.23716381
B2A,2292200c80.jpg,0.8666659361921011,0.32957178
B2A,229221319f.jpg,0.6986736571995397,0.43499407
B2A,229eca589c.jpg,0.8571690833817769,0.32124817
B2A,22b213f1e5.jpg,0.8136151757661887,0.5469638
B2A,22b305f62e.jpg,0.6724650656447531,0.38532057
B2A,22b389e1fd.jpg,0.9626225758413839,0.16156149
B2A,22b5b48553.jpg,0.8560904232800737,0.31360424
B2A,22bfe6445a.jpg,0.7270720335475758,0.41532683
B2A,22c2ebefea.jpg,0.7903297160486075,0.40842268
B2A,22c5bb63ac.jpg,0.757234797829927,0.24509963
B2A,22cd40eed2.jpg,0.7348167807831261,0.36237603
B2A,22ce24836f.jpg,0.8122936400245001,0.3222044
B2A,22d49f3bb9.jpg,0.8643568646766706,0.2281142
B2A,22e1784ae5.jpg,0.8368877034380204,0.31375483
B2A,22fc4c2e5b.jpg,0.8574251611167967,0.22249252
B2A,2304539c3c.jpg,0.7009223412141369,0.5311044
B2A,23060d93b3.jpg,0.7771859439973314,0.3825128
B2A,2308cd7f79.jpg,0.9407340620823504,0.16608346
B2A,230ce6af39.jpg,0.7144849819783482,0.3704236
B2A,2318dd451a.jpg,0.8085617782917994,0.35499722
B2A,23296f234d.jpg,0.8334746208079132,0.27621016
B2A,2339fbceb2.jpg,0.8806139798663771,0.45622325
B2A,2351d0e36d.jpg,0.8333984926546301,0.39529163
B2A,23568b7cf6.jpg,0.5018544426562812,0.47632065
B2A,235a2feea2.jpg,0.6774862865528763,0.62545
B2A,235f2c8d2d.jpg,0.8083717500439731,0.23291805
B2A,236e24292a.jpg,0.7574367306420376,0.36985528
B2A,2372845016.jpg,0.9212472945737176,0.22971456
B2A,2379cb1f27.jpg,0.6959722081786744,0.38368738
B2A,238bd94fcb.jpg,0.8224676285771001,0.40063402
B2A,2398192c56.jpg,0.8209590391414009,0.37630746
B2A,23a2a896cb.jpg,0.7730865350345798,0.40974128
B2A,23b1669fc4.jpg,0.9209869467947799,0.31016278
B2A,23be955aa3.jpg,0.7581765931315121,0.36954662
B2A,23d0cd1621.jpg,0.7766273998459056,0.5235047
B2A,23e044ebbf.jpg,0.8951846233221273,0.21275203
B2A,23e490fde6.jpg,0.7758597737713102,0.5157187
B2A,23edb57cff.jpg,0.8527891856695264,0.27843454
B2A,23ee3c5507.jpg,0.6865071384410144,0.39494932
B2A,23f7a22314.jpg,0.7661362897522475,0.27989382
B2A,23fb1a1690.jpg,0.7691567004641584,0.29011235
B2A,23fb2c15d2.jpg,0.8667723741579987,0.2534448
B2A,2403efbfd3.jpg,0.8088418589132131,0.38456818
B2A,240a7c491a.jpg,0.768540619312618,0.53148437
B2A,2410f7ebd1.jpg,0.6262961993401248,0.5725275
B2A,24166036c4.jpg,0.7417013296816901,0.3825347
B2A,241d87414d.jpg,0.9057167920023598,0.25573844
B2A,2421fde7b1.jpg,0.8836561476880047,0.49923083
B2A,243ef6c04e.jpg,0.9056524335907609,0.28098416
B2A,244182635e.jpg,0.7986424827317504,0.22354382
B2A,244cb6321d.jpg,0.8509204634351869,0.365281
B2A,2469dbd507.jpg,0.750356169123361,0.46728757
B2A,2476944f5c.jpg,0.928160439362595,0.2256324
B2A,247d71f468.jpg,0.6656006415687062,0.31923604
B2A,2489d5208e.jpg,0.8026032016258264,0.3424022
B2A,248e98e6e5.jpg,0.7208293087761052,0.6371653
B2A,24997d2394.jpg,0.7517013652042082,0.2803381
B2A,249c6f2b02.jpg,0.7613719058624288,0.4234447
B2A,24ad0a8279.jpg,0.6992809211510322,0.46119875
B2A,24af325930.jpg,0.8358877234400565,0.4174822
B2A,24af541789.jpg,0.8849601176834585,0.21844837
B2A,24b21b5261.jpg,0.6626037971519738,0.6117103
B2A,24b535812d.jpg,0.8102815006047209,0.36542547
B2A,24b54b150b.jpg,0.5903543084552898,0.35106885
B2A,24c4ed86a3.jpg,0.8614523717917423,0.27968118
B2A,24c5780a0c.jpg,0.7421981886573553,0.44285995
B2A,24d819c261.jpg,0.810185247642864,0.38049036
B2A,24e8e3b180.jpg,0.8329490915307286,0.37927857
B2A,25082e762f.jpg,0.7019526846816635,0.47022608
B2A,250bd36c8c.jpg,0.9321317559414053,0.16712205
B2A,252bc3a3ab.jpg,0.9491475501948123,0.36579302
B2A,252f6d69ce.jpg,0.7673772582030148,0.34101194
B2A,25315f09a6.jpg,0.7342433334110874,0.22443447
B2A,253340547f.jpg,0.7400724594812185,0.4086394
B2A,25346ff439.jpg,0.8692719133821676,0.21406843
B2A,25462592ac.jpg,0.8871315017201903,0.18004441
B2A,2552f6c0e4.jpg,0.8961258778697684,0.17020081
B2A,256f038a42.jpg,0.7187764403114717,0.3960271
B2A,258083f3e8.jpg,0.6761560452511813,0.70643544
B2A,2581451ca9.jpg,0.6371220728062073,0.5669541
B2A,259e4070d5.jpg,0.7496918505701858,0.44557428
B2A,25a9b86180.jpg,0.7037138090547184,0.3869574
B2A,25b6be053f.jpg,0.7414025059912641,0.29649752
B2A,25c04fbf2f.jpg,0.8468521886426316,0.2883235
B2A,25c2b346fe.jpg,0.852156288057148,0.2812382
B2A,25c46710fc.jpg,0.8339751755348117,0.2732209
B2A,25c827dc83.jpg,0.7394379788004662,0.4446001
B2A,25cb295b1f.jpg,0.7623868354337111,0.28068277
B2A,25d70dd7b1.jpg,0.9238015975608364,0.21999799
B2A,25df1df7d9.jpg,0.6331852080697152,0.3696106
B2A,25e705548a.jpg,0.7945659595403125,0.37350503
B2A,25eba9fa76.jpg,0.7678170850049548,0.5315535
B2A,25f8328a2f.jpg,0.7044851673461793,0.43547678
B2A,2602597bb0.jpg,0.7085502250960889,0.3734251
B2A,2605924561.jpg,0.7898567029801854,0.3838096
B2A,2606c25ce3.jpg,0.8026940387715656,0.2780566
B2A,260d6a5c37.jpg,0.7364223798148654,0.42140213
B2A,26182c3d72.jpg,0.9319913000326564,0.20207438
B2A,2621968d1b.jpg,0.8257329955977087,0.41577485
B2A,2629524a69.jpg,0.8804891451998038,0.2061146
B2A,26296bb84f.jpg,0.84349015191518,0.24208853
B2A,2641b8175f.jpg,0.7734160005034116,0.32048205
B2A,26494a01e1.jpg,0.8534461551479815,0.3222872
B2A,26582fc5a8.jpg,0.7769755215983455,0.347524
B2A,265f7accbd.jpg,0.638392222402019,0.5684835
B2A,26722e2880.jpg,0.8311487722449848,0.28958872
B2A,26863f0716.jpg,0.8182921823889467,0.34851962
B2A,2688ed2270.jpg,0.907061863322536,0.25830382
B2A,26892fcc02.jpg,0.8118586239061255,0.3199727
B2A,268b959d88.jpg,0.8213182569208047,0.3863542
B2A,26916da7ff.jpg,0.7602878477230558,0.2886086
B2A,2698bac269.jpg,0.8191780215293711,0.23555666
B2A,269b1b5690.jpg,0.827564258830104,0.35946074
B2A,26aaf299c0.jpg,0.9067561001351505,0.275506
B2A,26b9449f10.jpg,0.8097642590682108,0.24079433
B2A,26bbb89fd6.jpg,0.5743574407933925,0.4839172
B2A,26c4de1515.jpg,0.7633359227519163,0.3345097
B2A,26cd0ec0e4.jpg,0.8432247545049196,0.30453306
B2A,26ce42c083.jpg,0.6818598352325012,0.570144
B2A,26d40b7147.jpg,0.9028803348748664,0.21138006
B2A,26d474464f.jpg,0.8763232540339307,0.30630264
B2A,26d4ecb9fd.jpg,0.81121164193569,0.3623556
B2A,26d73ccce4.jpg,0.9062733271313934,0.23300008
B2A,26da6b82c6.jpg,0.7362986286887228,0.3448878
B2A,26db4dcdea.jpg,0.8942705725887938,0.2584591
B2A,26fe13cbea.jpg,0.8912057106636612,0.37550122
B2A,2706749d66.jpg,0.8272362420986484,0.3093514
B2A,270687abc3.jpg,0.7926930868373325,0.27162766
B2A,270a7544e5.jpg,0.7811229677704232,0.51515263
B2A,270f62c6e8.jpg,0.6626478082881428,0.47247648
B2A,27159e6719.jpg,0.8213387981995501,0.29934227
B2A,271ec1348b.jpg,0.8265969694854529,0.2817869
B2A,2727db154e.jpg,0.7336652643397317,0.6167494
B2A,2734c9504b.jpg,0.8795254581728981,0.20748417
B2A,274ba0c4a2.jpg,0.7381563895409975,0.3640281
B2A,274cf83fa6.jpg,0.7886006971501147,0.4747124
B2A,27534f0e65.jpg,0.6671539492337808,0.444811
B2A,27645084b6.jpg,0.7797701338190574,0.38886154
B2A,276543fbf7.jpg,0.5115558193434407,0.56104577
B2A,276c73bead.jpg,0.8614245098145977,0.28106466
B2A,276ee4b14f.jpg,0.6618176014807068,0.36174774
B2A,2775af1bba.jpg,0.7782094938140575,0.39953375
B2A,27777862fd.jpg,0.6829666275593069,0.5662625
B2A,2779835a1b.jpg,0.7253341093884059,0.42400372
B2A,277c068c4e.jpg,0.9254303252924341,0.1987477
B2A,277d120bb4.jpg,0.7099800192325743,0.5449609
B2A,2782335eef.jpg,0.7413230067828068,0.5429683
B2A,2784e8f91d.jpg,0.7626892287390992,0.39400053
B2A,2791df1515.jpg,0.5422790901669806,0.5515751
B2A,279eb2037c.jpg,0.927666688466125,0.27214473
B2A,27a36df1f6.jpg,0.8489097327389712,0.2671324
B2A,27b2a0c66f.jpg,0.853171163119419,0.23042782
B2A,27b87e7785.jpg,0.8656802641591758,0.25515437
B2A,27bc5c6810.jpg,0.8345480509026549,0.24857232
B2A,27c273f5ac.jpg,0.81252714890678,0.2947294
B2A,27c67103f0.jpg,0.8143822774987205,0.26261348
B2A,27d994ba96.jpg,0.8368199149479015,0.2752282
B2A,27de05d60a.jpg,0.941526562063965,0.40136588
B2A,27e341bcc2.jpg,0.8847328465505648,0.24689925
B2A,27ea6d9992.jpg,0.8063687039828143,0.6487566
B2A,27ebfe0db6.jpg,0.7204650777318946,0.46132532
B2A,27f3a34b1d.jpg,0.6390414844638295,0.44195008
B2A,27f4d80142.jpg,0.5555985345498051,0.61287487
B2A,27fa99ac5c.jpg,0.6796066270139623,0.51583457
B2A,2806a9db15.jpg,0.8416945747354195,0.3248313
B2A,281356f565.jpg,0.819179182554316,0.3078689
B2A,2815c0ad33.jpg,0.8816311315898893,0.35886842
B2A,281b790739.jpg,0.7143751764017038,0.3104051
B2A,283a083739.jpg,0.7591002413474924,0.44615906
B2A,28430b5602.jpg,0.7529633870513166,0.19695613
B2A,2843919992.jpg,0.8736596888896164,0.28982085
B2A,285449b06a.jpg,0.8456556931891983,0.24564391
B2A,2854ebb127.jpg,0.8997823232446716,0.30636293
B2A,28611884d0.jpg,0.6611823058974801,0.58959734
B2A,2861f74357.jpg,0.932454217765239,0.37495875
B2A,2867b3bef0.jpg,0.8849964976756629,0.2921232
B2A,286c5026ff.jpg,0.7710132804457422,0.4751849
B2A,2879b6b734.jpg,0.7965262388607879,0.3355619
B2A,2881c907bb.jpg,0.7615983723607264,0.63880444
B2A,2885431ef9.jpg,0.8527692352033529,0.16232431
B2A,288c92df0c.jpg,0.6820866090762422,0.39432195
B2A,288d596137.jpg,0.663965769072068,0.49663743
B2A,289a8f7970.jpg,0.8894818833634933,0.20633043
B2A,28a626558d.jpg,0.6990548014368893,0.4044056
B2A,28a7737b48.jpg,0.7293281819814162,0.38052756
B2A,28aab35051.jpg,0.8588964532693187,0.41452402
B2A,28aacb7e4e.jpg,0.8924930684770466,0.3311569
B2A,28aec8dbd4.jpg,0.8206973052806198,0.48420316
B2A,28b05820b1.jpg,0.7125378210901149,0.42883125
B2A,28b57f757f.jpg,0.7465417370843013,0.43096125
B2A,28be9a8202.jpg,0.8230635677053131,0.3783901
B2A,28cf136409.jpg,0.8679908915795967,0.21319404
B2A,28e1c7681e.jpg,0.8623339304882812,0.25836548
B2A,28e27595dc.jpg,0.6081431226405238,0.49749723
B2A,28e7b09f15.jpg,0.7716761713836949,0.383019
B2A,28f3814945.jpg,0.7550059595282655,0.4413352
B2A,28f9f1a13f.jpg,0.6815707547391333,0.32756254
B2A,28fbbb8f15.jpg,0.8397298822829365,0.24001741
B2A,28fd6bf605.jpg,0.8727724766707516,0.30607364
B2A,28ffa0bd39.jpg,0.5957663313794331,0.2812392
B2A,290560fba4.jpg,0.801326499190526,0.20225842
B2A,290dd4249d.jpg,0.8468173052676645,0.29334155
B2A,291146558e.jpg,0.559765618735566,0.58540136
B2A,292945e24e.jpg,0.9224172084472739,0.25081372
B2A,293b00c315.jpg,0.786102627600795,0.33515772
B2A,293dadb732.jpg,0.790870445604874,0.4332464
B2A,2951fe2fe1.jpg,0.898360851740382,0.2589188
B2A,2959168184.jpg,0.7472943762885705,0.32445464
B2A,295b938a05.jpg,0.8176476265211684,0.41513163
B2A,2960920920.jpg,0.6232313322666627,0.5481685
B2A,296b177cad.jpg,0.7953725166441986,0.4019017
B2A,296b8c38bf.jpg,0.9093629771190418,0.24737218
B2A,2971c7ed92.jpg,0.7504146348069922,0.4100961
B2A,297f3a075f.jpg,0.8139824984750638,0.31020105
B2A,29864d1221.jpg,0.7952453433648523,0.3818509
B2A,29906262a0.jpg,0.8195271919251151,0.39544505
B2A,299495fe20.jpg,0.7374933502176855,0.48780727
B2A,29a0754ddd.jpg,0.8499909485705318,0.38812253
B2A,29aacba212.jpg,0.7016967109185314,0.33987015
B2A,29afd0e0cb.jpg,0.7170312863272589,0.47709107
B2A,29b165f427.jpg,0.8057675995477904,0.4514361
B2A,29c0dfdae4.jpg,0.8132124722625912,0.4107684
B2A,29c34c1abd.jpg,0.924732734203143,0.14484607
B2A,29d0386f3e.jpg,0.8949171299067341,0.18112144
B2A,29d335a6a9.jpg,0.762309107904116,0.31601918
B2A,29d58214f1.jpg,0.7389148921871026,0.47779107
B2A,29d8295ed2.jpg,0.7253476760869948,0.3866525
B2A,29e01f8909.jpg,0.8550354628483632,0.44644654
B2A,29e7039a4d.jpg,0.8293524580282399,0.25025585
B2A,29eba6fe01.jpg,0.8604385760868504,0.2334729
B2A,29eefa93e2.jpg,0.9152340197517629,0.122869045
B2A,29f28ef872.jpg,0.7077470943493448,0.6534553
B2A,29fe34f752.jpg,0.721110318992518,0.37931353
B2A,29ff35dc7b.jpg,0.7128216751759682,0.48506087
B2A,2a0382cf4c.jpg,0.7952394909011515,0.38655543
B2A,2a114c7c94.jpg,0.771747737517416,0.2396917
B2A,2a13df2bc3.jpg,0.5791522946095359,0.74046826
B2A,2a14b928c4.jpg,0.5648081225919079,0.7839532
B2A,2a18193d91.jpg,0.8195899218442856,0.26930198
B2A,2a199d45e5.jpg,0.9195824335622599,0.22252233
B2A,2a26f69715.jpg,0.8962190807894619,0.29858565
B2A,2a3cd42798.jpg,0.779800405321311,0.2897406
B2A,2a4211a6e4.jpg,0.6895981141560585,0.45332396
B2A,2a4988e4a7.jpg,0.9044376926289381,0.25340295
B2A,2a4a9d54a7.jpg,0.8819121310332234,0.25405517
B2A,2a4edec63e.jpg,0.9302427358916753,0.25534412
B2A,2a503386a2.jpg,0.8487692332981998,0.32315558
B2A,2a606d05d8.jpg,0.8698138757822012,0.12718639
B2A,2a6805c1a9.jpg,0.8586511778339294,0.22408807
B2A,2a791629c4.jpg,0.9051235991062152,0.22398482
B2A,2a87a4fbee.jpg,0.6104668031326272,0.40076628
B2A,2a89dc7912.jpg,0.7691854677860376,0.33636796
B2A,2aa39bfaca.jpg,0.7812193968623895,0.2197302
B2A,2acc30abbe.jpg,0.6892818708443254,0.33225635
B2A,2ae4a137a6.jpg,0.8720090084592975,0.32976955
B2A,2af9ea0c85.jpg,0.9288657851829923,0.181138
B2A,2b057c1cb8.jpg,0.9014359677359208,0.4358502
B2A,2b086b077f.jpg,0.6821420818477681,0.38134232
B2A,2b0beb1f37.jpg,0.528764220603977,0.41590014
B2A,2b0c82824b.jpg,0.8009077670220166,0.26961872
B2A,2b1102f3b4.jpg,0.8335517476614089,0.21972765
B2A,2b19987d57.jpg,0.829035778210109,0.4149578
B2A,2b19a7b5d3.jpg,0.7680866496140002,0.5764986
B2A,2b222ce74d.jpg,0.8794539779702416,0.35375154
B2A,2b22c8b439.jpg,0.6489445985391623,0.38707998
B2A,2b2486be40.jpg,0.8233493316204847,0.3769724
B2A,2b28a6f69a.jpg,0.8400737722326357,0.21717964
B2A,2b2ae4cd5f.jpg,0.8881552122758587,0.2368545
B2A,2b2b63d51c.jpg,0.901271828381235,0.21301726
B2A,2b2efc29c6.jpg,0.8991574961747104,0.14591143
B2A,2b3a026f51.jpg,0.6905326500854512,0.4899199
B2A,2b516f78d1.jpg,0.6659177813943384,0.34820852
B2A,2b62ea6ed1.jpg,0.8735215262381374,0.32814384
B2A,2b68e09fa5.jpg,0.8177503482975367,0.2522589
B2A,2b6cd9bbf2.jpg,0.7067276095978704,0.59450656
B2A,2b7402e62d.jpg,0.8610494725430972,0.5850988
B2A,2b83d60844.jpg,0.7008735374612836,0.623368
B2A,2b977b06b6.jpg,0.7966708077614121,0.42193854
B2A,2ba042499d.jpg,0.6247158174070974,0.5215446
B2A,2ba2325c69.jpg,0.9073124519394905,0.31207004
B2A,2bb040da92.jpg,0.7734160005034116,0.32048205
B2A,2bb16be25b.jpg,0.76179849625221,0.48786333
B2A,2bb4efac43.jpg,0.9462773308730498,0.30855584
B2A,2bba709f10.jpg,0.850009348859352,0.36094216
B2A,2bd4e078d7.jpg,0.6479250979464943,0.35778242
B2A,2be00d7888.jpg,0.8520756704130005,0.22772172
B2A,2be5e776d7.jpg,0.6915159708044691,0.31554142
B2A,2c0394a36e.jpg,0.6707944031400752,0.5735189
B2A,2c060d43db.jpg,0.6621531902221519,0.5509454
B2A,2c0a22b1bd.jpg,0.7657367766599206,0.47033828
B2A,2c1f8326a4.jpg,0.6948136183564784,0.5354125
B2A,2c28975fee.jpg,0.7452001458279967,0.38832977
B2A,2c2e9d9c74.jpg,0.8464073856297071,0.23371258
B2A,2c525980b1.jpg,0.8574328833597692,0.18390945
B2A,2c5cd7dde6.jpg,0.8368259238816208,0.42225993
B2A,2c5deec20d.jpg,0.6277780129017877,0.5542808
B2A,2c64a2295e.jpg,0.8061490523250922,0.35464373
B2A,2c7f80aab7.jpg,0.7750931585583544,0.55824095
B2A,2c84e8d012.jpg,0.8980673230278097,0.25037655
B2A,2c8672a913.jpg,0.6774673893385678,0.4788217
B2A,2c885d1c89.jpg,0.7486210641313007,0.34360647
B2A,2c982c58a5.jpg,0.8464464490222253,0.24516073
B2A,2ca2d1287f.jpg,0.7639310599876532,0.3942596
B2A,2ca79c8d4a.jpg,0.7953842261292757,0.4340723
B2A,2ca8ab24ef.jpg,0.8603008801724439,0.30595064
B2A,2cbb870493.jpg,0.8207249701627228,0.34559217
B2A,2cc7029c30.jpg,0.6987148007285756,0.43483832
B2A,2cd1818a6f.jpg,0.7656812554863252,0.3310693
B2A,2cd4ca4ff7.jpg,0.8529152625370156,0.36088595
B2A,2cdbb209dd.jpg,0.6641086947995869,0.4866083
B2A,2ce0a774cc.jpg,0.6007010316659183,0.48573864
B2A,2ce4fe7434.jpg,0.726050172360032,0.40715295
B2A,2ce941f6ea.jpg,0.8418314629344179,0.22069669
B2A,2cf4cac9df.jpg,0.8443256552189967,0.30599508
B2A,2cf4fcd902.jpg,0.6299755516284445,0.53650475
B2A,2cf96e5d1d.jpg,0.8634111097652187,0.21995363
B2A,2cfd8877ea.jpg,0.8887837747255042,0.22762118
B2A,2d0075fb17.jpg,0.753436112243879,0.48078033
B2A,2d16d2379d.jpg,0.9391310023064048,0.19265634
B2A,2d1fc447a1.jpg,0.7033045297508426,0.26848963
B2A,2d21050a7e.jpg,0.6729652351330697,0.6212606
B2A,2d220cb18e.jpg,0.7286268431306369,0.3642392
B2A,2d25168671.jpg,0.8683221184236267,0.35367978
B2A,2d44d8ede7.jpg,0.8995686614421972,0.2800186
B2A,2d48369700.jpg,0.6445243924297896,0.57477003
B2A,2d4e2c6a70.jpg,0.6718432953615512,0.37977666
B2A,2d4e5384ab.jpg,0.7812193318736013,0.40368542
B2A,2d5082427e.jpg,0.8266351217452348,0.35597286
B2A,2d5abca3d6.jpg,0.9102885356720413,0.22706035
B2A,2d6265411d.jpg,0.770438837462359,0.36891985
B2A,2d637a7346.jpg,0.7019793764516411,0.28436092
B2A,2d7aba6183.jpg,0.6903633133441917,0.5262267
B2A,2d7deb9968.jpg,0.8550993724195731,0.26631674
B2A,2d903e93c5.jpg,0.7514266671797096,0.49351618
B2A,2d95ae6eb2.jpg,0.729889490237398,0.44582546
B2A,2d9bfdb911.jpg,0.7783871749758385,0.5094081
B2A,2da40e05e0.jpg,0.7804830608657766,0.2939103
B2A,2da41f7e22.jpg,0.8731025515073673,0.33291566
B2A,2dac7d65e9.jpg,0.8493044889959299,0.3293795
B2A,2dacb0a259.jpg,0.8824200811374984,0.26302713
B2A,2daf4ce562.jpg,0.7108112069039717,0.36770964
B2A,2db034b46c.jpg,0.7842576889751272,0.4360445
B2A,2db14aa0ac.jpg,0.6603554175693329,0.44209588
B2A,2db8fdcdb6.jpg,0.8415018801308268,0.28776783
B2A,2dd1d30221.jpg,0.9406125169989181,0.19503756
B2A,2dd4f95b88.jpg,0.6368196565842014,0.49957633
B2A,2dd9275de3.jpg,0.8545968718992226,0.2913717
B2A,2ddc57dd19.jpg,0.8377365026212462,0.31854075
B2A,2ddd51611c.jpg,0.6955078806579688,0.59472775
B2A,2dec4e77ed.jpg,0.8926741624679694,0.28452024
B2A,2dec9e5cf3.jpg,0.9285118035934329,0.23863997
B2A,2dfec6a775.jpg,0.7813314130292858,0.43367112
B2A,2e00f465c3.jpg,0.5856107415253862,0.676612
B2A,2e09380c2a.jpg,0.8306001315245466,0.28297678
B2A,2e1753ba9b.jpg,0.877925723284338,0.47493017
B2A,2e1c6fc11b.jpg,0.6694375457550853,0.32876283
B2A,2e2e206c28.jpg,0.8605799888890353,0.51394117
B2A,2e301d7558.jpg,0.7220701766508416,0.49761835
B2A,2e517b8314.jpg,0.7944092638948116,0.21166646
B2A,2e5fbd7286.jpg,0.7926860126880437,0.2693698
B2A,2e6ec4908b.jpg,0.7421381929266898,0.34089065
B2A,2e7742679f.jpg,0.8585140153762114,0.35346785
B2A,2e78e51950.jpg,0.771657599787756,0.31997406
B2A,2e78e73bea.jpg,0.6984092816470142,0.5300389
B2A,2e7bf7b6d7.jpg,0.7617885405086616,0.40107292
B2A,2e90f3f80e.jpg,0.754120581777239,0.34774923
B2A,2eaec67b91.jpg,0.7234461819621039,0.50247884
B2A,2ec41d4134.jpg,0.7802759288015091,0.3481746
B2A,2ecf4e49d6.jpg,0.757091660953277,0.4638247
B2A,2ee3c2e52e.jpg,0.7487412377867962,0.36040145
B2A,2ee77c2635.jpg,0.7733522629160808,0.33659726
B2A,2ef2770a26.jpg,0.6976104859001094,0.4561402
B2A,2f109a6785.jpg,0.7365409259682284,0.41635296
B2A,2f16239804.jpg,0.7985554827346705,0.27652547
B2A,2f1aabf863.jpg,0.8934884327623493,0.3507567
B2A,2f1cadb0b7.jpg,0.8386589852842017,0.41173723
B2A,2f220b23a4.jpg,0.6902962356519046,0.61791414
B2A,2f23c7dfd2.jpg,0.8521819449077553,0.28624475
B2A,2f33daf7c6.jpg,0.6572423739499126,0.3512288
B2A,2f5081e946.jpg,0.9064895844254006,0.22340548
B2A,2f8ca8f7dd.jpg,0.8967180847906777,0.30030185
B2A,2f9d43719d.jpg,0.7413725457498075,0.70043194
B2A,2f9dac2cfc.jpg,0.4967898147752492,0.5333243
B2A,2fa3a1847b.jpg,0.9136648647350057,0.32218352
B2A,2fa51ca1fa.jpg,0.7605588850043087,0.34171274
B2A,2fb1aee127.jpg,0.8672708749067917,0.2588299
B2A,2fb56b3050.jpg,0.9040461983647088,0.14075023
B2A,2fb9a62d4f.jpg,0.7632372689140409,0.32253712
B2A,2fbd381154.jpg,0.6447115097308169,0.65773404
B2A,2fcca3b171.jpg,0.9360124261297688,0.1984837
B2A,2fd530981b.jpg,0.7698714657997171,0.35090518
B2A,2fde227d1f.jpg,0.6035035975004467,0.39626157
B2A,2ffdb7bb25.jpg,0.7769656845636256,0.3904322
B2A,2fffa9b80b.jpg,0.6915403387226443,0.3626781
B2A,2ffff1f4b7.jpg,0.7498258542791199,0.3579254
B2A,300bfa61ee.jpg,0.7203790318373829,0.6576752
B2A,300de48204.jpg,0.8037157891942549,0.32136592
B2A,30126b0c64.jpg,0.6118408128460251,0.49894884
B2A,3012de7eed.jpg,0.7535150872520907,0.4699728
B2A,3016a28e9d.jpg,0.7643801375031714,0.4053988
B2A,3023c7e91c.jpg,0.6918350857780975,0.57161444
B2A,3036b97556.jpg,0.8155719098056623,0.22383457
B2A,303b61552d.jpg,0.8126711120703436,0.3912424
B2A,304070d771.jpg,0.7911636278394525,0.66058016
B2A,30466cabde.jpg,0.6153077460148235,0.36165777
B2A,3047c6263a.jpg,0.8523273302138535,0.394665
B2A,304c2f4d34.jpg,0.7334312210548002,0.49928248
B2A,304fd99da4.jpg,0.6225271310205177,0.38727215
B2A,305e8c1906.jpg,0.8248069750907964,0.22768082
B2A,305fc59b7e.jpg,0.6594753502869416,0.63208747
B2A,306397c35a.jpg,0.7375474837287321,0.298018
B2A,30647276ab.jpg,0.742977184450295,0.5068358
B2A,306ebd4b5c.jpg,0.9145215914752687,0.2625444
B2A,306fdd232d.jpg,0.9100677065691656,0.38130844
B2A,30704449eb.jpg,0.7926245462867944,0.35082716
B2A,3070a4c8b0.jpg,0.7404224347543241,0.3915549
B2A,30718dc781.jpg,0.9313856553239163,0.4742453
B2A,307d716b38.jpg,0.9384916192547275,0.30272478
B2A,30821a129e.jpg,0.6219946541741078,0.35755718
B2A,30c43e2fe9.jpg,0.9081718879142242,0.23223127
B2A,30ca82141f.jpg,0.7170604947785718,0.55837667
B2A,30d24dd7c8.jpg,0.7221507688367153,0.6439625
B2A,30ea353d97.jpg,0.8996963322431479,0.3256914
B2A,30ea58dabb.jpg,0.7466369686484893,0.44469827
B2A,30f4a36c95.jpg,0.8238667611547901,0.26458713
B2A,30ff35c5af.jpg,0.8539369902586005,0.33679903
B2A,3116136a42.jpg,0.7765760359957579,0.2632512
B2A,312c2be90b.jpg,0.7979368850505391,0.2646016
B2A,313cd1f3e0.jpg,0.751090824772245,0.42762443
B2A,3150771433.jpg,0.5950519518488334,0.3479132
B2A,3165c39cd3.jpg,0.6832653384284366,0.33840048
B2A,3178a6117e.jpg,0.7242880620968655,0.37808448
B2A,317b731059.jpg,0.8195581855628236,0.39670625
B2A,317ecf9e9d.jpg,0.9102926422544507,0.37805587
B2A,31819e2fb6.jpg,0.7984256735409192,0.41796088
B2A,318d2dd948.jpg,0.7845141012340364,0.41782674
B2A,319031271d.jpg,0.7805023140782593,0.36693382
B2A,319b17bbb4.jpg,0.8808460498453714,0.2700567
B2A,319b8157e2.jpg,0.876119152093372,0.46172512
B2A,319de8a4c3.jpg,0.8081934586531722,0.56582326
B2A,31af3a1906.jpg,0.6084876853222196,0.64946854
B2A,31dd6a20fc.jpg,0.8793422664800422,0.21918173
B2A,31e3562ead.jpg,0.8023149154788726,0.35150367
B2A,31ebef8c4c.jpg,0.7238516186313331,0.69431543
B2A,31ecf73a02.jpg,0.9238351903987878,0.2709377
B2A,31fbb87d97.jpg,0.611330494401869,0.34381792
B2A,31fdcfab86.jpg,0.8668154118223234,0.17310132
B2A,32076ecaf2.jpg,0.8068035579904858,0.2799698
B2A,3213f8108a.jpg,0.7798939155541632,0.31959835
B2A,3224e61375.jpg,0.9231157359948338,0.19689788
B2A,32277975c5.jpg,0.5317315271037255,0.4444091
B2A,3250368377.jpg,0.7908019428737989,0.32708877
B2A,325120c998.jpg,0.8481050755683559,0.28486562
B2A,32639bab15.jpg,0.6302831594862762,0.42683864
B2A,3277390c9b.jpg,0.6365282373095605,0.4865321
B2A,3278d87456.jpg,0.8795613639963403,0.3366087
B2A,327bbda45b.jpg,0.8909772412665743,0.18753058
B2A,328321b466.jpg,0.7580442106852487,0.31104702
B2A,32882d9a83.jpg,0.6946492632502826,0.453669
B2A,3291187d91.jpg,0.5208327767421806,0.43362927
B2A,32a1470651.jpg,0.8584405610478101,0.36089104
B2A,32ae69a50f.jpg,0.6399143400515621,0.5319585
B2A,32b537e6de.jpg,0.9204695996130633,0.26778856
B2A,32bb26374a.jpg,0.80120464042449,0.3969775
B2A,32bcb20dae.jpg,0.8923893500788247,0.30206656
B2A,32cb5db524.jpg,0.7489801581233274,0.35598737
B2A,32d3f34515.jpg,0.7499613663858756,0.31527933
B2A,32d98e72dd.jpg,0.696620763769441,0.46577972
B2A,32dde12686.jpg,0.7354554766677274,0.5060565
B2A,32df0e0408.jpg,0.7517135926903558,0.2220063
B2A,32edfa9c9d.jpg,0.9068713043923093,0.20722994
B2A,32f3055dff.jpg,0.9186639843597945,0.24255955
B2A,32fae726b3.jpg,0.6581323818993291,0.60012317
B2A,32fdfa3c24.jpg,0.6149071604150728,0.42355844
B2A,33032dc5ad.jpg,0.758604426961031,0.43655497
B2A,33084e742e.jpg,0.7260042897114863,0.38874424
B2A,330fa8a7a8.jpg,0.7694195460793667,0.59156305
B2A,3316c8daed.jpg,0.8840991039842535,0.24276432
B2A,331f082a0b.jpg,0.6238924709654126,0.298642
B2A,33244a8ba9.jpg,0.7730702125435268,0.30888626
B2A,332da05c9c.jpg,0.8537086576502471,0.45509923
B2A,3335cea81d.jpg,0.7332561426102657,0.5508589
B2A,33392f6dea.jpg,0.7986821198392741,0.524966
B2A,333b2e7121.jpg,0.9469736104058261,0.13442981
B2A,334259faa0.jpg,0.7992016688644021,0.3341393
B2A,33439a9a62.jpg,0.7905513628187494,0.54062754
B2A,335adb946b.jpg,0.8582277564284139,0.17902629
B2A,335bf2f75a.jpg,0.8799879060775114,0.3997228
B2A,335d7fa61b.jpg,0.718344537644057,0.39310485
B2A,336e786f25.jpg,0.6884236807104215,0.31109276
B2A,337a9d7475.jpg,0.6250141680989793,0.43456113
B2A,338fec22de.jpg,0.49791142266622207,0.6252353
B2A,339d590103.jpg,0.9285541817357185,0.23191005
B2A,339db96fd4.jpg,0.6973485330648488,0.32040453
B2A,33a24fd568.jpg,0.8434499384356406,0.40783972
B2A,33b29070dc.jpg,0.8387293951674905,0.36014318
B2A,33b5473fb6.jpg,0.6183948722416103,0.46737912
B2A,33bae37b7a.jpg,0.8426716114028849,0.23552151
B2A,33baf9fee5.jpg,0.6767787503259396,0.40335143
B2A,33bd2f6360.jpg,0.8966335482012701,0.23878305
B2A,33c737f426.jpg,0.8702134755152646,0.18234304
B2A,33ce5179c2.jpg,0.7557487784135579,0.27016485
B2A,33d7e16c5c.jpg,0.8396130700177094,0.21217702
B2A,33e21e0ee8.jpg,0.9570393375055896,0.16249405
B2A,33e4c897aa.jpg,0.9385624461950601,0.24838866
B2A,33f2df4cbe.jpg,0.6990084953633222,0.3516678
B2A,33ffdde2a0.jpg,0.7559075051577764,0.41941506
B2A,340c575487.jpg,0.680480870434297,0.44424918
B2A,3414d1e597.jpg,0.6110325389141117,0.5320759
B2A,341acd12b6.jpg,0.8939393801359012,0.18143469
B2A,34300a53dd.jpg,0.6196157831686074,0.5309285
B2A,343035e393.jpg,0.8676702283309878,0.25726262
B2A,3433e1373b.jpg,0.8725118813240901,0.2227894
B2A,3434712cc3.jpg,0.8809386798987029,0.30037177
B2A,34380cf889.jpg,0.7524512326983572,0.4978608
B2A,343e090a43.jpg,0.8069512639237169,0.36978483
B2A,343fa4c0eb.jpg,0.8598458549310157,0.33717167
B2A,3447169f2b.jpg,0.48642802322375733,0.58855724
B2A,344cac7fe0.jpg,0.7282055002304442,0.3323775
B2A,345ee88105.jpg,0.7010958187998934,0.16999273
B2A,346579c393.jpg,0.6278024294784617,0.31977734
B2A,346a66651d.jpg,0.6868287146649786,0.35655102
B2A,347519baef.jpg,0.7607484783816687,0.4304313
B2A,347a1a864e.jpg,0.9262358226975262,0.2300863
B2A,3480de8e9c.jpg,0.803944919045968,0.34087077
B2A,3482a0b159.jpg,0.8171297773449817,0.48565218
B2A,34840c34c1.jpg,0.776954240507137,0.25827208
B2A,348e12ab8b.jpg,0.8924400387939708,0.29414263
B2A,3493315b15.jpg,0.8366212640179486,0.29149115
B2A,34961a9ee6.jpg,0.8396824263980844,0.34812522
B2A,349afdf79d.jpg,0.8396880034195413,0.34391636
B2A,349eab5771.jpg,0.8510657151963819,0.30084848
B2A,34a0d6d394.jpg,0.7356902730466273,0.3096914
B2A,34a5e6c55b.jpg,0.7057320963465876,0.5926991
B2A,34a9eba898.jpg,0.7112090730581552,0.548346
B2A,34b514be69.jpg,0.7511271366098208,0.39323997
B2A,34b51c7261.jpg,0.6879652107817191,0.50841725
B2A,34c5f04545.jpg,0.6997053641397996,0.4688807
B2A,34cbab9a5d.jpg,0.7942724372395646,0.39300907
B2A,34cf1b263e.jpg,0.8375098462391696,0.3552006
B2A,34daf62663.jpg,0.8045556237588797,0.3771599
B2A,34e314407f.jpg,0.9024469028978863,0.2458542
B2A,34e66708aa.jpg,0.7066733203800972,0.3419969
B2A,34e95595ce.jpg,0.8852410028045519,0.29295605
B2A,34eac9ab64.jpg,0.7654508945571161,0.3532471
B2A,34f4d5c9d4.jpg,0.6834853182661378,0.417931
B2A,34fb6596e1.jpg,0.8450320531108175,0.41627127
B2A,34fe687882.jpg,0.8036537490726177,0.28731194
B2A,350b5ebef7.jpg,0.8886804262686152,0.23185612
B2A,350d2a84d5.jpg,0.7309597460943985,0.49911425
B2A,351e2041bb.jpg,0.8954856434261027,0.2538302
B2A,3528e213a3.jpg,0.6087190295888809,0.59008306
B2A,352c83ab74.jpg,0.9371095079317721,0.21653824
B2A,352e273208.jpg,0.8350310467885701,0.2785195
B2A,35395df60a.jpg,0.8727919400970368,0.20356764
B2A,353a61be7f.jpg,0.8037625074465446,0.24048911
B2A,353dedb268.jpg,0.845251778689646,0.31823787
B2A,353e6a68f4.jpg,0.7718523714000917,0.4011262
B2A,355475c717.jpg,0.8404281626041061,0.2489346
B2A,355c86cd3d.jpg,0.6840204426538536,0.515119
B2A,356a62efca.jpg,0.7653328267996605,0.40656716
B2A,356caca006.jpg,0.7684158848445625,0.34066445
B2A,358670e605.jpg,0.9059198952729832,0.41235697
B2A,358b265ed6.jpg,0.7485222400598687,0.46944866
B2A,35945cd71c.jpg,0.7651696581709259,0.35164127
B2A,359495f7a4.jpg,0.7164305349948527,0.4495667
B2A,35961ab226.jpg,0.8641771680537872,0.3292653
B2A,3596426373.jpg,0.6972229624949131,0.48866326
B2A,359b6a2430.jpg,0.8771390711315323,0.36686888
B2A,35b0c24b22.jpg,0.8707132607591451,0.21849298
B2A,35dd92bfb3.jpg,0.8446422775444261,0.3733825
B2A,35e792eb1a.jpg,0.7541869158313769,0.24291112
B2A,35e7c9ec58.jpg,0.8453717332342819,0.41970557
B2A,35ed01ca2e.jpg,0.9117492597081303,0.23508619
B2A,35ed52c72f.jpg,0.731918292468695,0.36332285
B2A,35fab228d4.jpg,0.8122368827227746,0.3030501
B2A,36000244a2.jpg,0.7746743007448217,0.30248246
B2A,3608d6b3ac.jpg,0.8726798187879901,0.33826476
B2A,360a1c7c80.jpg,0.7787757483978976,0.48185468
B2A,361f298a02.jpg,0.6233162800156278,0.4265225
B2A,3621a894db.jpg,0.8636599197575915,0.3362557
B2A,362204f307.jpg,0.8160958827552249,0.2954908
B2A,362511599b.jpg,0.7501908337854323,0.34682804
B2A,36261d4302.jpg,0.7339797161491953,0.40915823
B2A,3632f44a7c.jpg,0.6808730230260981,0.3778263
B2A,3648d77005.jpg,0.5594315528239315,0.46607703
B2A,3656053e31.jpg,0.7477004576170174,0.41736984
B2A,3657ef6b24.jpg,0.8254785980236915,0.3481239
B2A,368b9526b7.jpg,0.792887657891058,0.27648184
B2A,368ee43922.jpg,0.9373460628709285,0.12926672
B2A,3691380fa5.jpg,0.8687596725698642,0.1778914
B2A,3695170ba2.jpg,0.881671685834665,0.45482382
B2A,369897af38.jpg,0.8500627035175325,0.36525682
B2A,36a77b49fe.jpg,0.8107677565134398,0.33070052
B2A,36a93aa776.jpg,0.7727402158137288,0.21741104
B2A,36a9509d21.jpg,0.734081795004906,0.3535049
B2A,36ad6eb2d8.jpg,0.8097295276082481,0.30487257
B2A,36b37b892a.jpg,0.8475594341711801,0.3892906
B2A,36bafe2801.jpg,0.6580261935769944,0.5167547
B2A,36bcc9afa9.jpg,0.9449875382736586,0.2728574
B2A,36d67864d9.jpg,0.7974311172505498,0.4149711
B2A,36d957036d.jpg,0.7082101957995012,0.24361579
B2A,36daf4d43d.jpg,0.8519068922078523,0.44444987
B2A,36e4004846.jpg,0.8403482624472869,0.28377578
B2A,36eb013265.jpg,0.8913456804307152,0.19494207
B2A,36eccca3ab.jpg,0.7807433223648284,0.263449
B2A,36f18cca17.jpg,0.9298074124535205,0.21160507
B2A,36f6aeb966.jpg,0.8188067459767666,0.35250825
B2A,37075ca2ee.jpg,0.7745669473824927,0.41703808
B2A,371c59835b.jpg,0.8665818536844325,0.3158334
B2A,371f2829aa.jpg,0.5966854572101318,0.60036516
B2A,372d828feb.jpg,0.7348706403789842,0.58249235
B2A,372dc58821.jpg,0.6796430553036983,0.4530372
B2A,37322d9ff2.jpg,0.8698593980949061,0.20190012
B2A,3744adb842.jpg,0.7480557946822887,0.3671
B2A,374d5245d4.jpg,0.7293634002239853,0.3056875
B2A,3751b9831c.jpg,0.7963548237545587,0.2702637
B2A,376073b21e.jpg,0.8500967959077651,0.27602485
B2A,376ddd69e6.jpg,0.6750183982897954,0.6198653
B2A,376f1b5edb.jpg,0.7350699866684635,0.3423441
B2A,377329db11.jpg,0.6752099619105895,0.33454278
B2A,3778fecb0c.jpg,0.8836709231834899,0.2509525
B2A,3789eceb0c.jpg,0.9226739247923122,0.11608184
B2A,37911bdb2c.jpg,0.8812138935465699,0.26274472
B2A,37917ad369.jpg,0.8076402757659245,0.2948035
B2A,37928f6999.jpg,0.8812596879811992,0.4110619
B2A,379b25d4d3.jpg,0.6131724243052391,0.5205058
B2A,37a5918d6f.jpg,0.6954203603436641,0.24499685
B2A,37a90c2b86.jpg,0.7960186472041076,0.46233624
B2A,37aabb8541.jpg,0.8452564550606879,0.3212937
B2A,37b12b7bc9.jpg,0.759807693451622,0.46097627
B2A,37b740d8f8.jpg,0.724004925507763,0.44873527
B2A,37c5732454.jpg,0.852778158842476,0.3181762
B2A,37c6dc5971.jpg,0.7739279341528543,0.51968807
B2A,37cc9acfc2.jpg,0.9025186405935167,0.35207298
B2A,37cfa76bf2.jpg,0.8761208759079606,0.21620056
B2A,37d0b619d1.jpg,0.6047313781065021,0.38840157
B2A,37d3e79b71.jpg,0.841042612754812,0.22721948
B2A,37df208f9f.jpg,0.7528729150090914,0.6035507
B2A,37eb07f626.jpg,0.9290916051376324,0.21220109
B2A,37f738e7bc.jpg,0.8125233550281183,0.2774224
B2A,37fba790de.jpg,0.9407746194237733,0.18477681
B2A,38062f7d79.jpg,0.6638743286174508,0.5792564
B2A,38070f5dbb.jpg,0.7490827353266523,0.49025214
B2A,38086cf21f.jpg,0.8632757911568194,0.37766677
B2A,381267e62a.jpg,0.7510482226815264,0.4082262
B2A,381280b99b.jpg,0.8358156323469174,0.38698614
B2A,381d086c95.jpg,0.7699695758144315,0.35909912
B2A,3820d34bd5.jpg,0.7729504873927893,0.44196743
B2A,3833afaa5a.jpg,0.8367226588501722,0.26637638
B2A,383bfdbd98.jpg,0.6727181659669352,0.4035288
B2A,3842636752.jpg,0.8047890820213728,0.59614724
B2A,385d53e164.jpg,0.6891764009362038,0.6840178
B2A,385f8eb28d.jpg,0.5664688403483061,0.42664802
B2A,3860dba6e7.jpg,0.8319792039476235,0.24201128
B2A,38629959ac.jpg,0.8606684626739202,0.4696816
B2A,3865b242b9.jpg,0.846998479014003,0.17834151
B2A,38662909dd.jpg,0.6464843921097624,0.4914416
B2A,38684f015e.jpg,0.9140994948393308,0.49240187
B2A,386a3c0897.jpg,0.662049646066923,0.6215292
B2A,3876bbbae0.jpg,0.811272111029051,0.3772882
B2A,3886187ed1.jpg,0.7370819232042072,0.4304401
B2A,3891ee053e.jpg,0.8563831962791746,0.35619205
B2A,38992f60c4.jpg,0.8240324918933315,0.31240314
B2A,38993b35f9.jpg,0.820942004642319,0.23926088
B2A,389acc824c.jpg,0.715402985996664,0.5479349
B2A,389cbe6e1a.jpg,0.9178087240154366,0.2807858
B2A,38bb0ec345.jpg,0.7177637013761781,0.3479455
B2A,38c6532fe1.jpg,0.7261313586334098,0.33564004
B2A,38c88ad59d.jpg,0.901445136280674,0.26358
B2A,38cb53af79.jpg,0.8486987094718698,0.22514921
B2A,38d00950b6.jpg,0.666119949631369,0.42239565
B2A,38d0de69d8.jpg,0.786081978610807,0.43350974
B2A,38d5379f18.jpg,0.8205759634003592,0.44138068
B2A,38d71d4dfe.jpg,0.7309973117189509,0.55972034
B2A,38d9042083.jpg,0.8230047014645032,0.18534744
B2A,38deab6c01.jpg,0.8085674578564209,0.43082988
B2A,38dfbc95b7.jpg,0.6783688049020613,0.54273045
B2A,38ebf8fc82.jpg,0.7029245276233581,0.43152866
B2A,38f185baa6.jpg,0.732715763159664,0.3457291
B2A,390f3f16d6.jpg,0.7768798174015517,0.5004315
B2A,3915c24d8d.jpg,0.7033864743547861,0.5191369
B2A,3916d76a57.jpg,0.6932218795551558,0.49051496
B2A,392c032d0e.jpg,0.8442769239734355,0.28692356
B2A,3941a52677.jpg,0.8860444320143667,0.13317478
B2A,394a38353e.jpg,0.7621682652844856,0.5035897
B2A,39545bce2e.jpg,0.8853144976466283,0.3561303
B2A,396b917aad.jpg,0.7887585276234156,0.38218796
B2A,39780192ea.jpg,0.752000060863859,0.33614078
B2A,398849f59d.jpg,0.8314687434443474,0.3327543
B2A,39b7d694de.jpg,0.643350671102952,0.45799956
B2A,39c1270676.jpg,0.7955313868277611,0.36541
B2A,39db6bdbbe.jpg,0.7337858212251931,0.5303526
B2A,39ff1e8568.jpg,0.6585740642824204,0.3115534
B2A,3a0046ee0d.jpg,0.6773958499815299,0.420878
B2A,3a00c416f6.jpg,0.7356115496262718,0.38116914
B2A,3a2f29ea97.jpg,0.823952355679859,0.31332886
B2A,3a36ff8b4b.jpg,0.7618290772181988,0.4068707
B2A,3a423d3645.jpg,0.8663934312273109,0.4225064
B2A,3a4414aa6b.jpg,0.5505537669987418,0.515371
B2A,3a582c9914.jpg,0.77597305796534,0.3132865
B2A,3a5b6e28e0.jpg,0.8698116255214835,0.33591068
B2A,3a5c7e707a.jpg,0.6500809675238265,0.47480175
B2A,3a747d8723.jpg,0.8407300904210765,0.26940385
B2A,3a7a0992dd.jpg,0.8922147139373381,0.39448524
B2A,3a82bd4f2a.jpg,0.6700449650757,0.47014832
B2A,3a872d9357.jpg,0.7981742818174752,0.45966107
B2A,3a91a66bdd.jpg,0.862406834185257,0.28960365
B2A,3a9483311f.jpg,0.739875483527513,0.50677854
B2A,3a9d528df2.jpg,0.650615446434306,0.5394686
B2A,3ab31603e2.jpg,0.70471457677972,0.3690075
B2A,3abca1ec15.jpg,0.7493493735403491,0.2519712
B2A,3ac5c5efeb.jpg,0.8180111734486594,0.5668783
B2A,3acafb52ae.jpg,0.8174784677064937,0.1670935
B2A,3ad0aa389f.jpg,0.7732023117784234,0.5479726
B2A,3ade5505ba.jpg,0.7074985173281353,0.42330235
B2A,3adf6a85e3.jpg,0.8216193646033684,0.19886518
B2A,3af0aaf3ee.jpg,0.6843894625810883,0.50188124
B2A,3af3151f7f.jpg,0.876197465542421,0.30613568
B2A,3afa5083c1.jpg,0.7382699682591126,0.36876604
B2A,3b047fc766.jpg,0.6303293411248869,0.62084687
B2A,3b20ee7aa5.jpg,0.9057081363181202,0.2946972
B2A,3b28c6b97b.jpg,0.818193602880815,0.22362643
B2A,3b312d0ac5.jpg,0.7941605445566462,0.33921313
B2A,3b368db4be.jpg,0.8604047964165653,0.353604
B2A,3b3f9ecd9d.jpg,0.9461887125245299,0.13051957
B2A,3b3fd02a40.jpg,0.7974501127456148,0.38370007
B2A,3b465f08bf.jpg,0.8264191323352812,0.33612102
B2A,3b4b485df5.jpg,0.7639810470203021,0.38299316
B2A,3b4e045bb7.jpg,0.6163647093639261,0.5658108
B2A,3b57973eb2.jpg,0.8047446161016467,0.3764421
B2A,3b5d843f5a.jpg,0.703926193661514,0.40716004
B2A,3b64a40750.jpg,0.6814026344945637,0.31396288
B2A,3b6a39a00d.jpg,0.6910276571809054,0.48246664
B2A,3b6c01176c.jpg,0.7043369598344583,0.3560388
B2A,3b71b87d37.jpg,0.8572597715901732,0.2507674
B2A,3b76682887.jpg,0.7002476844782232,0.41808933
B2A,3b855caae4.jpg,0.7646153109515892,0.35918653
B2A,3bae3d1712.jpg,0.8435379911575265,0.16394667
B2A,3bc75876be.jpg,0.8403923116007069,0.16283791
B2A,3bcafe027c.jpg,0.8897391515663279,0.26385555
B2A,3bcc67701d.jpg,0.6605803260752573,0.53040886
B2A,3bd85aead5.jpg,0.7704000525120204,0.31750655
B2A,3bd8747102.jpg,0.8647842630584753,0.43688577
B2A,3bd9ddc108.jpg,0.8102341463530498,0.24368912
B2A,3be1aea5fc.jpg,0.8862192493889256,0.22098294
B2A,3bed43f9f6.jpg,0.700776788992366,0.53960633
B2A,3bf9ac1eb3.jpg,0.7438221353086221,0.25785705
B2A,3bff224652.jpg,0.8275110603005099,0.34896034
B2A,3c048f020d.jpg,0.68312202725652,0.42053878
B2A,3c07362391.jpg,0.7156990822981142,0.3756928
B2A,3c1963d1f8.jpg,0.7632020639383243,0.25043017
B2A,3c21346fb9.jpg,0.8335188478352671,0.5776807
B2A,3c327deaca.jpg,0.7721792970113399,0.42356548
B2A,3c3c78be02.jpg,0.8189114548618965,0.24276376
B2A,3c4406fa5a.jpg,0.6957235205528284,0.5095891
B2A,3c52316f14.jpg,0.5755695732195566,0.6507968
B2A,3c53ee8af8.jpg,0.9046169284228713,0.3490229
B2A,3c5cdd7090.jpg,0.7639951436884228,0.55555224
B2A,3c5e76d1e3.jpg,0.8444282575328818,0.34103927
B2A,3c65d848ee.jpg,0.9000497809287987,0.21859474
B2A,3c6fe5de40.jpg,0.7011301150361263,0.40516704
B2A,3c72375e57.jpg,0.8261981312690482,0.38335454
B2A,3c7383e41b.jpg,0.7145878511424902,0.30629337
B2A,3c750a98db.jpg,0.8329279420924425,0.34614992
B2A,3c7a019967.jpg,0.838493663730993,0.19043548
B2A,3c840700fc.jpg,0.9227125494403642,0.17274429
B2A,3c8591595d.jpg,0.9058298023512499,0.361058
B2A,3c8d055dde.jpg,0.8409773712160682,0.3048796
B2A,3c8de7efcc.jpg,0.679970000134002,0.40566942
B2A,3c92f9da89.jpg,0.7331214427305968,0.50566053
B2A,3ca88b5bae.jpg,0.7656561871053246,0.30231968
B2A,3caa03fcca.jpg,0.7791885260753167,0.33215916
B2A,3cc4339658.jpg,0.8634730049712828,0.25086126
B2A,3cc6896a14.jpg,0.7832149676738877,0.52647936
B2A,3cc973e9c6.jpg,0.6978278526242332,0.4371732
B2A,3cca867846.jpg,0.8557516907849613,0.30537134
B2A,3ccbf381cc.jpg,0.7581465095713091,0.40260577
B2A,3cd0ce8fcd.jpg,0.7943814832297362,0.27060145
B2A,3cd43a2690.jpg,0.8402545853877733,0.267795
B2A,3cdbcd6c29.jpg,0.7575104861523726,0.4265952
B2A,3ce8fe7b80.jpg,0.865696503498989,0.48436767
B2A,3cf977901c.jpg,0.566096690115024,0.5954073
B2A,3cff22e3c9.jpg,0.8140760372420247,0.29026315
B2A,3d038050b2.jpg,0.49023768823343555,0.5422913
B2A,3d0982bebb.jpg,0.9135105512143376,0.4384806
B2A,3d0e0ead31.jpg,0.84773895834128,0.40530282
B2A,3d14523c1f.jpg,0.7916432337050036,0.60289836
B2A,3d165d2aad.jpg,0.8485784025758133,0.41833758
B2A,3d204371c7.jpg,0.9124151288911752,0.268743
B2A,3d29c7439f.jpg,0.5522758468043383,0.48092082
B2A,3d2c394405.jpg,0.5768975493871008,0.49862114
B2A,3d3b9f4ba1.jpg,0.8280266446885717,0.38343614
B2A,3d69e148e8.jpg,0.7491555587436448,0.26140523
B2A,3d6b2aa9d4.jpg,0.926652645395928,0.286663
B2A,3d6ef1f43d.jpg,0.6593691275139498,0.5595496
B2A,3d70ef0d7c.jpg,0.6549058280607414,0.5154132
B2A,3d71b5934b.jpg,0.7754094503264368,0.33592927
B2A,3d8835b84d.jpg,0.7656279734066225,0.2508031
B2A,3d89a7a1c4.jpg,0.7553219629565047,0.3262983
B2A,3d89fa1a08.jpg,0.8002552228334655,0.25524765
B2A,3d8fd794f8.jpg,0.7302596107097855,0.29085663
B2A,3d961be033.jpg,0.7404573633569654,0.26845065
B2A,3da4c699b8.jpg,0.7040624559436701,0.44216567
B2A,3db43d9a04.jpg,0.5465147590646181,0.5302325
B2A,3db8bf2299.jpg,0.8626976994869702,0.28341854
B2A,3dc62c7550.jpg,0.8105965338018252,0.34778193
B2A,3dc69fb234.jpg,0.7563888561890685,0.38001183
B2A,3dcb9f50ff.jpg,0.7152504944972038,0.22667164
B2A,3dcdf82bcd.jpg,0.7946713179283881,0.4634979
B2A,3dcf18bba9.jpg,0.9328066121889248,0.17366338
B2A,3dd2d3096b.jpg,0.7457056461334629,0.40159917
B2A,3de3c8151d.jpg,0.5847585439454919,0.5512163
B2A,3dfd77c751.jpg,0.8848490429019948,0.30126917
B2A,3e0479c7a4.jpg,0.5052870417327388,0.5125643
B2A,3e097a4c02.jpg,0.8578709658244116,0.23055997
B2A,3e1cd24e83.jpg,0.73907963496794,0.36228392
B2A,3e1dfc9dc0.jpg,0.7564917235848546,0.42419767
B2A,3e2d480716.jpg,0.5583705351222386,0.50294966
B2A,3e31646935.jpg,0.7921802263205853,0.19137344
B2A,3e3b342a95.jpg,0.722951984378312,0.40543696
B2A,3e4c86049d.jpg,0.9305625497823202,0.19226688
B2A,3e4e2f5b6e.jpg,0.7844008175226233,0.5274819
B2A,3e4edba19d.jpg,0.6794114725861881,0.35482815
B2A,3e60c7241a.jpg,0.8559181671147005,0.33541203
B2A,3e780ed289.jpg,0.9004585614354259,0.25565946
B2A,3e806e2a4a.jpg,0.8036532042544761,0.34153658
B2A,3e9809b35e.jpg,0.7832729833183548,0.3943395
B2A,3ea3ae5954.jpg,0.6434090887799165,0.5385253
B2A,3ea96d7fbd.jpg,0.6514807051308288,0.6167674
B2A,3eaa214d3d.jpg,0.7844795425341996,0.3096038
B2A,3eab0e9d77.jpg,0.7001002136168034,0.4627446
B2A,3eb7c094c0.jpg,0.7617633883233221,0.3832546
B2A,3ebc8a4013.jpg,0.8655088412470776,0.22084454
B2A,3ec2bb5a0c.jpg,0.9388976189955278,0.21699993
B2A,3ec4f57f74.jpg,0.8846373120843469,0.17240185
B2A,3ecedf69d8.jpg,0.7140629497037686,0.45829546
B2A,3ed12a78ce.jpg,0.8331268217624493,0.40867943
B2A,3edae2ef79.jpg,0.6870929983837595,0.43805864
B2A,3edc9197e7.jpg,0.9005447562499723,0.27379188
B2A,3ee4497b2e.jpg,0.7781322986771774,0.26025832
B2A,3ee7eb408c.jpg,0.690042477600623,0.23991725
B2A,3f0362f12d.jpg,0.7759326316417589,0.31626233
B2A,3f0738d8dc.jpg,0.813511391673472,0.43031806
B2A,3f0a7330bd.jpg,0.7638727865098612,0.30202234
B2A,3f1191a447.jpg,0.7965125723695218,0.28456903
B2A,3f1942ac5e.jpg,0.8264143896477838,0.13132592
B2A,3f220a6caa.jpg,0.8529102789745744,0.26214525
B2A,3f28319f81.jpg,0.7257129683752901,0.60714
B2A,3f2a4b6406.jpg,0.5814519360927701,0.62924314
B2A,3f3e610d58.jpg,0.8817164135983951,0.18903074
B2A,3f53c08114.jpg,0.6970699012539849,0.5263553
B2A,3f5bc8d85c.jpg,0.8741211359492972,0.2907812
B2A,3f615bc675.jpg,0.7513453837921721,0.48170513
B2A,3f6489dfa3.jpg,0.7885449182246198,0.37436914
B2A,3f6e1ac2ae.jpg,0.8993131866886178,0.36690018
B2A,3f70cec894.jpg,0.785746132762087,0.2845968
B2A,3f7dc6a469.jpg,0.7432579028677675,0.3224488
B2A,3f844f5b59.jpg,0.9049728824553405,0.205078
B2A,3f8fd85f1c.jpg,0.8248345360249172,0.3014228
B2A,3f91546f37.jpg,0.798133658131509,0.46108323
B2A,3f97bcc230.jpg,0.8009223372372332,0.28700197
B2A,3f9d9b6972.jpg,0.8391062164550835,0.20748438
B2A,3fa1aa1d56.jpg,0.8079974439536755,0.34992528
B2A,3fa61d1b59.jpg,0.9144975794347665,0.23899117
B2A,3fa89cdb0f.jpg,0.8051468993320885,0.38176858
B2A,3facf2de42.jpg,0.8885439819316244,0.35886478
B2A,3fc01a1f5a.jpg,0.8440757346733214,0.32381827
B2A,3fc29d7b01.jpg,0.734846408282218,0.35688615
B2A,3fcabb43e0.jpg,0.8970112980724045,0.29484713
B2A,3fce3b2092.jpg,0.8129933583591431,0.5005485
B2A,3fd5f45733.jpg,0.5704629357741051,0.26579008
B2A,3fe71e2f91.jpg,0.9067651231117027,0.26194778
B2A,3ff9d14627.jpg,0.7209121920880909,0.5796999
B2A,3ffcf75444.jpg,0.7436699050024416,0.4894598
B2A,4006643077.jpg,0.6484876746231707,0.39265913
B2A,400dd42483.jpg,0.7913138213338002,0.3044607
B2A,401c79161f.jpg,0.9284372369610656,0.19816619
B2A,402358e99c.jpg,0.7973512348627556,0.29961938
B2A,402da39edd.jpg,0.6967144464098275,0.39438587
B2A,4033c4fd83.jpg,0.9243204110374407,0.1854997
B2A,4035bcf4c5.jpg,0.8710907371676317,0.22932732
B2A,40365d3029.jpg,0.7376356495121434,0.45945793
B2A,403a9eb385.jpg,0.8524298169130587,0.21387053
B2A,4044bcfa56.jpg,0.6604920378381621,0.53525394
B2A,40454944a3.jpg,0.8485732292345306,0.25692466
B2A,4051c9b480.jpg,0.7312043483990089,0.34088805
B2A,405d277475.jpg,0.7727203312099158,0.38199732
B2A,40634ec806.jpg,0.7565917800333337,0.4210819
B2A,4069034d1b.jpg,0.710147036636787,0.33275002
B2A,4069c14970.jpg,0.6465419419161846,0.5528575
B2A,4069eee71a.jpg,0.6017624164838786,0.4855384
B2A,406f7f455a.jpg,0.9069681461192929,0.308274
B2A,40773a3569.jpg,0.7610020701058385,0.6524639
B2A,407ded2317.jpg,0.8537990897135062,0.22892946
B2A,408a7ed2d4.jpg,0.6346875812765352,0.6062061
B2A,408ae2c4d3.jpg,0.8813241958072677,0.31643957
B2A,408c4b86d7.jpg,0.8103791241957359,0.25974947
B2A,409f830e91.jpg,0.7237331127391683,0.5367885
B2A,40a2829478.jpg,0.8139620509683203,0.56974375
B2A,40abbf6272.jpg,0.7379638794162067,0.45524704
B2A,40b341cce7.jpg,0.8883356759328813,0.39975044
B2A,40b814831c.jpg,0.795886941628489,0.2518872
B2A,40ba4c1ee0.jpg,0.7987120821632898,0.21871525
B2A,40cd40f4ce.jpg,0.6238216065558075,0.36951777
B2A,40d46c10bd.jpg,0.6478362726984349,0.6104881
B2A,40d6a5963b.jpg,0.6130198671009761,0.50351745
B2A,40dbef5e74.jpg,0.9048959988840943,0.24389002
B2A,40e2fb2f62.jpg,0.9126588324986981,0.17658594
B2A,410a15d160.jpg,0.815507872517583,0.31860316
B2A,410c1279f0.jpg,0.736738820277079,0.2828759
B2A,410f1753ab.jpg,0.8088029152303201,0.24932241
B2A,4113173d13.jpg,0.6293529007366425,0.47143447
B2A,411424ff38.jpg,0.9194970509993976,0.21281531
B2A,4115b492be.jpg,0.606538331636363,0.49144405
B2A,411728406b.jpg,0.6749658771922705,0.50604254
B2A,411cbac479.jpg,0.8286911494930276,0.33913377
B2A,41316be2ab.jpg,0.8719668439921048,0.2181884
B2A,4134a75abc.jpg,0.8293664693062782,0.21035561
B2A,413aa936b2.jpg,0.5112183513861246,0.49487168
B2A,414a144db4.jpg,0.7163124484418506,0.32431972
B2A,4151207d56.jpg,0.5795214954449689,0.5589253
B2A,415a165321.jpg,0.8484478800500426,0.26000044
B2A,4166c63775.jpg,0.7431680990169659,0.33318612
B2A,416e06ae04.jpg,0.7114773105679665,0.32333177
B2A,416e954665.jpg,0.8488480589183246,0.2867998
B2A,416fcde5d2.jpg,0.827180163050426,0.2207779
B2A,4170ddf51d.jpg,0.8227703252356009,0.3470249
B2A,417769579b.jpg,0.8942062276540973,0.25458992
B2A,417c141022.jpg,0.7881145901546314,0.4263116
B2A,417f9dbce5.jpg,0.8443516144711152,0.33527073
B2A,4185e8411e.jpg,0.7879444997743644,0.49071115
B2A,418d1c582c.jpg,0.7561056830964806,0.45986515
B2A,419385f134.jpg,0.7261068342997533,0.59657705
B2A,4197e5cf91.jpg,0.6193794856308339,0.68810344
B2A,419c88186c.jpg,0.9280966671133491,0.22004125
B2A,41a0c9b77b.jpg,0.8708678231629481,0.2261169
B2A,41a6a58a06.jpg,0.9304570045139806,0.22641414
B2A,41aab05613.jpg,0.9091741702895992,0.18286037
B2A,41c988e839.jpg,0.5075272678656721,0.70151347
B2A,41ca266a6d.jpg,0.7927993424994407,0.3160035
B2A,41d6d46378.jpg,0.8354751664816227,0.34184787
B2A,41da9742ed.jpg,0.7353114523270021,0.58947015
B2A,41df7d5e43.jpg,0.8343496683695382,0.28179473
B2A,41ec0c9e94.jpg,0.9330718265908735,0.20042017
B2A,41ed759f87.jpg,0.9320429982256221,0.21597052
B2A,41f062b74b.jpg,0.6000952704376886,0.6651104
B2A,41f4b96cdd.jpg,0.5598217748999205,0.3958333
B2A,420386aab6.jpg,0.834253656816731,0.3380002
B2A,421cf4d925.jpg,0.8678806400023764,0.12425668
B2A,4234c4fa4a.jpg,0.8203449637612777,0.36956334
B2A,4246be6f2b.jpg,0.6597434606583182,0.52538383
B2A,4252a6b79d.jpg,0.881756120632392,0.3919285
B2A,4255eb0cb0.jpg,0.8077232718687918,0.43501666
B2A,4262ee33cf.jpg,0.7519791805896764,0.4942948
B2A,4263de0622.jpg,0.8009569664966893,0.27142268
B2A,42703f8185.jpg,0.8068237654050741,0.3455277
B2A,428066cbb6.jpg,0.8567143852224994,0.2888849
B2A,428516308c.jpg,0.7877106120713245,0.32176316
B2A,428cfa30a0.jpg,0.67336708405614,0.6244991
B2A,42a17f2513.jpg,0.8520593761421386,0.38550317
B2A,42a2c9c2a9.jpg,0.6400488068568616,0.44611952
B2A,42a90ee8fd.jpg,0.6980311135962993,0.36550465
B2A,42b38b3ecf.jpg,0.7522758343854161,0.27091235
B2A,42b7ed6caf.jpg,0.6755449687339181,0.44386837
B2A,42b9334189.jpg,0.7757230176487232,0.35643515
B2A,42d09ebeef.jpg,0.687069388631844,0.48344874
B2A,42d7e15840.jpg,0.8274285476679017,0.39589563
B2A,42d95f5656.jpg,0.6141364656138566,0.57282037
B2A,42d9791966.jpg,0.7582612058467949,0.44706458
B2A,42db3f6bfb.jpg,0.6416514808753088,0.32165805
B2A,42e33a0f4e.jpg,0.8501248224565773,0.3252576
B2A,42e6bc6527.jpg,0.8861173090387506,0.22206135
B2A,42f2c8badb.jpg,0.9345672924892184,0.32504404
B2A,42f67a0c9b.jpg,0.8062679941129719,0.31861854
B2A,430365e84b.jpg,0.8076130576859316,0.40668565
B2A,4308c43102.jpg,0.856263030181264,0.2730246
B2A,4325d69fe4.jpg,0.7250294311062907,0.268457
B2A,4327a26f90.jpg,0.8039300583385115,0.28406718
B2A,432c4949ea.jpg,0.7193042851605072,0.33666977
B2A,432c77e7ff.jpg,0.9234474844947668,0.26336193
B2A,433f72e01b.jpg,0.6180419523052951,0.4002914
B2A,43425f75c3.jpg,0.7015049549449596,0.46959078
B2A,4346c649be.jpg,0.8044525066658562,0.36225414
B2A,43519ebdda.jpg,0.845743742501949,0.23086622
B2A,436544ba60.jpg,0.8087209597771094,0.29251766
B2A,436738950d.jpg,0.8867726846766997,0.25336325
B2A,4367fc0915.jpg,0.6726285146723682,0.6669236
B2A,437bce391c.jpg,0.7719094076826809,0.45838273
B2A,437d311cfe.jpg,0.7091857167989505,0.3950112
B2A,439be152be.jpg,0.7441903304758933,0.44240814
B2A,43a246cd29.jpg,0.9097667296960404,0.22773239
B2A,43a3471132.jpg,0.7379230490231847,0.30954954
B2A,43a5271014.jpg,0.8144536865369146,0.36679113
B2A,43b2557047.jpg,0.8237688097345421,0.3725324
B2A,43b5bdf41c.jpg,0.8117691879730254,0.23147207
B2A,43b6f98955.jpg,0.8432651508345259,0.5116483
B2A,43bcfa7f99.jpg,0.686835970945188,0.43816343
B2A,43be6f2003.jpg,0.7760916386707708,0.5201662
B2A,43be7d5231.jpg,0.896865829532003,0.4511131
B2A,43d6edb617.jpg,0.8561885993006773,0.20895159
B2A,43d7a934de.jpg,0.8434290279588132,0.22706677
B2A,43db8e440e.jpg,0.7124857248476398,0.39810175
B2A,43dbb8ae62.jpg,0.8668788840441912,0.21643895
B2A,43e7f05c27.jpg,0.5861956445861348,0.7049593
B2A,43ecb78f04.jpg,0.7309265070191875,0.5341368
B2A,43ef5533dd.jpg,0.7895469561380284,0.296668
B2A,43f3d41042.jpg,0.9227180786530043,0.24487746
B2A,441ba0764f.jpg,0.8421744468257327,0.26315767
B2A,442465d291.jpg,0.7321822616416312,0.4755705
B2A,44263e569e.jpg,0.7890373846705473,0.52043235
B2A,442e55394f.jpg,0.8174223221420813,0.2571779
B2A,443367c605.jpg,0.828767522408681,0.22960137
B2A,443cfcaf19.jpg,0.763428273057463,0.5633821
B2A,444ea6a3df.jpg,0.9106864743194775,0.23152417
B2A,445c9de4ae.jpg,0.7171832383259445,0.46893328
B2A,44643764ef.jpg,0.6227731875832169,0.41537735
B2A,4473598289.jpg,0.8440359791636652,0.2960102
B2A,447a64dc90.jpg,0.8718438591277013,0.35103285
B2A,447ceb7434.jpg,0.8112308871044294,0.28860664
B2A,44811f744f.jpg,0.8520061895458085,0.28091946
B2A,44838c4894.jpg,0.6021372296185836,0.68444836
B2A,44852d6fd3.jpg,0.7701115797719061,0.415941
B2A,4494dace12.jpg,0.8219644588969256,0.34274587
B2A,449d31ec71.jpg,0.8156073782707808,0.37714246
B2A,449ffd7d0e.jpg,0.8723623055341334,0.22662067
B2A,44b1c947c8.jpg,0.7214641068352392,0.37995052
B2A,44b7b27bdb.jpg,0.8339474603676983,0.4838013
B2A,44b948a11b.jpg,0.876468884398149,0.17799324
B2A,44be21f482.jpg,0.7198879524491266,0.53485715
B2A,44ca9b838b.jpg,0.7697084164307921,0.47059816
B2A,44cd2a0855.jpg,0.8832162336918775,0.2895287
B2A,44d4bbf9c5.jpg,0.712536293237383,0.3666718
B2A,44e072e7f6.jpg,0.8468539675306559,0.3844662
B2A,44f0533b7d.jpg,0.656522596196296,0.5598722
B2A,44f9fc3d08.jpg,0.8193377210048159,0.29169536
B2A,450c48015c.jpg,0.7232587379107739,0.37349933
B2A,451fa08066.jpg,0.7671137638561242,0.2745549
B2A,45281596ce.jpg,0.7797541670027163,0.3621056
B2A,452c2eae3c.jpg,0.7170498222508617,0.50555146
B2A,452c5d0bb4.jpg,0.8837037900147808,0.2429741
B2A,452cb57460.jpg,0.8359764953647159,0.3075056
B2A,45342d5c70.jpg,0.7660439853700761,0.37137488
B2A,4534cb2584.jpg,0.7694632143504517,0.41864443
B2A,453afd0c27.jpg,0.6621987127669889,0.38862237
B2A,453bd33553.jpg,0.6202466921621016,0.39745507
B2A,453f5d81cf.jpg,0.8321029933000087,0.35680372
B2A,454cf7a157.jpg,0.6089143602138511,0.42529762
B2A,4550c707f6.jpg,0.8206775019875712,0.45158327
B2A,4551f3f54b.jpg,0.7299230253662972,0.3717839
B2A,4569404b70.jpg,0.7834486958111715,0.33921304
B2A,4569953612.jpg,0.8007354152344022,0.22814994
B2A,457b19a007.jpg,0.9235068069739693,0.29888794
B2A,4581966154.jpg,0.7139516003546541,0.5734217
B2A,4581a4faee.jpg,0.5734440381370935,0.7357279
B2A,458b9bddeb.jpg,0.8270370769335101,0.2903113
B2A,459a0e8a7b.jpg,0.5369038732789927,0.36204785
B2A,45a0cf81a7.jpg,0.9018878141864282,0.28105396
B2A,45a4fc418c.jpg,0.9580580580334983,0.15864837
B2A,45ae43ca11.jpg,0.6930528718326109,0.37865442
B2A,45b59ba108.jpg,0.8438158782125741,0.2375766
B2A,45bfc01241.jpg,0.6220892494182686,0.5899838
B2A,45cecf091d.jpg,0.7916147927938176,0.2704769
B2A,45d284a829.jpg,0.5628644002475824,0.44278824
B2A,45db826465.jpg,0.7925461205515478,0.23028639
B2A,45e07afb6c.jpg,0.7263556293452385,0.35549843
B2A,45f3a9c5e3.jpg,0.7834983685212102,0.3794434
B2A,45f63c2653.jpg,0.6092118832554292,0.6240074
B2A,45f784213e.jpg,0.6729296202474678,0.5459984
B2A,45feda47bc.jpg,0.8778916786131551,0.223347
B2A,46196f19d1.jpg,0.6942782005325009,0.47712618
B2A,461cc8da33.jpg,0.8342283847770963,0.3476564
B2A,463758c10d.jpg,0.642742940636072,0.3813822
B2A,463ad92568.jpg,0.5859447697823146,0.6381387
B2A,463b8807e5.jpg,0.8032020245355883,0.47883183
B2A,463be5a1a1.jpg,0.692363734947278,0.643298
B2A,464d4dd705.jpg,0.7121573673021107,0.2099352
B2A,4663bb2924.jpg,0.634331613516624,0.42907804
B2A,466585f6df.jpg,0.6511639625057077,0.5267627
B2A,467657f396.jpg,0.7837416218398218,0.35461205
B2A,467873c9df.jpg,0.8500082021097511,0.2701366
B2A,468048412c.jpg,0.8628321224979068,0.2942639
B2A,4682dbbee5.jpg,0.8492787047283253,0.27595326
B2A,4690fd5a96.jpg,0.9058882133345595,0.17259236
B2A,4691625ad2.jpg,0.5848926292699008,0.49094418
B2A,46950ae4ea.jpg,0.8745980306406477,0.26654768
B2A,4695ac2040.jpg,0.822833798950586,0.56534535
B2A,4698056301.jpg,0.8874542559300431,0.20379344
B2A,469836dad8.jpg,0.5974764714489788,0.44977686
B2A,469d7ad9cc.jpg,0.8416501876763667,0.2439043
B2A,46c95eebbe.jpg,0.805933674414963,0.35085142
B2A,46cadbe0a9.jpg,0.8050183875237487,0.25979924
B2A,46db1d7f60.jpg,0.7225419830590452,0.38783216
B2A,46e47f7efe.jpg,0.8524098180259593,0.37933642
B2A,46e71a4094.jpg,0.8951696540829651,0.21080452
B2A,46e84039a1.jpg,0.841427649693963,0.38684735
B2A,46f391abec.jpg,0.6730635677725372,0.495728
B2A,46f5ef1042.jpg,0.5401369522719507,0.62652385
B2A,4706619607.jpg,0.8589743627278139,0.3548178
B2A,4707b03a08.jpg,0.5702317029913139,0.4175514
B2A,47100a9939.jpg,0.7287754558261095,0.40679625
B2A,471f4755b9.jpg,0.815073984570762,0.40092722
B2A,472b351bc4.jpg,0.8274049297569447,0.29790157
B2A,472d5ac100.jpg,0.7832697547694476,0.384474
B2A,4758e5dd4c.jpg,0.8732319674240865,0.13855672
B2A,4762bb79ef.jpg,0.8187395629862702,0.28587773
B2A,4778b13518.jpg,0.877618531960664,0.3402681
B2A,4787b82d37.jpg,0.8583442528554586,0.20163819
B2A,478e07feaa.jpg,0.6569689486906192,0.37490934
B2A,478eb12a82.jpg,0.9497622081927095,0.26653096
B2A,479698b371.jpg,0.5687734966568878,0.38962948
B2A,4796d67f61.jpg,0.6901775306163044,0.6757981
B2A,47aad493bd.jpg,0.8659838224699122,0.2354248
B2A,47ae0edd23.jpg,0.7198446202678217,0.4492982
B2A,47b94957ff.jpg,0.7669527054552576,0.30227485
B2A,47bb43fe3e.jpg,0.6770581065745257,0.4789366
B2A,47bb59d449.jpg,0.8223413838030303,0.3499514
B2A,47d391d94b.jpg,0.7455792798120704,0.5625182
B2A,47df262cc5.jpg,0.9260885148818642,0.30215326
B2A,47eea5bf33.jpg,0.5475345011090407,0.5349716
B2A,47f3b40cbc.jpg,0.8433342476368486,0.44872028
B2A,48122c9518.jpg,0.8058633633904645,0.2648967
B2A,481456b5a6.jpg,0.7029007502452976,0.35567746
B2A,481713d59d.jpg,0.7910456531023844,0.36907154
B2A,481bd32b6c.jpg,0.6099193592808119,0.59182626
B2A,482bf5a0d2.jpg,0.7822054333706877,0.32838383
B2A,482fd44fce.jpg,0.8648589115137127,0.13332683
B2A,4831466e23.jpg,0.8970107493221557,0.20612627
B2A,48502862cf.jpg,0.764362883864136,0.5518259
B2A,485517e0c7.jpg,0.8120538529337449,0.28012252
B2A,48598ead29.jpg,0.8355542718036141,0.3652068
B2A,4862d17fa4.jpg,0.8987090313245101,0.31943834
B2A,486a62a430.jpg,0.8704538453444017,0.21956114
B2A,486cafaa7f.jpg,0.8077242459447112,0.2722538
B2A,48735c69aa.jpg,0.9025404389072603,0.24767718
B2A,48793755cd.jpg,0.829027242069155,0.30021885
B2A,4879579e02.jpg,0.6891016619833847,0.5552274
B2A,488a6cef0c.jpg,0.9189285209376229,0.3030178
B2A,489c841af4.jpg,0.6302244168095001,0.5950231
B2A,48a85bc072.jpg,0.794536388070064,0.2771978
B2A,48ac1011db.jpg,0.5915518565014735,0.7461683
B2A,48b6156f89.jpg,0.7445825459878211,0.37780136
B2A,48c641285b.jpg,0.8312358167369933,0.46546614
B2A,48e1a89d96.jpg,0.8217240362008635,0.37136424
B2A,48eac3916f.jpg,0.7953635569673523,0.38796952
B2A,48eb5fa7bd.jpg,0.7001890045842308,0.24288622
B2A,48f120810d.jpg,0.8823639549501547,0.5000706
B2A,49095bdeb5.jpg,0.74581048693202,0.43385923
B2A,491b2ba38c.jpg,0.9257322918066977,0.19857644
B2A,49205c171d.jpg,0.748213996040664,0.29963
B2A,4943c84af0.jpg,0.928130444012172,0.2766966
B2A,494db50238.jpg,0.5483291801647965,0.66211927
B2A,4950bcf8c1.jpg,0.925795297670371,0.24592303
B2A,496757508b.jpg,0.8349417657706302,0.2948215
B2A,499b445583.jpg,0.8487026048035299,0.27213556
B2A,499bc1a152.jpg,0.9204696882960062,0.287389
B2A,499c1bd3b8.jpg,0.5949975494294848,0.4564049
B2A,49a9692a0e.jpg,0.8560772767389244,0.20233506
B2A,49b093a9f3.jpg,0.7562455763304939,0.56231695
B2A,49b3383147.jpg,0.7749996263671373,0.3203581
B2A,49b8c4ea37.jpg,0.7726359654549635,0.2369728
B2A,49c2b1cdef.jpg,0.907155410183521,0.22662172
B2A,49c538fce7.jpg,0.8220824370746073,0.38729337
B2A,49d2c9fc14.jpg,0.7478590223119962,0.41210696
B2A,49dc3fd195.jpg,0.5535473586023224,0.48129123
B2A,49e4129024.jpg,0.7331923158471145,0.5362576
B2A,49ee914a63.jpg,0.8392768284720488,0.31741488
B2A,4a06596662.jpg,0.7152133687409188,0.3962736
B2A,4a12f1780a.jpg,0.8306601925792498,0.40951622
B2A,4a16981927.jpg,0.8659977152203762,0.22846012
B2A,4a195405a0.jpg,0.7480660532463552,0.36943984
B2A,4a1bb1d46c.jpg,0.7297567513130973,0.35849142
B2A,4a20622bde.jpg,0.7948792540699012,0.33256876
B2A,4a29db3c6b.jpg,0.7546881845212438,0.6197482
B2A,4a2c4db283.jpg,0.7585250018231036,0.43687573
B2A,4a55695a4d.jpg,0.6007394589366442,0.67451537
B2A,4a5ab8f970.jpg,0.8854634932755313,0.25271198
B2A,4a669c897c.jpg,0.4981738369877332,0.6285831
B2A,4a7cec06e7.jpg,0.7963709666397685,0.3231998
B2A,4a8a49028d.jpg,0.7876836018239574,0.28172398
B2A,4a916ceb98.jpg,0.8707344769046478,0.2586603
B2A,4a9d34fa51.jpg,0.7918577215067383,0.3456962
B2A,4a9e982b39.jpg,0.8158093394618045,0.52367055
B2A,4aaf628a71.jpg,0.7286003134244394,0.5982655
B2A,4ab9478ef9.jpg,0.6656712190273706,0.50851005
B2A,4abaac9654.jpg,0.8844968668107889,0.22068578
B2A,4abd5654a3.jpg,0.80655496396908,0.33039483
B2A,4abda75494.jpg,0.794646419610724,0.3300346
B2A,4ac7c7bf44.jpg,0.8822868699370299,0.32103947
B2A,4ac8581018.jpg,0.6620329405597627,0.4217261
B2A,4ad0ccff25.jpg,0.7132213255030111,0.4318717
B2A,4adc8b7be7.jpg,0.7305428952538566,0.33781046
B2A,4ae0414bb9.jpg,0.8587948674382466,0.16380984
B2A,4ae09366f5.jpg,0.7438922569960192,0.6793092
B2A,4ae0b6efb2.jpg,0.8345410260695121,0.32395694
B2A,4ae5e1fb1d.jpg,0.8776591229680418,0.27036563
B2A,4b0025406f.jpg,0.6700895006811836,0.5134592
B2A,4b09444fe2.jpg,0.8856474821743686,0.34965858
B2A,4b0c0d7145.jpg,0.9202786217872307,0.20673132
B2A,4b0db938a7.jpg,0.8359539692077623,0.37768817
B2A,4b0f73833c.jpg,0.7915667599610239,0.2665151
B2A,4b14030c98.jpg,0.6686564739742527,0.5476496
B2A,4b2555ba9c.jpg,0.6746889901291455,0.46374744
B2A,4b29d9c42c.jpg,0.8658799116724769,0.29188448
B2A,4b2d102def.jpg,0.7676781856938126,0.4046458
B2A,4b3835e8ba.jpg,0.7807292581865725,0.33345592
B2A,4b3ccac37c.jpg,0.8016990060217751,0.4378138
B2A,4b47e76275.jpg,0.8253932991779522,0.40180036
B2A,4b497dc591.jpg,0.9048078582022133,0.22300461
B2A,4b59dd4ebc.jpg,0.859325250009595,0.28476664
B2A,4b5a46b50f.jpg,0.9046315244629528,0.24087743
B2A,4b5b64dc18.jpg,0.8975461000476509,0.22144371
B2A,4b689e9b37.jpg,0.7660745329233678,0.44579253
B2A,4b7878976b.jpg,0.8289484937983593,0.28733504
B2A,4b7902dfa6.jpg,0.7714529707722779,0.3286692
B2A,4b7fc92bdc.jpg,0.8756345559104617,0.31186032
B2A,4b91cd8fce.jpg,0.7873232217066701,0.4209292
B2A,4b9eb29c59.jpg,0.8299124257443357,0.40675193
B2A,4bab53c613.jpg,0.6932443307187753,0.43326387
B2A,4bad1549a1.jpg,0.547314100764623,0.47281325
B2A,4bbe0cbb3c.jpg,0.6704610151288426,0.50417334
B2A,4bd43d88d4.jpg,0.8138602106514221,0.46591118
B2A,4bd8ec5dd3.jpg,0.6588927358471703,0.8420906
B2A,4bdb933264.jpg,0.813008751858281,0.42177436
B2A,4bdbdcc1e5.jpg,0.8700196215283152,0.3387039
B2A,4bdd197102.jpg,0.7985243581298344,0.5205425
B2A,4be248f682.jpg,0.8650319002090494,0.24783415
B2A,4bedb30dce.jpg,0.7898401024753615,0.5265965
B2A,4bef7510cb.jpg,0.9130754263309654,0.5356616
B2A,4bf1292d69.jpg,0.9214192950751774,0.2968756
B2A,4bfa3043e7.jpg,0.8289954903937866,0.18683127
B2A,4bfc3fbd84.jpg,0.8833311767916822,0.19512333
B2A,4bfed75eb2.jpg,0.8113892413997486,0.42443794
B2A,4c07909a8d.jpg,0.8979564589877058,0.204739
B2A,4c1165be97.jpg,0.785820727916424,0.26738942
B2A,4c16835970.jpg,0.8659792019282864,0.4314016
B2A,4c1907f1a0.jpg,0.8581824257662722,0.3118551
B2A,4c1b160563.jpg,0.9222314207356315,0.21507132
B2A,4c2d3216aa.jpg,0.8642581881771699,0.22223231
B2A,4c30ff85a7.jpg,0.7895506845643255,0.28353375
B2A,4c4574cfa8.jpg,0.810187333814251,0.36918348
B2A,4c507b65b0.jpg,0.6999354796063354,0.46915543
B2A,4c6550cff5.jpg,0.8918206749901665,0.2102257
B2A,4c712561ab.jpg,0.8934364452162513,0.25349122
B2A,4c72792844.jpg,0.84699560513433,0.4274116
B2A,4c75385f85.jpg,0.6988823976860359,0.41948354
B2A,4c7692cb0c.jpg,0.6745460736272519,0.5742978
B2A,4c7b54e38c.jpg,0.6753490222416275,0.4840685
B2A,4c8a000abb.jpg,0.9221804199223284,0.25287905
B2A,4c8bf22d16.jpg,0.847825879163184,0.33225596
B2A,4c9669b6b8.jpg,0.7519455225494132,0.3495633
B2A,4ca019a3d6.jpg,0.6786073845685557,0.5826203
B2A,4ca57d26c0.jpg,0.6036695906864112,0.39311355
B2A,4ca6e5451a.jpg,0.7293493521358662,0.39141393
B2A,4cac88b518.jpg,0.8523812251610696,0.359892
B2A,4cb25fbf3d.jpg,0.6945295122149525,0.47261113
B2A,4cb7c5e33d.jpg,0.7875632307542657,0.5592253
B2A,4cc42ebe97.jpg,0.760232142783233,0.40002525
B2A,4ccc4a21e3.jpg,0.8732679306043969,0.23413725
B2A,4cd07a4561.jpg,0.8608859022686597,0.3716216
B2A,4cdd74b1c7.jpg,0.9123991966432862,0.3108359
B2A,4cf9aac018.jpg,0.7435397848393275,0.3448103
B2A,4cfdd2e627.jpg,0.8102100412533564,0.30829108
B2A,4d08cb65c3.jpg,0.6213458100990022,0.53926164
B2A,4d0a217b38.jpg,0.7041677510954907,0.34913927
B2A,4d0a274acb.jpg,0.8105616439710421,0.25304195
B2A,4d0eb41723.jpg,0.8505832992839015,0.3648938
B2A,4d1755ab04.jpg,0.7226686742191404,0.38066426
B2A,4d1c0b488e.jpg,0.8255299966290517,0.21570127
B2A,4d1c4d142e.jpg,0.777934475881855,0.31035295
B2A,4d1d5efd4f.jpg,0.8001402979370228,0.20069833
B2A,4d3a7e5326.jpg,0.889947507691286,0.61753094
B2A,4d42605a8b.jpg,0.8139159941616592,0.27977645
B2A,4d4b6bcac4.jpg,0.6967580163375878,0.29005033
B2A,4d4f0faddf.jpg,0.7906149562609274,0.46968868
B2A,4d4f388e91.jpg,0.8593905817610653,0.31458914
B2A,4d4f6174f1.jpg,0.8392258617171711,0.3961425
B2A,4d62a64806.jpg,0.8932385079032302,0.21155436
B2A,4d7188ff9e.jpg,0.885881514375228,0.25207353
B2A,4d7517df48.jpg,0.7932349936864929,0.52866834
B2A,4d77636dea.jpg,0.8252516990404273,0.23535486
B2A,4d7de87ec6.jpg,0.8453269908796475,0.2516907
B2A,4d7fefe879.jpg,0.8425244392442438,0.2261188
B2A,4d83b23265.jpg,0.7579260057186314,0.5306329
B2A,4d90220636.jpg,0.8582506339929707,0.3435276
B2A,4d91831344.jpg,0.65714501236528,0.55698526
B2A,4dc37726d9.jpg,0.9422152142347413,0.22544985
B2A,4dc92c4b4a.jpg,0.8449568723803461,0.22844425
B2A,4dd30f189a.jpg,0.6129810240928141,0.4518551
B2A,4df98eeceb.jpg,0.7794743499910105,0.34692207
B2A,4e093e9511.jpg,0.877700990636547,0.3604038
B2A,4e0951fde1.jpg,0.7244057599492164,0.5275644
B2A,4e16ff77ac.jpg,0.8300204351849256,0.43369365
B2A,4e21145eb2.jpg,0.6504382713056995,0.3966201
B2A,4e2dba148d.jpg,0.8613102772238397,0.33194822
B2A,4e3006bd6b.jpg,0.8154775564620724,0.40125462
B2A,4e341f8891.jpg,0.7490812480204588,0.4593557
B2A,4e43b597e2.jpg,0.7323088258573125,0.3679143
B2A,4e4f75c4cc.jpg,0.862225263059496,0.22697198
B2A,4e53db7c72.jpg,0.7302114689600578,0.49866948
B2A,4e5451ed74.jpg,0.6610676696796016,0.5573084
B2A,4e5b4fb2ab.jpg,0.8862937718726613,0.23508433
B2A,4e6e7f30da.jpg,0.7062745975306132,0.39403096
B2A,4e868f2a58.jpg,0.921347648124774,0.21421255
B2A,4e880786c4.jpg,0.6811658576938495,0.3760932
B2A,4e8b01ac67.jpg,0.6772077471822925,0.26675868
B2A,4e8bd98343.jpg,0.8878086661048207,0.250073
B2A,4e956f2cfb.jpg,0.8111571708769294,0.33065435
B2A,4ea19d4d05.jpg,0.8702693401925524,0.43884465
B2A,4eaa045ce6.jpg,0.9144837033601466,0.19321923
B2A,4eb3c1b0a7.jpg,0.6895433400093699,0.4567281
B2A,4ebb3df6e1.jpg,0.6996852943554686,0.4420244
B2A,4ec313a8cd.jpg,0.5960417104907839,0.5269169
B2A,4edd4fe6fa.jpg,0.6635890754602322,0.4478132
B2A,4ee02ffd2c.jpg,0.6895700145855802,0.3200749
B2A,4ef10f3299.jpg,0.9106246079802941,0.2908169
B2A,4f1249d8dc.jpg,0.6257325147711003,0.45392105
B2A,4f16e0bc95.jpg,0.5606792417779352,0.4335579
B2A,4f1fc68a47.jpg,0.8770426180267882,0.40834427
B2A,4f297a711e.jpg,0.5867034107651217,0.543125
B2A,4f36d845b0.jpg,0.753857076818488,0.45454985
B2A,4f38f2b8f5.jpg,0.737684418901259,0.41775283
B2A,4f397d38d7.jpg,0.6957736921398762,0.48835212
B2A,4f5245105c.jpg,0.7392957749135126,0.41604853
B2A,4f5d5e7da3.jpg,0.7814719038010483,0.41048104
B2A,4f5e363609.jpg,0.714878956349039,0.39521384
B2A,4f6353e80e.jpg,0.5625177903375246,0.5016097
B2A,4f64339fea.jpg,0.863806325831993,0.36842415
B2A,4f697daf2d.jpg,0.7499792385306814,0.25780734
B2A,4f79b373f4.jpg,0.7644177799632768,0.25453305
B2A,4f83d232c2.jpg,0.9034366020146634,0.50088656
B2A,4f86f80479.jpg,0.6312257769998852,0.6105796
B2A,4f882d4400.jpg,0.8146390376872009,0.42834294
B2A,4f99708506.jpg,0.8731778277114838,0.36095834
B2A,4f9aa92ca3.jpg,0.6934772864127219,0.46394417
B2A,4fb5c1ac0a.jpg,0.8857682588226834,0.16011705
B2A,4fb6bcd5e8.jpg,0.6989514602746401,0.5361272
B2A,4fc41e388a.jpg,0.6452255337834463,0.544412
B2A,4fc90f8de5.jpg,0.7564930111794714,0.28618693
B2A,4fc9c537a7.jpg,0.643196714107558,0.6687792
B2A,4fd1d8afbf.jpg,0.6952259610402841,0.40173864
B2A,4fdaff583d.jpg,0.8242718689595606,0.31429124
B2A,4fe122209b.jpg,0.6874130750400672,0.50490963
B2A,4fe72a654e.jpg,0.8542039819451744,0.31146702
B2A,4ff4d77c99.jpg,0.8772135478891301,0.20690683
B2A,500d59cf86.jpg,0.5673275734633096,0.5298959
B2A,50115558cd.jpg,0.8330029474158646,0.49434596
B2A,501719248c.jpg,0.6920761442821638,0.35655776
B2A,5019a8ffcf.jpg,0.7026633791363265,0.47337943
B2A,5019d1eac7.jpg,0.8187717944269265,0.36925942
B2A,503c9badbb.jpg,0.8685870571207086,0.3590302
B2A,5048bb66c8.jpg,0.7325249227360217,0.33187822
B2A,504cec61a2.jpg,0.8757273214214136,0.18853167
B2A,504db35d13.jpg,0.7187909764220507,0.4605378
B2A,5050bd632b.jpg,0.8725231396358318,0.32095405
B2A,505850ed9f.jpg,0.6172490931039074,0.4761846
B2A,5065b423b0.jpg,0.8014537442360151,0.18916488
B2A,506fdcb3c1.jpg,0.852276362043328,0.33912757
B2A,5074e8a51e.jpg,0.8131452368704237,0.29412872
B2A,50779f1ae6.jpg,0.8214814961973248,0.34425429
B2A,508f9ce48d.jpg,0.7714569123250017,0.40224588
B2A,50a42e1240.jpg,0.8077366083702643,0.29766563
B2A,50a5168133.jpg,0.8425310429793752,0.30646694
B2A,50b6593431.jpg,0.8830586203770546,0.303639
B2A,50b8e79da2.jpg,0.898590077485834,0.13874373
B2A,50c3f4beec.jpg,0.8567475153422935,0.34498826
B2A,50d9c1aa47.jpg,0.6731037944598502,0.3226081
B2A,50e2f57e76.jpg,0.541447559123359,0.6201281
B2A,50e85855f5.jpg,0.8376436254053755,0.320791
B2A,50e9fc6fdd.jpg,0.6694915090999815,0.56250453
B2A,50eb328bb2.jpg,0.7868799729956394,0.2816155
B2A,50f52bf9a4.jpg,0.888363292557778,0.20979196
B2A,50f598c729.jpg,0.884543055269155,0.23629048
B2A,50f7a05ee7.jpg,0.8610960845040511,0.3192975
B2A,51068cd053.jpg,0.8705900709618148,0.2363455
B2A,5116db8d92.jpg,0.7979417487185172,0.35650036
B2A,5117ec7f6b.jpg,0.5950608101154201,0.24881536
B2A,51279a61da.jpg,0.8990003544196058,0.25328365
B2A,5135f3ba21.jpg,0.8460939783373357,0.3748232
B2A,513cb0638a.jpg,0.8866850582573362,0.2335554
B2A,5140b80748.jpg,0.8962141890134139,0.3019797
B2A,514db4068a.jpg,0.8586072314194534,0.22406062
B2A,5155be81bf.jpg,0.8633572460033336,0.32163808
B2A,51563bc8ab.jpg,0.6991002103865234,0.3383663
B2A,516670d194.jpg,0.8258025199787818,0.43048978
B2A,51736e3772.jpg,0.8134807757249254,0.22873798
B2A,517eba9d0a.jpg,0.7757093851067899,0.3048687
B2A,51867bc005.jpg,0.7362363152213267,0.42228338
B2A,5194f65634.jpg,0.8583685727754499,0.3513299
B2A,519d3674c2.jpg,0.7752014677635751,0.23936987
B2A,519fc7c17a.jpg,0.8022992370324468,0.36234286
B2A,51aa9c9a20.jpg,0.8643926542369081,0.30756977
B2A,51dc50880b.jpg,0.9212910461436384,0.23982882
B2A,51e7037c03.jpg,0.5608904126341319,0.53669095
B2A,51ede123f3.jpg,0.9016920631415264,0.34756833
B2A,51ffb613ce.jpg,0.6657627784673144,0.39817804
B2A,52087dc0d6.jpg,0.7240066386531673,0.41325787
B2A,522a6dcbec.jpg,0.85474792979726,0.46500736
B2A,523cbdab7d.jpg,0.9371590862137287,0.39666447
B2A,524223dfd9.jpg,0.5915424289403827,0.45752534
B2A,524af04df1.jpg,0.7385515921690696,0.55045474
B2A,524d00561a.jpg,0.8775773474223957,0.27705452
B2A,524fdda784.jpg,0.8204426725711769,0.513821
B2A,52592fe2c6.jpg,0.8909432928928903,0.291269
B2A,525952c058.jpg,0.8781439456788653,0.44524884
B2A,525f580c06.jpg,0.8811558647786308,0.30786884
B2A,5262b01633.jpg,0.8601833564731002,0.38603765
B2A,526b153062.jpg,0.6747630054452459,0.5011435
B2A,526dc07146.jpg,0.852041623527593,0.31588396
B2A,527dd222d6.jpg,0.7314326579780062,0.31241316
B2A,527ddb23d4.jpg,0.8426580036169536,0.2544108
B2A,528058909d.jpg,0.8844229349717991,0.15330806
B2A,5280e2e8de.jpg,0.7093396450402779,0.49056712
B2A,5286eb8945.jpg,0.7399114206583874,0.32886553
B2A,529fa39eb2.jpg,0.819202142527173,0.32238197
B2A,52a2a7132e.jpg,0.7327283870641419,0.48635113
B2A,52ae3cd25d.jpg,0.8318991125807859,0.24664243
B2A,52b870f300.jpg,0.7707998307961211,0.5278859
B2A,52bb31919e.jpg,0.5555565200425528,0.4477658
B2A,52bd17daa7.jpg,0.8253465262673135,0.3453986
B2A,52bee900da.jpg,0.6404050357351573,0.6813775
B2A,52cda09a5f.jpg,0.7507261301578388,0.3674771
B2A,52d8dbe113.jpg,0.5779173319822857,0.3795136
B2A,52e91ba9cf.jpg,0.646196976512329,0.29215512
B2A,52f30bd94c.jpg,0.8106570570282003,0.24181648
B2A,52f641c328.jpg,0.7616105688397201,0.23272392
B2A,52f7801904.jpg,0.8190545597492113,0.44858763
B2A,5305c4063a.jpg,0.7132364956821344,0.27742618
B2A,5319435b3f.jpg,0.8512281573724146,0.30253693
B2A,53194986bc.jpg,0.5434959359455853,0.5722463
B2A,53289e47ec.jpg,0.6366609907736984,0.41887414
B2A,532d743269.jpg,0.724672898119339,0.3507743
B2A,532f9d0621.jpg,0.7256712406749928,0.3330017
B2A,5338413448.jpg,0.8455997453362325,0.30557063
B2A,5338bd03be.jpg,0.7318480767402277,0.5081659
B2A,533be4e6eb.jpg,0.8451811543353509,0.26526576
B2A,5342ec67da.jpg,0.8247611830928845,0.36130837
B2A,534703a792.jpg,0.9005823059840435,0.15968004
B2A,53516d9b04.jpg,0.8358104321149256,0.29499388
B2A,53679e6985.jpg,0.618484177615842,0.5885335
B2A,536c125b6f.jpg,0.5796806207100784,0.54203355
B2A,536c7edb2a.jpg,0.7687915737092188,0.35474986
B2A,537b155f3d.jpg,0.6956376665459738,0.58441204
B2A,537f558973.jpg,0.8685427581407817,0.28437126
B2A,53866d4a68.jpg,0.8410421587105824,0.2462278
B2A,5389fb4007.jpg,0.6928884563626274,0.6478775
B2A,53902a4799.jpg,0.9138859037999165,0.25169015
B2A,5395902bc7.jpg,0.8597768045814721,0.1557382
B2A,53988b72f6.jpg,0.7879508678826448,0.32679892
B2A,53989c56ff.jpg,0.6759619534390671,0.5007242
B2A,53998f50b2.jpg,0.6949840040241844,0.4025963
B2A,539e2ee021.jpg,0.7274218885438964,0.4850399
B2A,53b01e2132.jpg,0.5887072180187907,0.47774336
B2A,53b27f0c81.jpg,0.7602853236650006,0.5071893
B2A,53b835550d.jpg,0.741029647714155,0.48064142
B2A,53bce35f0b.jpg,0.7681752350722184,0.489665
B2A,53c245a6f3.jpg,0.8967577917443504,0.37789264
B2A,53d0160b46.jpg,0.5479698298004894,0.5170281
B2A,53d62fccce.jpg,0.9395962738393822,0.2227713
B2A,53e5b6b1b3.jpg,0.7599406634421659,0.28760046
B2A,53e766ae2b.jpg,0.840331020292776,0.21721122
B2A,53ea60da05.jpg,0.8940621637171428,0.24351582
B2A,540649ac8c.jpg,0.8138967544008789,0.2819311
B2A,5407972e58.jpg,0.8834307813216935,0.24285536
B2A,5418378939.jpg,0.5963513502011882,0.4292035
B2A,54199dc11f.jpg,0.8827401971231713,0.18280603
B2A,5420c594aa.jpg,0.8021175589747795,0.5692737
B2A,5429ab574f.jpg,0.82190278348149,0.267612
B2A,5432eef613.jpg,0.8160287651488747,0.41097265
B2A,5435fdfdc4.jpg,0.8837102277607113,0.23946203
B2A,54381f3114.jpg,0.8498953615553578,0.26118934
B2A,543ea28da6.jpg,0.5708397607719834,0.5487869
B2A,5447d2bd8d.jpg,0.9038160603287437,0.26750734
B2A,54510d8755.jpg,0.6319647877382726,0.5078436
B2A,5451321dd0.jpg,0.7759118912269345,0.39981148
B2A,5452e17b68.jpg,0.7922005380781425,0.34664235
B2A,54538aea8b.jpg,0.7478277293883063,0.27599522
B2A,54557ef4cf.jpg,0.5490805651328629,0.4563226
B2A,54796e9027.jpg,0.879750923469824,0.300488
B2A,547ae945cb.jpg,0.7041980442326967,0.32282332
B2A,547c5615d1.jpg,0.6222167800822187,0.41708326
B2A,5484662dfb.jpg,0.8584630736982893,0.37534478
B2A,54b556920a.jpg,0.6458845464247369,0.43759805
B2A,54b6416b3a.jpg,0.7287739380928959,0.43283904
B2A,54b6bbf683.jpg,0.8706912549486752,0.33621672
B2A,54b8be5c1e.jpg,0.8686773849470856,0.20755628
B2A,54bf5ab7fd.jpg,0.7798513722778425,0.6186089
B2A,54d2feb575.jpg,0.8891475238729906,0.21800792
B2A,54e9e67501.jpg,0.7900824347146366,0.24051434
B2A,54f65afd1c.jpg,0.6789047023992986,0.5902291
B2A,55004786ef.jpg,0.7085224227109415,0.42352414
B2A,550956b456.jpg,0.9091707584835831,0.43752202
B2A,550b90e008.jpg,0.81670273529526,0.24185494
B2A,55129db8f9.jpg,0.8783284032620501,0.16818568
B2A,5515a27184.jpg,0.8930025365867771,0.35848367
B2A,5519a2e240.jpg,0.7301181093545921,0.42426616
B2A,551afc0ef0.jpg,0.8084133611080955,0.29288095
B2A,55288a650b.jpg,0.7715419135859825,0.28155667
B2A,552aad92e5.jpg,0.8380298666108557,0.23473702
B2A,552b38a9bc.jpg,0.8046409916541484,0.29557714
B2A,55364f51f9.jpg,0.8549408284944388,0.27293587
B2A,5541538198.jpg,0.6798246626948052,0.33397648
B2A,5565d2e475.jpg,0.6922671861939056,0.36955607
B2A,5587066bdc.jpg,0.8586609228635814,0.28865188
B2A,558e78d813.jpg,0.8543339253557458,0.37608305
B2A,559359bcca.jpg,0.9164170338557969,0.18426333
B2A,55a74b7296.jpg,0.8244944817740145,0.24844238
B2A,55a8a07dde.jpg,0.9279860787517215,0.33264348
B2A,55a9c23538.jpg,0.731429155999123,0.44386125
B2A,55ac4415ef.jpg,0.6805453236411951,0.29890063
B2A,55b015b4df.jpg,0.7844509434844688,0.22866353
B2A,55d0d2d4a1.jpg,0.5560235207118098,0.4716972
B2A,55e5a039c3.jpg,0.8926917008968828,0.32597494
B2A,5602c749d0.jpg,0.7945385896184612,0.39961928
B2A,5604c7533d.jpg,0.914297060293439,0.62395877
B2A,5604ea3384.jpg,0.7129049980549714,0.45499292
B2A,5608b7a226.jpg,0.910159052267987,0.15284345
B2A,5619b15af5.jpg,0.7788520403765941,0.43874848
B2A,561c1f7cde.jpg,0.7581381276568624,0.3147828
B2A,561d9722a4.jpg,0.8157554229739788,0.351487
B2A,561e61d7f1.jpg,0.8165525101252546,0.32117358
B2A,561ec9ffaf.jpg,0.8908619019319918,0.2572446
B2A,5622447728.jpg,0.7621135713958778,0.41991523
B2A,56270960dc.jpg,0.9133177463393479,0.23795488
B2A,563012ee88.jpg,0.8361271142826529,0.3387586
B2A,56539880a8.jpg,0.8608763192074904,0.20551412
B2A,5654801d96.jpg,0.8185570365344049,0.16521199
B2A,565702bc95.jpg,0.9058939893778317,0.2648687
B2A,5681f45127.jpg,0.6981736131609777,0.40210277
B2A,56849b394d.jpg,0.7398819886857704,0.5315559
B2A,56884e5824.jpg,0.6888152382113301,0.44005302
B2A,568885cc54.jpg,0.6508481459594249,0.63374615
B2A,56894c4948.jpg,0.7412056615511822,0.38368672
B2A,568d52aa05.jpg,0.7100577915264085,0.20877491
B2A,568d92c4a7.jpg,0.9259970203072374,0.18420178
B2A,5694abf7fa.jpg,0.661531897548831,0.6689468
B2A,569ed795ec.jpg,0.682770453286853,0.4211247
B2A,56ac108ce7.jpg,0.6310559678779459,0.3629223
B2A,56ac1f673a.jpg,0.9003723805652202,0.29268485
B2A,56ac3dda09.jpg,0.8084719922007342,0.372593
B2A,56bfd45d42.jpg,0.8285292077339753,0.31978154
B2A,56c6444a6d.jpg,0.8630452009249673,0.42672276
B2A,56c690f4ce.jpg,0.8412182913352804,0.3601089
B2A,56cb23c291.jpg,0.7599609357057943,0.37139502
B2A,56d2ce77d3.jpg,0.7792960754572028,0.34803826
B2A,56df48f901.jpg,0.691542451903468,0.40263522
B2A,56e14fc1c7.jpg,0.6394521040957842,0.5017371
B2A,56e28bc581.jpg,0.8876652700721557,0.25605077
B2A,56e473c0df.jpg,0.7096490888202347,0.4543069
B2A,56e858f7c3.jpg,0.6004423670394489,0.42861
B2A,5707c424dd.jpg,0.7701144297544558,0.35215864
B2A,571325ea85.jpg,0.7706108098370092,0.36936486
B2A,571a8540a2.jpg,0.6388596185225206,0.38391364
B2A,571c0614e4.jpg,0.8730246639504606,0.22802672
B2A,571da2a2b6.jpg,0.8055124096542055,0.4020617
B2A,572d08dd47.jpg,0.6183629255668541,0.4913182
B2A,5734dda15c.jpg,0.8475560531739132,0.28952453
B2A,573e2bc6ac.jpg,0.8560447863212657,0.36750817
B2A,573f3616e6.jpg,0.742597707710308,0.30752465
B2A,57509041fb.jpg,0.79306996539681,0.37239528
B2A,575796635b.jpg,0.8419405960776761,0.35864145
B2A,5757d9bb28.jpg,0.7738237233908581,0.33758572
B2A,5764c388a6.jpg,0.9103010824083292,0.23794347
B2A,5777167029.jpg,0.7288379850144078,0.6493873
B2A,5784a2edfb.jpg,0.9022457872420357,0.36774245
B2A,57874888f9.jpg,0.8169131678415975,0.28003073
B2A,5794fc49e9.jpg,0.8091040080543581,0.4322563
B2A,57965b2143.jpg,0.6203781473652668,0.4285343
B2A,579cd00684.jpg,0.6240257383707325,0.7087841
B2A,579d0d4e7d.jpg,0.8162470011951682,0.3182814
B2A,57a2330579.jpg,0.9263015907445932,0.25663114
B2A,57ba66fb37.jpg,0.7265367889923318,0.49466488
B2A,57bd2abf4c.jpg,0.8940770223476652,0.35505858
B2A,57c47a8905.jpg,0.6270127736541647,0.6280491
B2A,57c528a4d5.jpg,0.7575754933687129,0.38917848
B2A,57c906c4cf.jpg,0.8312185546813275,0.21442714
B2A,57cf047094.jpg,0.8037898382929098,0.44021094
B2A,57d109e9cf.jpg,0.881906616207023,0.2766508
B2A,57dccccee3.jpg,0.909758481150111,0.1904377
B2A,57e0bbe931.jpg,0.8419264101469265,0.40848655
B2A,57e301422d.jpg,0.8069348135967103,0.29330513
B2A,58111663f1.jpg,0.8047468254922232,0.2868973
B2A,581d539ad6.jpg,0.6271695811267309,0.40325943
B2A,5833188a28.jpg,0.9122651509950527,0.20600334
B2A,5834c44d37.jpg,0.7473163868946292,0.51489127
B2A,5847f64d5d.jpg,0.7643956734303454,0.3329048
B2A,5852bbcf34.jpg,0.6796606566204684,0.51419055
B2A,585a5eb514.jpg,0.858801981995649,0.2843621
B2A,585aa1f933.jpg,0.9259049011756113,0.12795539
B2A,585efde177.jpg,0.657806695432938,0.608024
B2A,585f9cb26d.jpg,0.7878855376418664,0.32629818
B2A,586d359437.jpg,0.6987385676094112,0.52203715
B2A,5879d04028.jpg,0.7661247325610923,0.32736436
B2A,587a865f86.jpg,0.8777145229974959,0.33008435
B2A,587cc7c2fe.jpg,0.6920311910637627,0.40103045
B2A,5894a8daaa.jpg,0.8143596010088205,0.39833415
B2A,589b4cbb6e.jpg,0.7788256668154244,0.25235796
B2A,589fdf111c.jpg,0.6839496672824019,0.4110842
B2A,58a038ba43.jpg,0.8418548000101107,0.33597693
B2A,58a4b16894.jpg,0.7273448358255407,0.54758716
B2A,58a776400d.jpg,0.9245613658701726,0.15380102
B2A,58a9467f2f.jpg,0.7146255401389011,0.2983092
B2A,58ae62fe43.jpg,0.5918756662264503,0.68207633
B2A,58bd31f329.jpg,0.6074023750497873,0.58652556
B2A,58c1e36fda.jpg,0.8823310514844833,0.42944014
B2A,58cb8ad323.jpg,0.7385160764229344,0.46092573
B2A,58d3d98397.jpg,0.7601360352798014,0.41880694
B2A,58e34a0489.jpg,0.786036386136255,0.3993217
B2A,5901773791.jpg,0.83898318311934,0.25376397
B2A,590530447f.jpg,0.8325795674066283,0.2879762
B2A,5913ac7eed.jpg,0.7715164925597925,0.38021636
B2A,591d527b4e.jpg,0.8858563442796731,0.37646383
B2A,591df1353a.jpg,0.9470096130214464,0.31575796
B2A,59245494b6.jpg,0.7801901211733998,0.24415335
B2A,592bf31bd5.jpg,0.8500003536043247,0.3776174
B2A,592dd67bf2.jpg,0.8046134097741477,0.29137036
B2A,59344b7884.jpg,0.8163427357677685,0.32294375
B2A,593d5650ea.jpg,0.8881641177902713,0.1797435
B2A,593fa1789b.jpg,0.6800831603278333,0.49230462
B2A,594257c315.jpg,0.7668774489333715,0.54224896
B2A,5948efa988.jpg,0.6118150847227264,0.4692323
B2A,5966f03832.jpg,0.8573629609472739,0.2584517
B2A,5979ddaf40.jpg,0.5564297622526844,0.34545237
B2A,597dc8102b.jpg,0.8451422567157835,0.2983625
B2A,599d5b2041.jpg,0.7760517174599842,0.46013582
B2A,59a4aa8ae0.jpg,0.8461404678110771,0.31372133
B2A,59a5b56086.jpg,0.6794476034068934,0.36379132
B2A,59bf7066cc.jpg,0.6364734459163022,0.47867754
B2A,59c0b11f7a.jpg,0.6507707755046489,0.41388404
B2A,59c73a71e2.jpg,0.777654454858107,0.3960694
B2A,59d87604af.jpg,0.7950714395418544,0.21008395
B2A,59f40fedcd.jpg,0.6801925957439833,0.3592764
B2A,5a086eb4d4.jpg,0.7552035272781756,0.21321929
B2A,5a0e4d57e3.jpg,0.7085349284960114,0.38291937
B2A,5a114c6f90.jpg,0.7229553489206714,0.34407306
B2A,5a1f5ac407.jpg,0.8189041726590838,0.34697756
B2A,5a234f081a.jpg,0.9041788802397032,0.30348772
B2A,5a294c5685.jpg,0.7931875697808517,0.25270388
B2A,5a29db5e43.jpg,0.9178731809825327,0.2391772
B2A,5a30d613e5.jpg,0.7036487954923772,0.43419605
B2A,5a384bf8d9.jpg,0.7280045058366803,0.40065396
B2A,5a3c04abea.jpg,0.9124145297595044,0.2990365
B2A,5a5b14d79d.jpg,0.8613323278894556,0.24761981
B2A,5a648082a7.jpg,0.9002790892972751,0.22664514
B2A,5a722db12a.jpg,0.8772558588825263,0.38637444
B2A,5a7cd923cb.jpg,0.7963426408646047,0.3293854
B2A,5a7fe873f4.jpg,0.91484464383203,0.6141205
B2A,5a885d5128.jpg,0.8608614022090141,0.36371756
B2A,5a90fcd546.jpg,0.7874207562873381,0.3490746
B2A,5a921a3ab6.jpg,0.9090298059417677,0.34238577
B2A,5a977985f9.jpg,0.7606613623907946,0.36567783
B2A,5a9f9c1a61.jpg,0.652635969197144,0.5267522
B2A,5aac6a791e.jpg,0.8013226374450886,0.3011961
B2A,5abbc037e1.jpg,0.8186377863202421,0.31039092
B2A,5ac7e3d633.jpg,0.8035104815416169,0.2542089
B2A,5ad9efc598.jpg,0.8512870668335378,0.15142821
B2A,5adb2c3de9.jpg,0.7143063050689854,0.3304486
B2A,5ae669f97f.jpg,0.9013407541308985,0.31403476
B2A,5ae67d7741.jpg,0.826360094815062,0.27140033
B2A,5b1ac7d453.jpg,0.8285071833981139,0.15114552
B2A,5b1c17961a.jpg,0.8191848633219427,0.23967941
B2A,5b1ca92c81.jpg,0.7662390190377509,0.35097322
B2A,5b1ce21999.jpg,0.8847241074532103,0.3017683
B2A,5b25e416af.jpg,0.8874241885169405,0.32136127
B2A,5b28e861e1.jpg,0.6480305830896494,0.45990485
B2A,5b2c1cbcc1.jpg,0.7730146826308997,0.24336961
B2A,5b36970405.jpg,0.9256564632901775,0.24535847
B2A,5b39ba9b27.jpg,0.7579392077285385,0.31224698
B2A,5b3c9ac58f.jpg,0.8195327832002199,0.2843195
B2A,5b430536ec.jpg,0.9058879025972006,0.30125284
B2A,5b45458ccf.jpg,0.817367082178158,0.37982255
B2A,5b47729366.jpg,0.9317823982918342,0.33538094
B2A,5b54acd95e.jpg,0.8120349927653986,0.38355973
B2A,5b5eae4414.jpg,0.8164116973055606,0.3805857
B2A,5b644de405.jpg,0.681176863209803,0.4386601
B2A,5b67d44eea.jpg,0.893420010408222,0.24521852
B2A,5b8f94e9ed.jpg,0.7694740822269964,0.22203115
B2A,5b960d2105.jpg,0.9301765371715514,0.21942294
B2A,5ba1f82d11.jpg,0.8142889425415396,0.26829877
B2A,5baec51613.jpg,0.8977101966097416,0.21249762
B2A,5bb0b7b0fd.jpg,0.9531266704165284,0.22982904
B2A,5bb7d3f1e2.jpg,0.870161574405543,0.26789734
B2A,5bce397cd6.jpg,0.8567903532418001,0.22197898
B2A,5bdd158279.jpg,0.8533663028908344,0.24705558
B2A,5bddd2139f.jpg,0.6572922447948634,0.51406866
B2A,5bfc51adc2.jpg,0.7595968703445855,0.43594193
B2A,5c0287b212.jpg,0.8964436747720835,0.2747407
B2A,5c03d3796d.jpg,0.565824015851654,0.4998401
B2A,5c04deef4e.jpg,0.6800475317529295,0.2587574
B2A,5c068c34b2.jpg,0.8099266656405115,0.25556397
B2A,5c096f6c6b.jpg,0.7341155947031467,0.45079875
B2A,5c097be130.jpg,0.8754046487771547,0.31751466
B2A,5c2de90d27.jpg,0.8284966345093261,0.28761768
B2A,5c3849313d.jpg,0.9102243863490073,0.18419558
B2A,5c399c47f2.jpg,0.792208613663184,0.39058074
B2A,5c3afc56ce.jpg,0.9257152753756298,0.18111636
B2A,5c3d598219.jpg,0.8451259379094187,0.3658865
B2A,5c50599656.jpg,0.7902852778232946,0.3918985
B2A,5c556d2c26.jpg,0.9028077500674302,0.35947222
B2A,5c55bd3c02.jpg,0.8876380553583257,0.29198658
B2A,5c574cd9b7.jpg,0.8132815800198253,0.3925128
B2A,5c6144e5be.jpg,0.768298556313354,0.39312044
B2A,5c6c72ff95.jpg,0.7907775149311478,0.47375298
B2A,5c8a36d364.jpg,0.7590260681410184,0.508957
B2A,5c9487be68.jpg,0.8072610586201957,0.29681563
B2A,5c9979287f.jpg,0.8177295866175176,0.2201167
B2A,5c9b9f20eb.jpg,0.8026206541918621,0.31945997
B2A,5ca98fc2af.jpg,0.9237872288543484,0.19854566
B2A,5cb9dcf772.jpg,0.7364886449062038,0.37977904
B2A,5cc20cb7e7.jpg,0.8425820704816847,0.27426937
B2A,5ce9aaf1e0.jpg,0.7947046158921576,0.38250384
B2A,5cf2ea15af.jpg,0.6462935491626153,0.67183375
B2A,5cff9ca17c.jpg,0.7675105813590164,0.5393547
B2A,5d03870821.jpg,0.7397439020801371,0.29650322
B2A,5d10d088ee.jpg,0.7180046713282653,0.49716064
B2A,5d1671f99b.jpg,0.6314025830261651,0.3262603
B2A,5d1d521c3f.jpg,0.7340734444799684,0.27900428
B2A,5d23c3c935.jpg,0.8571041410250689,0.3522171
B2A,5d3ce96256.jpg,0.9140972832223921,0.29334074
B2A,5d4377db4a.jpg,0.7917029027038976,0.2863666
B2A,5d53f82763.jpg,0.8995903992010578,0.24064922
B2A,5d5d5c6cec.jpg,0.7073409065164633,0.44395828
B2A,5d77349c0e.jpg,0.6883392772802267,0.30141196
B2A,5d7b441aa9.jpg,0.6304053920793498,0.5539777
B2A,5d875c63ab.jpg,0.9354576697339694,0.1758135
B2A,5d87fdb2c6.jpg,0.8994745313629428,0.36937279
B2A,5d8939501e.jpg,0.8069842226610723,0.26807496
B2A,5d90dbd1ca.jpg,0.6918420113223361,0.43404362
B2A,5da725f8d7.jpg,0.8421217342662478,0.37914678
B2A,5da88da947.jpg,0.7236835129756303,0.5648953
B2A,5dcdf86cfb.jpg,0.9223320579591326,0.17831041
B2A,5dcfd3a36f.jpg,0.6230660109512641,0.42584723
B2A,5ddb1eae61.jpg,0.8400205930878706,0.36615086
B2A,5de7aa1645.jpg,0.6581479002253289,0.40198922
B2A,5ded03d0f9.jpg,0.7167181337479615,0.3547738
B2A,5e0062d8c4.jpg,0.7778616851768813,0.22277474
B2A,5e0082e751.jpg,0.869690606363612,0.46696296
B2A,5e05579bfb.jpg,0.8067744923955348,0.4179543
B2A,5e0b43957f.jpg,0.858137517709396,0.45117038
B2A,5e187eb93f.jpg,0.8411546840908516,0.23608819
B2A,5e23eef10f.jpg,0.6645879701424964,0.4377287
B2A,5e49c27b03.jpg,0.8379551059490278,0.41289267
B2A,5e4de25a9c.jpg,0.886109315250241,0.1713808
B2A,5e5c74bded.jpg,0.7269705318813408,0.28284895
B2A,5e62cdccf1.jpg,0.9031308459694339,0.20798123
B2A,5e64b64de8.jpg,0.8341383457587117,0.27873075
B2A,5e80458f0d.jpg,0.6670172039712591,0.36356235
B2A,5e8a5f5d3b.jpg,0.6754962248890126,0.37377548
B2A,5e8afd118f.jpg,0.7378332412807919,0.34242806
B2A,5e9b6ee1a4.jpg,0.7467491751736994,0.5144709
B2A,5e9d609ee7.jpg,0.7973398456883378,0.45604753
B2A,5e9f0eec0c.jpg,0.876302927666311,0.34642053
B2A,5ea13d56aa.jpg,0.7353868591082039,0.3130576
B2A,5eaccc99bf.jpg,0.8612255017412724,0.20308614
B2A,5eb792b2be.jpg,0.9049889196070897,0.21290575
B2A,5ed2785909.jpg,0.8222034892538674,0.3541335
B2A,5ed86a6d0b.jpg,0.9400108474421643,0.20296925
B2A,5edefd0d0f.jpg,0.7549484364211625,0.29506588
B2A,5ee0ea499b.jpg,0.883296600846158,0.29416594
B2A,5ee88f0c5f.jpg,0.8657818191111082,0.2917205
B2A,5ee96ba98d.jpg,0.8053006278361019,0.4739782
B2A,5ef70f37ea.jpg,0.7079556763165397,0.42030603
B2A,5f02c26178.jpg,0.7045902039632921,0.4490778
B2A,5f0d21c2b1.jpg,0.8471101355974956,0.1972329
B2A,5f14f7641d.jpg,0.927300571381376,0.22447133
B2A,5f24335241.jpg,0.7131356532528987,0.58140516
B2A,5f25cbc263.jpg,0.9439525916520713,0.23240927
B2A,5f2b8fa71a.jpg,0.6577753080247285,0.51608485
B2A,5f34ec2686.jpg,0.7637975013424755,0.5020048
B2A,5f4018d615.jpg,0.9186386821198064,0.1247877
B2A,5f4612d92b.jpg,0.8488309903440479,0.30235893
B2A,5f477576c5.jpg,0.7539472096633679,0.5489717
B2A,5f477a5c46.jpg,0.5819656675913377,0.78690636
B2A,5f674f802b.jpg,0.8054682503932216,0.33532536
B2A,5f6acdd885.jpg,0.8478369145604732,0.44924915
B2A,5f7a943ad3.jpg,0.6151620286523162,0.36218375
B2A,5f824e47e4.jpg,0.9061450362010093,0.26003453
B2A,5fb5327415.jpg,0.7705542482844357,0.25258455
B2A,5fcf902716.jpg,0.8955912154367306,0.24743733
B2A,5fd438d742.jpg,0.7109790933223611,0.29853657
B2A,5ff7a6bd52.jpg,0.7402512154888813,0.3302799
B2A,5fffc71069.jpg,0.7679834244690821,0.34561783
B2A,600adb121f.jpg,0.8166318906991299,0.47616038
B2A,60149bcbbf.jpg,0.6815661676355236,0.5758244
B2A,60268cfb2f.jpg,0.6125537766192611,0.6031563
B2A,604547096b.jpg,0.9076359726172651,0.1711022
B2A,6045dd5804.jpg,0.7486376919547387,0.31067988
B2A,604c154a10.jpg,0.8338028815936215,0.24235758
B2A,604d51ecdb.jpg,0.7595466025304767,0.47370362
B2A,604eee6de2.jpg,0.8370270390669062,0.39417738
B2A,6058fe8ba4.jpg,0.7572709514491291,0.35723934
B2A,605c399821.jpg,0.8163730315876472,0.28165635
B2A,606bc88bf5.jpg,0.7061180001282927,0.4850928
B2A,606ea8c853.jpg,0.6740778892908083,0.42201018
B2A,606edf9e69.jpg,0.8759669679111606,0.16156225
B2A,607508ca60.jpg,0.7473827601720245,0.24051756
B2A,6090cac2ca.jpg,0.8219554919416296,0.30659705
B2A,609699b9f5.jpg,0.8827047925790277,0.18730327
B2A,6099732dd8.jpg,0.8759018524275947,0.2671509
B2A,60a6fdd5c0.jpg,0.6864688098975258,0.5104759
B2A,60ac278e96.jpg,0.7678034576129983,0.47133246
B2A,60adaaa8fa.jpg,0.8509865761322876,0.38145122
B2A,60ee84f0e3.jpg,0.7292725225967666,0.23105481
B2A,60f455c446.jpg,0.8667779618126635,0.36778802
B2A,60f7b3ce84.jpg,0.8193399847862273,0.5011219
B2A,60fa0dced3.jpg,0.8638633026666759,0.349009
B2A,610b2e40b1.jpg,0.8479915693340095,0.1812823
B2A,610ff29105.jpg,0.8951463899873354,0.2542781
B2A,6113839c53.jpg,0.8967123705023117,0.19709481
B2A,611ce907ee.jpg,0.8274685211613098,0.41120112
B2A,6127261426.jpg,0.7254962710651985,0.4277948
B2A,612de09c0e.jpg,0.8263305658872497,0.4602725
B2A,612eb28781.jpg,0.7827456643400618,0.38622755
B2A,613592c5ba.jpg,0.8391865505925531,0.23865663
B2A,614aebf996.jpg,0.8755414133228593,0.16981363
B2A,614dcbd1b6.jpg,0.6580094475606718,0.5683761
B2A,614e5368b3.jpg,0.8224451817204056,0.35071468
B2A,6157aa63b5.jpg,0.673283531692181,0.27808082
B2A,615f1a41e2.jpg,0.8979917699143121,0.34814286
B2A,6163883314.jpg,0.7084964973139345,0.24236247
B2A,6165bb7d20.jpg,0.7366134082639024,0.50756776
B2A,618573a4c0.jpg,0.8359533581336751,0.24958302
B2A,618c3a93a6.jpg,0.6751107731123529,0.40290666
B2A,619868817c.jpg,0.807155828749056,0.33455533
B2A,61c0bf55f3.jpg,0.9100395859431916,0.19269897
B2A,61ca26c3f0.jpg,0.6142564321214813,0.5072822
B2A,61d1dacb0a.jpg,0.7204014064666747,0.37435603
B2A,61e0412438.jpg,0.8188497374590208,0.33605987
B2A,61efe98c2b.jpg,0.8413494190746981,0.41105092
B2A,61f0619994.jpg,0.6921445806360675,0.40413088
B2A,61f337301f.jpg,0.7093460547212501,0.4857302
B2A,61f79ea5e3.jpg,0.8352633846791829,0.24957599
B2A,61febf655e.jpg,0.780194467916377,0.39305246
B2A,6203a47be6.jpg,0.7859359552341364,0.51194763
B2A,6203de934f.jpg,0.8719699834814869,0.17734738
B2A,6203e44a0b.jpg,0.789352929538571,0.47997797
B2A,6216948548.jpg,0.6908163382561562,0.3098389
B2A,623226574f.jpg,0.8322900219875587,0.21720931
B2A,6233033047.jpg,0.7282233640581954,0.31507355
B2A,6233a14e7a.jpg,0.787994438756876,0.5351631
B2A,62428234ef.jpg,0.8125402849721494,0.27836484
B2A,62556af40e.jpg,0.7945726944812261,0.431823
B2A,6256e7fb82.jpg,0.7925067978779132,0.31683964
B2A,62601c808e.jpg,0.9569413157371125,0.16756332
B2A,626caaa1ce.jpg,0.8832851748711411,0.38470075
B2A,627532c78c.jpg,0.7202978797683927,0.2654499
B2A,6276c2f781.jpg,0.8868649304891563,0.31455156
B2A,6280ca0cf1.jpg,0.638373750260979,0.40849218
B2A,6297c1fc75.jpg,0.7818948070060874,0.3788694
B2A,62a4327b05.jpg,0.7603695861304718,0.52102995
B2A,62a86886a4.jpg,0.8855267319537588,0.21930914
B2A,62ada6e480.jpg,0.8525060809189496,0.31128383
B2A,62ae12c529.jpg,0.7317603771753756,0.3010988
B2A,62b043985f.jpg,0.8040371783530471,0.27238017
B2A,62b1939e2e.jpg,0.8334465309094384,0.42264172
B2A,62b6c6c11d.jpg,0.6571774314369135,0.48186266
B2A,62bb8501e8.jpg,0.7374555253555506,0.4013725
B2A,62bff6d96f.jpg,0.8535986923628622,0.30343327
B2A,62c54774f6.jpg,0.7028205129828089,0.55473155
B2A,62c5a2a3c0.jpg,0.7591528875171206,0.34509152
B2A,62c8619eeb.jpg,0.6333507670963543,0.49936274
B2A,62e2c15e98.jpg,0.5064040105744266,0.64797324
B2A,62e79f1dd2.jpg,0.8702401087263738,0.3785088
B2A,630d324a16.jpg,0.8467585793652431,0.37214637
B2A,631cc9e7d1.jpg,0.8964665530375964,0.20150414
B2A,631f90f7a9.jpg,0.9226250889835388,0.22552565
B2A,632020c3e8.jpg,0.8089404613402742,0.32975596
B2A,632858e7c4.jpg,0.8774548945814006,0.26319218
B2A,633128bbae.jpg,0.5587933304422062,0.6807187
B2A,6334aea3e0.jpg,0.8333833448874907,0.4528692
B2A,63372e9038.jpg,0.7536592625489436,0.25539818
B2A,633edb47c9.jpg,0.8282040180124094,0.4180271
B2A,634246cbc0.jpg,0.8767620381011088,0.5537025
B2A,634e2ff9c5.jpg,0.747074102485352,0.34499928
B2A,634f5cf142.jpg,0.8724901672972094,0.2727432
B2A,635907bad9.jpg,0.6261254119291567,0.6463652
B2A,6360e41e69.jpg,0.7443284989308903,0.34776163
B2A,636280c73d.jpg,0.8337637857130925,0.16716568
B2A,636d76c49a.jpg,0.8376588715631499,0.28364444
B2A,6376737353.jpg,0.7967911504481611,0.45336953
B2A,6376c3ffa5.jpg,0.7419740228111915,0.5124467
B2A,6379773e3f.jpg,0.7610192953310132,0.37850338
B2A,637a28f9cf.jpg,0.8523916961482261,0.2997368
B2A,638093f853.jpg,0.8704711825465682,0.24045095
B2A,6383f39af4.jpg,0.6421672826895052,0.43053466
B2A,63959943dd.jpg,0.6282018987204876,0.4827043
B2A,639ed4c744.jpg,0.762536555111138,0.23989397
B2A,63a0582761.jpg,0.798865146765684,0.37126383
B2A,63b4aeae20.jpg,0.6796366197416789,0.41096666
B2A,63b6bc086c.jpg,0.6266818027943333,0.45854595
B2A,63bf7ae1cf.jpg,0.7979519813721466,0.20410661
B2A,63d194e1df.jpg,0.9123904058081317,0.21518002
B2A,63e007e789.jpg,0.7457453981388384,0.42100066
B2A,63e73c1dc9.jpg,0.6808785996309301,0.31874388
B2A,63e885e644.jpg,0.7933810993175844,0.3201815
B2A,63f6cea734.jpg,0.6654933104890006,0.53298515
B2A,63fef59198.jpg,0.781879053965177,0.18549857
B2A,6401c2d6c0.jpg,0.9025227359125481,0.18421274
B2A,6417787af0.jpg,0.8537739456700408,0.397691
B2A,6421360d4f.jpg,0.7067989756993857,0.39614844
B2A,64247b3eb5.jpg,0.9021942463678111,0.18197024
B2A,6431f96d10.jpg,0.7496464020625103,0.38632852
B2A,64356423f2.jpg,0.6571519554940943,0.4404239
B2A,6438b04e89.jpg,0.9247628584911345,0.22299318
B2A,643916e05b.jpg,0.7801414396032521,0.4763528
B2A,64397cbb62.jpg,0.7826771876799915,0.3855814
B2A,6440dd45f8.jpg,0.771899149281696,0.43325442
B2A,6444bc3ca4.jpg,0.7024727799735576,0.3186076
B2A,6447774e95.jpg,0.7832102106108971,0.5440772
B2A,6457f79ca3.jpg,0.7331606656128864,0.64894044
B2A,646da34032.jpg,0.8136702362201803,0.37751934
B2A,64813f537a.jpg,0.7541626082477265,0.45727164
B2A,6493077860.jpg,0.8241041792669259,0.21696635
B2A,649df99535.jpg,0.7297167540312025,0.6235294
B2A,64a519abd0.jpg,0.7466056489618688,0.3889929
B2A,64bd39e960.jpg,0.9173400676510511,0.18140425
B2A,64c68d0aa3.jpg,0.916624982206741,0.22686994
B2A,64c6b6a511.jpg,0.7841673913891595,0.287337
B2A,64cf019733.jpg,0.9185244784089139,0.21309155
B2A,64d0a7acf2.jpg,0.8445689532465637,0.42040253
B2A,64d362378f.jpg,0.7502881032386184,0.37363195
B2A,64e21dfda0.jpg,0.7606252579768235,0.3801512
B2A,64ee7530ff.jpg,0.8361825807414583,0.22074449
B2A,64f06b5ceb.jpg,0.876359785229516,0.36398765
B2A,64fcd56944.jpg,0.9266047282092366,0.16648366
B2A,6533b9656e.jpg,0.7615289511788917,0.5004725
B2A,65344ad883.jpg,0.6469256171014363,0.5679336
B2A,653774f59a.jpg,0.7326755019349617,0.52083147
B2A,654dce0bc5.jpg,0.722026077246815,0.36002007
B2A,6558098202.jpg,0.719193204850317,0.6177777
B2A,6561bd46ba.jpg,0.8213229641096442,0.42132577
B2A,657337796d.jpg,0.8222801926419447,0.42459676
B2A,657a1ebe3d.jpg,0.6370131236457719,0.35537443
B2A,657bf0b295.jpg,0.89721413748083,0.18251652
B2A,657d970481.jpg,0.8238320388379977,0.29666874
B2A,65881ff201.jpg,0.895139549679131,0.21249603
B2A,6589904ec0.jpg,0.8575751901704984,0.33816507
B2A,65a09899f8.jpg,0.8032623060865333,0.3897033
B2A,65a6d3e7e2.jpg,0.8576735238474804,0.27583346
B2A,65ba65db68.jpg,0.7209143162676374,0.31901544
B2A,65cf11fe0e.jpg,0.8684457179894008,0.3348611
B2A,65e0307c38.jpg,0.7164144231341496,0.408755
B2A,65e1c3f768.jpg,0.732321604165618,0.33601373
B2A,65eb33194f.jpg,0.8115645726699038,0.44546694
B2A,65f48bdd36.jpg,0.6566636553080553,0.40525544
B2A,65ff1c4226.jpg,0.6308010750397461,0.66034275
B2A,660a638976.jpg,0.6257323849920554,0.4047723
B2A,661aadc417.jpg,0.9144274951037371,0.0809591
B2A,661d51efae.jpg,0.8278479301506432,0.34638032
B2A,662c5c4ff4.jpg,0.8883323602748386,0.23666461
B2A,6635a31ee1.jpg,0.7846007881550572,0.4124102
B2A,66361eea70.jpg,0.8994966580214551,0.20654428
B2A,6639b516d5.jpg,0.6738392284626863,0.39393368
B2A,663b9a1924.jpg,0.855716363823457,0.15024386
B2A,66488583ab.jpg,0.7749087835966514,0.27961135
B2A,664b161ecc.jpg,0.7290306342889448,0.49719116
B2A,667c0fd61b.jpg,0.830750662019355,0.37877342
B2A,6690a30a29.jpg,0.7113222512023735,0.46659127
B2A,66ad36a8d6.jpg,0.7216176029501891,0.27291805
B2A,66af3aa4b1.jpg,0.5099596407650899,0.31930777
B2A,66b54569e6.jpg,0.8505728876006993,0.4947864
B2A,66cb408c30.jpg,0.8865120808612217,0.20187119
B2A,66db0fe6b4.jpg,0.6887159613952494,0.30866545
B2A,66dbf73abc.jpg,0.8469575897643279,0.24167746
B2A,66e71841a4.jpg,0.8242504282222807,0.37249568
B2A,66f8456cb7.jpg,0.8167341082830698,0.2774127
B2A,6700b4b7bb.jpg,0.9206715998365527,0.31437272
B2A,670d9aa07f.jpg,0.8782927746764315,0.24028839
B2A,670dbb29d1.jpg,0.8443148722329634,0.22607775
B2A,6717eca3cc.jpg,0.6449030928487226,0.6734259
B2A,6728f4bba7.jpg,0.9193776196266108,0.2286118
B2A,6731de7cdc.jpg,0.7926507244821421,0.24455552
B2A,6736ee186d.jpg,0.7623939595343611,0.4927035
B2A,674bf68b95.jpg,0.8165879681982999,0.30302653
B2A,674c25f70e.jpg,0.7095141950573569,0.33720452
B2A,6751643b4b.jpg,0.7372110736888837,0.47990075
B2A,675e6b6065.jpg,0.7218833712663262,0.38757104
B2A,675eb73e32.jpg,0.7777297190233327,0.43959758
B2A,676a38fcf2.jpg,0.6760327322948911,0.30496705
B2A,676d2377ea.jpg,0.869917571597183,0.24861576
B2A,67811f844f.jpg,0.8544414912806904,0.4309585
B2A,6798a2a50d.jpg,0.8780579317401125,0.23657572
B2A,679f2b8c09.jpg,0.7552573432468934,0.31126904
B2A,67ad9f90eb.jpg,0.8856007116024361,0.21916935
B2A,67ae13d8fd.jpg,0.6605017640582267,0.6413718
B2A,67b03b9ae6.jpg,0.8881006491010137,0.24942966
B2A,67b2023cdc.jpg,0.8936169733230351,0.23648508
B2A,67b303bc1f.jpg,0.7112232263080595,0.44386923
B2A,67bf2caa0d.jpg,0.8090897307510407,0.3194732
B2A,67cb59fe1b.jpg,0.7780710642214118,0.4739261
B2A,67d30c5976.jpg,0.912903470120317,0.39769965
B2A,67e82318a8.jpg,0.8472685359715193,0.31728083
B2A,67fa0b1fff.jpg,0.6232523983792595,0.5317819
B2A,67ffae436a.jpg,0.7623478838150648,0.27922517
B2A,680e403ee6.jpg,0.8188645174010722,0.37626025
B2A,68161f940a.jpg,0.8365158817004328,0.30572683
B2A,681747f03e.jpg,0.8956604774617696,0.11489513
B2A,681949c029.jpg,0.8521553981295062,0.21283138
B2A,681df42505.jpg,0.8260781147738984,0.31324708
B2A,682e0844c2.jpg,0.9093425855876808,0.3628062
B2A,6836334767.jpg,0.6447828611540884,0.42981544
B2A,683ff91f55.jpg,0.616786779056792,0.4820198
B2A,684690671a.jpg,0.8172419555146155,0.330023
B2A,684be8790c.jpg,0.6777834016319939,0.43055353
B2A,685174f022.jpg,0.756608370943414,0.34451643
B2A,6852f4cb2d.jpg,0.7269629592510662,0.4221969
B2A,685923a424.jpg,0.9045474097796977,0.18781796
B2A,68730b2016.jpg,0.7582998386090921,0.293028
B2A,687cd30117.jpg,0.9049716305585266,0.23520043
B2A,6884abf5fe.jpg,0.9204898047120303,0.24751431
B2A,6887ee7059.jpg,0.8453005234226485,0.23060046
B2A,688fd65571.jpg,0.8540730440314287,0.2715906
B2A,689273b092.jpg,0.7249515535554226,0.37480545
B2A,68a0fd8800.jpg,0.9157695573595438,0.20526007
B2A,68b8b35955.jpg,0.8337535876872532,0.3167141
B2A,68d3757ce1.jpg,0.9098143747818688,0.24744934
B2A,68d785f0cb.jpg,0.5408623204231692,0.38402662
B2A,68e40889bf.jpg,0.894061431231689,0.20406598
B2A,68e93f1dd4.jpg,0.7102961477813144,0.3863311
B2A,68f7232a89.jpg,0.7796336359572886,0.32241344
B2A,6915fdb4e2.jpg,0.8771308705180336,0.16653939
B2A,692b29e496.jpg,0.9027127333686233,0.24027225
B2A,692d2be632.jpg,0.712011347295372,0.5864637
B2A,6932043ee0.jpg,0.7808936871318763,0.40963665
B2A,693415a29b.jpg,0.8958054243938264,0.23031518
B2A,69552238b4.jpg,0.8592051735447415,0.23544434
B2A,695755652f.jpg,0.6661245920412735,0.28790402
B2A,6957a4b495.jpg,0.8635915333468533,0.22228125
B2A,6960ca7470.jpg,0.7279180540854319,0.40114403
B2A,6960d1ca6a.jpg,0.7613781903410709,0.35249934
B2A,696803e17c.jpg,0.721995547092611,0.43264174
B2A,696f56514d.jpg,0.647343275399196,0.46952614
B2A,6970d5e39a.jpg,0.8996264572627609,0.2877236
B2A,697a7cac68.jpg,0.6405820387304301,0.39189556
B2A,6987bc04a8.jpg,0.859771543845815,0.30894455
B2A,69a48c1703.jpg,0.9181472614285511,0.15523763
B2A,69ae5108fc.jpg,0.6613939348858437,0.4620959
B2A,69b2d90a15.jpg,0.8115351082134565,0.44344032
B2A,69b411b727.jpg,0.5106588079292009,0.4406463
B2A,69b590e268.jpg,0.8243336462176849,0.503371
B2A,69ba3dbcbe.jpg,0.9515950595653411,0.23707637
B2A,69bc2bf220.jpg,0.8144632029515985,0.29027426
B2A,69c3dba202.jpg,0.8726085902908813,0.2658534
B2A,69c50db73f.jpg,0.5139081338819838,0.5669466
B2A,69c5eb1184.jpg,0.7310682009209946,0.35283998
B2A,69ce40e8bd.jpg,0.8539258412965535,0.4203964
B2A,69cf4ee0c1.jpg,0.8327629883833411,0.41208607
B2A,69e5be6684.jpg,0.7567105297427749,0.41839623
B2A,69ea18eac3.jpg,0.7034475660913357,0.479192
B2A,69ff61709e.jpg,0.8876921903747349,0.26052484
B2A,6a0a168174.jpg,0.8327822131835307,0.43309224
B2A,6a0c1b662f.jpg,0.918001226943697,0.2048896
B2A,6a19d6ed16.jpg,0.7836754987392848,0.24804829
B2A,6a1aea3e32.jpg,0.859570460084424,0.28722534
B2A,6a24142aad.jpg,0.792496917368176,0.30190963
B2A,6a3a6192c0.jpg,0.8464688163563258,0.32361162
B2A,6a4d3daafe.jpg,0.6667345319360409,0.5337497
B2A,6a4fe6590b.jpg,0.6985061907901077,0.4048468
B2A,6a55ec45aa.jpg,0.9466199170414917,0.27154583
B2A,6a5b3e97df.jpg,0.7251274246879235,0.4361183
B2A,6a62792333.jpg,0.7924419347492458,0.42380527
B2A,6a6fb64128.jpg,0.7267390130752267,0.62998575
B2A,6a75bc4fce.jpg,0.7953309706928933,0.34724694
B2A,6a95e80280.jpg,0.8712499397991746,0.26669705
B2A,6a9634ff0e.jpg,0.9333839641215215,0.21420532
B2A,6aa027975d.jpg,0.8363187787023151,0.24920267
B2A,6ab55e39e3.jpg,0.8914903520989879,0.20866941
B2A,6ab607ca91.jpg,0.5993370063890244,0.354996
B2A,6ac584cbb4.jpg,0.6871025914187433,0.38489145
B2A,6ac922afab.jpg,0.7956203855292311,0.28766683
B2A,6ae1292f67.jpg,0.7224903404416435,0.19650665
B2A,6afc612209.jpg,0.8027784588457191,0.5810863
B2A,6b04d109cf.jpg,0.5905561779167229,0.34566206
B2A,6b240d89b8.jpg,0.8119174731076982,0.3837222
B2A,6b25e23139.jpg,0.7918581017240405,0.2757396
B2A,6b3e7692a0.jpg,0.778626019502995,0.45626068
B2A,6b47c83dad.jpg,0.9243035937051094,0.22465365
B2A,6b53db36ed.jpg,0.8130578190911508,0.416944
B2A,6b61c7852e.jpg,0.7599677886528013,0.32429785
B2A,6b66f3c48a.jpg,0.8144725691731497,0.3001979
B2A,6b6b85cd53.jpg,0.7653946448877623,0.62357837
B2A,6b6e1046b8.jpg,0.8715153256354146,0.2552096
B2A,6b70c93481.jpg,0.8536192600503278,0.3450535
B2A,6b7172639a.jpg,0.8506262531621928,0.2892285
B2A,6b87a7b5dc.jpg,0.8542481731396488,0.31583914
B2A,6b87dc38dc.jpg,0.6685670564001777,0.5079074
B2A,6b910e1321.jpg,0.5159717103405085,0.53766257
B2A,6ba72ca483.jpg,0.7004475410034755,0.5506581
B2A,6bb4d6273a.jpg,0.8384138982569487,0.3297872
B2A,6bc014d8ea.jpg,0.8540382613337361,0.2809101
B2A,6bc2744034.jpg,0.9256897388011155,0.26906168
B2A,6bc4af390a.jpg,0.8782461378253991,0.2774896
B2A,6bc7d64fb6.jpg,0.8113468164026493,0.34537706
B2A,6bc8104d76.jpg,0.514206369031429,0.66396433
B2A,6bcd8876a4.jpg,0.8299025847949499,0.42634016
B2A,6bcea12f74.jpg,0.80087319394294,0.39545473
B2A,6be0fc09a5.jpg,0.6739352478556702,0.41976345
B2A,6bf0976dae.jpg,0.7334865948462691,0.42411044
B2A,6c0f6804c5.jpg,0.8741692022189643,0.29104614
B2A,6c19b70453.jpg,0.9394312261107309,0.16548139
B2A,6c1d743ded.jpg,0.8192980994056833,0.16174982
B2A,6c1f308e02.jpg,0.7567117408119656,0.4018668
B2A,6c28209b0b.jpg,0.8699250544174154,0.36669013
B2A,6c37caaa86.jpg,0.755608283177048,0.3420294
B2A,6c38e65dd9.jpg,0.8065253378271249,0.1644614
B2A,6c5fb319c2.jpg,0.5763656052824697,0.6035487
B2A,6c650608d2.jpg,0.554384843575901,0.70187557
B2A,6c66f26b82.jpg,0.7869259011568394,0.2517289
B2A,6c77b100ea.jpg,0.643412318057173,0.5345804
B2A,6c7b92564c.jpg,0.7892991517232746,0.51373684
B2A,6c7bd28db6.jpg,0.906532557441215,0.4730497
B2A,6c7e5b0199.jpg,0.8075426735551479,0.3807272
B2A,6c8aec68c1.jpg,0.8377022984544058,0.26734084
B2A,6c8c8234e4.jpg,0.7136547521773247,0.6702533
B2A,6c9c20101d.jpg,0.7808619890505804,0.1724594
B2A,6cad5acca6.jpg,0.8923297336715099,0.18703108
B2A,6cada09ad0.jpg,0.8711916214042831,0.24498299
B2A,6cb683712d.jpg,0.6165685223168782,0.68105555
B2A,6cb7a4d1c0.jpg,0.8405177432750036,0.26777837
B2A,6cc9ba090d.jpg,0.8106903822366872,0.3693558
B2A,6cdb4ae67d.jpg,0.7799665131360773,0.30750382
B2A,6cf14b58ac.jpg,0.6310584865988597,0.5672223
B2A,6d21dd8e8a.jpg,0.752715288304481,0.46836945
B2A,6d2db478f1.jpg,0.9259722668661073,0.27635637
B2A,6d366256a0.jpg,0.7317069434476258,0.389034
B2A,6d43871d17.jpg,0.8063872568431606,0.2762841
B2A,6d4cd97a65.jpg,0.7548402238354147,0.27367473
B2A,6d4ed509c4.jpg,0.7851948398484547,0.29900116
B2A,6d59401909.jpg,0.3992039893816519,0.63007087
B2A,6d6717a60d.jpg,0.7226216585291071,0.37905675
B2A,6d6bc1579a.jpg,0.8108870966456505,0.43127984
B2A,6d75effae7.jpg,0.5701173411231759,0.49836525
B2A,6d76ac5983.jpg,0.8411954506690629,0.2856772
B2A,6d76db2739.jpg,0.9141956396749019,0.19057351
B2A,6d8ac0ab87.jpg,0.8137732879858797,0.32405737
B2A,6d8ff7415d.jpg,0.7081689255174092,0.4319929
B2A,6da5f24eb5.jpg,0.7596823390765758,0.3260622
B2A,6da926571e.jpg,0.9281071988286078,0.12946826
B2A,6db9d90f11.jpg,0.7624445143686105,0.32578143
B2A,6dc8ab590e.jpg,0.7578342491233596,0.69214225
B2A,6dce9829bb.jpg,0.7770477243364611,0.36684865
B2A,6dcf799703.jpg,0.8555927719249115,0.31470823
B2A,6ddc86d0e4.jpg,0.8732483428403526,0.33582896
B2A,6dee6d02d8.jpg,0.7462611577742044,0.36450905
B2A,6df48d411c.jpg,0.6443772865261006,0.39569706
B2A,6dfff386db.jpg,0.7549534758695853,0.2972284
B2A,6e09fe8d32.jpg,0.8231353023936425,0.53515685
B2A,6e13b2f9b4.jpg,0.8396384401187194,0.30625483
B2A,6e17babca8.jpg,0.7694545575881236,0.4006676
B2A,6e2493f8d4.jpg,0.615482248666666,0.2944098
B2A,6e2c4451e5.jpg,0.6742735977838892,0.6004777
B2A,6e3c226e32.jpg,0.7628262840552098,0.45598945
B2A,6e3e179ef8.jpg,0.8999978167208554,0.3057243
B2A,6e57dbfe6f.jpg,0.6037401381456804,0.5497518
B2A,6e5cd72d3c.jpg,0.836827895871587,0.21333788
B2A,6e656030a0.jpg,0.7446104464738318,0.35128793
B2A,6e68264904.jpg,0.6473728009809386,0.572331
B2A,6e72f8ad6c.jpg,0.9096856158813063,0.4195815
B2A,6e84325bee.jpg,0.7195410781257341,0.39290494
B2A,6e89ef391e.jpg,0.6395994559640964,0.32786635
B2A,6e8ec08b46.jpg,0.8485900223047458,0.32995552
B2A,6e924c87a3.jpg,0.7637017662908219,0.26456773
B2A,6e9f6935ce.jpg,0.811587450279872,0.35718405
B2A,6ea4aef23e.jpg,0.8096353540733605,0.26803416
B2A,6ebd91c7e5.jpg,0.7750388919040276,0.57062477
B2A,6ebfe9870b.jpg,0.7104811688452038,0.3387217
B2A,6ec425bb69.jpg,0.7280569836521673,0.47940636
B2A,6ecc2d49cf.jpg,0.7573549156728633,0.2518193
B2A,6ed8cb6c73.jpg,0.8661463664804727,0.14168666
B2A,6edee61a9e.jpg,0.5317781311774837,0.35493433
B2A,6ee301dfa6.jpg,0.8254702750338654,0.32648018
B2A,6ee4e3cfa0.jpg,0.6243262728594917,0.4050672
B2A,6ee582ddd3.jpg,0.8530232030461902,0.41924798
B2A,6ef0e038c4.jpg,0.7193655942186111,0.42717576
B2A,6efbef83a2.jpg,0.7945959711432166,0.35131449
B2A,6f28a81391.jpg,0.7007985807773222,0.46846852
B2A,6f2bf952a9.jpg,0.9099790403026111,0.16764101
B2A,6f40f67816.jpg,0.8732227343027392,0.23940876
B2A,6f48326e10.jpg,0.7817874538100699,0.48102394
B2A,6f48f32192.jpg,0.8184541955987638,0.443691
B2A,6f5bf1e36c.jpg,0.7271337363644208,0.51038396
B2A,6f5ef8ad57.jpg,0.8774832198780693,0.29154408
B2A,6f68219972.jpg,0.6859550960194437,0.6177366
B2A,6f6d82abff.jpg,0.6525070691266082,0.30422312
B2A,6f7564d1a0.jpg,0.7918959412609394,0.5588792
B2A,6f77237bfc.jpg,0.5348699659097778,0.4708233
B2A,6f8cb591c0.jpg,0.849787518093279,0.4242905
B2A,6f8d0b8187.jpg,0.5501582964721675,0.6536113
B2A,6f8e3c9a8b.jpg,0.8838351433766889,0.25238243
B2A,6f923ef327.jpg,0.7625022997627677,0.38137752
B2A,6f947d7eac.jpg,0.6891578135613363,0.44568074
B2A,6fadc7344f.jpg,0.934887465235116,0.30458957
B2A,6fc20169b5.jpg,0.6583055039977878,0.6192678
B2A,6fc42ec979.jpg,0.7869434455599799,0.29736412
B2A,6fc6fa664f.jpg,0.8535364973444546,0.4025278
B2A,6fd27b0261.jpg,0.9411564934916086,0.2716443
B2A,6fd58bb7ed.jpg,0.7798335112713273,0.3368628
B2A,6fd674c2bc.jpg,0.7868372681160399,0.5608543
B2A,6feaf858bb.jpg,0.6190240561625128,0.49738103
B2A,6ff650cc01.jpg,0.9687249015532583,0.11300859
B2A,6ff926036b.jpg,0.6498354621221819,0.41679358
B2A,7007638c04.jpg,0.893553084235315,0.20254266
B2A,7018cf5472.jpg,0.9118104326292289,0.13388069
B2A,7023e05153.jpg,0.5502958045669666,0.6075162
B2A,7041df8f8d.jpg,0.7763875859339952,0.41934413
B2A,7048682787.jpg,0.7243634983412824,0.49235737
B2A,7056c4d0c9.jpg,0.7916679521650771,0.42660338
B2A,7058938d2d.jpg,0.6568871327586916,0.4342529
B2A,70688893ff.jpg,0.8129385059274743,0.37022182
B2A,7095de0c05.jpg,0.6243983867950166,0.5410899
B2A,709c87be1e.jpg,0.7201512947992529,0.47611147
B2A,70a6584991.jpg,0.8816835322197398,0.21560128
B2A,70adc33191.jpg,0.8525730061225647,0.37017953
B2A,70b1293521.jpg,0.39849413448174065,0.6563378
B2A,70bbdc328b.jpg,0.8267709820268581,0.51865715
B2A,70bfad4fb3.jpg,0.9090125091949565,0.21854846
B2A,70c35d97fa.jpg,0.8137371249214848,0.69362116
B2A,70c4ba13c5.jpg,0.763720694215426,0.36533725
B2A,70c5926990.jpg,0.8404554423980061,0.35904157
B2A,70d01a9f18.jpg,0.8323981541251355,0.33311528
B2A,70d2dd3347.jpg,0.7937927061133478,0.5807828
B2A,70e1a9d5d0.jpg,0.7843613980967028,0.35328722
B2A,70f83908f4.jpg,0.6288736145710717,0.4784937
B2A,710afec54e.jpg,0.9133709608410958,0.34414533
B2A,710dddaa53.jpg,0.8260277211551694,0.19659752
B2A,710ff8d371.jpg,0.7435726156350694,0.40152407
B2A,711bdf7e70.jpg,0.8591019609722693,0.23325752
B2A,711e41a40a.jpg,0.7818887956999205,0.5181559
B2A,7124e69590.jpg,0.9304436610171034,0.19847548
B2A,7128cb2ee3.jpg,0.6332089344329627,0.55726147
B2A,7140fb929c.jpg,0.9072359751160122,0.2934191
B2A,714de5bcda.jpg,0.6636967200028252,0.5126212
B2A,716437e0a0.jpg,0.7867532400268834,0.5029234
B2A,71697466d8.jpg,0.9176414376698134,0.24355084
B2A,716981b92d.jpg,0.8953076699488891,0.33666846
B2A,717bc1fc72.jpg,0.583659693207365,0.66546667
B2A,718b15a998.jpg,0.8660718150519957,0.23518682
B2A,71990c1992.jpg,0.8330307219714693,0.36482573
B2A,71a1688eec.jpg,0.743795568598852,0.5174147
B2A,71ab7757d1.jpg,0.8608578397498506,0.1692143
B2A,71b9dfc246.jpg,0.8089266676072288,0.2876261
B2A,71c9f21e69.jpg,0.8815787957715553,0.28942284
B2A,71cd818b43.jpg,0.9007694259969005,0.17676495
B2A,71cde4e6b9.jpg,0.8297603808413462,0.31643838
B2A,71d0f6d808.jpg,0.6138647094999078,0.39200747
B2A,71d92823a7.jpg,0.8118057342719982,0.39874876
B2A,71e2160bc2.jpg,0.8536279886765542,0.34842736
B2A,71eb79bec9.jpg,0.8031735170146564,0.26783308
B2A,71f375fd61.jpg,0.8193323372171188,0.32397795
B2A,71f38526e3.jpg,0.7350972410786574,0.4688304
B2A,71f84e59d9.jpg,0.5956352268668299,0.47057194
B2A,71fbc6fd17.jpg,0.7642686772333742,0.4526583
B2A,71feaf01d5.jpg,0.733755249263269,0.5024602
B2A,720358ea9a.jpg,0.8229014077667075,0.3959914
B2A,7207f4dfb5.jpg,0.7062678585030591,0.49360496
B2A,720b03538d.jpg,0.8828728521488644,0.261751
B2A,720b65616c.jpg,0.7650785195296945,0.35045162
B2A,720b79fcc2.jpg,0.5687520365596394,0.5915173
B2A,721f26a1d5.jpg,0.5165367769587977,0.8189294
B2A,721fb86cc5.jpg,0.6299888490479835,0.5765737
B2A,7226160b9d.jpg,0.8318387564296762,0.24450172
B2A,722cb1e56d.jpg,0.8636930215693175,0.22252592
B2A,7232765c25.jpg,0.8710717156654477,0.26305974
B2A,723451df4f.jpg,0.7974151742805272,0.35949707
B2A,7234b91e34.jpg,0.8533498291454167,0.42490962
B2A,7237fc1604.jpg,0.8228995655646971,0.31303036
B2A,723d373aa3.jpg,0.6687075575165025,0.39306206
B2A,7241d2c3d9.jpg,0.7986039173556592,0.2530463
B2A,7261ec35d2.jpg,0.7463906616569138,0.372302
B2A,72669a9943.jpg,0.8990808608538128,0.2713141
B2A,72812baf6e.jpg,0.7045827794642965,0.35128206
B2A,7283cfab05.jpg,0.7927139284851688,0.52735794
B2A,728ea2432b.jpg,0.7265033425752268,0.5141845
B2A,7293694fa1.jpg,0.8308191598375337,0.3768825
B2A,72984fac2b.jpg,0.8334873335862739,0.31377733
B2A,72a4736675.jpg,0.6683245352040904,0.34794468
B2A,72a601d8f0.jpg,0.7293140713171583,0.31668788
B2A,72c7727920.jpg,0.7816043275660406,0.29924542
B2A,72d3a41349.jpg,0.7853098141823168,0.42697966
B2A,72d466fe84.jpg,0.6877539501731971,0.44215265
B2A,72e16d5fbd.jpg,0.7999647365334193,0.31826982
B2A,72e448ba0d.jpg,0.5784341984943071,0.546003
B2A,72f617be7d.jpg,0.8764266382719189,0.50913095
B2A,730f4d3c17.jpg,0.7876001636714239,0.40239552
B2A,7310d880f1.jpg,0.8044890028329805,0.4676655
B2A,731ebe59e9.jpg,0.7996758994029031,0.25610068
B2A,73222f682f.jpg,0.867241780490304,0.387052
B2A,73256f9bc4.jpg,0.9309632015054322,0.33731982
B2A,7325a1d7d0.jpg,0.657215143512838,0.81650287
B2A,732a9c8c6b.jpg,0.6931617911927395,0.41261756
B2A,732becb4d6.jpg,0.7173049266742184,0.4779348
B2A,7333f63f5c.jpg,0.9292821223789687,0.21129298
B2A,7336afe63d.jpg,0.8401236652263049,0.30848444
B2A,73433b9176.jpg,0.7892367170243444,0.3917086
B2A,7347d4c64e.jpg,0.8323350223076792,0.16335489
B2A,734c1c2cb7.jpg,0.9133743030326109,0.23306999
B2A,734f9967b1.jpg,0.665600256655421,0.43440983
B2A,7354bcca29.jpg,0.7168838553564424,0.29332504
B2A,736aca548d.jpg,0.7913943171403006,0.36189723
B2A,73849ee3fd.jpg,0.8265346601206169,0.17443413
B2A,7386076f73.jpg,0.8555494750570606,0.25950313
B2A,738cc4553d.jpg,0.9092056340057726,0.27023232
B2A,739659d0c4.jpg,0.8308521550687502,0.32609612
B2A,739b765f02.jpg,0.7206747538804698,0.4666819
B2A,73a7bab2d5.jpg,0.746168724819437,0.47703382
B2A,73ae5bd0e4.jpg,0.8684262316862363,0.15812615
B2A,73b60d1a3f.jpg,0.9222204689485527,0.35438234
B2A,73bc721c0c.jpg,0.7353873175341437,0.3929045
B2A,73bdd8ab24.jpg,0.7625884537724946,0.3365591
B2A,73c083aefc.jpg,0.8000063000636531,0.30435988
B2A,73d0951809.jpg,0.8308431204431739,0.37331814
B2A,73d23b9664.jpg,0.7394755782435322,0.27642488
B2A,73e426eb88.jpg,0.7091208530449509,0.41611373
B2A,73eb34dde6.jpg,0.8365195119801199,0.32925522
B2A,73eed9e6c8.jpg,0.7554552054654923,0.29723215
B2A,73effc2726.jpg,0.7399164892673024,0.34078115
B2A,73f1c501ae.jpg,0.8627653114730786,0.36149642
B2A,73ffa6505c.jpg,0.8645763809898617,0.18505116
B2A,740e5eeb86.jpg,0.7880527277911903,0.58949894
B2A,74342f9fbe.jpg,0.873575596894306,0.29890078
B2A,743d265ef2.jpg,0.733012901389201,0.34986997
B2A,7444113e88.jpg,0.8278452308305172,0.23956001
B2A,7448a942f2.jpg,0.8736567573031618,0.35547918
B2A,7450949ae7.jpg,0.7437424394748189,0.36228982
B2A,745612e6f4.jpg,0.6721816942280185,0.3954023
B2A,745d4137b7.jpg,0.8722071823306737,0.21461749
B2A,746f2cd1d2.jpg,0.8816552806979873,0.25695512
B2A,74875545e6.jpg,0.8095904402444752,0.35307217
B2A,748d5a0ab8.jpg,0.7489376112664613,0.3113861
B2A,748e1a440c.jpg,0.869606314625947,0.20829156
B2A,7491908057.jpg,0.8667784405047586,0.26184654
B2A,749222e6d6.jpg,0.9252088522559371,0.19828549
B2A,74a47c4bf0.jpg,0.8423011060878192,0.31976405
B2A,74a537f1c6.jpg,0.709106769022879,0.3347491
B2A,74aea007fa.jpg,0.693362620200045,0.48602256
B2A,74c1b398ad.jpg,0.9718073835733442,0.11689216
B2A,74cc091e10.jpg,0.7729647898796053,0.50443834
B2A,74d0ac959c.jpg,0.7222349083985364,0.37603822
B2A,74d406c90e.jpg,0.6127022858168517,0.26249388
B2A,74e1d0f495.jpg,0.8996776145792017,0.24792263
B2A,74f3bf7113.jpg,0.6703926625033017,0.38357165
B2A,74f3c01037.jpg,0.8548119642081854,0.30289388
B2A,74f46669b2.jpg,0.6155713201765036,0.51254743
B2A,7500111c43.jpg,0.7602590245995479,0.31756708
B2A,750111ec4f.jpg,0.7325613098163669,0.43985242
B2A,7504776c00.jpg,0.8853186340256012,0.1927031
B2A,750d38f7fb.jpg,0.7774193048202371,0.58328164
B2A,7517680fdc.jpg,0.5948857302551535,0.6358151
B2A,7524651de3.jpg,0.6431351570458854,0.3216076
B2A,7533dedc3a.jpg,0.6578465437780255,0.43082222
B2A,7542d63fe4.jpg,0.8516250949374579,0.30282974
B2A,754324f8f4.jpg,0.8567616511464844,0.15720247
B2A,7550e074f1.jpg,0.7376119549667572,0.4187797
B2A,7552fc948e.jpg,0.8643609947933321,0.3720743
B2A,7556df8481.jpg,0.5924819237997156,0.3720127
B2A,755af1c3a4.jpg,0.8716791842146392,0.27031183
B2A,7567cc9f18.jpg,0.783677193274273,0.3073671
B2A,756f63c794.jpg,0.8349938200957339,0.26748252
B2A,7571b0e8bb.jpg,0.8597540601208085,0.31808922
B2A,75720815fb.jpg,0.7893719226282536,0.5982326
B2A,7588e6d09e.jpg,0.7901552814661477,0.31033942
B2A,75942c4668.jpg,0.7733287383540485,0.46264756
B2A,7594f0f494.jpg,0.6506195776740726,0.18686181
B2A,75979a026b.jpg,0.827727291713288,0.31139016
B2A,759dcb713c.jpg,0.5309646769245749,0.5223785
B2A,75aafd3f82.jpg,0.7948896094067731,0.44805008
B2A,75ae690a9b.jpg,0.7876235399410718,0.425546
B2A,75aeffdcf8.jpg,0.642398602076642,0.47432533
B2A,75b200e2f2.jpg,0.6439432866791271,0.3562783
B2A,75c89b8f5e.jpg,0.7813111589629751,0.348421
B2A,75c92b7fca.jpg,0.8296653889293205,0.2919122
B2A,75ce72e60d.jpg,0.8919761804874681,0.17564666
B2A,761d963561.jpg,0.8283920359806464,0.28352773
B2A,7622bccb99.jpg,0.9298021147026889,0.259012
B2A,76354e710e.jpg,0.4938966650284988,0.47973198
B2A,76461faf34.jpg,0.8460069135414077,0.26028675
B2A,7659aebdef.jpg,0.7378770607002197,0.482937
B2A,7664753e1a.jpg,0.7012809847701627,0.3903572
B2A,76665f40b9.jpg,0.8420495557860844,0.35354334
B2A,7669df8ee6.jpg,0.8853524867234472,0.26119128
B2A,7679305237.jpg,0.9060002193160724,0.2547757
B2A,768650ced7.jpg,0.8709517091470017,0.43969345
B2A,7689871557.jpg,0.8414923395021195,0.1877617
B2A,768c95d325.jpg,0.8070634042317916,0.29886425
B2A,76916c1438.jpg,0.5005868346771382,0.48226792
B2A,76a03653aa.jpg,0.8575833837952436,0.25091195
B2A,76a510b033.jpg,0.7177199135754444,0.6045999
B2A,76a75521fa.jpg,0.5824088550383709,0.52026415
B2A,76b398536a.jpg,0.8132886039321744,0.44856054
B2A,76c2eea825.jpg,0.8695126302886214,0.27258912
B2A,76ceecc865.jpg,0.7736895648593621,0.35843652
B2A,76edc30013.jpg,0.7376067767099641,0.48331553
B2A,76ef022161.jpg,0.7669217364606207,0.29102182
B2A,76f978fec2.jpg,0.7070038325311037,0.46213746
B2A,7703813883.jpg,0.661243223594587,0.544782
B2A,77102d5829.jpg,0.8809546517839962,0.41073006
B2A,7727666e8d.jpg,0.8443391167955813,0.31470552
B2A,772787cb7c.jpg,0.9041813680727715,0.22267209
B2A,7729898908.jpg,0.772245940710153,0.38632646
B2A,774082dd9e.jpg,0.8510644985738944,0.19070533
B2A,77419070a6.jpg,0.8284100042664555,0.36300915
B2A,774f853b60.jpg,0.7522804785328987,0.30293298
B2A,7750286d66.jpg,0.7918503460834684,0.35560405
B2A,77573ba17e.jpg,0.92325561918789,0.19103518
B2A,7759594268.jpg,0.7826913793136291,0.42827827
B2A,776a168a2e.jpg,0.7193297826709293,0.39170015
B2A,776b0e0213.jpg,0.8687374659968621,0.21998161
B2A,776dbabcb1.jpg,0.8374412626808626,0.389036
B2A,776e857956.jpg,0.8905850074479944,0.19175126
B2A,77740b1ba2.jpg,0.7836240456816267,0.28646585
B2A,777e0d9afc.jpg,0.6936592658372702,0.34942567
B2A,777f896f3b.jpg,0.8768525180451672,0.3268574
B2A,778a55d424.jpg,0.6810336037922463,0.5015951
B2A,77a2df3751.jpg,0.7079565797031875,0.29348028
B2A,77a6d1f419.jpg,0.7925179246864147,0.37588543
B2A,77b1ed8168.jpg,0.8789189727074056,0.33010173
B2A,77b8c928ae.jpg,0.8740510624681425,0.25979552
B2A,77c637c87c.jpg,0.8506928270397969,0.31844762
B2A,77c63d6765.jpg,0.9055505488893109,0.30769372
B2A,77cc149318.jpg,0.5992358654055415,0.60516685
B2A,77d268dafa.jpg,0.8074082961492967,0.31304064
B2A,77d27a89f3.jpg,0.7907248090688012,0.31360126
B2A,77d554c049.jpg,0.888982587201448,0.24206938
B2A,77d9910a45.jpg,0.8485231147051722,0.24739955
B2A,77dcb3f91c.jpg,0.7235941539850362,0.53703034
B2A,77e77fd4d9.jpg,0.7568059533460185,0.43019176
B2A,77e82445c9.jpg,0.9073094940793692,0.29043502
B2A,7801bb9581.jpg,0.5731019987727538,0.6220847
B2A,7805d03ce4.jpg,0.7303310488184827,0.35393214
B2A,7807bdaae8.jpg,0.7238592183889108,0.52699655
B2A,781764cd26.jpg,0.7026788026907592,0.43803662
B2A,78216eacbb.jpg,0.799885404647907,0.33504203
B2A,78233f97ed.jpg,0.7925933956668626,0.25769055
B2A,7827929b12.jpg,0.6120854992891888,0.41002357
B2A,7828416c2b.jpg,0.89674545122024,0.21600726
B2A,7838b0b023.jpg,0.8507772487936387,0.23976845
B2A,7870db5306.jpg,0.9482374295059932,0.13918322
B2A,7881e712fb.jpg,0.515115183661111,0.5008483
B2A,7885b18fe7.jpg,0.7170904565732716,0.48763686
B2A,7885f87ccd.jpg,0.8024599303537552,0.3500084
B2A,788782c439.jpg,0.6530379198730139,0.36679575
B2A,7888781c57.jpg,0.7182548090889531,0.4553501
B2A,788e9005c2.jpg,0.8228836219802107,0.4062063
B2A,78969b7789.jpg,0.6715144931221805,0.42508063
B2A,789c663ce2.jpg,0.883544330052669,0.20423473
B2A,789d474691.jpg,0.7985301592575555,0.16329037
B2A,789fe43c3b.jpg,0.7494231155188359,0.28587586
B2A,78b260b084.jpg,0.5773197051282458,0.49198458
B2A,78b3c9e843.jpg,0.8244777390288003,0.32824302
B2A,78b7b08af3.jpg,0.7054329864715045,0.41130674
B2A,78ba4238cb.jpg,0.8681036862958215,0.20654954
B2A,78ce4c4608.jpg,0.6724761146244934,0.17566255
B2A,78d517ae49.jpg,0.7621465789374199,0.50597477
B2A,78f2b2e678.jpg,0.8366139689606694,0.33599153
B2A,78f6992d04.jpg,0.6692301898034757,0.53735435
B2A,78fcba3055.jpg,0.7795943088003571,0.49218488
B2A,79109e8c61.jpg,0.7198258144952134,0.40757242
B2A,7913d3ab4b.jpg,0.6612543484427935,0.51072025
B2A,7926b2a5bd.jpg,0.743084903353938,0.32604027
B2A,79419a7227.jpg,0.9416161746781152,0.15364145
B2A,7965d8c651.jpg,0.7547824435853732,0.3936005
B2A,796c7e723b.jpg,0.8994291939913877,0.28102154
B2A,79733e8783.jpg,0.8181984347707691,0.30721068
B2A,797adf61af.jpg,0.9104114788373148,0.26243582
B2A,797e703d91.jpg,0.728383726349119,0.40115115
B2A,7980d5b29a.jpg,0.9531078663193739,0.18848667
B2A,7981b8e217.jpg,0.8626751895588,0.31397602
B2A,799d7e401d.jpg,0.7188214752370388,0.3598749
B2A,79a49efeb3.jpg,0.8000912709859856,0.37041005
B2A,79a5164707.jpg,0.8052776465374839,0.39786267
B2A,79ab6fdc8e.jpg,0.8367547820761914,0.26983353
B2A,79b9d8bfb5.jpg,0.7042316252435235,0.42938814
B2A,79c459542d.jpg,0.8111667722638468,0.351838
B2A,79dc9b3fc8.jpg,0.8790794510159701,0.3332779
B2A,79dd5cd9b8.jpg,0.8177448105108638,0.3972637
B2A,79e4e783df.jpg,0.908300222899527,0.18668488
B2A,79f08e8403.jpg,0.8337414784041846,0.45346284
B2A,7a06011cda.jpg,0.8905972595537988,0.20843552
B2A,7a16ecde25.jpg,0.7526104757415911,0.33674106
B2A,7a21514dd6.jpg,0.6533735498766913,0.40087247
B2A,7a235d7c2e.jpg,0.8342404518876023,0.18697028
B2A,7a317ade8c.jpg,0.6924086321298537,0.38145
B2A,7a384aae43.jpg,0.8219107716392845,0.28540802
B2A,7a41220ce3.jpg,0.8206061960591463,0.28781742
B2A,7a4248c339.jpg,0.8612174820245985,0.37567765
B2A,7a4936b4d3.jpg,0.7454064841756651,0.2763934
B2A,7a50f1f877.jpg,0.8892549786173911,0.20639484
B2A,7a672fc939.jpg,0.8890745571282505,0.20948619
B2A,7a67d01ecb.jpg,0.8774381288634077,0.28414625
B2A,7a790425a3.jpg,0.7210337424217675,0.33712
B2A,7a7c8a41da.jpg,0.811991466095773,0.3711592
B2A,7a7c978501.jpg,0.6380362383515684,0.6572695
B2A,7a89081006.jpg,0.8590969219420073,0.22399181
B2A,7a92dc3b48.jpg,0.8359644257204375,0.39558324
B2A,7a938425d7.jpg,0.6511199950688781,0.5641447
B2A,7a9c9957a2.jpg,0.8792138349128871,0.40960884
B2A,7adce96691.jpg,0.6998531343456114,0.3364162
B2A,7ade5f17b6.jpg,0.9199803835165759,0.38676724
B2A,7ae14d0df4.jpg,0.8853699098180983,0.31888986
B2A,7ae24e7c92.jpg,0.7157297041372948,0.52224433
B2A,7ae27065e4.jpg,0.6409586395631844,0.581211
B2A,7aec020dba.jpg,0.7922125525799262,0.2678606
B2A,7aef765d7c.jpg,0.8913815069859718,0.20155077
B2A,7afb68c270.jpg,0.78676569901577,0.38376755
B2A,7b2c14d64c.jpg,0.756722689792709,0.42513967
B2A,7b2df8fad8.jpg,0.6777904425794742,0.41910282
B2A,7b2e948dd2.jpg,0.9023835257801437,0.3817855
B2A,7b38a10760.jpg,0.9224473150231713,0.262329
B2A,7b3dcfc234.jpg,0.7372858056087451,0.36911902
B2A,7b42fe0738.jpg,0.7677980820809406,0.4063385
B2A,7b4f952cda.jpg,0.8466056216346128,0.24165753
B2A,7b563f3da5.jpg,0.7944301336405121,0.35045043
B2A,7b58d64ffe.jpg,0.7422686801643168,0.49234954
B2A,7b6c956002.jpg,0.7734494887447129,0.29534686
B2A,7b78d025c5.jpg,0.817585566946285,0.49039876
B2A,7b7a60c254.jpg,0.8117071865220479,0.22443472
B2A,7b7def398f.jpg,0.839462963973648,0.3071642
B2A,7b8226f09f.jpg,0.7765955020127796,0.520475
B2A,7b8bc9e046.jpg,0.6628531931745715,0.6501576
B2A,7b8e783020.jpg,0.7091986101996941,0.34068093
B2A,7b95afc20a.jpg,0.8334852435524551,0.22923662
B2A,7b9b6563a7.jpg,0.7946629920633904,0.54712117
B2A,7bb4e1593a.jpg,0.6038462924388556,0.3762017
B2A,7bb60f2e2d.jpg,0.7377281530739149,0.40008527
B2A,7bbd0f8f52.jpg,0.9036872516123826,0.31804872
B2A,7bc83c1b56.jpg,0.9239082141952935,0.16741541
B2A,7bdf9996ea.jpg,0.8749821807094478,0.39468193
B2A,7be0db443f.jpg,0.8377012082090691,0.30338407
B2A,7be0dc51f4.jpg,0.7943457283336668,0.29193115
B2A,7be0f69dcb.jpg,0.7295511468069155,0.3480239
B2A,7bf5288c2b.jpg,0.7106442800886191,0.4085354
B2A,7c008f564f.jpg,0.7135776558318708,0.27140522
B2A,7c0124f967.jpg,0.9478425099261027,0.19832313
B2A,7c0461f641.jpg,0.8530834200605064,0.31666794
B2A,7c049eff70.jpg,0.8213900368427773,0.32021794
B2A,7c0c7a783b.jpg,0.6490769468232792,0.39143622
B2A,7c0d9a98f6.jpg,0.6249243750627888,0.52813035
B2A,7c10f3f57f.jpg,0.7598629751361585,0.46220142
B2A,7c1125ebeb.jpg,0.6675839567900098,0.375104
B2A,7c1218f676.jpg,0.6702335622583449,0.48875752
B2A,7c15235fb8.jpg,0.8520325407050993,0.46632037
B2A,7c156b004d.jpg,0.7833954816326124,0.39676946
B2A,7c1d7c9aa3.jpg,0.8020943615162918,0.23160987
B2A,7c1f2ef952.jpg,0.8556905039993155,0.24156277
B2A,7c1fcdc180.jpg,0.808689261769743,0.35690036
B2A,7c25e34189.jpg,0.6598543350697621,0.46725538
B2A,7c384a7ede.jpg,0.7189733600977124,0.5652202
B2A,7c3b2c256c.jpg,0.5971507864816968,0.58573025
B2A,7c3ee3e388.jpg,0.8335281475765026,0.21979389
B2A,7c3fbdac59.jpg,0.6741985120054391,0.3859751
B2A,7c4766fb03.jpg,0.8619409414004515,0.34982955
B2A,7c5d962322.jpg,0.8347463368375996,0.51763725
B2A,7c63c281ef.jpg,0.7334139243731567,0.3580336
B2A,7c68ca1865.jpg,0.8173853865156244,0.354896
B2A,7c68ccf32f.jpg,0.7818119583245966,0.39565516
B2A,7c6ab18691.jpg,0.5759416210656856,0.6697412
B2A,7c6cf5181a.jpg,0.6886868237794578,0.39858478
B2A,7c79a1e83e.jpg,0.7711473832228758,0.3683563
B2A,7c872ca222.jpg,0.6792897479910558,0.5854818
B2A,7c955126e8.jpg,0.7481494492374898,0.54025966
B2A,7c9a4f10b2.jpg,0.7645324017795782,0.3408688
B2A,7c9af80795.jpg,0.7835407243205422,0.47109562
B2A,7cb0522881.jpg,0.6558373119456701,0.5350391
B2A,7cb0db442a.jpg,0.876249870260162,0.38567144
B2A,7cb82fa990.jpg,0.8095950047290535,0.34259865
B2A,7cbf0363dd.jpg,0.7698284881296011,0.39710063
B2A,7cc41853c4.jpg,0.8418421561357666,0.18851158
B2A,7ccec75d11.jpg,0.6734863300676226,0.2517193
B2A,7cd2ad5db4.jpg,0.8017995047265519,0.30542693
B2A,7cd7629560.jpg,0.7335514424747136,0.3742467
B2A,7cda318854.jpg,0.7264659600935944,0.3735532
B2A,7cdd5a8c97.jpg,0.7296285058950659,0.43300477
B2A,7ce956f84e.jpg,0.901370114002433,0.19683623
B2A,7cf3257fe1.jpg,0.8954456288261292,0.107003324
B2A,7cf972ca4e.jpg,0.7352610849100021,0.25146857
B2A,7d0b63d4d1.jpg,0.8554336473451111,0.31676185
B2A,7d11bc4bb1.jpg,0.9203866131937035,0.2484168
B2A,7d14ae2c83.jpg,0.8355270606666532,0.47520328
B2A,7d1867e979.jpg,0.7599164215092058,0.3291889
B2A,7d33e5e3ac.jpg,0.8857904598626184,0.22807674
B2A,7d3556655c.jpg,0.6838587436421184,0.46926227
B2A,7d438b5b3e.jpg,0.8117398982201639,0.32724866
B2A,7d4e10f395.jpg,0.9048078582022133,0.22300461
B2A,7d65234f6f.jpg,0.5533050497370261,0.55858153
B2A,7d696fbb2f.jpg,0.8010787216876369,0.4480492
B2A,7d6dc43485.jpg,0.9020371118117506,0.23811662
B2A,7d71d359f0.jpg,0.8194832217381682,0.3197054
B2A,7d72c4ba28.jpg,0.8609140920147718,0.4234931
B2A,7d7556d1dd.jpg,0.8369485225200275,0.33947477
B2A,7d7d58cea7.jpg,0.5996391036455202,0.50384796
B2A,7d8abbfdbd.jpg,0.8684626340750627,0.3679406
B2A,7d940c442d.jpg,0.8316497226504519,0.40159458
B2A,7d95240653.jpg,0.7399865151594842,0.47061282
B2A,7da4680104.jpg,0.7816331582618078,0.4197445
B2A,7db236abe0.jpg,0.6121890161051725,0.69899726
B2A,7dca327fe8.jpg,0.7950074284331475,0.536046
B2A,7dcb0d04e3.jpg,0.8218591988913366,0.38395035
B2A,7dd8b4a45b.jpg,0.5094050544459929,0.6952077
B2A,7de01293ea.jpg,0.821341043324064,0.465156
B2A,7dfb072885.jpg,0.8134322566252341,0.38267943
B2A,7e2519dcf1.jpg,0.5826024578123515,0.5219213
B2A,7e26c9f22d.jpg,0.7402829217123856,0.3319035
B2A,7e2ad883dd.jpg,0.7445792261882542,0.4710017
B2A,7e2e2533ee.jpg,0.8835504765547392,0.31375208
B2A,7e304fd432.jpg,0.6482181145027558,0.2557686
B2A,7e37685707.jpg,0.7825443999468853,0.22572058
B2A,7e3c9753d2.jpg,0.7052885544162321,0.39385062
B2A,7e6b458841.jpg,0.8001108608706622,0.39929217
B2A,7e77e7ff01.jpg,0.912738336938231,0.31584924
B2A,7e83030c67.jpg,0.8499909783311629,0.37678525
B2A,7e838e4c19.jpg,0.6080136869683108,0.70227766
B2A,7e889d8813.jpg,0.6651869737163714,0.40830332
B2A,7e8e158ba5.jpg,0.7338806275313724,0.4222035
B2A,7e91553d4c.jpg,0.633045946997348,0.53899634
B2A,7e947e8473.jpg,0.676022001380638,0.41219234
B2A,7ea12ecf5b.jpg,0.8153674277825432,0.2617199
B2A,7ea8555873.jpg,0.5262013326167608,0.57777417
B2A,7eb9a0d805.jpg,0.6639640321902975,0.4632993
B2A,7ebc0b2351.jpg,0.7393436373758022,0.29921174
B2A,7ebcd7c679.jpg,0.6706817620746729,0.41916895
B2A,7ec20e8b9a.jpg,0.7608338474883496,0.3270641
B2A,7ede634def.jpg,0.8130987281188098,0.5130413
B2A,7edf7ca60d.jpg,0.6463755237408714,0.6522517
B2A,7ef4f1446b.jpg,0.8380589904903505,0.3245908
B2A,7f019e5373.jpg,0.8501235836493071,0.30936235
B2A,7f02d9fa8f.jpg,0.6778892257197938,0.6169416
B2A,7f12c1cca1.jpg,0.8889116520299835,0.3839304
B2A,7f299427bb.jpg,0.6439753683243236,0.3587814
B2A,7f324200d3.jpg,0.7813750728368825,0.5158533
B2A,7f43e66a43.jpg,0.7988951442181532,0.42968053
B2A,7f4e8f04c5.jpg,0.6372956765712727,0.43281603
B2A,7f59dbd120.jpg,0.8629251882999454,0.32784486
B2A,7f60fd12e1.jpg,0.8994193138738581,0.14216949
B2A,7f640e04dc.jpg,0.7824861886980532,0.30655724
B2A,7f78a7aa8c.jpg,0.8253684628352956,0.42992783
B2A,7f7f9dcc20.jpg,0.9080572734682498,0.17695017
B2A,7f9ac1520f.jpg,0.7253970900906465,0.26990256
B2A,7fa151a456.jpg,0.6079386027524458,0.34014052
B2A,7fa2d1f946.jpg,0.8336657761014753,0.22477113
B2A,7fa318179b.jpg,0.814324023213731,0.3448848
B2A,7fa6e56ff7.jpg,0.8976297683582776,0.28705546
B2A,7fb0f42377.jpg,0.8169748898682647,0.42272344
B2A,7fb171451a.jpg,0.6297740412883474,0.59167653
B2A,7fb1cad955.jpg,0.7375169903674001,0.20867424
B2A,7fb9eff147.jpg,0.8630395349366073,0.2886283
B2A,7fc9c15d6c.jpg,0.7041534090347292,0.27826774
B2A,7fd24aaafe.jpg,0.8073942650003838,0.42982462
B2A,7fe10b4018.jpg,0.7298488163821362,0.4670148
B2A,7fe3df6004.jpg,0.8260816938633163,0.27346042
B2A,7ff003370d.jpg,0.7449188056606239,0.33489978
B2A,7ff8dfa2ee.jpg,0.7926796973641802,0.35106504
B2A,7ffc13fa6c.jpg,0.700024962609906,0.7123371
B2A,80056780a6.jpg,0.9085697980241789,0.26258636
B2A,802eeb0575.jpg,0.7484973914881243,0.31034276
B2A,803918db32.jpg,0.924668523805618,0.2984275
B2A,803cdfa30d.jpg,0.6363976320467631,0.4947807
B2A,8040facbe6.jpg,0.8416979278612722,0.32184196
B2A,80504a22b9.jpg,0.7865401092684732,0.48999637
B2A,805cc692e2.jpg,0.6690167859712823,0.4460687
B2A,805d252a48.jpg,0.8322505136419115,0.35793945
B2A,806723cc78.jpg,0.8690342471377701,0.19701429
B2A,806806cb9a.jpg,0.8479067025922516,0.4077887
B2A,806bcffeb8.jpg,0.9079784652483679,0.22050929
B2A,807412a8c6.jpg,0.7995395397589571,0.5300613
B2A,80ae498dc4.jpg,0.7897899210977758,0.27103865
B2A,80bdb3ebb3.jpg,0.9072696297106345,0.2236771
B2A,80c662984e.jpg,0.8274483947067185,0.2553038
B2A,80c7bd98c6.jpg,0.9173310379656116,0.20410885
B2A,80cb714bef.jpg,0.8775556705827673,0.8027414
B2A,80e9db68d7.jpg,0.6649296151732057,0.3813214
B2A,80f21f8d80.jpg,0.789488635709549,0.29087383
B2A,80f94c28a2.jpg,0.6676564579179801,0.48360178
B2A,80f9a9d388.jpg,0.5681527109289404,0.44464213
B2A,8101ece7f2.jpg,0.7418886403593377,0.3559802
B2A,8102f2aa02.jpg,0.9436536448820877,0.17213681
B2A,8107391f58.jpg,0.826153527367917,0.3330499
B2A,81167cf39f.jpg,0.7678184743678936,0.32058823
B2A,811d974e6d.jpg,0.8320871204806254,0.5355014
B2A,811f8878b8.jpg,0.8426981409738384,0.43246526
B2A,81212b5fb3.jpg,0.7226068913945957,0.42953575
B2A,812c304d83.jpg,0.5851275791523383,0.635062
B2A,81389aa2a9.jpg,0.9040927777754798,0.18833417
B2A,81598667e6.jpg,0.7278265796828622,0.39310208
B2A,8159e774de.jpg,0.8306612669294339,0.4325387
B2A,815a938f69.jpg,0.8452499623790461,0.212232
B2A,815ab85a6e.jpg,0.7110459318100969,0.35621843
B2A,816320a79c.jpg,0.7043444967097067,0.5246225
B2A,816941fe05.jpg,0.7244343651595965,0.42227012
B2A,816cf329c2.jpg,0.8199992051712152,0.27759388
B2A,8173072883.jpg,0.7641576663542743,0.30968198
B2A,817699d6f7.jpg,0.8202674877631382,0.43216443
B2A,8178110f5e.jpg,0.7788393992076427,0.26848602
B2A,8195d86c30.jpg,0.9072044709812367,0.31625345
B2A,819ced9dae.jpg,0.8616793562189431,0.23687068
B2A,81a3f846ba.jpg,0.9308977559582453,0.3227276
B2A,81a5890567.jpg,0.6254217459543834,0.34244418
B2A,81ac7dcf8c.jpg,0.7497574498915713,0.32615596
B2A,81acc80772.jpg,0.780214372058915,0.27363232
B2A,81c035fb44.jpg,0.8650802466971104,0.36598933
B2A,81c57f7151.jpg,0.712410090985102,0.5131011
B2A,81ce13c3df.jpg,0.9169827337303053,0.25566897
B2A,81da4f11ed.jpg,0.8335952639131317,0.23299776
B2A,81ea0e81ce.jpg,0.7214345752944034,0.33267087
B2A,81ed4d9ff3.jpg,0.6164153511919161,0.4442768
B2A,81fb53e37a.jpg,0.487584100959638,0.40665293
B2A,81ff0aefc6.jpg,0.834803902278227,0.26685503
B2A,82040426b5.jpg,0.741803709658684,0.69993085
B2A,8220d80950.jpg,0.6613672056897645,0.5813567
B2A,822552115b.jpg,0.7236511931767511,0.41545624
B2A,822947ecb1.jpg,0.7792535984794089,0.2855494
B2A,82367ab4d2.jpg,0.6403176282597187,0.5432186
B2A,8248de6066.jpg,0.7397521148301255,0.40962714
B2A,824bed3f95.jpg,0.9318097379992641,0.2561979
B2A,82634a2ae8.jpg,0.8755387135101139,0.2783044
B2A,82693740f1.jpg,0.6095127107337966,0.66103065
B2A,8277fe2e16.jpg,0.6194592426966002,0.43969372
B2A,827d49d009.jpg,0.9246594419269488,0.19240147
B2A,8296beac40.jpg,0.8416639338421414,0.29005682
B2A,829836a509.jpg,0.702760077385815,0.3899914
B2A,8298b9a8d8.jpg,0.7746227939733152,0.36260986
B2A,829903c6c6.jpg,0.7364534953297468,0.38693237
B2A,82af83a14d.jpg,0.7205764914515979,0.36481312
B2A,82b669c385.jpg,0.7707522621740975,0.27944615
B2A,82bef71a05.jpg,0.5904519828241287,0.33257318
B2A,82c327e9d4.jpg,0.6893008469388846,0.50762653
B2A,82decad964.jpg,0.5589895945856082,0.5275937
B2A,82e260b45d.jpg,0.9286160225075312,0.30069995
B2A,82e41780fb.jpg,0.6295455183094029,0.4574064
B2A,82e82a8357.jpg,0.844337614837593,0.35551545
B2A,82eed08641.jpg,0.768892223242997,0.36020926
B2A,82f5266958.jpg,0.8586694638925131,0.4500909
B2A,82fcbee767.jpg,0.8364365684437081,0.3379256
B2A,8304fdf299.jpg,0.7384376391808215,0.5587312
B2A,830926071b.jpg,0.7326519714063237,0.57698476
B2A,8309cebb11.jpg,0.8724495098054105,0.30910304
B2A,830d6a9af8.jpg,0.7478942274437778,0.41542375
B2A,8310e4a528.jpg,0.8501239489634946,0.25828415
B2A,831831cd60.jpg,0.7082282662955877,0.4870559
B2A,833684a09f.jpg,0.8403229668863023,0.2593324
B2A,8340918985.jpg,0.9413149116966639,0.11295509
B2A,834324b28d.jpg,0.7198874412182052,0.56355584
B2A,834d25dc3a.jpg,0.5801683426982255,0.43734092
B2A,835bec911b.jpg,0.893391210593653,0.2267887
B2A,8369977ac5.jpg,0.9010650262642973,0.24252118
B2A,8371a80fc5.jpg,0.8169986020450198,0.3146333
B2A,838707bb83.jpg,0.5951805744394714,0.67715967
B2A,83871aecf1.jpg,0.8545795774559047,0.31597507
B2A,839167629f.jpg,0.724228652375315,0.35994858
B2A,8399fa40c0.jpg,0.8339536105184512,0.43576002
B2A,83a22608d9.jpg,0.6519576818772057,0.4629809
B2A,83b450115e.jpg,0.8919681791149896,0.18089429
B2A,83b513a9f5.jpg,0.9007892337868222,0.20979303
B2A,83b5cb7823.jpg,0.8813928111008212,0.20831977
B2A,83ca4e5d68.jpg,0.7727189246699722,0.54027635
B2A,83cf828aa6.jpg,0.8812516473565969,0.38578278
B2A,83d2597f51.jpg,0.7526458444729022,0.32410634
B2A,83e571e3af.jpg,0.5314506375353271,0.5614959
B2A,83e9d62ff0.jpg,0.712083239886572,0.49975938
B2A,83ed90d1d7.jpg,0.8873433332907418,0.24405442
B2A,83f5024bcd.jpg,0.8097434151530658,0.24962252
B2A,83f55b4d2e.jpg,0.7541647106757484,0.37338322
B2A,83f5a65548.jpg,0.927916843932868,0.2025123
B2A,83f6286883.jpg,0.5059798828243559,0.50961685
B2A,8400927e5f.jpg,0.9194729331177853,0.26665327
B2A,840a22679d.jpg,0.6780317839930535,0.4123078
B2A,8410764670.jpg,0.7538416478228751,0.32587224
B2A,8417b9ba5d.jpg,0.7750155555267642,0.40546784
B2A,842796e8dd.jpg,0.7867923567238925,0.337099
B2A,84356275c7.jpg,0.8808699618997611,0.27587196
B2A,843b6f2a18.jpg,0.8912899147494413,0.4075581
B2A,843d7a0966.jpg,0.683401016872616,0.48257935
B2A,843f66f77e.jpg,0.711801785703542,0.4391473
B2A,84484a24e0.jpg,0.7737489923744346,0.5064569
B2A,84553b740b.jpg,0.8039105805350503,0.36866587
B2A,84637eb98b.jpg,0.9014258710998238,0.20485955
B2A,8474d317e3.jpg,0.7529521252930108,0.4323297
B2A,847da6b705.jpg,0.6800469355649953,0.50097185
B2A,8480e5bae2.jpg,0.880139127412412,0.2345351
B2A,849b958fa3.jpg,0.8763718658935414,0.21229264
B2A,849d054ce5.jpg,0.8946189961181593,0.4939227
B2A,84acf0ee3f.jpg,0.6765202104625794,0.6081539
B2A,84c2400c39.jpg,0.8040631198989561,0.2291254
B2A,84c4d10f39.jpg,0.9230564945085391,0.193174
B2A,84cae20e39.jpg,0.7882271470545411,0.24390158
B2A,84cb45938b.jpg,0.7722948819628963,0.5133376
B2A,84cd781c32.jpg,0.7521730224181516,0.36007813
B2A,84dad4b872.jpg,0.8423299803808005,0.4424495
B2A,84df271806.jpg,0.6149605954586432,0.55089533
B2A,84ee633e7a.jpg,0.8556766435506068,0.2538296
B2A,84f1a78c0a.jpg,0.6392012341715289,0.47184622
B2A,84f5b38537.jpg,0.7529250521845279,0.45791262
B2A,84fd2747e7.jpg,0.8506699683127846,0.26929638
B2A,85011baf6a.jpg,0.6466878290038593,0.4073728
B2A,850cb18db0.jpg,0.7446860268177794,0.46767053
B2A,8511eb45e8.jpg,0.8016625940373744,0.45346263
B2A,851c2742d9.jpg,0.8627271781917114,0.17408493
B2A,8526c7d445.jpg,0.662751588439633,0.5853224
B2A,852771e943.jpg,0.7821380988112977,0.6010314
B2A,8527919cc8.jpg,0.665440361937301,0.53906876
B2A,852ced6303.jpg,0.822293588027039,0.28977674
B2A,85377f86af.jpg,0.5805811846554835,0.50300276
B2A,8562b1ef80.jpg,0.85202514062134,0.26658136
B2A,8565668373.jpg,0.8112204700536264,0.41955036
B2A,8574055650.jpg,0.8455747821381883,0.3204134
B2A,8576320b13.jpg,0.7397310222059971,0.42134997
B2A,8584d4b75f.jpg,0.6949377389330783,0.23946407
B2A,8593b23e01.jpg,0.7382679922549986,0.3846029
B2A,8597aec3c1.jpg,0.6737865752423433,0.61303896
B2A,8598af15a5.jpg,0.7285827377611261,0.4899842
B2A,85b3353572.jpg,0.8999195069865837,0.24854168
B2A,85d1493cb9.jpg,0.8840877065943841,0.2838587
B2A,85d4c7d44e.jpg,0.9186227842713004,0.21691981
B2A,860986c993.jpg,0.8816642569675975,0.21664438
B2A,8609912dd5.jpg,0.8331949003186561,0.24572378
B2A,8610a242cf.jpg,0.6050187023095042,0.5595647
B2A,86146960bc.jpg,0.6548269303496161,0.73838174
B2A,86149e3c8a.jpg,0.8440753276899984,0.36172175
B2A,8623f11b69.jpg,0.8885806174466135,0.24903837
B2A,8635c1c560.jpg,0.8860985074203985,0.14161038
B2A,8656e512bc.jpg,0.7488490885550584,0.28156522
B2A,866ca5455c.jpg,0.7108588645266178,0.5651536
B2A,8676768de2.jpg,0.8082850969307722,0.48762196
B2A,86777200f8.jpg,0.7163527763544995,0.47894794
B2A,868b7d7c85.jpg,0.7268044797904428,0.4172622
B2A,868fdaaa01.jpg,0.7744175577592356,0.35797268
B2A,86913ad2d6.jpg,0.8311029025752578,0.1982661
B2A,869e7e9177.jpg,0.8481364916221718,0.33635196
B2A,869f7517fb.jpg,0.8522078572715083,0.36885884
B2A,86a8147985.jpg,0.5632161055178151,0.62103456
B2A,86b0a365e5.jpg,0.6353222910846844,0.406197
B2A,86c26de778.jpg,0.893667899262873,0.15141462
B2A,86c699eff0.jpg,0.7816791920671904,0.39083314
B2A,86cb9f2483.jpg,0.8542404859740874,0.2487661
B2A,86d8a1d9ba.jpg,0.6878851468635746,0.4815976
B2A,86e66ceaf1.jpg,0.6991447633733682,0.49874243
B2A,86ecbea286.jpg,0.7090512525037082,0.58032644
B2A,86f8a2e90f.jpg,0.8100719567926056,0.2921634
B2A,86f9aceace.jpg,0.5909034071313495,0.39476842
B2A,87016c0800.jpg,0.592669639254936,0.4342309
B2A,8705ef9d26.jpg,0.7103081834102001,0.5124842
B2A,87139410be.jpg,0.756886286440395,0.36303657
B2A,8728db54dc.jpg,0.834379599223119,0.22050822
B2A,8738881ad2.jpg,0.838692813399828,0.37827447
B2A,873e430467.jpg,0.6794580052645451,0.4068921
B2A,87483aa57b.jpg,0.9259301833830168,0.3602451
B2A,875b07f673.jpg,0.787116356056148,0.33423737
B2A,87673f1feb.jpg,0.7962252674876394,0.45735946
B2A,877501f570.jpg,0.7412496834349476,0.42643806
B2A,8783576bd7.jpg,0.8304327979422673,0.3424917
B2A,878f3c49e1.jpg,0.6798932241304507,0.47760007
B2A,8795783436.jpg,0.7131232695300442,0.34712166
B2A,87991ccf48.jpg,0.8643864360227107,0.33283845
B2A,87a4e88d93.jpg,0.5671202344010577,0.49761984
B2A,87a97f497a.jpg,0.8525924983489854,0.34175494
B2A,87cc143c4d.jpg,0.7679397100908402,0.29296142
B2A,87cdccc1ec.jpg,0.8652254533153594,0.13813163
B2A,87dbe31f97.jpg,0.6136550391069862,0.281119
B2A,87dec6234c.jpg,0.7768986299873093,0.26764932
B2A,87e1ce5b0e.jpg,0.8109304251590836,0.39286584
B2A,87e821d849.jpg,0.7982807938375447,0.28441843
B2A,87edc083e0.jpg,0.6350350776542413,0.6722152
B2A,87f1d5e9a7.jpg,0.8123066826270229,0.36818662
B2A,8802d98b14.jpg,0.7316431415327992,0.41374263
B2A,8802f617cf.jpg,0.6414430021631008,0.56628263
B2A,8803b67dfb.jpg,0.6013290510726936,0.3103959
B2A,880c9f0f1c.jpg,0.8872476128422931,0.18816592
B2A,880e0f6c15.jpg,0.8443256552189967,0.30599508
B2A,880f24ca7d.jpg,0.7706212615616512,0.46957725
B2A,881359fdc7.jpg,0.7713715239301825,0.35251358
B2A,882ad01587.jpg,0.7896937066793774,0.18495855
B2A,882d8f1a40.jpg,0.9358902121910861,0.24376929
B2A,882fc1371a.jpg,0.672256843631891,0.5050894
B2A,8833519aba.jpg,0.6535313574473717,0.5444184
B2A,883cda372c.jpg,0.8793366888763614,0.4512966
B2A,884d210d61.jpg,0.6155814313531586,0.46759388
B2A,88536f79ce.jpg,0.7641729611809016,0.39216292
B2A,885e53b9d5.jpg,0.729495583974147,0.48412114
B2A,8868ba6b14.jpg,0.7557218632445394,0.290011
B2A,888af43803.jpg,0.7569983329901621,0.34054878
B2A,88985ea668.jpg,0.7778306687740378,0.34951568
B2A,88a1e7af18.jpg,0.7862211979873862,0.33576718
B2A,88b06853f1.jpg,0.8857351082630339,0.21584654
B2A,88bd59eca7.jpg,0.9398384334536094,0.12736124
B2A,88c8c49c36.jpg,0.7936662549990349,0.33101514
B2A,88ca143dc7.jpg,0.82892533162519,0.46650925
B2A,88d3d38aed.jpg,0.6570488795952896,0.26904422
B2A,88eced0e8e.jpg,0.7741702870734187,0.3511681
B2A,88f733fe78.jpg,0.6707177494694755,0.3704325
B2A,8914946e64.jpg,0.9277401001764551,0.23080027
B2A,891913c343.jpg,0.9189553184277331,0.14384852
B2A,8936c9c89c.jpg,0.7881061902164944,0.4012725
B2A,893f5b62a6.jpg,0.6565150627337949,0.5788848
B2A,89578c6353.jpg,0.7846078976483208,0.5377698
B2A,8973eff964.jpg,0.7334431419848414,0.38858646
B2A,898a35149a.jpg,0.823765457482055,0.36858702
B2A,899b7f7521.jpg,0.7047720189823812,0.4379904
B2A,899e306a16.jpg,0.7473119875228885,0.26559263
B2A,899f4a9c68.jpg,0.6313057440871075,0.41576982
B2A,89ab7af8ec.jpg,0.938000781895687,0.2028491
B2A,89b5450ec4.jpg,0.8772346990427282,0.14814904
B2A,89c7dcd73a.jpg,0.7730104795688771,0.4657728
B2A,89ce60258b.jpg,0.832781290800523,0.43564844
B2A,89deacf521.jpg,0.7618104598919525,0.44817093
B2A,8a01bb88d9.jpg,0.7632495327430189,0.365664
B2A,8a09c3fbff.jpg,0.5934533343262096,0.5262932
B2A,8a0d049fdb.jpg,0.8257942684138037,0.3239817
B2A,8a38d33eb9.jpg,0.8376088109868679,0.20742247
B2A,8a4c8c7581.jpg,0.8073368040193103,0.34497288
B2A,8a68577ae9.jpg,0.7466358939503729,0.57120985
B2A,8a6a134b6e.jpg,0.8834939439285076,0.17901349
B2A,8a6a17661a.jpg,0.876845520014444,0.2300188
B2A,8a6f40ebc6.jpg,0.7341980409141554,0.6410842
B2A,8a70493b60.jpg,0.8019393032722295,0.42464694
B2A,8a7c211597.jpg,0.7522205197348099,0.60595214
B2A,8a8801feb9.jpg,0.724142840635495,0.46959108
B2A,8a935bef79.jpg,0.7791401108782571,0.41744393
B2A,8a987f711b.jpg,0.8495050195031052,0.25538692
B2A,8a9d3ff7fa.jpg,0.6532737891429281,0.64962995
B2A,8ab1eaa5f0.jpg,0.6855996203368305,0.40798408
B2A,8ae4265cd3.jpg,0.8818125583181531,0.24196082
B2A,8ae8564344.jpg,0.7713249633773926,0.34005892
B2A,8af0546eb3.jpg,0.8307674364152546,0.4485826
B2A,8af291a241.jpg,0.6924903716861394,0.4799633
B2A,8afd46824b.jpg,0.7365774405420267,0.53878945
B2A,8afd5933d9.jpg,0.93071289225017,0.24882784
B2A,8b10c7ce5b.jpg,0.8235716078969157,0.2586487
B2A,8b34d93323.jpg,0.7409340078437114,0.49667892
B2A,8b3830949d.jpg,0.8824028849855591,0.34969884
B2A,8b3fb4a823.jpg,0.9301525187521386,0.22845474
B2A,8b41c19587.jpg,0.7678121544318544,0.52657056
B2A,8b4acbb780.jpg,0.8319753715728108,0.3552947
B2A,8b554cd034.jpg,0.7616105688397201,0.23272392
B2A,8b62a7dd7a.jpg,0.76138712927019,0.3075912
B2A,8b641a3afe.jpg,0.704582734391944,0.39858896
B2A,8b6a8bf9f6.jpg,0.6304906889031849,0.42894983
B2A,8b6dd12ee0.jpg,0.49983171997347847,0.5684377
B2A,8b6f332ed2.jpg,0.8575894359207754,0.27882278
B2A,8b85d214a5.jpg,0.8209696787636708,0.3649943
B2A,8b8987492f.jpg,0.5571032482425933,0.56486815
B2A,8b8fc600dc.jpg,0.7608080783066946,0.56211984
B2A,8b997cbee6.jpg,0.6871986328060573,0.55466294
B2A,8bb6428221.jpg,0.7988983550511409,0.17564152
B2A,8bb91472c8.jpg,0.8700936730576362,0.2382017
B2A,8be1dad77a.jpg,0.8512249758786173,0.24203894
B2A,8be3f02dae.jpg,0.6955792353853106,0.423043
B2A,8be8d9c7fe.jpg,0.9026036407969805,0.18279797
B2A,8bf1c2db03.jpg,0.9201560965918244,0.14991578
B2A,8bfb3ef6f7.jpg,0.8424051826374288,0.31831846
B2A,8bfc8d6970.jpg,0.78099689472284,0.30237392
B2A,8c03f9790e.jpg,0.7283193612247626,0.51377594
B2A,8c1f68d7c0.jpg,0.6532337214622734,0.54992396
B2A,8c2dcd04ce.jpg,0.6026108808852982,0.31495887
B2A,8c38df7eda.jpg,0.8444239676410402,0.29688418
B2A,8c39fccc0c.jpg,0.8123668683249619,0.3516443
B2A,8c3f71bb3d.jpg,0.8148290743372044,0.43284732
B2A,8c5385298d.jpg,0.8243304027353535,0.17582102
B2A,8c56566f1b.jpg,0.8465053156753786,0.37139794
B2A,8c58319212.jpg,0.9028796110593144,0.24532741
B2A,8c587af1d9.jpg,0.772974229786465,0.21381083
B2A,8c59a24ec4.jpg,0.7369880623424835,0.36851037
B2A,8c69c81d62.jpg,0.8340995575747533,0.61558384
B2A,8c6fe9b698.jpg,0.5314425525317849,0.54246986
B2A,8c7de9cb64.jpg,0.8485339212707161,0.2972116
B2A,8c81e05b8b.jpg,0.7137269549851684,0.40088853
B2A,8c8961cabb.jpg,0.7920131040081082,0.36021155
B2A,8c967453de.jpg,0.8739782238965675,0.33662713
B2A,8c97b5d5f3.jpg,0.7450418491213252,0.4109766
B2A,8c98a42872.jpg,0.8101260244850602,0.3622879
B2A,8c9b7944d9.jpg,0.6794363059431657,0.3705708
B2A,8c9da54f5e.jpg,0.8452718911674706,0.29741997
B2A,8cbb7fead2.jpg,0.8696588649015241,0.34132707
B2A,8cc036746a.jpg,0.8577908238263258,0.19392426
B2A,8cc1fedf0f.jpg,0.6056712921264128,0.5398383
B2A,8ccb1f6067.jpg,0.7470057185852834,0.2448951
B2A,8cefb5476f.jpg,0.7655873004387271,0.3679139
B2A,8cf1ff221a.jpg,0.9529815434544611,0.23855707
B2A,8cf3dc8532.jpg,0.6344809333793943,0.46439648
B2A,8d05da85a2.jpg,0.7833940281506993,0.51208407
B2A,8d1d0c152a.jpg,0.7597496215255882,0.4021939
B2A,8d297a6fba.jpg,0.5954188572319413,0.5491237
B2A,8d373e4f08.jpg,0.8436281199839997,0.25192606
B2A,8d395f773d.jpg,0.8270081239519748,0.31671298
B2A,8d398d8077.jpg,0.7443979203164951,0.44604152
B2A,8d4d305053.jpg,0.7431298639928462,0.42844257
B2A,8d511d593a.jpg,0.7929695378547209,0.52221286
B2A,8d7cc55987.jpg,0.8197803529229941,0.29160878
B2A,8d8535b155.jpg,0.8336025204332476,0.23928908
B2A,8d868ee80d.jpg,0.5181905433138584,0.5009046
B2A,8d8cf10470.jpg,0.6897788839618397,0.5444649
B2A,8da436b074.jpg,0.7243414754594788,0.6170424
B2A,8dac996304.jpg,0.5944749335242122,0.59130824
B2A,8db1c9c782.jpg,0.7858458019095624,0.27040604
B2A,8de4267ea0.jpg,0.7578702029646753,0.26586863
B2A,8defb17876.jpg,0.7450527457129634,0.29281634
B2A,8dfd4b4562.jpg,0.8136608947514812,0.32096437
B2A,8e042bb3e6.jpg,0.6361324070834398,0.44239375
B2A,8e1472c0ac.jpg,0.7721776959628139,0.58907235
B2A,8e19cd143b.jpg,0.6626275611762845,0.64142317
B2A,8e218bbeee.jpg,0.8633426372405686,0.17868662
B2A,8e27c58e8b.jpg,0.8701922732662665,0.25864238
B2A,8e27cd8afb.jpg,0.7560061525922509,0.3633558
B2A,8e30baf5ae.jpg,0.8737222281943946,0.17699084
B2A,8e3b41a3a0.jpg,0.9070392863228155,0.18931706
B2A,8e3fd7ff09.jpg,0.5625115856670906,0.5174486
B2A,8e51d5867f.jpg,0.8274888391171572,0.32204318
B2A,8e6e5f8078.jpg,0.6304129101486183,0.38525045
B2A,8e79534b0c.jpg,0.6700565237052648,0.40732327
B2A,8e876bd586.jpg,0.859485804619266,0.30986643
B2A,8e95ef6636.jpg,0.8204262751852229,0.4622318
B2A,8ea3121111.jpg,0.5888711958472086,0.44802734
B2A,8ea33353d8.jpg,0.860306323173571,0.38759243
B2A,8eabde45df.jpg,0.78102645900416,0.4234682
B2A,8eaf38146d.jpg,0.6977940676393555,0.3959227
B2A,8ebecab630.jpg,0.8055516110346176,0.24359414
B2A,8ec934ab7a.jpg,0.8408011207137946,0.14149012
B2A,8ed9adc2f8.jpg,0.7164355879897262,0.437286
B2A,8edfe6d708.jpg,0.7714890957870731,0.38153255
B2A,8ee24544da.jpg,0.7890789488114647,0.33069894
B2A,8ef3c11446.jpg,0.7465990505720991,0.34281117
B2A,8ef6d21430.jpg,0.8854352660848326,0.32676676
B2A,8ef84910a6.jpg,0.8052920059731968,0.26792097
B2A,8f0403e2cf.jpg,0.7396891741840788,0.45002326
B2A,8f0aa160cb.jpg,0.6381103095503438,0.53893447
B2A,8f250ece01.jpg,0.8605918755930809,0.34474114
B2A,8f2af16e7b.jpg,0.8870610545054745,0.18696734
B2A,8f3be0fbeb.jpg,0.7493912857802036,0.56191564
B2A,8f564a0a48.jpg,0.7546886382453072,0.31928676
B2A,8f59672761.jpg,0.8048962951107833,0.3067869
B2A,8f62691292.jpg,0.8934133604814585,0.2308647
B2A,8f651ee326.jpg,0.7379264731113744,0.43768382
B2A,8f67825151.jpg,0.6117237875263676,0.3897006
B2A,8f6daedb85.jpg,0.8424925082290992,0.3554315
B2A,8f78274408.jpg,0.6906617138471175,0.29618016
B2A,8f7bb4da8c.jpg,0.8926775966475365,0.3032112
B2A,8f8bdab0d3.jpg,0.8954253819980582,0.20298168
B2A,8f9c1bf59c.jpg,0.8605410636545507,0.3143788
B2A,8f9cc89fc1.jpg,0.6928650090365563,0.47154295
B2A,8fa21cc3ae.jpg,0.8320527217521269,0.40486252
B2A,8fbd39a41f.jpg,0.8930148981723749,0.17081712
B2A,8fbfe7bc3e.jpg,0.6381224643663396,0.4342324
B2A,8fc153c94e.jpg,0.886301195524465,0.27801916
B2A,8fc1a3d804.jpg,0.9211149427232591,0.4196498
B2A,8fc60f7bef.jpg,0.6966692584877576,0.4973806
B2A,8fc6680c4a.jpg,0.7072951147593746,0.6023911
B2A,8fc9fce9f2.jpg,0.579731012530347,0.41245773
B2A,8fd6e74ab9.jpg,0.8222629564231148,0.34499776
B2A,8fdc8f747e.jpg,0.902693554347482,0.2745807
B2A,8fe1fb621d.jpg,0.8165939072301223,0.46729857
B2A,8ff2ab81b2.jpg,0.7437486547112084,0.3633777
B2A,8ffa6382e9.jpg,0.6504369575660152,0.37342158
B2A,900c842af7.jpg,0.8687481623268943,0.33821857
B2A,9010105f3d.jpg,0.6943593778932458,0.50474334
B2A,90268e092b.jpg,0.8104903392990752,0.21745154
B2A,9028fc10c7.jpg,0.7634844590949706,0.5212299
B2A,9048e6e0d1.jpg,0.8419091110576754,0.35872072
B2A,904a21697e.jpg,0.7300283761049028,0.5017898
B2A,904f5a5276.jpg,0.9219025884953332,0.2701047
B2A,9050e1c0e6.jpg,0.9024011666140057,0.17010692
B2A,9071c99f67.jpg,0.9387228635321617,0.21939152
B2A,9079fe9d9c.jpg,0.7881269990106018,0.34500206
B2A,907cd5e630.jpg,0.7183868197173023,0.48041052
B2A,907d9cf180.jpg,0.790136186999391,0.3390504
B2A,909ae89f4d.jpg,0.9438114165258755,0.18531919
B2A,90a6484491.jpg,0.731686853145596,0.4242695
B2A,90aa881d59.jpg,0.8239258062729724,0.37062764
B2A,90b3c6c885.jpg,0.8150238776909022,0.3642615
B2A,90b9257df4.jpg,0.5903464779150851,0.5326398
B2A,90bc360c57.jpg,0.8305259960467228,0.26613903
B2A,90bdbd6631.jpg,0.4924983894826249,0.6975126
B2A,90c00b0a8c.jpg,0.8625830126106635,0.27684116
B2A,90c9cd3fe8.jpg,0.7669187537666796,0.33137345
B2A,90cbc5b0a2.jpg,0.7484844833354481,0.45520842
B2A,90d00e4130.jpg,0.5862273225103363,0.40324077
B2A,90d2b880b2.jpg,0.6591719448155804,0.47597897
B2A,90e072864e.jpg,0.8026010278342842,0.52438015
B2A,90e1c5d57a.jpg,0.653049820280199,0.6133643
B2A,90e5ba5fe4.jpg,0.6925548195686184,0.54088753
B2A,90fa0a2900.jpg,0.7680648516955569,0.38453034
B2A,90fc280b72.jpg,0.904308259024951,0.30910522
B2A,9105102bc4.jpg,0.7785453382315268,0.49881935
B2A,910e1f900e.jpg,0.6506996511632093,0.38474363
B2A,911af8c237.jpg,0.774767409083997,0.38203403
B2A,9128a67589.jpg,0.8149027871910656,0.4584702
B2A,912f47efb6.jpg,0.6117492126661328,0.48622486
B2A,912f7c8917.jpg,0.8627779779743917,0.26020822
B2A,9138142611.jpg,0.6353069264261052,0.31002545
B2A,914d6701fb.jpg,0.9529675047661953,0.23669554
B2A,915666f75a.jpg,0.799731024410964,0.40661523
B2A,915b936cdd.jpg,0.7143681657401412,0.4227822
B2A,91633d4951.jpg,0.8381108592251274,0.38375476
B2A,916ae3f734.jpg,0.7745601617216701,0.41316563
B2A,916ba9d722.jpg,0.6361067761727531,0.39053133
B2A,916caf5698.jpg,0.7045561461455281,0.6198778
B2A,917f384f27.jpg,0.883839221684569,0.24559572
B2A,91847ec212.jpg,0.6621872126767795,0.5922983
B2A,9186f2f6bf.jpg,0.9281461338841499,0.09840387
B2A,91916e6337.jpg,0.835901828665395,0.26951575
B2A,9194cac2c2.jpg,0.756657435199249,0.27060375
B2A,91a6a513e8.jpg,0.8905388516195464,0.29074156
B2A,91bd17ebc1.jpg,0.5827634927855414,0.54926205
B2A,91c0fb330a.jpg,0.8412020909123339,0.2078125
B2A,91c4ec2938.jpg,0.7450317266116637,0.3091302
B2A,91caa42854.jpg,0.7954903865067436,0.34784666
B2A,91cdf3c9ec.jpg,0.7445436611189474,0.3173657
B2A,91cef72c5d.jpg,0.7558929968463602,0.4037223
B2A,91cf22742c.jpg,0.6938750596441113,0.49662888
B2A,91d1476220.jpg,0.5942012187062116,0.34722665
B2A,91dbb69203.jpg,0.7599921686897426,0.37483653
B2A,91e43a72c3.jpg,0.7254326084414651,0.27276182
B2A,91edaa90e8.jpg,0.6947295641137218,0.46358448
B2A,9203f9070e.jpg,0.7634463516272767,0.4792066
B2A,921e0c98a4.jpg,0.8736664163780256,0.3324798
B2A,922e075696.jpg,0.8309746794167185,0.36086863
B2A,924309267b.jpg,0.7637735826952694,0.34901875
B2A,9258ed4e17.jpg,0.6325783025676539,0.6201853
B2A,926fabe094.jpg,0.5326522337242899,0.5982415
B2A,92884da831.jpg,0.8846006079692854,0.29146293
B2A,9293bb3ab1.jpg,0.9161130140098258,0.18364374
B2A,9295c73f10.jpg,0.8941948084773618,0.30729014
B2A,92a4544fb1.jpg,0.8205239727329453,0.32192788
B2A,92a77e056a.jpg,0.8811279046533685,0.3045784
B2A,92ad835b19.jpg,0.5312870684695427,0.5685705
B2A,92b15f83a3.jpg,0.6976942146146193,0.42967355
B2A,92b4f542a8.jpg,0.8175274775063853,0.2952219
B2A,92c3fd59e9.jpg,0.9264927853976644,0.18946616
B2A,92c7aa40d9.jpg,0.8340117082600671,0.32445216
B2A,92cb1b612c.jpg,0.8876407389703334,0.2360046
B2A,92d2f773ea.jpg,0.7025132575941482,0.41497147
B2A,92d9a71a35.jpg,0.8257515721475441,0.6542473
B2A,92dacc55c5.jpg,0.8875513265618693,0.5445832
B2A,93132bc39a.jpg,0.5524362751399016,0.45444426
B2A,931e9f62be.jpg,0.5481658865581422,0.43346643
B2A,93228e23b7.jpg,0.8675337498810622,0.24853356
B2A,932f681182.jpg,0.7823980949265297,0.42726183
B2A,93404abb02.jpg,0.7899450616646451,0.22531693
B2A,935b664420.jpg,0.8799591876296162,0.2467591
B2A,935b850c7b.jpg,0.8951614117935132,0.22727828
B2A,936086c2fb.jpg,0.7638106667460975,0.31529605
B2A,9368bfbb0d.jpg,0.7185411356224002,0.5580019
B2A,9384f0381d.jpg,0.816151111996308,0.29703474
B2A,938d0ba34c.jpg,0.8095245687129113,0.5808433
B2A,938fb66016.jpg,0.902454191017876,0.26593554
B2A,9394218ff6.jpg,0.707500756636567,0.4405675
B2A,9395512e4e.jpg,0.7238714232959311,0.455462
B2A,939f31a928.jpg,0.6390535143282375,0.41594777
B2A,93a901666e.jpg,0.7680723792420434,0.36545974
B2A,93b37e6702.jpg,0.7231256393779019,0.3432181
B2A,93b7f31cb9.jpg,0.9563360794305574,0.17742844
B2A,93bd999d11.jpg,0.5376688040613231,0.80658925
B2A,93c641ad5b.jpg,0.8207221698838889,0.21887295
B2A,93d77f649a.jpg,0.8464862266373364,0.4403582
B2A,93fa7e2d2e.jpg,0.5547981734795945,0.64968336
B2A,93fd6bcbb4.jpg,0.662329745467242,0.34020045
B2A,9404bff3b5.jpg,0.877223879922066,0.16358106
B2A,9406f2a468.jpg,0.7142662525495318,0.37073153
B2A,940ebfcf33.jpg,0.8899326341545991,0.33965656
B2A,9412b74bf7.jpg,0.6513401158608141,0.41499823
B2A,941fe1adf7.jpg,0.8861459662545518,0.22951825
B2A,94224752b4.jpg,0.8491224910818825,0.26621652
B2A,94263d971f.jpg,0.9225029067249897,0.28333947
B2A,9427fc76b9.jpg,0.7548520940186122,0.30969036
B2A,944398f81d.jpg,0.9033180459697485,0.25665212
B2A,944bee3f77.jpg,0.5498379361663568,0.6177768
B2A,94502f184f.jpg,0.7880323395299297,0.39856213
B2A,946dd1bb4b.jpg,0.7809913169057467,0.4350314
B2A,946e0d3cf2.jpg,0.8571307325003837,0.30916044
B2A,9470dd8aac.jpg,0.714802284505967,0.39069533
B2A,947ecf90b9.jpg,0.8665688424001082,0.3174297
B2A,94882d1992.jpg,0.8440320793900146,0.2554886
B2A,94979ec8c0.jpg,0.8783530372255531,0.14495963
B2A,949d934747.jpg,0.8892210312765131,0.23582098
B2A,94af688583.jpg,0.7240537690647653,0.5932257
B2A,94b20d92c2.jpg,0.6440139033455804,0.6946834
B2A,94b3dc2840.jpg,0.6404986761792275,0.6090156
B2A,94cc7a8697.jpg,0.6783464850387764,0.4447125
B2A,94cf38462b.jpg,0.7280015358686382,0.2095792
B2A,94e066f2b3.jpg,0.8807879279637546,0.2554375
B2A,94e1a09e64.jpg,0.656378840671964,0.38044935
B2A,94ed902431.jpg,0.8065596816074717,0.3337274
B2A,94ef9bc8f4.jpg,0.8503487053462627,0.38782534
B2A,94f272fbc2.jpg,0.8991613840591165,0.32148767
B2A,94f6b65afa.jpg,0.8798707481111921,0.533991
B2A,951804d699.jpg,0.7106827501029296,0.3146802
B2A,95186389f6.jpg,0.7531732121549765,0.38747063
B2A,9525ce824a.jpg,0.9165527280079523,0.26123235
B2A,952d99f5b0.jpg,0.6399128762308629,0.434955
B2A,953b1317cb.jpg,0.7543913524105866,0.6728635
B2A,9549a2e85c.jpg,0.651127520718067,0.59021765
B2A,954cbfbad6.jpg,0.6908561599718319,0.6711482
B2A,955d88b9a7.jpg,0.7083306719410278,0.40709388
B2A,9562727728.jpg,0.7504614604179415,0.2736519
B2A,957ae02f79.jpg,0.822638925031154,0.43751934
B2A,957b22a3a7.jpg,0.864929789558839,0.3198765
B2A,9588a52282.jpg,0.6580894900965708,0.6105937
B2A,95900a984f.jpg,0.5092370946387234,0.5755017
B2A,9593d730f2.jpg,0.7222680059372804,0.32025725
B2A,95a66b0d9b.jpg,0.8791138245087518,0.24422067
B2A,95a6bdb3bf.jpg,0.8002627597454066,0.35890377
B2A,95a7ed2155.jpg,0.7521545874999903,0.33813503
B2A,95a9fadd8f.jpg,0.8458726728533635,0.26307493
B2A,95aaf0fbbd.jpg,0.6505939843999993,0.46468046
B2A,95b2119fa9.jpg,0.778975774335705,0.48566315
B2A,95b317a33d.jpg,0.719797194871813,0.3468119
B2A,95b6abfcee.jpg,0.8443002620275601,0.32281053
B2A,95c438e906.jpg,0.8149480844997504,0.3465818
B2A,95d494f4ae.jpg,0.8936142851533886,0.1492259
B2A,95d4cb8eca.jpg,0.9067957346088507,0.22313109
B2A,95deeeec90.jpg,0.8650456307031129,0.24977079
B2A,95dff55b08.jpg,0.850876525708948,0.26369762
B2A,95e33c18db.jpg,0.8334796259241881,0.32489815
B2A,95f5aeda51.jpg,0.864563375096614,0.44591814
B2A,95f5d9ab48.jpg,0.6065668679251212,0.32971203
B2A,9606c7644b.jpg,0.8039188079129179,0.28685808
B2A,960b5fa7e8.jpg,0.6279981769123916,0.42508858
B2A,96183e38ec.jpg,0.9157826218217955,0.6008635
B2A,9622e7f973.jpg,0.8169549264799869,0.4710389
B2A,962d0ff537.jpg,0.8024831911472917,0.49937457
B2A,963134b323.jpg,0.9124875227898168,0.29511574
B2A,96324aa924.jpg,0.7156714938183754,0.508349
B2A,963770bacd.jpg,0.7254805839823404,0.51256883
B2A,963c0eb500.jpg,0.8512436015067866,0.30918533
B2A,96486253fb.jpg,0.6721795714122857,0.49377498
B2A,9652937cf0.jpg,0.7701601892144382,0.47197047
B2A,965c4ddd61.jpg,0.6836408240769611,0.33154076
B2A,9670ea6664.jpg,0.9162703889345793,0.2670718
B2A,9681f39ae8.jpg,0.8414134697198201,0.4371577
B2A,9693678067.jpg,0.8782700901577072,0.28109747
B2A,9698946dfb.jpg,0.7923548357153564,0.25397432
B2A,969d45bb23.jpg,0.7105979751740882,0.42629853
B2A,96a933541d.jpg,0.909778673130638,0.1977885
B2A,96ae66347a.jpg,0.8864574074823086,0.2570437
B2A,96b2ac1a1b.jpg,0.8485011883043709,0.311616
B2A,96b9ee7ec4.jpg,0.7554868939903817,0.33806264
B2A,96baf57a50.jpg,0.8217384802917879,0.5196735
B2A,96c65e76e1.jpg,0.6024139467184376,0.32329285
B2A,96c686ddf6.jpg,0.68863697187245,0.31713343
B2A,96cb35f032.jpg,0.6368430067553786,0.5280118
B2A,96cda40153.jpg,0.8838724693133567,0.42272556
B2A,96d223307c.jpg,0.8396098996947527,0.30813447
B2A,96d3517f11.jpg,0.9370282258030506,0.156427
B2A,96da1fc826.jpg,0.5246116591845265,0.6135577
B2A,96e1bb4403.jpg,0.55515314126677,0.51862603
B2A,96e42a29c9.jpg,0.5922762276193171,0.47096413
B2A,96e7b2c267.jpg,0.7388413480026044,0.37511855
B2A,96e860fd62.jpg,0.836255488240492,0.3955215
B2A,970d8c0b4c.jpg,0.6559262256500427,0.40523374
B2A,97123776ca.jpg,0.8505494108782193,0.26861864
B2A,971c33b707.jpg,0.8990563806164321,0.23180215
B2A,971fcc6bcc.jpg,0.7645849759130471,0.42055756
B2A,97268dc895.jpg,0.6843032188242099,0.36549813
B2A,973372e3d0.jpg,0.890442426060858,0.33238328
B2A,973dd4a928.jpg,0.7433134098329925,0.5037589
B2A,973f82a644.jpg,0.8012114676761828,0.37352607
B2A,9743bd2705.jpg,0.6859184188834616,0.3679692
B2A,975538e5c1.jpg,0.7779749424188344,0.33624744
B2A,976f6eafdd.jpg,0.7339081499804864,0.43762994
B2A,977938602b.jpg,0.6458662156114665,0.40222234
B2A,977b1bd3a2.jpg,0.6976141812904102,0.6354507
B2A,977bff16d4.jpg,0.6662898261462423,0.4171172
B2A,978424d552.jpg,0.974139093600874,0.11364138
B2A,979103c46c.jpg,0.7797069184079758,0.38027394
B2A,979e42841f.jpg,0.5881505641286664,0.4955279
B2A,97a87bca91.jpg,0.666177745756355,0.29707164
B2A,97b5d7b81c.jpg,0.8504866301218743,0.30250075
B2A,97bf9704b5.jpg,0.6927510898791754,0.2578631
B2A,97c6fda363.jpg,0.6364594357757994,0.62801486
B2A,97c8c523df.jpg,0.7625447758108221,0.3006586
B2A,97cef7f737.jpg,0.8884198316700909,0.20992501
B2A,97d4460077.jpg,0.7886749428532521,0.41817945
B2A,97d76023a7.jpg,0.6314180597542044,0.35961974
B2A,97dddb7cbb.jpg,0.9028271606899227,0.23478216
B2A,97e4b5f75c.jpg,0.8056034418056373,0.26441544
B2A,97e948fb9d.jpg,0.9161175506337298,0.33787003
B2A,9801846b65.jpg,0.6199678404468432,0.49578932
B2A,9806c55f8e.jpg,0.8236506908333453,0.294732
B2A,9811ee90ac.jpg,0.866922693650877,0.3576733
B2A,981f9ee7ce.jpg,0.9487817804604554,0.37284923
B2A,982068245a.jpg,0.8506204498232376,0.349634
B2A,9820d446a4.jpg,0.874952153850806,0.23928432
B2A,9827d36539.jpg,0.897211414046744,0.3748785
B2A,982ca3c520.jpg,0.8278001697349524,0.2847501
B2A,9835ba0013.jpg,0.7924427611687047,0.32684293
B2A,983821c850.jpg,0.8186480873389775,0.3212082
B2A,98426ffd66.jpg,0.7618053593042917,0.44694987
B2A,984c6baa94.jpg,0.7525800983170968,0.3651353
B2A,98507e2f68.jpg,0.8256279237580768,0.2877309
B2A,9863a4aa56.jpg,0.552051879444099,0.46744308
B2A,986d6d5bf9.jpg,0.8951091956372076,0.14908108
B2A,988ba0650a.jpg,0.8413775897484864,0.22683477
B2A,9894d1438d.jpg,0.6091490679540589,0.454035
B2A,9895a5216b.jpg,0.7510936226302166,0.27287418
B2A,98a00fe3fc.jpg,0.5866907827472453,0.4579621
B2A,98af1d51cf.jpg,0.8271462022481371,0.36232162
B2A,98b9fbb3fb.jpg,0.8716028500354362,0.21665509
B2A,98c28eedfa.jpg,0.8113576453066144,0.42192253
B2A,98cbab58d6.jpg,0.7792419361173951,0.15997012
B2A,98d335025e.jpg,0.7184247169022825,0.36870915
B2A,98d4348692.jpg,0.8194117521743367,0.41329855
B2A,98de268fe8.jpg,0.5415161502630816,0.6229825
B2A,98e7d7b48a.jpg,0.7200409142174242,0.30866528
B2A,98ef46be31.jpg,0.8705440957819376,0.29540431
B2A,98fcc9f6fc.jpg,0.839700551211496,0.25475606
B2A,98ff290926.jpg,0.6925788979932267,0.55735636
B2A,99038bde22.jpg,0.8739925826688807,0.26620218
B2A,99045d3f04.jpg,0.688949533878553,0.36358953
B2A,9906756ae6.jpg,0.7092778287939472,0.3482511
B2A,990e8ef2f2.jpg,0.8022674943744174,0.33554623
B2A,9912bab8cf.jpg,0.8524367443053918,0.40476876
B2A,9912e8a5a3.jpg,0.6482279747273566,0.40723404
B2A,991eb1e448.jpg,0.8909532662261245,0.25121826
B2A,9921ef9e3c.jpg,0.7263077034418309,0.5424439
B2A,99283f98de.jpg,0.7625114575302409,0.3545934
B2A,99294cd9e3.jpg,0.9208935452619869,0.2598237
B2A,993fb1e69b.jpg,0.8155608613664095,0.2949568
B2A,9945957ec7.jpg,0.5740600519926342,0.5904063
B2A,994a54185f.jpg,0.77891596702978,0.33872712
B2A,994b994977.jpg,0.8360892975240775,0.30984077
B2A,99676e0f39.jpg,0.719350818781773,0.5892121
B2A,996de8f5ec.jpg,0.9120985740243505,0.34374827
B2A,997f0ed940.jpg,0.6656122680416989,0.30536246
B2A,9991f94f1d.jpg,0.6230005276210875,0.5499862
B2A,999985c001.jpg,0.7814565034136642,0.4971006
B2A,9999c76d32.jpg,0.8946149028021578,0.20544894
B2A,999e87f7a6.jpg,0.8844199149364966,0.15132853
B2A,99a109ea2b.jpg,0.6162143057714543,0.634783
B2A,99a6c4d326.jpg,0.7836235766232125,0.49904603
B2A,99b3b1736b.jpg,0.6567139549501531,0.3649211
B2A,99baee78f2.jpg,0.8720577776257593,0.20853674
B2A,99c0ccba50.jpg,0.7204806700936126,0.37380525
B2A,99c9687c14.jpg,0.7759915432180355,0.29956093
B2A,99cbbc5052.jpg,0.7237265163461429,0.6114583
B2A,99d04bd95f.jpg,0.8639612452587742,0.17886439
B2A,99dacbf106.jpg,0.5928902657246384,0.44997972
B2A,99ed3dc7b2.jpg,0.8779903462263688,0.4210524
B2A,99f621bbdb.jpg,0.8626105605960185,0.2277057
B2A,99fb63fada.jpg,0.8716295108296513,0.29262686
B2A,99fc1c27b2.jpg,0.5705628350579066,0.5100922
B2A,99fcebb45b.jpg,0.6684750553801141,0.4627042
B2A,9a0bfe6c86.jpg,0.8720503814697929,0.28044087
B2A,9a2b9dec3a.jpg,0.6809403134302403,0.5283566
B2A,9a4b2f8bd8.jpg,0.8859219910490698,0.22964692
B2A,9a507f5ef4.jpg,0.7485143926087489,0.37557933
B2A,9a5477aaeb.jpg,0.8659331546594204,0.30090833
B2A,9a59323542.jpg,0.7081958356762124,0.33651054
B2A,9a780093c6.jpg,0.8907392501043453,0.42119822
B2A,9a9d4aeb7a.jpg,0.8246626633281169,0.30338916
B2A,9ab17ed33a.jpg,0.8487726823664633,0.32532027
B2A,9adf6d52d3.jpg,0.865210192582914,0.31020632
B2A,9aeb8bd419.jpg,0.7910753023719763,0.47718948
B2A,9af5a24f65.jpg,0.8328421688231537,0.35326016
B2A,9afdeb8ed2.jpg,0.5847445707365301,0.5354769
B2A,9b048364b8.jpg,0.8930795748708639,0.25088358
B2A,9b186b8f81.jpg,0.8307848491775209,0.3369064
B2A,9b1b974368.jpg,0.5620417898875671,0.6038477
B2A,9b1c51d91c.jpg,0.8804835153840236,0.25567463
B2A,9b3053dc34.jpg,0.6425036757271291,0.5584523
B2A,9b3abf3a98.jpg,0.7869784676465307,0.27964982
B2A,9b513c7a1c.jpg,0.7442950533809843,0.31010625
B2A,9b5be07782.jpg,0.727698010599025,0.37898785
B2A,9b5d6d5b9b.jpg,0.587024070972937,0.43212506
B2A,9b5e41ac82.jpg,0.8960451885409627,0.35315782
B2A,9b6bec8314.jpg,0.9143785410880383,0.15424655
B2A,9b7d65decf.jpg,0.7329053153642838,0.34944
B2A,9b85a6c570.jpg,0.6692190031366774,0.4139434
B2A,9b87bd9191.jpg,0.7378426413114165,0.40046123
B2A,9b95a6cc9b.jpg,0.9049513537744855,0.3392937
B2A,9b9cdde1ce.jpg,0.7001566177554143,0.33679414
B2A,9ba4ae09af.jpg,0.9337616885649755,0.4065093
B2A,9ba9376b9d.jpg,0.9279198479508217,0.23719364
B2A,9baca6d979.jpg,0.9096929704171665,0.28701645
B2A,9bd1b8c1be.jpg,0.9548146507059275,0.17109866
B2A,9bd28a56c1.jpg,0.8746682981115622,0.32148707
B2A,9be2b6c083.jpg,0.7232704654623818,0.534467
B2A,9bf556f160.jpg,0.7467829968414877,0.44768974
B2A,9bf931ead4.jpg,0.9011290471926479,0.32550183
B2A,9bfcbc6fe3.jpg,0.7647281962577583,0.34418613
B2A,9c0c63914a.jpg,0.7769793572135776,0.54017234
B2A,9c0e343a29.jpg,0.8529832664839909,0.31937438
B2A,9c102e25d3.jpg,0.8120056307425438,0.35726267
B2A,9c10716ffd.jpg,0.6756005547635533,0.68357766
B2A,9c204faa1f.jpg,0.7119502890890477,0.41361815
B2A,9c25e78088.jpg,0.8646107565246955,0.36453488
B2A,9c2fed3088.jpg,0.880596508326282,0.28191802
B2A,9c4050f532.jpg,0.726362857202297,0.3839743
B2A,9c4dd0a48f.jpg,0.6092118832554292,0.62400746
B2A,9c564000e7.jpg,0.6589685900607669,0.5411497
B2A,9c70f10a5a.jpg,0.8868289486464189,0.296298
B2A,9c77707e49.jpg,0.7807495268837777,0.5249343
B2A,9c92f8345f.jpg,0.8406845682012795,0.2817866
B2A,9ca436a170.jpg,0.7944397502096543,0.21997571
B2A,9caa11517e.jpg,0.8483455639318611,0.30747178
B2A,9cac2116d7.jpg,0.8585083217383729,0.30943486
B2A,9cb836306d.jpg,0.8670192657381122,0.35092807
B2A,9cbcbdcbb3.jpg,0.7109937077052659,0.38365498
B2A,9cc0e6163f.jpg,0.8971093972966162,0.17318013
B2A,9cc35ff83e.jpg,0.7851034732550748,0.28819937
B2A,9cc789cfef.jpg,0.8411914785843797,0.35431445
B2A,9ccca8eac7.jpg,0.8111064599653397,0.32720888
B2A,9ce382c263.jpg,0.7676075194088524,0.3750718
B2A,9cef1e6708.jpg,0.8707550187308136,0.17941387
B2A,9cf972ea28.jpg,0.7452376885034127,0.6260103
B2A,9cfb0b75ab.jpg,0.7853553999752367,0.352731
B2A,9d09a34740.jpg,0.9263904120304683,0.19129743
B2A,9d3885ad89.jpg,0.6799567394722615,0.5646709
B2A,9d3c6b28c4.jpg,0.8307327478754687,0.24413612
B2A,9d438a0bb2.jpg,0.815555723994161,0.3506518
B2A,9d4711f6ef.jpg,0.7540369972574568,0.46638918
B2A,9d59515745.jpg,0.8583688744333218,0.27130923
B2A,9d6df08287.jpg,0.7732381285858033,0.41548875
B2A,9d74f4e539.jpg,0.5610473118719937,0.43758494
B2A,9d766ffc5c.jpg,0.8069538365874624,0.22441176
B2A,9d7b548d1f.jpg,0.880146761609449,0.23596883
B2A,9d7c3c3eea.jpg,0.8732022273485361,0.18866031
B2A,9d82fd9e98.jpg,0.7472057748528472,0.47048438
B2A,9d92ef2ffc.jpg,0.7259170922274529,0.35865858
B2A,9da065344d.jpg,0.8277205713256609,0.3911323
B2A,9dad30bdf5.jpg,0.7304625118718233,0.40335518
B2A,9dbc604a03.jpg,0.7719046360628548,0.41207105
B2A,9dc4a07f48.jpg,0.6545270489159252,0.21207187
B2A,9dc4a40f1a.jpg,0.6855086238548802,0.5325226
B2A,9dcebd8348.jpg,0.7193459869991056,0.37064633
B2A,9dd9044174.jpg,0.8338420058132255,0.43870062
B2A,9dfd1f8a09.jpg,0.5558342752157254,0.6184929
B2A,9e0a0d54b5.jpg,0.8641596338892293,0.2460496
B2A,9e13541480.jpg,0.8815160970351166,0.17909199
B2A,9e176db9cd.jpg,0.8715460113093729,0.2452304
B2A,9e1842231b.jpg,0.650907373569657,0.44312876
B2A,9e2f4c39d2.jpg,0.7779176645928337,0.45788005
B2A,9e3b34bb13.jpg,0.8202913030283179,0.3668797
B2A,9e456ef2a7.jpg,0.786901006716164,0.4431802
B2A,9e4b9f428b.jpg,0.5770861831901665,0.5904134
B2A,9e5dabe2b2.jpg,0.8743215349553599,0.27149352
B2A,9e65828ee9.jpg,0.8736883900503682,0.34064516
B2A,9e664ae2ef.jpg,0.6095739614700582,0.3781983
B2A,9e72cedb73.jpg,0.8586372789608222,0.49320596
B2A,9e7fcf4aaf.jpg,0.610849459776907,0.54738355
B2A,9e81e8d2fe.jpg,0.7480396995849735,0.31791833
B2A,9e8554fade.jpg,0.7944711841039533,0.31094056
B2A,9e85d95d05.jpg,0.9211699117042871,0.13494895
B2A,9ea148fcc4.jpg,0.5762808245451725,0.50986516
B2A,9ea60e0936.jpg,0.8407064418028621,0.1928365
B2A,9eacea8aca.jpg,0.8771328618611325,0.33112067
B2A,9ebccc0a7d.jpg,0.7617503865444792,0.4399775
B2A,9ebcfa05af.jpg,0.6611163167651157,0.4054909
B2A,9ecf061dad.jpg,0.8998027356905984,0.24974972
B2A,9edf01ed43.jpg,0.7778728528592181,0.4092334
B2A,9ef7c05e0f.jpg,0.8780964044709566,0.21449766
B2A,9f0c9920f5.jpg,0.7397234973297392,0.57096237
B2A,9f15606758.jpg,0.8270937291157276,0.27614674
B2A,9f19e8f425.jpg,0.774935106856358,0.33296183
B2A,9f24f894f6.jpg,0.8891125051273083,0.2323035
B2A,9f27c688cf.jpg,0.8294350241554325,0.32161283
B2A,9f29c11732.jpg,0.7979881096086051,0.40584117
B2A,9f335bade6.jpg,0.7182916590014105,0.37986922
B2A,9f34fc3c60.jpg,0.5940444813320305,0.3010959
B2A,9f37f0dae8.jpg,0.8934719323353013,0.24878371
B2A,9f41d8a922.jpg,0.7524057913133828,0.49722236
B2A,9f52b55c2b.jpg,0.8663487043204515,0.24407095
B2A,9f52dd1c0b.jpg,0.8870704048374359,0.18039456
B2A,9f56a6400d.jpg,0.6172463078974165,0.36162716
B2A,9f740de87d.jpg,0.8107658687602625,0.3196555
B2A,9f777a3144.jpg,0.8373550389242105,0.3939047
B2A,9f80b1bc48.jpg,0.7231931471666331,0.50229686
B2A,9f8ae5b166.jpg,0.6114701935856921,0.3583756
B2A,9f9796d6b3.jpg,0.8142092291237589,0.21942662
B2A,9f98b589a1.jpg,0.8344388963227439,0.4157076
B2A,9f9c46fa6b.jpg,0.9442064865633281,0.28969443
B2A,9fb63bf849.jpg,0.6603300527384101,0.5137998
B2A,9fbbbf4aec.jpg,0.6805030695570701,0.5575227
B2A,9fe12f7bca.jpg,0.7960268990293824,0.5655995
B2A,9ff0e57941.jpg,0.7395821636681159,0.42377985
B2A,9ff990e66c.jpg,0.6477896202129549,0.5453524
B2A,a0077f9248.jpg,0.8417567022167889,0.32596523
B2A,a01c871721.jpg,0.5836342705621556,0.6225354
B2A,a01ee31b6c.jpg,0.8358112704840062,0.1967389
B2A,a0227b5ace.jpg,0.9336114169949453,0.22201422
B2A,a0235aa7f0.jpg,0.8835490130815926,0.2863665
B2A,a03dd34359.jpg,0.6416462414383307,0.619204
B2A,a0465f0aa6.jpg,0.8736790617345642,0.2210128
B2A,a04e9f4231.jpg,0.710386924784282,0.48249993
B2A,a0522f278a.jpg,0.7202213701643024,0.3354344
B2A,a059321061.jpg,0.6016776069765934,0.4595458
B2A,a05aa88f6d.jpg,0.6978721422603149,0.7156749
B2A,a05e1485c1.jpg,0.6683159384201887,0.34286678
B2A,a0875579e8.jpg,0.820154341561362,0.40795523
B2A,a095ec94a6.jpg,0.7918888956203176,0.31444055
B2A,a0cfc9ae82.jpg,0.7716983969149633,0.33441916
B2A,a0d15eb976.jpg,0.5913940599103519,0.56911683
B2A,a0d3357912.jpg,0.8305666268567519,0.5392636
B2A,a0d4bc2b72.jpg,0.8094410229223499,0.27904135
B2A,a0db0509a4.jpg,0.6432359094900116,0.30084556
B2A,a0e2fcf6d8.jpg,0.7247487354703719,0.6354986
B2A,a0ecda5d45.jpg,0.8217389172170492,0.20297936
B2A,a0f0dee611.jpg,0.9139915987802029,0.18266048
B2A,a0f2fad96f.jpg,0.6897490059901287,0.48468336
B2A,a1076aac63.jpg,0.7922870812586532,0.40875795
B2A,a1126aa060.jpg,0.803577560948238,0.31034452
B2A,a114ee8b43.jpg,0.8194672405486495,0.32049367
B2A,a12235c7d1.jpg,0.8076046816022124,0.37746927
B2A,a13915ca96.jpg,0.6933397034392071,0.36180726
B2A,a13aca724a.jpg,0.6577628926186295,0.32982406
B2A,a146cdb74b.jpg,0.7625550498424848,0.21859086
B2A,a157f8c6e2.jpg,0.8896099523781832,0.15556514
B2A,a15ecd5efe.jpg,0.8210892646684526,0.20342118
B2A,a16537d464.jpg,0.7390514740186724,0.26604939
B2A,a177641de7.jpg,0.8535596558292585,0.3735817
B2A,a179e79a0c.jpg,0.8414746753571772,0.26291007
B2A,a17e7e49b0.jpg,0.7155150597428402,0.42169094
B2A,a181b6250e.jpg,0.7705298632851703,0.29796013
B2A,a1885fbac2.jpg,0.689076868636877,0.33584297
B2A,a18cb10e08.jpg,0.7074075532550399,0.40933177
B2A,a18e92742a.jpg,0.6862946231225248,0.607756
B2A,a197fed5c3.jpg,0.7084621721872131,0.35761073
B2A,a19962fefc.jpg,0.8684127527937147,0.2555472
B2A,a19cf2cdbb.jpg,0.5892011204892915,0.38301608
B2A,a1a84d3eda.jpg,0.7441360327317987,0.37947765
B2A,a1c54d6c61.jpg,0.6600191559360321,0.4156208
B2A,a1c88d3e35.jpg,0.8005861823673015,0.36592504
B2A,a1cc606af8.jpg,0.9068436745498889,0.25875336
B2A,a1e45dc986.jpg,0.7358442488937834,0.4234922
B2A,a1faf9de15.jpg,0.9210723209974047,0.19655295
B2A,a1fc123777.jpg,0.8956081762621162,0.2300878
B2A,a20a19b515.jpg,0.8641175906807775,0.30550504
B2A,a229109704.jpg,0.9245344661506378,0.21026964
B2A,a2307719e1.jpg,0.5844905605594962,0.51770216
B2A,a23e7dfef5.jpg,0.830553237870903,0.34149432
B2A,a25b63eadf.jpg,0.7663095120472785,0.47192156
B2A,a25eb81721.jpg,0.670752401742183,0.43743053
B2A,a263521820.jpg,0.861511683342215,0.27277863
B2A,a2635ee772.jpg,0.8905230156020677,0.2628547
B2A,a26b0f2735.jpg,0.8845429701900263,0.27060276
B2A,a2711f0830.jpg,0.8471605871742545,0.2564594
B2A,a2820db109.jpg,0.6609934297037193,0.52278614
B2A,a283654df3.jpg,0.77140767683253,0.35015827
B2A,a290773de7.jpg,0.8722498004177274,0.4070432
B2A,a2bc2b83eb.jpg,0.7433248034427702,0.274827
B2A,a2c884fda1.jpg,0.8689107899991747,0.29814315
B2A,a2ccf1f748.jpg,0.6417820139761082,0.6625565
B2A,a2cfeba0e4.jpg,0.5843869455268104,0.34918192
B2A,a301643a27.jpg,0.85698010871924,0.12432262
B2A,a31e04cec3.jpg,0.6953975684825514,0.5353914
B2A,a32b552866.jpg,0.8384414186556167,0.29314718
B2A,a32d4ea5ac.jpg,0.7036688501831615,0.4823731
B2A,a32e116556.jpg,0.669475628051776,0.45683396
B2A,a32f6b942f.jpg,0.9307361108711759,0.21760264
B2A,a359bc69a6.jpg,0.8816476164526653,0.38504982
B2A,a362f89cd1.jpg,0.8791034604037181,0.22585653
B2A,a366accb3c.jpg,0.9310458285422182,0.21806629
B2A,a37515911a.jpg,0.6513243741250699,0.39846626
B2A,a37b1c52f2.jpg,0.5099369411769551,0.5874239
B2A,a38abc41c8.jpg,0.9426724269510256,0.20214665
B2A,a3a4e42632.jpg,0.7181164933574355,0.6091881
B2A,a3ac3b8f7e.jpg,0.734098471200879,0.4539603
B2A,a3b40d246d.jpg,0.8046831978235437,0.50976455
B2A,a3bc08b40b.jpg,0.7444450822213586,0.30156973
B2A,a3d3b5d93a.jpg,0.7245273428644016,0.4743357
B2A,a3d574e6e3.jpg,0.7700228432791064,0.503711
B2A,a3df896182.jpg,0.8145127597228429,0.2753089
B2A,a3e41f7a46.jpg,0.6818362910427839,0.53361654
B2A,a3e4a4c73b.jpg,0.8665981534683804,0.2809421
B2A,a3f8364c10.jpg,0.6078881141479653,0.68419945
B2A,a3fba584f9.jpg,0.8970751761275755,0.30478498
B2A,a40511031a.jpg,0.8712314202802885,0.30721197
B2A,a40db75ec2.jpg,0.868261475083416,0.36856806
B2A,a40ec56a84.jpg,0.7821283088296554,0.51691955
B2A,a412f13a5b.jpg,0.7119702168833062,0.40360352
B2A,a42d5a72ff.jpg,0.6725785775357391,0.29284078
B2A,a4314f85dd.jpg,0.909807047044607,0.24060549
B2A,a43c11f6e4.jpg,0.8537163168906391,0.41056928
B2A,a43e096ce5.jpg,0.7871211659061671,0.27646303
B2A,a4418037c4.jpg,0.7552813663183463,0.45911795
B2A,a448539aa0.jpg,0.8090631112292456,0.48349437
B2A,a4490bd462.jpg,0.9029582981344952,0.17307147
B2A,a456fc158f.jpg,0.8568974837806148,0.2263929
B2A,a45c5b6869.jpg,0.8583023799602882,0.31928656
B2A,a467ebbd05.jpg,0.8691112106525557,0.23262486
B2A,a485cebc5d.jpg,0.8629549702524837,0.27333337
B2A,a48886307d.jpg,0.8229582175686662,0.41496533
B2A,a4963511f4.jpg,0.9547865744952612,0.22320624
B2A,a49bfc7f31.jpg,0.7399301019371191,0.5718987
B2A,a49df48149.jpg,0.8571603672036217,0.4702637
B2A,a4a867e38f.jpg,0.7650910808614244,0.4852442
B2A,a4b3c66449.jpg,0.8631976796618315,0.25825018
B2A,a4ba621177.jpg,0.8333578400427167,0.37713417
B2A,a4ba843961.jpg,0.7655759947477104,0.3441612
B2A,a4cd276f26.jpg,0.7748609983385857,0.36649582
B2A,a4e346e887.jpg,0.69205867602781,0.5488253
B2A,a4e3e280d9.jpg,0.8193185801318281,0.35186166
B2A,a4f4d25e61.jpg,0.9060304148352744,0.2028934
B2A,a4f8537cd9.jpg,0.8231231343624891,0.1885172
B2A,a50aba1d24.jpg,0.9031642605867609,0.24658579
B2A,a5181cd01f.jpg,0.916455213975538,0.21680456
B2A,a519ab666c.jpg,0.47528122215957114,0.78541446
B2A,a51b62995b.jpg,0.6561628630851395,0.2966357
B2A,a51c7b2303.jpg,0.7725638250584713,0.3496018
B2A,a53008cac1.jpg,0.9239496831536737,0.16467819
B2A,a53383dc25.jpg,0.605554035003272,0.41374043
B2A,a53affbb0b.jpg,0.8060727050845765,0.540317
B2A,a542e05538.jpg,0.8929056274698812,0.31423447
B2A,a54454c5ea.jpg,0.7145962619345388,0.40368754
B2A,a546e53fbe.jpg,0.8424766740739787,0.92099524
B2A,a552d6a455.jpg,0.7060985457561206,0.3512748
B2A,a55a1a091c.jpg,0.8102155930666074,0.2829245
B2A,a562192a23.jpg,0.8845729402827318,0.24820071
B2A,a577c91fc1.jpg,0.8555922451744117,0.42285258
B2A,a57c43fffc.jpg,0.7868870870764261,0.34560683
B2A,a588de330c.jpg,0.6738105822181205,0.5186651
B2A,a590f768fe.jpg,0.8507898801732399,0.4026606
B2A,a595719ef9.jpg,0.898632655929173,0.27545094
B2A,a598e08f68.jpg,0.7350684439445672,0.53465104
B2A,a598e5aef5.jpg,0.4725202916714186,0.6485662
B2A,a59c317767.jpg,0.5961047256766606,0.6235586
B2A,a5a55a6605.jpg,0.8609235671928777,0.37969348
B2A,a5af8b893b.jpg,0.9112304466822483,0.26166028
B2A,a5b1cfbcfd.jpg,0.5579231738112113,0.34423977
B2A,a5bc67adcd.jpg,0.8433362442334392,0.30235288
B2A,a5d272747e.jpg,0.8653472546109653,0.34611627
B2A,a5da7f96c4.jpg,0.8326803097392201,0.26403028
B2A,a604002e2a.jpg,0.8912301466632997,0.23061427
B2A,a617bbf356.jpg,0.7959472113229593,0.4789048
B2A,a61beb8d14.jpg,0.6921004780766182,0.30056086
B2A,a61d366d2d.jpg,0.581058682770289,0.7141179
B2A,a62e7a5101.jpg,0.8538235223716238,0.33308506
B2A,a62ea8db0f.jpg,0.8912404907652901,0.24729733
B2A,a6323ca7f3.jpg,0.6851028192718857,0.38929945
B2A,a632e5523e.jpg,0.7386094508230119,0.4648891
B2A,a638326b1d.jpg,0.7680117735669655,0.393759
B2A,a63a202a57.jpg,0.8862198038920918,0.15405314
B2A,a63a32e180.jpg,0.8942772919381623,0.13745296
B2A,a63d70c4a3.jpg,0.8347231732631483,0.39789563
B2A,a64fb4de85.jpg,0.8146297141597524,0.2792057
B2A,a6561cf2e0.jpg,0.8344533390452715,0.49710578
B2A,a658eef56c.jpg,0.8148260148074089,0.35118693
B2A,a65bfd0e43.jpg,0.5633282113781033,0.67587924
B2A,a65e118960.jpg,0.6355137891343191,0.41647288
B2A,a67feba233.jpg,0.9398159269522717,0.18705016
B2A,a682ce11f5.jpg,0.7622803876662639,0.23217821
B2A,a6838bdf94.jpg,0.8262564301640964,0.29343566
B2A,a68efb6c07.jpg,0.7963654926968642,0.32073486
B2A,a694999074.jpg,0.6198508058251192,0.68943226
B2A,a6959d7c87.jpg,0.7227923899225763,0.34241408
B2A,a6a316bffd.jpg,0.806931401999824,0.16370916
B2A,a6c9c35a31.jpg,0.7971376748945628,0.3768111
B2A,a6cc5973c2.jpg,0.8256695534491622,0.19937474
B2A,a6d026b823.jpg,0.6380447834364551,0.48459405
B2A,a6df272807.jpg,0.7762281730151167,0.42397767
B2A,a6e2dd35f8.jpg,0.8914766052717296,0.23148637
B2A,a6e519d471.jpg,0.8624231962570796,0.31927314
B2A,a708982f02.jpg,0.6564819803866124,0.56906307
B2A,a70ea207cc.jpg,0.6699212471608189,0.50683665
B2A,a71799de73.jpg,0.8156926021287003,0.3948964
B2A,a71f15712f.jpg,0.6700720562230161,0.60064906
B2A,a739ea92ae.jpg,0.8124186895680473,0.3973742
B2A,a74f4e06aa.jpg,0.8862156912990834,0.33895254
B2A,a75469e52f.jpg,0.9227075914301313,0.20900127
B2A,a7594e87fd.jpg,0.8023271707824156,0.33466756
B2A,a76093c3dd.jpg,0.8789488033844267,0.2683613
B2A,a760bc4309.jpg,0.8743146461927018,0.29288825
B2A,a777303bee.jpg,0.9325394737012106,0.32651985
B2A,a786ecfabb.jpg,0.8023091807106812,0.38484526
B2A,a7883bc50e.jpg,0.7131308785031366,0.8055458
B2A,a7976448c0.jpg,0.7429865415233249,0.53697544
B2A,a798e840cc.jpg,0.6838652206911887,0.5365478
B2A,a79f8d5a7d.jpg,0.832652522700333,0.43606913
B2A,a7a21f3ccd.jpg,0.7404710931602098,0.45193702
B2A,a7a2534308.jpg,0.8168136655589855,0.45325285
B2A,a7ae4aab24.jpg,0.8373610510787841,0.23974933
B2A,a7b11a83ba.jpg,0.861977432353872,0.24429084
B2A,a7b5f480d3.jpg,0.9126518100563075,0.30005935
B2A,a7ba1fdb8d.jpg,0.8022732433818751,0.1928204
B2A,a7c3243254.jpg,0.7989743095701306,0.31087527
B2A,a7c5642b9b.jpg,0.8764233038220466,0.22324103
B2A,a7c972a651.jpg,0.6779326687765903,0.6198513
B2A,a7e09af64a.jpg,0.8488338626112537,0.28224498
B2A,a7e86fbe21.jpg,0.8402143026846364,0.30705914
B2A,a7fb6b9ffa.jpg,0.6525427605475529,0.50626236
B2A,a7ffac0edb.jpg,0.8772357243974089,0.23163527
B2A,a80594f85b.jpg,0.797886493371772,0.29790872
B2A,a8089a9f66.jpg,0.9417720738724763,0.17828043
B2A,a8095aa2f5.jpg,0.8330520474765731,0.15033385
B2A,a80c7ee69a.jpg,0.698493804330931,0.4933309
B2A,a828255ebc.jpg,0.694465469125022,0.33594376
B2A,a82a9c378a.jpg,0.7799574458309115,0.356812
B2A,a82c3afbbd.jpg,0.7325656225949353,0.40685967
B2A,a84921e7be.jpg,0.8824873678815279,0.16042212
B2A,a84f3fbf3f.jpg,0.7135767423999064,0.4351643
B2A,a85633910c.jpg,0.7979371029753243,0.2094782
B2A,a85a8cee92.jpg,0.7969409828587585,0.4442038
B2A,a8686f237c.jpg,0.6717877474320201,0.32473826
B2A,a86f13ae99.jpg,0.7986940935183009,0.41359237
B2A,a876481147.jpg,0.8454807353522534,0.37551662
B2A,a88e5ab869.jpg,0.6880798166572968,0.50187045
B2A,a8911b1283.jpg,0.7530722401442868,0.37341
B2A,a89631a70e.jpg,0.7396385495618935,0.52517223
B2A,a89c8773ae.jpg,0.8226230128044484,0.21612097
B2A,a8a27b4e1a.jpg,0.7581191119643341,0.70776737
B2A,a8a4ee4f79.jpg,0.860471592769699,0.38016602
B2A,a8b7358e0e.jpg,0.7121692204767949,0.40945652
B2A,a8c04e4f33.jpg,0.7158347221603442,0.5193267
B2A,a8d022d99c.jpg,0.8015607478671238,0.3501194
B2A,a8d3c5c2d3.jpg,0.740239483354978,0.5475015
B2A,a8d61b91a4.jpg,0.6695746307446592,0.5954156
B2A,a8e351db00.jpg,0.619891359926429,0.6204959
B2A,a8e62405d3.jpg,0.9016264881749306,0.26977983
B2A,a908f29569.jpg,0.9258440062829627,0.3872347
B2A,a90b8ea6ed.jpg,0.6336865162022056,0.58372533
B2A,a91402ed9b.jpg,0.7154178565235507,0.32912526
B2A,a917afed2a.jpg,0.6874012738554633,0.5076565
B2A,a92d0cde38.jpg,0.8907155675458435,0.21686779
B2A,a92eed65ce.jpg,0.8335230361300792,0.19777516
B2A,a93e11ed37.jpg,0.9116201145740845,0.24592628
B2A,a945149eb0.jpg,0.9192221006090643,0.1660536
B2A,a9460f4e16.jpg,0.7482589559772689,0.4435617
B2A,a946a049f9.jpg,0.5005617137580706,0.5492607
B2A,a9542998ad.jpg,0.8150350388703187,0.40465483
B2A,a95a086609.jpg,0.6933944334470773,0.4831023
B2A,a962271585.jpg,0.7957779050530284,0.5426493
B2A,a963d0573b.jpg,0.6977193856012447,0.47235942
B2A,a965ac5835.jpg,0.8486953833579803,0.31684136
B2A,a97237c4b1.jpg,0.8099862981314275,0.34679985
B2A,a97e50a8d4.jpg,0.7888996128747482,0.42061213
B2A,a98179e505.jpg,0.8646857219541583,0.22036926
B2A,a99dbf6b17.jpg,0.7480946726348092,0.38832366
B2A,a99f495968.jpg,0.8163928805659715,0.26313168
B2A,a9a61131fc.jpg,0.7754565800831293,0.46046174
B2A,a9a7cc1b1c.jpg,0.8732098143832654,0.6879298
B2A,a9a881577b.jpg,0.5993315059483381,0.621907
B2A,a9d597ca20.jpg,0.6171742073227037,0.45072144
B2A,a9d902fc38.jpg,0.7832910986185226,0.29649845
B2A,a9de4c4d69.jpg,0.8194811210976184,0.3536554
B2A,a9ef8c2bcd.jpg,0.6327278588523668,0.38088897
B2A,a9efa619e0.jpg,0.7671080867109336,0.40155157
B2A,a9faa93d67.jpg,0.7321710517167822,0.52042836
B2A,a9fe1f88ab.jpg,0.7144970345002946,0.6536289
B2A,a9ff892ea7.jpg,0.8162668854525511,0.22545761
B2A,aa0485a59f.jpg,0.8089768792822296,0.3127054
B2A,aa09a96ed1.jpg,0.6514456975720486,0.62223125
B2A,aa102a3ea1.jpg,0.8313195924734983,0.32151783
B2A,aa108bb6da.jpg,0.8292994724717333,0.24383152
B2A,aa238a7170.jpg,0.8358527781640848,0.249913
B2A,aa26ff7c15.jpg,0.7751346393042196,0.51807827
B2A,aa2afa7cfe.jpg,0.7697154537643536,0.46293986
B2A,aa2b315b55.jpg,0.808327481697972,0.57992744
B2A,aa387dcb3e.jpg,0.6942494188514705,0.29281533
B2A,aa3f9768ff.jpg,0.7090907156969947,0.33371305
B2A,aa44603744.jpg,0.6809749272427209,0.35422626
B2A,aa4c6e40e5.jpg,0.7021961324707,0.4631999
B2A,aa64f54007.jpg,0.8005477804094806,0.40688425
B2A,aa72b9cc61.jpg,0.7036318012171471,0.49103102
B2A,aa778409e9.jpg,0.8285422761476638,0.27996612
B2A,aa8e5f3af4.jpg,0.7439033023076456,0.46151626
B2A,aa99d68834.jpg,0.8596058025696337,0.28139672
B2A,aa9acfe3e7.jpg,0.8499946909779312,0.33588606
B2A,aaaffcb550.jpg,0.7273445040026736,0.57431954
B2A,aab0eaf7cd.jpg,0.916764918750355,0.30379066
B2A,aab746580f.jpg,0.5899142730315767,0.5619211
B2A,aabffc2182.jpg,0.8175245219643673,0.2080881
B2A,aac1f31a2d.jpg,0.7023976789670529,0.5743834
B2A,aaca9f8d52.jpg,0.8667796923430687,0.21364966
B2A,aacc4a4e82.jpg,0.8518264112381878,0.26579374
B2A,aadee76463.jpg,0.7536229677688724,0.2314857
B2A,aaeb9e1228.jpg,0.7775338996540146,0.4865177
B2A,ab001a0dce.jpg,0.7878326163137157,0.43034294
B2A,ab04be8f33.jpg,0.5968267563085033,0.43509713
B2A,ab0917a3f9.jpg,0.8155987810005698,0.43140858
B2A,ab0d0dfe08.jpg,0.7236165977235995,0.41873556
B2A,ab1141671d.jpg,0.5901522533471489,0.40509874
B2A,ab3576b164.jpg,0.9130013890654695,0.16669317
B2A,ab36e4f5d7.jpg,0.9376873257531902,0.2436012
B2A,ab4450580b.jpg,0.7422596334761833,0.4752881
B2A,ab45414f0a.jpg,0.7987168031942158,0.37023667
B2A,ab808be34d.jpg,0.6226831867893612,0.60420895
B2A,ab8999b3d4.jpg,0.6944897953726912,0.25362504
B2A,abaa2d0caf.jpg,0.5887070086609878,0.4867962
B2A,abaf585ce0.jpg,0.7206452513853048,0.27248493
B2A,abb7c92cd2.jpg,0.7551389929731936,0.41103584
B2A,abc2244ad0.jpg,0.8315795690111945,0.35116383
B2A,abc26dd865.jpg,0.8646370930910426,0.27989683
B2A,abc76b33c5.jpg,0.7656862481518555,0.45205846
B2A,abd58494e7.jpg,0.8434512436401472,0.20653021
B2A,abe159882d.jpg,0.7790277200429994,0.2126947
B2A,abe813f1cb.jpg,0.9294362661175639,0.19678633
B2A,abeca4498a.jpg,0.6964311293837251,0.5336063
B2A,abee44db3e.jpg,0.722216664328008,0.51270884
B2A,abfbbbd0ca.jpg,0.8302031002156173,0.27277622
B2A,ac049a3c0d.jpg,0.7858795435317061,0.4347344
B2A,ac22f8134b.jpg,0.5066289233284209,0.68470794
B2A,ac36bd24bb.jpg,0.8592544314208287,0.33939707
B2A,ac50e0ca26.jpg,0.9192060181763835,0.3321004
B2A,ac5181086c.jpg,0.7381020119175128,0.42390758
B2A,ac5b1ab8f0.jpg,0.8412363542436987,0.33360708
B2A,ac5d1dd7a1.jpg,0.6057264341850473,0.75154364
B2A,ac91124a63.jpg,0.7302247143589906,0.45063433
B2A,ac91ac81c3.jpg,0.9267908464305146,0.27061543
B2A,ac932a461b.jpg,0.9097894496117235,0.21331516
B2A,ac9afdb0a8.jpg,0.8012501469967064,0.28970855
B2A,ac9c8211cb.jpg,0.6984952870900657,0.548684
B2A,aca32eb466.jpg,0.84933851111009,0.3157306
B2A,aca45f78be.jpg,0.8957644218270682,0.245985
B2A,acab996be8.jpg,0.9368391406196526,0.29946357
B2A,acae006873.jpg,0.6366165276005429,0.42658353
B2A,acaf4ef81e.jpg,0.7641947566258497,0.3839618
B2A,acbede97b1.jpg,0.6131724243052391,0.5205058
B2A,acc787b868.jpg,0.7280104735011703,0.5297755
B2A,acc8b354fc.jpg,0.8406243044728737,0.3652276
B2A,acccbeb5a3.jpg,0.8500636922134853,0.29217073
B2A,accfade258.jpg,0.7140326628125329,0.56504697
B2A,acda36155d.jpg,0.8062194447416106,0.3924831
B2A,ace63e2d37.jpg,0.8457123458990952,0.20090693
B2A,acf0aeda10.jpg,0.849732222924039,0.29273155
B2A,acf43bbda9.jpg,0.8775661403457322,0.2656153
B2A,ad08c8c439.jpg,0.8482099240429323,0.43748465
B2A,ad122b9a0c.jpg,0.6612921324133229,0.4906094
B2A,ad1819b0e6.jpg,0.8619009112815241,0.28600943
B2A,ad1a8669c9.jpg,0.6322619555968952,0.4876747
B2A,ad24506f8b.jpg,0.8296348953465215,0.43538713
B2A,ad31237f7b.jpg,0.8204895178791155,0.24212947
B2A,ad3d8eb941.jpg,0.5118430685867571,0.6616079
B2A,ad4208f91f.jpg,0.8103287145228837,0.35616535
B2A,ad5065585a.jpg,0.8486938680879001,0.22226259
B2A,ad5385ebb1.jpg,0.6624581364921517,0.45295405
B2A,ad5c6dd37f.jpg,0.7479195221598495,0.4231808
B2A,ad673d759f.jpg,0.6809458479281991,0.5110508
B2A,ad67e71b94.jpg,0.8353618209581204,0.20684908
B2A,ad7d5b8945.jpg,0.9224183069612649,0.25921854
B2A,ad8139d30e.jpg,0.8574170794658328,0.4051634
B2A,ad8f6db4da.jpg,0.9497136554806238,0.20539768
B2A,ad8fca5a81.jpg,0.7502467904848845,0.35278857
B2A,ad95d06611.jpg,0.821115540268229,0.39242133
B2A,ada37edd54.jpg,0.7735395501958736,0.5485346
B2A,ada576bcf5.jpg,0.8898020049784768,0.27488673
B2A,ada64f6f98.jpg,0.7692088540910585,0.42256403
B2A,adb5589a4a.jpg,0.7727226825830594,0.39444852
B2A,adbb6706f4.jpg,0.7826917691017764,0.34310156
B2A,adc015d394.jpg,0.8846872211345636,0.29120865
B2A,adc7df4c09.jpg,0.8203529206932004,0.27185002
B2A,adc8bca42b.jpg,0.8578799688107651,0.25452685
B2A,add673f629.jpg,0.9033525727734494,0.23947227
B2A,addb9e11be.jpg,0.9122251533974792,0.23132643
B2A,addf00ca3f.jpg,0.8807241057127737,0.2396838
B2A,ade0f46a3f.jpg,0.6878079976503467,0.18759994
B2A,adee0e7444.jpg,0.8417931643645268,0.32143745
B2A,adf0ac7938.jpg,0.7955651322649276,0.34693545
B2A,adf316819b.jpg,0.8965408207423169,0.50632006
B2A,adf3ad1301.jpg,0.9165832577032968,0.17741965
B2A,ae073bf16d.jpg,0.7460717852273073,0.50905967
B2A,ae15831d3a.jpg,0.8211086455299316,0.42468396
B2A,ae16d6d012.jpg,0.8333838232902703,0.38314295
B2A,ae1951459d.jpg,0.8289884777044705,0.31894043
B2A,ae1ee21b01.jpg,0.8240756033826429,0.43110213
B2A,ae2923b68c.jpg,0.8726220130494922,0.31791595
B2A,ae2c1ea2d6.jpg,0.8673179950455231,0.20923316
B2A,ae32973f1b.jpg,0.6332643083977556,0.48908865
B2A,ae33f34419.jpg,0.8270094535330691,0.31773743
B2A,ae3bb4751d.jpg,0.788694557269571,0.2875473
B2A,ae48a41403.jpg,0.7837674536324111,0.29653454
B2A,ae56d20cb9.jpg,0.8765289100182497,0.2557248
B2A,ae5ac0bf8a.jpg,0.6730966440599268,0.52527374
B2A,ae667757b8.jpg,0.662553937060689,0.43361524
B2A,ae7f0cf2c7.jpg,0.8549024000787868,0.23371427
B2A,ae91238c7d.jpg,0.887517036681427,0.21073242
B2A,ae97673634.jpg,0.5955377612795575,0.6120913
B2A,aea3c83ebe.jpg,0.8355926725479109,0.21869476
B2A,aea4a60c4e.jpg,0.6953682760227967,0.37923414
B2A,aea6b06ea6.jpg,0.6641411397964517,0.20110309
B2A,aed2032c56.jpg,0.694225334713682,0.55074424
B2A,aedf554224.jpg,0.8153445582514531,0.33546102
B2A,aee36ebffb.jpg,0.853876705440635,0.37394357
B2A,aeff6a1ad9.jpg,0.8556901254407289,0.31738514
B2A,af2075bcf5.jpg,0.9168903419682656,0.18556541
B2A,af24d79cda.jpg,0.7388472717459295,0.27925047
B2A,af2acf5f58.jpg,0.52297805591861,0.5438101
B2A,af4232e4ad.jpg,0.8360212700676963,0.3704255
B2A,af4456d9ce.jpg,0.7446263920043545,0.30949885
B2A,af51aca135.jpg,0.5248615616291057,0.4911612
B2A,af5f718ec0.jpg,0.7519940387970059,0.30504146
B2A,af672cd7de.jpg,0.9430730228627404,0.25909102
B2A,af6af0e073.jpg,0.8289413823071776,0.291871
B2A,af87640174.jpg,0.8663276112819308,0.20877525
B2A,af890fdb8b.jpg,0.7784100485289632,0.33917752
B2A,af899de250.jpg,0.6962189934611831,0.5258206
B2A,af8b38d918.jpg,0.8933279608243943,0.18970922
B2A,af97db63a5.jpg,0.8892470101606224,0.37338558
B2A,af98779f2f.jpg,0.9053011415187758,0.26827103
B2A,af9f206c68.jpg,0.6988264870834133,0.53229886
B2A,afa167a1a5.jpg,0.8449859993549171,0.27927667
B2A,afa1a71c3d.jpg,0.7418788248610229,0.5259587
B2A,afa576e383.jpg,0.857108635741689,0.50140315
B2A,afabae968b.jpg,0.773943938788069,0.389682
B2A,afaf808be0.jpg,0.7600493709159081,0.5343043
B2A,afb21c0a01.jpg,0.867171352279415,0.3848753
B2A,afb5f05573.jpg,0.7576429650803077,0.311415
B2A,afb5fd0067.jpg,0.7668184152181851,0.5012365
B2A,afd6a4c506.jpg,0.8212822980722427,0.25629315
B2A,afe09342a4.jpg,0.8841162723203736,0.38256007
B2A,afec9d2ce5.jpg,0.7010390624625152,0.4917805
B2A,afee15fa99.jpg,0.8008768882348198,0.44589937
B2A,aff47b8492.jpg,0.7570929506474378,0.4510718
B2A,aff8f6d136.jpg,0.9092781371728036,0.2237314
B2A,b003895ce9.jpg,0.8562655825126472,0.26837742
B2A,b01acadfd9.jpg,0.6209515077673601,0.35661685
B2A,b0238fb4d6.jpg,0.7120678642022311,0.5021247
B2A,b023dae26b.jpg,0.7992340067130618,0.42268813
B2A,b02697eec9.jpg,0.8005624420699624,0.31726143
B2A,b027a80904.jpg,0.7211564444257474,0.5027717
B2A,b028f604ed.jpg,0.8973750061361128,0.2407465
B2A,b03262df8a.jpg,0.7153458221935219,0.31311947
B2A,b03646ab9d.jpg,0.9400958181416756,0.17758796
B2A,b036b0bd6e.jpg,0.7966668807653287,0.439584
B2A,b043e97f3c.jpg,0.9289397618262886,0.16835907
B2A,b048d6b4a6.jpg,0.7837785946092266,0.33075035
B2A,b04af1a7a5.jpg,0.8898441393664063,0.20095529
B2A,b04b5604c4.jpg,0.8446494834263968,0.29707125
B2A,b05f08496f.jpg,0.897959908427843,0.39934018
B2A,b069343f1c.jpg,0.7899367644956364,0.47693732
B2A,b06a3053e1.jpg,0.8187657920599318,0.34993333
B2A,b07115bda9.jpg,0.9278439795421183,0.22589442
B2A,b0771d4c61.jpg,0.6586095457848158,0.38261425
B2A,b07a462689.jpg,0.6291506863189047,0.4125611
B2A,b08e49c7b8.jpg,0.8400655739095882,0.29676354
B2A,b09cf0dffc.jpg,0.944433658916531,0.12816261
B2A,b0a4fcb39d.jpg,0.9274833677874877,0.3166622
B2A,b0b01c67cb.jpg,0.7624542292270328,0.5112165
B2A,b0bc5786a5.jpg,0.7045392595851733,0.30706248
B2A,b0c59def26.jpg,0.758184608232576,0.5687583
B2A,b0c99529c9.jpg,0.7120804738378724,0.6383141
B2A,b0ccf80417.jpg,0.806211431608233,0.25721717
B2A,b0dc34e8e6.jpg,0.7207530404674717,0.5945838
B2A,b0e936e41b.jpg,0.7962041182420184,0.3581072
B2A,b0f66caebb.jpg,0.7605826374699249,0.57013565
B2A,b10839181d.jpg,0.7721769410438568,0.3491081
B2A,b10dabf94e.jpg,0.7665980151288749,0.40306646
B2A,b112237bbf.jpg,0.8703287534481953,0.2568323
B2A,b11afb309d.jpg,0.5507671336731672,0.52373445
B2A,b128c9759f.jpg,0.8760789145639292,0.2753944
B2A,b12bf44d38.jpg,0.7296926827532028,0.18540108
B2A,b12d6de1d9.jpg,0.6411999483753131,0.36791542
B2A,b13aecdf79.jpg,0.7027140934449574,0.377921
B2A,b140da8120.jpg,0.862460370261051,0.31092843
B2A,b150248c5b.jpg,0.8002654303855352,0.3092552
B2A,b1512c76c7.jpg,0.8424252700368887,0.52209634
B2A,b15cbb80b4.jpg,0.8827674477315577,0.18232612
B2A,b161a5d3cb.jpg,0.9231867482696955,0.27799034
B2A,b164b7525c.jpg,0.7786202061789753,0.45750782
B2A,b1654bdb7e.jpg,0.8688792436632669,0.42575997
B2A,b16bafe652.jpg,0.8645227665138479,0.24975234
B2A,b16dcdc688.jpg,0.7625591003197438,0.36636907
B2A,b16e9f4263.jpg,0.9005187034846173,0.31013477
B2A,b17c40b1ea.jpg,0.8011602331508925,0.40206897
B2A,b181897b98.jpg,0.8538722134699965,0.31346437
B2A,b18beb6d72.jpg,0.8127348500991614,0.39623338
B2A,b1e3ea9ca5.jpg,0.8818382931534526,0.3187868
B2A,b1eb87490e.jpg,0.7502768913571948,0.45066524
B2A,b20d1d38d7.jpg,0.9190736938626023,0.31568244
B2A,b21a369bbd.jpg,0.701228583257095,0.6759168
B2A,b21c4fc9bd.jpg,0.9033133431080278,0.3018642
B2A,b220f59b09.jpg,0.4779790531744445,0.79178035
B2A,b23933adf6.jpg,0.6818124732024217,0.50627065
B2A,b23ae1573f.jpg,0.6519335352567891,0.7010059
B2A,b2400fe0a5.jpg,0.6424728193198019,0.4843703
B2A,b242ae6db1.jpg,0.8375392145685889,0.33578363
B2A,b2442c013f.jpg,0.8629859551788516,0.3922816
B2A,b244d049e3.jpg,0.852953901926203,0.3891232
B2A,b245d8b8ff.jpg,0.6837148982873154,0.5331686
B2A,b2633e0b11.jpg,0.8553134931057357,0.41305208
B2A,b263b335f4.jpg,0.6297304694276643,0.54304504
B2A,b265520a3d.jpg,0.7465833918829468,0.33175924
B2A,b275f883d7.jpg,0.9180048795418901,0.13864857
B2A,b27811638c.jpg,0.7605575478556632,0.42300346
B2A,b2883a87cb.jpg,0.837203391171867,0.44194335
B2A,b288896b0a.jpg,0.6817748604694498,0.480447
B2A,b29034b730.jpg,0.8327783479835336,0.26386663
B2A,b29d413ab1.jpg,0.7672539257182217,0.39992118
B2A,b2a7070656.jpg,0.5860065860043271,0.45011842
B2A,b2a9652a6f.jpg,0.7480901929563671,0.5350641
B2A,b2abb2ae39.jpg,0.7966775588946511,0.49923164
B2A,b2bb2119a9.jpg,0.8066202946318447,0.32098716
B2A,b2cb0fe346.jpg,0.918666855167457,0.18792015
B2A,b2cbeec8f9.jpg,0.9234260826217766,0.19894981
B2A,b2cbf1cf7a.jpg,0.7348879426172427,0.37443644
B2A,b2de093e02.jpg,0.8476785470405148,0.34270957
B2A,b2e2ffcd0a.jpg,0.7042243255379756,0.34552068
B2A,b2ee6d8bc5.jpg,0.8597252680758476,0.29375464
B2A,b2f7fa511e.jpg,0.8904529683330757,0.52997893
B2A,b2fd16828f.jpg,0.7979679335252552,0.37129024
B2A,b2fe82b23e.jpg,0.8850342319772546,0.14904319
B2A,b30876c470.jpg,0.7238172141572419,0.5558186
B2A,b31c7ff3e0.jpg,0.8823485443118139,0.2101261
B2A,b326ea0088.jpg,0.8576714377415678,0.28632468
B2A,b34c11aa77.jpg,0.694786737115885,0.43943128
B2A,b3544a41dd.jpg,0.6649463286316312,0.47671613
B2A,b398a41374.jpg,0.8322326545713453,0.28960556
B2A,b39ad63238.jpg,0.8226584247846419,0.41255158
B2A,b3a246218c.jpg,0.7983560396414182,0.31410867
B2A,b3ad362dc3.jpg,0.8161076686737981,0.44947922
B2A,b3bfca1f8b.jpg,0.9237232339143573,0.2246894
B2A,b3c28798bd.jpg,0.8229863928718587,0.23453535
B2A,b3c422ffa6.jpg,0.6374272974243,0.50026387
B2A,b3cc0df141.jpg,0.8896605482910087,0.25852397
B2A,b3d3d9921d.jpg,0.7598060734846308,0.35438794
B2A,b3d83e557e.jpg,0.904338208507553,0.1617082
B2A,b3daba3e38.jpg,0.8885548063291259,0.35387537
B2A,b3db7e6aae.jpg,0.6529091328094522,0.41517425
B2A,b3e5c31249.jpg,0.8812453056598366,0.25469372
B2A,b3e9f5d03a.jpg,0.7640295783108887,0.49946377
B2A,b3efa6f13f.jpg,0.8534083032015353,0.27060226
B2A,b404fb513f.jpg,0.6821899424403944,0.45948288
B2A,b4166bd020.jpg,0.7410126244110689,0.47203034
B2A,b41d24db10.jpg,0.7256271467328881,0.54246527
B2A,b4217286ca.jpg,0.8692317160577672,0.2501654
B2A,b43d7dcae4.jpg,0.8188477197481175,0.39915395
B2A,b44289846b.jpg,0.8575407221018155,0.34221292
B2A,b443916aa7.jpg,0.8687841328256107,0.3703797
B2A,b46106fd89.jpg,0.7307149583290293,0.30252016
B2A,b461cd6b95.jpg,0.7356450097913749,0.4631733
B2A,b463392033.jpg,0.7402866234786478,0.48953122
B2A,b469541ab9.jpg,0.881385268674173,0.36697754
B2A,b475f64439.jpg,0.802629721668129,0.3337119
B2A,b47834dd52.jpg,0.8436282866356342,0.44883022
B2A,b47b2f88c3.jpg,0.657762845486787,0.3745427
B2A,b482bd55c5.jpg,0.8210053882438215,0.2751153
B2A,b489bdec64.jpg,0.7954412173116929,0.36913937
B2A,b492a7d919.jpg,0.8937713892829066,0.16149238
B2A,b4a1b33eae.jpg,0.7754443253180046,0.34979343
B2A,b4ba4bd4b0.jpg,0.5497687268366649,0.43704605
B2A,b4c752721a.jpg,0.7642320412949074,0.31262696
B2A,b4c7f33b35.jpg,0.5446929825936007,0.43244937
B2A,b4c8e36705.jpg,0.9269615849800555,0.25838757
B2A,b4cc9f5870.jpg,0.8021199476706714,0.24652556
B2A,b4d64206dd.jpg,0.8491846127610222,0.35391748
B2A,b4ef669e4d.jpg,0.9456179538996948,0.179712
B2A,b4f2211991.jpg,0.4994405635143129,0.5501697
B2A,b4f9b0e86b.jpg,0.8515460707407349,0.39879602
B2A,b5237c39a7.jpg,0.9258711306267698,0.23243968
B2A,b5268447c0.jpg,0.6634741729383927,0.346232
B2A,b544e584f6.jpg,0.906812575074186,0.29239362
B2A,b54c9ff9f0.jpg,0.5182305491371091,0.3298418
B2A,b54ecfe1d1.jpg,0.8045966639094988,0.38951352
B2A,b55174c53d.jpg,0.7043042958440777,0.33422244
B2A,b553a553a4.jpg,0.7627089622530261,0.29996493
B2A,b56100a754.jpg,0.8810058396694155,0.3654688
B2A,b56f780872.jpg,0.9016660134978531,0.2328348
B2A,b571fc78d5.jpg,0.8891609342016329,0.40162748
B2A,b58bdc0c7f.jpg,0.7868643605869557,0.34244972
B2A,b597d0c58b.jpg,0.8963242977145693,0.15045048
B2A,b5a144143b.jpg,0.5658510253001829,0.46189067
B2A,b5ae36d4c7.jpg,0.916309349279916,0.22055626
B2A,b5b93e7f12.jpg,0.6070058927414079,0.4837727
B2A,b5bd2caebc.jpg,0.7813601369733807,0.5096907
B2A,b5bdb76769.jpg,0.8106357017917531,0.41755307
B2A,b5d3195dc8.jpg,0.8253027905741015,0.17952715
B2A,b5d87c828d.jpg,0.9272722133252641,0.2182648
B2A,b5d90eb11d.jpg,0.6135869764147801,0.3166171
B2A,b5d995b5d8.jpg,0.8471725096039169,0.26851344
B2A,b5f2c61061.jpg,0.9137188155427162,0.26665038
B2A,b60488d40f.jpg,0.902453652878801,0.17511758
B2A,b60f74cca9.jpg,0.9323804445012642,0.21807808
B2A,b60fa62c00.jpg,0.8303496710111044,0.23983479
B2A,b612a7c29e.jpg,0.8699574505407868,0.29260352
B2A,b612ea84b8.jpg,0.7101774562991523,0.3735799
B2A,b61461c172.jpg,0.7717481266901334,0.38530236
B2A,b61731a239.jpg,0.9112088322424741,0.21371044
B2A,b61b89590d.jpg,0.895656283540733,0.29827368
B2A,b61e2b3b0d.jpg,0.7885297122929682,0.38758948
B2A,b62b0c6d0c.jpg,0.7903755091940663,0.46367535
B2A,b62f2cfc5d.jpg,0.8381226097373621,0.29978567
B2A,b631fa3f71.jpg,0.8436681280110919,0.2667154
B2A,b635c95844.jpg,0.6763805492203191,0.7516099
B2A,b6398ab782.jpg,0.5393079316127384,0.71339506
B2A,b6429002b9.jpg,0.7032052064313211,0.63655895
B2A,b64bb5b36d.jpg,0.5798716287023441,0.55595446
B2A,b660902f57.jpg,0.7252504279939328,0.44249246
B2A,b664354223.jpg,0.8342190326080839,0.29222724
B2A,b665863dfb.jpg,0.848238055259615,0.24188079
B2A,b66913e00b.jpg,0.8789308963792558,0.42986336
B2A,b66c734954.jpg,0.7041974061615995,0.41790807
B2A,b66c82cf2a.jpg,0.747489200080596,0.4181223
B2A,b66f508c68.jpg,0.801483132759617,0.3258855
B2A,b678b74dae.jpg,0.871511416312745,0.34306863
B2A,b679bcea19.jpg,0.837143807230614,0.29102707
B2A,b67c9613c8.jpg,0.8784251436531384,0.11311502
B2A,b697267bfb.jpg,0.6704961806927114,0.3803256
B2A,b69f383965.jpg,0.7187191626982398,0.32576847
B2A,b69fe86234.jpg,0.8101647741831172,0.35043055
B2A,b6c8f98eaf.jpg,0.7588882310065391,0.46094224
B2A,b6ccadba44.jpg,0.8917526706988972,0.17271261
B2A,b6d52caca3.jpg,0.9366168747634173,0.13335519
B2A,b6d84ce05d.jpg,0.7582637680669161,0.3247312
B2A,b6dd6a5484.jpg,0.6620939845270164,0.40088362
B2A,b6e02f524c.jpg,0.8989444828958735,0.30478272
B2A,b6ebb5febd.jpg,0.6856241054919318,0.30121076
B2A,b6f00064cc.jpg,0.6138577326153121,0.4246832
B2A,b70c20c5bb.jpg,0.8579371018593117,0.381502
B2A,b70ec20b75.jpg,0.8031777216537093,0.5389865
B2A,b7126e52cb.jpg,0.7171925671002624,0.63546765
B2A,b7139c915b.jpg,0.7926589302888125,0.36641067
B2A,b734350f7a.jpg,0.7840875278744228,0.5160732
B2A,b743015621.jpg,0.6193536876614475,0.52441347
B2A,b74ada0d43.jpg,0.8914939734699856,0.26452208
B2A,b74cab8840.jpg,0.7075000785443993,0.3410413
B2A,b76253bc63.jpg,0.9361003070835519,0.22080004
B2A,b7634902cd.jpg,0.7884154488459143,0.5243459
B2A,b763d10895.jpg,0.8847466770538432,0.27324033
B2A,b76490cea4.jpg,0.5694841348784487,0.65347284
B2A,b76838eaa3.jpg,0.6368001902055734,0.51740843
B2A,b76eca8315.jpg,0.8783704507878068,0.28591612
B2A,b7771cc3a7.jpg,0.7083291502783605,0.46071324
B2A,b78443d274.jpg,0.6556400260133384,0.63388616
B2A,b7907e76c4.jpg,0.8904828070499058,0.21783632
B2A,b79198e3b3.jpg,0.9101573521011628,0.22326465
B2A,b79628b2db.jpg,0.8656693202005269,0.34363604
B2A,b79649047f.jpg,0.5914141063295291,0.55201566
B2A,b79a2b6c99.jpg,0.9181342983431988,0.30284494
B2A,b7a7a7cc17.jpg,0.8754636113195444,0.2172203
B2A,b7cb7f4110.jpg,0.6543035216216753,0.42992583
B2A,b7d05fd7dc.jpg,0.8546051008739426,0.2020431
B2A,b7f7aaeb71.jpg,0.7073416704079498,0.34010693
B2A,b8009cb56d.jpg,0.876195658451532,0.33474058
B2A,b804d8ffff.jpg,0.7677114396082076,0.359165
B2A,b81a0b8027.jpg,0.9462883565791319,0.2176727
B2A,b81b0d4833.jpg,0.9227547056616353,0.23660254
B2A,b82c2d7664.jpg,0.6860845450242921,0.2886759
B2A,b8513f2cc6.jpg,0.584069577718271,0.74101377
B2A,b85242ba7b.jpg,0.6798514599836718,0.36393276
B2A,b85d1ea25e.jpg,0.7041413008291074,0.4125932
B2A,b87678f817.jpg,0.6929962933884007,0.3672078
B2A,b877c006b7.jpg,0.7961906719917847,0.34135914
B2A,b879c75442.jpg,0.791376080723498,0.32913136
B2A,b87f267ffd.jpg,0.7891927919239934,0.32017964
B2A,b8800075ea.jpg,0.9166066858323716,0.25291905
B2A,b8846a57ce.jpg,0.6376023680449695,0.45787388
B2A,b885222b39.jpg,0.8097728303185604,0.24427448
B2A,b88710452e.jpg,0.9174566660873213,0.1444281
B2A,b88fa19b4b.jpg,0.8532818531154391,0.17860208
B2A,b88fd25d37.jpg,0.8264455850358259,0.43572593
B2A,b892e182db.jpg,0.8250592115324336,0.22351453
B2A,b893e3aa24.jpg,0.744963117424342,0.39511126
B2A,b89aa727f4.jpg,0.6950596809960318,0.3190972
B2A,b89d1cc4f1.jpg,0.7577541065956308,0.41802084
B2A,b8b21378ef.jpg,0.8560306062168428,0.25727797
B2A,b8b5848caa.jpg,0.7428994636594922,0.389039
B2A,b8c23eb503.jpg,0.6967949380873677,0.63230455
B2A,b8c6874f96.jpg,0.7351358060409489,0.601055
B2A,b8d30c2ede.jpg,0.8653896163788394,0.1379833
B2A,b8dda4b0ed.jpg,0.837093306635177,0.300264
B2A,b8e1eafdef.jpg,0.8764118739816007,0.24227816
B2A,b8e7658517.jpg,0.8677088661413317,0.28382802
B2A,b8eb81d31d.jpg,0.7202047847461875,0.4082254
B2A,b8f7816f6b.jpg,0.8448512410149455,0.33772448
B2A,b90dc41d5d.jpg,0.8096889421831928,0.31357515
B2A,b91926eb90.jpg,0.8270177841495906,0.20013896
B2A,b924b090f7.jpg,0.8321887158595457,0.2696247
B2A,b938642e78.jpg,0.8040035175887704,0.5188103
B2A,b939486166.jpg,0.8534802172964526,0.35042036
B2A,b952bd214e.jpg,0.8276260031930648,0.34577852
B2A,b955e39acf.jpg,0.8338954108233948,0.32743955
B2A,b9768c7e52.jpg,0.8285381913461218,0.25479916
B2A,b983599509.jpg,0.8821975401918742,0.19164167
B2A,b985c8d0f9.jpg,0.7028565525588365,0.5210021
B2A,b989430548.jpg,0.5430081865779577,0.5099074
B2A,b9902d5a97.jpg,0.8136336051139702,0.38620043
B2A,b99379d9e0.jpg,0.5053409600895591,0.5067006
B2A,b9973b92ba.jpg,0.6551466376563647,0.43855026
B2A,b99824d883.jpg,0.6474652389456406,0.40100515
B2A,b9a991202d.jpg,0.8955788530641039,0.23248795
B2A,b9bc2a225e.jpg,0.7984023598029786,0.4742663
B2A,b9cad6e8c0.jpg,0.6423303170893951,0.54267764
B2A,b9cd30a1eb.jpg,0.7705403633949169,0.3373063
B2A,b9d2ba2502.jpg,0.7937138999167324,0.26364884
B2A,b9d441588e.jpg,0.6891598400092142,0.36414123
B2A,b9d6b906b5.jpg,0.8457840599524427,0.3400811
B2A,b9de8e1e60.jpg,0.7707793447834141,0.33796868
B2A,b9ea51b317.jpg,0.7089527531430224,0.42736745
B2A,b9eb4c4e23.jpg,0.8636094423098517,0.23032913
B2A,b9f955e5da.jpg,0.7595590263313889,0.51278615
B2A,ba3fc5aaf6.jpg,0.819621318113168,0.31835353
B2A,ba4f07f939.jpg,0.8483819748361383,0.33333427
B2A,ba57ad5d60.jpg,0.7802812516070967,0.3695417
B2A,ba6cdd170e.jpg,0.7803720399300156,0.57241446
B2A,ba7c346ee6.jpg,0.8356907434198646,0.26438418
B2A,ba7d2f82f3.jpg,0.7225585387296222,0.4335693
B2A,ba8511d50b.jpg,0.8069797589778647,0.42656022
B2A,ba861fc7fc.jpg,0.7106243499680283,0.46719843
B2A,ba900f7b05.jpg,0.6041570691787462,0.6172171
B2A,ba93309fda.jpg,0.6550935495675936,0.37574267
B2A,baa1ec6741.jpg,0.9324447208012234,0.32248262
B2A,baa5eaf58a.jpg,0.7383312134376223,0.35840225
B2A,baa60c9bed.jpg,0.8891561398506591,0.18814853
B2A,baac2fc0d9.jpg,0.7601575952403166,0.2968102
B2A,bab560daee.jpg,0.7939457127910711,0.3742256
B2A,bac7bbda07.jpg,0.8910015946579476,0.20531277
B2A,baca7c1baf.jpg,0.8736458059394295,0.32206827
B2A,bad95e0688.jpg,0.7531071377587257,0.4487732
B2A,bae17c2143.jpg,0.8395617462655747,0.33280617
B2A,bae6056ca8.jpg,0.7193663862537669,0.33371812
B2A,baef9a3993.jpg,0.8263861755913523,0.28027427
B2A,bafb1adc1f.jpg,0.7806784748685162,0.3957199
B2A,bb017d43a9.jpg,0.7688911826230963,0.4093877
B2A,bb15fcc4ff.jpg,0.8832686414369865,0.36402553
B2A,bb313a5e16.jpg,0.6580573455386843,0.55939
B2A,bb3377f200.jpg,0.8452178235718598,0.19628528
B2A,bb38cedde5.jpg,0.7946370954126047,0.47268724
B2A,bb3ef64acd.jpg,0.9239658269334864,0.18800001
B2A,bb40b8dd7f.jpg,0.8235620912376029,0.24535887
B2A,bb5faf30e9.jpg,0.7626702628156764,0.32067233
B2A,bb64125bc2.jpg,0.8849499921291273,0.34923363
B2A,bb77850a04.jpg,0.7756204394643019,0.49226946
B2A,bb8552f1b5.jpg,0.823753780458074,0.207291
B2A,bb9d316b1a.jpg,0.7347492355690642,0.35969982
B2A,bba5052be8.jpg,0.9304246531603736,0.2466988
B2A,bbac847eec.jpg,0.8125821106144764,0.2683917
B2A,bbaff218f3.jpg,0.7585834996320268,0.5715548
B2A,bbbfda6b8f.jpg,0.8980929958554396,0.30153912
B2A,bbc433fec1.jpg,0.877652694227175,0.29272726
B2A,bbc5447377.jpg,0.746356416507957,0.3410369
B2A,bbc6c20473.jpg,0.6040748901305442,0.48622328
B2A,bbca95e065.jpg,0.7219934007659862,0.48673767
B2A,bbd1178911.jpg,0.8825847579406035,0.20310009
B2A,bbe716a5ba.jpg,0.6041207021357958,0.69776076
B2A,bbf7c36959.jpg,0.8937648100415942,0.18235603
B2A,bbfe762240.jpg,0.8724001862145746,0.38143784
B2A,bc00b49aa2.jpg,0.9492774217229593,0.40902293
B2A,bc05774cb8.jpg,0.8698974303634651,0.26746055
B2A,bc1296f186.jpg,0.7643887685860781,0.39608046
B2A,bc1fa09301.jpg,0.5495780495595515,0.55285084
B2A,bc320f44ee.jpg,0.7357367197253252,0.4551661
B2A,bc34a98e62.jpg,0.5404512040690784,0.43014783
B2A,bc3f932980.jpg,0.6534789593229918,0.54865086
B2A,bc47393bbe.jpg,0.7314478295770321,0.47526622
B2A,bc4cc5e31c.jpg,0.7447704247942489,0.5087836
B2A,bc57ed5fda.jpg,0.8055824226251659,0.22690685
B2A,bc59db0454.jpg,0.8745029743535618,0.24737358
B2A,bc76a34f9d.jpg,0.9066254804792511,0.19143471
B2A,bc8579edc4.jpg,0.8234002301334078,0.22983311
B2A,bc89a879fd.jpg,0.7889500799198084,0.5670017
B2A,bc8e187f4f.jpg,0.8683136381136414,0.25498158
B2A,bc97e28ac0.jpg,0.7443953084690399,0.37181833
B2A,bc9defc927.jpg,0.6663449123126992,0.6443686
B2A,bca6fd9039.jpg,0.7975150679349136,0.39255223
B2A,bcad190025.jpg,0.8152042087697248,0.3960653
B2A,bcade75bec.jpg,0.7591553286391688,0.367419
B2A,bcae56fbed.jpg,0.6399408329495764,0.44227394
B2A,bcc1a87147.jpg,0.7974694855713793,0.36218113
B2A,bcc29192c1.jpg,0.8130120348779384,0.24961255
B2A,bcde913d1d.jpg,0.8532735061770119,0.26209387
B2A,bce46c265e.jpg,0.871419070210557,0.30909514
B2A,bceb077f5d.jpg,0.7708745187443029,0.27608284
B2A,bcef4b66e6.jpg,0.750312073673065,0.38515437
B2A,bcf39bcec2.jpg,0.8312825354172818,0.2516434
B2A,bcf3ab621b.jpg,0.7048779818402208,0.5101379
B2A,bcf3af118c.jpg,0.6938352664706948,0.3653574
B2A,bd2893da68.jpg,0.8770767403385662,0.29376334
B2A,bd2be5968a.jpg,0.8175763445241871,0.3002872
B2A,bd4ff109f0.jpg,0.9199158415181513,0.37774637
B2A,bd5056d32e.jpg,0.6399771726450615,0.59085
B2A,bd58f14f67.jpg,0.649093405059891,0.4700551
B2A,bd6006597f.jpg,0.8153200666754377,0.3043516
B2A,bd6261963a.jpg,0.7765805529601738,0.32299083
B2A,bd6550715b.jpg,0.7996165407271801,0.46139285
B2A,bd6902ee43.jpg,0.8308413129752553,0.38155907
B2A,bd6a7ec51e.jpg,0.5180225731692853,0.48419967
B2A,bd7003b6b6.jpg,0.7398158728778949,0.29943585
B2A,bd76d694d4.jpg,0.7249243638905869,0.46280986
B2A,bd7e521e90.jpg,0.9453732785504865,0.2007958
B2A,bd7e852fb1.jpg,0.6614813801155409,0.41784066
B2A,bd81e32444.jpg,0.7785238981892959,0.4911948
B2A,bd856bd7d2.jpg,0.8425780664949728,0.2478194
B2A,bd9dbd110c.jpg,0.7004646009237114,0.3658223
B2A,bda011a946.jpg,0.9171198783665165,0.14943144
B2A,bda7612626.jpg,0.657194524446047,0.6404609
B2A,bda7b5b92a.jpg,0.831106633360136,0.3898209
B2A,bda920ef3a.jpg,0.7593594487505313,0.5315086
B2A,bdb71b5252.jpg,0.8220923232360973,0.34876767
B2A,bdb764be42.jpg,0.6306925891877784,0.7127555
B2A,bdb80159b3.jpg,0.7694131536357683,0.40309638
B2A,bdcfea4c8d.jpg,0.6326014799767034,0.31772208
B2A,bdd2bc2e77.jpg,0.9094391688448148,0.22103351
B2A,bdd6cb73e5.jpg,0.727313793586,0.34015352
B2A,bde2a9e1fa.jpg,0.9203666388062111,0.2842414
B2A,bdf3d3a8e5.jpg,0.8326967665058056,0.295157
B2A,bdf8b0c5ad.jpg,0.8192459034891633,0.33272365
B2A,be0140dde6.jpg,0.7876621019045998,0.538738
B2A,be17aa711c.jpg,0.6335430804878153,0.4112708
B2A,be19b2eac9.jpg,0.8011957771229563,0.46565294
B2A,be307d9b2d.jpg,0.804221804605674,0.27309957
B2A,be30ee9635.jpg,0.825370622068566,0.2904118
B2A,be58cca5c2.jpg,0.6875380982635235,0.5124657
B2A,be5a727d8a.jpg,0.637357954683027,0.48811215
B2A,be5e1ffaf7.jpg,0.884371118593423,0.22901571
B2A,be66a96894.jpg,0.9371729186170954,0.1728397
B2A,be6d9981a3.jpg,0.886975227424033,0.1379679
B2A,be74caa0c9.jpg,0.47484569621908695,0.7822993
B2A,be76e135d1.jpg,0.6535699148155867,0.6004037
B2A,be7c00594f.jpg,0.8099739160928529,0.32575178
B2A,be8015beea.jpg,0.762715473344561,0.3797742
B2A,be87bba931.jpg,0.658886791383503,0.57953
B2A,be9710f956.jpg,0.7980863595808881,0.66390413
B2A,beb00f6bd4.jpg,0.781424744798732,0.30622432
B2A,beb8830662.jpg,0.8682740247091142,0.14304084
B2A,bebbb8b76e.jpg,0.9125526045026312,0.16549316
B2A,bec2bc2d65.jpg,0.93804708328805,0.24891073
B2A,bec49b01dd.jpg,0.7304358934831836,0.4171248
B2A,bec4efcf0e.jpg,0.7514578522371831,0.29114345
B2A,becea1ec0d.jpg,0.8351095452379018,0.2769775
B2A,bed5847c27.jpg,0.700207003105066,0.66546583
B2A,bed803c046.jpg,0.7031935648242406,0.67305624
B2A,bedb0b8e17.jpg,0.6907958490717382,0.28062367
B2A,bee0d00197.jpg,0.5493497164673363,0.4884304
B2A,bee8605fcd.jpg,0.8374731881207302,0.22662762
B2A,bee867c967.jpg,0.5918403993549756,0.52794087
B2A,beebd3d7ff.jpg,0.8427271592450447,0.22720079
B2A,beec4e482c.jpg,0.7381818843024861,0.22678745
B2A,bf07ab5c4a.jpg,0.8232459769709122,0.49568617
B2A,bf0e0a58a4.jpg,0.5480800122743976,0.654429
B2A,bf2216d133.jpg,0.7226550526491184,0.2694448
B2A,bf28de635c.jpg,0.7448472985609039,0.36829913
B2A,bf36a527ab.jpg,0.6529763048142704,0.38677466
B2A,bf3ece26c1.jpg,0.6191014233668226,0.60962415
B2A,bf6062190e.jpg,0.6665131724468841,0.6654784
B2A,bf61f9adb1.jpg,0.82419920784934,0.3169218
B2A,bf6ed52f2c.jpg,0.9050236539644458,0.18344907
B2A,bf72b298bc.jpg,0.7064324241300837,0.52012235
B2A,bf7b0e4b1f.jpg,0.6640821837861156,0.4904892
B2A,bf8f3d28ae.jpg,0.7608008916599673,0.35955402
B2A,bf918a456c.jpg,0.7178917980295914,0.44300276
B2A,bf94cca435.jpg,0.7678792654284374,0.4152804
B2A,bf964262b6.jpg,0.6849438836507189,0.6165448
B2A,bfc6144838.jpg,0.8843123703574203,0.26967844
B2A,bfc622bb44.jpg,0.9325923315104161,0.25524092
B2A,c006c643f8.jpg,0.9111842637311728,0.22691046
B2A,c009f9904a.jpg,0.7529043587660287,0.52120286
B2A,c013680118.jpg,0.680971430527473,0.3983446
B2A,c015570ab7.jpg,0.5861267211696177,0.63340026
B2A,c017fac753.jpg,0.7602780670446017,0.46599042
B2A,c018d5dbf7.jpg,0.8126223674112796,0.31863362
B2A,c0287a48f4.jpg,0.7580354968991728,0.30031538
B2A,c02e89c4d3.jpg,0.7668861897111214,0.3448366
B2A,c0301eeaaf.jpg,0.7651996027084667,0.46670046
B2A,c031d1622c.jpg,0.7209370781429959,0.40406922
B2A,c03cf43784.jpg,0.8427925446706639,0.35986042
B2A,c0511e5414.jpg,0.6728531661014251,0.43004704
B2A,c06ff30cd5.jpg,0.9133710588052579,0.21134503
B2A,c0757c90f9.jpg,0.8696046457972865,0.30381984
B2A,c081f34667.jpg,0.7065647294369272,0.24879065
B2A,c0876f3b2b.jpg,0.8754773270470496,0.24702413
B2A,c08ee1f5aa.jpg,0.8126347195017503,0.40116307
B2A,c09421b98c.jpg,0.7884492961443269,0.3812791
B2A,c09cd67282.jpg,0.7564361592416378,0.18901867
B2A,c0a3fb3571.jpg,0.9093818329018192,0.16823573
B2A,c0a72ce31e.jpg,0.895485044528924,0.31724438
B2A,c0b55c941e.jpg,0.7383495609284254,0.334191
B2A,c0b977acfb.jpg,0.7986508600955756,0.31112713
B2A,c0be01b9c9.jpg,0.7700353643557414,0.5188706
B2A,c0c0e3575b.jpg,0.8804088432948906,0.19649261
B2A,c0e7dfa5ed.jpg,0.6750869912067439,0.45574045
B2A,c0f19d6031.jpg,0.7422728303573114,0.42997438
B2A,c0fe7fd0a7.jpg,0.656992394777501,0.46656844
B2A,c10183721e.jpg,0.7427443540928331,0.30811894
B2A,c1114abb60.jpg,0.835270640490929,0.3552923
B2A,c123f051ca.jpg,0.6924021246440256,0.5260819
B2A,c125e1a1f6.jpg,0.7081383199014312,0.40935338
B2A,c1294c7cd9.jpg,0.8560912461652604,0.24309227
B2A,c12c1c978e.jpg,0.7772413565992332,0.56376666
B2A,c12e14b962.jpg,0.7620597363746483,0.37259883
B2A,c1339587e8.jpg,0.7676618528473288,0.41179937
B2A,c137e13300.jpg,0.87587468759066,0.40719122
B2A,c14426ebfc.jpg,0.7267481140690815,0.32027653
B2A,c15a72a99a.jpg,0.8704626287705785,0.21435384
B2A,c16ed7863f.jpg,0.745100273697173,0.3801874
B2A,c190aa34f8.jpg,0.9483157703644173,0.37535325
B2A,c19312ad74.jpg,0.6777792501179132,0.5186446
B2A,c1972547d1.jpg,0.8382950780925036,0.17917094
B2A,c1a8c428f6.jpg,0.7580245504251818,0.5556596
B2A,c1b1ad3d68.jpg,0.7045791184548039,0.4546366
B2A,c1b2b47959.jpg,0.7177913522308164,0.24572963
B2A,c1b7f78159.jpg,0.6990043756944092,0.47665766
B2A,c1c634b4eb.jpg,0.8241561105844816,0.20130229
B2A,c1d0fe9abe.jpg,0.7987418769296437,0.36837196
B2A,c1d5a31a74.jpg,0.5560405887102965,0.40142408
B2A,c1e5b119c4.jpg,0.7706591020400593,0.27441284
B2A,c1f932fee3.jpg,0.9136552273533779,0.27709407
B2A,c1f9da41e1.jpg,0.83725790084589,0.32209507
B2A,c1fb81bcfa.jpg,0.7107864885926628,0.460534
B2A,c2266bed41.jpg,0.8711822700623783,0.56891036
B2A,c2307e363e.jpg,0.8226580568381315,0.37196705
B2A,c236cbe5eb.jpg,0.7632734060023788,0.48068815
B2A,c236d99e18.jpg,0.8667911466557983,0.2666371
B2A,c23e040ff8.jpg,0.8150865357717254,0.51903695
B2A,c2607646ad.jpg,0.9546157732850439,0.18424352
B2A,c262fe08f9.jpg,0.8055757722838844,0.2631627
B2A,c2656884dd.jpg,0.883520460554406,0.28040266
B2A,c26e1a3dea.jpg,0.8557646728912951,0.34603634
B2A,c2708f8a47.jpg,0.7710020426258953,0.3230952
B2A,c27ca11d75.jpg,0.7162918822878654,0.49656433
B2A,c280ccdd9b.jpg,0.9187542115764791,0.18804833
B2A,c284ce5f6f.jpg,0.6856243502532446,0.3894974
B2A,c2869dc39f.jpg,0.7102250615604604,0.39863247
B2A,c287068c8b.jpg,0.8756140509436074,0.23722944
B2A,c29a81a99d.jpg,0.7716461395597375,0.4376907
B2A,c2acbc2675.jpg,0.7902197194550218,0.4230134
B2A,c2b79f204d.jpg,0.6694408437289563,0.5638254
B2A,c2c2cd230b.jpg,0.7597084639082147,0.4708395
B2A,c2d01b1977.jpg,0.817928593800017,0.51988596
B2A,c2d909e551.jpg,0.8905391349820824,0.29503724
B2A,c2dfec8e9a.jpg,0.8279517538014797,0.3915057
B2A,c2e0f637ed.jpg,0.8324336705983381,0.2873511
B2A,c2f49209fa.jpg,0.650823829938974,0.5752854
B2A,c2fe4fa436.jpg,0.8999556566980034,0.20190108
B2A,c303744625.jpg,0.8932930422642844,0.2619323
B2A,c315adb658.jpg,0.8328975469179383,0.5550512
B2A,c31cad8dc1.jpg,0.8494498952188904,0.25024116
B2A,c329a43ef8.jpg,0.7325522666940627,0.37290686
B2A,c362a50b71.jpg,0.8948609652407775,0.3153007
B2A,c36ee485ab.jpg,0.7735307046039284,0.37618783
B2A,c373467807.jpg,0.9129037640568113,0.18182376
B2A,c37e6749d1.jpg,0.732754334805674,0.36277807
B2A,c38cd66489.jpg,0.9256350066284976,0.1804204
B2A,c398543807.jpg,0.8111173110012716,0.46350655
B2A,c39ac686c7.jpg,0.7809499781123381,0.21317172
B2A,c3ae8d9885.jpg,0.6852834844966358,0.39354932
B2A,c3b0c7adb5.jpg,0.6709656631340113,0.71176857
B2A,c3b262e6c5.jpg,0.6453195300484101,0.5290938
B2A,c3b45ccdf0.jpg,0.7240967523490136,0.45542845
B2A,c3c8443027.jpg,0.8949598773024128,0.24008918
B2A,c3d7a24d73.jpg,0.9327356184734438,0.19297689
B2A,c3e565166e.jpg,0.8720012924010582,0.30196875
B2A,c3e6b45f00.jpg,0.7750792759893897,0.32031
B2A,c3f82846fa.jpg,0.8966356857508958,0.38554412
B2A,c40157edb5.jpg,0.8078690665799004,0.43999976
B2A,c419f70dc7.jpg,0.8918867068940083,0.2581405
B2A,c41d11bc49.jpg,0.6981339868587825,0.2630903
B2A,c428c52f81.jpg,0.653439833867297,0.4804838
B2A,c456016d2d.jpg,0.8312703551910662,0.28585833
B2A,c458ed7411.jpg,0.8255257579637756,0.3313132
B2A,c45ddef2b3.jpg,0.939452321969433,0.4292316
B2A,c46fcd1a80.jpg,0.7024100679335188,0.45560142
B2A,c470eb30ef.jpg,0.8318521553296978,0.28883535
B2A,c47e602b0b.jpg,0.8356459867748837,0.38220096
B2A,c47e788e86.jpg,0.8356803386160188,0.35306272
B2A,c4808eb22d.jpg,0.7994207138776903,0.4041359
B2A,c48dd873be.jpg,0.9559157298879353,0.28482383
B2A,c4bdcb6dd9.jpg,0.8573329867871883,0.2372815
B2A,c4c39ac3f9.jpg,0.6701920409000022,0.40184093
B2A,c4ced9cad1.jpg,0.864173491492201,0.27188945
B2A,c4d6a7c8a9.jpg,0.835272464135441,0.32910895
B2A,c4d73047e1.jpg,0.8325595099510638,0.3126434
B2A,c4d8884b3c.jpg,0.8875010377779026,0.24728978
B2A,c4d8c03cf8.jpg,0.8875586362363547,0.19305813
B2A,c4d9fbfb1f.jpg,0.8026915795439267,0.45752668
B2A,c4db21f52d.jpg,0.8487704719950259,0.24417156
B2A,c4e15cdce1.jpg,0.8736259581895007,0.3429749
B2A,c4e6130960.jpg,0.7463494617938493,0.65652525
B2A,c4f7170246.jpg,0.7272405054883662,0.5299825
B2A,c4fd20f2ce.jpg,0.8005864866007684,0.4763924
B2A,c50547f5fc.jpg,0.6868057998353617,0.5874272
B2A,c50837aa54.jpg,0.6958121323485633,0.42063242
B2A,c52044fdd2.jpg,0.8376019969326597,0.43797672
B2A,c524c49931.jpg,0.8372834864410522,0.2885471
B2A,c525d82983.jpg,0.7121598965446961,0.30189678
B2A,c525dc1668.jpg,0.8249333478702324,0.60174745
B2A,c526e4cab7.jpg,0.8792555288648275,0.18764502
B2A,c52cb8c926.jpg,0.8335167377916758,0.31731027
B2A,c531391a54.jpg,0.5789730721698733,0.37379348
B2A,c5440d3858.jpg,0.8962840586497681,0.21900219
B2A,c5496898d9.jpg,0.6973942990711631,0.48138776
B2A,c54c5368af.jpg,0.7002992357919274,0.34780478
B2A,c5656a3bc2.jpg,0.747718774849105,0.3508848
B2A,c570a774e2.jpg,0.8557694071509472,0.18639016
B2A,c57cb4cc7d.jpg,0.7424925187804382,0.4665994
B2A,c57ecc2387.jpg,0.8695944616294123,0.27203065
B2A,c58fea646b.jpg,0.7931150343757385,0.3411785
B2A,c5921d07d4.jpg,0.7699393349893187,0.47127503
B2A,c595a52c39.jpg,0.7197729257535275,0.28827286
B2A,c598a0b020.jpg,0.7190350405953267,0.46884242
B2A,c59d7d374c.jpg,0.8428370489388737,0.43784446
B2A,c5a2b9c91c.jpg,0.743329751022064,0.23718004
B2A,c5acb37086.jpg,0.8133640892583514,0.3309058
B2A,c5b7abcf1a.jpg,0.6033106345806841,0.5573151
B2A,c5c1ce91be.jpg,0.7903670947833346,0.4814509
B2A,c5c637557c.jpg,0.7203548542374162,0.43523133
B2A,c5df072a87.jpg,0.8567680114117716,0.25288606
B2A,c5e14d505f.jpg,0.836760325986273,0.34886855
B2A,c5e6a04538.jpg,0.8811529077925231,0.26556125
B2A,c5ec21dc91.jpg,0.7685907006383603,0.33494043
B2A,c5edeee0c7.jpg,0.8422333117756392,0.30768257
B2A,c5f84dbc49.jpg,0.8140105004621488,0.15818882
B2A,c6023eafa9.jpg,0.8465159918211663,0.30717686
B2A,c602fe2139.jpg,0.8188161014108447,0.3990102
B2A,c60ce9a7c7.jpg,0.8678833680095588,0.38338903
B2A,c6145ae196.jpg,0.7496937427366303,0.37033564
B2A,c61687bbf7.jpg,0.7774478682550131,0.4015022
B2A,c61c78d0ca.jpg,0.7065731809469257,0.3995853
B2A,c62219be8a.jpg,0.679811243640673,0.36710003
B2A,c63612e996.jpg,0.8373559421115581,0.43155563
B2A,c6500baba8.jpg,0.7082483711872434,0.4599588
B2A,c65d66d192.jpg,0.939708697973624,0.1881204
B2A,c6677c412d.jpg,0.8805781594612835,0.21720418
B2A,c673cb8573.jpg,0.8099846326994322,0.5021131
B2A,c67451f208.jpg,0.7550354140916256,0.367488
B2A,c68341c3b7.jpg,0.737358172297509,0.40910518
B2A,c686b36f96.jpg,0.905858401532555,0.13950741
B2A,c6881f63ec.jpg,0.6972430941746418,0.42351928
B2A,c6a2fbabf7.jpg,0.787268684217523,0.28919968
B2A,c6a4a9aeb2.jpg,0.7541283860482446,0.33626553
B2A,c6a58d81ef.jpg,0.8972098749352808,0.35732108
B2A,c6ad8bd40d.jpg,0.7368895004098889,0.4365623
B2A,c6aea7cf4f.jpg,0.8234373530836024,0.35029632
B2A,c6af326883.jpg,0.8050517572889344,0.2752492
B2A,c6b10318be.jpg,0.8162821733980491,0.4452806
B2A,c6c4b33994.jpg,0.8283772303409557,0.47638738
B2A,c6d9ef38ee.jpg,0.7964614433300072,0.21966808
B2A,c6e35b7a8e.jpg,0.7855983306427616,0.5450016
B2A,c6f400cade.jpg,0.8233121481401893,0.3417437
B2A,c6f871bb47.jpg,0.7964598075902013,0.47599435
B2A,c7043864d2.jpg,0.6373136768766366,0.594692
B2A,c72720ffb0.jpg,0.6121723201001855,0.51070213
B2A,c736950d4e.jpg,0.6949106340215103,0.4103549
B2A,c7380a0fa2.jpg,0.7344536052953474,0.3983842
B2A,c73d060b7f.jpg,0.9005298073240906,0.20400767
B2A,c7427a066e.jpg,0.8474331219715187,0.23699895
B2A,c74314fb5c.jpg,0.6115882760795588,0.32419866
B2A,c748dcc2c7.jpg,0.9353132915497492,0.297763
B2A,c74ae24a89.jpg,0.724168457698154,0.4615488
B2A,c7608e5539.jpg,0.593251542628126,0.35473818
B2A,c7622b657d.jpg,0.5280028883678001,0.84068143
B2A,c76acdaaa5.jpg,0.9534021700260524,0.29041755
B2A,c7736d8864.jpg,0.7892179042784354,0.29925177
B2A,c7736e2c50.jpg,0.806211590104066,0.27731138
B2A,c77ecc882a.jpg,0.8042053924527579,0.2949263
B2A,c78308fb1e.jpg,0.596023377378329,0.36011124
B2A,c7880ba0c2.jpg,0.6816351162618869,0.39236096
B2A,c788baf225.jpg,0.733295007571799,0.40760183
B2A,c78a6e867e.jpg,0.8014419975797968,0.15990496
B2A,c78bc2db57.jpg,0.83934818414746,0.36746326
B2A,c793220e43.jpg,0.8235817201454492,0.3075138
B2A,c7bf31ca58.jpg,0.6654472465766735,0.43849194
B2A,c7cc509a06.jpg,0.7351309233696957,0.5148905
B2A,c7d0dc1d10.jpg,0.5672948483912036,0.50133604
B2A,c7eaf9c07a.jpg,0.9218159604110563,0.28396583
B2A,c7f524e16e.jpg,0.6675950665611811,0.49499935
B2A,c7f9e63db6.jpg,0.8337226914263857,0.49713132
B2A,c80007786e.jpg,0.5352851571731351,0.7188272
B2A,c81299eae0.jpg,0.8000408694663808,0.37504667
B2A,c8185b191d.jpg,0.7217182068831525,0.30016488
B2A,c81b6373f2.jpg,0.6914338184526629,0.5290108
B2A,c81c856677.jpg,0.8164134416206893,0.35327777
B2A,c82080c8de.jpg,0.5703938633044419,0.48222172
B2A,c82b51e41e.jpg,0.6689184607064999,0.54732597
B2A,c840700a72.jpg,0.7758829267085038,0.17339365
B2A,c84627330d.jpg,0.8593011848635945,0.23388529
B2A,c84660744f.jpg,0.8141175925731977,0.4085262
B2A,c851e6f6e0.jpg,0.8469162382690836,0.22773144
B2A,c8549dd38b.jpg,0.6317675832057712,0.46477142
B2A,c86587b1e8.jpg,0.5931384990073502,0.5284698
B2A,c8694cefc7.jpg,0.8611671027797075,0.26773095
B2A,c86a62e6d2.jpg,0.8974262647288068,0.3572408
B2A,c86f9ec4f7.jpg,0.8222925785871865,0.3622042
B2A,c87264d97f.jpg,0.6032106937713285,0.5781398
B2A,c88254adbe.jpg,0.840026667644695,0.3577994
B2A,c882d8abac.jpg,0.7347067152935349,0.35771775
B2A,c8840a2e27.jpg,0.5653998267928797,0.5995331
B2A,c889794bf7.jpg,0.7668462309955263,0.2472183
B2A,c891a570bb.jpg,0.8904303189193938,0.21408944
B2A,c893f6e167.jpg,0.808987678655974,0.32720244
B2A,c898f3300d.jpg,0.763110218974283,0.29834893
B2A,c89c107b5b.jpg,0.7884557973524458,0.26277545
B2A,c8a8274cb3.jpg,0.8325479853838048,0.3056947
B2A,c8a9cfa14c.jpg,0.827067999394499,0.54790497
B2A,c8baedacff.jpg,0.8508837524625464,0.1889753
B2A,c8bd9caef0.jpg,0.8193856988694662,0.30942762
B2A,c8c45ad5f1.jpg,0.7834599161623759,0.48087466
B2A,c8cb8e85e7.jpg,0.7864087259505051,0.4851497
B2A,c8d05086f2.jpg,0.768075379464364,0.30423516
B2A,c8d6f98b20.jpg,0.8483481755195947,0.2132752
B2A,c8da3631bf.jpg,0.8018030583011911,0.2879794
B2A,c8ea1e9ef3.jpg,0.7018886687785372,0.47697055
B2A,c8ed12953b.jpg,0.634001605830967,0.42736873
B2A,c8f1b865ca.jpg,0.8104199281107772,0.42397892
B2A,c8f7e3f9ee.jpg,0.756384533936799,0.47684777
B2A,c9020a4441.jpg,0.6485010292842777,0.57992923
B2A,c90b0c1ad5.jpg,0.8535540608664612,0.18719773
B2A,c91473f497.jpg,0.7901489225645513,0.26386768
B2A,c91c752661.jpg,0.8875576982005037,0.18799007
B2A,c925172e83.jpg,0.8572710078620086,0.20796466
B2A,c9347e1e7b.jpg,0.9071296863478794,0.28484267
B2A,c936589fe5.jpg,0.7133958159563056,0.36711702
B2A,c9377ac739.jpg,0.7601523178180601,0.43037817
B2A,c943d77639.jpg,0.7167440705351792,0.3873353
B2A,c950a3f6af.jpg,0.6017722916902332,0.41398737
B2A,c9596992ba.jpg,0.911631791712257,0.26305857
B2A,c963de7b44.jpg,0.7306229887645795,0.42896625
B2A,c965459a49.jpg,0.7804655750736595,0.36805615
B2A,c9677c2983.jpg,0.6276697889043197,0.56163013
B2A,c96ca42d91.jpg,0.6473438205095919,0.60743874
B2A,c974562e36.jpg,0.9156753528788781,0.23943011
B2A,c97cfcba7e.jpg,0.6554392705005455,0.45480183
B2A,c9823e7ce1.jpg,0.7233458838865817,0.2800833
B2A,c983c41dd9.jpg,0.8672274618205723,0.21108814
B2A,c986b6924c.jpg,0.8880392629924426,0.3438334
B2A,c98a568b5d.jpg,0.6906609449118338,0.5571715
B2A,c9aea3d9d6.jpg,0.8789528712666376,0.24890651
B2A,c9afde6424.jpg,0.896866410240803,0.32198742
B2A,c9bca1b8ea.jpg,0.8348621563321473,0.27636227
B2A,c9bdf7e5df.jpg,0.635604450109871,0.50024045
B2A,c9c007ddc3.jpg,0.8222311236560222,0.41547772
B2A,c9c6d6eb3a.jpg,0.6619892016087229,0.36800048
B2A,c9cba4bd0e.jpg,0.7506237026147223,0.39443478
B2A,c9d20d84df.jpg,0.7337964360806057,0.28102124
B2A,c9d61587a2.jpg,0.9292034485046993,0.15898658
B2A,c9e242367f.jpg,0.9017805570077742,0.20340014
B2A,c9e589eb2d.jpg,0.8135862741921268,0.3300851
B2A,c9ff68f5a2.jpg,0.674621860322795,0.5123168
B2A,ca048034a1.jpg,0.5644164111454368,0.42729384
B2A,ca1c1e0ab4.jpg,0.6807297615127015,0.4152559
B2A,ca2d56ade5.jpg,0.8437783711879119,0.22628282
B2A,ca350be337.jpg,0.7001134383360847,0.51303023
B2A,ca386d38d2.jpg,0.8007649609230783,0.55667335
B2A,ca4170de40.jpg,0.8619913753745269,0.3003312
B2A,ca4a5b1d15.jpg,0.8777594364970827,0.39539364
B2A,ca6254d8af.jpg,0.8617540817532371,0.22087438
B2A,ca62c55ebe.jpg,0.7361035720909408,0.36486983
B2A,ca66e77e70.jpg,0.5849043242553492,0.23269573
B2A,ca6833900f.jpg,0.7849518339491818,0.27764913
B2A,ca772b116e.jpg,0.7225085618056984,0.36548412
B2A,ca7b9ae1dd.jpg,0.8656370223346942,0.36267555
B2A,ca7ef68a39.jpg,0.7897745628762844,0.28612593
B2A,ca989796e8.jpg,0.6829912535322081,0.37050143
B2A,caa1dcc886.jpg,0.8896605904204608,0.3202992
B2A,caa6d72fa5.jpg,0.6931986116448735,0.32111847
B2A,cac056399a.jpg,0.7829585331586704,0.4267121
B2A,cac112db80.jpg,0.7804379150157222,0.30421782
B2A,cacfe238bb.jpg,0.8008807651076731,0.24583268
B2A,cae6f0d5e8.jpg,0.8631971333580871,0.448851
B2A,caf18820a4.jpg,0.8816707088689106,0.11604844
B2A,cafbfecee1.jpg,0.7100614519477556,0.41413963
B2A,cafe98985e.jpg,0.9104953597046299,0.17834641
B2A,caff162d50.jpg,0.8957246703048346,0.22371016
B2A,cb07b1bb83.jpg,0.7878502227858545,0.41214073
B2A,cb09a699d1.jpg,0.7963927842981797,0.38740215
B2A,cb0fc9a127.jpg,0.6789802647756245,0.678745
B2A,cb15285d36.jpg,0.8659080590539344,0.2600667
B2A,cb165748bf.jpg,0.7361715500856558,0.43714297
B2A,cb324a9122.jpg,0.6312739896270515,0.49834126
B2A,cb4aa83692.jpg,0.8453707143685232,0.2567496
B2A,cb706347dd.jpg,0.8085645936763058,0.33004552
B2A,cb767cd641.jpg,0.7411310464298139,0.483012
B2A,cb845e6db5.jpg,0.864558072762741,0.2876324
B2A,cb88754eed.jpg,0.88285437148997,0.21163432
B2A,cb91ecbdda.jpg,0.7610820583495376,0.48916137
B2A,cb9d6af792.jpg,0.8874668926546462,0.28558573
B2A,cb9dbaeffd.jpg,0.7475366807408239,0.35601485
B2A,cba38c093b.jpg,0.8537129313942186,0.34394276
B2A,cbafaf9b74.jpg,0.8461444590955424,0.30683622
B2A,cbb6e14382.jpg,0.9134631457837591,0.21132001
B2A,cbc4a88c49.jpg,0.92376098453073,0.19556054
B2A,cbca2560a2.jpg,0.660389946858385,0.28710508
B2A,cbca377969.jpg,0.7323289296431819,0.37228954
B2A,cbcc092607.jpg,0.8296014579035332,0.36765018
B2A,cbd686ea00.jpg,0.7093606718801508,0.41591668
B2A,cbdd08a030.jpg,0.916388433143885,0.2041752
B2A,cbddae001d.jpg,0.7339179376516509,0.39177483
B2A,cbf582621e.jpg,0.7325636836321524,0.42220718
B2A,cbf635d566.jpg,0.8232113995085965,0.41177177
B2A,cbfb794656.jpg,0.7584958367891096,0.34804273
B2A,cc03a70f14.jpg,0.8493987989756842,0.2326949
B2A,cc0a0dab48.jpg,0.7156371540184586,0.45017183
B2A,cc27c5fa12.jpg,0.49880157923764906,0.44380295
B2A,cc37cc11a3.jpg,0.7284130317495694,0.4039139
B2A,cc397c87b0.jpg,0.9014237529557374,0.31032607
B2A,cc3d775c49.jpg,0.9135966410352963,0.1669097
B2A,cc46b14bbf.jpg,0.817636301364159,0.23887762
B2A,cc47cfe509.jpg,0.7404717421599768,0.4762351
B2A,cc48975f1d.jpg,0.8942692587115509,0.29456845
B2A,cc4e40864c.jpg,0.8948798105176387,0.31199932
B2A,cc5078a63b.jpg,0.7356745430683674,0.67182064
B2A,cc57246e94.jpg,0.7505320046684109,0.5730113
B2A,cc5ba51fab.jpg,0.8853111240534987,0.35895237
B2A,cc5fa7dcc6.jpg,0.6486811973562396,0.4947929
B2A,cc700e2ff5.jpg,0.6346231604793734,0.6384252
B2A,cc701e6899.jpg,0.8789536332920018,0.32361978
B2A,cc74028fc2.jpg,0.6555376492532903,0.41171864
B2A,cc79011331.jpg,0.8156846536913185,0.25056213
B2A,cc85351248.jpg,0.858561609771909,0.23122126
B2A,cc8ce9bce8.jpg,0.7567717081053068,0.38944706
B2A,cc8ea5c3ef.jpg,0.9387097117546934,0.23499857
B2A,cc9c7d2ee1.jpg,0.7553972868905243,0.37915832
B2A,cca944dbaa.jpg,0.7641090301533308,0.29925886
B2A,ccac22a865.jpg,0.6870270875713528,0.44813752
B2A,ccb1c281ea.jpg,0.8077236680410429,0.35550857
B2A,ccdae48f44.jpg,0.6847025965331719,0.33218807
B2A,ccdb51d513.jpg,0.7009037968611472,0.28248337
B2A,cce7dc8ab2.jpg,0.868554350231271,0.19312078
B2A,cceb177f89.jpg,0.8743309183640823,0.186481
B2A,ccf03e66bc.jpg,0.6987437553517141,0.49557206
B2A,ccf1814c56.jpg,0.8267619628970262,0.3157484
B2A,cd002af052.jpg,0.6380909480259244,0.5131729
B2A,cd002f704d.jpg,0.8012594041482275,0.37371716
B2A,cd06750eef.jpg,0.8813802863832222,0.26193675
B2A,cd06b978fe.jpg,0.901125485772795,0.25407305
B2A,cd093d4318.jpg,0.691671853083974,0.580936
B2A,cd0952c111.jpg,0.9228811593749757,0.24445446
B2A,cd1cb040fe.jpg,0.8108058807793117,0.584231
B2A,cd303186fb.jpg,0.53078128117989,0.66877276
B2A,cd34097029.jpg,0.6956610850242904,0.50517225
B2A,cd396d99a3.jpg,0.8332467645212401,0.3448111
B2A,cd3feb1181.jpg,0.6339561012741017,0.5629813
B2A,cd5d08f5be.jpg,0.7428587092561838,0.39173397
B2A,cd5e26b488.jpg,0.8580464987392303,0.32291195
B2A,cd697d2806.jpg,0.8820125535191911,0.2528967
B2A,cd6ebe93ba.jpg,0.7820000299677577,0.34130663
B2A,cd7c6b3be6.jpg,0.9108647236508755,0.24750024
B2A,cd805dd2c1.jpg,0.8567426874150873,0.39860922
B2A,cd813194f8.jpg,0.6909387492570954,0.55013824
B2A,cd8869c459.jpg,0.695621861746151,0.32383734
B2A,cd8f124bd5.jpg,0.8021979316924678,0.29556322
B2A,cd909a57e7.jpg,0.6714367022360952,0.5078018
B2A,cd91b78ba2.jpg,0.7631614648330899,0.28312153
B2A,cd9d87bc3d.jpg,0.6429358502242607,0.34550744
B2A,cdb10fd47a.jpg,0.7244998506398093,0.4969676
B2A,cdb621d29d.jpg,0.7377432229657758,0.30138317
B2A,cdd0aedc77.jpg,0.7737032239119875,0.47966808
B2A,cddb43b9e7.jpg,0.7521146377973504,0.49599022
B2A,cddc890db6.jpg,0.7261562205381499,0.51081425
B2A,cde8917c39.jpg,0.8135580258270592,0.3321276
B2A,ce09815c9c.jpg,0.6951827872200703,0.5180951
B2A,ce107a12eb.jpg,0.8740093788659173,0.31951293
B2A,ce15456147.jpg,0.73580732568203,0.50873834
B2A,ce1740b144.jpg,0.7574002589272582,0.18414633
B2A,ce18e0a0f5.jpg,0.8494457213994759,0.46219805
B2A,ce2918591f.jpg,0.8125355939770372,0.2371315
B2A,ce2a521382.jpg,0.6558892426223686,0.36011413
B2A,ce4521380b.jpg,0.702054908398322,0.6962989
B2A,ce4868171a.jpg,0.5263182840180842,0.5681779
B2A,ce4c59ff3a.jpg,0.8712001165470229,0.25939178
B2A,ce55094dff.jpg,0.6493709944486872,0.5796256
B2A,ce56788f42.jpg,0.8526784252708843,0.24988197
B2A,ce5ac8d0da.jpg,0.8407049925648997,0.27823648
B2A,ce5b830de2.jpg,0.8986940049860449,0.1773403
B2A,ce5d913383.jpg,0.6794377692516189,0.47520903
B2A,ce6578f48a.jpg,0.9042795501264056,0.22744611
B2A,ce7a05feca.jpg,0.756221468999868,0.39629418
B2A,ce83fda480.jpg,0.8087392796370556,0.3746671
B2A,ce9872420a.jpg,0.596931529451092,0.57943857
B2A,ce9998c68f.jpg,0.6734216956351204,0.3796028
B2A,cec03efc5b.jpg,0.7221077481005015,0.495669
B2A,cec134e6c0.jpg,0.8679609114179857,0.25416657
B2A,ceca1f8fa9.jpg,0.5929784530871424,0.43704432
B2A,ced29e1b27.jpg,0.8940009619409469,0.15665248
B2A,ceed1c7fc6.jpg,0.9130552358630315,0.18128748
B2A,cefe679fa9.jpg,0.7097592115486429,0.24471389
B2A,cf019642a5.jpg,0.8464448432486423,0.31233573
B2A,cf02f9afe4.jpg,0.749454473342481,0.36722004
B2A,cf137a4d6f.jpg,0.9096715601440354,0.19955403
B2A,cf1d695996.jpg,0.8441483438842861,0.33823147
B2A,cf32b9f4e9.jpg,0.7300720519263378,0.46929333
B2A,cf36c56c38.jpg,0.6946749381267024,0.45592636
B2A,cf38193966.jpg,0.8528770815813986,0.2135771
B2A,cf46e070e9.jpg,0.9447023377411624,0.3440044
B2A,cf476a1333.jpg,0.6791169729351666,0.514628
B2A,cf510d8083.jpg,0.7536270393850303,0.5202832
B2A,cf5d68fd72.jpg,0.6991137446605575,0.3526315
B2A,cf6530e446.jpg,0.6722833270819384,0.485
B2A,cf6742d301.jpg,0.6362800337402225,0.5334715
B2A,cf8e66be82.jpg,0.9006407650098757,0.20624222
B2A,cfb3b9881d.jpg,0.6017418934835734,0.52140796
B2A,cfbca208c3.jpg,0.7523437700629896,0.38689342
B2A,cfbcd9372b.jpg,0.8794788090376613,0.27233303
B2A,cfc2bf0c47.jpg,0.7715037370103123,0.5643141
B2A,cfc6d4340f.jpg,0.5165942159554332,0.79628384
B2A,cfd44c64b5.jpg,0.87581796179424,0.21664672
B2A,cfdaa19397.jpg,0.9201964022421553,0.20033379
B2A,cfe8899a0a.jpg,0.8992345649553551,0.29213214
B2A,cff53a63a5.jpg,0.7644278319486871,0.39527243
B2A,d003814d0e.jpg,0.8303774673181165,0.35366485
B2A,d00da2c9a6.jpg,0.7403819693596695,0.21179987
B2A,d01c505d6c.jpg,0.7391028909797437,0.5164234
B2A,d01ee012a8.jpg,0.670927735545551,0.29721403
B2A,d03cc29634.jpg,0.8551570409549634,0.29872742
B2A,d03eda30db.jpg,0.735515157557633,0.3584472
B2A,d053572af4.jpg,0.8795973389661563,0.31522283
B2A,d05f7b46c4.jpg,0.6080392499529322,0.5577341
B2A,d0765946b2.jpg,0.8317040563924752,0.27862167
B2A,d08cb8e751.jpg,0.7870000837144416,0.38381675
B2A,d09ad65e9a.jpg,0.6804735193239816,0.56161964
B2A,d0a1eed9dd.jpg,0.8431448140953212,0.29579335
B2A,d0b792d050.jpg,0.8489961551660554,0.32327306
B2A,d0be1cb49b.jpg,0.7714506987945363,0.29313722
B2A,d0bf5f6a79.jpg,0.8602332062131666,0.36250767
B2A,d0c2bf5ee4.jpg,0.7567678822829674,0.35878456
B2A,d0c5001014.jpg,0.9248798122217677,0.21553478
B2A,d0cb3e02c5.jpg,0.8809318970571198,0.20174149
B2A,d0de1d07ab.jpg,0.824680352989045,0.35197112
B2A,d0e02b3cca.jpg,0.7291844184080652,0.46998742
B2A,d0e5067af3.jpg,0.8192182658032146,0.39276254
B2A,d0eda9c6a2.jpg,0.7441744567335096,0.4193654
B2A,d0f878cc17.jpg,0.5911280604464867,0.5362553
B2A,d0ff4dbd71.jpg,0.7260717217025823,0.61976933
B2A,d1015b409e.jpg,0.6538591836442018,0.5961031
B2A,d104600dfb.jpg,0.8143994136469042,0.39882565
B2A,d12a49b5f4.jpg,0.866528398289035,0.22408918
B2A,d1340eb9e0.jpg,0.8077472621273467,0.39827323
B2A,d14363b745.jpg,0.8036502291791087,0.37121487
B2A,d146966f14.jpg,0.8312636979911089,0.27081382
B2A,d161e72471.jpg,0.7388751861967654,0.32383794
B2A,d169a63b7f.jpg,0.8440831349044183,0.3154006
B2A,d17d89d337.jpg,0.7537053069871781,0.4339161
B2A,d1879069e7.jpg,0.6815797885637502,0.49854895
B2A,d188b93438.jpg,0.7470430068983804,0.37462977
B2A,d188df6a22.jpg,0.4962823220066273,0.63998634
B2A,d1893ab238.jpg,0.8305761733325813,0.28164306
B2A,d1a661c8da.jpg,0.8180774878987133,0.23106912
B2A,d1a6cb893d.jpg,0.6270659659159112,0.7515214
B2A,d1ad00d90c.jpg,0.6490886022169698,0.53258973
B2A,d1e043b730.jpg,0.8610576685833956,0.26753515
B2A,d1e060bfb6.jpg,0.9022413765241499,0.21779636
B2A,d1e18d7e5b.jpg,0.49566866861169967,0.4846753
B2A,d1e6fbffd7.jpg,0.7843576598475656,0.3810125
B2A,d1f62310c3.jpg,0.7908349675988084,0.29641128
B2A,d225c560e6.jpg,0.8344170879824332,0.28198618
B2A,d246393b8c.jpg,0.701329947459284,0.4639535
B2A,d279169f0b.jpg,0.8396462077672555,0.38314486
B2A,d27b1e3c9b.jpg,0.8648928154029203,0.29309413
B2A,d2b5bc2fec.jpg,0.7799929464456865,0.38967732
B2A,d2c6728caf.jpg,0.8226691272413282,0.47777465
B2A,d2d4d23be2.jpg,0.8806756303986923,0.41501024
B2A,d2db5c1d58.jpg,0.7603577564282009,0.5941628
B2A,d2e17623a7.jpg,0.49787462701412044,0.50002754
B2A,d2e6f685fd.jpg,0.7310568080615867,0.4505882
B2A,d2e84b4d1e.jpg,0.7014504981258124,0.49579948
B2A,d2fc2edddc.jpg,0.8746966637296799,0.3004964
B2A,d314454c0e.jpg,0.9309583413337271,0.18133895
B2A,d314628676.jpg,0.8526692323024266,0.40770483
B2A,d3154830df.jpg,0.8698121118693886,0.3938553
B2A,d31a8ff3a5.jpg,0.7963272943176656,0.25883615
B2A,d32205861f.jpg,0.8039006577119904,0.36615178
B2A,d3269848d4.jpg,0.8728964479788666,0.3270502
B2A,d3284f750d.jpg,0.7640954844982621,0.33999586
B2A,d32eb0c36c.jpg,0.851917468889865,0.32887864
B2A,d32ed2129f.jpg,0.8554223174387544,0.17169893
B2A,d33072a436.jpg,0.741938928795132,0.53600365
B2A,d336c14238.jpg,0.8909921369402173,0.19235577
B2A,d3394edae8.jpg,0.7809420098902539,0.36481568
B2A,d33f9a1542.jpg,0.822705536596526,0.2605844
B2A,d35ae2cbae.jpg,0.7727957013957273,0.5392905
B2A,d35bc5d14a.jpg,0.8001909782218875,0.49490875
B2A,d3650f6c75.jpg,0.8939991791784604,0.27756512
B2A,d3703e6c9e.jpg,0.8775535181863681,0.19007206
B2A,d37045ad87.jpg,0.7036373380382811,0.37039277
B2A,d37e5269d1.jpg,0.9697406201833958,0.18791294
B2A,d38aea73cd.jpg,0.7945217415785977,0.3241362
B2A,d38b20fe5c.jpg,0.6840805649999582,0.5768029
B2A,d3930d44de.jpg,0.552976595347713,0.7149851
B2A,d3957c616c.jpg,0.6374675066188021,0.39588717
B2A,d39869db76.jpg,0.80887370330762,0.34030917
B2A,d3a25f9804.jpg,0.6570585567156818,0.4096759
B2A,d3aab5add0.jpg,0.8866830730829661,0.29382172
B2A,d3b6567912.jpg,0.8221364560991379,0.4578357
B2A,d3c463dd3b.jpg,0.7490937412039627,0.43277454
B2A,d3c57387ec.jpg,0.49893318260146285,0.48466715
B2A,d3f0e309e0.jpg,0.8944687475258578,0.22076607
B2A,d3f0f026a8.jpg,0.585071433503569,0.49536848
B2A,d3f2a0bb2c.jpg,0.7402391963375923,0.2785445
B2A,d3f454681f.jpg,0.8208346462349045,0.3491931
B2A,d3f696828f.jpg,0.78427978271212,0.32413605
B2A,d3ff9bca9e.jpg,0.6370005000636523,0.3160014
B2A,d415017bc2.jpg,0.8198336551551508,0.39168143
B2A,d418ba98f8.jpg,0.7021571398546701,0.5463001
B2A,d41cc915ff.jpg,0.8755197413098984,0.41749978
B2A,d42372229a.jpg,0.7186235012917115,0.4199394
B2A,d42f03cd81.jpg,0.7921959596271482,0.3758108
B2A,d42f6d7652.jpg,0.8765531408880138,0.3856359
B2A,d4471a4a4e.jpg,0.6747487952987072,0.5694141
B2A,d44857998f.jpg,0.8396172346081183,0.46681803
B2A,d4689bd3d9.jpg,0.8662503364917741,0.25920194
B2A,d47b4da779.jpg,0.835423499843008,0.32771894
B2A,d4844e2dad.jpg,0.8222382322167961,0.2902614
B2A,d48a2d6bfd.jpg,0.8566142203686944,0.211427
B2A,d48b8bf03a.jpg,0.7942830037153461,0.68177295
B2A,d492ae08d5.jpg,0.9285596365550911,0.47580484
B2A,d498591082.jpg,0.7921317128296288,0.4251194
B2A,d4a71919e4.jpg,0.7733383343375482,0.561812
B2A,d4bb813fdc.jpg,0.8625537480382104,0.29646915
B2A,d4c215c09e.jpg,0.8262837966626497,0.3310665
B2A,d4c2eb38da.jpg,0.5177861041993779,0.66244936
B2A,d4cbd9c9b0.jpg,0.8531032274168927,0.5451024
B2A,d4cdb47bdf.jpg,0.6980386114638206,0.33138853
B2A,d4ce5e251f.jpg,0.8522404512623234,0.15793961
B2A,d4d578acf5.jpg,0.66121412432484,0.28631133
B2A,d4dbddb77b.jpg,0.8458899788277874,0.21796143
B2A,d4de7602c5.jpg,0.8720915378916595,0.2376076
B2A,d4dee83e40.jpg,0.8646473253985256,0.3080969
B2A,d4e9f0b0ce.jpg,0.885292158668059,0.18567191
B2A,d4f60f4701.jpg,0.6095156117553113,0.55041516
B2A,d4f9dfa248.jpg,0.8795933127938101,0.23587705
B2A,d509c85ae9.jpg,0.8296553262026778,0.20555653
B2A,d5111e3439.jpg,0.8920109795844208,0.23233011
B2A,d52dea5485.jpg,0.8897170947071078,0.22077323
B2A,d532d31ce9.jpg,0.7056907436864486,0.36929432
B2A,d53b1a61cc.jpg,0.8219604405276213,0.32804832
B2A,d53c1a6896.jpg,0.799182305717561,0.49540675
B2A,d53c658d5d.jpg,0.8493552201555566,0.1871118
B2A,d549b4831b.jpg,0.8946932048252845,0.26462704
B2A,d5568c935b.jpg,0.8455018631529886,0.29386675
B2A,d565375662.jpg,0.6467380083431792,0.27950174
B2A,d5672156cb.jpg,0.7274314375740095,0.39448524
B2A,d5687d4334.jpg,0.4878653894311009,0.62492406
B2A,d573bdf312.jpg,0.9112205019406524,0.34389222
B2A,d587e73d3c.jpg,0.5290064055115556,0.31295067
B2A,d58ae30774.jpg,0.5640478794333484,0.34752256
B2A,d59e1972e6.jpg,0.650208199045212,0.3894747
B2A,d5a509f069.jpg,0.5369006466695371,0.5030741
B2A,d5a787ca7f.jpg,0.869556210228467,0.3174304
B2A,d5bdd46e8e.jpg,0.666602895641273,0.27482373
B2A,d5c5f591ab.jpg,0.6830446508760301,0.47954658
B2A,d5c7781f64.jpg,0.7825191504390064,0.30969268
B2A,d5d2fad470.jpg,0.8498542134786448,0.2906217
B2A,d5d5790444.jpg,0.8855091822636263,0.2175084
B2A,d5d6b091be.jpg,0.8300774577516559,0.34135845
B2A,d5df90dea4.jpg,0.9183507801170752,0.27526566
B2A,d5f266c340.jpg,0.670227268432224,0.6693535
B2A,d5f3633c07.jpg,0.8043879904080565,0.32349256
B2A,d5fa8c4e07.jpg,0.8432351885280099,0.47490108
B2A,d5fd16b1ae.jpg,0.82609760675401,0.35495916
B2A,d604fa140f.jpg,0.6764732448504089,0.67929846
B2A,d6086a2b97.jpg,0.8684702193916659,0.25222522
B2A,d615a2ad47.jpg,0.7722222973243409,0.1926252
B2A,d62a9671f5.jpg,0.7513755282491239,0.19046728
B2A,d62e9d07dd.jpg,0.7974269386826518,0.4756233
B2A,d62eeaccb0.jpg,0.9458708969638286,0.24119197
B2A,d63d194a4d.jpg,0.7001146158629378,0.67371607
B2A,d64608c4e4.jpg,0.6042525989698587,0.44390985
B2A,d6485b0368.jpg,0.8666449692559831,0.25792065
B2A,d665568cdf.jpg,0.8391013890112606,0.42916363
B2A,d6711262bf.jpg,0.8232074360971557,0.2852459
B2A,d696cf4eaf.jpg,0.8362360051362658,0.35978103
B2A,d6970035e5.jpg,0.6828883904917125,0.17690136
B2A,d6a2175011.jpg,0.7922496758207815,0.3312537
B2A,d6a72784ba.jpg,0.7165365003376577,0.5413835
B2A,d6ae4d6c30.jpg,0.701668887706078,0.41211665
B2A,d6b0733797.jpg,0.8880432954488353,0.3374511
B2A,d6c5343b4f.jpg,0.9371226640021081,0.29477382
B2A,d6d5bf2fc2.jpg,0.7885232485837034,0.4044794
B2A,d6d97e039e.jpg,0.6001535161880153,0.57130635
B2A,d6da10b7f5.jpg,0.8431385082902032,0.3276097
B2A,d6dcf25188.jpg,0.8306204926960523,0.21695147
B2A,d6e30ab5d6.jpg,0.8462200426859001,0.270894
B2A,d6ec137527.jpg,0.8353629468064825,0.21714383
B2A,d6ffd07557.jpg,0.6989861248353233,0.34542012
B2A,d710d55142.jpg,0.9122983053230336,0.28232017
B2A,d711d39160.jpg,0.7364099191721444,0.40315592
B2A,d725fc1f6c.jpg,0.8061674385869161,0.4038043
B2A,d735b2e3ba.jpg,0.7620710137713514,0.41320693
B2A,d73677d70a.jpg,0.8725675900630172,0.39264125
B2A,d74102274f.jpg,0.6836591086683033,0.5972133
B2A,d744753df3.jpg,0.9293929782940663,0.26501
B2A,d750bc223e.jpg,0.8065104837047524,0.46386933
B2A,d768b070fb.jpg,0.6092053621018313,0.55699563
B2A,d76a286580.jpg,0.7811378610065967,0.32698584
B2A,d77588d82a.jpg,0.7565378896437086,0.25540483
B2A,d780fc984e.jpg,0.8688024586184383,0.53490424
B2A,d782a6d8c3.jpg,0.9078113073163565,0.19518068
B2A,d782a9909e.jpg,0.590825722706828,0.5886534
B2A,d7931ef243.jpg,0.8734575707117579,0.280252
B2A,d796721fb5.jpg,0.7799576046501261,0.27832898
B2A,d7a476f83c.jpg,0.7585414892947849,0.4453728
B2A,d7a5cd28b6.jpg,0.7956145556662979,0.43940538
B2A,d7a7a0f511.jpg,0.8058230126562684,0.44544455
B2A,d7a88b2a80.jpg,0.662064608639796,0.35796347
B2A,d7aba83758.jpg,0.817024008013259,0.19893616
B2A,d7b0822c4d.jpg,0.7280057783362455,0.37899983
B2A,d7ba967556.jpg,0.869594340995711,0.2913988
B2A,d7c80f2f1c.jpg,0.7249745778007651,0.3972705
B2A,d7d2dcd8cb.jpg,0.7918940544248516,0.22774743
B2A,d7db542422.jpg,0.8052723648692088,0.39695847
B2A,d7e12eb311.jpg,0.5649006007811439,0.48001584
B2A,d7e1b8775d.jpg,0.7900980528238069,0.3113441
B2A,d7e64f3b75.jpg,0.6749259622015927,0.56872064
B2A,d7e948b103.jpg,0.8852819041813917,0.2790396
B2A,d7f0767146.jpg,0.8404500561727782,0.20050576
B2A,d7f614f501.jpg,0.8479384109869196,0.35166985
B2A,d7f98bd210.jpg,0.6673506937349621,0.46088472
B2A,d7fa7571fb.jpg,0.9064878801423775,0.22578596
B2A,d7faed0983.jpg,0.8861867776121959,0.2063413
B2A,d7fe5c1813.jpg,0.8241454562864934,0.37280867
B2A,d8071daab5.jpg,0.8617313956528009,0.23689513
B2A,d80d4c93de.jpg,0.6979058434743052,0.48410568
B2A,d8203958e4.jpg,0.9205504839145253,0.23646975
B2A,d828712765.jpg,0.7210651016655917,0.36997393
B2A,d829b461da.jpg,0.9349006221457398,0.18645391
B2A,d8352d8b46.jpg,0.825879766667199,0.26320598
B2A,d83783faee.jpg,0.8824954004344575,0.2475411
B2A,d83b284745.jpg,0.8360570584538531,0.33121532
B2A,d84246da4d.jpg,0.8478912059231469,0.19576252
B2A,d842c67749.jpg,0.7698907305388951,0.5566441
B2A,d84eb83137.jpg,0.6187302544791808,0.321522
B2A,d8520bbf71.jpg,0.717007810508476,0.6524231
B2A,d860d82c66.jpg,0.6174446290104985,0.43252903
B2A,d86bcf2cb1.jpg,0.7407513194291716,0.63212526
B2A,d871a0f7d6.jpg,0.6561298941984147,0.39241248
B2A,d8733f7b37.jpg,0.8282010643853259,0.3636542
B2A,d88df3e4db.jpg,0.8082453725491208,0.33955443
B2A,d896bafc3a.jpg,0.6917853821551854,0.45484555
B2A,d8a5d84b9c.jpg,0.783836655032924,0.41905
B2A,d8a82e544c.jpg,0.843211310800905,0.5242034
B2A,d8b5422831.jpg,0.6635040898846182,0.49912494
B2A,d8b89867b7.jpg,0.6174131710230003,0.53073686
B2A,d8e591ee2c.jpg,0.8204843028341949,0.21579261
B2A,d8f841bc79.jpg,0.7561715051766617,0.4504132
B2A,d8fbe8e68c.jpg,0.7949652606611723,0.39418846
B2A,d9081260de.jpg,0.7536213291914414,0.45954406
B2A,d90bdfc690.jpg,0.7130180648748924,0.54288554
B2A,d910783d61.jpg,0.6467868571459691,0.4753291
B2A,d91c1034e5.jpg,0.9006489506224875,0.28183147
B2A,d91c9eba83.jpg,0.9150033425263862,0.47059718
B2A,d9213433cf.jpg,0.8058219161134857,0.397235
B2A,d925ef5aff.jpg,0.5725568085868057,0.581169
B2A,d926f81b43.jpg,0.8647511999347213,0.21547338
B2A,d939c19419.jpg,0.9064816077477248,0.19823484
B2A,d93e5f8eb7.jpg,0.7950257021879812,0.51660955
B2A,d93e6be372.jpg,0.9370257004210965,0.22822733
B2A,d94541fa5b.jpg,0.9238977012804523,0.27430812
B2A,d94766bf33.jpg,0.5993571236457967,0.4792366
B2A,d9543c27a3.jpg,0.7389286941923309,0.2543019
B2A,d9553c2962.jpg,0.895628356777774,0.24412669
B2A,d95ef93115.jpg,0.8893792758916867,0.27435794
B2A,d961320e9a.jpg,0.7583323432454558,0.3778251
B2A,d9625e6971.jpg,0.8418128162601005,0.30034336
B2A,d9673840a1.jpg,0.6214529340013357,0.55955154
B2A,d96e82c6f6.jpg,0.9169064871626925,0.18580182
B2A,d971072ac0.jpg,0.8464789666847395,0.20110929
B2A,d97bbd8692.jpg,0.7202547353801481,0.40509298
B2A,d97f10bdd5.jpg,0.7557050402505138,0.30912167
B2A,d993fbb271.jpg,0.8224902056328024,0.1355447
B2A,d997322544.jpg,0.9032861195963351,0.23431334
B2A,d99ae9a1ca.jpg,0.720133584306988,0.5219725
B2A,d9a87c0d5d.jpg,0.7637335492218991,0.45184162
B2A,d9bbbafa03.jpg,0.7978786465912509,0.45770806
B2A,d9c29a7cbf.jpg,0.9421820162452192,0.26257285
B2A,d9c5c047d2.jpg,0.8878613328802328,0.23938766
B2A,d9c9f0392c.jpg,0.7858032573177227,0.34920606
B2A,d9cbda5356.jpg,0.8241863366609485,0.28397924
B2A,d9da605ace.jpg,0.6667281081532266,0.48310232
B2A,d9e227f734.jpg,0.727213103899753,0.41204
B2A,d9e879879a.jpg,0.7194311037818514,0.4252388
B2A,da02be50b3.jpg,0.7023918874395612,0.3659658
B2A,da0471dd85.jpg,0.579134026340484,0.72694945
B2A,da10c654ce.jpg,0.8914011015076948,0.24698141
B2A,da2691d719.jpg,0.8506499312583912,0.40299934
B2A,da28b99645.jpg,0.7650417610653418,0.29452848
B2A,da342ea116.jpg,0.9010069657856633,0.24925125
B2A,da392927b1.jpg,0.8744066082490597,0.25582904
B2A,da3b4dd28e.jpg,0.5709746359892158,0.5811515
B2A,da3bac3250.jpg,0.7006247760971079,0.32709795
B2A,da53718103.jpg,0.7164584520713391,0.50178593
B2A,da6c915502.jpg,0.7498709393304084,0.34538254
B2A,da6d4d9ea2.jpg,0.9151825994071535,0.239134
B2A,da86565952.jpg,0.6087407984477404,0.53917104
B2A,da920bf4bc.jpg,0.7540663118921577,0.43747497
B2A,daa4352f54.jpg,0.7375317607884109,0.5172528
B2A,daa8fa4579.jpg,0.7778799277752015,0.3346652
B2A,dabaad16e8.jpg,0.6335668416634341,0.44124654
B2A,dabaf0f8aa.jpg,0.825500950446736,0.32562804
B2A,dabcf502f4.jpg,0.5436802025215394,0.6672958
B2A,dac8b251fd.jpg,0.7635893414894256,0.3419165
B2A,dae46a168b.jpg,0.901548572262763,0.24473235
B2A,dae9ee7a11.jpg,0.5155565913911689,0.5156305
B2A,daee416ffe.jpg,0.8596769894658761,0.31851605
B2A,daf0f4bdc1.jpg,0.8385916280081488,0.25479284
B2A,dafda5c17a.jpg,0.5971993252549909,0.52425617
B2A,db00979196.jpg,0.851328084753137,0.22291948
B2A,db052e5241.jpg,0.9124121900740212,0.28082913
B2A,db0d9fdaec.jpg,0.7270753576054699,0.30088645
B2A,db0ecb48c4.jpg,0.8138930192666977,0.3694177
B2A,db14eba4e1.jpg,0.8206930335381477,0.3100903
B2A,db18f28537.jpg,0.8201779922656453,0.3089582
B2A,db1f18b059.jpg,0.827831504318761,0.30607188
B2A,db2b40dd94.jpg,0.7194888511131641,0.42539665
B2A,db2e0f3cdf.jpg,0.7556995005063724,0.36872303
B2A,db4fd99e56.jpg,0.8522622407727348,0.24050933
B2A,db58221d78.jpg,0.8830662562470222,0.34152532
B2A,db59f96bfc.jpg,0.8722974389750292,0.33957246
B2A,db70823e2b.jpg,0.8473679933076168,0.30947676
B2A,db7fd38aa5.jpg,0.6568497891970003,0.31250948
B2A,db86c73152.jpg,0.8854402744931794,0.22775808
B2A,db9cfcd293.jpg,0.6611392284876524,0.38053644
B2A,dba404b1bd.jpg,0.5129576691460701,0.39274773
B2A,dbba4e41d0.jpg,0.7923896253392904,0.41510722
B2A,dbbe9bbb8e.jpg,0.8983628518973414,0.1451896
B2A,dbbed3a8c7.jpg,0.7396333645221498,0.3833436
B2A,dbbfe0e846.jpg,0.7840292306991882,0.40227902
B2A,dbc0d26415.jpg,0.8451190466109033,0.32254124
B2A,dbc5daad12.jpg,0.6690423959521281,0.5576705
B2A,dbd3bf1236.jpg,0.8993784826351904,0.30799153
B2A,dbef8e6c0a.jpg,0.8939471109984488,0.25304693
B2A,dbf9e7be99.jpg,0.829713838014615,0.3746988
B2A,dc0f97a1aa.jpg,0.7937877472857101,0.33103862
B2A,dc121d7f9b.jpg,0.796464072232574,0.5741058
B2A,dc258c8a0b.jpg,0.7998139371808086,0.2620078
B2A,dc26513fe8.jpg,0.7005153205529077,0.44647053
B2A,dc2abc2e66.jpg,0.8071818525634887,0.3354186
B2A,dc307002d2.jpg,0.6794744084384496,0.46944368
B2A,dc549bebc4.jpg,0.6090867566650244,0.42827886
B2A,dc5829408f.jpg,0.7935163385415214,0.56328833
B2A,dc5f1c23a0.jpg,0.8741279648802334,0.2722293
B2A,dc629cae14.jpg,0.9142672233791233,0.27256358
B2A,dc631c9b2a.jpg,0.9266426516598524,0.21214125
B2A,dc74902b39.jpg,0.695332494961497,0.42652065
B2A,dc8a5d64eb.jpg,0.6750065761117384,0.36454853
B2A,dc8b552cc5.jpg,0.8468589981429876,0.2894212
B2A,dc938fd3f7.jpg,0.7785001847898055,0.37291944
B2A,dc98f07caf.jpg,0.9198981919461718,0.23837039
B2A,dc9943d9eb.jpg,0.6605009929922332,0.43892533
B2A,dc9d581332.jpg,0.6506362556726296,0.46095085
B2A,dca4c17096.jpg,0.626090988322994,0.35767657
B2A,dcbdd75640.jpg,0.8626356419617768,0.27072132
B2A,dcca4f8bb6.jpg,0.8636033706660109,0.1931993
B2A,dccb6e42ee.jpg,0.5081855458922413,0.5272642
B2A,dce963b80b.jpg,0.752540076747067,0.42154956
B2A,dcf4c2cbb1.jpg,0.6511363406414276,0.39102298
B2A,dcfa634264.jpg,0.8510330728682431,0.26121926
B2A,dd036adfe5.jpg,0.8000460580346312,0.31763077
B2A,dd232bb32f.jpg,0.8181874576235321,0.21908866
B2A,dd26e604b1.jpg,0.699871784922316,0.5084119
B2A,dd2a4f5af6.jpg,0.8041976473158001,0.25147688
B2A,dd59da4b8e.jpg,0.8726494454257803,0.30785775
B2A,dd6a426ccb.jpg,0.7811308905205296,0.21073712
B2A,dd80a0ae1c.jpg,0.8642235557766789,0.35154113
B2A,dd8cf7b53e.jpg,0.7350954205483059,0.37133718
B2A,dd98d8bda5.jpg,0.8427328247459756,0.29639643
B2A,dda084c63b.jpg,0.7310250810383913,0.54312277
B2A,ddb1124c29.jpg,0.8686840861146009,0.18699807
B2A,ddb17e566c.jpg,0.6981948869521044,0.5249909
B2A,ddb386ce3e.jpg,0.7583538842906618,0.42354113
B2A,ddb8baf94a.jpg,0.7573930286319652,0.47288793
B2A,ddc08a0803.jpg,0.8871621192400848,0.31042978
B2A,ddc5ea8270.jpg,0.771538121377849,0.31361803
B2A,ddd674f433.jpg,0.7648884782918429,0.36735934
B2A,dde4567678.jpg,0.8597420184551215,0.19108509
B2A,de010cbbc2.jpg,0.7781212430766852,0.36820444
B2A,de059c7bbf.jpg,0.9157352577621104,0.18912232
B2A,de05b6bb2f.jpg,0.8451199372488204,0.20561446
B2A,de10876989.jpg,0.6982981946631842,0.37685838
B2A,de241d55fc.jpg,0.9716640951509787,0.19455269
B2A,de2f9d1599.jpg,0.7125232739179879,0.35882315
B2A,de31a67502.jpg,0.7576301816017225,0.46537322
B2A,de34c78357.jpg,0.5620878709673908,0.4642267
B2A,de37e2ad60.jpg,0.864833157595533,0.25747082
B2A,de457df144.jpg,0.8305776950055596,0.31043133
B2A,de4f73e2e6.jpg,0.682602076662044,0.52080417
B2A,de59f8afb3.jpg,0.8556291822389017,0.30184716
B2A,de6510a7ab.jpg,0.9331450557694894,0.22556536
B2A,de6bf0cb04.jpg,0.8447668868767839,0.3362109
B2A,de7ed78f5a.jpg,0.7263457231494322,0.46711263
B2A,de86577a5b.jpg,0.8230313051470991,0.1487051
B2A,de86feb03d.jpg,0.610901495956149,0.23331548
B2A,dea009ab5b.jpg,0.9195439837607435,0.31267482
B2A,dea330a02f.jpg,0.8694529416896305,0.3621156
B2A,deafff753c.jpg,0.7183257144237647,0.58623517
B2A,deb67f6b0e.jpg,0.8975325964363057,0.29677376
B2A,debf11d04c.jpg,0.8860207799135461,0.32146114
B2A,dec3ab2321.jpg,0.8651915856841397,0.27533695
B2A,ded7482c2c.jpg,0.8998661461518374,0.2262678
B2A,ded8ffa3ca.jpg,0.9263490160276867,0.20358759
B2A,def0cd31b2.jpg,0.7073664269933307,0.6280046
B2A,def8bd92f4.jpg,0.7354843242956705,0.4997893
B2A,df017c0778.jpg,0.8181241165712816,0.32704866
B2A,df04d84ca9.jpg,0.8236341334812073,0.3064749
B2A,df1b2ded30.jpg,0.7956442094145806,0.42028984
B2A,df21dd363b.jpg,0.9198230046576833,0.29075718
B2A,df26cc01aa.jpg,0.7496670071300384,0.29898396
B2A,df2c0d53a4.jpg,0.6232313322666627,0.5481685
B2A,df2eddf8b4.jpg,0.8591580070935838,0.21241792
B2A,df34b6c0e8.jpg,0.8686822387622573,0.23316567
B2A,df3688f698.jpg,0.6684125612658728,0.4925676
B2A,df36a9efd4.jpg,0.6211810927106111,0.5247405
B2A,df4975e8bf.jpg,0.9183904479221913,0.22909087
B2A,df571c611d.jpg,0.7305546128248002,0.36436686
B2A,df65517316.jpg,0.5158093792047851,0.5392531
B2A,df717b23e2.jpg,0.8846009317368496,0.23491059
B2A,df71b50ac1.jpg,0.7407792795992658,0.28642017
B2A,df7438a2d8.jpg,0.7084288929764415,0.39257437
B2A,df75caef2e.jpg,0.8097011056415738,0.28767893
B2A,df7ada692b.jpg,0.7292826561541679,0.5528464
B2A,df895d4f4f.jpg,0.7660929206847341,0.35536212
B2A,dfa6cb635d.jpg,0.7136483514282944,0.33348325
B2A,dfb9e202de.jpg,0.7639608629413964,0.4580616
B2A,dfbd52ecf5.jpg,0.8188713686698826,0.34630543
B2A,dfcd9af740.jpg,0.880191925477492,0.24972361
B2A,dfd3b1a8bf.jpg,0.7909407174687706,0.5975083
B2A,dfdb05692f.jpg,0.866910214082767,0.25407466
B2A,dfdf679899.jpg,0.706271228853027,0.5154051
B2A,dfe59079af.jpg,0.8487832822937926,0.23014504
B2A,dfedfba018.jpg,0.8142971447174682,0.30540174
B2A,dfee298b96.jpg,0.6930602481182985,0.6328383
B2A,dff450dda1.jpg,0.8931290913296288,0.28764108
B2A,dff66a7d64.jpg,0.6122532637354299,0.68432677
B2A,dff763c552.jpg,0.7529600316504111,0.44967574
B2A,e00bba74a2.jpg,0.7676509993450454,0.4093705
B2A,e01fe394d8.jpg,0.9059093305776516,0.20148234
B2A,e0216cf2a8.jpg,0.7345872208197258,0.5510935
B2A,e0316f1950.jpg,0.6067005434742426,0.6151362
B2A,e0328c7d7c.jpg,0.6578548802331914,0.49955672
B2A,e038af63fe.jpg,0.892386312583395,0.2792127
B2A,e039712ade.jpg,0.8967208480489566,0.24034826
B2A,e03b2a6164.jpg,0.6558345248684445,0.27115384
B2A,e04291a057.jpg,0.8734103232625293,0.22758768
B2A,e048cbd49e.jpg,0.8359098162456573,0.3326833
B2A,e050f1a2a9.jpg,0.8207802254100536,0.42970982
B2A,e05899ed06.jpg,0.5864438157506561,0.4938717
B2A,e05c7f85ef.jpg,0.8716629647760493,0.21471587
B2A,e068415db1.jpg,0.7014533019854595,0.42459172
B2A,e068928755.jpg,0.7338555549139695,0.3297056
B2A,e071db584c.jpg,0.8738039569931779,0.2648156
B2A,e0839b3c2e.jpg,0.9012087717930347,0.19750288
B2A,e08fc2d70e.jpg,0.8665760138578945,0.5103559
B2A,e091476985.jpg,0.9126547338312704,0.13582548
B2A,e09576695b.jpg,0.8142965302360847,0.38751188
B2A,e0a9fecd26.jpg,0.6960449573500801,0.36387318
B2A,e0b1a4f104.jpg,0.8401853267215759,0.3954027
B2A,e0b6abfd6d.jpg,0.779239292946626,0.2613969
B2A,e0c949a987.jpg,0.8304269138589725,0.37424028
B2A,e0cfa9d464.jpg,0.7354163321093875,0.36914676
B2A,e0d48fc860.jpg,0.9060977259581027,0.2925505
B2A,e0d7f40a24.jpg,0.8975641053366671,0.33881474
B2A,e0d9fadae6.jpg,0.7588021382559945,0.1785313
B2A,e0db07d90e.jpg,0.6684376075786678,0.5608493
B2A,e0e0bd66eb.jpg,0.626685225142075,0.30306023
B2A,e0edc2d1ff.jpg,0.8786268422010872,0.29833686
B2A,e0f0dc2983.jpg,0.6725634603800015,0.48598966
B2A,e0f7f0bb22.jpg,0.8756467993130951,0.16940042
B2A,e0fce775af.jpg,0.7191527075872767,0.42192504
B2A,e0ffb419d8.jpg,0.6782860682084797,0.3765874
B2A,e103e37ef6.jpg,0.7708584190715273,0.4310714
B2A,e10f4e0249.jpg,0.9282772607295677,0.2099643
B2A,e1107c721b.jpg,0.6587821121891623,0.5897201
B2A,e12532498c.jpg,0.8267606257432005,0.38947234
B2A,e13f5e00b9.jpg,0.9165896856074885,0.22733702
B2A,e1421bcb6d.jpg,0.6228251567165155,0.59552103
B2A,e14520fb9c.jpg,0.6665762529684331,0.5963539
B2A,e154b39c0c.jpg,0.6604708556362733,0.4405331
B2A,e158554d68.jpg,0.6147020469224059,0.66439515
B2A,e15ebb6b26.jpg,0.6098425286582442,0.50636286
B2A,e180ce65fe.jpg,0.9176970147039144,0.56495965
B2A,e18c605daf.jpg,0.8927672057351684,0.3678731
B2A,e191e362cc.jpg,0.8602089876289339,0.27470723
B2A,e195754758.jpg,0.7303918746880045,0.4069872
B2A,e1b8768630.jpg,0.5834426086896253,0.410936
B2A,e1e42d1e1d.jpg,0.7764024688835274,0.3814402
B2A,e1e7add957.jpg,0.7484067587871076,0.26341873
B2A,e1f01aed34.jpg,0.7587131427723335,0.29563174
B2A,e1f044dff1.jpg,0.7156568623061041,0.5579316
B2A,e2050f818f.jpg,0.7533453021475734,0.4338996
B2A,e20e016680.jpg,0.7106704443795587,0.562041
B2A,e20f79f596.jpg,0.7263337040327231,0.48812938
B2A,e218d1a1ea.jpg,0.7986476160919217,0.21950598
B2A,e219f69873.jpg,0.9423786453340263,0.20054486
B2A,e22fbe22ff.jpg,0.6686308964460215,0.41656196
B2A,e239290d7a.jpg,0.8353925401315053,0.36039
B2A,e23da13385.jpg,0.7288458301048762,0.44994026
B2A,e23dd4b66b.jpg,0.8576187469485663,0.30474222
B2A,e24d11659e.jpg,0.8406841393700858,0.29007217
B2A,e25a309e7f.jpg,0.7593656803332942,0.38804018
B2A,e262ebdb71.jpg,0.809564674490946,0.2940632
B2A,e26f08910a.jpg,0.7976692114129604,0.30348876
B2A,e276cfea71.jpg,0.7630284550408224,0.30768943
B2A,e278a31c95.jpg,0.6279462820816656,0.38562196
B2A,e2816c6358.jpg,0.7133657463993107,0.4026593
B2A,e2921fb3bc.jpg,0.8906478732812272,0.28694454
B2A,e29891901c.jpg,0.9288802460673771,0.37753132
B2A,e29923569e.jpg,0.9346602214991687,0.120469086
B2A,e2be127e28.jpg,0.624621652860439,0.37775338
B2A,e2cc5d0740.jpg,0.769717275185357,0.29017365
B2A,e2dd4bdeef.jpg,0.8565204307421328,0.3751647
B2A,e2e1192489.jpg,0.6453177393690819,0.44847402
B2A,e2e85f68e0.jpg,0.8766040839218725,0.2627675
B2A,e2ebe675f8.jpg,0.8684734071882232,0.3456893
B2A,e2ec96f0b4.jpg,0.7690029431885551,0.37486407
B2A,e2f37052c1.jpg,0.5697417666579857,0.60067046
B2A,e3148aa017.jpg,0.9036372254059626,0.1801651
B2A,e31668e912.jpg,0.8617403750375856,0.3133555
B2A,e33556dc35.jpg,0.6047167273464918,0.71841705
B2A,e33bb81f2b.jpg,0.8009480686832098,0.3185671
B2A,e34010decc.jpg,0.8713928860098734,0.2166023
B2A,e340c22dc4.jpg,0.7929486589962355,0.36546588
B2A,e344e433cc.jpg,0.9459825876526455,0.32897186
B2A,e347492218.jpg,0.7486895858849388,0.5226731
B2A,e3477e1ec7.jpg,0.8733631664626353,0.27186558
B2A,e34ae8c169.jpg,0.9316896644741229,0.23196362
B2A,e3557bd3e7.jpg,0.7303188495198308,0.3997753
B2A,e3618e9a11.jpg,0.727883823906899,0.3817005
B2A,e365dae98b.jpg,0.4703543221812004,0.5397378
B2A,e37b3a49d9.jpg,0.603388556740037,0.4978339
B2A,e37e071314.jpg,0.8854493257487369,0.25891963
B2A,e38186a614.jpg,0.6976152816559205,0.28034228
B2A,e388432c26.jpg,0.7417305596591031,0.5515002
B2A,e39562f090.jpg,0.7727782074593328,0.37773877
B2A,e3997e52e9.jpg,0.8911958983783683,0.34145987
B2A,e3cb3ad674.jpg,0.9333008455520604,0.21031292
B2A,e3cea056cc.jpg,0.7277305832247515,0.3014612
B2A,e3ceb5d67a.jpg,0.7343281324436747,0.57088214
B2A,e3e6ca612f.jpg,0.8337262562038804,0.22206792
B2A,e3e87b3f1e.jpg,0.8728672495649368,0.23099805
B2A,e3f1be931a.jpg,0.567948919349859,0.3666491
B2A,e3f34cdbfc.jpg,0.9195550168291271,0.2843756
B2A,e3fae55083.jpg,0.7594546637757378,0.3927038
B2A,e3fe190c35.jpg,0.8767501690152755,0.26773232
B2A,e4005ebfe6.jpg,0.6932007581300913,0.64411163
B2A,e40a02297a.jpg,0.872828762425873,0.20119026
B2A,e40ba425ad.jpg,0.8321131748134589,0.3333673
B2A,e40ea38065.jpg,0.8041118473452067,0.38507378
B2A,e41de69603.jpg,0.7614453622888812,0.32804406
B2A,e428d47850.jpg,0.8718391391028549,0.3594435
B2A,e43625382b.jpg,0.9421211071362062,0.23813343
B2A,e43cfeffd7.jpg,0.808846698027054,0.40731367
B2A,e452266e47.jpg,0.7950657372822294,0.20891345
B2A,e46722db3b.jpg,0.8554820467831802,0.37066743
B2A,e474730931.jpg,0.8997558561968828,0.2271455
B2A,e484852720.jpg,0.8343892009103723,0.2534634
B2A,e4a7646e26.jpg,0.7243431156124616,0.420224
B2A,e4b6e49888.jpg,0.8297166680868808,0.19771945
B2A,e4baa84c9e.jpg,0.7748111480143605,0.38629505
B2A,e4c2f8062a.jpg,0.6214937107745377,0.5107068
B2A,e4c47323cb.jpg,0.8041497925939965,0.4299361
B2A,e4db596478.jpg,0.8356070610910246,0.25339028
B2A,e4df61af49.jpg,0.7393924481026231,0.3614341
B2A,e4e7fd51dd.jpg,0.8749263936077274,0.24692447
B2A,e4ec14322d.jpg,0.5815134436498985,0.4647616
B2A,e4edaddcef.jpg,0.5850064133783666,0.5551814
B2A,e4f21cb9f8.jpg,0.9052381936740542,0.22838682
B2A,e4f5f401e0.jpg,0.8352001032755115,0.2895267
B2A,e50dc96e2b.jpg,0.7579396313871578,0.22485396
B2A,e517b6f313.jpg,0.8153449891666925,0.22631249
B2A,e5247c9272.jpg,0.6654765131861826,0.31697303
B2A,e52816eec3.jpg,0.6297101682044902,0.76482105
B2A,e52b0badda.jpg,0.628450824752917,0.3324069
B2A,e53184b315.jpg,0.8331823555777998,0.33944497
B2A,e536a8e4d0.jpg,0.7905614426365274,0.43979338
B2A,e53aaa0782.jpg,0.9017840404491922,0.29119787
B2A,e53aaac02c.jpg,0.605450263088842,0.5586776
B2A,e53b41415d.jpg,0.7606103122828872,0.34132442
B2A,e545b38111.jpg,0.8581909080807095,0.35063216
B2A,e54604f159.jpg,0.8873808566502019,0.29094177
B2A,e552c9356b.jpg,0.8174386261223434,0.27393216
B2A,e55aa6a075.jpg,0.7723906366863584,0.30471373
B2A,e569d449aa.jpg,0.8128396989512018,0.26461008
B2A,e56a3b131d.jpg,0.891128735599763,0.26667812
B2A,e56e3bcfee.jpg,0.9342264578937287,0.3364956
B2A,e576d76af6.jpg,0.8445553531546685,0.22389814
B2A,e58dcaf848.jpg,0.7785235962449868,0.4856801
B2A,e58e1d7d58.jpg,0.8741804903305451,0.38731962
B2A,e58ef68e3f.jpg,0.9522283585089105,0.15039414
B2A,e59a45567d.jpg,0.7937426486902881,0.3539887
B2A,e5ae2eab59.jpg,0.9118494943546613,0.30957803
B2A,e5b0f574bf.jpg,0.7358348406092035,0.3117934
B2A,e5c7397b2d.jpg,0.6674763140299584,0.38900486
B2A,e5c842ca6e.jpg,0.8462848568235187,0.2797359
B2A,e5cb078996.jpg,0.7652794460302916,0.4230751
B2A,e5cb608eae.jpg,0.8234340214459994,0.22316131
B2A,e5cbe055f9.jpg,0.77247509897542,0.29487178
B2A,e5cd922fa9.jpg,0.8157483205755959,0.4149884
B2A,e5d38a2047.jpg,0.9173568200641281,0.20513913
B2A,e5e1d837f1.jpg,0.9202193852146668,0.27264765
B2A,e5ffaac462.jpg,0.9279846901346467,0.19485968
B2A,e614135f7d.jpg,0.8206841921301317,0.31105196
B2A,e629d7f736.jpg,0.6284444385987392,0.6726681
B2A,e63a00fc4f.jpg,0.8165269297222603,0.43995184
B2A,e643c9bdbe.jpg,0.6249984911710841,0.41197133
B2A,e6636be041.jpg,0.7502483637784176,0.443954
B2A,e67341c640.jpg,0.7452498785472307,0.33121645
B2A,e67601a231.jpg,0.7370257779515235,0.42083362
B2A,e6779d7ed5.jpg,0.6592320171042969,0.6335183
B2A,e67cc523e0.jpg,0.8772462726192476,0.26645568
B2A,e67e86bdb9.jpg,0.8446005249931058,0.19019893
B2A,e6836aa6da.jpg,0.7202748988735255,0.39881384
B2A,e686121a13.jpg,0.7774863292851201,0.49953264
B2A,e693f37abc.jpg,0.8205767481914154,0.50576353
B2A,e69c2d5a6d.jpg,0.8818283916885123,0.14417896
B2A,e69eb967c0.jpg,0.7191669822068197,0.3686575
B2A,e6a325d8fb.jpg,0.81978209963584,0.41312206
B2A,e6a609cf76.jpg,0.8618262333143827,0.38500696
B2A,e6ad3eec60.jpg,0.7345786664737131,0.44362953
B2A,e6ba8f2334.jpg,0.6453902093083594,0.38152465
B2A,e6c25786d7.jpg,0.6568768856200348,0.3938442
B2A,e6cc103915.jpg,0.688272434331468,0.2870934
B2A,e6d2f68fcf.jpg,0.8541189658714247,0.4006855
B2A,e6dc2ff40c.jpg,0.7613823961916175,0.2849148
B2A,e6e3f15b73.jpg,0.8702329028238164,0.28851414
B2A,e6e6959173.jpg,0.5801639866155043,0.6782441
B2A,e6ea2d4d47.jpg,0.80427991874008,0.23313749
B2A,e6f8a63c9c.jpg,0.7715862278464127,0.47266847
B2A,e707bf37b1.jpg,0.6847016233379385,0.4849816
B2A,e710d6eaa6.jpg,0.8707862071075807,0.36126268
B2A,e714c3661f.jpg,0.9019918416688234,0.21060868
B2A,e715464acb.jpg,0.7791119145788767,0.31070068
B2A,e738568be6.jpg,0.8684559589749741,0.23269005
B2A,e73a598e28.jpg,0.7836119654680591,0.4134936
B2A,e73db0029b.jpg,0.6635467650670245,0.46816972
B2A,e744db3cd3.jpg,0.8012138714305814,0.51460046
B2A,e74a97ae14.jpg,0.7923557883689898,0.3724234
B2A,e764b3f35a.jpg,0.8958696961159395,0.280821
B2A,e790229789.jpg,0.6414877910849627,0.44199944
B2A,e79618c3c9.jpg,0.682385619400677,0.57928187
B2A,e7a2c2dfd5.jpg,0.8439146924607507,0.30344978
B2A,e7b73c75cb.jpg,0.6652397342820825,0.35558483
B2A,e7c3ac222b.jpg,0.7436154513353338,0.24708143
B2A,e7c99420a8.jpg,0.8923169951439434,0.38159746
B2A,e7cd8551d8.jpg,0.9397693709242195,0.2476635
B2A,e7cdd8fd59.jpg,0.6125020954739554,0.45185357
B2A,e7d445c059.jpg,0.5733062853327584,0.5351855
B2A,e7ddcd88d3.jpg,0.8717210871161044,0.2777276
B2A,e7e77d48b0.jpg,0.8994482940243744,0.31514785
B2A,e7fd336c2e.jpg,0.7374990271478455,0.40934542
B2A,e80855ec86.jpg,0.7196414329112538,0.66218805
B2A,e80a7530ea.jpg,0.5510492915006493,0.51051724
B2A,e80cebe6dd.jpg,0.848758061722049,0.5451178
B2A,e80f526332.jpg,0.865702948162279,0.24655691
B2A,e810cbaf55.jpg,0.7885563275932398,0.4095468
B2A,e8234e1e2e.jpg,0.9187426831396267,0.20209327
B2A,e8338afa09.jpg,0.7826980530178832,0.2390326
B2A,e85bba618a.jpg,0.8618635399541769,0.17530487
B2A,e85ed2bc38.jpg,0.7603398256124336,0.43473673
B2A,e8605bf89a.jpg,0.6970357998911818,0.59831804
B2A,e862b2a488.jpg,0.7301300814324108,0.2512015
B2A,e86d465a2d.jpg,0.9148151321962512,0.22021982
B2A,e8718dba1c.jpg,0.8922670361788417,0.27654424
B2A,e876733707.jpg,0.6847600630116207,0.24528535
B2A,e87676e6e2.jpg,0.6866527948144409,0.48523456
B2A,e8789baa19.jpg,0.8014022489701323,0.3936145
B2A,e8882a7f33.jpg,0.7888818580568695,0.32051846
B2A,e89accad47.jpg,0.7075704048838716,0.33824506
B2A,e89b1f65b6.jpg,0.8920153731488504,0.1836217
B2A,e89e3ef99f.jpg,0.8649790227403659,0.41139302
B2A,e89f26b785.jpg,0.7876506269694007,0.3805052
B2A,e8a6213a64.jpg,0.6878777001984465,0.5636335
B2A,e8ca770df9.jpg,0.6745250236041009,0.48418665
B2A,e8cede65a7.jpg,0.8581355173695522,0.30969304
B2A,e8dc20c86e.jpg,0.8895231153838022,0.38570789
B2A,e8e02ca944.jpg,0.7081122386449484,0.44298622
B2A,e8f2542a00.jpg,0.6327608757393256,0.62211466
B2A,e8f8ff2e11.jpg,0.5752680860943753,0.5139465
B2A,e91a6a79ca.jpg,0.8288321630065565,0.45898122
B2A,e941a6971b.jpg,0.755025298913279,0.24298148
B2A,e9425b919e.jpg,0.6636593508406551,0.7236511
B2A,e94ce61928.jpg,0.8255070325237083,0.17555153
B2A,e94fe9ef94.jpg,0.7281183719149483,0.41319752
B2A,e9652384d0.jpg,0.7246073196455947,0.30978543
B2A,e96e9bdf9f.jpg,0.8446452049768979,0.3522825
B2A,e975867ee1.jpg,0.8410794041472339,0.21131542
B2A,e97aab1e3a.jpg,0.5005367938868925,0.5903513
B2A,e97f72f75e.jpg,0.8268213012376642,0.27496666
B2A,e9896641d2.jpg,0.7645111795738354,0.3665103
B2A,e98c174738.jpg,0.8105683097619898,0.19556534
B2A,e98cd4e13f.jpg,0.8667989842579078,0.27594608
B2A,e98d5c8d85.jpg,0.8373085696953496,0.3516177
B2A,e98e9b1620.jpg,0.6476821859427145,0.6146934
B2A,e991139f4b.jpg,0.7532732685759659,0.41967672
B2A,e9ba0bafc4.jpg,0.717845701056062,0.41506863
B2A,e9c3e52cf1.jpg,0.7711718721313282,0.42021215
B2A,e9ca026ba3.jpg,0.7665509621915932,0.38726747
B2A,e9cbdee9bd.jpg,0.7082874403118922,0.412327
B2A,e9d65fa272.jpg,0.585535644007255,0.46424648
B2A,e9da2fab10.jpg,0.8298779918309139,0.2590133
B2A,e9da44faa6.jpg,0.6235393513016757,0.45941406
B2A,e9e303af60.jpg,0.6991837722923909,0.4304746
B2A,e9ebdfe8ec.jpg,0.606400577198391,0.41836318
B2A,e9ec0b07bd.jpg,0.8694066926152738,0.2859087
B2A,e9ef067120.jpg,0.4943743900208942,0.69527805
B2A,ea0086b300.jpg,0.9141484405985598,0.18987074
B2A,ea2128c1b2.jpg,0.6696937486691861,0.4119345
B2A,ea29af7178.jpg,0.6074519471233106,0.6988728
B2A,ea38729951.jpg,0.7827326711402832,0.35283482
B2A,ea437a682c.jpg,0.7939573163956825,0.29684365
B2A,ea4dc1e88e.jpg,0.844677215514833,0.46046397
B2A,ea4f37e7e5.jpg,0.79626033574786,0.31695592
B2A,ea58d700d2.jpg,0.7787370785455159,0.28266233
B2A,ea60c54c69.jpg,0.680350030251393,0.62599593
B2A,ea626ba3a9.jpg,0.8024465215996827,0.32097352
B2A,ea656cf2b6.jpg,0.6249514977525794,0.3407701
B2A,ea6917e2db.jpg,0.8705254828056769,0.32832912
B2A,ea867fecaa.jpg,0.6773085846722932,0.50755554
B2A,ea90ff6da4.jpg,0.7827359518589866,0.38514823
B2A,ea942e0882.jpg,0.6806199448757537,0.42242944
B2A,ea965a1eba.jpg,0.7071062711704607,0.34712663
B2A,eaa17f1091.jpg,0.7665086450056423,0.52855664
B2A,eaac3f27b0.jpg,0.9073776779910218,0.16108398
B2A,eab48ed00d.jpg,0.8721502563090064,0.31658524
B2A,eab57199fa.jpg,0.7649708341803467,0.2383421
B2A,eabe91cae5.jpg,0.8670089423190365,0.20761105
B2A,eac7bd7368.jpg,0.8762619400460433,0.23480043
B2A,eacb6ead4a.jpg,0.7099965377291977,0.6015723
B2A,eacdc1d18f.jpg,0.6942648189515956,0.41294032
B2A,ead2fdbadc.jpg,0.8363079836967625,0.23254246
B2A,ead622126f.jpg,0.6763034944569019,0.42608222
B2A,eadb799684.jpg,0.7774043769515192,0.36316836
B2A,eadea8cf4c.jpg,0.8164859730737263,0.51163185
B2A,eae1d7b4a7.jpg,0.9246215844024318,0.2949644
B2A,eae8ac05b6.jpg,0.8352951477618338,0.3492831
B2A,eafc9d8929.jpg,0.6099754003155601,0.40330198
B2A,eb09186652.jpg,0.8299689859880377,0.22908182
B2A,eb143cd557.jpg,0.7616976650119042,0.53781927
B2A,eb1ae4752c.jpg,0.6615343575323398,0.42858553
B2A,eb1ce8f38f.jpg,0.7857874216309856,0.31339052
B2A,eb1f220d40.jpg,0.7645479113743274,0.32776368
B2A,eb267343a7.jpg,0.8907889054116773,0.19855474
B2A,eb33d8e41b.jpg,0.8078507749162007,0.40860888
B2A,eb34f329c1.jpg,0.8184886882472097,0.416614
B2A,eb396944a9.jpg,0.7766647170073208,0.36562565
B2A,eb48b08b2c.jpg,0.826137587431829,0.33027774
B2A,eb4c747b35.jpg,0.8104928245822784,0.3153059
B2A,eb5a006cd8.jpg,0.7862961994285493,0.3638712
B2A,eb7323bae7.jpg,0.9235859040273314,0.433214
B2A,eb74e149ff.jpg,0.865580064798017,0.3447648
B2A,eb74ee9751.jpg,0.904819039897019,0.16761807
B2A,eb927ffcce.jpg,0.7752123715092748,0.3011821
B2A,eb9630147d.jpg,0.769022799448349,0.2614544
B2A,ebb0aa2f01.jpg,0.7990962326639599,0.5376498
B2A,ebb3a60020.jpg,0.8633252582560129,0.3006512
B2A,ebb7fcea92.jpg,0.91100731065808,0.22561449
B2A,ebb973284b.jpg,0.6022699541721429,0.41142184
B2A,ebc6398a40.jpg,0.5969415865587926,0.45658717
B2A,ebcc42e110.jpg,0.8399415434079176,0.3633151
B2A,ebcce1a075.jpg,0.7166998584612662,0.38477284
B2A,ebd677e4df.jpg,0.9259087557905128,0.18871045
B2A,ebfb842dbb.jpg,0.8355560350094874,0.3438245
B2A,ec22ac410a.jpg,0.6408482698626309,0.49885255
B2A,ec26ffe6d9.jpg,0.6628116327014235,0.42272103
B2A,ec2819dd4a.jpg,0.759389281775253,0.23124364
B2A,ec361682b9.jpg,0.7473467359478778,0.3759743
B2A,ec3cedbafe.jpg,0.7194774792554104,0.4941427
B2A,ec4acecf3f.jpg,0.855111581104677,0.2952464
B2A,ec4fccd390.jpg,0.7943868457935791,0.37176868
B2A,ec509fe942.jpg,0.7145317134641535,0.46361342
B2A,ec5d51aaf0.jpg,0.698879046255658,0.6786799
B2A,ec61770865.jpg,0.8686601321242159,0.28209287
B2A,ec673dd8d4.jpg,0.8382353071114902,0.3506543
B2A,ec6c041436.jpg,0.7958018954945666,0.49888372
B2A,ec7228a986.jpg,0.5308412727954405,0.44181675
B2A,ec74224ef5.jpg,0.6989474359554742,0.4178125
B2A,ec99be1db6.jpg,0.8309726969204347,0.2949055
B2A,ecad06947b.jpg,0.5486829685711988,0.36806124
B2A,ecaf3bdf12.jpg,0.8969643271150837,0.15374392
B2A,ecb38a1051.jpg,0.7577553099930721,0.29077303
B2A,ecb3ccc9f4.jpg,0.8675549489510151,0.20004901
B2A,ecc3cd6e1b.jpg,0.8874368711889165,0.17854898
B2A,ece948ce97.jpg,0.8152072594110569,0.30210865
B2A,ecee77ae5a.jpg,0.92513593953355,0.21104757
B2A,ed04dbb114.jpg,0.7615870812791938,0.38552368
B2A,ed0ddbf26a.jpg,0.8367158126597646,0.29033908
B2A,ed22cf856f.jpg,0.6430681385491568,0.42788914
B2A,ed27eb5c68.jpg,0.9017712167240941,0.1959921
B2A,ed31f8c196.jpg,0.8272357964895836,0.48289305
B2A,ed34d8d7f3.jpg,0.6177237415408491,0.44983038
B2A,ed3b265e09.jpg,0.7933499980027142,0.17922983
B2A,ed458bffb6.jpg,0.8003922685282975,0.46694675
B2A,ed473bcf9b.jpg,0.7749852781072378,0.46002087
B2A,ed59cdccf1.jpg,0.9000851970098712,0.2423722
B2A,ed60c6410b.jpg,0.8193309597795445,0.28683114
B2A,ed65db5f88.jpg,0.7254102875124813,0.39027444
B2A,ed7b96a9c5.jpg,0.6515343039713598,0.37363812
B2A,ed848812da.jpg,0.8331514135519197,0.21692164
B2A,ed8dab0f96.jpg,0.7204209803510226,0.60294604
B2A,ed915c89a2.jpg,0.7808368477998877,0.26775143
B2A,ed94946d16.jpg,0.5475634613700676,0.45057958
B2A,ed9f0b8b5d.jpg,0.8095539263824214,0.47915193
B2A,eda8697979.jpg,0.870562013228736,0.7899229
B2A,edb7d50936.jpg,0.7831269771040158,0.42890146
B2A,edba7f0a70.jpg,0.8208193707130544,0.36169913
B2A,edc66bfb66.jpg,0.8548717760836637,0.3227507
B2A,edd52342db.jpg,0.7146115653063934,0.39862207
B2A,ede0add355.jpg,0.8977013011547259,0.33067983
B2A,edef4ef18d.jpg,0.5369954934376787,0.7545403
B2A,edef9cbabe.jpg,0.8046742487374906,0.25392085
B2A,edf15f0940.jpg,0.7626099934433564,0.29716712
B2A,edf42b9d0d.jpg,0.888700364936188,0.30161816
B2A,ee0e1d6569.jpg,0.7837561089315338,0.4106154
B2A,ee24903251.jpg,0.8286425943087813,0.19460955
B2A,ee28cc4d68.jpg,0.7630086916607459,0.31358862
B2A,ee29105aba.jpg,0.6492910799966223,0.3893131
B2A,ee2bf8c5fd.jpg,0.6203713297204232,0.4200885
B2A,ee2e0ec65d.jpg,0.5697420345385125,0.66233766
B2A,ee6c260d4f.jpg,0.7699789250404824,0.24071585
B2A,ee861e6fae.jpg,0.7835565526337662,0.23927596
B2A,ee8bdcd99f.jpg,0.8489653481513837,0.32994518
B2A,ee8c2e9e3c.jpg,0.8525194222140917,0.2678582
B2A,ee97a20e7c.jpg,0.8984347000717271,0.60626316
B2A,ee982ce7e3.jpg,0.9061066007880667,0.12994727
B2A,ee9b29e1b8.jpg,0.4512608141174174,0.49125317
B2A,eea8eff240.jpg,0.8488489611761403,0.31984922
B2A,eeb1e5f575.jpg,0.8695187281896801,0.3005798
B2A,eeb4ccb21f.jpg,0.8275228635959847,0.5144685
B2A,eec21ae61c.jpg,0.8445590699845421,0.35581726
B2A,eed4191e08.jpg,0.8848199024930132,0.21905538
B2A,eed8644829.jpg,0.821242555411169,0.43770462
B2A,eedab28822.jpg,0.6583767237668764,0.77470213
B2A,eee8098608.jpg,0.6632132643451977,0.37728107
B2A,eeee68b7d8.jpg,0.7129892033572959,0.45945677
B2A,eef39ac09b.jpg,0.9240188365328201,0.27058592
B2A,eef4bdae39.jpg,0.7399725221638944,0.31842464
B2A,ef129d082c.jpg,0.7886922198592993,0.32882613
B2A,ef15317c67.jpg,0.7136814015716458,0.5403715
B2A,ef1f3e84f9.jpg,0.8031577381482241,0.2823787
B2A,ef488233e3.jpg,0.8989658369306528,0.20743695
B2A,ef4a60107c.jpg,0.9408949079014018,0.24002618
B2A,ef59ec0110.jpg,0.8951608508484318,0.39546195
B2A,ef6190ff9b.jpg,0.6237780448713679,0.4963016
B2A,ef674070d3.jpg,0.7517574126795246,0.29294264
B2A,ef77fe0cfc.jpg,0.7099816861041842,0.42917183
B2A,ef833e60b4.jpg,0.8448761961854133,0.2665969
B2A,ef893e33a9.jpg,0.8323175909617534,0.2823995
B2A,ef8a6e2a7a.jpg,0.8434584672074921,0.46264806
B2A,ef9ca94c15.jpg,0.7613584608690812,0.35569972
B2A,ef9e5bc080.jpg,0.8856392876354878,0.2704413
B2A,efa2ba7d02.jpg,0.8799749263120639,0.28680417
B2A,efa6c21576.jpg,0.6767904030515822,0.49133232
B2A,efa79c9c41.jpg,0.8341833031164255,0.31530476
B2A,efbb57a439.jpg,0.8025420704561755,0.3041584
B2A,efbfcfe793.jpg,0.7318775633790636,0.44304854
B2A,efc51bdcdf.jpg,0.7424884199184251,0.36199108
B2A,efcabd7b97.jpg,0.9059323623322981,0.21035407
B2A,efd9e949f5.jpg,0.5898302359352251,0.6336842
B2A,efeb94db8b.jpg,0.8301860755726121,0.2606756
B2A,effaa53ad8.jpg,0.59191635068387,0.43705782
B2A,f005004e0c.jpg,0.6481682419287971,0.3714814
B2A,f01164b232.jpg,0.8486243212937643,0.53540754
B2A,f01207f706.jpg,0.7909795260835435,0.42802787
B2A,f01a04bd03.jpg,0.6343582926322752,0.631282
B2A,f020a207a8.jpg,0.7585512272446604,0.36764047
B2A,f0220aa3f5.jpg,0.7211518702734008,0.58981806
B2A,f024838b95.jpg,0.8837638731693311,0.28951675
B2A,f0367de132.jpg,0.9034896705999091,0.22026499
B2A,f04f12da30.jpg,0.8749399690047237,0.40146044
B2A,f06b8cfef0.jpg,0.7771775711400212,0.47262284
B2A,f074cffca1.jpg,0.8775461619173992,0.29340616
B2A,f07cb0b75e.jpg,0.6373648384619055,0.5307866
B2A,f07e66c2d2.jpg,0.7653266379527545,0.40061045
B2A,f088a906d0.jpg,0.8665557401647159,0.20236106
B2A,f088b513bf.jpg,0.8141134825810026,0.24526867
B2A,f08926d339.jpg,0.7811393169753034,0.23991114
B2A,f08c39d24f.jpg,0.7153339470987502,0.5608069
B2A,f08e936c6b.jpg,0.9215275407266902,0.20075792
B2A,f0962b6de5.jpg,0.7570566790729418,0.46229708
B2A,f09c772bcc.jpg,0.6671389668372163,0.7179409
B2A,f09d0b81ba.jpg,0.9265885985777298,0.24722156
B2A,f0a1187473.jpg,0.7304322473733893,0.49628672
B2A,f0a55ad775.jpg,0.7827511972754063,0.3221596
B2A,f0a679e095.jpg,0.8297269231398351,0.44511008
B2A,f0aa76ff07.jpg,0.7114352369574033,0.4128381
B2A,f0b8c1d365.jpg,0.7420655139643332,0.44380882
B2A,f0e139a901.jpg,0.8356605201044055,0.4128297
B2A,f1032a4bd8.jpg,0.6929122101282488,0.399046
B2A,f105adbfb1.jpg,0.8229178834885105,0.23765886
B2A,f10d2923bd.jpg,0.6743244164815927,0.49942705
B2A,f10f748b4d.jpg,0.7574782718500084,0.48401472
B2A,f11454665a.jpg,0.7800755591371381,0.48957592
B2A,f11ee27f26.jpg,0.8277804597388786,0.4161926
B2A,f13184bb48.jpg,0.5416259007857329,0.59683925
B2A,f148707bb0.jpg,0.8014692892582436,0.25333166
B2A,f1591e50e1.jpg,0.9405178794869706,0.17669243
B2A,f15b7224fd.jpg,0.7262552718705325,0.4520513
B2A,f163b5185e.jpg,0.786106169065034,0.30081862
B2A,f1670c265f.jpg,0.6386852186478034,0.5675709
B2A,f176a55e27.jpg,0.7697773588544621,0.41502988
B2A,f177cf7991.jpg,0.7279253019776832,0.3965271
B2A,f17a8c4aee.jpg,0.837459126154143,0.32711154
B2A,f17e985728.jpg,0.918941184244938,0.12805218
B2A,f180c8d8b9.jpg,0.7900964220869731,0.38492748
B2A,f188425ea5.jpg,0.6673691964372959,0.27734882
B2A,f18989ff8d.jpg,0.8415376853733335,0.6032931
B2A,f18d2c0a81.jpg,0.7789300278432723,0.35900342
B2A,f1ac127445.jpg,0.6323691194877512,0.6108223
B2A,f1b8dee326.jpg,0.8705838826169134,0.3366068
B2A,f1c198d735.jpg,0.8621490497040095,0.34338164
B2A,f1d4e7cd69.jpg,0.5823572456205063,0.39067373
B2A,f1d7343af8.jpg,0.8040977150828962,0.33063844
B2A,f1dbada7a5.jpg,0.7988386543228359,0.37084523
B2A,f1fe522e6d.jpg,0.9103406525388256,0.21658777
B2A,f1ff4a822a.jpg,0.7353428353016469,0.24833453
B2A,f203101270.jpg,0.7808739572821991,0.42528734
B2A,f21ca704e5.jpg,0.7122123482643435,0.3937874
B2A,f21dd18a49.jpg,0.6757359756340273,0.5553293
B2A,f222ee8acc.jpg,0.7884628122513678,0.38182667
B2A,f22dac0d03.jpg,0.9184015719533613,0.2718981
B2A,f230845d9a.jpg,0.9302242813599296,0.31093383
B2A,f23e5d0e29.jpg,0.9101710715621577,0.2385982
B2A,f247ca8a34.jpg,0.6627377177167226,0.6003398
B2A,f24a8f4c6c.jpg,0.8116547026016984,0.28580236
B2A,f24acd17d0.jpg,0.7868229436170613,0.432229
B2A,f25716f164.jpg,0.7182988152086807,0.39833793
B2A,f265b9c6d2.jpg,0.5439679260583727,0.86145246
B2A,f26d369fbd.jpg,0.8488106272999192,0.34297666
B2A,f270b20be4.jpg,0.7620741195562716,0.5632858
B2A,f27ac3fc28.jpg,0.5876639321493656,0.37018192
B2A,f27e7b74de.jpg,0.756783882307191,0.27458203
B2A,f27f6894a1.jpg,0.8037812252962406,0.17422323
B2A,f28231f3f9.jpg,0.894843282900317,0.3534017
B2A,f2876e0b28.jpg,0.7463219924005009,0.41017237
B2A,f298108b32.jpg,0.8055258712912895,0.52592194
B2A,f2a3dc33fe.jpg,0.862428681958114,0.2572749
B2A,f2b162e74b.jpg,0.7936608510016783,0.40695834
B2A,f2b7c12b9c.jpg,0.728242143135758,0.44360515
B2A,f2d042180c.jpg,0.7278226012855434,0.48748824
B2A,f2d2d4efbc.jpg,0.8433971980009666,0.22910579
B2A,f2d986db88.jpg,0.7309731102632644,0.3477431
B2A,f2f09c8f41.jpg,0.7577487474522778,0.35977343
B2A,f2f56add24.jpg,0.8259740870650276,0.31496307
B2A,f30e44407b.jpg,0.5952882020541339,0.47680706
B2A,f31217f986.jpg,0.8435346644267291,0.26162285
B2A,f3141801d8.jpg,0.7516940128873011,0.27513486
B2A,f3230db890.jpg,0.762241913091627,0.42676234
B2A,f32a18c7c6.jpg,0.8057883003100828,0.3571761
B2A,f3356114c7.jpg,0.8839439283026027,0.16026941
B2A,f351ce3bc5.jpg,0.8736023211612554,0.2776051
B2A,f352a7a312.jpg,0.7787084341422671,0.23670596
B2A,f354013389.jpg,0.8586089031417382,0.29999113
B2A,f357fe1f0d.jpg,0.7629524051341097,0.6438196
B2A,f36fc36903.jpg,0.7617922528051646,0.43178082
B2A,f376a8789c.jpg,0.9124732071285939,0.28179714
B2A,f37a93cd01.jpg,0.8597510641918031,0.32335836
B2A,f384c39cd3.jpg,0.7321542971590151,0.39596587
B2A,f3b5806412.jpg,0.7910701137982238,0.22461757
B2A,f3bf66740a.jpg,0.7329526958999714,0.46423358
B2A,f3c61a9a05.jpg,0.6872518434325002,0.55697304
B2A,f3c8ec10ae.jpg,0.5896761890189838,0.44245547
B2A,f3d15e5226.jpg,0.8786719652543117,0.21993162
B2A,f3d86d0bdc.jpg,0.7440578224581855,0.4180753
B2A,f3e4ae010d.jpg,0.8521922229644394,0.15484136
B2A,f3e54bc081.jpg,0.8941009064050655,0.37749177
B2A,f3e9866cb8.jpg,0.9042827122929428,0.3486192
B2A,f3ec3e874d.jpg,0.7188537009846191,0.36573344
B2A,f3ecb32509.jpg,0.8990644104392964,0.2351178
B2A,f3ee6c1af3.jpg,0.9043846026549184,0.24192202
B2A,f3fa90a191.jpg,0.8126041961069924,0.40942478
B2A,f405d9a44e.jpg,0.862217806194938,0.21138987
B2A,f40af60ddc.jpg,0.7546261174015186,0.30966026
B2A,f40b429650.jpg,0.7786444445211717,0.26673925
B2A,f40b719930.jpg,0.6729804226848605,0.3654532
B2A,f40d9b8368.jpg,0.46938190405434627,0.43599194
B2A,f417a4cc39.jpg,0.810884770027568,0.31021184
B2A,f41b5dec17.jpg,0.7783982805715037,0.37290838
B2A,f41d5c2163.jpg,0.6805669849595131,0.48678172
B2A,f4219a5e81.jpg,0.751718196597636,0.41291663
B2A,f42f6f0197.jpg,0.9194845714835989,0.17226702
B2A,f43113c91b.jpg,0.672641144871822,0.45454234
B2A,f43c6fb1de.jpg,0.9319913098941981,0.22013427
B2A,f44a3275c9.jpg,0.8203027761474655,0.32511997
B2A,f46478e139.jpg,0.5990379233074277,0.6964637
B2A,f46cfb67bd.jpg,0.7904160551319864,0.48184395
B2A,f482274abc.jpg,0.7503996592764742,0.61649334
B2A,f4831ea6fb.jpg,0.7704835142670962,0.20845473
B2A,f4919d3664.jpg,0.7827077436087037,0.45054337
B2A,f494688de8.jpg,0.6942636886165359,0.33758622
B2A,f49ca09b7a.jpg,0.8174623365469113,0.50370777
B2A,f4a6936ec9.jpg,0.8533811285559083,0.2671451
B2A,f4a9c6100f.jpg,0.657448492309699,0.31336364
B2A,f4c509ad69.jpg,0.8084447766254815,0.23672009
B2A,f4cdc8fdbc.jpg,0.7143453704196709,0.4625351
B2A,f4dd7ea66e.jpg,0.8592868254595706,0.34353513
B2A,f4eb1866c7.jpg,0.6651340533182188,0.40245086
B2A,f4eb47f0dd.jpg,0.7463264973615215,0.4411377
B2A,f501fc4455.jpg,0.8566143785250423,0.32934225
B2A,f51503f974.jpg,0.7501788175724597,0.6959189
B2A,f51f06df8f.jpg,0.6569785944046483,0.5208211
B2A,f53328c040.jpg,0.7762649653686369,0.32552063
B2A,f54cf76011.jpg,0.7415954522149062,0.27309808
B2A,f54dd83443.jpg,0.8813269662962735,0.33580658
B2A,f54f45c2ea.jpg,0.7676458346428788,0.36636502
B2A,f55b066db1.jpg,0.6308164543182905,0.3969329
B2A,f56ae75fdd.jpg,0.7658414321016636,0.3615551
B2A,f56b12cf0b.jpg,0.7529751110782678,0.5223391
B2A,f575a81ad6.jpg,0.830479781935151,0.4136892
B2A,f58ec475cf.jpg,0.698004290565346,0.5809255
B2A,f5b336d512.jpg,0.7238399768608587,0.22406673
B2A,f5b3c7c78c.jpg,0.8141121419432208,0.33388674
B2A,f5c1d6af2a.jpg,0.8498843960574015,0.10661601
B2A,f5c3514cca.jpg,0.7629372572543518,0.5944709
B2A,f5c7a8068c.jpg,0.6562946669889985,0.54744744
B2A,f5d163add7.jpg,0.8545090901743212,0.2925395
B2A,f5d1922ba9.jpg,0.8910177783702078,0.20067957
B2A,f5d652e997.jpg,0.7554018241065033,0.5680802
B2A,f5ddf6d767.jpg,0.8452668547127573,0.21842979
B2A,f5efcc2979.jpg,0.8928986749977809,0.34823942
B2A,f5f34241cc.jpg,0.8142462030596987,0.4161271
B2A,f5ffe2e92d.jpg,0.8656603022005888,0.2506078
B2A,f604e3e7e5.jpg,0.8955802064546471,0.30863914
B2A,f607a14dd9.jpg,0.5461363183413935,0.55709267
B2A,f6084689ed.jpg,0.8443384250413268,0.5968792
B2A,f60910ed40.jpg,0.6981396046094248,0.24324514
B2A,f60b4c4d98.jpg,0.749161353592804,0.42414165
B2A,f60b67ae6e.jpg,0.7476931636343617,0.258005
B2A,f62bb41c9c.jpg,0.6502419202699475,0.42190552
B2A,f633c4ebed.jpg,0.6990723480332112,0.25684655
B2A,f639ee968c.jpg,0.7618354367916305,0.36159992
B2A,f63a1042f4.jpg,0.8630196890937534,0.28225532
B2A,f63a2b4fb9.jpg,0.7718154739755397,0.50633115
B2A,f64019e49d.jpg,0.8107378796772043,0.4077033
B2A,f647ce5fd1.jpg,0.9107138892206361,0.2558507
B2A,f651e57596.jpg,0.6376353290002825,0.45171946
B2A,f6574b10b7.jpg,0.7647301751956112,0.6216652
B2A,f6626c86e1.jpg,0.6875547066056893,0.38314593
B2A,f6798eb074.jpg,0.5285919742489137,0.57056373
B2A,f67f1708b6.jpg,0.8878685429263483,0.20803806
B2A,f68dae168d.jpg,0.6385898340605044,0.70584464
B2A,f68dcc7a8a.jpg,0.5446761414009894,0.6500741
B2A,f68e29bd81.jpg,0.9028484119056241,0.16178015
B2A,f690980765.jpg,0.4891825182022008,0.5753255
B2A,f69731b55b.jpg,0.6802096466370986,0.31954607
B2A,f69ff9b62b.jpg,0.8492788650187009,0.27317774
B2A,f6aa1d5154.jpg,0.8654026466828585,0.30246952
B2A,f6ab953224.jpg,0.8541971638957349,0.26759422
B2A,f6b61559e0.jpg,0.8751275513408627,0.27006632
B2A,f6ca69a495.jpg,0.8544593449878092,0.28129113
B2A,f6cb2948da.jpg,0.7704354952571422,0.44099832
B2A,f6d01357b6.jpg,0.8424400265207893,0.33750805
B2A,f6e17b1a2a.jpg,0.7716064480845075,0.2689457
B2A,f6e422b697.jpg,0.9042621613051762,0.2519078
B2A,f6e5895253.jpg,0.7003299105192796,0.44138113
B2A,f6e822d131.jpg,0.7284620085624881,0.48574677
B2A,f6e8f07d9d.jpg,0.8119721053642391,0.527809
B2A,f6efddda9c.jpg,0.7053144728909532,0.4458683
B2A,f706c0860d.jpg,0.7983214085582107,0.4134182
B2A,f70871846a.jpg,0.6684999723804153,0.46632105
B2A,f71cc4d572.jpg,0.8552357606121241,0.29838774
B2A,f721bb7f6d.jpg,0.7796347990020893,0.39557683
B2A,f743f3bf62.jpg,0.8518445823395793,0.33814853
B2A,f74cdcd632.jpg,0.866952744371794,0.2621476
B2A,f7531c3b99.jpg,0.885465729576623,0.18889502
B2A,f75a997bb8.jpg,0.8981964739463616,0.21963415
B2A,f76e1ec9a3.jpg,0.6613705858882175,0.52987033
B2A,f771e1e1b0.jpg,0.6784229850384846,0.4790206
B2A,f77377bd03.jpg,0.7775304103113796,0.360017
B2A,f77505c83f.jpg,0.7927016433254997,0.16857213
B2A,f77c59acb3.jpg,0.788246100547031,0.3786115
B2A,f77e3cb703.jpg,0.6959457866599692,0.60652775
B2A,f77f395731.jpg,0.5681056189802597,0.3884363
B2A,f790a14012.jpg,0.7745805977022492,0.31286287
B2A,f79d9de05d.jpg,0.7840192306603871,0.27199116
B2A,f7a011547d.jpg,0.9333859662805968,0.1837006
B2A,f7a821c3c8.jpg,0.7631345929093365,0.27593383
B2A,f7ae6e1d31.jpg,0.8174204857124784,0.43917817
B2A,f7c4d8033d.jpg,0.7040793493737917,0.5733833
B2A,f7c78a4eef.jpg,0.8023359838649414,0.38410527
B2A,f7d0dba843.jpg,0.6671195115655932,0.524524
B2A,f7d0f59566.jpg,0.7439580845387476,0.3084597
B2A,f7d17e77d6.jpg,0.8217841934777199,0.39535302
B2A,f7dbdb551f.jpg,0.7786817770441534,0.5167183
B2A,f7dc666b50.jpg,0.6985002801281089,0.36305043
B2A,f7eb84fdb7.jpg,0.8235163125789897,0.20598087
B2A,f7ee2469f6.jpg,0.8811791228307707,0.28548533
B2A,f7f1d58022.jpg,0.7489962370267466,0.33787364
B2A,f807c72b5d.jpg,0.5417015400174708,0.44188592
B2A,f819274637.jpg,0.8358868709309396,0.41251272
B2A,f81b1cc834.jpg,0.8105620984066014,0.3687971
B2A,f82e8c30ac.jpg,0.7865539628294681,0.46645352
B2A,f82fc48ba4.jpg,0.8116591741207472,0.6164284
B2A,f8350e28db.jpg,0.7926677173775388,0.31015873
B2A,f8363ba521.jpg,0.6376076853780811,0.43825996
B2A,f83b161ca3.jpg,0.8284612628161706,0.38831818
B2A,f83e5b4295.jpg,0.6489690409093051,0.53370315
B2A,f843be17f5.jpg,0.6812994470761765,0.47410443
B2A,f84566ed02.jpg,0.6529700964303277,0.5761256
B2A,f84d77a2a6.jpg,0.8570170329634396,0.40424636
B2A,f85694dfe6.jpg,0.8649344854460034,0.20492765
B2A,f86b847b43.jpg,0.8850149150400781,0.27415082
B2A,f876ba92ea.jpg,0.8532927466235606,0.43097675
B2A,f87a1ab16d.jpg,0.8118287396519469,0.4009895
B2A,f87deecaa2.jpg,0.7413502137213329,0.39491254
B2A,f888dde817.jpg,0.7782603731231595,0.22547148
B2A,f8905451b4.jpg,0.6394927619146581,0.5079613
B2A,f895871068.jpg,0.7386801942943667,0.45759684
B2A,f89bc86075.jpg,0.7154906005722664,0.424972
B2A,f8b6a915a9.jpg,0.9124150745709053,0.32627323
B2A,f8b73f1a33.jpg,0.6834053494999615,0.35265997
B2A,f8c19eaee6.jpg,0.6960631699653859,0.53725153
B2A,f8c63eea5a.jpg,0.6149392370987785,0.34303856
B2A,f8c8e456d7.jpg,0.8544835056980193,0.22895853
B2A,f8ca80aebb.jpg,0.8307616419106933,0.3557354
B2A,f8e10ef432.jpg,0.8933991256198598,0.16981791
B2A,f8e488ce75.jpg,0.8304764965372645,0.4325461
B2A,f8e6d9f481.jpg,0.7934118435181577,0.58411556
B2A,f8f04744fd.jpg,0.6323182085964062,0.5016971
B2A,f8f98ae176.jpg,0.7573600553911185,0.25859296
B2A,f8fac4e7ff.jpg,0.6360885922863314,0.44491974
B2A,f8ffd3ed06.jpg,0.7303963111759355,0.3249674
B2A,f901dfad23.jpg,0.6816308979106359,0.47994077
B2A,f904d3484c.jpg,0.7977974387679002,0.29997754
B2A,f9080ec43b.jpg,0.6235475611675604,0.34848392
B2A,f90edb8380.jpg,0.8691071520481649,0.31164247
B2A,f90ee2b0db.jpg,0.8867619038757726,0.16550294
B2A,f9151bda3c.jpg,0.5168013948002065,0.7289171
B2A,f917b1c32a.jpg,0.6027336586318773,0.5247151
B2A,f91c3d1f53.jpg,0.7533545176739677,0.29902458
B2A,f91eb42b36.jpg,0.818980153144118,0.2672639
B2A,f930392388.jpg,0.7109243090698621,0.39520144
B2A,f942443b5d.jpg,0.6698115409368839,0.5131478
B2A,f954a8be77.jpg,0.8655624039832316,0.334374
B2A,f969505f84.jpg,0.6741201072664289,0.2629804
B2A,f96a50841d.jpg,0.7826242222480168,0.5186334
B2A,f97072faf8.jpg,0.9020786044730076,0.291406
B2A,f975a1e01e.jpg,0.6427561111659695,0.46877772
B2A,f982a98853.jpg,0.8781371913912708,0.21786909
B2A,f9843ad01b.jpg,0.7018251085420286,0.34939224
B2A,f98627c542.jpg,0.9170309929788029,0.2455419
B2A,f9867ce748.jpg,0.7214268362393467,0.74265707
B2A,f9989c2bd5.jpg,0.8938242999815986,0.332151
B2A,f99a7a3267.jpg,0.7663437563764303,0.46416655
B2A,f99f52c7f5.jpg,0.7007839945402535,0.42249033
B2A,f99fe506ed.jpg,0.9031860860745753,0.20167468
B2A,f9a20c7988.jpg,0.654169516513585,0.7095696
B2A,f9b4495f70.jpg,0.8056323953730626,0.25686696
B2A,f9b4d017a3.jpg,0.7763748407465992,0.39391166
B2A,f9ba7b025e.jpg,0.7608497497230587,0.45851958
B2A,f9c9afcd78.jpg,0.8431380835645464,0.21887699
B2A,f9cd461b5e.jpg,0.8953658081227148,0.2159106
B2A,f9cf6e7e27.jpg,0.8341021433140982,0.2638924
B2A,f9e8571801.jpg,0.6770567553687603,0.557587
B2A,f9f59d905c.jpg,0.8300898667078362,0.17915054
B2A,f9f6bc6871.jpg,0.8469428046068336,0.29468787
B2A,fa0fde7844.jpg,0.7821297476375025,0.448785
B2A,fa24240abc.jpg,0.7970112903880007,0.26872838
B2A,fa307775e7.jpg,0.7408408904891545,0.56546485
B2A,fa3aba5483.jpg,0.8792596446158562,0.30131334
B2A,fa423fe5a3.jpg,0.8232001158417476,0.39507747
B2A,fa428459e2.jpg,0.7041754268575967,0.47593153
B2A,fa4326ff01.jpg,0.7396294381477682,0.5681115
B2A,fa47656f02.jpg,0.7831253971849447,0.27115998
B2A,fa48b1ceb5.jpg,0.7914709223373415,0.27801737
B2A,fa60f9a0c9.jpg,0.9111742200879039,0.18984167
B2A,fa63566e6e.jpg,0.652228047838275,0.62737286
B2A,fa728d214f.jpg,0.7329925924462511,0.2775775
B2A,fa751def39.jpg,0.7932294337879948,0.5698099
B2A,fa9a74e9a4.jpg,0.6545131752676835,0.4522134
B2A,fa9a768c9b.jpg,0.6627554981810896,0.40822044
B2A,faa4f82b52.jpg,0.8682345595450088,0.21715695
B2A,faaab4fb19.jpg,0.931396209297409,0.24687317
B2A,fac89a2440.jpg,0.8305944405228518,0.3452219
B2A,facc9d2df2.jpg,0.7639422134938274,0.40825865
B2A,fad67f0f19.jpg,0.7561669479073463,0.34586996
B2A,fb1779d922.jpg,0.7594026468769879,0.2845875
B2A,fb24316c57.jpg,0.7991868257156208,0.21743743
B2A,fb2a6a49d7.jpg,0.6989359631622158,0.6333677
B2A,fb362a6660.jpg,0.7635577604366656,0.29293683
B2A,fb3676a875.jpg,0.8762795358237343,0.33142382
B2A,fb546829cb.jpg,0.6059050573014565,0.5684235
B2A,fb562cd56b.jpg,0.6841441392093786,0.50000435
B2A,fb73e20575.jpg,0.8506870623071634,0.34377623
B2A,fb755692ce.jpg,0.7421873948164618,0.44263032
B2A,fb85264917.jpg,0.8332437854426383,0.20799522
B2A,fb8fb9b7c8.jpg,0.9018918655122674,0.26099628
B2A,fb97febc5f.jpg,0.9217452929035352,0.22453554
B2A,fb9c5403b8.jpg,0.8941430394549379,0.23193145
B2A,fbaa1647e7.jpg,0.8992267942738148,0.2635736
B2A,fbb5f72776.jpg,0.8246046230769392,0.25919482
B2A,fbb8e36b1c.jpg,0.8893726651175058,0.29449186
B2A,fbb8e5f081.jpg,0.8464403565458261,0.24679923
B2A,fbc1c4e45b.jpg,0.6636305276140139,0.4877019
B2A,fbc34e93dc.jpg,0.6971025234341817,0.40232486
B2A,fbc3754be3.jpg,0.8361585444022686,0.28549683
B2A,fbc70f973a.jpg,0.832892934332269,0.24117368
B2A,fbdaf94ace.jpg,0.6592440299171002,0.44499362
B2A,fbf3ab42e9.jpg,0.8606595376150981,0.24332991
B2A,fc02616c06.jpg,0.7888628752664663,0.37275976
B2A,fc043d38eb.jpg,0.8220448558038298,0.34148616
B2A,fc04ed2d42.jpg,0.8823169923228373,0.20255105
B2A,fc075619e7.jpg,0.7234721098390715,0.3697927
B2A,fc16c59788.jpg,0.7798358838099214,0.3526886
B2A,fc30e458d6.jpg,0.8140278501364142,0.31567994
B2A,fc458d4ee1.jpg,0.8257712307316075,0.25503096
B2A,fc49fb17f3.jpg,0.8519006187434119,0.3000486
B2A,fc51c26e2d.jpg,0.9246381130703428,0.30788052
B2A,fc59b308a8.jpg,0.8594527258711897,0.26136905
B2A,fc5feebdc8.jpg,0.7217622963225474,0.3680059
B2A,fc622b5577.jpg,0.9215705685948702,0.17209925
B2A,fc64e9fe13.jpg,0.8807986204213198,0.22738555
B2A,fc6d47c7b0.jpg,0.7719794539814009,0.45491618
B2A,fc9d809645.jpg,0.7621631130710734,0.3276908
B2A,fcaeb2fb17.jpg,0.8448468682817176,0.2829292
B2A,fcc0dc41b3.jpg,0.7571192831724477,0.374412
B2A,fcc59cb31d.jpg,0.8798238225657307,0.40386912
B2A,fcd35ead6e.jpg,0.7101824543391981,0.31226724
B2A,fcd5eaceb7.jpg,0.817308381323965,0.40810096
B2A,fcdd5b1e31.jpg,0.612855207687481,0.5954192
B2A,fce074b92c.jpg,0.5803303893637997,0.4564213
B2A,fd0071794a.jpg,0.7205447366571122,0.41126683
B2A,fd06d4e7e3.jpg,0.9097555921148166,0.2682528
B2A,fd0a02921a.jpg,0.6850267153045722,0.48130417
B2A,fd15f29d57.jpg,0.8135513283455882,0.19684884
B2A,fd1f9293ca.jpg,0.7159496825206714,0.41931385
B2A,fd20b4c41a.jpg,0.846263512715409,0.24229422
B2A,fd457c68d9.jpg,0.5923317531048661,0.7512735
B2A,fd48eb1f90.jpg,0.8957487870166376,0.29161394
B2A,fd49936788.jpg,0.7588042237658489,0.3208763
B2A,fd4debe229.jpg,0.8633339147474299,0.18680444
B2A,fd541f5f93.jpg,0.7949936011686508,0.38423052
B2A,fd5ce86649.jpg,0.8260928066391854,0.2549693
B2A,fd619e77af.jpg,0.7448963221553773,0.25666252
B2A,fd6b68436e.jpg,0.7347724079716409,0.42347682
B2A,fd6c9bcbfa.jpg,0.6187576860098588,0.39722994
B2A,fd7d170a69.jpg,0.7757000053059702,0.68989986
B2A,fd85d15361.jpg,0.6863799667896999,0.44924936
B2A,fd8c99d93b.jpg,0.7712618190802271,0.36198348
B2A,fd9767f897.jpg,0.7875038464134442,0.37850106
B2A,fda550148e.jpg,0.6999170047962953,0.59626293
B2A,fdad36c1e0.jpg,0.7515320714229397,0.36820248
B2A,fdb01f9aba.jpg,0.7557457726806052,0.2399968
B2A,fdb031e406.jpg,0.6138456822539712,0.4494993
B2A,fdc2b3b936.jpg,0.9375958330824192,0.3572092
B2A,fdc6c88003.jpg,0.853306178198202,0.35562932
B2A,fdce0c0d6d.jpg,0.6248351143248566,0.4893698
B2A,fdd33c1145.jpg,0.9080758050911142,0.09375537
B2A,fddc60bb99.jpg,0.8769395022051867,0.16013533
B2A,fddcadfd3a.jpg,0.7716025054096741,0.43160662
B2A,fde289be21.jpg,0.7725329718458849,0.3845977
B2A,fde28fae2a.jpg,0.7095550533516316,0.3324973
B2A,fde46f2be4.jpg,0.7051579971614392,0.47318766
B2A,fdf013342c.jpg,0.8094271362018755,0.5821519
B2A,fdf57fbe60.jpg,0.8536398293110803,0.36522657
B2A,fdf84c4887.jpg,0.8378116997044232,0.24334158
B2A,fdfc86a000.jpg,0.7851255643225113,0.30337405
B2A,fe00c3d087.jpg,0.8963732858183449,0.21523018
B2A,fe0a4f0e5a.jpg,0.8364144444760196,0.32278672
B2A,fe1561993e.jpg,0.9023545589262214,0.16432124
B2A,fe1c9d9e5a.jpg,0.8652381915121485,0.29826283
B2A,fe283d4ae3.jpg,0.6825539439649121,0.45519608
B2A,fe381a7c17.jpg,0.8778626866123143,0.44039544
B2A,fe3c9d0016.jpg,0.8785972397148086,0.25260794
B2A,fe3de96780.jpg,0.6894244558228507,0.65528554
B2A,fe3feb7d1b.jpg,0.6991459062642905,0.48332307
B2A,fe40ac1d8b.jpg,0.7914333043690742,0.22645518
B2A,fe4c4e4b6b.jpg,0.8033927149937207,0.37424076
B2A,fe5dc7ef05.jpg,0.5613673965525551,0.42630625
B2A,fe6152a619.jpg,0.7139712023420155,0.6509872
B2A,fe65abaafd.jpg,0.769671290831702,0.4158886
B2A,fe702a794e.jpg,0.5527235402857135,0.62347794
B2A,fe714c846e.jpg,0.699188018193538,0.3753274
B2A,fe7af9c427.jpg,0.778774974020923,0.40132877
B2A,fe9cc12ae1.jpg,0.5979035277333754,0.28014982
B2A,fea227771f.jpg,0.7244712913708984,0.4349643
B2A,fea42e4505.jpg,0.6709449088865632,0.55719745
B2A,fea4d4f76c.jpg,0.7604875046665166,0.37855256
B2A,fea5afe679.jpg,0.774465676352539,0.33772305
B2A,feb132e4c1.jpg,0.8528509089442313,0.22278422
B2A,fee0c39907.jpg,0.8187774273480495,0.25721687
B2A,fefb86c469.jpg,0.6790239347218774,0.4696183
B2A,fefcd07a5e.jpg,0.8508692289771406,0.2261221
B2A,ff03c98f0e.jpg,0.6596377393534769,0.37631926
B2A,ff2152ac2a.jpg,0.6168373483998545,0.61845446
B2A,ff258e79ce.jpg,0.6092230157214563,0.5038587
B2A,ff2cb6658c.jpg,0.9025144741181123,0.23367476
B2A,ff2f57429f.jpg,0.7361334988891485,0.3265218
B2A,ff3867d938.jpg,0.8050940253478889,0.29802018
B2A,ff46474c6d.jpg,0.8636467423111273,0.27323315
B2A,ff48e8580b.jpg,0.7716705317240959,0.39949223
B2A,ff58af0f3b.jpg,0.6778597571528902,0.36331058
B2A,ff5c15ab50.jpg,0.7613075146137578,0.3182822
B2A,ff6ed45562.jpg,0.7407343626735285,0.4224157
B2A,ff757d7db3.jpg,0.9248364407768741,0.19539303
B2A,ff769c35c9.jpg,0.8152914050933773,0.2711019
B2A,ff7d83bc1d.jpg,0.8497479662905274,0.33452868
B2A,ff853f993b.jpg,0.8529558061523126,0.2885413
B2A,ff9ca0e1bb.jpg,0.9125981923988792,0.20036241
B2A,ff9e94857b.jpg,0.8286849632425531,0.27350646
B2A,ffa1ee4875.jpg,0.563671411432104,0.5511587
B2A,ffa5d376be.jpg,0.8430555836687852,0.38931644
B2A,ffbbb24b43.jpg,0.5924470861430429,0.49285346
B2A,ffbdd43bfb.jpg,0.7741080656117737,0.46850377
B2A,ffc5b52a77.jpg,0.7222290303129998,0.34703547
B2A,ffcc20463a.jpg,0.8349601997011515,0.30989385
B2A,ffcdd249dd.jpg,0.9289352259944836,0.34335238
B2A,ffcf64f150.jpg,0.6004700382343579,0.4213428
B2A,ffd71fce61.jpg,0.7891632951365648,0.33427113
B2A,ffe1af8ca0.jpg,0.7193552844664194,0.4160321
B2A,fff5c33050.jpg,0.8140950931065195,0.31404945
B2A,fffaaaae65.jpg,0.6736533699502338,0.36561492
B2A,fffc0836d7.jpg,0.7841396036004753,0.36383522
