direction,file,content_cosine,lpips
A2B,000c1e3bff.jpg,0.7903005343075113,0.31642938
A2B,011835cfbf.jpg,0.8658923122853294,0.3863707
A2B,0260d15306.jpg,0.7066561305466253,0.35511187
A2B,049e293b93.jpg,0.7492745407410136,0.3617646
A2B,05144e306f.jpg,0.8553962232867762,0.3385614
A2B,052a77c020.jpg,0.8603470461509031,0.24740042
A2B,058f878b7c.jpg,0.8473593923870042,0.24983892
A2B,05b493ff42.jpg,0.9277778179534505,0.3216479
A2B,064487d630.jpg,0.8009491375229398,0.2577504
A2B,066fe4cbaa.jpg,0.8589613743193675,0.30359846
A2B,07fcaee35f.jpg,0.748077136485999,0.31767732
A2B,09b76b6471.jpg,0.8663315350162174,0.50525856
A2B,0a5075d42a.jpg,0.7862236495733993,0.28606817
A2B,0bd913dbc7.jpg,0.7883078010509879,0.35085207
A2B,0e3b3292da.jpg,0.8623754931283618,0.2867799
A2B,106757e5d8.jpg,0.7899807956665327,0.26039943
A2B,1078363ff0.jpg,0.8309416027593681,0.3454725
A2B,10c555c1b1.jpg,0.9300348202002892,0.21537264
A2B,118da0690c.jpg,0.7922120758825841,0.31390488
A2B,11ab570c5e.jpg,0.8102853897835851,0.3606118
A2B,11be65b3e9.jpg,0.8778148077293393,0.28438196
A2B,133b42e498.jpg,0.8115772799485312,0.2434544
A2B,14162de938.jpg,0.7624819429579329,0.38114828
A2B,14ff6e6a99.jpg,0.7502536475477412,0.2480843
A2B,158740962c.jpg,0.8720805817394247,0.27521747
A2B,16dabe418c.jpg,0.8645069889008599,0.48246887
A2B,17557a29cb.jpg,0.8464762966809973,0.35656583
A2B,1814cc6632.jpg,0.905133036493344,0.36273795
A2B,184d6c66cd.jpg,0.9109349925987916,0.2811152
A2B,1994b8d4a2.jpg,0.7983977396244444,0.23275068
A2B,19dc36ccb2.jpg,0.7655158244756454,0.29969996
A2B,1a127acf4d.jpg,0.8340405523479698,0.27221853
A2B,1e4e4e63c5.jpg,0.9009788763464835,0.4237855
A2B,1f22663e72.jpg,0.7644018071967024,0.33134508
A2B,1f9667f2a7.jpg,0.7846429098679275,0.37239188
A2B,22b1ac6b44.jpg,0.8392143505144558,0.2611515
A2B,23832dead5.jpg,0.8272807504222337,0.31754547
A2B,23b07c3769.jpg,0.8205157910414628,0.47101304
A2B,23d6aeb485.jpg,0.7558228060221956,0.4669234
A2B,23f0fbd77e.jpg,0.8923123647081765,0.27196044
A2B,24af733334.jpg,0.8297215551940039,0.33974767
A2B,252d9a4abc.jpg,0.8445470465067362,0.25686872
A2B,2581464ddc.jpg,0.89964886737641,0.2543524
A2B,25c9904782.jpg,0.8342284109014007,0.31870115
A2B,26b66eb819.jpg,0.8804811609256437,0.27754074
A2B,2759c1ed37.jpg,0.7431799404510209,0.40776122
A2B,281b73fb5e.jpg,0.8347821395127407,0.26346436
A2B,28deb43a71.jpg,0.7876651938107349,0.21522576
A2B,295eb5c521.jpg,0.8115192389884994,0.36951283
A2B,29696b4455.jpg,0.78173063081935,0.2822666
A2B,2acfbab228.jpg,0.8773815958723965,0.32919934
A2B,2c00f5147f.jpg,0.8471682511913787,0.3156301
A2B,2cca56415e.jpg,0.8113876113055702,0.41117203
A2B,2e0d0e6e19.jpg,0.7462660126760694,0.4028118
A2B,2f20944b6a.jpg,0.8104373679985734,0.3369713
A2B,2f90c99e10.jpg,0.7806184550651752,0.34148893
A2B,3283442e33.jpg,0.7089601887545474,0.37409326
A2B,32cc820303.jpg,0.8200753354045691,0.21630695
A2B,32e33792cc.jpg,0.8876924672140022,0.26240802
A2B,3417ace946.jpg,0.8182493451171527,0.40619132
A2B,344d1829bb.jpg,0.8266904552326103,0.31838664
A2B,3545597386.jpg,0.8749028241200832,0.27786005
A2B,369f6d07e8.jpg,0.7552416499100737,0.4470051
A2B,3843e221cc.jpg,0.8526758679865191,0.34385496
A2B,3b262c6726.jpg,0.8779605542984762,0.31781647
A2B,3c341ff93e.jpg,0.7593235984446468,0.3135119
A2B,3d13fe022e.jpg,0.7874370614683373,0.30780476
A2B,3deea9f4a4.jpg,0.8030482067606034,0.37821904
A2B,3eaef3ee43.jpg,0.8300416984524146,0.28789088
A2B,40d7d18ad3.jpg,0.8264450205617848,0.40357336
A2B,417e77e946.jpg,0.8131406733292792,0.27637058
A2B,4260d1c556.jpg,0.7488074680906948,0.34074426
A2B,429e382095.jpg,0.760659099701496,0.2860611
A2B,463835bbc6.jpg,0.8016601852812764,0.2958756
A2B,4660310c3e.jpg,0.8426599750842174,0.33328772
A2B,47a0548067.jpg,0.6221830869749287,0.4707129
A2B,488600cb75.jpg,0.8052227156320357,0.28750557
A2B,49337b68f4.jpg,0.8229937189687169,0.3395196
A2B,4995c04b1a.jpg,0.8654243960253282,0.17955506
A2B,4ab2583fe2.jpg,0.8790439223177884,0.28448352
A2B,4ad8b366c1.jpg,0.8025179199408307,0.39857367
A2B,4b0adf7c6f.jpg,0.8109913198329338,0.2822918
A2B,4bb4ca7b03.jpg,0.9004483232444245,0.27403632
A2B,4c0e35882c.jpg,0.7441355609473548,0.34835815
A2B,4c74254ad3.jpg,0.7964877133515142,0.3582299
A2B,4e05523825.jpg,0.8929836039199596,0.2700865
A2B,4f045779b0.jpg,0.8506540517775353,0.25281394
A2B,4f3f4ff590.jpg,0.8607788235736948,0.2245152
A2B,4f4de0bbba.jpg,0.8556050626005407,0.237779
A2B,4f7e01f097.jpg,0.8252449391492196,0.5777869
A2B,50855dd324.jpg,0.7765870801165045,0.25114846
A2B,512cd171a9.jpg,0.8046401456339735,0.30975097
A2B,5185e8c56a.jpg,0.8274717732909638,0.2328444
A2B,51bdd25f76.jpg,0.8913758248718782,0.32457334
A2B,51db3fc011.jpg,0.8246614178486091,0.2762704
A2B,526a110636.jpg,0.8362779965184806,0.35082242
A2B,52aed0f943.jpg,0.8164194969399309,0.35541326
A2B,52d12dc627.jpg,0.8021122676182411,0.2533752
A2B,52fc351abf.jpg,0.8796577083810828,0.2438978
A2B,536aa87152.jpg,0.7451821790505159,0.36725688
A2B,565f19268b.jpg,0.7903696571026371,0.34617415
A2B,586acab7c5.jpg,0.8521657212648286,0.4425358
A2B,5926f85cbf.jpg,0.7631889302257758,0.37213612
A2B,593db29cce.jpg,0.8654919308694979,0.2668351
A2B,599098859e.jpg,0.8180104998025477,0.32314909
A2B,59df696966.jpg,0.8142331286614723,0.31336445
A2B,5aa514ffac.jpg,0.8585405163620314,0.2655391
A2B,5c79cfe0b3.jpg,0.8410613149833378,0.27857462
A2B,5cb895b722.jpg,0.8306197667999918,0.3334985
A2B,5e357ad790.jpg,0.8691052967271092,0.36953884
A2B,5ffbfe68d4.jpg,0.8383906868236184,0.28629753
A2B,6043aadea0.jpg,0.8915433637018232,0.24816668
A2B,608ee0d370.jpg,0.8222129226044893,0.3135054
A2B,61e735361a.jpg,0.8130400440011673,0.34347224
A2B,632ddbc784.jpg,0.6836626047750135,0.42250767
A2B,661e374153.jpg,0.8593677306411824,0.28514522
A2B,66226e18fc.jpg,0.8385709753494817,0.2640374
A2B,66a144f547.jpg,0.8760973956026856,0.40319848
A2B,6742294320.jpg,0.7635433810010943,0.33904123
A2B,676a5a4c2e.jpg,0.8345648287522786,0.37515977
A2B,6782e7cb2a.jpg,0.7925166965760474,0.49042937
A2B,68729aac07.jpg,0.8298387254963503,0.46608847
A2B,68b60c04b7.jpg,0.7305234842974362,0.3391565
A2B,68d60af226.jpg,0.8883189283044901,0.27981663
A2B,695897bd4a.jpg,0.8611063988056532,0.37475297
A2B,69f4b75a37.jpg,0.8676310073157611,0.26481196
A2B,6a03aea8be.jpg,0.7854519818654357,0.43138304
A2B,6bbe0e63c6.jpg,0.8973588240896041,0.23032635
A2B,6bfbd1df5b.jpg,0.8169444441849751,0.2566741
A2B,6c6cc46498.jpg,0.7847330613925588,0.28856462
A2B,6d0e87f557.jpg,0.8520321043547475,0.5311909
A2B,6e0429f92e.jpg,0.7857152503540596,0.28463823
A2B,6ee7c39dbc.jpg,0.9206854425314555,0.27728695
A2B,6f0b9df5c5.jpg,0.8256601163923788,0.24376535
A2B,7017e6caa1.jpg,0.8418583319615843,0.45671085
A2B,7054793632.jpg,0.8630630347768422,0.28202468
A2B,70bc945f95.jpg,0.7642507303741186,0.5043433
A2B,718445ebe3.jpg,0.8237376904109949,0.4118056
A2B,7239ba0b55.jpg,0.7082837472710933,0.34095842
A2B,730f325b64.jpg,0.8563475267794742,0.2373817
A2B,732d76a469.jpg,0.5380376013191912,0.31211355
A2B,7341d96c1d.jpg,0.8623022310636791,0.25842297
A2B,73f33a12c5.jpg,0.8181969002746793,0.28170654
A2B,74e452fb31.jpg,0.8277394719351902,0.1969718
A2B,76cc7181f8.jpg,0.8463703345463853,0.299529
A2B,77b37629f2.jpg,0.8779897610076847,0.2903569
A2B,79224da51f.jpg,0.8033135836848027,0.265849
A2B,79292e1434.jpg,0.8957047086629393,0.24906653
A2B,7952021d2f.jpg,0.7993292416958694,0.4318274
A2B,7960adbd50.jpg,0.8304321158787404,0.47012427
A2B,7cb36714d0.jpg,0.8103563103625162,0.2877911
A2B,7d64c3100c.jpg,0.8029451006278491,0.32894415
A2B,8044a92484.jpg,0.815557818681674,0.24676087
A2B,8077b7e9e7.jpg,0.7838357666738919,0.3801828
A2B,8114fa2607.jpg,0.7700204238545364,0.39808258
A2B,815624563e.jpg,0.8874331901308206,0.3163214
A2B,82991e742a.jpg,0.8293093876110814,0.33197814
A2B,82b9fd68b1.jpg,0.8174817742560249,0.3012741
A2B,8314acfd35.jpg,0.7077870708932134,0.4599926
A2B,853f8d711f.jpg,0.8468033566270482,0.39551145
A2B,85580214be.jpg,0.7969066147805953,0.24468043
A2B,88402296cc.jpg,0.9126733039947614,0.23188886
A2B,893db2701d.jpg,0.9084714914382245,0.3046844
A2B,89964efa86.jpg,0.7899851659012349,0.25987065
A2B,89d970411d.jpg,0.8386066638345192,0.29051566
A2B,89fcbf2f76.jpg,0.8085513861128975,0.3148033
A2B,8b54448a07.jpg,0.8701099041002046,0.29899397
A2B,8b7948248f.jpg,0.8020606982567602,0.2622928
A2B,8b841420b4.jpg,0.8405474081253457,0.21102367
A2B,8c48e112d0.jpg,0.7392177025484553,0.32104897
A2B,8c8011c291.jpg,0.8076911589065592,0.29252854
A2B,8cfd45a2e2.jpg,0.8097276144044169,0.7128199
A2B,8e5ff15568.jpg,0.8267648623619613,0.24813688
A2B,8ee2933868.jpg,0.8092628630991239,0.26584256
A2B,8f02369f42.jpg,0.8231007709479617,0.21458149
A2B,910610e827.jpg,0.7674098673497761,0.2397151
A2B,910729e0ce.jpg,0.8181419959545201,0.32166287
A2B,92c0ba8c0d.jpg,0.8625201275490538,0.2020506
A2B,93132f89ee.jpg,0.696658986473705,0.3562507
A2B,932d0dd808.jpg,0.8413951186342199,0.33613333
A2B,95a53d7b0b.jpg,0.8837891406496018,0.23887801
A2B,95b5f01a85.jpg,0.8963053379907673,0.24274075
A2B,9843bc25c5.jpg,0.8852436352068674,0.18427771
A2B,9908d1daa9.jpg,0.7849211016026212,0.31016952
A2B,990ed28f62.jpg,0.7886402964081495,0.27197006
A2B,9963d64ebf.jpg,0.728671456056333,0.33901328
A2B,99a51d3e25.jpg,0.8368293376355611,0.34374064
A2B,99d94af5dd.jpg,0.8740285360694346,0.21379083
A2B,9ae6552353.jpg,0.8073829530917195,0.43388906
A2B,9d58456cc3.jpg,0.6329010852621848,0.47004855
A2B,9d9a4fccfb.jpg,0.7436829901497518,0.53709596
A2B,9db9843ed1.jpg,0.8268896651150008,0.32085735
A2B,9f409e3376.jpg,0.8132952719667939,0.32551706
A2B,9fc868e864.jpg,0.6148328946128926,0.28969586
A2B,a030bc32e6.jpg,0.835442541991164,0.2947359
A2B,a06b54dfe9.jpg,0.7948601581501006,0.30977592
A2B,a202b1b200.jpg,0.909745694236069,0.26732004
A2B,a210ceedc7.jpg,0.8794550293828185,0.27678335
A2B,a4e4a61fb2.jpg,0.7930925825510652,0.29908538
A2B,a59f3f5b89.jpg,0.7980488281900234,0.31482607
A2B,a619072f82.jpg,0.6821728584471158,0.48002714
A2B,a6291c2a1c.jpg,0.8624834825685328,0.27960122
A2B,a642e9cb6f.jpg,0.8216337049243819,0.31690204
A2B,a7977705be.jpg,0.7809647043635924,0.3232344
A2B,a7d53885e8.jpg,0.8170673547552753,0.40254968
A2B,a885da7b52.jpg,0.8565153591743043,0.3040151
A2B,a8fbbe3eb1.jpg,0.8257941503219572,0.20912905
A2B,a96b79a93f.jpg,0.7660394240742173,0.361471
A2B,aa76c7625a.jpg,0.7043438121818143,0.37634218
A2B,ad0101d010.jpg,0.7534463861191274,0.42267412
A2B,ad8ce41fc0.jpg,0.8351721746298416,0.30317038
A2B,b1310da865.jpg,0.8500538979348211,0.32265818
A2B,b13c0973ee.jpg,0.7954701715553857,0.2931534
A2B,b1ea5d5a7d.jpg,0.7869126370995196,0.3947626
A2B,b256e61a5d.jpg,0.8246430775134324,0.25313386
A2B,b2ce76c750.jpg,0.8022864068306915,0.39130178
A2B,b3adc75e7d.jpg,0.8289635767825692,0.39048433
A2B,b44f24c048.jpg,0.8578725178822151,0.33146554
A2B,b5c2fe7c4c.jpg,0.7486511249973371,0.6398436
A2B,b76d52e05a.jpg,0.8126733375627454,0.35945404
A2B,b99546090b.jpg,0.8396149258254284,0.30971074
A2B,ba52f976af.jpg,0.8087425433629865,0.24252984
A2B,baf6efabfe.jpg,0.8356954735387429,0.23824546
A2B,bbc5ac4564.jpg,0.8040144846090833,0.4057599
A2B,bc4b364a44.jpg,0.8392479263038835,0.304465
A2B,bf6db09354.jpg,0.8633666829355134,0.21434359
A2B,c14505c1da.jpg,0.8712407226595594,0.24298774
A2B,c1dc1a85a4.jpg,0.8983692277318737,0.25228596
A2B,c2576267d4.jpg,0.8595814905365263,0.38603497
A2B,c4622e3fb6.jpg,0.8418253932755715,0.33382
A2B,c67ba2060c.jpg,0.7936651712634817,0.3736618
A2B,c68c52e8fc.jpg,0.845920121705463,0.26375836
A2B,c6c360756c.jpg,0.774186182947657,0.3355242
A2B,c6c88ce9c4.jpg,0.7431272792184717,0.30401728
A2B,c78b4fa3a9.jpg,0.8768158742820045,0.17390665
A2B,c7d8142152.jpg,0.8693594093495709,0.26858526
A2B,cb50326950.jpg,0.8695659494791883,0.23837572
A2B,cb9c553ded.jpg,0.838610250818047,0.31776008
A2B,cc2bb659f4.jpg,0.867354684280792,0.30773506
A2B,cd6623d07d.jpg,0.704692861116955,0.24304998
A2B,cdddf326e3.jpg,0.7762382896976765,0.37308988
A2B,ce3e0daddd.jpg,0.8162274934662849,0.34898987
A2B,ceb6cf5f31.jpg,0.9128839888073699,0.27592275
A2B,cf6488d84c.jpg,0.599589878220747,0.37598324
A2B,cfc6fce7b5.jpg,0.8107880452304553,0.26930922
A2B,d05cab011d.jpg,0.9225396398608193,0.25531378
A2B,d087730b76.jpg,0.8111836281724062,0.22497953
A2B,d14c1abdd4.jpg,0.8583429667502741,0.3362553
A2B,d1d9748a64.jpg,0.8559332620007338,0.33311546
A2B,d239dae42d.jpg,0.8234265794119714,0.43934277
A2B,d4116437bb.jpg,0.8487405767197009,0.33286592
A2B,d50049fbfc.jpg,0.7850957573594072,0.2698536
A2B,d5b0c260a0.jpg,0.8451554213397966,0.28026882
A2B,d6d6e625bd.jpg,0.7950046407705239,0.36418188
A2B,d729785cb8.jpg,0.8551271840772816,0.2887951
A2B,d754850d01.jpg,0.8791443139167788,0.30678543
A2B,d7948c7635.jpg,0.8683056303867626,0.32862434
A2B,d88482796d.jpg,0.820623263360333,0.28949147
A2B,d9e8704878.jpg,0.8366554856788706,0.3188275
A2B,da72006ef5.jpg,0.835363353663454,0.33446017
A2B,dc33f0edbe.jpg,0.8630944815942664,0.42401946
A2B,dcab49d080.jpg,0.7192004555653352,0.40329137
A2B,dcf5ea1040.jpg,0.8487897926490804,0.32944334
A2B,dd46691bd7.jpg,0.8950532464744585,0.30460525
A2B,de6f71b00f.jpg,0.8266259994210313,0.25830328
A2B,df64ac2dcb.jpg,0.8641928220988846,0.282507
A2B,e2253b87a0.jpg,0.8170954679229152,0.3463157
A2B,e291f8144f.jpg,0.701214762310843,0.3569826
A2B,e3112413b1.jpg,0.8502233423875117,0.39675215
A2B,e37407c747.jpg,0.8450141620898026,0.3954836
A2B,e510a74d3c.jpg,0.81444910087863,0.34614214
A2B,e568f84fad.jpg,0.8402021715767413,0.41185567
A2B,e753318d04.jpg,0.8553045953074788,0.3879154
A2B,e88d9de918.jpg,0.8597217888180525,0.263583
A2B,e9580cd500.jpg,0.7841949541575355,0.33531672
A2B,e9f5563817.jpg,0.8744530491647384,0.24322744
A2B,e9f686534b.jpg,0.857986513525756,0.24115469
A2B,eb3cc5c559.jpg,0.866401613041343,0.31348044
A2B,ec3398cef9.jpg,0.8472927538895265,0.31265908
A2B,ec78d80dbd.jpg,0.8147136828640216,0.37334055
A2B,ed597655a0.jpg,0.7815918045031618,0.40145108
A2B,ede9769cb3.jpg,0.7918060943885162,0.44070172
A2B,ee7adac58f.jpg,0.86195110214018,0.29625842
A2B,f04c9d8e34.jpg,0.7898185999163261,0.34272468
A2B,f0884db067.jpg,0.8618251913207429,0.3410428
A2B,f0d789c4bc.jpg,0.8448868622627567,0.26656944
A2B,f4413e97bd.jpg,0.7435405617034988,0.35097492
A2B,f486c1655f.jpg,0.8753458350982147,0.4907933
A2B,f7836c88eb.jpg,0.8031628366942503,0.27361876
A2B,f821791c85.jpg,0.7697918660025166,0.3784336
A2B,f84fb4516a.jpg,0.8266621193302175,0.4215065
A2B,f96a8de9f3.jpg,0.6935730235741153,0.539734
A2B,fb3b06dcb2.jpg,0.8446416795161944,0.31002098
A2B,fb806a2a1c.jpg,0.850352265613239,0.39626092
A2B,fb93438ff9.jpg,0.8328127910954413,0.2773412
A2B,fba982625d.jpg,0.8284400277369862,0.38803324
A2B,fc11d52502.jpg,0.7801230364700105,0.26160303
A2B,fd63a333f1.jpg,0.8294408814525834,0.23706087
A2B,fdf1530d95.jpg,0.8645079753337787,0.39067012
A2B,ffd74c77ea.jpg,0.6997463436939495,0.31984472
B2A,00068bc07f.jpg,0.7010423140288572,0.3583325
B2A,000910d219.jpg,0.7114412819535038,0.41061455
B2A,000ded5c41.jpg,0.6036841304072508,0.46605653
B2A,00104fd531.jpg,0.7083733334959631,0.4330549
B2A,001158d595.jpg,0.780812187480121,0.288427
B2A,0033c5f971.jpg,0.7119656759574885,0.44618917
B2A,0039ebb598.jpg,0.5554498919076383,0.51435065
B2A,003aab6fdd.jpg,0.786031617312566,0.40527865
B2A,003c6c30e0.jpg,0.808495871316283,0.35858837
B2A,00479e2a21.jpg,0.8302210184621478,0.39374644
B2A,005f987f56.jpg,0.6552119368443585,0.44169328
B2A,0080f94ebc.jpg,0.7797916016585464,0.31573945
B2A,00882b7e1d.jpg,0.6546322419551769,0.4020388
B2A,009d534136.jpg,0.7728372934738943,0.3335335
B2A,009ddaed1f.jpg,0.8460334979396812,0.36612165
B2A,00aeb60e25.jpg,0.6608917804217002,0.35367393
B2A,00c6a0ad1e.jpg,0.8202315084247118,0.38000342
B2A,00dcf0f1e3.jpg,0.7740937054188716,0.32339388
B2A,00dff09ebe.jpg,0.8320940306119841,0.390507
B2A,00e1798585.jpg,0.7873593249684178,0.326729
B2A,00e64e1b2c.jpg,0.7201397265029008,0.35365948
B2A,00f78547f0.jpg,0.74892900310952,0.43535426
B2A,00fcff630e.jpg,0.8439243466039212,0.41967532
B2A,01135e4771.jpg,0.8455902552155168,0.29599547
B2A,011f46de73.jpg,0.6973868094429369,0.3300566
B2A,012df5ce29.jpg,0.902734797670388,0.2698631
B2A,01416e7ada.jpg,0.8084949576031976,0.44141608
B2A,01480da48f.jpg,0.5758716129824676,0.50209856
B2A,0159685c51.jpg,0.6295077934277492,0.502345
B2A,015f79b672.jpg,0.8299187112296549,0.32126755
B2A,01622039ef.jpg,0.7418689834210139,0.36917537
B2A,0162322d2d.jpg,0.7277468220983424,0.35938537
B2A,016d408833.jpg,0.7857614237522578,0.3744968
B2A,016f524878.jpg,0.789822131834176,0.2857551
B2A,017018f377.jpg,0.6565217659514413,0.55170304
B2A,01771d99c3.jpg,0.6519984435888048,0.44978887
B2A,017aacad6e.jpg,0.8113350769765094,0.4331681
B2A,018be60883.jpg,0.7331417656096885,0.39976352
B2A,018db0f253.jpg,0.743816666349489,0.43098074
B2A,01952c7673.jpg,0.8101903999220108,0.44324547
B2A,01971e48e5.jpg,0.5574142947537449,0.4787168
B2A,019cf7682d.jpg,0.787648966219695,0.25449783
B2A,01ae8be57e.jpg,0.8747149683174135,0.30008653
B2A,01af5f8623.jpg,0.7665793561635666,0.25886616
B2A,01bce47d3f.jpg,0.7130062360253772,0.42452008
B2A,01c4f86e3e.jpg,0.541241037541422,0.4441388
B2A,01f7a6398e.jpg,0.8162270186270563,0.36468974
B2A,02001e59af.jpg,0.8447839836557373,0.31590745
B2A,0212257854.jpg,0.7466452006648592,0.3859871
B2A,021df2c226.jpg,0.6112631180426708,0.35737878
B2A,022ca16b0f.jpg,0.5792043175408024,0.3989398
B2A,023637f8fb.jpg,0.7118726020022774,0.4679285
B2A,023eed0385.jpg,0.7213929721444009,0.4258889
B2A,023f3cbb75.jpg,0.7078098167547291,0.29596448
B2A,0240a597f5.jpg,0.7467348019972945,0.45215446
B2A,024d98032b.jpg,0.8477310165950224,0.39226508
B2A,0254fc91bd.jpg,0.7865671945174738,0.42355457
B2A,02620a36f7.jpg,0.7921586473811032,0.4577245
B2A,026ac33f9c.jpg,0.7666405155457982,0.3908878
B2A,029524fd91.jpg,0.7722325332000112,0.4643392
B2A,029854a790.jpg,0.631116361793985,0.587084
B2A,02a1366c74.jpg,0.7230751226347764,0.37103257
B2A,02a4445906.jpg,0.6618235129700123,0.37676558
B2A,02b232fc78.jpg,0.8478809906985729,0.3401265
B2A,02c43186c8.jpg,0.797459097067855,0.40331817
B2A,02c6c1f6a9.jpg,0.7653472185238374,0.3264206
B2A,02cd89f56d.jpg,0.8172026166406834,0.46433526
B2A,02d763f1c2.jpg,0.7363468059770688,0.4295611
B2A,02ded12bbd.jpg,0.4501481495628506,0.6053461
B2A,02ea18a456.jpg,0.8222590131933448,0.33462727
B2A,02ec33e094.jpg,0.7815931076901284,0.41196197
B2A,0312af1e14.jpg,0.5738068534584309,0.47074378
B2A,032389e868.jpg,0.7105096614564573,0.3875991
B2A,03242238ae.jpg,0.7821057012756744,0.4337731
B2A,0324f82fee.jpg,0.7924085921774857,0.36149573
B2A,0341fa51d0.jpg,0.6782425401273189,0.49827254
B2A,0344a47135.jpg,0.7794194821148314,0.30113107
B2A,034627340c.jpg,0.7901010700689189,0.25289774
B2A,0362dd81bb.jpg,0.6969630136466869,0.36459437
B2A,0378bcc7c9.jpg,0.7919744256781064,0.2917483
B2A,03950208ff.jpg,0.8193375535037545,0.45192167
B2A,03a17d96e1.jpg,0.6080335526530495,0.47207344
B2A,03a21c1b9c.jpg,0.4926567329259866,0.3653549
B2A,03a2b7ce83.jpg,0.6431847628159274,0.4575966
B2A,03ae080a47.jpg,0.786597192668922,0.34703285
B2A,03ae26ed88.jpg,0.7042969336504361,0.35460192
B2A,03bac83f64.jpg,0.6789409066858142,0.4161712
B2A,03be88270f.jpg,0.7960152318283786,0.34510317
B2A,03c5d1d098.jpg,0.6461401835339056,0.47445625
B2A,03c9f2e3c2.jpg,0.8084554511588068,0.48633462
B2A,03c9f3d584.jpg,0.6859879860287917,0.29165322
B2A,03cc206144.jpg,0.7324067555818008,0.38431117
B2A,03d47c18a5.jpg,0.7625960368465418,0.4058966
B2A,03d6a4d860.jpg,0.6490830073555954,0.4468134
B2A,03dde7a28f.jpg,0.8736111770819027,0.40596592
B2A,03e48faafa.jpg,0.738452811818147,0.3377457
B2A,03fd7067c1.jpg,0.8036684260475595,0.41927686
B2A,03fe5d2263.jpg,0.7156655099385274,0.4648803
B2A,0409e76de0.jpg,0.6803174192748719,0.4173367
B2A,0425fc7ce5.jpg,0.7213298092923672,0.34418646
B2A,042f0e804d.jpg,0.7972325329638503,0.35433686
B2A,0435dc46a4.jpg,0.6881692343007367,0.31962615
B2A,0436aaaf16.jpg,0.6590677632858769,0.43077314
B2A,04387e4338.jpg,0.6781565466690166,0.5376151
B2A,043b541b77.jpg,0.9158317037276824,0.3177417
B2A,044c1653cf.jpg,0.6547760240890745,0.4346357
B2A,0450d4f8ae.jpg,0.726690880576182,0.36486256
B2A,0451cdb867.jpg,0.6331339739665127,0.4678268
B2A,045e937903.jpg,0.6995466882608657,0.4146672
B2A,0466d4cdf9.jpg,0.6708404168631651,0.39730734
B2A,0473a25050.jpg,0.7666805510254437,0.39745235
B2A,047acab66b.jpg,0.7814521814017675,0.5046042
B2A,047da870f6.jpg,0.7920552223112569,0.286039
B2A,04838b8b1e.jpg,0.795560071712961,0.40974766
B2A,049576d31c.jpg,0.8161015946348117,0.46338665
B2A,049b0ece59.jpg,0.8304302968651031,0.28359392
B2A,04a5fc42e1.jpg,0.7879502391891221,0.343365
B2A,04b8bfdb1c.jpg,0.7541959402382195,0.24701399
B2A,04cb1f4705.jpg,0.6994011601146547,0.3295624
B2A,04cf8e6d5f.jpg,0.6493434391168111,0.32232127
B2A,04d7e14fbe.jpg,0.6933993521758334,0.3443517
B2A,04d91d7bda.jpg,0.7156029071768302,0.5201201
B2A,04e32c4dc1.jpg,0.8396379688950548,0.4513541
B2A,04ec8c9ec2.jpg,0.696011481460055,0.31909317
B2A,04f59976b5.jpg,0.7373778008671036,0.27219552
B2A,04f71da37b.jpg,0.6213195088992235,0.51229966
B2A,04f72d81b0.jpg,0.7844732055995951,0.3335969
B2A,04f80539d7.jpg,0.8454334833968666,0.3548342
B2A,04fa2a606d.jpg,0.7486917500508222,0.3676677
B2A,04fa456bc9.jpg,0.6700607951204149,0.46477005
B2A,05057d04f7.jpg,0.8623966535818849,0.29367483
B2A,0506726dbd.jpg,0.7071204718922314,0.39194736
B2A,050da171c0.jpg,0.7212960960026314,0.4055157
B2A,051159e33a.jpg,0.6558223204650477,0.48534393
B2A,051a7c9ae6.jpg,0.7070154344166033,0.27100798
B2A,051bde8166.jpg,0.7369051985333818,0.3403336
B2A,051c1b5ee3.jpg,0.7577923233935261,0.3663342
B2A,0529dd48c8.jpg,0.6471851513979119,0.34215027
B2A,053024baa2.jpg,0.7532799782192704,0.47744063
B2A,0541ce0c1a.jpg,0.7329702644481371,0.38510495
B2A,0547a52b93.jpg,0.623547256447162,0.34504476
B2A,054f264b2e.jpg,0.7427562874519258,0.36959153
B2A,054f375c69.jpg,0.8070883805440837,0.30680233
B2A,05557b0148.jpg,0.5690348927908042,0.4151004
B2A,055c3026f8.jpg,0.8175158655780285,0.3661012
B2A,055dac1e18.jpg,0.815257596565077,0.26849276
B2A,055e5dca6e.jpg,0.7433900742156612,0.5035807
B2A,05646c5cdb.jpg,0.8244796526445871,0.38605943
B2A,0572f32305.jpg,0.7202716232261215,0.46643198
B2A,057d83cdee.jpg,0.8834818361462151,0.33537537
B2A,058af422c6.jpg,0.8495010214716642,0.31615222
B2A,0597c38d69.jpg,0.7420837481233937,0.38025635
B2A,05a3801bed.jpg,0.7441982776813557,0.3845261
B2A,05a84fad61.jpg,0.7168252588661664,0.46202013
B2A,05c885c810.jpg,0.8661610103556223,0.28198245
B2A,05ca68299e.jpg,0.6146773559665356,0.33333412
B2A,05e37a8900.jpg,0.858530207559563,0.39700934
B2A,05e88ecd0a.jpg,0.6951141033427661,0.37222505
B2A,05f0db4d14.jpg,0.7266573688896214,0.49553588
B2A,05f22b97da.jpg,0.7926792982176124,0.28562567
B2A,05f4b38e6e.jpg,0.7152078408664574,0.54784465
B2A,06058e6cb0.jpg,0.6526397541441409,0.56758404
B2A,0606110c45.jpg,0.8107725342314029,0.31903914
B2A,061bb611e0.jpg,0.6766869747356671,0.3796412
B2A,061f0095f0.jpg,0.7757554279686378,0.3731128
B2A,062313a97c.jpg,0.6724564091574926,0.33181626
B2A,06371834cb.jpg,0.5018907361639606,0.53267384
B2A,063ab57d41.jpg,0.8348617421954357,0.2616828
B2A,064b9119de.jpg,0.7701157484409481,0.4747634
B2A,064babb7f0.jpg,0.6850868009592849,0.34129727
B2A,064f91250d.jpg,0.7322951122746052,0.49471235
B2A,065b649ac7.jpg,0.7540400496847093,0.5416009
B2A,0665264678.jpg,0.8743476812902607,0.35723674
B2A,066b81e0f9.jpg,0.7625564662425932,0.3345753
B2A,068381ad63.jpg,0.8158400365822525,0.36387652
B2A,068cc6fe3f.jpg,0.6366393181916131,0.3184285
B2A,0696f8142e.jpg,0.788265115069488,0.42654628
B2A,069e6e5b82.jpg,0.8219857374706939,0.3719144
B2A,06a5930183.jpg,0.8811396161016782,0.3025294
B2A,06a9cf2d11.jpg,0.7224598057568441,0.49234065
B2A,06b2c2dfca.jpg,0.739860508613734,0.37442097
B2A,06b8114f82.jpg,0.693192091665099,0.38952392
B2A,06c2d19658.jpg,0.7130802102735391,0.406173
B2A,06c549794b.jpg,0.8173401041252101,0.4199644
B2A,06c89c4c23.jpg,0.6708837813141693,0.4044929
B2A,06c9326c86.jpg,0.7161949624571327,0.389292
B2A,06e117b31e.jpg,0.801142779256643,0.3358208
B2A,06e156d8ba.jpg,0.8409187237057164,0.30211067
B2A,06f749912b.jpg,0.5300882008184702,0.33466503
B2A,07054731ab.jpg,0.6988298383341364,0.46969503
B2A,0709ff32ee.jpg,0.6333522568104818,0.2965062
B2A,0711866dcd.jpg,0.6174309390232514,0.5159162
B2A,071c375c2c.jpg,0.7727329361446995,0.3740049
B2A,0723d52098.jpg,0.8095466498434387,0.3706163
B2A,0724805941.jpg,0.722003994338173,0.38627115
B2A,072f1336c9.jpg,0.7218571974221828,0.46066016
B2A,07362b3f42.jpg,0.7477649675562,0.4379415
B2A,073e8b3056.jpg,0.735088791599712,0.40868184
B2A,074218de82.jpg,0.7564418409884954,0.44530684
B2A,074ea8cb6e.jpg,0.6080499695164562,0.366607
B2A,07573a95f6.jpg,0.6801232368332101,0.451579
B2A,075e8d4617.jpg,0.8667273728609587,0.3109305
B2A,0761281e3b.jpg,0.607644523286238,0.4982355
B2A,076c62582d.jpg,0.8078312245627287,0.26163197
B2A,0770ea1a07.jpg,0.713095246881745,0.37894338
B2A,077bf7e451.jpg,0.6291991194969644,0.44974262
B2A,078cd3ce07.jpg,0.6398691396330848,0.36799604
B2A,078fd1bc42.jpg,0.6956380619332613,0.43849355
B2A,07939b1fde.jpg,0.8401907087762103,0.35040462
B2A,079da3af1e.jpg,0.6886826086216463,0.4051135
B2A,07b7fdff1b.jpg,0.5619466127362364,0.502054
B2A,07bf7d7df1.jpg,0.7520121859567719,0.37535784
B2A,07cb260548.jpg,0.7302095964487074,0.33127016
B2A,07e9bc5956.jpg,0.7033400305806149,0.32616597
B2A,07ea3a38d2.jpg,0.6436568747026394,0.41714936
B2A,07f37dfe50.jpg,0.8722719520247361,0.34586725
B2A,07f730ef9a.jpg,0.7602757245141427,0.5279415
B2A,08009f0be5.jpg,0.7595469742399791,0.34058627
B2A,0811c84b0c.jpg,0.8293012287816582,0.2929976
B2A,081955febb.jpg,0.8010720655659378,0.25882322
B2A,08247a7020.jpg,0.724144398537467,0.42087072
B2A,082786cc1f.jpg,0.6683159525595985,0.3457908
B2A,08341635fa.jpg,0.7698665114632506,0.47178978
B2A,0844c2cddf.jpg,0.7573168502604711,0.41554525
B2A,0845e8dc24.jpg,0.5104642862135803,0.43205205
B2A,085c73097f.jpg,0.6638189857725255,0.39780128
B2A,0860f1e141.jpg,0.8716828873367568,0.29678333
B2A,08645ef69b.jpg,0.6716599961898633,0.38993353
B2A,087e779e73.jpg,0.7280849774274312,0.32932162
B2A,08874a6ee1.jpg,0.7982799712868126,0.39566773
B2A,088972cf3f.jpg,0.7230381658866206,0.30513003
B2A,089406822c.jpg,0.7622130906552065,0.31960154
B2A,08a203b59d.jpg,0.65777459081614,0.42947185
B2A,08acc490a3.jpg,0.6628556632348519,0.30092692
B2A,08b790bca7.jpg,0.8913831791741746,0.5388648
B2A,08c1754f70.jpg,0.6576169279769558,0.31177086
B2A,08cbd0d6c4.jpg,0.8152465027206536,0.27628627
B2A,08cbd51033.jpg,0.7911930024639467,0.3575669
B2A,08d7603c9c.jpg,0.855805520836499,0.37329334
B2A,08da1e5774.jpg,0.8282157233722369,0.29985213
B2A,08e3354189.jpg,0.7198023256362023,0.3370759
B2A,08fa88c02c.jpg,0.6455061946986522,0.31456155
B2A,08fa8a6f26.jpg,0.7906318216364213,0.4644041
B2A,08fd7ac09b.jpg,0.8634362439675275,0.31082717
B2A,090d5b3cca.jpg,0.778437446031697,0.32799208
B2A,091b6b9b07.jpg,0.8299660222151395,0.35621932
B2A,0922bbb3c1.jpg,0.7995837575363678,0.2758581
B2A,0932ad9605.jpg,0.8838927049925952,0.3334778
B2A,0938dc0298.jpg,0.6543850289464085,0.55158484
B2A,0939723138.jpg,0.8333770933481545,0.2532284
B2A,093be92a48.jpg,0.7272263768713593,0.27709368
B2A,093e24f728.jpg,0.7378533722001228,0.47584242
B2A,0945008455.jpg,0.6950050585892507,0.36626074
B2A,09591edd0a.jpg,0.8003524026609713,0.32675037
B2A,095bc5a33d.jpg,0.7247789532729915,0.4020782
B2A,096165f6f0.jpg,0.8303956201447881,0.35781598
B2A,0962094f25.jpg,0.7717175808041574,0.28575113
B2A,0963accefe.jpg,0.8265891047842228,0.28363276
B2A,096495c50c.jpg,0.7711034196577887,0.35856906
B2A,096bae8cd9.jpg,0.8111659741182737,0.3496778
B2A,096da37ff7.jpg,0.8816348081974414,0.30796173
B2A,096f009762.jpg,0.7024420629814987,0.37944233
B2A,09748274a3.jpg,0.8691357747491268,0.333237
B2A,09756af6f7.jpg,0.7784896479640376,0.4294877
B2A,097b3ce81a.jpg,0.89669307511927,0.35325325
B2A,097d38ef3b.jpg,0.8113064957551177,0.36092332
B2A,09816286d3.jpg,0.862791142115204,0.4663123
B2A,0984136f36.jpg,0.5461654679637183,0.51874125
B2A,098b35d919.jpg,0.752473466468228,0.4274625
B2A,098c0ce670.jpg,0.7141662145018763,0.42812693
B2A,098fde2b22.jpg,0.7492179978122226,0.3813501
B2A,099159901a.jpg,0.6997776054301272,0.5454844
B2A,099395535c.jpg,0.7628196335381949,0.305133
B2A,09986b5a14.jpg,0.6747757967694173,0.4863065
B2A,09a43d2264.jpg,0.7654320926246321,0.3447139
B2A,09bebf108f.jpg,0.8158809353818631,0.32850808
B2A,09c874df81.jpg,0.8870020455539767,0.3684395
B2A,09d34f7412.jpg,0.7785553728596198,0.39190704
B2A,09ddb5e4c9.jpg,0.6916427301345122,0.41421688
B2A,09e084658a.jpg,0.7298187027394256,0.3455391
B2A,09e1b696b4.jpg,0.8439543455267801,0.23662773
B2A,09e2982b82.jpg,0.6669822361631632,0.53110576
B2A,09e8393bd1.jpg,0.6604763350697105,0.44600424
B2A,09ec565e3a.jpg,0.7607054755684614,0.42019337
B2A,09f57ab8c5.jpg,0.7768989864591618,0.28456992
B2A,09fc404e31.jpg,0.7298351884306394,0.6855724
B2A,09fcd10b7e.jpg,0.7256622420982672,0.3540011
B2A,0a0c3a6d07.jpg,0.7039354568060309,0.471613
B2A,0a0d3e6ea7.jpg,0.7878886402604373,0.3539374
B2A,0a1d1b9f8e.jpg,0.7815792167811311,0.4798405
B2A,0a271892d0.jpg,0.6927047635452938,0.32732463
B2A,0a284dbed0.jpg,0.7251243787941735,0.3456335
B2A,0a2e5f728d.jpg,0.6588144403231759,0.5317683
B2A,0a325fc655.jpg,0.7388915251789421,0.42003047
B2A,0a44c8287d.jpg,0.7965118491340503,0.5099679
B2A,0a49020ae5.jpg,0.8091371204285337,0.30344957
B2A,0a497f768d.jpg,0.8163352381137724,0.38711524
B2A,0a6091114d.jpg,0.8115172070355917,0.45449376
B2A,0a6279ef66.jpg,0.7511252728729741,0.4187921
B2A,0a6e92d928.jpg,0.7286329147926595,0.28450584
B2A,0a74701f65.jpg,0.8634363996805939,0.3404053
B2A,0a7a8e30bd.jpg,0.7463983941644066,0.40182108
B2A,0a7b607c9c.jpg,0.791517666219588,0.31781527
B2A,0a8839fac9.jpg,0.7737502775977403,0.28363875
B2A,0a996d988b.jpg,0.758722162589888,0.23889536
B2A,0aa4202c77.jpg,0.7682882234173241,0.3812855
B2A,0aaf6960c4.jpg,0.831680583365044,0.26862153
B2A,0abbeddf71.jpg,0.7562168612348696,0.43314978
B2A,0abbf2fd4b.jpg,0.7431755475976798,0.5322015
B2A,0ac4b6aaaa.jpg,0.8859388286669989,0.24444588
B2A,0ac84db7bc.jpg,0.5610842493303526,0.5052511
B2A,0ad13029a9.jpg,0.7577305102922623,0.4672078
B2A,0ad956708f.jpg,0.8855067836222212,0.28976417
B2A,0ae5e9bfe2.jpg,0.6994634272971433,0.2801947
B2A,0aec1f9701.jpg,0.8190997691042864,0.36173442
B2A,0b0bf6fe85.jpg,0.762062014530895,0.34371996
B2A,0b1669c3ea.jpg,0.7436046574416092,0.44243994
B2A,0b21ce3df6.jpg,0.827567983928823,0.34854636
B2A,0b2454f0e3.jpg,0.7534620849255722,0.32235515
B2A,0b2f2a3e59.jpg,0.8636445453344456,0.3809445
B2A,0b3fd12ac9.jpg,0.8122709707331991,0.30133104
B2A,0b461ab035.jpg,0.8852795014270027,0.34310922
B2A,0b48073b83.jpg,0.7407336428517394,0.42125732
B2A,0b4dbff7c8.jpg,0.862233502053489,0.2888068
B2A,0b4f93c337.jpg,0.8075162232940855,0.4362504
B2A,0b53fd3e90.jpg,0.7796350363894446,0.37823498
B2A,0b68939003.jpg,0.7988746414235159,0.31431776
B2A,0b6b4bfc29.jpg,0.8487489875359161,0.2591741
B2A,0b91f359c5.jpg,0.6549868426878437,0.47896802
B2A,0b97d70d93.jpg,0.8116790927366588,0.3124745
B2A,0bb9d1a3cf.jpg,0.8767630634164969,0.35673088
B2A,0bcecb1330.jpg,0.7466018819386134,0.4889731
B2A,0bddd37684.jpg,0.7693490359349261,0.42039
B2A,0bde6ba99b.jpg,0.6721480123955181,0.4035218
B2A,0bdf3110dc.jpg,0.7605103727685928,0.43662208
B2A,0bede4ba4e.jpg,0.6155844338460099,0.21895187
B2A,0c18bf8536.jpg,0.821363492659054,0.26886767
B2A,0c21bed0d8.jpg,0.6480246841025359,0.2830106
B2A,0c272fcde8.jpg,0.8567374992274116,0.33292985
B2A,0c4ebc7f6a.jpg,0.6991381086431817,0.36924097
B2A,0c64451f58.jpg,0.7345483253708858,0.42491555
B2A,0c64b00832.jpg,0.7736608647888089,0.35872242
B2A,0c696d12a2.jpg,0.8439658442423024,0.32866988
B2A,0c6b56bba9.jpg,0.7476417258938538,0.34125558
B2A,0c6b63c2c5.jpg,0.6258530544474746,0.5042884
B2A,0c6c9d8ce7.jpg,0.8393978182424084,0.3221873
B2A,0c6e6b52be.jpg,0.7354430409533724,0.3510203
B2A,0c6fcdf1f5.jpg,0.6912689915737829,0.371741
B2A,0c781e1538.jpg,0.687927012728373,0.30301854
B2A,0c7e07acd3.jpg,0.7134073385282127,0.326599
B2A,0c8a94c597.jpg,0.7787988270902145,0.323153
B2A,0ca5b3c96a.jpg,0.8257043064506753,0.3408725
B2A,0cac1bcf2b.jpg,0.7435474733324126,0.46709722
B2A,0cae98323f.jpg,0.7462780715272629,0.3007423
B2A,0cb4144fbb.jpg,0.44330130102256843,0.65327454
B2A,0cb6683555.jpg,0.841531748846885,0.29175127
B2A,0ccbcfcf65.jpg,0.7973113907100772,0.31965616
B2A,0cda2627bf.jpg,0.7915314884488107,0.37055266
B2A,0cdfbb28e6.jpg,0.5182595516239855,0.38942406
B2A,0ce227ee32.jpg,0.6047115367232561,0.4257883
B2A,0cec4d02a7.jpg,0.6747603577104339,0.3575074
B2A,0cecce2e24.jpg,0.800003101542693,0.4844204
B2A,0cf495d82e.jpg,0.7214728882631739,0.55526215
B2A,0cf4dc75d0.jpg,0.6972566100505843,0.3642259
B2A,0cfe85f73d.jpg,0.8648491124662864,0.337042
B2A,0d11463712.jpg,0.7510351565724387,0.49770343
B2A,0d1a5b6882.jpg,0.8160053282103622,0.5072152
B2A,0d23431254.jpg,0.7354364171411171,0.35973245
B2A,0d2583e3ea.jpg,0.7322959054679942,0.33067346
B2A,0d2ed7fb8e.jpg,0.7191281529910138,0.3330692
B2A,0d2f9d322d.jpg,0.5492999002843202,0.5030915
B2A,0d3752b4ad.jpg,0.7469484011905245,0.45252663
B2A,0d423f52fd.jpg,0.848453093809328,0.36848497
B2A,0d59054b30.jpg,0.7665903474318746,0.36767045
B2A,0d593e3752.jpg,0.7177492991609724,0.51103187
B2A,0d64ca5ecf.jpg,0.7393071016465812,0.37085497
B2A,0d6ba5d215.jpg,0.7236229082935439,0.45446935
B2A,0d6c81cbc2.jpg,0.7577395029278666,0.3851413
B2A,0d6f893bc7.jpg,0.8487562108434917,0.35133073
B2A,0d7c5d97ac.jpg,0.9099324983496249,0.43752846
B2A,0d80b97eb4.jpg,0.6841872827887188,0.34732085
B2A,0d859e1630.jpg,0.7107120413467773,0.43979713
B2A,0d89393fe0.jpg,0.7867418552675494,0.30996653
B2A,0d8c66b24e.jpg,0.8442295867666443,0.3089983
B2A,0dd016afa5.jpg,0.7924302592827704,0.3065648
B2A,0dd4041294.jpg,0.8417956865099183,0.40093565
B2A,0dd5085fdf.jpg,0.9554468827843416,0.4354829
B2A,0dde3f8ee7.jpg,0.7747986676123652,0.3030439
B2A,0de8320918.jpg,0.6717442363736709,0.42198792
B2A,0de920c5bf.jpg,0.8812513279089438,0.35349128
B2A,0debce885b.jpg,0.6926154526546748,0.4784154
B2A,0df35db4a2.jpg,0.7888434192477413,0.5047205
B2A,0df9a45c26.jpg,0.596424060863068,0.43187127
B2A,0e003670f7.jpg,0.6175175651609899,0.5218719
B2A,0e0577ec3a.jpg,0.5766890256036404,0.3799484
B2A,0e0a660bb8.jpg,0.8076232918621943,0.42873025
B2A,0e0bdef20a.jpg,0.738249557897988,0.36958042
B2A,0e1230a330.jpg,0.6676366125104983,0.39996004
B2A,0e13d9c6f4.jpg,0.7146415065622777,0.40027165
B2A,0e23057337.jpg,0.7613589734587146,0.39234778
B2A,0e2610ef33.jpg,0.6945489914339116,0.4573697
B2A,0e441b3c17.jpg,0.7647201037733774,0.3961763
B2A,0e4c7d5e15.jpg,0.7840276918863117,0.3673483
B2A,0e4ec46846.jpg,0.7425201638215321,0.50332326
B2A,0e5afbada4.jpg,0.8587137600133937,0.31138325
B2A,0e750aaed9.jpg,0.8831585988637248,0.36457908
B2A,0e8eb4587e.jpg,0.8360825349042933,0.33953953
B2A,0e95c87f76.jpg,0.7062347259082433,0.35180327
B2A,0e983a3ef5.jpg,0.5908967168005227,0.47172284
B2A,0eaa8d71f6.jpg,0.7609014406738679,0.38281637
B2A,0eb3c8892a.jpg,0.5030907050538461,0.4361589
B2A,0eb810429d.jpg,0.6246057461414972,0.5428549
B2A,0eddbbb35c.jpg,0.7412694666009119,0.32282755
B2A,0f1e6530bc.jpg,0.7479689552183943,0.31887537
B2A,0f35be9cbb.jpg,0.7822925735273879,0.42534363
B2A,0f3757e6cd.jpg,0.7353919139204376,0.5608583
B2A,0f3ed210c0.jpg,0.8535044070326835,0.32314417
B2A,0f5228f2a6.jpg,0.8746569385283972,0.2534426
B2A,0f58899ce1.jpg,0.8591109136354125,0.32058296
B2A,0f819ab838.jpg,0.6941381794181074,0.41211742
B2A,0f8e316a87.jpg,0.8498424557974473,0.34720808
B2A,0fa29829f2.jpg,0.6871412214383791,0.5754492
B2A,0fa5629898.jpg,0.8437534552785891,0.2811256
B2A,0fb1ca7fe1.jpg,0.7452470546057157,0.35915816
B2A,0fbcbeddd5.jpg,0.781264350244185,0.33976698
B2A,0fca1c304e.jpg,0.7059478791640084,0.35263023
B2A,0fccbd8558.jpg,0.7989562511142915,0.3125308
B2A,0fd7cd6092.jpg,0.847764725698637,0.34311414
B2A,0fdcf56678.jpg,0.7273214592822084,0.3440739
B2A,0fe76a9ec9.jpg,0.7970740775202649,0.4431668
B2A,0fef77210a.jpg,0.6624903321242946,0.5185349
B2A,10118ae431.jpg,0.661817997951073,0.4399561
B2A,101a1f34db.jpg,0.6659400997649465,0.5036435
B2A,101a5ad83d.jpg,0.8582436896066731,0.36201158
B2A,101c59feab.jpg,0.8297612949565254,0.31472018
B2A,101d00677e.jpg,0.8155947896984815,0.37653512
B2A,102c9065a7.jpg,0.6936928003220945,0.39929855
B2A,102da9e0bf.jpg,0.8694804811626112,0.4212004
B2A,10371b9044.jpg,0.7479031254551272,0.3527671
B2A,1037993785.jpg,0.7764338127015779,0.41510826
B2A,104204fa3f.jpg,0.781383979358254,0.38962972
B2A,105ac2e395.jpg,0.8377402987842094,0.367068
B2A,106091e966.jpg,0.8237509833900385,0.39894554
B2A,1064e8c2fc.jpg,0.8062864658930339,0.35508192
B2A,10729e0962.jpg,0.6027596329715745,0.30880716
B2A,1076bdc405.jpg,0.7112902718811094,0.5017922
B2A,107769ed33.jpg,0.7939068833528644,0.36527795
B2A,1079a7abe1.jpg,0.7089354657628659,0.38741052
B2A,108d3336bd.jpg,0.7627378262180211,0.33366498
B2A,108f57c580.jpg,0.8032605364329458,0.49212322
B2A,1097dcc82e.jpg,0.8258244691493384,0.45645118
B2A,10ab9fcfcb.jpg,0.6267678115537874,0.5793097
B2A,10e101cae7.jpg,0.7905738398667747,0.34961987
B2A,10e79c0f04.jpg,0.6012229265944055,0.3355531
B2A,10f3bc8893.jpg,0.6972184104929265,0.5022721
B2A,1106610965.jpg,0.8769733268328801,0.43651614
B2A,11068aa40b.jpg,0.6035856652685873,0.40536472
B2A,110d660fee.jpg,0.8456179643963839,0.38579014
B2A,112f088373.jpg,0.7910099594478539,0.43871325
B2A,113444c0c2.jpg,0.8626501376319222,0.30459824
B2A,1138db3be9.jpg,0.7098537602311887,0.2697554
B2A,114692dc5b.jpg,0.8844853716260395,0.28720158
B2A,1151c9b98d.jpg,0.6656153003460613,0.4668675
B2A,115cd21c1c.jpg,0.6795334553323137,0.3809483
B2A,115cd80f74.jpg,0.8147975650586295,0.41139615
B2A,115f221c2a.jpg,0.47143700527843296,0.3758875
B2A,115f43bae3.jpg,0.7594082268730458,0.41915962
B2A,117281b37b.jpg,0.7945976578184982,0.35200006
B2A,1172d3e228.jpg,0.8093101728333709,0.41974148
B2A,117d70bd19.jpg,0.733024185521059,0.642014
B2A,117e2a807d.jpg,0.7308907543137168,0.36385283
B2A,1193c043d7.jpg,0.6910710750565981,0.4281786
B2A,11bcbf0f67.jpg,0.8761566515137362,0.28423077
B2A,11c1de8b75.jpg,0.7872743321227228,0.36898938
B2A,11c24d756f.jpg,0.6897143223639193,0.31667316
B2A,11cc678dbf.jpg,0.880931071303446,0.33122498
B2A,11d4cd762d.jpg,0.8089474908407445,0.37717363
B2A,11d713b4ee.jpg,0.6548731861681838,0.47091913
B2A,11e25d3dc4.jpg,0.6699375880749969,0.32296154
B2A,11f13ca69e.jpg,0.6974478849139615,0.44672367
B2A,11f482a716.jpg,0.8407479070759292,0.3513071
B2A,11feb29e6a.jpg,0.7547705897605953,0.28690493
B2A,1216dc1ffe.jpg,0.6620925142872816,0.34808806
B2A,12193672ba.jpg,0.6390177225999343,0.4795129
B2A,122f944d40.jpg,0.6805347278043865,0.4183413
B2A,1235e32fb2.jpg,0.6800776826921155,0.34197497
B2A,123714f71c.jpg,0.7760975458104288,0.3239705
B2A,1240cc6f83.jpg,0.733698405909534,0.54149747
B2A,124244310e.jpg,0.7872749090510772,0.31790736
B2A,124dda3622.jpg,0.680240997502903,0.30217075
B2A,125fd9187b.jpg,0.6532699210029697,0.55552286
B2A,12672ab41c.jpg,0.7974444022962888,0.40624422
B2A,126fb64cb8.jpg,0.6376760127683917,0.32765326
B2A,1285f93747.jpg,0.8129524825962628,0.38788483
B2A,129823154f.jpg,0.771278683995452,0.39344192
B2A,129df5c60c.jpg,0.6083422215105159,0.414634
B2A,12ae4ffbb5.jpg,0.7432336955814411,0.43675905
B2A,12b2a8d1fc.jpg,0.7384262639529313,0.3942413
B2A,12b302b5f1.jpg,0.7963302658278688,0.32409647
B2A,12c5ce9b42.jpg,0.7375516167152072,0.32231426
B2A,12c65cd54c.jpg,0.8612166737294119,0.3865624
B2A,12cb4d2917.jpg,0.7806082790106293,0.4068277
B2A,12cc0ffc15.jpg,0.8009099587777174,0.38226235
B2A,12d0476b93.jpg,0.6571617135181054,0.3629381
B2A,12e9b80b70.jpg,0.7651001435234146,0.2819344
B2A,12f09c6efe.jpg,0.8295863846145234,0.42707604
B2A,12f74378d4.jpg,0.8271890257818583,0.32817087
B2A,12f9c1a7b5.jpg,0.7008310911422018,0.38231137
B2A,13048dfacf.jpg,0.7653746586180763,0.525133
B2A,13173bc6b5.jpg,0.5900053186618869,0.4266331
B2A,13219b2462.jpg,0.7471321864063222,0.33548123
B2A,13328c1504.jpg,0.7776319703326464,0.3738632
B2A,133adbd41e.jpg,0.78209561504452,0.27769592
B2A,134f611db2.jpg,0.7085279463002278,0.48122665
B2A,1355735108.jpg,0.9141678336094139,0.43421748
B2A,1363fc8268.jpg,0.6835574659554177,0.4936103
B2A,1365922bc1.jpg,0.813718176087801,0.28141254
B2A,13671d11f9.jpg,0.8075287011278645,0.29537222
B2A,1379cdd516.jpg,0.6899658237705282,0.44287235
B2A,13829b20dd.jpg,0.8445431262858631,0.27936494
B2A,13888541b7.jpg,0.8078947220479005,0.4470523
B2A,13892d15e5.jpg,0.7244465441897809,0.43665358
B2A,138a069c6c.jpg,0.6734091825092214,0.31043363
B2A,138c350c89.jpg,0.8432207748655621,0.31469172
B2A,13bbd45d01.jpg,0.8349434680522957,0.48348323
B2A,13c0555eab.jpg,0.7664438357794104,0.27669308
B2A,13c3b0e711.jpg,0.9168986979594975,0.31770176
B2A,13e3480e01.jpg,0.7452352058994188,0.4496591
B2A,13f4f7168a.jpg,0.8341333601121409,0.29654354
B2A,13fec527bb.jpg,0.7259597824015869,0.36227718
B2A,140f195fbc.jpg,0.8282871805262763,0.34603193
B2A,14135c74d7.jpg,0.7372164426844479,0.45006454
B2A,141ade2afb.jpg,0.6717484157437815,0.4934136
B2A,1421d11393.jpg,0.7322243515078702,0.3156374
B2A,142cda27d9.jpg,0.8253963869688188,0.414115
B2A,1432b7355d.jpg,0.7714071638449709,0.33164528
B2A,1437a4d5f9.jpg,0.6549551247499907,0.5318095
B2A,1444ac5586.jpg,0.7316558625311538,0.40741557
B2A,1451c82e2f.jpg,0.8549936732909444,0.3864242
B2A,1467b3a6ac.jpg,0.7697513545927096,0.41041842
B2A,1476b02998.jpg,0.7753222830134262,0.3640492
B2A,14804e18f9.jpg,0.6548348716761824,0.41237447
B2A,14860c3bed.jpg,0.7341536554403593,0.4218461
B2A,1491d9367b.jpg,0.8040457754607333,0.37380108
B2A,1499400929.jpg,0.7736465239241096,0.3269922
B2A,149e367310.jpg,0.7342820191456494,0.55139077
B2A,14a7686f98.jpg,0.7463275578011567,0.3605874
B2A,14a95bb688.jpg,0.7516275953691928,0.4395466
B2A,14ac55e78e.jpg,0.7727122376853719,0.394288
B2A,14b92a85f3.jpg,0.8880943582397888,0.29596657
B2A,14bcc3cdad.jpg,0.7866258348141927,0.30455446
B2A,14c0e95507.jpg,0.8498539243896638,0.35439894
B2A,14c38e1c2e.jpg,0.826856824053368,0.4189538
B2A,14fa7a9b31.jpg,0.7816556968624797,0.40241078
B2A,14fe889824.jpg,0.7493601855532899,0.28299135
B2A,151cb3c6ff.jpg,0.6999408411043395,0.35620198
B2A,1531eae642.jpg,0.5927516836374792,0.5223648
B2A,153bb660da.jpg,0.7741056082157111,0.29293936
B2A,153e1ec171.jpg,0.79110336082768,0.38156188
B2A,153f59d4cb.jpg,0.6878631875203008,0.36685166
B2A,156540ebe1.jpg,0.7063146268365464,0.30065027
B2A,1569489edb.jpg,0.8012405642386009,0.39671478
B2A,156cf5822e.jpg,0.6927528143858522,0.41850048
B2A,15769de345.jpg,0.7267767234306582,0.30149242
B2A,157ee68b71.jpg,0.7983560905532974,0.53971213
B2A,1581f3755e.jpg,0.784693392917661,0.37830627
B2A,1582ec589d.jpg,0.7852250857767121,0.29654837
B2A,159b3f002f.jpg,0.7287433285623124,0.3213727
B2A,159baa9c2b.jpg,0.6647263346464709,0.51997745
B2A,159c19456b.jpg,0.7243532232482813,0.3920713
B2A,159e0baf13.jpg,0.5999406983572804,0.43510592
B2A,15a51e4dbe.jpg,0.6705872800300784,0.26474887
B2A,15a9b54b5f.jpg,0.7244991825136425,0.36677572
B2A,15abe5af92.jpg,0.8787522223387931,0.5261166
B2A,15b1f01b86.jpg,0.8041256075033599,0.3370051
B2A,15b9563151.jpg,0.6978910750615339,0.38038385
B2A,15cb21df1a.jpg,0.8016696667786145,0.47058603
B2A,15cca6975b.jpg,0.7966061178012226,0.28234205
B2A,15d8655b4f.jpg,0.6631946744558114,0.3556349
B2A,15f7238855.jpg,0.7118640010189524,0.34767282
B2A,15f862b305.jpg,0.7732054543408653,0.3566684
B2A,160c560e5e.jpg,0.5956575729183238,0.50363624
B2A,160d920b63.jpg,0.7975665683600682,0.2896337
B2A,1615de2bd0.jpg,0.8935463624528674,0.3524137
B2A,161b3c519e.jpg,0.743485045733445,0.33271497
B2A,163669cbd0.jpg,0.7234387468661333,0.47527593
B2A,164492cfa7.jpg,0.5886632097720592,0.3394578
B2A,1645d08cab.jpg,0.7194888204133894,0.51483244
B2A,164ebc7900.jpg,0.8766781468068979,0.23013324
B2A,165dfb6cd0.jpg,0.7296348364488298,0.41362998
B2A,1665a48def.jpg,0.5875122546532979,0.3503623
B2A,1675879297.jpg,0.7586127170105196,0.43994865
B2A,1676f96061.jpg,0.7313080273985098,0.38648355
B2A,1688783462.jpg,0.8244934288701371,0.3096496
B2A,1694e5637b.jpg,0.8430582392582137,0.36384416
B2A,16963c4f89.jpg,0.817479800693614,0.36225924
B2A,169c381352.jpg,0.8585053479016388,0.3846226
B2A,169f8a8503.jpg,0.6589515242243097,0.4126189
B2A,16a0c8ed23.jpg,0.8425410968280512,0.34774464
B2A,16a3dd9695.jpg,0.6452348537955276,0.5600633
B2A,16a666edff.jpg,0.5946698466858971,0.62157977
B2A,16a7a9fc44.jpg,0.6776544424909547,0.4018701
B2A,16ab6bc622.jpg,0.8855571403029282,0.32806072
B2A,16b3067a86.jpg,0.7749224198885502,0.5123408
B2A,16b3ea1e00.jpg,0.606315700495463,0.49448895
B2A,16b74bd37f.jpg,0.749317315937002,0.3808471
B2A,16c119b3c7.jpg,0.6124398508546672,0.31808862
B2A,16cd6cbc68.jpg,0.8411740406120378,0.28149727
B2A,16d8cafb5b.jpg,0.5877088069000979,0.5594452
B2A,16d9624078.jpg,0.6197795398764229,0.32645833
B2A,16de17a9aa.jpg,0.7778440876004227,0.3081502
B2A,16de6b603c.jpg,0.8128786926467414,0.32189494
B2A,16ded6f738.jpg,0.5947038623923906,0.48583218
B2A,16dff1b77f.jpg,0.8665874273713252,0.28616822
B2A,16e764f509.jpg,0.8408436592210256,0.3875592
B2A,16f0c49f22.jpg,0.9064780492106367,0.38165346
B2A,16f3703756.jpg,0.8175293721581159,0.30048707
B2A,1701c26348.jpg,0.7283798661818057,0.32483393
B2A,17028b1e92.jpg,0.7116389660733077,0.5811881
B2A,170434d3dd.jpg,0.8146943717853266,0.38847062
B2A,170dbca136.jpg,0.8412570169885271,0.35533053
B2A,17167ea036.jpg,0.7540104578824812,0.29130214
B2A,172a0707b2.jpg,0.5807499805581905,0.5144837
B2A,17315bdc5b.jpg,0.8306646609405715,0.32564357
B2A,1735a91a3d.jpg,0.8336297900469033,0.35759777
B2A,17398e5a2a.jpg,0.7075238244525693,0.39532736
B2A,17499b0283.jpg,0.8434938701164459,0.34459323
B2A,174ded9426.jpg,0.7334023486282184,0.2904355
B2A,174f0355a6.jpg,0.7565166918417485,0.3850188
B2A,17592a1017.jpg,0.793307772159567,0.49560016
B2A,176050474a.jpg,0.7075944666055435,0.34871578
B2A,1764393c0e.jpg,0.7285969686515902,0.44142395
B2A,17674de2d5.jpg,0.7433431714205483,0.42246315
B2A,176bec46aa.jpg,0.8353524825693343,0.27665275
B2A,176d0e5c75.jpg,0.8231988221573532,0.38931873
B2A,1771b7c478.jpg,0.7756491465681861,0.33504173
B2A,1774482049.jpg,0.8581416053580901,0.28943777
B2A,1779a8225f.jpg,0.7287215235647958,0.44864425
B2A,1789a61138.jpg,0.6879622229182384,0.4208728
B2A,178d33e084.jpg,0.8026740618012468,0.34100312
B2A,17924dd78d.jpg,0.8646919046924662,0.3860693
B2A,179af606cb.jpg,0.8554732121919518,0.37800252
B2A,17a199a709.jpg,0.6355351239084505,0.30054465
B2A,17a8bd8ba4.jpg,0.7679359738659408,0.37736577
B2A,17b7569c29.jpg,0.7715012376837169,0.41922674
B2A,17c8c9072a.jpg,0.9030293742898639,0.28719172
B2A,17ce3a201d.jpg,0.88446739929613,0.30536506
B2A,17cf077f45.jpg,0.692278428095841,0.47396755
B2A,17d4e23d9f.jpg,0.7935075564615345,0.6239987
B2A,17d896fd14.jpg,0.7626046723907154,0.535547
B2A,17dbf8cf56.jpg,0.8497760029405169,0.3698635
B2A,17e149928d.jpg,0.8428825513977961,0.31960508
B2A,17eb22711b.jpg,0.753303908104656,0.32678822
B2A,17f8f4d5d9.jpg,0.6899924260682845,0.5041718
B2A,17f92dd71b.jpg,0.7510410240440034,0.39280534
B2A,180e1881bc.jpg,0.8916048938358049,0.28100032
B2A,18162a62a3.jpg,0.7248962365420062,0.49294353
B2A,181a53c38a.jpg,0.6601323182519765,0.48823196
B2A,181f424335.jpg,0.6359460525895523,0.44410115
B2A,182690bc45.jpg,0.613413316038424,0.27700412
B2A,182846af47.jpg,0.7144316549164946,0.50657755
B2A,1838bcc8fa.jpg,0.663066047379534,0.39518917
B2A,184a433ce3.jpg,0.6066634971807865,0.51965076
B2A,185f8da469.jpg,0.8459699008425332,0.4063331
B2A,186035e2a8.jpg,0.8671300096500976,0.30309257
B2A,1866c56f7a.jpg,0.6654089692912668,0.42427057
B2A,186e98dcb8.jpg,0.8013670001609967,0.39283043
B2A,1883fcfb3e.jpg,0.8052207865956742,0.40918797
B2A,1884a2a37d.jpg,0.5438090729081118,0.41643268
B2A,18880e913d.jpg,0.5972037266553811,0.45378786
B2A,188b7f6310.jpg,0.8230524966227777,0.26491606
B2A,1893ce79ce.jpg,0.6702539308491046,0.55800563
B2A,1894c178ea.jpg,0.639992041350542,0.46717238
B2A,1897b7b118.jpg,0.6463177416403618,0.39942902
B2A,189ae3f5a7.jpg,0.6745886995275393,0.4107665
B2A,189ee6859e.jpg,0.8352473837916221,0.30287918
B2A,18a275b358.jpg,0.8272716705968369,0.31345344
B2A,18a4ee0991.jpg,0.8573949815300268,0.29428256
B2A,18aca60c06.jpg,0.773975593623042,0.4207629
B2A,18ae840f5d.jpg,0.7737376293781844,0.30177867
B2A,18b2d7a2ef.jpg,0.6921494885061633,0.45925158
B2A,18c6b5b73b.jpg,0.8254234504910773,0.29795966
B2A,18ca544c78.jpg,0.7785357546437811,0.40608725
B2A,18e384cfff.jpg,0.7587894652376533,0.28192437
B2A,18e571a627.jpg,0.7449751272910792,0.34956083
B2A,18ea7c98b1.jpg,0.8818354825759126,0.2726164
B2A,190633c073.jpg,0.8357804568334267,0.5587916
B2A,1912f08cb1.jpg,0.8544062863916964,0.45835873
B2A,19182d3849.jpg,0.7266795989694812,0.3746158
B2A,1921b26eea.jpg,0.7940537977665343,0.42543626
B2A,1925109fdd.jpg,0.7005487068420418,0.44779006
B2A,192682abdf.jpg,0.7438615321112546,0.36995286
B2A,192caaa1bf.jpg,0.8292197354498433,0.35758758
B2A,1936e1dcb4.jpg,0.7584892861981425,0.35780638
B2A,193b4cdb27.jpg,0.7489737377990647,0.30319995
B2A,193f3266fb.jpg,0.6461371998166419,0.67422694
B2A,194bb9f6ed.jpg,0.6871566720354071,0.41203502
B2A,19525a17e2.jpg,0.6636293561617199,0.3520468
B2A,19592a5fbf.jpg,0.7798999497223292,0.40177053
B2A,1960283fd5.jpg,0.7503606665772337,0.34344637
B2A,1966101984.jpg,0.6751801783083071,0.3399577
B2A,196a6875a7.jpg,0.8049514747305212,0.45625126
B2A,196e2c07aa.jpg,0.819951638122764,0.4370865
B2A,1970faab6a.jpg,0.8153861380120072,0.39515325
B2A,1977b66f96.jpg,0.6699216324583137,0.4157127
B2A,197dc21bdb.jpg,0.754409461527466,0.3536447
B2A,19801ae9ab.jpg,0.6910996856815405,0.4126625
B2A,1986fa52f5.jpg,0.675724403830106,0.5296329
B2A,198cad00d4.jpg,0.7095436512991705,0.2996146
B2A,19918a1d5c.jpg,0.9135537328693075,0.3010988
B2A,1998700449.jpg,0.684179524918758,0.42233709
B2A,1999225d11.jpg,0.8113458882081304,0.42803752
B2A,199a3e859f.jpg,0.7909851172217482,0.27284998
B2A,199d0b8782.jpg,0.7368935797719276,0.43946052
B2A,19a7361b2a.jpg,0.5676342656190844,0.62258327
B2A,19b0fbeba0.jpg,0.6808212955431173,0.5596036
B2A,19b944dbbf.jpg,0.7354653523662473,0.40835172
B2A,19b98e5663.jpg,0.66303324899028,0.52700424
B2A,19bad1225f.jpg,0.5949020177499754,0.4147318
B2A,19bd14d30e.jpg,0.7245519860309529,0.41378155
B2A,19be535e5f.jpg,0.6745479883789481,0.3623234
B2A,19c277c363.jpg,0.6984500332401296,0.3713783
B2A,19c8301d67.jpg,0.817596119818393,0.36291
B2A,19e7940d94.jpg,0.7328457602280712,0.26880118
B2A,19e8b9b328.jpg,0.6940251285296649,0.34876543
B2A,1a23085db7.jpg,0.6288571070416692,0.4393667
B2A,1a2542d28b.jpg,0.6828228003998985,0.32824343
B2A,1a25f82753.jpg,0.8338493505133368,0.6018496
B2A,1a27cb4cba.jpg,0.7479186018907822,0.38404986
B2A,1a2cd9ea8c.jpg,0.5514302012287688,0.3841997
B2A,1a3b1a3da9.jpg,0.7243856831351249,0.44221282
B2A,1a4213d2ce.jpg,0.6730958663302073,0.32951573
B2A,1a4491cef2.jpg,0.6871956525008776,0.5347348
B2A,1a45b8c270.jpg,0.7981062047776873,0.4599737
B2A,1a5041d9ed.jpg,0.7327903135524824,0.50921726
B2A,1a5cf3b632.jpg,0.847032643562045,0.32840624
B2A,1a6013cba4.jpg,0.798044574925401,0.36518458
B2A,1a61870a06.jpg,0.8360478458660537,0.31491387
B2A,1a6b4e9e13.jpg,0.8170874180469251,0.39882204
B2A,1a7af9964c.jpg,0.6597024080718565,0.4930228
B2A,1a8633fbb9.jpg,0.8322999001310276,0.31735036
B2A,1a892680fb.jpg,0.7905502849894768,0.3547606
B2A,1a8c1a7995.jpg,0.692413277267523,0.32255122
B2A,1a8c9e6c4c.jpg,0.7630369341257726,0.4020419
B2A,1aa0d1c558.jpg,0.6751070843306827,0.45539993
B2A,1aa8abd685.jpg,0.7300161556425698,0.42854333
B2A,1ac1673452.jpg,0.7924748361219621,0.3933495
B2A,1ac35e7dc8.jpg,0.7302416604047685,0.42410955
B2A,1ac5876376.jpg,0.7402472609689187,0.34112644
B2A,1acb4c14ce.jpg,0.6926565323706996,0.481911
B2A,1acb4d1d54.jpg,0.7961304361616157,0.43229932
B2A,1ad17703ce.jpg,0.6865405563472655,0.30506077
B2A,1ad8701262.jpg,0.7435438587831014,0.3216428
B2A,1ae03b00e7.jpg,0.7264201311666517,0.44040918
B2A,1ae342cd57.jpg,0.680582526390587,0.28359354
B2A,1b062b66a7.jpg,0.6012814941936471,0.4439054
B2A,1b118a066b.jpg,0.7466731135070183,0.38273016
B2A,1b129b65db.jpg,0.6890543599501326,0.39759636
B2A,1b12cf626f.jpg,0.9035247931439966,0.3201488
B2A,1b3e398db7.jpg,0.7656324181824452,0.34414807
B2A,1b4e94ffbd.jpg,0.8156354928107287,0.36984292
B2A,1b4f115bdd.jpg,0.6933734418643562,0.44177625
B2A,1b5e8cedda.jpg,0.636330191389596,0.39459062
B2A,1b66416060.jpg,0.7483108479463927,0.30410808
B2A,1b6a1a7e94.jpg,0.5895016077252792,0.3203298
B2A,1b6d7b4e65.jpg,0.7055785263432156,0.45628756
B2A,1b72549327.jpg,0.6571587788108865,0.41987178
B2A,1b770229f3.jpg,0.836190429065212,0.40519682
B2A,1b961a3a39.jpg,0.7264495983164881,0.42899722
B2A,1b98321823.jpg,0.7518355378068997,0.359414
B2A,1b987c577e.jpg,0.8273372465735751,0.38013476
B2A,1baa6a3895.jpg,0.6561163744445595,0.29741007
B2A,1baf74b1a7.jpg,0.7723284069913797,0.3879707
B2A,1bb75f970a.jpg,0.6810978953006097,0.48104903
B2A,1bb8674fbf.jpg,0.7815924685005993,0.4401596
B2A,1bba0654b7.jpg,0.826462415945227,0.3724402
B2A,1bbaea3e6b.jpg,0.6448543135648147,0.48735353
B2A,1bc105b0b9.jpg,0.6112466253365371,0.5320639
B2A,1bc290729f.jpg,0.7585896191432618,0.36283055
B2A,1bc9fc642d.jpg,0.7264911660866208,0.53475
B2A,1bccaf17e5.jpg,0.5667011136742673,0.4166264
B2A,1bd527d6a0.jpg,0.6403975329330516,0.39901274
B2A,1bd7be0503.jpg,0.6639588255975295,0.4536597
B2A,1bd8b4f799.jpg,0.8493574138234419,0.41318762
B2A,1be016515b.jpg,0.8334350345093733,0.37328804
B2A,1be0fa86b5.jpg,0.6441451094854913,0.4756897
B2A,1be6584349.jpg,0.8288586205697707,0.3481537
B2A,1bf60182b2.jpg,0.8420518462364668,0.43992513
B2A,1c0ea0fe1b.jpg,0.7503319829800422,0.39309734
B2A,1c1f697d7e.jpg,0.7651904356303116,0.42875275
B2A,1c3c1aca33.jpg,0.8633040726085306,0.31243956
B2A,1c434baf43.jpg,0.6845822133423126,0.3546015
B2A,1c4de511e1.jpg,0.7814785052309577,0.5886799
B2A,1c5cc22c2c.jpg,0.8683374096498654,0.3108491
B2A,1c5ce714cc.jpg,0.7780932590504359,0.27201393
B2A,1c64f657f4.jpg,0.5743681404615775,0.47145247
B2A,1c69470718.jpg,0.7348965358276522,0.42850947
B2A,1c6eed59f5.jpg,0.7230648801097027,0.46334216
B2A,1c707e6132.jpg,0.8069944393758106,0.33719248
B2A,1c75256206.jpg,0.7187016185021587,0.42580548
B2A,1c7b3cdedc.jpg,0.6351033803121977,0.3377123
B2A,1c807fee79.jpg,0.6892601642630767,0.35225207
B2A,1c84f1179c.jpg,0.7480349113732679,0.40914205
B2A,1c863100b1.jpg,0.5838808993259476,0.3485484
B2A,1c88080a3f.jpg,0.5936653331186392,0.34451303
B2A,1c95a45486.jpg,0.7534723808065731,0.45783114
B2A,1cb96210e6.jpg,0.622819405290395,0.5731201
B2A,1cb9d045d8.jpg,0.721974693157678,0.39861694
B2A,1cc26c48b8.jpg,0.7051796323639519,0.46094543
B2A,1cd5acea15.jpg,0.8407428251204614,0.37660807
B2A,1cdb990c46.jpg,0.6748639264982688,0.36473766
B2A,1ce3cb350d.jpg,0.8210298806832608,0.28162992
B2A,1cea1bf43d.jpg,0.7251036479208144,0.39993957
B2A,1cf711c1d1.jpg,0.6985162796931558,0.44222537
B2A,1cfe6aba33.jpg,0.8934073879573714,0.343067
B2A,1d0aecbd16.jpg,0.7225213807711229,0.48063213
B2A,1d0f76765b.jpg,0.7428140338083813,0.43523473
B2A,1d17249a0f.jpg,0.7922350246628939,0.2945623
B2A,1d19c4bc7e.jpg,0.7253058858825764,0.36234686
B2A,1d205c56c5.jpg,0.8146558987624469,0.42683905
B2A,1d3446f22b.jpg,0.8535728396529767,0.45712867
B2A,1d38a9bee0.jpg,0.6315324928227408,0.5082635
B2A,1d3fb25bad.jpg,0.8031842815772565,0.37597242
B2A,1d40d5d6ca.jpg,0.7992642748278852,0.26519006
B2A,1d44f79c1c.jpg,0.8507731462843626,0.37277347
B2A,1d46709e18.jpg,0.8136814407694293,0.459549
B2A,1d53ac5a9f.jpg,0.8558412612891803,0.37473333
B2A,1d57118b49.jpg,0.7434250331239253,0.42327678
B2A,1d584ad062.jpg,0.813985559098849,0.2955773
B2A,1d5aa09f6b.jpg,0.6622753374633159,0.43075445
B2A,1d5c4b80c6.jpg,0.6407403982914882,0.48136374
B2A,1d5cf63313.jpg,0.5738588610254067,0.28438342
B2A,1d5d4a0729.jpg,0.778060620592111,0.52370065
B2A,1d640e96a3.jpg,0.8512882143551783,0.41099846
B2A,1d67aef6c9.jpg,0.716690051683902,0.51043904
B2A,1d726a097f.jpg,0.7779337715368168,0.32750455
B2A,1d76ab1c0c.jpg,0.7937229434432406,0.32815775
B2A,1d79ab97ec.jpg,0.7517821512864974,0.3640028
B2A,1d7d8ff0ac.jpg,0.7517923720099737,0.444454
B2A,1d8a6d18f1.jpg,0.7010147601936574,0.5077519
B2A,1d939cb782.jpg,0.639541091913158,0.43526435
B2A,1d971deb73.jpg,0.6069548703079669,0.39871305
B2A,1da3631b3f.jpg,0.7639795599388595,0.46732178
B2A,1da538235f.jpg,0.6484604009692576,0.5348531
B2A,1da6888f64.jpg,0.7637963599045892,0.39161232
B2A,1dafe2cf42.jpg,0.5946698466858971,0.62157977
B2A,1db0b33747.jpg,0.7540965983703816,0.4978706
B2A,1dba9a48ae.jpg,0.6606684860470948,0.38894656
B2A,1dbbe43952.jpg,0.8446960059504666,0.42070797
B2A,1dc32da064.jpg,0.8031337278622673,0.34700808
B2A,1dc335fcac.jpg,0.7019962367421883,0.42895907
B2A,1dc3833078.jpg,0.8300880348577023,0.27774507
B2A,1dc3a7de89.jpg,0.8368970586723803,0.36979762
B2A,1dcbd84c73.jpg,0.6248295424213511,0.30259913
B2A,1dd0ec3618.jpg,0.6441937249299281,0.38270822
B2A,1dda02098b.jpg,0.7664386697820136,0.31508622
B2A,1de54dbad6.jpg,0.7809394130824041,0.30827838
B2A,1df4ff0436.jpg,0.7360395287382041,0.31577128
B2A,1dfa5b2910.jpg,0.7175466501852832,0.47114468
B2A,1dfe2f3b46.jpg,0.7067647020705218,0.27476868
B2A,1e39d0e97c.jpg,0.7575261160899427,0.43313253
B2A,1e3a931f96.jpg,0.6342726410265568,0.40003052
B2A,1e4ccca31e.jpg,0.8776338286191442,0.31920776
B2A,1e56d7de95.jpg,0.8084104273602696,0.34070078
B2A,1e59228328.jpg,0.7903798957165102,0.30167818
B2A,1e66879f90.jpg,0.8175452693600855,0.34664845
B2A,1e74d0da3b.jpg,0.6940631886004041,0.44909143
B2A,1e7e4f894f.jpg,0.7755128768395865,0.334369
B2A,1e7ed16969.jpg,0.693642765402748,0.32806957
B2A,1e90517e22.jpg,0.8455702135670261,0.3106001
B2A,1e947e5fe9.jpg,0.6824029331155175,0.5400854
B2A,1e983237de.jpg,0.7074426787010326,0.41754916
B2A,1ea86dc4d5.jpg,0.6298874708105219,0.3640203
B2A,1eaa4a27c8.jpg,0.8524985155660639,0.3261326
B2A,1eb579374e.jpg,0.8352587645074838,0.38681394
B2A,1ebd894c28.jpg,0.7886367966998433,0.3103146
B2A,1ece79b77f.jpg,0.646898639396882,0.43774006
B2A,1ed7c273ba.jpg,0.7676402725510926,0.4285917
B2A,1ede9dadc3.jpg,0.8423041926505258,0.326441
B2A,1ef162e31d.jpg,0.6981699008635217,0.3706835
B2A,1efdfce7c3.jpg,0.6839018476861132,0.3224802
B2A,1f006ed5eb.jpg,0.8964074298821022,0.56084865
B2A,1f086664d6.jpg,0.7227099058801065,0.51859266
B2A,1f1a19ad8b.jpg,0.7183531617191208,0.36901832
B2A,1f252ba827.jpg,0.5663070811201519,0.51126915
B2A,1f2d34b65b.jpg,0.8139832720568052,0.22449292
B2A,1f540d0ecb.jpg,0.7160398668309047,0.36119652
B2A,1f63ea8e1d.jpg,0.8381470051681066,0.34399888
B2A,1f67c932d8.jpg,0.7691191479641334,0.2958467
B2A,1f7b63917b.jpg,0.7361880076082473,0.25121304
B2A,1f8b43823c.jpg,0.805518131356756,0.43282652
B2A,1f8fe4a8e4.jpg,0.7811011135017875,0.3346109
B2A,1f96108197.jpg,0.8358518901385945,0.32880318
B2A,1f979d49c6.jpg,0.8251637351345207,0.37371224
B2A,1f98e7d475.jpg,0.6303831259967819,0.39458954
B2A,1fbc82db49.jpg,0.781040488366606,0.3523522
B2A,1fd7cebd1a.jpg,0.7486485739571918,0.39406735
B2A,1fe1ac40ef.jpg,0.6589573003023543,0.38045064
B2A,1fe223e960.jpg,0.757016215042302,0.32443473
B2A,1fedaf095f.jpg,0.868261640732833,0.2911141
B2A,20043a8eaf.jpg,0.7220386416988024,0.46439067
B2A,2004919ebe.jpg,0.7282780773281741,0.3598146
B2A,2022ef77f2.jpg,0.6809300823145322,0.4778478
B2A,2037f91745.jpg,0.7802813937092543,0.3855002
B2A,20454954b2.jpg,0.6421169264327874,0.34065342
B2A,204615862b.jpg,0.794748475383449,0.48636505
B2A,2046adf2b6.jpg,0.5847261676849963,0.32600552
B2A,205f999ab3.jpg,0.7723659548961713,0.33023575
B2A,2061671c2b.jpg,0.6047781447161654,0.3380796
B2A,2063a6693c.jpg,0.8337313766343784,0.29730248
B2A,2066a2e091.jpg,0.8468779031679038,0.46599886
B2A,206adc3515.jpg,0.7928642996560918,0.38339567
B2A,206d18e819.jpg,0.5632420588137464,0.3148306
B2A,206e57e6d1.jpg,0.755587638960203,0.37723073
B2A,2078d3f123.jpg,0.7995255509072042,0.4765212
B2A,2080efd0d6.jpg,0.6901075325406054,0.32513976
B2A,208c0535cf.jpg,0.7746290082296454,0.2985546
B2A,208f4b819b.jpg,0.8218004949173822,0.41999176
B2A,2096a57bfc.jpg,0.7734664024516829,0.32703418
B2A,209873c58f.jpg,0.8862519585691054,0.26826322
B2A,209bdb1587.jpg,0.6505709150915319,0.4802909
B2A,20b2d4f4bf.jpg,0.6858915092762581,0.6415972
B2A,20b3d168a6.jpg,0.4759771397611944,0.4600802
B2A,20b7eab911.jpg,0.8594107546233856,0.49080965
B2A,20c152f056.jpg,0.6870366367321231,0.63901657
B2A,20cac2191a.jpg,0.8648353630793891,0.32195616
B2A,20d2fd7d1b.jpg,0.7810167434788027,0.3783456
B2A,20d336b6c2.jpg,0.8488316963762851,0.33835045
B2A,20d927a07b.jpg,0.6966323321955334,0.37223685
B2A,20ddf9c49f.jpg,0.7127286956490192,0.4657954
B2A,20ea204105.jpg,0.8108681082104319,0.31615096
B2A,20f93c26b0.jpg,0.8036064359308837,0.33503678
B2A,20fa90d43e.jpg,0.8202561363927932,0.45609063
B2A,2103852756.jpg,0.7753143297737903,0.3542807
B2A,211ca2dfb4.jpg,0.7494458056948026,0.33724013
B2A,21243b9607.jpg,0.7761766953075923,0.41178283
B2A,2129f6f2dc.jpg,0.5382189361445866,0.3704448
B2A,212cf8498d.jpg,0.6929678081636841,0.45127282
B2A,2145ce0f78.jpg,0.8092289366697848,0.28429076
B2A,21630a4fa1.jpg,0.7143772608474352,0.43288264
B2A,216a8d4e5c.jpg,0.7654822168935321,0.4017167
B2A,21747ccb08.jpg,0.7597700064083973,0.42110652
B2A,21757a4c07.jpg,0.7084750062741441,0.47762954
B2A,217b9b9aaf.jpg,0.7529777517881783,0.3475386
B2A,21927aa7d4.jpg,0.7214535218697652,0.41292363
B2A,219baac7b2.jpg,0.73216114021042,0.37904656
B2A,21ac721374.jpg,0.5609100858222474,0.42893037
B2A,21b6fd99a5.jpg,0.7254605313656319,0.40358487
B2A,21b9aafc49.jpg,0.7875299989356087,0.33437163
B2A,21c2589053.jpg,0.6880268633437249,0.35341704
B2A,21c2c68337.jpg,0.8764017390957559,0.501031
B2A,21e2aea535.jpg,0.8219821071715389,0.3527298
B2A,21e5c1891c.jpg,0.7892299178179242,0.35032374
B2A,21e7463544.jpg,0.753777194211875,0.29549614
B2A,21fe71a93b.jpg,0.7342846267706584,0.47976577
B2A,2236c207aa.jpg,0.7916338344952916,0.33160174
B2A,223c77d56f.jpg,0.7416701589902244,0.27731583
B2A,2246ed23dc.jpg,0.5796059068460411,0.43696758
B2A,2257860322.jpg,0.6424545129919096,0.32666498
B2A,22661d9ec0.jpg,0.6594809403827697,0.3613589
B2A,2286c7067e.jpg,0.8511668035993292,0.41591394
B2A,228a291710.jpg,0.6916724816317747,0.34216416
B2A,228c986820.jpg,0.8431839240535812,0.40246293
B2A,228d0b850f.jpg,0.8082922407252893,0.31826335
B2A,2292200c80.jpg,0.8910206851834704,0.3717555
B2A,229221319f.jpg,0.6648112062072604,0.43746185
B2A,229eca589c.jpg,0.7545547950503672,0.4385479
B2A,22b213f1e5.jpg,0.764100423512998,0.55582356
B2A,22b305f62e.jpg,0.6377623009729235,0.3689233
B2A,22b389e1fd.jpg,0.9067700276481145,0.33052284
B2A,22b5b48553.jpg,0.8088396879042677,0.35030246
B2A,22bfe6445a.jpg,0.7322616678685919,0.35893217
B2A,22c2ebefea.jpg,0.8594659232216298,0.36362752
B2A,22c5bb63ac.jpg,0.5143366751670476,0.28769884
B2A,22cd40eed2.jpg,0.7108136228439751,0.35270223
B2A,22ce24836f.jpg,0.7673598571390908,0.37382248
B2A,22d49f3bb9.jpg,0.6067124978485045,0.41113272
B2A,22e1784ae5.jpg,0.7800321185716412,0.37467006
B2A,22fc4c2e5b.jpg,0.7971304073212777,0.24777581
B2A,2304539c3c.jpg,0.6670238667053114,0.3912815
B2A,23060d93b3.jpg,0.6791736248304279,0.42630997
B2A,2308cd7f79.jpg,0.8292099142860672,0.35374036
B2A,230ce6af39.jpg,0.7644198486269007,0.3681225
B2A,2318dd451a.jpg,0.8214100169179542,0.3892842
B2A,23296f234d.jpg,0.7913449272120792,0.35619405
B2A,2339fbceb2.jpg,0.8038853711732941,0.61439216
B2A,2351d0e36d.jpg,0.8306160169359286,0.47727454
B2A,23568b7cf6.jpg,0.541235156635024,0.46986306
B2A,235a2feea2.jpg,0.6442564312099409,0.5383779
B2A,235f2c8d2d.jpg,0.7091242475356186,0.2967924
B2A,236e24292a.jpg,0.7787667738332014,0.38888258
B2A,2372845016.jpg,0.7827723836807018,0.35771957
B2A,2379cb1f27.jpg,0.7326887293893227,0.5086292
B2A,238bd94fcb.jpg,0.7033467579535547,0.43734694
B2A,2398192c56.jpg,0.7716445789678951,0.36996427
B2A,23a2a896cb.jpg,0.7516509612750317,0.3878857
B2A,23b1669fc4.jpg,0.8962173864150419,0.42724663
B2A,23be955aa3.jpg,0.7805561600799277,0.37795135
B2A,23d0cd1621.jpg,0.7376660890001618,0.4735773
B2A,23e044ebbf.jpg,0.8465882179472608,0.3547949
B2A,23e490fde6.jpg,0.7695476641303186,0.4892796
B2A,23edb57cff.jpg,0.8116881557383002,0.34199226
B2A,23ee3c5507.jpg,0.6409902394223879,0.36587727
B2A,23f7a22314.jpg,0.7683758551787604,0.32677847
B2A,23fb1a1690.jpg,0.7569845505428828,0.35129777
B2A,23fb2c15d2.jpg,0.7806851122105883,0.39506018
B2A,2403efbfd3.jpg,0.7181297204788644,0.37855482
B2A,240a7c491a.jpg,0.7630751810506289,0.47574526
B2A,2410f7ebd1.jpg,0.6078030197637039,0.56594926
B2A,24166036c4.jpg,0.7555636958161904,0.43889236
B2A,241d87414d.jpg,0.8054701824830734,0.3261217
B2A,2421fde7b1.jpg,0.8177511213019119,0.6150382
B2A,243ef6c04e.jpg,0.7808460710727007,0.31386825
B2A,244182635e.jpg,0.7164327368571363,0.2811386
B2A,244cb6321d.jpg,0.864693719186138,0.37798402
B2A,2469dbd507.jpg,0.7476060954313709,0.3656389
B2A,2476944f5c.jpg,0.9055313159710976,0.31644434
B2A,247d71f468.jpg,0.6452881951300912,0.27293542
B2A,2489d5208e.jpg,0.7960758141993842,0.36041608
B2A,248e98e6e5.jpg,0.789280455869143,0.45581427
B2A,24997d2394.jpg,0.542884051973039,0.47510797
B2A,249c6f2b02.jpg,0.6962332990432463,0.47062624
B2A,24ad0a8279.jpg,0.7095564786568974,0.41610867
B2A,24af325930.jpg,0.7917840351927179,0.44059834
B2A,24af541789.jpg,0.7651465224585818,0.34765315
B2A,24b21b5261.jpg,0.7001270864748455,0.58057714
B2A,24b535812d.jpg,0.7813559245912413,0.4378164
B2A,24b54b150b.jpg,0.6907408553509843,0.44151688
B2A,24c4ed86a3.jpg,0.7542221144338548,0.35601062
B2A,24c5780a0c.jpg,0.6671418252246942,0.40040576
B2A,24d819c261.jpg,0.7982655445862388,0.43703663
B2A,24e8e3b180.jpg,0.8601757109506838,0.43958545
B2A,25082e762f.jpg,0.661048088102278,0.38664025
B2A,250bd36c8c.jpg,0.8501380463339281,0.26235497
B2A,252bc3a3ab.jpg,0.8349475039495378,0.42836222
B2A,252f6d69ce.jpg,0.7527332076153327,0.3684525
B2A,25315f09a6.jpg,0.5884692122101204,0.338081
B2A,253340547f.jpg,0.5697635950717158,0.5096594
B2A,25346ff439.jpg,0.7723483659370948,0.24935631
B2A,25462592ac.jpg,0.8084282577051511,0.30424577
B2A,2552f6c0e4.jpg,0.8012229563667739,0.252531
B2A,256f038a42.jpg,0.7486435774469584,0.33070087
B2A,258083f3e8.jpg,0.6927342966643693,0.43577507
B2A,2581451ca9.jpg,0.6496354756866084,0.45438054
B2A,259e4070d5.jpg,0.7923440329292903,0.47973716
B2A,25a9b86180.jpg,0.7055336824368683,0.32868102
B2A,25b6be053f.jpg,0.7507380682919749,0.3052953
B2A,25c04fbf2f.jpg,0.7741378931600954,0.29789388
B2A,25c2b346fe.jpg,0.7878571723434488,0.37967604
B2A,25c46710fc.jpg,0.8086733051445374,0.3747993
B2A,25c827dc83.jpg,0.7273304318822723,0.46726382
B2A,25cb295b1f.jpg,0.6593137537960186,0.2795214
B2A,25d70dd7b1.jpg,0.8107052071459239,0.37383807
B2A,25df1df7d9.jpg,0.788660493897726,0.4246828
B2A,25e705548a.jpg,0.7770697490767591,0.4432465
B2A,25eba9fa76.jpg,0.78397326553874,0.4088222
B2A,25f8328a2f.jpg,0.7899863270022425,0.4017559
B2A,2602597bb0.jpg,0.7254078189150056,0.43477947
B2A,2605924561.jpg,0.8275275066560526,0.37583303
B2A,2606c25ce3.jpg,0.748934288017108,0.39193273
B2A,260d6a5c37.jpg,0.7640921248809228,0.41117135
B2A,26182c3d72.jpg,0.8650365978910707,0.27704275
B2A,2621968d1b.jpg,0.8160895110150135,0.37117139
B2A,2629524a69.jpg,0.6740746093746633,0.2549276
B2A,26296bb84f.jpg,0.7994284637915846,0.3141931
B2A,2641b8175f.jpg,0.8545346816448113,0.31883454
B2A,26494a01e1.jpg,0.8884326529814652,0.370613
B2A,26582fc5a8.jpg,0.6990561383310341,0.43149084
B2A,265f7accbd.jpg,0.6318300498900422,0.42050302
B2A,26722e2880.jpg,0.7672065560245503,0.3102543
B2A,26863f0716.jpg,0.7074637074005885,0.33372027
B2A,2688ed2270.jpg,0.8405640691181443,0.35193473
B2A,26892fcc02.jpg,0.8315588960890554,0.31302735
B2A,268b959d88.jpg,0.777333822311658,0.41000503
B2A,26916da7ff.jpg,0.6318742905882421,0.3912354
B2A,2698bac269.jpg,0.8524931681445145,0.30102593
B2A,269b1b5690.jpg,0.756249348939635,0.38052154
B2A,26aaf299c0.jpg,0.896435940271383,0.34604308
B2A,26b9449f10.jpg,0.6526729957082502,0.28462043
B2A,26bbb89fd6.jpg,0.6058630934684576,0.36664933
B2A,26c4de1515.jpg,0.7172548955898834,0.31943464
B2A,26cd0ec0e4.jpg,0.8586227135871108,0.36759183
B2A,26ce42c083.jpg,0.7493423009501122,0.4372312
B2A,26d40b7147.jpg,0.7590965414615963,0.35305005
B2A,26d474464f.jpg,0.7590516305116886,0.33085662
B2A,26d4ecb9fd.jpg,0.7301859722335081,0.3077986
B2A,26d73ccce4.jpg,0.7714858063963734,0.3879624
B2A,26da6b82c6.jpg,0.7086690761578505,0.30827004
B2A,26db4dcdea.jpg,0.8637420941197459,0.30439633
B2A,26fe13cbea.jpg,0.7947776628319464,0.4172512
B2A,2706749d66.jpg,0.8011999449110332,0.28574514
B2A,270687abc3.jpg,0.8202497958025627,0.34749606
B2A,270a7544e5.jpg,0.7971662082632697,0.35370257
B2A,270f62c6e8.jpg,0.7162535911729787,0.4297238
B2A,27159e6719.jpg,0.7635048258985607,0.31021038
B2A,271ec1348b.jpg,0.8241767532887635,0.32363194
B2A,2727db154e.jpg,0.7977568226555987,0.50378805
B2A,2734c9504b.jpg,0.7852675812437565,0.3119572
B2A,274ba0c4a2.jpg,0.7082933137432245,0.3962342
B2A,274cf83fa6.jpg,0.805345155201938,0.4268669
B2A,27534f0e65.jpg,0.6510563491095297,0.40683326
B2A,27645084b6.jpg,0.7652531337439158,0.3734308
B2A,276543fbf7.jpg,0.5764238441617318,0.45187992
B2A,276c73bead.jpg,0.8420326523482534,0.33871496
B2A,276ee4b14f.jpg,0.665178904696731,0.37200937
B2A,2775af1bba.jpg,0.8701626149230094,0.35402194
B2A,27777862fd.jpg,0.6472219726093233,0.6449822
B2A,2779835a1b.jpg,0.775111034528802,0.51354223
B2A,277c068c4e.jpg,0.768147020533576,0.25803152
B2A,277d120bb4.jpg,0.7150904275326493,0.37251052
B2A,2782335eef.jpg,0.7644927201152024,0.49697518
B2A,2784e8f91d.jpg,0.6605741827437216,0.38666496
B2A,2791df1515.jpg,0.5426860047221054,0.53429663
B2A,279eb2037c.jpg,0.797870259366859,0.35388052
B2A,27a36df1f6.jpg,0.803070176920423,0.2883767
B2A,27b2a0c66f.jpg,0.8523498814029783,0.26339856
B2A,27b87e7785.jpg,0.8184933264938298,0.3250958
B2A,27bc5c6810.jpg,0.8047026313211731,0.308937
B2A,27c273f5ac.jpg,0.7714973136211758,0.36385438
B2A,27c67103f0.jpg,0.7592160508247898,0.37289643
B2A,27d994ba96.jpg,0.8546210101747408,0.28783673
B2A,27de05d60a.jpg,0.9035801290035876,0.4741385
B2A,27e341bcc2.jpg,0.8161854431839155,0.34533897
B2A,27ea6d9992.jpg,0.8082404931210738,0.5600514
B2A,27ebfe0db6.jpg,0.6207618617469556,0.46215582
B2A,27f3a34b1d.jpg,0.6160358967354668,0.4018678
B2A,27f4d80142.jpg,0.6268086436967368,0.37958863
B2A,27fa99ac5c.jpg,0.6992833412976523,0.4119261
B2A,2806a9db15.jpg,0.8119036104689732,0.33855924
B2A,281356f565.jpg,0.8708762877844385,0.32090273
B2A,2815c0ad33.jpg,0.823266804556299,0.35024852
B2A,281b790739.jpg,0.7051397915594259,0.35342333
B2A,283a083739.jpg,0.7700038091921951,0.4464395
B2A,28430b5602.jpg,0.8031931854950197,0.26553202
B2A,2843919992.jpg,0.7674723581570563,0.3747919
B2A,285449b06a.jpg,0.8025073277613455,0.33720165
B2A,2854ebb127.jpg,0.8062327710743112,0.33133534
B2A,28611884d0.jpg,0.7163428502268321,0.44937575
B2A,2861f74357.jpg,0.8972718681195346,0.5280547
B2A,2867b3bef0.jpg,0.8173228339131474,0.2975009
B2A,286c5026ff.jpg,0.7909934307498737,0.44203764
B2A,2879b6b734.jpg,0.7987062890704512,0.3288485
B2A,2881c907bb.jpg,0.7395702103665415,0.4919355
B2A,2885431ef9.jpg,0.7563603378051094,0.3019672
B2A,288c92df0c.jpg,0.5925831470836426,0.3080406
B2A,288d596137.jpg,0.700041220247739,0.43237507
B2A,289a8f7970.jpg,0.8336798933038462,0.3126329
B2A,28a626558d.jpg,0.7939491921824154,0.4468974
B2A,28a7737b48.jpg,0.7762794323208775,0.33909583
B2A,28aab35051.jpg,0.9058526946473048,0.3692407
B2A,28aacb7e4e.jpg,0.886514963017895,0.37048507
B2A,28aec8dbd4.jpg,0.7271377457842539,0.49893537
B2A,28b05820b1.jpg,0.6959908729362594,0.35563588
B2A,28b57f757f.jpg,0.7983043851969286,0.2844246
B2A,28be9a8202.jpg,0.6755347366810487,0.48905653
B2A,28cf136409.jpg,0.7118316753171934,0.3368848
B2A,28e1c7681e.jpg,0.8230230579777069,0.30176967
B2A,28e27595dc.jpg,0.5131184992278444,0.47543216
B2A,28e7b09f15.jpg,0.7315511200042029,0.36011213
B2A,28f3814945.jpg,0.8062142121043119,0.43940353
B2A,28f9f1a13f.jpg,0.7835713853973382,0.3415294
B2A,28fbbb8f15.jpg,0.7401682541130105,0.30299816
B2A,28fd6bf605.jpg,0.8213266328962854,0.48839498
B2A,28ffa0bd39.jpg,0.616891694939326,0.31554872
B2A,290560fba4.jpg,0.7626773972801649,0.31221557
B2A,290dd4249d.jpg,0.8191155258327807,0.33249876
B2A,291146558e.jpg,0.6102402461910542,0.5438527
B2A,292945e24e.jpg,0.8476358215099333,0.28502572
B2A,293b00c315.jpg,0.7705822186029951,0.3708542
B2A,293dadb732.jpg,0.7941494750096308,0.39092046
B2A,2951fe2fe1.jpg,0.7678034253339698,0.41790697
B2A,2959168184.jpg,0.670724762218572,0.42991364
B2A,295b938a05.jpg,0.7760749385992345,0.40739363
B2A,2960920920.jpg,0.6899889423902448,0.56628937
B2A,296b177cad.jpg,0.7249983216909431,0.44891346
B2A,296b8c38bf.jpg,0.8807609992860695,0.31874067
B2A,2971c7ed92.jpg,0.6310329772634893,0.4141318
B2A,297f3a075f.jpg,0.7624829555842513,0.35044488
B2A,29864d1221.jpg,0.7005872264573043,0.44577125
B2A,29906262a0.jpg,0.7280462054779716,0.388198
B2A,299495fe20.jpg,0.6398897953153978,0.5718501
B2A,29a0754ddd.jpg,0.8783654069706882,0.29818648
B2A,29aacba212.jpg,0.6799637299429486,0.36379522
B2A,29afd0e0cb.jpg,0.6967962711720048,0.42920595
B2A,29b165f427.jpg,0.7284039042619772,0.4880759
B2A,29c0dfdae4.jpg,0.7878761378957797,0.40909672
B2A,29c34c1abd.jpg,0.90578304501766,0.22220582
B2A,29d0386f3e.jpg,0.8326978754317789,0.28376746
B2A,29d335a6a9.jpg,0.7098187019844219,0.34383467
B2A,29d58214f1.jpg,0.7795449703169858,0.45756075
B2A,29d8295ed2.jpg,0.811425229134144,0.30341983
B2A,29e01f8909.jpg,0.7690095981385244,0.51092476
B2A,29e7039a4d.jpg,0.7754498190815242,0.29704246
B2A,29eba6fe01.jpg,0.7981348470750331,0.34249425
B2A,29eefa93e2.jpg,0.7928762691234774,0.27376544
B2A,29f28ef872.jpg,0.7543077898675579,0.50471795
B2A,29fe34f752.jpg,0.6553575926050105,0.52670056
B2A,29ff35dc7b.jpg,0.7936254341133226,0.41648892
B2A,2a0382cf4c.jpg,0.7592914903198213,0.4042355
B2A,2a114c7c94.jpg,0.5702034702395,0.43536198
B2A,2a13df2bc3.jpg,0.6564291100827777,0.5923549
B2A,2a14b928c4.jpg,0.5611878601921071,0.47049725
B2A,2a18193d91.jpg,0.8391426143640365,0.31673315
B2A,2a199d45e5.jpg,0.8582140472919241,0.2667579
B2A,2a26f69715.jpg,0.7768401335567394,0.3420107
B2A,2a3cd42798.jpg,0.734912107848326,0.39086723
B2A,2a4211a6e4.jpg,0.6783519153156198,0.42858493
B2A,2a4988e4a7.jpg,0.8296635403639827,0.31599522
B2A,2a4a9d54a7.jpg,0.8247891671094826,0.30661944
B2A,2a4edec63e.jpg,0.8278383310755432,0.31699935
B2A,2a503386a2.jpg,0.8163110759323504,0.35971084
B2A,2a606d05d8.jpg,0.7332868750410434,0.37319964
B2A,2a6805c1a9.jpg,0.8322552574438017,0.32697493
B2A,2a791629c4.jpg,0.7238873611566471,0.367283
B2A,2a87a4fbee.jpg,0.5291647996412485,0.32083973
B2A,2a89dc7912.jpg,0.7086911885562327,0.42011428
B2A,2aa39bfaca.jpg,0.6709639298075393,0.23820981
B2A,2acc30abbe.jpg,0.7058727818943971,0.4130239
B2A,2ae4a137a6.jpg,0.8147424924847239,0.38595837
B2A,2af9ea0c85.jpg,0.8411814794916255,0.27822694
B2A,2b057c1cb8.jpg,0.7647463816625664,0.4159373
B2A,2b086b077f.jpg,0.6184488278688696,0.41251487
B2A,2b0beb1f37.jpg,0.5146372062875951,0.42556325
B2A,2b0c82824b.jpg,0.7531106248189692,0.31265202
B2A,2b1102f3b4.jpg,0.7283146319694033,0.41868794
B2A,2b19987d57.jpg,0.8083027164164991,0.4141156
B2A,2b19a7b5d3.jpg,0.7828230359321968,0.44923913
B2A,2b222ce74d.jpg,0.6879179465245919,0.45180637
B2A,2b22c8b439.jpg,0.6245900773858791,0.39983442
B2A,2b2486be40.jpg,0.7531186587522619,0.37790674
B2A,2b28a6f69a.jpg,0.6095086857650822,0.31956154
B2A,2b2ae4cd5f.jpg,0.857405761266906,0.30960023
B2A,2b2b63d51c.jpg,0.8792434768024497,0.30887994
B2A,2b2efc29c6.jpg,0.7651493920075026,0.37307274
B2A,2b3a026f51.jpg,0.6379614554136587,0.4782223
B2A,2b516f78d1.jpg,0.6177314931165271,0.3719099
B2A,2b62ea6ed1.jpg,0.8014067095141112,0.39430413
B2A,2b68e09fa5.jpg,0.7085099892848776,0.3199697
B2A,2b6cd9bbf2.jpg,0.650558200712932,0.47659886
B2A,2b7402e62d.jpg,0.817138273014936,0.46363014
B2A,2b83d60844.jpg,0.6781787871482808,0.5965426
B2A,2b977b06b6.jpg,0.7823969063350419,0.45154023
B2A,2ba042499d.jpg,0.7574691729713835,0.3252562
B2A,2ba2325c69.jpg,0.8051635633386937,0.459863
B2A,2bb040da92.jpg,0.8545346816448113,0.31883454
B2A,2bb16be25b.jpg,0.7278812905935487,0.41155487
B2A,2bb4efac43.jpg,0.8870996819620318,0.37677512
B2A,2bba709f10.jpg,0.8561756816297539,0.31542492
B2A,2bd4e078d7.jpg,0.6327776003533262,0.43633085
B2A,2be00d7888.jpg,0.8256044509341266,0.3643134
B2A,2be5e776d7.jpg,0.769478326317305,0.37171787
B2A,2c0394a36e.jpg,0.7173057455272577,0.50648314
B2A,2c060d43db.jpg,0.6840326533681111,0.4937676
B2A,2c0a22b1bd.jpg,0.7550405087046838,0.37009442
B2A,2c1f8326a4.jpg,0.6729671795415115,0.5172384
B2A,2c28975fee.jpg,0.7537329326281133,0.37700605
B2A,2c2e9d9c74.jpg,0.7620582954471974,0.31515616
B2A,2c525980b1.jpg,0.8121795540967173,0.32921326
B2A,2c5cd7dde6.jpg,0.759305895433839,0.46167517
B2A,2c5deec20d.jpg,0.6274091289578619,0.5427362
B2A,2c64a2295e.jpg,0.7769055170002059,0.36486393
B2A,2c7f80aab7.jpg,0.7537154248005502,0.4378889
B2A,2c84e8d012.jpg,0.7202783350330706,0.42883208
B2A,2c8672a913.jpg,0.6489114989365138,0.358796
B2A,2c885d1c89.jpg,0.6468513933859646,0.38291845
B2A,2c982c58a5.jpg,0.8548582951644482,0.27570656
B2A,2ca2d1287f.jpg,0.7447251869254764,0.35785672
B2A,2ca79c8d4a.jpg,0.7609063222822174,0.47081172
B2A,2ca8ab24ef.jpg,0.7961668799126504,0.38386697
B2A,2cbb870493.jpg,0.7204507590361237,0.33023065
B2A,2cc7029c30.jpg,0.711770551542373,0.41617072
B2A,2cd1818a6f.jpg,0.7788053647328363,0.40002245
B2A,2cd4ca4ff7.jpg,0.8324936368562105,0.34512815
B2A,2cdbb209dd.jpg,0.6627910139427406,0.4900763
B2A,2ce0a774cc.jpg,0.5536423524057734,0.5189509
B2A,2ce4fe7434.jpg,0.7195882840714602,0.48100773
B2A,2ce941f6ea.jpg,0.8269884312332835,0.28201258
B2A,2cf4cac9df.jpg,0.8968219115896073,0.285565
B2A,2cf4fcd902.jpg,0.6440946541116508,0.44042003
B2A,2cf96e5d1d.jpg,0.8094814018845917,0.33611646
B2A,2cfd8877ea.jpg,0.67016122530317,0.37420034
B2A,2d0075fb17.jpg,0.7815353268938465,0.46729243
B2A,2d16d2379d.jpg,0.8695348924481963,0.34900454
B2A,2d1fc447a1.jpg,0.6421504605503371,0.32637593
B2A,2d21050a7e.jpg,0.7127636589488301,0.48324132
B2A,2d220cb18e.jpg,0.6547723456265702,0.3602279
B2A,2d25168671.jpg,0.8720424551809386,0.37070617
B2A,2d44d8ede7.jpg,0.8410015578149928,0.35795516
B2A,2d48369700.jpg,0.7158597484596466,0.47630048
B2A,2d4e2c6a70.jpg,0.709838521255877,0.43019235
B2A,2d4e5384ab.jpg,0.7976584847914717,0.36788583
B2A,2d5082427e.jpg,0.6654851742603164,0.46501854
B2A,2d5abca3d6.jpg,0.8434470612020581,0.35407287
B2A,2d6265411d.jpg,0.8198734912578243,0.29055926
B2A,2d637a7346.jpg,0.6897242664637596,0.34716135
B2A,2d7aba6183.jpg,0.7458149124741671,0.46084985
B2A,2d7deb9968.jpg,0.8353845624543252,0.37227184
B2A,2d903e93c5.jpg,0.7059226795882442,0.43157798
B2A,2d95ae6eb2.jpg,0.7014011426588886,0.40701234
B2A,2d9bfdb911.jpg,0.6824102419080366,0.5055505
B2A,2da40e05e0.jpg,0.6426297240467526,0.44282448
B2A,2da41f7e22.jpg,0.8295918336880036,0.33612508
B2A,2dac7d65e9.jpg,0.8230761087110899,0.4139797
B2A,2dacb0a259.jpg,0.8446142170026555,0.3055789
B2A,2daf4ce562.jpg,0.702027126237519,0.3974217
B2A,2db034b46c.jpg,0.7399608997466703,0.39758793
B2A,2db14aa0ac.jpg,0.5866438596383956,0.38266346
B2A,2db8fdcdb6.jpg,0.7385056257723611,0.42050242
B2A,2dd1d30221.jpg,0.788797360943303,0.267376
B2A,2dd4f95b88.jpg,0.6041223609772381,0.45582834
B2A,2dd9275de3.jpg,0.8033283295973599,0.32289955
B2A,2ddc57dd19.jpg,0.8148428754185697,0.31405714
B2A,2ddd51611c.jpg,0.7094371277428965,0.4633763
B2A,2dec4e77ed.jpg,0.778322743908737,0.38702324
B2A,2dec9e5cf3.jpg,0.8545079770858168,0.34076706
B2A,2dfec6a775.jpg,0.802105983336203,0.37622252
B2A,2e00f465c3.jpg,0.7044399864162614,0.55114025
B2A,2e09380c2a.jpg,0.7552605719657958,0.35055414
B2A,2e1753ba9b.jpg,0.8476117301525246,0.5128784
B2A,2e1c6fc11b.jpg,0.79187690940058,0.3253505
B2A,2e2e206c28.jpg,0.8221384822217058,0.4380214
B2A,2e301d7558.jpg,0.7124182765697591,0.3220072
B2A,2e517b8314.jpg,0.8438477098099323,0.18669099
B2A,2e5fbd7286.jpg,0.7627261214312749,0.356018
B2A,2e6ec4908b.jpg,0.6620882408208032,0.40508956
B2A,2e7742679f.jpg,0.7203294126605683,0.42431825
B2A,2e78e51950.jpg,0.8082329603468705,0.30508476
B2A,2e78e73bea.jpg,0.5565430498968134,0.45198554
B2A,2e7bf7b6d7.jpg,0.7244316824222516,0.4369067
B2A,2e90f3f80e.jpg,0.746963572000351,0.34950793
B2A,2eaec67b91.jpg,0.7500626065652973,0.48472178
B2A,2ec41d4134.jpg,0.7712267837664669,0.32724273
B2A,2ecf4e49d6.jpg,0.7804085649857367,0.4574571
B2A,2ee3c2e52e.jpg,0.7374617672245427,0.446257
B2A,2ee77c2635.jpg,0.7665386800018202,0.33360103
B2A,2ef2770a26.jpg,0.68393585024769,0.49141434
B2A,2f109a6785.jpg,0.8464308617011664,0.34941784
B2A,2f16239804.jpg,0.6743616520185357,0.36179435
B2A,2f1aabf863.jpg,0.8036281989142948,0.4522931
B2A,2f1cadb0b7.jpg,0.7284803945413184,0.5879908
B2A,2f220b23a4.jpg,0.6753574273254551,0.6046659
B2A,2f23c7dfd2.jpg,0.7326141049702282,0.33166292
B2A,2f33daf7c6.jpg,0.6704967240058385,0.35936993
B2A,2f5081e946.jpg,0.8077959370581379,0.3757521
B2A,2f8ca8f7dd.jpg,0.8975893745002135,0.37002322
B2A,2f9d43719d.jpg,0.7859959915111903,0.5069277
B2A,2f9dac2cfc.jpg,0.5189631863576176,0.45945984
B2A,2fa3a1847b.jpg,0.8276739552867917,0.3919294
B2A,2fa51ca1fa.jpg,0.5753575632138606,0.35934675
B2A,2fb1aee127.jpg,0.6997325402550794,0.38835537
B2A,2fb56b3050.jpg,0.8521954244415787,0.26768464
B2A,2fb9a62d4f.jpg,0.6848131995856542,0.33481473
B2A,2fbd381154.jpg,0.6633644236309514,0.506209
B2A,2fcca3b171.jpg,0.8326154947126451,0.30603874
B2A,2fd530981b.jpg,0.8140510867566907,0.36008158
B2A,2fde227d1f.jpg,0.6189058390618288,0.37378627
B2A,2ffdb7bb25.jpg,0.7335366054534188,0.3696564
B2A,2fffa9b80b.jpg,0.6385811645407176,0.4194881
B2A,2ffff1f4b7.jpg,0.7993949106301294,0.413192
B2A,300bfa61ee.jpg,0.8015633702308803,0.43569797
B2A,300de48204.jpg,0.7774806928137545,0.39619592
B2A,30126b0c64.jpg,0.6594079316516658,0.4292026
B2A,3012de7eed.jpg,0.7539124836651824,0.45063522
B2A,3016a28e9d.jpg,0.8094613203737957,0.36325672
B2A,3023c7e91c.jpg,0.6590955243353733,0.4183723
B2A,3036b97556.jpg,0.8063551470765258,0.35555047
B2A,303b61552d.jpg,0.7418970911813555,0.55296135
B2A,304070d771.jpg,0.74084777978132,0.4555082
B2A,30466cabde.jpg,0.5880685597308889,0.3218726
B2A,3047c6263a.jpg,0.8209121275089972,0.5015934
B2A,304c2f4d34.jpg,0.8300574537069842,0.43516582
B2A,304fd99da4.jpg,0.7320522704798643,0.33231306
B2A,305e8c1906.jpg,0.7358374099914989,0.29277366
B2A,305fc59b7e.jpg,0.8309130255762242,0.59693164
B2A,306397c35a.jpg,0.7251597946118132,0.29540968
B2A,30647276ab.jpg,0.676589201723701,0.47211498
B2A,306ebd4b5c.jpg,0.8500274939864193,0.2952515
B2A,306fdd232d.jpg,0.7313495907839458,0.43624797
B2A,30704449eb.jpg,0.7294897254423568,0.422618
B2A,3070a4c8b0.jpg,0.6985513733828144,0.42508268
B2A,30718dc781.jpg,0.8536484534714788,0.5059929
B2A,307d716b38.jpg,0.8190074831889054,0.36328423
B2A,30821a129e.jpg,0.6888001908995629,0.34073156
B2A,30c43e2fe9.jpg,0.9129104606690172,0.34563908
B2A,30ca82141f.jpg,0.8308546521533918,0.46219915
B2A,30d24dd7c8.jpg,0.7991216131767486,0.412219
B2A,30ea353d97.jpg,0.6830013660000345,0.44956213
B2A,30ea58dabb.jpg,0.7033296705138317,0.42794368
B2A,30f4a36c95.jpg,0.7885269328270674,0.28441647
B2A,30ff35c5af.jpg,0.7453992250408373,0.3809363
B2A,3116136a42.jpg,0.7205990800929526,0.3224427
B2A,312c2be90b.jpg,0.8315353963425955,0.2994535
B2A,313cd1f3e0.jpg,0.672752132644651,0.38795522
B2A,3150771433.jpg,0.5173242928484423,0.42829573
B2A,3165c39cd3.jpg,0.6948270314005989,0.41420445
B2A,3178a6117e.jpg,0.6905928487022956,0.3436253
B2A,317b731059.jpg,0.8012088583508717,0.41168237
B2A,317ecf9e9d.jpg,0.9084099134653365,0.3524981
B2A,31819e2fb6.jpg,0.7757332101901784,0.42172068
B2A,318d2dd948.jpg,0.7854401191382844,0.38454077
B2A,319031271d.jpg,0.707690470846513,0.39714673
B2A,319b17bbb4.jpg,0.7211772840175683,0.37070277
B2A,319b8157e2.jpg,0.822872929592008,0.39909393
B2A,319de8a4c3.jpg,0.8059615178310966,0.43220317
B2A,31af3a1906.jpg,0.6663844134083408,0.63109016
B2A,31dd6a20fc.jpg,0.8296440239220628,0.2987994
B2A,31e3562ead.jpg,0.7768564172351545,0.39451912
B2A,31ebef8c4c.jpg,0.6447760939524769,0.6867718
B2A,31ecf73a02.jpg,0.9142351824952055,0.35691237
B2A,31fbb87d97.jpg,0.7100696563119114,0.3330822
B2A,31fdcfab86.jpg,0.8009558836588607,0.33414686
B2A,32076ecaf2.jpg,0.8277673433551049,0.28977954
B2A,3213f8108a.jpg,0.7231748774461535,0.31441355
B2A,3224e61375.jpg,0.7618184289516097,0.36341003
B2A,32277975c5.jpg,0.6841356124203143,0.39093342
B2A,3250368377.jpg,0.8426231715685011,0.29151276
B2A,325120c998.jpg,0.7938270122267691,0.34187782
B2A,32639bab15.jpg,0.7198590519477147,0.3548223
B2A,3277390c9b.jpg,0.6914420881094058,0.44352502
B2A,3278d87456.jpg,0.840965602393841,0.4220347
B2A,327bbda45b.jpg,0.7671957497752567,0.2975535
B2A,328321b466.jpg,0.8668224858703889,0.3125676
B2A,32882d9a83.jpg,0.7449901231857662,0.4242747
B2A,3291187d91.jpg,0.5631335920128049,0.46463943
B2A,32a1470651.jpg,0.8372913171512836,0.3616155
B2A,32ae69a50f.jpg,0.6277834582841307,0.4755411
B2A,32b537e6de.jpg,0.852932861160122,0.33918953
B2A,32bb26374a.jpg,0.7492544462777684,0.4266266
B2A,32bcb20dae.jpg,0.7717818680043218,0.4243386
B2A,32cb5db524.jpg,0.7436121375276775,0.36125243
B2A,32d3f34515.jpg,0.7572326798410329,0.30501285
B2A,32d98e72dd.jpg,0.5429051561921439,0.49406815
B2A,32dde12686.jpg,0.7652569202688904,0.4940618
B2A,32df0e0408.jpg,0.644730019403349,0.26276442
B2A,32edfa9c9d.jpg,0.8472160532577522,0.30297688
B2A,32f3055dff.jpg,0.8806625546572758,0.39258966
B2A,32fae726b3.jpg,0.48687248544383066,0.68640983
B2A,32fdfa3c24.jpg,0.5634027410159941,0.40102285
B2A,33032dc5ad.jpg,0.6517141778481598,0.3840024
B2A,33084e742e.jpg,0.6741721596113657,0.392921
B2A,330fa8a7a8.jpg,0.7698457599236244,0.5162134
B2A,3316c8daed.jpg,0.8135421567354241,0.3414114
B2A,331f082a0b.jpg,0.5999603232515777,0.31204996
B2A,33244a8ba9.jpg,0.582773051837463,0.41811934
B2A,332da05c9c.jpg,0.712877628386131,0.5289385
B2A,3335cea81d.jpg,0.7012267007494832,0.45303816
B2A,33392f6dea.jpg,0.7016523156789155,0.46972996
B2A,333b2e7121.jpg,0.812185760356968,0.30293542
B2A,334259faa0.jpg,0.6961437024413064,0.41308784
B2A,33439a9a62.jpg,0.7345133500060456,0.60699356
B2A,335adb946b.jpg,0.8741960636896403,0.2803248
B2A,335bf2f75a.jpg,0.853137229716134,0.54813784
B2A,335d7fa61b.jpg,0.7644458338630037,0.3118673
B2A,336e786f25.jpg,0.697131137118997,0.30243117
B2A,337a9d7475.jpg,0.5056933499116043,0.43178454
B2A,338fec22de.jpg,0.5439675310364216,0.5130487
B2A,339d590103.jpg,0.8708861175337679,0.33004335
B2A,339db96fd4.jpg,0.6944435470806345,0.38567692
B2A,33a24fd568.jpg,0.8201051534147463,0.37524015
B2A,33b29070dc.jpg,0.8298218367051261,0.3047042
B2A,33b5473fb6.jpg,0.6444395012272699,0.44794688
B2A,33bae37b7a.jpg,0.5781099324247072,0.33597058
B2A,33baf9fee5.jpg,0.7332035666227174,0.35246393
B2A,33bd2f6360.jpg,0.8432286116233075,0.35578233
B2A,33c737f426.jpg,0.7216014423280049,0.29760262
B2A,33ce5179c2.jpg,0.6817597882108521,0.311098
B2A,33d7e16c5c.jpg,0.7643877995602221,0.299569
B2A,33e21e0ee8.jpg,0.9188697979609372,0.3035699
B2A,33e4c897aa.jpg,0.8965390326348809,0.33651328
B2A,33f2df4cbe.jpg,0.7662712396908645,0.38524228
B2A,33ffdde2a0.jpg,0.6932717695073263,0.42757827
B2A,340c575487.jpg,0.6978602153119297,0.36266077
B2A,3414d1e597.jpg,0.6690303873179699,0.47283027
B2A,341acd12b6.jpg,0.76930546990233,0.29742792
B2A,34300a53dd.jpg,0.6054769783201346,0.5126306
B2A,343035e393.jpg,0.7418445307843226,0.34959355
B2A,3433e1373b.jpg,0.7925819954248945,0.3162779
B2A,3434712cc3.jpg,0.8052531743374972,0.35160458
B2A,34380cf889.jpg,0.7312466584095361,0.41959655
B2A,343e090a43.jpg,0.6578904899287144,0.4140214
B2A,343fa4c0eb.jpg,0.76727598168051,0.43596482
B2A,3447169f2b.jpg,0.54379538064861,0.51573014
B2A,344cac7fe0.jpg,0.6707402217973077,0.3386611
B2A,345ee88105.jpg,0.6528352236555134,0.23713014
B2A,346579c393.jpg,0.6083602060548274,0.3593834
B2A,346a66651d.jpg,0.6711985129847152,0.36708373
B2A,347519baef.jpg,0.7213251632108605,0.408002
B2A,347a1a864e.jpg,0.867878808889505,0.36907735
B2A,3480de8e9c.jpg,0.7485961085634582,0.3901794
B2A,3482a0b159.jpg,0.8102761887368771,0.3897304
B2A,34840c34c1.jpg,0.8508698368338284,0.32121935
B2A,348e12ab8b.jpg,0.8038563533732549,0.28096932
B2A,3493315b15.jpg,0.6986324404957179,0.37536496
B2A,34961a9ee6.jpg,0.8089810402706467,0.39667332
B2A,349afdf79d.jpg,0.8628909312788984,0.35997456
B2A,349eab5771.jpg,0.7884068121140054,0.34862286
B2A,34a0d6d394.jpg,0.7685689171338508,0.34433037
B2A,34a5e6c55b.jpg,0.755764220629628,0.55318654
B2A,34a9eba898.jpg,0.7240643555223013,0.46186313
B2A,34b514be69.jpg,0.7642944858548582,0.4479555
B2A,34b51c7261.jpg,0.7217692863044372,0.4688202
B2A,34c5f04545.jpg,0.7549679067862834,0.4569889
B2A,34cbab9a5d.jpg,0.8685069052293024,0.33340883
B2A,34cf1b263e.jpg,0.7666503895299555,0.3076963
B2A,34daf62663.jpg,0.7871432582180075,0.345702
B2A,34e314407f.jpg,0.8591538393825323,0.27769223
B2A,34e66708aa.jpg,0.6742204400076689,0.33895835
B2A,34e95595ce.jpg,0.8056028360197708,0.42736298
B2A,34eac9ab64.jpg,0.7204204301151835,0.44515976
B2A,34f4d5c9d4.jpg,0.6775181742635158,0.42635491
B2A,34fb6596e1.jpg,0.6578382373462214,0.5635849
B2A,34fe687882.jpg,0.7913195056008325,0.35720438
B2A,350b5ebef7.jpg,0.5686881340550834,0.37277487
B2A,350d2a84d5.jpg,0.7629154807481702,0.41187245
B2A,351e2041bb.jpg,0.8792244683203447,0.34267467
B2A,3528e213a3.jpg,0.7368385659520601,0.53884447
B2A,352c83ab74.jpg,0.7960205528055838,0.37299848
B2A,352e273208.jpg,0.778960207682457,0.309604
B2A,35395df60a.jpg,0.866146084197884,0.31848162
B2A,353a61be7f.jpg,0.7940158114065817,0.3446285
B2A,353dedb268.jpg,0.6849595100329146,0.41781995
B2A,353e6a68f4.jpg,0.7270357972383403,0.48149526
B2A,355475c717.jpg,0.6502878424306413,0.36484405
B2A,355c86cd3d.jpg,0.7216079431668241,0.4922949
B2A,356a62efca.jpg,0.7252286790773261,0.37419605
B2A,356caca006.jpg,0.7543086695350121,0.3585143
B2A,358670e605.jpg,0.9157244503857108,0.4297365
B2A,358b265ed6.jpg,0.7572241519756652,0.440241
B2A,35945cd71c.jpg,0.7419352966914233,0.39098743
B2A,359495f7a4.jpg,0.6787372274962229,0.40679914
B2A,35961ab226.jpg,0.8299506110050113,0.37353617
B2A,3596426373.jpg,0.7684467719576246,0.45622334
B2A,359b6a2430.jpg,0.860145269054663,0.35038832
B2A,35b0c24b22.jpg,0.833966897636513,0.34120807
B2A,35dd92bfb3.jpg,0.7976994604063279,0.31887105
B2A,35e792eb1a.jpg,0.6849197802649148,0.29487824
B2A,35e7c9ec58.jpg,0.8239158499584232,0.29957777
B2A,35ed01ca2e.jpg,0.8429500047336261,0.35024193
B2A,35ed52c72f.jpg,0.7013467192825402,0.437572
B2A,35fab228d4.jpg,0.7801898758951757,0.31487134
B2A,36000244a2.jpg,0.6819765244057534,0.5152578
B2A,3608d6b3ac.jpg,0.8400742989962809,0.44401276
B2A,360a1c7c80.jpg,0.8002436442943478,0.4011831
B2A,361f298a02.jpg,0.5622246230970668,0.52715003
B2A,3621a894db.jpg,0.7869301735135397,0.3763636
B2A,362204f307.jpg,0.8045803548622716,0.29892576
B2A,362511599b.jpg,0.7755115488022064,0.33817548
B2A,36261d4302.jpg,0.7958158736289183,0.36013693
B2A,3632f44a7c.jpg,0.7503232847760551,0.3308623
B2A,3648d77005.jpg,0.5694216264858983,0.5378241
B2A,3656053e31.jpg,0.6611090498578359,0.51015216
B2A,3657ef6b24.jpg,0.8872526707954417,0.2702212
B2A,368b9526b7.jpg,0.7491028649600343,0.35391867
B2A,368ee43922.jpg,0.9056034046080573,0.25314033
B2A,3691380fa5.jpg,0.6445519177833249,0.33286154
B2A,3695170ba2.jpg,0.8510342173644616,0.40529
B2A,369897af38.jpg,0.8758296860930105,0.36920545
B2A,36a77b49fe.jpg,0.7376326927902722,0.44168162
B2A,36a93aa776.jpg,0.6128073211110052,0.3399119
B2A,36a9509d21.jpg,0.6676845207166617,0.43393692
B2A,36ad6eb2d8.jpg,0.7261984039127944,0.33846778
B2A,36b37b892a.jpg,0.7149637938968488,0.43897352
B2A,36bafe2801.jpg,0.6614095893814043,0.4424019
B2A,36bcc9afa9.jpg,0.9141408565792856,0.40005222
B2A,36d67864d9.jpg,0.7980779645362548,0.4278419
B2A,36d957036d.jpg,0.6700270429965441,0.26812986
B2A,36daf4d43d.jpg,0.8237951423699049,0.47060856
B2A,36e4004846.jpg,0.8359786047530353,0.29673877
B2A,36eb013265.jpg,0.8057049617412652,0.26575336
B2A,36eccca3ab.jpg,0.8341572412767737,0.3312407
B2A,36f18cca17.jpg,0.8930079620082758,0.31388757
B2A,36f6aeb966.jpg,0.7157618785085368,0.36979273
B2A,37075ca2ee.jpg,0.7002621143631912,0.42091444
B2A,371c59835b.jpg,0.8483337052612633,0.42855248
B2A,371f2829aa.jpg,0.5737993724031878,0.5299186
B2A,372d828feb.jpg,0.7246578381051283,0.45025423
B2A,372dc58821.jpg,0.5725116359701288,0.42361724
B2A,37322d9ff2.jpg,0.7418739883173345,0.35095596
B2A,3744adb842.jpg,0.7340007634980628,0.37078118
B2A,374d5245d4.jpg,0.7246824633364595,0.3795365
B2A,3751b9831c.jpg,0.6536788751403468,0.23591405
B2A,376073b21e.jpg,0.8328189097692555,0.3705844
B2A,376ddd69e6.jpg,0.649037580526776,0.4728763
B2A,376f1b5edb.jpg,0.73873713818315,0.39033288
B2A,377329db11.jpg,0.5866741502771458,0.449367
B2A,3778fecb0c.jpg,0.8722785840099115,0.34477276
B2A,3789eceb0c.jpg,0.6827265835783712,0.25237164
B2A,37911bdb2c.jpg,0.7546002653149632,0.34475878
B2A,37917ad369.jpg,0.7481796020760303,0.37027028
B2A,37928f6999.jpg,0.8308008882619874,0.54444283
B2A,379b25d4d3.jpg,0.727827454404521,0.35046017
B2A,37a5918d6f.jpg,0.7245200684949026,0.30069667
B2A,37a90c2b86.jpg,0.8236161885169249,0.35072407
B2A,37aabb8541.jpg,0.8211200580551279,0.3195476
B2A,37b12b7bc9.jpg,0.6848822988132474,0.45967594
B2A,37b740d8f8.jpg,0.6848251659095415,0.34440738
B2A,37c5732454.jpg,0.7780631605861572,0.42725515
B2A,37c6dc5971.jpg,0.6740934917924228,0.43301526
B2A,37cc9acfc2.jpg,0.8522858869412121,0.39330676
B2A,37cfa76bf2.jpg,0.7790048442803137,0.28719395
B2A,37d0b619d1.jpg,0.6578100561036905,0.37830713
B2A,37d3e79b71.jpg,0.574293981968615,0.46088365
B2A,37df208f9f.jpg,0.8366284573940594,0.44520423
B2A,37eb07f626.jpg,0.7362231636750087,0.3128881
B2A,37f738e7bc.jpg,0.704033290694349,0.3080794
B2A,37fba790de.jpg,0.8057790783612023,0.29304922
B2A,38062f7d79.jpg,0.6759021009344943,0.5402006
B2A,38070f5dbb.jpg,0.7395702529574063,0.44390556
B2A,38086cf21f.jpg,0.8030407353701965,0.3748235
B2A,381267e62a.jpg,0.723174783655021,0.41221413
B2A,381280b99b.jpg,0.8606345780497754,0.37400132
B2A,381d086c95.jpg,0.7531795328464432,0.4265854
B2A,3820d34bd5.jpg,0.7743144289075455,0.43917158
B2A,3833afaa5a.jpg,0.7199929284557349,0.32448393
B2A,383bfdbd98.jpg,0.6905927675506922,0.42032734
B2A,3842636752.jpg,0.8274867957153699,0.50209284
B2A,385d53e164.jpg,0.6952971476537766,0.5814114
B2A,385f8eb28d.jpg,0.5021066330092608,0.4631504
B2A,3860dba6e7.jpg,0.6937893881255994,0.33199346
B2A,38629959ac.jpg,0.868392459058407,0.4722184
B2A,3865b242b9.jpg,0.8249427573697335,0.29010317
B2A,38662909dd.jpg,0.6442978653237063,0.40854692
B2A,38684f015e.jpg,0.9037474123350558,0.5401582
B2A,386a3c0897.jpg,0.7273418068910295,0.4763347
B2A,3876bbbae0.jpg,0.7894001661575452,0.415425
B2A,3886187ed1.jpg,0.7105875717460902,0.29607853
B2A,3891ee053e.jpg,0.7664959464741369,0.3866763
B2A,38992f60c4.jpg,0.8211049863187699,0.3156381
B2A,38993b35f9.jpg,0.7864417899604176,0.2903363
B2A,389acc824c.jpg,0.7140521876024619,0.41754395
B2A,389cbe6e1a.jpg,0.7488260724063137,0.33965713
B2A,38bb0ec345.jpg,0.621067946487566,0.36521375
B2A,38c6532fe1.jpg,0.7696938483674323,0.34673554
B2A,38c88ad59d.jpg,0.8470758747601128,0.39492452
B2A,38cb53af79.jpg,0.8053623966084407,0.3469627
B2A,38d00950b6.jpg,0.5676518313943831,0.46848252
B2A,38d0de69d8.jpg,0.7931750395385643,0.29800978
B2A,38d5379f18.jpg,0.7905825450758022,0.5039296
B2A,38d71d4dfe.jpg,0.7236503832793615,0.5144384
B2A,38d9042083.jpg,0.794463359398634,0.28542987
B2A,38deab6c01.jpg,0.8162476898762568,0.416331
B2A,38dfbc95b7.jpg,0.6165854619870162,0.51863074
B2A,38ebf8fc82.jpg,0.7476953686706209,0.4864853
B2A,38f185baa6.jpg,0.5164721306817218,0.36333442
B2A,390f3f16d6.jpg,0.7850821072834534,0.48937386
B2A,3915c24d8d.jpg,0.7420868294124738,0.50139767
B2A,3916d76a57.jpg,0.7778512684951601,0.37804154
B2A,392c032d0e.jpg,0.7444589074617961,0.32812995
B2A,3941a52677.jpg,0.7314838051390914,0.330285
B2A,394a38353e.jpg,0.7913386300753844,0.3569248
B2A,39545bce2e.jpg,0.8030741848272086,0.4256758
B2A,396b917aad.jpg,0.7572037566037497,0.43650877
B2A,39780192ea.jpg,0.7786889899683724,0.2907229
B2A,398849f59d.jpg,0.7993692694859666,0.3599629
B2A,39b7d694de.jpg,0.7587818090602566,0.35432038
B2A,39c1270676.jpg,0.789699510649107,0.4824976
B2A,39db6bdbbe.jpg,0.7547511607603122,0.4955764
B2A,39ff1e8568.jpg,0.6921433941543732,0.33079395
B2A,3a0046ee0d.jpg,0.7078684670370969,0.39162943
B2A,3a00c416f6.jpg,0.7517922541832748,0.37991244
B2A,3a2f29ea97.jpg,0.7528228799607779,0.3720105
B2A,3a36ff8b4b.jpg,0.7583346097360435,0.40269545
B2A,3a423d3645.jpg,0.7524892390699022,0.46247712
B2A,3a4414aa6b.jpg,0.7018763031300225,0.4260229
B2A,3a582c9914.jpg,0.744020885375799,0.35811198
B2A,3a5b6e28e0.jpg,0.8564426450223188,0.3919661
B2A,3a5c7e707a.jpg,0.6905996498625981,0.44879943
B2A,3a747d8723.jpg,0.7545921900663042,0.34626585
B2A,3a7a0992dd.jpg,0.5208302682653518,0.40274072
B2A,3a82bd4f2a.jpg,0.6294022353774582,0.34210402
B2A,3a872d9357.jpg,0.7462732328460489,0.39018413
B2A,3a91a66bdd.jpg,0.8274085092696153,0.3493284
B2A,3a9483311f.jpg,0.731620029282322,0.5389506
B2A,3a9d528df2.jpg,0.7373748847034911,0.4353205
B2A,3ab31603e2.jpg,0.7129526050973081,0.42031002
B2A,3abca1ec15.jpg,0.7951145088786638,0.31066588
B2A,3ac5c5efeb.jpg,0.8343640940498726,0.48009434
B2A,3acafb52ae.jpg,0.7462447007616139,0.31397653
B2A,3ad0aa389f.jpg,0.6783728349444369,0.44292045
B2A,3ade5505ba.jpg,0.7948681856943532,0.3916586
B2A,3adf6a85e3.jpg,0.7451790883865027,0.2887887
B2A,3af0aaf3ee.jpg,0.6779748844495774,0.3955031
B2A,3af3151f7f.jpg,0.723254971233441,0.44197202
B2A,3afa5083c1.jpg,0.765960643952804,0.4598851
B2A,3b047fc766.jpg,0.6088714084096316,0.556321
B2A,3b20ee7aa5.jpg,0.879904170476296,0.35752678
B2A,3b28c6b97b.jpg,0.7296977318773451,0.3698958
B2A,3b312d0ac5.jpg,0.7548494654587244,0.3711686
B2A,3b368db4be.jpg,0.8312798379382579,0.40839761
B2A,3b3f9ecd9d.jpg,0.8336007600286374,0.24872005
B2A,3b3fd02a40.jpg,0.7895708688401968,0.39252812
B2A,3b465f08bf.jpg,0.848736838081302,0.37328094
B2A,3b4b485df5.jpg,0.764646771371719,0.34110075
B2A,3b4e045bb7.jpg,0.5677798045588667,0.49376044
B2A,3b57973eb2.jpg,0.7238901013167042,0.3328906
B2A,3b5d843f5a.jpg,0.5976701415659444,0.37651366
B2A,3b64a40750.jpg,0.6628631173002235,0.33532983
B2A,3b6a39a00d.jpg,0.8058507025465991,0.40496066
B2A,3b6c01176c.jpg,0.6938266812351642,0.37532032
B2A,3b71b87d37.jpg,0.8035357084346806,0.26159447
B2A,3b76682887.jpg,0.7409332406784649,0.38564262
B2A,3b855caae4.jpg,0.6925120366497938,0.457215
B2A,3bae3d1712.jpg,0.7510040483382028,0.30993044
B2A,3bc75876be.jpg,0.7846138188916352,0.28965032
B2A,3bcafe027c.jpg,0.8594004670301993,0.2650863
B2A,3bcc67701d.jpg,0.6719610951163278,0.4875924
B2A,3bd85aead5.jpg,0.6813751152691773,0.4313922
B2A,3bd8747102.jpg,0.8284712903234854,0.47509706
B2A,3bd9ddc108.jpg,0.8494053662193402,0.28591707
B2A,3be1aea5fc.jpg,0.6951738221201356,0.3223849
B2A,3bed43f9f6.jpg,0.7278686812744769,0.424483
B2A,3bf9ac1eb3.jpg,0.6430761876057074,0.38517344
B2A,3bff224652.jpg,0.8055091870668654,0.3758644
B2A,3c048f020d.jpg,0.6450367849801859,0.32496083
B2A,3c07362391.jpg,0.7064946651378944,0.38108674
B2A,3c1963d1f8.jpg,0.7338866665923061,0.34640563
B2A,3c21346fb9.jpg,0.8630448482281666,0.58720237
B2A,3c327deaca.jpg,0.8127613713854674,0.41489023
B2A,3c3c78be02.jpg,0.829735320618613,0.31503406
B2A,3c4406fa5a.jpg,0.7414391784375346,0.4662369
B2A,3c52316f14.jpg,0.6398707102819781,0.56812704
B2A,3c53ee8af8.jpg,0.8494866401727995,0.40806568
B2A,3c5cdd7090.jpg,0.6951649604317289,0.45631313
B2A,3c5e76d1e3.jpg,0.7352402157146727,0.31608137
B2A,3c65d848ee.jpg,0.8307274302728354,0.35661408
B2A,3c6fe5de40.jpg,0.6383441467850215,0.33820513
B2A,3c72375e57.jpg,0.7596913575508408,0.3885628
B2A,3c7383e41b.jpg,0.6633251526691372,0.41579235
B2A,3c750a98db.jpg,0.6310949675245472,0.42402598
B2A,3c7a019967.jpg,0.7675619184753106,0.23787068
B2A,3c840700fc.jpg,0.7985335924608878,0.28102404
B2A,3c8591595d.jpg,0.842435052712701,0.5472128
B2A,3c8d055dde.jpg,0.6629244302942289,0.33960825
B2A,3c8de7efcc.jpg,0.6625872165805987,0.43973717
B2A,3c92f9da89.jpg,0.7765004481422081,0.33167845
B2A,3ca88b5bae.jpg,0.7142980725343511,0.32312956
B2A,3caa03fcca.jpg,0.7091461113737463,0.47700232
B2A,3cc4339658.jpg,0.8140210949253673,0.35365602
B2A,3cc6896a14.jpg,0.7761863269150833,0.48561624
B2A,3cc973e9c6.jpg,0.5876176254940109,0.45054436
B2A,3cca867846.jpg,0.8293300780721408,0.36944243
B2A,3ccbf381cc.jpg,0.7513817113141167,0.36830595
B2A,3cd0ce8fcd.jpg,0.7384600122661469,0.2570517
B2A,3cd43a2690.jpg,0.8037611543260372,0.30855364
B2A,3cdbcd6c29.jpg,0.71452267399946,0.4611659
B2A,3ce8fe7b80.jpg,0.7410235341619764,0.600021
B2A,3cf977901c.jpg,0.5858928013877649,0.5092508
B2A,3cff22e3c9.jpg,0.8466067517439859,0.29585707
B2A,3d038050b2.jpg,0.5108339291017651,0.43003124
B2A,3d0982bebb.jpg,0.825661319023895,0.56403875
B2A,3d0e0ead31.jpg,0.8233740931713031,0.39673698
B2A,3d14523c1f.jpg,0.8254338385031549,0.5013819
B2A,3d165d2aad.jpg,0.8222233155084836,0.31074634
B2A,3d204371c7.jpg,0.760522189662607,0.3314026
B2A,3d29c7439f.jpg,0.594640772715674,0.47386363
B2A,3d2c394405.jpg,0.5312809422302581,0.46144325
B2A,3d3b9f4ba1.jpg,0.7833282141442524,0.38318568
B2A,3d69e148e8.jpg,0.7167341688501252,0.3886489
B2A,3d6b2aa9d4.jpg,0.7431028612553983,0.36784503
B2A,3d6ef1f43d.jpg,0.7878900295652602,0.41201103
B2A,3d70ef0d7c.jpg,0.6805147767237877,0.48739254
B2A,3d71b5934b.jpg,0.7522727501100989,0.327484
B2A,3d8835b84d.jpg,0.6202293591414468,0.37930346
B2A,3d89a7a1c4.jpg,0.8181389321091445,0.3111391
B2A,3d89fa1a08.jpg,0.681832956996662,0.31052512
B2A,3d8fd794f8.jpg,0.7183570412059286,0.28056428
B2A,3d961be033.jpg,0.6102271386336235,0.36786664
B2A,3da4c699b8.jpg,0.6851457241598808,0.38230464
B2A,3db43d9a04.jpg,0.5552305904127424,0.50769615
B2A,3db8bf2299.jpg,0.8596775038190723,0.36147097
B2A,3dc62c7550.jpg,0.6770501442275677,0.41290972
B2A,3dc69fb234.jpg,0.667893808578192,0.37213305
B2A,3dcb9f50ff.jpg,0.6658649693414067,0.33932328
B2A,3dcdf82bcd.jpg,0.7081914375082013,0.5125369
B2A,3dcf18bba9.jpg,0.85247602954044,0.33999565
B2A,3dd2d3096b.jpg,0.6298631317903932,0.45307645
B2A,3de3c8151d.jpg,0.6648222546868491,0.4493802
B2A,3dfd77c751.jpg,0.8814987664089877,0.37870413
B2A,3e0479c7a4.jpg,0.6369980690944854,0.37715384
B2A,3e097a4c02.jpg,0.8116610729179276,0.32200137
B2A,3e1cd24e83.jpg,0.7870669353807034,0.38824415
B2A,3e1dfc9dc0.jpg,0.7027299875116675,0.36285412
B2A,3e2d480716.jpg,0.6484446950677587,0.4825657
B2A,3e31646935.jpg,0.7580952220459101,0.23464854
B2A,3e3b342a95.jpg,0.8819278710196854,0.29238522
B2A,3e4c86049d.jpg,0.739764488171008,0.25288868
B2A,3e4e2f5b6e.jpg,0.7542307912127737,0.5105481
B2A,3e4edba19d.jpg,0.7757591518091745,0.3603335
B2A,3e60c7241a.jpg,0.8028583248667679,0.3506745
B2A,3e780ed289.jpg,0.8231477015266975,0.3995248
B2A,3e806e2a4a.jpg,0.7970091816716942,0.34198314
B2A,3e9809b35e.jpg,0.7572245124848084,0.4455889
B2A,3ea3ae5954.jpg,0.6402684975305787,0.4748013
B2A,3ea96d7fbd.jpg,0.7355755498521951,0.5026958
B2A,3eaa214d3d.jpg,0.7917551578844563,0.37374228
B2A,3eab0e9d77.jpg,0.6537608920091016,0.42484307
B2A,3eb7c094c0.jpg,0.860384653289139,0.391597
B2A,3ebc8a4013.jpg,0.788454702586543,0.2894714
B2A,3ec2bb5a0c.jpg,0.8715979426632225,0.31741667
B2A,3ec4f57f74.jpg,0.8053561784572378,0.24193017
B2A,3ecedf69d8.jpg,0.7038822435050273,0.4279033
B2A,3ed12a78ce.jpg,0.8546070772764877,0.38144594
B2A,3edae2ef79.jpg,0.7993433923298688,0.43345675
B2A,3edc9197e7.jpg,0.7612849343239138,0.34969878
B2A,3ee4497b2e.jpg,0.6847181729818352,0.39018893
B2A,3ee7eb408c.jpg,0.6277527002018113,0.38915318
B2A,3f0362f12d.jpg,0.8024065349171147,0.36478162
B2A,3f0738d8dc.jpg,0.8172896103773569,0.39597744
B2A,3f0a7330bd.jpg,0.6638472094466106,0.33472508
B2A,3f1191a447.jpg,0.7889840344602408,0.34801677
B2A,3f1942ac5e.jpg,0.6607116654380925,0.2707842
B2A,3f220a6caa.jpg,0.8452251977501466,0.33092108
B2A,3f28319f81.jpg,0.7353118733001577,0.5559292
B2A,3f2a4b6406.jpg,0.7553211717287205,0.68622017
B2A,3f3e610d58.jpg,0.8127989981305905,0.31964695
B2A,3f53c08114.jpg,0.7760095391759605,0.3590601
B2A,3f5bc8d85c.jpg,0.7630637114658781,0.41268656
B2A,3f615bc675.jpg,0.7554726383271447,0.4624862
B2A,3f6489dfa3.jpg,0.7314650054946084,0.40119648
B2A,3f6e1ac2ae.jpg,0.8819776521059609,0.42073116
B2A,3f70cec894.jpg,0.7489927590899376,0.3291969
B2A,3f7dc6a469.jpg,0.6750037146545891,0.35151866
B2A,3f844f5b59.jpg,0.7638901090569814,0.26338127
B2A,3f8fd85f1c.jpg,0.8202108547310543,0.4189145
B2A,3f91546f37.jpg,0.8153095922661382,0.4332888
B2A,3f97bcc230.jpg,0.7713418218437925,0.39213526
B2A,3f9d9b6972.jpg,0.7659624238843307,0.34177002
B2A,3fa1aa1d56.jpg,0.7054867086857483,0.39923394
B2A,3fa61d1b59.jpg,0.7758241452711767,0.36196065
B2A,3fa89cdb0f.jpg,0.769268801527755,0.39020637
B2A,3facf2de42.jpg,0.8861175447702876,0.46627516
B2A,3fc01a1f5a.jpg,0.8494563690065902,0.4171635
B2A,3fc29d7b01.jpg,0.6507772541249107,0.43629003
B2A,3fcabb43e0.jpg,0.82032352213688,0.31217355
B2A,3fce3b2092.jpg,0.6964411653163634,0.5379063
B2A,3fd5f45733.jpg,0.5497587536267171,0.33321115
B2A,3fe71e2f91.jpg,0.7901495960132362,0.26401657
B2A,3ff9d14627.jpg,0.7161027459704264,0.45607084
B2A,3ffcf75444.jpg,0.7568284986190085,0.46295846
B2A,4006643077.jpg,0.5838364299443538,0.3690199
B2A,400dd42483.jpg,0.8373902828965819,0.3676807
B2A,401c79161f.jpg,0.8318183817224841,0.27545807
B2A,402358e99c.jpg,0.7683200961853797,0.3355658
B2A,402da39edd.jpg,0.6891808010793876,0.3451684
B2A,4033c4fd83.jpg,0.7475946268927767,0.33242458
B2A,4035bcf4c5.jpg,0.7559591313386517,0.36977908
B2A,40365d3029.jpg,0.769184723199055,0.4281921
B2A,403a9eb385.jpg,0.8366908736734123,0.25567856
B2A,4044bcfa56.jpg,0.6808177377268255,0.52411824
B2A,40454944a3.jpg,0.8560689489358742,0.34077084
B2A,4051c9b480.jpg,0.7352114905393524,0.3867442
B2A,405d277475.jpg,0.7826498503906193,0.38997802
B2A,40634ec806.jpg,0.7487966065022291,0.35739303
B2A,4069034d1b.jpg,0.655479149933132,0.5301862
B2A,4069c14970.jpg,0.6379661723081443,0.61837995
B2A,4069eee71a.jpg,0.6479504075866989,0.46080557
B2A,406f7f455a.jpg,0.725106256119926,0.39276153
B2A,40773a3569.jpg,0.7370901207541684,0.5709283
B2A,407ded2317.jpg,0.7846037785899116,0.22411834
B2A,408a7ed2d4.jpg,0.6437697549690493,0.49499676
B2A,408ae2c4d3.jpg,0.8609963076620083,0.38997665
B2A,408c4b86d7.jpg,0.7908661096476903,0.32073048
B2A,409f830e91.jpg,0.6962571195178583,0.49019307
B2A,40a2829478.jpg,0.7822659620364036,0.49300587
B2A,40abbf6272.jpg,0.8036201994384189,0.4463927
B2A,40b341cce7.jpg,0.8824523883486407,0.46113786
B2A,40b814831c.jpg,0.8173716401856004,0.28601548
B2A,40ba4c1ee0.jpg,0.6330878360482679,0.30262685
B2A,40cd40f4ce.jpg,0.679289794927415,0.33915085
B2A,40d46c10bd.jpg,0.6570694685406784,0.5879111
B2A,40d6a5963b.jpg,0.7423439965999654,0.4726326
B2A,40dbef5e74.jpg,0.7493700059695739,0.37202016
B2A,40e2fb2f62.jpg,0.7577105136421496,0.2884042
B2A,410a15d160.jpg,0.6868110353099969,0.5176644
B2A,410c1279f0.jpg,0.7681737639213356,0.33305946
B2A,410f1753ab.jpg,0.7137709312060215,0.34177732
B2A,4113173d13.jpg,0.6527739760240274,0.4925927
B2A,411424ff38.jpg,0.807377241493921,0.33004892
B2A,4115b492be.jpg,0.6723492166678953,0.4175952
B2A,411728406b.jpg,0.7597090584548724,0.46413106
B2A,411cbac479.jpg,0.8314441018493672,0.36966893
B2A,41316be2ab.jpg,0.8038126795591265,0.31949896
B2A,4134a75abc.jpg,0.8102332589817915,0.29431105
B2A,413aa936b2.jpg,0.7550645211042522,0.39246213
B2A,414a144db4.jpg,0.7495124742276591,0.33162487
B2A,4151207d56.jpg,0.5996708358811714,0.5436765
B2A,415a165321.jpg,0.7801250135446803,0.37143275
B2A,4166c63775.jpg,0.7509554421925174,0.36239576
B2A,416e06ae04.jpg,0.710642102003636,0.35305756
B2A,416e954665.jpg,0.7426724093740955,0.4198868
B2A,416fcde5d2.jpg,0.7587089354391706,0.37548745
B2A,4170ddf51d.jpg,0.7112326816741781,0.47048992
B2A,417769579b.jpg,0.8340253002286141,0.3167379
B2A,417c141022.jpg,0.7864291687688347,0.5199591
B2A,417f9dbce5.jpg,0.8018404320711724,0.40050402
B2A,4185e8411e.jpg,0.8103292399372217,0.34377718
B2A,418d1c582c.jpg,0.8033522311602562,0.4164154
B2A,419385f134.jpg,0.7201877488265465,0.45251274
B2A,4197e5cf91.jpg,0.6690028632515986,0.634214
B2A,419c88186c.jpg,0.8169472696848841,0.29214266
B2A,41a0c9b77b.jpg,0.6670392351399251,0.3322747
B2A,41a6a58a06.jpg,0.9136377405457706,0.41358802
B2A,41aab05613.jpg,0.870692691798025,0.26524553
B2A,41c988e839.jpg,0.6059880979877357,0.47320962
B2A,41ca266a6d.jpg,0.7229450485289476,0.45867682
B2A,41d6d46378.jpg,0.7612112094151888,0.38564157
B2A,41da9742ed.jpg,0.7118847991042042,0.3599633
B2A,41df7d5e43.jpg,0.8493472053831821,0.45094118
B2A,41ec0c9e94.jpg,0.8937968238937357,0.29554784
B2A,41ed759f87.jpg,0.9025534980252611,0.29490906
B2A,41f062b74b.jpg,0.7499390949635371,0.45776865
B2A,41f4b96cdd.jpg,0.6472642443311402,0.3822215
B2A,420386aab6.jpg,0.846959831244061,0.3374271
B2A,421cf4d925.jpg,0.7168059769630881,0.21871547
B2A,4234c4fa4a.jpg,0.8055926838462651,0.4372998
B2A,4246be6f2b.jpg,0.6949132431649386,0.51390874
B2A,4252a6b79d.jpg,0.8598020964880989,0.4015786
B2A,4255eb0cb0.jpg,0.8154786042332647,0.41903013
B2A,4262ee33cf.jpg,0.6782149601563134,0.49338102
B2A,4263de0622.jpg,0.8134031191421363,0.28286633
B2A,42703f8185.jpg,0.7808510323045882,0.39324933
B2A,428066cbb6.jpg,0.7550313041943201,0.35676372
B2A,428516308c.jpg,0.8425730105859288,0.35894385
B2A,428cfa30a0.jpg,0.6156747633204965,0.6168357
B2A,42a17f2513.jpg,0.758089450003146,0.49938518
B2A,42a2c9c2a9.jpg,0.6756291154978524,0.39696804
B2A,42a90ee8fd.jpg,0.6723770366916424,0.39464924
B2A,42b38b3ecf.jpg,0.7347027113359367,0.34685826
B2A,42b7ed6caf.jpg,0.7257541858453461,0.35375223
B2A,42b9334189.jpg,0.7446406562053077,0.45434743
B2A,42d09ebeef.jpg,0.7215224718376285,0.4083671
B2A,42d7e15840.jpg,0.7905935864851003,0.38828295
B2A,42d95f5656.jpg,0.5569235388666768,0.53247863
B2A,42d9791966.jpg,0.7830751618927099,0.44633496
B2A,42db3f6bfb.jpg,0.7978454659458842,0.35260046
B2A,42e33a0f4e.jpg,0.8378863574853461,0.4960887
B2A,42e6bc6527.jpg,0.7773172710896255,0.2938593
B2A,42f2c8badb.jpg,0.8926637633829654,0.4477954
B2A,42f67a0c9b.jpg,0.7592273639215921,0.38581157
B2A,430365e84b.jpg,0.7973558681189453,0.35116014
B2A,4308c43102.jpg,0.8196011735448165,0.40171498
B2A,4325d69fe4.jpg,0.6980256096786976,0.3588311
B2A,4327a26f90.jpg,0.711354901504388,0.35528165
B2A,432c4949ea.jpg,0.7236586882833933,0.5010237
B2A,432c77e7ff.jpg,0.8675862684807234,0.2998063
B2A,433f72e01b.jpg,0.5672407346192487,0.39197743
B2A,43425f75c3.jpg,0.6791859440319258,0.3930209
B2A,4346c649be.jpg,0.8017709475581413,0.46810573
B2A,43519ebdda.jpg,0.7689481957973469,0.29162714
B2A,436544ba60.jpg,0.7763968053802249,0.34711868
B2A,436738950d.jpg,0.803831536736736,0.3700541
B2A,4367fc0915.jpg,0.7604561915361686,0.49802792
B2A,437bce391c.jpg,0.7206856103220125,0.39398885
B2A,437d311cfe.jpg,0.6484740699444939,0.3742021
B2A,439be152be.jpg,0.7577004726954684,0.43567693
B2A,43a246cd29.jpg,0.8454989682156265,0.31611845
B2A,43a3471132.jpg,0.6684459213456037,0.33082905
B2A,43a5271014.jpg,0.8730557635841688,0.48926756
B2A,43b2557047.jpg,0.7539219640813168,0.39572364
B2A,43b5bdf41c.jpg,0.7723411100720976,0.28721505
B2A,43b6f98955.jpg,0.7157844090216234,0.49494028
B2A,43bcfa7f99.jpg,0.7669456294965185,0.35564196
B2A,43be6f2003.jpg,0.6821646659428741,0.4820087
B2A,43be7d5231.jpg,0.8696787416918378,0.426057
B2A,43d6edb617.jpg,0.8464672208455074,0.25101724
B2A,43d7a934de.jpg,0.7647013970891449,0.29996845
B2A,43db8e440e.jpg,0.6326810735851199,0.40443644
B2A,43dbb8ae62.jpg,0.7612265815560592,0.3061432
B2A,43e7f05c27.jpg,0.6426586576690465,0.50291294
B2A,43ecb78f04.jpg,0.7893604016681437,0.5544624
B2A,43ef5533dd.jpg,0.7832742631924237,0.36124653
B2A,43f3d41042.jpg,0.7797197655881484,0.3389884
B2A,441ba0764f.jpg,0.7919733845245513,0.33903706
B2A,442465d291.jpg,0.658656781472744,0.5177585
B2A,44263e569e.jpg,0.6894731704744156,0.4237021
B2A,442e55394f.jpg,0.8258458888736845,0.3306528
B2A,443367c605.jpg,0.7950873066588161,0.32815033
B2A,443cfcaf19.jpg,0.7558700581105781,0.48232386
B2A,444ea6a3df.jpg,0.8328623066782697,0.33288437
B2A,445c9de4ae.jpg,0.6849287751730583,0.41121334
B2A,44643764ef.jpg,0.6396912387641785,0.3914962
B2A,4473598289.jpg,0.764803377656754,0.37224662
B2A,447a64dc90.jpg,0.8016052243126807,0.5105809
B2A,447ceb7434.jpg,0.7790236290628284,0.3616323
B2A,44811f744f.jpg,0.7346966974455992,0.30862075
B2A,44838c4894.jpg,0.6048181690142073,0.5687555
B2A,44852d6fd3.jpg,0.7733104363781013,0.45152906
B2A,4494dace12.jpg,0.7675172129091408,0.50934136
B2A,449d31ec71.jpg,0.7586076530570379,0.27714705
B2A,449ffd7d0e.jpg,0.776156783850375,0.29568496
B2A,44b1c947c8.jpg,0.6446291877449744,0.3683854
B2A,44b7b27bdb.jpg,0.8192218992865536,0.4329154
B2A,44b948a11b.jpg,0.840507783756484,0.2684131
B2A,44be21f482.jpg,0.6699273031639268,0.45334595
B2A,44ca9b838b.jpg,0.7216771149931454,0.43725306
B2A,44cd2a0855.jpg,0.8588310539925919,0.37252063
B2A,44d4bbf9c5.jpg,0.7303165998369975,0.36513752
B2A,44e072e7f6.jpg,0.8146246850895391,0.37835094
B2A,44f0533b7d.jpg,0.6443295208214711,0.41799366
B2A,44f9fc3d08.jpg,0.7654960345735258,0.3308227
B2A,450c48015c.jpg,0.6701228117340083,0.39623746
B2A,451fa08066.jpg,0.838604803511803,0.37075385
B2A,45281596ce.jpg,0.700826149390081,0.3655244
B2A,452c2eae3c.jpg,0.665544547236354,0.48532677
B2A,452c5d0bb4.jpg,0.7419894108304859,0.34335607
B2A,452cb57460.jpg,0.8386918957592825,0.37685177
B2A,45342d5c70.jpg,0.7471815807819098,0.39997894
B2A,4534cb2584.jpg,0.6860369939154113,0.48361057
B2A,453afd0c27.jpg,0.6417398920502134,0.41823092
B2A,453bd33553.jpg,0.6678392353446726,0.45510215
B2A,453f5d81cf.jpg,0.8107506073806268,0.41248545
B2A,454cf7a157.jpg,0.6225049048175634,0.45339432
B2A,4550c707f6.jpg,0.8173681349318521,0.5787251
B2A,4551f3f54b.jpg,0.7749112167029986,0.43855327
B2A,4569404b70.jpg,0.6460326697284184,0.5243299
B2A,4569953612.jpg,0.6858364129661194,0.26493675
B2A,457b19a007.jpg,0.8556188072862807,0.27557036
B2A,4581966154.jpg,0.6747210422690313,0.45781183
B2A,4581a4faee.jpg,0.5943619420781533,0.6661104
B2A,458b9bddeb.jpg,0.8108728596092989,0.35710558
B2A,459a0e8a7b.jpg,0.7029382202841348,0.3980727
B2A,45a0cf81a7.jpg,0.8544707903481272,0.35307953
B2A,45a4fc418c.jpg,0.9079507912109684,0.29590848
B2A,45ae43ca11.jpg,0.7117320663061601,0.3890239
B2A,45b59ba108.jpg,0.761037078280846,0.27559853
B2A,45bfc01241.jpg,0.6604386063083647,0.48567605
B2A,45cecf091d.jpg,0.6387873226302899,0.39404833
B2A,45d284a829.jpg,0.6651132426147959,0.41870934
B2A,45db826465.jpg,0.7121429766914206,0.2455656
B2A,45e07afb6c.jpg,0.6887703038048337,0.43411738
B2A,45f3a9c5e3.jpg,0.806671214971051,0.37808436
B2A,45f63c2653.jpg,0.5545152680749298,0.5453712
B2A,45f784213e.jpg,0.8177326599533575,0.46175238
B2A,45feda47bc.jpg,0.8447741819117359,0.28294292
B2A,46196f19d1.jpg,0.6924440339575124,0.3699457
B2A,461cc8da33.jpg,0.7898741132322072,0.29305238
B2A,463758c10d.jpg,0.6621032069970835,0.43388814
B2A,463ad92568.jpg,0.7012732219480968,0.56451124
B2A,463b8807e5.jpg,0.7989373463063935,0.41067943
B2A,463be5a1a1.jpg,0.6386700347437594,0.571377
B2A,464d4dd705.jpg,0.6128634524809232,0.32528287
B2A,4663bb2924.jpg,0.6803215193536067,0.42523277
B2A,466585f6df.jpg,0.7073060718739856,0.525245
B2A,467657f396.jpg,0.7474177362887952,0.37563393
B2A,467873c9df.jpg,0.716510744792906,0.31821674
B2A,468048412c.jpg,0.8091600947167786,0.3578254
B2A,4682dbbee5.jpg,0.796028089040164,0.44763482
B2A,4690fd5a96.jpg,0.8602709216158974,0.31503338
B2A,4691625ad2.jpg,0.5800193630280265,0.56314844
B2A,46950ae4ea.jpg,0.7942973880046297,0.2967499
B2A,4695ac2040.jpg,0.7637619987836102,0.4582247
B2A,4698056301.jpg,0.89306694247465,0.3093186
B2A,469836dad8.jpg,0.6563605055813571,0.4183304
B2A,469d7ad9cc.jpg,0.8312852077179332,0.32467368
B2A,46c95eebbe.jpg,0.8053537797465765,0.3602568
B2A,46cadbe0a9.jpg,0.7411780383157642,0.3015668
B2A,46db1d7f60.jpg,0.6626506442947108,0.38063943
B2A,46e47f7efe.jpg,0.851920583008251,0.4170053
B2A,46e71a4094.jpg,0.8642010343506789,0.27037856
B2A,46e84039a1.jpg,0.7763656782471551,0.36484858
B2A,46f391abec.jpg,0.7929764520913292,0.42084265
B2A,46f5ef1042.jpg,0.6126352910988588,0.5204022
B2A,4706619607.jpg,0.8435200954347374,0.35580367
B2A,4707b03a08.jpg,0.5681080923107478,0.4316993
B2A,47100a9939.jpg,0.7356416363460875,0.3648596
B2A,471f4755b9.jpg,0.722508757585483,0.42344812
B2A,472b351bc4.jpg,0.836322752101916,0.35646346
B2A,472d5ac100.jpg,0.7472222275592246,0.42401856
B2A,4758e5dd4c.jpg,0.6683543464093804,0.28678885
B2A,4762bb79ef.jpg,0.843843254881075,0.3400464
B2A,4778b13518.jpg,0.8271181051983221,0.36285394
B2A,4787b82d37.jpg,0.7942391555729187,0.30090064
B2A,478e07feaa.jpg,0.564203614432558,0.5155618
B2A,478eb12a82.jpg,0.8953763009388089,0.32302287
B2A,479698b371.jpg,0.6400489538486019,0.3713515
B2A,4796d67f61.jpg,0.7238232038974329,0.52847505
B2A,47aad493bd.jpg,0.7861253124774173,0.3710544
B2A,47ae0edd23.jpg,0.6349056820754344,0.4771806
B2A,47b94957ff.jpg,0.8755858002587796,0.38571507
B2A,47bb43fe3e.jpg,0.8238542058581915,0.3407144
B2A,47bb59d449.jpg,0.7200908153570663,0.33441627
B2A,47d391d94b.jpg,0.6566600831648788,0.55650926
B2A,47df262cc5.jpg,0.9239640715800934,0.35300177
B2A,47eea5bf33.jpg,0.6136894031051322,0.39411956
B2A,47f3b40cbc.jpg,0.8309924266546386,0.55766034
B2A,48122c9518.jpg,0.6668348065170552,0.33251497
B2A,481456b5a6.jpg,0.7487265348890209,0.33509153
B2A,481713d59d.jpg,0.7242864133894547,0.32728583
B2A,481bd32b6c.jpg,0.6475165244241349,0.48303944
B2A,482bf5a0d2.jpg,0.7698388313108165,0.3194168
B2A,482fd44fce.jpg,0.7126639057861021,0.28982484
B2A,4831466e23.jpg,0.7425089044720549,0.33235472
B2A,48502862cf.jpg,0.7922983802609638,0.33359528
B2A,485517e0c7.jpg,0.772621347253399,0.38669884
B2A,48598ead29.jpg,0.8096718718649609,0.33772385
B2A,4862d17fa4.jpg,0.8840102295428237,0.41343606
B2A,486a62a430.jpg,0.7687741763461698,0.3260615
B2A,486cafaa7f.jpg,0.6877825441527541,0.2722965
B2A,48735c69aa.jpg,0.8851753758978949,0.27069888
B2A,48793755cd.jpg,0.8228668258829478,0.36194077
B2A,4879579e02.jpg,0.6001181824158324,0.50435334
B2A,488a6cef0c.jpg,0.9246896095317463,0.33255905
B2A,489c841af4.jpg,0.7237652926260055,0.42726353
B2A,48a85bc072.jpg,0.6702784867901741,0.4047729
B2A,48ac1011db.jpg,0.6297722514217671,0.6120056
B2A,48b6156f89.jpg,0.7730702180953315,0.33950862
B2A,48c641285b.jpg,0.8538064110351672,0.37044027
B2A,48e1a89d96.jpg,0.8172755190249757,0.31422743
B2A,48eac3916f.jpg,0.7382520843201483,0.49576965
B2A,48eb5fa7bd.jpg,0.6352736662568435,0.29643214
B2A,48f120810d.jpg,0.8843590447373504,0.5765197
B2A,49095bdeb5.jpg,0.7885580845359287,0.42907736
B2A,491b2ba38c.jpg,0.8272263008575768,0.24765085
B2A,49205c171d.jpg,0.7953708220560708,0.37716618
B2A,4943c84af0.jpg,0.9142030794495869,0.35624182
B2A,494db50238.jpg,0.47419792089197527,0.637984
B2A,4950bcf8c1.jpg,0.8232830319435246,0.3266874
B2A,496757508b.jpg,0.8423222388558114,0.38265222
B2A,499b445583.jpg,0.8127397553532397,0.3505517
B2A,499bc1a152.jpg,0.7063370820097515,0.38426253
B2A,499c1bd3b8.jpg,0.6177911024712189,0.47223514
B2A,49a9692a0e.jpg,0.8283263380284579,0.27607286
B2A,49b093a9f3.jpg,0.6910099243942414,0.5300801
B2A,49b3383147.jpg,0.716369530406923,0.3644837
B2A,49b8c4ea37.jpg,0.6967498781580752,0.32724953
B2A,49c2b1cdef.jpg,0.8921846100427803,0.2935251
B2A,49c538fce7.jpg,0.827512079881719,0.47367132
B2A,49d2c9fc14.jpg,0.7291146686478427,0.28404272
B2A,49dc3fd195.jpg,0.7070844775227519,0.50363266
B2A,49e4129024.jpg,0.6959044666261973,0.536188
B2A,49ee914a63.jpg,0.8084660000812007,0.35689378
B2A,4a06596662.jpg,0.7257596422642137,0.423465
B2A,4a12f1780a.jpg,0.7034787120380779,0.38001868
B2A,4a16981927.jpg,0.8160114255922116,0.29599643
B2A,4a195405a0.jpg,0.6138252236241057,0.5256299
B2A,4a1bb1d46c.jpg,0.716264699830054,0.41467094
B2A,4a20622bde.jpg,0.7716835049512466,0.33873123
B2A,4a29db3c6b.jpg,0.7726540527967071,0.5419251
B2A,4a2c4db283.jpg,0.8163734094897015,0.41554207
B2A,4a55695a4d.jpg,0.6631526864506422,0.63021713
B2A,4a5ab8f970.jpg,0.849041263501124,0.32786435
B2A,4a669c897c.jpg,0.7286063331398814,0.5881499
B2A,4a7cec06e7.jpg,0.7946874077635868,0.33847383
B2A,4a8a49028d.jpg,0.754174816419916,0.30098128
B2A,4a916ceb98.jpg,0.8617340923972694,0.30363956
B2A,4a9d34fa51.jpg,0.6744369079759561,0.3664618
B2A,4a9e982b39.jpg,0.8192866065316113,0.4381545
B2A,4aaf628a71.jpg,0.6490870528706509,0.48987824
B2A,4ab9478ef9.jpg,0.6456851251604125,0.4357677
B2A,4abaac9654.jpg,0.8441100307137056,0.34432733
B2A,4abd5654a3.jpg,0.782383740629501,0.33931613
B2A,4abda75494.jpg,0.807742039949457,0.3408001
B2A,4ac7c7bf44.jpg,0.7812175276775521,0.43124646
B2A,4ac8581018.jpg,0.5652032310317657,0.339986
B2A,4ad0ccff25.jpg,0.7185805731091955,0.39510262
B2A,4adc8b7be7.jpg,0.6158936062540268,0.43141595
B2A,4ae0414bb9.jpg,0.7990633882676279,0.30521545
B2A,4ae09366f5.jpg,0.7982944280488292,0.5526034
B2A,4ae0b6efb2.jpg,0.829024734766382,0.39547038
B2A,4ae5e1fb1d.jpg,0.8169966722051584,0.37024263
B2A,4b0025406f.jpg,0.7167524521373694,0.46016467
B2A,4b09444fe2.jpg,0.8674267392835521,0.42381066
B2A,4b0c0d7145.jpg,0.8371718267044925,0.2587042
B2A,4b0db938a7.jpg,0.845495299884786,0.3530528
B2A,4b0f73833c.jpg,0.7894406906618071,0.3408661
B2A,4b14030c98.jpg,0.6356777182086162,0.54735035
B2A,4b2555ba9c.jpg,0.6440540073204848,0.402119
B2A,4b29d9c42c.jpg,0.814311703712948,0.27694333
B2A,4b2d102def.jpg,0.7794157417127862,0.39693207
B2A,4b3835e8ba.jpg,0.7200130842649536,0.47815302
B2A,4b3ccac37c.jpg,0.6715707366461185,0.44690603
B2A,4b47e76275.jpg,0.6399196171529208,0.44826698
B2A,4b497dc591.jpg,0.8262127534722945,0.3231368
B2A,4b59dd4ebc.jpg,0.7776163156333982,0.40519285
B2A,4b5a46b50f.jpg,0.8317145550775432,0.3746455
B2A,4b5b64dc18.jpg,0.8290551049686505,0.32227477
B2A,4b689e9b37.jpg,0.7524750719365995,0.44004902
B2A,4b7878976b.jpg,0.759008368723262,0.3577838
B2A,4b7902dfa6.jpg,0.7327592856096383,0.31923047
B2A,4b7fc92bdc.jpg,0.8311239063190234,0.39885658
B2A,4b91cd8fce.jpg,0.7490387849410096,0.39622343
B2A,4b9eb29c59.jpg,0.8507470492957958,0.3987136
B2A,4bab53c613.jpg,0.7475904335296001,0.399649
B2A,4bad1549a1.jpg,0.5551120076254159,0.30635732
B2A,4bbe0cbb3c.jpg,0.6416496678339935,0.46103027
B2A,4bd43d88d4.jpg,0.7710022573574131,0.5494106
B2A,4bd8ec5dd3.jpg,0.7048986933400007,0.56940323
B2A,4bdb933264.jpg,0.6813255052880157,0.4183987
B2A,4bdbdcc1e5.jpg,0.8874254242991555,0.43345505
B2A,4bdd197102.jpg,0.7346000412007747,0.53817475
B2A,4be248f682.jpg,0.8468322034893827,0.3165166
B2A,4bedb30dce.jpg,0.7950552351715336,0.4481768
B2A,4bef7510cb.jpg,0.8245999432215804,0.5983775
B2A,4bf1292d69.jpg,0.7409698912509236,0.45111278
B2A,4bfa3043e7.jpg,0.8031383259070273,0.24207634
B2A,4bfc3fbd84.jpg,0.8531709264408824,0.27651125
B2A,4bfed75eb2.jpg,0.7853351475696946,0.49158952
B2A,4c07909a8d.jpg,0.8196251450763498,0.30426532
B2A,4c1165be97.jpg,0.7207068958837004,0.34118548
B2A,4c16835970.jpg,0.7648801379851691,0.45499593
B2A,4c1907f1a0.jpg,0.8439535764027087,0.36646116
B2A,4c1b160563.jpg,0.7660645156219194,0.3304727
B2A,4c2d3216aa.jpg,0.727578158453724,0.33832258
B2A,4c30ff85a7.jpg,0.8029628884278658,0.30964231
B2A,4c4574cfa8.jpg,0.7922647219120288,0.36355382
B2A,4c507b65b0.jpg,0.7218813038035852,0.50966275
B2A,4c6550cff5.jpg,0.7373471107736056,0.293323
B2A,4c712561ab.jpg,0.861857357846315,0.31992313
B2A,4c72792844.jpg,0.8026074384621847,0.40806413
B2A,4c75385f85.jpg,0.8098175881362656,0.47627842
B2A,4c7692cb0c.jpg,0.7251587097150382,0.47709042
B2A,4c7b54e38c.jpg,0.6866455164269226,0.46611953
B2A,4c8a000abb.jpg,0.8000267243012378,0.37716913
B2A,4c8bf22d16.jpg,0.8337588327027017,0.34704876
B2A,4c9669b6b8.jpg,0.7917592370044965,0.481008
B2A,4ca019a3d6.jpg,0.7209273357797524,0.53699225
B2A,4ca57d26c0.jpg,0.6234226057203883,0.30102
B2A,4ca6e5451a.jpg,0.7258509605529061,0.36254236
B2A,4cac88b518.jpg,0.7367649842202885,0.35234535
B2A,4cb25fbf3d.jpg,0.638306349260614,0.3941775
B2A,4cb7c5e33d.jpg,0.738506408901943,0.5187632
B2A,4cc42ebe97.jpg,0.7161268008897419,0.4351544
B2A,4ccc4a21e3.jpg,0.8582504811791106,0.3031086
B2A,4cd07a4561.jpg,0.8438807254581819,0.43711933
B2A,4cdd74b1c7.jpg,0.8973874386912168,0.42107195
B2A,4cf9aac018.jpg,0.7185552168882309,0.34921497
B2A,4cfdd2e627.jpg,0.7869011974003385,0.36261886
B2A,4d08cb65c3.jpg,0.6466349561536754,0.48698813
B2A,4d0a217b38.jpg,0.6631078909656987,0.42118824
B2A,4d0a274acb.jpg,0.7057328552177412,0.4110041
B2A,4d0eb41723.jpg,0.8689751948567265,0.40100467
B2A,4d1755ab04.jpg,0.7330599805630672,0.41882482
B2A,4d1c0b488e.jpg,0.713752962692905,0.33401814
B2A,4d1c4d142e.jpg,0.7906406761075293,0.3371553
B2A,4d1d5efd4f.jpg,0.7255290282157391,0.22007309
B2A,4d3a7e5326.jpg,0.8364960151948418,0.6047332
B2A,4d42605a8b.jpg,0.6895129809720904,0.42809123
B2A,4d4b6bcac4.jpg,0.6218701652091656,0.3915051
B2A,4d4f0faddf.jpg,0.8333432730044438,0.45611998
B2A,4d4f388e91.jpg,0.8231752887451912,0.3028891
B2A,4d4f6174f1.jpg,0.8276448208635806,0.3549068
B2A,4d62a64806.jpg,0.7589964439655715,0.2965895
B2A,4d7188ff9e.jpg,0.8862755916003807,0.31360525
B2A,4d7517df48.jpg,0.7343538413653543,0.6532776
B2A,4d77636dea.jpg,0.7969464330672555,0.30705643
B2A,4d7de87ec6.jpg,0.7425798625432355,0.30376118
B2A,4d7fefe879.jpg,0.737394823515559,0.40850422
B2A,4d83b23265.jpg,0.79416791454147,0.4743786
B2A,4d90220636.jpg,0.8467744673858983,0.32486543
B2A,4d91831344.jpg,0.7002806447478297,0.35065413
B2A,4dc37726d9.jpg,0.8840527351848365,0.29862666
B2A,4dc92c4b4a.jpg,0.8436746043332122,0.29015586
B2A,4dd30f189a.jpg,0.6565248160419268,0.4352785
B2A,4df98eeceb.jpg,0.7596528274104819,0.39940646
B2A,4e093e9511.jpg,0.8789878663609074,0.45989728
B2A,4e0951fde1.jpg,0.7480406528556716,0.39616272
B2A,4e16ff77ac.jpg,0.7910335074283583,0.41277507
B2A,4e21145eb2.jpg,0.569265222506987,0.37430796
B2A,4e2dba148d.jpg,0.748103411195961,0.38186988
B2A,4e3006bd6b.jpg,0.6841738539307111,0.44858146
B2A,4e341f8891.jpg,0.7122276157966081,0.4592092
B2A,4e43b597e2.jpg,0.8558755026439765,0.35456002
B2A,4e4f75c4cc.jpg,0.8047697355300272,0.3326913
B2A,4e53db7c72.jpg,0.7326656683194588,0.4789691
B2A,4e5451ed74.jpg,0.6105471531553873,0.46452042
B2A,4e5b4fb2ab.jpg,0.8043755113775007,0.29786834
B2A,4e6e7f30da.jpg,0.6391759182836879,0.26952085
B2A,4e868f2a58.jpg,0.7580629575889017,0.34085315
B2A,4e880786c4.jpg,0.7253417425005897,0.4121058
B2A,4e8b01ac67.jpg,0.678619332965818,0.3284151
B2A,4e8bd98343.jpg,0.881672452352357,0.3326962
B2A,4e956f2cfb.jpg,0.7498054500831519,0.36267364
B2A,4ea19d4d05.jpg,0.8528903852389016,0.59767824
B2A,4eaa045ce6.jpg,0.8353440121699879,0.31048495
B2A,4eb3c1b0a7.jpg,0.7373907471624831,0.34876052
B2A,4ebb3df6e1.jpg,0.7213321029418467,0.37927985
B2A,4ec313a8cd.jpg,0.7003075468728792,0.49674442
B2A,4edd4fe6fa.jpg,0.7107223075795016,0.42365694
B2A,4ee02ffd2c.jpg,0.6635174478407585,0.40307203
B2A,4ef10f3299.jpg,0.8333872947198974,0.50759375
B2A,4f1249d8dc.jpg,0.6106561961567981,0.40454596
B2A,4f16e0bc95.jpg,0.5724640730697093,0.40386906
B2A,4f1fc68a47.jpg,0.8188721770574887,0.46812448
B2A,4f297a711e.jpg,0.6970065842489512,0.432117
B2A,4f36d845b0.jpg,0.781332091427215,0.43505803
B2A,4f38f2b8f5.jpg,0.8159165134533859,0.47274005
B2A,4f397d38d7.jpg,0.7390002535334242,0.42831954
B2A,4f5245105c.jpg,0.7933120260988633,0.38199338
B2A,4f5d5e7da3.jpg,0.6368344148872972,0.45928627
B2A,4f5e363609.jpg,0.7418612129636597,0.39928338
B2A,4f6353e80e.jpg,0.6801786316946424,0.43548077
B2A,4f64339fea.jpg,0.8166062484538601,0.4444444
B2A,4f697daf2d.jpg,0.708160500427771,0.3568011
B2A,4f79b373f4.jpg,0.7056684124785194,0.2944862
B2A,4f83d232c2.jpg,0.7786052206098548,0.43847427
B2A,4f86f80479.jpg,0.6478753157767873,0.45754427
B2A,4f882d4400.jpg,0.665816754393925,0.39306784
B2A,4f99708506.jpg,0.8010375610779836,0.41642427
B2A,4f9aa92ca3.jpg,0.716020763549087,0.41009673
B2A,4fb5c1ac0a.jpg,0.8240649369498037,0.27574772
B2A,4fb6bcd5e8.jpg,0.6430777094095596,0.39153203
B2A,4fc41e388a.jpg,0.7081238278460802,0.5111577
B2A,4fc90f8de5.jpg,0.7046514382652864,0.3876341
B2A,4fc9c537a7.jpg,0.6531384462137392,0.527761
B2A,4fd1d8afbf.jpg,0.6543605477169439,0.36096287
B2A,4fdaff583d.jpg,0.8407460465178057,0.3598541
B2A,4fe122209b.jpg,0.6198082729499157,0.43670014
B2A,4fe72a654e.jpg,0.7153308940057749,0.41392
B2A,4ff4d77c99.jpg,0.7879973661324128,0.27719587
B2A,500d59cf86.jpg,0.6622019163908269,0.31154737
B2A,50115558cd.jpg,0.7843004738511342,0.4178885
B2A,501719248c.jpg,0.6065499888826722,0.35356832
B2A,5019a8ffcf.jpg,0.652971944278112,0.49046767
B2A,5019d1eac7.jpg,0.7823383693140834,0.4043224
B2A,503c9badbb.jpg,0.8789788436404066,0.37899768
B2A,5048bb66c8.jpg,0.6915880336331872,0.42247894
B2A,504cec61a2.jpg,0.7818592553393001,0.3034683
B2A,504db35d13.jpg,0.7066151232120103,0.42085832
B2A,5050bd632b.jpg,0.8578376169555197,0.38265145
B2A,505850ed9f.jpg,0.5639183773257372,0.42653853
B2A,5065b423b0.jpg,0.6065925519510194,0.31854278
B2A,506fdcb3c1.jpg,0.8336990906408949,0.36862302
B2A,5074e8a51e.jpg,0.7810163059817401,0.35187495
B2A,50779f1ae6.jpg,0.7950640202750101,0.5231351
B2A,508f9ce48d.jpg,0.7444178768488339,0.39148885
B2A,50a42e1240.jpg,0.8322961847411087,0.34553415
B2A,50a5168133.jpg,0.7872505755421632,0.36098057
B2A,50b6593431.jpg,0.6564378177284009,0.46712458
B2A,50b8e79da2.jpg,0.7782305227388234,0.2704053
B2A,50c3f4beec.jpg,0.8949569306238742,0.38178474
B2A,50d9c1aa47.jpg,0.7687915141976103,0.31896585
B2A,50e2f57e76.jpg,0.5513501074173457,0.54920703
B2A,50e85855f5.jpg,0.735958269799992,0.37385514
B2A,50e9fc6fdd.jpg,0.6881165758683084,0.4898323
B2A,50eb328bb2.jpg,0.8076371699030304,0.38535523
B2A,50f52bf9a4.jpg,0.7825266627127005,0.34379423
B2A,50f598c729.jpg,0.793684291977596,0.33345515
B2A,50f7a05ee7.jpg,0.8040194400249195,0.27443027
B2A,51068cd053.jpg,0.8561298094234742,0.3326561
B2A,5116db8d92.jpg,0.8020579475414502,0.3352601
B2A,5117ec7f6b.jpg,0.6556378966011389,0.3176022
B2A,51279a61da.jpg,0.86192598872384,0.37027308
B2A,5135f3ba21.jpg,0.8297486727989443,0.43800357
B2A,513cb0638a.jpg,0.650842187537834,0.28814363
B2A,5140b80748.jpg,0.6951674599021609,0.32355428
B2A,514db4068a.jpg,0.8013417281559843,0.28981966
B2A,5155be81bf.jpg,0.8162726616715423,0.43211335
B2A,51563bc8ab.jpg,0.7442206990388173,0.37506443
B2A,516670d194.jpg,0.8339852643344315,0.4220019
B2A,51736e3772.jpg,0.7566635322341829,0.32716295
B2A,517eba9d0a.jpg,0.8731994923548191,0.3602431
B2A,51867bc005.jpg,0.7470987142964949,0.3867721
B2A,5194f65634.jpg,0.7846945842668388,0.317041
B2A,519d3674c2.jpg,0.7456594212026347,0.37274233
B2A,519fc7c17a.jpg,0.8475696151888695,0.30599758
B2A,51aa9c9a20.jpg,0.7307043836134742,0.38245153
B2A,51dc50880b.jpg,0.9048800165012444,0.30682328
B2A,51e7037c03.jpg,0.5042786296562995,0.4762663
B2A,51ede123f3.jpg,0.7692697081445213,0.43115595
B2A,51ffb613ce.jpg,0.7062107011915401,0.40343082
B2A,52087dc0d6.jpg,0.6790425469587329,0.36803848
B2A,522a6dcbec.jpg,0.8267802282157861,0.4066396
B2A,523cbdab7d.jpg,0.8535686911683069,0.4362637
B2A,524223dfd9.jpg,0.7606919433530899,0.3991706
B2A,524af04df1.jpg,0.7585919148071351,0.415209
B2A,524d00561a.jpg,0.8508774440707891,0.27371365
B2A,524fdda784.jpg,0.8239403853480822,0.47476852
B2A,52592fe2c6.jpg,0.8389701982878267,0.38051927
B2A,525952c058.jpg,0.9215346441737863,0.2873446
B2A,525f580c06.jpg,0.7442858046084682,0.37889054
B2A,5262b01633.jpg,0.7677416410016511,0.5210362
B2A,526b153062.jpg,0.7550498681663838,0.48182154
B2A,526dc07146.jpg,0.813276467276786,0.34052187
B2A,527dd222d6.jpg,0.7066380188658381,0.33802956
B2A,527ddb23d4.jpg,0.7172412429114059,0.34673005
B2A,528058909d.jpg,0.71728912778258,0.29733244
B2A,5280e2e8de.jpg,0.7028019295367645,0.4963556
B2A,5286eb8945.jpg,0.7386706421884989,0.33079413
B2A,529fa39eb2.jpg,0.6872349558830765,0.4236915
B2A,52a2a7132e.jpg,0.8012906362779566,0.5110332
B2A,52ae3cd25d.jpg,0.8145293532099617,0.29176778
B2A,52b870f300.jpg,0.7530722529135179,0.49175194
B2A,52bb31919e.jpg,0.5522459163705061,0.4770701
B2A,52bd17daa7.jpg,0.8008935565908896,0.33075562
B2A,52bee900da.jpg,0.5852586373045573,0.5567559
B2A,52cda09a5f.jpg,0.7190767267082463,0.42387518
B2A,52d8dbe113.jpg,0.6174412664504796,0.41525415
B2A,52e91ba9cf.jpg,0.7143931741572142,0.32746762
B2A,52f30bd94c.jpg,0.8069259531754517,0.34013957
B2A,52f641c328.jpg,0.723869412679635,0.32574522
B2A,52f7801904.jpg,0.854382869902978,0.4752317
B2A,5305c4063a.jpg,0.7557810681933195,0.31479344
B2A,5319435b3f.jpg,0.8016114775916855,0.42876226
B2A,53194986bc.jpg,0.5330186730859381,0.51888657
B2A,53289e47ec.jpg,0.5790689123722668,0.4146298
B2A,532d743269.jpg,0.7648396938105282,0.34013325
B2A,532f9d0621.jpg,0.6414935354355612,0.31448296
B2A,5338413448.jpg,0.8696671542804156,0.35901082
B2A,5338bd03be.jpg,0.7284967557233811,0.46470398
B2A,533be4e6eb.jpg,0.7502503247792979,0.27512515
B2A,5342ec67da.jpg,0.7438163639229863,0.39796352
B2A,534703a792.jpg,0.8432275110059065,0.29012147
B2A,53516d9b04.jpg,0.8264414208150914,0.33720332
B2A,53679e6985.jpg,0.6355926373504486,0.5653545
B2A,536c125b6f.jpg,0.6048711976415991,0.5167932
B2A,536c7edb2a.jpg,0.674838749192816,0.3986853
B2A,537b155f3d.jpg,0.6867212325113904,0.5076273
B2A,537f558973.jpg,0.8200530104305983,0.34182724
B2A,53866d4a68.jpg,0.7257236151447652,0.34115982
B2A,5389fb4007.jpg,0.6921733409114471,0.6012287
B2A,53902a4799.jpg,0.7394455273357516,0.34391233
B2A,5395902bc7.jpg,0.593481003045656,0.4156674
B2A,53988b72f6.jpg,0.7689028956583548,0.34081945
B2A,53989c56ff.jpg,0.7676152180426149,0.44837952
B2A,53998f50b2.jpg,0.7919780456748685,0.42708126
B2A,539e2ee021.jpg,0.7899151504168349,0.3974744
B2A,53b01e2132.jpg,0.820591695659373,0.4328881
B2A,53b27f0c81.jpg,0.6918664685786254,0.51693314
B2A,53b835550d.jpg,0.747432154228231,0.33533973
B2A,53bce35f0b.jpg,0.720934548095805,0.48832068
B2A,53c245a6f3.jpg,0.8175853883721032,0.42819178
B2A,53d0160b46.jpg,0.5638797760367227,0.44623727
B2A,53d62fccce.jpg,0.915402565743432,0.30559543
B2A,53e5b6b1b3.jpg,0.7496507252663619,0.2798822
B2A,53e766ae2b.jpg,0.8130840753642393,0.31072003
B2A,53ea60da05.jpg,0.8917160574605899,0.3189422
B2A,540649ac8c.jpg,0.7341710394470231,0.40207368
B2A,5407972e58.jpg,0.787113208902547,0.34720862
B2A,5418378939.jpg,0.5936644759974126,0.43180722
B2A,54199dc11f.jpg,0.7404365373441205,0.33325303
B2A,5420c594aa.jpg,0.7843425673865152,0.47277212
B2A,5429ab574f.jpg,0.7741326538989116,0.3051293
B2A,5432eef613.jpg,0.8193502437278725,0.4137144
B2A,5435fdfdc4.jpg,0.8243356826693113,0.31037873
B2A,54381f3114.jpg,0.7578535264744611,0.3476166
B2A,543ea28da6.jpg,0.5493104660081665,0.5009332
B2A,5447d2bd8d.jpg,0.8558689228344989,0.34836155
B2A,54510d8755.jpg,0.724154356390143,0.41127223
B2A,5451321dd0.jpg,0.6052775726851807,0.42856738
B2A,5452e17b68.jpg,0.7546284456464375,0.42413595
B2A,54538aea8b.jpg,0.6859242462180326,0.35580683
B2A,54557ef4cf.jpg,0.5389096635112658,0.42651796
B2A,54796e9027.jpg,0.8142296306027579,0.2873716
B2A,547ae945cb.jpg,0.7883362936592251,0.36641064
B2A,547c5615d1.jpg,0.5326462922982906,0.41747418
B2A,5484662dfb.jpg,0.8346865347822726,0.41733295
B2A,54b556920a.jpg,0.7169520444986934,0.38963494
B2A,54b6416b3a.jpg,0.7820820120587904,0.39192402
B2A,54b6bbf683.jpg,0.8227065001222441,0.34202498
B2A,54b8be5c1e.jpg,0.8039586470276211,0.28444895
B2A,54bf5ab7fd.jpg,0.8146284174636166,0.36928433
B2A,54d2feb575.jpg,0.8097574703514073,0.34745824
B2A,54e9e67501.jpg,0.7748261676008305,0.31844577
B2A,54f65afd1c.jpg,0.6438130549469102,0.6517709
B2A,55004786ef.jpg,0.6843081312262652,0.41104507
B2A,550956b456.jpg,0.871405373174791,0.44981334
B2A,550b90e008.jpg,0.7771220626093313,0.31124613
B2A,55129db8f9.jpg,0.7678060325651266,0.3215701
B2A,5515a27184.jpg,0.8365578139270964,0.3129306
B2A,5519a2e240.jpg,0.7960275834520307,0.4231931
B2A,551afc0ef0.jpg,0.7444234295025766,0.33372396
B2A,55288a650b.jpg,0.7692322998238302,0.30734885
B2A,552aad92e5.jpg,0.7542249446737215,0.31675732
B2A,552b38a9bc.jpg,0.8063840178055578,0.30380112
B2A,55364f51f9.jpg,0.8721447310068852,0.3541742
B2A,5541538198.jpg,0.7654996176607717,0.31067747
B2A,5565d2e475.jpg,0.6608231989759201,0.39247638
B2A,5587066bdc.jpg,0.7830302832532022,0.41282833
B2A,558e78d813.jpg,0.8492288315474481,0.37403056
B2A,559359bcca.jpg,0.7634751425914226,0.32815903
B2A,55a74b7296.jpg,0.7363909477952574,0.27159148
B2A,55a8a07dde.jpg,0.8859524909792816,0.44127268
B2A,55a9c23538.jpg,0.6884212131155351,0.4718904
B2A,55ac4415ef.jpg,0.7499289090634866,0.29221058
B2A,55b015b4df.jpg,0.8126588847811783,0.27236554
B2A,55d0d2d4a1.jpg,0.6294833220933433,0.48802698
B2A,55e5a039c3.jpg,0.7783836311942898,0.46493235
B2A,5602c749d0.jpg,0.6977160789754906,0.3959083
B2A,5604c7533d.jpg,0.8992634199853943,0.67112243
B2A,5604ea3384.jpg,0.7142618441268376,0.3739477
B2A,5608b7a226.jpg,0.8495269136407492,0.30005562
B2A,5619b15af5.jpg,0.7265140571728578,0.37018633
B2A,561c1f7cde.jpg,0.7014907212331297,0.38553864
B2A,561d9722a4.jpg,0.700328099838085,0.41661224
B2A,561e61d7f1.jpg,0.8189699943178419,0.39178982
B2A,561ec9ffaf.jpg,0.8466651644997157,0.38210708
B2A,5622447728.jpg,0.7914997082434152,0.30598107
B2A,56270960dc.jpg,0.9174853081125363,0.28353655
B2A,563012ee88.jpg,0.849776001113625,0.509609
B2A,56539880a8.jpg,0.8120099326491483,0.26323593
B2A,5654801d96.jpg,0.698387510575217,0.3300582
B2A,565702bc95.jpg,0.8981979166211822,0.3638678
B2A,5681f45127.jpg,0.704597179579826,0.47415966
B2A,56849b394d.jpg,0.652285726366062,0.51050305
B2A,56884e5824.jpg,0.6037248491345172,0.44688648
B2A,568885cc54.jpg,0.697728950639668,0.5708553
B2A,56894c4948.jpg,0.7654836310999806,0.3126754
B2A,568d52aa05.jpg,0.7051971974568969,0.2768928
B2A,568d92c4a7.jpg,0.7628969619590406,0.32089934
B2A,5694abf7fa.jpg,0.6669910316336433,0.5618174
B2A,569ed795ec.jpg,0.6942660232499985,0.38480428
B2A,56ac108ce7.jpg,0.7233358470436482,0.3886364
B2A,56ac1f673a.jpg,0.8961705882261888,0.334898
B2A,56ac3dda09.jpg,0.7458783926684756,0.3503291
B2A,56bfd45d42.jpg,0.8370846181796923,0.33015358
B2A,56c6444a6d.jpg,0.7607585403784014,0.46530247
B2A,56c690f4ce.jpg,0.7356408804455701,0.3580194
B2A,56cb23c291.jpg,0.7937791967552071,0.38263088
B2A,56d2ce77d3.jpg,0.7171627440927679,0.3505893
B2A,56df48f901.jpg,0.6688662862060957,0.4273484
B2A,56e14fc1c7.jpg,0.6299879068682956,0.4455406
B2A,56e28bc581.jpg,0.8122226079079722,0.2845918
B2A,56e473c0df.jpg,0.7217077087645617,0.42210788
B2A,56e858f7c3.jpg,0.7037763505640966,0.33968788
B2A,5707c424dd.jpg,0.6784096546450911,0.41023183
B2A,571325ea85.jpg,0.7468777661597475,0.40489224
B2A,571a8540a2.jpg,0.6278185599254019,0.4006735
B2A,571c0614e4.jpg,0.8877706726821317,0.31372795
B2A,571da2a2b6.jpg,0.7724653837051518,0.46778488
B2A,572d08dd47.jpg,0.5795467833587573,0.45535874
B2A,5734dda15c.jpg,0.831266472470954,0.32617018
B2A,573e2bc6ac.jpg,0.8045074861444939,0.3636731
B2A,573f3616e6.jpg,0.7037114480831372,0.30920917
B2A,57509041fb.jpg,0.8228003635739685,0.3812474
B2A,575796635b.jpg,0.8056552173659005,0.34595808
B2A,5757d9bb28.jpg,0.7438527216293149,0.40034285
B2A,5764c388a6.jpg,0.8372526304041191,0.39035264
B2A,5777167029.jpg,0.8197119311783606,0.45654017
B2A,5784a2edfb.jpg,0.8396391281127098,0.43421862
B2A,57874888f9.jpg,0.7765510260462379,0.3540873
B2A,5794fc49e9.jpg,0.7407724750526774,0.4673099
B2A,57965b2143.jpg,0.5870071851879564,0.4028147
B2A,579cd00684.jpg,0.7962546367307666,0.5973612
B2A,579d0d4e7d.jpg,0.8177454592589478,0.426537
B2A,57a2330579.jpg,0.9083552418515358,0.2860192
B2A,57ba66fb37.jpg,0.7608182047374495,0.44954643
B2A,57bd2abf4c.jpg,0.8097418554042723,0.50705934
B2A,57c47a8905.jpg,0.6506769351167419,0.522112
B2A,57c528a4d5.jpg,0.7390642436501649,0.391909
B2A,57c906c4cf.jpg,0.7511126000946586,0.30219927
B2A,57cf047094.jpg,0.7171749391456147,0.3977924
B2A,57d109e9cf.jpg,0.8059342218362548,0.3808127
B2A,57dccccee3.jpg,0.8681425226110504,0.2842282
B2A,57e0bbe931.jpg,0.818905883435648,0.3678729
B2A,57e301422d.jpg,0.6685401833367375,0.3647304
B2A,58111663f1.jpg,0.6589304576005522,0.34276795
B2A,581d539ad6.jpg,0.5508901248208277,0.34590364
B2A,5833188a28.jpg,0.8594936410998936,0.35948086
B2A,5834c44d37.jpg,0.7774524789575413,0.49835774
B2A,5847f64d5d.jpg,0.7404582626458577,0.36741334
B2A,5852bbcf34.jpg,0.7351100810580083,0.5050541
B2A,585a5eb514.jpg,0.8145452974869172,0.319301
B2A,585aa1f933.jpg,0.8132753044164539,0.30504152
B2A,585efde177.jpg,0.6635482711112557,0.5885916
B2A,585f9cb26d.jpg,0.8282797744933053,0.3308433
B2A,586d359437.jpg,0.7381610464091514,0.4792891
B2A,5879d04028.jpg,0.7794145070200292,0.3618556
B2A,587a865f86.jpg,0.8244813683294835,0.50496024
B2A,587cc7c2fe.jpg,0.6865515166539461,0.39899662
B2A,5894a8daaa.jpg,0.8330254987281811,0.32712638
B2A,589b4cbb6e.jpg,0.6814026547374437,0.27917182
B2A,589fdf111c.jpg,0.737281485072921,0.4722228
B2A,58a038ba43.jpg,0.5869935437413267,0.44320717
B2A,58a4b16894.jpg,0.7274379424702042,0.5013701
B2A,58a776400d.jpg,0.8836542426835056,0.26492727
B2A,58a9467f2f.jpg,0.7029283861414236,0.3574739
B2A,58ae62fe43.jpg,0.5984310853506383,0.5369263
B2A,58bd31f329.jpg,0.618588818492404,0.44783774
B2A,58c1e36fda.jpg,0.8394913269937642,0.53857684
B2A,58cb8ad323.jpg,0.7538858067076587,0.4542552
B2A,58d3d98397.jpg,0.7490208845804562,0.32870302
B2A,58e34a0489.jpg,0.760745222916461,0.45527032
B2A,5901773791.jpg,0.8522802814819633,0.2942752
B2A,590530447f.jpg,0.8057477805377765,0.33910018
B2A,5913ac7eed.jpg,0.7710548491703294,0.34795
B2A,591d527b4e.jpg,0.8939097274353018,0.39759126
B2A,591df1353a.jpg,0.7927649674412238,0.40937668
B2A,59245494b6.jpg,0.7567020079851374,0.36456162
B2A,592bf31bd5.jpg,0.7400238197747757,0.4636156
B2A,592dd67bf2.jpg,0.6638163581857256,0.37820777
B2A,59344b7884.jpg,0.8060204448654562,0.32346812
B2A,593d5650ea.jpg,0.7920798237869061,0.31720144
B2A,593fa1789b.jpg,0.6992691113554891,0.44554982
B2A,594257c315.jpg,0.7737333084202981,0.5327714
B2A,5948efa988.jpg,0.6274580190204232,0.46135855
B2A,5966f03832.jpg,0.8176216503574925,0.35525137
B2A,5979ddaf40.jpg,0.7079837251709215,0.37585288
B2A,597dc8102b.jpg,0.8026356280805849,0.37919566
B2A,599d5b2041.jpg,0.7350404434976155,0.48770803
B2A,59a4aa8ae0.jpg,0.7201055315315926,0.4615918
B2A,59a5b56086.jpg,0.5959342541172915,0.5292847
B2A,59bf7066cc.jpg,0.636586796135938,0.45410085
B2A,59c0b11f7a.jpg,0.7730919533853267,0.32493237
B2A,59c73a71e2.jpg,0.7267079769464789,0.44791207
B2A,59d87604af.jpg,0.5167197576728341,0.29212213
B2A,59f40fedcd.jpg,0.6584707008586252,0.36212203
B2A,5a086eb4d4.jpg,0.7442639445283782,0.28810757
B2A,5a0e4d57e3.jpg,0.6904937236656533,0.43870363
B2A,5a114c6f90.jpg,0.7269447149109782,0.39879984
B2A,5a1f5ac407.jpg,0.794396146933608,0.4268037
B2A,5a234f081a.jpg,0.8635488450862895,0.42580292
B2A,5a294c5685.jpg,0.683747317678325,0.38707814
B2A,5a29db5e43.jpg,0.8788613693642414,0.37242487
B2A,5a30d613e5.jpg,0.7809463320409569,0.4199792
B2A,5a384bf8d9.jpg,0.7895581649260835,0.4111339
B2A,5a3c04abea.jpg,0.7785498232139447,0.41060668
B2A,5a5b14d79d.jpg,0.7893635145055907,0.31383106
B2A,5a648082a7.jpg,0.7996689954731027,0.35608435
B2A,5a722db12a.jpg,0.7442848433414704,0.4566524
B2A,5a7cd923cb.jpg,0.76695016551672,0.36446112
B2A,5a7fe873f4.jpg,0.8640433427396488,0.6645226
B2A,5a885d5128.jpg,0.7329087444405903,0.37834412
B2A,5a90fcd546.jpg,0.6262094177448788,0.41716146
B2A,5a921a3ab6.jpg,0.7758187011993825,0.44442427
B2A,5a977985f9.jpg,0.8018000317720855,0.33312243
B2A,5a9f9c1a61.jpg,0.6494259578107218,0.46094257
B2A,5aac6a791e.jpg,0.8091611356649302,0.32256943
B2A,5abbc037e1.jpg,0.8761988976843595,0.34764162
B2A,5ac7e3d633.jpg,0.7921047436464453,0.30795935
B2A,5ad9efc598.jpg,0.8077251500303536,0.34693283
B2A,5adb2c3de9.jpg,0.7586534481965755,0.3419326
B2A,5ae669f97f.jpg,0.7874340877334943,0.3410809
B2A,5ae67d7741.jpg,0.7611430224737893,0.32257283
B2A,5b1ac7d453.jpg,0.7879124365853484,0.2586523
B2A,5b1c17961a.jpg,0.6577592907622134,0.35577187
B2A,5b1ca92c81.jpg,0.7923362429389595,0.32930112
B2A,5b1ce21999.jpg,0.801721713308804,0.38112018
B2A,5b25e416af.jpg,0.7926202542798422,0.3893404
B2A,5b28e861e1.jpg,0.657602186548836,0.43980846
B2A,5b2c1cbcc1.jpg,0.6476770240491359,0.36796522
B2A,5b36970405.jpg,0.816197564089084,0.37767106
B2A,5b39ba9b27.jpg,0.7255688801689166,0.3852401
B2A,5b3c9ac58f.jpg,0.7248891858862073,0.41615805
B2A,5b430536ec.jpg,0.8115304633033186,0.3796809
B2A,5b45458ccf.jpg,0.7711685365739589,0.4426723
B2A,5b47729366.jpg,0.8272232685887547,0.36270958
B2A,5b54acd95e.jpg,0.7833138353026289,0.35749918
B2A,5b5eae4414.jpg,0.8396506203387493,0.44650298
B2A,5b644de405.jpg,0.6815999930920781,0.37831777
B2A,5b67d44eea.jpg,0.8153590763141343,0.33775586
B2A,5b8f94e9ed.jpg,0.7226250432157633,0.3329739
B2A,5b960d2105.jpg,0.8230560932085698,0.3378024
B2A,5ba1f82d11.jpg,0.7502288468393632,0.3756061
B2A,5baec51613.jpg,0.7138487034825459,0.32786536
B2A,5bb0b7b0fd.jpg,0.9113854517067225,0.3329333
B2A,5bb7d3f1e2.jpg,0.7793053179650956,0.36009878
B2A,5bce397cd6.jpg,0.8314598513691658,0.2696689
B2A,5bdd158279.jpg,0.8305091811416091,0.304861
B2A,5bddd2139f.jpg,0.668989628775056,0.5170686
B2A,5bfc51adc2.jpg,0.5659507156483592,0.50672936
B2A,5c0287b212.jpg,0.864745138268952,0.30298054
B2A,5c03d3796d.jpg,0.5641690814441859,0.45014215
B2A,5c04deef4e.jpg,0.5895201984476244,0.31779018
B2A,5c068c34b2.jpg,0.7636708613416555,0.3007586
B2A,5c096f6c6b.jpg,0.7275344531694671,0.4347094
B2A,5c097be130.jpg,0.8023149056817612,0.38029522
B2A,5c2de90d27.jpg,0.6844782797743393,0.40751398
B2A,5c3849313d.jpg,0.8223025504321047,0.32678252
B2A,5c399c47f2.jpg,0.7114095257073784,0.36482856
B2A,5c3afc56ce.jpg,0.9188767168033278,0.2998903
B2A,5c3d598219.jpg,0.8199145781133994,0.4675957
B2A,5c50599656.jpg,0.7687858430145942,0.39802754
B2A,5c556d2c26.jpg,0.7486856303144479,0.63469845
B2A,5c55bd3c02.jpg,0.8047297156908404,0.35995674
B2A,5c574cd9b7.jpg,0.8118531659333326,0.36104035
B2A,5c6144e5be.jpg,0.7904852896279467,0.37695208
B2A,5c6c72ff95.jpg,0.7824288711533163,0.4005689
B2A,5c8a36d364.jpg,0.7830376514480326,0.4210471
B2A,5c9487be68.jpg,0.6420050106142747,0.2749523
B2A,5c9979287f.jpg,0.7902355992809441,0.3230563
B2A,5c9b9f20eb.jpg,0.8131297774962581,0.35110715
B2A,5ca98fc2af.jpg,0.8232780780162174,0.33503747
B2A,5cb9dcf772.jpg,0.6934097573813037,0.34345877
B2A,5cc20cb7e7.jpg,0.7149735786462654,0.32957116
B2A,5ce9aaf1e0.jpg,0.7646684572027829,0.4366111
B2A,5cf2ea15af.jpg,0.679640252885042,0.56433815
B2A,5cff9ca17c.jpg,0.8265564111172355,0.47018665
B2A,5d03870821.jpg,0.6621678476330809,0.33052164
B2A,5d10d088ee.jpg,0.7640371252556389,0.5563767
B2A,5d1671f99b.jpg,0.6204597022875435,0.36583987
B2A,5d1d521c3f.jpg,0.6437382364941245,0.38823423
B2A,5d23c3c935.jpg,0.8064837997992468,0.4095808
B2A,5d3ce96256.jpg,0.8513787653448572,0.4140584
B2A,5d4377db4a.jpg,0.8182309252427916,0.3135392
B2A,5d53f82763.jpg,0.8206701942305535,0.31357726
B2A,5d5d5c6cec.jpg,0.653469539029079,0.438072
B2A,5d77349c0e.jpg,0.6495381543291202,0.37444523
B2A,5d7b441aa9.jpg,0.6443067801568685,0.47013137
B2A,5d875c63ab.jpg,0.8452034196923435,0.30497018
B2A,5d87fdb2c6.jpg,0.8352698316767825,0.45635155
B2A,5d8939501e.jpg,0.8216782612634479,0.29234514
B2A,5d90dbd1ca.jpg,0.713931811664995,0.39555553
B2A,5da725f8d7.jpg,0.8103323182894987,0.32481018
B2A,5da88da947.jpg,0.8130160583537943,0.41854304
B2A,5dcdf86cfb.jpg,0.7918262210427545,0.34416944
B2A,5dcfd3a36f.jpg,0.6796226999678663,0.46686447
B2A,5ddb1eae61.jpg,0.7915385637841389,0.38472053
B2A,5de7aa1645.jpg,0.6032901141464896,0.40469328
B2A,5ded03d0f9.jpg,0.7184727715348219,0.3431169
B2A,5e0062d8c4.jpg,0.6008341061860312,0.4172648
B2A,5e0082e751.jpg,0.7611537728688353,0.4386031
B2A,5e05579bfb.jpg,0.8391698523263947,0.3718538
B2A,5e0b43957f.jpg,0.7115338402603781,0.58527535
B2A,5e187eb93f.jpg,0.7317391446633609,0.35169935
B2A,5e23eef10f.jpg,0.6069565391936997,0.37263355
B2A,5e49c27b03.jpg,0.7647739827332436,0.47219843
B2A,5e4de25a9c.jpg,0.7830755655581993,0.27731723
B2A,5e5c74bded.jpg,0.6088151937976166,0.3092366
B2A,5e62cdccf1.jpg,0.8419254859168027,0.28464955
B2A,5e64b64de8.jpg,0.7728760992535377,0.5120467
B2A,5e80458f0d.jpg,0.7017225006540602,0.37324473
B2A,5e8a5f5d3b.jpg,0.7122021884959652,0.36757988
B2A,5e8afd118f.jpg,0.7403972568627128,0.3716331
B2A,5e9b6ee1a4.jpg,0.7764766405973235,0.4726479
B2A,5e9d609ee7.jpg,0.8253787954271707,0.39789605
B2A,5e9f0eec0c.jpg,0.8007623665414563,0.43797842
B2A,5ea13d56aa.jpg,0.7338785468021608,0.34973186
B2A,5eaccc99bf.jpg,0.8509216839582739,0.27945954
B2A,5eb792b2be.jpg,0.8255173841050478,0.3214716
B2A,5ed2785909.jpg,0.7929483181123116,0.37857586
B2A,5ed86a6d0b.jpg,0.8801187023413674,0.33792925
B2A,5edefd0d0f.jpg,0.556199869044323,0.3897211
B2A,5ee0ea499b.jpg,0.8148557494366582,0.33213612
B2A,5ee88f0c5f.jpg,0.829881932917211,0.39231887
B2A,5ee96ba98d.jpg,0.7745643830918872,0.48348302
B2A,5ef70f37ea.jpg,0.7290309108510572,0.4424299
B2A,5f02c26178.jpg,0.7309356691126471,0.41256934
B2A,5f0d21c2b1.jpg,0.5876147266584032,0.3265733
B2A,5f14f7641d.jpg,0.8730190814355439,0.4092486
B2A,5f24335241.jpg,0.7360122407909861,0.52932453
B2A,5f25cbc263.jpg,0.8997966913823903,0.31375432
B2A,5f2b8fa71a.jpg,0.5994882301159509,0.49993813
B2A,5f34ec2686.jpg,0.7770330396747265,0.39831832
B2A,5f4018d615.jpg,0.8562998282963199,0.21753311
B2A,5f4612d92b.jpg,0.7257216564068856,0.28761646
B2A,5f477576c5.jpg,0.7086928500011491,0.47185963
B2A,5f477a5c46.jpg,0.7033506391082723,0.58147913
B2A,5f674f802b.jpg,0.7622573802688771,0.39748508
B2A,5f6acdd885.jpg,0.8318642436489938,0.4164124
B2A,5f7a943ad3.jpg,0.6642905663322389,0.36831427
B2A,5f824e47e4.jpg,0.8925027413885679,0.29696843
B2A,5fb5327415.jpg,0.6526200689231197,0.26440576
B2A,5fcf902716.jpg,0.8200994113424735,0.3176121
B2A,5fd438d742.jpg,0.6359961932012985,0.43850943
B2A,5ff7a6bd52.jpg,0.7751163259077136,0.3642779
B2A,5fffc71069.jpg,0.7584101880805296,0.43422094
B2A,600adb121f.jpg,0.808736690807734,0.49568707
B2A,60149bcbbf.jpg,0.700117290051201,0.44383255
B2A,60268cfb2f.jpg,0.6553131514165723,0.48189485
B2A,604547096b.jpg,0.76665021623526,0.3076168
B2A,6045dd5804.jpg,0.8123367077814686,0.38281703
B2A,604c154a10.jpg,0.728974333137695,0.28525728
B2A,604d51ecdb.jpg,0.6827199869023322,0.37497142
B2A,604eee6de2.jpg,0.8229874385554914,0.5285886
B2A,6058fe8ba4.jpg,0.6927592242705002,0.33688006
B2A,605c399821.jpg,0.6873726805005101,0.3010733
B2A,606bc88bf5.jpg,0.703981605166594,0.41626367
B2A,606ea8c853.jpg,0.6730312603888771,0.41620535
B2A,606edf9e69.jpg,0.8523420534625867,0.28801057
B2A,607508ca60.jpg,0.602317906861206,0.27889824
B2A,6090cac2ca.jpg,0.7294234745961328,0.3643317
B2A,609699b9f5.jpg,0.7271496795719683,0.3131457
B2A,6099732dd8.jpg,0.8245709264610473,0.34139305
B2A,60a6fdd5c0.jpg,0.7762186889545034,0.38562086
B2A,60ac278e96.jpg,0.7475496208001517,0.439444
B2A,60adaaa8fa.jpg,0.8149938801030702,0.45327124
B2A,60ee84f0e3.jpg,0.7083431159371895,0.3118587
B2A,60f455c446.jpg,0.8397866329202459,0.354831
B2A,60f7b3ce84.jpg,0.8653613785286783,0.38739446
B2A,60fa0dced3.jpg,0.7007164767473519,0.34870368
B2A,610b2e40b1.jpg,0.8042218143925782,0.21743116
B2A,610ff29105.jpg,0.8848378317146243,0.29250225
B2A,6113839c53.jpg,0.8032720531085902,0.25604448
B2A,611ce907ee.jpg,0.747459072757818,0.39910722
B2A,6127261426.jpg,0.7414261624365287,0.41558084
B2A,612de09c0e.jpg,0.7733635145396869,0.46200094
B2A,612eb28781.jpg,0.7539125557087897,0.43651265
B2A,613592c5ba.jpg,0.7586830992065595,0.32310122
B2A,614aebf996.jpg,0.7913617468852532,0.3179731
B2A,614dcbd1b6.jpg,0.5907786258137862,0.4481441
B2A,614e5368b3.jpg,0.8251775131728618,0.31806657
B2A,6157aa63b5.jpg,0.7739373648577391,0.31000376
B2A,615f1a41e2.jpg,0.791575996807832,0.38697436
B2A,6163883314.jpg,0.7286776979680704,0.33259323
B2A,6165bb7d20.jpg,0.7555196536456914,0.42653272
B2A,618573a4c0.jpg,0.7389997478438584,0.2658254
B2A,618c3a93a6.jpg,0.6251321583461181,0.32302356
B2A,619868817c.jpg,0.8201285839587881,0.39320332
B2A,61c0bf55f3.jpg,0.8726958038943557,0.25771576
B2A,61ca26c3f0.jpg,0.6053023650970549,0.54227144
B2A,61d1dacb0a.jpg,0.8030420688675232,0.40075728
B2A,61e0412438.jpg,0.8189650235038706,0.37372527
B2A,61efe98c2b.jpg,0.834771894155869,0.49757138
B2A,61f0619994.jpg,0.7678373500646207,0.41077185
B2A,61f337301f.jpg,0.739500957123164,0.37248796
B2A,61f79ea5e3.jpg,0.7058916376568849,0.30091333
B2A,61febf655e.jpg,0.7262941533471106,0.40383586
B2A,6203a47be6.jpg,0.6898773950075883,0.43161356
B2A,6203de934f.jpg,0.6830654252075937,0.35926253
B2A,6203e44a0b.jpg,0.8054248215842662,0.45481205
B2A,6216948548.jpg,0.7249134029242974,0.31364328
B2A,623226574f.jpg,0.8043765440633138,0.2892166
B2A,6233033047.jpg,0.6513585165974062,0.33788574
B2A,6233a14e7a.jpg,0.7306381645234594,0.53647953
B2A,62428234ef.jpg,0.7549121686648204,0.34579307
B2A,62556af40e.jpg,0.7637121607355754,0.39280346
B2A,6256e7fb82.jpg,0.7999714172963769,0.33442834
B2A,62601c808e.jpg,0.8731532891486381,0.2529724
B2A,626caaa1ce.jpg,0.9055098148362575,0.3624394
B2A,627532c78c.jpg,0.6268671288177396,0.33792844
B2A,6276c2f781.jpg,0.8758427129988213,0.38187227
B2A,6280ca0cf1.jpg,0.643588868137317,0.40060285
B2A,6297c1fc75.jpg,0.8454883262713885,0.25613496
B2A,62a4327b05.jpg,0.6915675452232357,0.50814694
B2A,62a86886a4.jpg,0.8908018106100141,0.30770707
B2A,62ada6e480.jpg,0.7930549278872812,0.4109876
B2A,62ae12c529.jpg,0.7048743850072305,0.3788995
B2A,62b043985f.jpg,0.7353191179970464,0.3004373
B2A,62b1939e2e.jpg,0.7622358190151228,0.41962433
B2A,62b6c6c11d.jpg,0.6524360340479372,0.4211881
B2A,62bb8501e8.jpg,0.7135062945878128,0.42741966
B2A,62bff6d96f.jpg,0.8283749361488267,0.3244074
B2A,62c54774f6.jpg,0.6813593983604447,0.5376084
B2A,62c5a2a3c0.jpg,0.8279620699154974,0.40146828
B2A,62c8619eeb.jpg,0.7583695768312099,0.48575974
B2A,62e2c15e98.jpg,0.5832722967374767,0.47695288
B2A,62e79f1dd2.jpg,0.7723575016373466,0.41403097
B2A,630d324a16.jpg,0.8315123379716802,0.37037084
B2A,631cc9e7d1.jpg,0.7877166602951322,0.35909116
B2A,631f90f7a9.jpg,0.8025769624035749,0.2698381
B2A,632020c3e8.jpg,0.7795937138179638,0.46903697
B2A,632858e7c4.jpg,0.8328773472680243,0.43738264
B2A,633128bbae.jpg,0.61036429886028,0.5474434
B2A,6334aea3e0.jpg,0.8766573742837419,0.38197762
B2A,63372e9038.jpg,0.7486812499619484,0.31370768
B2A,633edb47c9.jpg,0.7307828680589213,0.43071902
B2A,634246cbc0.jpg,0.8826834091884179,0.6445791
B2A,634e2ff9c5.jpg,0.763169931283856,0.3788569
B2A,634f5cf142.jpg,0.7099197806450012,0.40271124
B2A,635907bad9.jpg,0.5746646968100713,0.4478904
B2A,6360e41e69.jpg,0.693178521786827,0.4522668
B2A,636280c73d.jpg,0.7316223083462612,0.33308768
B2A,636d76c49a.jpg,0.8522497923724063,0.2620022
B2A,6376737353.jpg,0.7676280800428414,0.39514047
B2A,6376c3ffa5.jpg,0.7066125770664894,0.504105
B2A,6379773e3f.jpg,0.7350584945981773,0.40904307
B2A,637a28f9cf.jpg,0.7248402711708686,0.31044945
B2A,638093f853.jpg,0.8591401380182945,0.3201856
B2A,6383f39af4.jpg,0.5415183589873519,0.39240846
B2A,63959943dd.jpg,0.6357247829632409,0.41237205
B2A,639ed4c744.jpg,0.7385335933913553,0.3359456
B2A,63a0582761.jpg,0.763849655898952,0.36502254
B2A,63b4aeae20.jpg,0.7037927238820654,0.38374847
B2A,63b6bc086c.jpg,0.6874750910284593,0.378613
B2A,63bf7ae1cf.jpg,0.7140246543425401,0.28922743
B2A,63d194e1df.jpg,0.8687784941061985,0.32108918
B2A,63e007e789.jpg,0.7542628021072745,0.31542596
B2A,63e73c1dc9.jpg,0.7897766938836484,0.31862742
B2A,63e885e644.jpg,0.714460720626633,0.32383165
B2A,63f6cea734.jpg,0.6851503160506139,0.46002966
B2A,63fef59198.jpg,0.6051486115838107,0.32943586
B2A,6401c2d6c0.jpg,0.8463666113596203,0.26009884
B2A,6417787af0.jpg,0.7516542237138298,0.46266562
B2A,6421360d4f.jpg,0.6168768719092217,0.34697592
B2A,64247b3eb5.jpg,0.8525803332618783,0.27206835
B2A,6431f96d10.jpg,0.7805290238723502,0.42379618
B2A,64356423f2.jpg,0.6588751958060587,0.4513347
B2A,6438b04e89.jpg,0.8832473026128086,0.2862419
B2A,643916e05b.jpg,0.7517923720099737,0.444454
B2A,64397cbb62.jpg,0.8260402918238461,0.3354885
B2A,6440dd45f8.jpg,0.6910881456578131,0.44880193
B2A,6444bc3ca4.jpg,0.6256944638732143,0.35921305
B2A,6447774e95.jpg,0.8208872278007128,0.4849536
B2A,6457f79ca3.jpg,0.6993175508892142,0.59939015
B2A,646da34032.jpg,0.7752567397977408,0.4078732
B2A,64813f537a.jpg,0.7672671896408558,0.40639916
B2A,6493077860.jpg,0.7531942178390627,0.27441335
B2A,649df99535.jpg,0.7352995049663003,0.5801677
B2A,64a519abd0.jpg,0.8107657778676338,0.331994
B2A,64bd39e960.jpg,0.7153926602620032,0.3328912
B2A,64c68d0aa3.jpg,0.9088296181634273,0.29208925
B2A,64c6b6a511.jpg,0.7763334521069231,0.30426314
B2A,64cf019733.jpg,0.8808938311029368,0.28071764
B2A,64d0a7acf2.jpg,0.7845806768947875,0.5376977
B2A,64d362378f.jpg,0.7263466980394228,0.38343504
B2A,64e21dfda0.jpg,0.7994175119078021,0.3149474
B2A,64ee7530ff.jpg,0.8881183888681681,0.31910276
B2A,64f06b5ceb.jpg,0.8255832255716645,0.32996827
B2A,64fcd56944.jpg,0.8908054460415182,0.25761184
B2A,6533b9656e.jpg,0.6780157797269993,0.44951156
B2A,65344ad883.jpg,0.6972529078402904,0.47903195
B2A,653774f59a.jpg,0.6463286906344822,0.6504243
B2A,654dce0bc5.jpg,0.6897429145651236,0.4655893
B2A,6558098202.jpg,0.7067014786001184,0.5087196
B2A,6561bd46ba.jpg,0.7889992765352973,0.37809992
B2A,657337796d.jpg,0.7612386719267064,0.34941596
B2A,657a1ebe3d.jpg,0.6320124425338132,0.34777388
B2A,657bf0b295.jpg,0.8813337199578968,0.30388838
B2A,657d970481.jpg,0.7997281911848323,0.32550856
B2A,65881ff201.jpg,0.7797007334010926,0.2985186
B2A,6589904ec0.jpg,0.7890835164550107,0.44755274
B2A,65a09899f8.jpg,0.724064764028817,0.4580536
B2A,65a6d3e7e2.jpg,0.7832878550495064,0.34057674
B2A,65ba65db68.jpg,0.67733801988116,0.45115805
B2A,65cf11fe0e.jpg,0.7753704097524146,0.5055003
B2A,65e0307c38.jpg,0.6944341988049044,0.407333
B2A,65e1c3f768.jpg,0.6617830244282672,0.35875168
B2A,65eb33194f.jpg,0.7034747376485004,0.41479263
B2A,65f48bdd36.jpg,0.6669448610344462,0.40126234
B2A,65ff1c4226.jpg,0.7177256380187754,0.57033557
B2A,660a638976.jpg,0.8082732435516692,0.36539906
B2A,661aadc417.jpg,0.8783839432126459,0.18112604
B2A,661d51efae.jpg,0.7442242704174896,0.42352858
B2A,662c5c4ff4.jpg,0.8527495681029817,0.29691514
B2A,6635a31ee1.jpg,0.7245486709197151,0.39496812
B2A,66361eea70.jpg,0.8010750888061043,0.29637963
B2A,6639b516d5.jpg,0.6317750274920727,0.35846543
B2A,663b9a1924.jpg,0.7351709299521573,0.28316677
B2A,66488583ab.jpg,0.7847908123865747,0.3409663
B2A,664b161ecc.jpg,0.6922589283291782,0.4999702
B2A,667c0fd61b.jpg,0.8395634757536612,0.2731806
B2A,6690a30a29.jpg,0.7651313618649433,0.47241852
B2A,66ad36a8d6.jpg,0.6695320504263554,0.31992608
B2A,66af3aa4b1.jpg,0.6658863323202231,0.37416142
B2A,66b54569e6.jpg,0.84355617327086,0.35098892
B2A,66cb408c30.jpg,0.7771555975315919,0.30930442
B2A,66db0fe6b4.jpg,0.6275232102975165,0.33181432
B2A,66dbf73abc.jpg,0.8524545671246611,0.34968597
B2A,66e71841a4.jpg,0.7918873706038557,0.33477175
B2A,66f8456cb7.jpg,0.6990002168927855,0.34870917
B2A,6700b4b7bb.jpg,0.8628474769116037,0.37110528
B2A,670d9aa07f.jpg,0.7263160469775457,0.3375385
B2A,670dbb29d1.jpg,0.7405679703144321,0.24803692
B2A,6717eca3cc.jpg,0.6273138155280463,0.5410086
B2A,6728f4bba7.jpg,0.8573980014798102,0.3282118
B2A,6731de7cdc.jpg,0.6769685794192365,0.386238
B2A,6736ee186d.jpg,0.6865964679226826,0.4758183
B2A,674bf68b95.jpg,0.7966571805309869,0.4355036
B2A,674c25f70e.jpg,0.7178170706667416,0.3570722
B2A,6751643b4b.jpg,0.6647101997111164,0.4377699
B2A,675e6b6065.jpg,0.7354571057948978,0.45861214
B2A,675eb73e32.jpg,0.7571961981176399,0.395166
B2A,676a38fcf2.jpg,0.6608303013665218,0.3048917
B2A,676d2377ea.jpg,0.7402020537220787,0.3230471
B2A,67811f844f.jpg,0.7516199063824127,0.35128102
B2A,6798a2a50d.jpg,0.7648840139482002,0.33793023
B2A,679f2b8c09.jpg,0.7820690705032292,0.32183373
B2A,67ad9f90eb.jpg,0.8505552477280142,0.2809608
B2A,67ae13d8fd.jpg,0.6316588955786653,0.38926739
B2A,67b03b9ae6.jpg,0.8485616928282431,0.31369334
B2A,67b2023cdc.jpg,0.8941653875055149,0.29286367
B2A,67b303bc1f.jpg,0.6880914635903654,0.42402253
B2A,67bf2caa0d.jpg,0.7903335909453232,0.4471945
B2A,67cb59fe1b.jpg,0.7695847567908051,0.46734807
B2A,67d30c5976.jpg,0.7171835148343989,0.45312557
B2A,67e82318a8.jpg,0.6854321196728957,0.39884877
B2A,67fa0b1fff.jpg,0.6980305194390435,0.49135444
B2A,67ffae436a.jpg,0.7082822335778458,0.3070224
B2A,680e403ee6.jpg,0.732391525816358,0.4340341
B2A,68161f940a.jpg,0.8322493615282837,0.31782347
B2A,681747f03e.jpg,0.7562378634788337,0.26215518
B2A,681949c029.jpg,0.7456713511447601,0.37621057
B2A,681df42505.jpg,0.7554334282778793,0.37069225
B2A,682e0844c2.jpg,0.9054142249745505,0.49286157
B2A,6836334767.jpg,0.6902451885615672,0.47194475
B2A,683ff91f55.jpg,0.709686864072886,0.45826533
B2A,684690671a.jpg,0.8474218912490028,0.36779815
B2A,684be8790c.jpg,0.7019035799411752,0.4139259
B2A,685174f022.jpg,0.717582401818616,0.40116084
B2A,6852f4cb2d.jpg,0.5969498552569137,0.40446138
B2A,685923a424.jpg,0.7704091780021143,0.32940394
B2A,68730b2016.jpg,0.6513521444608232,0.35581663
B2A,687cd30117.jpg,0.8718022508315638,0.30946264
B2A,6884abf5fe.jpg,0.8710353206516,0.32872376
B2A,6887ee7059.jpg,0.7126161380444473,0.33890262
B2A,688fd65571.jpg,0.7923119457354699,0.35320023
B2A,689273b092.jpg,0.6764650245222241,0.32999617
B2A,68a0fd8800.jpg,0.8345710871938974,0.33362517
B2A,68b8b35955.jpg,0.7942361461509505,0.41713545
B2A,68d3757ce1.jpg,0.8623020494524513,0.30107373
B2A,68d785f0cb.jpg,0.6207792791359938,0.41029483
B2A,68e40889bf.jpg,0.8386387006880279,0.32738256
B2A,68e93f1dd4.jpg,0.6292302123060951,0.5094568
B2A,68f7232a89.jpg,0.7091982520359157,0.40595934
B2A,6915fdb4e2.jpg,0.610671139143523,0.35577154
B2A,692b29e496.jpg,0.8678703887973289,0.32325867
B2A,692d2be632.jpg,0.7950986707855007,0.5483833
B2A,6932043ee0.jpg,0.7662350280523227,0.5139716
B2A,693415a29b.jpg,0.8178329513476933,0.30738044
B2A,69552238b4.jpg,0.7810728666079092,0.27070674
B2A,695755652f.jpg,0.6480820542058736,0.33075953
B2A,6957a4b495.jpg,0.8125161110920296,0.27768344
B2A,6960ca7470.jpg,0.7616504876913871,0.4177
B2A,6960d1ca6a.jpg,0.7670364969204384,0.44388652
B2A,696803e17c.jpg,0.6665661254940645,0.40087956
B2A,696f56514d.jpg,0.6284818706825344,0.41609627
B2A,6970d5e39a.jpg,0.8035687005255497,0.3554418
B2A,697a7cac68.jpg,0.6370501379778422,0.39698234
B2A,6987bc04a8.jpg,0.774127493021345,0.34340054
B2A,69a48c1703.jpg,0.833901802296373,0.23165797
B2A,69ae5108fc.jpg,0.6167298214244668,0.38817313
B2A,69b2d90a15.jpg,0.7750123663807346,0.41658607
B2A,69b411b727.jpg,0.604933939086627,0.3327915
B2A,69b590e268.jpg,0.8248767310865993,0.40623176
B2A,69ba3dbcbe.jpg,0.8888235197892044,0.40601665
B2A,69bc2bf220.jpg,0.7723738349884128,0.3814797
B2A,69c3dba202.jpg,0.7806493058589512,0.40413457
B2A,69c50db73f.jpg,0.5270333977450322,0.34332317
B2A,69c5eb1184.jpg,0.6899516684306718,0.45671844
B2A,69ce40e8bd.jpg,0.7437502113477066,0.46165812
B2A,69cf4ee0c1.jpg,0.818240942646215,0.5626176
B2A,69e5be6684.jpg,0.8397689815380912,0.4277428
B2A,69ea18eac3.jpg,0.5997290685058859,0.51212865
B2A,69ff61709e.jpg,0.7985405740802037,0.36816692
B2A,6a0a168174.jpg,0.8066096506953485,0.5336112
B2A,6a0c1b662f.jpg,0.8728174568775384,0.3352636
B2A,6a19d6ed16.jpg,0.6179777913614571,0.4266201
B2A,6a1aea3e32.jpg,0.8235567516263571,0.37302274
B2A,6a24142aad.jpg,0.7749651058867193,0.4533415
B2A,6a3a6192c0.jpg,0.775521090738458,0.3625083
B2A,6a4d3daafe.jpg,0.6748745155734741,0.5260005
B2A,6a4fe6590b.jpg,0.7048866471641767,0.46230987
B2A,6a55ec45aa.jpg,0.7906921674432479,0.3467488
B2A,6a5b3e97df.jpg,0.6944299288857795,0.43212622
B2A,6a62792333.jpg,0.7996044032300911,0.4191965
B2A,6a6fb64128.jpg,0.7816764997957435,0.5560418
B2A,6a75bc4fce.jpg,0.8290113532388205,0.30071718
B2A,6a95e80280.jpg,0.8138783630973612,0.35712463
B2A,6a9634ff0e.jpg,0.7446798965114472,0.29811716
B2A,6aa027975d.jpg,0.7846336573290207,0.31426618
B2A,6ab55e39e3.jpg,0.8588909477093007,0.29712686
B2A,6ab607ca91.jpg,0.5767183765677573,0.3489635
B2A,6ac584cbb4.jpg,0.7766224297495922,0.34398514
B2A,6ac922afab.jpg,0.7272938701750888,0.35525838
B2A,6ae1292f67.jpg,0.6844634801526773,0.3425243
B2A,6afc612209.jpg,0.6719934002471977,0.47212222
B2A,6b04d109cf.jpg,0.6659028658953026,0.3382744
B2A,6b240d89b8.jpg,0.822710833338741,0.37108913
B2A,6b25e23139.jpg,0.7261435643935272,0.37778205
B2A,6b3e7692a0.jpg,0.6924266252541695,0.44029486
B2A,6b47c83dad.jpg,0.8358225350879334,0.3415385
B2A,6b53db36ed.jpg,0.7999666385775854,0.47456864
B2A,6b61c7852e.jpg,0.7924695421797079,0.38367617
B2A,6b66f3c48a.jpg,0.7202000268337964,0.44071576
B2A,6b6b85cd53.jpg,0.7778561590007905,0.49434212
B2A,6b6e1046b8.jpg,0.8599829911417237,0.35697544
B2A,6b70c93481.jpg,0.8473278065059606,0.4889142
B2A,6b7172639a.jpg,0.8404402289365064,0.30843183
B2A,6b87a7b5dc.jpg,0.891864512500255,0.43831694
B2A,6b87dc38dc.jpg,0.6410215188696402,0.4935922
B2A,6b910e1321.jpg,0.5306863917879439,0.469809
B2A,6ba72ca483.jpg,0.7589873815748076,0.47152984
B2A,6bb4d6273a.jpg,0.7646138353805235,0.32988614
B2A,6bc014d8ea.jpg,0.8213293874106167,0.3902326
B2A,6bc2744034.jpg,0.8621690625539644,0.34817708
B2A,6bc4af390a.jpg,0.87827020857876,0.3911123
B2A,6bc7d64fb6.jpg,0.7865418447338993,0.3955517
B2A,6bc8104d76.jpg,0.5194030896589303,0.5214233
B2A,6bcd8876a4.jpg,0.7677728681819038,0.48054823
B2A,6bcea12f74.jpg,0.817220343228404,0.3508573
B2A,6be0fc09a5.jpg,0.6094655635530961,0.36808062
B2A,6bf0976dae.jpg,0.7985827798900742,0.36980706
B2A,6c0f6804c5.jpg,0.7148944944718176,0.33889833
B2A,6c19b70453.jpg,0.8802179518939367,0.3294261
B2A,6c1d743ded.jpg,0.6254131608133832,0.24760242
B2A,6c1f308e02.jpg,0.7285677560399222,0.426207
B2A,6c28209b0b.jpg,0.8010484117031973,0.41289198
B2A,6c37caaa86.jpg,0.7543185651812023,0.3981127
B2A,6c38e65dd9.jpg,0.8066064358440601,0.25914258
B2A,6c5fb319c2.jpg,0.6458627832073571,0.5754545
B2A,6c650608d2.jpg,0.7206717710395449,0.557096
B2A,6c66f26b82.jpg,0.7327152227503622,0.3426801
B2A,6c77b100ea.jpg,0.6842895392639047,0.44818437
B2A,6c7b92564c.jpg,0.7307025209351811,0.48569095
B2A,6c7bd28db6.jpg,0.7594403235275945,0.4521052
B2A,6c7e5b0199.jpg,0.7934811215855408,0.34559852
B2A,6c8aec68c1.jpg,0.8276078332345536,0.27807444
B2A,6c8c8234e4.jpg,0.6953655209396371,0.54419965
B2A,6c9c20101d.jpg,0.7572260950852983,0.2781764
B2A,6cad5acca6.jpg,0.8596275881591611,0.26161727
B2A,6cada09ad0.jpg,0.801816945849744,0.3259362
B2A,6cb683712d.jpg,0.6257460986498901,0.5628742
B2A,6cb7a4d1c0.jpg,0.752999966899069,0.47428027
B2A,6cc9ba090d.jpg,0.7800809084382089,0.39963067
B2A,6cdb4ae67d.jpg,0.7569922266523282,0.37706104
B2A,6cf14b58ac.jpg,0.6221364697170201,0.587098
B2A,6d21dd8e8a.jpg,0.8129065470258339,0.41271198
B2A,6d2db478f1.jpg,0.8349515270381898,0.30289719
B2A,6d366256a0.jpg,0.7876423783695902,0.39937425
B2A,6d43871d17.jpg,0.824769369974179,0.39084664
B2A,6d4cd97a65.jpg,0.6841957918666376,0.33291695
B2A,6d4ed509c4.jpg,0.6480805512379664,0.33552894
B2A,6d59401909.jpg,0.43038537597082954,0.5565608
B2A,6d6717a60d.jpg,0.7709984121172091,0.32354295
B2A,6d6bc1579a.jpg,0.8523390256788819,0.34135175
B2A,6d75effae7.jpg,0.552895630395525,0.63357407
B2A,6d76ac5983.jpg,0.7606277900579922,0.36763087
B2A,6d76db2739.jpg,0.7878523505482745,0.32414067
B2A,6d8ac0ab87.jpg,0.7528037921829887,0.33273104
B2A,6d8ff7415d.jpg,0.7586643724994397,0.35664317
B2A,6da5f24eb5.jpg,0.6233055316806893,0.3845563
B2A,6da926571e.jpg,0.9029710992510782,0.22741392
B2A,6db9d90f11.jpg,0.7241242788201653,0.42921633
B2A,6dc8ab590e.jpg,0.7848521776688454,0.52977276
B2A,6dce9829bb.jpg,0.7650205219394907,0.4181019
B2A,6dcf799703.jpg,0.7919612927246531,0.3596271
B2A,6ddc86d0e4.jpg,0.7712767900884385,0.3465575
B2A,6dee6d02d8.jpg,0.7759176230241437,0.3483783
B2A,6df48d411c.jpg,0.6381565761615041,0.3838695
B2A,6dfff386db.jpg,0.7798093974572433,0.33994505
B2A,6e09fe8d32.jpg,0.8408346953925618,0.48626667
B2A,6e13b2f9b4.jpg,0.784194520641008,0.30330858
B2A,6e17babca8.jpg,0.7933079849724242,0.39023772
B2A,6e2493f8d4.jpg,0.4932783124334929,0.5357776
B2A,6e2c4451e5.jpg,0.7088993963604053,0.50457406
B2A,6e3c226e32.jpg,0.8309538417051692,0.40058428
B2A,6e3e179ef8.jpg,0.866184138101945,0.39446342
B2A,6e57dbfe6f.jpg,0.6597821048836217,0.48998106
B2A,6e5cd72d3c.jpg,0.7921775978667754,0.312935
B2A,6e656030a0.jpg,0.7086503793922815,0.4063917
B2A,6e68264904.jpg,0.7135549153840284,0.467915
B2A,6e72f8ad6c.jpg,0.8435224126852385,0.5524193
B2A,6e84325bee.jpg,0.7081021684759164,0.41717035
B2A,6e89ef391e.jpg,0.7559695415206275,0.28742534
B2A,6e8ec08b46.jpg,0.8476102797165348,0.32723024
B2A,6e924c87a3.jpg,0.731036102549481,0.32827404
B2A,6e9f6935ce.jpg,0.6476546817022897,0.39796275
B2A,6ea4aef23e.jpg,0.7394296176168691,0.3747688
B2A,6ebd91c7e5.jpg,0.7421054267296813,0.49572802
B2A,6ebfe9870b.jpg,0.6353951905775852,0.34495345
B2A,6ec425bb69.jpg,0.7396856792324894,0.4433251
B2A,6ecc2d49cf.jpg,0.6422426477580739,0.39366397
B2A,6ed8cb6c73.jpg,0.7890429896857374,0.2219792
B2A,6edee61a9e.jpg,0.5228035838220669,0.45662573
B2A,6ee301dfa6.jpg,0.7996888885707467,0.40239167
B2A,6ee4e3cfa0.jpg,0.5912482327906478,0.44229907
B2A,6ee582ddd3.jpg,0.8351803107660408,0.56907535
B2A,6ef0e038c4.jpg,0.7052891705559766,0.41887453
B2A,6efbef83a2.jpg,0.7951162941341918,0.3305748
B2A,6f28a81391.jpg,0.7687718202055177,0.40244025
B2A,6f2bf952a9.jpg,0.7235067900076542,0.33446658
B2A,6f40f67816.jpg,0.7593640349285746,0.39576867
B2A,6f48326e10.jpg,0.8159543726240356,0.50650907
B2A,6f48f32192.jpg,0.8180833380136194,0.43843612
B2A,6f5bf1e36c.jpg,0.7068663323715412,0.48631552
B2A,6f5ef8ad57.jpg,0.8790518932864765,0.3522669
B2A,6f68219972.jpg,0.7189918783742667,0.4380855
B2A,6f6d82abff.jpg,0.6539174854285082,0.3598258
B2A,6f7564d1a0.jpg,0.8297787008087786,0.36624137
B2A,6f77237bfc.jpg,0.5415178299107497,0.42858303
B2A,6f8cb591c0.jpg,0.7419158643865839,0.49407682
B2A,6f8d0b8187.jpg,0.5887986455924208,0.55431944
B2A,6f8e3c9a8b.jpg,0.8580385416750531,0.39261726
B2A,6f923ef327.jpg,0.8178587557586193,0.38355446
B2A,6f947d7eac.jpg,0.6969965559568518,0.40341234
B2A,6fadc7344f.jpg,0.8189058908934179,0.37066564
B2A,6fc20169b5.jpg,0.6682001746395998,0.46695447
B2A,6fc42ec979.jpg,0.821262736053386,0.31671718
B2A,6fc6fa664f.jpg,0.9085536712886898,0.37850678
B2A,6fd27b0261.jpg,0.9004259548299326,0.3520444
B2A,6fd58bb7ed.jpg,0.7129867588442571,0.3677975
B2A,6fd674c2bc.jpg,0.8179720466607955,0.56966794
B2A,6feaf858bb.jpg,0.601452176177922,0.4098297
B2A,6ff650cc01.jpg,0.8994491961292022,0.21212856
B2A,6ff926036b.jpg,0.6440090854308146,0.32209
B2A,7007638c04.jpg,0.8509404280580306,0.24803264
B2A,7018cf5472.jpg,0.7988042203712359,0.23315746
B2A,7023e05153.jpg,0.4915822914158999,0.6285063
B2A,7041df8f8d.jpg,0.8241447282350466,0.37232912
B2A,7048682787.jpg,0.6103217938875642,0.422652
B2A,7056c4d0c9.jpg,0.8028945525418719,0.38206956
B2A,7058938d2d.jpg,0.7350387493939612,0.49144855
B2A,70688893ff.jpg,0.7207152792050163,0.3740547
B2A,7095de0c05.jpg,0.6029210512381623,0.47203183
B2A,709c87be1e.jpg,0.6821729994533086,0.4261037
B2A,70a6584991.jpg,0.8012416418245945,0.30216694
B2A,70adc33191.jpg,0.8846345117630084,0.35972887
B2A,70b1293521.jpg,0.3797483919323141,0.5836369
B2A,70bbdc328b.jpg,0.7864014031388116,0.50439584
B2A,70bfad4fb3.jpg,0.8660005086830143,0.3097636
B2A,70c35d97fa.jpg,0.7658826838648584,0.56558084
B2A,70c4ba13c5.jpg,0.8251664057166948,0.46073306
B2A,70c5926990.jpg,0.7647653659365248,0.35351455
B2A,70d01a9f18.jpg,0.7603579611343876,0.4345945
B2A,70d2dd3347.jpg,0.7872505904379539,0.39459634
B2A,70e1a9d5d0.jpg,0.8059431948520991,0.3751878
B2A,70f83908f4.jpg,0.6810197466869352,0.527455
B2A,710afec54e.jpg,0.8260093198387319,0.38585508
B2A,710dddaa53.jpg,0.8302401517717576,0.26344872
B2A,710ff8d371.jpg,0.7456586690557898,0.31419355
B2A,711bdf7e70.jpg,0.7571686564242294,0.2910557
B2A,711e41a40a.jpg,0.7336340513035274,0.49737468
B2A,7124e69590.jpg,0.6846396300814306,0.43234
B2A,7128cb2ee3.jpg,0.6733855043072128,0.48700106
B2A,7140fb929c.jpg,0.8398581536380111,0.352345
B2A,714de5bcda.jpg,0.6584148927524914,0.40017518
B2A,716437e0a0.jpg,0.6474815891313869,0.53692734
B2A,71697466d8.jpg,0.8161741034490532,0.33217716
B2A,716981b92d.jpg,0.8897100818531635,0.44400886
B2A,717bc1fc72.jpg,0.6627241085871592,0.6093191
B2A,718b15a998.jpg,0.894795011129813,0.23841317
B2A,71990c1992.jpg,0.8230254869206614,0.35019195
B2A,71a1688eec.jpg,0.7393062076651759,0.42646667
B2A,71ab7757d1.jpg,0.7766643563124256,0.32108703
B2A,71b9dfc246.jpg,0.7498572725751506,0.3403036
B2A,71c9f21e69.jpg,0.7900203987911378,0.40441296
B2A,71cd818b43.jpg,0.7246538802032781,0.32961458
B2A,71cde4e6b9.jpg,0.7855889670921626,0.3544989
B2A,71d0f6d808.jpg,0.7877097865105248,0.3638195
B2A,71d92823a7.jpg,0.8284498465875121,0.41284296
B2A,71e2160bc2.jpg,0.7495621663258314,0.38375065
B2A,71eb79bec9.jpg,0.7521390948495928,0.3016364
B2A,71f375fd61.jpg,0.8174356004945367,0.32717353
B2A,71f38526e3.jpg,0.6846012846840396,0.5037288
B2A,71f84e59d9.jpg,0.619451263465906,0.38062188
B2A,71fbc6fd17.jpg,0.743166429897639,0.42599583
B2A,71feaf01d5.jpg,0.7473384628916543,0.41360545
B2A,720358ea9a.jpg,0.8137746240591099,0.505865
B2A,7207f4dfb5.jpg,0.7913142552045067,0.37704766
B2A,720b03538d.jpg,0.8105816732736495,0.35275912
B2A,720b65616c.jpg,0.7241181816113053,0.43776727
B2A,720b79fcc2.jpg,0.5276697595498269,0.5563002
B2A,721f26a1d5.jpg,0.5542931994999768,0.5105231
B2A,721fb86cc5.jpg,0.6024636645012558,0.47049344
B2A,7226160b9d.jpg,0.7799896776648914,0.35303637
B2A,722cb1e56d.jpg,0.7729716520966078,0.31591702
B2A,7232765c25.jpg,0.7752831733831017,0.38054007
B2A,723451df4f.jpg,0.701736976197016,0.35015643
B2A,7234b91e34.jpg,0.7763263416602543,0.46282715
B2A,7237fc1604.jpg,0.8494248733726654,0.36220333
B2A,723d373aa3.jpg,0.6328763467805898,0.36225045
B2A,7241d2c3d9.jpg,0.7598169063949667,0.32478198
B2A,7261ec35d2.jpg,0.7782587474683353,0.45464852
B2A,72669a9943.jpg,0.7649331310144926,0.37285364
B2A,72812baf6e.jpg,0.7361863687820871,0.40023822
B2A,7283cfab05.jpg,0.8541941988084564,0.4707524
B2A,728ea2432b.jpg,0.5958186819798194,0.4565053
B2A,7293694fa1.jpg,0.8132236968285024,0.3912933
B2A,72984fac2b.jpg,0.7967232149716599,0.34157982
B2A,72a4736675.jpg,0.6412959508479862,0.35307765
B2A,72a601d8f0.jpg,0.7470029806808001,0.36359125
B2A,72c7727920.jpg,0.763355364524632,0.38021675
B2A,72d3a41349.jpg,0.7910512772360458,0.32530576
B2A,72d466fe84.jpg,0.6467486773035817,0.42893815
B2A,72e16d5fbd.jpg,0.8058263835506609,0.37770662
B2A,72e448ba0d.jpg,0.679507063025543,0.4601278
B2A,72f617be7d.jpg,0.8732501466588085,0.532806
B2A,730f4d3c17.jpg,0.8225938269352533,0.39790684
B2A,7310d880f1.jpg,0.7531805284477807,0.389563
B2A,731ebe59e9.jpg,0.6811183383159407,0.3716604
B2A,73222f682f.jpg,0.8272518413979872,0.46913704
B2A,73256f9bc4.jpg,0.9107769567631445,0.47583205
B2A,7325a1d7d0.jpg,0.6818078062867019,0.6028518
B2A,732a9c8c6b.jpg,0.659750963852012,0.38078585
B2A,732becb4d6.jpg,0.7247955385995867,0.40089032
B2A,7333f63f5c.jpg,0.8595120787045524,0.29406488
B2A,7336afe63d.jpg,0.8247495792353708,0.38043723
B2A,73433b9176.jpg,0.8019415432125482,0.43045595
B2A,7347d4c64e.jpg,0.8390209980696801,0.2646053
B2A,734c1c2cb7.jpg,0.8612095303236352,0.29895848
B2A,734f9967b1.jpg,0.765099619616762,0.37381905
B2A,7354bcca29.jpg,0.5454360587329493,0.34558922
B2A,736aca548d.jpg,0.7643332837737604,0.42310596
B2A,73849ee3fd.jpg,0.7930967259102841,0.30332026
B2A,7386076f73.jpg,0.9061299809018423,0.30989653
B2A,738cc4553d.jpg,0.9164824909931036,0.29530337
B2A,739659d0c4.jpg,0.7494506586696019,0.4222177
B2A,739b765f02.jpg,0.6898256402910314,0.41965976
B2A,73a7bab2d5.jpg,0.7070847789703906,0.44238204
B2A,73ae5bd0e4.jpg,0.7214066160757663,0.31097832
B2A,73b60d1a3f.jpg,0.8704565571988986,0.43782243
B2A,73bc721c0c.jpg,0.8067569986869481,0.35888392
B2A,73bdd8ab24.jpg,0.7511962608706848,0.3676468
B2A,73c083aefc.jpg,0.7691204637195466,0.35738185
B2A,73d0951809.jpg,0.708784158324565,0.480708
B2A,73d23b9664.jpg,0.7417384938680458,0.28781775
B2A,73e426eb88.jpg,0.6303197911424647,0.4262146
B2A,73eb34dde6.jpg,0.8417996860995197,0.4086245
B2A,73eed9e6c8.jpg,0.7419171537643433,0.33725148
B2A,73effc2726.jpg,0.7575382470106719,0.3321362
B2A,73f1c501ae.jpg,0.8052487652575191,0.44463843
B2A,73ffa6505c.jpg,0.7497287854433118,0.31362224
B2A,740e5eeb86.jpg,0.7684955843694039,0.5165702
B2A,74342f9fbe.jpg,0.8886455102947898,0.45856315
B2A,743d265ef2.jpg,0.7598347472853609,0.4282301
B2A,7444113e88.jpg,0.8192594910042689,0.3453143
B2A,7448a942f2.jpg,0.8617683735494339,0.28617123
B2A,7450949ae7.jpg,0.7533282025490525,0.3481083
B2A,745612e6f4.jpg,0.7636533167917433,0.39389
B2A,745d4137b7.jpg,0.8716638902231589,0.35042036
B2A,746f2cd1d2.jpg,0.8470756218195735,0.31265852
B2A,74875545e6.jpg,0.8271206904018794,0.3783656
B2A,748d5a0ab8.jpg,0.6825052044002331,0.331294
B2A,748e1a440c.jpg,0.7803946218848246,0.3123891
B2A,7491908057.jpg,0.7731154993094578,0.3346777
B2A,749222e6d6.jpg,0.6727350959317874,0.33768198
B2A,74a47c4bf0.jpg,0.8165914653249391,0.30481547
B2A,74a537f1c6.jpg,0.6791320369508593,0.35501993
B2A,74aea007fa.jpg,0.6272222093451735,0.39563584
B2A,74c1b398ad.jpg,0.8839184721974352,0.31899565
B2A,74cc091e10.jpg,0.6997060393723229,0.43443578
B2A,74d0ac959c.jpg,0.7181817644571941,0.30659562
B2A,74d406c90e.jpg,0.47856673341983463,0.29192996
B2A,74e1d0f495.jpg,0.7261295082141868,0.32737964
B2A,74f3bf7113.jpg,0.6803598287759519,0.41243607
B2A,74f3c01037.jpg,0.8206040597660743,0.33802605
B2A,74f46669b2.jpg,0.6157073798329551,0.47388238
B2A,7500111c43.jpg,0.7126172118727989,0.3181934
B2A,750111ec4f.jpg,0.8095463990629956,0.37894264
B2A,7504776c00.jpg,0.8899440432395621,0.24207556
B2A,750d38f7fb.jpg,0.7148588780775039,0.5854693
B2A,7517680fdc.jpg,0.6229976290029293,0.57188624
B2A,7524651de3.jpg,0.6895753669921547,0.34531656
B2A,7533dedc3a.jpg,0.735987252349044,0.32497954
B2A,7542d63fe4.jpg,0.7761377092081571,0.33845156
B2A,754324f8f4.jpg,0.6254817449652974,0.353863
B2A,7550e074f1.jpg,0.6615791483509929,0.4199847
B2A,7552fc948e.jpg,0.7628746940421001,0.4240302
B2A,7556df8481.jpg,0.6133888420249178,0.36629796
B2A,755af1c3a4.jpg,0.5991909841739249,0.44933045
B2A,7567cc9f18.jpg,0.817384555667779,0.31562752
B2A,756f63c794.jpg,0.7984868557938757,0.34440655
B2A,7571b0e8bb.jpg,0.8289476855865343,0.31645253
B2A,75720815fb.jpg,0.7619801068594082,0.5165184
B2A,7588e6d09e.jpg,0.7353717524055048,0.3133735
B2A,75942c4668.jpg,0.7805350666632648,0.39636344
B2A,7594f0f494.jpg,0.579804696367012,0.3114333
B2A,75979a026b.jpg,0.859030113366895,0.24586768
B2A,759dcb713c.jpg,0.6237032462552466,0.4122908
B2A,75aafd3f82.jpg,0.7686214483845657,0.40013382
B2A,75ae690a9b.jpg,0.747901887728008,0.39587957
B2A,75aeffdcf8.jpg,0.7084705317511604,0.4010616
B2A,75b200e2f2.jpg,0.7106979483299827,0.32992578
B2A,75c89b8f5e.jpg,0.7994513423028493,0.364468
B2A,75c92b7fca.jpg,0.7936345072153235,0.3270974
B2A,75ce72e60d.jpg,0.8835055199695131,0.2960726
B2A,761d963561.jpg,0.7717222396025205,0.33934832
B2A,7622bccb99.jpg,0.8154758945237888,0.34065753
B2A,76354e710e.jpg,0.5448300105756552,0.45814478
B2A,76461faf34.jpg,0.7679662119946564,0.37489963
B2A,7659aebdef.jpg,0.7423513951629248,0.41570976
B2A,7664753e1a.jpg,0.6185700538227563,0.36085778
B2A,76665f40b9.jpg,0.8448297520221958,0.42754197
B2A,7669df8ee6.jpg,0.8309382090135526,0.33053577
B2A,7679305237.jpg,0.8387835992885837,0.3555283
B2A,768650ced7.jpg,0.7875449176687569,0.5009291
B2A,7689871557.jpg,0.6931282615583386,0.29779303
B2A,768c95d325.jpg,0.6338128783087071,0.33705312
B2A,76916c1438.jpg,0.49555851771484405,0.41249758
B2A,76a03653aa.jpg,0.8152219495738708,0.37485784
B2A,76a510b033.jpg,0.746035132792126,0.42609707
B2A,76a75521fa.jpg,0.6252062747063826,0.4754672
B2A,76b398536a.jpg,0.7958969918145069,0.43064758
B2A,76c2eea825.jpg,0.8247963130938939,0.40558028
B2A,76ceecc865.jpg,0.6923302444021197,0.35456127
B2A,76edc30013.jpg,0.7180436600518073,0.49094415
B2A,76ef022161.jpg,0.8185224174573752,0.32951018
B2A,76f978fec2.jpg,0.7936584568461261,0.4852969
B2A,7703813883.jpg,0.6595322314130061,0.37614775
B2A,77102d5829.jpg,0.8647140126131648,0.48505914
B2A,7727666e8d.jpg,0.7908293306360581,0.39831686
B2A,772787cb7c.jpg,0.8567130275143134,0.25468376
B2A,7729898908.jpg,0.6710695094207165,0.54355264
B2A,774082dd9e.jpg,0.7827840643264624,0.28050393
B2A,77419070a6.jpg,0.7504058688331451,0.45917526
B2A,774f853b60.jpg,0.7406854408746223,0.37115523
B2A,7750286d66.jpg,0.7680277238488977,0.39112502
B2A,77573ba17e.jpg,0.8578915197110132,0.27904
B2A,7759594268.jpg,0.7279809985541373,0.43763238
B2A,776a168a2e.jpg,0.8133899432226949,0.33281064
B2A,776b0e0213.jpg,0.8107146879036607,0.33333313
B2A,776dbabcb1.jpg,0.8718951425386529,0.37951195
B2A,776e857956.jpg,0.8346731923286673,0.30016917
B2A,77740b1ba2.jpg,0.7341711551034924,0.36258972
B2A,777e0d9afc.jpg,0.6887350028402666,0.42300218
B2A,777f896f3b.jpg,0.7813003198106683,0.39387178
B2A,778a55d424.jpg,0.8258310353625997,0.37887794
B2A,77a2df3751.jpg,0.739487249994621,0.318586
B2A,77a6d1f419.jpg,0.6901858535501454,0.3724692
B2A,77b1ed8168.jpg,0.8304681716967917,0.28794506
B2A,77b8c928ae.jpg,0.7991653209185526,0.29184815
B2A,77c637c87c.jpg,0.7380141919596273,0.37908512
B2A,77c63d6765.jpg,0.7975399886369359,0.482546
B2A,77cc149318.jpg,0.6400272100274976,0.5037011
B2A,77d268dafa.jpg,0.7957791364447745,0.344734
B2A,77d27a89f3.jpg,0.814055779154963,0.4276012
B2A,77d554c049.jpg,0.7923174669448223,0.3627059
B2A,77d9910a45.jpg,0.8281910794505246,0.2789926
B2A,77dcb3f91c.jpg,0.7777712896861603,0.5103498
B2A,77e77fd4d9.jpg,0.7471538354093505,0.5147667
B2A,77e82445c9.jpg,0.7863854733999033,0.39222804
B2A,7801bb9581.jpg,0.5006801301548202,0.48360527
B2A,7805d03ce4.jpg,0.6984312671613511,0.35905945
B2A,7807bdaae8.jpg,0.7580368640293624,0.46607396
B2A,781764cd26.jpg,0.6025143413093177,0.46908206
B2A,78216eacbb.jpg,0.7361860043590184,0.37621146
B2A,78233f97ed.jpg,0.7641468263906933,0.3295731
B2A,7827929b12.jpg,0.6263391844988142,0.4641498
B2A,7828416c2b.jpg,0.7763530386665778,0.3552583
B2A,7838b0b023.jpg,0.8256741317962331,0.29616725
B2A,7870db5306.jpg,0.7700667342393261,0.27419093
B2A,7881e712fb.jpg,0.48345185186207484,0.45677543
B2A,7885b18fe7.jpg,0.7280925953164298,0.41856965
B2A,7885f87ccd.jpg,0.746481956996996,0.36030018
B2A,788782c439.jpg,0.6911962509882439,0.43347505
B2A,7888781c57.jpg,0.7599201585417348,0.39642477
B2A,788e9005c2.jpg,0.7825574072871404,0.46802762
B2A,78969b7789.jpg,0.7254079111797811,0.45328188
B2A,789c663ce2.jpg,0.782451824888648,0.29774278
B2A,789d474691.jpg,0.7175561925534606,0.38545614
B2A,789fe43c3b.jpg,0.7633108283981763,0.31444985
B2A,78b260b084.jpg,0.6527440351976598,0.3734214
B2A,78b3c9e843.jpg,0.7888052828596646,0.35753095
B2A,78b7b08af3.jpg,0.7469530599556217,0.38361335
B2A,78ba4238cb.jpg,0.8664946267544086,0.29469156
B2A,78ce4c4608.jpg,0.6077168736793526,0.23296408
B2A,78d517ae49.jpg,0.7243983804900855,0.41556665
B2A,78f2b2e678.jpg,0.7613484085527406,0.33014902
B2A,78f6992d04.jpg,0.6403331256011017,0.5687351
B2A,78fcba3055.jpg,0.8045006473546527,0.43335655
B2A,79109e8c61.jpg,0.7472862263629293,0.39078483
B2A,7913d3ab4b.jpg,0.6799603126630772,0.36851355
B2A,7926b2a5bd.jpg,0.6825519189237086,0.33717126
B2A,79419a7227.jpg,0.785760634296464,0.3207217
B2A,7965d8c651.jpg,0.695648268553891,0.41917238
B2A,796c7e723b.jpg,0.7876671547013508,0.31694746
B2A,79733e8783.jpg,0.7636473678115805,0.32182315
B2A,797adf61af.jpg,0.7941306815950673,0.3520413
B2A,797e703d91.jpg,0.6528597787827807,0.4331295
B2A,7980d5b29a.jpg,0.9076576466574087,0.28777122
B2A,7981b8e217.jpg,0.816313401889817,0.3929492
B2A,799d7e401d.jpg,0.6652471869920374,0.5033418
B2A,79a49efeb3.jpg,0.7670879469590471,0.31091696
B2A,79a5164707.jpg,0.8274359284160184,0.40002945
B2A,79ab6fdc8e.jpg,0.7706423584343144,0.32589316
B2A,79b9d8bfb5.jpg,0.7644216650317326,0.43522674
B2A,79c459542d.jpg,0.7900806073400718,0.39555377
B2A,79dc9b3fc8.jpg,0.8449380833374018,0.35502064
B2A,79dd5cd9b8.jpg,0.7858949584198751,0.39633656
B2A,79e4e783df.jpg,0.8199103905155707,0.2715126
B2A,79f08e8403.jpg,0.7842453712879973,0.43326262
B2A,7a06011cda.jpg,0.742033321991742,0.34442705
B2A,7a16ecde25.jpg,0.6203571992023516,0.40102348
B2A,7a21514dd6.jpg,0.6369486776375893,0.40537602
B2A,7a235d7c2e.jpg,0.7704069950022397,0.31367797
B2A,7a317ade8c.jpg,0.8040151741424507,0.34644717
B2A,7a384aae43.jpg,0.8217859005239367,0.37844893
B2A,7a41220ce3.jpg,0.7883799282921049,0.3805034
B2A,7a4248c339.jpg,0.8122478927403497,0.2990942
B2A,7a4936b4d3.jpg,0.7684813634617395,0.3112055
B2A,7a50f1f877.jpg,0.7655419924204357,0.36194465
B2A,7a672fc939.jpg,0.7290628401372715,0.27105728
B2A,7a67d01ecb.jpg,0.7862969939535216,0.33297217
B2A,7a790425a3.jpg,0.7458962685107645,0.33665183
B2A,7a7c8a41da.jpg,0.74429310909844,0.33076784
B2A,7a7c978501.jpg,0.6769293753754065,0.48907167
B2A,7a89081006.jpg,0.789290696123596,0.28873158
B2A,7a92dc3b48.jpg,0.7744006251912444,0.3368429
B2A,7a938425d7.jpg,0.5969591871970495,0.5099456
B2A,7a9c9957a2.jpg,0.8914687594505574,0.37548664
B2A,7adce96691.jpg,0.7195561746689567,0.42706847
B2A,7ade5f17b6.jpg,0.8685027585586547,0.5682586
B2A,7ae14d0df4.jpg,0.8188476635273819,0.37655094
B2A,7ae24e7c92.jpg,0.7263318867653009,0.4676193
B2A,7ae27065e4.jpg,0.5976405538203045,0.54107785
B2A,7aec020dba.jpg,0.6439770033630259,0.48886222
B2A,7aef765d7c.jpg,0.7837726410187147,0.26760235
B2A,7afb68c270.jpg,0.7187035977818986,0.3731837
B2A,7b2c14d64c.jpg,0.806680713440978,0.3966526
B2A,7b2df8fad8.jpg,0.6702162142741445,0.4576886
B2A,7b2e948dd2.jpg,0.8752154394096514,0.46623194
B2A,7b38a10760.jpg,0.7907962125253016,0.325392
B2A,7b3dcfc234.jpg,0.6789634662462503,0.329781
B2A,7b42fe0738.jpg,0.7530478966162748,0.39303356
B2A,7b4f952cda.jpg,0.897232783195616,0.29403543
B2A,7b563f3da5.jpg,0.7451819363339168,0.42698255
B2A,7b58d64ffe.jpg,0.6775713270485988,0.6235558
B2A,7b6c956002.jpg,0.8164919313219084,0.29107448
B2A,7b78d025c5.jpg,0.7912437100981806,0.49803275
B2A,7b7a60c254.jpg,0.7250387456683868,0.3738106
B2A,7b7def398f.jpg,0.766186228127048,0.35589904
B2A,7b8226f09f.jpg,0.7430031263525523,0.44793725
B2A,7b8bc9e046.jpg,0.685410902939672,0.46441627
B2A,7b8e783020.jpg,0.6367475854615525,0.47274268
B2A,7b95afc20a.jpg,0.7786722779068049,0.31663024
B2A,7b9b6563a7.jpg,0.809154099878429,0.349721
B2A,7bb4e1593a.jpg,0.5599686076591676,0.363042
B2A,7bb60f2e2d.jpg,0.6827157098944383,0.3806922
B2A,7bbd0f8f52.jpg,0.8701979635514122,0.39918572
B2A,7bc83c1b56.jpg,0.7250514865308063,0.24791664
B2A,7bdf9996ea.jpg,0.8208606687269858,0.37869033
B2A,7be0db443f.jpg,0.7587826853495206,0.40944073
B2A,7be0dc51f4.jpg,0.8120548051605568,0.34688956
B2A,7be0f69dcb.jpg,0.7831172441730863,0.3309592
B2A,7bf5288c2b.jpg,0.8173083420419431,0.3640506
B2A,7c008f564f.jpg,0.7289355218040713,0.3115379
B2A,7c0124f967.jpg,0.822078796720564,0.26728612
B2A,7c0461f641.jpg,0.7755985642778521,0.46408266
B2A,7c049eff70.jpg,0.8180049336876476,0.38905877
B2A,7c0c7a783b.jpg,0.6894319730893484,0.3895597
B2A,7c0d9a98f6.jpg,0.6608975043475273,0.5389018
B2A,7c10f3f57f.jpg,0.7859476699057536,0.4536628
B2A,7c1125ebeb.jpg,0.7222884625624586,0.340559
B2A,7c1218f676.jpg,0.6676207131904375,0.4885627
B2A,7c15235fb8.jpg,0.8294059348599413,0.35913137
B2A,7c156b004d.jpg,0.7105032837388394,0.38861203
B2A,7c1d7c9aa3.jpg,0.6948488903500761,0.32661995
B2A,7c1f2ef952.jpg,0.8353708222615975,0.31195438
B2A,7c1fcdc180.jpg,0.7772426403464027,0.40841788
B2A,7c25e34189.jpg,0.6665711822374465,0.37243074
B2A,7c384a7ede.jpg,0.7493322636870461,0.5021478
B2A,7c3b2c256c.jpg,0.6291115145177021,0.49239388
B2A,7c3ee3e388.jpg,0.630111564518262,0.30646965
B2A,7c3fbdac59.jpg,0.6705496592005845,0.3763433
B2A,7c4766fb03.jpg,0.8082835613345327,0.34687078
B2A,7c5d962322.jpg,0.8522132692190808,0.5070401
B2A,7c63c281ef.jpg,0.7543234927434723,0.3322154
B2A,7c68ca1865.jpg,0.800108418293068,0.38565928
B2A,7c68ccf32f.jpg,0.7124857369123957,0.45206127
B2A,7c6ab18691.jpg,0.5532304662505123,0.4646996
B2A,7c6cf5181a.jpg,0.7561136073529543,0.3390516
B2A,7c79a1e83e.jpg,0.6313364883896578,0.3735534
B2A,7c872ca222.jpg,0.6602571697863612,0.48358
B2A,7c955126e8.jpg,0.7101336994823692,0.47933835
B2A,7c9a4f10b2.jpg,0.7759852316704263,0.4050727
B2A,7c9af80795.jpg,0.796591895731972,0.39328724
B2A,7cb0522881.jpg,0.6306793232425468,0.44179362
B2A,7cb0db442a.jpg,0.861948909937284,0.4413042
B2A,7cb82fa990.jpg,0.7793636913327283,0.38721794
B2A,7cbf0363dd.jpg,0.7234503992899466,0.41523674
B2A,7cc41853c4.jpg,0.6353057885111886,0.32605845
B2A,7ccec75d11.jpg,0.7444912571882151,0.3027599
B2A,7cd2ad5db4.jpg,0.7546615838074302,0.35071182
B2A,7cd7629560.jpg,0.7201369613203935,0.4113911
B2A,7cda318854.jpg,0.7381145215905435,0.377335
B2A,7cdd5a8c97.jpg,0.6927105354025336,0.44336897
B2A,7ce956f84e.jpg,0.8622167899922155,0.3730126
B2A,7cf3257fe1.jpg,0.7387393568528416,0.28827155
B2A,7cf972ca4e.jpg,0.6644703495647878,0.39075428
B2A,7d0b63d4d1.jpg,0.8128166287539129,0.36574617
B2A,7d11bc4bb1.jpg,0.866113243886306,0.37854332
B2A,7d14ae2c83.jpg,0.7690109273432677,0.5508553
B2A,7d1867e979.jpg,0.7163292173784325,0.3441951
B2A,7d33e5e3ac.jpg,0.7925903538801468,0.2488207
B2A,7d3556655c.jpg,0.6750777138027148,0.38756132
B2A,7d438b5b3e.jpg,0.8118749580959517,0.40000394
B2A,7d4e10f395.jpg,0.8262127534722945,0.3231368
B2A,7d65234f6f.jpg,0.6194387814484135,0.47302914
B2A,7d696fbb2f.jpg,0.7178999558292906,0.48585284
B2A,7d6dc43485.jpg,0.8216583026388457,0.3631655
B2A,7d71d359f0.jpg,0.7939256881868337,0.34205937
B2A,7d72c4ba28.jpg,0.8032822873273346,0.42853504
B2A,7d7556d1dd.jpg,0.8029577975449564,0.38308465
B2A,7d7d58cea7.jpg,0.599427844210074,0.5690137
B2A,7d8abbfdbd.jpg,0.7215479791840534,0.48959836
B2A,7d940c442d.jpg,0.8062956159922511,0.39411646
B2A,7d95240653.jpg,0.7800019163457008,0.412947
B2A,7da4680104.jpg,0.7769010597491888,0.3608487
B2A,7db236abe0.jpg,0.61169586570547,0.4870425
B2A,7dca327fe8.jpg,0.8134520819694926,0.42744163
B2A,7dcb0d04e3.jpg,0.745830132860385,0.47123387
B2A,7dd8b4a45b.jpg,0.5182701120577596,0.4298096
B2A,7de01293ea.jpg,0.6738057572666023,0.38659734
B2A,7dfb072885.jpg,0.751261052244594,0.33016014
B2A,7e2519dcf1.jpg,0.5786336726983005,0.41482058
B2A,7e26c9f22d.jpg,0.8328823553012261,0.3069895
B2A,7e2ad883dd.jpg,0.7407049420397279,0.39840654
B2A,7e2e2533ee.jpg,0.8336071730597683,0.33321828
B2A,7e304fd432.jpg,0.6228463308949892,0.26696938
B2A,7e37685707.jpg,0.7265261606114229,0.32921803
B2A,7e3c9753d2.jpg,0.6986121356781225,0.38348913
B2A,7e6b458841.jpg,0.839080839739545,0.35051548
B2A,7e77e7ff01.jpg,0.8921675046690775,0.40761387
B2A,7e83030c67.jpg,0.8582977607511206,0.37049687
B2A,7e838e4c19.jpg,0.6605647984541799,0.48895577
B2A,7e889d8813.jpg,0.6580987797679196,0.38479003
B2A,7e8e158ba5.jpg,0.7305583435713734,0.45877355
B2A,7e91553d4c.jpg,0.7694893596343324,0.43575326
B2A,7e947e8473.jpg,0.6334778823975247,0.51943725
B2A,7ea12ecf5b.jpg,0.6478602294900513,0.31599015
B2A,7ea8555873.jpg,0.5261788447476118,0.53338003
B2A,7eb9a0d805.jpg,0.70148205735351,0.5764939
B2A,7ebc0b2351.jpg,0.690387449786871,0.34819674
B2A,7ebcd7c679.jpg,0.6182199034887065,0.45757776
B2A,7ec20e8b9a.jpg,0.6507874355261295,0.36885667
B2A,7ede634def.jpg,0.639776756369408,0.49348563
B2A,7edf7ca60d.jpg,0.6280314420895562,0.66033083
B2A,7ef4f1446b.jpg,0.7714046785021368,0.37660336
B2A,7f019e5373.jpg,0.824192175557021,0.38035437
B2A,7f02d9fa8f.jpg,0.6636899499063823,0.50829107
B2A,7f12c1cca1.jpg,0.7316600731590376,0.33675694
B2A,7f299427bb.jpg,0.66377000812286,0.37285
B2A,7f324200d3.jpg,0.7051621468371807,0.41524726
B2A,7f43e66a43.jpg,0.7690447314710622,0.43479204
B2A,7f4e8f04c5.jpg,0.6677829007175676,0.54568124
B2A,7f59dbd120.jpg,0.876161065307443,0.34535772
B2A,7f60fd12e1.jpg,0.7730617815239251,0.28877646
B2A,7f640e04dc.jpg,0.6350683302334545,0.36754483
B2A,7f78a7aa8c.jpg,0.8124734188475914,0.36711538
B2A,7f7f9dcc20.jpg,0.8677929069445467,0.24877249
B2A,7f9ac1520f.jpg,0.6800965946277496,0.3322525
B2A,7fa151a456.jpg,0.645156433286676,0.36968482
B2A,7fa2d1f946.jpg,0.6879109933572077,0.36738497
B2A,7fa318179b.jpg,0.707607771900136,0.39334613
B2A,7fa6e56ff7.jpg,0.8204791835252158,0.389701
B2A,7fb0f42377.jpg,0.7218208275343623,0.41603017
B2A,7fb171451a.jpg,0.5915596475992533,0.5437611
B2A,7fb1cad955.jpg,0.672805058721599,0.2872522
B2A,7fb9eff147.jpg,0.7879760166641341,0.3753459
B2A,7fc9c15d6c.jpg,0.7149955438001206,0.31369463
B2A,7fd24aaafe.jpg,0.7442542112417058,0.5124671
B2A,7fe10b4018.jpg,0.8464074611220809,0.352034
B2A,7fe3df6004.jpg,0.6906574329233817,0.3626298
B2A,7ff003370d.jpg,0.6206993167832898,0.39326066
B2A,7ff8dfa2ee.jpg,0.7766478320512933,0.5318819
B2A,7ffc13fa6c.jpg,0.6979622592195848,0.4889872
B2A,80056780a6.jpg,0.8230484958565061,0.3418439
B2A,802eeb0575.jpg,0.8144480100403709,0.33235994
B2A,803918db32.jpg,0.8568496737251506,0.35373762
B2A,803cdfa30d.jpg,0.737868329045317,0.49151868
B2A,8040facbe6.jpg,0.7508849943897554,0.3962262
B2A,80504a22b9.jpg,0.783300450248302,0.5035348
B2A,805cc692e2.jpg,0.5222555624461932,0.40781784
B2A,805d252a48.jpg,0.8732156772347752,0.3764682
B2A,806723cc78.jpg,0.8008873355630569,0.28120893
B2A,806806cb9a.jpg,0.6948159694625279,0.53328764
B2A,806bcffeb8.jpg,0.809033197497069,0.33804268
B2A,807412a8c6.jpg,0.7710091664457167,0.49865374
B2A,80ae498dc4.jpg,0.6866391228578635,0.37687182
B2A,80bdb3ebb3.jpg,0.8939191164865727,0.2814179
B2A,80c662984e.jpg,0.5921056420262341,0.433013
B2A,80c7bd98c6.jpg,0.8682283505812984,0.29260504
B2A,80cb714bef.jpg,0.813487696146455,0.7644491
B2A,80e9db68d7.jpg,0.7442481547969388,0.45669776
B2A,80f21f8d80.jpg,0.6954178575465135,0.35616347
B2A,80f94c28a2.jpg,0.7154016663909554,0.4508402
B2A,80f9a9d388.jpg,0.5693378468945016,0.5007018
B2A,8101ece7f2.jpg,0.7189345245776443,0.32953215
B2A,8102f2aa02.jpg,0.8506834695651981,0.2996311
B2A,8107391f58.jpg,0.7137221511655376,0.39150724
B2A,81167cf39f.jpg,0.8459225139307495,0.33383566
B2A,811d974e6d.jpg,0.7519738561324973,0.42190304
B2A,811f8878b8.jpg,0.7459546666377762,0.49682075
B2A,81212b5fb3.jpg,0.7822814030440616,0.44276327
B2A,812c304d83.jpg,0.6810838500516921,0.45305932
B2A,81389aa2a9.jpg,0.7834887498985471,0.33768874
B2A,81598667e6.jpg,0.7522702792232938,0.348729
B2A,8159e774de.jpg,0.7379497770661361,0.47578797
B2A,815a938f69.jpg,0.7392861997846536,0.28767195
B2A,815ab85a6e.jpg,0.7133516881764412,0.389871
B2A,816320a79c.jpg,0.7167108705178721,0.5088926
B2A,816941fe05.jpg,0.8159191190810791,0.34995657
B2A,816cf329c2.jpg,0.811902454092866,0.323871
B2A,8173072883.jpg,0.6183477587033097,0.40948915
B2A,817699d6f7.jpg,0.8514571100906616,0.34569082
B2A,8178110f5e.jpg,0.692195684189044,0.34605753
B2A,8195d86c30.jpg,0.8707905167227257,0.3507039
B2A,819ced9dae.jpg,0.8636596954614044,0.31782335
B2A,81a3f846ba.jpg,0.9219740394857566,0.40172642
B2A,81a5890567.jpg,0.5866200599772947,0.36218184
B2A,81ac7dcf8c.jpg,0.7102212096194165,0.32811892
B2A,81acc80772.jpg,0.7243534085279,0.3653863
B2A,81c035fb44.jpg,0.8412922718871935,0.404532
B2A,81c57f7151.jpg,0.6509648456895449,0.4723901
B2A,81ce13c3df.jpg,0.7782674192455277,0.3892636
B2A,81da4f11ed.jpg,0.6966472700715556,0.3323766
B2A,81ea0e81ce.jpg,0.7838166106143745,0.37143582
B2A,81ed4d9ff3.jpg,0.6135082111253973,0.40434685
B2A,81fb53e37a.jpg,0.4507581389593097,0.4373773
B2A,81ff0aefc6.jpg,0.7155404447176474,0.34892464
B2A,82040426b5.jpg,0.7592002946919485,0.5536321
B2A,8220d80950.jpg,0.706836102512578,0.4963048
B2A,822552115b.jpg,0.7458122518780591,0.29739532
B2A,822947ecb1.jpg,0.7041998175220447,0.33697754
B2A,82367ab4d2.jpg,0.6858678797790791,0.42688727
B2A,8248de6066.jpg,0.5940240253683118,0.43665656
B2A,824bed3f95.jpg,0.8656356395068979,0.3332154
B2A,82634a2ae8.jpg,0.7839436995367163,0.3565247
B2A,82693740f1.jpg,0.5677199140977018,0.6286431
B2A,8277fe2e16.jpg,0.6111786554695136,0.4217678
B2A,827d49d009.jpg,0.8737186425732582,0.28653222
B2A,8296beac40.jpg,0.8646858864396069,0.3093442
B2A,829836a509.jpg,0.6747090332137585,0.5232283
B2A,8298b9a8d8.jpg,0.6641855671116873,0.41115767
B2A,829903c6c6.jpg,0.7348148302198884,0.4464618
B2A,82af83a14d.jpg,0.6587194378395175,0.32629222
B2A,82b669c385.jpg,0.7424804062634129,0.37306276
B2A,82bef71a05.jpg,0.5606041999818028,0.33511984
B2A,82c327e9d4.jpg,0.6702773606803006,0.5040316
B2A,82decad964.jpg,0.6667887399490908,0.45336637
B2A,82e260b45d.jpg,0.8577828872508255,0.2714605
B2A,82e41780fb.jpg,0.5755322336015635,0.49737063
B2A,82e82a8357.jpg,0.7392783059438973,0.32117492
B2A,82eed08641.jpg,0.8039759176944274,0.35903096
B2A,82f5266958.jpg,0.7782542993116401,0.43990406
B2A,82fcbee767.jpg,0.725731006656902,0.30522174
B2A,8304fdf299.jpg,0.8518101986504157,0.3667909
B2A,830926071b.jpg,0.7326682869853031,0.4650119
B2A,8309cebb11.jpg,0.8799262640677212,0.24732035
B2A,830d6a9af8.jpg,0.7838373600754222,0.3988166
B2A,8310e4a528.jpg,0.6812576670944046,0.37186655
B2A,831831cd60.jpg,0.5846377053004362,0.5923182
B2A,833684a09f.jpg,0.8220025900648561,0.33058742
B2A,8340918985.jpg,0.8600971291296291,0.3003131
B2A,834324b28d.jpg,0.6428783497928701,0.49639708
B2A,834d25dc3a.jpg,0.6253993138657581,0.39410675
B2A,835bec911b.jpg,0.7904911362509396,0.3956317
B2A,8369977ac5.jpg,0.8422928378444878,0.30147812
B2A,8371a80fc5.jpg,0.8149286465861625,0.31621018
B2A,838707bb83.jpg,0.6150207139199205,0.59032476
B2A,83871aecf1.jpg,0.8911774155535116,0.33851638
B2A,839167629f.jpg,0.7739359473689537,0.33735743
B2A,8399fa40c0.jpg,0.8643169306960905,0.3841482
B2A,83a22608d9.jpg,0.6106800355074106,0.40344444
B2A,83b450115e.jpg,0.7654296348516224,0.24912989
B2A,83b513a9f5.jpg,0.7475575707352605,0.2826957
B2A,83b5cb7823.jpg,0.8745829677736257,0.30000055
B2A,83ca4e5d68.jpg,0.8117542472434559,0.42059976
B2A,83cf828aa6.jpg,0.7745637525641738,0.46470857
B2A,83d2597f51.jpg,0.6984534943674318,0.2828823
B2A,83e571e3af.jpg,0.6533093233142998,0.38596332
B2A,83e9d62ff0.jpg,0.6920198676808228,0.46189117
B2A,83ed90d1d7.jpg,0.7783705794692728,0.3382147
B2A,83f5024bcd.jpg,0.798203525495886,0.3424867
B2A,83f55b4d2e.jpg,0.7719327375042216,0.39909682
B2A,83f5a65548.jpg,0.8562791996826318,0.2748298
B2A,83f6286883.jpg,0.5506433454989003,0.58401114
B2A,8400927e5f.jpg,0.8741779875529448,0.28545663
B2A,840a22679d.jpg,0.7020880751258611,0.39258587
B2A,8410764670.jpg,0.7849026037336416,0.3113881
B2A,8417b9ba5d.jpg,0.6773945349336,0.41830432
B2A,842796e8dd.jpg,0.818458785388339,0.33599138
B2A,84356275c7.jpg,0.8063124563006978,0.41342494
B2A,843b6f2a18.jpg,0.8612304956077167,0.5297349
B2A,843d7a0966.jpg,0.6434483654641249,0.43688518
B2A,843f66f77e.jpg,0.7845815260877268,0.43271416
B2A,84484a24e0.jpg,0.7365562196393778,0.47580403
B2A,84553b740b.jpg,0.7944452638475622,0.3994448
B2A,84637eb98b.jpg,0.8582726787646121,0.27461
B2A,8474d317e3.jpg,0.6805857179354049,0.47767138
B2A,847da6b705.jpg,0.6534987011423095,0.45728722
B2A,8480e5bae2.jpg,0.8687242966858764,0.4120872
B2A,849b958fa3.jpg,0.8083750457745796,0.34758544
B2A,849d054ce5.jpg,0.8176594910016785,0.4373392
B2A,84acf0ee3f.jpg,0.7667868268721184,0.54434115
B2A,84c2400c39.jpg,0.716969344514935,0.32587728
B2A,84c4d10f39.jpg,0.8320045011633633,0.31034976
B2A,84cae20e39.jpg,0.7362937962635621,0.36933228
B2A,84cb45938b.jpg,0.7762257541975478,0.5166552
B2A,84cd781c32.jpg,0.7329508709888569,0.39165595
B2A,84dad4b872.jpg,0.7989478984772708,0.4644169
B2A,84df271806.jpg,0.6661569272921211,0.47179657
B2A,84ee633e7a.jpg,0.8384451915753713,0.30338147
B2A,84f1a78c0a.jpg,0.6979842197591841,0.47639138
B2A,84f5b38537.jpg,0.7372955911718532,0.40651524
B2A,84fd2747e7.jpg,0.7757404398712376,0.35527858
B2A,85011baf6a.jpg,0.6588774838727965,0.5649114
B2A,850cb18db0.jpg,0.8066779258068759,0.41094008
B2A,8511eb45e8.jpg,0.7988545114489218,0.40167695
B2A,851c2742d9.jpg,0.7367609957232574,0.25881103
B2A,8526c7d445.jpg,0.6357092545996134,0.50674224
B2A,852771e943.jpg,0.7494779109292895,0.49066082
B2A,8527919cc8.jpg,0.6986265523915673,0.6135593
B2A,852ced6303.jpg,0.8771589240834379,0.32341033
B2A,85377f86af.jpg,0.5697575929492361,0.39222065
B2A,8562b1ef80.jpg,0.7291368325187284,0.38159454
B2A,8565668373.jpg,0.7709671341668154,0.393947
B2A,8574055650.jpg,0.7673808945919409,0.37382862
B2A,8576320b13.jpg,0.7077115906621315,0.43874663
B2A,8584d4b75f.jpg,0.5371027966046945,0.34300604
B2A,8593b23e01.jpg,0.7501153666364572,0.38034493
B2A,8597aec3c1.jpg,0.7066730474168376,0.5405166
B2A,8598af15a5.jpg,0.7805881198633794,0.45097157
B2A,85b3353572.jpg,0.8176445143637733,0.25633574
B2A,85d1493cb9.jpg,0.7829398429980999,0.41896495
B2A,85d4c7d44e.jpg,0.8406018021083939,0.33141467
B2A,860986c993.jpg,0.7985431092675198,0.28171042
B2A,8609912dd5.jpg,0.8337543900476585,0.33393684
B2A,8610a242cf.jpg,0.6041440653350382,0.5535407
B2A,86146960bc.jpg,0.5274433508462587,0.5834161
B2A,86149e3c8a.jpg,0.8617184364376735,0.3403756
B2A,8623f11b69.jpg,0.8261972866189577,0.35783547
B2A,8635c1c560.jpg,0.77566716720123,0.2478064
B2A,8656e512bc.jpg,0.5808202501054219,0.39170069
B2A,866ca5455c.jpg,0.6978020848996114,0.51748693
B2A,8676768de2.jpg,0.7893827491238726,0.39166826
B2A,86777200f8.jpg,0.7575652691538981,0.41778326
B2A,868b7d7c85.jpg,0.8065758496809262,0.38626775
B2A,868fdaaa01.jpg,0.6914414521538872,0.39406192
B2A,86913ad2d6.jpg,0.7714622281295779,0.2529225
B2A,869e7e9177.jpg,0.8605324167474537,0.39291027
B2A,869f7517fb.jpg,0.8965863483891798,0.43034062
B2A,86a8147985.jpg,0.6204713831372841,0.5504693
B2A,86b0a365e5.jpg,0.6837393684068679,0.36745027
B2A,86c26de778.jpg,0.8387747845294359,0.28325224
B2A,86c699eff0.jpg,0.847615452808677,0.37529895
B2A,86cb9f2483.jpg,0.7610299820182388,0.33917522
B2A,86d8a1d9ba.jpg,0.7706090064076072,0.42121094
B2A,86e66ceaf1.jpg,0.736419630099484,0.45626915
B2A,86ecbea286.jpg,0.7492143432606952,0.5256375
B2A,86f8a2e90f.jpg,0.6607050766522613,0.42482072
B2A,86f9aceace.jpg,0.6603855660278909,0.3836853
B2A,87016c0800.jpg,0.6217160907495267,0.43526378
B2A,8705ef9d26.jpg,0.6893466389892764,0.4589972
B2A,87139410be.jpg,0.7401808480475883,0.35529134
B2A,8728db54dc.jpg,0.6851346529642544,0.2850101
B2A,8738881ad2.jpg,0.743455754186018,0.36029184
B2A,873e430467.jpg,0.676136522864226,0.3666884
B2A,87483aa57b.jpg,0.9064142286922948,0.4818533
B2A,875b07f673.jpg,0.7342168944112303,0.35114926
B2A,87673f1feb.jpg,0.7263881205996015,0.45836407
B2A,877501f570.jpg,0.7801909721407686,0.40683514
B2A,8783576bd7.jpg,0.7908730911499692,0.37101164
B2A,878f3c49e1.jpg,0.7320319951709505,0.3466667
B2A,8795783436.jpg,0.6045269831312378,0.28814113
B2A,87991ccf48.jpg,0.8235970019344832,0.48347038
B2A,87a4e88d93.jpg,0.5365153980179871,0.3857141
B2A,87a97f497a.jpg,0.7651063429938972,0.35074675
B2A,87cc143c4d.jpg,0.6918339930298602,0.4238605
B2A,87cdccc1ec.jpg,0.7659189134915356,0.27246958
B2A,87dbe31f97.jpg,0.5205222431341507,0.3255276
B2A,87dec6234c.jpg,0.6704483868275952,0.3761008
B2A,87e1ce5b0e.jpg,0.8138341167277924,0.35581076
B2A,87e821d849.jpg,0.8067818272967564,0.31967306
B2A,87edc083e0.jpg,0.657004588158397,0.49302346
B2A,87f1d5e9a7.jpg,0.6432552399818409,0.33602437
B2A,8802d98b14.jpg,0.7477789439302094,0.3662488
B2A,8802f617cf.jpg,0.7225042013154647,0.49286708
B2A,8803b67dfb.jpg,0.6112042970419809,0.4762174
B2A,880c9f0f1c.jpg,0.7413585796706857,0.294872
B2A,880e0f6c15.jpg,0.8968219115896073,0.285565
B2A,880f24ca7d.jpg,0.7805571813693201,0.44675604
B2A,881359fdc7.jpg,0.75705548887356,0.37218273
B2A,882ad01587.jpg,0.6808084338432224,0.2588546
B2A,882d8f1a40.jpg,0.8436349984287943,0.34246874
B2A,882fc1371a.jpg,0.7991957928211808,0.44836417
B2A,8833519aba.jpg,0.6345031918611939,0.4922874
B2A,883cda372c.jpg,0.8916366628390122,0.4532435
B2A,884d210d61.jpg,0.5857760405340899,0.3977295
B2A,88536f79ce.jpg,0.7103734955367853,0.39370418
B2A,885e53b9d5.jpg,0.7107151391934137,0.44270444
B2A,8868ba6b14.jpg,0.7395498953759478,0.38011527
B2A,888af43803.jpg,0.6676724172867088,0.39208797
B2A,88985ea668.jpg,0.7817143144689791,0.30154836
B2A,88a1e7af18.jpg,0.7976467560126731,0.39214617
B2A,88b06853f1.jpg,0.7508993483899974,0.30496615
B2A,88bd59eca7.jpg,0.7916960516920746,0.25333154
B2A,88c8c49c36.jpg,0.7575364874563643,0.34583884
B2A,88ca143dc7.jpg,0.7924389517983739,0.5070281
B2A,88d3d38aed.jpg,0.6019652897699501,0.26023704
B2A,88eced0e8e.jpg,0.7398445136516315,0.36073092
B2A,88f733fe78.jpg,0.6630278421804753,0.4027302
B2A,8914946e64.jpg,0.757644606826264,0.40223962
B2A,891913c343.jpg,0.788524295673777,0.24137762
B2A,8936c9c89c.jpg,0.7520072668005721,0.413332
B2A,893f5b62a6.jpg,0.5732422585708651,0.49483496
B2A,89578c6353.jpg,0.7880699667948491,0.4311889
B2A,8973eff964.jpg,0.762915679068254,0.39959237
B2A,898a35149a.jpg,0.7926641512268717,0.35592246
B2A,899b7f7521.jpg,0.6928423794804407,0.41537708
B2A,899e306a16.jpg,0.7181510481351963,0.2691384
B2A,899f4a9c68.jpg,0.5834085698269689,0.3592996
B2A,89ab7af8ec.jpg,0.8837846045915136,0.30891553
B2A,89b5450ec4.jpg,0.8256114578605702,0.3060487
B2A,89c7dcd73a.jpg,0.7668334632791381,0.3887078
B2A,89ce60258b.jpg,0.7730894421419519,0.49403933
B2A,89deacf521.jpg,0.7443803756640873,0.42822602
B2A,8a01bb88d9.jpg,0.7014068860406293,0.425114
B2A,8a09c3fbff.jpg,0.6077711209054363,0.40896145
B2A,8a0d049fdb.jpg,0.7982959443360786,0.3219134
B2A,8a38d33eb9.jpg,0.7822451765903101,0.2444314
B2A,8a4c8c7581.jpg,0.7552046154298071,0.45490324
B2A,8a68577ae9.jpg,0.6643865381834209,0.5106705
B2A,8a6a134b6e.jpg,0.7806745429165778,0.32109562
B2A,8a6a17661a.jpg,0.8227577725378442,0.3110842
B2A,8a6f40ebc6.jpg,0.7144156795335035,0.5790232
B2A,8a70493b60.jpg,0.7819268370068341,0.38526028
B2A,8a7c211597.jpg,0.7655889878100596,0.4622218
B2A,8a8801feb9.jpg,0.7278567726745203,0.46189618
B2A,8a935bef79.jpg,0.7786739354773546,0.40282804
B2A,8a987f711b.jpg,0.7645711053066491,0.34844953
B2A,8a9d3ff7fa.jpg,0.7325618052948787,0.4482266
B2A,8ab1eaa5f0.jpg,0.6611444786316789,0.43026492
B2A,8ae4265cd3.jpg,0.8704331251044763,0.32690662
B2A,8ae8564344.jpg,0.7299465896684081,0.42691556
B2A,8af0546eb3.jpg,0.8423904333657066,0.51938903
B2A,8af291a241.jpg,0.7222992071708586,0.53584856
B2A,8afd46824b.jpg,0.8290809088963982,0.41265222
B2A,8afd5933d9.jpg,0.8847491314836118,0.27100867
B2A,8b10c7ce5b.jpg,0.8217349998729777,0.36004633
B2A,8b34d93323.jpg,0.7157070873974726,0.55870575
B2A,8b3830949d.jpg,0.7918044081707983,0.4955929
B2A,8b3fb4a823.jpg,0.8548242879623908,0.30889472
B2A,8b41c19587.jpg,0.6480479074381567,0.5493701
B2A,8b4acbb780.jpg,0.7862021370459145,0.37227687
B2A,8b554cd034.jpg,0.723869412679635,0.32574522
B2A,8b62a7dd7a.jpg,0.6607924481311547,0.35037348
B2A,8b641a3afe.jpg,0.6731884825970879,0.39176434
B2A,8b6a8bf9f6.jpg,0.7241608163800736,0.4796558
B2A,8b6dd12ee0.jpg,0.6334075282604692,0.46475
B2A,8b6f332ed2.jpg,0.7784897086345659,0.2984394
B2A,8b85d214a5.jpg,0.7162792123870231,0.34349978
B2A,8b8987492f.jpg,0.5794230843909459,0.43971813
B2A,8b8fc600dc.jpg,0.7593808151116342,0.48708615
B2A,8b997cbee6.jpg,0.6471659915123329,0.5545626
B2A,8bb6428221.jpg,0.6420437802700248,0.30913264
B2A,8bb91472c8.jpg,0.88692754964943,0.32515597
B2A,8be1dad77a.jpg,0.7530088085269077,0.31531203
B2A,8be3f02dae.jpg,0.7006835405904723,0.42202374
B2A,8be8d9c7fe.jpg,0.8612884920161323,0.26777524
B2A,8bf1c2db03.jpg,0.8624127396388551,0.2950178
B2A,8bfb3ef6f7.jpg,0.7762771914023784,0.36493534
B2A,8bfc8d6970.jpg,0.8381311788317092,0.2968842
B2A,8c03f9790e.jpg,0.7547711976368442,0.4489489
B2A,8c1f68d7c0.jpg,0.6451401568595381,0.5189301
B2A,8c2dcd04ce.jpg,0.6001680946903727,0.32335657
B2A,8c38df7eda.jpg,0.7538354701340813,0.35391885
B2A,8c39fccc0c.jpg,0.8106889478821142,0.4158232
B2A,8c3f71bb3d.jpg,0.8242329226304773,0.42497438
B2A,8c5385298d.jpg,0.6260900401145646,0.30982846
B2A,8c56566f1b.jpg,0.7378885088414939,0.4658578
B2A,8c58319212.jpg,0.7591606184307691,0.30824068
B2A,8c587af1d9.jpg,0.7568840430059303,0.3026843
B2A,8c59a24ec4.jpg,0.7465869405159825,0.3723755
B2A,8c69c81d62.jpg,0.8193798917407727,0.6915654
B2A,8c6fe9b698.jpg,0.6197717808684639,0.37322703
B2A,8c7de9cb64.jpg,0.8022079420915045,0.27604285
B2A,8c81e05b8b.jpg,0.6898613490231664,0.38478786
B2A,8c8961cabb.jpg,0.7396941110144082,0.4532977
B2A,8c967453de.jpg,0.7900998535362583,0.3981386
B2A,8c97b5d5f3.jpg,0.7249117218109022,0.42897063
B2A,8c98a42872.jpg,0.8199984139538463,0.2996487
B2A,8c9b7944d9.jpg,0.5958216034543676,0.41465688
B2A,8c9da54f5e.jpg,0.8447236283040499,0.38391358
B2A,8cbb7fead2.jpg,0.7682148028536768,0.3798919
B2A,8cc036746a.jpg,0.8046205524231447,0.31869978
B2A,8cc1fedf0f.jpg,0.5296078282229079,0.5710284
B2A,8ccb1f6067.jpg,0.7108573529017621,0.30460855
B2A,8cefb5476f.jpg,0.70126799154398,0.40505576
B2A,8cf1ff221a.jpg,0.7378232058171111,0.2919773
B2A,8cf3dc8532.jpg,0.6381222132043676,0.48561764
B2A,8d05da85a2.jpg,0.7324327541101532,0.48061642
B2A,8d1d0c152a.jpg,0.7862559673943963,0.3845635
B2A,8d297a6fba.jpg,0.5553139405154661,0.5315698
B2A,8d373e4f08.jpg,0.6759484257240715,0.41213876
B2A,8d395f773d.jpg,0.8472259402729153,0.33195418
B2A,8d398d8077.jpg,0.6784803859958369,0.5220429
B2A,8d4d305053.jpg,0.784520578684739,0.33380914
B2A,8d511d593a.jpg,0.7130434809894627,0.45766926
B2A,8d7cc55987.jpg,0.8128666022509439,0.38116923
B2A,8d8535b155.jpg,0.7798455500124127,0.29122394
B2A,8d868ee80d.jpg,0.5571590822337663,0.5033395
B2A,8d8cf10470.jpg,0.7014710475121589,0.4555572
B2A,8da436b074.jpg,0.7649698738390011,0.5655828
B2A,8dac996304.jpg,0.5499307716862538,0.5056246
B2A,8db1c9c782.jpg,0.7644483872810773,0.37086767
B2A,8de4267ea0.jpg,0.6135038996003801,0.3901675
B2A,8defb17876.jpg,0.6528347156791486,0.27776682
B2A,8dfd4b4562.jpg,0.7982892310624897,0.36716622
B2A,8e042bb3e6.jpg,0.7380042114067276,0.40910172
B2A,8e1472c0ac.jpg,0.7804763449980624,0.5977926
B2A,8e19cd143b.jpg,0.6843649111353617,0.6038547
B2A,8e218bbeee.jpg,0.8011624466779672,0.271011
B2A,8e27c58e8b.jpg,0.8457935639167917,0.40208164
B2A,8e27cd8afb.jpg,0.7535873755175044,0.34394115
B2A,8e30baf5ae.jpg,0.7896129396905521,0.29200163
B2A,8e3b41a3a0.jpg,0.8182106401207965,0.31101733
B2A,8e3fd7ff09.jpg,0.6642747974801121,0.3745528
B2A,8e51d5867f.jpg,0.7496142334765039,0.46482107
B2A,8e6e5f8078.jpg,0.5727646144434615,0.39767414
B2A,8e79534b0c.jpg,0.6882985691700206,0.4324913
B2A,8e876bd586.jpg,0.8422849637564513,0.34612167
B2A,8e95ef6636.jpg,0.7896789477505198,0.46237275
B2A,8ea3121111.jpg,0.5260000046695568,0.4782142
B2A,8ea33353d8.jpg,0.8545607325792637,0.40413532
B2A,8eabde45df.jpg,0.8125684723670469,0.43374917
B2A,8eaf38146d.jpg,0.6950381975019938,0.37582594
B2A,8ebecab630.jpg,0.7482706941862942,0.36913273
B2A,8ec934ab7a.jpg,0.6803404073066381,0.35013717
B2A,8ed9adc2f8.jpg,0.776089146883922,0.50652915
B2A,8edfe6d708.jpg,0.7340634128575264,0.46530607
B2A,8ee24544da.jpg,0.7618860309820383,0.37406743
B2A,8ef3c11446.jpg,0.6735497473026226,0.29663765
B2A,8ef6d21430.jpg,0.7824025579141092,0.4555797
B2A,8ef84910a6.jpg,0.8376200160055822,0.38532615
B2A,8f0403e2cf.jpg,0.7890479038836266,0.39064917
B2A,8f0aa160cb.jpg,0.8559500363633861,0.37838194
B2A,8f250ece01.jpg,0.8821929241249129,0.44178686
B2A,8f2af16e7b.jpg,0.7497576203631364,0.3083011
B2A,8f3be0fbeb.jpg,0.7763456772394404,0.42873082
B2A,8f564a0a48.jpg,0.8120747572801276,0.3514368
B2A,8f59672761.jpg,0.7436416921998076,0.3994704
B2A,8f62691292.jpg,0.8268065395313011,0.33940092
B2A,8f651ee326.jpg,0.7056541963110661,0.38080764
B2A,8f67825151.jpg,0.5841769295139162,0.41281387
B2A,8f6daedb85.jpg,0.8266005632771994,0.42136762
B2A,8f78274408.jpg,0.6741623374435753,0.3213187
B2A,8f7bb4da8c.jpg,0.8214271708845083,0.4017933
B2A,8f8bdab0d3.jpg,0.8526647250091696,0.26171702
B2A,8f9c1bf59c.jpg,0.763814398553959,0.42310777
B2A,8f9cc89fc1.jpg,0.7630285103147421,0.42312944
B2A,8fa21cc3ae.jpg,0.8342553520452473,0.37738553
B2A,8fbd39a41f.jpg,0.7601181686976145,0.2958297
B2A,8fbfe7bc3e.jpg,0.5732359647429794,0.42101762
B2A,8fc153c94e.jpg,0.8672344098972684,0.3450108
B2A,8fc1a3d804.jpg,0.8477227801976669,0.41299486
B2A,8fc60f7bef.jpg,0.6697144422604251,0.5151292
B2A,8fc6680c4a.jpg,0.7097304778644012,0.50464207
B2A,8fc9fce9f2.jpg,0.5997925869311603,0.4656188
B2A,8fd6e74ab9.jpg,0.7977987085403823,0.36786693
B2A,8fdc8f747e.jpg,0.8071740644038294,0.32857987
B2A,8fe1fb621d.jpg,0.8221621808326234,0.45556778
B2A,8ff2ab81b2.jpg,0.6705331320077925,0.336461
B2A,8ffa6382e9.jpg,0.6419794508080736,0.42841476
B2A,900c842af7.jpg,0.8640161329817039,0.4210207
B2A,9010105f3d.jpg,0.7451061129690785,0.4425424
B2A,90268e092b.jpg,0.7539169970967151,0.25755274
B2A,9028fc10c7.jpg,0.7437567853463863,0.5387768
B2A,9048e6e0d1.jpg,0.8220257462152337,0.49637213
B2A,904a21697e.jpg,0.7187803137251051,0.495381
B2A,904f5a5276.jpg,0.8863831796666892,0.39007878
B2A,9050e1c0e6.jpg,0.797656182011432,0.31449074
B2A,9071c99f67.jpg,0.8425909638732825,0.29534376
B2A,9079fe9d9c.jpg,0.7489377429391212,0.4123749
B2A,907cd5e630.jpg,0.7100314607353252,0.4536683
B2A,907d9cf180.jpg,0.7864491598070963,0.3204697
B2A,909ae89f4d.jpg,0.8690302020223618,0.3157874
B2A,90a6484491.jpg,0.7302356989984867,0.39263052
B2A,90aa881d59.jpg,0.7908795858993675,0.46884978
B2A,90b3c6c885.jpg,0.7411280166765603,0.41586632
B2A,90b9257df4.jpg,0.672194616244213,0.4196159
B2A,90bc360c57.jpg,0.796501247553107,0.296655
B2A,90bdbd6631.jpg,0.5111875731740895,0.48708194
B2A,90c00b0a8c.jpg,0.7937815884049142,0.34419456
B2A,90c9cd3fe8.jpg,0.7975098078055665,0.27315274
B2A,90cbc5b0a2.jpg,0.6651480574296545,0.46127394
B2A,90d00e4130.jpg,0.5332214368276855,0.37489054
B2A,90d2b880b2.jpg,0.6866679083749077,0.40511298
B2A,90e072864e.jpg,0.6197201513822755,0.52545774
B2A,90e1c5d57a.jpg,0.6693883371398983,0.59887403
B2A,90e5ba5fe4.jpg,0.6809679493609413,0.48813164
B2A,90fa0a2900.jpg,0.7022045259378265,0.37254155
B2A,90fc280b72.jpg,0.8141276114248801,0.3177131
B2A,9105102bc4.jpg,0.7499121336684441,0.5470661
B2A,910e1f900e.jpg,0.6078420631062914,0.3529734
B2A,911af8c237.jpg,0.754938232081811,0.40860283
B2A,9128a67589.jpg,0.7623730640952999,0.4380081
B2A,912f47efb6.jpg,0.6058192814650858,0.49112275
B2A,912f7c8917.jpg,0.864964806415255,0.34200102
B2A,9138142611.jpg,0.5261359227786082,0.3911411
B2A,914d6701fb.jpg,0.9511787528984497,0.32497272
B2A,915666f75a.jpg,0.7346665611447489,0.39653546
B2A,915b936cdd.jpg,0.7010025823661974,0.3696541
B2A,91633d4951.jpg,0.7171602291492402,0.4601153
B2A,916ae3f734.jpg,0.8164663729827467,0.40464628
B2A,916ba9d722.jpg,0.7063258737594937,0.3450246
B2A,916caf5698.jpg,0.7777684712405172,0.49460238
B2A,917f384f27.jpg,0.8088174689913813,0.41060928
B2A,91847ec212.jpg,0.608071535422499,0.5560177
B2A,9186f2f6bf.jpg,0.7956366077796547,0.27157444
B2A,91916e6337.jpg,0.7744911891642845,0.33325577
B2A,9194cac2c2.jpg,0.7360721282412271,0.35294577
B2A,91a6a513e8.jpg,0.808772223373316,0.403735
B2A,91bd17ebc1.jpg,0.5940213202997817,0.48198134
B2A,91c0fb330a.jpg,0.7688374812279031,0.3916525
B2A,91c4ec2938.jpg,0.7419409213992423,0.37712592
B2A,91caa42854.jpg,0.718175723957302,0.29342854
B2A,91cdf3c9ec.jpg,0.6524783872737022,0.33261764
B2A,91cef72c5d.jpg,0.8207720179784429,0.34476358
B2A,91cf22742c.jpg,0.7395672497407079,0.49465683
B2A,91d1476220.jpg,0.6240482865958036,0.35949796
B2A,91dbb69203.jpg,0.8193197455838342,0.3782525
B2A,91e43a72c3.jpg,0.6783268646235691,0.3725226
B2A,91edaa90e8.jpg,0.672940045118497,0.502062
B2A,9203f9070e.jpg,0.6804009782279749,0.48516315
B2A,921e0c98a4.jpg,0.8071624559836791,0.39379334
B2A,922e075696.jpg,0.7793928324551755,0.407143
B2A,924309267b.jpg,0.8620872080804688,0.34971946
B2A,9258ed4e17.jpg,0.5988123469620193,0.46125352
B2A,926fabe094.jpg,0.45831864220660734,0.47072282
B2A,92884da831.jpg,0.819727718376042,0.35342026
B2A,9293bb3ab1.jpg,0.7523643849697973,0.28124183
B2A,9295c73f10.jpg,0.8722337014427373,0.33821052
B2A,92a4544fb1.jpg,0.7814329806119383,0.31888482
B2A,92a77e056a.jpg,0.8362786189329218,0.31628475
B2A,92ad835b19.jpg,0.5402177486118626,0.59487945
B2A,92b15f83a3.jpg,0.7253853604914207,0.45986122
B2A,92b4f542a8.jpg,0.7511015311856001,0.3273084
B2A,92c3fd59e9.jpg,0.8688508270677978,0.24779415
B2A,92c7aa40d9.jpg,0.8850624665664291,0.32429445
B2A,92cb1b612c.jpg,0.7458000188255722,0.31906223
B2A,92d2f773ea.jpg,0.7560455135442478,0.3963523
B2A,92d9a71a35.jpg,0.8433911761246762,0.5095811
B2A,92dacc55c5.jpg,0.8572264873143115,0.47004896
B2A,93132bc39a.jpg,0.5963206406211673,0.4608982
B2A,931e9f62be.jpg,0.5667795518134765,0.46917206
B2A,93228e23b7.jpg,0.8118224854778763,0.28678137
B2A,932f681182.jpg,0.8199665814220445,0.47721565
B2A,93404abb02.jpg,0.7982416388516025,0.2951445
B2A,935b664420.jpg,0.6547049838381624,0.35303432
B2A,935b850c7b.jpg,0.8777858984534942,0.2533798
B2A,936086c2fb.jpg,0.7362100670944598,0.36790457
B2A,9368bfbb0d.jpg,0.7531459318843566,0.51441884
B2A,9384f0381d.jpg,0.7624776420728986,0.38314047
B2A,938d0ba34c.jpg,0.720584826528541,0.51164556
B2A,938fb66016.jpg,0.7816028387219379,0.36311564
B2A,9394218ff6.jpg,0.7349269742505956,0.30126727
B2A,9395512e4e.jpg,0.6721285743493027,0.41752514
B2A,939f31a928.jpg,0.6470821996233693,0.35732228
B2A,93a901666e.jpg,0.6690159727810079,0.36815646
B2A,93b37e6702.jpg,0.6228012160146139,0.38204968
B2A,93b7f31cb9.jpg,0.912401457927749,0.27006316
B2A,93bd999d11.jpg,0.4961604656844832,0.7710414
B2A,93c641ad5b.jpg,0.7231834502662421,0.27938443
B2A,93d77f649a.jpg,0.8223830642325758,0.53306836
B2A,93fa7e2d2e.jpg,0.6159278478319353,0.48200318
B2A,93fd6bcbb4.jpg,0.5988045780449667,0.38413173
B2A,9404bff3b5.jpg,0.7120211811157017,0.2751484
B2A,9406f2a468.jpg,0.7161923972368162,0.43969542
B2A,940ebfcf33.jpg,0.6739749501338799,0.45716637
B2A,9412b74bf7.jpg,0.612166271641171,0.37910753
B2A,941fe1adf7.jpg,0.8457385297985764,0.28748226
B2A,94224752b4.jpg,0.7981175598953126,0.37210864
B2A,94263d971f.jpg,0.8823488771133438,0.3792855
B2A,9427fc76b9.jpg,0.7405967687099726,0.3322241
B2A,944398f81d.jpg,0.7013933156015428,0.296265
B2A,944bee3f77.jpg,0.6251772551403284,0.53819853
B2A,94502f184f.jpg,0.8124801630575829,0.3865738
B2A,946dd1bb4b.jpg,0.7279851207991882,0.53943
B2A,946e0d3cf2.jpg,0.8617644805303128,0.32579738
B2A,9470dd8aac.jpg,0.7292847812625832,0.41941717
B2A,947ecf90b9.jpg,0.9043634783458884,0.33763126
B2A,94882d1992.jpg,0.7822207414369167,0.3196409
B2A,94979ec8c0.jpg,0.5705981089224317,0.29713258
B2A,949d934747.jpg,0.7698090298632912,0.33612362
B2A,94af688583.jpg,0.6716193394714297,0.45423803
B2A,94b20d92c2.jpg,0.6920390217425798,0.5028794
B2A,94b3dc2840.jpg,0.7060174255634386,0.41822284
B2A,94cc7a8697.jpg,0.6126649640262831,0.4221146
B2A,94cf38462b.jpg,0.7024968668503431,0.2605054
B2A,94e066f2b3.jpg,0.8569513899057069,0.315018
B2A,94e1a09e64.jpg,0.6378214126116656,0.3801796
B2A,94ed902431.jpg,0.7879688580884806,0.41785935
B2A,94ef9bc8f4.jpg,0.8299399156666987,0.38777718
B2A,94f272fbc2.jpg,0.8927058890125169,0.39403325
B2A,94f6b65afa.jpg,0.8333868282680846,0.665617
B2A,951804d699.jpg,0.7144578045586432,0.39966774
B2A,95186389f6.jpg,0.7762709917793158,0.3451134
B2A,9525ce824a.jpg,0.8035240685372776,0.3177449
B2A,952d99f5b0.jpg,0.7019676498996731,0.45681283
B2A,953b1317cb.jpg,0.7251571401272773,0.48162284
B2A,9549a2e85c.jpg,0.663270293326805,0.49959588
B2A,954cbfbad6.jpg,0.5630564384663206,0.5174432
B2A,955d88b9a7.jpg,0.7623031004857844,0.4140836
B2A,9562727728.jpg,0.7600302068621552,0.28806254
B2A,957ae02f79.jpg,0.6369744877701977,0.5289821
B2A,957b22a3a7.jpg,0.6935575334238665,0.38446996
B2A,9588a52282.jpg,0.7184123521815793,0.59285516
B2A,95900a984f.jpg,0.6147336070855923,0.5013402
B2A,9593d730f2.jpg,0.6871032861905974,0.34517264
B2A,95a66b0d9b.jpg,0.8036080773874257,0.33214614
B2A,95a6bdb3bf.jpg,0.8359023284708751,0.30155906
B2A,95a7ed2155.jpg,0.680477670188973,0.40143454
B2A,95a9fadd8f.jpg,0.8251004743950136,0.31241366
B2A,95aaf0fbbd.jpg,0.6558598122089642,0.41932854
B2A,95b2119fa9.jpg,0.691983012410111,0.5069462
B2A,95b317a33d.jpg,0.6300987827239789,0.37475145
B2A,95b6abfcee.jpg,0.7773060816068091,0.3244353
B2A,95c438e906.jpg,0.8078006549418779,0.3782673
B2A,95d494f4ae.jpg,0.7636391434742077,0.25848034
B2A,95d4cb8eca.jpg,0.8616224864232256,0.3591467
B2A,95deeeec90.jpg,0.8404536209637067,0.30881363
B2A,95dff55b08.jpg,0.727206567033058,0.31864852
B2A,95e33c18db.jpg,0.7636954058201688,0.40548262
B2A,95f5aeda51.jpg,0.7490307578993604,0.4536214
B2A,95f5d9ab48.jpg,0.6214677688028,0.35125008
B2A,9606c7644b.jpg,0.7006158082767844,0.35917938
B2A,960b5fa7e8.jpg,0.5539309449837121,0.4633265
B2A,96183e38ec.jpg,0.8834290486661427,0.5779648
B2A,9622e7f973.jpg,0.8107667094661625,0.48451096
B2A,962d0ff537.jpg,0.8180938350514978,0.47034457
B2A,963134b323.jpg,0.8183055068224803,0.39994377
B2A,96324aa924.jpg,0.649501153089179,0.51543057
B2A,963770bacd.jpg,0.7073366495383914,0.47262514
B2A,963c0eb500.jpg,0.7298291034339865,0.38887244
B2A,96486253fb.jpg,0.7582294233456838,0.43591878
B2A,9652937cf0.jpg,0.708844574970972,0.4203341
B2A,965c4ddd61.jpg,0.6293197314295037,0.40430143
B2A,9670ea6664.jpg,0.8849789597651204,0.34458274
B2A,9681f39ae8.jpg,0.8760803003284606,0.39045554
B2A,9693678067.jpg,0.8476740802135614,0.3234071
B2A,9698946dfb.jpg,0.7335927224686,0.34795052
B2A,969d45bb23.jpg,0.6958448392079678,0.44812083
B2A,96a933541d.jpg,0.7766421378720604,0.31645977
B2A,96ae66347a.jpg,0.8317985374683421,0.3237846
B2A,96b2ac1a1b.jpg,0.7455556512509746,0.41173422
B2A,96b9ee7ec4.jpg,0.7152974866693023,0.36409253
B2A,96baf57a50.jpg,0.7850717458218452,0.7165862
B2A,96c65e76e1.jpg,0.6252424831301197,0.38873333
B2A,96c686ddf6.jpg,0.6705321531877506,0.46817362
B2A,96cb35f032.jpg,0.6810535001536672,0.4346134
B2A,96cda40153.jpg,0.8704961205165208,0.3829382
B2A,96d223307c.jpg,0.7356055544188971,0.3800416
B2A,96d3517f11.jpg,0.7950842636227352,0.23933744
B2A,96da1fc826.jpg,0.5837695803850366,0.4589176
B2A,96e1bb4403.jpg,0.553688536379299,0.4898339
B2A,96e42a29c9.jpg,0.6476194810612282,0.49073347
B2A,96e7b2c267.jpg,0.6015450141306461,0.35476148
B2A,96e860fd62.jpg,0.8006479178184318,0.44811997
B2A,970d8c0b4c.jpg,0.7282002183860693,0.38666022
B2A,97123776ca.jpg,0.7281550537752985,0.37464982
B2A,971c33b707.jpg,0.8217984629527922,0.31773221
B2A,971fcc6bcc.jpg,0.7792531879480762,0.47082508
B2A,97268dc895.jpg,0.6060428994307046,0.37406325
B2A,973372e3d0.jpg,0.9079225844969748,0.37013492
B2A,973dd4a928.jpg,0.7431126311587866,0.5248308
B2A,973f82a644.jpg,0.8020567154564744,0.32761326
B2A,9743bd2705.jpg,0.7129977834573143,0.33137065
B2A,975538e5c1.jpg,0.7945880784565985,0.37246528
B2A,976f6eafdd.jpg,0.8090882636370477,0.4549839
B2A,977938602b.jpg,0.6307674536749136,0.51569664
B2A,977b1bd3a2.jpg,0.7637361602335843,0.54655004
B2A,977bff16d4.jpg,0.5764002047320622,0.4305514
B2A,978424d552.jpg,0.6231493345112501,0.25402892
B2A,979103c46c.jpg,0.7454171862821607,0.3842607
B2A,979e42841f.jpg,0.6446785864481125,0.4157818
B2A,97a87bca91.jpg,0.7201469412013694,0.32029134
B2A,97b5d7b81c.jpg,0.7826042471224418,0.3744703
B2A,97bf9704b5.jpg,0.725522930106957,0.29063034
B2A,97c6fda363.jpg,0.5439094839454771,0.56161153
B2A,97c8c523df.jpg,0.787197673106731,0.31760868
B2A,97cef7f737.jpg,0.8236841612477336,0.35583302
B2A,97d4460077.jpg,0.7647022954105637,0.3453623
B2A,97d76023a7.jpg,0.6800110700756022,0.39519873
B2A,97dddb7cbb.jpg,0.7578557866750171,0.33396074
B2A,97e4b5f75c.jpg,0.6781577174987286,0.32864892
B2A,97e948fb9d.jpg,0.8232533684713975,0.3887791
B2A,9801846b65.jpg,0.6679918041467003,0.3770141
B2A,9806c55f8e.jpg,0.8119892764202408,0.41544262
B2A,9811ee90ac.jpg,0.8732103299408187,0.3933732
B2A,981f9ee7ce.jpg,0.8821900982366738,0.4365434
B2A,982068245a.jpg,0.7781769195516662,0.35587075
B2A,9820d446a4.jpg,0.8514222296682865,0.47239316
B2A,9827d36539.jpg,0.771978015789377,0.46461144
B2A,982ca3c520.jpg,0.7745666869031395,0.37279657
B2A,9835ba0013.jpg,0.7604514878957671,0.37128884
B2A,983821c850.jpg,0.7600285901181276,0.35482377
B2A,98426ffd66.jpg,0.7098055976061994,0.47846782
B2A,984c6baa94.jpg,0.8005516734384936,0.42304996
B2A,98507e2f68.jpg,0.8324692842137263,0.31470332
B2A,9863a4aa56.jpg,0.6132932640010222,0.34986705
B2A,986d6d5bf9.jpg,0.7415003575343035,0.28796378
B2A,988ba0650a.jpg,0.7530733104746595,0.31174514
B2A,9894d1438d.jpg,0.596349869235498,0.42280695
B2A,9895a5216b.jpg,0.5684231546957738,0.30099678
B2A,98a00fe3fc.jpg,0.5977581500645692,0.4042076
B2A,98af1d51cf.jpg,0.736918047458547,0.4476341
B2A,98b9fbb3fb.jpg,0.8322632336452482,0.31401002
B2A,98c28eedfa.jpg,0.7660974711539233,0.44145694
B2A,98cbab58d6.jpg,0.7823385897027727,0.25399795
B2A,98d335025e.jpg,0.7529233886389529,0.37217703
B2A,98d4348692.jpg,0.7819851660398961,0.44174564
B2A,98de268fe8.jpg,0.679775543400567,0.52874166
B2A,98e7d7b48a.jpg,0.7315345935415982,0.37725613
B2A,98ef46be31.jpg,0.8505499466025307,0.38832542
B2A,98fcc9f6fc.jpg,0.8430714008878819,0.30529383
B2A,98ff290926.jpg,0.6791524463502082,0.4442389
B2A,99038bde22.jpg,0.8127768078990795,0.39261192
B2A,99045d3f04.jpg,0.7594199736013475,0.33455247
B2A,9906756ae6.jpg,0.7494893504392831,0.37220362
B2A,990e8ef2f2.jpg,0.8390223753641551,0.39892468
B2A,9912bab8cf.jpg,0.6952097324087325,0.43229395
B2A,9912e8a5a3.jpg,0.6180827872405805,0.42235982
B2A,991eb1e448.jpg,0.8341312682614721,0.335797
B2A,9921ef9e3c.jpg,0.7240184397521965,0.44556874
B2A,99283f98de.jpg,0.7299226570179012,0.4625697
B2A,99294cd9e3.jpg,0.7738763682625025,0.3159753
B2A,993fb1e69b.jpg,0.7919922156580279,0.32489577
B2A,9945957ec7.jpg,0.6906106566690322,0.37365675
B2A,994a54185f.jpg,0.8207096697940812,0.34035224
B2A,994b994977.jpg,0.810707585908076,0.2903469
B2A,99676e0f39.jpg,0.702367473486703,0.43799037
B2A,996de8f5ec.jpg,0.8955495176379015,0.40251407
B2A,997f0ed940.jpg,0.8107199811557119,0.34060416
B2A,9991f94f1d.jpg,0.6978026276663568,0.39609405
B2A,999985c001.jpg,0.7835298786375394,0.40797767
B2A,9999c76d32.jpg,0.8637161902949055,0.28951734
B2A,999e87f7a6.jpg,0.833516780718226,0.2313046
B2A,99a109ea2b.jpg,0.7218249833375527,0.5624803
B2A,99a6c4d326.jpg,0.7689854216249735,0.48864
B2A,99b3b1736b.jpg,0.6994370611643578,0.38052663
B2A,99baee78f2.jpg,0.6658703834719824,0.33025017
B2A,99c0ccba50.jpg,0.7018314278731862,0.33242798
B2A,99c9687c14.jpg,0.7033178776136186,0.28556502
B2A,99cbbc5052.jpg,0.6362208213737798,0.54309356
B2A,99d04bd95f.jpg,0.7530930319473441,0.2831212
B2A,99dacbf106.jpg,0.6730022229530165,0.5308615
B2A,99ed3dc7b2.jpg,0.9058247437062229,0.41831532
B2A,99f621bbdb.jpg,0.8373565703122373,0.3228197
B2A,99fb63fada.jpg,0.7180415149397384,0.3613838
B2A,99fc1c27b2.jpg,0.6754088677147204,0.48560148
B2A,99fcebb45b.jpg,0.5605530544632567,0.6229778
B2A,9a0bfe6c86.jpg,0.8539022005947604,0.32730037
B2A,9a2b9dec3a.jpg,0.6648785332004529,0.44211304
B2A,9a4b2f8bd8.jpg,0.660513515553272,0.33945426
B2A,9a507f5ef4.jpg,0.7044832405581364,0.37964943
B2A,9a5477aaeb.jpg,0.832633717655723,0.36325008
B2A,9a59323542.jpg,0.6008852460373518,0.3738749
B2A,9a780093c6.jpg,0.8783283181141558,0.4969555
B2A,9a9d4aeb7a.jpg,0.6932366327940856,0.3836007
B2A,9ab17ed33a.jpg,0.8439430262318536,0.26866424
B2A,9adf6d52d3.jpg,0.8285421565757561,0.34775937
B2A,9aeb8bd419.jpg,0.752615994741316,0.42928743
B2A,9af5a24f65.jpg,0.6775903151993763,0.3957173
B2A,9afdeb8ed2.jpg,0.6138636636202981,0.41120416
B2A,9b048364b8.jpg,0.8285489098963846,0.38040537
B2A,9b186b8f81.jpg,0.8316406652581023,0.3178665
B2A,9b1b974368.jpg,0.6304450545501785,0.60048884
B2A,9b1c51d91c.jpg,0.8240043765845552,0.33534136
B2A,9b3053dc34.jpg,0.7830332894764865,0.5099136
B2A,9b3abf3a98.jpg,0.721272484462908,0.2947456
B2A,9b513c7a1c.jpg,0.76847047306805,0.36171833
B2A,9b5be07782.jpg,0.7861568794558047,0.4112425
B2A,9b5d6d5b9b.jpg,0.5260547546845628,0.49759173
B2A,9b5e41ac82.jpg,0.875481959084741,0.38845032
B2A,9b6bec8314.jpg,0.8428011207923988,0.25955507
B2A,9b7d65decf.jpg,0.6526311500410128,0.34816065
B2A,9b85a6c570.jpg,0.7875704237595584,0.36942282
B2A,9b87bd9191.jpg,0.6845678964429152,0.4416409
B2A,9b95a6cc9b.jpg,0.8368383530319987,0.38508373
B2A,9b9cdde1ce.jpg,0.7002611730599027,0.34644032
B2A,9ba4ae09af.jpg,0.8231059585988059,0.5231751
B2A,9ba9376b9d.jpg,0.7627407556372163,0.2712506
B2A,9baca6d979.jpg,0.8345059875045342,0.33500093
B2A,9bd1b8c1be.jpg,0.8925144389029867,0.3371313
B2A,9bd28a56c1.jpg,0.8042220386247623,0.446253
B2A,9be2b6c083.jpg,0.6773387903246602,0.39136803
B2A,9bf556f160.jpg,0.74913572187571,0.5265881
B2A,9bf931ead4.jpg,0.7566457029380393,0.38194406
B2A,9bfcbc6fe3.jpg,0.6603864504774856,0.41313374
B2A,9c0c63914a.jpg,0.6887423389312447,0.37446576
B2A,9c0e343a29.jpg,0.7548374883220996,0.28979677
B2A,9c102e25d3.jpg,0.7749671821799835,0.33763665
B2A,9c10716ffd.jpg,0.7253557550065282,0.57031626
B2A,9c204faa1f.jpg,0.622211261459689,0.49616444
B2A,9c25e78088.jpg,0.8260224580933776,0.34067878
B2A,9c2fed3088.jpg,0.8682335619018514,0.427585
B2A,9c4050f532.jpg,0.7754075823720803,0.39523238
B2A,9c4dd0a48f.jpg,0.5545152680749298,0.5453712
B2A,9c564000e7.jpg,0.6768686527121607,0.44279367
B2A,9c70f10a5a.jpg,0.8682669883761763,0.382251
B2A,9c77707e49.jpg,0.734903924551214,0.49426964
B2A,9c92f8345f.jpg,0.768795108801293,0.29274035
B2A,9ca436a170.jpg,0.7646101719015032,0.32181913
B2A,9caa11517e.jpg,0.7576652415786566,0.36698723
B2A,9cac2116d7.jpg,0.8678730832831535,0.41602567
B2A,9cb836306d.jpg,0.7961366943066125,0.46060297
B2A,9cbcbdcbb3.jpg,0.5640379441647607,0.38571954
B2A,9cc0e6163f.jpg,0.845596175963003,0.31458327
B2A,9cc35ff83e.jpg,0.7646128345923559,0.4388018
B2A,9cc789cfef.jpg,0.763693300828778,0.3395718
B2A,9ccca8eac7.jpg,0.8604520091400056,0.3183562
B2A,9ce382c263.jpg,0.7126753289412279,0.30366865
B2A,9cef1e6708.jpg,0.8117797964599178,0.2453453
B2A,9cf972ea28.jpg,0.6587300522241383,0.5161045
B2A,9cfb0b75ab.jpg,0.6604668642159767,0.36312047
B2A,9d09a34740.jpg,0.8142540580313264,0.37518385
B2A,9d3885ad89.jpg,0.8177626368961587,0.63908505
B2A,9d3c6b28c4.jpg,0.8313030893602312,0.31975332
B2A,9d438a0bb2.jpg,0.7742988732560966,0.41778305
B2A,9d4711f6ef.jpg,0.7893371247140566,0.41594136
B2A,9d59515745.jpg,0.7359820455880774,0.34278387
B2A,9d6df08287.jpg,0.7399706114327844,0.44194064
B2A,9d74f4e539.jpg,0.6234280497030396,0.4429491
B2A,9d766ffc5c.jpg,0.6958980253741714,0.41642326
B2A,9d7b548d1f.jpg,0.8329264328014975,0.31174076
B2A,9d7c3c3eea.jpg,0.8105888607783628,0.30933186
B2A,9d82fd9e98.jpg,0.8031021474236696,0.4736876
B2A,9d92ef2ffc.jpg,0.7305303300993147,0.33021063
B2A,9da065344d.jpg,0.7625622010664692,0.4165518
B2A,9dad30bdf5.jpg,0.7409651164732626,0.43578458
B2A,9dbc604a03.jpg,0.7217112945985494,0.394586
B2A,9dc4a07f48.jpg,0.5380789266361653,0.36546466
B2A,9dc4a40f1a.jpg,0.7502400566039896,0.5045843
B2A,9dcebd8348.jpg,0.7150632518596932,0.41964784
B2A,9dd9044174.jpg,0.8179970957206609,0.5843025
B2A,9dfd1f8a09.jpg,0.7096949853397315,0.47557956
B2A,9e0a0d54b5.jpg,0.7518992591647342,0.33182713
B2A,9e13541480.jpg,0.8451002751369523,0.22385247
B2A,9e176db9cd.jpg,0.8025489398279373,0.31558388
B2A,9e1842231b.jpg,0.7435446994917178,0.41820222
B2A,9e2f4c39d2.jpg,0.8222148905534504,0.44106078
B2A,9e3b34bb13.jpg,0.7664563288886104,0.35293934
B2A,9e456ef2a7.jpg,0.8446784271629519,0.3090288
B2A,9e4b9f428b.jpg,0.5560110659114366,0.48794413
B2A,9e5dabe2b2.jpg,0.6978178773425958,0.33556125
B2A,9e65828ee9.jpg,0.8747989891389029,0.34304318
B2A,9e664ae2ef.jpg,0.5952132485961736,0.36433864
B2A,9e72cedb73.jpg,0.8645485076024289,0.55989254
B2A,9e7fcf4aaf.jpg,0.7395215995933522,0.5398054
B2A,9e81e8d2fe.jpg,0.5047875706185425,0.48726866
B2A,9e8554fade.jpg,0.7330980405596565,0.30556023
B2A,9e85d95d05.jpg,0.844871491354813,0.28041494
B2A,9ea148fcc4.jpg,0.6088702089773688,0.48863155
B2A,9ea60e0936.jpg,0.6423987742391576,0.31718048
B2A,9eacea8aca.jpg,0.8192744827362473,0.39263302
B2A,9ebccc0a7d.jpg,0.6896858416269156,0.4828735
B2A,9ebcfa05af.jpg,0.7343850086268855,0.43528414
B2A,9ecf061dad.jpg,0.8034903053405057,0.34502697
B2A,9edf01ed43.jpg,0.776281056612148,0.44928944
B2A,9ef7c05e0f.jpg,0.8779894871097982,0.25750223
B2A,9f0c9920f5.jpg,0.7753523227336376,0.5235561
B2A,9f15606758.jpg,0.7990002683148193,0.37743866
B2A,9f19e8f425.jpg,0.6415895805379567,0.5098003
B2A,9f24f894f6.jpg,0.8780269846872087,0.33093295
B2A,9f27c688cf.jpg,0.7654234929936122,0.35689247
B2A,9f29c11732.jpg,0.7887857447127704,0.43127224
B2A,9f335bade6.jpg,0.6435137332144287,0.40849468
B2A,9f34fc3c60.jpg,0.6010692445555073,0.32900798
B2A,9f37f0dae8.jpg,0.8435903858325913,0.31818965
B2A,9f41d8a922.jpg,0.5681580728244608,0.39726248
B2A,9f52b55c2b.jpg,0.8131796552158661,0.31797087
B2A,9f52dd1c0b.jpg,0.8543525278631989,0.2749502
B2A,9f56a6400d.jpg,0.6329384511820015,0.40168583
B2A,9f740de87d.jpg,0.805854902217561,0.37058878
B2A,9f777a3144.jpg,0.8175575910025159,0.4403908
B2A,9f80b1bc48.jpg,0.6942850634819442,0.48482713
B2A,9f8ae5b166.jpg,0.6308822329284526,0.37329876
B2A,9f9796d6b3.jpg,0.8082686222291053,0.3083917
B2A,9f98b589a1.jpg,0.8249604380777757,0.39402995
B2A,9f9c46fa6b.jpg,0.9100698002502634,0.3876875
B2A,9fb63bf849.jpg,0.6647545023008856,0.49488133
B2A,9fbbbf4aec.jpg,0.8072942392156658,0.5056692
B2A,9fe12f7bca.jpg,0.801764339429243,0.56014496
B2A,9ff0e57941.jpg,0.7645302790868863,0.42324445
B2A,9ff990e66c.jpg,0.8259740993113811,0.48928332
B2A,a0077f9248.jpg,0.8382493282385078,0.34623545
B2A,a01c871721.jpg,0.6301544030578217,0.4828293
B2A,a01ee31b6c.jpg,0.7789695780929279,0.30425838
B2A,a0227b5ace.jpg,0.8538217605225615,0.33666086
B2A,a0235aa7f0.jpg,0.8517312285755213,0.35047954
B2A,a03dd34359.jpg,0.6920181686088676,0.551619
B2A,a0465f0aa6.jpg,0.7851945306831025,0.3040373
B2A,a04e9f4231.jpg,0.6466006825954154,0.55427873
B2A,a0522f278a.jpg,0.7078284332198723,0.37474862
B2A,a059321061.jpg,0.5743015626927522,0.40967008
B2A,a05aa88f6d.jpg,0.746368894410154,0.6440815
B2A,a05e1485c1.jpg,0.6236632119316653,0.4103164
B2A,a0875579e8.jpg,0.891803388756124,0.35351962
B2A,a095ec94a6.jpg,0.8266886562064347,0.34818256
B2A,a0cfc9ae82.jpg,0.7337469428946841,0.3189026
B2A,a0d15eb976.jpg,0.5448639944274858,0.4164372
B2A,a0d3357912.jpg,0.7450058766649788,0.43266737
B2A,a0d4bc2b72.jpg,0.7861420386240545,0.45181707
B2A,a0db0509a4.jpg,0.63847438897464,0.40381086
B2A,a0e2fcf6d8.jpg,0.7658458726290926,0.45603132
B2A,a0ecda5d45.jpg,0.7917892411359266,0.2995581
B2A,a0f0dee611.jpg,0.7814758877082321,0.27149817
B2A,a0f2fad96f.jpg,0.7210049307261872,0.4484544
B2A,a1076aac63.jpg,0.7189642693722134,0.3891214
B2A,a1126aa060.jpg,0.8049403937972128,0.36594656
B2A,a114ee8b43.jpg,0.6437718284240722,0.32670864
B2A,a12235c7d1.jpg,0.8335811727531789,0.453533
B2A,a13915ca96.jpg,0.6913092647402338,0.3467182
B2A,a13aca724a.jpg,0.7013598731047747,0.40613312
B2A,a146cdb74b.jpg,0.7113234366371534,0.318586
B2A,a157f8c6e2.jpg,0.7987725514231577,0.27001804
B2A,a15ecd5efe.jpg,0.8004186205782674,0.30594608
B2A,a16537d464.jpg,0.7227143945746582,0.31914014
B2A,a177641de7.jpg,0.7451602432212618,0.3392979
B2A,a179e79a0c.jpg,0.799406335869238,0.34927174
B2A,a17e7e49b0.jpg,0.6935298440875972,0.20520745
B2A,a181b6250e.jpg,0.7261097953347155,0.34207943
B2A,a1885fbac2.jpg,0.6801894178910556,0.36591443
B2A,a18cb10e08.jpg,0.6838236692543682,0.3648818
B2A,a18e92742a.jpg,0.7131676583019063,0.57797796
B2A,a197fed5c3.jpg,0.7750550260026251,0.43593043
B2A,a19962fefc.jpg,0.8138225244711966,0.39882052
B2A,a19cf2cdbb.jpg,0.6159445008393148,0.4103018
B2A,a1a84d3eda.jpg,0.722772726339563,0.50348115
B2A,a1c54d6c61.jpg,0.6319152477505251,0.46596068
B2A,a1c88d3e35.jpg,0.7442386356467704,0.2913466
B2A,a1cc606af8.jpg,0.8618973838389796,0.3400803
B2A,a1e45dc986.jpg,0.718098845077065,0.427355
B2A,a1faf9de15.jpg,0.7909958694581565,0.33945823
B2A,a1fc123777.jpg,0.7843111738332638,0.3263536
B2A,a20a19b515.jpg,0.8278681137351979,0.3352487
B2A,a229109704.jpg,0.8607464635920463,0.29182
B2A,a2307719e1.jpg,0.6487427006886012,0.45094004
B2A,a23e7dfef5.jpg,0.7231567564675537,0.4920294
B2A,a25b63eadf.jpg,0.7299470799651266,0.46462193
B2A,a25eb81721.jpg,0.7085086264551022,0.40299088
B2A,a263521820.jpg,0.7673347769255728,0.3643871
B2A,a2635ee772.jpg,0.7303981643971021,0.3245993
B2A,a26b0f2735.jpg,0.8421829485535849,0.28424314
B2A,a2711f0830.jpg,0.8207821934106095,0.2622306
B2A,a2820db109.jpg,0.6225759967500142,0.5599978
B2A,a283654df3.jpg,0.8315015130813059,0.32568336
B2A,a290773de7.jpg,0.8326465317872933,0.39787138
B2A,a2bc2b83eb.jpg,0.7239556360529692,0.34254146
B2A,a2c884fda1.jpg,0.8450215000976081,0.41363096
B2A,a2ccf1f748.jpg,0.665956671708331,0.53663784
B2A,a2cfeba0e4.jpg,0.7497725490706746,0.32212216
B2A,a301643a27.jpg,0.7906740627047788,0.19716133
B2A,a31e04cec3.jpg,0.6690281615823509,0.4537524
B2A,a32b552866.jpg,0.8293954002642387,0.32281086
B2A,a32d4ea5ac.jpg,0.735335417281123,0.4265415
B2A,a32e116556.jpg,0.7524126352267709,0.39160037
B2A,a32f6b942f.jpg,0.7775196518602951,0.36832836
B2A,a359bc69a6.jpg,0.7314433205355728,0.5181794
B2A,a362f89cd1.jpg,0.8511973778818391,0.31518137
B2A,a366accb3c.jpg,0.7085561714536749,0.31843013
B2A,a37515911a.jpg,0.7844194034512695,0.34040174
B2A,a37b1c52f2.jpg,0.7627201902248479,0.39094993
B2A,a38abc41c8.jpg,0.7983258076105785,0.31111395
B2A,a3a4e42632.jpg,0.7005800493259365,0.52774906
B2A,a3ac3b8f7e.jpg,0.6971852550072528,0.4268183
B2A,a3b40d246d.jpg,0.817876185382441,0.4421649
B2A,a3bc08b40b.jpg,0.8291207809866868,0.32596073
B2A,a3d3b5d93a.jpg,0.725221029709018,0.4181155
B2A,a3d574e6e3.jpg,0.6000952870774611,0.45167604
B2A,a3df896182.jpg,0.7634110683526408,0.29409066
B2A,a3e41f7a46.jpg,0.7842594007478971,0.3493077
B2A,a3e4a4c73b.jpg,0.7277527406131766,0.3263301
B2A,a3f8364c10.jpg,0.5974245667851789,0.6162299
B2A,a3fba584f9.jpg,0.8610414703042168,0.3465506
B2A,a40511031a.jpg,0.8274305326752035,0.31540164
B2A,a40db75ec2.jpg,0.8396473709431863,0.37301147
B2A,a40ec56a84.jpg,0.7718998911499126,0.46309757
B2A,a412f13a5b.jpg,0.7772096597070475,0.36231953
B2A,a42d5a72ff.jpg,0.7646060804289279,0.31968775
B2A,a4314f85dd.jpg,0.8917834355614503,0.34917057
B2A,a43c11f6e4.jpg,0.8420888057539918,0.46713215
B2A,a43e096ce5.jpg,0.826940518107353,0.26587063
B2A,a4418037c4.jpg,0.7525811022430163,0.44569686
B2A,a448539aa0.jpg,0.7517908182978505,0.4893522
B2A,a4490bd462.jpg,0.8225667142722898,0.2683709
B2A,a456fc158f.jpg,0.8455179693449896,0.27436957
B2A,a45c5b6869.jpg,0.8872415410062213,0.33576372
B2A,a467ebbd05.jpg,0.8258946316920139,0.26089135
B2A,a485cebc5d.jpg,0.7706048226862581,0.31098187
B2A,a48886307d.jpg,0.8213401692759741,0.40318668
B2A,a4963511f4.jpg,0.8062124448665191,0.2808301
B2A,a49bfc7f31.jpg,0.7156330594853169,0.5437318
B2A,a49df48149.jpg,0.8869710255653289,0.5938611
B2A,a4a867e38f.jpg,0.736273687307557,0.5414175
B2A,a4b3c66449.jpg,0.7231236784659641,0.3294186
B2A,a4ba621177.jpg,0.7822682594218311,0.3522608
B2A,a4ba843961.jpg,0.6660452477873193,0.407667
B2A,a4cd276f26.jpg,0.7830962923373751,0.395677
B2A,a4e346e887.jpg,0.7380594090526279,0.48711583
B2A,a4e3e280d9.jpg,0.8057001244920474,0.34107158
B2A,a4f4d25e61.jpg,0.7387293556507866,0.34978113
B2A,a4f8537cd9.jpg,0.7005183279343729,0.3584926
B2A,a50aba1d24.jpg,0.8915556643189447,0.33117297
B2A,a5181cd01f.jpg,0.9099509386768792,0.36189997
B2A,a519ab666c.jpg,0.5293497788759002,0.5452325
B2A,a51b62995b.jpg,0.7231029786744112,0.3385968
B2A,a51c7b2303.jpg,0.75523854842838,0.3010303
B2A,a53008cac1.jpg,0.8048793944852605,0.2901336
B2A,a53383dc25.jpg,0.5866968650484032,0.36590976
B2A,a53affbb0b.jpg,0.7274250869019931,0.5511533
B2A,a542e05538.jpg,0.7109219619508108,0.42226702
B2A,a54454c5ea.jpg,0.7609548226241732,0.35048658
B2A,a546e53fbe.jpg,0.8621248988616673,1.0079355
B2A,a552d6a455.jpg,0.6072410086182474,0.36672032
B2A,a55a1a091c.jpg,0.5876554155223417,0.43916574
B2A,a562192a23.jpg,0.7722472012982144,0.35923052
B2A,a577c91fc1.jpg,0.7562432702728958,0.3855737
B2A,a57c43fffc.jpg,0.819879329057392,0.39675564
B2A,a588de330c.jpg,0.7557809049492598,0.43705922
B2A,a590f768fe.jpg,0.7838210733986348,0.45702016
B2A,a595719ef9.jpg,0.8532362378110301,0.3804061
B2A,a598e08f68.jpg,0.6576469341396196,0.56638217
B2A,a598e5aef5.jpg,0.5947720185500681,0.46532023
B2A,a59c317767.jpg,0.6076746515575138,0.4835116
B2A,a5a55a6605.jpg,0.7839267598635674,0.43398225
B2A,a5af8b893b.jpg,0.8374376980783663,0.35058597
B2A,a5b1cfbcfd.jpg,0.5143722311988811,0.41185027
B2A,a5bc67adcd.jpg,0.7307461179440202,0.3411252
B2A,a5d272747e.jpg,0.846594435836972,0.3611655
B2A,a5da7f96c4.jpg,0.8066787511998519,0.34100524
B2A,a604002e2a.jpg,0.858832004732622,0.33237797
B2A,a617bbf356.jpg,0.6825157216869346,0.38327682
B2A,a61beb8d14.jpg,0.6420975144767366,0.4187002
B2A,a61d366d2d.jpg,0.649774113990835,0.5483223
B2A,a62e7a5101.jpg,0.7961500977856008,0.3974339
B2A,a62ea8db0f.jpg,0.8850484407805423,0.3635763
B2A,a6323ca7f3.jpg,0.6639693475817597,0.4963593
B2A,a632e5523e.jpg,0.7256893466999367,0.43308905
B2A,a638326b1d.jpg,0.7517745877805057,0.53114915
B2A,a63a202a57.jpg,0.812845514175606,0.28621376
B2A,a63a32e180.jpg,0.8022050882475829,0.24471223
B2A,a63d70c4a3.jpg,0.7654515630047315,0.34232914
B2A,a64fb4de85.jpg,0.7219832762827602,0.34766814
B2A,a6561cf2e0.jpg,0.7530983118458022,0.4390828
B2A,a658eef56c.jpg,0.8460713459564936,0.3625433
B2A,a65bfd0e43.jpg,0.6203571887928606,0.5992559
B2A,a65e118960.jpg,0.6464310541290774,0.45372233
B2A,a67feba233.jpg,0.854502084612293,0.28425676
B2A,a682ce11f5.jpg,0.7400856822366314,0.2611593
B2A,a6838bdf94.jpg,0.7324579203352691,0.36306304
B2A,a68efb6c07.jpg,0.7498341216938338,0.40222463
B2A,a694999074.jpg,0.6272845613134078,0.620265
B2A,a6959d7c87.jpg,0.7202520992897331,0.413131
B2A,a6a316bffd.jpg,0.8062788412374051,0.252747
B2A,a6c9c35a31.jpg,0.7596041146350304,0.40184367
B2A,a6cc5973c2.jpg,0.7753276587622576,0.27493197
B2A,a6d026b823.jpg,0.5973002501280464,0.45455217
B2A,a6df272807.jpg,0.7639141398574293,0.35500932
B2A,a6e2dd35f8.jpg,0.8532428641185027,0.35014242
B2A,a6e519d471.jpg,0.7025280410325304,0.3987587
B2A,a708982f02.jpg,0.7109675356764491,0.5390874
B2A,a70ea207cc.jpg,0.7301206072125872,0.443109
B2A,a71799de73.jpg,0.8464196636850594,0.36217627
B2A,a71f15712f.jpg,0.6612726163151148,0.54704154
B2A,a739ea92ae.jpg,0.7678175115320081,0.43868563
B2A,a74f4e06aa.jpg,0.7655265321175465,0.3815282
B2A,a75469e52f.jpg,0.7694561746430241,0.26968113
B2A,a7594e87fd.jpg,0.7914815925410238,0.36911708
B2A,a76093c3dd.jpg,0.6745977492234604,0.33060604
B2A,a760bc4309.jpg,0.7351714822543703,0.36772072
B2A,a777303bee.jpg,0.9088466923534103,0.49090397
B2A,a786ecfabb.jpg,0.7710176009162145,0.35446364
B2A,a7883bc50e.jpg,0.6317274621030178,0.7197959
B2A,a7976448c0.jpg,0.7387365086870846,0.39633238
B2A,a798e840cc.jpg,0.7314306737336129,0.50495976
B2A,a79f8d5a7d.jpg,0.7435117681903322,0.41630033
B2A,a7a21f3ccd.jpg,0.7281770144463444,0.40024015
B2A,a7a2534308.jpg,0.8545247191095755,0.38723195
B2A,a7ae4aab24.jpg,0.8453625750072957,0.29898506
B2A,a7b11a83ba.jpg,0.8630870270205658,0.27865314
B2A,a7b5f480d3.jpg,0.8800905735488305,0.45854875
B2A,a7ba1fdb8d.jpg,0.6593319933851579,0.27065134
B2A,a7c3243254.jpg,0.8381438008046577,0.29066673
B2A,a7c5642b9b.jpg,0.8175729316223672,0.3235838
B2A,a7c972a651.jpg,0.6061985752595901,0.4927935
B2A,a7e09af64a.jpg,0.7934175190858309,0.29985112
B2A,a7e86fbe21.jpg,0.766859610039301,0.46870995
B2A,a7fb6b9ffa.jpg,0.6539329587279725,0.4773426
B2A,a7ffac0edb.jpg,0.7716246359166645,0.2983396
B2A,a80594f85b.jpg,0.702277137445451,0.41663945
B2A,a8089a9f66.jpg,0.7599528656487745,0.32542777
B2A,a8095aa2f5.jpg,0.6746164819624473,0.25868446
B2A,a80c7ee69a.jpg,0.7154862671821689,0.4935259
B2A,a828255ebc.jpg,0.620398853297377,0.32360908
B2A,a82a9c378a.jpg,0.8028338755379553,0.38027668
B2A,a82c3afbbd.jpg,0.7485530009851384,0.34850276
B2A,a84921e7be.jpg,0.8053872198648716,0.21960229
B2A,a84f3fbf3f.jpg,0.6557288662740669,0.38096586
B2A,a85633910c.jpg,0.6591860280647268,0.27651858
B2A,a85a8cee92.jpg,0.7470328191404862,0.43616435
B2A,a8686f237c.jpg,0.5989403795706736,0.3829257
B2A,a86f13ae99.jpg,0.7373321849157601,0.35374168
B2A,a876481147.jpg,0.8825189195926759,0.32659888
B2A,a88e5ab869.jpg,0.7484104019273762,0.47504574
B2A,a8911b1283.jpg,0.7525076645957368,0.50467825
B2A,a89631a70e.jpg,0.7099957764384653,0.49432313
B2A,a89c8773ae.jpg,0.7467961183842183,0.27666447
B2A,a8a27b4e1a.jpg,0.7118008382967784,0.6553348
B2A,a8a4ee4f79.jpg,0.7775500937823822,0.39592963
B2A,a8b7358e0e.jpg,0.7299654057182555,0.44171938
B2A,a8c04e4f33.jpg,0.6807796997021239,0.49338055
B2A,a8d022d99c.jpg,0.7646582044635291,0.39956942
B2A,a8d3c5c2d3.jpg,0.742544289564499,0.5388918
B2A,a8d61b91a4.jpg,0.646234276857164,0.47656375
B2A,a8e351db00.jpg,0.628260893625068,0.5710495
B2A,a8e62405d3.jpg,0.8597246402274127,0.36732176
B2A,a908f29569.jpg,0.8784418973832484,0.4624885
B2A,a90b8ea6ed.jpg,0.6023004968390884,0.59804636
B2A,a91402ed9b.jpg,0.6544518812511639,0.3610141
B2A,a917afed2a.jpg,0.6827376677650924,0.43798932
B2A,a92d0cde38.jpg,0.7616051883176549,0.33037093
B2A,a92eed65ce.jpg,0.724871634664332,0.3944961
B2A,a93e11ed37.jpg,0.7571347681565885,0.3588528
B2A,a945149eb0.jpg,0.777013499118737,0.30172887
B2A,a9460f4e16.jpg,0.801534627116888,0.34318626
B2A,a946a049f9.jpg,0.6337456135487227,0.32373944
B2A,a9542998ad.jpg,0.7613355874907032,0.4952019
B2A,a95a086609.jpg,0.7294808088958751,0.3750514
B2A,a962271585.jpg,0.7746915629918805,0.4992463
B2A,a963d0573b.jpg,0.6774120624599939,0.4997847
B2A,a965ac5835.jpg,0.767268009159063,0.43390298
B2A,a97237c4b1.jpg,0.7350146307341683,0.37238753
B2A,a97e50a8d4.jpg,0.71629084965654,0.4499536
B2A,a98179e505.jpg,0.7401161630113476,0.34241384
B2A,a99dbf6b17.jpg,0.8336760704905769,0.3177336
B2A,a99f495968.jpg,0.7206531995840167,0.42707238
B2A,a9a61131fc.jpg,0.7473446256701826,0.45894107
B2A,a9a7cc1b1c.jpg,0.832066340071828,0.75624937
B2A,a9a881577b.jpg,0.6730599842925234,0.4721527
B2A,a9d597ca20.jpg,0.6011169164428922,0.46908188
B2A,a9d902fc38.jpg,0.6916529214082378,0.4446426
B2A,a9de4c4d69.jpg,0.7105060683400554,0.38053715
B2A,a9ef8c2bcd.jpg,0.6224080451498422,0.4298822
B2A,a9efa619e0.jpg,0.79062447645241,0.39795572
B2A,a9faa93d67.jpg,0.7971339389366767,0.4613894
B2A,a9fe1f88ab.jpg,0.6820083078412501,0.56309897
B2A,a9ff892ea7.jpg,0.7236231280488036,0.32770997
B2A,aa0485a59f.jpg,0.8213913414320894,0.30187207
B2A,aa09a96ed1.jpg,0.6495236137322778,0.5889454
B2A,aa102a3ea1.jpg,0.8596833744971607,0.29080296
B2A,aa108bb6da.jpg,0.8276208014747486,0.31927058
B2A,aa238a7170.jpg,0.7267650949436388,0.3984285
B2A,aa26ff7c15.jpg,0.8380407020214189,0.50519764
B2A,aa2afa7cfe.jpg,0.767714631599675,0.452047
B2A,aa2b315b55.jpg,0.7059032219162218,0.4672059
B2A,aa387dcb3e.jpg,0.6505400375450597,0.36629775
B2A,aa3f9768ff.jpg,0.6312717682109394,0.39499944
B2A,aa44603744.jpg,0.6140191446611856,0.4410153
B2A,aa4c6e40e5.jpg,0.6484472710620123,0.39813268
B2A,aa64f54007.jpg,0.8015017631793481,0.3669442
B2A,aa72b9cc61.jpg,0.7831966673125352,0.3499719
B2A,aa778409e9.jpg,0.7156092592766959,0.3184607
B2A,aa8e5f3af4.jpg,0.7250763886560742,0.39566052
B2A,aa99d68834.jpg,0.714063564320156,0.3790806
B2A,aa9acfe3e7.jpg,0.7782060329889513,0.33753246
B2A,aaaffcb550.jpg,0.7079091182432361,0.5076546
B2A,aab0eaf7cd.jpg,0.8655023827699805,0.37678826
B2A,aab746580f.jpg,0.508230968060499,0.52688277
B2A,aabffc2182.jpg,0.709511920982906,0.33736932
B2A,aac1f31a2d.jpg,0.6648924509169358,0.5034009
B2A,aaca9f8d52.jpg,0.760264621522392,0.30057496
B2A,aacc4a4e82.jpg,0.8166762287232369,0.27858618
B2A,aadee76463.jpg,0.5791016475334776,0.35195312
B2A,aaeb9e1228.jpg,0.7845480417979857,0.45033133
B2A,ab001a0dce.jpg,0.7888811994154313,0.4484421
B2A,ab04be8f33.jpg,0.6036543054407637,0.4210386
B2A,ab0917a3f9.jpg,0.8130883809320641,0.4949358
B2A,ab0d0dfe08.jpg,0.7279718315753426,0.37796658
B2A,ab1141671d.jpg,0.6116764362036303,0.2812717
B2A,ab3576b164.jpg,0.8098421914778677,0.2730668
B2A,ab36e4f5d7.jpg,0.8041876968244683,0.37365493
B2A,ab4450580b.jpg,0.6828861088641575,0.59622896
B2A,ab45414f0a.jpg,0.7586121989374882,0.3770695
B2A,ab808be34d.jpg,0.7174632327369731,0.54990095
B2A,ab8999b3d4.jpg,0.6159705129955738,0.2552617
B2A,abaa2d0caf.jpg,0.6237566986270052,0.38081282
B2A,abaf585ce0.jpg,0.7510508233622133,0.32892072
B2A,abb7c92cd2.jpg,0.692925138324892,0.39099455
B2A,abc2244ad0.jpg,0.7228899809662211,0.4587511
B2A,abc26dd865.jpg,0.8335812970188792,0.36443937
B2A,abc76b33c5.jpg,0.7036372601826835,0.469572
B2A,abd58494e7.jpg,0.7760435226807534,0.3230772
B2A,abe159882d.jpg,0.7627648528352925,0.3537955
B2A,abe813f1cb.jpg,0.7563259505084625,0.25105146
B2A,abeca4498a.jpg,0.6640056878427819,0.4213339
B2A,abee44db3e.jpg,0.7253794823360723,0.33836478
B2A,abfbbbd0ca.jpg,0.7411379505004274,0.3350495
B2A,ac049a3c0d.jpg,0.7597513056390234,0.3452115
B2A,ac22f8134b.jpg,0.45781681769234284,0.88081557
B2A,ac36bd24bb.jpg,0.8688569884633828,0.37951374
B2A,ac50e0ca26.jpg,0.8925861543626209,0.37255728
B2A,ac5181086c.jpg,0.7897887283835328,0.43733704
B2A,ac5b1ab8f0.jpg,0.7186620757506651,0.3970074
B2A,ac5d1dd7a1.jpg,0.6596408213907419,0.6308226
B2A,ac91124a63.jpg,0.7100721114493846,0.4593852
B2A,ac91ac81c3.jpg,0.6963089738236276,0.33162466
B2A,ac932a461b.jpg,0.8386090116815464,0.29540464
B2A,ac9afdb0a8.jpg,0.7954287231387853,0.28892088
B2A,ac9c8211cb.jpg,0.667906460300551,0.5474882
B2A,aca32eb466.jpg,0.7785291819617074,0.33147627
B2A,aca45f78be.jpg,0.7974957513527003,0.33804938
B2A,acab996be8.jpg,0.8212238570509515,0.33446845
B2A,acae006873.jpg,0.6703452202735325,0.43749058
B2A,acaf4ef81e.jpg,0.7866738306629014,0.33647177
B2A,acbede97b1.jpg,0.727827454404521,0.35046017
B2A,acc787b868.jpg,0.7864494437192734,0.41131294
B2A,acc8b354fc.jpg,0.8705953564170646,0.33648488
B2A,acccbeb5a3.jpg,0.8021370997788517,0.36878502
B2A,accfade258.jpg,0.7262345459319436,0.5357402
B2A,acda36155d.jpg,0.6819911654318582,0.4091671
B2A,ace63e2d37.jpg,0.8239787081916038,0.28993568
B2A,acf0aeda10.jpg,0.7804905905644557,0.3257093
B2A,acf43bbda9.jpg,0.7829986224842637,0.356954
B2A,ad08c8c439.jpg,0.7589514183563811,0.38143635
B2A,ad122b9a0c.jpg,0.7577404030464662,0.37695143
B2A,ad1819b0e6.jpg,0.8197467106606944,0.43607467
B2A,ad1a8669c9.jpg,0.7247014642955959,0.4084531
B2A,ad24506f8b.jpg,0.7832545217376377,0.40509343
B2A,ad31237f7b.jpg,0.829452517433135,0.2790421
B2A,ad3d8eb941.jpg,0.6559122063187426,0.4835602
B2A,ad4208f91f.jpg,0.6638285341169237,0.38102892
B2A,ad5065585a.jpg,0.8567773464992745,0.2683464
B2A,ad5385ebb1.jpg,0.5918594249265109,0.45420328
B2A,ad5c6dd37f.jpg,0.7200568919852708,0.35212693
B2A,ad673d759f.jpg,0.6680096795516217,0.5543091
B2A,ad67e71b94.jpg,0.7172414066083189,0.3883694
B2A,ad7d5b8945.jpg,0.8292785702362437,0.31869632
B2A,ad8139d30e.jpg,0.8035623047137957,0.38420755
B2A,ad8f6db4da.jpg,0.9256820962997102,0.28411278
B2A,ad8fca5a81.jpg,0.6710234555809658,0.3514459
B2A,ad95d06611.jpg,0.8541391173344841,0.38840684
B2A,ada37edd54.jpg,0.7498652617924054,0.6445556
B2A,ada576bcf5.jpg,0.8329367514892457,0.37839052
B2A,ada64f6f98.jpg,0.81980429902119,0.40060416
B2A,adb5589a4a.jpg,0.7495805170275414,0.441818
B2A,adbb6706f4.jpg,0.7343465809706928,0.41588998
B2A,adc015d394.jpg,0.8319175402424539,0.32121682
B2A,adc7df4c09.jpg,0.8041043028833733,0.300645
B2A,adc8bca42b.jpg,0.7764643584767414,0.27428132
B2A,add673f629.jpg,0.8265777268905854,0.33115643
B2A,addb9e11be.jpg,0.8593587305943666,0.30585313
B2A,addf00ca3f.jpg,0.8962736387443672,0.2927033
B2A,ade0f46a3f.jpg,0.5846018143475705,0.3236363
B2A,adee0e7444.jpg,0.8546913695143791,0.3642773
B2A,adf0ac7938.jpg,0.8470399786177353,0.381932
B2A,adf316819b.jpg,0.8602559561974857,0.51505125
B2A,adf3ad1301.jpg,0.8901071189782441,0.25649554
B2A,ae073bf16d.jpg,0.7919674960072486,0.49746355
B2A,ae15831d3a.jpg,0.8034191279945897,0.41069043
B2A,ae16d6d012.jpg,0.8011317214822619,0.42277554
B2A,ae1951459d.jpg,0.8591102734351513,0.36951494
B2A,ae1ee21b01.jpg,0.7899795753744029,0.46246243
B2A,ae2923b68c.jpg,0.8269975879691936,0.3494433
B2A,ae2c1ea2d6.jpg,0.7140404584071569,0.2911293
B2A,ae32973f1b.jpg,0.6176586805057043,0.48648298
B2A,ae33f34419.jpg,0.8195574402590863,0.34999588
B2A,ae3bb4751d.jpg,0.7042132422932611,0.42948458
B2A,ae48a41403.jpg,0.7210732470214505,0.3859882
B2A,ae56d20cb9.jpg,0.7167174823854359,0.34410387
B2A,ae5ac0bf8a.jpg,0.5889285646344661,0.4049955
B2A,ae667757b8.jpg,0.6933692448105754,0.37976214
B2A,ae7f0cf2c7.jpg,0.8070166439094438,0.3237195
B2A,ae91238c7d.jpg,0.8753879735142377,0.3377595
B2A,ae97673634.jpg,0.6649662374175949,0.60398495
B2A,aea3c83ebe.jpg,0.7973605408733143,0.27202624
B2A,aea4a60c4e.jpg,0.7357168794445647,0.34387207
B2A,aea6b06ea6.jpg,0.6518465258456035,0.21394481
B2A,aed2032c56.jpg,0.6522434747845993,0.44211644
B2A,aedf554224.jpg,0.7544367837946716,0.30859974
B2A,aee36ebffb.jpg,0.8000339863501613,0.3911908
B2A,aeff6a1ad9.jpg,0.8291743459493182,0.41239744
B2A,af2075bcf5.jpg,0.8588814040452368,0.2714753
B2A,af24d79cda.jpg,0.6833314445861283,0.29553586
B2A,af2acf5f58.jpg,0.613937021246163,0.45651433
B2A,af4232e4ad.jpg,0.781235041110139,0.38657245
B2A,af4456d9ce.jpg,0.7301583212587991,0.33915716
B2A,af51aca135.jpg,0.5063269272559238,0.52479607
B2A,af5f718ec0.jpg,0.6968011808063919,0.31784886
B2A,af672cd7de.jpg,0.920269533254524,0.29022235
B2A,af6af0e073.jpg,0.8285821619669943,0.45140114
B2A,af87640174.jpg,0.7785617203103996,0.3629087
B2A,af890fdb8b.jpg,0.7300282696932842,0.47188023
B2A,af899de250.jpg,0.746629585310318,0.46703732
B2A,af8b38d918.jpg,0.8009291624681778,0.31124705
B2A,af97db63a5.jpg,0.8229398563215501,0.49510622
B2A,af98779f2f.jpg,0.852537570035058,0.2635131
B2A,af9f206c68.jpg,0.7687293612865611,0.5593861
B2A,afa167a1a5.jpg,0.8565696745605772,0.34005582
B2A,afa1a71c3d.jpg,0.7021731402256829,0.44267917
B2A,afa576e383.jpg,0.7714058630713009,0.5715353
B2A,afabae968b.jpg,0.8012371094817549,0.38438287
B2A,afaf808be0.jpg,0.8209198114393842,0.48531103
B2A,afb21c0a01.jpg,0.8132393143812954,0.40697682
B2A,afb5f05573.jpg,0.8505511965088856,0.3646478
B2A,afb5fd0067.jpg,0.6524191437414775,0.5215028
B2A,afd6a4c506.jpg,0.687483696756209,0.3376564
B2A,afe09342a4.jpg,0.8082169384378513,0.54722315
B2A,afec9d2ce5.jpg,0.5609810759379695,0.5622198
B2A,afee15fa99.jpg,0.7553937681712615,0.45714268
B2A,aff47b8492.jpg,0.7430052831225803,0.46334141
B2A,aff8f6d136.jpg,0.9010443174108763,0.29158622
B2A,b003895ce9.jpg,0.6951792696427695,0.39604443
B2A,b01acadfd9.jpg,0.5477317894279781,0.43655235
B2A,b0238fb4d6.jpg,0.8237268294771948,0.33424675
B2A,b023dae26b.jpg,0.8344540571105944,0.54931086
B2A,b02697eec9.jpg,0.7621411518133397,0.40714598
B2A,b027a80904.jpg,0.6478340804039112,0.48869783
B2A,b028f604ed.jpg,0.9011463428323349,0.32343283
B2A,b03262df8a.jpg,0.7448581653564456,0.32708016
B2A,b03646ab9d.jpg,0.8242057873581158,0.3156317
B2A,b036b0bd6e.jpg,0.872379957912719,0.38154247
B2A,b043e97f3c.jpg,0.8808719312512495,0.308786
B2A,b048d6b4a6.jpg,0.772756483270517,0.30876482
B2A,b04af1a7a5.jpg,0.8370134232476472,0.27547368
B2A,b04b5604c4.jpg,0.7690787814279224,0.3348228
B2A,b05f08496f.jpg,0.9195989252043092,0.38874906
B2A,b069343f1c.jpg,0.8020827740632072,0.42047226
B2A,b06a3053e1.jpg,0.7180389213155953,0.436758
B2A,b07115bda9.jpg,0.8170268964196826,0.289127
B2A,b0771d4c61.jpg,0.6925912179946238,0.36762178
B2A,b07a462689.jpg,0.6331058219645631,0.3625803
B2A,b08e49c7b8.jpg,0.8594424686442164,0.3289766
B2A,b09cf0dffc.jpg,0.894604256460575,0.25797963
B2A,b0a4fcb39d.jpg,0.917430032257634,0.45633557
B2A,b0b01c67cb.jpg,0.8165985313670737,0.39145276
B2A,b0bc5786a5.jpg,0.6609854743738232,0.2652041
B2A,b0c59def26.jpg,0.7395364729697732,0.4599346
B2A,b0c99529c9.jpg,0.6114190854438931,0.5873909
B2A,b0ccf80417.jpg,0.7153527073077603,0.3224409
B2A,b0dc34e8e6.jpg,0.7541384394272409,0.5028135
B2A,b0e936e41b.jpg,0.7923065446542445,0.36438736
B2A,b0f66caebb.jpg,0.7798771274056184,0.5137239
B2A,b10839181d.jpg,0.7528717033753666,0.38223308
B2A,b10dabf94e.jpg,0.8036678445177086,0.42003098
B2A,b112237bbf.jpg,0.8216316420029812,0.36452913
B2A,b11afb309d.jpg,0.5263570721265811,0.52377677
B2A,b128c9759f.jpg,0.7544558538836955,0.319354
B2A,b12bf44d38.jpg,0.6735967438553911,0.23985818
B2A,b12d6de1d9.jpg,0.5815613615093509,0.3442099
B2A,b13aecdf79.jpg,0.7212257152271484,0.33696508
B2A,b140da8120.jpg,0.6864922488581304,0.5347346
B2A,b150248c5b.jpg,0.7436180599781022,0.38132018
B2A,b1512c76c7.jpg,0.7463506975976316,0.490242
B2A,b15cbb80b4.jpg,0.7992316484149674,0.26357225
B2A,b161a5d3cb.jpg,0.8682135687275779,0.3786598
B2A,b164b7525c.jpg,0.7106784049060291,0.47723177
B2A,b1654bdb7e.jpg,0.8017072583359007,0.5066473
B2A,b16bafe652.jpg,0.817576711397594,0.2962282
B2A,b16dcdc688.jpg,0.7734654259088232,0.49869382
B2A,b16e9f4263.jpg,0.8354925325416339,0.4009143
B2A,b17c40b1ea.jpg,0.7168492452573354,0.36523926
B2A,b181897b98.jpg,0.867840779645486,0.35191527
B2A,b18beb6d72.jpg,0.724224685140965,0.3964289
B2A,b1e3ea9ca5.jpg,0.7752601323793876,0.4328791
B2A,b1eb87490e.jpg,0.7364359585263937,0.42232117
B2A,b20d1d38d7.jpg,0.8591895322804635,0.39097872
B2A,b21a369bbd.jpg,0.6554841464906824,0.5738012
B2A,b21c4fc9bd.jpg,0.871765093963093,0.25948715
B2A,b220f59b09.jpg,0.5493402807294296,0.6197015
B2A,b23933adf6.jpg,0.704185187377191,0.5597164
B2A,b23ae1573f.jpg,0.6875727830523322,0.6399791
B2A,b2400fe0a5.jpg,0.6065420571263096,0.41158223
B2A,b242ae6db1.jpg,0.7069741001416938,0.34727252
B2A,b2442c013f.jpg,0.8316215402181628,0.43445227
B2A,b244d049e3.jpg,0.687172210462413,0.39845574
B2A,b245d8b8ff.jpg,0.6814152087387383,0.36882633
B2A,b2633e0b11.jpg,0.8652600432101731,0.3453316
B2A,b263b335f4.jpg,0.6538219151763132,0.5240797
B2A,b265520a3d.jpg,0.7545237134168978,0.41438222
B2A,b275f883d7.jpg,0.854863078082375,0.26545376
B2A,b27811638c.jpg,0.8088833448855721,0.34910893
B2A,b2883a87cb.jpg,0.7767419841589432,0.44205004
B2A,b288896b0a.jpg,0.6662704315909541,0.4895892
B2A,b29034b730.jpg,0.7657365651760948,0.28801745
B2A,b29d413ab1.jpg,0.7523657842498531,0.32825625
B2A,b2a7070656.jpg,0.6330603982918461,0.5035254
B2A,b2a9652a6f.jpg,0.7052762898444604,0.45551342
B2A,b2abb2ae39.jpg,0.7825023875977402,0.47816095
B2A,b2bb2119a9.jpg,0.6799721938343768,0.33163613
B2A,b2cb0fe346.jpg,0.8955667405330565,0.25382167
B2A,b2cbeec8f9.jpg,0.8643772946369722,0.35068905
B2A,b2cbf1cf7a.jpg,0.5987277484680802,0.4129938
B2A,b2de093e02.jpg,0.8046280520105983,0.40902305
B2A,b2e2ffcd0a.jpg,0.7574211113040864,0.3639389
B2A,b2ee6d8bc5.jpg,0.862426417381824,0.28384584
B2A,b2f7fa511e.jpg,0.8635164218170611,0.5985328
B2A,b2fd16828f.jpg,0.6814208439904504,0.39993382
B2A,b2fe82b23e.jpg,0.7230525868047595,0.3642588
B2A,b30876c470.jpg,0.6728627057884974,0.49697992
B2A,b31c7ff3e0.jpg,0.8305852711795544,0.3131159
B2A,b326ea0088.jpg,0.8404420556969147,0.27736366
B2A,b34c11aa77.jpg,0.6833127908196898,0.42937827
B2A,b3544a41dd.jpg,0.7521088666955145,0.43793648
B2A,b398a41374.jpg,0.8298757801757424,0.31261915
B2A,b39ad63238.jpg,0.7084710354374655,0.4292804
B2A,b3a246218c.jpg,0.7709867754138795,0.34908098
B2A,b3ad362dc3.jpg,0.8232003498593385,0.6461741
B2A,b3bfca1f8b.jpg,0.8329345791461545,0.32017344
B2A,b3c28798bd.jpg,0.6564697988048412,0.3019861
B2A,b3c422ffa6.jpg,0.601941612945504,0.46767306
B2A,b3cc0df141.jpg,0.8595699198673402,0.36187184
B2A,b3d3d9921d.jpg,0.8064821149356202,0.32893038
B2A,b3d83e557e.jpg,0.6705700831309905,0.41372496
B2A,b3daba3e38.jpg,0.8782032695123934,0.38795102
B2A,b3db7e6aae.jpg,0.6865908250829635,0.38332784
B2A,b3e5c31249.jpg,0.8456235398552046,0.27527562
B2A,b3e9f5d03a.jpg,0.6820736322831257,0.41539115
B2A,b3efa6f13f.jpg,0.8230554865423618,0.28989816
B2A,b404fb513f.jpg,0.8056276682449971,0.39843145
B2A,b4166bd020.jpg,0.6974172246345829,0.4629225
B2A,b41d24db10.jpg,0.6819451164416752,0.42361167
B2A,b4217286ca.jpg,0.8204713198501855,0.46095905
B2A,b43d7dcae4.jpg,0.8070324210035132,0.35675538
B2A,b44289846b.jpg,0.8299483622683769,0.44617176
B2A,b443916aa7.jpg,0.9001221501816911,0.3368188
B2A,b46106fd89.jpg,0.6871970062323025,0.36414766
B2A,b461cd6b95.jpg,0.740274935622989,0.33026004
B2A,b463392033.jpg,0.6849330127810358,0.45827448
B2A,b469541ab9.jpg,0.9051827513767137,0.36164954
B2A,b475f64439.jpg,0.7776604962953655,0.3896514
B2A,b47834dd52.jpg,0.801193869568235,0.41010058
B2A,b47b2f88c3.jpg,0.7890543264638684,0.3781657
B2A,b482bd55c5.jpg,0.8295036330022167,0.31095922
B2A,b489bdec64.jpg,0.6999109384155575,0.40709394
B2A,b492a7d919.jpg,0.7278236665335434,0.28200847
B2A,b4a1b33eae.jpg,0.779341136800424,0.32793576
B2A,b4ba4bd4b0.jpg,0.5976961279891743,0.34290543
B2A,b4c752721a.jpg,0.7390586602530427,0.36472234
B2A,b4c7f33b35.jpg,0.6608031314458901,0.44487852
B2A,b4c8e36705.jpg,0.8659381461525997,0.35352707
B2A,b4cc9f5870.jpg,0.7325169270707338,0.36760935
B2A,b4d64206dd.jpg,0.8412784354200585,0.3841961
B2A,b4ef669e4d.jpg,0.9102507016290345,0.26324382
B2A,b4f2211991.jpg,0.6186190071708223,0.4590601
B2A,b4f9b0e86b.jpg,0.8342477915202974,0.41671655
B2A,b5237c39a7.jpg,0.9094713069879752,0.35504276
B2A,b5268447c0.jpg,0.6474922441101152,0.4089869
B2A,b544e584f6.jpg,0.845924639853837,0.41419315
B2A,b54c9ff9f0.jpg,0.4330465651918184,0.45086423
B2A,b54ecfe1d1.jpg,0.7902908435765718,0.37206307
B2A,b55174c53d.jpg,0.6958223693267439,0.39437002
B2A,b553a553a4.jpg,0.7715902610020129,0.30302325
B2A,b56100a754.jpg,0.8673669892104093,0.3934397
B2A,b56f780872.jpg,0.8129062257637892,0.36624002
B2A,b571fc78d5.jpg,0.8480240959253886,0.4685576
B2A,b58bdc0c7f.jpg,0.6461719149641727,0.33660418
B2A,b597d0c58b.jpg,0.695207906405284,0.2923404
B2A,b5a144143b.jpg,0.5661385392362059,0.36185718
B2A,b5ae36d4c7.jpg,0.8095670781333335,0.3062927
B2A,b5b93e7f12.jpg,0.6436733029280484,0.48912892
B2A,b5bd2caebc.jpg,0.7585098804452991,0.4823423
B2A,b5bdb76769.jpg,0.7197095570598186,0.49367863
B2A,b5d3195dc8.jpg,0.7348358757039094,0.30948943
B2A,b5d87c828d.jpg,0.8621862289875043,0.2841122
B2A,b5d90eb11d.jpg,0.496938204967939,0.3050392
B2A,b5d995b5d8.jpg,0.7044597895529578,0.3373736
B2A,b5f2c61061.jpg,0.8392258348185452,0.32161546
B2A,b60488d40f.jpg,0.767023329828204,0.30719572
B2A,b60f74cca9.jpg,0.819648775957223,0.28725392
B2A,b60fa62c00.jpg,0.8241252386766804,0.2987815
B2A,b612a7c29e.jpg,0.8741889090897427,0.35555747
B2A,b612ea84b8.jpg,0.750958031873176,0.38214687
B2A,b61461c172.jpg,0.6828522442907506,0.506866
B2A,b61731a239.jpg,0.7859013085899921,0.3229314
B2A,b61b89590d.jpg,0.6934338992763451,0.38925207
B2A,b61e2b3b0d.jpg,0.7905920591730777,0.36856133
B2A,b62b0c6d0c.jpg,0.8271771090815145,0.48182073
B2A,b62f2cfc5d.jpg,0.6877220248422621,0.36790538
B2A,b631fa3f71.jpg,0.7932790871398891,0.3433916
B2A,b635c95844.jpg,0.6712832514111664,0.7686061
B2A,b6398ab782.jpg,0.620073654988838,0.5373588
B2A,b6429002b9.jpg,0.7107440102725413,0.5625626
B2A,b64bb5b36d.jpg,0.8341655167057324,0.43438894
B2A,b660902f57.jpg,0.7236148507509175,0.43320322
B2A,b664354223.jpg,0.8303019019168955,0.34047517
B2A,b665863dfb.jpg,0.8183406619440213,0.30629417
B2A,b66913e00b.jpg,0.8329945572001679,0.52335954
B2A,b66c734954.jpg,0.6374593968249846,0.4474829
B2A,b66c82cf2a.jpg,0.7191768012217584,0.44975418
B2A,b66f508c68.jpg,0.6612808264075665,0.3773084
B2A,b678b74dae.jpg,0.8126704785176072,0.44714773
B2A,b679bcea19.jpg,0.7438460506212167,0.38510898
B2A,b67c9613c8.jpg,0.7187888341081209,0.34159914
B2A,b697267bfb.jpg,0.7164922504105838,0.3565897
B2A,b69f383965.jpg,0.7318020004499419,0.30280197
B2A,b69fe86234.jpg,0.7630296382383862,0.363475
B2A,b6c8f98eaf.jpg,0.7575300405194798,0.4383123
B2A,b6ccadba44.jpg,0.7979296914395425,0.26514196
B2A,b6d52caca3.jpg,0.8595067590759654,0.23566332
B2A,b6d84ce05d.jpg,0.7217930613129756,0.37025213
B2A,b6dd6a5484.jpg,0.7121559245716096,0.36355758
B2A,b6e02f524c.jpg,0.8418722744629744,0.4268495
B2A,b6ebb5febd.jpg,0.7081082451088466,0.37760586
B2A,b6f00064cc.jpg,0.7088681234338295,0.31162074
B2A,b70c20c5bb.jpg,0.7370785268451838,0.41422158
B2A,b70ec20b75.jpg,0.7671131653589883,0.5462172
B2A,b7126e52cb.jpg,0.7600909878890725,0.48945722
B2A,b7139c915b.jpg,0.7671803654967406,0.4477959
B2A,b734350f7a.jpg,0.8294840118608696,0.38162684
B2A,b743015621.jpg,0.679073041252715,0.42693442
B2A,b74ada0d43.jpg,0.8045409356731489,0.3656844
B2A,b74cab8840.jpg,0.704866356044122,0.43388706
B2A,b76253bc63.jpg,0.878402125750456,0.3041709
B2A,b7634902cd.jpg,0.7577260698786906,0.43360874
B2A,b763d10895.jpg,0.8838193395872803,0.31451002
B2A,b76490cea4.jpg,0.5946698466858971,0.62157977
B2A,b76838eaa3.jpg,0.6219295509540343,0.5195084
B2A,b76eca8315.jpg,0.8701403056823157,0.4191182
B2A,b7771cc3a7.jpg,0.7887219529704439,0.37536952
B2A,b78443d274.jpg,0.7718350770787453,0.5601138
B2A,b7907e76c4.jpg,0.791764652244016,0.28375024
B2A,b79198e3b3.jpg,0.7054002643763153,0.2798823
B2A,b79628b2db.jpg,0.8522455592099958,0.343907
B2A,b79649047f.jpg,0.6980032068141697,0.50281894
B2A,b79a2b6c99.jpg,0.8553754548331198,0.34292126
B2A,b7a7a7cc17.jpg,0.840363565613805,0.29932082
B2A,b7cb7f4110.jpg,0.7129118629650991,0.356215
B2A,b7d05fd7dc.jpg,0.5961478419000633,0.39565268
B2A,b7f7aaeb71.jpg,0.7260200825396874,0.31695893
B2A,b8009cb56d.jpg,0.8261505220050414,0.42938167
B2A,b804d8ffff.jpg,0.7694896852057658,0.39347357
B2A,b81a0b8027.jpg,0.9204753272806631,0.33261552
B2A,b81b0d4833.jpg,0.907022585813406,0.29332468
B2A,b82c2d7664.jpg,0.751392336974922,0.33144355
B2A,b8513f2cc6.jpg,0.6022636266758535,0.5938047
B2A,b85242ba7b.jpg,0.6455705845729244,0.48050386
B2A,b85d1ea25e.jpg,0.7555230396143193,0.36257476
B2A,b87678f817.jpg,0.6137735830205069,0.39131123
B2A,b877c006b7.jpg,0.8020246139264825,0.40806112
B2A,b879c75442.jpg,0.8085341653687653,0.44293275
B2A,b87f267ffd.jpg,0.797507775143316,0.32315138
B2A,b8800075ea.jpg,0.8477905678158555,0.36179006
B2A,b8846a57ce.jpg,0.5213093948533188,0.464809
B2A,b885222b39.jpg,0.6553174394696647,0.3703823
B2A,b88710452e.jpg,0.840809593113742,0.28556404
B2A,b88fa19b4b.jpg,0.6643753035659961,0.36213827
B2A,b88fd25d37.jpg,0.6983088309287176,0.4013652
B2A,b892e182db.jpg,0.7729235657105471,0.2987122
B2A,b893e3aa24.jpg,0.7394717721698656,0.37504998
B2A,b89aa727f4.jpg,0.669164914493166,0.3619771
B2A,b89d1cc4f1.jpg,0.692080676037427,0.49660963
B2A,b8b21378ef.jpg,0.7888379433477086,0.33388564
B2A,b8b5848caa.jpg,0.7745440005475914,0.39338496
B2A,b8c23eb503.jpg,0.8183942722560021,0.48780012
B2A,b8c6874f96.jpg,0.7326699882850737,0.53348917
B2A,b8d30c2ede.jpg,0.727164881121167,0.26111758
B2A,b8dda4b0ed.jpg,0.7431624682937674,0.36328027
B2A,b8e1eafdef.jpg,0.7570279146027289,0.34966093
B2A,b8e7658517.jpg,0.8841236945931319,0.40198228
B2A,b8eb81d31d.jpg,0.6480696976356788,0.39440233
B2A,b8f7816f6b.jpg,0.852375659147628,0.5490035
B2A,b90dc41d5d.jpg,0.8409650677740774,0.32169408
B2A,b91926eb90.jpg,0.7809724324041968,0.31656033
B2A,b924b090f7.jpg,0.8126323914771683,0.31141064
B2A,b938642e78.jpg,0.7892999333537869,0.51769805
B2A,b939486166.jpg,0.8486974781708625,0.32944942
B2A,b952bd214e.jpg,0.8216834195972805,0.4029031
B2A,b955e39acf.jpg,0.8124615568205346,0.31206223
B2A,b9768c7e52.jpg,0.7429251429349586,0.38625896
B2A,b983599509.jpg,0.8005873987444063,0.34719998
B2A,b985c8d0f9.jpg,0.7757261690937285,0.45323074
B2A,b989430548.jpg,0.5389952837381978,0.5315356
B2A,b9902d5a97.jpg,0.8644042678149044,0.35439348
B2A,b99379d9e0.jpg,0.5693077157196573,0.41368294
B2A,b9973b92ba.jpg,0.6897109560087428,0.34545478
B2A,b99824d883.jpg,0.5955324904559084,0.37972194
B2A,b9a991202d.jpg,0.8538858610870141,0.34172606
B2A,b9bc2a225e.jpg,0.8206392487746084,0.39403155
B2A,b9cad6e8c0.jpg,0.6974010251953507,0.4695406
B2A,b9cd30a1eb.jpg,0.6136913457874343,0.2960551
B2A,b9d2ba2502.jpg,0.7723772100173342,0.31671458
B2A,b9d441588e.jpg,0.7716301521494774,0.3496406
B2A,b9d6b906b5.jpg,0.765849852605227,0.41828752
B2A,b9de8e1e60.jpg,0.7179891829940945,0.32844228
B2A,b9ea51b317.jpg,0.722982557930418,0.458354
B2A,b9eb4c4e23.jpg,0.7878631082806556,0.36618674
B2A,b9f955e5da.jpg,0.7659055880105393,0.5211945
B2A,ba3fc5aaf6.jpg,0.707498600594776,0.3992685
B2A,ba4f07f939.jpg,0.8521267007162957,0.430026
B2A,ba57ad5d60.jpg,0.7314998733435535,0.37395254
B2A,ba6cdd170e.jpg,0.6710547178900667,0.45148897
B2A,ba7c346ee6.jpg,0.7241848582270891,0.35144073
B2A,ba7d2f82f3.jpg,0.7496135880029935,0.40752274
B2A,ba8511d50b.jpg,0.7628034446498873,0.42350852
B2A,ba861fc7fc.jpg,0.6473333526585633,0.44043407
B2A,ba900f7b05.jpg,0.6655386149711539,0.47835323
B2A,ba93309fda.jpg,0.7020029709064515,0.41668507
B2A,baa1ec6741.jpg,0.8456916286769026,0.34814587
B2A,baa5eaf58a.jpg,0.7271991774857175,0.4060298
B2A,baa60c9bed.jpg,0.7471787775523437,0.3002842
B2A,baac2fc0d9.jpg,0.7253200174230396,0.31879717
B2A,bab560daee.jpg,0.7592400169907321,0.33908275
B2A,bac7bbda07.jpg,0.8209940055773546,0.3848136
B2A,baca7c1baf.jpg,0.8737495472217307,0.32070678
B2A,bad95e0688.jpg,0.8433924992643247,0.37754697
B2A,bae17c2143.jpg,0.909304403884601,0.36258638
B2A,bae6056ca8.jpg,0.5740812331721362,0.40081266
B2A,baef9a3993.jpg,0.8686113328881584,0.30656284
B2A,bafb1adc1f.jpg,0.7600700401602513,0.3734086
B2A,bb017d43a9.jpg,0.8033499095345095,0.3963646
B2A,bb15fcc4ff.jpg,0.8064373074375167,0.47834367
B2A,bb313a5e16.jpg,0.6971525590991362,0.49002004
B2A,bb3377f200.jpg,0.8084220846496702,0.2573334
B2A,bb38cedde5.jpg,0.7196585577253809,0.33826587
B2A,bb3ef64acd.jpg,0.914449677599311,0.30582318
B2A,bb40b8dd7f.jpg,0.7592693188412543,0.27259728
B2A,bb5faf30e9.jpg,0.6781430605173627,0.32613182
B2A,bb64125bc2.jpg,0.8522186560345744,0.44200313
B2A,bb77850a04.jpg,0.7476354307097228,0.41791114
B2A,bb8552f1b5.jpg,0.78210127215518,0.28426853
B2A,bb9d316b1a.jpg,0.7368272113295455,0.39186695
B2A,bba5052be8.jpg,0.9170557709323346,0.3746567
B2A,bbac847eec.jpg,0.7455881962524029,0.32073593
B2A,bbaff218f3.jpg,0.7909065789692887,0.4633426
B2A,bbbfda6b8f.jpg,0.8576680578648255,0.411998
B2A,bbc433fec1.jpg,0.8725060889538423,0.2893353
B2A,bbc5447377.jpg,0.7358489176717815,0.3254627
B2A,bbc6c20473.jpg,0.625612566767039,0.5103516
B2A,bbca95e065.jpg,0.8082035450313727,0.44723088
B2A,bbd1178911.jpg,0.8035258281227259,0.2920879
B2A,bbe716a5ba.jpg,0.6653833721244561,0.5951034
B2A,bbf7c36959.jpg,0.730349814881425,0.29425356
B2A,bbfe762240.jpg,0.8067180062969983,0.44245967
B2A,bc00b49aa2.jpg,0.9038446338793876,0.4669143
B2A,bc05774cb8.jpg,0.8401682728071613,0.398671
B2A,bc1296f186.jpg,0.67811397155184,0.39213642
B2A,bc1fa09301.jpg,0.6901428326374142,0.39359766
B2A,bc320f44ee.jpg,0.7168855621657629,0.39348915
B2A,bc34a98e62.jpg,0.6317128073661279,0.4483442
B2A,bc3f932980.jpg,0.6691170137845225,0.56526494
B2A,bc47393bbe.jpg,0.6793824971564626,0.51871294
B2A,bc4cc5e31c.jpg,0.7985829717074383,0.3787509
B2A,bc57ed5fda.jpg,0.735758237046509,0.31655365
B2A,bc59db0454.jpg,0.7066491376891557,0.3412986
B2A,bc76a34f9d.jpg,0.8154315656577215,0.3348816
B2A,bc8579edc4.jpg,0.7025555524097644,0.43384272
B2A,bc89a879fd.jpg,0.7811228437893453,0.4607366
B2A,bc8e187f4f.jpg,0.8834320647383401,0.31659904
B2A,bc97e28ac0.jpg,0.7805892310166372,0.3725449
B2A,bc9defc927.jpg,0.5969858960606672,0.5738835
B2A,bca6fd9039.jpg,0.8060056299229515,0.4934582
B2A,bcad190025.jpg,0.8154518585566028,0.4469829
B2A,bcade75bec.jpg,0.7853102435658769,0.36558145
B2A,bcae56fbed.jpg,0.6315276378966115,0.38792372
B2A,bcc1a87147.jpg,0.7495203431710902,0.41882315
B2A,bcc29192c1.jpg,0.7532270359563278,0.30184394
B2A,bcde913d1d.jpg,0.7933067765652514,0.37896448
B2A,bce46c265e.jpg,0.8192220336948988,0.39649487
B2A,bceb077f5d.jpg,0.7741053556471856,0.41973048
B2A,bcef4b66e6.jpg,0.7794206139999622,0.40500984
B2A,bcf39bcec2.jpg,0.6768114487714445,0.35900074
B2A,bcf3ab621b.jpg,0.735580416307241,0.4985389
B2A,bcf3af118c.jpg,0.636338960675281,0.39979017
B2A,bd2893da68.jpg,0.8305898211647609,0.3412283
B2A,bd2be5968a.jpg,0.7425221144791607,0.35251445
B2A,bd4ff109f0.jpg,0.871081016209352,0.45685115
B2A,bd5056d32e.jpg,0.6964570382786296,0.43893546
B2A,bd58f14f67.jpg,0.6220800715078223,0.41877103
B2A,bd6006597f.jpg,0.7217799504634191,0.28729385
B2A,bd6261963a.jpg,0.7774538337868859,0.4752089
B2A,bd6550715b.jpg,0.8119701003957502,0.45600286
B2A,bd6902ee43.jpg,0.6161478909811802,0.40110117
B2A,bd6a7ec51e.jpg,0.5165628700130285,0.50502074
B2A,bd7003b6b6.jpg,0.7231981482321568,0.2469677
B2A,bd76d694d4.jpg,0.6633770342377324,0.41596854
B2A,bd7e521e90.jpg,0.7875282941847966,0.29561025
B2A,bd7e852fb1.jpg,0.7138556205181679,0.38407698
B2A,bd81e32444.jpg,0.8368876793934419,0.4348073
B2A,bd856bd7d2.jpg,0.7771128234315927,0.3245098
B2A,bd9dbd110c.jpg,0.7431282639841866,0.37576836
B2A,bda011a946.jpg,0.8408169860293169,0.28074646
B2A,bda7612626.jpg,0.8020596970918175,0.5385492
B2A,bda7b5b92a.jpg,0.8328788544808735,0.3272174
B2A,bda920ef3a.jpg,0.7864766076931794,0.48910177
B2A,bdb71b5252.jpg,0.81380383722763,0.35866648
B2A,bdb764be42.jpg,0.6168738489092032,0.6473191
B2A,bdb80159b3.jpg,0.7914936677506066,0.38375026
B2A,bdcfea4c8d.jpg,0.6647190865748288,0.32330367
B2A,bdd2bc2e77.jpg,0.827463738286919,0.29690796
B2A,bdd6cb73e5.jpg,0.7230024255614946,0.3478907
B2A,bde2a9e1fa.jpg,0.9004835569187494,0.341421
B2A,bdf3d3a8e5.jpg,0.8071406978901342,0.31576633
B2A,bdf8b0c5ad.jpg,0.8400150117023218,0.35383362
B2A,be0140dde6.jpg,0.753403303692792,0.46767938
B2A,be17aa711c.jpg,0.5563118870060657,0.4151203
B2A,be19b2eac9.jpg,0.7188856996192813,0.36422604
B2A,be307d9b2d.jpg,0.8208779766691492,0.3087044
B2A,be30ee9635.jpg,0.7851239997737681,0.3822384
B2A,be58cca5c2.jpg,0.716461048551853,0.43827254
B2A,be5a727d8a.jpg,0.7672425484113496,0.33251867
B2A,be5e1ffaf7.jpg,0.8475915094399573,0.31571376
B2A,be66a96894.jpg,0.8811889681639995,0.29165903
B2A,be6d9981a3.jpg,0.8216808925890826,0.2511186
B2A,be74caa0c9.jpg,0.5632832522975776,0.56610626
B2A,be76e135d1.jpg,0.5868925143800272,0.57134086
B2A,be7c00594f.jpg,0.8041518733001054,0.33154088
B2A,be8015beea.jpg,0.6726764546136665,0.48054695
B2A,be87bba931.jpg,0.6362477441348735,0.5529564
B2A,be9710f956.jpg,0.7091408350896811,0.66655153
B2A,beb00f6bd4.jpg,0.7798678044962837,0.35908577
B2A,beb8830662.jpg,0.7682975412697829,0.28546536
B2A,bebbb8b76e.jpg,0.7280021488932951,0.27675432
B2A,bec2bc2d65.jpg,0.873121826069916,0.32674485
B2A,bec49b01dd.jpg,0.7707159785193717,0.37258977
B2A,bec4efcf0e.jpg,0.6946787181846222,0.33596963
B2A,becea1ec0d.jpg,0.7517733504437103,0.44051197
B2A,bed5847c27.jpg,0.6424266383729611,0.5738585
B2A,bed803c046.jpg,0.6712507656745259,0.570394
B2A,bedb0b8e17.jpg,0.6927648556638288,0.31643775
B2A,bee0d00197.jpg,0.6153523532319282,0.43695998
B2A,bee8605fcd.jpg,0.8290581006421754,0.3495438
B2A,bee867c967.jpg,0.6261536480398632,0.5640627
B2A,beebd3d7ff.jpg,0.7841184359730418,0.31527424
B2A,beec4e482c.jpg,0.7740525016962345,0.28125444
B2A,bf07ab5c4a.jpg,0.7492139696775567,0.39225918
B2A,bf0e0a58a4.jpg,0.6179235024572699,0.4872132
B2A,bf2216d133.jpg,0.6489978865479472,0.4166509
B2A,bf28de635c.jpg,0.7383397363982522,0.39863595
B2A,bf36a527ab.jpg,0.6482147106942766,0.4898557
B2A,bf3ece26c1.jpg,0.6545313781224373,0.5902349
B2A,bf6062190e.jpg,0.7344701152601758,0.5404572
B2A,bf61f9adb1.jpg,0.7016600347057704,0.35691586
B2A,bf6ed52f2c.jpg,0.8029180879027483,0.27958393
B2A,bf72b298bc.jpg,0.6782510240716958,0.4461538
B2A,bf7b0e4b1f.jpg,0.6720664294284409,0.37595767
B2A,bf8f3d28ae.jpg,0.7188459687910205,0.39975932
B2A,bf918a456c.jpg,0.7283117354623803,0.48664227
B2A,bf94cca435.jpg,0.7451458924627876,0.3244995
B2A,bf964262b6.jpg,0.7218321699551478,0.5086904
B2A,bfc6144838.jpg,0.8481172919923549,0.3800664
B2A,bfc622bb44.jpg,0.8645632040163497,0.33820313
B2A,c006c643f8.jpg,0.760223373989968,0.28526655
B2A,c009f9904a.jpg,0.7431224046420047,0.47870824
B2A,c013680118.jpg,0.7308176376938552,0.3570973
B2A,c015570ab7.jpg,0.6767822300993172,0.52408904
B2A,c017fac753.jpg,0.6990287316758713,0.48104596
B2A,c018d5dbf7.jpg,0.7741469665693739,0.40616417
B2A,c0287a48f4.jpg,0.7729700091994336,0.3502152
B2A,c02e89c4d3.jpg,0.8103328382120585,0.38555378
B2A,c0301eeaaf.jpg,0.6237779917658436,0.4496855
B2A,c031d1622c.jpg,0.6461500531635507,0.4120952
B2A,c03cf43784.jpg,0.8188884217837987,0.35673058
B2A,c0511e5414.jpg,0.7137149564943411,0.4121676
B2A,c06ff30cd5.jpg,0.7533708547643415,0.3446986
B2A,c0757c90f9.jpg,0.8398006783689423,0.3633126
B2A,c081f34667.jpg,0.7344651118852146,0.36127877
B2A,c0876f3b2b.jpg,0.7720382439944858,0.3372904
B2A,c08ee1f5aa.jpg,0.7467832613719937,0.46458006
B2A,c09421b98c.jpg,0.7066331156007796,0.3929639
B2A,c09cd67282.jpg,0.5656652509361906,0.2550112
B2A,c0a3fb3571.jpg,0.9022172894324372,0.2663695
B2A,c0a72ce31e.jpg,0.8547544302694124,0.34670672
B2A,c0b55c941e.jpg,0.6899731496186094,0.33576623
B2A,c0b977acfb.jpg,0.7446216321815837,0.3421648
B2A,c0be01b9c9.jpg,0.7643841573035238,0.47943175
B2A,c0c0e3575b.jpg,0.7960311633660423,0.3270086
B2A,c0e7dfa5ed.jpg,0.6963986922663118,0.36691195
B2A,c0f19d6031.jpg,0.6795990382293027,0.43810028
B2A,c0fe7fd0a7.jpg,0.6685162348442183,0.4477858
B2A,c10183721e.jpg,0.8615058268731097,0.31000745
B2A,c1114abb60.jpg,0.7935238032711749,0.42800266
B2A,c123f051ca.jpg,0.7514077425711171,0.46756455
B2A,c125e1a1f6.jpg,0.6336603598667566,0.33939737
B2A,c1294c7cd9.jpg,0.7996683850589508,0.28121608
B2A,c12c1c978e.jpg,0.6067069783402206,0.5562824
B2A,c12e14b962.jpg,0.7458454939230931,0.39388818
B2A,c1339587e8.jpg,0.7728117143273949,0.39206022
B2A,c137e13300.jpg,0.78784238550397,0.475736
B2A,c14426ebfc.jpg,0.7524601785743339,0.3995793
B2A,c15a72a99a.jpg,0.7974139615306637,0.31620538
B2A,c16ed7863f.jpg,0.7758827130799703,0.41064665
B2A,c190aa34f8.jpg,0.9279209738489759,0.47687495
B2A,c19312ad74.jpg,0.6909665161173858,0.41386545
B2A,c1972547d1.jpg,0.7461352962964192,0.30463225
B2A,c1a8c428f6.jpg,0.7673623075046072,0.4475413
B2A,c1b1ad3d68.jpg,0.8026892746415302,0.38196883
B2A,c1b2b47959.jpg,0.6421165074976891,0.35395953
B2A,c1b7f78159.jpg,0.655390118007362,0.38061863
B2A,c1c634b4eb.jpg,0.8235964354317382,0.31349638
B2A,c1d0fe9abe.jpg,0.6354266458934569,0.4057847
B2A,c1d5a31a74.jpg,0.6059713416377062,0.50602025
B2A,c1e5b119c4.jpg,0.6816406490964196,0.31751317
B2A,c1f932fee3.jpg,0.8429368193774934,0.3371229
B2A,c1f9da41e1.jpg,0.8714743506402192,0.37255725
B2A,c1fb81bcfa.jpg,0.7362729254794561,0.37278956
B2A,c2266bed41.jpg,0.840106659345525,0.58862346
B2A,c2307e363e.jpg,0.8352547854461032,0.33919007
B2A,c236cbe5eb.jpg,0.8767219753277345,0.48427844
B2A,c236d99e18.jpg,0.8016709495609826,0.30778527
B2A,c23e040ff8.jpg,0.7930557714499588,0.44908547
B2A,c2607646ad.jpg,0.8773845421374349,0.27412856
B2A,c262fe08f9.jpg,0.7592672529234857,0.30207306
B2A,c2656884dd.jpg,0.8206728995815028,0.3735901
B2A,c26e1a3dea.jpg,0.7944051118236805,0.34868473
B2A,c2708f8a47.jpg,0.7802201601270978,0.30727652
B2A,c27ca11d75.jpg,0.7342680727416796,0.43546468
B2A,c280ccdd9b.jpg,0.828626716309886,0.33573937
B2A,c284ce5f6f.jpg,0.7642024154232947,0.42049044
B2A,c2869dc39f.jpg,0.7364284329673725,0.39935604
B2A,c287068c8b.jpg,0.7481616087989154,0.31219903
B2A,c29a81a99d.jpg,0.7527849621930519,0.47847506
B2A,c2acbc2675.jpg,0.8383187362501938,0.41575772
B2A,c2b79f204d.jpg,0.735827163902539,0.4361939
B2A,c2c2cd230b.jpg,0.7194653346824751,0.45532364
B2A,c2d01b1977.jpg,0.7863940252841324,0.39827058
B2A,c2d909e551.jpg,0.8607447555808747,0.31313723
B2A,c2dfec8e9a.jpg,0.8439510902557044,0.35663375
B2A,c2e0f637ed.jpg,0.7888464942266921,0.359051
B2A,c2f49209fa.jpg,0.6254915430143744,0.8022472
B2A,c2fe4fa436.jpg,0.8319514180252716,0.29937428
B2A,c303744625.jpg,0.8567936090348879,0.34333766
B2A,c315adb658.jpg,0.7777781488470692,0.3990263
B2A,c31cad8dc1.jpg,0.808904574861985,0.37649223
B2A,c329a43ef8.jpg,0.6572585685536839,0.35927922
B2A,c362a50b71.jpg,0.8709422637702414,0.3209422
B2A,c36ee485ab.jpg,0.6974767582811372,0.45484248
B2A,c373467807.jpg,0.8220169805253483,0.280371
B2A,c37e6749d1.jpg,0.7431830880176471,0.38374913
B2A,c38cd66489.jpg,0.8623255856294741,0.3002902
B2A,c398543807.jpg,0.7996774230868225,0.41551274
B2A,c39ac686c7.jpg,0.6768965324604468,0.30762285
B2A,c3ae8d9885.jpg,0.6338078894803785,0.41634053
B2A,c3b0c7adb5.jpg,0.6996182903111906,0.55844176
B2A,c3b262e6c5.jpg,0.5294593005803794,0.48623624
B2A,c3b45ccdf0.jpg,0.7150349989985606,0.45911998
B2A,c3c8443027.jpg,0.8168774324742316,0.33967647
B2A,c3d7a24d73.jpg,0.7519671204936742,0.35251808
B2A,c3e565166e.jpg,0.7975048813937523,0.48272288
B2A,c3e6b45f00.jpg,0.8260524566960362,0.37263837
B2A,c3f82846fa.jpg,0.8950525842047105,0.38798594
B2A,c40157edb5.jpg,0.8327614428727124,0.4009192
B2A,c419f70dc7.jpg,0.7830427734681,0.29392514
B2A,c41d11bc49.jpg,0.7444358022887204,0.33203524
B2A,c428c52f81.jpg,0.6374893503558671,0.43990928
B2A,c456016d2d.jpg,0.7531240240852198,0.38018888
B2A,c458ed7411.jpg,0.6662336624243173,0.40798974
B2A,c45ddef2b3.jpg,0.8808940204924353,0.3819063
B2A,c46fcd1a80.jpg,0.7945510032765422,0.41917878
B2A,c470eb30ef.jpg,0.7496617296339823,0.29380402
B2A,c47e602b0b.jpg,0.7435207364324413,0.39671662
B2A,c47e788e86.jpg,0.8460446897416274,0.36810678
B2A,c4808eb22d.jpg,0.7512163193062206,0.44374034
B2A,c48dd873be.jpg,0.8900095959585704,0.39386714
B2A,c4bdcb6dd9.jpg,0.8321179076571701,0.3648505
B2A,c4c39ac3f9.jpg,0.7763609194009213,0.35967803
B2A,c4ced9cad1.jpg,0.8593024665590224,0.32400697
B2A,c4d6a7c8a9.jpg,0.7572140235308475,0.37036678
B2A,c4d73047e1.jpg,0.8414468705085336,0.39854062
B2A,c4d8884b3c.jpg,0.8834768822233062,0.3837272
B2A,c4d8c03cf8.jpg,0.7607272481025069,0.38042268
B2A,c4d9fbfb1f.jpg,0.7622407949189549,0.5439021
B2A,c4db21f52d.jpg,0.8442239643347393,0.4146322
B2A,c4e15cdce1.jpg,0.8401051391165855,0.48811156
B2A,c4e6130960.jpg,0.7999441131911925,0.5727831
B2A,c4f7170246.jpg,0.7940417380597652,0.43586522
B2A,c4fd20f2ce.jpg,0.7789594892615777,0.37590754
B2A,c50547f5fc.jpg,0.6413261718059152,0.5366346
B2A,c50837aa54.jpg,0.7523924153692839,0.44101846
B2A,c52044fdd2.jpg,0.8302538994561822,0.43036872
B2A,c524c49931.jpg,0.822821919106682,0.3669715
B2A,c525d82983.jpg,0.6635520488096266,0.38233262
B2A,c525dc1668.jpg,0.834547571041847,0.62807834
B2A,c526e4cab7.jpg,0.7935868571523155,0.25757185
B2A,c52cb8c926.jpg,0.7549840199874148,0.35011315
B2A,c531391a54.jpg,0.5229403771267013,0.35888225
B2A,c5440d3858.jpg,0.7959764169322265,0.35951453
B2A,c5496898d9.jpg,0.702670832746628,0.46868888
B2A,c54c5368af.jpg,0.7779985048529295,0.30176538
B2A,c5656a3bc2.jpg,0.7533447465702198,0.37369424
B2A,c570a774e2.jpg,0.7323530804051781,0.408207
B2A,c57cb4cc7d.jpg,0.6649374869988572,0.4720769
B2A,c57ecc2387.jpg,0.8571076057852255,0.33792093
B2A,c58fea646b.jpg,0.7784264933892502,0.35916445
B2A,c5921d07d4.jpg,0.8196141461090591,0.4416913
B2A,c595a52c39.jpg,0.5279464236201855,0.41499862
B2A,c598a0b020.jpg,0.6078209947352736,0.4399369
B2A,c59d7d374c.jpg,0.8343606565139506,0.38460025
B2A,c5a2b9c91c.jpg,0.6552390664064839,0.31303716
B2A,c5acb37086.jpg,0.8003576485670986,0.39203393
B2A,c5b7abcf1a.jpg,0.6315391565245313,0.47221187
B2A,c5c1ce91be.jpg,0.7275051414406917,0.51949537
B2A,c5c637557c.jpg,0.7739823407435301,0.3616375
B2A,c5df072a87.jpg,0.8090218057598239,0.4002434
B2A,c5e14d505f.jpg,0.7885566929267843,0.2995156
B2A,c5e6a04538.jpg,0.8294528551312096,0.390705
B2A,c5ec21dc91.jpg,0.8421152870655795,0.35119838
B2A,c5edeee0c7.jpg,0.7541110594082356,0.39456624
B2A,c5f84dbc49.jpg,0.663049942398652,0.28353855
B2A,c6023eafa9.jpg,0.8039069472060579,0.34068
B2A,c602fe2139.jpg,0.7361788906231971,0.5172743
B2A,c60ce9a7c7.jpg,0.7669931284776147,0.4317938
B2A,c6145ae196.jpg,0.620349970029949,0.5215263
B2A,c61687bbf7.jpg,0.8361730607709799,0.43922123
B2A,c61c78d0ca.jpg,0.7138002209268077,0.26379257
B2A,c62219be8a.jpg,0.4839441353203082,0.3941331
B2A,c63612e996.jpg,0.8174665145632827,0.54780626
B2A,c6500baba8.jpg,0.692841397329307,0.46642497
B2A,c65d66d192.jpg,0.6860683182775363,0.30259147
B2A,c6677c412d.jpg,0.7741815495435546,0.33010986
B2A,c673cb8573.jpg,0.7961835864303337,0.44974184
B2A,c67451f208.jpg,0.7806627501852598,0.33819237
B2A,c68341c3b7.jpg,0.7637939050132333,0.30037504
B2A,c686b36f96.jpg,0.7499803098751499,0.4116435
B2A,c6881f63ec.jpg,0.6842079119921438,0.43007463
B2A,c6a2fbabf7.jpg,0.806981244949721,0.3268814
B2A,c6a4a9aeb2.jpg,0.8369605142215106,0.42020407
B2A,c6a58d81ef.jpg,0.8437669861016568,0.34638935
B2A,c6ad8bd40d.jpg,0.7152059869583169,0.5661604
B2A,c6aea7cf4f.jpg,0.7785650150707113,0.3829018
B2A,c6af326883.jpg,0.6699832495073255,0.4315224
B2A,c6b10318be.jpg,0.7708032938521527,0.38745272
B2A,c6c4b33994.jpg,0.8110045964648854,0.55510986
B2A,c6d9ef38ee.jpg,0.7182227709184246,0.31514528
B2A,c6e35b7a8e.jpg,0.8346880565194915,0.3851588
B2A,c6f400cade.jpg,0.8136784839398543,0.3003986
B2A,c6f871bb47.jpg,0.7390573039832059,0.39951304
B2A,c7043864d2.jpg,0.6256169174653474,0.46922508
B2A,c72720ffb0.jpg,0.6208310497236885,0.35787952
B2A,c736950d4e.jpg,0.6194131435653422,0.43527147
B2A,c7380a0fa2.jpg,0.8053283993605793,0.38718382
B2A,c73d060b7f.jpg,0.8751194200920837,0.29448992
B2A,c7427a066e.jpg,0.8699661030678246,0.29112738
B2A,c74314fb5c.jpg,0.5735133865311643,0.35394016
B2A,c748dcc2c7.jpg,0.8735681938526323,0.36575764
B2A,c74ae24a89.jpg,0.7214989425536891,0.47854447
B2A,c7608e5539.jpg,0.5588297533282042,0.36848912
B2A,c7622b657d.jpg,0.5184116069229716,0.6396207
B2A,c76acdaaa5.jpg,0.9115340991002271,0.31157684
B2A,c7736d8864.jpg,0.8144720808867215,0.36493284
B2A,c7736e2c50.jpg,0.7975128174293968,0.37014034
B2A,c77ecc882a.jpg,0.7803777138090803,0.3487938
B2A,c78308fb1e.jpg,0.5773704623643464,0.35129306
B2A,c7880ba0c2.jpg,0.7671407465675039,0.36769485
B2A,c788baf225.jpg,0.6341363617873301,0.39576343
B2A,c78a6e867e.jpg,0.5712410448645863,0.23839846
B2A,c78bc2db57.jpg,0.8076546009963871,0.34769925
B2A,c793220e43.jpg,0.7357661932712608,0.2516358
B2A,c7bf31ca58.jpg,0.7305251221523796,0.41471815
B2A,c7cc509a06.jpg,0.7254503403864195,0.5290975
B2A,c7d0dc1d10.jpg,0.7061822744012031,0.45495784
B2A,c7eaf9c07a.jpg,0.8157863363725048,0.41769832
B2A,c7f524e16e.jpg,0.5956519365555727,0.47523814
B2A,c7f9e63db6.jpg,0.7341685907464535,0.42113307
B2A,c80007786e.jpg,0.5666955070245878,0.46747062
B2A,c81299eae0.jpg,0.8474089645265708,0.3940188
B2A,c8185b191d.jpg,0.7586975426584186,0.30825275
B2A,c81b6373f2.jpg,0.666237823510973,0.43268862
B2A,c81c856677.jpg,0.8268839058898834,0.41521648
B2A,c82080c8de.jpg,0.6902880757866288,0.4603207
B2A,c82b51e41e.jpg,0.6267637863696914,0.4826702
B2A,c840700a72.jpg,0.7643256993652948,0.29364812
B2A,c84627330d.jpg,0.8275954876823839,0.273037
B2A,c84660744f.jpg,0.8069448304032782,0.29884106
B2A,c851e6f6e0.jpg,0.6817776121688297,0.35065967
B2A,c8549dd38b.jpg,0.5917746248370354,0.58060133
B2A,c86587b1e8.jpg,0.5339696948007789,0.43535
B2A,c8694cefc7.jpg,0.8335712623069284,0.2925294
B2A,c86a62e6d2.jpg,0.8309269100280418,0.30341387
B2A,c86f9ec4f7.jpg,0.7415753774142305,0.36209652
B2A,c87264d97f.jpg,0.6877057825250723,0.42652643
B2A,c88254adbe.jpg,0.7767057837463938,0.38666055
B2A,c882d8abac.jpg,0.7037077762831965,0.44602752
B2A,c8840a2e27.jpg,0.639384324072087,0.5426328
B2A,c889794bf7.jpg,0.7597890577395826,0.39448822
B2A,c891a570bb.jpg,0.8041721171879942,0.34679207
B2A,c893f6e167.jpg,0.7624060713308631,0.31962004
B2A,c898f3300d.jpg,0.8211357324043468,0.34251004
B2A,c89c107b5b.jpg,0.6691522495057823,0.29237717
B2A,c8a8274cb3.jpg,0.8216340086454395,0.34651262
B2A,c8a9cfa14c.jpg,0.8047892516483242,0.44826484
B2A,c8baedacff.jpg,0.716422076156374,0.3481382
B2A,c8bd9caef0.jpg,0.8223545932213903,0.53238434
B2A,c8c45ad5f1.jpg,0.7924192565355406,0.43246922
B2A,c8cb8e85e7.jpg,0.7867944446282602,0.38922298
B2A,c8d05086f2.jpg,0.6472059663672981,0.4444998
B2A,c8d6f98b20.jpg,0.740616494310992,0.31782174
B2A,c8da3631bf.jpg,0.6898438725066534,0.34530157
B2A,c8ea1e9ef3.jpg,0.7178447618593918,0.33163828
B2A,c8ed12953b.jpg,0.7600587345710093,0.4224316
B2A,c8f1b865ca.jpg,0.7315837384658552,0.38328892
B2A,c8f7e3f9ee.jpg,0.7645792599688307,0.38540494
B2A,c9020a4441.jpg,0.6936711933767147,0.55737525
B2A,c90b0c1ad5.jpg,0.7920313432746425,0.31013352
B2A,c91473f497.jpg,0.6591438753215882,0.29548436
B2A,c91c752661.jpg,0.691342377927766,0.31596652
B2A,c925172e83.jpg,0.8674267203879307,0.3547394
B2A,c9347e1e7b.jpg,0.895090010635874,0.39795694
B2A,c936589fe5.jpg,0.6964276341313542,0.36023712
B2A,c9377ac739.jpg,0.7271032724159094,0.4066018
B2A,c943d77639.jpg,0.5987046453076834,0.41613215
B2A,c950a3f6af.jpg,0.6071594907710924,0.42979026
B2A,c9596992ba.jpg,0.9112868057365412,0.39571425
B2A,c963de7b44.jpg,0.6801680745560544,0.43972304
B2A,c965459a49.jpg,0.7695961986804534,0.48193443
B2A,c9677c2983.jpg,0.6468095631354334,0.5402097
B2A,c96ca42d91.jpg,0.6970666382456268,0.5730485
B2A,c974562e36.jpg,0.8563013545545948,0.48119387
B2A,c97cfcba7e.jpg,0.6477949185295783,0.47596774
B2A,c9823e7ce1.jpg,0.651895927109635,0.3204701
B2A,c983c41dd9.jpg,0.8046173279401999,0.30218148
B2A,c986b6924c.jpg,0.833675281101238,0.43404824
B2A,c98a568b5d.jpg,0.6789200104520453,0.45859718
B2A,c9aea3d9d6.jpg,0.7279537295658034,0.37200192
B2A,c9afde6424.jpg,0.9161006539442295,0.32917157
B2A,c9bca1b8ea.jpg,0.7964488301549103,0.30921113
B2A,c9bdf7e5df.jpg,0.7205813488343908,0.6349597
B2A,c9c007ddc3.jpg,0.7288891509142482,0.47032705
B2A,c9c6d6eb3a.jpg,0.7018825886830268,0.37666675
B2A,c9cba4bd0e.jpg,0.6891773445455802,0.5255556
B2A,c9d20d84df.jpg,0.575886514752685,0.37147462
B2A,c9d61587a2.jpg,0.791249432698448,0.3452649
B2A,c9e242367f.jpg,0.817675710056949,0.30163157
B2A,c9e589eb2d.jpg,0.8394500938330203,0.39126703
B2A,c9ff68f5a2.jpg,0.6753130680383325,0.5251358
B2A,ca048034a1.jpg,0.5674578902325115,0.48190054
B2A,ca1c1e0ab4.jpg,0.7322161600725974,0.4544766
B2A,ca2d56ade5.jpg,0.7822615254085049,0.33473554
B2A,ca350be337.jpg,0.684329273051142,0.45078966
B2A,ca386d38d2.jpg,0.761979092322533,0.40742624
B2A,ca4170de40.jpg,0.6373518459989019,0.39987034
B2A,ca4a5b1d15.jpg,0.7979430575434233,0.46052808
B2A,ca6254d8af.jpg,0.8479067667018806,0.30589134
B2A,ca62c55ebe.jpg,0.6855490042880238,0.42934984
B2A,ca66e77e70.jpg,0.55156713572011,0.31422374
B2A,ca6833900f.jpg,0.6882190613834408,0.2723331
B2A,ca772b116e.jpg,0.7735754311701002,0.347583
B2A,ca7b9ae1dd.jpg,0.794151910227802,0.3719952
B2A,ca7ef68a39.jpg,0.7354236566499311,0.3518411
B2A,ca989796e8.jpg,0.6011217276502403,0.36753026
B2A,caa1dcc886.jpg,0.8402645466352997,0.3349847
B2A,caa6d72fa5.jpg,0.6667832055397703,0.3784029
B2A,cac056399a.jpg,0.7862116410925345,0.43772912
B2A,cac112db80.jpg,0.7607516834436946,0.3350844
B2A,cacfe238bb.jpg,0.745143857333687,0.2899474
B2A,cae6f0d5e8.jpg,0.7623263165574283,0.52993965
B2A,caf18820a4.jpg,0.6734044579322604,0.20606363
B2A,cafbfecee1.jpg,0.7811299480375294,0.37634927
B2A,cafe98985e.jpg,0.8622684490249742,0.31502298
B2A,caff162d50.jpg,0.8724702367997167,0.33891714
B2A,cb07b1bb83.jpg,0.6436939074247199,0.38390654
B2A,cb09a699d1.jpg,0.7305497293360802,0.37096772
B2A,cb0fc9a127.jpg,0.7482639298590759,0.5052961
B2A,cb15285d36.jpg,0.6344280843644297,0.40220767
B2A,cb165748bf.jpg,0.770417723069553,0.50417066
B2A,cb324a9122.jpg,0.6747121679415844,0.5324327
B2A,cb4aa83692.jpg,0.8013744555765038,0.34616452
B2A,cb706347dd.jpg,0.6975578244832986,0.5013088
B2A,cb767cd641.jpg,0.6814062364112472,0.6395781
B2A,cb845e6db5.jpg,0.767903313002309,0.41096613
B2A,cb88754eed.jpg,0.8761457602024981,0.27995786
B2A,cb91ecbdda.jpg,0.646019545252112,0.47714823
B2A,cb9d6af792.jpg,0.8061019546143299,0.32337275
B2A,cb9dbaeffd.jpg,0.7216676627275467,0.4199317
B2A,cba38c093b.jpg,0.7332479114112966,0.3749116
B2A,cbafaf9b74.jpg,0.7271826254228329,0.32311788
B2A,cbb6e14382.jpg,0.9094987544539087,0.35905576
B2A,cbc4a88c49.jpg,0.7453461524650671,0.30400187
B2A,cbca2560a2.jpg,0.6900258596853307,0.3210187
B2A,cbca377969.jpg,0.7640327214564303,0.35987395
B2A,cbcc092607.jpg,0.8101800098440279,0.4196316
B2A,cbd686ea00.jpg,0.721620616840865,0.33849344
B2A,cbdd08a030.jpg,0.7925647326016252,0.35141292
B2A,cbddae001d.jpg,0.7196882419139026,0.33602875
B2A,cbf582621e.jpg,0.7090236142499114,0.44040856
B2A,cbf635d566.jpg,0.8152647009061513,0.37887624
B2A,cbfb794656.jpg,0.7528932071605382,0.35931852
B2A,cc03a70f14.jpg,0.7151839506374303,0.3109712
B2A,cc0a0dab48.jpg,0.6962234245232722,0.4617411
B2A,cc27c5fa12.jpg,0.49952036663577193,0.40212762
B2A,cc37cc11a3.jpg,0.684824411787357,0.39010265
B2A,cc397c87b0.jpg,0.8992734816757314,0.41660225
B2A,cc3d775c49.jpg,0.8565865746834372,0.24534535
B2A,cc46b14bbf.jpg,0.8585520915219219,0.32658073
B2A,cc47cfe509.jpg,0.700646284831122,0.46214777
B2A,cc48975f1d.jpg,0.802551602531468,0.42565414
B2A,cc4e40864c.jpg,0.8740621847019205,0.40291262
B2A,cc5078a63b.jpg,0.7349601309659337,0.5563858
B2A,cc57246e94.jpg,0.7516796205385059,0.43621212
B2A,cc5ba51fab.jpg,0.8704606965990834,0.38625097
B2A,cc5fa7dcc6.jpg,0.6696632328975707,0.4733843
B2A,cc700e2ff5.jpg,0.7210516222863737,0.54026705
B2A,cc701e6899.jpg,0.8588586124005204,0.41516742
B2A,cc74028fc2.jpg,0.63858690765291,0.38671643
B2A,cc79011331.jpg,0.7391845902926719,0.27033973
B2A,cc85351248.jpg,0.763177553175489,0.32825148
B2A,cc8ce9bce8.jpg,0.7043640466747781,0.38603264
B2A,cc8ea5c3ef.jpg,0.8549850291842472,0.3904131
B2A,cc9c7d2ee1.jpg,0.8097650831378024,0.40269142
B2A,cca944dbaa.jpg,0.7809308731142626,0.29780555
B2A,ccac22a865.jpg,0.6723632239013946,0.41545862
B2A,ccb1c281ea.jpg,0.79553006608862,0.40440693
B2A,ccdae48f44.jpg,0.6587689287703704,0.41289338
B2A,ccdb51d513.jpg,0.6468912059899283,0.34755224
B2A,cce7dc8ab2.jpg,0.8066682686496204,0.2864101
B2A,cceb177f89.jpg,0.7245806272855625,0.2755982
B2A,ccf03e66bc.jpg,0.6133124729783934,0.4931906
B2A,ccf1814c56.jpg,0.7668522035191869,0.4150148
B2A,cd002af052.jpg,0.6896537043877007,0.5169404
B2A,cd002f704d.jpg,0.778139208395329,0.34504497
B2A,cd06750eef.jpg,0.8497221071423269,0.25537735
B2A,cd06b978fe.jpg,0.8659356128062732,0.36935413
B2A,cd093d4318.jpg,0.7367454927041563,0.42481622
B2A,cd0952c111.jpg,0.8519519664741467,0.2707245
B2A,cd1cb040fe.jpg,0.7422899356176834,0.34620562
B2A,cd303186fb.jpg,0.5322863649922708,0.5653116
B2A,cd34097029.jpg,0.6919225762408796,0.4828066
B2A,cd396d99a3.jpg,0.783029674298023,0.36805162
B2A,cd3feb1181.jpg,0.6488474194564076,0.464979
B2A,cd5d08f5be.jpg,0.7501332029185861,0.39258313
B2A,cd5e26b488.jpg,0.8419227606308431,0.35538173
B2A,cd697d2806.jpg,0.6806273088313154,0.35701764
B2A,cd6ebe93ba.jpg,0.6732731303056922,0.4217441
B2A,cd7c6b3be6.jpg,0.8911685776393443,0.33341324
B2A,cd805dd2c1.jpg,0.7699732270183538,0.4152766
B2A,cd813194f8.jpg,0.6796460626008763,0.5148751
B2A,cd8869c459.jpg,0.6565209505864958,0.35247105
B2A,cd8f124bd5.jpg,0.7777913957862521,0.29652512
B2A,cd909a57e7.jpg,0.7051918596563735,0.42817867
B2A,cd91b78ba2.jpg,0.6777865690712583,0.44407034
B2A,cd9d87bc3d.jpg,0.7436146116117751,0.37088156
B2A,cdb10fd47a.jpg,0.7093937061484752,0.51585114
B2A,cdb621d29d.jpg,0.7937410635729886,0.36809704
B2A,cdd0aedc77.jpg,0.7316010387551587,0.49879217
B2A,cddb43b9e7.jpg,0.7833430006568383,0.38520965
B2A,cddc890db6.jpg,0.762641817832581,0.44716853
B2A,cde8917c39.jpg,0.6422630587452938,0.34785542
B2A,ce09815c9c.jpg,0.6269068303746367,0.48467582
B2A,ce107a12eb.jpg,0.8535191926141091,0.3964646
B2A,ce15456147.jpg,0.8056238317640103,0.3643086
B2A,ce1740b144.jpg,0.6939651550582798,0.26267076
B2A,ce18e0a0f5.jpg,0.789124628745524,0.4477327
B2A,ce2918591f.jpg,0.8039557049310408,0.30536675
B2A,ce2a521382.jpg,0.6022625670561625,0.41091302
B2A,ce4521380b.jpg,0.7886776379957544,0.5783067
B2A,ce4868171a.jpg,0.6989135324378253,0.43380386
B2A,ce4c59ff3a.jpg,0.7915836106435289,0.32276094
B2A,ce55094dff.jpg,0.6888583847056988,0.35814834
B2A,ce56788f42.jpg,0.7953603769480769,0.35203746
B2A,ce5ac8d0da.jpg,0.7564969160944733,0.4325485
B2A,ce5b830de2.jpg,0.8513982546321279,0.2562281
B2A,ce5d913383.jpg,0.7762038560748703,0.4432212
B2A,ce6578f48a.jpg,0.8301250536564658,0.31655353
B2A,ce7a05feca.jpg,0.8100658995771014,0.4637542
B2A,ce83fda480.jpg,0.7618510420539741,0.30233547
B2A,ce9872420a.jpg,0.6574542611704235,0.5002591
B2A,ce9998c68f.jpg,0.6181010002844746,0.49442053
B2A,cec03efc5b.jpg,0.6969839191702973,0.4340936
B2A,cec134e6c0.jpg,0.8534050295189046,0.3308915
B2A,ceca1f8fa9.jpg,0.6499298360681309,0.4390718
B2A,ced29e1b27.jpg,0.6845763044549182,0.2799096
B2A,ceed1c7fc6.jpg,0.8011938552183192,0.29463607
B2A,cefe679fa9.jpg,0.7435891786717693,0.2982329
B2A,cf019642a5.jpg,0.7697984611391746,0.40222204
B2A,cf02f9afe4.jpg,0.7133076301577753,0.39192146
B2A,cf137a4d6f.jpg,0.8040169682739905,0.3147679
B2A,cf1d695996.jpg,0.8618222016977432,0.35730678
B2A,cf32b9f4e9.jpg,0.7517491062470799,0.43752244
B2A,cf36c56c38.jpg,0.8080677345375132,0.4022887
B2A,cf38193966.jpg,0.792250774693698,0.267198
B2A,cf46e070e9.jpg,0.9285902038525743,0.43671677
B2A,cf476a1333.jpg,0.6888498775796359,0.4362632
B2A,cf510d8083.jpg,0.646405495772686,0.5010003
B2A,cf5d68fd72.jpg,0.6562415341014847,0.3913708
B2A,cf6530e446.jpg,0.7068754740934686,0.43630373
B2A,cf6742d301.jpg,0.6774567439832525,0.5167643
B2A,cf8e66be82.jpg,0.8221265076560618,0.32940516
B2A,cfb3b9881d.jpg,0.6666758675329374,0.5112549
B2A,cfbca208c3.jpg,0.7867711023618245,0.38875023
B2A,cfbcd9372b.jpg,0.7580817167234407,0.3630046
B2A,cfc2bf0c47.jpg,0.7879273082000583,0.48580062
B2A,cfc6d4340f.jpg,0.6150038868774366,0.543316
B2A,cfd44c64b5.jpg,0.7233465511704534,0.31859004
B2A,cfdaa19397.jpg,0.7103720036231286,0.29723662
B2A,cfe8899a0a.jpg,0.7975210293053109,0.3566671
B2A,cff53a63a5.jpg,0.7119254966924792,0.51443547
B2A,d003814d0e.jpg,0.813829895250378,0.34914458
B2A,d00da2c9a6.jpg,0.7312036752410431,0.2885404
B2A,d01c505d6c.jpg,0.7338997768086812,0.47555125
B2A,d01ee012a8.jpg,0.6672543813281878,0.3283807
B2A,d03cc29634.jpg,0.7531070908725611,0.36656332
B2A,d03eda30db.jpg,0.7666024066042509,0.39467
B2A,d053572af4.jpg,0.8359499486319277,0.38145718
B2A,d05f7b46c4.jpg,0.6916772559336415,0.57481825
B2A,d0765946b2.jpg,0.6744675455765249,0.33304474
B2A,d08cb8e751.jpg,0.7433889393188596,0.3300181
B2A,d09ad65e9a.jpg,0.6697987161240532,0.49248344
B2A,d0a1eed9dd.jpg,0.7727436206570896,0.4192327
B2A,d0b792d050.jpg,0.8423034971673118,0.48249498
B2A,d0be1cb49b.jpg,0.6771105861922606,0.32660118
B2A,d0bf5f6a79.jpg,0.8391694187733375,0.52810323
B2A,d0c2bf5ee4.jpg,0.739498442658364,0.37599295
B2A,d0c5001014.jpg,0.8652910560471099,0.3507076
B2A,d0cb3e02c5.jpg,0.707559410177184,0.32130295
B2A,d0de1d07ab.jpg,0.7842892918685019,0.3926087
B2A,d0e02b3cca.jpg,0.6492310159740284,0.37663344
B2A,d0e5067af3.jpg,0.8359970366554553,0.4832037
B2A,d0eda9c6a2.jpg,0.8239924759976676,0.38715097
B2A,d0f878cc17.jpg,0.5880837725380552,0.50998175
B2A,d0ff4dbd71.jpg,0.7118900284303942,0.57306075
B2A,d1015b409e.jpg,0.7231681844900857,0.5214649
B2A,d104600dfb.jpg,0.7951373853017961,0.42128912
B2A,d12a49b5f4.jpg,0.7416229153607955,0.2449587
B2A,d1340eb9e0.jpg,0.7289045130761879,0.401369
B2A,d14363b745.jpg,0.8212623411523363,0.53305006
B2A,d146966f14.jpg,0.7589466037871583,0.2913923
B2A,d161e72471.jpg,0.7437813455001504,0.3714816
B2A,d169a63b7f.jpg,0.7498850470010658,0.44129857
B2A,d17d89d337.jpg,0.6862212971562721,0.4777094
B2A,d1879069e7.jpg,0.6559701404881617,0.5364285
B2A,d188b93438.jpg,0.6765379436038081,0.45218712
B2A,d188df6a22.jpg,0.5524249622139182,0.46462756
B2A,d1893ab238.jpg,0.7786471577190829,0.34832054
B2A,d1a661c8da.jpg,0.7365219764017682,0.29596877
B2A,d1a6cb893d.jpg,0.643504830965139,0.5374608
B2A,d1ad00d90c.jpg,0.6453366037562237,0.54404527
B2A,d1e043b730.jpg,0.7932518049433086,0.38217977
B2A,d1e060bfb6.jpg,0.8282899611617165,0.32325596
B2A,d1e18d7e5b.jpg,0.5330477961603535,0.48616922
B2A,d1e6fbffd7.jpg,0.7684902744045967,0.3881616
B2A,d1f62310c3.jpg,0.7550610821113475,0.35967183
B2A,d225c560e6.jpg,0.7911714632868646,0.33701298
B2A,d246393b8c.jpg,0.5999570605964328,0.4445008
B2A,d279169f0b.jpg,0.8258920460844117,0.38750967
B2A,d27b1e3c9b.jpg,0.8241066564268031,0.37242037
B2A,d2b5bc2fec.jpg,0.8146624464790936,0.4097666
B2A,d2c6728caf.jpg,0.8454883925208888,0.46898457
B2A,d2d4d23be2.jpg,0.812027102110197,0.47565016
B2A,d2db5c1d58.jpg,0.7390994751467974,0.45085716
B2A,d2e17623a7.jpg,0.45859251210774277,0.44408897
B2A,d2e6f685fd.jpg,0.7232078950477746,0.47541982
B2A,d2e84b4d1e.jpg,0.7911526506243818,0.37539005
B2A,d2fc2edddc.jpg,0.8113864940976636,0.364697
B2A,d314454c0e.jpg,0.8441989195016608,0.30701184
B2A,d314628676.jpg,0.8039688168816996,0.4882697
B2A,d3154830df.jpg,0.749813756412376,0.46216917
B2A,d31a8ff3a5.jpg,0.6254788837745747,0.3898923
B2A,d32205861f.jpg,0.7526108442090844,0.41579762
B2A,d3269848d4.jpg,0.6873223138971752,0.35592043
B2A,d3284f750d.jpg,0.7227840652407901,0.36080405
B2A,d32eb0c36c.jpg,0.7559438199686007,0.39412236
B2A,d32ed2129f.jpg,0.871588731326461,0.30696803
B2A,d33072a436.jpg,0.7979168234638238,0.3330912
B2A,d336c14238.jpg,0.8056182231179398,0.25805655
B2A,d3394edae8.jpg,0.8359380157376506,0.35061556
B2A,d33f9a1542.jpg,0.7969823929123672,0.3017345
B2A,d35ae2cbae.jpg,0.7852156523935515,0.4611885
B2A,d35bc5d14a.jpg,0.729534748506297,0.44864774
B2A,d3650f6c75.jpg,0.820821286869739,0.34563306
B2A,d3703e6c9e.jpg,0.8275188258046793,0.33758608
B2A,d37045ad87.jpg,0.7305932511971043,0.43458688
B2A,d37e5269d1.jpg,0.9278319235234427,0.30235827
B2A,d38aea73cd.jpg,0.8111912427288598,0.31778258
B2A,d38b20fe5c.jpg,0.7428733857104621,0.46930203
B2A,d3930d44de.jpg,0.6975957928856623,0.38401395
B2A,d3957c616c.jpg,0.710876881858098,0.3375314
B2A,d39869db76.jpg,0.8079627324131037,0.35408777
B2A,d3a25f9804.jpg,0.7439073712176429,0.4413363
B2A,d3aab5add0.jpg,0.7365440925818666,0.39248416
B2A,d3b6567912.jpg,0.7680313064479413,0.47449136
B2A,d3c463dd3b.jpg,0.7409386199877717,0.39995414
B2A,d3c57387ec.jpg,0.5173887212750401,0.39556196
B2A,d3f0e309e0.jpg,0.881129220305028,0.26009977
B2A,d3f0f026a8.jpg,0.6034489603906015,0.49971235
B2A,d3f2a0bb2c.jpg,0.6482315625309083,0.4274688
B2A,d3f454681f.jpg,0.6751759793450023,0.33283234
B2A,d3f696828f.jpg,0.7490726513563566,0.351343
B2A,d3ff9bca9e.jpg,0.6521625831445673,0.36454386
B2A,d415017bc2.jpg,0.7963599492436788,0.39345253
B2A,d418ba98f8.jpg,0.7505304049771214,0.4665802
B2A,d41cc915ff.jpg,0.8395591176421437,0.35803935
B2A,d42372229a.jpg,0.6747789138520838,0.3969705
B2A,d42f03cd81.jpg,0.787975234023643,0.3891515
B2A,d42f6d7652.jpg,0.7952791911024167,0.36797002
B2A,d4471a4a4e.jpg,0.8176997160428005,0.55685663
B2A,d44857998f.jpg,0.7730967866479425,0.46011227
B2A,d4689bd3d9.jpg,0.8167283637435244,0.22371475
B2A,d47b4da779.jpg,0.8245986824390854,0.32072744
B2A,d4844e2dad.jpg,0.6239268213347313,0.41018626
B2A,d48a2d6bfd.jpg,0.7013067229091976,0.3257649
B2A,d48b8bf03a.jpg,0.7627831571042291,0.47562468
B2A,d492ae08d5.jpg,0.7906686729233909,0.612714
B2A,d498591082.jpg,0.7828426718935831,0.4537558
B2A,d4a71919e4.jpg,0.7381200881199668,0.4681782
B2A,d4bb813fdc.jpg,0.706894272590985,0.42572758
B2A,d4c215c09e.jpg,0.7902264442571953,0.33230135
B2A,d4c2eb38da.jpg,0.6261180555437661,0.46071488
B2A,d4cbd9c9b0.jpg,0.8129007132151613,0.5544305
B2A,d4cdb47bdf.jpg,0.7163428121685155,0.2884425
B2A,d4ce5e251f.jpg,0.6994279588667521,0.2974687
B2A,d4d578acf5.jpg,0.45151104566162664,0.4226706
B2A,d4dbddb77b.jpg,0.7165233421992898,0.43081298
B2A,d4de7602c5.jpg,0.8556300781534582,0.2861542
B2A,d4dee83e40.jpg,0.7979173109993535,0.39734387
B2A,d4e9f0b0ce.jpg,0.7252821957826969,0.26283374
B2A,d4f60f4701.jpg,0.7151647143552927,0.4974478
B2A,d4f9dfa248.jpg,0.7750466085393677,0.33737838
B2A,d509c85ae9.jpg,0.8054638736804851,0.26786995
B2A,d5111e3439.jpg,0.8311540868220005,0.362118
B2A,d52dea5485.jpg,0.8699382925366789,0.3427779
B2A,d532d31ce9.jpg,0.7691906666250224,0.3673537
B2A,d53b1a61cc.jpg,0.739750939650275,0.35019773
B2A,d53c1a6896.jpg,0.754632650083468,0.3724932
B2A,d53c658d5d.jpg,0.8052852796168487,0.30639336
B2A,d549b4831b.jpg,0.7586505892994536,0.41610068
B2A,d5568c935b.jpg,0.8392581827911386,0.24702185
B2A,d565375662.jpg,0.6599434304699503,0.29341653
B2A,d5672156cb.jpg,0.7600460289527144,0.34963435
B2A,d5687d4334.jpg,0.5068182302929917,0.37290967
B2A,d573bdf312.jpg,0.893006737409997,0.40072855
B2A,d587e73d3c.jpg,0.5077975141002342,0.3539967
B2A,d58ae30774.jpg,0.608560618574093,0.31937182
B2A,d59e1972e6.jpg,0.6960400328996629,0.38638937
B2A,d5a509f069.jpg,0.5617550390202133,0.4938201
B2A,d5a787ca7f.jpg,0.8233795199205628,0.3260244
B2A,d5bdd46e8e.jpg,0.6569696221545083,0.32526943
B2A,d5c5f591ab.jpg,0.7760505929320617,0.4622143
B2A,d5c7781f64.jpg,0.7691364430682295,0.30358696
B2A,d5d2fad470.jpg,0.7685223368286356,0.31136334
B2A,d5d5790444.jpg,0.7213666532389479,0.29444206
B2A,d5d6b091be.jpg,0.8152273279124446,0.47082213
B2A,d5df90dea4.jpg,0.6977796245336397,0.36055717
B2A,d5f266c340.jpg,0.7016439304568003,0.50691694
B2A,d5f3633c07.jpg,0.773279718535589,0.3804852
B2A,d5fa8c4e07.jpg,0.8097707897715253,0.44159052
B2A,d5fd16b1ae.jpg,0.829234708573419,0.45192248
B2A,d604fa140f.jpg,0.7250716282874764,0.5112323
B2A,d6086a2b97.jpg,0.7221190716862778,0.29889843
B2A,d615a2ad47.jpg,0.718979930016885,0.3501184
B2A,d62a9671f5.jpg,0.8059514343108578,0.28736678
B2A,d62e9d07dd.jpg,0.689562028858393,0.4444633
B2A,d62eeaccb0.jpg,0.8938451149364968,0.3389119
B2A,d63d194a4d.jpg,0.6164121198851986,0.60012406
B2A,d64608c4e4.jpg,0.6553327541553543,0.42538258
B2A,d6485b0368.jpg,0.6593298625560994,0.34634596
B2A,d665568cdf.jpg,0.8038474967012329,0.5304282
B2A,d6711262bf.jpg,0.8317721019883197,0.29953283
B2A,d696cf4eaf.jpg,0.7811700412742432,0.49948263
B2A,d6970035e5.jpg,0.6085546739709882,0.26767623
B2A,d6a2175011.jpg,0.7387036369923239,0.35200927
B2A,d6a72784ba.jpg,0.7365447292145907,0.493498
B2A,d6ae4d6c30.jpg,0.5217694499212997,0.5708616
B2A,d6b0733797.jpg,0.8695456370520668,0.36498764
B2A,d6c5343b4f.jpg,0.9061257634764032,0.35189205
B2A,d6d5bf2fc2.jpg,0.753599790945259,0.4292267
B2A,d6d97e039e.jpg,0.6318552480322455,0.4478439
B2A,d6da10b7f5.jpg,0.6222140442497226,0.34861875
B2A,d6dcf25188.jpg,0.6711373517193671,0.3034011
B2A,d6e30ab5d6.jpg,0.8003421479252726,0.3592864
B2A,d6ec137527.jpg,0.7290172082121044,0.33213812
B2A,d6ffd07557.jpg,0.7006708901083744,0.3746269
B2A,d710d55142.jpg,0.8876396686636023,0.29903248
B2A,d711d39160.jpg,0.7611316134346197,0.3964094
B2A,d725fc1f6c.jpg,0.7720554605554906,0.37213475
B2A,d735b2e3ba.jpg,0.7128752201897544,0.36572808
B2A,d73677d70a.jpg,0.7737469604555198,0.41025338
B2A,d74102274f.jpg,0.7901134250950034,0.3657737
B2A,d744753df3.jpg,0.8492864120713927,0.33225134
B2A,d750bc223e.jpg,0.7692886089512856,0.31035843
B2A,d768b070fb.jpg,0.6952538679515331,0.48054084
B2A,d76a286580.jpg,0.8249726236342796,0.3463638
B2A,d77588d82a.jpg,0.6770952376579107,0.4038387
B2A,d780fc984e.jpg,0.718605769751872,0.6054983
B2A,d782a6d8c3.jpg,0.6711924936782645,0.28662217
B2A,d782a9909e.jpg,0.5911171694720442,0.43195015
B2A,d7931ef243.jpg,0.7323264895958537,0.38529807
B2A,d796721fb5.jpg,0.7869557251609312,0.38278338
B2A,d7a476f83c.jpg,0.7659801769056758,0.48171684
B2A,d7a5cd28b6.jpg,0.7855033440452869,0.43199962
B2A,d7a7a0f511.jpg,0.8203935473603394,0.39216757
B2A,d7a88b2a80.jpg,0.806777258945557,0.3721474
B2A,d7aba83758.jpg,0.654505578486059,0.31034392
B2A,d7b0822c4d.jpg,0.6562165928408356,0.35773945
B2A,d7ba967556.jpg,0.730242859407566,0.38823277
B2A,d7c80f2f1c.jpg,0.6394864253995337,0.37424976
B2A,d7d2dcd8cb.jpg,0.769335762439749,0.25606018
B2A,d7db542422.jpg,0.7390783172551646,0.38155335
B2A,d7e12eb311.jpg,0.6222155199826589,0.39306846
B2A,d7e1b8775d.jpg,0.7417271452881026,0.369207
B2A,d7e64f3b75.jpg,0.7548425538696646,0.38596582
B2A,d7e948b103.jpg,0.8603590193793552,0.40249836
B2A,d7f0767146.jpg,0.7859702729850451,0.3184653
B2A,d7f614f501.jpg,0.811271405783038,0.31541577
B2A,d7f98bd210.jpg,0.6802162797745066,0.45093635
B2A,d7fa7571fb.jpg,0.8776208412938818,0.35401693
B2A,d7faed0983.jpg,0.7574993147937966,0.3035333
B2A,d7fe5c1813.jpg,0.7227645770907983,0.4819009
B2A,d8071daab5.jpg,0.799443403779449,0.29370743
B2A,d80d4c93de.jpg,0.7297318428410605,0.43651295
B2A,d8203958e4.jpg,0.8389068116851193,0.33768854
B2A,d828712765.jpg,0.7494773180550969,0.3510419
B2A,d829b461da.jpg,0.7899115324187012,0.2935634
B2A,d8352d8b46.jpg,0.676196625521303,0.44256112
B2A,d83783faee.jpg,0.8332023467900954,0.32829
B2A,d83b284745.jpg,0.8704418408524496,0.37447053
B2A,d84246da4d.jpg,0.7954903554903493,0.2790116
B2A,d842c67749.jpg,0.834394140051919,0.5897988
B2A,d84eb83137.jpg,0.7761322956476246,0.29311532
B2A,d8520bbf71.jpg,0.7661632539435244,0.5657476
B2A,d860d82c66.jpg,0.6346798393066249,0.37274474
B2A,d86bcf2cb1.jpg,0.6961722668862684,0.5869247
B2A,d871a0f7d6.jpg,0.6911358066436074,0.39086252
B2A,d8733f7b37.jpg,0.703500452868337,0.48312825
B2A,d88df3e4db.jpg,0.7466030989251949,0.37667292
B2A,d896bafc3a.jpg,0.6996403441211696,0.43735677
B2A,d8a5d84b9c.jpg,0.7342810424688156,0.42043814
B2A,d8a82e544c.jpg,0.7640062396776577,0.52057904
B2A,d8b5422831.jpg,0.6738998044680322,0.4382862
B2A,d8b89867b7.jpg,0.6356124089200647,0.5562189
B2A,d8e591ee2c.jpg,0.7311605839947919,0.32003608
B2A,d8f841bc79.jpg,0.7683801340816009,0.36991888
B2A,d8fbe8e68c.jpg,0.7975376782946761,0.33194435
B2A,d9081260de.jpg,0.7618710040590411,0.48480925
B2A,d90bdfc690.jpg,0.6356283431124176,0.43545163
B2A,d910783d61.jpg,0.7255908835637742,0.4579112
B2A,d91c1034e5.jpg,0.7821478009486362,0.41916236
B2A,d91c9eba83.jpg,0.8877131939231212,0.54897964
B2A,d9213433cf.jpg,0.7859339694225678,0.3674719
B2A,d925ef5aff.jpg,0.6209447179045247,0.49841443
B2A,d926f81b43.jpg,0.6895952369068712,0.43363768
B2A,d939c19419.jpg,0.7996236059873373,0.28844354
B2A,d93e5f8eb7.jpg,0.6868213476297356,0.462204
B2A,d93e6be372.jpg,0.9085170065291874,0.35383302
B2A,d94541fa5b.jpg,0.9054156323597075,0.3268433
B2A,d94766bf33.jpg,0.5681537608400717,0.4932955
B2A,d9543c27a3.jpg,0.6503173866364751,0.29272112
B2A,d9553c2962.jpg,0.8683638811454095,0.3749603
B2A,d95ef93115.jpg,0.8474441659439513,0.3313969
B2A,d961320e9a.jpg,0.7847261784958646,0.4691224
B2A,d9625e6971.jpg,0.7721842324978845,0.35116
B2A,d9673840a1.jpg,0.656600852109354,0.52007663
B2A,d96e82c6f6.jpg,0.7749310135926688,0.3335941
B2A,d971072ac0.jpg,0.6385267761607378,0.31586543
B2A,d97bbd8692.jpg,0.6553438857198195,0.35257497
B2A,d97f10bdd5.jpg,0.7391282640112978,0.42352024
B2A,d993fbb271.jpg,0.7003217600860446,0.40816122
B2A,d997322544.jpg,0.8258810614922382,0.29163674
B2A,d99ae9a1ca.jpg,0.6065263352582974,0.6288871
B2A,d9a87c0d5d.jpg,0.8007603486551212,0.44210345
B2A,d9bbbafa03.jpg,0.7738546336005727,0.40370837
B2A,d9c29a7cbf.jpg,0.6035537278064174,0.4086455
B2A,d9c5c047d2.jpg,0.7803974658321402,0.25397876
B2A,d9c9f0392c.jpg,0.8069533813485256,0.38185865
B2A,d9cbda5356.jpg,0.8082089849481017,0.35607696
B2A,d9da605ace.jpg,0.6538530960544617,0.47014692
B2A,d9e227f734.jpg,0.7795630418473464,0.40369302
B2A,d9e879879a.jpg,0.6171976670248002,0.5553129
B2A,da02be50b3.jpg,0.7184193624326592,0.3426754
B2A,da0471dd85.jpg,0.6009509105445942,0.60970247
B2A,da10c654ce.jpg,0.8219698811081214,0.30264094
B2A,da2691d719.jpg,0.8929722744065155,0.39736113
B2A,da28b99645.jpg,0.8108206256783245,0.33034587
B2A,da342ea116.jpg,0.8910639823411162,0.29370815
B2A,da392927b1.jpg,0.827833819944286,0.30712354
B2A,da3b4dd28e.jpg,0.6638706345497924,0.47300094
B2A,da3bac3250.jpg,0.7312464780301332,0.3739084
B2A,da53718103.jpg,0.7037054941754676,0.4932602
B2A,da6c915502.jpg,0.7317452135992143,0.34940448
B2A,da6d4d9ea2.jpg,0.8004703424365532,0.36003363
B2A,da86565952.jpg,0.5069025862298159,0.44853348
B2A,da920bf4bc.jpg,0.7537067866460971,0.43618143
B2A,daa4352f54.jpg,0.6668048616748854,0.48295003
B2A,daa8fa4579.jpg,0.7304375590785692,0.3940106
B2A,dabaad16e8.jpg,0.5254635243167168,0.5781619
B2A,dabaf0f8aa.jpg,0.8543449593670835,0.32025957
B2A,dabcf502f4.jpg,0.6183898122703597,0.6253035
B2A,dac8b251fd.jpg,0.7560402204891928,0.32253608
B2A,dae46a168b.jpg,0.858792392375538,0.26737854
B2A,dae9ee7a11.jpg,0.5738526491805728,0.44729295
B2A,daee416ffe.jpg,0.8596236542342113,0.34556222
B2A,daf0f4bdc1.jpg,0.7703338454280959,0.32709578
B2A,dafda5c17a.jpg,0.6202699006164852,0.47568274
B2A,db00979196.jpg,0.7280957285266756,0.3399466
B2A,db052e5241.jpg,0.8127376011025776,0.3684497
B2A,db0d9fdaec.jpg,0.6528632785596957,0.3295673
B2A,db0ecb48c4.jpg,0.6851238275224919,0.36973155
B2A,db14eba4e1.jpg,0.7990954042152484,0.45473087
B2A,db18f28537.jpg,0.7703646233015492,0.36061123
B2A,db1f18b059.jpg,0.8428216613721708,0.32363757
B2A,db2b40dd94.jpg,0.8164251442630804,0.4093486
B2A,db2e0f3cdf.jpg,0.6334631259161774,0.41822067
B2A,db4fd99e56.jpg,0.7218082956077537,0.41457513
B2A,db58221d78.jpg,0.7001026953897671,0.3483947
B2A,db59f96bfc.jpg,0.8892076024655619,0.33448339
B2A,db70823e2b.jpg,0.7642040630710761,0.40517223
B2A,db7fd38aa5.jpg,0.709586111439432,0.38528976
B2A,db86c73152.jpg,0.8303690465025874,0.33136553
B2A,db9cfcd293.jpg,0.7341878508961807,0.40541035
B2A,dba404b1bd.jpg,0.41548766619143485,0.33115107
B2A,dbba4e41d0.jpg,0.7538524573572541,0.3922703
B2A,dbbe9bbb8e.jpg,0.8150525707370351,0.29123533
B2A,dbbed3a8c7.jpg,0.6872121702169386,0.4422308
B2A,dbbfe0e846.jpg,0.7845790963227877,0.5242245
B2A,dbc0d26415.jpg,0.7693465763829478,0.37345636
B2A,dbc5daad12.jpg,0.737757300495537,0.4851225
B2A,dbd3bf1236.jpg,0.8510235692879698,0.40206537
B2A,dbef8e6c0a.jpg,0.7584459237440669,0.3322205
B2A,dbf9e7be99.jpg,0.8108297063947699,0.3767304
B2A,dc0f97a1aa.jpg,0.78563733572739,0.35803628
B2A,dc121d7f9b.jpg,0.7220804624659815,0.5263268
B2A,dc258c8a0b.jpg,0.7822059319016772,0.30778563
B2A,dc26513fe8.jpg,0.6793435542519319,0.38282594
B2A,dc2abc2e66.jpg,0.7685355107994909,0.3764792
B2A,dc307002d2.jpg,0.7113813017830752,0.37143162
B2A,dc549bebc4.jpg,0.6506849370831168,0.37931666
B2A,dc5829408f.jpg,0.8450481356104486,0.51538897
B2A,dc5f1c23a0.jpg,0.8230029436565228,0.32821816
B2A,dc629cae14.jpg,0.7692063424085054,0.3811729
B2A,dc631c9b2a.jpg,0.9085674348770797,0.30851334
B2A,dc74902b39.jpg,0.7667526125205316,0.41979447
B2A,dc8a5d64eb.jpg,0.6516563985291572,0.33492324
B2A,dc8b552cc5.jpg,0.8499449336574297,0.30904213
B2A,dc938fd3f7.jpg,0.7423958312731264,0.34546185
B2A,dc98f07caf.jpg,0.8553138409883416,0.32938802
B2A,dc9943d9eb.jpg,0.6048041261663197,0.4895144
B2A,dc9d581332.jpg,0.6431673964973952,0.4165979
B2A,dca4c17096.jpg,0.7085005296193126,0.33625358
B2A,dcbdd75640.jpg,0.7679298722737288,0.38819832
B2A,dcca4f8bb6.jpg,0.8058574496081342,0.25910622
B2A,dccb6e42ee.jpg,0.7638831001918428,0.35971302
B2A,dce963b80b.jpg,0.6049677359593908,0.52677906
B2A,dcf4c2cbb1.jpg,0.7473172320543654,0.39828444
B2A,dcfa634264.jpg,0.8717357283632174,0.26645806
B2A,dd036adfe5.jpg,0.7533771877486197,0.3953739
B2A,dd232bb32f.jpg,0.7066371537302182,0.30774397
B2A,dd26e604b1.jpg,0.6611187202339679,0.43987775
B2A,dd2a4f5af6.jpg,0.7451892417207614,0.30427253
B2A,dd59da4b8e.jpg,0.7653175463403505,0.3937587
B2A,dd6a426ccb.jpg,0.7886354724983612,0.32871774
B2A,dd80a0ae1c.jpg,0.8358726512407659,0.39024633
B2A,dd8cf7b53e.jpg,0.8202172821194357,0.3962246
B2A,dd98d8bda5.jpg,0.8694089138601815,0.33874148
B2A,dda084c63b.jpg,0.7377274134538033,0.43842754
B2A,ddb1124c29.jpg,0.845160265524593,0.2588045
B2A,ddb17e566c.jpg,0.7220082922876978,0.4043519
B2A,ddb386ce3e.jpg,0.76706480980713,0.42518598
B2A,ddb8baf94a.jpg,0.7161216230817796,0.45827162
B2A,ddc08a0803.jpg,0.8849150361731536,0.32185316
B2A,ddc5ea8270.jpg,0.7761063510497358,0.352467
B2A,ddd674f433.jpg,0.7118994264664813,0.3715665
B2A,dde4567678.jpg,0.8570370463919169,0.29598805
B2A,de010cbbc2.jpg,0.8195851088502268,0.43419442
B2A,de059c7bbf.jpg,0.8941431295471173,0.27899036
B2A,de05b6bb2f.jpg,0.746754222307477,0.287318
B2A,de10876989.jpg,0.7553894318744957,0.46337438
B2A,de241d55fc.jpg,0.958862202447834,0.29944047
B2A,de2f9d1599.jpg,0.6630409158135233,0.3238963
B2A,de31a67502.jpg,0.7704720841189673,0.48846054
B2A,de34c78357.jpg,0.6880938729538022,0.43572313
B2A,de37e2ad60.jpg,0.8375040347710061,0.43230793
B2A,de457df144.jpg,0.8203042656335601,0.35134622
B2A,de4f73e2e6.jpg,0.6553527749880438,0.4443102
B2A,de59f8afb3.jpg,0.7793803626911074,0.4173471
B2A,de6510a7ab.jpg,0.8527935834999015,0.2723977
B2A,de6bf0cb04.jpg,0.7535232396898297,0.48656493
B2A,de7ed78f5a.jpg,0.6851939255918532,0.4695275
B2A,de86577a5b.jpg,0.6498626305986589,0.3038293
B2A,de86feb03d.jpg,0.5988636633237397,0.24052611
B2A,dea009ab5b.jpg,0.8455045636262878,0.3950999
B2A,dea330a02f.jpg,0.8598026991861447,0.39420277
B2A,deafff753c.jpg,0.682232824022395,0.49709585
B2A,deb67f6b0e.jpg,0.7349802199485417,0.46075317
B2A,debf11d04c.jpg,0.8771523415103238,0.415035
B2A,dec3ab2321.jpg,0.8421867019380724,0.36559945
B2A,ded7482c2c.jpg,0.8436674161241686,0.29870406
B2A,ded8ffa3ca.jpg,0.8442827304486702,0.28111857
B2A,def0cd31b2.jpg,0.7219009386673401,0.4575302
B2A,def8bd92f4.jpg,0.6870232262374254,0.502774
B2A,df017c0778.jpg,0.7685041706527163,0.37241676
B2A,df04d84ca9.jpg,0.7493127417705865,0.42087224
B2A,df1b2ded30.jpg,0.7763424046676398,0.5400787
B2A,df21dd363b.jpg,0.878324818291512,0.33588892
B2A,df26cc01aa.jpg,0.8044098025391533,0.29722902
B2A,df2c0d53a4.jpg,0.6899889423902448,0.5662893
B2A,df2eddf8b4.jpg,0.8276193631332724,0.2877117
B2A,df34b6c0e8.jpg,0.7033202362017389,0.3572724
B2A,df3688f698.jpg,0.6557105489775491,0.50208527
B2A,df36a9efd4.jpg,0.5784567860240944,0.5271404
B2A,df4975e8bf.jpg,0.8761873845418564,0.30947626
B2A,df571c611d.jpg,0.6818720075862429,0.4251777
B2A,df65517316.jpg,0.5569526166456935,0.49433076
B2A,df717b23e2.jpg,0.728869590070807,0.2914284
B2A,df71b50ac1.jpg,0.7357546654713183,0.3452028
B2A,df7438a2d8.jpg,0.791739050733534,0.39128387
B2A,df75caef2e.jpg,0.8425663080993778,0.2767041
B2A,df7ada692b.jpg,0.6193717867092935,0.48223236
B2A,df895d4f4f.jpg,0.8519017521273656,0.3286443
B2A,dfa6cb635d.jpg,0.6813396240312227,0.32459053
B2A,dfb9e202de.jpg,0.768670465734942,0.4415993
B2A,dfbd52ecf5.jpg,0.8025953357577773,0.3776718
B2A,dfcd9af740.jpg,0.7904073677447521,0.36564758
B2A,dfd3b1a8bf.jpg,0.7851149700707989,0.48587555
B2A,dfdb05692f.jpg,0.826258180073208,0.3205991
B2A,dfdf679899.jpg,0.71090883345249,0.43760318
B2A,dfe59079af.jpg,0.7019811141459128,0.40662977
B2A,dfedfba018.jpg,0.7458209426193936,0.34711856
B2A,dfee298b96.jpg,0.645591830449879,0.499855
B2A,dff450dda1.jpg,0.8049072715835339,0.34013823
B2A,dff66a7d64.jpg,0.723901375899969,0.5620477
B2A,dff763c552.jpg,0.7379885066155001,0.37106106
B2A,e00bba74a2.jpg,0.6763658915602223,0.41328233
B2A,e01fe394d8.jpg,0.8423673058969157,0.3645646
B2A,e0216cf2a8.jpg,0.7332097921775226,0.5077397
B2A,e0316f1950.jpg,0.6081323174889782,0.56683123
B2A,e0328c7d7c.jpg,0.7629226027102105,0.32552254
B2A,e038af63fe.jpg,0.8564981671463939,0.45274305
B2A,e039712ade.jpg,0.7598936095206205,0.33612233
B2A,e03b2a6164.jpg,0.5752574938340913,0.2980564
B2A,e04291a057.jpg,0.7529245380341301,0.33429798
B2A,e048cbd49e.jpg,0.8292722328856456,0.338002
B2A,e050f1a2a9.jpg,0.7939929984956412,0.43131852
B2A,e05899ed06.jpg,0.6462704104791875,0.37532148
B2A,e05c7f85ef.jpg,0.8612598656856741,0.35503262
B2A,e068415db1.jpg,0.6617250276089481,0.43108544
B2A,e068928755.jpg,0.7675073092420239,0.35917568
B2A,e071db584c.jpg,0.7990168193240458,0.28640848
B2A,e0839b3c2e.jpg,0.7477306653114048,0.28990492
B2A,e08fc2d70e.jpg,0.7148158877314646,0.58262265
B2A,e091476985.jpg,0.8878793767525924,0.25540435
B2A,e09576695b.jpg,0.8409808014696103,0.34910578
B2A,e0a9fecd26.jpg,0.7229898732668579,0.42252374
B2A,e0b1a4f104.jpg,0.8394703572451663,0.36443818
B2A,e0b6abfd6d.jpg,0.7005911150148774,0.32231393
B2A,e0c949a987.jpg,0.8060615001116556,0.34560546
B2A,e0cfa9d464.jpg,0.7110158649431033,0.3030616
B2A,e0d48fc860.jpg,0.898525920952155,0.40539834
B2A,e0d7f40a24.jpg,0.8172904921666704,0.4800362
B2A,e0d9fadae6.jpg,0.6710028096721539,0.24133259
B2A,e0db07d90e.jpg,0.6892152753075507,0.5085272
B2A,e0e0bd66eb.jpg,0.5257580035210483,0.34187937
B2A,e0edc2d1ff.jpg,0.7971466401171101,0.38883328
B2A,e0f0dc2983.jpg,0.6689207532756672,0.46414018
B2A,e0f7f0bb22.jpg,0.7306032726489892,0.2758384
B2A,e0fce775af.jpg,0.6952277117284821,0.39539003
B2A,e0ffb419d8.jpg,0.6726763451598837,0.4553203
B2A,e103e37ef6.jpg,0.6953774248703851,0.47954246
B2A,e10f4e0249.jpg,0.8660148002556992,0.2666572
B2A,e1107c721b.jpg,0.693642329152953,0.4718959
B2A,e12532498c.jpg,0.7897503166275492,0.5062151
B2A,e13f5e00b9.jpg,0.9110342523740417,0.29032233
B2A,e1421bcb6d.jpg,0.7174330274355334,0.46011212
B2A,e14520fb9c.jpg,0.7579395319879751,0.4686581
B2A,e154b39c0c.jpg,0.7282183570484151,0.43388623
B2A,e158554d68.jpg,0.742066376025789,0.4814758
B2A,e15ebb6b26.jpg,0.5975385684885912,0.5128499
B2A,e180ce65fe.jpg,0.7974132686807686,0.5869455
B2A,e18c605daf.jpg,0.8563714169255856,0.34170324
B2A,e191e362cc.jpg,0.8478049365215651,0.26155692
B2A,e195754758.jpg,0.6215831110300006,0.35891014
B2A,e1b8768630.jpg,0.7014778712654195,0.482221
B2A,e1e42d1e1d.jpg,0.7996008154519326,0.36626592
B2A,e1e7add957.jpg,0.8413923668074387,0.32481778
B2A,e1f01aed34.jpg,0.776708233772331,0.29062936
B2A,e1f044dff1.jpg,0.6903733625721703,0.5235335
B2A,e2050f818f.jpg,0.7898033595658103,0.3932633
B2A,e20e016680.jpg,0.6213224273494714,0.5422003
B2A,e20f79f596.jpg,0.778591373784076,0.43877152
B2A,e218d1a1ea.jpg,0.5960264278684622,0.40134957
B2A,e219f69873.jpg,0.810720190430877,0.29117763
B2A,e22fbe22ff.jpg,0.6023263529184678,0.42275402
B2A,e239290d7a.jpg,0.8046696775136947,0.38902062
B2A,e23da13385.jpg,0.6957634995091846,0.5102187
B2A,e23dd4b66b.jpg,0.814172317252043,0.33171815
B2A,e24d11659e.jpg,0.727742236379884,0.3705449
B2A,e25a309e7f.jpg,0.7609846125828856,0.46974754
B2A,e262ebdb71.jpg,0.7313147644447652,0.2942587
B2A,e26f08910a.jpg,0.7464681422452256,0.37233794
B2A,e276cfea71.jpg,0.769340144367807,0.311742
B2A,e278a31c95.jpg,0.710021377244762,0.3878443
B2A,e2816c6358.jpg,0.6943081383210733,0.3234284
B2A,e2921fb3bc.jpg,0.7729499080620686,0.43523133
B2A,e29891901c.jpg,0.8835985360413674,0.43876642
B2A,e29923569e.jpg,0.868641265991707,0.27707133
B2A,e2be127e28.jpg,0.4949082776772146,0.3006019
B2A,e2cc5d0740.jpg,0.7946468609078683,0.31690925
B2A,e2dd4bdeef.jpg,0.8754199643767497,0.3364601
B2A,e2e1192489.jpg,0.6841528874273356,0.5088378
B2A,e2e85f68e0.jpg,0.800366406017573,0.37321493
B2A,e2ebe675f8.jpg,0.8988640806798331,0.42815185
B2A,e2ec96f0b4.jpg,0.7808651273301825,0.39748496
B2A,e2f37052c1.jpg,0.7512083757284349,0.44089788
B2A,e3148aa017.jpg,0.8852028990629263,0.3177057
B2A,e31668e912.jpg,0.7799039195267359,0.39126647
B2A,e33556dc35.jpg,0.6298180484778437,0.55134153
B2A,e33bb81f2b.jpg,0.7758787077779307,0.31125113
B2A,e34010decc.jpg,0.6308456431593352,0.47111017
B2A,e340c22dc4.jpg,0.8059978655965352,0.34748876
B2A,e344e433cc.jpg,0.8981126357631456,0.4338823
B2A,e347492218.jpg,0.7829949085263388,0.55345464
B2A,e3477e1ec7.jpg,0.8940629407625771,0.35602275
B2A,e34ae8c169.jpg,0.7803351489309704,0.40629634
B2A,e3557bd3e7.jpg,0.7303618817434687,0.41208336
B2A,e3618e9a11.jpg,0.7958778661740524,0.3482547
B2A,e365dae98b.jpg,0.456026680156937,0.52816355
B2A,e37b3a49d9.jpg,0.7090948833016537,0.40150395
B2A,e37e071314.jpg,0.7652478507625943,0.46527848
B2A,e38186a614.jpg,0.7526707394751135,0.3135174
B2A,e388432c26.jpg,0.6452476158387747,0.41281027
B2A,e39562f090.jpg,0.7394433003715775,0.4456458
B2A,e3997e52e9.jpg,0.8545479496439214,0.4319636
B2A,e3cb3ad674.jpg,0.7683689764991903,0.2780272
B2A,e3cea056cc.jpg,0.6840538337607935,0.3779142
B2A,e3ceb5d67a.jpg,0.7588953935306888,0.44990492
B2A,e3e6ca612f.jpg,0.7734101064281225,0.29595616
B2A,e3e87b3f1e.jpg,0.8514512938849523,0.2650104
B2A,e3f1be931a.jpg,0.6395966445281669,0.39929438
B2A,e3f34cdbfc.jpg,0.8757884053368162,0.40661383
B2A,e3fae55083.jpg,0.6655140957676849,0.37682125
B2A,e3fe190c35.jpg,0.7021038957946344,0.3542562
B2A,e4005ebfe6.jpg,0.7332790473932086,0.40743214
B2A,e40a02297a.jpg,0.7917447179860236,0.28230178
B2A,e40ba425ad.jpg,0.8592396546157739,0.33386055
B2A,e40ea38065.jpg,0.6968667848331682,0.3965152
B2A,e41de69603.jpg,0.6615571813120853,0.34128043
B2A,e428d47850.jpg,0.8088499827568897,0.48481724
B2A,e43625382b.jpg,0.8888713835247227,0.29999995
B2A,e43cfeffd7.jpg,0.7136193597778872,0.5421727
B2A,e452266e47.jpg,0.6066802845508033,0.25019774
B2A,e46722db3b.jpg,0.8363636314473463,0.38062042
B2A,e474730931.jpg,0.8805908747430956,0.30382898
B2A,e484852720.jpg,0.7226327086622505,0.3747033
B2A,e4a7646e26.jpg,0.6890022407568357,0.42943895
B2A,e4b6e49888.jpg,0.7835293681503642,0.24018514
B2A,e4baa84c9e.jpg,0.7673754463630985,0.4237172
B2A,e4c2f8062a.jpg,0.6198505574233709,0.4266814
B2A,e4c47323cb.jpg,0.713780963798481,0.43523714
B2A,e4db596478.jpg,0.746149179409961,0.2973998
B2A,e4df61af49.jpg,0.7417226852632688,0.34779575
B2A,e4e7fd51dd.jpg,0.7965672470781507,0.25515416
B2A,e4ec14322d.jpg,0.6387809027380218,0.47772783
B2A,e4edaddcef.jpg,0.6985845499188329,0.39981645
B2A,e4f21cb9f8.jpg,0.8011050969164372,0.37295416
B2A,e4f5f401e0.jpg,0.7825695243442747,0.41514003
B2A,e50dc96e2b.jpg,0.7388450281260301,0.28191406
B2A,e517b6f313.jpg,0.7297738556108351,0.2854432
B2A,e5247c9272.jpg,0.7136997121959145,0.3634799
B2A,e52816eec3.jpg,0.6054296309362955,0.5116377
B2A,e52b0badda.jpg,0.773773677806901,0.39239228
B2A,e53184b315.jpg,0.8366172557888665,0.34979856
B2A,e536a8e4d0.jpg,0.7573101062722709,0.43763602
B2A,e53aaa0782.jpg,0.867777889029151,0.4226444
B2A,e53aaac02c.jpg,0.5580775684844845,0.50499785
B2A,e53b41415d.jpg,0.6584871528713817,0.38074666
B2A,e545b38111.jpg,0.8232529141859987,0.43330765
B2A,e54604f159.jpg,0.7710309988572444,0.31756374
B2A,e552c9356b.jpg,0.7063423360632921,0.43888217
B2A,e55aa6a075.jpg,0.6537149749863829,0.38059914
B2A,e569d449aa.jpg,0.777016860358534,0.2783917
B2A,e56a3b131d.jpg,0.8415674825452488,0.27971655
B2A,e56e3bcfee.jpg,0.8467906724540812,0.34813416
B2A,e576d76af6.jpg,0.8539542727417623,0.33262408
B2A,e58dcaf848.jpg,0.7171280525996875,0.43173307
B2A,e58e1d7d58.jpg,0.8323032022584534,0.39176965
B2A,e58ef68e3f.jpg,0.6884185129122028,0.29293415
B2A,e59a45567d.jpg,0.6861926956532037,0.38617888
B2A,e5ae2eab59.jpg,0.8874767602854245,0.34640276
B2A,e5b0f574bf.jpg,0.6964891248623092,0.3136831
B2A,e5c7397b2d.jpg,0.7658804941300517,0.37089273
B2A,e5c842ca6e.jpg,0.8054506135547947,0.3363537
B2A,e5cb078996.jpg,0.8113279515450079,0.45529824
B2A,e5cb608eae.jpg,0.5564875538100668,0.33834425
B2A,e5cbe055f9.jpg,0.7534939986297643,0.33260643
B2A,e5cd922fa9.jpg,0.7871086161791155,0.4298097
B2A,e5d38a2047.jpg,0.8099017246207089,0.34212467
B2A,e5e1d837f1.jpg,0.8727782154927891,0.34129637
B2A,e5ffaac462.jpg,0.851028701218195,0.31694582
B2A,e614135f7d.jpg,0.7661572825919102,0.34256822
B2A,e629d7f736.jpg,0.6796489841465355,0.5000433
B2A,e63a00fc4f.jpg,0.797904768086308,0.44929808
B2A,e643c9bdbe.jpg,0.7726080377525012,0.3233368
B2A,e6636be041.jpg,0.7481115135037706,0.48803595
B2A,e67341c640.jpg,0.7518845966817094,0.32099563
B2A,e67601a231.jpg,0.7767948383476648,0.43424493
B2A,e6779d7ed5.jpg,0.7056701750893537,0.5735997
B2A,e67cc523e0.jpg,0.8271310636529381,0.40123293
B2A,e67e86bdb9.jpg,0.810052875580436,0.27183342
B2A,e6836aa6da.jpg,0.7189903402355734,0.35487276
B2A,e686121a13.jpg,0.8165371806785564,0.40324298
B2A,e693f37abc.jpg,0.8160691364422796,0.41635466
B2A,e69c2d5a6d.jpg,0.7554235223672215,0.28001752
B2A,e69eb967c0.jpg,0.6949413993792463,0.38563234
B2A,e6a325d8fb.jpg,0.7601631081151602,0.3977911
B2A,e6a609cf76.jpg,0.8526928330027098,0.49341506
B2A,e6ad3eec60.jpg,0.7335999051447418,0.36902547
B2A,e6ba8f2334.jpg,0.6629389115676589,0.39384
B2A,e6c25786d7.jpg,0.7000598175771598,0.40701953
B2A,e6cc103915.jpg,0.6034039515678318,0.41622546
B2A,e6d2f68fcf.jpg,0.7733951531250043,0.36681688
B2A,e6dc2ff40c.jpg,0.8093804931834028,0.36886236
B2A,e6e3f15b73.jpg,0.7380178251512017,0.3730513
B2A,e6e6959173.jpg,0.5849620594513341,0.44700116
B2A,e6ea2d4d47.jpg,0.715830065892163,0.31164092
B2A,e6f8a63c9c.jpg,0.7212235646047008,0.47573194
B2A,e707bf37b1.jpg,0.5515069868408965,0.33159316
B2A,e710d6eaa6.jpg,0.7494772663202798,0.43983373
B2A,e714c3661f.jpg,0.7516329058965275,0.3445962
B2A,e715464acb.jpg,0.714339784702919,0.3385182
B2A,e738568be6.jpg,0.8383704984877686,0.32687515
B2A,e73a598e28.jpg,0.7902325693172795,0.38349718
B2A,e73db0029b.jpg,0.6422986915910368,0.46187082
B2A,e744db3cd3.jpg,0.8218058147025518,0.47982094
B2A,e74a97ae14.jpg,0.7635113072116414,0.37664565
B2A,e764b3f35a.jpg,0.8027838564989181,0.37657434
B2A,e790229789.jpg,0.7076756357096099,0.39942533
B2A,e79618c3c9.jpg,0.7674558914696444,0.5225131
B2A,e7a2c2dfd5.jpg,0.6644675898956905,0.3427037
B2A,e7b73c75cb.jpg,0.5924280730167072,0.4093637
B2A,e7c3ac222b.jpg,0.7366535041306361,0.4108358
B2A,e7c99420a8.jpg,0.8515976457565937,0.42793518
B2A,e7cd8551d8.jpg,0.9041462525501545,0.38234967
B2A,e7cdd8fd59.jpg,0.6220503312798902,0.40993315
B2A,e7d445c059.jpg,0.6794189558142418,0.404297
B2A,e7ddcd88d3.jpg,0.6641481497043022,0.3660496
B2A,e7e77d48b0.jpg,0.8280167727140115,0.3794252
B2A,e7fd336c2e.jpg,0.7195644609855506,0.38963568
B2A,e80855ec86.jpg,0.6371431719142753,0.61021996
B2A,e80a7530ea.jpg,0.5593901813799992,0.43259594
B2A,e80cebe6dd.jpg,0.7695717344860229,0.46167547
B2A,e80f526332.jpg,0.7442357809731301,0.3422858
B2A,e810cbaf55.jpg,0.756540011101606,0.38491285
B2A,e8234e1e2e.jpg,0.8205232605717993,0.3052081
B2A,e8338afa09.jpg,0.5709942218304265,0.31601217
B2A,e85bba618a.jpg,0.8063693347626745,0.28746688
B2A,e85ed2bc38.jpg,0.7874395623303755,0.41805834
B2A,e8605bf89a.jpg,0.7077091951649508,0.5542634
B2A,e862b2a488.jpg,0.6782598090273838,0.32010365
B2A,e86d465a2d.jpg,0.826773855514133,0.28630218
B2A,e8718dba1c.jpg,0.8931867256535428,0.3750187
B2A,e876733707.jpg,0.6723885100124649,0.34030235
B2A,e87676e6e2.jpg,0.6400806034003451,0.47402775
B2A,e8789baa19.jpg,0.733389171389512,0.37565562
B2A,e8882a7f33.jpg,0.8056940400933218,0.35204798
B2A,e89accad47.jpg,0.6369643255518032,0.37851584
B2A,e89b1f65b6.jpg,0.8286840312259305,0.31211782
B2A,e89e3ef99f.jpg,0.8175596261315347,0.48238087
B2A,e89f26b785.jpg,0.8123638719203873,0.3656098
B2A,e8a6213a64.jpg,0.7160112359348496,0.49671555
B2A,e8ca770df9.jpg,0.6360259777927753,0.55629516
B2A,e8cede65a7.jpg,0.8387368669762305,0.3762814
B2A,e8dc20c86e.jpg,0.8501588696963498,0.39006126
B2A,e8e02ca944.jpg,0.668657470755993,0.4771516
B2A,e8f2542a00.jpg,0.5822567974075438,0.6189038
B2A,e8f8ff2e11.jpg,0.5918082173414126,0.47884747
B2A,e91a6a79ca.jpg,0.7857840863049159,0.42598206
B2A,e941a6971b.jpg,0.705815157567032,0.3085689
B2A,e9425b919e.jpg,0.7205413396775538,0.48926213
B2A,e94ce61928.jpg,0.6439557488184542,0.4054089
B2A,e94fe9ef94.jpg,0.6860549497296701,0.33076733
B2A,e9652384d0.jpg,0.7343666058584799,0.2894947
B2A,e96e9bdf9f.jpg,0.7417380636317374,0.448115
B2A,e975867ee1.jpg,0.7894084482646171,0.31804088
B2A,e97aab1e3a.jpg,0.5390695791768543,0.5849277
B2A,e97f72f75e.jpg,0.8412611599954365,0.32052207
B2A,e9896641d2.jpg,0.6749405917434226,0.40201688
B2A,e98c174738.jpg,0.8211075309418592,0.31544566
B2A,e98cd4e13f.jpg,0.8236708329575909,0.34088993
B2A,e98d5c8d85.jpg,0.8157394562083184,0.49868435
B2A,e98e9b1620.jpg,0.6924739081842302,0.41237724
B2A,e991139f4b.jpg,0.7568295065707933,0.40623742
B2A,e9ba0bafc4.jpg,0.7174536006983151,0.41149205
B2A,e9c3e52cf1.jpg,0.6752219133200954,0.40203908
B2A,e9ca026ba3.jpg,0.8018641627503025,0.5135681
B2A,e9cbdee9bd.jpg,0.6823864744032966,0.42007723
B2A,e9d65fa272.jpg,0.5613517641263491,0.3576734
B2A,e9da2fab10.jpg,0.7271984373979222,0.39301398
B2A,e9da44faa6.jpg,0.7114010655539696,0.3920678
B2A,e9e303af60.jpg,0.7396160398684019,0.41366822
B2A,e9ebdfe8ec.jpg,0.6320901846504731,0.40560168
B2A,e9ec0b07bd.jpg,0.8553678363348051,0.32663587
B2A,e9ef067120.jpg,0.5861095826965985,0.5725242
B2A,ea0086b300.jpg,0.826604690922215,0.33115312
B2A,ea2128c1b2.jpg,0.5544625218288927,0.36881015
B2A,ea29af7178.jpg,0.6840558096063706,0.57156074
B2A,ea38729951.jpg,0.7690975127296744,0.37197807
B2A,ea437a682c.jpg,0.6037788758905844,0.32086745
B2A,ea4dc1e88e.jpg,0.8683884908133607,0.5968343
B2A,ea4f37e7e5.jpg,0.7271470532639337,0.33843374
B2A,ea58d700d2.jpg,0.7789525798693865,0.30592778
B2A,ea60c54c69.jpg,0.7367820281277819,0.57728535
B2A,ea626ba3a9.jpg,0.7544582957770779,0.33750063
B2A,ea656cf2b6.jpg,0.6898162195390031,0.366548
B2A,ea6917e2db.jpg,0.8391027320670696,0.36084974
B2A,ea867fecaa.jpg,0.652188096062065,0.44590753
B2A,ea90ff6da4.jpg,0.8109672906180593,0.4530275
B2A,ea942e0882.jpg,0.6957706629209754,0.40790585
B2A,ea965a1eba.jpg,0.6967029510795056,0.4002568
B2A,eaa17f1091.jpg,0.7611604405698635,0.5116248
B2A,eaac3f27b0.jpg,0.6832934502678686,0.31088358
B2A,eab48ed00d.jpg,0.8642111446098766,0.41155714
B2A,eab57199fa.jpg,0.7973108915880313,0.29355046
B2A,eabe91cae5.jpg,0.7816350540333622,0.32475036
B2A,eac7bd7368.jpg,0.7885954405244682,0.3684016
B2A,eacb6ead4a.jpg,0.6863151394913353,0.5344807
B2A,eacdc1d18f.jpg,0.7231796077326156,0.37176776
B2A,ead2fdbadc.jpg,0.6070933485996332,0.33041745
B2A,ead622126f.jpg,0.7669086032220712,0.3872602
B2A,eadb799684.jpg,0.6526228744750663,0.41149142
B2A,eadea8cf4c.jpg,0.6684115028521972,0.49555233
B2A,eae1d7b4a7.jpg,0.8985453369707269,0.37370372
B2A,eae8ac05b6.jpg,0.809885511478676,0.40718246
B2A,eafc9d8929.jpg,0.5833365961585134,0.4147151
B2A,eb09186652.jpg,0.7287464137931425,0.26962975
B2A,eb143cd557.jpg,0.8255282498406278,0.38166085
B2A,eb1ae4752c.jpg,0.6088597585214164,0.4044635
B2A,eb1ce8f38f.jpg,0.7263092089467902,0.35868382
B2A,eb1f220d40.jpg,0.752123777257988,0.39775044
B2A,eb267343a7.jpg,0.8313475246488046,0.27424288
B2A,eb33d8e41b.jpg,0.8082640299935098,0.4094218
B2A,eb34f329c1.jpg,0.8221215848909976,0.3439834
B2A,eb396944a9.jpg,0.6543852750458219,0.37922958
B2A,eb48b08b2c.jpg,0.8214523055055665,0.3414675
B2A,eb4c747b35.jpg,0.791123579828839,0.3563704
B2A,eb5a006cd8.jpg,0.7764302348802853,0.491548
B2A,eb7323bae7.jpg,0.8696701367715592,0.5903568
B2A,eb74e149ff.jpg,0.7956121152072302,0.35626835
B2A,eb74ee9751.jpg,0.7881054176690215,0.26352507
B2A,eb927ffcce.jpg,0.8054533718502888,0.3152203
B2A,eb9630147d.jpg,0.7105616423958226,0.27580056
B2A,ebb0aa2f01.jpg,0.6995482655804144,0.45525408
B2A,ebb3a60020.jpg,0.8197841224575074,0.31716645
B2A,ebb7fcea92.jpg,0.8435280314243826,0.3328312
B2A,ebb973284b.jpg,0.5766893248348901,0.37811363
B2A,ebc6398a40.jpg,0.5773784479467912,0.4708799
B2A,ebcc42e110.jpg,0.8331261559743223,0.35819662
B2A,ebcce1a075.jpg,0.7234192811634724,0.44878757
B2A,ebd677e4df.jpg,0.8173137611550974,0.2982388
B2A,ebfb842dbb.jpg,0.7916566394250536,0.44082838
B2A,ec22ac410a.jpg,0.6302129541282786,0.41477042
B2A,ec26ffe6d9.jpg,0.6993343647689689,0.390639
B2A,ec2819dd4a.jpg,0.5326728289281069,0.2838311
B2A,ec361682b9.jpg,0.7514367941230579,0.37849542
B2A,ec3cedbafe.jpg,0.733365206677315,0.46997702
B2A,ec4acecf3f.jpg,0.6323655216991729,0.33581197
B2A,ec4fccd390.jpg,0.7904635346448154,0.3399736
B2A,ec509fe942.jpg,0.7260131398043422,0.4530198
B2A,ec5d51aaf0.jpg,0.6757895097386128,0.4696677
B2A,ec61770865.jpg,0.6688557411798468,0.39558032
B2A,ec673dd8d4.jpg,0.7910577813947542,0.3922397
B2A,ec6c041436.jpg,0.717275211889599,0.4669257
B2A,ec7228a986.jpg,0.645229678873777,0.37531957
B2A,ec74224ef5.jpg,0.6911809025512331,0.41456467
B2A,ec99be1db6.jpg,0.8375881275718131,0.33406624
B2A,ecad06947b.jpg,0.4879326041091234,0.33946186
B2A,ecaf3bdf12.jpg,0.6585467825970263,0.31809545
B2A,ecb38a1051.jpg,0.7496950173301248,0.4824677
B2A,ecb3ccc9f4.jpg,0.7323267693100646,0.32100156
B2A,ecc3cd6e1b.jpg,0.7588502487773104,0.2891487
B2A,ece948ce97.jpg,0.7611890434722505,0.36150223
B2A,ecee77ae5a.jpg,0.7314661754853458,0.30316982
B2A,ed04dbb114.jpg,0.7292001204165536,0.3468017
B2A,ed0ddbf26a.jpg,0.785836089515786,0.3827504
B2A,ed22cf856f.jpg,0.6555128755905408,0.40572542
B2A,ed27eb5c68.jpg,0.7808475220194127,0.32114026
B2A,ed31f8c196.jpg,0.7776263370414669,0.5040703
B2A,ed34d8d7f3.jpg,0.6596151580862896,0.3314133
B2A,ed3b265e09.jpg,0.6942773820161253,0.28151783
B2A,ed458bffb6.jpg,0.7303460899850963,0.41366842
B2A,ed473bcf9b.jpg,0.7325645899820992,0.4311691
B2A,ed59cdccf1.jpg,0.7938835958860515,0.31632894
B2A,ed60c6410b.jpg,0.7714080796217118,0.31418076
B2A,ed65db5f88.jpg,0.7529216731060919,0.38657713
B2A,ed7b96a9c5.jpg,0.6350042699439814,0.37789828
B2A,ed848812da.jpg,0.7794197895383995,0.2690792
B2A,ed8dab0f96.jpg,0.6848614822363762,0.5987493
B2A,ed915c89a2.jpg,0.7227859747378059,0.3740019
B2A,ed94946d16.jpg,0.5305356328151217,0.4578752
B2A,ed9f0b8b5d.jpg,0.7646751290063963,0.44816953
B2A,eda8697979.jpg,0.8315260570966287,0.82244194
B2A,edb7d50936.jpg,0.782572781071643,0.41288355
B2A,edba7f0a70.jpg,0.8118724432507978,0.3999372
B2A,edc66bfb66.jpg,0.8315279692360977,0.4537608
B2A,edd52342db.jpg,0.7586298315394133,0.39280257
B2A,ede0add355.jpg,0.8568390302683351,0.39881068
B2A,edef4ef18d.jpg,0.5584276336814161,0.6071075
B2A,edef9cbabe.jpg,0.715653500601269,0.42494035
B2A,edf15f0940.jpg,0.8291696341159568,0.32027996
B2A,edf42b9d0d.jpg,0.7795548276181052,0.37764668
B2A,ee0e1d6569.jpg,0.6556603227556043,0.4534268
B2A,ee24903251.jpg,0.7325272612832485,0.2511328
B2A,ee28cc4d68.jpg,0.764304573956545,0.37968984
B2A,ee29105aba.jpg,0.6214402620760971,0.4506975
B2A,ee2bf8c5fd.jpg,0.6392891920207381,0.49698815
B2A,ee2e0ec65d.jpg,0.5915430507684031,0.55388623
B2A,ee6c260d4f.jpg,0.78123911352849,0.26380992
B2A,ee861e6fae.jpg,0.7384893367389894,0.3064585
B2A,ee8bdcd99f.jpg,0.7980440561214311,0.35458556
B2A,ee8c2e9e3c.jpg,0.813014150048553,0.2828011
B2A,ee97a20e7c.jpg,0.8035202965622721,0.6487949
B2A,ee982ce7e3.jpg,0.8652907326970574,0.23408037
B2A,ee9b29e1b8.jpg,0.5549666003270199,0.33495995
B2A,eea8eff240.jpg,0.7791386185559607,0.40611118
B2A,eeb1e5f575.jpg,0.6689527175204082,0.3855741
B2A,eeb4ccb21f.jpg,0.8281895368935117,0.4014412
B2A,eec21ae61c.jpg,0.808693040623966,0.41031784
B2A,eed4191e08.jpg,0.8251763844200695,0.32448548
B2A,eed8644829.jpg,0.7297610766751487,0.4083391
B2A,eedab28822.jpg,0.597454193581006,0.9831045
B2A,eee8098608.jpg,0.6942210478906264,0.35303223
B2A,eeee68b7d8.jpg,0.6562157507366722,0.5974116
B2A,eef39ac09b.jpg,0.8704889610346411,0.35081622
B2A,eef4bdae39.jpg,0.7160462341200572,0.3992151
B2A,ef129d082c.jpg,0.7360640739874095,0.37665763
B2A,ef15317c67.jpg,0.6108548777033859,0.4600928
B2A,ef1f3e84f9.jpg,0.7348387893871863,0.38707417
B2A,ef488233e3.jpg,0.7935011156525797,0.33376884
B2A,ef4a60107c.jpg,0.8817991759379705,0.39182007
B2A,ef59ec0110.jpg,0.7347343617854188,0.48392254
B2A,ef6190ff9b.jpg,0.7007538138146161,0.47361928
B2A,ef674070d3.jpg,0.7120205186284391,0.35352004
B2A,ef77fe0cfc.jpg,0.733125722328917,0.42687827
B2A,ef833e60b4.jpg,0.6955042628120764,0.36220413
B2A,ef893e33a9.jpg,0.7919355652982292,0.3098056
B2A,ef8a6e2a7a.jpg,0.7782337869192315,0.46311635
B2A,ef9ca94c15.jpg,0.7992263751173956,0.35138312
B2A,ef9e5bc080.jpg,0.8986141546469205,0.30594215
B2A,efa2ba7d02.jpg,0.8577889070372583,0.36496425
B2A,efa6c21576.jpg,0.6412368734329508,0.43835008
B2A,efa79c9c41.jpg,0.8422835575008611,0.35370857
B2A,efbb57a439.jpg,0.8245810613680967,0.31740603
B2A,efbfcfe793.jpg,0.740361885870771,0.3946688
B2A,efc51bdcdf.jpg,0.805034036952568,0.32838625
B2A,efcabd7b97.jpg,0.8242562898931053,0.29261705
B2A,efd9e949f5.jpg,0.6778240167941029,0.4922594
B2A,efeb94db8b.jpg,0.8277757154819444,0.38227338
B2A,effaa53ad8.jpg,0.5608576181887669,0.42724386
B2A,f005004e0c.jpg,0.7041515353631207,0.35573524
B2A,f01164b232.jpg,0.8102411287636885,0.5785468
B2A,f01207f706.jpg,0.817259417219122,0.29265016
B2A,f01a04bd03.jpg,0.6611701232294793,0.608046
B2A,f020a207a8.jpg,0.7444046923218728,0.47487304
B2A,f0220aa3f5.jpg,0.6796657177077284,0.57086694
B2A,f024838b95.jpg,0.8334370214018213,0.32957363
B2A,f0367de132.jpg,0.7789534958758938,0.30880263
B2A,f04f12da30.jpg,0.7921307366228949,0.4473243
B2A,f06b8cfef0.jpg,0.7903273655118772,0.4784412
B2A,f074cffca1.jpg,0.8269035111663166,0.34378844
B2A,f07cb0b75e.jpg,0.7993159551290798,0.46469492
B2A,f07e66c2d2.jpg,0.8006682775544224,0.36323106
B2A,f088a906d0.jpg,0.8182988462299996,0.3160483
B2A,f088b513bf.jpg,0.8674261312707957,0.3071638
B2A,f08926d339.jpg,0.6376888305060708,0.34462598
B2A,f08c39d24f.jpg,0.6576185021131504,0.4699028
B2A,f08e936c6b.jpg,0.8561716392205396,0.3993817
B2A,f0962b6de5.jpg,0.6896361287559961,0.47501665
B2A,f09c772bcc.jpg,0.6538264397463612,0.5640006
B2A,f09d0b81ba.jpg,0.768467975580034,0.34226176
B2A,f0a1187473.jpg,0.8283957562658207,0.45077834
B2A,f0a55ad775.jpg,0.7783248875250888,0.3837666
B2A,f0a679e095.jpg,0.7326650939576046,0.40918547
B2A,f0aa76ff07.jpg,0.7030648971718306,0.33728173
B2A,f0b8c1d365.jpg,0.7061170361883251,0.4179067
B2A,f0e139a901.jpg,0.7087481247834698,0.45265758
B2A,f1032a4bd8.jpg,0.635522827756679,0.57562727
B2A,f105adbfb1.jpg,0.6789653025703724,0.30784285
B2A,f10d2923bd.jpg,0.6792530769743027,0.41604584
B2A,f10f748b4d.jpg,0.7656988596871258,0.41693205
B2A,f11454665a.jpg,0.7815977862529851,0.33660442
B2A,f11ee27f26.jpg,0.7873250147911569,0.4328301
B2A,f13184bb48.jpg,0.48739422386779846,0.5378456
B2A,f148707bb0.jpg,0.7843441203547481,0.35392702
B2A,f1591e50e1.jpg,0.8345865693582178,0.26050377
B2A,f15b7224fd.jpg,0.7011812442873796,0.4090035
B2A,f163b5185e.jpg,0.6756602145379486,0.33818215
B2A,f1670c265f.jpg,0.6209250494830955,0.51410925
B2A,f176a55e27.jpg,0.761434366424526,0.37352642
B2A,f177cf7991.jpg,0.6503746659205518,0.3687749
B2A,f17a8c4aee.jpg,0.8492659062870554,0.33536798
B2A,f17e985728.jpg,0.8328410215478158,0.25484434
B2A,f180c8d8b9.jpg,0.8134899516534859,0.36720833
B2A,f188425ea5.jpg,0.6966679213547862,0.38918728
B2A,f18989ff8d.jpg,0.7798465224486163,0.6157548
B2A,f18d2c0a81.jpg,0.7375056425817023,0.37236032
B2A,f1ac127445.jpg,0.7444977690056099,0.60014105
B2A,f1b8dee326.jpg,0.8816187184730553,0.37683305
B2A,f1c198d735.jpg,0.863986752545671,0.3986601
B2A,f1d4e7cd69.jpg,0.5791322812608609,0.3734361
B2A,f1d7343af8.jpg,0.7821494124739973,0.4414364
B2A,f1dbada7a5.jpg,0.5921514750623476,0.3792327
B2A,f1fe522e6d.jpg,0.7923775758968152,0.34565204
B2A,f1ff4a822a.jpg,0.7738439372450566,0.28400117
B2A,f203101270.jpg,0.7887914117234923,0.4165539
B2A,f21ca704e5.jpg,0.7430381937443884,0.33548605
B2A,f21dd18a49.jpg,0.6862153437079838,0.4640713
B2A,f222ee8acc.jpg,0.8348740870513938,0.32218897
B2A,f22dac0d03.jpg,0.736153938206551,0.4224191
B2A,f230845d9a.jpg,0.8605522694485818,0.4291917
B2A,f23e5d0e29.jpg,0.8192546880510037,0.30739707
B2A,f247ca8a34.jpg,0.6365237202846309,0.56083816
B2A,f24a8f4c6c.jpg,0.735314216770183,0.3413499
B2A,f24acd17d0.jpg,0.8139678332143396,0.37414396
B2A,f25716f164.jpg,0.7132965985172282,0.39813232
B2A,f265b9c6d2.jpg,0.5749493900819853,0.7570387
B2A,f26d369fbd.jpg,0.8353300107304092,0.30795726
B2A,f270b20be4.jpg,0.7897034572227883,0.4829004
B2A,f27ac3fc28.jpg,0.6338138359693075,0.39641595
B2A,f27e7b74de.jpg,0.7274403118148409,0.36986068
B2A,f27f6894a1.jpg,0.7087732533772496,0.29016918
B2A,f28231f3f9.jpg,0.7823717692972069,0.43789917
B2A,f2876e0b28.jpg,0.8109528943788646,0.38913757
B2A,f298108b32.jpg,0.837718299981582,0.53643787
B2A,f2a3dc33fe.jpg,0.8593984733078677,0.39011893
B2A,f2b162e74b.jpg,0.8300002267630932,0.3595918
B2A,f2b7c12b9c.jpg,0.6942994042305836,0.47635576
B2A,f2d042180c.jpg,0.7234427113916092,0.40989468
B2A,f2d2d4efbc.jpg,0.6633026057333731,0.30826432
B2A,f2d986db88.jpg,0.7256918157355374,0.417512
B2A,f2f09c8f41.jpg,0.7261518657775096,0.3610314
B2A,f2f56add24.jpg,0.7729387231681566,0.27470848
B2A,f30e44407b.jpg,0.5848692102903231,0.4587589
B2A,f31217f986.jpg,0.7395990483872572,0.34537187
B2A,f3141801d8.jpg,0.7039762883276734,0.33606356
B2A,f3230db890.jpg,0.7836459514065688,0.34546077
B2A,f32a18c7c6.jpg,0.7546303742014091,0.3975553
B2A,f3356114c7.jpg,0.7871858058430917,0.2430835
B2A,f351ce3bc5.jpg,0.8014854353838451,0.3319946
B2A,f352a7a312.jpg,0.6845467371428126,0.3357029
B2A,f354013389.jpg,0.8415780127109178,0.40625176
B2A,f357fe1f0d.jpg,0.7351828136595346,0.49100298
B2A,f36fc36903.jpg,0.8034374561077042,0.39604202
B2A,f376a8789c.jpg,0.7534651957984028,0.3613212
B2A,f37a93cd01.jpg,0.7782560908009896,0.46299607
B2A,f384c39cd3.jpg,0.6993190613431217,0.38787785
B2A,f3b5806412.jpg,0.6989884486140586,0.3547892
B2A,f3bf66740a.jpg,0.7666062983970863,0.45098218
B2A,f3c61a9a05.jpg,0.6467755649681651,0.5145246
B2A,f3c8ec10ae.jpg,0.5563831788381277,0.4160987
B2A,f3d15e5226.jpg,0.7693105531875288,0.30265382
B2A,f3d86d0bdc.jpg,0.6949364626721408,0.43515164
B2A,f3e4ae010d.jpg,0.7172857830069236,0.37698683
B2A,f3e54bc081.jpg,0.8955371699389794,0.45187047
B2A,f3e9866cb8.jpg,0.8666918914543694,0.3338713
B2A,f3ec3e874d.jpg,0.7576472962353707,0.38858688
B2A,f3ecb32509.jpg,0.8781684171777904,0.29229137
B2A,f3ee6c1af3.jpg,0.8550432573130343,0.31603006
B2A,f3fa90a191.jpg,0.799309901418506,0.38584816
B2A,f405d9a44e.jpg,0.8186391051519945,0.3004776
B2A,f40af60ddc.jpg,0.7047498785467686,0.42601714
B2A,f40b429650.jpg,0.7122718215029286,0.35634425
B2A,f40b719930.jpg,0.7328618174660188,0.375849
B2A,f40d9b8368.jpg,0.607267915288575,0.34628004
B2A,f417a4cc39.jpg,0.7811183190036222,0.33090186
B2A,f41b5dec17.jpg,0.7580157962985402,0.37890726
B2A,f41d5c2163.jpg,0.6089759136253292,0.39452028
B2A,f4219a5e81.jpg,0.7461472508199789,0.5180596
B2A,f42f6f0197.jpg,0.8442235454785967,0.23475432
B2A,f43113c91b.jpg,0.7527103347194628,0.32510823
B2A,f43c6fb1de.jpg,0.8714402058671162,0.31425515
B2A,f44a3275c9.jpg,0.7149479538092584,0.37891042
B2A,f46478e139.jpg,0.5935053864545117,0.4445529
B2A,f46cfb67bd.jpg,0.8157235490572761,0.4851112
B2A,f482274abc.jpg,0.7872497284045067,0.4998739
B2A,f4831ea6fb.jpg,0.7566798149447255,0.36203164
B2A,f4919d3664.jpg,0.7315101339944111,0.41090906
B2A,f494688de8.jpg,0.7820188224392989,0.37176168
B2A,f49ca09b7a.jpg,0.711856028626812,0.4241659
B2A,f4a6936ec9.jpg,0.8131934966081219,0.34454694
B2A,f4a9c6100f.jpg,0.584856485997611,0.395776
B2A,f4c509ad69.jpg,0.7677622794847986,0.31511232
B2A,f4cdc8fdbc.jpg,0.7288079341260347,0.43483698
B2A,f4dd7ea66e.jpg,0.73632476236225,0.45096815
B2A,f4eb1866c7.jpg,0.5963991836028819,0.28623098
B2A,f4eb47f0dd.jpg,0.7294534044686134,0.43573228
B2A,f501fc4455.jpg,0.8780993883583136,0.36208826
B2A,f51503f974.jpg,0.7030329997872983,0.4846334
B2A,f51f06df8f.jpg,0.6338851932852926,0.39414915
B2A,f53328c040.jpg,0.6999202371718389,0.3288114
B2A,f54cf76011.jpg,0.7212017845589332,0.3045229
B2A,f54dd83443.jpg,0.7985443685344636,0.39120787
B2A,f54f45c2ea.jpg,0.7435342096073138,0.38502932
B2A,f55b066db1.jpg,0.60766425427032,0.33759198
B2A,f56ae75fdd.jpg,0.7422031987521015,0.36223212
B2A,f56b12cf0b.jpg,0.7249467069906079,0.43171284
B2A,f575a81ad6.jpg,0.7521764881072314,0.5084018
B2A,f58ec475cf.jpg,0.6876018812764565,0.5880798
B2A,f5b336d512.jpg,0.6637195514399247,0.3150483
B2A,f5b3c7c78c.jpg,0.8526985222857849,0.45764157
B2A,f5c1d6af2a.jpg,0.6365927618753389,0.3541948
B2A,f5c3514cca.jpg,0.7218259490231489,0.45282453
B2A,f5c7a8068c.jpg,0.7291641677973999,0.47618613
B2A,f5d163add7.jpg,0.7422323290933209,0.33784238
B2A,f5d1922ba9.jpg,0.8805635930715399,0.2661174
B2A,f5d652e997.jpg,0.6936841958026964,0.47843838
B2A,f5ddf6d767.jpg,0.8009453007187508,0.29255825
B2A,f5efcc2979.jpg,0.7632489095987091,0.37879908
B2A,f5f34241cc.jpg,0.7774312966812954,0.4690432
B2A,f5ffe2e92d.jpg,0.8624460396588063,0.3088424
B2A,f604e3e7e5.jpg,0.8956350884471108,0.32103494
B2A,f607a14dd9.jpg,0.6145629312611262,0.41669124
B2A,f6084689ed.jpg,0.7797074239880295,0.61624473
B2A,f60910ed40.jpg,0.6585055977194413,0.28770804
B2A,f60b4c4d98.jpg,0.7888682180022809,0.33675164
B2A,f60b67ae6e.jpg,0.7311940686904618,0.32046366
B2A,f62bb41c9c.jpg,0.6645299530909112,0.4353939
B2A,f633c4ebed.jpg,0.7244323803237016,0.29069155
B2A,f639ee968c.jpg,0.7926937674415646,0.3312581
B2A,f63a1042f4.jpg,0.737112691746932,0.44832882
B2A,f63a2b4fb9.jpg,0.7966453759829699,0.49385244
B2A,f64019e49d.jpg,0.8199933474026309,0.4324007
B2A,f647ce5fd1.jpg,0.7164986972218127,0.31018254
B2A,f651e57596.jpg,0.6507881047197935,0.48662078
B2A,f6574b10b7.jpg,0.7503745174745586,0.5756589
B2A,f6626c86e1.jpg,0.680438407536205,0.3587357
B2A,f6798eb074.jpg,0.7355118605218758,0.52615917
B2A,f67f1708b6.jpg,0.8194179171011368,0.31985798
B2A,f68dae168d.jpg,0.6697658556045143,0.55177015
B2A,f68dcc7a8a.jpg,0.5818560951237469,0.5323034
B2A,f68e29bd81.jpg,0.6359713987571861,0.41573137
B2A,f690980765.jpg,0.5270657535876211,0.5326413
B2A,f69731b55b.jpg,0.6765456234384312,0.37561727
B2A,f69ff9b62b.jpg,0.672423110983416,0.3304025
B2A,f6aa1d5154.jpg,0.83293587869799,0.36315513
B2A,f6ab953224.jpg,0.8104482959452471,0.28507036
B2A,f6b61559e0.jpg,0.8546966169964564,0.3200878
B2A,f6ca69a495.jpg,0.8168068831002553,0.349681
B2A,f6cb2948da.jpg,0.7371970393297796,0.4010558
B2A,f6d01357b6.jpg,0.8219634366257179,0.40296727
B2A,f6e17b1a2a.jpg,0.6900210891231384,0.3160131
B2A,f6e422b697.jpg,0.8270660122733305,0.3144583
B2A,f6e5895253.jpg,0.7510068504087868,0.32938105
B2A,f6e822d131.jpg,0.7168220340898892,0.4831126
B2A,f6e8f07d9d.jpg,0.7389422860970628,0.4680836
B2A,f6efddda9c.jpg,0.6808889942114476,0.42798966
B2A,f706c0860d.jpg,0.7953143893262759,0.4539526
B2A,f70871846a.jpg,0.7038348969191044,0.49695122
B2A,f71cc4d572.jpg,0.8289113804341941,0.4147185
B2A,f721bb7f6d.jpg,0.7716856900624913,0.3582289
B2A,f743f3bf62.jpg,0.7891004260640452,0.39084697
B2A,f74cdcd632.jpg,0.8405070553811439,0.3470695
B2A,f7531c3b99.jpg,0.8487355197548307,0.34383798
B2A,f75a997bb8.jpg,0.7643921211272962,0.3447413
B2A,f76e1ec9a3.jpg,0.6445861138408061,0.48677024
B2A,f771e1e1b0.jpg,0.6940965713040854,0.4517398
B2A,f77377bd03.jpg,0.8044120229951006,0.33503994
B2A,f77505c83f.jpg,0.6224882058444827,0.26566023
B2A,f77c59acb3.jpg,0.8452420030261714,0.44005138
B2A,f77e3cb703.jpg,0.664063909249198,0.5389835
B2A,f77f395731.jpg,0.5923392653048533,0.370449
B2A,f790a14012.jpg,0.8130090572112632,0.38704053
B2A,f79d9de05d.jpg,0.7965599800867362,0.33332932
B2A,f7a011547d.jpg,0.8442149600403315,0.2908237
B2A,f7a821c3c8.jpg,0.7598505480695473,0.3268724
B2A,f7ae6e1d31.jpg,0.7340912529937231,0.41888377
B2A,f7c4d8033d.jpg,0.6774960778581228,0.56090456
B2A,f7c78a4eef.jpg,0.7379153732991617,0.46236143
B2A,f7d0dba843.jpg,0.6811926745553151,0.42835724
B2A,f7d0f59566.jpg,0.681457116565455,0.385803
B2A,f7d17e77d6.jpg,0.6333391786361324,0.40214908
B2A,f7dbdb551f.jpg,0.7286907441173819,0.46889436
B2A,f7dc666b50.jpg,0.684685235521831,0.37000364
B2A,f7eb84fdb7.jpg,0.8035300871521963,0.29103288
B2A,f7ee2469f6.jpg,0.7990334702475385,0.35352167
B2A,f7f1d58022.jpg,0.6346165767740726,0.3716702
B2A,f807c72b5d.jpg,0.6526445168949346,0.36452183
B2A,f819274637.jpg,0.8064004651353127,0.39158982
B2A,f81b1cc834.jpg,0.8170473396757623,0.362379
B2A,f82e8c30ac.jpg,0.7604091628138586,0.44574752
B2A,f82fc48ba4.jpg,0.8128152728556803,0.61785436
B2A,f8350e28db.jpg,0.777860446935903,0.31294754
B2A,f8363ba521.jpg,0.7071036137192304,0.36533874
B2A,f83b161ca3.jpg,0.8032612864785718,0.44234127
B2A,f83e5b4295.jpg,0.6736015214369657,0.4779232
B2A,f843be17f5.jpg,0.6172875356961117,0.42379707
B2A,f84566ed02.jpg,0.6662079052843003,0.53340095
B2A,f84d77a2a6.jpg,0.8454795638579581,0.4740836
B2A,f85694dfe6.jpg,0.8406224936027354,0.3051262
B2A,f86b847b43.jpg,0.8450666989951605,0.42118508
B2A,f876ba92ea.jpg,0.7929982663809358,0.34900656
B2A,f87a1ab16d.jpg,0.8386551996736353,0.4610134
B2A,f87deecaa2.jpg,0.7328838893079672,0.40948215
B2A,f888dde817.jpg,0.6511448044219086,0.34528905
B2A,f8905451b4.jpg,0.7259367295964546,0.47820508
B2A,f895871068.jpg,0.5620598671461546,0.30238444
B2A,f89bc86075.jpg,0.7191121087804395,0.42911464
B2A,f8b6a915a9.jpg,0.8744131146546898,0.3540479
B2A,f8b73f1a33.jpg,0.5394322498978947,0.44734424
B2A,f8c19eaee6.jpg,0.7176543951299499,0.45965883
B2A,f8c63eea5a.jpg,0.7715792716336473,0.35428542
B2A,f8c8e456d7.jpg,0.8018763272183372,0.34263155
B2A,f8ca80aebb.jpg,0.7848763430792018,0.3591921
B2A,f8e10ef432.jpg,0.8224793991039755,0.33715165
B2A,f8e488ce75.jpg,0.7846371169160435,0.45184126
B2A,f8e6d9f481.jpg,0.7816670029609483,0.5483325
B2A,f8f04744fd.jpg,0.6782292610975615,0.46200693
B2A,f8f98ae176.jpg,0.75346283970021,0.30625606
B2A,f8fac4e7ff.jpg,0.7461716715171528,0.42849952
B2A,f8ffd3ed06.jpg,0.7378593064675375,0.33252716
B2A,f901dfad23.jpg,0.7039557964580385,0.44873255
B2A,f904d3484c.jpg,0.775184294221703,0.35841122
B2A,f9080ec43b.jpg,0.6141634848535402,0.37021992
B2A,f90edb8380.jpg,0.826879613116691,0.36922568
B2A,f90ee2b0db.jpg,0.8379857170229148,0.27218553
B2A,f9151bda3c.jpg,0.6938008303610202,0.5355379
B2A,f917b1c32a.jpg,0.581988157941183,0.49298805
B2A,f91c3d1f53.jpg,0.6018922476526253,0.34920487
B2A,f91eb42b36.jpg,0.8324397354863576,0.36319926
B2A,f930392388.jpg,0.7243824133042038,0.39251268
B2A,f942443b5d.jpg,0.7560479496210002,0.40001178
B2A,f954a8be77.jpg,0.8661239985362867,0.52708113
B2A,f969505f84.jpg,0.6502742009898028,0.38534853
B2A,f96a50841d.jpg,0.6954411469739687,0.49948165
B2A,f97072faf8.jpg,0.8432248737387635,0.3981328
B2A,f975a1e01e.jpg,0.6074465496737819,0.45083815
B2A,f982a98853.jpg,0.8144714951449494,0.24391854
B2A,f9843ad01b.jpg,0.5458596855858058,0.28396958
B2A,f98627c542.jpg,0.7994247662990898,0.37480178
B2A,f9867ce748.jpg,0.7631308634599012,0.60089886
B2A,f9989c2bd5.jpg,0.840521977191544,0.3752219
B2A,f99a7a3267.jpg,0.7361509236065326,0.5279421
B2A,f99f52c7f5.jpg,0.7561656916124804,0.4383375
B2A,f99fe506ed.jpg,0.8302201002654995,0.34763366
B2A,f9a20c7988.jpg,0.6752573943888927,0.51003057
B2A,f9b4495f70.jpg,0.8258383968107637,0.28926843
B2A,f9b4d017a3.jpg,0.7627835642562313,0.46723837
B2A,f9ba7b025e.jpg,0.8028554033957817,0.46529287
B2A,f9c9afcd78.jpg,0.657261972043204,0.32868373
B2A,f9cd461b5e.jpg,0.7671560077268887,0.30875337
B2A,f9cf6e7e27.jpg,0.7958706644619371,0.341277
B2A,f9e8571801.jpg,0.6713244164029903,0.5107923
B2A,f9f59d905c.jpg,0.6567831596186915,0.23366652
B2A,f9f6bc6871.jpg,0.8421719816609101,0.31564462
B2A,fa0fde7844.jpg,0.7635003468704425,0.43605852
B2A,fa24240abc.jpg,0.8310025221094498,0.3188822
B2A,fa307775e7.jpg,0.6900372688839952,0.46569476
B2A,fa3aba5483.jpg,0.866744289462814,0.3967036
B2A,fa423fe5a3.jpg,0.8157389000327675,0.41616315
B2A,fa428459e2.jpg,0.7041336291110343,0.39124596
B2A,fa4326ff01.jpg,0.6349095202529164,0.558376
B2A,fa47656f02.jpg,0.8611243368046395,0.33560753
B2A,fa48b1ceb5.jpg,0.678399389009855,0.3198434
B2A,fa60f9a0c9.jpg,0.7554995679181838,0.28397655
B2A,fa63566e6e.jpg,0.514630004877064,0.4584159
B2A,fa728d214f.jpg,0.750111390135722,0.39626834
B2A,fa751def39.jpg,0.7954803283748338,0.6125581
B2A,fa9a74e9a4.jpg,0.6187697508565977,0.5302862
B2A,fa9a768c9b.jpg,0.6676444873141959,0.3878097
B2A,faa4f82b52.jpg,0.861175007203795,0.27559412
B2A,faaab4fb19.jpg,0.8420470183372515,0.3802961
B2A,fac89a2440.jpg,0.8343099186372717,0.43937236
B2A,facc9d2df2.jpg,0.7174053016028784,0.38457456
B2A,fad67f0f19.jpg,0.7700227784822,0.34085578
B2A,fb1779d922.jpg,0.7345649326848357,0.29678163
B2A,fb24316c57.jpg,0.7476145486989689,0.33810326
B2A,fb2a6a49d7.jpg,0.706587150622988,0.47924393
B2A,fb362a6660.jpg,0.80969534133647,0.32551062
B2A,fb3676a875.jpg,0.7627441942248647,0.40840366
B2A,fb546829cb.jpg,0.6863789695401008,0.44138992
B2A,fb562cd56b.jpg,0.7453367924005337,0.4315585
B2A,fb73e20575.jpg,0.8126220220174856,0.41262367
B2A,fb755692ce.jpg,0.7515670423025823,0.4395028
B2A,fb85264917.jpg,0.854245042358622,0.28762087
B2A,fb8fb9b7c8.jpg,0.777460395784495,0.32663774
B2A,fb97febc5f.jpg,0.8950245612306368,0.33357778
B2A,fb9c5403b8.jpg,0.8779450224965966,0.3430837
B2A,fbaa1647e7.jpg,0.8127375491589178,0.37188804
B2A,fbb5f72776.jpg,0.7989955710714503,0.34409755
B2A,fbb8e36b1c.jpg,0.8295142418718512,0.34292495
B2A,fbb8e5f081.jpg,0.8426092864765945,0.35828888
B2A,fbc1c4e45b.jpg,0.6841079984235534,0.44281957
B2A,fbc34e93dc.jpg,0.6372306628085636,0.35271192
B2A,fbc3754be3.jpg,0.7687861727430181,0.3367549
B2A,fbc70f973a.jpg,0.7736983621173307,0.3874474
B2A,fbdaf94ace.jpg,0.6145422142822601,0.4950298
B2A,fbf3ab42e9.jpg,0.7564730647927592,0.3453017
B2A,fc02616c06.jpg,0.7866549923353373,0.3576767
B2A,fc043d38eb.jpg,0.7420188220706161,0.36602062
B2A,fc04ed2d42.jpg,0.8155940275178462,0.2434088
B2A,fc075619e7.jpg,0.7408793187600401,0.3766314
B2A,fc16c59788.jpg,0.8147811016969355,0.37745744
B2A,fc30e458d6.jpg,0.8334126441462969,0.32352793
B2A,fc458d4ee1.jpg,0.7586312585888456,0.30087462
B2A,fc49fb17f3.jpg,0.8384427752617107,0.26980755
B2A,fc51c26e2d.jpg,0.7917318901610393,0.35159138
B2A,fc59b308a8.jpg,0.7879893652613402,0.33299008
B2A,fc5feebdc8.jpg,0.7067259547013225,0.38626635
B2A,fc622b5577.jpg,0.8944382573475267,0.3099207
B2A,fc64e9fe13.jpg,0.6817783322374045,0.34065503
B2A,fc6d47c7b0.jpg,0.6982053090540887,0.66993797
B2A,fc9d809645.jpg,0.7408303370825229,0.41162947
B2A,fcaeb2fb17.jpg,0.7966824319556227,0.31496397
B2A,fcc0dc41b3.jpg,0.7824068879876466,0.52548873
B2A,fcc59cb31d.jpg,0.8371187945277316,0.49542454
B2A,fcd35ead6e.jpg,0.7585409347487,0.3535
B2A,fcd5eaceb7.jpg,0.8345892219024263,0.40542918
B2A,fcdd5b1e31.jpg,0.7235645269926457,0.44740462
B2A,fce074b92c.jpg,0.659407154757054,0.31966373
B2A,fd0071794a.jpg,0.7784861585582379,0.38802046
B2A,fd06d4e7e3.jpg,0.823910241599693,0.3849292
B2A,fd0a02921a.jpg,0.6662266344382719,0.4852804
B2A,fd15f29d57.jpg,0.7712525456027548,0.2841663
B2A,fd1f9293ca.jpg,0.8592189013571953,0.3373515
B2A,fd20b4c41a.jpg,0.7787871305112376,0.40179002
B2A,fd457c68d9.jpg,0.5955694588929192,0.54056484
B2A,fd48eb1f90.jpg,0.8676873667341561,0.41486055
B2A,fd49936788.jpg,0.7584155492367748,0.3582089
B2A,fd4debe229.jpg,0.7845309871410253,0.24993797
B2A,fd541f5f93.jpg,0.6848584513480586,0.44774112
B2A,fd5ce86649.jpg,0.7736896226348646,0.3207287
B2A,fd619e77af.jpg,0.6939964491063229,0.28193083
B2A,fd6b68436e.jpg,0.7974248414409889,0.39199635
B2A,fd6c9bcbfa.jpg,0.6874131795536838,0.34451956
B2A,fd7d170a69.jpg,0.8153837493137401,0.5651481
B2A,fd85d15361.jpg,0.7226909412804574,0.43155265
B2A,fd8c99d93b.jpg,0.8066041352729723,0.37564367
B2A,fd9767f897.jpg,0.8102817813576332,0.31257814
B2A,fda550148e.jpg,0.7209260421094047,0.49458706
B2A,fdad36c1e0.jpg,0.7765725583981353,0.34650978
B2A,fdb01f9aba.jpg,0.6947737676038818,0.29760775
B2A,fdb031e406.jpg,0.5826702590964233,0.33135852
B2A,fdc2b3b936.jpg,0.8260938775939685,0.3820381
B2A,fdc6c88003.jpg,0.7865271679752672,0.33372906
B2A,fdce0c0d6d.jpg,0.6878723441566131,0.42902723
B2A,fdd33c1145.jpg,0.8266701072803363,0.24862674
B2A,fddc60bb99.jpg,0.7549878499059863,0.33776554
B2A,fddcadfd3a.jpg,0.7728743478436432,0.43311027
B2A,fde289be21.jpg,0.7340241519736714,0.42259154
B2A,fde28fae2a.jpg,0.6744774042571288,0.40559322
B2A,fde46f2be4.jpg,0.7048340661234447,0.41591287
B2A,fdf013342c.jpg,0.8286350899562501,0.5087496
B2A,fdf57fbe60.jpg,0.7625097838059067,0.2926642
B2A,fdf84c4887.jpg,0.8135103690794283,0.26208103
B2A,fdfc86a000.jpg,0.7697965778085339,0.29818812
B2A,fe00c3d087.jpg,0.7844730077145803,0.27511862
B2A,fe0a4f0e5a.jpg,0.7055858541930659,0.37571824
B2A,fe1561993e.jpg,0.86242045965251,0.2808147
B2A,fe1c9d9e5a.jpg,0.8535496093123371,0.38265312
B2A,fe283d4ae3.jpg,0.748987759094775,0.49641925
B2A,fe381a7c17.jpg,0.8262411467407791,0.48193952
B2A,fe3c9d0016.jpg,0.8299509860770266,0.31515682
B2A,fe3de96780.jpg,0.7255700995797433,0.5231656
B2A,fe3feb7d1b.jpg,0.7161960720945428,0.42585215
B2A,fe40ac1d8b.jpg,0.7020195040957167,0.25333327
B2A,fe4c4e4b6b.jpg,0.7633413480319864,0.36311132
B2A,fe5dc7ef05.jpg,0.665909498482125,0.41196096
B2A,fe6152a619.jpg,0.7150690728633217,0.5253732
B2A,fe65abaafd.jpg,0.776143503623709,0.33304134
B2A,fe702a794e.jpg,0.4787582025334629,0.6545421
B2A,fe714c846e.jpg,0.6904575395262228,0.36345518
B2A,fe7af9c427.jpg,0.7733887779414869,0.42467386
B2A,fe9cc12ae1.jpg,0.6404192980840948,0.28997266
B2A,fea227771f.jpg,0.6797281954992116,0.45239425
B2A,fea42e4505.jpg,0.7055616465681767,0.4483978
B2A,fea4d4f76c.jpg,0.7484572484672001,0.37378797
B2A,fea5afe679.jpg,0.7602413612778052,0.36359906
B2A,feb132e4c1.jpg,0.5763397326219223,0.33472884
B2A,fee0c39907.jpg,0.7660112048431024,0.32064804
B2A,fefb86c469.jpg,0.6228817037044458,0.3797822
B2A,fefcd07a5e.jpg,0.8386369206635365,0.29631212
B2A,ff03c98f0e.jpg,0.7794470339091855,0.3555204
B2A,ff2152ac2a.jpg,0.566357785873602,0.6126874
B2A,ff258e79ce.jpg,0.5488601845633391,0.4383739
B2A,ff2cb6658c.jpg,0.873353697863293,0.3006932
B2A,ff2f57429f.jpg,0.6224855556944221,0.3569422
B2A,ff3867d938.jpg,0.7675564808645347,0.29793787
B2A,ff46474c6d.jpg,0.788824570140131,0.27871296
B2A,ff48e8580b.jpg,0.7664857445913467,0.32305968
B2A,ff58af0f3b.jpg,0.6989573348616017,0.38102195
B2A,ff5c15ab50.jpg,0.6220007295889385,0.36979008
B2A,ff6ed45562.jpg,0.7411885694534746,0.4859267
B2A,ff757d7db3.jpg,0.8712379836412131,0.30125278
B2A,ff769c35c9.jpg,0.849243554907315,0.31863996
B2A,ff7d83bc1d.jpg,0.8779941643407931,0.3442462
B2A,ff853f993b.jpg,0.8739611871476348,0.34259036
B2A,ff9ca0e1bb.jpg,0.8549693173099947,0.27985486
B2A,ff9e94857b.jpg,0.7598715606426275,0.31214598
B2A,ffa1ee4875.jpg,0.5522036587962836,0.54102653
B2A,ffa5d376be.jpg,0.8357486616954329,0.35771233
B2A,ffbbb24b43.jpg,0.6711390164535889,0.4219687
B2A,ffbdd43bfb.jpg,0.8392772186514518,0.42566782
B2A,ffc5b52a77.jpg,0.7123320857950477,0.45034534
B2A,ffcc20463a.jpg,0.8259042527742717,0.40283382
B2A,ffcdd249dd.jpg,0.8989364967465457,0.5590053
B2A,ffcf64f150.jpg,0.586469123457489,0.44866836
B2A,ffd71fce61.jpg,0.7289215602525709,0.36587402
B2A,ffe1af8ca0.jpg,0.6756482758177214,0.4278892
B2A,fff5c33050.jpg,0.8144429295787108,0.30886135
B2A,fffaaaae65.jpg,0.800754141726486,0.24956186
B2A,fffc0836d7.jpg,0.7574162435845954,0.31917733
